data_id,price,brand,category,product_name,units,quantity,unit_type,store_name,image_url,start_date,end_date,public_urls
11216216,12.00,,Grønt,Blomkål,1,1,stk.,Netto,https://static.tilbudsugen.dk/1st-retail/2026/30/65864/Netto302026-1_4_45x3837_2360x5937_zoom.jpg,2026-07-18,2026-07-24,https://res.cloudinary.com/dfqzmnlga/image/upload/v1784348049/2026-07-18/11216216.jpg
11216191,20.00,,Grønt,Bagekartofler,1,1,ps.,Netto,https://static.tilbudsugen.dk/1st-retail/2026/30/65864/Netto302026-1_3_1252x5403_2475x6847_zoom.jpg,2026-07-18,2026-07-24,https://res.cloudinary.com/dfqzmnlga/image/upload/v1784348050/2026-07-18/11216191.jpg
11216204,20.00,Salling Princip,Frugt,Ananas,1,1,stk.,Netto,https://static.tilbudsugen.dk/1st-retail/2026/30/65864/Netto302026-1_4_0x989_2445x3820_zoom.jpg,2026-07-18,2026-07-24,https://res.cloudinary.com/dfqzmnlga/image/upload/v1784348051/2026-07-18/11216204.jpg
11216211,18.00,,Grønt,Cocktailtomater,1,0,bk.,Netto,https://static.tilbudsugen.dk/1st-retail/2026/30/65864/Netto302026-1_4_2287x4494_4998x6028_zoom.jpg,2026-07-18,2026-07-24,https://res.cloudinary.com/dfqzmnlga/image/upload/v1784348051/2026-07-18/11216211.jpg
11216209,20.00,,Frugt,Vindruer,1,0,bk.,Netto,https://static.tilbudsugen.dk/1st-retail/2026/30/65864/Netto302026-1_4_2462x774_4840x2739_zoom.jpg,2026-07-18,2026-07-24,https://res.cloudinary.com/dfqzmnlga/image/upload/v1784348052/2026-07-18/11216209.jpg
11216210,25.00,,Frugt,Jordbær,1,0,bk.,Netto,https://static.tilbudsugen.dk/1st-retail/2026/30/65864/Netto302026-1_4_2366x2654_4998x4443_zoom.jpg,2026-07-18,2026-07-24,https://res.cloudinary.com/dfqzmnlga/image/upload/v1784348052/2026-07-18/11216210.jpg
11216269,20.00,ØGO,Frugt,Blåbær,1,0,bk.,Netto,https://static.tilbudsugen.dk/1st-retail/2026/30/65864/Netto302026-1_9_2825x5139_4851x6271_zoom.jpg,2026-07-18,2026-07-24,https://res.cloudinary.com/dfqzmnlga/image/upload/v1784348053/2026-07-18/11216269.jpg
11216368,19.95,Egelykke,Bacon,Baconskiver,1,0,pk.,Netto,https://static.tilbudsugen.dk/1st-retail/2026/30/65864/Netto302026-1_13_1676x2898_3256x4854_zoom.jpg,2026-07-18,2026-07-24,https://res.cloudinary.com/dfqzmnlga/image/upload/v1784348054/2026-07-18/11216368.jpg
11216218,49.00,Velsmag,Kylling,Kylling,1,1,pk.,Netto,https://static.tilbudsugen.dk/1st-retail/2026/30/65864/Netto302026-1_5_2830x4805_4998x6832_zoom.jpg,2026-07-18,2026-07-24,https://res.cloudinary.com/dfqzmnlga/image/upload/v1784348054/2026-07-18/11216218.jpg
11216250,29.95,Velsmag,Kylling,Kyllingeoverlår,1,0,pk.,Netto,https://static.tilbudsugen.dk/1st-retail/2026/30/65864/Netto302026-1_8_42x3763_3000x5242_zoom.jpg,2026-07-18,2026-07-24,https://res.cloudinary.com/dfqzmnlga/image/upload/v1784348055/2026-07-18/11216250.jpg
11216231,25.00,Rose,Kylling,Hakket kylling 7-10%,1,0,bk.,Netto,https://static.tilbudsugen.dk/1st-retail/2026/30/65864/Netto302026-1_6_2479x3078_4732x4833_zoom.jpg,2026-07-18,2026-07-24,https://res.cloudinary.com/dfqzmnlga/image/upload/v1784348056/2026-07-18/11216231.jpg
11216233,59.00,Danpo,Kylling,Kyllingebrystfilet,1,0,bk.,Netto,https://static.tilbudsugen.dk/1st-retail/2026/30/65864/Netto302026-1_6_2428x5003_4902x6883_zoom.jpg,2026-07-18,2026-07-24,https://res.cloudinary.com/dfqzmnlga/image/upload/v1784348056/2026-07-18/11216233.jpg
11216245,35.00,Løgismose,Kylling,Kyllingebryst,1,0,pk.,Netto,https://static.tilbudsugen.dk/1st-retail/2026/30/65864/Netto302026-1_7_130x3973_2106x6718_zoom.jpg,2026-07-18,2026-07-24,https://res.cloudinary.com/dfqzmnlga/image/upload/v1784348056/2026-07-18/11216245.jpg
11216234,19.95,Velsmag,Grisekød,Flæskesteg,1,0,stk.,Netto,https://static.tilbudsugen.dk/1st-retail/2026/30/65864/Netto302026-1_6_17x3016_2508x4765_zoom.jpg,2026-07-18,2026-07-24,https://res.cloudinary.com/dfqzmnlga/image/upload/v1784348057/2026-07-18/11216234.jpg
11216222,29.95,Velsmag,Kalve- og grisekød,Hakket kalv og grisekød 8-12%,1,0,bk.,Netto,https://static.tilbudsugen.dk/1st-retail/2026/30/65864/Netto302026-1_5_2570x44_4987x3033_zoom.jpg,2026-07-18,2026-07-24,https://res.cloudinary.com/dfqzmnlga/image/upload/v1784348058/2026-07-18/11216222.jpg
11198383,109.00,Velsmag,Grisekød,Grisemørbrad,1,1,bk.,Netto,https://static.tilbudsugen.dk/1st-retail/2026/28/65760/Netto272026-1_5_2957x4877_4940x6821_zoom.jpg,2026-07-01,2026-07-31,https://res.cloudinary.com/dfqzmnlga/image/upload/v1784348058/2026-07-18/11198383.jpg
11216223,29.95,Velsmag,Grisekød,Flæsk i skiver,1,0,bk.,Netto,https://static.tilbudsugen.dk/1st-retail/2026/30/65864/Netto302026-1_5_2570x44_4987x3033_zoom.jpg,2026-07-18,2026-07-24,https://res.cloudinary.com/dfqzmnlga/image/upload/v1784348059/2026-07-18/11216223.jpg
11216224,29.95,Velsmag,Grisekød,Nakkekoteletter,1,0,bk.,Netto,https://static.tilbudsugen.dk/1st-retail/2026/30/65864/Netto302026-1_5_2570x44_4987x3033_zoom.jpg,2026-07-18,2026-07-24,https://res.cloudinary.com/dfqzmnlga/image/upload/v1784348059/2026-07-18/11216224.jpg
11216249,29.95,Velsmag,Grisekød,Grisekoteletter,1,0,bk.,Netto,https://static.tilbudsugen.dk/1st-retail/2026/30/65864/Netto302026-1_8_18x5248_2916x6990_zoom.jpg,2026-07-18,2026-07-24,https://res.cloudinary.com/dfqzmnlga/image/upload/v1784348060/2026-07-18/11216249.jpg
11216229,10.00,Velsmag,Grisekød,Grisekoteletter,1,0,bk.,Netto,https://static.tilbudsugen.dk/1st-retail/2026/30/65864/Netto302026-1_6_0x248_2349x2348_zoom.jpg,2026-07-18,2026-07-24,https://res.cloudinary.com/dfqzmnlga/image/upload/v1784348061/2026-07-18/11216229.jpg
11216238,37.95,Velsmag,Oksekød,Hakket oksekød 14-18%,1,0,ps.,Netto,https://static.tilbudsugen.dk/1st-retail/2026/30/65864/Netto302026-1_6_45x4788_2491x6877_zoom.jpg,2026-07-18,2026-07-24,https://res.cloudinary.com/dfqzmnlga/image/upload/v1784348061/2026-07-18/11216238.jpg
11216244,37.95,Velsmag,Oksekød,Hakket Okse & Grisekød 8-12%,1,0,ps.,Netto,https://static.tilbudsugen.dk/1st-retail/2026/30/65864/Netto302026-1_6_45x4788_2491x6877_zoom.jpg,2026-07-18,2026-07-24,https://res.cloudinary.com/dfqzmnlga/image/upload/v1784348062/2026-07-18/11216244.jpg
11216266,39.95,Velsmag,Oksekød,Hakket oksekød 8-12%,1,0,ps.,Netto,https://static.tilbudsugen.dk/1st-retail/2026/30/65864/Netto302026-1_8_30x1711_1718x3721_zoom.jpg,2026-07-18,2026-07-24,https://res.cloudinary.com/dfqzmnlga/image/upload/v1784348062/2026-07-18/11216266.jpg
11216220,55.00,ØGO,Oksekød,Hakket oksekød 8-12%,1,0,ps.,Netto,https://static.tilbudsugen.dk/1st-retail/2026/30/65864/Netto302026-1_5_1557x3073_3034x4828_zoom.jpg,2026-07-18,2026-07-24,https://res.cloudinary.com/dfqzmnlga/image/upload/v1784348063/2026-07-18/11216220.jpg
11216217,79.95,Velsmag,Oksekød,Ribeye,1,0,bk.,Netto,https://static.tilbudsugen.dk/1st-retail/2026/30/65864/Netto302026-1_5_3085x3033_4992x4799_zoom.jpg,2026-07-18,2026-07-24,https://res.cloudinary.com/dfqzmnlga/image/upload/v1784348063/2026-07-18/11216217.jpg
11216221,49.00,,Røget og gravad,Laks,1,0,bk.,Netto,https://static.tilbudsugen.dk/1st-retail/2026/30/65864/Netto302026-1_5_28x3016_1568x4816_zoom.jpg,2026-07-18,2026-07-24,https://res.cloudinary.com/dfqzmnlga/image/upload/v1784348064/2026-07-18/11216221.jpg
11216351,22.00,Bådsmand,Røget og gravad,Laks,1,0,bk.,Netto,https://static.tilbudsugen.dk/1st-retail/2026/30/65864/Netto302026-1_12_1664x2784_3268x4771_zoom.jpg,2026-07-18,2026-07-24,https://res.cloudinary.com/dfqzmnlga/image/upload/v1784348066/2026-07-18/11216351.jpg
11216347,55.00,Premieur,Røget og gravad,Laks,1,0,pk.,Netto,https://static.tilbudsugen.dk/1st-retail/2026/30/65864/Netto302026-1_12_71x1156_2666x2820_zoom.jpg,2026-07-18,2026-07-24,https://res.cloudinary.com/dfqzmnlga/image/upload/v1784348066/2026-07-18/11216347.jpg
11216350,35.00,Bådsmand,Røget og gravad,Laks i skiver,1,0,pk.,Netto,https://static.tilbudsugen.dk/1st-retail/2026/30/65864/Netto302026-1_12_3251x2808_4998x4830_zoom.jpg,2026-07-18,2026-07-24,https://res.cloudinary.com/dfqzmnlga/image/upload/v1784348067/2026-07-18/11216350.jpg
11216356,22.00,Grovhakket,Postej og Paté,Leverpostej,1,0,pk.,Netto,https://static.tilbudsugen.dk/1st-retail/2026/30/65864/Netto302026-1_12_60x4795_1652x6823_zoom.jpg,2026-07-18,2026-07-24,https://res.cloudinary.com/dfqzmnlga/image/upload/v1784348067/2026-07-18/11216356.jpg
11216355,22.00,Fransk Postej,Postej og Paté,Leverpostej,1,0,pk.,Netto,https://static.tilbudsugen.dk/1st-retail/2026/30/65864/Netto302026-1_12_60x4795_1652x6823_zoom.jpg,2026-07-18,2026-07-24,https://res.cloudinary.com/dfqzmnlga/image/upload/v1784348068/2026-07-18/11216355.jpg
11216190,10.00,La Campagna,Pålægssalat,Hummus Spicy Topping,1,0,bg.,Netto,https://static.tilbudsugen.dk/1st-retail/2026/30/65864/Netto302026-1_3_3638x3339_4861x5099_zoom.jpg,2026-07-18,2026-07-24,https://res.cloudinary.com/dfqzmnlga/image/upload/v1784348069/2026-07-18/11216190.jpg
11216353,12.00,Tjia,Pålægssalat,Hytteostsalat Laks,1,0,bg.,Netto,https://static.tilbudsugen.dk/1st-retail/2026/30/65864/Netto302026-1_12_18x2844_1694x4801_zoom.jpg,2026-07-18,2026-07-24,https://res.cloudinary.com/dfqzmnlga/image/upload/v1784348069/2026-07-18/11216353.jpg
11216354,12.00,Tjia,Pålægssalat,Hytteostsalat Kylling og Karry,1,0,bg.,Netto,https://static.tilbudsugen.dk/1st-retail/2026/30/65864/Netto302026-1_12_18x2844_1694x4801_zoom.jpg,2026-07-18,2026-07-24,https://res.cloudinary.com/dfqzmnlga/image/upload/v1784348070/2026-07-18/11216354.jpg
11216357,22.00,Bacon Peber,Postej og Paté,Leverpostej,1,0,pk.,Netto,https://static.tilbudsugen.dk/1st-retail/2026/30/65864/Netto302026-1_12_60x4795_1652x6823_zoom.jpg,2026-07-18,2026-07-24,https://res.cloudinary.com/dfqzmnlga/image/upload/v1784348070/2026-07-18/11216357.jpg
11216372,20.00,Løgismose,Pålægssalat,Hummus citron spidskommen,1,0,bg.,Netto,https://static.tilbudsugen.dk/1st-retail/2026/30/65864/Netto302026-1_13_3298x2808_4915x4854_zoom.jpg,2026-07-18,2026-07-24,https://res.cloudinary.com/dfqzmnlga/image/upload/v1784348071/2026-07-18/11216372.jpg
11216124,12.00,Den Grønne Slagter,"Pålæg, skiveskåret",Kyllingebryst Chili,1,0,pk.,Netto,https://static.tilbudsugen.dk/1st-retail/2026/30/65864/Netto302026-1_1_2474x1459_4857x3724_zoom.jpg,2026-07-18,2026-07-24,https://res.cloudinary.com/dfqzmnlga/image/upload/v1784348071/2026-07-18/11216124.jpg
11216371,20.00,Løgismose,Pålægssalat,Haydari,1,0,stk.,Netto,https://static.tilbudsugen.dk/1st-retail/2026/30/65864/Netto302026-1_13_3298x2808_4915x4854_zoom.jpg,2026-07-18,2026-07-24,https://res.cloudinary.com/dfqzmnlga/image/upload/v1784348072/2026-07-18/11216371.jpg
11216122,12.00,Den Grønne Slagter,"Pålæg, skiveskåret",Kyllingebryst Grillet,1,0,pk.,Netto,https://static.tilbudsugen.dk/1st-retail/2026/30/65864/Netto302026-1_1_2474x1459_4857x3724_zoom.jpg,2026-07-18,2026-07-24,https://res.cloudinary.com/dfqzmnlga/image/upload/v1784348072/2026-07-18/11216122.jpg
11216119,12.00,Den Grønne Slagter,"Pålæg, skiveskåret",Hamburgerryg,1,0,pk.,Netto,https://static.tilbudsugen.dk/1st-retail/2026/30/65864/Netto302026-1_1_2474x1459_4857x3724_zoom.jpg,2026-07-18,2026-07-24,https://res.cloudinary.com/dfqzmnlga/image/upload/v1784348073/2026-07-18/11216119.jpg
11216121,12.00,Den Grønne Slagter,"Pålæg, skiveskåret",Rullepølse med Løg & Krydderier,1,0,pk.,Netto,https://static.tilbudsugen.dk/1st-retail/2026/30/65864/Netto302026-1_1_2474x1459_4857x3724_zoom.jpg,2026-07-18,2026-07-24,https://res.cloudinary.com/dfqzmnlga/image/upload/v1784348074/2026-07-18/11216121.jpg
11216260,27.95,Pølsemesteren,300 g - 599 g Normalpakke Pølser,Hotdogpølser,1,0,pk.,Netto,https://static.tilbudsugen.dk/1st-retail/2026/30/65864/Netto302026-1_8_2839x5141_4932x6924_zoom.jpg,2026-07-18,2026-07-24,https://res.cloudinary.com/dfqzmnlga/image/upload/v1784348075/2026-07-18/11216260.jpg
11216261,27.95,Pølsemesteren,300 g - 599 g Normalpakke Pølser,Grillpølser,1,0,pk.,Netto,https://static.tilbudsugen.dk/1st-retail/2026/30/65864/Netto302026-1_8_2839x5141_4932x6924_zoom.jpg,2026-07-18,2026-07-24,https://res.cloudinary.com/dfqzmnlga/image/upload/v1784348075/2026-07-18/11216261.jpg
11216177,25.00,Steff Houlberg,300 g - 599 g Normalpakke Pølser,Grillpølser,1,0,pk.,Netto,https://static.tilbudsugen.dk/1st-retail/2026/30/65864/Netto302026-1_3_1062x1060_2487x3059_zoom.jpg,2026-07-18,2026-07-24,https://res.cloudinary.com/dfqzmnlga/image/upload/v1784348076/2026-07-18/11216177.jpg
11216344,25.00,Steff Houlberg,300 g - 599 g Normalpakke Pølser,Grillpølser,1,0,pk.,Netto,https://static.tilbudsugen.dk/1st-retail/2026/30/65864/Netto302026-1_12_1630x4811_3362x6843_zoom.jpg,2026-07-18,2026-07-24,https://res.cloudinary.com/dfqzmnlga/image/upload/v1784348077/2026-07-18/11216344.jpg
11216179,25.00,Steff Houlberg,300 g - 599 g Normalpakke Pølser,Hotdogpølser,1,0,pk.,Netto,https://static.tilbudsugen.dk/1st-retail/2026/30/65864/Netto302026-1_3_1062x1060_2487x3059_zoom.jpg,2026-07-18,2026-07-24,https://res.cloudinary.com/dfqzmnlga/image/upload/v1784348077/2026-07-18/11216179.jpg
11216346,25.00,Steff Houlberg,300 g - 599 g Normalpakke Pølser,Hotdogpølser,1,0,pk.,Netto,https://static.tilbudsugen.dk/1st-retail/2026/30/65864/Netto302026-1_12_1630x4811_3362x6843_zoom.jpg,2026-07-18,2026-07-24,https://res.cloudinary.com/dfqzmnlga/image/upload/v1784348078/2026-07-18/11216346.jpg
11216345,25.00,Steff Houlberg,300 g - 599 g Normalpakke Pølser,Ostegrillpølser,1,0,pk.,Netto,https://static.tilbudsugen.dk/1st-retail/2026/30/65864/Netto302026-1_12_1630x4811_3362x6843_zoom.jpg,2026-07-18,2026-07-24,https://res.cloudinary.com/dfqzmnlga/image/upload/v1784348078/2026-07-18/11216345.jpg
11216178,25.00,Steff Houlberg,300 g - 599 g Normalpakke Pølser,Ostegrillpølser,1,0,pk.,Netto,https://static.tilbudsugen.dk/1st-retail/2026/30/65864/Netto302026-1_3_1062x1060_2487x3059_zoom.jpg,2026-07-18,2026-07-24,https://res.cloudinary.com/dfqzmnlga/image/upload/v1784348079/2026-07-18/11216178.jpg
11216349,30.00,ØGO,1 g - 299 g Småpakke Pølser,Grillpølser,1,0,ps.,Netto,https://static.tilbudsugen.dk/1st-retail/2026/30/65864/Netto302026-1_12_3328x4830_4903x6859_zoom.jpg,2026-07-18,2026-07-24,https://res.cloudinary.com/dfqzmnlga/image/upload/v1784348079/2026-07-18/11216349.jpg
11216348,30.00,ØGO,1 g - 299 g Småpakke Pølser,Oksepølser Paprika og Hvidløg,1,0,ps.,Netto,https://static.tilbudsugen.dk/1st-retail/2026/30/65864/Netto302026-1_12_3328x4830_4903x6859_zoom.jpg,2026-07-18,2026-07-24,https://res.cloudinary.com/dfqzmnlga/image/upload/v1784348080/2026-07-18/11216348.jpg
11216133,12.00,Kløver,Mælk,Koldskål Tykmælk & Æg,1,1,krt.,Netto,https://static.tilbudsugen.dk/1st-retail/2026/30/65864/Netto302026-1_2_42x178_1807x2641_zoom.jpg,2026-07-18,2026-07-24,https://res.cloudinary.com/dfqzmnlga/image/upload/v1784348080/2026-07-18/11216133.jpg
11216110,9.00,Arla Protein,Mellemmåltider,Proteindrik Strawberry & Raspberry,1,0,fl.,Netto,https://static.tilbudsugen.dk/1st-retail/2026/30/65864/Netto302026-1_1_0x1289_2496x3763_zoom.jpg,2026-07-18,2026-07-24,https://res.cloudinary.com/dfqzmnlga/image/upload/v1784348081/2026-07-18/11216110.jpg
11216111,9.00,Arla Protein,Mellemmåltider,Proteindrik Chocolate,1,0,fl.,Netto,https://static.tilbudsugen.dk/1st-retail/2026/30/65864/Netto302026-1_1_0x1289_2496x3763_zoom.jpg,2026-07-18,2026-07-24,https://res.cloudinary.com/dfqzmnlga/image/upload/v1784348081/2026-07-18/11216111.jpg
11216313,12.00,Ama,Fedtstoffer,Margarine-fast,1,0,pk.,Netto,https://static.tilbudsugen.dk/1st-retail/2026/30/65864/Netto302026-1_11_12x667_1807x2826_zoom.jpg,2026-07-18,2026-07-24,https://res.cloudinary.com/dfqzmnlga/image/upload/v1784348082/2026-07-18/11216313.jpg
11216314,12.00,Ama,Fedtstoffer,Margarine-fast,1,0,pk.,Netto,https://static.tilbudsugen.dk/1st-retail/2026/30/65864/Netto302026-1_11_12x667_1807x2826_zoom.jpg,2026-07-18,2026-07-24,https://res.cloudinary.com/dfqzmnlga/image/upload/v1784348083/2026-07-18/11216314.jpg
11216312,12.00,Ama,Fedtstoffer,Margarine - flydende original,1,0,fl.,Netto,https://static.tilbudsugen.dk/1st-retail/2026/30/65864/Netto302026-1_11_12x667_1807x2826_zoom.jpg,2026-07-18,2026-07-24,https://res.cloudinary.com/dfqzmnlga/image/upload/v1784348083/2026-07-18/11216312.jpg
11216277,20.00,Løgismose,Syrnet morgenmad,Vanilje Skyr ,1,0,bg.,Netto,https://static.tilbudsugen.dk/1st-retail/2026/30/65864/Netto302026-1_9_6x3828_1813x6262_zoom.jpg,2026-07-18,2026-07-24,https://res.cloudinary.com/dfqzmnlga/image/upload/v1784348084/2026-07-18/11216277.jpg
11216117,20.00,Løgismose,Syrnet morgenmad,Naturel Skyr ,1,0,bg.,Netto,https://static.tilbudsugen.dk/1st-retail/2026/30/65864/Netto302026-1_1_2445x3752_4998x6401_zoom.jpg,2026-07-18,2026-07-24,https://res.cloudinary.com/dfqzmnlga/image/upload/v1784348084/2026-07-18/11216117.jpg
11216115,20.00,Løgismose,Syrnet morgenmad,Rabarber & Æble Skyr ,1,0,bg.,Netto,https://static.tilbudsugen.dk/1st-retail/2026/30/65864/Netto302026-1_1_2445x3752_4998x6401_zoom.jpg,2026-07-18,2026-07-24,https://res.cloudinary.com/dfqzmnlga/image/upload/v1784348085/2026-07-18/11216115.jpg
11216279,20.00,Løgismose,Syrnet morgenmad,Naturel Skyr ,1,0,bg.,Netto,https://static.tilbudsugen.dk/1st-retail/2026/30/65864/Netto302026-1_9_6x3828_1813x6262_zoom.jpg,2026-07-18,2026-07-24,https://res.cloudinary.com/dfqzmnlga/image/upload/v1784348085/2026-07-18/11216279.jpg
11216113,20.00,Løgismose,Syrnet morgenmad,Vanilje Skyr ,1,0,bg.,Netto,https://static.tilbudsugen.dk/1st-retail/2026/30/65864/Netto302026-1_1_2445x3752_4998x6401_zoom.jpg,2026-07-18,2026-07-24,https://res.cloudinary.com/dfqzmnlga/image/upload/v1784348086/2026-07-18/11216113.jpg
11216278,20.00,Løgismose,Syrnet morgenmad,Rabarber & Æble Skyr ,1,0,bg.,Netto,https://static.tilbudsugen.dk/1st-retail/2026/30/65864/Netto302026-1_9_6x3828_1813x6262_zoom.jpg,2026-07-18,2026-07-24,https://res.cloudinary.com/dfqzmnlga/image/upload/v1784348086/2026-07-18/11216278.jpg
11208615,10.00,Naturli',Mellemmåltider,High Protein Cocoa,1,0,stk.,Netto,https://static.tilbudsugen.dk/1st-retail/2026/29/65822/Netto292026-1_9_47x2887_1716x4824_zoom.jpg,2026-07-01,2026-07-31,https://res.cloudinary.com/dfqzmnlga/image/upload/v1784348087/2026-07-18/11208615.jpg
11216342,29.00,Athena,Syrnet morgenmad,Græsk Yoghurt Granatæble 0%,1,0,bg.,Netto,https://static.tilbudsugen.dk/1st-retail/2026/30/65864/Netto302026-1_11_1675x763_4998x2942_zoom.jpg,2026-07-18,2026-07-24,https://res.cloudinary.com/dfqzmnlga/image/upload/v1784348088/2026-07-18/11216342.jpg
11216301,29.00,Athena,Syrnet morgenmad,Græsk Yoghurt Vanilje 0%,1,0,bg.,Netto,https://static.tilbudsugen.dk/1st-retail/2026/30/65864/Netto302026-1_11_1675x763_4998x2942_zoom.jpg,2026-07-18,2026-07-24,https://res.cloudinary.com/dfqzmnlga/image/upload/v1784348089/2026-07-18/11216301.jpg
11216343,29.00,Athena,Syrnet morgenmad,Græsk Yoghurt Mango & Lime 0%,1,0,bg.,Netto,https://static.tilbudsugen.dk/1st-retail/2026/30/65864/Netto302026-1_11_1675x763_4998x2942_zoom.jpg,2026-07-18,2026-07-24,https://res.cloudinary.com/dfqzmnlga/image/upload/v1784348089/2026-07-18/11216343.jpg
11216294,3.97,Dr Oetker,Mellemmåltider,Citronfromage ,1,0,bg.,Netto,https://static.tilbudsugen.dk/1st-retail/2026/30/65864/Netto302026-1_10_136x723_2825x3095_zoom.jpg,2026-07-18,2026-07-24,https://res.cloudinary.com/dfqzmnlga/image/upload/v1784348090/2026-07-18/11216294.jpg
11216310,22.00,Puck,Madlavningsost,Salatost,1,0,stk.,Netto,https://static.tilbudsugen.dk/1st-retail/2026/30/65864/Netto302026-1_11_60x4896_2415x6805_zoom.jpg,2026-07-18,2026-07-24,https://res.cloudinary.com/dfqzmnlga/image/upload/v1784348090/2026-07-18/11216310.jpg
11216302,75.00,Mammen,Skæreost,Skæreost Danbo Mellemlagret 45+,1,0,stk.,Netto,https://static.tilbudsugen.dk/1st-retail/2026/30/65864/Netto302026-1_11_2463x4789_4998x6853_zoom.jpg,2026-07-18,2026-07-24,https://res.cloudinary.com/dfqzmnlga/image/upload/v1784348090/2026-07-18/11216302.jpg
11216303,75.00,Mammen,Skæreost,Havarti,1,0,pk.,Netto,https://static.tilbudsugen.dk/1st-retail/2026/30/65864/Netto302026-1_11_2463x4789_4998x6853_zoom.jpg,2026-07-18,2026-07-24,https://res.cloudinary.com/dfqzmnlga/image/upload/v1784348091/2026-07-18/11216303.jpg
11216138,22.00,Riberhus,Skiveost,Skiveost Danbo Mellemlagret,1,0,pk.,Netto,https://static.tilbudsugen.dk/1st-retail/2026/30/65864/Netto302026-1_2_2374x2599_4944x4657_zoom.jpg,2026-07-18,2026-07-24,https://res.cloudinary.com/dfqzmnlga/image/upload/v1784348092/2026-07-18/11216138.jpg
11216299,18.95,Kærgården,Fedtstoffer,Smørbar Let,1,0,bg.,Netto,https://static.tilbudsugen.dk/1st-retail/2026/30/65864/Netto302026-1_11_28x2858_2638x4890_zoom.jpg,2026-07-18,2026-07-24,https://res.cloudinary.com/dfqzmnlga/image/upload/v1784348092/2026-07-18/11216299.jpg
11216300,18.95,Kærgården,Fedtstoffer,Smørbar,1,0,bg.,Netto,https://static.tilbudsugen.dk/1st-retail/2026/30/65864/Netto302026-1_11_28x2858_2638x4890_zoom.jpg,2026-07-18,2026-07-24,https://res.cloudinary.com/dfqzmnlga/image/upload/v1784348093/2026-07-18/11216300.jpg
11216325,22.00,Taverna,Specialost,Halloumi Grillost,1,0,pk.,Netto,https://static.tilbudsugen.dk/1st-retail/2026/30/65864/Netto302026-1_11_60x4896_2415x6805_zoom.jpg,2026-07-18,2026-07-24,https://res.cloudinary.com/dfqzmnlga/image/upload/v1784348094/2026-07-18/11216325.jpg
11216263,19.95,La Campagna,Madlavningsost,Feta,1,0,pk.,Netto,https://static.tilbudsugen.dk/1st-retail/2026/30/65864/Netto302026-1_8_3245x1752_4831x3619_zoom.jpg,2026-07-18,2026-07-24,https://res.cloudinary.com/dfqzmnlga/image/upload/v1784348094/2026-07-18/11216263.jpg
11216203,13.00,Zanetti,Madlavningsost,Mozzarella,1,0,pk.,Netto,https://static.tilbudsugen.dk/1st-retail/2026/30/65864/Netto302026-1_3_3626x5308_4873x6853_zoom.jpg,2026-07-18,2026-07-24,https://res.cloudinary.com/dfqzmnlga/image/upload/v1784348095/2026-07-18/11216203.jpg
11216298,24.00,DAVA Foods,Skalæg,Frilandsæg M/L,1,8,bk.,Netto,https://static.tilbudsugen.dk/1st-retail/2026/30/65864/Netto302026-1_11_2496x2999_4998x4822_zoom.jpg,2026-07-18,2026-07-24,https://res.cloudinary.com/dfqzmnlga/image/upload/v1784348095/2026-07-18/11216298.jpg
11208581,10.00,Naturli',Iste & Iskaffe,Iskaffe,1,1,stk.,Netto,https://static.tilbudsugen.dk/1st-retail/2026/29/65822/Netto292026-1_9_47x2887_1716x4824_zoom.jpg,2026-07-01,2026-07-31,https://res.cloudinary.com/dfqzmnlga/image/upload/v1784348096/2026-07-18/11208581.jpg
11198829,65.00,Coca Cola,Sodavand,Cola 18 pk.,18,0,ds.,Netto,https://static.tilbudsugen.dk/1st-retail/2026/28/65760/Netto272026-1_15_84x2843_1666x4787_zoom.jpg,2026-07-01,2026-07-31,https://res.cloudinary.com/dfqzmnlga/image/upload/v1784348096/2026-07-18/11198829.jpg
11199495,65.00,Coca Cola Zero,Sodavand,Cola 18 pk.,18,0,ds.,Netto,https://static.tilbudsugen.dk/1st-retail/2026/28/65760/Netto272026-1_15_84x2843_1666x4787_zoom.jpg,2026-07-01,2026-07-31,https://res.cloudinary.com/dfqzmnlga/image/upload/v1784348096/2026-07-18/11199495.jpg
11216232,89.00,Pepsi Max,Sodavand,Cola 24 pk.,24,0,ds.,Netto,https://static.tilbudsugen.dk/1st-retail/2026/30/65864/Netto302026-1_17_3259x2843_4925x4899_zoom.jpg,2026-07-18,2026-07-24,https://res.cloudinary.com/dfqzmnlga/image/upload/v1784348097/2026-07-18/11216232.jpg
11216235,89.00,Faxe Kondi,Sodavand,Sportssodavand 24 pk.,24,0,ds.,Netto,https://static.tilbudsugen.dk/1st-retail/2026/30/65864/Netto302026-1_17_3259x2843_4925x4899_zoom.jpg,2026-07-18,2026-07-24,https://res.cloudinary.com/dfqzmnlga/image/upload/v1784348098/2026-07-18/11216235.jpg
11216236,89.00,0 Kalorier,Sodavand,Sportssodavand 24 pk.,24,0,fl.,Netto,https://static.tilbudsugen.dk/1st-retail/2026/30/65864/Netto302026-1_17_3259x2843_4925x4899_zoom.jpg,2026-07-18,2026-07-24,https://res.cloudinary.com/dfqzmnlga/image/upload/v1784348098/2026-07-18/11216236.jpg
11216214,17.00,Exotic Zero,Sodavand,Sodavand,1,1,fl.,Netto,https://static.tilbudsugen.dk/1st-retail/2026/30/65864/Netto302026-1_17_32x2843_1682x4875_zoom.jpg,2026-07-18,2026-07-24,https://res.cloudinary.com/dfqzmnlga/image/upload/v1784348099/2026-07-18/11216214.jpg
11216208,17.00,Coca Cola,Sodavand,Cola,1,1,fl.,Netto,https://static.tilbudsugen.dk/1st-retail/2026/30/65864/Netto302026-1_17_32x2843_1682x4875_zoom.jpg,2026-07-18,2026-07-24,https://res.cloudinary.com/dfqzmnlga/image/upload/v1784348099/2026-07-18/11216208.jpg
11216212,17.00,Coca Cola Zero,Sodavand,Cola,1,1,fl.,Netto,https://static.tilbudsugen.dk/1st-retail/2026/30/65864/Netto302026-1_17_32x2843_1682x4875_zoom.jpg,2026-07-18,2026-07-24,https://res.cloudinary.com/dfqzmnlga/image/upload/v1784348100/2026-07-18/11216212.jpg
11216213,17.00,Zero,Sodavand,Sportssodavand,1,1,fl.,Netto,https://static.tilbudsugen.dk/1st-retail/2026/30/65864/Netto302026-1_17_32x2843_1682x4875_zoom.jpg,2026-07-18,2026-07-24,https://res.cloudinary.com/dfqzmnlga/image/upload/v1784348100/2026-07-18/11216213.jpg
11216219,17.00,Zero,Sodavand,Fanta Orange Zero,1,1,fl.,Netto,https://static.tilbudsugen.dk/1st-retail/2026/30/65864/Netto302026-1_17_32x2843_1682x4875_zoom.jpg,2026-07-18,2026-07-24,https://res.cloudinary.com/dfqzmnlga/image/upload/v1784348101/2026-07-18/11216219.jpg
11216206,14.00,Ultra Energy,Energi- Sports- & Vitamindrikke,Energidrik,1,0,ds.,Netto,https://static.tilbudsugen.dk/1st-retail/2026/30/65864/Netto302026-1_17_32x640_1812x2818_zoom.jpg,2026-07-18,2026-07-24,https://res.cloudinary.com/dfqzmnlga/image/upload/v1784348102/2026-07-18/11216206.jpg
11216207,14.00,Ultra Peachy Keen,Energi- Sports- & Vitamindrikke,Energidrik,1,0,ds.,Netto,https://static.tilbudsugen.dk/1st-retail/2026/30/65864/Netto302026-1_17_32x640_1812x2818_zoom.jpg,2026-07-18,2026-07-24,https://res.cloudinary.com/dfqzmnlga/image/upload/v1784348103/2026-07-18/11216207.jpg
11216205,14.00,Lando Norris,Energi- Sports- & Vitamindrikke,Energidrik,1,0,ds.,Netto,https://static.tilbudsugen.dk/1st-retail/2026/30/65864/Netto302026-1_17_32x640_1812x2818_zoom.jpg,2026-07-18,2026-07-24,https://res.cloudinary.com/dfqzmnlga/image/upload/v1784348103/2026-07-18/11216205.jpg
11216225,14.00,Absolutely Zero,Energi- Sports- & Vitamindrikke,Energidrik,1,0,ds.,Netto,https://static.tilbudsugen.dk/1st-retail/2026/30/65864/Netto302026-1_17_32x640_1812x2818_zoom.jpg,2026-07-18,2026-07-24,https://res.cloudinary.com/dfqzmnlga/image/upload/v1784348104/2026-07-18/11216225.jpg
11216202,14.00,Rio Punch,Energi- Sports- & Vitamindrikke,Energidrik,1,0,ds.,Netto,https://static.tilbudsugen.dk/1st-retail/2026/30/65864/Netto302026-1_17_32x640_1812x2818_zoom.jpg,2026-07-18,2026-07-24,https://res.cloudinary.com/dfqzmnlga/image/upload/v1784348104/2026-07-18/11216202.jpg
11216408,45.00,Blanding 66,Kaffe,Kaffe Formalet,1,0,ps.,Netto,https://static.tilbudsugen.dk/1st-retail/2026/30/65864/Netto302026-1_15_3238x163_4908x2931_zoom.jpg,2026-07-18,2026-07-24,https://res.cloudinary.com/dfqzmnlga/image/upload/v1784348105/2026-07-18/11216408.jpg
11216429,149.00,Crema Absolu Profond,Kaffe,Kaffebønner,1,1,pk.,Netto,https://static.tilbudsugen.dk/1st-retail/2026/30/65864/Netto302026-1_15_2451x2916_4932x5152_zoom.jpg,2026-07-18,2026-07-24,https://res.cloudinary.com/dfqzmnlga/image/upload/v1784348105/2026-07-18/11216429.jpg
11216432,149.00,Crema,Kaffe,Kaffebønner,1,1,ps.,Netto,https://static.tilbudsugen.dk/1st-retail/2026/30/65864/Netto302026-1_15_2451x2916_4932x5152_zoom.jpg,2026-07-18,2026-07-24,https://res.cloudinary.com/dfqzmnlga/image/upload/v1784348106/2026-07-18/11216432.jpg
11216419,149.00,Crema Absolu Classique,Kaffe,Kaffebønner,1,1,pk.,Netto,https://static.tilbudsugen.dk/1st-retail/2026/30/65864/Netto302026-1_15_2451x2916_4932x5152_zoom.jpg,2026-07-18,2026-07-24,https://res.cloudinary.com/dfqzmnlga/image/upload/v1784348106/2026-07-18/11216419.jpg
11216427,149.00,Espresso Forza,Kaffe,Kaffebønner,1,1,pk.,Netto,https://static.tilbudsugen.dk/1st-retail/2026/30/65864/Netto302026-1_15_2451x2916_4932x5152_zoom.jpg,2026-07-18,2026-07-24,https://res.cloudinary.com/dfqzmnlga/image/upload/v1784348107/2026-07-18/11216427.jpg
11216424,65.00,Blanding 95,Kaffe,Kaffe Formalet,1,0,ps.,Netto,https://static.tilbudsugen.dk/1st-retail/2026/30/65864/Netto302026-1_15_6x2898_2445x5188_zoom.jpg,2026-07-18,2026-07-24,https://res.cloudinary.com/dfqzmnlga/image/upload/v1784348107/2026-07-18/11216424.jpg
11216425,65.00,Blanding 72,Kaffe,Kaffe Formalet,1,0,ps.,Netto,https://static.tilbudsugen.dk/1st-retail/2026/30/65864/Netto302026-1_15_6x2898_2445x5188_zoom.jpg,2026-07-18,2026-07-24,https://res.cloudinary.com/dfqzmnlga/image/upload/v1784348108/2026-07-18/11216425.jpg
11216426,65.00,Original,Kaffe,Kaffe Formalet,1,0,ps.,Netto,https://static.tilbudsugen.dk/1st-retail/2026/30/65864/Netto302026-1_15_6x2898_2445x5188_zoom.jpg,2026-07-18,2026-07-24,https://res.cloudinary.com/dfqzmnlga/image/upload/v1784348108/2026-07-18/11216426.jpg
11216421,65.00,Classic,Instant Kaffe,Instant Kaffe,1,0,gl.,Netto,https://static.tilbudsugen.dk/1st-retail/2026/30/65864/Netto302026-1_15_6x2898_2445x5188_zoom.jpg,2026-07-18,2026-07-24,https://res.cloudinary.com/dfqzmnlga/image/upload/v1784348109/2026-07-18/11216421.jpg
11216423,65.00,Koffeinfri,Instant Kaffe,Instant Kaffe,1,0,gl.,Netto,https://static.tilbudsugen.dk/1st-retail/2026/30/65864/Netto302026-1_15_6x2898_2445x5188_zoom.jpg,2026-07-18,2026-07-24,https://res.cloudinary.com/dfqzmnlga/image/upload/v1784348110/2026-07-18/11216423.jpg
11216273,22.00,GodMorgen,Juice,Appelsinjuice,1,0,fl.,Netto,https://static.tilbudsugen.dk/1st-retail/2026/30/65864/Netto302026-1_9_42x1776_2195x3792_zoom.jpg,2026-07-18,2026-07-24,https://res.cloudinary.com/dfqzmnlga/image/upload/v1784348110/2026-07-18/11216273.jpg
11216271,22.00,GodMorgen,Juice,Æblejuice Hyldeblomst,1,0,fl.,Netto,https://static.tilbudsugen.dk/1st-retail/2026/30/65864/Netto302026-1_9_42x1776_2195x3792_zoom.jpg,2026-07-18,2026-07-24,https://res.cloudinary.com/dfqzmnlga/image/upload/v1784348111/2026-07-18/11216271.jpg
11216275,22.00,GodMorgen,Juice,"Æblejuice, Rabarber & Jordbær",1,0,fl.,Netto,https://static.tilbudsugen.dk/1st-retail/2026/30/65864/Netto302026-1_9_42x1776_2195x3792_zoom.jpg,2026-07-18,2026-07-24,https://res.cloudinary.com/dfqzmnlga/image/upload/v1784348111/2026-07-18/11216275.jpg
11216274,22.00,GodMorgen,Juice,Æblejuice Mandarin & Gulerod,1,0,fl.,Netto,https://static.tilbudsugen.dk/1st-retail/2026/30/65864/Netto302026-1_9_42x1776_2195x3792_zoom.jpg,2026-07-18,2026-07-24,https://res.cloudinary.com/dfqzmnlga/image/upload/v1784348112/2026-07-18/11216274.jpg
11216270,20.00,24 ICE,RTD,Italian Scroppino Slush Cocktail,1,0,fl.,Netto,https://static.tilbudsugen.dk/1st-retail/2026/30/65864/Netto302026-1_17_1910x453_4917x2875_zoom.jpg,2026-07-18,2026-07-24,https://res.cloudinary.com/dfqzmnlga/image/upload/v1784348112/2026-07-18/11216270.jpg
11216227,20.00,24 ICE,RTD,Strawberry Daiquiri Slush Cocktail,1,0,fl.,Netto,https://static.tilbudsugen.dk/1st-retail/2026/30/65864/Netto302026-1_17_1910x453_4917x2875_zoom.jpg,2026-07-18,2026-07-24,https://res.cloudinary.com/dfqzmnlga/image/upload/v1784348113/2026-07-18/11216227.jpg
11216272,20.00,24 ICE,RTD,Passionfruit Martini Slush Cocktail,1,0,fl.,Netto,https://static.tilbudsugen.dk/1st-retail/2026/30/65864/Netto302026-1_17_1910x453_4917x2875_zoom.jpg,2026-07-18,2026-07-24,https://res.cloudinary.com/dfqzmnlga/image/upload/v1784348113/2026-07-18/11216272.jpg
11216251,109.00,Spiced Gold,Rom,Rom,1,0,fl.,Netto,https://static.tilbudsugen.dk/1st-retail/2026/30/65864/Netto302026-1_17_3226x4818_4908x6826_zoom.jpg,2026-07-18,2026-07-24,https://res.cloudinary.com/dfqzmnlga/image/upload/v1784348114/2026-07-18/11216251.jpg
11216256,109.00,Taffel Akvavit,Snaps,Akvavit,1,0,fl.,Netto,https://static.tilbudsugen.dk/1st-retail/2026/30/65864/Netto302026-1_17_3226x4818_4908x6826_zoom.jpg,2026-07-18,2026-07-24,https://res.cloudinary.com/dfqzmnlga/image/upload/v1784348114/2026-07-18/11216256.jpg
11216248,109.00,Red Label,Whisky,Whisky,1,0,fl.,Netto,https://static.tilbudsugen.dk/1st-retail/2026/30/65864/Netto302026-1_17_3226x4818_4908x6826_zoom.jpg,2026-07-18,2026-07-24,https://res.cloudinary.com/dfqzmnlga/image/upload/v1784348115/2026-07-18/11216248.jpg
11216252,109.00,Smirnoff,Vodka,Vodka,1,0,fl.,Netto,https://static.tilbudsugen.dk/1st-retail/2026/30/65864/Netto302026-1_17_3226x4818_4908x6826_zoom.jpg,2026-07-18,2026-07-24,https://res.cloudinary.com/dfqzmnlga/image/upload/v1784348115/2026-07-18/11216252.jpg
11216254,109.00,Original,Likør,Likør,1,0,fl.,Netto,https://static.tilbudsugen.dk/1st-retail/2026/30/65864/Netto302026-1_17_3226x4818_4908x6826_zoom.jpg,2026-07-18,2026-07-24,https://res.cloudinary.com/dfqzmnlga/image/upload/v1784348116/2026-07-18/11216254.jpg
11216253,109.00,London Dry Gin,Gin,Gin,1,0,fl.,Netto,https://static.tilbudsugen.dk/1st-retail/2026/30/65864/Netto302026-1_17_3226x4818_4908x6826_zoom.jpg,2026-07-18,2026-07-24,https://res.cloudinary.com/dfqzmnlga/image/upload/v1784348116/2026-07-18/11216253.jpg
11216262,109.00,Strawberry-Rhubarb,Shots,Shots,1,0,fl.,Netto,https://static.tilbudsugen.dk/1st-retail/2026/30/65864/Netto302026-1_17_3226x4818_4908x6826_zoom.jpg,2026-07-18,2026-07-24,https://res.cloudinary.com/dfqzmnlga/image/upload/v1784348117/2026-07-18/11216262.jpg
11216258,109.00,,Italienske vine,Italiensk Hvidvin,1,3,krt.,Netto,https://static.tilbudsugen.dk/1st-retail/2026/30/65864/Netto302026-1_17_1658x4834_3356x6834_zoom.jpg,2026-07-18,2026-07-24,https://res.cloudinary.com/dfqzmnlga/image/upload/v1784348117/2026-07-18/11216258.jpg
11216259,109.00,,Italienske vine,Italiensk Rødvin,1,3,krt.,Netto,https://static.tilbudsugen.dk/1st-retail/2026/30/65864/Netto302026-1_17_1658x4834_3356x6834_zoom.jpg,2026-07-18,2026-07-24,https://res.cloudinary.com/dfqzmnlga/image/upload/v1784348118/2026-07-18/11216259.jpg
11216247,109.00,,Californiske vine,Californisk Rødvin,1,3,krt.,Netto,https://static.tilbudsugen.dk/1st-retail/2026/30/65864/Netto302026-1_17_1658x4834_3356x6834_zoom.jpg,2026-07-18,2026-07-24,https://res.cloudinary.com/dfqzmnlga/image/upload/v1784348118/2026-07-18/11216247.jpg
11216243,109.00,,Tyske vine,Tysk Hvidvin,1,3,krt.,Netto,https://static.tilbudsugen.dk/1st-retail/2026/30/65864/Netto302026-1_17_1658x4834_3356x6834_zoom.jpg,2026-07-18,2026-07-24,https://res.cloudinary.com/dfqzmnlga/image/upload/v1784348119/2026-07-18/11216243.jpg
11216246,109.00,,Californiske vine,Californisk Hvidvin,1,3,krt.,Netto,https://static.tilbudsugen.dk/1st-retail/2026/30/65864/Netto302026-1_17_1658x4834_3356x6834_zoom.jpg,2026-07-18,2026-07-24,https://res.cloudinary.com/dfqzmnlga/image/upload/v1784348119/2026-07-18/11216246.jpg
11216230,29.00,,Italienske vine,Italiensk Mousserende Vin,1,0,fl.,Netto,https://static.tilbudsugen.dk/1st-retail/2026/30/65864/Netto302026-1_17_1706x2786_3275x4875_zoom.jpg,2026-07-18,2026-07-24,https://res.cloudinary.com/dfqzmnlga/image/upload/v1784348120/2026-07-18/11216230.jpg
11216228,29.00,Verdi,Italienske vine,Italiensk Mousserende Vin,1,0,fl.,Netto,https://static.tilbudsugen.dk/1st-retail/2026/30/65864/Netto302026-1_17_1706x2786_3275x4875_zoom.jpg,2026-07-18,2026-07-24,https://res.cloudinary.com/dfqzmnlga/image/upload/v1784348120/2026-07-18/11216228.jpg
11216144,40.00,,Spanske vine,Spansk Hvidvin,1,0,fl.,Netto,https://static.tilbudsugen.dk/1st-retail/2026/30/65864/Netto302026-1_2_1801x70_4927x2593_zoom.jpg,2026-07-18,2026-07-24,https://res.cloudinary.com/dfqzmnlga/image/upload/v1784348120/2026-07-18/11216144.jpg
11216140,40.00,,Spanske vine,Spansk Rødvin,1,0,fl.,Netto,https://static.tilbudsugen.dk/1st-retail/2026/30/65864/Netto302026-1_2_1801x70_4927x2593_zoom.jpg,2026-07-18,2026-07-24,https://res.cloudinary.com/dfqzmnlga/image/upload/v1784348121/2026-07-18/11216140.jpg
11216153,40.00,,Mousserende,Spansk Mousserende Vin,1,0,fl.,Netto,https://static.tilbudsugen.dk/1st-retail/2026/30/65864/Netto302026-1_2_1801x70_4927x2593_zoom.jpg,2026-07-18,2026-07-24,https://res.cloudinary.com/dfqzmnlga/image/upload/v1784348121/2026-07-18/11216153.jpg
11216155,40.00,,Spanske vine,Spansk Rosevin,1,0,fl.,Netto,https://static.tilbudsugen.dk/1st-retail/2026/30/65864/Netto302026-1_2_1801x70_4927x2593_zoom.jpg,2026-07-18,2026-07-24,https://res.cloudinary.com/dfqzmnlga/image/upload/v1784348122/2026-07-18/11216155.jpg
11216240,79.00,,Franske vine,Fransk Hvidvin,1,0,fl.,Netto,https://static.tilbudsugen.dk/1st-retail/2026/30/65864/Netto302026-1_17_57x4818_1641x6882_zoom.jpg,2026-07-18,2026-07-24,https://res.cloudinary.com/dfqzmnlga/image/upload/v1784348122/2026-07-18/11216240.jpg
11216241,79.00,,Spanske vine,Spansk Rødvin,1,0,fl.,Netto,https://static.tilbudsugen.dk/1st-retail/2026/30/65864/Netto302026-1_17_57x4818_1641x6882_zoom.jpg,2026-07-18,2026-07-24,https://res.cloudinary.com/dfqzmnlga/image/upload/v1784348123/2026-07-18/11216241.jpg
11216237,79.00,,Californiske vine,Californisk Hvidvin,1,0,fl.,Netto,https://static.tilbudsugen.dk/1st-retail/2026/30/65864/Netto302026-1_17_57x4818_1641x6882_zoom.jpg,2026-07-18,2026-07-24,https://res.cloudinary.com/dfqzmnlga/image/upload/v1784348123/2026-07-18/11216237.jpg
11216242,79.00,,Spanske vine,Spansk Hvidvin,1,0,fl.,Netto,https://static.tilbudsugen.dk/1st-retail/2026/30/65864/Netto302026-1_17_57x4818_1641x6882_zoom.jpg,2026-07-18,2026-07-24,https://res.cloudinary.com/dfqzmnlga/image/upload/v1784348124/2026-07-18/11216242.jpg
11216265,79.00,,Franske vine,Fransk Rosévin,1,0,fl.,Netto,https://static.tilbudsugen.dk/1st-retail/2026/30/65864/Netto302026-1_17_57x4818_1641x6882_zoom.jpg,2026-07-18,2026-07-24,https://res.cloudinary.com/dfqzmnlga/image/upload/v1784348124/2026-07-18/11216265.jpg
11216239,79.00,,Californiske vine,Californisk Rødvin,1,0,fl.,Netto,https://static.tilbudsugen.dk/1st-retail/2026/30/65864/Netto302026-1_17_57x4818_1641x6882_zoom.jpg,2026-07-18,2026-07-24,https://res.cloudinary.com/dfqzmnlga/image/upload/v1784348125/2026-07-18/11216239.jpg
11216257,9.95,Liba,Brød,Fladbrød,1,0,pk.,Netto,https://static.tilbudsugen.dk/1st-retail/2026/30/65864/Netto302026-1_8_2928x3566_4891x5147_zoom.jpg,2026-07-18,2026-07-24,https://res.cloudinary.com/dfqzmnlga/image/upload/v1784348125/2026-07-18/11216257.jpg
11216180,28.00,Salling Princip,Fastfoodbrød,Brioche Hotdogbrød Pretzel Style,1,0,pk.,Netto,https://static.tilbudsugen.dk/1st-retail/2026/30/65864/Netto302026-1_3_2469x1150_3698x3029_zoom.jpg,2026-07-18,2026-07-24,https://res.cloudinary.com/dfqzmnlga/image/upload/v1784348126/2026-07-18/11216180.jpg
11216415,15.00,All in One,Knækbrød,Recharge Knækbrød,1,0,pk.,Netto,https://static.tilbudsugen.dk/1st-retail/2026/30/65864/Netto302026-1_15_0x40_1718x2856_zoom.jpg,2026-07-18,2026-07-24,https://res.cloudinary.com/dfqzmnlga/image/upload/v1784348126/2026-07-18/11216415.jpg
11216416,15.00,All in One,Knækbrød,Strength Knækbrød,1,0,pk.,Netto,https://static.tilbudsugen.dk/1st-retail/2026/30/65864/Netto302026-1_15_0x40_1718x2856_zoom.jpg,2026-07-18,2026-07-24,https://res.cloudinary.com/dfqzmnlga/image/upload/v1784348127/2026-07-18/11216416.jpg
11216390,12.00,Fintons,Kager,Kanelgifler,1,0,pk.,Netto,https://static.tilbudsugen.dk/1st-retail/2026/30/65864/Netto302026-1_14_12x2838_1682x4830_zoom.jpg,2026-07-18,2026-07-24,https://res.cloudinary.com/dfqzmnlga/image/upload/v1784348127/2026-07-18/11216390.jpg
11216387,10.00,Lotus Biscoff,Kiks,Kiks,1,0,pk.,Netto,https://static.tilbudsugen.dk/1st-retail/2026/30/65864/Netto302026-1_14_2505x1180_4998x2826_zoom.jpg,2026-07-18,2026-07-24,https://res.cloudinary.com/dfqzmnlga/image/upload/v1784348128/2026-07-18/11216387.jpg
11216388,10.00,Toffypops,Kiks,Toffypops Karamelfyld,1,0,pk.,Netto,https://static.tilbudsugen.dk/1st-retail/2026/30/65864/Netto302026-1_14_12x1204_2582x2814_zoom.jpg,2026-07-18,2026-07-24,https://res.cloudinary.com/dfqzmnlga/image/upload/v1784348128/2026-07-18/11216388.jpg
11216389,10.00,Toffypops,Kiks,Toffypops Salt Karamel,1,0,pk.,Netto,https://static.tilbudsugen.dk/1st-retail/2026/30/65864/Netto302026-1_14_12x1204_2582x2814_zoom.jpg,2026-07-18,2026-07-24,https://res.cloudinary.com/dfqzmnlga/image/upload/v1784348129/2026-07-18/11216389.jpg
11216411,15.00,All in One,Kiks,Protein Kiks,1,0,pk.,Netto,https://static.tilbudsugen.dk/1st-retail/2026/30/65864/Netto302026-1_15_0x40_1718x2856_zoom.jpg,2026-07-18,2026-07-24,https://res.cloudinary.com/dfqzmnlga/image/upload/v1784348129/2026-07-18/11216411.jpg
11216413,15.00,All in One,Kiks,Collagen Kiks,1,0,pk.,Netto,https://static.tilbudsugen.dk/1st-retail/2026/30/65864/Netto302026-1_15_0x40_1718x2856_zoom.jpg,2026-07-18,2026-07-24,https://res.cloudinary.com/dfqzmnlga/image/upload/v1784348130/2026-07-18/11216413.jpg
11216414,15.00,All in One,Kiks,Æble Kanel Kiks,1,0,pk.,Netto,https://static.tilbudsugen.dk/1st-retail/2026/30/65864/Netto302026-1_15_0x40_1718x2856_zoom.jpg,2026-07-18,2026-07-24,https://res.cloudinary.com/dfqzmnlga/image/upload/v1784348130/2026-07-18/11216414.jpg
11216412,15.00,All in One,Kiks,Recharge Kiks,1,0,pk.,Netto,https://static.tilbudsugen.dk/1st-retail/2026/30/65864/Netto302026-1_15_0x40_1718x2856_zoom.jpg,2026-07-18,2026-07-24,https://res.cloudinary.com/dfqzmnlga/image/upload/v1784348130/2026-07-18/11216412.jpg
11216288,12.00,ØGO,Kiks,ABC Kiks med Jordbær,1,0,pk.,Netto,https://static.tilbudsugen.dk/1st-retail/2026/30/65864/Netto302026-1_19_3226x242_4892x2428_zoom.jpg,2026-07-18,2026-07-24,https://res.cloudinary.com/dfqzmnlga/image/upload/v1784348131/2026-07-18/11216288.jpg
11216287,12.00,ØGO,Kiks,Stjernekiks,1,0,pk.,Netto,https://static.tilbudsugen.dk/1st-retail/2026/30/65864/Netto302026-1_19_3226x242_4892x2428_zoom.jpg,2026-07-18,2026-07-24,https://res.cloudinary.com/dfqzmnlga/image/upload/v1784348131/2026-07-18/11216287.jpg
11216409,30.00,Løgismose,Småkager,Mini Almond & Honey Oat Cookies,1,0,bk.,Netto,https://static.tilbudsugen.dk/1st-retail/2026/30/65864/Netto302026-1_15_2745x5190_4828x6735_zoom.jpg,2026-07-18,2026-07-24,https://res.cloudinary.com/dfqzmnlga/image/upload/v1784348132/2026-07-18/11216409.jpg
11216410,30.00,Løgismose,Småkager,Mini Chocolate Oat Cookies,1,0,bk.,Netto,https://static.tilbudsugen.dk/1st-retail/2026/30/65864/Netto302026-1_15_2745x5190_4828x6735_zoom.jpg,2026-07-18,2026-07-24,https://res.cloudinary.com/dfqzmnlga/image/upload/v1784348132/2026-07-18/11216410.jpg
11216364,25.00,Bistronne,Færdigretter Frost,Kyllingenuggets,1,0,ps.,Netto,https://static.tilbudsugen.dk/1st-retail/2026/30/65864/Netto302026-1_13_18x4866_1670x6835_zoom.jpg,2026-07-18,2026-07-24,https://res.cloudinary.com/dfqzmnlga/image/upload/v1784348133/2026-07-18/11216364.jpg
11216382,19.00,Andoni,Pizza Frost,Speciale Pizza,1,0,stk.,Netto,https://static.tilbudsugen.dk/1st-retail/2026/30/65864/Netto302026-1_13_3298x237_4915x2820_zoom.jpg,2026-07-18,2026-07-24,https://res.cloudinary.com/dfqzmnlga/image/upload/v1784348133/2026-07-18/11216382.jpg
11216383,19.00,Andoni,Pizza Frost,Kebab Pizza,1,0,stk.,Netto,https://static.tilbudsugen.dk/1st-retail/2026/30/65864/Netto302026-1_13_3298x237_4915x2820_zoom.jpg,2026-07-18,2026-07-24,https://res.cloudinary.com/dfqzmnlga/image/upload/v1784348134/2026-07-18/11216383.jpg
11216381,19.00,Andoni,Pizza Frost,Salami Pizza,1,0,stk.,Netto,https://static.tilbudsugen.dk/1st-retail/2026/30/65864/Netto302026-1_13_3298x237_4915x2820_zoom.jpg,2026-07-18,2026-07-24,https://res.cloudinary.com/dfqzmnlga/image/upload/v1784348134/2026-07-18/11216381.jpg
11216384,19.00,Andoni,Pizza Frost,Bolognes Pizza ,1,0,stk.,Netto,https://static.tilbudsugen.dk/1st-retail/2026/30/65864/Netto302026-1_13_3298x237_4915x2820_zoom.jpg,2026-07-18,2026-07-24,https://res.cloudinary.com/dfqzmnlga/image/upload/v1784348135/2026-07-18/11216384.jpg
11216361,25.00,Næmt,Færdigretter Frost,Pizzasnegle,1,0,ps.,Netto,https://static.tilbudsugen.dk/1st-retail/2026/30/65864/Netto302026-1_13_1640x4878_3245x6864_zoom.jpg,2026-07-18,2026-07-24,https://res.cloudinary.com/dfqzmnlga/image/upload/v1784348135/2026-07-18/11216361.jpg
11216360,25.00,Næmt,Færdigretter Frost,Pølsehorn,1,0,ps.,Netto,https://static.tilbudsugen.dk/1st-retail/2026/30/65864/Netto302026-1_13_1640x4878_3245x6864_zoom.jpg,2026-07-18,2026-07-24,https://res.cloudinary.com/dfqzmnlga/image/upload/v1784348136/2026-07-18/11216360.jpg
11216193,16.00,Premieur,Dej Køl,Surdejs Pizzadej,1,0,pk.,Netto,https://static.tilbudsugen.dk/1st-retail/2026/30/65864/Netto302026-1_3_2487x5141_3656x6882_zoom.jpg,2026-07-18,2026-07-24,https://res.cloudinary.com/dfqzmnlga/image/upload/v1784348136/2026-07-18/11216193.jpg
11216358,39.00,Tulip,Færdigretter Køl,Spareribs,1,0,pk.,Netto,https://static.tilbudsugen.dk/1st-retail/2026/30/65864/Netto302026-1_13_3245x4854_4998x6859_zoom.jpg,2026-07-18,2026-07-24,https://res.cloudinary.com/dfqzmnlga/image/upload/v1784348136/2026-07-18/11216358.jpg
11216359,25.00,Næmt,Færdigretter Frost,Mini Focaccia,1,0,ps.,Netto,https://static.tilbudsugen.dk/1st-retail/2026/30/65864/Netto302026-1_13_1640x4878_3245x6864_zoom.jpg,2026-07-18,2026-07-24,https://res.cloudinary.com/dfqzmnlga/image/upload/v1784348137/2026-07-18/11216359.jpg
11216362,25.00,Næmt,Færdigretter Frost,Kyllinge Pølsehorn,1,0,ps.,Netto,https://static.tilbudsugen.dk/1st-retail/2026/30/65864/Netto302026-1_13_1640x4878_3245x6864_zoom.jpg,2026-07-18,2026-07-24,https://res.cloudinary.com/dfqzmnlga/image/upload/v1784348137/2026-07-18/11216362.jpg
11216352,22.00,Bådsmand,Fisk og skaldyr Køl,Fiskefrikadeller,1,0,bk.,Netto,https://static.tilbudsugen.dk/1st-retail/2026/30/65864/Netto302026-1_12_1664x2784_3268x4771_zoom.jpg,2026-07-18,2026-07-24,https://res.cloudinary.com/dfqzmnlga/image/upload/v1784348138/2026-07-18/11216352.jpg
11216183,25.00,Perfectseason,Færdigretter Frost,Falafel,1,0,ps.,Netto,https://static.tilbudsugen.dk/1st-retail/2026/30/65864/Netto302026-1_3_1145x3351_2469x5057_zoom.jpg,2026-07-18,2026-07-24,https://res.cloudinary.com/dfqzmnlga/image/upload/v1784348138/2026-07-18/11216183.jpg
11208578,10.00,Naturli',Vegetabilske drikke,Havredrik,1,1,stk.,Netto,https://static.tilbudsugen.dk/1st-retail/2026/29/65822/Netto292026-1_9_47x2887_1716x4824_zoom.jpg,2026-07-01,2026-07-31,https://res.cloudinary.com/dfqzmnlga/image/upload/v1784348138/2026-07-18/11208578.jpg
11208613,10.00,Electrolyte Kokosvand,Vegetabilske drikke,Kokosvand,1,1,stk.,Netto,https://static.tilbudsugen.dk/1st-retail/2026/29/65822/Netto292026-1_9_47x2887_1716x4824_zoom.jpg,2026-07-01,2026-07-31,https://res.cloudinary.com/dfqzmnlga/image/upload/v1784348139/2026-07-18/11208613.jpg
11208566,10.00,Naturli',Vegetabilske drikke,Soyadrik Vanilje,1,1,stk.,Netto,https://static.tilbudsugen.dk/1st-retail/2026/29/65822/Netto292026-1_9_47x2887_1716x4824_zoom.jpg,2026-07-01,2026-07-31,https://res.cloudinary.com/dfqzmnlga/image/upload/v1784348139/2026-07-18/11208566.jpg
11208576,10.00,Oat Barista Tasty Wiener,Vegetabilske drikke,Havredrik,1,1,stk.,Netto,https://static.tilbudsugen.dk/1st-retail/2026/29/65822/Netto292026-1_9_47x2887_1716x4824_zoom.jpg,2026-07-01,2026-07-31,https://res.cloudinary.com/dfqzmnlga/image/upload/v1784348140/2026-07-18/11208576.jpg
11208577,10.00,Naturli',Vegetabilske drikke,Mandeldrik,1,1,stk.,Netto,https://static.tilbudsugen.dk/1st-retail/2026/29/65822/Netto292026-1_9_47x2887_1716x4824_zoom.jpg,2026-07-01,2026-07-31,https://res.cloudinary.com/dfqzmnlga/image/upload/v1784348140/2026-07-18/11208577.jpg
11208579,10.00,Havre Barista,Vegetabilske drikke,Havredrik,1,1,stk.,Netto,https://static.tilbudsugen.dk/1st-retail/2026/29/65822/Netto292026-1_9_47x2887_1716x4824_zoom.jpg,2026-07-01,2026-07-31,https://res.cloudinary.com/dfqzmnlga/image/upload/v1784348141/2026-07-18/11208579.jpg
11208575,10.00,Oat Barista,Vegetabilske drikke,Havredrik,1,1,stk.,Netto,https://static.tilbudsugen.dk/1st-retail/2026/29/65822/Netto292026-1_9_47x2887_1716x4824_zoom.jpg,2026-07-01,2026-07-31,https://res.cloudinary.com/dfqzmnlga/image/upload/v1784348142/2026-07-18/11208575.jpg
11208580,10.00,Naturli',Vegetabilske drikke,Mandeldrik,1,1,stk.,Netto,https://static.tilbudsugen.dk/1st-retail/2026/29/65822/Netto292026-1_9_47x2887_1716x4824_zoom.jpg,2026-07-01,2026-07-31,https://res.cloudinary.com/dfqzmnlga/image/upload/v1784348142/2026-07-18/11208580.jpg
11216129,5.00,Harvest Best,Grønt,Baked Beans,1,0,ds.,Netto,https://static.tilbudsugen.dk/1st-retail/2026/30/65864/Netto302026-1_1_0x3781_2404x6411_zoom.jpg,2026-07-18,2026-07-24,https://res.cloudinary.com/dfqzmnlga/image/upload/v1784348143/2026-07-18/11216129.jpg
11216128,5.00,Harvest Best,Grønt,Chilibønner,1,0,ds.,Netto,https://static.tilbudsugen.dk/1st-retail/2026/30/65864/Netto302026-1_1_0x3781_2404x6411_zoom.jpg,2026-07-18,2026-07-24,https://res.cloudinary.com/dfqzmnlga/image/upload/v1784348143/2026-07-18/11216128.jpg
11216132,5.00,La Campagna,Grønt,Hakkede tomater Hvidløg,1,0,ds.,Netto,https://static.tilbudsugen.dk/1st-retail/2026/30/65864/Netto302026-1_1_0x3781_2404x6411_zoom.jpg,2026-07-18,2026-07-24,https://res.cloudinary.com/dfqzmnlga/image/upload/v1784348144/2026-07-18/11216132.jpg
11216130,5.00,La Campagna,Grønt,Hakkede tomater,1,0,ds.,Netto,https://static.tilbudsugen.dk/1st-retail/2026/30/65864/Netto302026-1_1_0x3781_2404x6411_zoom.jpg,2026-07-18,2026-07-24,https://res.cloudinary.com/dfqzmnlga/image/upload/v1784348145/2026-07-18/11216130.jpg
11216131,5.00,La Campagna,Grønt,Hakkede tomater Urter,1,0,ds.,Netto,https://static.tilbudsugen.dk/1st-retail/2026/30/65864/Netto302026-1_1_0x3781_2404x6411_zoom.jpg,2026-07-18,2026-07-24,https://res.cloudinary.com/dfqzmnlga/image/upload/v1784348145/2026-07-18/11216131.jpg
11216296,6.69,La Campagna,Saucer,Pizzasauce Basilikum,1,0,pk.,Netto,https://static.tilbudsugen.dk/1st-retail/2026/30/65864/Netto302026-1_10_2349x4618_4998x6849_zoom.jpg,2026-07-18,2026-07-24,https://res.cloudinary.com/dfqzmnlga/image/upload/v1784348145/2026-07-18/11216296.jpg
11216126,5.00,Harvest Best,Grønt,Kikærter,1,0,ds.,Netto,https://static.tilbudsugen.dk/1st-retail/2026/30/65864/Netto302026-1_1_0x3781_2404x6411_zoom.jpg,2026-07-18,2026-07-24,https://res.cloudinary.com/dfqzmnlga/image/upload/v1784348146/2026-07-18/11216126.jpg
11216127,5.00,Harvest Best,Grønt,Røde Kidneybønner,1,0,ds.,Netto,https://static.tilbudsugen.dk/1st-retail/2026/30/65864/Netto302026-1_1_0x3781_2404x6411_zoom.jpg,2026-07-18,2026-07-24,https://res.cloudinary.com/dfqzmnlga/image/upload/v1784348147/2026-07-18/11216127.jpg
11216184,10.00,Mex & Co,Mexicansk,Tortillawrap,1,0,pk.,Netto,https://static.tilbudsugen.dk/1st-retail/2026/30/65864/Netto302026-1_3_2487x3333_3686x5015_zoom.jpg,2026-07-18,2026-07-24,https://res.cloudinary.com/dfqzmnlga/image/upload/v1784348148/2026-07-18/11216184.jpg
11216194,17.00,Dolmio,Saucer,Lasagne Cheesy Sauce,1,0,gl.,Netto,https://static.tilbudsugen.dk/1st-retail/2026/30/65864/Netto302026-1_16_1723x2940_4982x6939_zoom.jpg,2026-07-18,2026-07-24,https://res.cloudinary.com/dfqzmnlga/image/upload/v1784348148/2026-07-18/11216194.jpg
11216196,17.00,Dolmio,Saucer,Al Forno Creamy Tomato,1,0,gl.,Netto,https://static.tilbudsugen.dk/1st-retail/2026/30/65864/Netto302026-1_16_1723x2940_4982x6939_zoom.jpg,2026-07-18,2026-07-24,https://res.cloudinary.com/dfqzmnlga/image/upload/v1784348149/2026-07-18/11216196.jpg
11216197,17.00,Dolmio,Saucer,Bolognese Krydret,1,0,gl.,Netto,https://static.tilbudsugen.dk/1st-retail/2026/30/65864/Netto302026-1_16_1723x2940_4982x6939_zoom.jpg,2026-07-18,2026-07-24,https://res.cloudinary.com/dfqzmnlga/image/upload/v1784348149/2026-07-18/11216197.jpg
11216192,17.00,Dolmio,Saucer,Lasagne Creamy,1,0,gl.,Netto,https://static.tilbudsugen.dk/1st-retail/2026/30/65864/Netto302026-1_16_1723x2940_4982x6939_zoom.jpg,2026-07-18,2026-07-24,https://res.cloudinary.com/dfqzmnlga/image/upload/v1784348150/2026-07-18/11216192.jpg
11216201,17.00,Ben's Original,Saucer,Medium Curry,1,0,gl.,Netto,https://static.tilbudsugen.dk/1st-retail/2026/30/65864/Netto302026-1_16_1723x2940_4982x6939_zoom.jpg,2026-07-18,2026-07-24,https://res.cloudinary.com/dfqzmnlga/image/upload/v1784348150/2026-07-18/11216201.jpg
11216198,17.00,Dolmio,Saucer,Bolognese Smooth Tomatsauce,1,0,gl.,Netto,https://static.tilbudsugen.dk/1st-retail/2026/30/65864/Netto302026-1_16_1723x2940_4982x6939_zoom.jpg,2026-07-18,2026-07-24,https://res.cloudinary.com/dfqzmnlga/image/upload/v1784348151/2026-07-18/11216198.jpg
11216199,17.00,Dolmio,Saucer,Bolognese Original,1,0,gl.,Netto,https://static.tilbudsugen.dk/1st-retail/2026/30/65864/Netto302026-1_16_1723x2940_4982x6939_zoom.jpg,2026-07-18,2026-07-24,https://res.cloudinary.com/dfqzmnlga/image/upload/v1784348151/2026-07-18/11216199.jpg
11216195,17.00,Dolmio,Saucer,Bolognese Hvitløk,1,0,gl.,Netto,https://static.tilbudsugen.dk/1st-retail/2026/30/65864/Netto302026-1_16_1723x2940_4982x6939_zoom.jpg,2026-07-18,2026-07-24,https://res.cloudinary.com/dfqzmnlga/image/upload/v1784348152/2026-07-18/11216195.jpg
11216200,17.00,Ben's Original,Saucer,Sweet & Sour Sauce,1,0,gl.,Netto,https://static.tilbudsugen.dk/1st-retail/2026/30/65864/Netto302026-1_16_1723x2940_4982x6939_zoom.jpg,2026-07-18,2026-07-24,https://res.cloudinary.com/dfqzmnlga/image/upload/v1784348152/2026-07-18/11216200.jpg
11216295,7.12,Mamone,Nødder & Kerner,Sesamfrø,1,0,ps.,Netto,https://static.tilbudsugen.dk/1st-retail/2026/30/65864/Netto302026-1_10_2830x718_4851x4567_zoom.jpg,2026-07-18,2026-07-24,https://res.cloudinary.com/dfqzmnlga/image/upload/v1784348153/2026-07-18/11216295.jpg
11216367,15.00,Jensens Køkken,Saucer,Favorit Sauce,1,0,fl.,Netto,https://static.tilbudsugen.dk/1st-retail/2026/30/65864/Netto302026-1_13_48x2814_1670x4842_zoom.jpg,2026-07-18,2026-07-24,https://res.cloudinary.com/dfqzmnlga/image/upload/v1784348153/2026-07-18/11216367.jpg
11216366,15.00,Jensens Køkken,Saucer,Bearnaisesauce,1,0,fl.,Netto,https://static.tilbudsugen.dk/1st-retail/2026/30/65864/Netto302026-1_13_48x2814_1670x4842_zoom.jpg,2026-07-18,2026-07-24,https://res.cloudinary.com/dfqzmnlga/image/upload/v1784348154/2026-07-18/11216366.jpg
11216268,65.00,ØGO,Sødemiddel,Honning,1,1,stk.,Netto,https://static.tilbudsugen.dk/1st-retail/2026/30/65864/Netto302026-1_9_1794x3848_2819x6282_zoom.jpg,2026-07-18,2026-07-24,https://res.cloudinary.com/dfqzmnlga/image/upload/v1784348154/2026-07-18/11216268.jpg
11216189,69.00,Piccardo,Olier,Olivenolie,1,0,fl.,Netto,https://static.tilbudsugen.dk/1st-retail/2026/30/65864/Netto302026-1_16_57x3030_1650x6907_zoom.jpg,2026-07-18,2026-07-24,https://res.cloudinary.com/dfqzmnlga/image/upload/v1784348154/2026-07-18/11216189.jpg
11216181,20.00,Harvest Best,Grønt-syltet,Syltet Rødløg,1,0,gl.,Netto,https://static.tilbudsugen.dk/1st-retail/2026/30/65864/Netto302026-1_3_3656x1269_4903x3041_zoom.jpg,2026-07-18,2026-07-24,https://res.cloudinary.com/dfqzmnlga/image/upload/v1784348155/2026-07-18/11216181.jpg
11216370,20.00,Løgismose,Saucer,Pesto Arancione,1,0,bg.,Netto,https://static.tilbudsugen.dk/1st-retail/2026/30/65864/Netto302026-1_13_3298x2808_4915x4854_zoom.jpg,2026-07-18,2026-07-24,https://res.cloudinary.com/dfqzmnlga/image/upload/v1784348155/2026-07-18/11216370.jpg
11216369,20.00,Løgismose,Saucer,Pesto Rosso,1,0,bg.,Netto,https://static.tilbudsugen.dk/1st-retail/2026/30/65864/Netto302026-1_13_3298x2808_4915x4854_zoom.jpg,2026-07-18,2026-07-24,https://res.cloudinary.com/dfqzmnlga/image/upload/v1784348156/2026-07-18/11216369.jpg
11216373,20.00,Løgismose,Saucer,Pesto Verde,1,0,bg.,Netto,https://static.tilbudsugen.dk/1st-retail/2026/30/65864/Netto302026-1_13_3298x2808_4915x4854_zoom.jpg,2026-07-18,2026-07-24,https://res.cloudinary.com/dfqzmnlga/image/upload/v1784348156/2026-07-18/11216373.jpg
11216186,29.00,Quaker,Morgenmadsprodukter,Rugfras,1,0,pk.,Netto,https://static.tilbudsugen.dk/1st-retail/2026/30/65864/Netto302026-1_16_1690x161_4982x2884_zoom.jpg,2026-07-18,2026-07-24,https://res.cloudinary.com/dfqzmnlga/image/upload/v1784348157/2026-07-18/11216186.jpg
11216187,29.00,Quaker,Morgenmadsprodukter,Havrefras,1,0,pk.,Netto,https://static.tilbudsugen.dk/1st-retail/2026/30/65864/Netto302026-1_16_1690x161_4982x2884_zoom.jpg,2026-07-18,2026-07-24,https://res.cloudinary.com/dfqzmnlga/image/upload/v1784348157/2026-07-18/11216187.jpg
11216188,29.00,Pauluns,Müsli & Granola,Granola Hasselnødder & Dadler,1,0,pk.,Netto,https://static.tilbudsugen.dk/1st-retail/2026/30/65864/Netto302026-1_16_1690x161_4982x2884_zoom.jpg,2026-07-18,2026-07-24,https://res.cloudinary.com/dfqzmnlga/image/upload/v1784348158/2026-07-18/11216188.jpg
11216185,29.00,Pauluns,Müsli & Granola,Granola Kakao & Hindbær,1,0,pk.,Netto,https://static.tilbudsugen.dk/1st-retail/2026/30/65864/Netto302026-1_16_1690x161_4982x2884_zoom.jpg,2026-07-18,2026-07-24,https://res.cloudinary.com/dfqzmnlga/image/upload/v1784348158/2026-07-18/11216185.jpg
11216285,39.00,Madame Butterfly,Müsli & Granola,Berry Boom Granola,1,0,ps.,Netto,https://static.tilbudsugen.dk/1st-retail/2026/30/65864/Netto302026-1_9_2779x3464_4867x5206_zoom.jpg,2026-07-18,2026-07-24,https://res.cloudinary.com/dfqzmnlga/image/upload/v1784348159/2026-07-18/11216285.jpg
11216276,39.00,Madame Butterfly,Müsli & Granola,Choco Loco Granola,1,0,ps.,Netto,https://static.tilbudsugen.dk/1st-retail/2026/30/65864/Netto302026-1_9_2779x3464_4867x5206_zoom.jpg,2026-07-18,2026-07-24,https://res.cloudinary.com/dfqzmnlga/image/upload/v1784348159/2026-07-18/11216276.jpg
11216289,39.00,Madame Butterfly,Müsli & Granola,Nutty Royal Granola,1,0,ps.,Netto,https://static.tilbudsugen.dk/1st-retail/2026/30/65864/Netto302026-1_9_2779x3464_4867x5206_zoom.jpg,2026-07-18,2026-07-24,https://res.cloudinary.com/dfqzmnlga/image/upload/v1784348160/2026-07-18/11216289.jpg
11216264,5.95,La Campagna,Pasta,Penne,1,0,ps.,Netto,https://static.tilbudsugen.dk/1st-retail/2026/30/65864/Netto302026-1_8_1586x1007_3256x3733_zoom.jpg,2026-07-18,2026-07-24,https://res.cloudinary.com/dfqzmnlga/image/upload/v1784348160/2026-07-18/11216264.jpg
11216267,5.95,La Campagna,Pasta,Fusilli,1,0,ps.,Netto,https://static.tilbudsugen.dk/1st-retail/2026/30/65864/Netto302026-1_8_1586x1007_3256x3733_zoom.jpg,2026-07-18,2026-07-24,https://res.cloudinary.com/dfqzmnlga/image/upload/v1784348160/2026-07-18/11216267.jpg
11216182,13.00,Bettini,Pasta,Fusilli,1,0,ps.,Netto,https://static.tilbudsugen.dk/1st-retail/2026/30/65864/Netto302026-1_16_114x193_1747x2835_zoom.jpg,2026-07-18,2026-07-24,https://res.cloudinary.com/dfqzmnlga/image/upload/v1784348161/2026-07-18/11216182.jpg
11216404,12.00,Taffel,Snacknødder & Nøddeblandinger,Cheddar Peanut Crunch,1,0,ps.,Netto,https://static.tilbudsugen.dk/1st-retail/2026/30/65864/Netto302026-1_14_1712x4854_4891x6829_zoom.jpg,2026-07-18,2026-07-24,https://res.cloudinary.com/dfqzmnlga/image/upload/v1784348161/2026-07-18/11216404.jpg
11216399,12.00,Taffel,Snacknødder & Nøddeblandinger,Saltede Peanuts,1,0,ps.,Netto,https://static.tilbudsugen.dk/1st-retail/2026/30/65864/Netto302026-1_14_1712x4854_4891x6829_zoom.jpg,2026-07-18,2026-07-24,https://res.cloudinary.com/dfqzmnlga/image/upload/v1784348162/2026-07-18/11216399.jpg
11209075,13.00,Taffel,Chips,Texas Style Barbecue Chips,1,0,ps.,Netto,https://static.tilbudsugen.dk/1st-retail/2026/29/65822/Netto292026-1_14_48x2832_1688x4824_zoom.jpg,2026-07-01,2026-07-31,https://res.cloudinary.com/dfqzmnlga/image/upload/v1784348162/2026-07-18/11209075.jpg
11209080,13.00,Taffel,Chips,Karamelliserede Rødløg Chips,1,0,ps.,Netto,https://static.tilbudsugen.dk/1st-retail/2026/29/65822/Netto292026-1_14_48x2832_1688x4824_zoom.jpg,2026-07-01,2026-07-31,https://res.cloudinary.com/dfqzmnlga/image/upload/v1784348163/2026-07-18/11209080.jpg
11216400,12.00,Taffel,Snacks,Peanut Crunch Sourcream & Onion,1,0,ps.,Netto,https://static.tilbudsugen.dk/1st-retail/2026/30/65864/Netto302026-1_14_1712x4854_4891x6829_zoom.jpg,2026-07-18,2026-07-24,https://res.cloudinary.com/dfqzmnlga/image/upload/v1784348163/2026-07-18/11216400.jpg
11216406,12.00,Taffel,Snacknødder & Nøddeblandinger,BBQ & Honey Style Peanut Fusion,1,0,ps.,Netto,https://static.tilbudsugen.dk/1st-retail/2026/30/65864/Netto302026-1_14_1712x4854_4891x6829_zoom.jpg,2026-07-18,2026-07-24,https://res.cloudinary.com/dfqzmnlga/image/upload/v1784348164/2026-07-18/11216406.jpg
11216405,12.00,Taffel,Snacknødder & Nøddeblandinger,Paprika Peanut Fusion,1,0,ps.,Netto,https://static.tilbudsugen.dk/1st-retail/2026/30/65864/Netto302026-1_14_1712x4854_4891x6829_zoom.jpg,2026-07-18,2026-07-24,https://res.cloudinary.com/dfqzmnlga/image/upload/v1784348164/2026-07-18/11216405.jpg
11216392,15.00,Pringles,Chips,Sour Cream & Onion Chips,1,0,ds.,Netto,https://static.tilbudsugen.dk/1st-retail/2026/30/65864/Netto302026-1_14_0x4848_1742x6829_zoom.jpg,2026-07-18,2026-07-24,https://res.cloudinary.com/dfqzmnlga/image/upload/v1784348165/2026-07-18/11216392.jpg
11216393,15.00,Pringles,Chips,Paprikachips,1,0,ds.,Netto,https://static.tilbudsugen.dk/1st-retail/2026/30/65864/Netto302026-1_14_0x4848_1742x6829_zoom.jpg,2026-07-18,2026-07-24,https://res.cloudinary.com/dfqzmnlga/image/upload/v1784348166/2026-07-18/11216393.jpg
11216394,15.00,Pringles,Chips,Original Chips,1,0,ds.,Netto,https://static.tilbudsugen.dk/1st-retail/2026/30/65864/Netto302026-1_14_0x4848_1742x6829_zoom.jpg,2026-07-18,2026-07-24,https://res.cloudinary.com/dfqzmnlga/image/upload/v1784348166/2026-07-18/11216394.jpg
11216391,15.00,Pringles,Chips,Hot & Spicy Chips,1,0,ds.,Netto,https://static.tilbudsugen.dk/1st-retail/2026/30/65864/Netto302026-1_14_0x4848_1742x6829_zoom.jpg,2026-07-18,2026-07-24,https://res.cloudinary.com/dfqzmnlga/image/upload/v1784348167/2026-07-18/11216391.jpg
11209076,13.00,Taffel,Chips,Sour Cream & Onion Chips,1,0,ps.,Netto,https://static.tilbudsugen.dk/1st-retail/2026/29/65822/Netto292026-1_14_48x2832_1688x4824_zoom.jpg,2026-07-01,2026-07-31,https://res.cloudinary.com/dfqzmnlga/image/upload/v1784348167/2026-07-18/11209076.jpg
11209077,13.00,Taffel,Chips,Original Chips,1,0,ps.,Netto,https://static.tilbudsugen.dk/1st-retail/2026/29/65822/Netto292026-1_14_48x2832_1688x4824_zoom.jpg,2026-07-01,2026-07-31,https://res.cloudinary.com/dfqzmnlga/image/upload/v1784348168/2026-07-18/11209077.jpg
11209078,13.00,Taffel,Snacks,Chicken Pomm´s Snacks,1,0,ps.,Netto,https://static.tilbudsugen.dk/1st-retail/2026/29/65822/Netto292026-1_14_48x2832_1688x4824_zoom.jpg,2026-07-01,2026-07-31,https://res.cloudinary.com/dfqzmnlga/image/upload/v1784348168/2026-07-18/11209078.jpg
11209073,13.00,Taffel,Snacks,Osterejer Cheddar,1,0,ps.,Netto,https://static.tilbudsugen.dk/1st-retail/2026/29/65822/Netto292026-1_14_48x2832_1688x4824_zoom.jpg,2026-07-01,2026-07-31,https://res.cloudinary.com/dfqzmnlga/image/upload/v1784348169/2026-07-18/11209073.jpg
11209081,13.00,Taffel,Snacks,SuperCrunch  Snacks,1,0,ps.,Netto,https://static.tilbudsugen.dk/1st-retail/2026/29/65822/Netto292026-1_14_48x2832_1688x4824_zoom.jpg,2026-07-01,2026-07-31,https://res.cloudinary.com/dfqzmnlga/image/upload/v1784348170/2026-07-18/11209081.jpg
11216402,12.00,Taffel,Snacknødder & Nøddeblandinger,Honningristet Cashew mix,1,0,ps.,Netto,https://static.tilbudsugen.dk/1st-retail/2026/30/65864/Netto302026-1_14_1712x4854_4891x6829_zoom.jpg,2026-07-18,2026-07-24,https://res.cloudinary.com/dfqzmnlga/image/upload/v1784348170/2026-07-18/11216402.jpg
11216401,12.00,Taffel,Snacknødder & Nøddeblandinger,Nøddemix sweet og spicy,1,0,pk.,Netto,https://static.tilbudsugen.dk/1st-retail/2026/30/65864/Netto302026-1_14_1712x4854_4891x6829_zoom.jpg,2026-07-18,2026-07-24,https://res.cloudinary.com/dfqzmnlga/image/upload/v1784348171/2026-07-18/11216401.jpg
11216403,12.00,Taffel,Snacknødder & Nøddeblandinger,Mix af ristede nødder,1,0,ps.,Netto,https://static.tilbudsugen.dk/1st-retail/2026/30/65864/Netto302026-1_14_1712x4854_4891x6829_zoom.jpg,2026-07-18,2026-07-24,https://res.cloudinary.com/dfqzmnlga/image/upload/v1784348171/2026-07-18/11216403.jpg
11209079,13.00,Taffel,Chips,Linsechips Sourcream & Onion,1,0,ps.,Netto,https://static.tilbudsugen.dk/1st-retail/2026/29/65822/Netto292026-1_14_48x2832_1688x4824_zoom.jpg,2026-07-01,2026-07-31,https://res.cloudinary.com/dfqzmnlga/image/upload/v1784348172/2026-07-18/11209079.jpg
11216396,30.00,Engelsk Vingummi,Slik,Vingummi ,1,0,ps.,Netto,https://static.tilbudsugen.dk/1st-retail/2026/30/65864/Netto302026-1_14_1646x2814_4962x4842_zoom.jpg,2026-07-18,2026-07-24,https://res.cloudinary.com/dfqzmnlga/image/upload/v1784348172/2026-07-18/11216396.jpg
11216397,30.00,Blød i Bolden,Slik,Slikposer,1,0,ps.,Netto,https://static.tilbudsugen.dk/1st-retail/2026/30/65864/Netto302026-1_14_1646x2814_4962x4842_zoom.jpg,2026-07-18,2026-07-24,https://res.cloudinary.com/dfqzmnlga/image/upload/v1784348173/2026-07-18/11216397.jpg
11216398,30.00,Op På Lakridserne,Slik,Slikposer,1,0,ps.,Netto,https://static.tilbudsugen.dk/1st-retail/2026/30/65864/Netto302026-1_14_1646x2814_4962x4842_zoom.jpg,2026-07-18,2026-07-24,https://res.cloudinary.com/dfqzmnlga/image/upload/v1784348173/2026-07-18/11216398.jpg
11216395,30.00,Millionær Mix,Slik,Slikposer,1,0,ps.,Netto,https://static.tilbudsugen.dk/1st-retail/2026/30/65864/Netto302026-1_14_1646x2814_4962x4842_zoom.jpg,2026-07-18,2026-07-24,https://res.cloudinary.com/dfqzmnlga/image/upload/v1784348174/2026-07-18/11216395.jpg
11216174,10.00,Tappsy,Slik,Slikposer,1,0,ps.,Netto,https://static.tilbudsugen.dk/1st-retail/2026/30/65864/Netto302026-1_2_60x2587_2338x4681_zoom.jpg,2026-07-18,2026-07-24,https://res.cloudinary.com/dfqzmnlga/image/upload/v1784348174/2026-07-18/11216174.jpg
11216175,10.00,Eventyrland,Slik,Slikpose Rainbow Edition,1,0,ps.,Netto,https://static.tilbudsugen.dk/1st-retail/2026/30/65864/Netto302026-1_2_60x2587_2338x4681_zoom.jpg,2026-07-18,2026-07-24,https://res.cloudinary.com/dfqzmnlga/image/upload/v1784348175/2026-07-18/11216175.jpg
11216157,10.00,Sallos,Slik,Bolsjer,1,0,ps.,Netto,https://static.tilbudsugen.dk/1st-retail/2026/30/65864/Netto302026-1_2_60x2587_2338x4681_zoom.jpg,2026-07-18,2026-07-24,https://res.cloudinary.com/dfqzmnlga/image/upload/v1784348175/2026-07-18/11216157.jpg
11216171,10.00,Salte Fisk,Slik,Slikposer,1,0,ps.,Netto,https://static.tilbudsugen.dk/1st-retail/2026/30/65864/Netto302026-1_2_60x2587_2338x4681_zoom.jpg,2026-07-18,2026-07-24,https://res.cloudinary.com/dfqzmnlga/image/upload/v1784348175/2026-07-18/11216171.jpg
11216173,10.00,Party Fred,Slik,Slikposer,1,0,ps.,Netto,https://static.tilbudsugen.dk/1st-retail/2026/30/65864/Netto302026-1_2_60x2587_2338x4681_zoom.jpg,2026-07-18,2026-07-24,https://res.cloudinary.com/dfqzmnlga/image/upload/v1784348176/2026-07-18/11216173.jpg
11216176,10.00,Eventyrland,Slik,Slikpose Sour,1,0,ps.,Netto,https://static.tilbudsugen.dk/1st-retail/2026/30/65864/Netto302026-1_2_60x2587_2338x4681_zoom.jpg,2026-07-18,2026-07-24,https://res.cloudinary.com/dfqzmnlga/image/upload/v1784348177/2026-07-18/11216176.jpg
11216172,10.00,Lykke Mix,Slik,Slikposer,1,0,ps.,Netto,https://static.tilbudsugen.dk/1st-retail/2026/30/65864/Netto302026-1_2_60x2587_2338x4681_zoom.jpg,2026-07-18,2026-07-24,https://res.cloudinary.com/dfqzmnlga/image/upload/v1784348177/2026-07-18/11216172.jpg
11216170,10.00,Bredbånd,Slik,Slikpose Sour,1,0,ps.,Netto,https://static.tilbudsugen.dk/1st-retail/2026/30/65864/Netto302026-1_2_60x2587_2338x4681_zoom.jpg,2026-07-18,2026-07-24,https://res.cloudinary.com/dfqzmnlga/image/upload/v1784348178/2026-07-18/11216170.jpg
11216407,35.00,Nutella,Smørepålæg,Smørepålæg,1,0,gl.,Netto,https://static.tilbudsugen.dk/1st-retail/2026/30/65864/Netto302026-1_15_1636x684_3277x2841_zoom.jpg,2026-07-18,2026-07-24,https://res.cloudinary.com/dfqzmnlga/image/upload/v1784348178/2026-07-18/11216407.jpg
11216417,40.00,Løgismose,Pålægschokolade,Pålægschokolade Lys,1,0,pk.,Netto,https://static.tilbudsugen.dk/1st-retail/2026/30/65864/Netto302026-1_15_131x5182_2779x6769_zoom.jpg,2026-07-18,2026-07-24,https://res.cloudinary.com/dfqzmnlga/image/upload/v1784348178/2026-07-18/11216417.jpg
11216418,40.00,Løgismose,Pålægschokolade,Pålægschokolade Mørk,1,0,pk.,Netto,https://static.tilbudsugen.dk/1st-retail/2026/30/65864/Netto302026-1_15_131x5182_2779x6769_zoom.jpg,2026-07-18,2026-07-24,https://res.cloudinary.com/dfqzmnlga/image/upload/v1784348179/2026-07-18/11216418.jpg
11216363,25.00,Bistronne,Fjerkræ,Kyllingestrimler,1,0,ps.,Netto,https://static.tilbudsugen.dk/1st-retail/2026/30/65864/Netto302026-1_13_18x4866_1670x6835_zoom.jpg,2026-07-18,2026-07-24,https://res.cloudinary.com/dfqzmnlga/image/upload/v1784348179/2026-07-18/11216363.jpg
11216365,25.00,Bistronne,Fjerkræ,Kyllingekebab,1,0,ps.,Netto,https://static.tilbudsugen.dk/1st-retail/2026/30/65864/Netto302026-1_13_18x4866_1670x6835_zoom.jpg,2026-07-18,2026-07-24,https://res.cloudinary.com/dfqzmnlga/image/upload/v1784348180/2026-07-18/11216365.jpg
11216374,25.00,Navito,Rejer og andre skaldyr,Vannameirejer,1,0,ps.,Netto,https://static.tilbudsugen.dk/1st-retail/2026/30/65864/Netto302026-1_13_60x792_1646x2826_zoom.jpg,2026-07-18,2026-07-24,https://res.cloudinary.com/dfqzmnlga/image/upload/v1784348181/2026-07-18/11216374.jpg
11216385,25.00,Navito,Rejer og andre skaldyr,Vannameirejer,1,0,ps.,Netto,https://static.tilbudsugen.dk/1st-retail/2026/30/65864/Netto302026-1_13_60x792_1646x2826_zoom.jpg,2026-07-18,2026-07-24,https://res.cloudinary.com/dfqzmnlga/image/upload/v1784348182/2026-07-18/11216385.jpg
11216386,25.00,Navito,Rejer og andre skaldyr,Rejer,1,0,ps.,Netto,https://static.tilbudsugen.dk/1st-retail/2026/30/65864/Netto302026-1_13_60x792_1646x2826_zoom.jpg,2026-07-18,2026-07-24,https://res.cloudinary.com/dfqzmnlga/image/upload/v1784348182/2026-07-18/11216386.jpg
11197776,25.00,Minecraft,Multipak,Ispinde,1,4,pk.,Netto,https://static.tilbudsugen.dk/1st-retail/2026/28/65760/Netto272026-1_2_0x2249_2396x4735_zoom.jpg,2026-07-01,2026-07-31,https://res.cloudinary.com/dfqzmnlga/image/upload/v1784348183/2026-07-18/11197776.jpg
11216297,24.97,Underground,Multipak,Isvaffel Salty Caramel,1,3,pk.,Netto,https://static.tilbudsugen.dk/1st-retail/2026/30/65864/Netto302026-1_10_57x3446_2343x6860_zoom.jpg,2026-07-18,2026-07-24,https://res.cloudinary.com/dfqzmnlga/image/upload/v1784348183/2026-07-18/11216297.jpg
11197782,25.00,Magnum,Multipak,Almond ispinde,1,3,pk.,Netto,https://static.tilbudsugen.dk/1st-retail/2026/28/65760/Netto272026-1_2_0x2249_2396x4735_zoom.jpg,2026-07-01,2026-07-31,https://res.cloudinary.com/dfqzmnlga/image/upload/v1784348183/2026-07-18/11197782.jpg
11197789,25.00,Magnum,Multipak,La-Peche ispinde,1,3,pk.,Netto,https://static.tilbudsugen.dk/1st-retail/2026/28/65760/Netto272026-1_2_0x2249_2396x4735_zoom.jpg,2026-07-01,2026-07-31,https://res.cloudinary.com/dfqzmnlga/image/upload/v1784348184/2026-07-18/11197789.jpg
11197821,25.00,Magnum,Multipak,La-Pistachie ispinde,1,3,pk.,Netto,https://static.tilbudsugen.dk/1st-retail/2026/28/65760/Netto272026-1_2_0x2249_2396x4735_zoom.jpg,2026-07-01,2026-07-31,https://res.cloudinary.com/dfqzmnlga/image/upload/v1784348184/2026-07-18/11197821.jpg
11197769,25.00,Magnum,Multipak,Classic ispinde,1,3,pk.,Netto,https://static.tilbudsugen.dk/1st-retail/2026/28/65760/Netto272026-1_2_0x2249_2396x4735_zoom.jpg,2026-07-01,2026-07-31,https://res.cloudinary.com/dfqzmnlga/image/upload/v1784348185/2026-07-18/11197769.jpg
11197775,25.00,Solero Exotic,Multipak,Ispinde,1,3,pk.,Netto,https://static.tilbudsugen.dk/1st-retail/2026/28/65760/Netto272026-1_2_0x2249_2396x4735_zoom.jpg,2026-07-01,2026-07-31,https://res.cloudinary.com/dfqzmnlga/image/upload/v1784348185/2026-07-18/11197775.jpg
11197823,25.00,Magnum,Multipak,Double Gold Caramel Billionaire ispinde,1,3,pk.,Netto,https://static.tilbudsugen.dk/1st-retail/2026/28/65760/Netto272026-1_2_0x2249_2396x4735_zoom.jpg,2026-07-01,2026-07-31,https://res.cloudinary.com/dfqzmnlga/image/upload/v1784348186/2026-07-18/11197823.jpg
11197825,25.00,Magnum,Multipak,Euphoria Ispinde ,1,3,pk.,Netto,https://static.tilbudsugen.dk/1st-retail/2026/28/65760/Netto272026-1_2_0x2249_2396x4735_zoom.jpg,2026-07-01,2026-07-31,https://res.cloudinary.com/dfqzmnlga/image/upload/v1784348186/2026-07-18/11197825.jpg
11216377,35.00,Gelato Classico,Is,Stracciatella is,1,0,bg.,Netto,https://static.tilbudsugen.dk/1st-retail/2026/30/65864/Netto302026-1_13_1676x702_3280x2910_zoom.jpg,2026-07-18,2026-07-24,https://res.cloudinary.com/dfqzmnlga/image/upload/v1784348186/2026-07-18/11216377.jpg
11216376,35.00,Gelato Classico,Is,Vanilla Mango is,1,0,bg.,Netto,https://static.tilbudsugen.dk/1st-retail/2026/30/65864/Netto302026-1_13_1676x702_3280x2910_zoom.jpg,2026-07-18,2026-07-24,https://res.cloudinary.com/dfqzmnlga/image/upload/v1784348187/2026-07-18/11216376.jpg
11216380,35.00,Gelato Classico,Is,Strawberry is,1,0,bg.,Netto,https://static.tilbudsugen.dk/1st-retail/2026/30/65864/Netto302026-1_13_1676x702_3280x2910_zoom.jpg,2026-07-18,2026-07-24,https://res.cloudinary.com/dfqzmnlga/image/upload/v1784348187/2026-07-18/11216380.jpg
11216379,35.00,Gelato Classico,Is,Salted Caramel is,1,0,bg.,Netto,https://static.tilbudsugen.dk/1st-retail/2026/30/65864/Netto302026-1_13_1676x702_3280x2910_zoom.jpg,2026-07-18,2026-07-24,https://res.cloudinary.com/dfqzmnlga/image/upload/v1784348188/2026-07-18/11216379.jpg
11216375,35.00,Gelato Classico,Is,Chocolate & Cocoa Is,1,0,bg.,Netto,https://static.tilbudsugen.dk/1st-retail/2026/30/65864/Netto302026-1_13_1676x702_3280x2910_zoom.jpg,2026-07-18,2026-07-24,https://res.cloudinary.com/dfqzmnlga/image/upload/v1784348188/2026-07-18/11216375.jpg
11216378,35.00,Gelato Classico,Is,Bourbon Vanilla Is,1,0,bg.,Netto,https://static.tilbudsugen.dk/1st-retail/2026/30/65864/Netto302026-1_13_1676x702_3280x2910_zoom.jpg,2026-07-18,2026-07-24,https://res.cloudinary.com/dfqzmnlga/image/upload/v1784348189/2026-07-18/11216378.jpg
11216147,10.00,at home CLEAN,Rengøringsartikler,Rengøringsservietter,1,55,pk.,Netto,https://static.tilbudsugen.dk/1st-retail/2026/30/65864/Netto302026-1_2_71x4717_2356x6835_zoom.jpg,2026-07-18,2026-07-24,https://res.cloudinary.com/dfqzmnlga/image/upload/v1784348189/2026-07-18/11216147.jpg
11216149,10.00,at home CLEAN,Opvask,Maskinopvask-tabs,1,16,pk.,Netto,https://static.tilbudsugen.dk/1st-retail/2026/30/65864/Netto302026-1_2_71x4717_2356x6835_zoom.jpg,2026-07-18,2026-07-24,https://res.cloudinary.com/dfqzmnlga/image/upload/v1784348190/2026-07-18/11216149.jpg
11216328,39.00,Dun-let,Skyllemiddel,Skyllemiddel,1,2,stk.,Netto,https://static.tilbudsugen.dk/1st-retail/2026/30/65864/Netto302026-1_20_1658x2729_3291x4842_zoom.jpg,2026-07-18,2026-07-24,https://res.cloudinary.com/dfqzmnlga/image/upload/v1784348190/2026-07-18/11216328.jpg
11216137,10.00,at home CLEAN,Opvask,Opvaskemiddel,1,0,fl.,Netto,https://static.tilbudsugen.dk/1st-retail/2026/30/65864/Netto302026-1_2_71x4717_2356x6835_zoom.jpg,2026-07-18,2026-07-24,https://res.cloudinary.com/dfqzmnlga/image/upload/v1784348191/2026-07-18/11216137.jpg
11216135,29.00,Neutral,Vaskemiddel,Vaskepulver,1,1,pk.,Netto,https://static.tilbudsugen.dk/1st-retail/2026/30/65864/Netto302026-1_2_2326x4681_4968x6811_zoom.jpg,2026-07-18,2026-07-24,https://res.cloudinary.com/dfqzmnlga/image/upload/v1784348191/2026-07-18/11216135.jpg
11216329,39.00,A+,Vaskemiddel,Vaskemiddel-flydende,1,1,stk.,Netto,https://static.tilbudsugen.dk/1st-retail/2026/30/65864/Netto302026-1_20_1658x2729_3291x4842_zoom.jpg,2026-07-18,2026-07-24,https://res.cloudinary.com/dfqzmnlga/image/upload/v1784348192/2026-07-18/11216329.jpg
11216136,29.00,Neutral,Skyllemiddel,Skyllemiddel,1,1,stk.,Netto,https://static.tilbudsugen.dk/1st-retail/2026/30/65864/Netto302026-1_2_2326x4681_4968x6811_zoom.jpg,2026-07-18,2026-07-24,https://res.cloudinary.com/dfqzmnlga/image/upload/v1784348193/2026-07-18/11216136.jpg
11216330,22.00,Ajax,Rengøringsmidler,Rengøring - universal,1,0,fl.,Netto,https://static.tilbudsugen.dk/1st-retail/2026/30/65864/Netto302026-1_20_57x2753_1682x4867_zoom.jpg,2026-07-18,2026-07-24,https://res.cloudinary.com/dfqzmnlga/image/upload/v1784348193/2026-07-18/11216330.jpg
11216151,10.00,at home CLEAN,Opvask,Maskinrens,1,0,stk.,Netto,https://static.tilbudsugen.dk/1st-retail/2026/30/65864/Netto302026-1_2_71x4717_2356x6835_zoom.jpg,2026-07-18,2026-07-24,https://res.cloudinary.com/dfqzmnlga/image/upload/v1784348194/2026-07-18/11216151.jpg
11216134,29.00,Neutral,Vaskemiddel,Vaskemiddel-flydende,1,0,fl.,Netto,https://static.tilbudsugen.dk/1st-retail/2026/30/65864/Netto302026-1_2_2326x4681_4968x6811_zoom.jpg,2026-07-18,2026-07-24,https://res.cloudinary.com/dfqzmnlga/image/upload/v1784348194/2026-07-18/11216134.jpg
11216333,22.00,Domestos,Rengøringsmidler,WC-rens,1,0,fl.,Netto,https://static.tilbudsugen.dk/1st-retail/2026/30/65864/Netto302026-1_20_57x2753_1682x4867_zoom.jpg,2026-07-18,2026-07-24,https://res.cloudinary.com/dfqzmnlga/image/upload/v1784348195/2026-07-18/11216333.jpg
11169296,10.00,,Papir,Servietter,1,20,pk.,Netto,https://static.tilbudsugen.dk/1st-retail/2026/25/65608/Netto252026-1_32_2496x2136_4854x3480_zoom.jpg,2026-06-13,2026-07-24,https://res.cloudinary.com/dfqzmnlga/image/upload/v1784348196/2026-07-18/11169296.jpg
11169282,30.00,,Stearinlys,Glaslys,1,0,stk.,Netto,https://static.tilbudsugen.dk/1st-retail/2026/25/65608/Netto252026-1_31_1458x4045_2826x5353_zoom.jpg,2026-06-13,2026-07-24,https://res.cloudinary.com/dfqzmnlga/image/upload/v1784348197/2026-07-18/11169282.jpg
11216326,239.00,Nicorette,Nikotinprodukter,Sugetabletter,1,160,pk.,Netto,https://static.tilbudsugen.dk/1st-retail/2026/30/65864/Netto302026-1_20_89x4818_2308x6850_zoom.jpg,2026-07-18,2026-07-24,https://res.cloudinary.com/dfqzmnlga/image/upload/v1784348198/2026-07-18/11216326.jpg
11216327,239.00,Nicorette,Nikotinprodukter,Nikotintyggegummi,1,160,pk.,Netto,https://static.tilbudsugen.dk/1st-retail/2026/30/65864/Netto302026-1_20_89x4818_2308x6850_zoom.jpg,2026-07-18,2026-07-24,https://res.cloudinary.com/dfqzmnlga/image/upload/v1784348198/2026-07-18/11216327.jpg
11216292,9.00,Hello Sensitive,Vådservietter,Vådservietter,1,100,pk.,Netto,https://static.tilbudsugen.dk/1st-retail/2026/30/65864/Netto302026-1_19_89x2510_1739x4103_zoom.jpg,2026-07-18,2026-07-24,https://res.cloudinary.com/dfqzmnlga/image/upload/v1784348198/2026-07-18/11216292.jpg
11216338,12.00,Palmolive,"Sæbe, bad, dusch",Bodyshampoo,1,0,stk.,Netto,https://static.tilbudsugen.dk/1st-retail/2026/30/65864/Netto302026-1_20_32x624_2535x2835_zoom.jpg,2026-07-18,2026-07-24,https://res.cloudinary.com/dfqzmnlga/image/upload/v1784348199/2026-07-18/11216338.jpg
11216339,12.00,Palmolive,"Sæbe, bad, dusch",Flydende sæbe,1,0,stk.,Netto,https://static.tilbudsugen.dk/1st-retail/2026/30/65864/Netto302026-1_20_32x624_2535x2835_zoom.jpg,2026-07-18,2026-07-24,https://res.cloudinary.com/dfqzmnlga/image/upload/v1784348199/2026-07-18/11216339.jpg
11216337,12.00,Palmolive Men,"Sæbe, bad, dusch",Bodyshampoo,1,0,stk.,Netto,https://static.tilbudsugen.dk/1st-retail/2026/30/65864/Netto302026-1_20_32x624_2535x2835_zoom.jpg,2026-07-18,2026-07-24,https://res.cloudinary.com/dfqzmnlga/image/upload/v1784348200/2026-07-18/11216337.jpg
11216332,12.00,Pantene pro-v,Shampoo,Shampoo,1,0,stk.,Netto,https://static.tilbudsugen.dk/1st-retail/2026/30/65864/Netto302026-1_20_32x624_2535x2835_zoom.jpg,2026-07-18,2026-07-24,https://res.cloudinary.com/dfqzmnlga/image/upload/v1784348200/2026-07-18/11216332.jpg
11216336,12.00,Pantene pro-v,Balsam,Balsam,1,0,stk.,Netto,https://static.tilbudsugen.dk/1st-retail/2026/30/65864/Netto302026-1_20_32x624_2535x2835_zoom.jpg,2026-07-18,2026-07-24,https://res.cloudinary.com/dfqzmnlga/image/upload/v1784348201/2026-07-18/11216336.jpg
11216335,39.00,Aussie,Shampoo,Shampoo,1,0,fl.,Netto,https://static.tilbudsugen.dk/1st-retail/2026/30/65864/Netto302026-1_20_2479x543_4957x2802_zoom.jpg,2026-07-18,2026-07-24,https://res.cloudinary.com/dfqzmnlga/image/upload/v1784348201/2026-07-18/11216335.jpg
11216334,39.00,Aussie,Balsam,Balsam,1,0,stk.,Netto,https://static.tilbudsugen.dk/1st-retail/2026/30/65864/Netto302026-1_20_2479x543_4957x2802_zoom.jpg,2026-07-18,2026-07-24,https://res.cloudinary.com/dfqzmnlga/image/upload/v1784348202/2026-07-18/11216334.jpg
11216340,12.00,Palmolive,Deodorant,Deo Roll-on,1,0,stk.,Netto,https://static.tilbudsugen.dk/1st-retail/2026/30/65864/Netto302026-1_20_32x624_2535x2835_zoom.jpg,2026-07-18,2026-07-24,https://res.cloudinary.com/dfqzmnlga/image/upload/v1784348202/2026-07-18/11216340.jpg
11216341,12.00,Palmolive Men,Deodorant,Deo Roll-on,1,0,stk.,Netto,https://static.tilbudsugen.dk/1st-retail/2026/30/65864/Netto302026-1_20_32x624_2535x2835_zoom.jpg,2026-07-18,2026-07-24,https://res.cloudinary.com/dfqzmnlga/image/upload/v1784348203/2026-07-18/11216341.jpg
11216331,39.00,Bruno Banani,Deodorant,Deospray,1,0,stk.,Netto,https://static.tilbudsugen.dk/1st-retail/2026/30/65864/Netto302026-1_20_2479x543_4957x2802_zoom.jpg,2026-07-18,2026-07-24,https://res.cloudinary.com/dfqzmnlga/image/upload/v1784348203/2026-07-18/11216331.jpg
11216282,79.00,Nivea,Solbeskyttelse,Solcreme,1,0,stk.,Netto,https://static.tilbudsugen.dk/1st-retail/2026/30/65864/Netto302026-1_18_89x3761_4990x6923_zoom.jpg,2026-07-18,2026-07-24,https://res.cloudinary.com/dfqzmnlga/image/upload/v1784348204/2026-07-18/11216282.jpg
11216281,89.00,Nivea,Solbeskyttelse,Solcreme,1,0,stk.,Netto,https://static.tilbudsugen.dk/1st-retail/2026/30/65864/Netto302026-1_18_2706x787_4925x3859_zoom.jpg,2026-07-18,2026-07-24,https://res.cloudinary.com/dfqzmnlga/image/upload/v1784348204/2026-07-18/11216281.jpg
11216283,79.00,Nivea,Solbeskyttelse,Aftersun,1,0,stk.,Netto,https://static.tilbudsugen.dk/1st-retail/2026/30/65864/Netto302026-1_18_89x3761_4990x6923_zoom.jpg,2026-07-18,2026-07-24,https://res.cloudinary.com/dfqzmnlga/image/upload/v1784348205/2026-07-18/11216283.jpg
11216280,64.00,Hello Sensitive,Solbeskyttelse,Solcreme,1,0,stk.,Netto,https://static.tilbudsugen.dk/1st-retail/2026/30/65864/Netto302026-1_18_24x762_2495x3843_zoom.jpg,2026-07-18,2026-07-24,https://res.cloudinary.com/dfqzmnlga/image/upload/v1784348205/2026-07-18/11216280.jpg
11216284,79.00,Derma Supreme,Solbeskyttelse,Solcreme,1,0,stk.,Netto,https://static.tilbudsugen.dk/1st-retail/2026/30/65864/Netto302026-1_18_89x3761_4990x6923_zoom.jpg,2026-07-18,2026-07-24,https://res.cloudinary.com/dfqzmnlga/image/upload/v1784348205/2026-07-18/11216284.jpg
11216291,10.00,Hello Sensitive,Babypleje,Skumklude,1,50,pk.,Netto,https://static.tilbudsugen.dk/1st-retail/2026/30/65864/Netto302026-1_19_1568x2363_3299x4038_zoom.jpg,2026-07-18,2026-07-24,https://res.cloudinary.com/dfqzmnlga/image/upload/v1784348206/2026-07-18/11216291.jpg
11216293,22.95,Newborn,Bleer,Bleer str 1 2-4 kg,1,28,pk.,Netto,https://static.tilbudsugen.dk/1st-retail/2026/30/65864/Netto302026-1_19_203x4086_4860x6834_zoom.jpg,2026-07-18,2026-07-24,https://res.cloudinary.com/dfqzmnlga/image/upload/v1784348206/2026-07-18/11216293.jpg
11216306,52.95,Midi,Bleer,Bleer str 3 4-9 kg,1,56,pk.,Netto,https://static.tilbudsugen.dk/1st-retail/2026/30/65864/Netto302026-1_19_203x4086_4860x6834_zoom.jpg,2026-07-18,2026-07-24,https://res.cloudinary.com/dfqzmnlga/image/upload/v1784348207/2026-07-18/11216306.jpg
11216307,52.95,Maxi,Bleer,Bleer str 4 7-18 kg,1,50,pk.,Netto,https://static.tilbudsugen.dk/1st-retail/2026/30/65864/Netto302026-1_19_203x4086_4860x6834_zoom.jpg,2026-07-18,2026-07-24,https://res.cloudinary.com/dfqzmnlga/image/upload/v1784348207/2026-07-18/11216307.jpg
11216308,52.95,Junior,Bleer,Bleer str 5 11-25 kg,1,44,pk.,Netto,https://static.tilbudsugen.dk/1st-retail/2026/30/65864/Netto302026-1_19_203x4086_4860x6834_zoom.jpg,2026-07-18,2026-07-24,https://res.cloudinary.com/dfqzmnlga/image/upload/v1784348208/2026-07-18/11216308.jpg
11216309,52.95,XL,Bleer,Bleer str 6 15-30 kg,1,40,pk.,Netto,https://static.tilbudsugen.dk/1st-retail/2026/30/65864/Netto302026-1_19_203x4086_4860x6834_zoom.jpg,2026-07-18,2026-07-24,https://res.cloudinary.com/dfqzmnlga/image/upload/v1784348208/2026-07-18/11216309.jpg
11216305,33.95,Junior,Bleer,Bleer str 5 Pants 12-17 kg,1,20,pk.,Netto,https://static.tilbudsugen.dk/1st-retail/2026/30/65864/Netto302026-1_19_203x4086_4860x6834_zoom.jpg,2026-07-18,2026-07-24,https://res.cloudinary.com/dfqzmnlga/image/upload/v1784348208/2026-07-18/11216305.jpg
11216304,32.95,XL,Bleer,Bleer str 6 Pants 15+ kg,1,18,pk.,Netto,https://static.tilbudsugen.dk/1st-retail/2026/30/65864/Netto302026-1_19_203x4086_4860x6834_zoom.jpg,2026-07-18,2026-07-24,https://res.cloudinary.com/dfqzmnlga/image/upload/v1784348209/2026-07-18/11216304.jpg
11216311,30.95,XXL Pants,Bleer,Bleer str 7 17+ kg,1,16,pk.,Netto,https://static.tilbudsugen.dk/1st-retail/2026/30/65864/Netto302026-1_19_203x4086_4860x6834_zoom.jpg,2026-07-18,2026-07-24,https://res.cloudinary.com/dfqzmnlga/image/upload/v1784348209/2026-07-18/11216311.jpg
11216315,79.00,Touch,Bleer,Bleer str 3 5-8 kg,1,40,pk.,Netto,https://static.tilbudsugen.dk/1st-retail/2026/30/65864/Netto302026-1_20_3259x2875_4884x4932_zoom.jpg,2026-07-18,2026-07-24,https://res.cloudinary.com/dfqzmnlga/image/upload/v1784348210/2026-07-18/11216315.jpg
11216316,79.00,Touch,Bleer,Bleer str 4 7-12 kg,1,36,pk.,Netto,https://static.tilbudsugen.dk/1st-retail/2026/30/65864/Netto302026-1_20_3259x2875_4884x4932_zoom.jpg,2026-07-18,2026-07-24,https://res.cloudinary.com/dfqzmnlga/image/upload/v1784348211/2026-07-18/11216316.jpg
11216317,79.00,Touch,Bleer,Bleer str 5 9-14 kg,1,33,pk.,Netto,https://static.tilbudsugen.dk/1st-retail/2026/30/65864/Netto302026-1_20_3259x2875_4884x4932_zoom.jpg,2026-07-18,2026-07-24,https://res.cloudinary.com/dfqzmnlga/image/upload/v1784348211/2026-07-18/11216317.jpg
11216320,79.00,Touch,Bleer,Bleer str 3 Pants 5-8 kg,1,30,pk.,Netto,https://static.tilbudsugen.dk/1st-retail/2026/30/65864/Netto302026-1_20_3259x2875_4884x4932_zoom.jpg,2026-07-18,2026-07-24,https://res.cloudinary.com/dfqzmnlga/image/upload/v1784348212/2026-07-18/11216320.jpg
11216318,79.00,Touch,Bleer,Bleer str 6 13-20 kg,1,30,pk.,Netto,https://static.tilbudsugen.dk/1st-retail/2026/30/65864/Netto302026-1_20_3259x2875_4884x4932_zoom.jpg,2026-07-18,2026-07-24,https://res.cloudinary.com/dfqzmnlga/image/upload/v1784348212/2026-07-18/11216318.jpg
11216321,79.00,Touch,Bleer,Bleer str 4 Pants 7-10 kg,1,29,pk.,Netto,https://static.tilbudsugen.dk/1st-retail/2026/30/65864/Netto302026-1_20_3259x2875_4884x4932_zoom.jpg,2026-07-18,2026-07-24,https://res.cloudinary.com/dfqzmnlga/image/upload/v1784348213/2026-07-18/11216321.jpg
11216319,79.00,Touch,Bleer,Bleer str 7 16-26 kg,1,27,pk.,Netto,https://static.tilbudsugen.dk/1st-retail/2026/30/65864/Netto302026-1_20_3259x2875_4884x4932_zoom.jpg,2026-07-18,2026-07-24,https://res.cloudinary.com/dfqzmnlga/image/upload/v1784348213/2026-07-18/11216319.jpg
11216322,79.00,Touch,Bleer,Bleer str 5 Pants 9-14 kg,1,27,pk.,Netto,https://static.tilbudsugen.dk/1st-retail/2026/30/65864/Netto302026-1_20_3259x2875_4884x4932_zoom.jpg,2026-07-18,2026-07-24,https://res.cloudinary.com/dfqzmnlga/image/upload/v1784348214/2026-07-18/11216322.jpg
11216323,79.00,Touch,Bleer,Bleer str 6 Pants 13-20 kg,1,24,pk.,Netto,https://static.tilbudsugen.dk/1st-retail/2026/30/65864/Netto302026-1_20_3259x2875_4884x4932_zoom.jpg,2026-07-18,2026-07-24,https://res.cloudinary.com/dfqzmnlga/image/upload/v1784348214/2026-07-18/11216323.jpg
11216324,79.00,Touch,Bleer,Bleer str 7 Pants 16-26 kg,1,22,pk.,Netto,https://static.tilbudsugen.dk/1st-retail/2026/30/65864/Netto302026-1_20_3259x2875_4884x4932_zoom.jpg,2026-07-18,2026-07-24,https://res.cloudinary.com/dfqzmnlga/image/upload/v1784348215/2026-07-18/11216324.jpg
11216290,12.00,Hello Sensitive,Babypleje,Babybad,1,0,stk.,Netto,https://static.tilbudsugen.dk/1st-retail/2026/30/65864/Netto302026-1_19_3299x2404_4819x4078_zoom.jpg,2026-07-18,2026-07-24,https://res.cloudinary.com/dfqzmnlga/image/upload/v1784348215/2026-07-18/11216290.jpg
11216286,10.00,ØGO,Babymad,Grød,1,0,stk.,Netto,https://static.tilbudsugen.dk/1st-retail/2026/30/65864/Netto302026-1_19_1650x153_3234x2388_zoom.jpg,2026-07-18,2026-07-24,https://res.cloudinary.com/dfqzmnlga/image/upload/v1784348216/2026-07-18/11216286.jpg
11169262,10.00,,Bånd/papir,Gavepapir,1,3,stk.,Netto,https://static.tilbudsugen.dk/1st-retail/2026/25/65608/Netto252026-1_31_54x4171_1530x7048_zoom.jpg,2026-06-13,2026-07-24,https://res.cloudinary.com/dfqzmnlga/image/upload/v1784348216/2026-07-18/11169262.jpg
11216519,20.00,,Diverse isenkram og boligindretning,Magnet,1,6,pk.,Netto,https://static.tilbudsugen.dk/1st-retail/2026/30/65864/Netto302026-1_25_130x3127_3096x5135_zoom.jpg,2026-07-18,2026-07-24,https://res.cloudinary.com/dfqzmnlga/image/upload/v1784348217/2026-07-18/11216519.jpg
11216439,25.00,,Køkkenartikler,Plastikbøtter,1,5,pk.,Netto,https://static.tilbudsugen.dk/1st-retail/2026/30/65864/Netto302026-1_22_276x201_1723x1924_zoom.jpg,2026-07-18,2026-07-24,https://res.cloudinary.com/dfqzmnlga/image/upload/v1784348218/2026-07-18/11216439.jpg
11169298,20.00,,Boligtekstiler,Dækkeserviet,1,4,pk.,Netto,https://static.tilbudsugen.dk/1st-retail/2026/25/65608/Netto252026-1_32_54x3330_2430x4969_zoom.jpg,2026-06-13,2026-07-24,https://res.cloudinary.com/dfqzmnlga/image/upload/v1784348218/2026-07-18/11169298.jpg
11216450,25.00,,Service,Æggebæger,1,4,pk.,Netto,https://static.tilbudsugen.dk/1st-retail/2026/30/65864/Netto302026-1_22_3299x153_4803x1924_zoom.jpg,2026-07-18,2026-07-24,https://res.cloudinary.com/dfqzmnlga/image/upload/v1784348221/2026-07-18/11216450.jpg
11216451,25.00,,Bestik,Bestik,1,4,pk.,Netto,https://static.tilbudsugen.dk/1st-retail/2026/30/65864/Netto302026-1_22_3299x153_4803x1924_zoom.jpg,2026-07-18,2026-07-24,https://res.cloudinary.com/dfqzmnlga/image/upload/v1784348222/2026-07-18/11216451.jpg
11216434,30.00,,Køkkenredskaber,Piskeris,1,3,pk.,Netto,https://static.tilbudsugen.dk/1st-retail/2026/30/65864/Netto302026-1_21_2527x5070_4665x6630_zoom.jpg,2026-07-18,2026-07-24,https://res.cloudinary.com/dfqzmnlga/image/upload/v1784348222/2026-07-18/11216434.jpg
11216438,50.00,,Boligtekstiler,Stofserviet,1,4,pk.,Netto,https://static.tilbudsugen.dk/1st-retail/2026/30/65864/Netto302026-1_21_171x4420_2462x6663_zoom.jpg,2026-07-18,2026-07-24,https://res.cloudinary.com/dfqzmnlga/image/upload/v1784348223/2026-07-18/11216438.jpg
11216454,25.00,,Gryder og pander,Bordskåner,1,2,pk.,Netto,https://static.tilbudsugen.dk/1st-retail/2026/30/65864/Netto302026-1_22_219x3623_2462x5111_zoom.jpg,2026-07-18,2026-07-24,https://res.cloudinary.com/dfqzmnlga/image/upload/v1784348223/2026-07-18/11216454.jpg
11216441,59.00,,"Skåle, fade og forme",Skålesæt,1,4,pk.,Netto,https://static.tilbudsugen.dk/1st-retail/2026/30/65864/Netto302026-1_22_122x1900_2397x3607_zoom.jpg,2026-07-18,2026-07-24,https://res.cloudinary.com/dfqzmnlga/image/upload/v1784348224/2026-07-18/11216441.jpg
11216435,40.00,,Boligtekstiler,Grydelap,1,2,stk.,Netto,https://static.tilbudsugen.dk/1st-retail/2026/30/65864/Netto302026-1_21_171x4420_2462x6663_zoom.jpg,2026-07-18,2026-07-24,https://res.cloudinary.com/dfqzmnlga/image/upload/v1784348224/2026-07-18/11216435.jpg
11216437,50.00,,Boligtekstiler,Viskestykke,1,2,pk.,Netto,https://static.tilbudsugen.dk/1st-retail/2026/30/65864/Netto302026-1_21_171x4420_2462x6663_zoom.jpg,2026-07-18,2026-07-24,https://res.cloudinary.com/dfqzmnlga/image/upload/v1784348225/2026-07-18/11216437.jpg
11169293,50.00,,Boligtekstiler,Viskestykke,1,2,pk.,Netto,https://static.tilbudsugen.dk/1st-retail/2026/25/65608/Netto252026-1_32_288x702_2442x3336_zoom.jpg,2026-06-13,2026-07-24,https://res.cloudinary.com/dfqzmnlga/image/upload/v1784348226/2026-07-18/11169293.jpg
11169273,30.00,,Service,Krus,1,0,stk.,Netto,https://static.tilbudsugen.dk/1st-retail/2026/25/65608/Netto252026-1_31_126x1314_2322x3012_zoom.jpg,2026-06-13,2026-07-24,https://res.cloudinary.com/dfqzmnlga/image/upload/v1784348226/2026-07-18/11169273.jpg
11216447,40.00,,Pyntegenstande,Kunstige planter,1,0,stk.,Netto,https://static.tilbudsugen.dk/1st-retail/2026/30/65864/Netto302026-1_22_260x5176_1528x6777_zoom.jpg,2026-07-18,2026-07-24,https://res.cloudinary.com/dfqzmnlga/image/upload/v1784348227/2026-07-18/11216447.jpg
11216449,30.00,,"Skåle, fade og forme",Skål,1,0,stk.,Netto,https://static.tilbudsugen.dk/1st-retail/2026/30/65864/Netto302026-1_22_1658x177_3299x1981_zoom.jpg,2026-07-18,2026-07-24,https://res.cloudinary.com/dfqzmnlga/image/upload/v1784348227/2026-07-18/11216449.jpg
11216453,25.00,,Boligartikler,Servietholder,1,0,stk.,Netto,https://static.tilbudsugen.dk/1st-retail/2026/30/65864/Netto302026-1_22_219x3623_2462x5111_zoom.jpg,2026-07-18,2026-07-24,https://res.cloudinary.com/dfqzmnlga/image/upload/v1784348228/2026-07-18/11216453.jpg
11216522,129.00,,Boligtekstiler,Håndklæde,1,0,stk.,Netto,https://static.tilbudsugen.dk/1st-retail/2026/30/65864/Netto302026-1_26_2210x339_4852x4021_zoom.jpg,2026-07-18,2026-07-24,https://res.cloudinary.com/dfqzmnlga/image/upload/v1784348228/2026-07-18/11216522.jpg
11169272,59.00,,Pyntegenstande,Lyshus,1,0,stk.,Netto,https://static.tilbudsugen.dk/1st-retail/2026/25/65608/Netto252026-1_31_114x2646_2790x4159_zoom.jpg,2026-06-13,2026-07-24,https://res.cloudinary.com/dfqzmnlga/image/upload/v1784348229/2026-07-18/11169272.jpg
11216444,25.00,,Køkkenredskaber,Rivejern,1,0,stk.,Netto,https://static.tilbudsugen.dk/1st-retail/2026/30/65864/Netto302026-1_22_3299x153_4803x1924_zoom.jpg,2026-07-18,2026-07-24,https://res.cloudinary.com/dfqzmnlga/image/upload/v1784348229/2026-07-18/11216444.jpg
11216445,25.00,,Køkkenartikler,Køkkenrulleholder,1,0,stk.,Netto,https://static.tilbudsugen.dk/1st-retail/2026/30/65864/Netto302026-1_22_219x3623_2462x5111_zoom.jpg,2026-07-18,2026-07-24,https://res.cloudinary.com/dfqzmnlga/image/upload/v1784348229/2026-07-18/11216445.jpg
11216480,30.00,Sistema,Køkkenartikler,Drikkedunk,1,0,stk.,Netto,https://static.tilbudsugen.dk/1st-retail/2026/30/65864/Netto302026-1_24_106x0_2568x2867_zoom.jpg,2026-07-18,2026-07-24,https://res.cloudinary.com/dfqzmnlga/image/upload/v1784348230/2026-07-18/11216480.jpg
11216528,69.00,,Boligtekstiler,Håndklæde,1,0,stk.,Netto,https://static.tilbudsugen.dk/1st-retail/2026/30/65864/Netto302026-1_26_146x2453_2316x5192_zoom.jpg,2026-07-18,2026-07-24,https://res.cloudinary.com/dfqzmnlga/image/upload/v1784348230/2026-07-18/11216528.jpg
11216530,49.00,Nord Home LIving,Boligtekstiler,Hynde,1,0,stk.,Netto,https://static.tilbudsugen.dk/1st-retail/2026/30/65864/Netto302026-1_26_146x3550_4860x6964_zoom.jpg,2026-07-18,2026-07-24,https://res.cloudinary.com/dfqzmnlga/image/upload/v1784348231/2026-07-18/11216530.jpg
11216536,139.00,,Boligtekstiler,Gulvpude,1,0,stk.,Netto,https://static.tilbudsugen.dk/1st-retail/2026/30/65864/Netto302026-1_26_146x3550_4860x6964_zoom.jpg,2026-07-18,2026-07-24,https://res.cloudinary.com/dfqzmnlga/image/upload/v1784348231/2026-07-18/11216536.jpg
11169279,99.00,,Pyntegenstande,Bordflag,1,0,stk.,Netto,https://static.tilbudsugen.dk/1st-retail/2026/25/65608/Netto252026-1_31_3954x972_4896x3960_zoom.jpg,2026-06-13,2026-07-24,https://res.cloudinary.com/dfqzmnlga/image/upload/v1784348232/2026-07-18/11169279.jpg
11216430,20.00,,Køkkenartikler,Opbevaringsglas,1,0,stk.,Netto,https://static.tilbudsugen.dk/1st-retail/2026/30/65864/Netto302026-1_21_1243x1534_4738x4631_zoom.jpg,2026-07-18,2026-07-24,https://res.cloudinary.com/dfqzmnlga/image/upload/v1784348232/2026-07-18/11216430.jpg
11216448,25.00,,"Skåle, fade og forme",Skål,1,0,stk.,Netto,https://static.tilbudsugen.dk/1st-retail/2026/30/65864/Netto302026-1_22_1658x177_3299x1981_zoom.jpg,2026-07-18,2026-07-24,https://res.cloudinary.com/dfqzmnlga/image/upload/v1784348232/2026-07-18/11216448.jpg
11216502,10.00,,Diverse isenkram og boligindretning,Klæbepuder,1,0,pk.,Netto,https://static.tilbudsugen.dk/1st-retail/2026/30/65864/Netto302026-1_25_130x3127_3096x5135_zoom.jpg,2026-07-18,2026-07-24,https://res.cloudinary.com/dfqzmnlga/image/upload/v1784348233/2026-07-18/11216502.jpg
11216546,40.00,,Boligtekstiler,Hynde,1,0,stk.,Netto,https://static.tilbudsugen.dk/1st-retail/2026/30/65864/Netto302026-1_27_2568x3493_4738x5151_zoom.jpg,2026-07-18,2026-07-24,https://res.cloudinary.com/dfqzmnlga/image/upload/v1784348233/2026-07-18/11216546.jpg
11216422,50.00,,Boligtekstiler,Forklæde,1,0,stk.,Netto,https://static.tilbudsugen.dk/1st-retail/2026/30/65864/Netto302026-1_21_276x1144_2747x4468_zoom.jpg,2026-07-18,2026-07-24,https://res.cloudinary.com/dfqzmnlga/image/upload/v1784348234/2026-07-18/11216422.jpg
11216436,30.00,,Køkkenredskaber,Hulske,1,0,stk.,Netto,https://static.tilbudsugen.dk/1st-retail/2026/30/65864/Netto302026-1_21_2527x5070_4665x6630_zoom.jpg,2026-07-18,2026-07-24,https://res.cloudinary.com/dfqzmnlga/image/upload/v1784348234/2026-07-18/11216436.jpg
11216482,30.00,Sistema,Køkkenartikler,Madkasse,1,0,stk.,Netto,https://static.tilbudsugen.dk/1st-retail/2026/30/65864/Netto302026-1_24_106x0_2568x2867_zoom.jpg,2026-07-18,2026-07-24,https://res.cloudinary.com/dfqzmnlga/image/upload/v1784348235/2026-07-18/11216482.jpg
11216535,139.00,Nord Home LIving,Boligtekstiler,Hynde,1,0,stk.,Netto,https://static.tilbudsugen.dk/1st-retail/2026/30/65864/Netto302026-1_26_146x3550_4860x6964_zoom.jpg,2026-07-18,2026-07-24,https://res.cloudinary.com/dfqzmnlga/image/upload/v1784348235/2026-07-18/11216535.jpg
11169275,30.00,,Køkkenartikler,Opbevaringsdåse,1,0,stk.,Netto,https://static.tilbudsugen.dk/1st-retail/2026/25/65608/Netto252026-1_31_1590x774_4170x2004_zoom.jpg,2026-06-13,2026-07-24,https://res.cloudinary.com/dfqzmnlga/image/upload/v1784348236/2026-07-18/11169275.jpg
11169289,30.00,,"Billeder, plakater mm.",Billedramme,1,0,stk.,Netto,https://static.tilbudsugen.dk/1st-retail/2026/25/65608/Netto252026-1_31_2400x5017_4902x6643_zoom.jpg,2026-06-13,2026-07-24,https://res.cloudinary.com/dfqzmnlga/image/upload/v1784348236/2026-07-18/11169289.jpg
11169292,40.00,,"Billeder, plakater mm.",Billedramme,1,0,stk.,Netto,https://static.tilbudsugen.dk/1st-retail/2026/25/65608/Netto252026-1_31_2400x5017_4902x6643_zoom.jpg,2026-06-13,2026-07-24,https://res.cloudinary.com/dfqzmnlga/image/upload/v1784348237/2026-07-18/11169292.jpg
11169302,69.00,,Boligtekstiler,Voksdug,1,0,stk.,Netto,https://static.tilbudsugen.dk/1st-retail/2026/25/65608/Netto252026-1_32_2400x3360_4728x6505_zoom.jpg,2026-06-13,2026-07-24,https://res.cloudinary.com/dfqzmnlga/image/upload/v1784348237/2026-07-18/11169302.jpg
11216428,20.00,,Køkkenartikler,Flaske,1,0,stk.,Netto,https://static.tilbudsugen.dk/1st-retail/2026/30/65864/Netto302026-1_21_1243x1534_4738x4631_zoom.jpg,2026-07-18,2026-07-24,https://res.cloudinary.com/dfqzmnlga/image/upload/v1784348238/2026-07-18/11216428.jpg
11216431,30.00,,Køkkenredskaber,Decilitermål,1,0,stk.,Netto,https://static.tilbudsugen.dk/1st-retail/2026/30/65864/Netto302026-1_21_2527x5070_4665x6630_zoom.jpg,2026-07-18,2026-07-24,https://res.cloudinary.com/dfqzmnlga/image/upload/v1784348238/2026-07-18/11216431.jpg
11216433,30.00,,Køkkenartikler,Tragt,1,0,stk.,Netto,https://static.tilbudsugen.dk/1st-retail/2026/30/65864/Netto302026-1_21_2527x5070_4665x6630_zoom.jpg,2026-07-18,2026-07-24,https://res.cloudinary.com/dfqzmnlga/image/upload/v1784348239/2026-07-18/11216433.jpg
11216440,20.00,,"Skåle, fade og forme",Skål,1,0,stk.,Netto,https://static.tilbudsugen.dk/1st-retail/2026/30/65864/Netto302026-1_22_1658x177_3299x1981_zoom.jpg,2026-07-18,2026-07-24,https://res.cloudinary.com/dfqzmnlga/image/upload/v1784348239/2026-07-18/11216440.jpg
11216452,25.00,,Køkkenredskaber,Køkkentang,1,0,stk.,Netto,https://static.tilbudsugen.dk/1st-retail/2026/30/65864/Netto302026-1_22_3299x153_4803x1924_zoom.jpg,2026-07-18,2026-07-24,https://res.cloudinary.com/dfqzmnlga/image/upload/v1784348240/2026-07-18/11216452.jpg
11216455,25.00,,Boligartikler,Kurv,1,0,stk.,Netto,https://static.tilbudsugen.dk/1st-retail/2026/30/65864/Netto302026-1_22_219x3623_2462x5111_zoom.jpg,2026-07-18,2026-07-24,https://res.cloudinary.com/dfqzmnlga/image/upload/v1784348240/2026-07-18/11216455.jpg
11216545,40.00,,Opbevaring,Opbevaringskurv,1,0,stk.,Netto,https://static.tilbudsugen.dk/1st-retail/2026/30/65864/Netto302026-1_27_2576x1868_4803x3517_zoom.jpg,2026-07-18,2026-07-24,https://res.cloudinary.com/dfqzmnlga/image/upload/v1784348241/2026-07-18/11216545.jpg
11216459,12.00,Linex,Diverse kontorartikler,Viskelæder,1,10,pk.,Netto,https://static.tilbudsugen.dk/1st-retail/2026/30/65864/Netto302026-1_23_1828x209_4770x2615_zoom.jpg,2026-07-18,2026-07-24,https://res.cloudinary.com/dfqzmnlga/image/upload/v1784348241/2026-07-18/11216459.jpg
11216500,40.00,,Skriveartikler,Tusser,1,24,pk.,Netto,https://static.tilbudsugen.dk/1st-retail/2026/30/65864/Netto302026-1_25_3039x3176_4835x6598_zoom.jpg,2026-07-18,2026-07-24,https://res.cloudinary.com/dfqzmnlga/image/upload/v1784348242/2026-07-18/11216500.jpg
11216457,12.00,Linex,Skriveartikler,Blyant,1,6,pk.,Netto,https://static.tilbudsugen.dk/1st-retail/2026/30/65864/Netto302026-1_23_1828x209_4770x2615_zoom.jpg,2026-07-18,2026-07-24,https://res.cloudinary.com/dfqzmnlga/image/upload/v1784348242/2026-07-18/11216457.jpg
11216471,25.00,Staedtler,Hobbyartikler,Farveblyanter,1,12,pk.,Netto,https://static.tilbudsugen.dk/1st-retail/2026/30/65864/Netto302026-1_23_179x4119_4925x6582_zoom.jpg,2026-07-18,2026-07-24,https://res.cloudinary.com/dfqzmnlga/image/upload/v1784348243/2026-07-18/11216471.jpg
11216490,30.00,Faber-Castell,Hobbyartikler,Tusser,1,13,pk.,Netto,https://static.tilbudsugen.dk/1st-retail/2026/30/65864/Netto302026-1_24_2503x1811_4746x4184_zoom.jpg,2026-07-18,2026-07-24,https://res.cloudinary.com/dfqzmnlga/image/upload/v1784348243/2026-07-18/11216490.jpg
11216462,30.00,Linex,Hobbyartikler,Farveblyanter,1,12,pk.,Netto,https://static.tilbudsugen.dk/1st-retail/2026/30/65864/Netto302026-1_23_1828x209_4770x2615_zoom.jpg,2026-07-18,2026-07-24,https://res.cloudinary.com/dfqzmnlga/image/upload/v1784348244/2026-07-18/11216462.jpg
11216477,35.00,Staedtler,Skriveartikler,Tusser,1,12,pk.,Netto,https://static.tilbudsugen.dk/1st-retail/2026/30/65864/Netto302026-1_23_179x4119_4925x6582_zoom.jpg,2026-07-18,2026-07-24,https://res.cloudinary.com/dfqzmnlga/image/upload/v1784348244/2026-07-18/11216477.jpg
11216472,25.00,Staedtler,Skriveartikler,Kuglepen,1,8,pk.,Netto,https://static.tilbudsugen.dk/1st-retail/2026/30/65864/Netto302026-1_23_179x4119_4925x6582_zoom.jpg,2026-07-18,2026-07-24,https://res.cloudinary.com/dfqzmnlga/image/upload/v1784348245/2026-07-18/11216472.jpg
11169258,20.00,,Papir,Kort,1,6,pk.,Netto,https://static.tilbudsugen.dk/1st-retail/2026/25/65608/Netto252026-1_31_930x5353_2442x6631_zoom.jpg,2026-06-13,2026-07-24,https://res.cloudinary.com/dfqzmnlga/image/upload/v1784348245/2026-07-18/11169258.jpg
11216512,10.00,,Hobbyartikler,Limstift,1,2,pk.,Netto,https://static.tilbudsugen.dk/1st-retail/2026/30/65864/Netto302026-1_25_130x3127_3096x5135_zoom.jpg,2026-07-18,2026-07-24,https://res.cloudinary.com/dfqzmnlga/image/upload/v1784348247/2026-07-18/11216512.jpg
11216458,12.00,Linex,Diverse kontorartikler,Viskelæder,1,2,pk.,Netto,https://static.tilbudsugen.dk/1st-retail/2026/30/65864/Netto302026-1_23_1828x209_4770x2615_zoom.jpg,2026-07-18,2026-07-24,https://res.cloudinary.com/dfqzmnlga/image/upload/v1784348247/2026-07-18/11216458.jpg
11216456,12.00,Linex,Hobbyartikler,Limstift,1,2,pk.,Netto,https://static.tilbudsugen.dk/1st-retail/2026/30/65864/Netto302026-1_23_1828x209_4770x2615_zoom.jpg,2026-07-18,2026-07-24,https://res.cloudinary.com/dfqzmnlga/image/upload/v1784348248/2026-07-18/11216456.jpg
11216520,25.00,,Skriveartikler,Overstregningstusch,1,4,pk.,Netto,https://static.tilbudsugen.dk/1st-retail/2026/30/65864/Netto302026-1_25_130x3127_3096x5135_zoom.jpg,2026-07-18,2026-07-24,https://res.cloudinary.com/dfqzmnlga/image/upload/v1784348248/2026-07-18/11216520.jpg
11216479,30.00,Faber-Castell,Skriveartikler,Overstregningstusch,1,4,pk.,Netto,https://static.tilbudsugen.dk/1st-retail/2026/30/65864/Netto302026-1_24_2503x1811_4746x4184_zoom.jpg,2026-07-18,2026-07-24,https://res.cloudinary.com/dfqzmnlga/image/upload/v1784348248/2026-07-18/11216479.jpg
11216478,40.00,Staedtler,Skriveartikler,Overstregningstusch,1,4,pk.,Netto,https://static.tilbudsugen.dk/1st-retail/2026/30/65864/Netto302026-1_23_179x4119_4925x6582_zoom.jpg,2026-07-18,2026-07-24,https://res.cloudinary.com/dfqzmnlga/image/upload/v1784348249/2026-07-18/11216478.jpg
11216475,25.00,Staedtler,Diverse kontorartikler,Viskelæder,1,2,stk.,Netto,https://static.tilbudsugen.dk/1st-retail/2026/30/65864/Netto302026-1_23_179x4119_4925x6582_zoom.jpg,2026-07-18,2026-07-24,https://res.cloudinary.com/dfqzmnlga/image/upload/v1784348249/2026-07-18/11216475.jpg
11216486,20.00,,Diverse kontorartikler,Notesbog,1,0,stk.,Netto,https://static.tilbudsugen.dk/1st-retail/2026/30/65864/Netto302026-1_24_341x4070_4754x6541_zoom.jpg,2026-07-18,2026-07-24,https://res.cloudinary.com/dfqzmnlga/image/upload/v1784348250/2026-07-18/11216486.jpg
11216494,40.00,,Diverse kontorartikler,Notesbog,1,0,stk.,Netto,https://static.tilbudsugen.dk/1st-retail/2026/30/65864/Netto302026-1_24_341x4070_4754x6541_zoom.jpg,2026-07-18,2026-07-24,https://res.cloudinary.com/dfqzmnlga/image/upload/v1784348250/2026-07-18/11216494.jpg
11216496,40.00,,Diverse kontorartikler,Skrivesæt,1,0,stk.,Netto,https://static.tilbudsugen.dk/1st-retail/2026/30/65864/Netto302026-1_24_341x4070_4754x6541_zoom.jpg,2026-07-18,2026-07-24,https://res.cloudinary.com/dfqzmnlga/image/upload/v1784348251/2026-07-18/11216496.jpg
11216465,50.00,Linex,Skriveartikler,Lineal,1,0,stk.,Netto,https://static.tilbudsugen.dk/1st-retail/2026/30/65864/Netto302026-1_23_1828x209_4770x2615_zoom.jpg,2026-07-18,2026-07-24,https://res.cloudinary.com/dfqzmnlga/image/upload/v1784348251/2026-07-18/11216465.jpg
11216466,50.00,Linex,Diverse kontorartikler,Passersæt,1,0,stk.,Netto,https://static.tilbudsugen.dk/1st-retail/2026/30/65864/Netto302026-1_23_1828x209_4770x2615_zoom.jpg,2026-07-18,2026-07-24,https://res.cloudinary.com/dfqzmnlga/image/upload/v1784348251/2026-07-18/11216466.jpg
11216467,20.00,,Diverse kontorartikler,Notesbog,1,0,stk.,Netto,https://static.tilbudsugen.dk/1st-retail/2026/30/65864/Netto302026-1_23_260x1095_1902x2567_zoom.jpg,2026-07-18,2026-07-24,https://res.cloudinary.com/dfqzmnlga/image/upload/v1784348252/2026-07-18/11216467.jpg
11216492,30.00,Faber-Castell,Skriveartikler,Skolesæt,1,0,stk.,Netto,https://static.tilbudsugen.dk/1st-retail/2026/30/65864/Netto302026-1_24_2503x1811_4746x4184_zoom.jpg,2026-07-18,2026-07-24,https://res.cloudinary.com/dfqzmnlga/image/upload/v1784348252/2026-07-18/11216492.jpg
11216504,30.00,,Skriveartikler,Penalhus,1,0,stk.,Netto,https://static.tilbudsugen.dk/1st-retail/2026/30/65864/Netto302026-1_25_81x6_4973x3054_zoom.jpg,2026-07-18,2026-07-24,https://res.cloudinary.com/dfqzmnlga/image/upload/v1784348253/2026-07-18/11216504.jpg
11216518,20.00,,Diverse kontorartikler,Notesbog,1,0,stk.,Netto,https://static.tilbudsugen.dk/1st-retail/2026/30/65864/Netto302026-1_25_130x3127_3096x5135_zoom.jpg,2026-07-18,2026-07-24,https://res.cloudinary.com/dfqzmnlga/image/upload/v1784348253/2026-07-18/11216518.jpg
11216461,20.00,Linex,Diverse kontorartikler,Klæbepuder,1,0,pk.,Netto,https://static.tilbudsugen.dk/1st-retail/2026/30/65864/Netto302026-1_23_1828x209_4770x2615_zoom.jpg,2026-07-18,2026-07-24,https://res.cloudinary.com/dfqzmnlga/image/upload/v1784348254/2026-07-18/11216461.jpg
11216463,40.00,Linex,Skriveartikler,Lineal,1,0,stk.,Netto,https://static.tilbudsugen.dk/1st-retail/2026/30/65864/Netto302026-1_23_1828x209_4770x2615_zoom.jpg,2026-07-18,2026-07-24,https://res.cloudinary.com/dfqzmnlga/image/upload/v1784348254/2026-07-18/11216463.jpg
11216476,30.00,Staedtler,Skriveartikler,Geometrisæt,1,0,stk.,Netto,https://static.tilbudsugen.dk/1st-retail/2026/30/65864/Netto302026-1_23_179x4119_4925x6582_zoom.jpg,2026-07-18,2026-07-24,https://res.cloudinary.com/dfqzmnlga/image/upload/v1784348255/2026-07-18/11216476.jpg
11216420,69.00,,Diverse bøger,Kogebøger,1,0,stk.,Netto,https://static.tilbudsugen.dk/1st-retail/2026/30/65864/Netto302026-1_21_1983x0_4925x1412_zoom.jpg,2026-07-18,2026-07-24,https://res.cloudinary.com/dfqzmnlga/image/upload/v1784348255/2026-07-18/11216420.jpg
11216464,40.00,Linex,Skriveartikler,Geometritrekant,1,0,stk.,Netto,https://static.tilbudsugen.dk/1st-retail/2026/30/65864/Netto302026-1_23_1828x209_4770x2615_zoom.jpg,2026-07-18,2026-07-24,https://res.cloudinary.com/dfqzmnlga/image/upload/v1784348256/2026-07-18/11216464.jpg
11216485,15.00,,Diverse kontorartikler,Bogbind,1,0,stk.,Netto,https://static.tilbudsugen.dk/1st-retail/2026/30/65864/Netto302026-1_24_2519x71_4803x1778_zoom.jpg,2026-07-18,2026-07-24,https://res.cloudinary.com/dfqzmnlga/image/upload/v1784348257/2026-07-18/11216485.jpg
11216488,30.00,Faber-Castell,Hobbyartikler,Saks,1,0,stk.,Netto,https://static.tilbudsugen.dk/1st-retail/2026/30/65864/Netto302026-1_24_2503x1811_4746x4184_zoom.jpg,2026-07-18,2026-07-24,https://res.cloudinary.com/dfqzmnlga/image/upload/v1784348258/2026-07-18/11216488.jpg
11216507,30.00,,Diverse kontorartikler,Kalender,1,0,stk.,Netto,https://static.tilbudsugen.dk/1st-retail/2026/30/65864/Netto302026-1_25_268x5094_2861x6582_zoom.jpg,2026-07-18,2026-07-24,https://res.cloudinary.com/dfqzmnlga/image/upload/v1784348258/2026-07-18/11216507.jpg
11216516,15.00,,Diverse kontorartikler,Tape,1,0,stk.,Netto,https://static.tilbudsugen.dk/1st-retail/2026/30/65864/Netto302026-1_25_130x3127_3096x5135_zoom.jpg,2026-07-18,2026-07-24,https://res.cloudinary.com/dfqzmnlga/image/upload/v1784348258/2026-07-18/11216516.jpg
11169300,20.00,,Diverse kontorartikler,Notesbog,1,0,stk.,Netto,https://static.tilbudsugen.dk/1st-retail/2026/25/65608/Netto252026-1_32_1296x4897_2496x6607_zoom.jpg,2026-06-13,2026-07-24,https://res.cloudinary.com/dfqzmnlga/image/upload/v1784348259/2026-07-18/11169300.jpg
11216460,20.00,Linex,Skriveartikler,Blyantspidser,1,0,stk.,Netto,https://static.tilbudsugen.dk/1st-retail/2026/30/65864/Netto302026-1_23_1828x209_4770x2615_zoom.jpg,2026-07-18,2026-07-24,https://res.cloudinary.com/dfqzmnlga/image/upload/v1784348260/2026-07-18/11216460.jpg
11216468,59.00,,Skriveartikler,Penalhus,1,0,stk.,Netto,https://static.tilbudsugen.dk/1st-retail/2026/30/65864/Netto302026-1_23_366x2534_2609x4216_zoom.jpg,2026-07-18,2026-07-24,https://res.cloudinary.com/dfqzmnlga/image/upload/v1784348260/2026-07-18/11216468.jpg
11216469,15.00,Clairefontaine,Diverse kontorartikler,Notesbog,1,0,stk.,Netto,https://static.tilbudsugen.dk/1st-retail/2026/30/65864/Netto302026-1_23_2446x2558_4876x4306_zoom.jpg,2026-07-18,2026-07-24,https://res.cloudinary.com/dfqzmnlga/image/upload/v1784348261/2026-07-18/11216469.jpg
11216470,25.00,Clairefontaine,Diverse kontorartikler,Notesbog,1,0,stk.,Netto,https://static.tilbudsugen.dk/1st-retail/2026/30/65864/Netto302026-1_23_2446x2558_4876x4306_zoom.jpg,2026-07-18,2026-07-24,https://res.cloudinary.com/dfqzmnlga/image/upload/v1784348261/2026-07-18/11216470.jpg
11216474,25.00,Staedtler,Skriveartikler,Skolesæt,1,0,stk.,Netto,https://static.tilbudsugen.dk/1st-retail/2026/30/65864/Netto302026-1_23_179x4119_4925x6582_zoom.jpg,2026-07-18,2026-07-24,https://res.cloudinary.com/dfqzmnlga/image/upload/v1784348262/2026-07-18/11216474.jpg
11216483,20.00,,Diverse bøger,Opgavebog,1,0,stk.,Netto,https://static.tilbudsugen.dk/1st-retail/2026/30/65864/Netto302026-1_24_114x2818_2495x4241_zoom.jpg,2026-07-18,2026-07-24,https://res.cloudinary.com/dfqzmnlga/image/upload/v1784348262/2026-07-18/11216483.jpg
11216514,15.00,,Hobbyartikler,Saks,1,0,stk.,Netto,https://static.tilbudsugen.dk/1st-retail/2026/30/65864/Netto302026-1_25_130x3127_3096x5135_zoom.jpg,2026-07-18,2026-07-24,https://res.cloudinary.com/dfqzmnlga/image/upload/v1784348263/2026-07-18/11216514.jpg
11216543,89.00,,Diverse bøger,Biografi,1,0,stk.,Netto,https://static.tilbudsugen.dk/1st-retail/2026/30/65864/Netto302026-1_27_2535x177_4827x1859_zoom.jpg,2026-07-18,2026-07-24,https://res.cloudinary.com/dfqzmnlga/image/upload/v1784348263/2026-07-18/11216543.jpg
11216556,89.00,,Skønlitteratur,Skønlitteratur,1,0,stk.,Netto,https://static.tilbudsugen.dk/1st-retail/2026/30/65864/Netto302026-1_27_2535x177_4827x1859_zoom.jpg,2026-07-18,2026-07-24,https://res.cloudinary.com/dfqzmnlga/image/upload/v1784348264/2026-07-18/11216556.jpg
11216549,20.00,Kappa,Sokker/Strømper,Strømper,1,3,pk.,Netto,https://static.tilbudsugen.dk/1st-retail/2026/30/65864/Netto302026-1_27_2519x5119_4657x6769_zoom.jpg,2026-07-18,2026-07-24,https://res.cloudinary.com/dfqzmnlga/image/upload/v1784348264/2026-07-18/11216549.jpg
11169285,30.00,,Diverse,Paraply,1,0,stk.,Netto,https://static.tilbudsugen.dk/1st-retail/2026/25/65608/Netto252026-1_31_2472x3372_4872x5425_zoom.jpg,2026-06-13,2026-07-24,https://res.cloudinary.com/dfqzmnlga/image/upload/v1784348265/2026-07-18/11169285.jpg
11216551,30.00,,Dametøj,Top,1,0,stk.,Netto,https://static.tilbudsugen.dk/1st-retail/2026/30/65864/Netto302026-1_27_260x3509_2462x5111_zoom.jpg,2026-07-18,2026-07-24,https://res.cloudinary.com/dfqzmnlga/image/upload/v1784348265/2026-07-18/11216551.jpg
11169295,20.00,,Damesko og støvler,Damesandaler,1,0,stk.,Netto,https://static.tilbudsugen.dk/1st-retail/2026/25/65608/Netto252026-1_32_2466x366_4860x2238_zoom.jpg,2026-06-13,2026-07-24,https://res.cloudinary.com/dfqzmnlga/image/upload/v1784348266/2026-07-18/11169295.jpg
11216553,59.00,Kappa,Herresko og støvler,Slippers,1,0,par,Netto,https://static.tilbudsugen.dk/1st-retail/2026/30/65864/Netto302026-1_27_268x5216_2373x6801_zoom.jpg,2026-07-18,2026-07-24,https://res.cloudinary.com/dfqzmnlga/image/upload/v1784348266/2026-07-18/11216553.jpg
11216541,99.00,,Armbåndsure,Armbåndsur,1,0,stk.,Netto,https://static.tilbudsugen.dk/1st-retail/2026/30/65864/Netto302026-1_27_81x104_2495x1900_zoom.jpg,2026-07-18,2026-07-24,https://res.cloudinary.com/dfqzmnlga/image/upload/v1784348267/2026-07-18/11216541.jpg
11216442,79.00,,Køkkenmaskiner,Saftpresser,1,0,stk.,Netto,https://static.tilbudsugen.dk/1st-retail/2026/30/65864/Netto302026-1_22_2414x1973_4925x5094_zoom.jpg,2026-07-18,2026-07-24,https://res.cloudinary.com/dfqzmnlga/image/upload/v1784348267/2026-07-18/11216442.jpg
11216443,99.00,,Køkkenmaskiner,Minihakker,1,0,stk.,Netto,https://static.tilbudsugen.dk/1st-retail/2026/30/65864/Netto302026-1_22_2828x5086_4835x6850_zoom.jpg,2026-07-18,2026-07-24,https://res.cloudinary.com/dfqzmnlga/image/upload/v1784348268/2026-07-18/11216443.jpg
11216446,59.00,,"Potter, skjulere m.m.",Urtepotteskjuler,1,0,stk.,Netto,https://static.tilbudsugen.dk/1st-retail/2026/30/65864/Netto302026-1_22_1073x5029_2763x6777_zoom.jpg,2026-07-18,2026-07-24,https://res.cloudinary.com/dfqzmnlga/image/upload/v1784348268/2026-07-18/11216446.jpg
11169278,59.00,,Kreativitetslegetøj & puslespil,Puslespil,1,0,stk.,Netto,https://static.tilbudsugen.dk/1st-retail/2026/25/65608/Netto252026-1_31_2196x1998_4188x3540_zoom.jpg,2026-06-13,2026-07-24,https://res.cloudinary.com/dfqzmnlga/image/upload/v1784348269/2026-07-18/11169278.jpg
11169299,15.00,,Spil,Spillekort,1,0,stk.,Netto,https://static.tilbudsugen.dk/1st-retail/2026/25/65608/Netto252026-1_32_18x4939_1284x6571_zoom.jpg,2026-06-13,2026-07-24,https://res.cloudinary.com/dfqzmnlga/image/upload/v1784348269/2026-07-18/11169299.jpg
11216473,25.00,Jumbo,Værktøj,Blyant,1,2,pk.,Netto,https://static.tilbudsugen.dk/1st-retail/2026/30/65864/Netto302026-1_23_179x4119_4925x6582_zoom.jpg,2026-07-18,2026-07-24,https://res.cloudinary.com/dfqzmnlga/image/upload/v1784348270/2026-07-18/11216473.jpg
11216559,30.00,Fixer,Beslag og befæstelse,Ophængningstilbehør,1,0,pk.,Netto,https://static.tilbudsugen.dk/1st-retail/2026/30/65864/Netto302026-1_27_211x1835_2446x3493_zoom.jpg,2026-07-18,2026-07-24,https://res.cloudinary.com/dfqzmnlga/image/upload/v1784348270/2026-07-18/11216559.jpg
11216548,30.00,Fixer,Værktøj,Vaterpas,1,0,stk.,Netto,https://static.tilbudsugen.dk/1st-retail/2026/30/65864/Netto302026-1_27_211x1835_2446x3493_zoom.jpg,2026-07-18,2026-07-24,https://res.cloudinary.com/dfqzmnlga/image/upload/v1784348271/2026-07-18/11216548.jpg
