data_id,price,brand,category,product_name,units,quantity,unit_type,store_name,image_url,start_date,end_date,public_urls
10921201,9.00,Hello Sensitive,Babypleje,Vådservietter,1,100,pk.,Netto,https://static.tilbudsugen.dk/1st-retail/2026/4/64393/Netto32026-1_2_2448x4902_4974x6862_zoom.jpg,2026-01-17,2026-01-23,https://res.cloudinary.com/dfqzmnlga/image/upload/v1768685340/2026-01-17/10921201.jpg
10921754,10.00,Hello Sensitive,Babypleje,Skumklude,1,50,pk.,Netto,https://static.tilbudsugen.dk/1st-retail/2026/4/64393/Netto32026-1_22_205x2541_2857x4280_zoom.jpg,2026-01-17,2026-01-23,https://res.cloudinary.com/dfqzmnlga/image/upload/v1768685340/2026-01-17/10921754.jpg
10925965,12.00,Pickwick,Te,Warming Chai Tebreve,1,20,pk.,Netto,https://static.tilbudsugen.dk/1st-retail/2026/4/64393/Netto32026-1_17_2442x1130_4964x2956_zoom.jpg,2026-01-17,2026-01-23,https://res.cloudinary.com/dfqzmnlga/image/upload/v1768685341/2026-01-17/10925965.jpg
10926108,12.00,Pickwick,Te,Strawberry Tebreve,1,20,pk.,Netto,https://static.tilbudsugen.dk/1st-retail/2026/4/64393/Netto32026-1_17_2442x1130_4964x2956_zoom.jpg,2026-01-17,2026-01-23,https://res.cloudinary.com/dfqzmnlga/image/upload/v1768685341/2026-01-17/10926108.jpg
10926107,12.00,Pickwick,Te,Forest Fruit Tebreve,1,20,pk.,Netto,https://static.tilbudsugen.dk/1st-retail/2026/4/64393/Netto32026-1_17_2442x1130_4964x2956_zoom.jpg,2026-01-17,2026-01-23,https://res.cloudinary.com/dfqzmnlga/image/upload/v1768685342/2026-01-17/10926107.jpg
10926109,12.00,Pickwick,Te,Green Tea Lemon Tebreve,1,20,pk.,Netto,https://static.tilbudsugen.dk/1st-retail/2026/4/64393/Netto32026-1_17_2442x1130_4964x2956_zoom.jpg,2026-01-17,2026-01-23,https://res.cloudinary.com/dfqzmnlga/image/upload/v1768685342/2026-01-17/10926109.jpg
10921373,12.00,Pickwick,Te,Liquorice Tebreve,1,20,pk.,Netto,https://static.tilbudsugen.dk/1st-retail/2026/4/64393/Netto32026-1_17_2442x1130_4964x2956_zoom.jpg,2026-01-17,2026-01-23,https://res.cloudinary.com/dfqzmnlga/image/upload/v1768685343/2026-01-17/10921373.jpg
10921755,20.00,Newborn,Bleer,Bleer str 1 2-4 kg,1,28,pk.,Netto,https://static.tilbudsugen.dk/1st-retail/2026/4/64393/Netto32026-1_22_181x4099_4998x6894_zoom.jpg,2026-01-17,2026-01-23,https://res.cloudinary.com/dfqzmnlga/image/upload/v1768685344/2026-01-17/10921755.jpg
10921756,30.00,Mini,Bleer,Bleer str 2 3-6 kg,1,38,pk.,Netto,https://static.tilbudsugen.dk/1st-retail/2026/4/64393/Netto32026-1_22_181x4099_4998x6894_zoom.jpg,2026-01-17,2026-01-23,https://res.cloudinary.com/dfqzmnlga/image/upload/v1768685344/2026-01-17/10921756.jpg
10926110,12.00,Pickwick,Te,Ginger Goodness Lemon Tebreve,1,15,pk.,Netto,https://static.tilbudsugen.dk/1st-retail/2026/4/64393/Netto32026-1_17_2442x1130_4964x2956_zoom.jpg,2026-01-17,2026-01-23,https://res.cloudinary.com/dfqzmnlga/image/upload/v1768685345/2026-01-17/10926110.jpg
10921435,20.00,,Husholdningsartikler,Muffinforme,1,24,pk.,Netto,https://static.tilbudsugen.dk/1st-retail/2026/4/64393/Netto32026-1_28_243x4789_4667x6751_zoom.jpg,2026-01-17,2026-01-23,https://res.cloudinary.com/dfqzmnlga/image/upload/v1768685346/2026-01-17/10921435.jpg
10921759,50.00,Midi,Bleer,Bleer str 3 4-9 kg,1,56,pk.,Netto,https://static.tilbudsugen.dk/1st-retail/2026/4/64393/Netto32026-1_22_181x4099_4998x6894_zoom.jpg,2026-01-17,2026-01-23,https://res.cloudinary.com/dfqzmnlga/image/upload/v1768685346/2026-01-17/10921759.jpg
10904784,18.00,Murph,Kosttilskud,Træningstilskud,1,20,stk.,Netto,https://static.tilbudsugen.dk/1st-retail/2026/2/64322/Netto022026-1_25_3299x1871_4924x3817_zoom.jpg,2026-01-02,2026-01-31,https://res.cloudinary.com/dfqzmnlga/image/upload/v1768685347/2026-01-17/10904784.jpg
10921780,18.00,Murph,Kosttilskud,Træningstilskud,1,20,stk.,Netto,https://static.tilbudsugen.dk/1st-retail/2026/4/64393/Netto32026-1_24_3274x1848_4935x3855_zoom.jpg,2026-01-01,2026-01-31,https://res.cloudinary.com/dfqzmnlga/image/upload/v1768685347/2026-01-17/10921780.jpg
10921760,50.00,Maxi,Bleer,Bleer str 4 7-18 kg,1,50,pk.,Netto,https://static.tilbudsugen.dk/1st-retail/2026/4/64393/Netto32026-1_22_181x4099_4998x6894_zoom.jpg,2026-01-17,2026-01-23,https://res.cloudinary.com/dfqzmnlga/image/upload/v1768685348/2026-01-17/10921760.jpg
10921761,50.00,Junior,Bleer,Bleer str 5 11-25 kg,1,44,pk.,Netto,https://static.tilbudsugen.dk/1st-retail/2026/4/64393/Netto32026-1_22_181x4099_4998x6894_zoom.jpg,2026-01-17,2026-01-23,https://res.cloudinary.com/dfqzmnlga/image/upload/v1768685349/2026-01-17/10921761.jpg
10921771,85.00,Neophos,Opvask,Maskinopvask-tabs,1,70,pk.,Netto,https://static.tilbudsugen.dk/1st-retail/2026/4/64393/Netto32026-1_23_2424x4643_4974x6862_zoom.jpg,2026-01-17,2026-01-23,https://res.cloudinary.com/dfqzmnlga/image/upload/v1768685350/2026-01-17/10921771.jpg
10921762,50.00,XL,Bleer,Bleer str 6 15-30 kg,1,40,pk.,Netto,https://static.tilbudsugen.dk/1st-retail/2026/4/64393/Netto32026-1_22_181x4099_4998x6894_zoom.jpg,2026-01-17,2026-01-23,https://res.cloudinary.com/dfqzmnlga/image/upload/v1768685350/2026-01-17/10921762.jpg
10921758,30.00,Junior,Bleer,Bleer str 5 Pants 12-17 kg,1,20,pk.,Netto,https://static.tilbudsugen.dk/1st-retail/2026/4/64393/Netto32026-1_22_181x4099_4998x6894_zoom.jpg,2026-01-17,2026-01-23,https://res.cloudinary.com/dfqzmnlga/image/upload/v1768685351/2026-01-17/10921758.jpg
10921757,30.00,XL,Bleer,Bleer str 6 Pants 15+ kg,1,18,pk.,Netto,https://static.tilbudsugen.dk/1st-retail/2026/4/64393/Netto32026-1_22_181x4099_4998x6894_zoom.jpg,2026-01-17,2026-01-23,https://res.cloudinary.com/dfqzmnlga/image/upload/v1768685351/2026-01-17/10921757.jpg
10921437,20.00,,Engangsservice,Slikposer,1,12,ps.,Netto,https://static.tilbudsugen.dk/1st-retail/2026/4/64393/Netto32026-1_28_243x4789_4667x6751_zoom.jpg,2026-01-17,2026-01-23,https://res.cloudinary.com/dfqzmnlga/image/upload/v1768685352/2026-01-17/10921437.jpg
10921203,19.00,Classic,Husholdningspapir,Toiletpapir,1,8,pk.,Netto,https://static.tilbudsugen.dk/1st-retail/2026/4/64393/Netto32026-1_2_39x4721_2558x6847_zoom.jpg,2026-01-17,2026-01-23,https://res.cloudinary.com/dfqzmnlga/image/upload/v1768685352/2026-01-17/10921203.jpg
10921292,4.97,Dr Jones,Tandpleje,Tandbørste,1,2,pk.,Netto,https://static.tilbudsugen.dk/1st-retail/2026/4/64393/Netto32026-1_14_3754x609_4971x5039_zoom.jpg,2026-01-17,2026-01-23,https://res.cloudinary.com/dfqzmnlga/image/upload/v1768685353/2026-01-17/10921292.jpg
10921440,10.00,,Papir,Kort,1,4,pk.,Netto,https://static.tilbudsugen.dk/1st-retail/2026/4/64393/Netto32026-1_28_1488x2760_3233x4613_zoom.jpg,2026-01-17,2026-01-23,https://res.cloudinary.com/dfqzmnlga/image/upload/v1768685353/2026-01-17/10921440.jpg
10921436,20.00,,Engangsservice,Engangsbæger,1,8,pk.,Netto,https://static.tilbudsugen.dk/1st-retail/2026/4/64393/Netto32026-1_28_243x4789_4667x6751_zoom.jpg,2026-01-17,2026-01-23,https://res.cloudinary.com/dfqzmnlga/image/upload/v1768685354/2026-01-17/10921436.jpg
10921775,25.00,A+,Vaskemiddel,Vaskemiddel-tabs,1,10,pk.,Netto,https://static.tilbudsugen.dk/1st-retail/2026/4/64393/Netto32026-1_23_55x4603_2527x6862_zoom.jpg,2026-01-17,2026-01-23,https://res.cloudinary.com/dfqzmnlga/image/upload/v1768685355/2026-01-17/10921775.jpg
10921779,25.00,Arola,Luftfrisker,Duftblok,1,8,pk.,Netto,https://static.tilbudsugen.dk/1st-retail/2026/4/64393/Netto32026-1_23_24x2415_3400x4650_zoom.jpg,2026-01-17,2026-01-23,https://res.cloudinary.com/dfqzmnlga/image/upload/v1768685356/2026-01-17/10921779.jpg
10921434,20.00,,Engangsservice,Paptallerkner,1,6,stk.,Netto,https://static.tilbudsugen.dk/1st-retail/2026/4/64393/Netto32026-1_28_243x4789_4667x6751_zoom.jpg,2026-01-17,2026-01-23,https://res.cloudinary.com/dfqzmnlga/image/upload/v1768685356/2026-01-17/10921434.jpg
10921439,20.00,,Papir,Partyhatte,1,6,pk.,Netto,https://static.tilbudsugen.dk/1st-retail/2026/4/64393/Netto32026-1_28_243x4789_4667x6751_zoom.jpg,2026-01-17,2026-01-23,https://res.cloudinary.com/dfqzmnlga/image/upload/v1768685356/2026-01-17/10921439.jpg
10921438,20.00,,Engangsservice,Papkrus,1,6,pk.,Netto,https://static.tilbudsugen.dk/1st-retail/2026/4/64393/Netto32026-1_28_243x4789_4667x6751_zoom.jpg,2026-01-17,2026-01-23,https://res.cloudinary.com/dfqzmnlga/image/upload/v1768685357/2026-01-17/10921438.jpg
10921202,19.00,Classic,Husholdningspapir,Køkkenrulle,1,4,pk.,Netto,https://static.tilbudsugen.dk/1st-retail/2026/4/64393/Netto32026-1_2_39x4721_2558x6847_zoom.jpg,2026-01-17,2026-01-23,https://res.cloudinary.com/dfqzmnlga/image/upload/v1768685358/2026-01-17/10921202.jpg
10921441,12.00,,Bånd/papir,Gavepapir,1,2,stk.,Netto,https://static.tilbudsugen.dk/1st-retail/2026/4/64393/Netto32026-1_28_0x2530_1556x5208_zoom.jpg,2026-01-17,2026-01-23,https://res.cloudinary.com/dfqzmnlga/image/upload/v1768685358/2026-01-17/10921441.jpg
10921222,12.00,,Grønt,Porrer,1,2,bdt.,Netto,https://static.tilbudsugen.dk/1st-retail/2026/4/64393/Netto32026-1_3_3503x3123_4927x4918_zoom.jpg,2026-01-17,2026-01-23,https://res.cloudinary.com/dfqzmnlga/image/upload/v1768685359/2026-01-17/10921222.jpg
10921243,8.00,,Frugt,Mango,1,1,stk.,Netto,https://static.tilbudsugen.dk/1st-retail/2026/4/64393/Netto32026-1_4_47x864_1606x2903_zoom.jpg,2026-01-17,2026-01-23,https://res.cloudinary.com/dfqzmnlga/image/upload/v1768685359/2026-01-17/10921243.jpg
10904509,25.00,Magnum,Multipak,Ispinde,1,3,pk.,Netto,https://static.tilbudsugen.dk/1st-retail/2026/2/64322/Netto022026-1_15_3247x4773_4998x6833_zoom.jpg,2026-01-01,2026-01-31,https://res.cloudinary.com/dfqzmnlga/image/upload/v1768685360/2026-01-17/10904509.jpg
10904508,25.00,Magnum,Multipak,Double Sunlover Ispinde,1,3,pk.,Netto,https://static.tilbudsugen.dk/1st-retail/2026/2/64322/Netto022026-1_15_3247x4773_4998x6833_zoom.jpg,2026-01-01,2026-01-31,https://res.cloudinary.com/dfqzmnlga/image/upload/v1768685361/2026-01-17/10904508.jpg
10904506,25.00,Magnum,Multipak,Wonder Ispinde ,1,3,pk.,Netto,https://static.tilbudsugen.dk/1st-retail/2026/2/64322/Netto022026-1_15_3247x4773_4998x6833_zoom.jpg,2026-01-01,2026-01-31,https://res.cloudinary.com/dfqzmnlga/image/upload/v1768685361/2026-01-17/10904506.jpg
10921285,8.40,ØGO,Grønt,Rødbeder,1,1,ps.,Netto,https://static.tilbudsugen.dk/1st-retail/2026/4/64393/Netto32026-1_13_115x676_2786x3477_zoom.jpg,2026-01-17,2026-01-23,https://res.cloudinary.com/dfqzmnlga/image/upload/v1768685362/2026-01-17/10921285.jpg
10921696,13.00,Pepsi Max,Sodavand,Cola,1,1,fl.,Netto,https://static.tilbudsugen.dk/1st-retail/2026/4/64393/Netto32026-1_20_2550x549_4904x3792_zoom.jpg,2026-01-17,2026-01-23,https://res.cloudinary.com/dfqzmnlga/image/upload/v1768685362/2026-01-17/10921696.jpg
10921691,13.00,Faxe Kondi,Sodavand,Sportssodavand,1,1,fl.,Netto,https://static.tilbudsugen.dk/1st-retail/2026/4/64393/Netto32026-1_20_2550x549_4904x3792_zoom.jpg,2026-01-17,2026-01-23,https://res.cloudinary.com/dfqzmnlga/image/upload/v1768685363/2026-01-17/10921691.jpg
10921695,13.00,0 Kalorier,Sodavand,Sportssodavand,1,1,fl.,Netto,https://static.tilbudsugen.dk/1st-retail/2026/4/64393/Netto32026-1_20_2550x549_4904x3792_zoom.jpg,2026-01-17,2026-01-23,https://res.cloudinary.com/dfqzmnlga/image/upload/v1768685363/2026-01-17/10921695.jpg
10921700,13.00,0 Kalorier Lemonade,Sodavand,Sodavand,1,1,fl.,Netto,https://static.tilbudsugen.dk/1st-retail/2026/4/64393/Netto32026-1_20_2550x549_4904x3792_zoom.jpg,2026-01-17,2026-01-23,https://res.cloudinary.com/dfqzmnlga/image/upload/v1768685364/2026-01-17/10921700.jpg
10921713,13.00,0 Kalorier Eksotisk,Sodavand,Sodavand,1,1,fl.,Netto,https://static.tilbudsugen.dk/1st-retail/2026/4/64393/Netto32026-1_20_2550x549_4904x3792_zoom.jpg,2026-01-17,2026-01-23,https://res.cloudinary.com/dfqzmnlga/image/upload/v1768685364/2026-01-17/10921713.jpg
10921674,10.00,Rynkeby,Sodavand,Frugtbrus Pink Grape & Tranebær,1,1,fl.,Netto,https://static.tilbudsugen.dk/1st-retail/2026/4/64393/Netto32026-1_20_55x2564_2574x4698_zoom.jpg,2026-01-17,2026-01-23,https://res.cloudinary.com/dfqzmnlga/image/upload/v1768685365/2026-01-17/10921674.jpg
10921254,15.00,Samsø,Grønt,Kartofler,1,1,ps.,Netto,https://static.tilbudsugen.dk/1st-retail/2026/4/64393/Netto32026-1_4_1676x2856_3322x4729_zoom.jpg,2026-01-17,2026-01-23,https://res.cloudinary.com/dfqzmnlga/image/upload/v1768685365/2026-01-17/10921254.jpg
10921672,10.00,Rynkeby,Sodavand,Frugtbrus Appelsin & Mandarin,1,1,fl.,Netto,https://static.tilbudsugen.dk/1st-retail/2026/4/64393/Netto32026-1_20_55x2564_2574x4698_zoom.jpg,2026-01-17,2026-01-23,https://res.cloudinary.com/dfqzmnlga/image/upload/v1768685366/2026-01-17/10921672.jpg
10921505,30.00,,Køkkenartikler,Opbevaringsboks,1,3,pk.,Netto,https://static.tilbudsugen.dk/1st-retail/2026/4/64393/Netto32026-1_34_81x210_2976x2401_zoom.jpg,2026-01-17,2026-01-23,https://res.cloudinary.com/dfqzmnlga/image/upload/v1768685366/2026-01-17/10921505.jpg
10921673,10.00,Rynkeby,Sodavand,Frugtbrus Lime & Citron,1,1,fl.,Netto,https://static.tilbudsugen.dk/1st-retail/2026/4/64393/Netto32026-1_20_55x2564_2574x4698_zoom.jpg,2026-01-17,2026-01-23,https://res.cloudinary.com/dfqzmnlga/image/upload/v1768685367/2026-01-17/10921673.jpg
10921127,10.00,Herkules,Rugbrød i Skiver,Rugbrødsskiver,1,1,pk.,Netto,https://static.tilbudsugen.dk/1st-retail/2026/4/64393/Netto32026-1_1_2448x3800_4935x6650_zoom.jpg,2026-01-17,2026-01-23,https://res.cloudinary.com/dfqzmnlga/image/upload/v1768685367/2026-01-17/10921127.jpg
10921126,10.00,Kohberg,Rugbrød i Skiver,Solsikkerugbrød,1,0,pk.,Netto,https://static.tilbudsugen.dk/1st-retail/2026/4/64393/Netto32026-1_1_2448x3800_4935x6650_zoom.jpg,2026-01-17,2026-01-23,https://res.cloudinary.com/dfqzmnlga/image/upload/v1768685368/2026-01-17/10921126.jpg
10904716,69.00,0 Kalorier,Sodavand,Sportssodavand 18 pk.,18,0,ds.,Netto,https://static.tilbudsugen.dk/1st-retail/2026/2/64322/Netto022026-1_22_3233x4815_4973x6886_zoom.jpg,2026-01-02,2026-01-31,https://res.cloudinary.com/dfqzmnlga/image/upload/v1768685368/2026-01-17/10904716.jpg
10921699,69.00,0 Kalorier,Sodavand,Sportssodavand 18 pk.,18,0,ds.,Netto,https://static.tilbudsugen.dk/1st-retail/2026/4/64393/Netto32026-1_20_2416x3769_4848x6807_zoom.jpg,2026-01-01,2026-01-31,https://res.cloudinary.com/dfqzmnlga/image/upload/v1768685369/2026-01-17/10921699.jpg
10921698,69.00,Pepsi Max,Sodavand,Cola 18 pk.,18,0,ds.,Netto,https://static.tilbudsugen.dk/1st-retail/2026/4/64393/Netto32026-1_20_2416x3769_4848x6807_zoom.jpg,2026-01-01,2026-01-31,https://res.cloudinary.com/dfqzmnlga/image/upload/v1768685370/2026-01-17/10921698.jpg
10904715,69.00,Pepsi Max,Sodavand,Cola 18 pk.,18,0,ds.,Netto,https://static.tilbudsugen.dk/1st-retail/2026/2/64322/Netto022026-1_22_3233x4815_4973x6886_zoom.jpg,2026-01-02,2026-01-31,https://res.cloudinary.com/dfqzmnlga/image/upload/v1768685370/2026-01-17/10904715.jpg
10921165,5.00,Harvest Best,Grønt,Chilibønner,1,0,ds.,Netto,https://static.tilbudsugen.dk/1st-retail/2026/4/64393/Netto32026-1_2_55x124_2471x2643_zoom.jpg,2026-01-17,2026-01-23,https://res.cloudinary.com/dfqzmnlga/image/upload/v1768685371/2026-01-17/10921165.jpg
10921170,5.00,Harvest Best,Grønt,Baked Beans,1,0,ds.,Netto,https://static.tilbudsugen.dk/1st-retail/2026/4/64393/Netto32026-1_2_55x124_2471x2643_zoom.jpg,2026-01-17,2026-01-23,https://res.cloudinary.com/dfqzmnlga/image/upload/v1768685372/2026-01-17/10921170.jpg
10921348,12.00,Cheasy,Syrnet morgenmad,Citron Yoghurt,1,1,stk.,Netto,https://static.tilbudsugen.dk/1st-retail/2026/4/64393/Netto32026-1_9_63x163_2408x2706_zoom.jpg,2026-01-17,2026-01-23,https://res.cloudinary.com/dfqzmnlga/image/upload/v1768685372/2026-01-17/10921348.jpg
10921345,12.00,Cheasy,Syrnet morgenmad,Jordbær & Rababer Yoghurt ,1,1,stk.,Netto,https://static.tilbudsugen.dk/1st-retail/2026/4/64393/Netto32026-1_9_63x163_2408x2706_zoom.jpg,2026-01-17,2026-01-23,https://res.cloudinary.com/dfqzmnlga/image/upload/v1768685372/2026-01-17/10921345.jpg
10921346,12.00,Cheasy,Syrnet morgenmad,Vanilje Yoghurt ,1,1,stk.,Netto,https://static.tilbudsugen.dk/1st-retail/2026/4/64393/Netto32026-1_9_63x163_2408x2706_zoom.jpg,2026-01-17,2026-01-23,https://res.cloudinary.com/dfqzmnlga/image/upload/v1768685373/2026-01-17/10921346.jpg
10914230,12.00,Oat Barista Tasty Wiener,Vegetabilske drikke,Havredrik,1,1,stk.,Netto,https://static.tilbudsugen.dk/1st-retail/2026/3/64366/Netto032026-1_11_41x4376_2516x6859_zoom.jpg,2026-01-02,2026-01-31,https://res.cloudinary.com/dfqzmnlga/image/upload/v1768685373/2026-01-17/10914230.jpg
10914231,12.00,Oat Barista Tasty Pumpkin Spice,Vegetabilske drikke,Havredrik,1,1,stk.,Netto,https://static.tilbudsugen.dk/1st-retail/2026/3/64366/Netto032026-1_11_41x4376_2516x6859_zoom.jpg,2026-01-02,2026-01-31,https://res.cloudinary.com/dfqzmnlga/image/upload/v1768685374/2026-01-17/10914231.jpg
10914216,12.00,Naturli',Vegetabilske drikke,Mandeldrik,1,1,stk.,Netto,https://static.tilbudsugen.dk/1st-retail/2026/3/64366/Netto032026-1_11_41x4376_2516x6859_zoom.jpg,2026-01-02,2026-01-31,https://res.cloudinary.com/dfqzmnlga/image/upload/v1768685375/2026-01-17/10914216.jpg
10914229,12.00,Oat Barista,Vegetabilske drikke,Havredrik,1,1,stk.,Netto,https://static.tilbudsugen.dk/1st-retail/2026/3/64366/Netto032026-1_11_41x4376_2516x6859_zoom.jpg,2026-01-02,2026-01-31,https://res.cloudinary.com/dfqzmnlga/image/upload/v1768685375/2026-01-17/10914229.jpg
10914225,12.00,Naturli',Vegetabilske drikke,Soyadrik Kakao,1,1,stk.,Netto,https://static.tilbudsugen.dk/1st-retail/2026/3/64366/Netto032026-1_11_41x4376_2516x6859_zoom.jpg,2026-01-02,2026-01-31,https://res.cloudinary.com/dfqzmnlga/image/upload/v1768685376/2026-01-17/10914225.jpg
10914226,12.00,Naturli',Vegetabilske drikke,Havredrik,1,1,stk.,Netto,https://static.tilbudsugen.dk/1st-retail/2026/3/64366/Netto032026-1_11_41x4376_2516x6859_zoom.jpg,2026-01-02,2026-01-31,https://res.cloudinary.com/dfqzmnlga/image/upload/v1768685377/2026-01-17/10914226.jpg
10914227,12.00,Naturli',Vegetabilske drikke,Rugdrik,1,1,stk.,Netto,https://static.tilbudsugen.dk/1st-retail/2026/3/64366/Netto032026-1_11_41x4376_2516x6859_zoom.jpg,2026-01-02,2026-01-31,https://res.cloudinary.com/dfqzmnlga/image/upload/v1768685377/2026-01-17/10914227.jpg
10914228,12.00,Naturli',Vegetabilske drikke,Soyadrik Vanilje,1,1,stk.,Netto,https://static.tilbudsugen.dk/1st-retail/2026/3/64366/Netto032026-1_11_41x4376_2516x6859_zoom.jpg,2026-01-02,2026-01-31,https://res.cloudinary.com/dfqzmnlga/image/upload/v1768685378/2026-01-17/10914228.jpg
10921347,12.00,Cheasy,Syrnet morgenmad,Skovbær Yoghurt ,1,1,stk.,Netto,https://static.tilbudsugen.dk/1st-retail/2026/4/64393/Netto32026-1_9_63x163_2408x2706_zoom.jpg,2026-01-17,2026-01-23,https://res.cloudinary.com/dfqzmnlga/image/upload/v1768685378/2026-01-17/10921347.jpg
10921176,5.00,La Campagna,Grønt,Hakkede tomater,1,0,ds.,Netto,https://static.tilbudsugen.dk/1st-retail/2026/4/64393/Netto32026-1_2_55x124_2471x2643_zoom.jpg,2026-01-17,2026-01-23,https://res.cloudinary.com/dfqzmnlga/image/upload/v1768685379/2026-01-17/10921176.jpg
10921187,5.00,La Campagna,Grønt,Hakkede tomater Hvidløg,1,0,ds.,Netto,https://static.tilbudsugen.dk/1st-retail/2026/4/64393/Netto32026-1_2_55x124_2471x2643_zoom.jpg,2026-01-17,2026-01-23,https://res.cloudinary.com/dfqzmnlga/image/upload/v1768685379/2026-01-17/10921187.jpg
10921184,5.00,La Campagna,Grønt,Hakkede tomater Chili,1,0,ds.,Netto,https://static.tilbudsugen.dk/1st-retail/2026/4/64393/Netto32026-1_2_55x124_2471x2643_zoom.jpg,2026-01-17,2026-01-23,https://res.cloudinary.com/dfqzmnlga/image/upload/v1768685380/2026-01-17/10921184.jpg
10921181,5.00,La Campagna,Grønt,Hakkede tomater Urter,1,0,ds.,Netto,https://static.tilbudsugen.dk/1st-retail/2026/4/64393/Netto32026-1_2_55x124_2471x2643_zoom.jpg,2026-01-17,2026-01-23,https://res.cloudinary.com/dfqzmnlga/image/upload/v1768685380/2026-01-17/10921181.jpg
10921212,5.45,Næmt,Dej Køl,Pizzadej,1,0,pk.,Netto,https://static.tilbudsugen.dk/1st-retail/2026/4/64393/Netto32026-1_3_2574x1305_3802x3045_zoom.jpg,2026-01-17,2026-01-23,https://res.cloudinary.com/dfqzmnlga/image/upload/v1768685381/2026-01-17/10921212.jpg
10921295,5.45,Næmt,Dej Køl,Pizzadej,1,0,pk.,Netto,https://static.tilbudsugen.dk/1st-retail/2026/4/64393/Netto32026-1_14_88x764_3754x3517_zoom.jpg,2026-01-17,2026-01-23,https://res.cloudinary.com/dfqzmnlga/image/upload/v1768685381/2026-01-17/10921295.jpg
10921288,13.96,ØGO,Mel & Melblandinger,Manitobamel,1,1,pk.,Netto,https://static.tilbudsugen.dk/1st-retail/2026/4/64393/Netto32026-1_13_2381x3876_4883x6852_zoom.jpg,2026-01-17,2026-01-23,https://res.cloudinary.com/dfqzmnlga/image/upload/v1768685382/2026-01-17/10921288.jpg
10921289,13.96,ØGO,Mel & Melblandinger,Rugmel,1,1,pk.,Netto,https://static.tilbudsugen.dk/1st-retail/2026/4/64393/Netto32026-1_13_2381x3876_4883x6852_zoom.jpg,2026-01-17,2026-01-23,https://res.cloudinary.com/dfqzmnlga/image/upload/v1768685382/2026-01-17/10921289.jpg
10921291,13.96,ØGO,Mel & Melblandinger,Ølands Hvedemel,1,1,pk.,Netto,https://static.tilbudsugen.dk/1st-retail/2026/4/64393/Netto32026-1_13_2381x3876_4883x6852_zoom.jpg,2026-01-17,2026-01-23,https://res.cloudinary.com/dfqzmnlga/image/upload/v1768685383/2026-01-17/10921291.jpg
10921290,13.96,ØGO,Mel & Melblandinger,Tipo 00 Hvedemel,1,1,pk.,Netto,https://static.tilbudsugen.dk/1st-retail/2026/4/64393/Netto32026-1_13_2381x3876_4883x6852_zoom.jpg,2026-01-17,2026-01-23,https://res.cloudinary.com/dfqzmnlga/image/upload/v1768685383/2026-01-17/10921290.jpg
10921458,30.00,,Sokker/Strømper,Strømper,1,2,pk.,Netto,https://static.tilbudsugen.dk/1st-retail/2026/4/64393/Netto32026-1_31_1528x386_3679x2442_zoom.jpg,2026-01-17,2026-01-23,https://res.cloudinary.com/dfqzmnlga/image/upload/v1768685384/2026-01-17/10921458.jpg
10921447,30.00,,Børnetøj,Strømper,1,2,pk.,Netto,https://static.tilbudsugen.dk/1st-retail/2026/4/64393/Netto32026-1_29_2083x4640_4998x6757_zoom.jpg,2026-01-17,2026-01-23,https://res.cloudinary.com/dfqzmnlga/image/upload/v1768685385/2026-01-17/10921447.jpg
10921245,15.00,ØGO,Grønt,Hokkaidogræskar,1,1,stk.,Netto,https://static.tilbudsugen.dk/1st-retail/2026/4/64393/Netto32026-1_4_1669x620_3243x2887_zoom.jpg,2026-01-17,2026-01-23,https://res.cloudinary.com/dfqzmnlga/image/upload/v1768685385/2026-01-17/10921245.jpg
10921244,15.00,ØGO,Frugt,Æbler,1,1,ps.,Netto,https://static.tilbudsugen.dk/1st-retail/2026/4/64393/Netto32026-1_4_63x2864_1669x4745_zoom.jpg,2026-01-17,2026-01-23,https://res.cloudinary.com/dfqzmnlga/image/upload/v1768685385/2026-01-17/10921244.jpg
10921230,8.00,La Campagna,Pasta,Suppehorn,1,0,pk.,Netto,https://static.tilbudsugen.dk/1st-retail/2026/4/64393/Netto32026-1_3_2456x5272_3723x6839_zoom.jpg,2026-01-17,2026-01-23,https://res.cloudinary.com/dfqzmnlga/image/upload/v1768685386/2026-01-17/10921230.jpg
10921778,25.00,Klorin,Rengøringsmidler,Klor,1,1,fl.,Netto,https://static.tilbudsugen.dk/1st-retail/2026/4/64393/Netto32026-1_23_24x2415_3400x4650_zoom.jpg,2026-01-17,2026-01-23,https://res.cloudinary.com/dfqzmnlga/image/upload/v1768685386/2026-01-17/10921778.jpg
10921158,5.00,Harvest Best,Grønt,Røde Kidneybønner,1,0,ds.,Netto,https://static.tilbudsugen.dk/1st-retail/2026/4/64393/Netto32026-1_2_55x124_2471x2643_zoom.jpg,2026-01-17,2026-01-23,https://res.cloudinary.com/dfqzmnlga/image/upload/v1768685387/2026-01-17/10921158.jpg
10921152,5.00,Harvest Best,Grønt,Kikærter,1,0,ds.,Netto,https://static.tilbudsugen.dk/1st-retail/2026/4/64393/Netto32026-1_2_55x124_2471x2643_zoom.jpg,2026-01-17,2026-01-23,https://res.cloudinary.com/dfqzmnlga/image/upload/v1768685387/2026-01-17/10921152.jpg
10921287,10.46,ØGO,Koncentreret Saft,Hyldeblomstdrik,1,0,fl.,Netto,https://static.tilbudsugen.dk/1st-retail/2026/4/64393/Netto32026-1_13_0x3483_2442x6893_zoom.jpg,2026-01-17,2026-01-23,https://res.cloudinary.com/dfqzmnlga/image/upload/v1768685388/2026-01-17/10921287.jpg
10921128,10.00,Kohberg,Boller & Morgenbrød,Yoghurtboller,1,0,ps.,Netto,https://static.tilbudsugen.dk/1st-retail/2026/4/64393/Netto32026-1_1_2448x3800_4935x6650_zoom.jpg,2026-01-17,2026-01-23,https://res.cloudinary.com/dfqzmnlga/image/upload/v1768685388/2026-01-17/10921128.jpg
10921256,22.00,Premieur,Frugt,Clementiner,1,0,bk.,Netto,https://static.tilbudsugen.dk/1st-retail/2026/4/64393/Netto32026-1_4_3274x2793_4856x4737_zoom.jpg,2026-01-17,2026-01-23,https://res.cloudinary.com/dfqzmnlga/image/upload/v1768685389/2026-01-17/10921256.jpg
10904424,20.00,Løgismose,Syrnet morgenmad,Naturel Skyr ,1,0,bg.,Netto,https://static.tilbudsugen.dk/1st-retail/2026/2/64322/Netto022026-1_5_58x4898_2458x6853_zoom.jpg,2026-01-02,2026-01-31,https://res.cloudinary.com/dfqzmnlga/image/upload/v1768685389/2026-01-17/10904424.jpg
10904425,20.00,Løgismose,Syrnet morgenmad,Vanilje Skyr ,1,0,bg.,Netto,https://static.tilbudsugen.dk/1st-retail/2026/2/64322/Netto022026-1_5_58x4898_2458x6853_zoom.jpg,2026-01-02,2026-01-31,https://res.cloudinary.com/dfqzmnlga/image/upload/v1768685390/2026-01-17/10904425.jpg
10904426,20.00,Løgismose,Syrnet morgenmad,Rabeber & Æble Skyr ,1,0,bg.,Netto,https://static.tilbudsugen.dk/1st-retail/2026/2/64322/Netto022026-1_5_58x4898_2458x6853_zoom.jpg,2026-01-02,2026-01-31,https://res.cloudinary.com/dfqzmnlga/image/upload/v1768685390/2026-01-17/10904426.jpg
10921130,10.00,Bistronne,Færdigretter Frost,Kyllingenuggets,1,0,ps.,Netto,https://static.tilbudsugen.dk/1st-retail/2026/4/64393/Netto32026-1_1_79x3800_2393x6650_zoom.jpg,2026-01-17,2026-01-23,https://res.cloudinary.com/dfqzmnlga/image/upload/v1768685391/2026-01-17/10921130.jpg
10921135,20.00,Løgismose,Syrnet morgenmad,Vanilje Skyr ,1,0,bg.,Netto,https://static.tilbudsugen.dk/1st-retail/2026/4/64393/Netto32026-1_2_2440x258_4911x2533_zoom.jpg,2026-01-01,2026-01-31,https://res.cloudinary.com/dfqzmnlga/image/upload/v1768685392/2026-01-17/10921135.jpg
10921136,20.00,Løgismose,Syrnet morgenmad,Rabeber & Æble Skyr ,1,0,bg.,Netto,https://static.tilbudsugen.dk/1st-retail/2026/4/64393/Netto32026-1_2_2440x258_4911x2533_zoom.jpg,2026-01-01,2026-01-31,https://res.cloudinary.com/dfqzmnlga/image/upload/v1768685392/2026-01-17/10921136.jpg
10921132,20.00,Løgismose,Syrnet morgenmad,Naturel Skyr ,1,0,bg.,Netto,https://static.tilbudsugen.dk/1st-retail/2026/4/64393/Netto32026-1_2_2440x258_4911x2533_zoom.jpg,2026-01-01,2026-01-31,https://res.cloudinary.com/dfqzmnlga/image/upload/v1768685393/2026-01-17/10921132.jpg
10921129,10.00,Kohberg,Sandwich & Toastbrød,Cafe Sandwich Grov,1,0,ps.,Netto,https://static.tilbudsugen.dk/1st-retail/2026/4/64393/Netto32026-1_1_2448x3800_4935x6650_zoom.jpg,2026-01-17,2026-01-23,https://res.cloudinary.com/dfqzmnlga/image/upload/v1768685393/2026-01-17/10921129.jpg
10921362,25.00,Athena,Syrnet morgenmad,Græsk Yoghurt 2%,1,1,bg.,Netto,https://static.tilbudsugen.dk/1st-retail/2026/4/64393/Netto32026-1_9_2440x1903_4959x5091_zoom.jpg,2026-01-17,2026-01-23,https://res.cloudinary.com/dfqzmnlga/image/upload/v1768685393/2026-01-17/10921362.jpg
10921363,25.00,Athena,Syrnet morgenmad,Græsk Yoghurt 10%,1,1,bg.,Netto,https://static.tilbudsugen.dk/1st-retail/2026/4/64393/Netto32026-1_9_2440x1903_4959x5091_zoom.jpg,2026-01-17,2026-01-23,https://res.cloudinary.com/dfqzmnlga/image/upload/v1768685394/2026-01-17/10921363.jpg
10921361,25.00,Athena,Syrnet morgenmad,Græsk Yoghurt 0%,1,1,bg.,Netto,https://static.tilbudsugen.dk/1st-retail/2026/4/64393/Netto32026-1_9_2440x1903_4959x5091_zoom.jpg,2026-01-17,2026-01-23,https://res.cloudinary.com/dfqzmnlga/image/upload/v1768685394/2026-01-17/10921361.jpg
10921386,32.00,Beauvais,Ketchup,Ketchup,1,1,fl.,Netto,https://static.tilbudsugen.dk/1st-retail/2026/4/64393/Netto32026-1_18_3287x4782_4998x6852_zoom.jpg,2026-01-17,2026-01-23,https://res.cloudinary.com/dfqzmnlga/image/upload/v1768685395/2026-01-17/10921386.jpg
10921216,10.00,ØGO,Saucer,Pizzasauce,1,0,krt.,Netto,https://static.tilbudsugen.dk/1st-retail/2026/4/64393/Netto32026-1_3_3676x1454_4919x3005_zoom.jpg,2026-01-17,2026-01-23,https://res.cloudinary.com/dfqzmnlga/image/upload/v1768685395/2026-01-17/10921216.jpg
10921231,10.00,Heinz,"Suppe, Boullion & Fond",Tomatsuppe,1,0,ds.,Netto,https://static.tilbudsugen.dk/1st-retail/2026/4/64393/Netto32026-1_3_1220x5280_2471x6823_zoom.jpg,2026-01-17,2026-01-23,https://res.cloudinary.com/dfqzmnlga/image/upload/v1768685396/2026-01-17/10921231.jpg
10921496,79.00,,Lys/lyskæder,LED bloklys,1,3,stk.,Netto,https://static.tilbudsugen.dk/1st-retail/2026/4/64393/Netto32026-1_34_3043x271_4809x2422_zoom.jpg,2026-01-17,2026-01-23,https://res.cloudinary.com/dfqzmnlga/image/upload/v1768685397/2026-01-17/10921496.jpg
10921354,24.00,innocent,Juice,"Ananas, jordbær & æblejuice",1,0,fl.,Netto,https://static.tilbudsugen.dk/1st-retail/2026/4/64393/Netto32026-1_9_79x2627_2566x5075_zoom.jpg,2026-01-17,2026-01-23,https://res.cloudinary.com/dfqzmnlga/image/upload/v1768685397/2026-01-17/10921354.jpg
10921356,24.00,innocent,Juice,Appelsinjuice Gulerod,1,0,fl.,Netto,https://static.tilbudsugen.dk/1st-retail/2026/4/64393/Netto32026-1_9_79x2627_2566x5075_zoom.jpg,2026-01-17,2026-01-23,https://res.cloudinary.com/dfqzmnlga/image/upload/v1768685398/2026-01-17/10921356.jpg
10921351,24.00,innocent,Juice,Tropisk Juice,1,0,fl.,Netto,https://static.tilbudsugen.dk/1st-retail/2026/4/64393/Netto32026-1_9_79x2627_2566x5075_zoom.jpg,2026-01-17,2026-01-23,https://res.cloudinary.com/dfqzmnlga/image/upload/v1768685398/2026-01-17/10921351.jpg
10921353,24.00,innocent,Juice,Æblejuice,1,0,fl.,Netto,https://static.tilbudsugen.dk/1st-retail/2026/4/64393/Netto32026-1_9_79x2627_2566x5075_zoom.jpg,2026-01-17,2026-01-23,https://res.cloudinary.com/dfqzmnlga/image/upload/v1768685399/2026-01-17/10921353.jpg
10921352,24.00,innocent,Juice,"Æblejuice, Hindbær",1,0,fl.,Netto,https://static.tilbudsugen.dk/1st-retail/2026/4/64393/Netto32026-1_9_79x2627_2566x5075_zoom.jpg,2026-01-17,2026-01-23,https://res.cloudinary.com/dfqzmnlga/image/upload/v1768685399/2026-01-17/10921352.jpg
10921355,24.00,innocent,Juice,Appelsinjuice med frugtkød,1,0,fl.,Netto,https://static.tilbudsugen.dk/1st-retail/2026/4/64393/Netto32026-1_9_79x2627_2566x5075_zoom.jpg,2026-01-17,2026-01-23,https://res.cloudinary.com/dfqzmnlga/image/upload/v1768685400/2026-01-17/10921355.jpg
10921357,24.00,innocent,Juice,"Æblejuice, Druer, Pære & Granatæble",1,0,fl.,Netto,https://static.tilbudsugen.dk/1st-retail/2026/4/64393/Netto32026-1_9_79x2627_2566x5075_zoom.jpg,2026-01-17,2026-01-23,https://res.cloudinary.com/dfqzmnlga/image/upload/v1768685400/2026-01-17/10921357.jpg
10921417,25.00,Kilic,Grønt,Belugalinser,1,0,ps.,Netto,https://static.tilbudsugen.dk/1st-retail/2026/4/64393/Netto32026-1_18_2448x2814_4998x4830_zoom.jpg,2026-01-17,2026-01-23,https://res.cloudinary.com/dfqzmnlga/image/upload/v1768685401/2026-01-17/10921417.jpg
10921416,25.00,Kilic,Grønt,Røde linser hele,1,0,ps.,Netto,https://static.tilbudsugen.dk/1st-retail/2026/4/64393/Netto32026-1_18_2448x2814_4998x4830_zoom.jpg,2026-01-17,2026-01-23,https://res.cloudinary.com/dfqzmnlga/image/upload/v1768685402/2026-01-17/10921416.jpg
10921432,25.00,Kilic,Pasta,Couscous medium,1,0,ps.,Netto,https://static.tilbudsugen.dk/1st-retail/2026/4/64393/Netto32026-1_18_2448x2814_4998x4830_zoom.jpg,2026-01-17,2026-01-23,https://res.cloudinary.com/dfqzmnlga/image/upload/v1768685403/2026-01-17/10921432.jpg
10921385,25.00,Kilic,Grønt,Grønne linser,1,0,ps.,Netto,https://static.tilbudsugen.dk/1st-retail/2026/4/64393/Netto32026-1_18_2448x2814_4998x4830_zoom.jpg,2026-01-17,2026-01-23,https://res.cloudinary.com/dfqzmnlga/image/upload/v1768685404/2026-01-17/10921385.jpg
10921420,25.00,Kilic,Pasta,Couscous perle,1,0,ps.,Netto,https://static.tilbudsugen.dk/1st-retail/2026/4/64393/Netto32026-1_18_2448x2814_4998x4830_zoom.jpg,2026-01-17,2026-01-23,https://res.cloudinary.com/dfqzmnlga/image/upload/v1768685404/2026-01-17/10921420.jpg
10921431,25.00,Kilic,Ris,Grov Bulgur,1,0,ps.,Netto,https://static.tilbudsugen.dk/1st-retail/2026/4/64393/Netto32026-1_18_2448x2814_4998x4830_zoom.jpg,2026-01-17,2026-01-23,https://res.cloudinary.com/dfqzmnlga/image/upload/v1768685405/2026-01-17/10921431.jpg
10921253,59.00,Rose,Færdigretter Frost,Hot Wings,1,2,ps.,Netto,https://static.tilbudsugen.dk/1st-retail/2026/4/64393/Netto32026-1_11_2469x2936_4971x4843_zoom.jpg,2026-01-17,2026-01-23,https://res.cloudinary.com/dfqzmnlga/image/upload/v1768685405/2026-01-17/10921253.jpg
10921669,10.00,Bombay IPA,Specialøl,Specialøl,1,0,ds.,Netto,https://static.tilbudsugen.dk/1st-retail/2026/4/64393/Netto32026-1_20_102x604_2652x2462_zoom.jpg,2026-01-17,2026-01-23,https://res.cloudinary.com/dfqzmnlga/image/upload/v1768685406/2026-01-17/10921669.jpg
10921671,10.00,Ravnsborg Rød Ale,Specialøl,Specialøl,1,0,ds.,Netto,https://static.tilbudsugen.dk/1st-retail/2026/4/64393/Netto32026-1_20_102x604_2652x2462_zoom.jpg,2026-01-17,2026-01-23,https://res.cloudinary.com/dfqzmnlga/image/upload/v1768685406/2026-01-17/10921671.jpg
10921690,16.00,Booster Original Zero,Energi- Sports- & Vitamindrikke,Energidrik,1,0,ds.,Netto,https://static.tilbudsugen.dk/1st-retail/2026/4/64393/Netto32026-1_20_31x4666_2519x6886_zoom.jpg,2026-01-17,2026-01-23,https://res.cloudinary.com/dfqzmnlga/image/upload/v1768685407/2026-01-17/10921690.jpg
10921724,16.00,Booster Retro Boost,Energi- Sports- & Vitamindrikke,Energidrik,1,0,ds.,Netto,https://static.tilbudsugen.dk/1st-retail/2026/4/64393/Netto32026-1_20_31x4666_2519x6886_zoom.jpg,2026-01-17,2026-01-23,https://res.cloudinary.com/dfqzmnlga/image/upload/v1768685407/2026-01-17/10921724.jpg
10921675,16.00,Booster Original,Energi- Sports- & Vitamindrikke,Energidrik,1,0,ds.,Netto,https://static.tilbudsugen.dk/1st-retail/2026/4/64393/Netto32026-1_20_31x4666_2519x6886_zoom.jpg,2026-01-17,2026-01-23,https://res.cloudinary.com/dfqzmnlga/image/upload/v1768685408/2026-01-17/10921675.jpg
10921349,24.00,innocent,Juice,Juicy Refresher Hindbær & Solbær,1,0,fl.,Netto,https://static.tilbudsugen.dk/1st-retail/2026/4/64393/Netto32026-1_9_79x2627_2566x5075_zoom.jpg,2026-01-17,2026-01-23,https://res.cloudinary.com/dfqzmnlga/image/upload/v1768685408/2026-01-17/10921349.jpg
10921718,16.00,Booster Dreamy Boost Zero,Energi- Sports- & Vitamindrikke,Energidrik,1,0,ds.,Netto,https://static.tilbudsugen.dk/1st-retail/2026/4/64393/Netto32026-1_20_31x4666_2519x6886_zoom.jpg,2026-01-17,2026-01-23,https://res.cloudinary.com/dfqzmnlga/image/upload/v1768685409/2026-01-17/10921718.jpg
10921350,24.00,Inner Winner,Juice,Multifrugtjuice,1,0,fl.,Netto,https://static.tilbudsugen.dk/1st-retail/2026/4/64393/Netto32026-1_9_79x2627_2566x5075_zoom.jpg,2026-01-17,2026-01-23,https://res.cloudinary.com/dfqzmnlga/image/upload/v1768685409/2026-01-17/10921350.jpg
10921389,29.00,Graasten,Dressing,Pommes frites sauce,1,0,stk.,Netto,https://static.tilbudsugen.dk/1st-retail/2026/4/64393/Netto32026-1_18_20x4830_1684x6838_zoom.jpg,2026-01-17,2026-01-23,https://res.cloudinary.com/dfqzmnlga/image/upload/v1768685409/2026-01-17/10921389.jpg
10921392,29.00,Graasten,Dressing,Hvidløgsdressing,1,0,stk.,Netto,https://static.tilbudsugen.dk/1st-retail/2026/4/64393/Netto32026-1_18_20x4830_1684x6838_zoom.jpg,2026-01-17,2026-01-23,https://res.cloudinary.com/dfqzmnlga/image/upload/v1768685410/2026-01-17/10921392.jpg
10921393,29.00,Graasten,Dressing,Burgerdressing,1,0,stk.,Netto,https://static.tilbudsugen.dk/1st-retail/2026/4/64393/Netto32026-1_18_20x4830_1684x6838_zoom.jpg,2026-01-17,2026-01-23,https://res.cloudinary.com/dfqzmnlga/image/upload/v1768685410/2026-01-17/10921393.jpg
10921390,29.00,Graasten,Dressing,Creme Fraiche Dressing,1,0,stk.,Netto,https://static.tilbudsugen.dk/1st-retail/2026/4/64393/Netto32026-1_18_20x4830_1684x6838_zoom.jpg,2026-01-17,2026-01-23,https://res.cloudinary.com/dfqzmnlga/image/upload/v1768685411/2026-01-17/10921390.jpg
10921391,29.00,Graasten,Dressing,Thousand Island Dressing,1,0,stk.,Netto,https://static.tilbudsugen.dk/1st-retail/2026/4/64393/Netto32026-1_18_20x4830_1684x6838_zoom.jpg,2026-01-17,2026-01-23,https://res.cloudinary.com/dfqzmnlga/image/upload/v1768685411/2026-01-17/10921391.jpg
10921403,12.00,Santa Maria,Mexicansk,Tortillawraps Original,1,0,pk.,Netto,https://static.tilbudsugen.dk/1st-retail/2026/4/64393/Netto32026-1_18_27x135_2523x2787_zoom.jpg,2026-01-17,2026-01-23,https://res.cloudinary.com/dfqzmnlga/image/upload/v1768685413/2026-01-17/10921403.jpg
10921131,10.00,Bistronne,Færdigretter Frost,Kyllingeburger,1,0,ps.,Netto,https://static.tilbudsugen.dk/1st-retail/2026/4/64393/Netto32026-1_1_79x3800_2393x6650_zoom.jpg,2026-01-17,2026-01-23,https://res.cloudinary.com/dfqzmnlga/image/upload/v1768685413/2026-01-17/10921131.jpg
10921776,25.00,Klorin,Rengøringsmidler,Rengøringsmiddel,1,0,stk.,Netto,https://static.tilbudsugen.dk/1st-retail/2026/4/64393/Netto32026-1_23_24x2415_3400x4650_zoom.jpg,2026-01-17,2026-01-23,https://res.cloudinary.com/dfqzmnlga/image/upload/v1768685414/2026-01-17/10921776.jpg
10921773,25.00,Ajax,Rengøringsmidler,Rengøring - universal,1,0,fl.,Netto,https://static.tilbudsugen.dk/1st-retail/2026/4/64393/Netto32026-1_23_24x2415_3400x4650_zoom.jpg,2026-01-17,2026-01-23,https://res.cloudinary.com/dfqzmnlga/image/upload/v1768685415/2026-01-17/10921773.jpg
10921777,25.00,Domestos,Rengøringsmidler,WC-rens,1,0,stk.,Netto,https://static.tilbudsugen.dk/1st-retail/2026/4/64393/Netto32026-1_23_24x2415_3400x4650_zoom.jpg,2026-01-17,2026-01-23,https://res.cloudinary.com/dfqzmnlga/image/upload/v1768685415/2026-01-17/10921777.jpg
10921797,69.00,,Opbevaring,Opbevaringskurv,1,2,pk.,Netto,https://static.tilbudsugen.dk/1st-retail/2026/4/64393/Netto32026-1_27_2629x431_4943x2651_zoom.jpg,2026-01-17,2026-01-23,https://res.cloudinary.com/dfqzmnlga/image/upload/v1768685416/2026-01-17/10921797.jpg
10921697,69.00,Energy,Energi- Sports- & Vitamindrikke,Energidrik 8 pk.,8,0,ds.,Netto,https://static.tilbudsugen.dk/1st-retail/2026/4/64393/Netto32026-1_20_2416x3769_4848x6807_zoom.jpg,2026-01-01,2026-01-31,https://res.cloudinary.com/dfqzmnlga/image/upload/v1768685417/2026-01-17/10921697.jpg
10921475,69.00,,Boligtekstiler,Håndklæde,1,2,pk.,Netto,https://static.tilbudsugen.dk/1st-retail/2026/4/64393/Netto32026-1_32_2462x4816_4930x6608_zoom.jpg,2026-01-17,2026-01-23,https://res.cloudinary.com/dfqzmnlga/image/upload/v1768685417/2026-01-17/10921475.jpg
10904706,69.00,Energy,Energi- Sports- & Vitamindrikke,Energidrik 8 pk.,8,0,ds.,Netto,https://static.tilbudsugen.dk/1st-retail/2026/2/64322/Netto022026-1_22_3233x4815_4973x6886_zoom.jpg,2026-01-02,2026-01-31,https://res.cloudinary.com/dfqzmnlga/image/upload/v1768685418/2026-01-17/10904706.jpg
10921341,35.00,Free Bakery,Mel & Melblandinger,Mixed Flour,1,1,ps.,Netto,https://static.tilbudsugen.dk/1st-retail/2026/4/64393/Netto32026-1_16_2475x3044_4849x4951_zoom.jpg,2026-01-17,2026-01-23,https://res.cloudinary.com/dfqzmnlga/image/upload/v1768685419/2026-01-17/10921341.jpg
10921335,35.00,Free Bakery,Mel & Melblandinger,Mix for Bread,1,1,ps.,Netto,https://static.tilbudsugen.dk/1st-retail/2026/4/64393/Netto32026-1_16_2475x3044_4849x4951_zoom.jpg,2026-01-17,2026-01-23,https://res.cloudinary.com/dfqzmnlga/image/upload/v1768685419/2026-01-17/10921335.jpg
10921210,16.00,Grovhakket,Postej og Paté,Leverpostej,1,0,pk.,Netto,https://static.tilbudsugen.dk/1st-retail/2026/4/64393/Netto32026-1_10_3253x2888_4998x4830_zoom.jpg,2026-01-17,2026-01-23,https://res.cloudinary.com/dfqzmnlga/image/upload/v1768685420/2026-01-17/10921210.jpg
10921294,17.97,Bell's,Müsli & Granola,Granola Triple Choco,1,0,ps.,Netto,https://static.tilbudsugen.dk/1st-retail/2026/4/64393/Netto32026-1_14_41x3483_2252x6818_zoom.jpg,2026-01-17,2026-01-23,https://res.cloudinary.com/dfqzmnlga/image/upload/v1768685421/2026-01-17/10921294.jpg
10921747,109.00,,Californiske vine,Californisk Hvidvin,1,3,krt.,Netto,https://static.tilbudsugen.dk/1st-retail/2026/4/64393/Netto32026-1_21_2361x4768_4959x6855_zoom.jpg,2026-01-17,2026-01-23,https://res.cloudinary.com/dfqzmnlga/image/upload/v1768685422/2026-01-17/10921747.jpg
10921746,109.00,,Californiske vine,Californisk Rødvin,1,3,krt.,Netto,https://static.tilbudsugen.dk/1st-retail/2026/4/64393/Netto32026-1_21_2361x4768_4959x6855_zoom.jpg,2026-01-17,2026-01-23,https://res.cloudinary.com/dfqzmnlga/image/upload/v1768685422/2026-01-17/10921746.jpg
10921224,10.00,Næmt,Dej Køl,Tærtedej,1,0,pk.,Netto,https://static.tilbudsugen.dk/1st-retail/2026/4/64393/Netto32026-1_3_2645x3328_3652x4910_zoom.jpg,2026-01-17,2026-01-23,https://res.cloudinary.com/dfqzmnlga/image/upload/v1768685423/2026-01-17/10921224.jpg
10921774,25.00,A+,Vaskemiddel,Vaskemiddel-flydende,1,0,stk.,Netto,https://static.tilbudsugen.dk/1st-retail/2026/4/64393/Netto32026-1_23_55x4603_2527x6862_zoom.jpg,2026-01-17,2026-01-23,https://res.cloudinary.com/dfqzmnlga/image/upload/v1768685423/2026-01-17/10921774.jpg
10921248,15.00,ØGO,Grønt,Tomater,1,0,bk.,Netto,https://static.tilbudsugen.dk/1st-retail/2026/4/64393/Netto32026-1_4_3274x565_4919x2824_zoom.jpg,2026-01-17,2026-01-23,https://res.cloudinary.com/dfqzmnlga/image/upload/v1768685424/2026-01-17/10921248.jpg
10921399,12.00,Santa Maria,Mexicansk,Tortillawraps Original 8 Medium,1,0,pk.,Netto,https://static.tilbudsugen.dk/1st-retail/2026/4/64393/Netto32026-1_18_27x135_2523x2787_zoom.jpg,2026-01-17,2026-01-23,https://res.cloudinary.com/dfqzmnlga/image/upload/v1768685424/2026-01-17/10921399.jpg
10921400,12.00,Santa Maria,Mexicansk,Tortillawraps Whole Wheat,1,0,pk.,Netto,https://static.tilbudsugen.dk/1st-retail/2026/4/64393/Netto32026-1_18_27x135_2523x2787_zoom.jpg,2026-01-17,2026-01-23,https://res.cloudinary.com/dfqzmnlga/image/upload/v1768685425/2026-01-17/10921400.jpg
10921358,24.00,Kids,Juice,Smoothie,1,0,pk.,Netto,https://static.tilbudsugen.dk/1st-retail/2026/4/64393/Netto32026-1_9_79x2627_2566x5075_zoom.jpg,2026-01-17,2026-01-23,https://res.cloudinary.com/dfqzmnlga/image/upload/v1768685425/2026-01-17/10921358.jpg
10921255,30.00,Premier,Is,Kæmpe Solbær is,1,0,bg.,Netto,https://static.tilbudsugen.dk/1st-retail/2026/4/64393/Netto32026-1_11_27x2800_2442x4843_zoom.jpg,2026-01-17,2026-01-23,https://res.cloudinary.com/dfqzmnlga/image/upload/v1768685426/2026-01-17/10921255.jpg
10921276,30.00,Premier,Is,Nougat Flødeis,1,0,bg.,Netto,https://static.tilbudsugen.dk/1st-retail/2026/4/64393/Netto32026-1_11_27x2800_2442x4843_zoom.jpg,2026-01-17,2026-01-23,https://res.cloudinary.com/dfqzmnlga/image/upload/v1768685427/2026-01-17/10921276.jpg
10921278,30.00,Premier,Is,Toms Skildpadde is,1,0,bg.,Netto,https://static.tilbudsugen.dk/1st-retail/2026/4/64393/Netto32026-1_11_27x2800_2442x4843_zoom.jpg,2026-01-17,2026-01-23,https://res.cloudinary.com/dfqzmnlga/image/upload/v1768685427/2026-01-17/10921278.jpg
10921279,30.00,Premier,Is,Karamel Flødeis,1,0,bg.,Netto,https://static.tilbudsugen.dk/1st-retail/2026/4/64393/Netto32026-1_11_27x2800_2442x4843_zoom.jpg,2026-01-17,2026-01-23,https://res.cloudinary.com/dfqzmnlga/image/upload/v1768685428/2026-01-17/10921279.jpg
10921384,20.00,Pastificio Di Martino,Pasta,Pasta,1,0,ps.,Netto,https://static.tilbudsugen.dk/1st-retail/2026/4/64393/Netto32026-1_18_2442x0_4998x2841_zoom.jpg,2026-01-17,2026-01-23,https://res.cloudinary.com/dfqzmnlga/image/upload/v1768685428/2026-01-17/10921384.jpg
10921277,30.00,Premier,Is,Karamelsymfoni,1,0,bg.,Netto,https://static.tilbudsugen.dk/1st-retail/2026/4/64393/Netto32026-1_11_27x2800_2442x4843_zoom.jpg,2026-01-17,2026-01-23,https://res.cloudinary.com/dfqzmnlga/image/upload/v1768685429/2026-01-17/10921277.jpg
10921344,18.00,Mammen,Madlavningsost,"Hytteost 1,5%",1,0,bg.,Netto,https://static.tilbudsugen.dk/1st-retail/2026/4/64393/Netto32026-1_8_551x4776_2637x6736_zoom.jpg,2026-01-17,2026-01-23,https://res.cloudinary.com/dfqzmnlga/image/upload/v1768685429/2026-01-17/10921344.jpg
10921311,25.00,,Kylling,Kyllingeunderlår,1,0,pk.,Netto,https://static.tilbudsugen.dk/1st-retail/2026/4/64393/Netto32026-1_6_55x4824_2542x6870_zoom.jpg,2026-01-17,2026-01-23,https://res.cloudinary.com/dfqzmnlga/image/upload/v1768685430/2026-01-17/10921311.jpg
10921274,6.00,ØGO,Grønt,Majs,1,0,ds.,Netto,https://static.tilbudsugen.dk/1st-retail/2026/4/64393/Netto32026-1_12_162x4830_1711x6791_zoom.jpg,2026-01-17,2026-01-23,https://res.cloudinary.com/dfqzmnlga/image/upload/v1768685430/2026-01-17/10921274.jpg
10921262,39.00,Slow Cooked,Færdigretter Køl,Mexican Pork Neck,2,0,pk.,Netto,https://static.tilbudsugen.dk/1st-retail/2026/4/64393/Netto32026-1_11_3192x4775_4951x6866_zoom.jpg,2026-01-17,2026-01-23,https://res.cloudinary.com/dfqzmnlga/image/upload/v1768685430/2026-01-17/10921262.jpg
10921264,39.00,Slow Cooked,Færdigretter Køl,Pork Neck Soya Sesam,2,0,pk.,Netto,https://static.tilbudsugen.dk/1st-retail/2026/4/64393/Netto32026-1_11_3192x4775_4951x6866_zoom.jpg,2026-01-17,2026-01-23,https://res.cloudinary.com/dfqzmnlga/image/upload/v1768685431/2026-01-17/10921264.jpg
10921263,39.00,Slow Cooked,Færdigretter Køl,Pork N'Pepper,2,0,pk.,Netto,https://static.tilbudsugen.dk/1st-retail/2026/4/64393/Netto32026-1_11_3192x4775_4951x6866_zoom.jpg,2026-01-17,2026-01-23,https://res.cloudinary.com/dfqzmnlga/image/upload/v1768685432/2026-01-17/10921263.jpg
10921753,12.00,Hello Sensitive,Babypleje,Babybad,1,0,stk.,Netto,https://static.tilbudsugen.dk/1st-retail/2026/4/64393/Netto32026-1_22_3125x2368_4911x4202_zoom.jpg,2026-01-17,2026-01-23,https://res.cloudinary.com/dfqzmnlga/image/upload/v1768685433/2026-01-17/10921753.jpg
10921748,109.00,,Italienske vine,Italiensk Rødvin,1,2,krt.,Netto,https://static.tilbudsugen.dk/1st-retail/2026/4/64393/Netto32026-1_21_2361x4768_4959x6855_zoom.jpg,2026-01-17,2026-01-23,https://res.cloudinary.com/dfqzmnlga/image/upload/v1768685433/2026-01-17/10921748.jpg
10921749,109.00,,Italienske vine,Italiensk Hvidvin,1,2,krt.,Netto,https://static.tilbudsugen.dk/1st-retail/2026/4/64393/Netto32026-1_21_2361x4768_4959x6855_zoom.jpg,2026-01-17,2026-01-23,https://res.cloudinary.com/dfqzmnlga/image/upload/v1768685434/2026-01-17/10921749.jpg
10921364,16.00,Starbucks,Iste & Iskaffe,Protein Iskaffe,1,0,fl.,Netto,https://static.tilbudsugen.dk/1st-retail/2026/4/64393/Netto32026-1_9_102x5036_2503x6878_zoom.jpg,2026-01-17,2026-01-23,https://res.cloudinary.com/dfqzmnlga/image/upload/v1768685434/2026-01-17/10921364.jpg
10921770,85.00,Neutral,Vaskemiddel,Vaskemiddel-flydende,1,1,fl.,Netto,https://static.tilbudsugen.dk/1st-retail/2026/4/64393/Netto32026-1_23_2424x4643_4974x6862_zoom.jpg,2026-01-17,2026-01-23,https://res.cloudinary.com/dfqzmnlga/image/upload/v1768685435/2026-01-17/10921770.jpg
10921308,24.95,Velsmag,Grisekød,Hamburgerryg,1,0,bk.,Netto,https://static.tilbudsugen.dk/1st-retail/2026/4/64393/Netto32026-1_6_2440x2801_4919x4839_zoom.jpg,2026-01-17,2026-01-23,https://res.cloudinary.com/dfqzmnlga/image/upload/v1768685436/2026-01-17/10921308.jpg
10921309,24.95,Velsmag,Grisekød,Nakkefilet,1,0,bk.,Netto,https://static.tilbudsugen.dk/1st-retail/2026/4/64393/Netto32026-1_6_2440x2801_4919x4839_zoom.jpg,2026-01-17,2026-01-23,https://res.cloudinary.com/dfqzmnlga/image/upload/v1768685436/2026-01-17/10921309.jpg
10921251,20.00,Næmt,Færdigretter Frost,Pizzasnegle,1,0,ps.,Netto,https://static.tilbudsugen.dk/1st-retail/2026/4/64393/Netto32026-1_11_2442x122_4924x2888_zoom.jpg,2026-01-17,2026-01-23,https://res.cloudinary.com/dfqzmnlga/image/upload/v1768685437/2026-01-17/10921251.jpg
10921117,10.00,Buko,Specialost,Flødeost Grøn Pikant,1,0,bg.,Netto,https://static.tilbudsugen.dk/1st-retail/2026/4/64393/Netto32026-1_1_2456x1415_4935x3785_zoom.jpg,2026-01-17,2026-01-23,https://res.cloudinary.com/dfqzmnlga/image/upload/v1768685437/2026-01-17/10921117.jpg
10921118,10.00,Buko,Specialost,Flødeost Pikant,1,0,bg.,Netto,https://static.tilbudsugen.dk/1st-retail/2026/4/64393/Netto32026-1_1_2456x1415_4935x3785_zoom.jpg,2026-01-17,2026-01-23,https://res.cloudinary.com/dfqzmnlga/image/upload/v1768685438/2026-01-17/10921118.jpg
10921120,10.00,Buko,Specialost,Flødeost Hvidløg,1,0,bg.,Netto,https://static.tilbudsugen.dk/1st-retail/2026/4/64393/Netto32026-1_1_2456x1415_4935x3785_zoom.jpg,2026-01-17,2026-01-23,https://res.cloudinary.com/dfqzmnlga/image/upload/v1768685438/2026-01-17/10921120.jpg
10921206,20.00,Velsmag,Grisekød,Hakket grisekød,1,0,bk.,Netto,https://static.tilbudsugen.dk/1st-retail/2026/4/64393/Netto32026-1_3_1244x1573_2527x3068_zoom.jpg,2026-01-17,2026-01-23,https://res.cloudinary.com/dfqzmnlga/image/upload/v1768685439/2026-01-17/10921206.jpg
10921250,20.00,Næmt,Færdigretter Frost,Pølsehorn,1,0,ps.,Netto,https://static.tilbudsugen.dk/1st-retail/2026/4/64393/Netto32026-1_11_2442x122_4924x2888_zoom.jpg,2026-01-17,2026-01-23,https://res.cloudinary.com/dfqzmnlga/image/upload/v1768685439/2026-01-17/10921250.jpg
10921316,20.00,Velsmag,Grisekød,Grisekoteletter,1,0,bk.,Netto,https://static.tilbudsugen.dk/1st-retail/2026/4/64393/Netto32026-1_6_47x2840_2519x4831_zoom.jpg,2026-01-17,2026-01-23,https://res.cloudinary.com/dfqzmnlga/image/upload/v1768685440/2026-01-17/10921316.jpg
10921119,10.00,Buko,Specialost,Flødeost Naturel,1,0,bg.,Netto,https://static.tilbudsugen.dk/1st-retail/2026/4/64393/Netto32026-1_1_2456x1415_4935x3785_zoom.jpg,2026-01-17,2026-01-23,https://res.cloudinary.com/dfqzmnlga/image/upload/v1768685440/2026-01-17/10921119.jpg
10921325,35.00,Danpo,Kylling,Hakket kylling,1,0,bk.,Netto,https://static.tilbudsugen.dk/1st-retail/2026/4/64393/Netto32026-1_6_2503x4666_4911x6886_zoom.jpg,2026-01-17,2026-01-23,https://res.cloudinary.com/dfqzmnlga/image/upload/v1768685441/2026-01-17/10921325.jpg
10921326,69.00,De Danske Familiegårde,Kylling,Kylling,1,1,stk.,Netto,https://static.tilbudsugen.dk/1st-retail/2026/4/64393/Netto32026-1_7_244x1667_4896x6862_zoom.jpg,2026-01-17,2026-01-23,https://res.cloudinary.com/dfqzmnlga/image/upload/v1768685442/2026-01-17/10921326.jpg
10921398,12.00,Santa Maria,Mexicansk,Taco sauce,1,0,gl.,Netto,https://static.tilbudsugen.dk/1st-retail/2026/4/64393/Netto32026-1_18_27x135_2523x2787_zoom.jpg,2026-01-17,2026-01-23,https://res.cloudinary.com/dfqzmnlga/image/upload/v1768685442/2026-01-17/10921398.jpg
10921397,12.00,Santa Maria,Mexicansk,Chunky Salsa Medium,1,0,gl.,Netto,https://static.tilbudsugen.dk/1st-retail/2026/4/64393/Netto32026-1_18_27x135_2523x2787_zoom.jpg,2026-01-17,2026-01-23,https://res.cloudinary.com/dfqzmnlga/image/upload/v1768685443/2026-01-17/10921397.jpg
10921208,16.00,Bacon,Postej og Paté,Leverpostej,1,0,pk.,Netto,https://static.tilbudsugen.dk/1st-retail/2026/4/64393/Netto32026-1_10_3253x2888_4998x4830_zoom.jpg,2026-01-17,2026-01-23,https://res.cloudinary.com/dfqzmnlga/image/upload/v1768685443/2026-01-17/10921208.jpg
10921209,16.00,Fransk,Postej og Paté,Leverpostej,1,0,pk.,Netto,https://static.tilbudsugen.dk/1st-retail/2026/4/64393/Netto32026-1_10_3253x2888_4998x4830_zoom.jpg,2026-01-17,2026-01-23,https://res.cloudinary.com/dfqzmnlga/image/upload/v1768685444/2026-01-17/10921209.jpg
10921284,19.00,ØGO,Dybfrost Brød,Durum Kernestykker,1,0,ps.,Netto,https://static.tilbudsugen.dk/1st-retail/2026/4/64393/Netto32026-1_12_129x2381_2516x4701_zoom.jpg,2026-01-17,2026-01-23,https://res.cloudinary.com/dfqzmnlga/image/upload/v1768685444/2026-01-17/10921284.jpg
10921275,19.00,ØGO,Dybfrost Brød,Ølandsstykker,1,0,ps.,Netto,https://static.tilbudsugen.dk/1st-retail/2026/4/64393/Netto32026-1_12_129x2381_2516x4701_zoom.jpg,2026-01-17,2026-01-23,https://res.cloudinary.com/dfqzmnlga/image/upload/v1768685445/2026-01-17/10921275.jpg
10921226,14.00,Cheasy,Madlavningsost,Hytteost,1,0,bg.,Netto,https://static.tilbudsugen.dk/1st-retail/2026/4/64393/Netto32026-1_3_1228x3533_2487x4997_zoom.jpg,2026-01-17,2026-01-23,https://res.cloudinary.com/dfqzmnlga/image/upload/v1768685445/2026-01-17/10921226.jpg
10921228,14.00,Premieur,Ciabatta & Flutes,Baguettes,1,0,pk.,Netto,https://static.tilbudsugen.dk/1st-retail/2026/4/64393/Netto32026-1_3_3723x5146_4927x6862_zoom.jpg,2026-01-17,2026-01-23,https://res.cloudinary.com/dfqzmnlga/image/upload/v1768685446/2026-01-17/10921228.jpg
10921196,20.00,Thai Cube,Færdigretter Frost,Panang Curry Chicken,1,0,pk.,Netto,https://static.tilbudsugen.dk/1st-retail/2026/4/64393/Netto32026-1_2_47x2564_2503x4768_zoom.jpg,2026-01-17,2026-01-23,https://res.cloudinary.com/dfqzmnlga/image/upload/v1768685446/2026-01-17/10921196.jpg
10921220,10.00,Tjia,Pålægssalat,Hytteostsalat Kylling og Karry,1,0,bg.,Netto,https://static.tilbudsugen.dk/1st-retail/2026/4/64393/Netto32026-1_10_14x2821_1664x4870_zoom.jpg,2026-01-17,2026-01-23,https://res.cloudinary.com/dfqzmnlga/image/upload/v1768685447/2026-01-17/10921220.jpg
10921219,10.00,Tjia,Pålægssalat,Hytteostsalat Laks,1,0,bg.,Netto,https://static.tilbudsugen.dk/1st-retail/2026/4/64393/Netto32026-1_10_14x2821_1664x4870_zoom.jpg,2026-01-17,2026-01-23,https://res.cloudinary.com/dfqzmnlga/image/upload/v1768685448/2026-01-17/10921219.jpg
10921194,20.00,Thai Cube,Færdigretter Frost,Sweet Chili Chicken Teriyaki,1,0,pk.,Netto,https://static.tilbudsugen.dk/1st-retail/2026/4/64393/Netto32026-1_2_47x2564_2503x4768_zoom.jpg,2026-01-17,2026-01-23,https://res.cloudinary.com/dfqzmnlga/image/upload/v1768685448/2026-01-17/10921194.jpg
10921198,20.00,Indian Cube,Færdigretter Frost,Chicken Tikka Masala,1,0,pk.,Netto,https://static.tilbudsugen.dk/1st-retail/2026/4/64393/Netto32026-1_2_47x2564_2503x4768_zoom.jpg,2026-01-17,2026-01-23,https://res.cloudinary.com/dfqzmnlga/image/upload/v1768685449/2026-01-17/10921198.jpg
10921199,20.00,Indian Cube,Færdigretter Frost,Butter Chicken,1,0,pk.,Netto,https://static.tilbudsugen.dk/1st-retail/2026/4/64393/Netto32026-1_2_47x2564_2503x4768_zoom.jpg,2026-01-17,2026-01-23,https://res.cloudinary.com/dfqzmnlga/image/upload/v1768685449/2026-01-17/10921199.jpg
10921197,20.00,Thai Cube,Færdigretter Frost,Red Curry Chicken,1,0,pk.,Netto,https://static.tilbudsugen.dk/1st-retail/2026/4/64393/Netto32026-1_2_47x2564_2503x4768_zoom.jpg,2026-01-17,2026-01-23,https://res.cloudinary.com/dfqzmnlga/image/upload/v1768685450/2026-01-17/10921197.jpg
10921215,10.00,Tjia,Pålægssalat,Hytteostsalat Tun,1,0,bg.,Netto,https://static.tilbudsugen.dk/1st-retail/2026/4/64393/Netto32026-1_10_14x2821_1664x4870_zoom.jpg,2026-01-17,2026-01-23,https://res.cloudinary.com/dfqzmnlga/image/upload/v1768685451/2026-01-17/10921215.jpg
10921217,10.00,Tjia,Pålægssalat,Hytteostsalat Skinke,1,0,bg.,Netto,https://static.tilbudsugen.dk/1st-retail/2026/4/64393/Netto32026-1_10_14x2821_1664x4870_zoom.jpg,2026-01-17,2026-01-23,https://res.cloudinary.com/dfqzmnlga/image/upload/v1768685451/2026-01-17/10921217.jpg
10921218,10.00,Tjia,Pålægssalat,Hytteostsalat Tomater,1,0,bg.,Netto,https://static.tilbudsugen.dk/1st-retail/2026/4/64393/Netto32026-1_10_14x2821_1664x4870_zoom.jpg,2026-01-17,2026-01-23,https://res.cloudinary.com/dfqzmnlga/image/upload/v1768685452/2026-01-17/10921218.jpg
10921286,11.99,ØGO,Pålægssalat,Hummus,1,0,bg.,Netto,https://static.tilbudsugen.dk/1st-retail/2026/4/64393/Netto32026-1_13_3010x690_4863x3943_zoom.jpg,2026-01-17,2026-01-23,https://res.cloudinary.com/dfqzmnlga/image/upload/v1768685452/2026-01-17/10921286.jpg
10921247,12.00,Carte d'Or,Is,Vanilla Caramel Pecan Dream,1,0,bg.,Netto,https://static.tilbudsugen.dk/1st-retail/2026/4/64393/Netto32026-1_11_0x731_2421x2895_zoom.jpg,2026-01-01,2026-01-31,https://res.cloudinary.com/dfqzmnlga/image/upload/v1768685453/2026-01-17/10921247.jpg
10921246,12.00,Carte d'Or,Is,Cookie Crumble Dream,1,0,bg.,Netto,https://static.tilbudsugen.dk/1st-retail/2026/4/64393/Netto32026-1_11_0x731_2421x2895_zoom.jpg,2026-01-01,2026-01-31,https://res.cloudinary.com/dfqzmnlga/image/upload/v1768685453/2026-01-17/10921246.jpg
10921339,12.00,Arla Protein,Mellemmåltider,Chocolate Fudge Flavour Mousse,1,0,bg.,Netto,https://static.tilbudsugen.dk/1st-retail/2026/4/64393/Netto32026-1_8_2731x4879_4809x6807_zoom.jpg,2026-01-17,2026-01-23,https://res.cloudinary.com/dfqzmnlga/image/upload/v1768685456/2026-01-17/10921339.jpg
10921340,12.00,Arla Protein,Mellemmåltider,Banoffee Pie Mousse,1,0,bg.,Netto,https://static.tilbudsugen.dk/1st-retail/2026/4/64393/Netto32026-1_8_2731x4879_4809x6807_zoom.jpg,2026-01-17,2026-01-23,https://res.cloudinary.com/dfqzmnlga/image/upload/v1768685458/2026-01-17/10921340.jpg
10921242,12.00,Carte d'Or,Is,Tiramisu Dream,1,0,bg.,Netto,https://static.tilbudsugen.dk/1st-retail/2026/4/64393/Netto32026-1_11_0x731_2421x2895_zoom.jpg,2026-01-01,2026-01-31,https://res.cloudinary.com/dfqzmnlga/image/upload/v1768685459/2026-01-17/10921242.jpg
10921734,45.00,,Californiske vine,Californisk Rødvin,1,0,fl.,Netto,https://static.tilbudsugen.dk/1st-retail/2026/4/64393/Netto32026-1_21_94x156_2605x2399_zoom.jpg,2026-01-17,2026-01-23,https://res.cloudinary.com/dfqzmnlga/image/upload/v1768685459/2026-01-17/10921734.jpg
10921736,45.00,,Sydafrikanske vine,Sydafrikansk Hvidvin,1,0,fl.,Netto,https://static.tilbudsugen.dk/1st-retail/2026/4/64393/Netto32026-1_21_94x156_2605x2399_zoom.jpg,2026-01-17,2026-01-23,https://res.cloudinary.com/dfqzmnlga/image/upload/v1768685460/2026-01-17/10921736.jpg
10921737,45.00,,Sydafrikanske vine,Sydafrikansk Rødvin,1,0,fl.,Netto,https://static.tilbudsugen.dk/1st-retail/2026/4/64393/Netto32026-1_21_94x156_2605x2399_zoom.jpg,2026-01-17,2026-01-23,https://res.cloudinary.com/dfqzmnlga/image/upload/v1768685460/2026-01-17/10921737.jpg
10921317,25.00,,Kylling,Kyllingeoverlår,1,0,bk.,Netto,https://static.tilbudsugen.dk/1st-retail/2026/4/64393/Netto32026-1_6_55x4824_2542x6870_zoom.jpg,2026-01-17,2026-01-23,https://res.cloudinary.com/dfqzmnlga/image/upload/v1768685461/2026-01-17/10921317.jpg
10921252,20.00,Næmt,Færdigretter Frost,Kyllinge Pølsehorn,1,0,ps.,Netto,https://static.tilbudsugen.dk/1st-retail/2026/4/64393/Netto32026-1_11_2442x122_4924x2888_zoom.jpg,2026-01-17,2026-01-23,https://res.cloudinary.com/dfqzmnlga/image/upload/v1768685461/2026-01-17/10921252.jpg
10921195,20.00,Thai Cube,Færdigretter Frost,Creamy Tom Yom Chicken & Noodles ,1,0,pk.,Netto,https://static.tilbudsugen.dk/1st-retail/2026/4/64393/Netto32026-1_2_47x2564_2503x4768_zoom.jpg,2026-01-17,2026-01-23,https://res.cloudinary.com/dfqzmnlga/image/upload/v1768685462/2026-01-17/10921195.jpg
10921249,20.00,Næmt,Færdigretter Frost,Mini Focaccia,1,0,ps.,Netto,https://static.tilbudsugen.dk/1st-retail/2026/4/64393/Netto32026-1_11_2442x122_4924x2888_zoom.jpg,2026-01-17,2026-01-23,https://res.cloudinary.com/dfqzmnlga/image/upload/v1768685462/2026-01-17/10921249.jpg
10921266,69.00,,Kylling,Kylling,1,1,stk.,Netto,https://static.tilbudsugen.dk/1st-retail/2026/4/64393/Netto32026-1_5_2361x675_4927x2958_zoom.jpg,2026-01-17,2026-01-23,https://res.cloudinary.com/dfqzmnlga/image/upload/v1768685463/2026-01-17/10921266.jpg
10921381,39.00,Frosties,Cornflakes,Cornflakes,1,0,pk.,Netto,https://static.tilbudsugen.dk/1st-retail/2026/4/64393/Netto32026-1_17_1671x4870_4930x6845_zoom.jpg,2026-01-17,2026-01-23,https://res.cloudinary.com/dfqzmnlga/image/upload/v1768685463/2026-01-17/10921381.jpg
10921379,39.00,Smacks,Morgenmadsprodukter,Morgenmadsprodukt,1,0,pk.,Netto,https://static.tilbudsugen.dk/1st-retail/2026/4/64393/Netto32026-1_17_1671x4870_4930x6845_zoom.jpg,2026-01-17,2026-01-23,https://res.cloudinary.com/dfqzmnlga/image/upload/v1768685464/2026-01-17/10921379.jpg
10921383,39.00,Special K,Morgenmadsprodukter,Morgenmadsprodukt,1,0,pk.,Netto,https://static.tilbudsugen.dk/1st-retail/2026/4/64393/Netto32026-1_17_1671x4870_4930x6845_zoom.jpg,2026-01-17,2026-01-23,https://res.cloudinary.com/dfqzmnlga/image/upload/v1768685464/2026-01-17/10921383.jpg
10921382,39.00,Kelloggs,Cornflakes,Cornflakes,1,0,pk.,Netto,https://static.tilbudsugen.dk/1st-retail/2026/4/64393/Netto32026-1_17_1671x4870_4930x6845_zoom.jpg,2026-01-17,2026-01-23,https://res.cloudinary.com/dfqzmnlga/image/upload/v1768685465/2026-01-17/10921382.jpg
10921378,39.00,Choco Krispies,Morgenmadsprodukter,Morgenmadsprodukt,1,0,pk.,Netto,https://static.tilbudsugen.dk/1st-retail/2026/4/64393/Netto32026-1_17_1671x4870_4930x6845_zoom.jpg,2026-01-17,2026-01-23,https://res.cloudinary.com/dfqzmnlga/image/upload/v1768685465/2026-01-17/10921378.jpg
10921380,39.00,Tresor,Morgenmadsprodukter,Morgenmadsprodukt,1,0,pk.,Netto,https://static.tilbudsugen.dk/1st-retail/2026/4/64393/Netto32026-1_17_1671x4870_4930x6845_zoom.jpg,2026-01-17,2026-01-23,https://res.cloudinary.com/dfqzmnlga/image/upload/v1768685466/2026-01-17/10921380.jpg
10921740,49.00,,Tyske vine,Tysk Rosevin,1,0,fl.,Netto,https://static.tilbudsugen.dk/1st-retail/2026/4/64393/Netto32026-1_21_2401x148_4943x2549_zoom.jpg,2026-01-17,2026-01-23,https://res.cloudinary.com/dfqzmnlga/image/upload/v1768685466/2026-01-17/10921740.jpg
10921741,49.00,,Franske vine,Fransk Hvidvin,1,0,fl.,Netto,https://static.tilbudsugen.dk/1st-retail/2026/4/64393/Netto32026-1_21_2401x148_4943x2549_zoom.jpg,2026-01-17,2026-01-23,https://res.cloudinary.com/dfqzmnlga/image/upload/v1768685467/2026-01-17/10921741.jpg
10921738,49.00,,Tyske vine,Tysk Hvidvin,1,0,fl.,Netto,https://static.tilbudsugen.dk/1st-retail/2026/4/64393/Netto32026-1_21_2401x148_4943x2549_zoom.jpg,2026-01-17,2026-01-23,https://res.cloudinary.com/dfqzmnlga/image/upload/v1768685468/2026-01-17/10921738.jpg
10921742,49.00,,Franske vine,Fransk Rødvin,1,0,fl.,Netto,https://static.tilbudsugen.dk/1st-retail/2026/4/64393/Netto32026-1_21_2401x148_4943x2549_zoom.jpg,2026-01-17,2026-01-23,https://res.cloudinary.com/dfqzmnlga/image/upload/v1768685469/2026-01-17/10921742.jpg
10921239,10.00,La Campagna,Postej og Paté,Paté Hvidløg,1,0,stk.,Netto,https://static.tilbudsugen.dk/1st-retail/2026/4/64393/Netto32026-1_10_0x676_3246x2848_zoom.jpg,2026-01-17,2026-01-23,https://res.cloudinary.com/dfqzmnlga/image/upload/v1768685469/2026-01-17/10921239.jpg
10921205,12.00,Royal Arctic,Rejer og andre skaldyr,Rejer,1,0,bg.,Netto,https://static.tilbudsugen.dk/1st-retail/2026/4/64393/Netto32026-1_10_3260x717_4998x2841_zoom.jpg,2026-01-17,2026-01-23,https://res.cloudinary.com/dfqzmnlga/image/upload/v1768685470/2026-01-17/10921205.jpg
10921370,15.00,ØGO,Knækbrød,Fuldkorn knækbrød,1,0,pk.,Netto,https://static.tilbudsugen.dk/1st-retail/2026/4/64393/Netto32026-1_17_0x1096_2496x2848_zoom.jpg,2026-01-17,2026-01-23,https://res.cloudinary.com/dfqzmnlga/image/upload/v1768685472/2026-01-17/10921370.jpg
10921283,30.00,Protein Lab,Is,High Protein salty caramel is,1,0,bg.,Netto,https://static.tilbudsugen.dk/1st-retail/2026/4/64393/Netto32026-1_11_27x2800_2442x4843_zoom.jpg,2026-01-17,2026-01-23,https://res.cloudinary.com/dfqzmnlga/image/upload/v1768685472/2026-01-17/10921283.jpg
10921280,30.00,Protein Lab,Is,High Protein strawberry vanilla is,1,0,bg.,Netto,https://static.tilbudsugen.dk/1st-retail/2026/4/64393/Netto32026-1_11_27x2800_2442x4843_zoom.jpg,2026-01-17,2026-01-23,https://res.cloudinary.com/dfqzmnlga/image/upload/v1768685473/2026-01-17/10921280.jpg
10921657,12.00,Lays,Chips,Heinz Tomato Ketchup Chips,1,0,ps.,Netto,https://static.tilbudsugen.dk/1st-retail/2026/4/64393/Netto32026-1_19_63x4666_2542x6870_zoom.jpg,2026-01-17,2026-01-23,https://res.cloudinary.com/dfqzmnlga/image/upload/v1768685473/2026-01-17/10921657.jpg
10921658,12.00,Lays,Chips,Barbecue Flavour Chips,1,0,ps.,Netto,https://static.tilbudsugen.dk/1st-retail/2026/4/64393/Netto32026-1_19_63x4666_2542x6870_zoom.jpg,2026-01-17,2026-01-23,https://res.cloudinary.com/dfqzmnlga/image/upload/v1768685474/2026-01-17/10921658.jpg
10921659,12.00,Lays,Chips,Saltede Chips,1,0,ps.,Netto,https://static.tilbudsugen.dk/1st-retail/2026/4/64393/Netto32026-1_19_63x4666_2542x6870_zoom.jpg,2026-01-17,2026-01-23,https://res.cloudinary.com/dfqzmnlga/image/upload/v1768685475/2026-01-17/10921659.jpg
10921651,12.00,Doritos,Chips,Sweet Chili Pepper Chips,1,0,ps.,Netto,https://static.tilbudsugen.dk/1st-retail/2026/4/64393/Netto32026-1_19_63x4666_2542x6870_zoom.jpg,2026-01-17,2026-01-23,https://res.cloudinary.com/dfqzmnlga/image/upload/v1768685475/2026-01-17/10921651.jpg
10921654,12.00,Doritos,Chips,Cool American Chips,1,0,ps.,Netto,https://static.tilbudsugen.dk/1st-retail/2026/4/64393/Netto32026-1_19_63x4666_2542x6870_zoom.jpg,2026-01-17,2026-01-23,https://res.cloudinary.com/dfqzmnlga/image/upload/v1768685476/2026-01-17/10921654.jpg
10921259,50.00,Velsmag,Grisekød,Flæsk i skiver,1,0,bk.,Netto,https://static.tilbudsugen.dk/1st-retail/2026/4/64393/Netto32026-1_5_47x2753_2558x4847_zoom.jpg,2026-01-17,2026-01-23,https://res.cloudinary.com/dfqzmnlga/image/upload/v1768685476/2026-01-17/10921259.jpg
10921265,50.00,Velsmag,Kalve- og grisekød,Hakket kalv og grisekød 8-12%,1,0,bk.,Netto,https://static.tilbudsugen.dk/1st-retail/2026/4/64393/Netto32026-1_5_47x2753_2558x4847_zoom.jpg,2026-01-17,2026-01-23,https://res.cloudinary.com/dfqzmnlga/image/upload/v1768685477/2026-01-17/10921265.jpg
10921751,55.00,,New Zealandske vine,New Zealandsk Hvidvin,1,0,fl.,Netto,https://static.tilbudsugen.dk/1st-retail/2026/4/64393/Netto32026-1_21_94x2509_2558x4650_zoom.jpg,2026-01-17,2026-01-23,https://res.cloudinary.com/dfqzmnlga/image/upload/v1768685478/2026-01-17/10921751.jpg
10921318,55.00,Løgismose,Øvrige vinlande,Rosevin,1,0,fl.,Netto,https://static.tilbudsugen.dk/1st-retail/2026/4/64393/Netto32026-1_15_3260x4775_4849x6838_zoom.jpg,2026-01-17,2026-01-23,https://res.cloudinary.com/dfqzmnlga/image/upload/v1768685478/2026-01-17/10921318.jpg
10921315,55.00,Løgismose,Øvrige vinlande,Hvidvin,1,0,fl.,Netto,https://static.tilbudsugen.dk/1st-retail/2026/4/64393/Netto32026-1_15_3260x4775_4849x6838_zoom.jpg,2026-01-17,2026-01-23,https://res.cloudinary.com/dfqzmnlga/image/upload/v1768685479/2026-01-17/10921315.jpg
10921745,55.00,,Italienske vine,Italiensk Rødvin,1,0,fl.,Netto,https://static.tilbudsugen.dk/1st-retail/2026/4/64393/Netto32026-1_21_94x2509_2558x4650_zoom.jpg,2026-01-17,2026-01-23,https://res.cloudinary.com/dfqzmnlga/image/upload/v1768685479/2026-01-17/10921745.jpg
10921319,55.00,Løgismose,Øvrige vinlande,Rødvin,1,0,fl.,Netto,https://static.tilbudsugen.dk/1st-retail/2026/4/64393/Netto32026-1_15_3260x4775_4849x6838_zoom.jpg,2026-01-17,2026-01-23,https://res.cloudinary.com/dfqzmnlga/image/upload/v1768685480/2026-01-17/10921319.jpg
10921656,12.00,Doritos,Chips,Flamin Hot,1,0,ps.,Netto,https://static.tilbudsugen.dk/1st-retail/2026/4/64393/Netto32026-1_19_63x4666_2542x6870_zoom.jpg,2026-01-17,2026-01-23,https://res.cloudinary.com/dfqzmnlga/image/upload/v1768685480/2026-01-17/10921656.jpg
10921368,25.00,Bell's,Müsli & Granola,Granola,1,0,ps.,Netto,https://static.tilbudsugen.dk/1st-retail/2026/4/64393/Netto32026-1_16_3287x4992_4937x6852_zoom.jpg,2026-01-17,2026-01-23,https://res.cloudinary.com/dfqzmnlga/image/upload/v1768685481/2026-01-17/10921368.jpg
10921369,10.00,Bådsmand,Fisk og skaldyr Køl,Fiskefrikadeller,1,0,bk.,Netto,https://static.tilbudsugen.dk/1st-retail/2026/4/64393/Netto32026-1_16_61x4978_1698x6805_zoom.jpg,2026-01-17,2026-01-23,https://res.cloudinary.com/dfqzmnlga/image/upload/v1768685482/2026-01-17/10921369.jpg
10904488,55.00,,Kylling,Kyllingebryst,1,0,pk.,Netto,https://static.tilbudsugen.dk/1st-retail/2026/2/64322/Netto022026-1_10_2837x3091_4932x4824_zoom.jpg,2026-01-02,2026-01-31,https://res.cloudinary.com/dfqzmnlga/image/upload/v1768685482/2026-01-17/10904488.jpg
10921744,59.00,,New Zealandske vine,New Zealandsk Hvidvin,1,0,fl.,Netto,https://static.tilbudsugen.dk/1st-retail/2026/4/64393/Netto32026-1_21_2361x2533_4998x4776_zoom.jpg,2026-01-17,2026-01-23,https://res.cloudinary.com/dfqzmnlga/image/upload/v1768685483/2026-01-17/10921744.jpg
10921743,59.00,,Italienske vine,Italiensk Rødvin,1,0,fl.,Netto,https://static.tilbudsugen.dk/1st-retail/2026/4/64393/Netto32026-1_21_2361x2533_4998x4776_zoom.jpg,2026-01-17,2026-01-23,https://res.cloudinary.com/dfqzmnlga/image/upload/v1768685484/2026-01-17/10921743.jpg
10921211,12.00,Min første,Pålægssalat,Kyllingesalat,1,0,bg.,Netto,https://static.tilbudsugen.dk/1st-retail/2026/4/64393/Netto32026-1_10_1562x2773_3280x4870_zoom.jpg,2026-01-17,2026-01-23,https://res.cloudinary.com/dfqzmnlga/image/upload/v1768685484/2026-01-17/10921211.jpg
10921213,12.00,Min første,Pålægssalat,Æggesalat,1,0,bg.,Netto,https://static.tilbudsugen.dk/1st-retail/2026/4/64393/Netto32026-1_10_1562x2773_3280x4870_zoom.jpg,2026-01-17,2026-01-23,https://res.cloudinary.com/dfqzmnlga/image/upload/v1768685484/2026-01-17/10921213.jpg
10921388,12.00,Sereno,Snacks/bar,Myslibar,1,0,pk.,Netto,https://static.tilbudsugen.dk/1st-retail/2026/4/64393/Netto32026-1_18_34x2814_2489x4877_zoom.jpg,2026-01-17,2026-01-23,https://res.cloudinary.com/dfqzmnlga/image/upload/v1768685485/2026-01-17/10921388.jpg
10921214,12.00,Min første,Pålægssalat,Torskerognsalat,1,0,bg.,Netto,https://static.tilbudsugen.dk/1st-retail/2026/4/64393/Netto32026-1_10_1562x2773_3280x4870_zoom.jpg,2026-01-17,2026-01-23,https://res.cloudinary.com/dfqzmnlga/image/upload/v1768685486/2026-01-17/10921214.jpg
10921767,20.00,Head&Shoulders,Shampoo,Shampoo,1,0,stk.,Netto,https://static.tilbudsugen.dk/1st-retail/2026/4/64393/Netto32026-1_23_3290x2375_4927x4666_zoom.jpg,2026-01-17,2026-01-23,https://res.cloudinary.com/dfqzmnlga/image/upload/v1768685486/2026-01-17/10921767.jpg
10921221,25.00,Egelykke,Bacon,Baconskiver,1,0,pk.,Netto,https://static.tilbudsugen.dk/1st-retail/2026/4/64393/Netto32026-1_10_20x4938_1610x6838_zoom.jpg,2026-01-17,2026-01-23,https://res.cloudinary.com/dfqzmnlga/image/upload/v1768685487/2026-01-17/10921221.jpg
10921306,50.00,Velsmag,Grisekød,Nakkekoteletter,1,0,bk.,Netto,https://static.tilbudsugen.dk/1st-retail/2026/4/64393/Netto32026-1_5_47x2753_2558x4847_zoom.jpg,2026-01-17,2026-01-23,https://res.cloudinary.com/dfqzmnlga/image/upload/v1768685487/2026-01-17/10921306.jpg
10921752,10.00,ØGO,Babymad,Grød,1,0,stk.,Netto,https://static.tilbudsugen.dk/1st-retail/2026/4/64393/Netto32026-1_22_2519x179_4998x2431_zoom.jpg,2026-01-17,2026-01-23,https://res.cloudinary.com/dfqzmnlga/image/upload/v1768685488/2026-01-17/10921752.jpg
10921261,17.00,Næmt,Færdigretter Køl,Frikadeller,1,0,bk.,Netto,https://static.tilbudsugen.dk/1st-retail/2026/4/64393/Netto32026-1_11_1643x4830_3213x6893_zoom.jpg,2026-01-17,2026-01-23,https://res.cloudinary.com/dfqzmnlga/image/upload/v1768685488/2026-01-17/10921261.jpg
10921321,35.00,Danpo,Kylling,Kyllingeinderfileter,1,0,bk.,Netto,https://static.tilbudsugen.dk/1st-retail/2026/4/64393/Netto32026-1_6_2503x4666_4911x6886_zoom.jpg,2026-01-17,2026-01-23,https://res.cloudinary.com/dfqzmnlga/image/upload/v1768685491/2026-01-17/10921321.jpg
10921312,35.00,Danpo,Kylling,Kyllingebrystfilet,1,0,bk.,Netto,https://static.tilbudsugen.dk/1st-retail/2026/4/64393/Netto32026-1_6_2503x4666_4911x6886_zoom.jpg,2026-01-17,2026-01-23,https://res.cloudinary.com/dfqzmnlga/image/upload/v1768685492/2026-01-17/10921312.jpg
10921301,15.00,Løgismose,Specialost,Rygeost,1,0,pk.,Netto,https://static.tilbudsugen.dk/1st-retail/2026/4/64393/Netto32026-1_15_122x2726_1684x4748_zoom.jpg,2026-01-17,2026-01-23,https://res.cloudinary.com/dfqzmnlga/image/upload/v1768685492/2026-01-17/10921301.jpg
10921635,14.00,Oreo,Kiks,Oreo Double Creme Kiks,1,0,pk.,Netto,https://static.tilbudsugen.dk/1st-retail/2026/4/64393/Netto32026-1_19_31x2604_2471x4682_zoom.jpg,2026-01-17,2026-01-23,https://res.cloudinary.com/dfqzmnlga/image/upload/v1768685494/2026-01-17/10921635.jpg
10921359,18.00,Lurpak,Fedtstoffer,Smør,1,0,pk.,Netto,https://static.tilbudsugen.dk/1st-retail/2026/4/64393/Netto32026-1_9_2456x5036_4904x6839_zoom.jpg,2026-01-17,2026-01-23,https://res.cloudinary.com/dfqzmnlga/image/upload/v1768685494/2026-01-17/10921359.jpg
10921360,18.00,Lurpak,Fedtstoffer,Smørbar,1,0,bg.,Netto,https://static.tilbudsugen.dk/1st-retail/2026/4/64393/Netto32026-1_9_2456x5036_4904x6839_zoom.jpg,2026-01-17,2026-01-23,https://res.cloudinary.com/dfqzmnlga/image/upload/v1768685495/2026-01-17/10921360.jpg
10921645,45.00,I Like Mix,Slik,Slikposer,1,0,ps.,Netto,https://static.tilbudsugen.dk/1st-retail/2026/4/64393/Netto32026-1_19_2338x4587_4998x6878_zoom.jpg,2026-01-17,2026-01-23,https://res.cloudinary.com/dfqzmnlga/image/upload/v1768685495/2026-01-17/10921645.jpg
10921648,45.00,Matador Mix,Slik,Slikposer,1,0,ps.,Netto,https://static.tilbudsugen.dk/1st-retail/2026/4/64393/Netto32026-1_19_2338x4587_4998x6878_zoom.jpg,2026-01-17,2026-01-23,https://res.cloudinary.com/dfqzmnlga/image/upload/v1768685496/2026-01-17/10921648.jpg
10921649,45.00,Stjernemix,Slik,Slikposer,1,0,ps.,Netto,https://static.tilbudsugen.dk/1st-retail/2026/4/64393/Netto32026-1_19_2338x4587_4998x6878_zoom.jpg,2026-01-17,2026-01-23,https://res.cloudinary.com/dfqzmnlga/image/upload/v1768685496/2026-01-17/10921649.jpg
10921636,15.00,Pringles,Chips,Texas BBQ Sauce Chips,1,0,ds.,Netto,https://static.tilbudsugen.dk/1st-retail/2026/4/64393/Netto32026-1_19_2519x2470_4848x4643_zoom.jpg,2026-01-17,2026-01-23,https://res.cloudinary.com/dfqzmnlga/image/upload/v1768685497/2026-01-17/10921636.jpg
10921640,15.00,Pringles,Chips,Original Chips,1,0,ds.,Netto,https://static.tilbudsugen.dk/1st-retail/2026/4/64393/Netto32026-1_19_2519x2470_4848x4643_zoom.jpg,2026-01-17,2026-01-23,https://res.cloudinary.com/dfqzmnlga/image/upload/v1768685497/2026-01-17/10921640.jpg
10921641,15.00,Pringles,Chips,Sour Cream & Onion Chips,1,0,ds.,Netto,https://static.tilbudsugen.dk/1st-retail/2026/4/64393/Netto32026-1_19_2519x2470_4848x4643_zoom.jpg,2026-01-17,2026-01-23,https://res.cloudinary.com/dfqzmnlga/image/upload/v1768685498/2026-01-17/10921641.jpg
10921642,15.00,Pringles,Chips,Salt & Vinegar Chips,1,0,ds.,Netto,https://static.tilbudsugen.dk/1st-retail/2026/4/64393/Netto32026-1_19_2519x2470_4848x4643_zoom.jpg,2026-01-17,2026-01-23,https://res.cloudinary.com/dfqzmnlga/image/upload/v1768685500/2026-01-17/10921642.jpg
10921639,15.00,Pringles,Chips,Cheese & Onion Chips,1,0,ds.,Netto,https://static.tilbudsugen.dk/1st-retail/2026/4/64393/Netto32026-1_19_2519x2470_4848x4643_zoom.jpg,2026-01-17,2026-01-23,https://res.cloudinary.com/dfqzmnlga/image/upload/v1768685500/2026-01-17/10921639.jpg
10921634,14.00,Oreo,Kiks,Oreo Original Kiks,1,0,pk.,Netto,https://static.tilbudsugen.dk/1st-retail/2026/4/64393/Netto32026-1_19_31x2604_2471x4682_zoom.jpg,2026-01-17,2026-01-23,https://res.cloudinary.com/dfqzmnlga/image/upload/v1768685501/2026-01-17/10921634.jpg
10921633,14.00,Oreo,Kiks,Oreo Golden Kiks,1,0,pk.,Netto,https://static.tilbudsugen.dk/1st-retail/2026/4/64393/Netto32026-1_19_31x2604_2471x4682_zoom.jpg,2026-01-17,2026-01-23,https://res.cloudinary.com/dfqzmnlga/image/upload/v1768685502/2026-01-17/10921633.jpg
10921629,14.00,Oreo,Kiks,Oreo Chocò Brownie Kiks,1,0,pk.,Netto,https://static.tilbudsugen.dk/1st-retail/2026/4/64393/Netto32026-1_19_31x2604_2471x4682_zoom.jpg,2026-01-17,2026-01-23,https://res.cloudinary.com/dfqzmnlga/image/upload/v1768685502/2026-01-17/10921629.jpg
10921372,69.00,Piccardo,Olier,Olivenolie,1,0,fl.,Netto,https://static.tilbudsugen.dk/1st-retail/2026/4/64393/Netto32026-1_17_0x4830_1691x6852_zoom.jpg,2026-01-17,2026-01-23,https://res.cloudinary.com/dfqzmnlga/image/upload/v1768685503/2026-01-17/10921372.jpg
10921334,30.00,Andoni,Pizza Frost,Salami Pizza,1,0,stk.,Netto,https://static.tilbudsugen.dk/1st-retail/2026/4/64393/Netto32026-1_16_41x2949_2496x5046_zoom.jpg,2026-01-17,2026-01-23,https://res.cloudinary.com/dfqzmnlga/image/upload/v1768685503/2026-01-17/10921334.jpg
10921300,19.00,Løgismose,Saucer,Mornaysauce,1,0,bg.,Netto,https://static.tilbudsugen.dk/1st-retail/2026/4/64393/Netto32026-1_15_3260x2881_4822x4762_zoom.jpg,2026-01-17,2026-01-23,https://res.cloudinary.com/dfqzmnlga/image/upload/v1768685504/2026-01-17/10921300.jpg
10921299,19.00,Løgismose,Saucer,Bearnaisesauce,1,0,bg.,Netto,https://static.tilbudsugen.dk/1st-retail/2026/4/64393/Netto32026-1_15_3260x2881_4822x4762_zoom.jpg,2026-01-17,2026-01-23,https://res.cloudinary.com/dfqzmnlga/image/upload/v1768685505/2026-01-17/10921299.jpg
10921650,45.00,Click Mix,Slik,Slikposer,1,0,ps.,Netto,https://static.tilbudsugen.dk/1st-retail/2026/4/64393/Netto32026-1_19_2338x4587_4998x6878_zoom.jpg,2026-01-17,2026-01-23,https://res.cloudinary.com/dfqzmnlga/image/upload/v1768685505/2026-01-17/10921650.jpg
10921338,69.00,Mammen,Skæreost,Skæreost,1,0,stk.,Netto,https://static.tilbudsugen.dk/1st-retail/2026/4/64393/Netto32026-1_8_2613x2832_4990x4698_zoom.jpg,2026-01-17,2026-01-23,https://res.cloudinary.com/dfqzmnlga/image/upload/v1768685506/2026-01-17/10921338.jpg
10921655,12.00,Bugles,Snacks,Bugles nacho cheese,1,0,ps.,Netto,https://static.tilbudsugen.dk/1st-retail/2026/4/64393/Netto32026-1_19_63x4666_2542x6870_zoom.jpg,2026-01-17,2026-01-23,https://res.cloudinary.com/dfqzmnlga/image/upload/v1768685506/2026-01-17/10921655.jpg
10921305,20.00,Løgismose,Pålægssalat,Hummus citron spidskommen,1,0,bg.,Netto,https://static.tilbudsugen.dk/1st-retail/2026/4/64393/Netto32026-1_15_108x4755_1691x6751_zoom.jpg,2026-01-17,2026-01-23,https://res.cloudinary.com/dfqzmnlga/image/upload/v1768685507/2026-01-17/10921305.jpg
10921123,10.00,Minimum,"Pålæg, skiveskåret",Burgunderskinke,1,0,pk.,Netto,https://static.tilbudsugen.dk/1st-retail/2026/4/64393/Netto32026-1_1_55x1415_2550x3792_zoom.jpg,2026-01-17,2026-01-23,https://res.cloudinary.com/dfqzmnlga/image/upload/v1768685507/2026-01-17/10921123.jpg
10921121,10.00,Minimum,"Pålæg, skiveskåret",Kyllingebryst,1,0,pk.,Netto,https://static.tilbudsugen.dk/1st-retail/2026/4/64393/Netto32026-1_1_55x1415_2550x3792_zoom.jpg,2026-01-17,2026-01-23,https://res.cloudinary.com/dfqzmnlga/image/upload/v1768685510/2026-01-17/10921121.jpg
10921124,10.00,Minimum,"Pålæg, skiveskåret",Honningskinke,1,0,pk.,Netto,https://static.tilbudsugen.dk/1st-retail/2026/4/64393/Netto32026-1_1_55x1415_2550x3792_zoom.jpg,2026-01-17,2026-01-23,https://res.cloudinary.com/dfqzmnlga/image/upload/v1768685510/2026-01-17/10921124.jpg
10921200,20.00,Kitchen Joy,Færdigretter Frost,Gyoza med Teriyaki,1,0,pk.,Netto,https://static.tilbudsugen.dk/1st-retail/2026/4/64393/Netto32026-1_2_47x2564_2503x4768_zoom.jpg,2026-01-17,2026-01-23,https://res.cloudinary.com/dfqzmnlga/image/upload/v1768685511/2026-01-17/10921200.jpg
10921235,10.00,La Campagna,"Pålæg, skiveskåret",Schwarzwaldskinke,1,0,pk.,Netto,https://static.tilbudsugen.dk/1st-retail/2026/4/64393/Netto32026-1_10_0x676_3246x2848_zoom.jpg,2026-01-17,2026-01-23,https://res.cloudinary.com/dfqzmnlga/image/upload/v1768685511/2026-01-17/10921235.jpg
10921122,10.00,Minimum,"Pålæg, skiveskåret",Kyllingebryst Krydderurter,1,0,pk.,Netto,https://static.tilbudsugen.dk/1st-retail/2026/4/64393/Netto32026-1_1_55x1415_2550x3792_zoom.jpg,2026-01-17,2026-01-23,https://res.cloudinary.com/dfqzmnlga/image/upload/v1768685512/2026-01-17/10921122.jpg
10921125,10.00,Minimum,"Pålæg, skiveskåret",Kylling Silkeskåret,1,0,pk.,Netto,https://static.tilbudsugen.dk/1st-retail/2026/4/64393/Netto32026-1_1_55x1415_2550x3792_zoom.jpg,2026-01-17,2026-01-23,https://res.cloudinary.com/dfqzmnlga/image/upload/v1768685513/2026-01-17/10921125.jpg
10921750,75.00,ISH,Mousserende,Mousserende Vin,1,0,fl.,Netto,https://static.tilbudsugen.dk/1st-retail/2026/4/64393/Netto32026-1_21_110x4643_2495x6855_zoom.jpg,2026-01-17,2026-01-23,https://res.cloudinary.com/dfqzmnlga/image/upload/v1768685513/2026-01-17/10921750.jpg
10921269,35.00,Burger Boost,Oksekød,Hakkebøffer,1,0,bk.,Netto,https://static.tilbudsugen.dk/1st-retail/2026/4/64393/Netto32026-1_5_2676x4761_4904x6855_zoom.jpg,2026-01-17,2026-01-23,https://res.cloudinary.com/dfqzmnlga/image/upload/v1768685514/2026-01-17/10921269.jpg
10921365,12.00,Oxford,Riskiks,Corn Cakes Sour Cream & Onion,1,0,pk.,Netto,https://static.tilbudsugen.dk/1st-retail/2026/4/64393/Netto32026-1_16_20x994_2442x3003_zoom.jpg,2026-01-17,2026-01-23,https://res.cloudinary.com/dfqzmnlga/image/upload/v1768685515/2026-01-17/10921365.jpg
10921366,12.00,Oxford,Riskiks,Corn Cakes Cheese,1,0,pk.,Netto,https://static.tilbudsugen.dk/1st-retail/2026/4/64393/Netto32026-1_16_20x994_2442x3003_zoom.jpg,2026-01-17,2026-01-23,https://res.cloudinary.com/dfqzmnlga/image/upload/v1768685515/2026-01-17/10921366.jpg
10921367,12.00,Oxford,Riskiks,Corn Cakes Paprika,1,0,pk.,Netto,https://static.tilbudsugen.dk/1st-retail/2026/4/64393/Netto32026-1_16_20x994_2442x3003_zoom.jpg,2026-01-17,2026-01-23,https://res.cloudinary.com/dfqzmnlga/image/upload/v1768685515/2026-01-17/10921367.jpg
10921307,69.00,Velsmag,Oksekød,Hakket oksekød 8-12%,1,0,bk.,Netto,https://static.tilbudsugen.dk/1st-retail/2026/4/64393/Netto32026-1_6_63x53_2527x2328_zoom.jpg,2026-01-17,2026-01-23,https://res.cloudinary.com/dfqzmnlga/image/upload/v1768685517/2026-01-17/10921307.jpg
10921260,17.00,Naturli',Færdigretter Køl,ÆBajcon Men Sandwich,1,0,pk.,Netto,https://static.tilbudsugen.dk/1st-retail/2026/4/64393/Netto32026-1_11_0x4796_1684x6866_zoom.jpg,2026-01-17,2026-01-23,https://res.cloudinary.com/dfqzmnlga/image/upload/v1768685517/2026-01-17/10921260.jpg
10921257,17.00,Naturli',Færdigretter Køl,Kebab´ish Sandwich,1,0,pk.,Netto,https://static.tilbudsugen.dk/1st-retail/2026/4/64393/Netto32026-1_11_0x4796_1684x6866_zoom.jpg,2026-01-17,2026-01-23,https://res.cloudinary.com/dfqzmnlga/image/upload/v1768685518/2026-01-17/10921257.jpg
10921324,25.00,Hookies,Kiks,Kiks,1,0,pk.,Netto,https://static.tilbudsugen.dk/1st-retail/2026/4/64393/Netto32026-1_16_2421x852_4998x2976_zoom.jpg,2026-01-17,2026-01-23,https://res.cloudinary.com/dfqzmnlga/image/upload/v1768685519/2026-01-17/10921324.jpg
10921331,25.00,Gullon,Kiks,Sandwich Chocolate Kiks,1,0,pk.,Netto,https://static.tilbudsugen.dk/1st-retail/2026/4/64393/Netto32026-1_16_2421x852_4998x2976_zoom.jpg,2026-01-17,2026-01-23,https://res.cloudinary.com/dfqzmnlga/image/upload/v1768685519/2026-01-17/10921331.jpg
10921371,45.00,Blanding 66,Kaffe,Kaffe Formalet,1,0,ps.,Netto,https://static.tilbudsugen.dk/1st-retail/2026/4/64393/Netto32026-1_17_0x2827_1731x4884_zoom.jpg,2026-01-17,2026-01-23,https://res.cloudinary.com/dfqzmnlga/image/upload/v1768685520/2026-01-17/10921371.jpg
10921328,25.00,Gullon,Kiks,Havrekiks med Choko Chips,1,0,pk.,Netto,https://static.tilbudsugen.dk/1st-retail/2026/4/64393/Netto32026-1_16_2421x852_4998x2976_zoom.jpg,2026-01-17,2026-01-23,https://res.cloudinary.com/dfqzmnlga/image/upload/v1768685521/2026-01-17/10921328.jpg
10921333,15.00,Bakersfield,Dybfrost Brød,Chia/kartoffel stykker,1,0,ps.,Netto,https://static.tilbudsugen.dk/1st-retail/2026/4/64393/Netto32026-1_16_1643x5005_3307x6845_zoom.jpg,2026-01-17,2026-01-23,https://res.cloudinary.com/dfqzmnlga/image/upload/v1768685521/2026-01-17/10921333.jpg
10921227,49.00,Glyngøre,Konserves,Tun i olie,1,0,pk.,Netto,https://static.tilbudsugen.dk/1st-retail/2026/4/64393/Netto32026-1_10_3267x4816_4890x6845_zoom.jpg,2026-01-17,2026-01-23,https://res.cloudinary.com/dfqzmnlga/image/upload/v1768685522/2026-01-17/10921227.jpg
10921225,49.00,Glyngøre,Konserves,Tun i vand,1,0,pk.,Netto,https://static.tilbudsugen.dk/1st-retail/2026/4/64393/Netto32026-1_10_3267x4816_4890x6845_zoom.jpg,2026-01-17,2026-01-23,https://res.cloudinary.com/dfqzmnlga/image/upload/v1768685523/2026-01-17/10921225.jpg
10921374,59.00,Blanding 72,Kaffe,Kaffe Formalet,1,0,ps.,Netto,https://static.tilbudsugen.dk/1st-retail/2026/4/64393/Netto32026-1_17_1643x2834_4971x4870_zoom.jpg,2026-01-17,2026-01-23,https://res.cloudinary.com/dfqzmnlga/image/upload/v1768685523/2026-01-17/10921374.jpg
10921296,18.00,Løgismose,Madlavningsost,Salatost,1,0,stk.,Netto,https://static.tilbudsugen.dk/1st-retail/2026/4/64393/Netto32026-1_15_1677x2929_3273x4742_zoom.jpg,2026-01-17,2026-01-23,https://res.cloudinary.com/dfqzmnlga/image/upload/v1768685524/2026-01-17/10921296.jpg
10921330,24.00,Klovborg,Skiveost,Skiveost Danbo Mellemlagret,1,0,pk.,Netto,https://static.tilbudsugen.dk/1st-retail/2026/4/64393/Netto32026-1_8_1614x833_3259x2919_zoom.jpg,2026-01-17,2026-01-23,https://res.cloudinary.com/dfqzmnlga/image/upload/v1768685524/2026-01-17/10921330.jpg
10921343,24.00,Cheasy,Skiveost,Skiveost 13% mild,1,0,pk.,Netto,https://static.tilbudsugen.dk/1st-retail/2026/4/64393/Netto32026-1_8_24x2761_2637x4753_zoom.jpg,2026-01-17,2026-01-23,https://res.cloudinary.com/dfqzmnlga/image/upload/v1768685525/2026-01-17/10921343.jpg
10921342,24.00,Cheasy,Skiveost,Skiveost Mellemlagret 13%,1,0,pk.,Netto,https://static.tilbudsugen.dk/1st-retail/2026/4/64393/Netto32026-1_8_24x2761_2637x4753_zoom.jpg,2026-01-17,2026-01-23,https://res.cloudinary.com/dfqzmnlga/image/upload/v1768685526/2026-01-17/10921342.jpg
10921327,15.00,Mon Ami,Specialost,Brieost,1,0,stk.,Netto,https://static.tilbudsugen.dk/1st-retail/2026/4/64393/Netto32026-1_8_39x659_1739x2879_zoom.jpg,2026-01-17,2026-01-23,https://res.cloudinary.com/dfqzmnlga/image/upload/v1768685526/2026-01-17/10921327.jpg
10921329,15.00,Mon Ami,Specialost,Camembert,1,0,stk.,Netto,https://static.tilbudsugen.dk/1st-retail/2026/4/64393/Netto32026-1_8_39x659_1739x2879_zoom.jpg,2026-01-17,2026-01-23,https://res.cloudinary.com/dfqzmnlga/image/upload/v1768685527/2026-01-17/10921329.jpg
10921323,42.00,Løgismose,Færdigretter Køl,Spinatlasagne,1,0,bk.,Netto,https://static.tilbudsugen.dk/1st-retail/2026/4/64393/Netto32026-1_15_1637x244_4856x2861_zoom.jpg,2026-01-17,2026-01-23,https://res.cloudinary.com/dfqzmnlga/image/upload/v1768685527/2026-01-17/10921323.jpg
10921320,42.00,Løgismose,Færdigretter Køl,Lasagne,1,0,bk.,Netto,https://static.tilbudsugen.dk/1st-retail/2026/4/64393/Netto32026-1_15_1637x244_4856x2861_zoom.jpg,2026-01-17,2026-01-23,https://res.cloudinary.com/dfqzmnlga/image/upload/v1768685528/2026-01-17/10921320.jpg
10921322,42.00,Løgismose,Færdigretter Køl,Butter Chicken,1,0,bk.,Netto,https://static.tilbudsugen.dk/1st-retail/2026/4/64393/Netto32026-1_15_1637x244_4856x2861_zoom.jpg,2026-01-17,2026-01-23,https://res.cloudinary.com/dfqzmnlga/image/upload/v1768685528/2026-01-17/10921322.jpg
10921662,14.00,Oreo,Kiks,Mini Oreo,1,0,bg.,Netto,https://static.tilbudsugen.dk/1st-retail/2026/4/64393/Netto32026-1_19_31x2604_2471x4682_zoom.jpg,2026-01-17,2026-01-23,https://res.cloudinary.com/dfqzmnlga/image/upload/v1768685529/2026-01-17/10921662.jpg
10921273,18.00,ØGO,Madlavningsost,Revet ost Mozzarella,1,0,ps.,Netto,https://static.tilbudsugen.dk/1st-retail/2026/4/64393/Netto32026-1_12_1684x4701_3267x6771_zoom.jpg,2026-01-17,2026-01-23,https://res.cloudinary.com/dfqzmnlga/image/upload/v1768685530/2026-01-17/10921273.jpg
10921302,20.00,Løgismose,Saucer,Pesto Rosso,1,0,bg.,Netto,https://static.tilbudsugen.dk/1st-retail/2026/4/64393/Netto32026-1_15_108x4755_1691x6751_zoom.jpg,2026-01-17,2026-01-23,https://res.cloudinary.com/dfqzmnlga/image/upload/v1768685531/2026-01-17/10921302.jpg
10921303,20.00,Løgismose,Saucer,Pesto Arancione,1,0,bg.,Netto,https://static.tilbudsugen.dk/1st-retail/2026/4/64393/Netto32026-1_15_108x4755_1691x6751_zoom.jpg,2026-01-17,2026-01-23,https://res.cloudinary.com/dfqzmnlga/image/upload/v1768685531/2026-01-17/10921303.jpg
10921304,20.00,Løgismose,Pålægssalat,Haydari,1,0,stk.,Netto,https://static.tilbudsugen.dk/1st-retail/2026/4/64393/Netto32026-1_15_108x4755_1691x6751_zoom.jpg,2026-01-17,2026-01-23,https://res.cloudinary.com/dfqzmnlga/image/upload/v1768685532/2026-01-17/10921304.jpg
10921313,20.00,Løgismose,Saucer,Pesto Verde,1,0,bg.,Netto,https://static.tilbudsugen.dk/1st-retail/2026/4/64393/Netto32026-1_15_108x4755_1691x6751_zoom.jpg,2026-01-17,2026-01-23,https://res.cloudinary.com/dfqzmnlga/image/upload/v1768685532/2026-01-17/10921313.jpg
10921271,55.00,ØGO,Oksekød,Hakket oksekød 8-12%,1,0,ps.,Netto,https://static.tilbudsugen.dk/1st-retail/2026/4/64393/Netto32026-1_12_2509x2334_4829x4701_zoom.jpg,2026-01-17,2026-01-23,https://res.cloudinary.com/dfqzmnlga/image/upload/v1768685533/2026-01-17/10921271.jpg
10921293,10.77,Center,Chokolade,Chokoladeruller Toffee,1,0,stk.,Netto,https://static.tilbudsugen.dk/1st-retail/2026/4/64393/Netto32026-1_14_1995x4633_4971x6845_zoom.jpg,2026-01-17,2026-01-23,https://res.cloudinary.com/dfqzmnlga/image/upload/v1768685533/2026-01-17/10921293.jpg
10921240,10.00,La Campagna,"Pålæg, skiveskåret",Salchichón,1,0,pk.,Netto,https://static.tilbudsugen.dk/1st-retail/2026/4/64393/Netto32026-1_10_0x676_3246x2848_zoom.jpg,2026-01-17,2026-01-23,https://res.cloudinary.com/dfqzmnlga/image/upload/v1768685534/2026-01-17/10921240.jpg
10921375,59.00,Blanding 95,Kaffe,Kaffe Formalet,1,0,ps.,Netto,https://static.tilbudsugen.dk/1st-retail/2026/4/64393/Netto32026-1_17_1643x2834_4971x4870_zoom.jpg,2026-01-17,2026-01-23,https://res.cloudinary.com/dfqzmnlga/image/upload/v1768685534/2026-01-17/10921375.jpg
10921258,89.00,Velsmag,Fersk fisk,Lakseside,1,0,pk.,Netto,https://static.tilbudsugen.dk/1st-retail/2026/4/64393/Netto32026-1_5_39x738_2102x2864_zoom.jpg,2026-01-17,2026-01-23,https://res.cloudinary.com/dfqzmnlga/image/upload/v1768685535/2026-01-17/10921258.jpg
10921626,12.00,Samba,Flødeboller,Flødeboller Kokos,1,0,bk.,Netto,https://static.tilbudsugen.dk/1st-retail/2026/4/64393/Netto32026-1_19_1684x195_3188x2494_zoom.jpg,2026-01-17,2026-01-23,https://res.cloudinary.com/dfqzmnlga/image/upload/v1768685536/2026-01-17/10921626.jpg
10921628,12.00,Samba,Flødeboller,Flødeboller Klassisk,1,0,bk.,Netto,https://static.tilbudsugen.dk/1st-retail/2026/4/64393/Netto32026-1_19_1684x195_3188x2494_zoom.jpg,2026-01-17,2026-01-23,https://res.cloudinary.com/dfqzmnlga/image/upload/v1768685536/2026-01-17/10921628.jpg
10921272,18.00,ØGO,Saucer,Basilikum Pesto,1,0,bg.,Netto,https://static.tilbudsugen.dk/1st-retail/2026/4/64393/Netto32026-1_12_3267x4694_4863x6757_zoom.jpg,2026-01-17,2026-01-23,https://res.cloudinary.com/dfqzmnlga/image/upload/v1768685537/2026-01-17/10921272.jpg
10921332,32.00,Castello,Specialost,Cheddar Ekstra lagret,1,0,pk.,Netto,https://static.tilbudsugen.dk/1st-retail/2026/4/64393/Netto32026-1_8_3243x754_4841x2864_zoom.jpg,2026-01-17,2026-01-23,https://res.cloudinary.com/dfqzmnlga/image/upload/v1768685537/2026-01-17/10921332.jpg
10921336,32.00,Castello,Specialost,Havarti,1,0,pk.,Netto,https://static.tilbudsugen.dk/1st-retail/2026/4/64393/Netto32026-1_8_3243x754_4841x2864_zoom.jpg,2026-01-17,2026-01-23,https://res.cloudinary.com/dfqzmnlga/image/upload/v1768685538/2026-01-17/10921336.jpg
10921337,32.00,Castello,Specialost,Cheddar Lagret,1,0,pk.,Netto,https://static.tilbudsugen.dk/1st-retail/2026/4/64393/Netto32026-1_8_3243x754_4841x2864_zoom.jpg,2026-01-17,2026-01-23,https://res.cloudinary.com/dfqzmnlga/image/upload/v1768685538/2026-01-17/10921337.jpg
10921310,20.00,Velsmag,Oksekød,Okseentrecotes,1,0,bk.,Netto,https://static.tilbudsugen.dk/1st-retail/2026/4/64393/Netto32026-1_6_47x2840_2519x4831_zoom.jpg,2026-01-17,2026-01-23,https://res.cloudinary.com/dfqzmnlga/image/upload/v1768685539/2026-01-17/10921310.jpg
10921297,20.00,Løgismose,Chips,Karl Johan Chips,1,0,ps.,Netto,https://static.tilbudsugen.dk/1st-retail/2026/4/64393/Netto32026-1_15_1623x4877_3253x6784_zoom.jpg,2026-01-17,2026-01-23,https://res.cloudinary.com/dfqzmnlga/image/upload/v1768685540/2026-01-17/10921297.jpg
10921137,59.00,Premieur,Rejer og andre skaldyr,Rejer,1,0,ps.,Netto,https://static.tilbudsugen.dk/1st-retail/2026/4/64393/Netto32026-1_2_2416x2557_4998x4768_zoom.jpg,2026-01-17,2026-01-23,https://res.cloudinary.com/dfqzmnlga/image/upload/v1768685541/2026-01-17/10921137.jpg
10921387,15.00,Snack Pot,Færdigretter,Potato Bacon & Onion,1,0,stk.,Netto,https://static.tilbudsugen.dk/1st-retail/2026/4/64393/Netto32026-1_18_1657x4809_3273x6845_zoom.jpg,2026-01-17,2026-01-23,https://res.cloudinary.com/dfqzmnlga/image/upload/v1768685541/2026-01-17/10921387.jpg
10921413,15.00,Snack Pot,Færdigretter,Pasta Bolognese,1,0,stk.,Netto,https://static.tilbudsugen.dk/1st-retail/2026/4/64393/Netto32026-1_18_1657x4809_3273x6845_zoom.jpg,2026-01-17,2026-01-23,https://res.cloudinary.com/dfqzmnlga/image/upload/v1768685542/2026-01-17/10921413.jpg
10904788,199.00,Murph,Kosttilskud,Træningstilskud,1,1,stk.,Netto,https://static.tilbudsugen.dk/1st-retail/2026/2/64322/Netto022026-1_25_3283x3710_4916x6886_zoom.jpg,2026-01-02,2026-01-31,https://res.cloudinary.com/dfqzmnlga/image/upload/v1768685542/2026-01-17/10904788.jpg
10921781,199.00,Murph,Kosttilskud,Træningstilskud,1,1,stk.,Netto,https://static.tilbudsugen.dk/1st-retail/2026/4/64393/Netto32026-1_24_3369x3816_4904x6847_zoom.jpg,2026-01-01,2026-01-31,https://res.cloudinary.com/dfqzmnlga/image/upload/v1768685543/2026-01-17/10921781.jpg
10921785,60.00,Murph,Kosttilskud,Træningstilskud,1,0,ds.,Netto,https://static.tilbudsugen.dk/1st-retail/2026/4/64393/Netto32026-1_24_79x2785_1739x4682_zoom.jpg,2026-01-01,2026-01-31,https://res.cloudinary.com/dfqzmnlga/image/upload/v1768685544/2026-01-17/10921785.jpg
10921233,10.00,La Campagna,"Pålæg, skiveskåret",Mortadella,1,0,pk.,Netto,https://static.tilbudsugen.dk/1st-retail/2026/4/64393/Netto32026-1_10_0x676_3246x2848_zoom.jpg,2026-01-17,2026-01-23,https://res.cloudinary.com/dfqzmnlga/image/upload/v1768685544/2026-01-17/10921233.jpg
10921238,10.00,La Campagna,"Pålæg, skiveskåret",Chorizo,1,0,pk.,Netto,https://static.tilbudsugen.dk/1st-retail/2026/4/64393/Netto32026-1_10_0x676_3246x2848_zoom.jpg,2026-01-17,2026-01-23,https://res.cloudinary.com/dfqzmnlga/image/upload/v1768685545/2026-01-17/10921238.jpg
10904791,10.00,Murph,Snacks/bar,Pistachio & Cookies Crisp Proteinbar,1,0,stk.,Netto,https://static.tilbudsugen.dk/1st-retail/2026/2/64322/Netto022026-1_25_16x1895_1757x4634_zoom.jpg,2026-01-02,2026-01-31,https://res.cloudinary.com/dfqzmnlga/image/upload/v1768685545/2026-01-17/10904791.jpg
10925772,10.00,Murph,Snacks/bar,Cookies & Caramel Crisp Proteinbar,1,0,stk.,Netto,https://static.tilbudsugen.dk/1st-retail/2026/4/64393/Netto32026-1_24_24x1801_3526x2997_zoom.jpg,2026-01-01,2026-01-31,https://res.cloudinary.com/dfqzmnlga/image/upload/v1768685546/2026-01-17/10925772.jpg
10921229,10.00,La Campagna,"Pålæg, skiveskåret",Salami Milano Salame,1,0,pk.,Netto,https://static.tilbudsugen.dk/1st-retail/2026/4/64393/Netto32026-1_10_0x676_3246x2848_zoom.jpg,2026-01-17,2026-01-23,https://res.cloudinary.com/dfqzmnlga/image/upload/v1768685547/2026-01-17/10921229.jpg
10921234,10.00,La Campagna,"Pålæg, skiveskåret",Lufttørret Skinke,1,0,pk.,Netto,https://static.tilbudsugen.dk/1st-retail/2026/4/64393/Netto32026-1_10_0x676_3246x2848_zoom.jpg,2026-01-17,2026-01-23,https://res.cloudinary.com/dfqzmnlga/image/upload/v1768685547/2026-01-17/10921234.jpg
10921237,10.00,La Campagna,"Pålæg, skiveskåret",Jamon Serrano,1,0,pk.,Netto,https://static.tilbudsugen.dk/1st-retail/2026/4/64393/Netto32026-1_10_0x676_3246x2848_zoom.jpg,2026-01-17,2026-01-23,https://res.cloudinary.com/dfqzmnlga/image/upload/v1768685548/2026-01-17/10921237.jpg
10925785,10.00,Murph,Snacks/bar,Coconut & Cookies Crisp Proteinbar,1,0,stk.,Netto,https://static.tilbudsugen.dk/1st-retail/2026/2/64322/Netto022026-1_25_16x1895_1757x4634_zoom.jpg,2026-01-02,2026-01-31,https://res.cloudinary.com/dfqzmnlga/image/upload/v1768685549/2026-01-17/10925785.jpg
10921236,10.00,La Campagna,Pålægspølser,Fuet,1,0,pk.,Netto,https://static.tilbudsugen.dk/1st-retail/2026/4/64393/Netto32026-1_10_0x676_3246x2848_zoom.jpg,2026-01-17,2026-01-23,https://res.cloudinary.com/dfqzmnlga/image/upload/v1768685549/2026-01-17/10921236.jpg
10925773,10.00,Murph,Snacks/bar,Peanut & Caramel Crisp Proteinbar,1,0,stk.,Netto,https://static.tilbudsugen.dk/1st-retail/2026/4/64393/Netto32026-1_24_24x1801_3526x2997_zoom.jpg,2026-01-01,2026-01-31,https://res.cloudinary.com/dfqzmnlga/image/upload/v1768685550/2026-01-17/10925773.jpg
10925774,10.00,Murph,Snacks/bar,Coconut & Cookies Crisp Proteinbar,1,0,stk.,Netto,https://static.tilbudsugen.dk/1st-retail/2026/4/64393/Netto32026-1_24_24x1801_3526x2997_zoom.jpg,2026-01-01,2026-01-31,https://res.cloudinary.com/dfqzmnlga/image/upload/v1768685550/2026-01-17/10925774.jpg
10925784,10.00,Murph,Snacks/bar,Cookies & Caramel Crisp Proteinbar,1,0,stk.,Netto,https://static.tilbudsugen.dk/1st-retail/2026/2/64322/Netto022026-1_25_16x1895_1757x4634_zoom.jpg,2026-01-02,2026-01-31,https://res.cloudinary.com/dfqzmnlga/image/upload/v1768685551/2026-01-17/10925784.jpg
10925786,10.00,Murph,Snacks/bar,Peanut & Caramel Crisp Proteinbar,1,0,stk.,Netto,https://static.tilbudsugen.dk/1st-retail/2026/2/64322/Netto022026-1_25_16x1895_1757x4634_zoom.jpg,2026-01-02,2026-01-31,https://res.cloudinary.com/dfqzmnlga/image/upload/v1768685551/2026-01-17/10925786.jpg
10921298,20.00,Løgismose,Chips,Trøffelchips,1,0,ps.,Netto,https://static.tilbudsugen.dk/1st-retail/2026/4/64393/Netto32026-1_15_1623x4877_3253x6784_zoom.jpg,2026-01-17,2026-01-23,https://res.cloudinary.com/dfqzmnlga/image/upload/v1768685552/2026-01-17/10921298.jpg
10921625,10.00,Chocolate Limited Edition,Chokolade,Chokoladestænger For You I Would Catch a Star,1,0,pk.,Netto,https://static.tilbudsugen.dk/1st-retail/2026/4/64393/Netto32026-1_19_79x116_1661x2454_zoom.jpg,2026-01-17,2026-01-23,https://res.cloudinary.com/dfqzmnlga/image/upload/v1768685553/2026-01-17/10921625.jpg
10921232,10.00,La Campagna,"Pålæg, skiveskåret",Salami Spicy Ventricina,1,0,pk.,Netto,https://static.tilbudsugen.dk/1st-retail/2026/4/64393/Netto32026-1_10_0x676_3246x2848_zoom.jpg,2026-01-17,2026-01-23,https://res.cloudinary.com/dfqzmnlga/image/upload/v1768685554/2026-01-17/10921232.jpg
10921241,10.00,La Campagna,"Pålæg, skiveskåret",Skinke,1,0,pk.,Netto,https://static.tilbudsugen.dk/1st-retail/2026/4/64393/Netto32026-1_10_0x676_3246x2848_zoom.jpg,2026-01-17,2026-01-23,https://res.cloudinary.com/dfqzmnlga/image/upload/v1768685555/2026-01-17/10921241.jpg
10921783,10.00,Murph,Snacks/bar,Pistachio & Cookies Crisp Proteinbar,1,0,stk.,Netto,https://static.tilbudsugen.dk/1st-retail/2026/4/64393/Netto32026-1_24_24x1801_3526x2997_zoom.jpg,2026-01-01,2026-01-31,https://res.cloudinary.com/dfqzmnlga/image/upload/v1768685555/2026-01-17/10921783.jpg
10921411,15.00,Pasta Snack Pot,Færdigretter,Tomate-Mozzarellasauce Noodles,1,0,bg.,Netto,https://static.tilbudsugen.dk/1st-retail/2026/4/64393/Netto32026-1_18_1657x4809_3273x6845_zoom.jpg,2026-01-17,2026-01-23,https://res.cloudinary.com/dfqzmnlga/image/upload/v1768685555/2026-01-17/10921411.jpg
10921768,42.00,Stuhr,Shampoo,Shampoo,1,0,stk.,Netto,https://static.tilbudsugen.dk/1st-retail/2026/4/64393/Netto32026-1_23_102x644_3046x2431_zoom.jpg,2026-01-17,2026-01-23,https://res.cloudinary.com/dfqzmnlga/image/upload/v1768685556/2026-01-17/10921768.jpg
10921769,42.00,Stuhr,Balsam,Balsam,1,0,stk.,Netto,https://static.tilbudsugen.dk/1st-retail/2026/4/64393/Netto32026-1_23_102x644_3046x2431_zoom.jpg,2026-01-17,2026-01-23,https://res.cloudinary.com/dfqzmnlga/image/upload/v1768685557/2026-01-17/10921769.jpg
10921267,79.00,Velsmag,Oksekød,Ribeye,1,0,bk.,Netto,https://static.tilbudsugen.dk/1st-retail/2026/4/64393/Netto32026-1_5_2503x2856_4896x4871_zoom.jpg,2026-01-17,2026-01-23,https://res.cloudinary.com/dfqzmnlga/image/upload/v1768685557/2026-01-17/10921267.jpg
10921268,79.00,Velsmag,Oksekød,Okseentrecotes,1,0,bk.,Netto,https://static.tilbudsugen.dk/1st-retail/2026/4/64393/Netto32026-1_5_2503x2856_4896x4871_zoom.jpg,2026-01-17,2026-01-23,https://res.cloudinary.com/dfqzmnlga/image/upload/v1768685558/2026-01-17/10921268.jpg
10921412,15.00,Snack Pot,Færdigretter,Pasta Carbonara,1,0,stk.,Netto,https://static.tilbudsugen.dk/1st-retail/2026/4/64393/Netto32026-1_18_1657x4809_3273x6845_zoom.jpg,2026-01-17,2026-01-23,https://res.cloudinary.com/dfqzmnlga/image/upload/v1768685558/2026-01-17/10921412.jpg
10921624,10.00,Maxi,Chokolade,Chokolade,1,0,stk.,Netto,https://static.tilbudsugen.dk/1st-retail/2026/4/64393/Netto32026-1_19_79x116_1661x2454_zoom.jpg,2026-01-17,2026-01-23,https://res.cloudinary.com/dfqzmnlga/image/upload/v1768685559/2026-01-17/10921624.jpg
10921207,12.00,,Røget og gravad,Laks i skiver,1,0,pk.,Netto,https://static.tilbudsugen.dk/1st-retail/2026/4/64393/Netto32026-1_10_3260x717_4998x2841_zoom.jpg,2026-01-17,2026-01-23,https://res.cloudinary.com/dfqzmnlga/image/upload/v1768685559/2026-01-17/10921207.jpg
10921763,99.00,Bodylab,Kosttilskud,Kosttilskud,1,0,ps.,Netto,https://static.tilbudsugen.dk/1st-retail/2026/4/64393/Netto32026-1_23_2896x274_4998x2446_zoom.jpg,2026-01-17,2026-01-23,https://res.cloudinary.com/dfqzmnlga/image/upload/v1768685560/2026-01-17/10921763.jpg
10921660,45.00,,Småkager,Cookies,1,0,pk.,Netto,https://static.tilbudsugen.dk/1st-retail/2026/4/64393/Netto32026-1_19_3211x439_4943x2462_zoom.jpg,2026-01-17,2026-01-23,https://res.cloudinary.com/dfqzmnlga/image/upload/v1768685560/2026-01-17/10921660.jpg
10921623,10.00,Bueno,Chokolade,Chokoladestænger,1,0,stk.,Netto,https://static.tilbudsugen.dk/1st-retail/2026/4/64393/Netto32026-1_19_79x116_1661x2454_zoom.jpg,2026-01-17,2026-01-23,https://res.cloudinary.com/dfqzmnlga/image/upload/v1768685561/2026-01-17/10921623.jpg
10925745,14.00,Murph,Snacks/bar,Milky Road Proteinbar,1,0,stk.,Netto,https://static.tilbudsugen.dk/1st-retail/2026/2/64322/Netto022026-1_25_1798x15_4998x1862_zoom.jpg,2026-01-02,2026-01-31,https://res.cloudinary.com/dfqzmnlga/image/upload/v1768685561/2026-01-17/10925745.jpg
10925748,14.00,Murph,Snacks/bar,Salty Caramel Crisp Proteinbar,1,0,stk.,Netto,https://static.tilbudsugen.dk/1st-retail/2026/2/64322/Netto022026-1_25_1798x15_4998x1862_zoom.jpg,2026-01-02,2026-01-31,https://res.cloudinary.com/dfqzmnlga/image/upload/v1768685562/2026-01-17/10925748.jpg
10925752,14.00,Murph,Snacks/bar,Chocolate Banana Crisp Proteinbar,1,0,stk.,Netto,https://static.tilbudsugen.dk/1st-retail/2026/2/64322/Netto022026-1_25_1798x15_4998x1862_zoom.jpg,2026-01-02,2026-01-31,https://res.cloudinary.com/dfqzmnlga/image/upload/v1768685562/2026-01-17/10925752.jpg
10921782,14.00,Murph,Snacks/bar,Chocolate & Orange Crisp Proteinbar,1,0,stk.,Netto,https://static.tilbudsugen.dk/1st-retail/2026/4/64393/Netto32026-1_24_1889x30_4943x1927_zoom.jpg,2026-01-01,2026-01-31,https://res.cloudinary.com/dfqzmnlga/image/upload/v1768685563/2026-01-17/10921782.jpg
10925796,14.00,Murph,Snacks/bar,Salty Caramel Crisp Proteinbar,1,0,stk.,Netto,https://static.tilbudsugen.dk/1st-retail/2026/4/64393/Netto32026-1_24_1889x30_4943x1927_zoom.jpg,2026-01-01,2026-01-31,https://res.cloudinary.com/dfqzmnlga/image/upload/v1768685563/2026-01-17/10925796.jpg
10904782,14.00,Murph,Snacks/bar,Toffee & Caramel Proteinbar,1,0,stk.,Netto,https://static.tilbudsugen.dk/1st-retail/2026/2/64322/Netto022026-1_25_1798x15_4998x1862_zoom.jpg,2026-01-02,2026-01-31,https://res.cloudinary.com/dfqzmnlga/image/upload/v1768685564/2026-01-17/10904782.jpg
10925742,14.00,Murph,Snacks/bar,Chocolate & Orange Crisp Proteinbar,1,0,stk.,Netto,https://static.tilbudsugen.dk/1st-retail/2026/2/64322/Netto022026-1_25_1798x15_4998x1862_zoom.jpg,2026-01-02,2026-01-31,https://res.cloudinary.com/dfqzmnlga/image/upload/v1768685564/2026-01-17/10925742.jpg
10925793,14.00,Murph,Snacks/bar,Toffee & Caramel Proteinbar,1,0,stk.,Netto,https://static.tilbudsugen.dk/1st-retail/2026/4/64393/Netto32026-1_24_1889x30_4943x1927_zoom.jpg,2026-01-01,2026-01-31,https://res.cloudinary.com/dfqzmnlga/image/upload/v1768685565/2026-01-17/10925793.jpg
10925794,14.00,Murph,Snacks/bar,Milky Road Proteinbar,1,0,stk.,Netto,https://static.tilbudsugen.dk/1st-retail/2026/4/64393/Netto32026-1_24_1889x30_4943x1927_zoom.jpg,2026-01-01,2026-01-31,https://res.cloudinary.com/dfqzmnlga/image/upload/v1768685565/2026-01-17/10925794.jpg
10925795,14.00,Murph,Snacks/bar,Chocolate Banana Crisp Proteinbar,1,0,stk.,Netto,https://static.tilbudsugen.dk/1st-retail/2026/4/64393/Netto32026-1_24_1889x30_4943x1927_zoom.jpg,2026-01-01,2026-01-31,https://res.cloudinary.com/dfqzmnlga/image/upload/v1768685566/2026-01-17/10925795.jpg
10921223,35.00,Bådsmand,Røget og gravad,Laks,1,0,bk.,Netto,https://static.tilbudsugen.dk/1st-retail/2026/4/64393/Netto32026-1_10_1610x4863_3273x6852_zoom.jpg,2026-01-17,2026-01-23,https://res.cloudinary.com/dfqzmnlga/image/upload/v1768685567/2026-01-17/10921223.jpg
10921621,10.00,Crispy,Chokolade,Chokoladebar,1,0,stk.,Netto,https://static.tilbudsugen.dk/1st-retail/2026/4/64393/Netto32026-1_19_79x116_1661x2454_zoom.jpg,2026-01-17,2026-01-23,https://res.cloudinary.com/dfqzmnlga/image/upload/v1768685567/2026-01-17/10921621.jpg
10921204,59.00,Premieur,Rejer og andre skaldyr,Rejer,1,0,bg.,Netto,https://static.tilbudsugen.dk/1st-retail/2026/4/64393/Netto32026-1_2_2416x2557_4998x4768_zoom.jpg,2026-01-17,2026-01-23,https://res.cloudinary.com/dfqzmnlga/image/upload/v1768685568/2026-01-17/10921204.jpg
10925518,17.00,Barebells,Snacks/bar,Marshmallow Proteinbar,1,0,stk.,Netto,https://static.tilbudsugen.dk/1st-retail/2026/3/64366/Netto032026-1_22_1611x737_3280x2817_zoom.jpg,2026-01-01,2026-01-31,
10925519,17.00,Barebells,Snacks/bar,Caramel Cashew Proteinbar,1,0,stk.,Netto,https://static.tilbudsugen.dk/1st-retail/2026/3/64366/Netto032026-1_22_1611x737_3280x2817_zoom.jpg,2026-01-01,2026-01-31,
10925521,17.00,Barebells,Snacks/bar,Banana Dream Proteinbar,1,0,stk.,Netto,https://static.tilbudsugen.dk/1st-retail/2026/3/64366/Netto032026-1_22_1611x737_3280x2817_zoom.jpg,2026-01-01,2026-01-31,
10925522,17.00,Barebells,Snacks/bar,Salted Peanut Caramel Proteinbar,1,0,stk.,Netto,https://static.tilbudsugen.dk/1st-retail/2026/3/64366/Netto032026-1_22_1611x737_3280x2817_zoom.jpg,2026-01-01,2026-01-31,
10914459,17.00,Barebells,Snacks/bar,Hazelnut & Nougat Proteinbar,1,0,stk.,Netto,https://static.tilbudsugen.dk/1st-retail/2026/3/64366/Netto032026-1_22_1611x737_3280x2817_zoom.jpg,2026-01-01,2026-01-31,
10925514,17.00,Barebells,Snacks/bar,Coco Choco Proteinbar,1,0,stk.,Netto,https://static.tilbudsugen.dk/1st-retail/2026/3/64366/Netto032026-1_22_1611x737_3280x2817_zoom.jpg,2026-01-01,2026-01-31,
10925520,17.00,Barebells,Snacks/bar,Caramel Choco Proteinbar,1,0,stk.,Netto,https://static.tilbudsugen.dk/1st-retail/2026/3/64366/Netto032026-1_22_1611x737_3280x2817_zoom.jpg,2026-01-01,2026-01-31,
10921784,69.00,Murph,Kosttilskud,Træningstilskud,1,0,stk.,Netto,https://static.tilbudsugen.dk/1st-retail/2026/4/64393/Netto32026-1_24_1629x3013_3416x4698_zoom.jpg,2026-01-01,2026-01-31,https://res.cloudinary.com/dfqzmnlga/image/upload/v1768685568/2026-01-17/10921784.jpg
10904785,69.00,Murph,Kosttilskud,Træningstilskud,1,0,stk.,Netto,https://static.tilbudsugen.dk/1st-retail/2026/2/64322/Netto022026-1_25_1666x1978_3464x4584_zoom.jpg,2026-01-02,2026-01-31,https://res.cloudinary.com/dfqzmnlga/image/upload/v1768685569/2026-01-17/10904785.jpg
10921395,12.00,Santa Maria,Mexicansk,Spice mix for Chicken Taco,1,0,ps.,Netto,https://static.tilbudsugen.dk/1st-retail/2026/4/64393/Netto32026-1_18_27x135_2523x2787_zoom.jpg,2026-01-17,2026-01-23,https://res.cloudinary.com/dfqzmnlga/image/upload/v1768685569/2026-01-17/10921395.jpg
10921377,59.00,Koffeinfri,Instant Kaffe,Instant Kaffe,1,0,gl.,Netto,https://static.tilbudsugen.dk/1st-retail/2026/4/64393/Netto32026-1_17_1643x2834_4971x4870_zoom.jpg,2026-01-17,2026-01-23,https://res.cloudinary.com/dfqzmnlga/image/upload/v1768685570/2026-01-17/10921377.jpg
10921376,59.00,Classic,Instant Kaffe,Instant Kaffe,1,0,gl.,Netto,https://static.tilbudsugen.dk/1st-retail/2026/4/64393/Netto32026-1_17_1643x2834_4971x4870_zoom.jpg,2026-01-17,2026-01-23,https://res.cloudinary.com/dfqzmnlga/image/upload/v1768685570/2026-01-17/10921376.jpg
10921796,99.00,,Tæpper,Gulvtæppe,1,0,stk.,Netto,https://static.tilbudsugen.dk/1st-retail/2026/4/64393/Netto32026-1_27_79x14_2558x2966_zoom.jpg,2026-01-17,2026-01-23,https://res.cloudinary.com/dfqzmnlga/image/upload/v1768685571/2026-01-17/10921796.jpg
10921799,129.00,,Opbevaring,Opbevaringskurv,1,0,stk.,Netto,https://static.tilbudsugen.dk/1st-retail/2026/4/64393/Netto32026-1_27_55x3139_2487x5343_zoom.jpg,2026-01-17,2026-01-23,https://res.cloudinary.com/dfqzmnlga/image/upload/v1768685571/2026-01-17/10921799.jpg
10921802,169.00,,Diverse møbler,Puf,1,0,stk.,Netto,https://static.tilbudsugen.dk/1st-retail/2026/4/64393/Netto32026-1_27_2109x4084_4360x5611_zoom.jpg,2026-01-17,2026-01-23,https://res.cloudinary.com/dfqzmnlga/image/upload/v1768685572/2026-01-17/10921802.jpg
10921804,50.00,,Baby,Babylegetøj,1,0,stk.,Netto,https://static.tilbudsugen.dk/1st-retail/2026/4/64393/Netto32026-1_27_205x5046_3959x6856_zoom.jpg,2026-01-17,2026-01-23,https://res.cloudinary.com/dfqzmnlga/image/upload/v1768685572/2026-01-17/10921804.jpg
10921474,79.00,,Boligtekstiler,Sengesæt,1,0,stk.,Netto,https://static.tilbudsugen.dk/1st-retail/2026/4/64393/Netto32026-1_32_2205x2435_4809x4789_zoom.jpg,2026-01-17,2026-01-23,https://res.cloudinary.com/dfqzmnlga/image/upload/v1768685573/2026-01-17/10921474.jpg
10921479,89.00,,Boligtekstiler,Håndklæde,1,0,stk.,Netto,https://static.tilbudsugen.dk/1st-retail/2026/4/64393/Netto32026-1_32_2462x4816_4930x6608_zoom.jpg,2026-01-17,2026-01-23,https://res.cloudinary.com/dfqzmnlga/image/upload/v1768685573/2026-01-17/10921479.jpg
10921493,59.00,,Boligtekstiler,Puder,1,0,stk.,Netto,https://static.tilbudsugen.dk/1st-retail/2026/4/64393/Netto32026-1_33_237x2442_2496x4647_zoom.jpg,2026-01-17,2026-01-23,https://res.cloudinary.com/dfqzmnlga/image/upload/v1768685574/2026-01-17/10921493.jpg
10921451,79.00,,Damesko og støvler,Damestøvler,1,0,par,Netto,https://static.tilbudsugen.dk/1st-retail/2026/4/64393/Netto32026-1_30_1772x5242_3327x6798_zoom.jpg,2026-01-17,2026-01-23,https://res.cloudinary.com/dfqzmnlga/image/upload/v1768685575/2026-01-17/10921451.jpg
10921456,49.00,,Dametøj,Leggings,1,0,stk.,Netto,https://static.tilbudsugen.dk/1st-retail/2026/4/64393/Netto32026-1_30_0x4437_1758x6832_zoom.jpg,2026-01-17,2026-01-23,https://res.cloudinary.com/dfqzmnlga/image/upload/v1768685575/2026-01-17/10921456.jpg
10921460,50.00,,Lingeri,Graviditetstrusser,1,0,stk.,Netto,https://static.tilbudsugen.dk/1st-retail/2026/4/64393/Netto32026-1_31_183x5188_1704x6825_zoom.jpg,2026-01-17,2026-01-23,https://res.cloudinary.com/dfqzmnlga/image/upload/v1768685576/2026-01-17/10921460.jpg
10921464,50.00,,Dametøj,Amme-BH,1,0,stk.,Netto,https://static.tilbudsugen.dk/1st-retail/2026/4/64393/Netto32026-1_31_1752x5161_3185x6757_zoom.jpg,2026-01-17,2026-01-23,https://res.cloudinary.com/dfqzmnlga/image/upload/v1768685577/2026-01-17/10921464.jpg
10921446,30.00,,Børnesko og støvler,Børnehjemmesko,1,0,stk.,Netto,https://static.tilbudsugen.dk/1st-retail/2026/4/64393/Netto32026-1_29_2847x2787_4998x4654_zoom.jpg,2026-01-17,2026-01-23,https://res.cloudinary.com/dfqzmnlga/image/upload/v1768685577/2026-01-17/10921446.jpg
10921452,50.00,,Lingeri,Undertrøje,1,0,stk.,Netto,https://static.tilbudsugen.dk/1st-retail/2026/4/64393/Netto32026-1_30_3016x703_4924x5208_zoom.jpg,2026-01-17,2026-01-23,https://res.cloudinary.com/dfqzmnlga/image/upload/v1768685578/2026-01-17/10921452.jpg
10921455,149.00,,Dametøj,Hoodie,1,0,stk.,Netto,https://static.tilbudsugen.dk/1st-retail/2026/4/64393/Netto32026-1_30_47x622_3233x5235_zoom.jpg,2026-01-17,2026-01-23,https://res.cloudinary.com/dfqzmnlga/image/upload/v1768685578/2026-01-17/10921455.jpg
10921467,49.00,,Lingeri,BH,1,0,stk.,Netto,https://static.tilbudsugen.dk/1st-retail/2026/4/64393/Netto32026-1_31_3206x5195_4761x6757_zoom.jpg,2026-01-17,2026-01-23,https://res.cloudinary.com/dfqzmnlga/image/upload/v1768685578/2026-01-17/10921467.jpg
10921468,79.00,,Dametøj,Bukser,1,0,stk.,Netto,https://static.tilbudsugen.dk/1st-retail/2026/4/64393/Netto32026-1_31_3165x372_4727x5168_zoom.jpg,2026-01-17,2026-01-23,https://res.cloudinary.com/dfqzmnlga/image/upload/v1768685579/2026-01-17/10921468.jpg
10921787,79.00,,"Planter, buske & træer",Planter,1,0,stk.,Netto,https://static.tilbudsugen.dk/1st-retail/2026/4/64393/Netto32026-1_25_2243x872_4707x5005_zoom.jpg,2026-01-17,2026-01-23,https://res.cloudinary.com/dfqzmnlga/image/upload/v1768685579/2026-01-17/10921787.jpg
10921789,60.00,,Belysning indendørs,Loftlampe,1,0,stk.,Netto,https://static.tilbudsugen.dk/1st-retail/2026/4/64393/Netto32026-1_26_331x1258_1834x3769_zoom.jpg,2026-01-17,2026-01-23,https://res.cloudinary.com/dfqzmnlga/image/upload/v1768685580/2026-01-17/10921789.jpg
10921790,49.00,,"Lister, bordplader og hylder",Hylde,1,0,stk.,Netto,https://static.tilbudsugen.dk/1st-retail/2026/4/64393/Netto32026-1_26_299x3737_1401x5209_zoom.jpg,2026-01-17,2026-01-23,https://res.cloudinary.com/dfqzmnlga/image/upload/v1768685580/2026-01-17/10921790.jpg
10921795,79.00,,Boligtekstiler,Sengesæt,1,0,stk.,Netto,https://static.tilbudsugen.dk/1st-retail/2026/4/64393/Netto32026-1_26_1653x171_4723x6713_zoom.jpg,2026-01-17,2026-01-23,https://res.cloudinary.com/dfqzmnlga/image/upload/v1768685581/2026-01-17/10921795.jpg
10921803,199.00,,Senge,Madras,1,0,stk.,Netto,https://static.tilbudsugen.dk/1st-retail/2026/4/64393/Netto32026-1_27_1739x5382_4998x6894_zoom.jpg,2026-01-17,2026-01-23,https://res.cloudinary.com/dfqzmnlga/image/upload/v1768685581/2026-01-17/10921803.jpg
10924787,129.00,,"Våben, udklædning, rollespil",Udklædning,1,0,stk.,Netto,https://static.tilbudsugen.dk/1st-retail/2026/4/64393/Netto32026-1_29_135x636_3659x6791_zoom.jpg,2026-01-17,2026-01-23,https://res.cloudinary.com/dfqzmnlga/image/upload/v1768685582/2026-01-17/10924787.jpg
10921484,20.00,,"Skåle, fade og forme",Skål,1,0,stk.,Netto,https://static.tilbudsugen.dk/1st-retail/2026/4/64393/Netto32026-1_32_2888x257_4829x2401_zoom.jpg,2026-01-17,2026-01-23,https://res.cloudinary.com/dfqzmnlga/image/upload/v1768685583/2026-01-17/10921484.jpg
10921445,30.00,,Børnetøj,Strømpebukser,1,0,pk.,Netto,https://static.tilbudsugen.dk/1st-retail/2026/4/64393/Netto32026-1_29_2171x189_4741x2692_zoom.jpg,2026-01-17,2026-01-23,https://res.cloudinary.com/dfqzmnlga/image/upload/v1768685583/2026-01-17/10921445.jpg
10921454,149.00,,Dametøj,Heldragt,1,0,stk.,Netto,https://static.tilbudsugen.dk/1st-retail/2026/4/64393/Netto32026-1_30_47x622_3233x5235_zoom.jpg,2026-01-17,2026-01-23,https://res.cloudinary.com/dfqzmnlga/image/upload/v1768685584/2026-01-17/10921454.jpg
10921459,99.00,,Dametøj,Strikbluse,1,0,stk.,Netto,https://static.tilbudsugen.dk/1st-retail/2026/4/64393/Netto32026-1_31_210x1752_3158x5087_zoom.jpg,2026-01-17,2026-01-23,https://res.cloudinary.com/dfqzmnlga/image/upload/v1768685585/2026-01-17/10921459.jpg
10921793,69.00,,Boligtekstiler,Sengesæt,1,0,stk.,Netto,https://static.tilbudsugen.dk/1st-retail/2026/4/64393/Netto32026-1_26_1653x171_4723x6713_zoom.jpg,2026-01-17,2026-01-23,https://res.cloudinary.com/dfqzmnlga/image/upload/v1768685585/2026-01-17/10921793.jpg
10921801,49.00,,Boligartikler,Knagerække,1,0,stk.,Netto,https://static.tilbudsugen.dk/1st-retail/2026/4/64393/Netto32026-1_27_2810x2525_4904x5068_zoom.jpg,2026-01-17,2026-01-23,https://res.cloudinary.com/dfqzmnlga/image/upload/v1768685586/2026-01-17/10921801.jpg
10921488,99.00,,Boligtekstiler,Sengesæt,1,0,stk.,Netto,https://static.tilbudsugen.dk/1st-retail/2026/4/64393/Netto32026-1_33_2556x690_4782x4559_zoom.jpg,2026-01-17,2026-01-23,https://res.cloudinary.com/dfqzmnlga/image/upload/v1768685587/2026-01-17/10921488.jpg
10921498,15.00,Wunderbaum,Autotilbehør,Luftfriskere,1,0,stk.,Netto,https://static.tilbudsugen.dk/1st-retail/2026/4/64393/Netto32026-1_34_2915x4633_4782x6805_zoom.jpg,2026-01-17,2026-01-23,https://res.cloudinary.com/dfqzmnlga/image/upload/v1768685587/2026-01-17/10921498.jpg
10921502,25.00,,Køkkenartikler,Drikkedunk,1,0,stk.,Netto,https://static.tilbudsugen.dk/1st-retail/2026/4/64393/Netto32026-1_34_176x2381_2922x4613_zoom.jpg,2026-01-17,2026-01-23,https://res.cloudinary.com/dfqzmnlga/image/upload/v1768685588/2026-01-17/10921502.jpg
10921786,79.00,,"Planter, buske & træer",Planter,1,0,stk.,Netto,https://static.tilbudsugen.dk/1st-retail/2026/4/64393/Netto32026-1_25_275x628_2188x5508_zoom.jpg,2026-01-17,2026-01-23,https://res.cloudinary.com/dfqzmnlga/image/upload/v1768685588/2026-01-17/10921786.jpg
10921798,49.00,,"Billeder, plakater mm.",Billeder,1,0,stk.,Netto,https://static.tilbudsugen.dk/1st-retail/2026/4/64393/Netto32026-1_27_1023x1195_3644x3698_zoom.jpg,2026-01-17,2026-01-23,https://res.cloudinary.com/dfqzmnlga/image/upload/v1768685589/2026-01-17/10921798.jpg
10921442,149.00,,Køkkenmaskiner,Popcornmaskine,1,0,stk.,Netto,https://static.tilbudsugen.dk/1st-retail/2026/4/64393/Netto32026-1_28_223x406_4842x2746_zoom.jpg,2026-01-17,2026-01-23,https://res.cloudinary.com/dfqzmnlga/image/upload/v1768685589/2026-01-17/10921442.jpg
10921448,30.00,,Børnetøj,Strømpebukser,1,0,pk.,Netto,https://static.tilbudsugen.dk/1st-retail/2026/4/64393/Netto32026-1_29_135x636_3659x6791_zoom.jpg,2026-01-17,2026-01-23,https://res.cloudinary.com/dfqzmnlga/image/upload/v1768685590/2026-01-17/10921448.jpg
10921453,49.00,,Dametøj,Leggings,1,0,stk.,Netto,https://static.tilbudsugen.dk/1st-retail/2026/4/64393/Netto32026-1_30_3016x703_4924x5208_zoom.jpg,2026-01-17,2026-01-23,https://res.cloudinary.com/dfqzmnlga/image/upload/v1768685590/2026-01-17/10921453.jpg
10921472,50.00,,Dametøj,Top,1,0,stk.,Netto,https://static.tilbudsugen.dk/1st-retail/2026/4/64393/Netto32026-1_32_1217x250_2827x2415_zoom.jpg,2026-01-17,2026-01-23,https://res.cloudinary.com/dfqzmnlga/image/upload/v1768685591/2026-01-17/10921472.jpg
10921482,30.00,,Service,Krus,1,0,stk.,Netto,https://static.tilbudsugen.dk/1st-retail/2026/4/64393/Netto32026-1_32_2888x257_4829x2401_zoom.jpg,2026-01-17,2026-01-23,https://res.cloudinary.com/dfqzmnlga/image/upload/v1768685591/2026-01-17/10921482.jpg
10921489,89.00,,Boligtekstiler,Plaid,1,0,stk.,Netto,https://static.tilbudsugen.dk/1st-retail/2026/4/64393/Netto32026-1_33_2523x4647_4795x6798_zoom.jpg,2026-01-17,2026-01-23,https://res.cloudinary.com/dfqzmnlga/image/upload/v1768685592/2026-01-17/10921489.jpg
10921494,149.00,,Pyntegenstande,Vase,1,0,stk.,Netto,https://static.tilbudsugen.dk/1st-retail/2026/4/64393/Netto32026-1_33_88x629_2584x2422_zoom.jpg,2026-01-17,2026-01-23,https://res.cloudinary.com/dfqzmnlga/image/upload/v1768685592/2026-01-17/10921494.jpg
10921500,69.00,,Pyntegenstande,Kunstige blomster,1,0,stk.,Netto,https://static.tilbudsugen.dk/1st-retail/2026/4/64393/Netto32026-1_34_216x4681_2928x6778_zoom.jpg,2026-01-17,2026-01-23,https://res.cloudinary.com/dfqzmnlga/image/upload/v1768685593/2026-01-17/10921500.jpg
10921485,59.00,,Dametøj,Bigshirt,1,0,stk.,Netto,https://static.tilbudsugen.dk/1st-retail/2026/4/64393/Netto32026-1_32_886x2516_2908x6649_zoom.jpg,2026-01-17,2026-01-23,https://res.cloudinary.com/dfqzmnlga/image/upload/v1768685593/2026-01-17/10921485.jpg
10921486,149.00,,Dametøj,Pyjamas,1,0,stk.,Netto,https://static.tilbudsugen.dk/1st-retail/2026/4/64393/Netto32026-1_32_27x1387_1583x6622_zoom.jpg,2026-01-17,2026-01-23,https://res.cloudinary.com/dfqzmnlga/image/upload/v1768685594/2026-01-17/10921486.jpg
10921491,119.00,,Tæpper,Gulvtæppe,1,0,stk.,Netto,https://static.tilbudsugen.dk/1st-retail/2026/4/64393/Netto32026-1_33_216x4667_2435x6751_zoom.jpg,2026-01-17,2026-01-23,https://res.cloudinary.com/dfqzmnlga/image/upload/v1768685594/2026-01-17/10921491.jpg
10921497,30.00,,Køkkenartikler,Madkasse,1,0,stk.,Netto,https://static.tilbudsugen.dk/1st-retail/2026/4/64393/Netto32026-1_34_2996x2462_4863x4566_zoom.jpg,2026-01-17,2026-01-23,https://res.cloudinary.com/dfqzmnlga/image/upload/v1768685595/2026-01-17/10921497.jpg
10921433,30.00,,Køkkenartikler,Opbevaringsdåse,1,0,stk.,Netto,https://static.tilbudsugen.dk/1st-retail/2026/4/64393/Netto32026-1_28_3185x2760_4991x4647_zoom.jpg,2026-01-17,2026-01-23,https://res.cloudinary.com/dfqzmnlga/image/upload/v1768685596/2026-01-17/10921433.jpg
10921443,149.00,,Køkkenmaskiner,Chokoladefontæne,1,0,stk.,Netto,https://static.tilbudsugen.dk/1st-retail/2026/4/64393/Netto32026-1_28_223x406_4842x2746_zoom.jpg,2026-01-17,2026-01-23,https://res.cloudinary.com/dfqzmnlga/image/upload/v1768685596/2026-01-17/10921443.jpg
10921444,199.00,,Køkkenmaskiner,Candyfloss-maskine,1,0,stk.,Netto,https://static.tilbudsugen.dk/1st-retail/2026/4/64393/Netto32026-1_28_223x406_4842x2746_zoom.jpg,2026-01-17,2026-01-23,https://res.cloudinary.com/dfqzmnlga/image/upload/v1768685597/2026-01-17/10921444.jpg
10921450,30.00,Bodyguide Underwear,Dametøj,Strømpebukser,1,0,pk.,Netto,https://static.tilbudsugen.dk/1st-retail/2026/4/64393/Netto32026-1_30_3260x5188_4822x6791_zoom.jpg,2026-01-17,2026-01-23,https://res.cloudinary.com/dfqzmnlga/image/upload/v1768685597/2026-01-17/10921450.jpg
10921788,30.00,,"Planter, buske & træer",Planter,1,0,stk.,Netto,https://static.tilbudsugen.dk/1st-retail/2026/4/64393/Netto32026-1_25_1519x4123_4297x6784_zoom.jpg,2026-01-17,2026-01-23,https://res.cloudinary.com/dfqzmnlga/image/upload/v1768685598/2026-01-17/10921788.jpg
10921791,149.00,,Boligtekstiler,Sengehimmel,1,0,stk.,Netto,https://static.tilbudsugen.dk/1st-retail/2026/4/64393/Netto32026-1_26_1653x171_4723x6713_zoom.jpg,2026-01-17,2026-01-23,https://res.cloudinary.com/dfqzmnlga/image/upload/v1768685598/2026-01-17/10921791.jpg
10921806,169.00,,Opbevaring,Opbevaringskurv,1,0,stk.,Netto,https://static.tilbudsugen.dk/1st-retail/2026/4/64393/Netto32026-1_27_55x3139_2487x5343_zoom.jpg,2026-01-17,2026-01-23,https://res.cloudinary.com/dfqzmnlga/image/upload/v1768685599/2026-01-17/10921806.jpg
