data_id,price,brand,category,product_name,units,quantity,unit_type,store_name,image_url,start_date,end_date,public_urls
10808524,9.00,Shine,Rengøringsartikler,Rengøringsservietter,1,48,pk.,Netto,https://static.tilbudsugen.dk/1st-retail/2025/46/63858/Netto452025-1_24_2396x743_4936x2665_zoom.jpg,2025-11-08,2025-11-14,https://res.cloudinary.com/dfqzmnlga/image/upload/v1762613714/2025-11-08/10808524.jpg
10808526,9.00,Hello Sensitive,Rengøringsartikler,Rengøringsservietter,1,32,pk.,Netto,https://static.tilbudsugen.dk/1st-retail/2025/46/63858/Netto452025-1_24_2396x743_4936x2665_zoom.jpg,2025-11-08,2025-11-14,https://res.cloudinary.com/dfqzmnlga/image/upload/v1762613715/2025-11-08/10808526.jpg
10808451,10.00,,Papir,Servietter,1,20,pk.,Netto,https://static.tilbudsugen.dk/1st-retail/2025/46/63858/Netto452025-1_32_283x85_4904x6965_zoom.jpg,2025-11-08,2025-11-14,https://res.cloudinary.com/dfqzmnlga/image/upload/v1762613715/2025-11-08/10808451.jpg
10808540,26.00,Shine,Opvask,Maskinopvask-tabs,1,50,pk.,Netto,https://static.tilbudsugen.dk/1st-retail/2025/46/63858/Netto452025-1_25_87x3938_2558x5223_zoom.jpg,2025-11-08,2025-11-14,https://res.cloudinary.com/dfqzmnlga/image/upload/v1762613716/2025-11-08/10808540.jpg
10808550,16.00,Murph,Kosttilskud,Træningstilskud,1,20,stk.,Netto,https://static.tilbudsugen.dk/1st-retail/2025/46/63858/Netto452025-1_26_81x4699_2452x6883_zoom.jpg,2025-11-08,2025-11-14,https://res.cloudinary.com/dfqzmnlga/image/upload/v1762613716/2025-11-08/10808550.jpg
10808533,26.00,Hello Sailor,Opvask,Maskinopvask-tabs,1,30,pk.,Netto,https://static.tilbudsugen.dk/1st-retail/2025/46/63858/Netto452025-1_25_2596x3956_4998x5267_zoom.jpg,2025-11-08,2025-11-14,https://res.cloudinary.com/dfqzmnlga/image/upload/v1762613717/2025-11-08/10808533.jpg
10808410,20.00,ASP,Stearinlys,Juletræslys,1,20,pk.,Netto,https://static.tilbudsugen.dk/1st-retail/2025/46/63858/Netto452025-1_28_3251x4682_4762x6792_zoom.jpg,2025-11-08,2025-11-14,https://res.cloudinary.com/dfqzmnlga/image/upload/v1762613717/2025-11-08/10808410.jpg
10808415,25.00,,Jul,Julekugler,1,25,pk.,Netto,https://static.tilbudsugen.dk/1st-retail/2025/46/63858/Netto452025-1_28_3211x2415_4778x4611_zoom.jpg,2025-11-08,2025-11-14,https://res.cloudinary.com/dfqzmnlga/image/upload/v1762613718/2025-11-08/10808415.jpg
10808325,30.00,Pukka,Te,Tebreve,1,20,pk.,Netto,https://static.tilbudsugen.dk/1st-retail/2025/46/63858/Netto452025-1_21_0x162_2477x2821_zoom.jpg,2025-11-08,2025-11-14,https://res.cloudinary.com/dfqzmnlga/image/upload/v1762613719/2025-11-08/10808325.jpg
10806361,1.50,,Frugt,Bananer,1,1,stk.,Netto,https://static.tilbudsugen.dk/1st-retail/2025/46/63858/Netto452025-1_1_43x1920_2494x4236_zoom.jpg,2025-11-08,2025-11-14,https://res.cloudinary.com/dfqzmnlga/image/upload/v1762613719/2025-11-08/10806361.jpg
10808508,79.00,Neophos,Opvask,Maskinopvask-tabs,1,40,pk.,Netto,https://static.tilbudsugen.dk/1st-retail/2025/46/63858/Netto452025-1_24_2496x2421_4998x4624_zoom.jpg,2025-11-08,2025-11-14,https://res.cloudinary.com/dfqzmnlga/image/upload/v1762613720/2025-11-08/10808508.jpg
10808414,40.00,,Jul,Julekugler,1,20,pk.,Netto,https://static.tilbudsugen.dk/1st-retail/2025/46/63858/Netto452025-1_28_3211x2415_4778x4611_zoom.jpg,2025-11-08,2025-11-14,https://res.cloudinary.com/dfqzmnlga/image/upload/v1762613721/2025-11-08/10808414.jpg
10808434,69.00,Nord Home LIving,Stearinlys,Kronelys,1,30,pk.,Netto,https://static.tilbudsugen.dk/1st-retail/2025/46/63858/Netto452025-1_30_1755x2486_3290x4635_zoom.jpg,2025-11-08,2025-11-14,https://res.cloudinary.com/dfqzmnlga/image/upload/v1762613722/2025-11-08/10808434.jpg
10806806,19.00,Classic,Husholdningspapir,Toiletpapir,1,8,pk.,Netto,https://static.tilbudsugen.dk/1st-retail/2025/46/63858/Netto452025-1_2_65x4582_2418x6854_zoom.jpg,2025-11-08,2025-11-14,https://res.cloudinary.com/dfqzmnlga/image/upload/v1762613723/2025-11-08/10806806.jpg
10808375,20.00,Chai Latte,Te,Instant Te Pumpkin Spice,1,8,pk.,Netto,https://static.tilbudsugen.dk/1st-retail/2025/46/63858/Netto452025-1_21_19x2833_2409x5292_zoom.jpg,2025-11-08,2025-11-14,https://res.cloudinary.com/dfqzmnlga/image/upload/v1762613724/2025-11-08/10808375.jpg
10808377,20.00,Chai Latte,Te,Instant Te Vanilje,1,8,pk.,Netto,https://static.tilbudsugen.dk/1st-retail/2025/46/63858/Netto452025-1_21_19x2833_2409x5292_zoom.jpg,2025-11-08,2025-11-14,https://res.cloudinary.com/dfqzmnlga/image/upload/v1762613725/2025-11-08/10808377.jpg
10808378,20.00,Skinny Chai Latte,Te,Instant Te Karamel,1,8,pk.,Netto,https://static.tilbudsugen.dk/1st-retail/2025/46/63858/Netto452025-1_21_19x2833_2409x5292_zoom.jpg,2025-11-08,2025-11-14,https://res.cloudinary.com/dfqzmnlga/image/upload/v1762613725/2025-11-08/10808378.jpg
10808430,20.00,,Stearinlys,Fyrfadslys,1,8,ps.,Netto,https://static.tilbudsugen.dk/1st-retail/2025/46/63858/Netto452025-1_30_244x840_1763x2486_zoom.jpg,2025-11-08,2025-11-14,https://res.cloudinary.com/dfqzmnlga/image/upload/v1762613726/2025-11-08/10808430.jpg
10808374,20.00,Chai Latte,Te,Instant Te Choco Orange,1,8,pk.,Netto,https://static.tilbudsugen.dk/1st-retail/2025/46/63858/Netto452025-1_21_19x2833_2409x5292_zoom.jpg,2025-11-08,2025-11-14,https://res.cloudinary.com/dfqzmnlga/image/upload/v1762613728/2025-11-08/10808374.jpg
10808373,20.00,Chai Latte,Te,Instant Te Kakao,1,8,pk.,Netto,https://static.tilbudsugen.dk/1st-retail/2025/46/63858/Netto452025-1_21_19x2833_2409x5292_zoom.jpg,2025-11-08,2025-11-14,https://res.cloudinary.com/dfqzmnlga/image/upload/v1762613728/2025-11-08/10808373.jpg
10808376,20.00,Chai Latte,Te,Instant Te Grøn Te,1,8,pk.,Netto,https://static.tilbudsugen.dk/1st-retail/2025/46/63858/Netto452025-1_21_19x2833_2409x5292_zoom.jpg,2025-11-08,2025-11-14,https://res.cloudinary.com/dfqzmnlga/image/upload/v1762613729/2025-11-08/10808376.jpg
10807303,26.00,ØGO,Skalæg,Økologiske æg M/L,1,10,bk.,Netto,https://static.tilbudsugen.dk/1st-retail/2025/46/63858/Netto452025-1_10_16x2935_2623x4706_zoom.jpg,2025-11-08,2025-11-14,https://res.cloudinary.com/dfqzmnlga/image/upload/v1762613730/2025-11-08/10807303.jpg
10808255,10.00,Knorr,Saucer,Hollandaisesauce,1,3,pk.,Netto,https://static.tilbudsugen.dk/1st-retail/2025/46/63858/Netto452025-1_19_6x4574_2433x6858_zoom.jpg,2025-11-08,2025-11-14,https://res.cloudinary.com/dfqzmnlga/image/upload/v1762613730/2025-11-08/10808255.jpg
10808256,10.00,Knorr,Saucer,Bearnaisesauce,1,3,pk.,Netto,https://static.tilbudsugen.dk/1st-retail/2025/46/63858/Netto452025-1_19_6x4574_2433x6858_zoom.jpg,2025-11-08,2025-11-14,https://res.cloudinary.com/dfqzmnlga/image/upload/v1762613731/2025-11-08/10808256.jpg
10808257,10.00,Knorr,Saucer,Green Pepper Sauce,1,3,pk.,Netto,https://static.tilbudsugen.dk/1st-retail/2025/46/63858/Netto452025-1_19_6x4574_2433x6858_zoom.jpg,2025-11-08,2025-11-14,https://res.cloudinary.com/dfqzmnlga/image/upload/v1762613732/2025-11-08/10808257.jpg
10808250,10.00,Knorr,Saucer,Brown Sauce,1,3,pk.,Netto,https://static.tilbudsugen.dk/1st-retail/2025/46/63858/Netto452025-1_19_6x4574_2433x6858_zoom.jpg,2025-11-08,2025-11-14,https://res.cloudinary.com/dfqzmnlga/image/upload/v1762613732/2025-11-08/10808250.jpg
10808258,10.00,Knorr,Saucer,Champignon Sauce,1,3,pk.,Netto,https://static.tilbudsugen.dk/1st-retail/2025/46/63858/Netto452025-1_19_6x4574_2433x6858_zoom.jpg,2025-11-08,2025-11-14,https://res.cloudinary.com/dfqzmnlga/image/upload/v1762613733/2025-11-08/10808258.jpg
10808259,10.00,Knorr,Saucer,Cabaretsauce,1,3,pk.,Netto,https://static.tilbudsugen.dk/1st-retail/2025/46/63858/Netto452025-1_19_6x4574_2433x6858_zoom.jpg,2025-11-08,2025-11-14,https://res.cloudinary.com/dfqzmnlga/image/upload/v1762613734/2025-11-08/10808259.jpg
10806804,19.00,Classic,Husholdningspapir,Køkkenrulle,1,4,pk.,Netto,https://static.tilbudsugen.dk/1st-retail/2025/46/63858/Netto452025-1_2_65x4582_2418x6854_zoom.jpg,2025-11-08,2025-11-14,https://res.cloudinary.com/dfqzmnlga/image/upload/v1762613734/2025-11-08/10806804.jpg
10808152,29.47,Snickers,Multipak,Issnacks,1,6,pk.,Netto,https://static.tilbudsugen.dk/1st-retail/2025/46/63858/Netto452025-1_17_2433x4643_4998x6902_zoom.jpg,2025-11-08,2025-11-14,https://res.cloudinary.com/dfqzmnlga/image/upload/v1762613735/2025-11-08/10808152.jpg
10807126,10.00,,Grønt,Porrer,1,2,bdt.,Netto,https://static.tilbudsugen.dk/1st-retail/2025/46/63858/Netto452025-1_6_1932x5661_4966x6892_zoom.jpg,2025-11-08,2025-11-14,https://res.cloudinary.com/dfqzmnlga/image/upload/v1762613735/2025-11-08/10807126.jpg
10808151,6.00,,Frugt,Granatæbler,1,1,stk.,Netto,https://static.tilbudsugen.dk/1st-retail/2025/46/63858/Netto452025-1_17_2209x780_4948x4375_zoom.jpg,2025-11-08,2025-11-14,https://res.cloudinary.com/dfqzmnlga/image/upload/v1762613736/2025-11-08/10808151.jpg
10808238,16.00,Amo,Mel & Melblandinger,Hvedemel,1,2,ps.,Netto,https://static.tilbudsugen.dk/1st-retail/2025/46/63858/Netto452025-1_19_0x2172_2421x4662_zoom.jpg,2025-11-08,2025-11-14,https://res.cloudinary.com/dfqzmnlga/image/upload/v1762613737/2025-11-08/10808238.jpg
10808510,39.00,Colgate,Tandpleje,Tandbørste,1,6,pk.,Netto,https://static.tilbudsugen.dk/1st-retail/2025/46/63858/Netto452025-1_24_19x4562_4942x6846_zoom.jpg,2025-11-08,2025-11-14,https://res.cloudinary.com/dfqzmnlga/image/upload/v1762613738/2025-11-08/10808510.jpg
10808154,2.00,Amper Energy Drink,Energi- Sports- & Vitamindrikke,Energidrik,1,0,ds.,Netto,https://static.tilbudsugen.dk/1st-retail/2025/46/63858/Netto452025-1_17_56x811_2228x4312_zoom.jpg,2025-11-08,2025-11-14,https://res.cloudinary.com/dfqzmnlga/image/upload/v1762613738/2025-11-08/10808154.jpg
10808538,8.00,Shine,Opvask,Opvaskemiddel,1,1,stk.,Netto,https://static.tilbudsugen.dk/1st-retail/2025/46/63858/Netto452025-1_25_1660x5217_3332x6877_zoom.jpg,2025-11-08,2025-11-14,https://res.cloudinary.com/dfqzmnlga/image/upload/v1762613739/2025-11-08/10808538.jpg
10808155,2.00,Amper Energy Drink,Energi- Sports- & Vitamindrikke,Energidrik,1,0,ds.,Netto,https://static.tilbudsugen.dk/1st-retail/2025/46/63858/Netto452025-1_17_56x811_2228x4312_zoom.jpg,2025-11-08,2025-11-14,https://res.cloudinary.com/dfqzmnlga/image/upload/v1762613740/2025-11-08/10808155.jpg
10808194,25.00,Magnum,Multipak,Double Gold Caramel Billionaire ispinde,1,3,pk.,Netto,https://static.tilbudsugen.dk/1st-retail/2025/46/63858/Netto452025-1_18_19x905_2508x3969_zoom.jpg,2025-11-08,2025-11-14,https://res.cloudinary.com/dfqzmnlga/image/upload/v1762613740/2025-11-08/10808194.jpg
10808198,25.00,Magnum,Multipak,Utopia Double Cherry Ispinde,1,3,pk.,Netto,https://static.tilbudsugen.dk/1st-retail/2025/46/63858/Netto452025-1_18_19x905_2508x3969_zoom.jpg,2025-11-08,2025-11-14,https://res.cloudinary.com/dfqzmnlga/image/upload/v1762613741/2025-11-08/10808198.jpg
10808201,25.00,Solero Exotic,Multipak,Ispinde,1,3,pk.,Netto,https://static.tilbudsugen.dk/1st-retail/2025/46/63858/Netto452025-1_18_19x905_2508x3969_zoom.jpg,2025-11-08,2025-11-14,https://res.cloudinary.com/dfqzmnlga/image/upload/v1762613742/2025-11-08/10808201.jpg
10808163,25.00,Magnum,Multipak,Almond ispinde,1,3,pk.,Netto,https://static.tilbudsugen.dk/1st-retail/2025/46/63858/Netto452025-1_18_25x961_2496x3969_zoom.jpg,2025-11-08,2025-11-14,https://res.cloudinary.com/dfqzmnlga/image/upload/v1762613742/2025-11-08/10808163.jpg
10808165,25.00,Magnum,Multipak,Utopia Double Hazelnut,1,3,pk.,Netto,https://static.tilbudsugen.dk/1st-retail/2025/46/63858/Netto452025-1_18_25x961_2496x3969_zoom.jpg,2025-11-08,2025-11-14,https://res.cloudinary.com/dfqzmnlga/image/upload/v1762613743/2025-11-08/10808165.jpg
10808192,25.00,Magnum,Multipak,Classic ispinde,1,3,pk.,Netto,https://static.tilbudsugen.dk/1st-retail/2025/46/63858/Netto452025-1_18_19x905_2508x3969_zoom.jpg,2025-11-08,2025-11-14,https://res.cloudinary.com/dfqzmnlga/image/upload/v1762613743/2025-11-08/10808192.jpg
10808195,25.00,Magnum,Multipak,Euphoria Ispinde ,1,3,pk.,Netto,https://static.tilbudsugen.dk/1st-retail/2025/46/63858/Netto452025-1_18_19x905_2508x3969_zoom.jpg,2025-11-08,2025-11-14,https://res.cloudinary.com/dfqzmnlga/image/upload/v1762613744/2025-11-08/10808195.jpg
10808200,25.00,Magnum,Multipak,Utopia Double Hazelnut,1,3,pk.,Netto,https://static.tilbudsugen.dk/1st-retail/2025/46/63858/Netto452025-1_18_19x905_2508x3969_zoom.jpg,2025-11-08,2025-11-14,https://res.cloudinary.com/dfqzmnlga/image/upload/v1762613745/2025-11-08/10808200.jpg
10808164,25.00,Magnum,Multipak,Classic ispinde,1,3,pk.,Netto,https://static.tilbudsugen.dk/1st-retail/2025/46/63858/Netto452025-1_18_25x961_2496x3969_zoom.jpg,2025-11-08,2025-11-14,https://res.cloudinary.com/dfqzmnlga/image/upload/v1762613746/2025-11-08/10808164.jpg
10808187,25.00,Magnum,Multipak,Almond ispinde,1,3,pk.,Netto,https://static.tilbudsugen.dk/1st-retail/2025/46/63858/Netto452025-1_18_19x905_2508x3969_zoom.jpg,2025-11-08,2025-11-14,https://res.cloudinary.com/dfqzmnlga/image/upload/v1762613746/2025-11-08/10808187.jpg
10806815,69.00,Faxe Kondi,Sodavand,Sportssodavand 24 pk.,24,0,ds.,Netto,https://static.tilbudsugen.dk/1st-retail/2025/46/63858/Netto452025-1_3_2521x549_4863x3502_zoom.jpg,2025-11-08,2025-11-14,https://res.cloudinary.com/dfqzmnlga/image/upload/v1762613747/2025-11-08/10806815.jpg
10806817,69.00,Pepsi Max,Sodavand,Cola 24 pk.,24,0,ds.,Netto,https://static.tilbudsugen.dk/1st-retail/2025/46/63858/Netto452025-1_3_2521x549_4863x3502_zoom.jpg,2025-11-08,2025-11-14,https://res.cloudinary.com/dfqzmnlga/image/upload/v1762613747/2025-11-08/10806817.jpg
10806816,69.00,Lime,Sodavand,Cola 24 pk.,24,0,ds.,Netto,https://static.tilbudsugen.dk/1st-retail/2025/46/63858/Netto452025-1_3_2521x549_4863x3502_zoom.jpg,2025-11-08,2025-11-14,https://res.cloudinary.com/dfqzmnlga/image/upload/v1762613749/2025-11-08/10806816.jpg
10806825,10.00,Spir,Vegetabilske drikke,Havredrik,1,1,stk.,Netto,https://static.tilbudsugen.dk/1st-retail/2025/46/63858/Netto452025-1_4_32x231_2450x3470_zoom.jpg,2025-11-08,2025-11-14,https://res.cloudinary.com/dfqzmnlga/image/upload/v1762613750/2025-11-08/10806825.jpg
10806838,10.00,Spir,Vegetabilske drikke,Mandeldrik,1,1,stk.,Netto,https://static.tilbudsugen.dk/1st-retail/2025/46/63858/Netto452025-1_4_32x231_2450x3470_zoom.jpg,2025-11-08,2025-11-14,https://res.cloudinary.com/dfqzmnlga/image/upload/v1762613750/2025-11-08/10806838.jpg
10806837,10.00,Spir,Vegetabilske drikke,Havrekakao,1,1,stk.,Netto,https://static.tilbudsugen.dk/1st-retail/2025/46/63858/Netto452025-1_4_32x231_2450x3470_zoom.jpg,2025-11-08,2025-11-14,https://res.cloudinary.com/dfqzmnlga/image/upload/v1762613751/2025-11-08/10806837.jpg
10806839,10.00,Spir,Vegetabilske drikke,Risdrik,1,1,stk.,Netto,https://static.tilbudsugen.dk/1st-retail/2025/46/63858/Netto452025-1_4_32x231_2450x3470_zoom.jpg,2025-11-08,2025-11-14,https://res.cloudinary.com/dfqzmnlga/image/upload/v1762613752/2025-11-08/10806839.jpg
10806934,10.00,,Frugt,Mango,1,1,stk.,Netto,https://static.tilbudsugen.dk/1st-retail/2025/46/63858/Netto452025-1_6_3109x1489_4933x3675_zoom.jpg,2025-11-08,2025-11-14,https://res.cloudinary.com/dfqzmnlga/image/upload/v1762613753/2025-11-08/10806934.jpg
10808487,20.00,,Sokker/Strømper,Strømper,1,2,pk.,Netto,https://static.tilbudsugen.dk/1st-retail/2025/46/63858/Netto452025-1_34_189x5398_4927x6855_zoom.jpg,2025-11-08,2025-11-14,https://res.cloudinary.com/dfqzmnlga/image/upload/v1762613754/2025-11-08/10808487.jpg
10808406,16.00,Coca Cola,Sodavand,Cola,1,1,fl.,Netto,https://static.tilbudsugen.dk/1st-retail/2025/46/63858/Netto452025-1_23_2446x2365_4998x4655_zoom.jpg,2025-11-08,2025-11-14,https://res.cloudinary.com/dfqzmnlga/image/upload/v1762613755/2025-11-08/10808406.jpg
10808412,16.00,Coca Cola Zero,Sodavand,Cola,1,1,fl.,Netto,https://static.tilbudsugen.dk/1st-retail/2025/46/63858/Netto452025-1_23_2446x2365_4998x4655_zoom.jpg,2025-11-08,2025-11-14,https://res.cloudinary.com/dfqzmnlga/image/upload/v1762613755/2025-11-08/10808412.jpg
10808413,16.00,Exotic,Sodavand,Sodavand,1,1,fl.,Netto,https://static.tilbudsugen.dk/1st-retail/2025/46/63858/Netto452025-1_23_2446x2365_4998x4655_zoom.jpg,2025-11-08,2025-11-14,https://res.cloudinary.com/dfqzmnlga/image/upload/v1762613756/2025-11-08/10808413.jpg
10808416,16.00,Raspberry,Sodavand,Hindbærsodavand,1,1,fl.,Netto,https://static.tilbudsugen.dk/1st-retail/2025/46/63858/Netto452025-1_23_2446x2365_4998x4655_zoom.jpg,2025-11-08,2025-11-14,https://res.cloudinary.com/dfqzmnlga/image/upload/v1762613756/2025-11-08/10808416.jpg
10807004,18.00,,Frugt,Appelsiner,1,1,ps.,Netto,https://static.tilbudsugen.dk/1st-retail/2025/46/63858/Netto452025-1_6_1117x3615_4723x5699_zoom.jpg,2025-11-08,2025-11-14,https://res.cloudinary.com/dfqzmnlga/image/upload/v1762613757/2025-11-08/10807004.jpg
10808417,129.00,,Lys/lyskæder,LED Juletræslys,1,10,pk.,Netto,https://static.tilbudsugen.dk/1st-retail/2025/46/63858/Netto452025-1_28_126x738_1716x2777_zoom.jpg,2025-11-08,2025-11-14,https://res.cloudinary.com/dfqzmnlga/image/upload/v1762613758/2025-11-08/10808417.jpg
10808529,10.00,Shine,Rengøringsmidler,Rengøringsmiddel,1,0,stk.,Netto,https://static.tilbudsugen.dk/1st-retail/2025/46/63858/Netto452025-1_25_2883x150_4904x2428_zoom.jpg,2025-11-08,2025-11-14,https://res.cloudinary.com/dfqzmnlga/image/upload/v1762613758/2025-11-08/10808529.jpg
10808384,80.00,Julebryg,Øl,Øl 18 pk.,18,0,ds.,Netto,https://static.tilbudsugen.dk/1st-retail/2025/46/63858/Netto452025-1_22_44x5205_4904x6883_zoom.jpg,2025-11-08,2025-11-14,https://res.cloudinary.com/dfqzmnlga/image/upload/v1762613759/2025-11-08/10808384.jpg
10808541,15.00,Savin,Vaskemiddel,Vaskemiddel-flydende,1,1,fl.,Netto,https://static.tilbudsugen.dk/1st-retail/2025/46/63858/Netto452025-1_25_137x2415_2502x3938_zoom.jpg,2025-11-08,2025-11-14,https://res.cloudinary.com/dfqzmnlga/image/upload/v1762613760/2025-11-08/10808541.jpg
10808542,5.00,Tropical Sport,Energi- Sports- & Vitamindrikke,Energidrik,1,0,ds.,Netto,https://static.tilbudsugen.dk/1st-retail/2025/46/63858/Netto452025-1_26_3282x799_4998x2640_zoom.jpg,2025-11-08,2025-11-14,https://res.cloudinary.com/dfqzmnlga/image/upload/v1762613760/2025-11-08/10808542.jpg
10808544,5.00,Orange Sport,Energi- Sports- & Vitamindrikke,Energidrik,1,0,ds.,Netto,https://static.tilbudsugen.dk/1st-retail/2025/46/63858/Netto452025-1_26_3282x799_4998x2640_zoom.jpg,2025-11-08,2025-11-14,https://res.cloudinary.com/dfqzmnlga/image/upload/v1762613761/2025-11-08/10808544.jpg
10808422,50.00,,Jul,Julepynt,1,3,stk.,Netto,https://static.tilbudsugen.dk/1st-retail/2025/46/63858/Netto452025-1_29_2487x2407_4817x4643_zoom.jpg,2025-11-08,2025-11-14,https://res.cloudinary.com/dfqzmnlga/image/upload/v1762613761/2025-11-08/10808422.jpg
10808149,8.36,ØGO,Pasta,Fuldkornspenne,1,0,pk.,Netto,https://static.tilbudsugen.dk/1st-retail/2025/46/63858/Netto452025-1_16_2253x4356_4948x6877_zoom.jpg,2025-11-08,2025-11-14,https://res.cloudinary.com/dfqzmnlga/image/upload/v1762613762/2025-11-08/10808149.jpg
10808150,11.78,ØGO,Saucer,Passata,1,0,fl.,Netto,https://static.tilbudsugen.dk/1st-retail/2025/46/63858/Netto452025-1_16_25x3669_2321x6840_zoom.jpg,2025-11-08,2025-11-14,https://res.cloudinary.com/dfqzmnlga/image/upload/v1762613762/2025-11-08/10808150.jpg
10807490,25.00,Dun-let,Skyllemiddel,Skyllemiddel,1,1,stk.,Netto,https://static.tilbudsugen.dk/1st-retail/2025/46/63858/Netto452025-1_2_2407x4609_4831x6865_zoom.jpg,2025-11-08,2025-11-14,https://res.cloudinary.com/dfqzmnlga/image/upload/v1762613763/2025-11-08/10807490.jpg
10807250,5.00,Egelykke,Mellemmåltider,Drikkeyoghurt Skovbær,1,0,fl.,Netto,https://static.tilbudsugen.dk/1st-retail/2025/46/63858/Netto452025-1_9_59x2876_2467x4873_zoom.jpg,2025-11-08,2025-11-14,https://res.cloudinary.com/dfqzmnlga/image/upload/v1762613764/2025-11-08/10807250.jpg
10807256,5.00,Egelykke,Mellemmåltider,Drikkeyoghurt Lemon & Lime,1,0,fl.,Netto,https://static.tilbudsugen.dk/1st-retail/2025/46/63858/Netto452025-1_9_59x2876_2467x4873_zoom.jpg,2025-11-08,2025-11-14,https://res.cloudinary.com/dfqzmnlga/image/upload/v1762613764/2025-11-08/10807256.jpg
10808531,15.00,Hello Sensitive,Vaskemiddel,Vaskemiddel-flydende,1,0,fl.,Netto,https://static.tilbudsugen.dk/1st-retail/2025/46/63858/Netto452025-1_25_2483x2446_4998x3969_zoom.jpg,2025-11-08,2025-11-14,https://res.cloudinary.com/dfqzmnlga/image/upload/v1762613765/2025-11-08/10808531.jpg
10807255,5.00,Egelykke,Mellemmåltider,Drikkeyoghurt Jordbær,1,0,fl.,Netto,https://static.tilbudsugen.dk/1st-retail/2025/46/63858/Netto452025-1_9_59x2876_2467x4873_zoom.jpg,2025-11-08,2025-11-14,https://res.cloudinary.com/dfqzmnlga/image/upload/v1762613765/2025-11-08/10807255.jpg
10807343,15.00,Kohberg,Rugbrød i Skiver,Solsikkerugbrød,1,0,pk.,Netto,https://static.tilbudsugen.dk/1st-retail/2025/46/63858/Netto452025-1_11_3336x4830_4944x6914_zoom.jpg,2025-11-08,2025-11-14,https://res.cloudinary.com/dfqzmnlga/image/upload/v1762613766/2025-11-08/10807343.jpg
10807400,10.00,Ama,Fedtstoffer,Margarine-fast,1,0,pk.,Netto,https://static.tilbudsugen.dk/1st-retail/2025/46/63858/Netto452025-1_1_2515x1850_4922x4128_zoom.jpg,2025-11-08,2025-11-14,https://res.cloudinary.com/dfqzmnlga/image/upload/v1762613766/2025-11-08/10807400.jpg
10807254,5.00,Egelykke,Mellemmåltider,Drikkeyoghurt Fersken & Mango,1,0,fl.,Netto,https://static.tilbudsugen.dk/1st-retail/2025/46/63858/Netto452025-1_9_59x2876_2467x4873_zoom.jpg,2025-11-08,2025-11-14,https://res.cloudinary.com/dfqzmnlga/image/upload/v1762613767/2025-11-08/10807254.jpg
10807637,15.00,Kohberg,Rugbrød i Skiver,Solsikkerugbrød,1,0,pk.,Netto,https://static.tilbudsugen.dk/1st-retail/2025/46/63858/Netto452025-1_11_3336x4830_4944x6914_zoom.jpg,2025-11-08,2025-11-14,https://res.cloudinary.com/dfqzmnlga/image/upload/v1762613767/2025-11-08/10807637.jpg
10807397,10.00,Ama,Fedtstoffer,Margarine-flydende,1,0,fl.,Netto,https://static.tilbudsugen.dk/1st-retail/2025/46/63858/Netto452025-1_1_2515x1850_4922x4128_zoom.jpg,2025-11-08,2025-11-14,https://res.cloudinary.com/dfqzmnlga/image/upload/v1762613768/2025-11-08/10807397.jpg
10808476,40.00,,"Potter, skjulere m.m.",Kurvesæt,1,2,pk.,Netto,https://static.tilbudsugen.dk/1st-retail/2025/46/63858/Netto452025-1_33_2495x4611_4699x6855_zoom.jpg,2025-11-08,2025-11-14,https://res.cloudinary.com/dfqzmnlga/image/upload/v1762613768/2025-11-08/10808476.jpg
10808536,10.00,Hello Sensitive,Opvask,Opvaskemiddel,1,0,fl.,Netto,https://static.tilbudsugen.dk/1st-retail/2025/46/63858/Netto452025-1_25_3195x5292_4898x6846_zoom.jpg,2025-11-08,2025-11-14,https://res.cloudinary.com/dfqzmnlga/image/upload/v1762613769/2025-11-08/10808536.jpg
10806898,14.00,Harvest Best,Grøntsager,Fine Ærter,1,0,ps.,Netto,https://static.tilbudsugen.dk/1st-retail/2025/46/63858/Netto452025-1_5_3670x5305_4917x6876_zoom.jpg,2025-11-08,2025-11-14,https://res.cloudinary.com/dfqzmnlga/image/upload/v1762613769/2025-11-08/10806898.jpg
10807376,16.00,Premieur,Grønt,Kartofler,1,0,ps.,Netto,https://static.tilbudsugen.dk/1st-retail/2025/46/63858/Netto452025-1_13_2979x74_4955x2196_zoom.jpg,2025-11-08,2025-11-14,https://res.cloudinary.com/dfqzmnlga/image/upload/v1762613770/2025-11-08/10807376.jpg
10808484,12.00,Nobe,Saft,Drikkeklar saft Kiwi,1,0,fl.,Netto,https://static.tilbudsugen.dk/1st-retail/2025/46/63858/Netto452025-1_23_19x2446_2483x4687_zoom.jpg,2025-11-08,2025-11-14,https://res.cloudinary.com/dfqzmnlga/image/upload/v1762613770/2025-11-08/10808484.jpg
10808506,12.00,Reload Citron Lime,Energi- Sports- & Vitamindrikke,Vitamindrik,1,0,fl.,Netto,https://static.tilbudsugen.dk/1st-retail/2025/46/63858/Netto452025-1_23_19x2446_2483x4687_zoom.jpg,2025-11-08,2025-11-14,https://res.cloudinary.com/dfqzmnlga/image/upload/v1762613771/2025-11-08/10808506.jpg
10808499,12.00,Zero Rasperry,Energi- Sports- & Vitamindrikke,Vitamindrik,1,0,fl.,Netto,https://static.tilbudsugen.dk/1st-retail/2025/46/63858/Netto452025-1_23_19x2446_2483x4687_zoom.jpg,2025-11-08,2025-11-14,https://res.cloudinary.com/dfqzmnlga/image/upload/v1762613772/2025-11-08/10808499.jpg
10808500,12.00,Sport 001,Energi- Sports- & Vitamindrikke,Vitamindrik,1,0,fl.,Netto,https://static.tilbudsugen.dk/1st-retail/2025/46/63858/Netto452025-1_23_19x2446_2483x4687_zoom.jpg,2025-11-08,2025-11-14,https://res.cloudinary.com/dfqzmnlga/image/upload/v1762613772/2025-11-08/10808500.jpg
10808503,12.00,Defence Citrus og Hyldeblomst,Energi- Sports- & Vitamindrikke,Vitamindrik,1,0,fl.,Netto,https://static.tilbudsugen.dk/1st-retail/2025/46/63858/Netto452025-1_23_19x2446_2483x4687_zoom.jpg,2025-11-08,2025-11-14,https://res.cloudinary.com/dfqzmnlga/image/upload/v1762613773/2025-11-08/10808503.jpg
10808495,12.00,Antioxidant Fersken,Energi- Sports- & Vitamindrikke,Vitamindrik,1,0,fl.,Netto,https://static.tilbudsugen.dk/1st-retail/2025/46/63858/Netto452025-1_23_19x2446_2483x4687_zoom.jpg,2025-11-08,2025-11-14,https://res.cloudinary.com/dfqzmnlga/image/upload/v1762613774/2025-11-08/10808495.jpg
10808490,12.00,Nobe,Saft,Drikkeklar saft Jordbær,1,0,fl.,Netto,https://static.tilbudsugen.dk/1st-retail/2025/46/63858/Netto452025-1_23_19x2446_2483x4687_zoom.jpg,2025-11-08,2025-11-14,https://res.cloudinary.com/dfqzmnlga/image/upload/v1762613775/2025-11-08/10808490.jpg
10808501,12.00,Zero Pineapple,Energi- Sports- & Vitamindrikke,Vitamindrik,1,0,fl.,Netto,https://static.tilbudsugen.dk/1st-retail/2025/46/63858/Netto452025-1_23_19x2446_2483x4687_zoom.jpg,2025-11-08,2025-11-14,https://res.cloudinary.com/dfqzmnlga/image/upload/v1762613775/2025-11-08/10808501.jpg
10808491,12.00,Nobe,Saft,Drikkeklar saft Citron,1,0,fl.,Netto,https://static.tilbudsugen.dk/1st-retail/2025/46/63858/Netto452025-1_23_19x2446_2483x4687_zoom.jpg,2025-11-08,2025-11-14,https://res.cloudinary.com/dfqzmnlga/image/upload/v1762613776/2025-11-08/10808491.jpg
10808493,12.00,Nobe,Saft,Drikkeklar saft Mango,1,0,fl.,Netto,https://static.tilbudsugen.dk/1st-retail/2025/46/63858/Netto452025-1_23_19x2446_2483x4687_zoom.jpg,2025-11-08,2025-11-14,https://res.cloudinary.com/dfqzmnlga/image/upload/v1762613777/2025-11-08/10808493.jpg
10806886,15.00,Bagernes Bedste,Rugbrød i Skiver,Rugbrødsskiver,1,0,pk.,Netto,https://static.tilbudsugen.dk/1st-retail/2025/46/63858/Netto452025-1_5_2521x3167_3703x4992_zoom.jpg,2025-11-08,2025-11-14,https://res.cloudinary.com/dfqzmnlga/image/upload/v1762613777/2025-11-08/10806886.jpg
10807282,20.00,Actimel,Mellemmåltider,Drikkeyoghurt Jordbær,1,0,pk.,Netto,https://static.tilbudsugen.dk/1st-retail/2025/46/63858/Netto452025-1_10_22x830_2515x2833_zoom.jpg,2025-11-08,2025-11-14,https://res.cloudinary.com/dfqzmnlga/image/upload/v1762613778/2025-11-08/10807282.jpg
10807295,20.00,Actimel,Mellemmåltider,Drikkeyoghurt Jordbær & Banan,1,0,pk.,Netto,https://static.tilbudsugen.dk/1st-retail/2025/46/63858/Netto452025-1_10_22x830_2515x2833_zoom.jpg,2025-11-08,2025-11-14,https://res.cloudinary.com/dfqzmnlga/image/upload/v1762613779/2025-11-08/10807295.jpg
10807294,20.00,Actimel,Mellemmåltider,Drikkeyoghurt Multifrugt,1,0,pk.,Netto,https://static.tilbudsugen.dk/1st-retail/2025/46/63858/Netto452025-1_10_22x830_2515x2833_zoom.jpg,2025-11-08,2025-11-14,https://res.cloudinary.com/dfqzmnlga/image/upload/v1762613779/2025-11-08/10807294.jpg
10806849,25.00,Mou,Special Suppe,Gullaschsuppe,1,1,pk.,Netto,https://static.tilbudsugen.dk/1st-retail/2025/46/63858/Netto452025-1_4_43x3535_2510x6876_zoom.jpg,2025-11-08,2025-11-14,https://res.cloudinary.com/dfqzmnlga/image/upload/v1762613780/2025-11-08/10806849.jpg
10808420,50.00,,Jul,Julekugler,1,2,pk.,Netto,https://static.tilbudsugen.dk/1st-retail/2025/46/63858/Netto452025-1_29_2369x234_4785x2407_zoom.jpg,2025-11-08,2025-11-14,https://res.cloudinary.com/dfqzmnlga/image/upload/v1762613781/2025-11-08/10808420.jpg
10806860,25.00,Mou,Special Suppe,Tomatsuppe,1,1,pk.,Netto,https://static.tilbudsugen.dk/1st-retail/2025/46/63858/Netto452025-1_4_43x3535_2510x6876_zoom.jpg,2025-11-08,2025-11-14,https://res.cloudinary.com/dfqzmnlga/image/upload/v1762613782/2025-11-08/10806860.jpg
10806858,25.00,Mou,Special Suppe,Karrysuppe,1,1,pk.,Netto,https://static.tilbudsugen.dk/1st-retail/2025/46/63858/Netto452025-1_4_43x3535_2510x6876_zoom.jpg,2025-11-08,2025-11-14,https://res.cloudinary.com/dfqzmnlga/image/upload/v1762613782/2025-11-08/10806858.jpg
10806859,25.00,Mou,Special Suppe,Aspargessuppe,1,1,pk.,Netto,https://static.tilbudsugen.dk/1st-retail/2025/46/63858/Netto452025-1_4_43x3535_2510x6876_zoom.jpg,2025-11-08,2025-11-14,https://res.cloudinary.com/dfqzmnlga/image/upload/v1762613783/2025-11-08/10806859.jpg
10806867,25.00,Mou,Special Suppe,Tomatsuppe,1,1,pk.,Netto,https://static.tilbudsugen.dk/1st-retail/2025/46/63858/Netto452025-1_5_1263x1505_2521x3005_zoom.jpg,2025-11-08,2025-11-14,https://res.cloudinary.com/dfqzmnlga/image/upload/v1762613783/2025-11-08/10806867.jpg
10806820,80.00,,Spanske vine,Spansk Rosevin,1,3,krt.,Netto,https://static.tilbudsugen.dk/1st-retail/2025/46/63858/Netto452025-1_3_27x3416_2461x6881_zoom.jpg,2025-11-08,2025-11-14,https://res.cloudinary.com/dfqzmnlga/image/upload/v1762613784/2025-11-08/10806820.jpg
10806818,80.00,,Spanske vine,Spansk Rødvin,1,3,krt.,Netto,https://static.tilbudsugen.dk/1st-retail/2025/46/63858/Netto452025-1_3_27x3416_2461x6881_zoom.jpg,2025-11-08,2025-11-14,https://res.cloudinary.com/dfqzmnlga/image/upload/v1762613784/2025-11-08/10806818.jpg
10806821,80.00,,Spanske vine,Spansk Hvidvin,1,3,krt.,Netto,https://static.tilbudsugen.dk/1st-retail/2025/46/63858/Netto452025-1_3_27x3416_2461x6881_zoom.jpg,2025-11-08,2025-11-14,https://res.cloudinary.com/dfqzmnlga/image/upload/v1762613785/2025-11-08/10806821.jpg
10806802,20.00,Bistronne,Færdigretter Frost,Kyllingenuggets,1,0,ps.,Netto,https://static.tilbudsugen.dk/1st-retail/2025/46/63858/Netto452025-1_2_2429x2428_4922x4647_zoom.jpg,2025-11-08,2025-11-14,https://res.cloudinary.com/dfqzmnlga/image/upload/v1762613785/2025-11-08/10806802.jpg
10806888,11.00,Salatmesteren,Remoulade,Remoulade,1,0,fl.,Netto,https://static.tilbudsugen.dk/1st-retail/2025/46/63858/Netto452025-1_5_3724x3151_4928x5019_zoom.jpg,2025-11-08,2025-11-14,https://res.cloudinary.com/dfqzmnlga/image/upload/v1762613786/2025-11-08/10806888.jpg
10806894,20.00,Peka,Færdigretter Køl,Flødekartofler,1,0,ps.,Netto,https://static.tilbudsugen.dk/1st-retail/2025/46/63858/Netto452025-1_5_2515x5321_3643x6914_zoom.jpg,2025-11-08,2025-11-14,https://res.cloudinary.com/dfqzmnlga/image/upload/v1762613787/2025-11-08/10806894.jpg
10806876,16.00,Egelykke,Madlavning friskvarer,Creme Fraiche 9 %,1,0,stk.,Netto,https://static.tilbudsugen.dk/1st-retail/2025/46/63858/Netto452025-1_5_2521x1570_3649x3005_zoom.jpg,2025-11-08,2025-11-14,https://res.cloudinary.com/dfqzmnlga/image/upload/v1762613787/2025-11-08/10806876.jpg
10808450,26.00,Brown Ale,Specialøl,Specialøl,1,0,fl.,Netto,https://static.tilbudsugen.dk/1st-retail/2025/46/63858/Netto452025-1_23_2415x4730_4979x6846_zoom.jpg,2025-11-08,2025-11-14,https://res.cloudinary.com/dfqzmnlga/image/upload/v1762613788/2025-11-08/10808450.jpg
10808456,26.00,Golden Naked,Specialøl,Specialøl,1,0,fl.,Netto,https://static.tilbudsugen.dk/1st-retail/2025/46/63858/Netto452025-1_23_2415x4730_4979x6846_zoom.jpg,2025-11-08,2025-11-14,https://res.cloudinary.com/dfqzmnlga/image/upload/v1762613788/2025-11-08/10808456.jpg
10808409,26.00,Juletid IPA,Specialøl,Specialøl,1,0,fl.,Netto,https://static.tilbudsugen.dk/1st-retail/2025/46/63858/Netto452025-1_23_2415x4730_4979x6846_zoom.jpg,2025-11-08,2025-11-14,https://res.cloudinary.com/dfqzmnlga/image/upload/v1762613789/2025-11-08/10808409.jpg
10808452,26.00,Juicy IPA,Specialøl,Specialøl,1,0,fl.,Netto,https://static.tilbudsugen.dk/1st-retail/2025/46/63858/Netto452025-1_23_2415x4730_4979x6846_zoom.jpg,2025-11-08,2025-11-14,https://res.cloudinary.com/dfqzmnlga/image/upload/v1762613789/2025-11-08/10808452.jpg
10808453,26.00,Yakima IPA,Specialøl,Specialøl,1,0,fl.,Netto,https://static.tilbudsugen.dk/1st-retail/2025/46/63858/Netto452025-1_23_2415x4730_4979x6846_zoom.jpg,2025-11-08,2025-11-14,https://res.cloudinary.com/dfqzmnlga/image/upload/v1762613790/2025-11-08/10808453.jpg
10808454,26.00,Saaz Blonde,Specialøl,Specialøl,1,0,fl.,Netto,https://static.tilbudsugen.dk/1st-retail/2025/46/63858/Netto452025-1_23_2415x4730_4979x6846_zoom.jpg,2025-11-08,2025-11-14,https://res.cloudinary.com/dfqzmnlga/image/upload/v1762613790/2025-11-08/10808454.jpg
10808458,26.00,D'Hiver Winter,Specialøl,Specialøl,1,0,fl.,Netto,https://static.tilbudsugen.dk/1st-retail/2025/46/63858/Netto452025-1_23_2415x4730_4979x6846_zoom.jpg,2025-11-08,2025-11-14,https://res.cloudinary.com/dfqzmnlga/image/upload/v1762613791/2025-11-08/10808458.jpg
10808459,26.00,Brassin De Noél,Specialøl,Specialøl,1,0,fl.,Netto,https://static.tilbudsugen.dk/1st-retail/2025/46/63858/Netto452025-1_23_2415x4730_4979x6846_zoom.jpg,2025-11-08,2025-11-14,https://res.cloudinary.com/dfqzmnlga/image/upload/v1762613792/2025-11-08/10808459.jpg
10806901,18.00,,Grønt,Cocktailtomater,1,0,bk.,Netto,https://static.tilbudsugen.dk/1st-retail/2025/46/63858/Netto452025-1_6_0x916_3708x2077_zoom.jpg,2025-11-08,2025-11-14,https://res.cloudinary.com/dfqzmnlga/image/upload/v1762613793/2025-11-08/10806901.jpg
10808467,12.00,Stella Artois,Specialøl,Specialøl,1,0,fl.,Netto,https://static.tilbudsugen.dk/1st-retail/2025/46/63858/Netto452025-1_23_19x4655_2465x6846_zoom.jpg,2025-11-08,2025-11-14,https://res.cloudinary.com/dfqzmnlga/image/upload/v1762613794/2025-11-08/10808467.jpg
10806807,25.00,A+,Vaskemiddel,Vaskemiddel-flydende,1,0,stk.,Netto,https://static.tilbudsugen.dk/1st-retail/2025/46/63858/Netto452025-1_2_2407x4609_4831x6865_zoom.jpg,2025-11-08,2025-11-14,https://res.cloudinary.com/dfqzmnlga/image/upload/v1762613795/2025-11-08/10806807.jpg
10807638,15.00,Kohberg,Sandwich & Toastbrød,Cafe Sandwich Surdej,1,0,ps.,Netto,https://static.tilbudsugen.dk/1st-retail/2025/46/63858/Netto452025-1_11_3336x4830_4944x6914_zoom.jpg,2025-11-08,2025-11-14,https://res.cloudinary.com/dfqzmnlga/image/upload/v1762613795/2025-11-08/10807638.jpg
10807263,15.00,Athena,Syrnet morgenmad,Græsk Yoghurt 10%,1,0,bg.,Netto,https://static.tilbudsugen.dk/1st-retail/2025/46/63858/Netto452025-1_9_945x4868_2510x6865_zoom.jpg,2025-11-08,2025-11-14,https://res.cloudinary.com/dfqzmnlga/image/upload/v1762613796/2025-11-08/10807263.jpg
10807158,15.00,Danpo,Kylling,Kyllingeoverlår,1,0,bk.,Netto,https://static.tilbudsugen.dk/1st-retail/2025/46/63858/Netto452025-1_8_43x2941_2542x4614_zoom.jpg,2025-11-08,2025-11-14,https://res.cloudinary.com/dfqzmnlga/image/upload/v1762613796/2025-11-08/10807158.jpg
10807626,15.00,Kohberg,Boller & Morgenbrød,Solskinsboller,1,0,ps.,Netto,https://static.tilbudsugen.dk/1st-retail/2025/46/63858/Netto452025-1_11_3336x4830_4944x6914_zoom.jpg,2025-11-08,2025-11-14,https://res.cloudinary.com/dfqzmnlga/image/upload/v1762613797/2025-11-08/10807626.jpg
10808381,59.00,,Argentinske vine,Argentinsk Rødvin,1,1,krt.,Netto,https://static.tilbudsugen.dk/1st-retail/2025/46/63858/Netto452025-1_22_2502x2477_4917x5311_zoom.jpg,2025-11-08,2025-11-14,https://res.cloudinary.com/dfqzmnlga/image/upload/v1762613797/2025-11-08/10808381.jpg
10808405,59.00,,Chilenske vine,Chilensk Rødvin,1,1,krt.,Netto,https://static.tilbudsugen.dk/1st-retail/2025/46/63858/Netto452025-1_22_2502x2477_4917x5311_zoom.jpg,2025-11-08,2025-11-14,https://res.cloudinary.com/dfqzmnlga/image/upload/v1762613798/2025-11-08/10808405.jpg
10808404,59.00,,Chilenske vine,Chilensk Hvidvin,1,1,krt.,Netto,https://static.tilbudsugen.dk/1st-retail/2025/46/63858/Netto452025-1_22_2502x2477_4917x5311_zoom.jpg,2025-11-08,2025-11-14,https://res.cloudinary.com/dfqzmnlga/image/upload/v1762613798/2025-11-08/10808404.jpg
10808479,10.00,Zero,Energi- Sports- & Vitamindrikke,Energidrik,1,0,ds.,Netto,https://static.tilbudsugen.dk/1st-retail/2025/46/63858/Netto452025-1_23_0x69_2490x2409_zoom.jpg,2025-11-08,2025-11-14,https://res.cloudinary.com/dfqzmnlga/image/upload/v1762613799/2025-11-08/10808479.jpg
10808480,10.00,Energy,Energi- Sports- & Vitamindrikke,Energidrik,1,0,ds.,Netto,https://static.tilbudsugen.dk/1st-retail/2025/46/63858/Netto452025-1_23_0x69_2490x2409_zoom.jpg,2025-11-08,2025-11-14,https://res.cloudinary.com/dfqzmnlga/image/upload/v1762613799/2025-11-08/10808480.jpg
10808474,10.00,The Apricot Edition,Energi- Sports- & Vitamindrikke,Energidrik,1,0,ds.,Netto,https://static.tilbudsugen.dk/1st-retail/2025/46/63858/Netto452025-1_23_0x69_2490x2409_zoom.jpg,2025-11-08,2025-11-14,https://res.cloudinary.com/dfqzmnlga/image/upload/v1762613800/2025-11-08/10808474.jpg
10808481,10.00,Sugarfree,Energi- Sports- & Vitamindrikke,Energidrik,1,0,ds.,Netto,https://static.tilbudsugen.dk/1st-retail/2025/46/63858/Netto452025-1_23_0x69_2490x2409_zoom.jpg,2025-11-08,2025-11-14,https://res.cloudinary.com/dfqzmnlga/image/upload/v1762613801/2025-11-08/10808481.jpg
10807258,20.00,Food To Go,Mellemmåltider,Proteindrik Chocolate Caramel,1,0,fl.,Netto,https://static.tilbudsugen.dk/1st-retail/2025/46/63858/Netto452025-1_9_2504x2881_4912x4819_zoom.jpg,2025-11-08,2025-11-14,https://res.cloudinary.com/dfqzmnlga/image/upload/v1762613801/2025-11-08/10807258.jpg
10807262,20.00,Food To Go,Mellemmåltider,Proteindrik Vanilla Hazelnut,1,0,fl.,Netto,https://static.tilbudsugen.dk/1st-retail/2025/46/63858/Netto452025-1_9_2504x2881_4912x4819_zoom.jpg,2025-11-08,2025-11-14,https://res.cloudinary.com/dfqzmnlga/image/upload/v1762613801/2025-11-08/10807262.jpg
10806362,10.00,Ama,Fedtstoffer,Smørbar,1,0,bg.,Netto,https://static.tilbudsugen.dk/1st-retail/2025/46/63858/Netto452025-1_1_2515x1850_4922x4128_zoom.jpg,2025-11-08,2025-11-14,https://res.cloudinary.com/dfqzmnlga/image/upload/v1762613802/2025-11-08/10806362.jpg
10808469,10.00,The Purple Edition,Energi- Sports- & Vitamindrikke,Energidrik,1,0,ds.,Netto,https://static.tilbudsugen.dk/1st-retail/2025/46/63858/Netto452025-1_23_0x69_2490x2409_zoom.jpg,2025-11-08,2025-11-14,https://res.cloudinary.com/dfqzmnlga/image/upload/v1762613802/2025-11-08/10808469.jpg
10808477,10.00,The Pink Edition,Energi- Sports- & Vitamindrikke,Energidrik,1,0,ds.,Netto,https://static.tilbudsugen.dk/1st-retail/2025/46/63858/Netto452025-1_23_0x69_2490x2409_zoom.jpg,2025-11-08,2025-11-14,https://res.cloudinary.com/dfqzmnlga/image/upload/v1762613803/2025-11-08/10808477.jpg
10808472,10.00,The Winter Edition,Energi- Sports- & Vitamindrikke,Energidrik,1,0,ds.,Netto,https://static.tilbudsugen.dk/1st-retail/2025/46/63858/Netto452025-1_23_0x69_2490x2409_zoom.jpg,2025-11-08,2025-11-14,https://res.cloudinary.com/dfqzmnlga/image/upload/v1762613803/2025-11-08/10808472.jpg
10808475,10.00,The Blue Edition,Energi- Sports- & Vitamindrikke,Energidrik,1,0,ds.,Netto,https://static.tilbudsugen.dk/1st-retail/2025/46/63858/Netto452025-1_23_0x69_2490x2409_zoom.jpg,2025-11-08,2025-11-14,https://res.cloudinary.com/dfqzmnlga/image/upload/v1762613804/2025-11-08/10808475.jpg
10808473,10.00,The Ice Edition,Energi- Sports- & Vitamindrikke,Energidrik,1,0,ds.,Netto,https://static.tilbudsugen.dk/1st-retail/2025/46/63858/Netto452025-1_23_0x69_2490x2409_zoom.jpg,2025-11-08,2025-11-14,https://res.cloudinary.com/dfqzmnlga/image/upload/v1762613805/2025-11-08/10808473.jpg
10808174,25.00,Tradizionale,Pizza Frost,Pizza Bases,1,0,pk.,Netto,https://static.tilbudsugen.dk/1st-retail/2025/46/63858/Netto452025-1_18_37x3975_2465x6852_zoom.jpg,2025-11-08,2025-11-14,https://res.cloudinary.com/dfqzmnlga/image/upload/v1762613805/2025-11-08/10808174.jpg
10808468,12.00,Apple,Ciders,Apple Cider,1,0,fl.,Netto,https://static.tilbudsugen.dk/1st-retail/2025/46/63858/Netto452025-1_23_19x4655_2465x6846_zoom.jpg,2025-11-08,2025-11-14,https://res.cloudinary.com/dfqzmnlga/image/upload/v1762613806/2025-11-08/10808468.jpg
10808463,12.00,Breezer,RTD,Lite Lemon RTD,1,0,fl.,Netto,https://static.tilbudsugen.dk/1st-retail/2025/46/63858/Netto452025-1_23_19x4655_2465x6846_zoom.jpg,2025-11-08,2025-11-14,https://res.cloudinary.com/dfqzmnlga/image/upload/v1762613806/2025-11-08/10808463.jpg
10808461,12.00,Breezer,RTD,Vibrant Raspberry & Yuzu RTD,1,0,fl.,Netto,https://static.tilbudsugen.dk/1st-retail/2025/46/63858/Netto452025-1_23_19x4655_2465x6846_zoom.jpg,2025-11-08,2025-11-14,https://res.cloudinary.com/dfqzmnlga/image/upload/v1762613807/2025-11-08/10808461.jpg
10808464,12.00,Breezer,RTD,Zesty Orange RTD,1,0,fl.,Netto,https://static.tilbudsugen.dk/1st-retail/2025/46/63858/Netto452025-1_23_19x4655_2465x6846_zoom.jpg,2025-11-08,2025-11-14,https://res.cloudinary.com/dfqzmnlga/image/upload/v1762613808/2025-11-08/10808464.jpg
10808466,12.00,Breezer,RTD,Sweet Pineapple RTD,1,0,fl.,Netto,https://static.tilbudsugen.dk/1st-retail/2025/46/63858/Netto452025-1_23_19x4655_2465x6846_zoom.jpg,2025-11-08,2025-11-14,https://res.cloudinary.com/dfqzmnlga/image/upload/v1762613809/2025-11-08/10808466.jpg
10808460,12.00,Breezer,RTD,Sweet Strawberry RTD,1,0,fl.,Netto,https://static.tilbudsugen.dk/1st-retail/2025/46/63858/Netto452025-1_23_19x4655_2465x6846_zoom.jpg,2025-11-08,2025-11-14,https://res.cloudinary.com/dfqzmnlga/image/upload/v1762613810/2025-11-08/10808460.jpg
10808139,22.00,ØGO,Dybfrost Kager & Tærter,Æbleskiver,1,0,ps.,Netto,https://static.tilbudsugen.dk/1st-retail/2025/46/63858/Netto452025-1_15_1660x193_3226x2459_zoom.jpg,2025-11-08,2025-11-14,https://res.cloudinary.com/dfqzmnlga/image/upload/v1762613811/2025-11-08/10808139.jpg
10808146,22.00,ØGO,Færdigretter Køl,Risengrød,1,0,pk.,Netto,https://static.tilbudsugen.dk/1st-retail/2025/46/63858/Netto452025-1_15_37x2165_2284x5535_zoom.jpg,2025-11-08,2025-11-14,https://res.cloudinary.com/dfqzmnlga/image/upload/v1762613811/2025-11-08/10808146.jpg
10808153,8.97,Hellmanns,Mayonnaise,Real Mayonnaise,1,0,gl.,Netto,https://static.tilbudsugen.dk/1st-retail/2025/46/63858/Netto452025-1_17_50x4337_2415x6852_zoom.jpg,2025-11-08,2025-11-14,https://res.cloudinary.com/dfqzmnlga/image/upload/v1762613812/2025-11-08/10808153.jpg
10808407,15.00,Strawberries & Cream,Sodavand,Cola,1,0,ds.,Netto,https://static.tilbudsugen.dk/1st-retail/2025/46/63858/Netto452025-1_23_2465x162_4998x2403_zoom.jpg,2025-11-08,2025-11-14,https://res.cloudinary.com/dfqzmnlga/image/upload/v1762613812/2025-11-08/10808407.jpg
10808427,15.00,Cream Soda ,Sodavand,Cola,1,0,ds.,Netto,https://static.tilbudsugen.dk/1st-retail/2025/46/63858/Netto452025-1_23_2465x162_4998x2403_zoom.jpg,2025-11-08,2025-11-14,https://res.cloudinary.com/dfqzmnlga/image/upload/v1762613813/2025-11-08/10808427.jpg
10808429,15.00,White Tea Peach Asiatisk,Sodavand,Cola,1,0,ds.,Netto,https://static.tilbudsugen.dk/1st-retail/2025/46/63858/Netto452025-1_23_2465x162_4998x2403_zoom.jpg,2025-11-08,2025-11-14,https://res.cloudinary.com/dfqzmnlga/image/upload/v1762613813/2025-11-08/10808429.jpg
10808444,15.00,Bamboo & Pomelo Asiatisk,Sodavand,Cola,1,0,ds.,Netto,https://static.tilbudsugen.dk/1st-retail/2025/46/63858/Netto452025-1_23_2465x162_4998x2403_zoom.jpg,2025-11-08,2025-11-14,https://res.cloudinary.com/dfqzmnlga/image/upload/v1762613814/2025-11-08/10808444.jpg
10807386,119.00,Premieur,Fjerkræ,And,1,2,pk.,Netto,https://static.tilbudsugen.dk/1st-retail/2025/46/63858/Netto452025-1_13_3195x4333_4901x6903_zoom.jpg,2025-11-08,2025-11-14,https://res.cloudinary.com/dfqzmnlga/image/upload/v1762613815/2025-11-08/10807386.jpg
10808379,35.00,,Italienske vine,Italiensk Rødvin,1,0,fl.,Netto,https://static.tilbudsugen.dk/1st-retail/2025/46/63858/Netto452025-1_22_81x780_1903x2864_zoom.jpg,2025-11-08,2025-11-14,https://res.cloudinary.com/dfqzmnlga/image/upload/v1762613816/2025-11-08/10808379.jpg
10807156,39.00,Rose,Kylling,Hakket kylling 7-10%,1,0,bk.,Netto,https://static.tilbudsugen.dk/1st-retail/2025/46/63858/Netto452025-1_8_11x26_2672x2266_zoom.jpg,2025-11-08,2025-11-14,https://res.cloudinary.com/dfqzmnlga/image/upload/v1762613816/2025-11-08/10807156.jpg
10808147,4.90,ØGO,Grønt,Champignon,1,0,bk.,Netto,https://static.tilbudsugen.dk/1st-retail/2025/46/63858/Netto452025-1_16_75x780_2552x3682_zoom.jpg,2025-11-08,2025-11-14,https://res.cloudinary.com/dfqzmnlga/image/upload/v1762613817/2025-11-08/10808147.jpg
10807136,24.95,Velsmag,Grisekød,Nakkefilet,1,0,bk.,Netto,https://static.tilbudsugen.dk/1st-retail/2025/46/63858/Netto452025-1_7_2915x2709_4933x4701_zoom.jpg,2025-11-08,2025-11-14,https://res.cloudinary.com/dfqzmnlga/image/upload/v1762613817/2025-11-08/10807136.jpg
10807162,15.00,Danpo,Kylling,Kyllingeunderlår,1,0,pk.,Netto,https://static.tilbudsugen.dk/1st-retail/2025/46/63858/Netto452025-1_8_43x2941_2542x4614_zoom.jpg,2025-11-08,2025-11-14,https://res.cloudinary.com/dfqzmnlga/image/upload/v1762613818/2025-11-08/10807162.jpg
10806363,10.00,Buko Smelte,Specialost,Smøreost Rejeost,1,0,bg.,Netto,https://static.tilbudsugen.dk/1st-retail/2025/46/63858/Netto452025-1_1_86x4182_2494x6725_zoom.jpg,2025-11-08,2025-11-14,https://res.cloudinary.com/dfqzmnlga/image/upload/v1762613819/2025-11-08/10806363.jpg
10807403,10.00,Ama,Fedtstoffer,Margarine-fast Bage,1,0,pk.,Netto,https://static.tilbudsugen.dk/1st-retail/2025/46/63858/Netto452025-1_1_2515x1850_4922x4128_zoom.jpg,2025-11-08,2025-11-14,https://res.cloudinary.com/dfqzmnlga/image/upload/v1762613820/2025-11-08/10807403.jpg
10806398,10.00,Buko Smelte,Specialost,Smøreost Baconost,1,0,bg.,Netto,https://static.tilbudsugen.dk/1st-retail/2025/46/63858/Netto452025-1_1_86x4182_2494x6725_zoom.jpg,2025-11-08,2025-11-14,https://res.cloudinary.com/dfqzmnlga/image/upload/v1762613820/2025-11-08/10806398.jpg
10806394,10.00,Buko Smelte,Specialost,Smøreost Rejeost 8%,1,0,bg.,Netto,https://static.tilbudsugen.dk/1st-retail/2025/46/63858/Netto452025-1_1_86x4182_2494x6725_zoom.jpg,2025-11-08,2025-11-14,https://res.cloudinary.com/dfqzmnlga/image/upload/v1762613820/2025-11-08/10806394.jpg
10806399,10.00,Buko Smelte,Specialost,Smøreost Krydderost,1,0,bg.,Netto,https://static.tilbudsugen.dk/1st-retail/2025/46/63858/Netto452025-1_1_86x4182_2494x6725_zoom.jpg,2025-11-08,2025-11-14,https://res.cloudinary.com/dfqzmnlga/image/upload/v1762613821/2025-11-08/10806399.jpg
10806396,10.00,Buko Smelte,Specialost,Smøreost Skinkeost,1,0,bg.,Netto,https://static.tilbudsugen.dk/1st-retail/2025/46/63858/Netto452025-1_1_86x4182_2494x6725_zoom.jpg,2025-11-08,2025-11-14,https://res.cloudinary.com/dfqzmnlga/image/upload/v1762613822/2025-11-08/10806396.jpg
10806397,10.00,Buko Smelte,Specialost,Smøreost Champignonost,1,0,bg.,Netto,https://static.tilbudsugen.dk/1st-retail/2025/46/63858/Netto452025-1_1_86x4182_2494x6725_zoom.jpg,2025-11-08,2025-11-14,https://res.cloudinary.com/dfqzmnlga/image/upload/v1762613823/2025-11-08/10806397.jpg
10807564,25.00,Velsmag,Grisekød,Hakket grisekød 8-12%,1,0,bk.,Netto,https://static.tilbudsugen.dk/1st-retail/2025/46/63858/Netto452025-1_7_2666x4614_4863x6876_zoom.jpg,2025-11-08,2025-11-14,https://res.cloudinary.com/dfqzmnlga/image/upload/v1762613823/2025-11-08/10807564.jpg
10807121,25.00,,Tørret Frugt,Figner,1,0,ps.,Netto,https://static.tilbudsugen.dk/1st-retail/2025/46/63858/Netto452025-1_6_54x4744_1889x6838_zoom.jpg,2025-11-08,2025-11-14,https://res.cloudinary.com/dfqzmnlga/image/upload/v1762613824/2025-11-08/10807121.jpg
10808249,25.00,Extra,Müsli & Granola,Classic Granola,1,0,ps.,Netto,https://static.tilbudsugen.dk/1st-retail/2025/46/63858/Netto452025-1_19_2452x4712_4948x6877_zoom.jpg,2025-11-08,2025-11-14,https://res.cloudinary.com/dfqzmnlga/image/upload/v1762613824/2025-11-08/10808249.jpg
10807145,25.00,Danish Crown,Oksekød,Gyros,1,0,bk.,Netto,https://static.tilbudsugen.dk/1st-retail/2025/46/63858/Netto452025-1_7_2666x4614_4863x6876_zoom.jpg,2025-11-08,2025-11-14,https://res.cloudinary.com/dfqzmnlga/image/upload/v1762613825/2025-11-08/10807145.jpg
10808282,25.00,Extra,Müsli & Granola,Choco & Nuts Granola,1,0,ps.,Netto,https://static.tilbudsugen.dk/1st-retail/2025/46/63858/Netto452025-1_19_2452x4712_4948x6877_zoom.jpg,2025-11-08,2025-11-14,https://res.cloudinary.com/dfqzmnlga/image/upload/v1762613825/2025-11-08/10808282.jpg
10807131,27.95,Velsmag,Grisekød,Hamburgerryg,1,0,bk.,Netto,https://static.tilbudsugen.dk/1st-retail/2025/46/63858/Netto452025-1_7_2850x301_4922x2779_zoom.jpg,2025-11-08,2025-11-14,https://res.cloudinary.com/dfqzmnlga/image/upload/v1762613826/2025-11-08/10807131.jpg
10790452,27.95,Velsmag,Grisekød,Hamburgerryg,1,0,bk.,Netto,https://static.tilbudsugen.dk/1st-retail/2025/45/63794/Netto442025-1_16_2823x4857_4944x6919_zoom.jpg,2025-11-01,2025-11-30,https://res.cloudinary.com/dfqzmnlga/image/upload/v1762613826/2025-11-08/10790452.jpg
10790453,27.95,Velsmag,Grisekød,Bacon,1,0,pk.,Netto,https://static.tilbudsugen.dk/1st-retail/2025/45/63794/Netto442025-1_16_2823x4857_4944x6919_zoom.jpg,2025-11-01,2025-11-30,https://res.cloudinary.com/dfqzmnlga/image/upload/v1762613827/2025-11-08/10790453.jpg
10807133,27.95,Velsmag,Grisekød,Bacon,1,0,pk.,Netto,https://static.tilbudsugen.dk/1st-retail/2025/46/63858/Netto452025-1_7_2850x301_4922x2779_zoom.jpg,2025-11-08,2025-11-14,https://res.cloudinary.com/dfqzmnlga/image/upload/v1762613827/2025-11-08/10807133.jpg
10806880,14.00,Premieur,Ciabatta & Flutes,Baguettes,1,0,pk.,Netto,https://static.tilbudsugen.dk/1st-retail/2025/46/63858/Netto452025-1_5_3697x1418_4901x3054_zoom.jpg,2025-11-08,2025-11-14,https://res.cloudinary.com/dfqzmnlga/image/upload/v1762613828/2025-11-08/10806880.jpg
10807314,10.00,Tjia,Pålægssalat,Hytteostsalat Tun,1,0,bg.,Netto,https://static.tilbudsugen.dk/1st-retail/2025/46/63858/Netto452025-1_11_11x2498_2402x4916_zoom.jpg,2025-11-08,2025-11-14,https://res.cloudinary.com/dfqzmnlga/image/upload/v1762613828/2025-11-08/10807314.jpg
10807611,10.00,Tjia,Pålægssalat,Hytteostsalat Skinke,1,0,bg.,Netto,https://static.tilbudsugen.dk/1st-retail/2025/46/63858/Netto452025-1_11_11x2498_2402x4916_zoom.jpg,2025-11-08,2025-11-14,https://res.cloudinary.com/dfqzmnlga/image/upload/v1762613829/2025-11-08/10807611.jpg
10807615,10.00,Tjia,Pålægssalat,Hytteostsalat Tomater,1,0,bg.,Netto,https://static.tilbudsugen.dk/1st-retail/2025/46/63858/Netto452025-1_11_11x2498_2402x4916_zoom.jpg,2025-11-08,2025-11-14,https://res.cloudinary.com/dfqzmnlga/image/upload/v1762613830/2025-11-08/10807615.jpg
10807622,10.00,Tjia,Pålægssalat,Hytteostsalat Laks,1,0,bg.,Netto,https://static.tilbudsugen.dk/1st-retail/2025/46/63858/Netto452025-1_11_11x2498_2402x4916_zoom.jpg,2025-11-08,2025-11-14,https://res.cloudinary.com/dfqzmnlga/image/upload/v1762613830/2025-11-08/10807622.jpg
10807623,10.00,Tjia,Pålægssalat,Hytteostsalat Kylling og Karry,1,0,bg.,Netto,https://static.tilbudsugen.dk/1st-retail/2025/46/63858/Netto452025-1_11_11x2498_2402x4916_zoom.jpg,2025-11-08,2025-11-14,https://res.cloudinary.com/dfqzmnlga/image/upload/v1762613831/2025-11-08/10807623.jpg
10808142,16.00,ØGO,Marmelade,Solbærmarmelade,1,0,gl.,Netto,https://static.tilbudsugen.dk/1st-retail/2025/46/63858/Netto452025-1_15_3232x119_4973x2496_zoom.jpg,2025-11-08,2025-11-14,https://res.cloudinary.com/dfqzmnlga/image/upload/v1762613831/2025-11-08/10808142.jpg
10808140,16.00,ØGO,Marmelade,Hindbærmarmelade,1,0,gl.,Netto,https://static.tilbudsugen.dk/1st-retail/2025/46/63858/Netto452025-1_15_3232x119_4973x2496_zoom.jpg,2025-11-08,2025-11-14,https://res.cloudinary.com/dfqzmnlga/image/upload/v1762613832/2025-11-08/10808140.jpg
10808141,16.00,ØGO,Marmelade,Jordbærmarmelade,1,0,gl.,Netto,https://static.tilbudsugen.dk/1st-retail/2025/46/63858/Netto452025-1_15_3232x119_4973x2496_zoom.jpg,2025-11-08,2025-11-14,https://res.cloudinary.com/dfqzmnlga/image/upload/v1762613832/2025-11-08/10808141.jpg
10807569,18.00,Velsmag,Grisekød,Flæsk i skiver,1,0,bk.,Netto,https://static.tilbudsugen.dk/1st-retail/2025/46/63858/Netto452025-1_8_2553x2935_4928x4711_zoom.jpg,2025-11-08,2025-11-14,https://res.cloudinary.com/dfqzmnlga/image/upload/v1762613833/2025-11-08/10807569.jpg
10807278,12.00,Arla Protein,Mellemmåltider,Banoffee Pie Mousse,1,0,bg.,Netto,https://static.tilbudsugen.dk/1st-retail/2025/46/63858/Netto452025-1_9_2526x4873_4976x6903_zoom.jpg,2025-11-08,2025-11-14,https://res.cloudinary.com/dfqzmnlga/image/upload/v1762613834/2025-11-08/10807278.jpg
10807342,12.00,ØGO,Postej og Paté,Leverpostej,1,0,pk.,Netto,https://static.tilbudsugen.dk/1st-retail/2025/46/63858/Netto452025-1_11_1700x4922_3298x6887_zoom.jpg,2025-11-08,2025-11-14,https://res.cloudinary.com/dfqzmnlga/image/upload/v1762613834/2025-11-08/10807342.jpg
10807273,12.00,Arla Protein,Mellemmåltider,Chocolate Fudge Flavour Mousse,1,0,bg.,Netto,https://static.tilbudsugen.dk/1st-retail/2025/46/63858/Netto452025-1_9_2526x4873_4976x6903_zoom.jpg,2025-11-08,2025-11-14,https://res.cloudinary.com/dfqzmnlga/image/upload/v1762613835/2025-11-08/10807273.jpg
10807340,12.00,ØGO,Postej og Paté,Kyllingeleverpostej,1,0,pk.,Netto,https://static.tilbudsugen.dk/1st-retail/2025/46/63858/Netto452025-1_11_1700x4922_3298x6887_zoom.jpg,2025-11-08,2025-11-14,https://res.cloudinary.com/dfqzmnlga/image/upload/v1762613836/2025-11-08/10807340.jpg
10808271,25.00,Extra,Müsli & Granola,Fruit & Nut Granola,1,0,ps.,Netto,https://static.tilbudsugen.dk/1st-retail/2025/46/63858/Netto452025-1_19_2452x4712_4948x6877_zoom.jpg,2025-11-08,2025-11-14,https://res.cloudinary.com/dfqzmnlga/image/upload/v1762613836/2025-11-08/10808271.jpg
10808515,25.00,Respons,Shampoo,Shampoo,1,0,fl.,Netto,https://static.tilbudsugen.dk/1st-retail/2025/46/63858/Netto452025-1_24_50x2540_2577x4712_zoom.jpg,2025-11-08,2025-11-14,https://res.cloudinary.com/dfqzmnlga/image/upload/v1762613837/2025-11-08/10808515.jpg
10807347,25.00,Steff Houlberg,300 g - 599 g Normalpakke Pølser,Grillpølser,1,0,pk.,Netto,https://static.tilbudsugen.dk/1st-retail/2025/46/63858/Netto452025-1_12_2537x862_4939x2984_zoom.jpg,2025-11-08,2025-11-14,https://res.cloudinary.com/dfqzmnlga/image/upload/v1762613838/2025-11-08/10807347.jpg
10808517,25.00,Respons,Balsam,Balsam,1,0,fl.,Netto,https://static.tilbudsugen.dk/1st-retail/2025/46/63858/Netto452025-1_24_50x2540_2577x4712_zoom.jpg,2025-11-08,2025-11-14,https://res.cloudinary.com/dfqzmnlga/image/upload/v1762613838/2025-11-08/10808517.jpg
10808159,25.00,Næmt,Færdigretter Frost,Pølsehorn,1,0,ps.,Netto,https://static.tilbudsugen.dk/1st-retail/2025/46/63858/Netto452025-1_18_2446x4106_4929x6852_zoom.jpg,2025-11-08,2025-11-14,https://res.cloudinary.com/dfqzmnlga/image/upload/v1762613838/2025-11-08/10808159.jpg
10808160,25.00,Næmt,Færdigretter Frost,Pizzasnegle,1,0,ps.,Netto,https://static.tilbudsugen.dk/1st-retail/2025/46/63858/Netto452025-1_18_2446x4106_4929x6852_zoom.jpg,2025-11-08,2025-11-14,https://res.cloudinary.com/dfqzmnlga/image/upload/v1762613839/2025-11-08/10808160.jpg
10806903,10.00,Gestus,Tørret Frugt,Dadler,1,0,bk.,Netto,https://static.tilbudsugen.dk/1st-retail/2025/46/63858/Netto452025-1_6_59x2082_2407x3578_zoom.jpg,2025-11-08,2025-11-14,https://res.cloudinary.com/dfqzmnlga/image/upload/v1762613840/2025-11-08/10806903.jpg
10808169,25.00,Tradizionale,Pizza Frost,Pancetta Delicata Pizza,1,0,stk.,Netto,https://static.tilbudsugen.dk/1st-retail/2025/46/63858/Netto452025-1_18_37x3975_2465x6852_zoom.jpg,2025-11-08,2025-11-14,https://res.cloudinary.com/dfqzmnlga/image/upload/v1762613842/2025-11-08/10808169.jpg
10808162,25.00,Tradizionale,Pizza Frost,Mozzarella e Pesto Pizza,1,0,stk.,Netto,https://static.tilbudsugen.dk/1st-retail/2025/46/63858/Netto452025-1_18_37x3975_2465x6852_zoom.jpg,2025-11-08,2025-11-14,https://res.cloudinary.com/dfqzmnlga/image/upload/v1762613843/2025-11-08/10808162.jpg
10808172,25.00,Tradizionale,Pizza Frost,Salame Romano Pizza,1,0,stk.,Netto,https://static.tilbudsugen.dk/1st-retail/2025/46/63858/Netto452025-1_18_37x3975_2465x6852_zoom.jpg,2025-11-08,2025-11-14,https://res.cloudinary.com/dfqzmnlga/image/upload/v1762613844/2025-11-08/10808172.jpg
10808392,49.00,,Sydafrikanske vine,Sydafrikansk Hvidvin,1,0,fl.,Netto,https://static.tilbudsugen.dk/1st-retail/2025/46/63858/Netto452025-1_22_56x2914_2483x5173_zoom.jpg,2025-11-08,2025-11-14,https://res.cloudinary.com/dfqzmnlga/image/upload/v1762613845/2025-11-08/10808392.jpg
10808394,49.00,,Italienske vine,Italiensk Hvidvin,1,0,fl.,Netto,https://static.tilbudsugen.dk/1st-retail/2025/46/63858/Netto452025-1_22_56x2914_2483x5173_zoom.jpg,2025-11-08,2025-11-14,https://res.cloudinary.com/dfqzmnlga/image/upload/v1762613845/2025-11-08/10808394.jpg
10808393,49.00,,Sydafrikanske vine,Sydafrikansk Rødvin,1,0,fl.,Netto,https://static.tilbudsugen.dk/1st-retail/2025/46/63858/Netto452025-1_22_56x2914_2483x5173_zoom.jpg,2025-11-08,2025-11-14,https://res.cloudinary.com/dfqzmnlga/image/upload/v1762613846/2025-11-08/10808393.jpg
10808391,49.00,,Italienske vine,Italiensk Rødvin,1,0,fl.,Netto,https://static.tilbudsugen.dk/1st-retail/2025/46/63858/Netto452025-1_22_56x2914_2483x5173_zoom.jpg,2025-11-08,2025-11-14,https://res.cloudinary.com/dfqzmnlga/image/upload/v1762613847/2025-11-08/10808391.jpg
10808388,49.00,,Italienske vine,Italiensk Hvidvin,1,0,fl.,Netto,https://static.tilbudsugen.dk/1st-retail/2025/46/63858/Netto452025-1_22_56x2914_2483x5173_zoom.jpg,2025-11-08,2025-11-14,https://res.cloudinary.com/dfqzmnlga/image/upload/v1762613847/2025-11-08/10808388.jpg
10808395,49.00,,Italienske vine,Italiensk Rødvin,1,0,fl.,Netto,https://static.tilbudsugen.dk/1st-retail/2025/46/63858/Netto452025-1_22_56x2914_2483x5173_zoom.jpg,2025-11-08,2025-11-14,https://res.cloudinary.com/dfqzmnlga/image/upload/v1762613848/2025-11-08/10808395.jpg
10808335,20.00,Galbusera,Småkager,Granola Cookies,1,0,ps.,Netto,https://static.tilbudsugen.dk/1st-retail/2025/46/63858/Netto452025-1_21_2377x2846_4998x5155_zoom.jpg,2025-11-08,2025-11-14,https://res.cloudinary.com/dfqzmnlga/image/upload/v1762613850/2025-11-08/10808335.jpg
10806533,10.00,La Campagna,Postej og Paté,Paté Hvidløg,1,0,stk.,Netto,https://static.tilbudsugen.dk/1st-retail/2025/46/63858/Netto452025-1_1_2510x4107_4885x6730_zoom.jpg,2025-11-08,2025-11-14,https://res.cloudinary.com/dfqzmnlga/image/upload/v1762613850/2025-11-08/10806533.jpg
10806803,20.00,Bistronne,Fjerkræ,Kyllingekebab,1,0,ps.,Netto,https://static.tilbudsugen.dk/1st-retail/2025/46/63858/Netto452025-1_2_2429x2428_4922x4647_zoom.jpg,2025-11-08,2025-11-14,https://res.cloudinary.com/dfqzmnlga/image/upload/v1762613851/2025-11-08/10806803.jpg
10807651,19.00,Løgismose,Saucer,Andesauce,1,0,bg.,Netto,https://static.tilbudsugen.dk/1st-retail/2025/46/63858/Netto452025-1_12_54x900_2488x2919_zoom.jpg,2025-11-08,2025-11-14,https://res.cloudinary.com/dfqzmnlga/image/upload/v1762613851/2025-11-08/10807651.jpg
10807312,26.00,Skagen Fiskerestaurant,Fisk og skaldyr Køl,Fiskefrikadeller,1,0,pk.,Netto,https://static.tilbudsugen.dk/1st-retail/2025/46/63858/Netto452025-1_11_2413x857_4939x2925_zoom.jpg,2025-11-08,2025-11-14,https://res.cloudinary.com/dfqzmnlga/image/upload/v1762613852/2025-11-08/10807312.jpg
10807494,12.00,Taffel,Snacks,Sticks,1,0,ps.,Netto,https://static.tilbudsugen.dk/1st-retail/2025/46/63858/Netto452025-1_3_5x393_2526x3464_zoom.jpg,2025-11-08,2025-11-14,https://res.cloudinary.com/dfqzmnlga/image/upload/v1762613853/2025-11-08/10807494.jpg
10807496,12.00,Taffel,Chips,Texas Style Barbecue Chips,1,0,ps.,Netto,https://static.tilbudsugen.dk/1st-retail/2025/46/63858/Netto452025-1_3_5x393_2526x3464_zoom.jpg,2025-11-08,2025-11-14,https://res.cloudinary.com/dfqzmnlga/image/upload/v1762613854/2025-11-08/10807496.jpg
10807500,12.00,Taffel,Chips,Original Chips,1,0,ps.,Netto,https://static.tilbudsugen.dk/1st-retail/2025/46/63858/Netto452025-1_3_5x393_2526x3464_zoom.jpg,2025-11-08,2025-11-14,https://res.cloudinary.com/dfqzmnlga/image/upload/v1762613855/2025-11-08/10807500.jpg
10806811,12.00,Taffel,Chips,Dild Chips,1,0,ps.,Netto,https://static.tilbudsugen.dk/1st-retail/2025/46/63858/Netto452025-1_3_5x393_2526x3464_zoom.jpg,2025-11-08,2025-11-14,https://res.cloudinary.com/dfqzmnlga/image/upload/v1762613855/2025-11-08/10806811.jpg
10808359,16.00,Fintons,Småkager,Rainbow Cookies,1,0,pk.,Netto,https://static.tilbudsugen.dk/1st-retail/2025/46/63858/Netto452025-1_21_1916x5130_4998x6889_zoom.jpg,2025-11-08,2025-11-14,https://res.cloudinary.com/dfqzmnlga/image/upload/v1762613856/2025-11-08/10808359.jpg
10807350,25.00,Steff Houlberg,300 g - 599 g Normalpakke Pølser,Bayerske Pølser,1,0,pk.,Netto,https://static.tilbudsugen.dk/1st-retail/2025/46/63858/Netto452025-1_12_2537x862_4939x2984_zoom.jpg,2025-11-08,2025-11-14,https://res.cloudinary.com/dfqzmnlga/image/upload/v1762613856/2025-11-08/10807350.jpg
10807351,25.00,Steff Houlberg,300 g - 599 g Normalpakke Pølser,Hotdogpølser,1,0,pk.,Netto,https://static.tilbudsugen.dk/1st-retail/2025/46/63858/Netto452025-1_12_2537x862_4939x2984_zoom.jpg,2025-11-08,2025-11-14,https://res.cloudinary.com/dfqzmnlga/image/upload/v1762613857/2025-11-08/10807351.jpg
10807352,25.00,Steff Houlberg,300 g - 599 g Normalpakke Pølser,Grillpølser med ost,1,0,pk.,Netto,https://static.tilbudsugen.dk/1st-retail/2025/46/63858/Netto452025-1_12_2537x862_4939x2984_zoom.jpg,2025-11-08,2025-11-14,https://res.cloudinary.com/dfqzmnlga/image/upload/v1762613857/2025-11-08/10807352.jpg
10806884,29.00,Rahbek,Fisk,Fiskefileter,1,0,ps.,Netto,https://static.tilbudsugen.dk/1st-retail/2025/46/63858/Netto452025-1_5_1285x3405_2515x4992_zoom.jpg,2025-11-08,2025-11-14,https://res.cloudinary.com/dfqzmnlga/image/upload/v1762613858/2025-11-08/10806884.jpg
10807308,22.00,Philadelphia,Specialost,Flødeost Original,1,0,bg.,Netto,https://static.tilbudsugen.dk/1st-retail/2025/46/63858/Netto452025-1_10_1738x4760_3368x6865_zoom.jpg,2025-11-08,2025-11-14,https://res.cloudinary.com/dfqzmnlga/image/upload/v1762613858/2025-11-08/10807308.jpg
10807305,22.00,Philadelphia,Specialost,Flødeost Light,1,0,bg.,Netto,https://static.tilbudsugen.dk/1st-retail/2025/46/63858/Netto452025-1_10_1738x4760_3368x6865_zoom.jpg,2025-11-08,2025-11-14,https://res.cloudinary.com/dfqzmnlga/image/upload/v1762613859/2025-11-08/10807305.jpg
10807307,22.00,Philadelphia,Specialost,Flødeost Hvidløg & Urter,1,0,bg.,Netto,https://static.tilbudsugen.dk/1st-retail/2025/46/63858/Netto452025-1_10_1738x4760_3368x6865_zoom.jpg,2025-11-08,2025-11-14,https://res.cloudinary.com/dfqzmnlga/image/upload/v1762613860/2025-11-08/10807307.jpg
10808144,55.00,Blossa,Gløgg,Gløgg,1,0,fl.,Netto,https://static.tilbudsugen.dk/1st-retail/2025/46/63858/Netto452025-1_15_1591x4674_3313x6858_zoom.jpg,2025-11-08,2025-11-14,https://res.cloudinary.com/dfqzmnlga/image/upload/v1762613860/2025-11-08/10808144.jpg
10806841,15.00,Kærgården,Fedtstoffer,Smørbar,1,0,bg.,Netto,https://static.tilbudsugen.dk/1st-retail/2025/46/63858/Netto452025-1_4_2504x1100_4896x3513_zoom.jpg,2025-11-08,2025-11-14,https://res.cloudinary.com/dfqzmnlga/image/upload/v1762613861/2025-11-08/10806841.jpg
10806847,15.00,Kærgården,Fedtstoffer,Smørbar Let,1,0,bg.,Netto,https://static.tilbudsugen.dk/1st-retail/2025/46/63858/Netto452025-1_4_2504x1100_4896x3513_zoom.jpg,2025-11-08,2025-11-14,https://res.cloudinary.com/dfqzmnlga/image/upload/v1762613861/2025-11-08/10806847.jpg
10807429,9.00,Click Mix,Slik,Slikposer,1,0,ps.,Netto,https://static.tilbudsugen.dk/1st-retail/2025/46/63858/Netto452025-1_2_54x91_2337x2422_zoom.jpg,2025-11-08,2025-11-14,https://res.cloudinary.com/dfqzmnlga/image/upload/v1762613862/2025-11-08/10807429.jpg
10807449,9.00,Click Mix Sour,Slik,Slikposer,1,0,ps.,Netto,https://static.tilbudsugen.dk/1st-retail/2025/46/63858/Netto452025-1_2_54x91_2337x2422_zoom.jpg,2025-11-08,2025-11-14,https://res.cloudinary.com/dfqzmnlga/image/upload/v1762613863/2025-11-08/10807449.jpg
10807446,9.00,Top Star Mix,Slik,Slikposer,1,0,ps.,Netto,https://static.tilbudsugen.dk/1st-retail/2025/46/63858/Netto452025-1_2_54x91_2337x2422_zoom.jpg,2025-11-08,2025-11-14,https://res.cloudinary.com/dfqzmnlga/image/upload/v1762613864/2025-11-08/10807446.jpg
10807436,9.00,Matador Mix,Slik,Slikposer,1,0,ps.,Netto,https://static.tilbudsugen.dk/1st-retail/2025/46/63858/Netto452025-1_2_54x91_2337x2422_zoom.jpg,2025-11-08,2025-11-14,https://res.cloudinary.com/dfqzmnlga/image/upload/v1762613864/2025-11-08/10807436.jpg
10807451,9.00,Stjernemix,Slik,Slikposer,1,0,ps.,Netto,https://static.tilbudsugen.dk/1st-retail/2025/46/63858/Netto452025-1_2_54x91_2337x2422_zoom.jpg,2025-11-08,2025-11-14,https://res.cloudinary.com/dfqzmnlga/image/upload/v1762613865/2025-11-08/10807451.jpg
10806560,9.00,Peaches,Slik,Slikposer,1,0,ps.,Netto,https://static.tilbudsugen.dk/1st-retail/2025/46/63858/Netto452025-1_2_54x91_2337x2422_zoom.jpg,2025-11-08,2025-11-14,https://res.cloudinary.com/dfqzmnlga/image/upload/v1762613865/2025-11-08/10806560.jpg
10807437,9.00,Pixel,Slik,Slikpose Zourr,1,0,ps.,Netto,https://static.tilbudsugen.dk/1st-retail/2025/46/63858/Netto452025-1_2_54x91_2337x2422_zoom.jpg,2025-11-08,2025-11-14,https://res.cloudinary.com/dfqzmnlga/image/upload/v1762613866/2025-11-08/10807437.jpg
10807647,19.00,Løgismose,Saucer,Bearnaisesauce,1,0,bg.,Netto,https://static.tilbudsugen.dk/1st-retail/2025/46/63858/Netto452025-1_12_54x900_2488x2919_zoom.jpg,2025-11-08,2025-11-14,https://res.cloudinary.com/dfqzmnlga/image/upload/v1762613867/2025-11-08/10807647.jpg
10807586,69.00,Velsmag,Kalve- og grisekød,Hakket kalv og grisekød 4-7%,1,0,bk.,Netto,https://static.tilbudsugen.dk/1st-retail/2025/46/63858/Netto452025-1_8_2483x4663_4890x6903_zoom.jpg,2025-11-08,2025-11-14,https://res.cloudinary.com/dfqzmnlga/image/upload/v1762613868/2025-11-08/10807586.jpg
10807359,39.00,Jensens,Færdigretter Køl,Spareribs,1,0,pk.,Netto,https://static.tilbudsugen.dk/1st-retail/2025/46/63858/Netto452025-1_12_124x4841_2396x6968_zoom.jpg,2025-11-08,2025-11-14,https://res.cloudinary.com/dfqzmnlga/image/upload/v1762613868/2025-11-08/10807359.jpg
10807362,39.00,Jensens,Færdigretter Køl,Pulled Pork,1,0,pk.,Netto,https://static.tilbudsugen.dk/1st-retail/2025/46/63858/Netto452025-1_12_124x4841_2396x6968_zoom.jpg,2025-11-08,2025-11-14,https://res.cloudinary.com/dfqzmnlga/image/upload/v1762613869/2025-11-08/10807362.jpg
10807149,39.00,Rose,Kylling,Kyllingebrystfilet,1,0,bk.,Netto,https://static.tilbudsugen.dk/1st-retail/2025/46/63858/Netto452025-1_8_11x26_2672x2266_zoom.jpg,2025-11-08,2025-11-14,https://res.cloudinary.com/dfqzmnlga/image/upload/v1762613869/2025-11-08/10807149.jpg
10808158,25.00,Næmt,Færdigretter Frost,Mini Focaccia,1,0,ps.,Netto,https://static.tilbudsugen.dk/1st-retail/2025/46/63858/Netto452025-1_18_2446x4106_4929x6852_zoom.jpg,2025-11-08,2025-11-14,https://res.cloudinary.com/dfqzmnlga/image/upload/v1762613870/2025-11-08/10808158.jpg
10808161,25.00,Næmt,Færdigretter Frost,Kyllinge Pølsehorn,1,0,ps.,Netto,https://static.tilbudsugen.dk/1st-retail/2025/46/63858/Netto452025-1_18_2446x4106_4929x6852_zoom.jpg,2025-11-08,2025-11-14,https://res.cloudinary.com/dfqzmnlga/image/upload/v1762613870/2025-11-08/10808161.jpg
10808263,15.00,Max,Chips,Sour Cream & Onion Chips,1,0,ps.,Netto,https://static.tilbudsugen.dk/1st-retail/2025/46/63858/Netto452025-1_19_2421x2521_4886x4649_zoom.jpg,2025-11-08,2025-11-14,https://res.cloudinary.com/dfqzmnlga/image/upload/v1762613871/2025-11-08/10808263.jpg
10807443,9.00,Maoam,Slik,Karameller,1,0,pk.,Netto,https://static.tilbudsugen.dk/1st-retail/2025/46/63858/Netto452025-1_2_54x91_2337x2422_zoom.jpg,2025-11-08,2025-11-14,https://res.cloudinary.com/dfqzmnlga/image/upload/v1762613871/2025-11-08/10807443.jpg
10807166,60.00,Dansk Landkylling,Kylling,Kyllingebrystfilet,1,0,bk.,Netto,https://static.tilbudsugen.dk/1st-retail/2025/46/63858/Netto452025-1_8_65x4722_2472x6903_zoom.jpg,2025-11-08,2025-11-14,https://res.cloudinary.com/dfqzmnlga/image/upload/v1762613872/2025-11-08/10807166.jpg
10807357,29.00,Løgismose,"Suppe, Boullion & Fond",Kartoffel Jordskoksuppe,1,0,stk.,Netto,https://static.tilbudsugen.dk/1st-retail/2025/46/63858/Netto452025-1_12_2526x2968_4874x4911_zoom.jpg,2025-11-08,2025-11-14,https://res.cloudinary.com/dfqzmnlga/image/upload/v1762613872/2025-11-08/10807357.jpg
10807355,29.00,Løgismose,"Suppe, Boullion & Fond",Tomatsuppe,1,0,stk.,Netto,https://static.tilbudsugen.dk/1st-retail/2025/46/63858/Netto452025-1_12_2526x2968_4874x4911_zoom.jpg,2025-11-08,2025-11-14,https://res.cloudinary.com/dfqzmnlga/image/upload/v1762613873/2025-11-08/10807355.jpg
10808260,15.00,Bugles,Snacks,Bugles nacho cheese,1,0,ps.,Netto,https://static.tilbudsugen.dk/1st-retail/2025/46/63858/Netto452025-1_19_2421x2521_4886x4649_zoom.jpg,2025-11-08,2025-11-14,https://res.cloudinary.com/dfqzmnlga/image/upload/v1762613873/2025-11-08/10808260.jpg
10807353,25.00,Egelykke,Bacon,Baconskiver,1,0,pk.,Netto,https://static.tilbudsugen.dk/1st-retail/2025/46/63858/Netto452025-1_12_43x2898_2488x4911_zoom.jpg,2025-11-08,2025-11-14,https://res.cloudinary.com/dfqzmnlga/image/upload/v1762613874/2025-11-08/10807353.jpg
10807491,25.00,Dun-let,Vaskemiddel,Tekstilspray,1,0,stk.,Netto,https://static.tilbudsugen.dk/1st-retail/2025/46/63858/Netto452025-1_2_2407x4609_4831x6865_zoom.jpg,2025-11-08,2025-11-14,https://res.cloudinary.com/dfqzmnlga/image/upload/v1762613875/2025-11-08/10807491.jpg
10808262,15.00,Bugles,Snacks,Bugles Original,1,0,ps.,Netto,https://static.tilbudsugen.dk/1st-retail/2025/46/63858/Netto452025-1_19_2421x2521_4886x4649_zoom.jpg,2025-11-08,2025-11-14,https://res.cloudinary.com/dfqzmnlga/image/upload/v1762613875/2025-11-08/10808262.jpg
10808243,13.00,Sereno,Snacknødder & Nøddeblandinger,Sweet & Salty Mix Roasted,1,0,bg.,Netto,https://static.tilbudsugen.dk/1st-retail/2025/46/63858/Netto452025-1_19_2583x262_4879x2471_zoom.jpg,2025-11-08,2025-11-14,https://res.cloudinary.com/dfqzmnlga/image/upload/v1762613876/2025-11-08/10808243.jpg
10809290,13.00,Sereno,Snacknødder & Nøddeblandinger,Spicy Mix Roasted,1,0,bg.,Netto,https://static.tilbudsugen.dk/1st-retail/2025/46/63858/Netto452025-1_19_2458x262_4998x2452_zoom.jpg,2025-11-08,2025-11-14,https://res.cloudinary.com/dfqzmnlga/image/upload/v1762613877/2025-11-08/10809290.jpg
10809291,13.00,Sereno,Snacknødder & Nøddeblandinger,Salty Mix Roasted,1,0,bg.,Netto,https://static.tilbudsugen.dk/1st-retail/2025/46/63858/Netto452025-1_19_2458x262_4998x2452_zoom.jpg,2025-11-08,2025-11-14,https://res.cloudinary.com/dfqzmnlga/image/upload/v1762613877/2025-11-08/10809291.jpg
10808244,13.00,Sereno,Snacknødder & Nøddeblandinger,Spicy Mix Roasted,1,0,bg.,Netto,https://static.tilbudsugen.dk/1st-retail/2025/46/63858/Netto452025-1_19_2583x262_4879x2471_zoom.jpg,2025-11-08,2025-11-14,https://res.cloudinary.com/dfqzmnlga/image/upload/v1762613878/2025-11-08/10808244.jpg
10808245,13.00,Sereno,Snacknødder & Nøddeblandinger,Salty Mix Roasted,1,0,bg.,Netto,https://static.tilbudsugen.dk/1st-retail/2025/46/63858/Netto452025-1_19_2583x262_4879x2471_zoom.jpg,2025-11-08,2025-11-14,https://res.cloudinary.com/dfqzmnlga/image/upload/v1762613879/2025-11-08/10808245.jpg
10809289,13.00,Sereno,Snacknødder & Nøddeblandinger,Sweet & Salty Mix Roasted,1,0,bg.,Netto,https://static.tilbudsugen.dk/1st-retail/2025/46/63858/Netto452025-1_19_2458x262_4998x2452_zoom.jpg,2025-11-08,2025-11-14,https://res.cloudinary.com/dfqzmnlga/image/upload/v1762613880/2025-11-08/10809289.jpg
10807304,17.00,Puck,Madlavningsost,Salatost,1,0,stk.,Netto,https://static.tilbudsugen.dk/1st-retail/2025/46/63858/Netto452025-1_10_76x4733_1700x6865_zoom.jpg,2025-11-08,2025-11-14,https://res.cloudinary.com/dfqzmnlga/image/upload/v1762613881/2025-11-08/10807304.jpg
10808266,15.00,Lays,Chips,Saltede Chips,1,0,ps.,Netto,https://static.tilbudsugen.dk/1st-retail/2025/46/63858/Netto452025-1_19_2421x2521_4886x4649_zoom.jpg,2025-11-08,2025-11-14,https://res.cloudinary.com/dfqzmnlga/image/upload/v1762613881/2025-11-08/10808266.jpg
10808265,15.00,Lays,Chips,Barbecue Flavour Chips,1,0,ps.,Netto,https://static.tilbudsugen.dk/1st-retail/2025/46/63858/Netto452025-1_19_2421x2521_4886x4649_zoom.jpg,2025-11-08,2025-11-14,https://res.cloudinary.com/dfqzmnlga/image/upload/v1762613882/2025-11-08/10808265.jpg
10807309,95.00,Grønnelund,Skæreost,Skæreost Guld Mellemlagret,1,1,stk.,Netto,https://static.tilbudsugen.dk/1st-retail/2025/46/63858/Netto452025-1_10_3330x2887_4912x6914_zoom.jpg,2025-11-08,2025-11-14,https://res.cloudinary.com/dfqzmnlga/image/upload/v1762613882/2025-11-08/10807309.jpg
10807363,55.00,Naturli',Færdigretter Køl,Green Curry in a hurry,1,0,gl.,Netto,https://static.tilbudsugen.dk/1st-retail/2025/46/63858/Netto452025-1_12_2499x4933_4912x6872_zoom.jpg,2025-11-08,2025-11-14,https://res.cloudinary.com/dfqzmnlga/image/upload/v1762613883/2025-11-08/10807363.jpg
10809288,55.00,Naturli',Færdigretter Køl,Better Check'n out,1,0,gl.,Netto,https://static.tilbudsugen.dk/1st-retail/2025/46/63858/Netto452025-1_12_2499x4933_4912x6872_zoom.jpg,2025-11-08,2025-11-14,https://res.cloudinary.com/dfqzmnlga/image/upload/v1762613883/2025-11-08/10809288.jpg
10807409,9.00,Piratos,Slik,Slikposer,1,0,ps.,Netto,https://static.tilbudsugen.dk/1st-retail/2025/46/63858/Netto452025-1_2_54x91_2337x2422_zoom.jpg,2025-11-08,2025-11-14,https://res.cloudinary.com/dfqzmnlga/image/upload/v1762613884/2025-11-08/10807409.jpg
10808355,16.00,Fintons,Småkager,Chocotelli Cookies,1,0,pk.,Netto,https://static.tilbudsugen.dk/1st-retail/2025/46/63858/Netto452025-1_21_1916x5130_4998x6889_zoom.jpg,2025-11-08,2025-11-14,https://res.cloudinary.com/dfqzmnlga/image/upload/v1762613884/2025-11-08/10808355.jpg
10808352,16.00,Fintons,Småkager,Caramel Cookies,1,0,pk.,Netto,https://static.tilbudsugen.dk/1st-retail/2025/46/63858/Netto452025-1_21_1916x5130_4998x6889_zoom.jpg,2025-11-08,2025-11-14,https://res.cloudinary.com/dfqzmnlga/image/upload/v1762613885/2025-11-08/10808352.jpg
10806891,55.00,Velsmag,Grisekød,Nakkekoteletter,1,0,bk.,Netto,https://static.tilbudsugen.dk/1st-retail/2025/46/63858/Netto452025-1_5_1241x5300_2542x6854_zoom.jpg,2025-11-08,2025-11-14,https://res.cloudinary.com/dfqzmnlga/image/upload/v1762613885/2025-11-08/10806891.jpg
10808156,35.00,Protein Lab,Færdigretter Frost,Spaghetti Bolognese,1,0,pk.,Netto,https://static.tilbudsugen.dk/1st-retail/2025/46/63858/Netto452025-1_18_2471x1903_4904x3944_zoom.jpg,2025-11-08,2025-11-14,https://res.cloudinary.com/dfqzmnlga/image/upload/v1762613885/2025-11-08/10808156.jpg
10808157,35.00,Protein Lab,Færdigretter Frost,Chicken Curry,1,0,pk.,Netto,https://static.tilbudsugen.dk/1st-retail/2025/46/63858/Netto452025-1_18_2471x1903_4904x3944_zoom.jpg,2025-11-08,2025-11-14,https://res.cloudinary.com/dfqzmnlga/image/upload/v1762613886/2025-11-08/10808157.jpg
10807344,19.00,Løgismose,Saucer,Mornaysauce,1,0,bg.,Netto,https://static.tilbudsugen.dk/1st-retail/2025/46/63858/Netto452025-1_12_54x900_2488x2919_zoom.jpg,2025-11-08,2025-11-14,https://res.cloudinary.com/dfqzmnlga/image/upload/v1762613886/2025-11-08/10807344.jpg
10807180,12.00,Caseificio Villa,Madlavningsost,Mozzarella,1,0,ps.,Netto,https://static.tilbudsugen.dk/1st-retail/2025/46/63858/Netto452025-1_9_5x830_2521x2914_zoom.jpg,2025-11-08,2025-11-14,https://res.cloudinary.com/dfqzmnlga/image/upload/v1762613887/2025-11-08/10807180.jpg
10807413,9.00,Soda Straws,Slik,Slikpose Zourr,1,0,ps.,Netto,https://static.tilbudsugen.dk/1st-retail/2025/46/63858/Netto452025-1_2_54x91_2337x2422_zoom.jpg,2025-11-08,2025-11-14,https://res.cloudinary.com/dfqzmnlga/image/upload/v1762613887/2025-11-08/10807413.jpg
10806528,10.00,La Campagna,"Pålæg, skiveskåret",Schwarzwaldskinke,1,0,pk.,Netto,https://static.tilbudsugen.dk/1st-retail/2025/46/63858/Netto452025-1_1_2510x4107_4885x6730_zoom.jpg,2025-11-08,2025-11-14,https://res.cloudinary.com/dfqzmnlga/image/upload/v1762613888/2025-11-08/10806528.jpg
10807339,10.00,Egelykke,"Pålæg, skiveskåret",Peberspegepølse,1,0,pk.,Netto,https://static.tilbudsugen.dk/1st-retail/2025/46/63858/Netto452025-1_11_65x4868_1679x6908_zoom.jpg,2025-11-08,2025-11-14,https://res.cloudinary.com/dfqzmnlga/image/upload/v1762613889/2025-11-08/10807339.jpg
10807335,10.00,Egelykke,"Pålæg, skiveskåret",Sønderjysk Spegepølse,1,0,pk.,Netto,https://static.tilbudsugen.dk/1st-retail/2025/46/63858/Netto452025-1_11_65x4868_1679x6908_zoom.jpg,2025-11-08,2025-11-14,https://res.cloudinary.com/dfqzmnlga/image/upload/v1762613889/2025-11-08/10807335.jpg
10808334,20.00,Galbusera,Knækbrød,Knækbrød,1,0,pk.,Netto,https://static.tilbudsugen.dk/1st-retail/2025/46/63858/Netto452025-1_21_2377x2846_4998x5155_zoom.jpg,2025-11-08,2025-11-14,https://res.cloudinary.com/dfqzmnlga/image/upload/v1762613890/2025-11-08/10808334.jpg
10808240,13.00,Sereno,Snacknødder & Nøddeblandinger,Chili Peanuts Crunchy,1,0,bg.,Netto,https://static.tilbudsugen.dk/1st-retail/2025/46/63858/Netto452025-1_19_2583x262_4879x2471_zoom.jpg,2025-11-08,2025-11-14,https://res.cloudinary.com/dfqzmnlga/image/upload/v1762613891/2025-11-08/10808240.jpg
10808222,13.00,Sereno,Snacknødder & Nøddeblandinger,Chili Peanuts Crunchy,1,0,bg.,Netto,https://static.tilbudsugen.dk/1st-retail/2025/46/63858/Netto452025-1_19_2458x262_4998x2452_zoom.jpg,2025-11-08,2025-11-14,https://res.cloudinary.com/dfqzmnlga/image/upload/v1762613891/2025-11-08/10808222.jpg
10808148,20.90,ØGO,Nødder & Kerner,Mandler,1,0,ps.,Netto,https://static.tilbudsugen.dk/1st-retail/2025/46/63858/Netto452025-1_16_2845x699_4929x4449_zoom.jpg,2025-11-08,2025-11-14,https://res.cloudinary.com/dfqzmnlga/image/upload/v1762613892/2025-11-08/10808148.jpg
10807175,69.00,Velsmag,Oksekød,Hakket oksekød 7-10%,1,0,bk.,Netto,https://static.tilbudsugen.dk/1st-retail/2025/46/63858/Netto452025-1_8_2483x4663_4890x6903_zoom.jpg,2025-11-08,2025-11-14,https://res.cloudinary.com/dfqzmnlga/image/upload/v1762613892/2025-11-08/10807175.jpg
10808370,16.00,Fintons,Småkager,Lemon Cookies,1,0,pk.,Netto,https://static.tilbudsugen.dk/1st-retail/2025/46/63858/Netto452025-1_21_1916x5130_4998x6889_zoom.jpg,2025-11-08,2025-11-14,https://res.cloudinary.com/dfqzmnlga/image/upload/v1762613893/2025-11-08/10808370.jpg
10808357,16.00,Fintons,Småkager,Creamy Cookies ,1,0,pk.,Netto,https://static.tilbudsugen.dk/1st-retail/2025/46/63858/Netto452025-1_21_1916x5130_4998x6889_zoom.jpg,2025-11-08,2025-11-14,https://res.cloudinary.com/dfqzmnlga/image/upload/v1762613893/2025-11-08/10808357.jpg
10807301,30.00,MilkSlice,Mellemmåltider,Cool Snacks,1,0,pk.,Netto,https://static.tilbudsugen.dk/1st-retail/2025/46/63858/Netto452025-1_10_2542x765_4869x2914_zoom.jpg,2025-11-08,2025-11-14,https://res.cloudinary.com/dfqzmnlga/image/upload/v1762613894/2025-11-08/10807301.jpg
10807502,12.00,Taffel,Snacks,Snackhjerter Salt,1,0,ps.,Netto,https://static.tilbudsugen.dk/1st-retail/2025/46/63858/Netto452025-1_3_5x393_2526x3464_zoom.jpg,2025-11-08,2025-11-14,https://res.cloudinary.com/dfqzmnlga/image/upload/v1762613894/2025-11-08/10807502.jpg
10807499,12.00,Taffel,Snacks,Jule Andelår,1,0,ps.,Netto,https://static.tilbudsugen.dk/1st-retail/2025/46/63858/Netto452025-1_3_5x393_2526x3464_zoom.jpg,2025-11-08,2025-11-14,https://res.cloudinary.com/dfqzmnlga/image/upload/v1762613895/2025-11-08/10807499.jpg
10807543,55.00,Mellemristet,Kaffe,Kaffe Formalet,1,0,ps.,Netto,https://static.tilbudsugen.dk/1st-retail/2025/46/63858/Netto452025-1_4_2499x3513_4982x6919_zoom.jpg,2025-11-08,2025-11-14,https://res.cloudinary.com/dfqzmnlga/image/upload/v1762613895/2025-11-08/10807543.jpg
10807545,55.00,Blanding 72,Kaffe,Kaffe Formalet,1,0,ps.,Netto,https://static.tilbudsugen.dk/1st-retail/2025/46/63858/Netto452025-1_4_2499x3513_4982x6919_zoom.jpg,2025-11-08,2025-11-14,https://res.cloudinary.com/dfqzmnlga/image/upload/v1762613896/2025-11-08/10807545.jpg
10807546,55.00,Original,Kaffe,Kaffe Formalet,1,0,ps.,Netto,https://static.tilbudsugen.dk/1st-retail/2025/46/63858/Netto452025-1_4_2499x3513_4982x6919_zoom.jpg,2025-11-08,2025-11-14,https://res.cloudinary.com/dfqzmnlga/image/upload/v1762613897/2025-11-08/10807546.jpg
10807374,59.95,Premieur,Grisekød,Flæskesteg,1,0,stk.,Netto,https://static.tilbudsugen.dk/1st-retail/2025/46/63858/Netto452025-1_13_32x2261_4901x4377_zoom.jpg,2025-11-08,2025-11-14,https://res.cloudinary.com/dfqzmnlga/image/upload/v1762613897/2025-11-08/10807374.jpg
10807333,12.00,Den Grønne Slagter,"Pålæg, skiveskåret",Kyllingebryst Chili,1,0,pk.,Netto,https://static.tilbudsugen.dk/1st-retail/2025/46/63858/Netto452025-1_11_2467x2887_4917x4879_zoom.jpg,2025-11-08,2025-11-14,https://res.cloudinary.com/dfqzmnlga/image/upload/v1762613898/2025-11-08/10807333.jpg
10807332,12.00,Den Grønne Slagter,Bacon,Kalkunbacon,1,0,pk.,Netto,https://static.tilbudsugen.dk/1st-retail/2025/46/63858/Netto452025-1_11_2467x2887_4917x4879_zoom.jpg,2025-11-08,2025-11-14,https://res.cloudinary.com/dfqzmnlga/image/upload/v1762613899/2025-11-08/10807332.jpg
10808143,12.00,Curré,Krydderier,Gløggmix,1,0,ps.,Netto,https://static.tilbudsugen.dk/1st-retail/2025/46/63858/Netto452025-1_15_3326x4899_4873x6802_zoom.jpg,2025-11-08,2025-11-14,https://res.cloudinary.com/dfqzmnlga/image/upload/v1762613899/2025-11-08/10808143.jpg
10807297,30.00,Pingui,Mellemmåltider,Cool Snacks,1,0,pk.,Netto,https://static.tilbudsugen.dk/1st-retail/2025/46/63858/Netto452025-1_10_2542x765_4869x2914_zoom.jpg,2025-11-08,2025-11-14,https://res.cloudinary.com/dfqzmnlga/image/upload/v1762613900/2025-11-08/10807297.jpg
10807506,89.00,Spiced Gold,Rom,Rom,1,0,fl.,Netto,https://static.tilbudsugen.dk/1st-retail/2025/46/63858/Netto452025-1_3_2488x3421_4949x6887_zoom.jpg,2025-11-08,2025-11-14,https://res.cloudinary.com/dfqzmnlga/image/upload/v1762613900/2025-11-08/10807506.jpg
10807509,89.00,Smirnoff,Vodka,Vodka,1,0,fl.,Netto,https://static.tilbudsugen.dk/1st-retail/2025/46/63858/Netto452025-1_3_2488x3421_4949x6887_zoom.jpg,2025-11-08,2025-11-14,https://res.cloudinary.com/dfqzmnlga/image/upload/v1762613901/2025-11-08/10807509.jpg
10807515,89.00,Original,Likør,Likør,1,0,fl.,Netto,https://static.tilbudsugen.dk/1st-retail/2025/46/63858/Netto452025-1_3_2488x3421_4949x6887_zoom.jpg,2025-11-08,2025-11-14,https://res.cloudinary.com/dfqzmnlga/image/upload/v1762613901/2025-11-08/10807515.jpg
10807523,89.00,Taffel Akvavit,Snaps,Akvavit,1,0,fl.,Netto,https://static.tilbudsugen.dk/1st-retail/2025/46/63858/Netto452025-1_3_2488x3421_4949x6887_zoom.jpg,2025-11-08,2025-11-14,https://res.cloudinary.com/dfqzmnlga/image/upload/v1762613902/2025-11-08/10807523.jpg
10806822,89.00,Red Label,Whisky,Whisky,1,0,fl.,Netto,https://static.tilbudsugen.dk/1st-retail/2025/46/63858/Netto452025-1_3_2488x3421_4949x6887_zoom.jpg,2025-11-08,2025-11-14,https://res.cloudinary.com/dfqzmnlga/image/upload/v1762613903/2025-11-08/10806822.jpg
10807513,89.00,London Dry Gin,Gin,Gin,1,0,fl.,Netto,https://static.tilbudsugen.dk/1st-retail/2025/46/63858/Netto452025-1_3_2488x3421_4949x6887_zoom.jpg,2025-11-08,2025-11-14,https://res.cloudinary.com/dfqzmnlga/image/upload/v1762613904/2025-11-08/10807513.jpg
10807330,12.00,Den Grønne Slagter,"Pålæg, skiveskåret",Kyllingebryst Grillet,1,0,pk.,Netto,https://static.tilbudsugen.dk/1st-retail/2025/46/63858/Netto452025-1_11_2467x2887_4917x4879_zoom.jpg,2025-11-08,2025-11-14,https://res.cloudinary.com/dfqzmnlga/image/upload/v1762613904/2025-11-08/10807330.jpg
10807540,55.00,Original,Kaffe,Kaffe Formalet,1,0,ps.,Netto,https://static.tilbudsugen.dk/1st-retail/2025/46/63858/Netto452025-1_4_2499x3513_4982x6919_zoom.jpg,2025-11-08,2025-11-14,https://res.cloudinary.com/dfqzmnlga/image/upload/v1762613905/2025-11-08/10807540.jpg
10807536,55.00,Peter Larsen,Kaffe,Kaffe Formalet,1,0,ps.,Netto,https://static.tilbudsugen.dk/1st-retail/2025/46/63858/Netto452025-1_4_2499x3513_4982x6919_zoom.jpg,2025-11-08,2025-11-14,https://res.cloudinary.com/dfqzmnlga/image/upload/v1762613906/2025-11-08/10807536.jpg
10807542,55.00,Gevalia,Kaffe,Kaffe Formalet,1,0,pk.,Netto,https://static.tilbudsugen.dk/1st-retail/2025/46/63858/Netto452025-1_4_2499x3513_4982x6919_zoom.jpg,2025-11-08,2025-11-14,https://res.cloudinary.com/dfqzmnlga/image/upload/v1762613906/2025-11-08/10807542.jpg
10806669,22.00,Marabou,Chokolade,Chokoladeplade Mint Krokant,1,0,stk.,Netto,https://static.tilbudsugen.dk/1st-retail/2025/46/63858/Netto452025-1_2_2386x112_4885x2379_zoom.jpg,2025-11-08,2025-11-14,https://res.cloudinary.com/dfqzmnlga/image/upload/v1762613907/2025-11-08/10806669.jpg
10807482,22.00,Marabou,Chokolade,Chokoladeplade Helnöt,1,0,stk.,Netto,https://static.tilbudsugen.dk/1st-retail/2025/46/63858/Netto452025-1_2_2386x112_4885x2379_zoom.jpg,2025-11-08,2025-11-14,https://res.cloudinary.com/dfqzmnlga/image/upload/v1762613908/2025-11-08/10807482.jpg
10807484,22.00,Marabou,Chokolade,Chokoladeplade Cookie Dough,1,0,stk.,Netto,https://static.tilbudsugen.dk/1st-retail/2025/46/63858/Netto452025-1_2_2386x112_4885x2379_zoom.jpg,2025-11-08,2025-11-14,https://res.cloudinary.com/dfqzmnlga/image/upload/v1762613908/2025-11-08/10807484.jpg
10807487,22.00,Daim,Chokolade,Chokoladeplade ,1,0,pk.,Netto,https://static.tilbudsugen.dk/1st-retail/2025/46/63858/Netto452025-1_2_2386x112_4885x2379_zoom.jpg,2025-11-08,2025-11-14,https://res.cloudinary.com/dfqzmnlga/image/upload/v1762613909/2025-11-08/10807487.jpg
10807489,22.00,Marabou,Chokolade,"Chokoladeplade Lakritz, Hallon & Caramel",1,0,stk.,Netto,https://static.tilbudsugen.dk/1st-retail/2025/46/63858/Netto452025-1_2_2386x112_4885x2379_zoom.jpg,2025-11-08,2025-11-14,https://res.cloudinary.com/dfqzmnlga/image/upload/v1762613910/2025-11-08/10807489.jpg
10807483,22.00,Marabou,Chokolade,Chokoladeplade Schweizernöt,1,0,pk.,Netto,https://static.tilbudsugen.dk/1st-retail/2025/46/63858/Netto452025-1_2_2386x112_4885x2379_zoom.jpg,2025-11-08,2025-11-14,https://res.cloudinary.com/dfqzmnlga/image/upload/v1762613910/2025-11-08/10807483.jpg
10807485,22.00,Oreo,Chokolade,Chokoladeplade ,1,0,stk.,Netto,https://static.tilbudsugen.dk/1st-retail/2025/46/63858/Netto452025-1_2_2386x112_4885x2379_zoom.jpg,2025-11-08,2025-11-14,https://res.cloudinary.com/dfqzmnlga/image/upload/v1762613911/2025-11-08/10807485.jpg
10807488,22.00,Marabou,Chokolade,Chokoladeplade Appelsin Krokant,1,0,stk.,Netto,https://static.tilbudsugen.dk/1st-retail/2025/46/63858/Netto452025-1_2_2386x112_4885x2379_zoom.jpg,2025-11-08,2025-11-14,https://res.cloudinary.com/dfqzmnlga/image/upload/v1762613911/2025-11-08/10807488.jpg
10807486,22.00,Marabou,Chokolade,Chokoladeplade Mjölk Choklad,1,0,pk.,Netto,https://static.tilbudsugen.dk/1st-retail/2025/46/63858/Netto452025-1_2_2386x112_4885x2379_zoom.jpg,2025-11-08,2025-11-14,https://res.cloudinary.com/dfqzmnlga/image/upload/v1762613912/2025-11-08/10807486.jpg
10807378,25.00,Premieur,Postej og Paté,Paté,1,0,stk.,Netto,https://static.tilbudsugen.dk/1st-retail/2025/46/63858/Netto452025-1_13_27x4474_1706x6887_zoom.jpg,2025-11-08,2025-11-14,https://res.cloudinary.com/dfqzmnlga/image/upload/v1762613912/2025-11-08/10807378.jpg
10807381,25.00,Premieur,Andet Pålæg,Rillette,1,0,gl.,Netto,https://static.tilbudsugen.dk/1st-retail/2025/46/63858/Netto452025-1_13_27x4474_1706x6887_zoom.jpg,2025-11-08,2025-11-14,https://res.cloudinary.com/dfqzmnlga/image/upload/v1762613913/2025-11-08/10807381.jpg
10808323,14.00,True Dates,Tørret Frugt,Dadler,1,0,ps.,Netto,https://static.tilbudsugen.dk/1st-retail/2025/46/63858/Netto452025-1_20_218x231_4942x2652_zoom.jpg,2025-11-08,2025-11-14,https://res.cloudinary.com/dfqzmnlga/image/upload/v1762613913/2025-11-08/10808323.jpg
10806534,10.00,La Campagna,"Pålæg, skiveskåret",Salchichón,1,0,pk.,Netto,https://static.tilbudsugen.dk/1st-retail/2025/46/63858/Netto452025-1_1_2510x4107_4885x6730_zoom.jpg,2025-11-08,2025-11-14,https://res.cloudinary.com/dfqzmnlga/image/upload/v1762613914/2025-11-08/10806534.jpg
10807593,26.00,Glyngøre,Sild,Sild,1,0,gl.,Netto,https://static.tilbudsugen.dk/1st-retail/2025/46/63858/Netto452025-1_11_2413x857_4939x2925_zoom.jpg,2025-11-08,2025-11-14,https://res.cloudinary.com/dfqzmnlga/image/upload/v1762613915/2025-11-08/10807593.jpg
10808555,149.00,Murph,Kosttilskud,Træningstilskud,1,1,stk.,Netto,https://static.tilbudsugen.dk/1st-retail/2025/46/63858/Netto452025-1_26_2433x4624_4911x6883_zoom.jpg,2025-11-08,2025-11-14,https://res.cloudinary.com/dfqzmnlga/image/upload/v1762613915/2025-11-08/10808555.jpg
10807331,12.00,Den Grønne Slagter,"Pålæg, skiveskåret",Hamburgerryg,1,0,pk.,Netto,https://static.tilbudsugen.dk/1st-retail/2025/46/63858/Netto452025-1_11_2467x2887_4917x4879_zoom.jpg,2025-11-08,2025-11-14,https://res.cloudinary.com/dfqzmnlga/image/upload/v1762613916/2025-11-08/10807331.jpg
10807334,12.00,Den Grønne Slagter,Vegetarpålæg,Veggiepålæg Peberfrugt,1,0,pk.,Netto,https://static.tilbudsugen.dk/1st-retail/2025/46/63858/Netto452025-1_11_2467x2887_4917x4879_zoom.jpg,2025-11-08,2025-11-14,https://res.cloudinary.com/dfqzmnlga/image/upload/v1762613916/2025-11-08/10807334.jpg
10806861,55.00,Qualita Oro,Kaffe,Kaffe Formalet,1,0,ps.,Netto,https://static.tilbudsugen.dk/1st-retail/2025/46/63858/Netto452025-1_4_2499x3513_4982x6919_zoom.jpg,2025-11-08,2025-11-14,https://res.cloudinary.com/dfqzmnlga/image/upload/v1762613917/2025-11-08/10806861.jpg
10807382,49.00,Premieur,Fjerkræ,Andebryst,1,0,pk.,Netto,https://static.tilbudsugen.dk/1st-retail/2025/46/63858/Netto452025-1_13_1711x4474_3158x6957_zoom.jpg,2025-11-08,2025-11-14,https://res.cloudinary.com/dfqzmnlga/image/upload/v1762613917/2025-11-08/10807382.jpg
10807182,25.00,Athena,Madlavningsost,Feta,1,0,pk.,Netto,https://static.tilbudsugen.dk/1st-retail/2025/46/63858/Netto452025-1_9_2958x614_4831x2973_zoom.jpg,2025-11-08,2025-11-14,https://res.cloudinary.com/dfqzmnlga/image/upload/v1762613918/2025-11-08/10807182.jpg
10808133,55.00,Premieur,Rejer og andre skaldyr,Rejer,1,0,ps.,Netto,https://static.tilbudsugen.dk/1st-retail/2025/46/63858/Netto452025-1_14_6x3788_2496x6858_zoom.jpg,2025-11-08,2025-11-14,https://res.cloudinary.com/dfqzmnlga/image/upload/v1762613919/2025-11-08/10808133.jpg
10807318,12.00,Den Grønne Slagter,"Pålæg, skiveskåret",Rullepølse med Løg & Krydderier,1,0,pk.,Netto,https://static.tilbudsugen.dk/1st-retail/2025/46/63858/Netto452025-1_11_2467x2887_4917x4879_zoom.jpg,2025-11-08,2025-11-14,https://res.cloudinary.com/dfqzmnlga/image/upload/v1762613919/2025-11-08/10807318.jpg
10808513,39.00,Colgate,Tandpleje,Tandpasta,1,0,pk.,Netto,https://static.tilbudsugen.dk/1st-retail/2025/46/63858/Netto452025-1_24_19x4562_4942x6846_zoom.jpg,2025-11-08,2025-11-14,https://res.cloudinary.com/dfqzmnlga/image/upload/v1762613920/2025-11-08/10808513.jpg
10807129,39.00,Velsmag,Fersk fisk,Laksefilet,1,0,bk.,Netto,https://static.tilbudsugen.dk/1st-retail/2025/46/63858/Netto452025-1_7_0x1041_2931x2822_zoom.jpg,2025-11-08,2025-11-14,https://res.cloudinary.com/dfqzmnlga/image/upload/v1762613921/2025-11-08/10807129.jpg
10807130,39.00,Velsmag,Fersk fisk,Rødspættefilet,1,0,bk.,Netto,https://static.tilbudsugen.dk/1st-retail/2025/46/63858/Netto452025-1_7_0x1041_2931x2822_zoom.jpg,2025-11-08,2025-11-14,https://res.cloudinary.com/dfqzmnlga/image/upload/v1762613921/2025-11-08/10807130.jpg
10808130,35.00,Premieur,Snacknødder & Nøddeblandinger,Saltede og Brændte Blandede Nødder,1,0,æsk.,Netto,https://static.tilbudsugen.dk/1st-retail/2025/46/63858/Netto452025-1_14_2440x4243_4954x6864_zoom.jpg,2025-11-08,2025-11-14,https://res.cloudinary.com/dfqzmnlga/image/upload/v1762613922/2025-11-08/10808130.jpg
10807518,89.00,Cinnamon Roll,Likør,Likør,1,0,fl.,Netto,https://static.tilbudsugen.dk/1st-retail/2025/46/63858/Netto452025-1_3_2488x3421_4949x6887_zoom.jpg,2025-11-08,2025-11-14,https://res.cloudinary.com/dfqzmnlga/image/upload/v1762613923/2025-11-08/10807518.jpg
10808316,18.00,Sunshine Delights,Tørret Frugt,Mango,1,0,ps.,Netto,https://static.tilbudsugen.dk/1st-retail/2025/46/63858/Netto452025-1_20_19x2621_2452x4768_zoom.jpg,2025-11-08,2025-11-14,https://res.cloudinary.com/dfqzmnlga/image/upload/v1762613923/2025-11-08/10808316.jpg
10807163,18.00,Velsmag,Oksekød,Oksetykstegsbøffer,1,0,bk.,Netto,https://static.tilbudsugen.dk/1st-retail/2025/46/63858/Netto452025-1_8_2553x2935_4928x4711_zoom.jpg,2025-11-08,2025-11-14,https://res.cloudinary.com/dfqzmnlga/image/upload/v1762613924/2025-11-08/10807163.jpg
10808319,18.00,Sunshine Delights,Tørret Frugt,Jordbær Mango,1,0,ps.,Netto,https://static.tilbudsugen.dk/1st-retail/2025/46/63858/Netto452025-1_20_19x2621_2452x4768_zoom.jpg,2025-11-08,2025-11-14,https://res.cloudinary.com/dfqzmnlga/image/upload/v1762613924/2025-11-08/10808319.jpg
10808132,55.00,Premieur,Rejer og andre skaldyr,Rejer,1,0,bg.,Netto,https://static.tilbudsugen.dk/1st-retail/2025/46/63858/Netto452025-1_14_6x3788_2496x6858_zoom.jpg,2025-11-08,2025-11-14,https://res.cloudinary.com/dfqzmnlga/image/upload/v1762613925/2025-11-08/10808132.jpg
10806800,19.00,,Røget og gravad,Laks i skiver,1,0,pk.,Netto,https://static.tilbudsugen.dk/1st-retail/2025/46/63858/Netto452025-1_2_76x2482_2418x4614_zoom.jpg,2025-11-08,2025-11-14,https://res.cloudinary.com/dfqzmnlga/image/upload/v1762613926/2025-11-08/10806800.jpg
10806801,19.00,,Røget og gravad,Laks,1,0,bk.,Netto,https://static.tilbudsugen.dk/1st-retail/2025/46/63858/Netto452025-1_2_76x2482_2418x4614_zoom.jpg,2025-11-08,2025-11-14,https://res.cloudinary.com/dfqzmnlga/image/upload/v1762613926/2025-11-08/10806801.jpg
10806422,10.00,La Campagna,"Pålæg, skiveskåret",Salami Milano Salame,1,0,pk.,Netto,https://static.tilbudsugen.dk/1st-retail/2025/46/63858/Netto452025-1_1_2510x4107_4885x6730_zoom.jpg,2025-11-08,2025-11-14,https://res.cloudinary.com/dfqzmnlga/image/upload/v1762613927/2025-11-08/10806422.jpg
10806529,10.00,La Campagna,Pålægspølser,Fuet,1,0,pk.,Netto,https://static.tilbudsugen.dk/1st-retail/2025/46/63858/Netto452025-1_1_2510x4107_4885x6730_zoom.jpg,2025-11-08,2025-11-14,https://res.cloudinary.com/dfqzmnlga/image/upload/v1762613928/2025-11-08/10806529.jpg
10806524,10.00,La Campagna,"Pålæg, skiveskåret",Salami Spicy Ventricina,1,0,pk.,Netto,https://static.tilbudsugen.dk/1st-retail/2025/46/63858/Netto452025-1_1_2510x4107_4885x6730_zoom.jpg,2025-11-08,2025-11-14,https://res.cloudinary.com/dfqzmnlga/image/upload/v1762613929/2025-11-08/10806524.jpg
10806525,10.00,La Campagna,"Pålæg, skiveskåret",Mortadella,1,0,pk.,Netto,https://static.tilbudsugen.dk/1st-retail/2025/46/63858/Netto452025-1_1_2510x4107_4885x6730_zoom.jpg,2025-11-08,2025-11-14,https://res.cloudinary.com/dfqzmnlga/image/upload/v1762613930/2025-11-08/10806525.jpg
10806535,10.00,La Campagna,"Pålæg, skiveskåret",Skinke,1,0,pk.,Netto,https://static.tilbudsugen.dk/1st-retail/2025/46/63858/Netto452025-1_1_2510x4107_4885x6730_zoom.jpg,2025-11-08,2025-11-14,https://res.cloudinary.com/dfqzmnlga/image/upload/v1762613931/2025-11-08/10806535.jpg
10808549,10.00,Murph,Snacks/bar,Proteinbar,1,0,stk.,Netto,https://static.tilbudsugen.dk/1st-retail/2025/46/63858/Netto452025-1_26_25x2571_1666x4655_zoom.jpg,2025-11-08,2025-11-14,https://res.cloudinary.com/dfqzmnlga/image/upload/v1762613931/2025-11-08/10808549.jpg
10806526,10.00,La Campagna,"Pålæg, skiveskåret",Lufttørret Skinke,1,0,pk.,Netto,https://static.tilbudsugen.dk/1st-retail/2025/46/63858/Netto452025-1_1_2510x4107_4885x6730_zoom.jpg,2025-11-08,2025-11-14,https://res.cloudinary.com/dfqzmnlga/image/upload/v1762613932/2025-11-08/10806526.jpg
10806530,10.00,La Campagna,"Pålæg, skiveskåret",Jamon Serrano,1,0,pk.,Netto,https://static.tilbudsugen.dk/1st-retail/2025/46/63858/Netto452025-1_1_2510x4107_4885x6730_zoom.jpg,2025-11-08,2025-11-14,https://res.cloudinary.com/dfqzmnlga/image/upload/v1762613932/2025-11-08/10806530.jpg
10806531,10.00,La Campagna,"Pålæg, skiveskåret",Chorizo,1,0,pk.,Netto,https://static.tilbudsugen.dk/1st-retail/2025/46/63858/Netto452025-1_1_2510x4107_4885x6730_zoom.jpg,2025-11-08,2025-11-14,https://res.cloudinary.com/dfqzmnlga/image/upload/v1762613933/2025-11-08/10806531.jpg
10808314,70.00,Aftenstunder,Chokolade,Dessertchokolade,1,0,æsk.,Netto,https://static.tilbudsugen.dk/1st-retail/2025/46/63858/Netto452025-1_20_0x4774_4786x6815_zoom.jpg,2025-11-08,2025-11-14,https://res.cloudinary.com/dfqzmnlga/image/upload/v1762613933/2025-11-08/10808314.jpg
10808145,12.00,ØGO,Krydderier,Kanel,1,0,gl.,Netto,https://static.tilbudsugen.dk/1st-retail/2025/46/63858/Netto452025-1_15_56x4949_1672x6815_zoom.jpg,2025-11-08,2025-11-14,https://res.cloudinary.com/dfqzmnlga/image/upload/v1762613934/2025-11-08/10808145.jpg
10808309,30.00,Spangsberg,Flødeboller,Flødeboller Kokos,1,0,bk.,Netto,https://static.tilbudsugen.dk/1st-retail/2025/46/63858/Netto452025-1_20_2483x2683_4973x4712_zoom.jpg,2025-11-08,2025-11-14,https://res.cloudinary.com/dfqzmnlga/image/upload/v1762613935/2025-11-08/10808309.jpg
10808311,30.00,Spangsberg,Flødeboller,Flødeboller Hindbær & Lakrids,1,0,bk.,Netto,https://static.tilbudsugen.dk/1st-retail/2025/46/63858/Netto452025-1_20_2483x2683_4973x4712_zoom.jpg,2025-11-08,2025-11-14,https://res.cloudinary.com/dfqzmnlga/image/upload/v1762613936/2025-11-08/10808311.jpg
10808306,30.00,Spangsberg,Flødeboller,Flødeboller Klassisk,1,0,bk.,Netto,https://static.tilbudsugen.dk/1st-retail/2025/46/63858/Netto452025-1_20_2483x2683_4973x4712_zoom.jpg,2025-11-08,2025-11-14,https://res.cloudinary.com/dfqzmnlga/image/upload/v1762613937/2025-11-08/10808306.jpg
10807134,49.00,Deraza Iberico,Grisekød,Iberico Secreto,1,0,bk.,Netto,https://static.tilbudsugen.dk/1st-retail/2025/46/63858/Netto452025-1_7_22x2811_2893x4702_zoom.jpg,2025-11-08,2025-11-14,https://res.cloudinary.com/dfqzmnlga/image/upload/v1762613937/2025-11-08/10807134.jpg
10808547,75.00,Murph,Kosttilskud,Træningstilskud,1,0,ds.,Netto,https://static.tilbudsugen.dk/1st-retail/2025/46/63858/Netto452025-1_26_1672x2559_3282x4649_zoom.jpg,2025-11-08,2025-11-14,https://res.cloudinary.com/dfqzmnlga/image/upload/v1762613938/2025-11-08/10808547.jpg
10808522,10.00,Nutramino,Vafler,Vafler,1,0,stk.,Netto,https://static.tilbudsugen.dk/1st-retail/2025/46/63858/Netto452025-1_24_87x967_2458x2559_zoom.jpg,2025-11-08,2025-11-14,https://res.cloudinary.com/dfqzmnlga/image/upload/v1762613938/2025-11-08/10808522.jpg
10808553,13.00,Murph,Snacks/bar,Proteinbar,1,0,stk.,Netto,https://static.tilbudsugen.dk/1st-retail/2025/46/63858/Netto452025-1_26_6x686_3320x2565_zoom.jpg,2025-11-08,2025-11-14,https://res.cloudinary.com/dfqzmnlga/image/upload/v1762613940/2025-11-08/10808553.jpg
10808327,69.00,Crema,Instant Kaffe,Instant Kaffe,1,0,ps.,Netto,https://static.tilbudsugen.dk/1st-retail/2025/46/63858/Netto452025-1_21_2483x936_4873x2945_zoom.jpg,2025-11-08,2025-11-14,https://res.cloudinary.com/dfqzmnlga/image/upload/v1762613941/2025-11-08/10808327.jpg
10808329,69.00,Gold,Instant Kaffe,Instant Kaffe,1,0,ps.,Netto,https://static.tilbudsugen.dk/1st-retail/2025/46/63858/Netto452025-1_21_2483x936_4873x2945_zoom.jpg,2025-11-08,2025-11-14,https://res.cloudinary.com/dfqzmnlga/image/upload/v1762613941/2025-11-08/10808329.jpg
10808331,69.00,Cafe Noir,Instant Kaffe,Instant Kaffe,1,0,ps.,Netto,https://static.tilbudsugen.dk/1st-retail/2025/46/63858/Netto452025-1_21_2483x936_4873x2945_zoom.jpg,2025-11-08,2025-11-14,https://res.cloudinary.com/dfqzmnlga/image/upload/v1762613942/2025-11-08/10808331.jpg
10808546,59.00,Murph,Kosttilskud,Træningstilskud,1,0,stk.,Netto,https://static.tilbudsugen.dk/1st-retail/2025/46/63858/Netto452025-1_26_3270x2802_4973x4599_zoom.jpg,2025-11-08,2025-11-14,https://res.cloudinary.com/dfqzmnlga/image/upload/v1762613942/2025-11-08/10808546.jpg
10790698,17.00,Barebells,Snacks/bar,Energibar,1,0,stk.,Netto,https://static.tilbudsugen.dk/1st-retail/2025/45/63794/Netto442025-1_32_1676x2777_3306x4816_zoom.jpg,2025-11-01,2025-11-30,https://res.cloudinary.com/dfqzmnlga/image/upload/v1762613943/2025-11-08/10790698.jpg
10808128,35.00,Premieur,Røget og gravad,Laks i skiver,1,0,pk.,Netto,https://static.tilbudsugen.dk/1st-retail/2025/46/63858/Netto452025-1_14_0x237_2477x3520_zoom.jpg,2025-11-08,2025-11-14,https://res.cloudinary.com/dfqzmnlga/image/upload/v1762613943/2025-11-08/10808128.jpg
10808129,45.00,Premieur,Chokolade,Chokoladekugler Dubai Style,1,0,pk.,Netto,https://static.tilbudsugen.dk/1st-retail/2025/46/63858/Netto452025-1_14_2571x2446_4998x4231_zoom.jpg,2025-11-08,2025-11-14,https://res.cloudinary.com/dfqzmnlga/image/upload/v1762613944/2025-11-08/10808129.jpg
10808108,45.00,Premieur,Chokolade,Chokoladeplade Mælk Pistacie Creme,1,0,pk.,Netto,https://static.tilbudsugen.dk/1st-retail/2025/46/63858/Netto452025-1_14_2646x300_4998x2403_zoom.jpg,2025-11-08,2025-11-14,https://res.cloudinary.com/dfqzmnlga/image/upload/v1762613945/2025-11-08/10808108.jpg
10808511,169.00,,"Hårtørrer, krøljern, trimmer m.m",Hårstyler,1,0,stk.,Netto,https://static.tilbudsugen.dk/1st-retail/2025/46/63858/Netto452025-1_37_110x4800_2464x6650_zoom.jpg,2025-11-08,2025-12-12,https://res.cloudinary.com/dfqzmnlga/image/upload/v1762613946/2025-11-08/10808511.jpg
10808525,79.00,Sinful,Spil,Voksenspil,1,0,stk.,Netto,https://static.tilbudsugen.dk/1st-retail/2025/46/63858/Netto452025-1_37_1495x990_2542x2635_zoom.jpg,2025-11-08,2025-12-12,https://res.cloudinary.com/dfqzmnlga/image/upload/v1762613946/2025-11-08/10808525.jpg
10808528,79.00,Sinful,Spil,Voksenspil,1,0,stk.,Netto,https://static.tilbudsugen.dk/1st-retail/2025/46/63858/Netto452025-1_37_3211x738_4699x1990_zoom.jpg,2025-11-08,2025-12-12,https://res.cloudinary.com/dfqzmnlga/image/upload/v1762613947/2025-11-08/10808528.jpg
10808399,99.00,,Pyntegenstande,Lanterne,1,0,stk.,Netto,https://static.tilbudsugen.dk/1st-retail/2025/46/63858/Netto452025-1_27_2542x4643_4746x6878_zoom.jpg,2025-11-08,2025-11-14,https://res.cloudinary.com/dfqzmnlga/image/upload/v1762613947/2025-11-08/10808399.jpg
10808403,89.00,,Boligtekstiler,Plaid,1,0,stk.,Netto,https://static.tilbudsugen.dk/1st-retail/2025/46/63858/Netto452025-1_27_142x4674_2377x6823_zoom.jpg,2025-11-08,2025-11-14,https://res.cloudinary.com/dfqzmnlga/image/upload/v1762613948/2025-11-08/10808403.jpg
10808419,119.00,,Jul,Juletræsfod,1,0,stk.,Netto,https://static.tilbudsugen.dk/1st-retail/2025/46/63858/Netto452025-1_28_268x896_3164x6799_zoom.jpg,2025-11-08,2025-11-14,https://res.cloudinary.com/dfqzmnlga/image/upload/v1762613948/2025-11-08/10808419.jpg
10808423,50.00,,Jul,Julepynt,1,0,stk.,Netto,https://static.tilbudsugen.dk/1st-retail/2025/46/63858/Netto452025-1_29_2440x4619_4778x6823_zoom.jpg,2025-11-08,2025-11-14,https://res.cloudinary.com/dfqzmnlga/image/upload/v1762613949/2025-11-08/10808423.jpg
10808424,119.00,,"Dukker, bamser & plysdyr",Plysdyr,1,0,stk.,Netto,https://static.tilbudsugen.dk/1st-retail/2025/46/63858/Netto452025-1_29_126x2454_2416x4572_zoom.jpg,2025-11-08,2025-11-14,https://res.cloudinary.com/dfqzmnlga/image/upload/v1762613949/2025-11-08/10808424.jpg
10808437,20.00,Nord Home LIving,Bloklys,Bloklys,1,0,pk.,Netto,https://static.tilbudsugen.dk/1st-retail/2025/46/63858/Netto452025-1_30_220x4635_1747x6839_zoom.jpg,2025-11-08,2025-11-14,https://res.cloudinary.com/dfqzmnlga/image/upload/v1762613950/2025-11-08/10808437.jpg
10808440,249.00,,Lys/lyskæder,Lystræ,1,0,stk.,Netto,https://static.tilbudsugen.dk/1st-retail/2025/46/63858/Netto452025-1_31_268x3493_2416x6878_zoom.jpg,2025-11-08,2025-11-14,https://res.cloudinary.com/dfqzmnlga/image/upload/v1762613951/2025-11-08/10808440.jpg
10808446,99.00,,Lys/lyskæder,Batterilys,1,0,pk.,Netto,https://static.tilbudsugen.dk/1st-retail/2025/46/63858/Netto452025-1_31_2495x4225_4667x6815_zoom.jpg,2025-11-08,2025-11-14,https://res.cloudinary.com/dfqzmnlga/image/upload/v1762613951/2025-11-08/10808446.jpg
10808457,69.00,,Lys/lyskæder,Lysdekoration,1,0,stk.,Netto,https://static.tilbudsugen.dk/1st-retail/2025/46/63858/Netto452025-1_33_2527x2438_4801x4580_zoom.jpg,2025-11-08,2025-11-14,https://res.cloudinary.com/dfqzmnlga/image/upload/v1762613952/2025-11-08/10808457.jpg
10808462,25.00,,Jul,Julepynt,1,0,stk.,Netto,https://static.tilbudsugen.dk/1st-retail/2025/46/63858/Netto452025-1_33_2519x250_4723x2360_zoom.jpg,2025-11-08,2025-11-14,https://res.cloudinary.com/dfqzmnlga/image/upload/v1762613952/2025-11-08/10808462.jpg
10808396,29.00,,Pyntegenstande,Pyntegenstande,1,0,stk.,Netto,https://static.tilbudsugen.dk/1st-retail/2025/46/63858/Netto452025-1_27_1810x2494_3322x4619_zoom.jpg,2025-11-08,2025-11-14,https://res.cloudinary.com/dfqzmnlga/image/upload/v1762613953/2025-11-08/10808396.jpg
10808398,189.00,,Jul,Kunstig Juletræ,1,0,stk.,Netto,https://static.tilbudsugen.dk/1st-retail/2025/46/63858/Netto452025-1_27_79x1218_1858x4682_zoom.jpg,2025-11-08,2025-11-14,https://res.cloudinary.com/dfqzmnlga/image/upload/v1762613954/2025-11-08/10808398.jpg
10808401,119.00,,Pyntegenstande,Lanterne,1,0,stk.,Netto,https://static.tilbudsugen.dk/1st-retail/2025/46/63858/Netto452025-1_27_2542x4643_4746x6878_zoom.jpg,2025-11-08,2025-11-14,https://res.cloudinary.com/dfqzmnlga/image/upload/v1762613954/2025-11-08/10808401.jpg
10808408,149.00,,Jul,Julepynt,1,0,stk.,Netto,https://static.tilbudsugen.dk/1st-retail/2025/46/63858/Netto452025-1_27_2810x242_4746x2454_zoom.jpg,2025-11-08,2025-11-14,https://res.cloudinary.com/dfqzmnlga/image/upload/v1762613955/2025-11-08/10808408.jpg
10808411,89.00,,Jul,Nisse,1,0,stk.,Netto,https://static.tilbudsugen.dk/1st-retail/2025/46/63858/Netto452025-1_28_3259x234_4927x2375_zoom.jpg,2025-11-08,2025-11-14,https://res.cloudinary.com/dfqzmnlga/image/upload/v1762613955/2025-11-08/10808411.jpg
10808425,99.00,,Jul,Julestage,1,0,stk.,Netto,https://static.tilbudsugen.dk/1st-retail/2025/46/63858/Netto452025-1_29_220x4603_2527x6799_zoom.jpg,2025-11-08,2025-11-14,https://res.cloudinary.com/dfqzmnlga/image/upload/v1762613955/2025-11-08/10808425.jpg
10808438,25.00,,Jul,Julepynt,1,0,stk.,Netto,https://static.tilbudsugen.dk/1st-retail/2025/46/63858/Netto452025-1_30_1858x4595_4754x6815_zoom.jpg,2025-11-08,2025-11-14,https://res.cloudinary.com/dfqzmnlga/image/upload/v1762613956/2025-11-08/10808438.jpg
10808443,79.00,,Lys/lyskæder,Batterilys,1,0,pk.,Netto,https://static.tilbudsugen.dk/1st-retail/2025/46/63858/Netto452025-1_31_2495x4225_4667x6815_zoom.jpg,2025-11-08,2025-11-14,https://res.cloudinary.com/dfqzmnlga/image/upload/v1762613956/2025-11-08/10808443.jpg
10808445,89.00,,Lys/lyskæder,Batterilys,1,0,pk.,Netto,https://static.tilbudsugen.dk/1st-retail/2025/46/63858/Netto452025-1_31_2495x4225_4667x6815_zoom.jpg,2025-11-08,2025-11-14,https://res.cloudinary.com/dfqzmnlga/image/upload/v1762613957/2025-11-08/10808445.jpg
10808449,15.00,,Lys/lyskæder,Lyskæder,1,0,stk.,Netto,https://static.tilbudsugen.dk/1st-retail/2025/46/63858/Netto452025-1_31_110x250_1818x1848_zoom.jpg,2025-11-08,2025-11-14,https://res.cloudinary.com/dfqzmnlga/image/upload/v1762613958/2025-11-08/10808449.jpg
10808455,79.00,,Boligtekstiler,Plaid,1,0,stk.,Netto,https://static.tilbudsugen.dk/1st-retail/2025/46/63858/Netto452025-1_33_236x2407_2503x4643_zoom.jpg,2025-11-08,2025-11-14,https://res.cloudinary.com/dfqzmnlga/image/upload/v1762613959/2025-11-08/10808455.jpg
10808471,89.00,,Boligtekstiler,Voksdug,1,0,stk.,Netto,https://static.tilbudsugen.dk/1st-retail/2025/46/63858/Netto452025-1_33_197x4635_2519x6847_zoom.jpg,2025-11-08,2025-11-14,https://res.cloudinary.com/dfqzmnlga/image/upload/v1762613959/2025-11-08/10808471.jpg
10808482,50.00,,Outdoor,Hue,1,0,stk.,Netto,https://static.tilbudsugen.dk/1st-retail/2025/46/63858/Netto452025-1_34_244x896_2881x2242_zoom.jpg,2025-11-08,2025-11-14,https://res.cloudinary.com/dfqzmnlga/image/upload/v1762613960/2025-11-08/10808482.jpg
10808512,30.00,,Diverse,Sovemaske,1,0,stk.,Netto,https://static.tilbudsugen.dk/1st-retail/2025/46/63858/Netto452025-1_37_2346x4430_4943x6697_zoom.jpg,2025-11-08,2025-12-12,https://res.cloudinary.com/dfqzmnlga/image/upload/v1762613960/2025-11-08/10808512.jpg
10808519,199.00,,Boligtekstiler,Pudebetræk,1,0,stk.,Netto,https://static.tilbudsugen.dk/1st-retail/2025/46/63858/Netto452025-1_37_2534x2966_4974x4761_zoom.jpg,2025-11-08,2025-12-12,https://res.cloudinary.com/dfqzmnlga/image/upload/v1762613960/2025-11-08/10808519.jpg
10808523,25.00,Sinful,Spil,Voksenspil,1,0,stk.,Netto,https://static.tilbudsugen.dk/1st-retail/2025/46/63858/Netto452025-1_37_260x1108_1299x2864_zoom.jpg,2025-11-08,2025-12-12,https://res.cloudinary.com/dfqzmnlga/image/upload/v1762613961/2025-11-08/10808523.jpg
10808527,199.00,Sinful,Diverse,Sexlegetøj,1,0,stk.,Netto,https://static.tilbudsugen.dk/1st-retail/2025/46/63858/Netto452025-1_37_2306x486_3440x2698_zoom.jpg,2025-11-08,2025-12-12,https://res.cloudinary.com/dfqzmnlga/image/upload/v1762613962/2025-11-08/10808527.jpg
10808532,189.00,Sinful,Diverse,Sexlegetøj,1,0,stk.,Netto,https://static.tilbudsugen.dk/1st-retail/2025/46/63858/Netto452025-1_37_3558x1604_4959x2690_zoom.jpg,2025-11-08,2025-12-12,https://res.cloudinary.com/dfqzmnlga/image/upload/v1762613962/2025-11-08/10808532.jpg
10808507,40.00,,Kreativitetslegetøj & puslespil,Kreativt legetøj,1,0,stk.,Netto,https://static.tilbudsugen.dk/1st-retail/2025/46/63858/Netto452025-1_36_2558x4461_4785x6823_zoom.jpg,2025-11-08,2025-11-14,https://res.cloudinary.com/dfqzmnlga/image/upload/v1762613963/2025-11-08/10808507.jpg
10808385,40.00,,"Skåle, fade og forme",Fad,1,0,stk.,Netto,https://static.tilbudsugen.dk/1st-retail/2025/46/63858/Netto452025-1_27_1212x526_3078x2706_zoom.jpg,2025-11-08,2025-11-14,https://res.cloudinary.com/dfqzmnlga/image/upload/v1762613964/2025-11-08/10808385.jpg
10808418,149.00,,Jul,Juletræstæppe,1,0,stk.,Netto,https://static.tilbudsugen.dk/1st-retail/2025/46/63858/Netto452025-1_28_268x896_3164x6799_zoom.jpg,2025-11-08,2025-11-14,https://res.cloudinary.com/dfqzmnlga/image/upload/v1762613964/2025-11-08/10808418.jpg
10808439,25.00,,Jul,Julepynt,1,0,stk.,Netto,https://static.tilbudsugen.dk/1st-retail/2025/46/63858/Netto452025-1_30_3243x864_4848x2509_zoom.jpg,2025-11-08,2025-11-14,https://res.cloudinary.com/dfqzmnlga/image/upload/v1762613965/2025-11-08/10808439.jpg
10808441,129.00,,Lys/lyskæder,Lyskæder,1,0,stk.,Netto,https://static.tilbudsugen.dk/1st-retail/2025/46/63858/Netto452025-1_31_205x1832_2597x3588_zoom.jpg,2025-11-08,2025-11-14,https://res.cloudinary.com/dfqzmnlga/image/upload/v1762613966/2025-11-08/10808441.jpg
10808447,25.00,,Jul,Julepynt,1,0,stk.,Netto,https://static.tilbudsugen.dk/1st-retail/2025/46/63858/Netto452025-1_31_3282x195_4738x1817_zoom.jpg,2025-11-08,2025-11-14,https://res.cloudinary.com/dfqzmnlga/image/upload/v1762613966/2025-11-08/10808447.jpg
10808448,40.00,,Boligartikler,Lysestage,1,0,stk.,Netto,https://static.tilbudsugen.dk/1st-retail/2025/46/63858/Netto452025-1_31_1739x258_3251x1809_zoom.jpg,2025-11-08,2025-11-14,https://res.cloudinary.com/dfqzmnlga/image/upload/v1762613967/2025-11-08/10808448.jpg
10808470,25.00,,Jul,Julepynt,1,0,stk.,Netto,https://static.tilbudsugen.dk/1st-retail/2025/46/63858/Netto452025-1_33_142x203_2566x2407_zoom.jpg,2025-11-08,2025-11-14,https://res.cloudinary.com/dfqzmnlga/image/upload/v1762613968/2025-11-08/10808470.jpg
10808483,50.00,,Outdoor,Hue,1,0,stk.,Netto,https://static.tilbudsugen.dk/1st-retail/2025/46/63858/Netto452025-1_34_142x2084_2456x4225_zoom.jpg,2025-11-08,2025-11-14,https://res.cloudinary.com/dfqzmnlga/image/upload/v1762613969/2025-11-08/10808483.jpg
10808486,99.00,,Dametøj,Sweatpants,1,0,stk.,Netto,https://static.tilbudsugen.dk/1st-retail/2025/46/63858/Netto452025-1_34_2259x4036_4896x5847_zoom.jpg,2025-11-08,2025-11-14,https://res.cloudinary.com/dfqzmnlga/image/upload/v1762613969/2025-11-08/10808486.jpg
10808494,69.00,,Skønlitteratur,Skønlitteratur,1,0,stk.,Netto,https://static.tilbudsugen.dk/1st-retail/2025/46/63858/Netto452025-1_35_2416x329_4778x3517_zoom.jpg,2025-11-08,2025-11-14,https://res.cloudinary.com/dfqzmnlga/image/upload/v1762613970/2025-11-08/10808494.jpg
10808502,99.00,,Diverse kontorartikler,Kalender,1,0,stk.,Netto,https://static.tilbudsugen.dk/1st-retail/2025/46/63858/Netto452025-1_36_268x966_3384x4438_zoom.jpg,2025-11-08,2025-11-14,https://res.cloudinary.com/dfqzmnlga/image/upload/v1762613970/2025-11-08/10808502.jpg
10808504,149.00,,Luftfrisker,Diffuser,1,0,stk.,Netto,https://static.tilbudsugen.dk/1st-retail/2025/46/63858/Netto452025-1_36_3487x250_4738x4414_zoom.jpg,2025-11-08,2025-11-14,https://res.cloudinary.com/dfqzmnlga/image/upload/v1762613971/2025-11-08/10808504.jpg
10808505,20.00,,Diverse legetøj,Legetøj,1,0,stk.,Netto,https://static.tilbudsugen.dk/1st-retail/2025/46/63858/Netto452025-1_36_244x4367_2479x6847_zoom.jpg,2025-11-08,2025-11-14,https://res.cloudinary.com/dfqzmnlga/image/upload/v1762613972/2025-11-08/10808505.jpg
10808389,79.00,,Boligartikler,Lysestage,1,0,stk.,Netto,https://static.tilbudsugen.dk/1st-retail/2025/46/63858/Netto452025-1_27_3227x2462_4770x4619_zoom.jpg,2025-11-08,2025-11-14,https://res.cloudinary.com/dfqzmnlga/image/upload/v1762613972/2025-11-08/10808389.jpg
10808421,30.00,,Jul,Nisse,1,0,stk.,Netto,https://static.tilbudsugen.dk/1st-retail/2025/46/63858/Netto452025-1_29_181x187_2424x2462_zoom.jpg,2025-11-08,2025-11-14,https://res.cloudinary.com/dfqzmnlga/image/upload/v1762613973/2025-11-08/10808421.jpg
10808431,15.00,,Stearinlys,Glaslys,1,0,stk.,Netto,https://static.tilbudsugen.dk/1st-retail/2025/46/63858/Netto452025-1_30_1771x840_3243x2486_zoom.jpg,2025-11-08,2025-11-14,https://res.cloudinary.com/dfqzmnlga/image/upload/v1762613973/2025-11-08/10808431.jpg
10808433,40.00,,Bloklys,Bloklys,1,0,stk.,Netto,https://static.tilbudsugen.dk/1st-retail/2025/46/63858/Netto452025-1_30_3274x2541_4754x4595_zoom.jpg,2025-11-08,2025-11-14,https://res.cloudinary.com/dfqzmnlga/image/upload/v1762613974/2025-11-08/10808433.jpg
10808442,229.00,,Lys/lyskæder,Lyskæder,1,0,stk.,Netto,https://static.tilbudsugen.dk/1st-retail/2025/46/63858/Netto452025-1_31_2519x1832_4809x4241_zoom.jpg,2025-11-08,2025-11-14,https://res.cloudinary.com/dfqzmnlga/image/upload/v1762613974/2025-11-08/10808442.jpg
10808465,40.00,,Boligartikler,Kurv,1,0,stk.,Netto,https://static.tilbudsugen.dk/1st-retail/2025/46/63858/Netto452025-1_33_2495x4611_4699x6855_zoom.jpg,2025-11-08,2025-11-14,https://res.cloudinary.com/dfqzmnlga/image/upload/v1762613975/2025-11-08/10808465.jpg
10808489,30.00,,Sokker/Strømper,Strømper,1,0,pk.,Netto,https://static.tilbudsugen.dk/1st-retail/2025/46/63858/Netto452025-1_34_2448x2745_4864x4217_zoom.jpg,2025-11-08,2025-11-14,https://res.cloudinary.com/dfqzmnlga/image/upload/v1762613975/2025-11-08/10808489.jpg
10808492,25.00,,Smykker,Øreringe,1,0,stk.,Netto,https://static.tilbudsugen.dk/1st-retail/2025/46/63858/Netto452025-1_34_110x4107_2542x5634_zoom.jpg,2025-11-08,2025-11-14,https://res.cloudinary.com/dfqzmnlga/image/upload/v1762613976/2025-11-08/10808492.jpg
10808498,20.00,,Diverse bøger,Opgavebog,1,0,stk.,Netto,https://static.tilbudsugen.dk/1st-retail/2025/46/63858/Netto452025-1_35_213x266_2464x3509_zoom.jpg,2025-11-08,2025-11-14,https://res.cloudinary.com/dfqzmnlga/image/upload/v1762613976/2025-11-08/10808498.jpg
10808509,149.00,,"Hårtørrer, krøljern, trimmer m.m",Glattejern,1,0,stk.,Netto,https://static.tilbudsugen.dk/1st-retail/2025/46/63858/Netto452025-1_37_110x4800_2464x6650_zoom.jpg,2025-11-08,2025-12-12,https://res.cloudinary.com/dfqzmnlga/image/upload/v1762613977/2025-11-08/10808509.jpg
10808518,129.00,,Dametøj,Pyjamas,1,0,stk.,Netto,https://static.tilbudsugen.dk/1st-retail/2025/46/63858/Netto452025-1_37_165x3186_2723x5005_zoom.jpg,2025-11-08,2025-12-12,https://res.cloudinary.com/dfqzmnlga/image/upload/v1762613978/2025-11-08/10808518.jpg
10808387,79.00,,Jul,Julepynt,1,0,stk.,Netto,https://static.tilbudsugen.dk/1st-retail/2025/46/63858/Netto452025-1_27_2810x242_4746x2454_zoom.jpg,2025-11-08,2025-11-14,https://res.cloudinary.com/dfqzmnlga/image/upload/v1762613978/2025-11-08/10808387.jpg
10808520,25.00,Martinelia,Diverse legetøj,Legestyling,1,0,æsk.,Netto,https://static.tilbudsugen.dk/1st-retail/2025/46/63858/Netto452025-1_24_50x2540_2577x4712_zoom.jpg,2025-11-08,2025-11-14,https://res.cloudinary.com/dfqzmnlga/image/upload/v1762613979/2025-11-08/10808520.jpg
10808435,20.00,,Stearinlys,Havelys,1,0,stk.,Netto,https://static.tilbudsugen.dk/1st-retail/2025/46/63858/Netto452025-1_30_260x2478_1747x4595_zoom.jpg,2025-11-08,2025-11-14,https://res.cloudinary.com/dfqzmnlga/image/upload/v1762613980/2025-11-08/10808435.jpg
10808436,15.00,Nord Home LIving,Bloklys,Bloklys,1,0,pk.,Netto,https://static.tilbudsugen.dk/1st-retail/2025/46/63858/Netto452025-1_30_220x4635_1747x6839_zoom.jpg,2025-11-08,2025-11-14,https://res.cloudinary.com/dfqzmnlga/image/upload/v1762613980/2025-11-08/10808436.jpg
10808478,69.00,,Dametøj,Leggings,1,0,stk.,Netto,https://static.tilbudsugen.dk/1st-retail/2025/46/63858/Netto452025-1_34_2778x0_4911x2824_zoom.jpg,2025-11-08,2025-11-14,https://res.cloudinary.com/dfqzmnlga/image/upload/v1762613981/2025-11-08/10808478.jpg
10808485,30.00,,Damesko og støvler,Damehjemmesko,1,0,stk.,Netto,https://static.tilbudsugen.dk/1st-retail/2025/46/63858/Netto452025-1_34_2448x2745_4864x4217_zoom.jpg,2025-11-08,2025-11-14,https://res.cloudinary.com/dfqzmnlga/image/upload/v1762613982/2025-11-08/10808485.jpg
10808488,25.00,,Håraccessories,Hårpynt,1,0,stk.,Netto,https://static.tilbudsugen.dk/1st-retail/2025/46/63858/Netto452025-1_34_110x4107_2542x5634_zoom.jpg,2025-11-08,2025-11-14,https://res.cloudinary.com/dfqzmnlga/image/upload/v1762613982/2025-11-08/10808488.jpg
10808496,99.00,,Skønlitteratur,Skønlitteratur,1,0,stk.,Netto,https://static.tilbudsugen.dk/1st-retail/2025/46/63858/Netto452025-1_35_2550x3596_4707x6760_zoom.jpg,2025-11-08,2025-11-14,https://res.cloudinary.com/dfqzmnlga/image/upload/v1762613983/2025-11-08/10808496.jpg
10808497,69.00,,Skønlitteratur,Skønlitteratur,1,0,stk.,Netto,https://static.tilbudsugen.dk/1st-retail/2025/46/63858/Netto452025-1_35_260x3596_2479x6776_zoom.jpg,2025-11-08,2025-11-14,https://res.cloudinary.com/dfqzmnlga/image/upload/v1762613984/2025-11-08/10808497.jpg
10808514,199.00,,Boligtekstiler,Puder,1,0,stk.,Netto,https://static.tilbudsugen.dk/1st-retail/2025/46/63858/Netto452025-1_37_2346x4430_4943x6697_zoom.jpg,2025-11-08,2025-12-12,https://res.cloudinary.com/dfqzmnlga/image/upload/v1762613984/2025-11-08/10808514.jpg
10808516,129.00,,Boligtekstiler,Sengesæt,1,0,stk.,Netto,https://static.tilbudsugen.dk/1st-retail/2025/46/63858/Netto452025-1_37_165x3186_2723x5005_zoom.jpg,2025-11-08,2025-12-12,https://res.cloudinary.com/dfqzmnlga/image/upload/v1762613986/2025-11-08/10808516.jpg
10808530,49.00,Sinful,Diverse,Sexlegetøj,1,0,stk.,Netto,https://static.tilbudsugen.dk/1st-retail/2025/46/63858/Netto452025-1_37_2771x1769_3825x2690_zoom.jpg,2025-11-08,2025-12-12,https://res.cloudinary.com/dfqzmnlga/image/upload/v1762613986/2025-11-08/10808530.jpg
