data_id,price,brand,category,product_name,units,quantity,unit_type,store_name,image_url,start_date,end_date,public_urls
10970304,8.00,Hello Sensitive,Babypleje,Vådservietter,1,100,pk.,Netto,https://static.tilbudsugen.dk/1st-retail/2026/9/64663/Netto82026-1_8_87x270_2484x3278_zoom.jpg,2026-02-21,2026-02-27,https://res.cloudinary.com/dfqzmnlga/image/upload/v1771644989/2026-02-21/10970304.jpg
10970370,20.00,,Papir,Servietter,1,50,pk.,Netto,https://static.tilbudsugen.dk/1st-retail/2026/9/64663/Netto82026-1_32_221x4640_2483x6784_zoom.jpg,2026-02-21,2026-02-27,https://res.cloudinary.com/dfqzmnlga/image/upload/v1771644990/2026-02-21/10970370.jpg
10970680,75.00,Livol Multi,Vitaminer,Vitaminer,1,165,gl.,Netto,https://static.tilbudsugen.dk/1st-retail/2026/9/64663/Netto82026-1_29_3320x4804_4845x6875_zoom.jpg,2026-02-21,2026-02-27,https://res.cloudinary.com/dfqzmnlga/image/upload/v1771644990/2026-02-21/10970680.jpg
10970684,75.00,Livol Multi,Kosttilskud,Mineraler,1,165,bg.,Netto,https://static.tilbudsugen.dk/1st-retail/2026/9/64663/Netto82026-1_29_3320x4804_4845x6875_zoom.jpg,2026-02-21,2026-02-27,https://res.cloudinary.com/dfqzmnlga/image/upload/v1771644991/2026-02-21/10970684.jpg
10970656,28.00,Libresse,Intimhygiejne,Regular Black Trusseindlæg,1,60,pk.,Netto,https://static.tilbudsugen.dk/1st-retail/2026/9/64663/Netto82026-1_29_2448x822_4925x2871_zoom.jpg,2026-02-21,2026-02-27,https://res.cloudinary.com/dfqzmnlga/image/upload/v1771644991/2026-02-21/10970656.jpg
10970657,28.00,Libresse,Intimhygiejne,Regular Trusseindlæg,1,58,pk.,Netto,https://static.tilbudsugen.dk/1st-retail/2026/9/64663/Netto82026-1_29_2448x822_4925x2871_zoom.jpg,2026-02-21,2026-02-27,https://res.cloudinary.com/dfqzmnlga/image/upload/v1771644992/2026-02-21/10970657.jpg
10970481,10.00,Pickwick,Te,Fruit Variation Tebreve,1,20,pk.,Netto,https://static.tilbudsugen.dk/1st-retail/2026/9/64663/Netto82026-1_23_2492x110_4918x2777_zoom.jpg,2026-02-21,2026-02-27,https://res.cloudinary.com/dfqzmnlga/image/upload/v1771644992/2026-02-21/10970481.jpg
10970455,10.00,Pickwick,Te,Warming Chai Tebreve,1,20,pk.,Netto,https://static.tilbudsugen.dk/1st-retail/2026/9/64663/Netto82026-1_23_2492x110_4918x2777_zoom.jpg,2026-02-21,2026-02-27,https://res.cloudinary.com/dfqzmnlga/image/upload/v1771644993/2026-02-21/10970455.jpg
10970480,10.00,Pickwick,Te,Earl Grey Tebreve,1,20,pk.,Netto,https://static.tilbudsugen.dk/1st-retail/2026/9/64663/Netto82026-1_23_2492x110_4918x2777_zoom.jpg,2026-02-21,2026-02-27,https://res.cloudinary.com/dfqzmnlga/image/upload/v1771644993/2026-02-21/10970480.jpg
10970483,10.00,Pickwick,Te,Lemon Tebreve,1,20,pk.,Netto,https://static.tilbudsugen.dk/1st-retail/2026/9/64663/Netto82026-1_23_2492x110_4918x2777_zoom.jpg,2026-02-21,2026-02-27,https://res.cloudinary.com/dfqzmnlga/image/upload/v1771644994/2026-02-21/10970483.jpg
10970460,10.00,Pickwick,Te,Forest Fruit Tebreve,1,20,pk.,Netto,https://static.tilbudsugen.dk/1st-retail/2026/9/64663/Netto82026-1_23_2492x110_4918x2777_zoom.jpg,2026-02-21,2026-02-27,https://res.cloudinary.com/dfqzmnlga/image/upload/v1771644994/2026-02-21/10970460.jpg
10970461,10.00,Pickwick,Te,Green Tea Lemon Tebreve,1,20,pk.,Netto,https://static.tilbudsugen.dk/1st-retail/2026/9/64663/Netto82026-1_23_2492x110_4918x2777_zoom.jpg,2026-02-21,2026-02-27,https://res.cloudinary.com/dfqzmnlga/image/upload/v1771644995/2026-02-21/10970461.jpg
10970482,10.00,Pickwick,Te,Black Tea Variation Tebreve,1,20,pk.,Netto,https://static.tilbudsugen.dk/1st-retail/2026/9/64663/Netto82026-1_23_2492x110_4918x2777_zoom.jpg,2026-02-21,2026-02-27,https://res.cloudinary.com/dfqzmnlga/image/upload/v1771644995/2026-02-21/10970482.jpg
10970658,28.00,Libresse,Intimhygiejne,Long Trusseindlæg,1,50,pk.,Netto,https://static.tilbudsugen.dk/1st-retail/2026/9/64663/Netto82026-1_29_2448x822_4925x2871_zoom.jpg,2026-02-21,2026-02-27,https://res.cloudinary.com/dfqzmnlga/image/upload/v1771644996/2026-02-21/10970658.jpg
10970490,10.00,Pickwick,Te,Super Blends Immunity Tebreve,1,15,pk.,Netto,https://static.tilbudsugen.dk/1st-retail/2026/9/64663/Netto82026-1_23_2492x110_4918x2777_zoom.jpg,2026-02-21,2026-02-27,https://res.cloudinary.com/dfqzmnlga/image/upload/v1771644996/2026-02-21/10970490.jpg
10970655,28.00,Libresse,Intimhygiejne,Extra Long Trusseindlæg,1,38,pk.,Netto,https://static.tilbudsugen.dk/1st-retail/2026/9/64663/Netto82026-1_29_2448x822_4925x2871_zoom.jpg,2026-02-21,2026-02-27,https://res.cloudinary.com/dfqzmnlga/image/upload/v1771644997/2026-02-21/10970655.jpg
10970108,1.00,,Frugt,Blommer,1,1,stk.,Netto,https://static.tilbudsugen.dk/1st-retail/2026/9/64663/Netto82026-1_2_2368x670_4998x2552_zoom.jpg,2026-02-21,2026-02-27,https://res.cloudinary.com/dfqzmnlga/image/upload/v1771644998/2026-02-21/10970108.jpg
10970661,28.00,Tena,Intimhygiejne,Discreet Ultra Mini Trusseindlæg,1,28,pk.,Netto,https://static.tilbudsugen.dk/1st-retail/2026/9/64663/Netto82026-1_29_2448x822_4925x2871_zoom.jpg,2026-02-21,2026-02-27,https://res.cloudinary.com/dfqzmnlga/image/upload/v1771644998/2026-02-21/10970661.jpg
10970415,50.00,,Skriveartikler,Tusser,1,48,pk.,Netto,https://static.tilbudsugen.dk/1st-retail/2026/9/64663/Netto82026-1_36_222x4640_1766x6784_zoom.jpg,2026-02-21,2026-02-27,https://res.cloudinary.com/dfqzmnlga/image/upload/v1771644999/2026-02-21/10970415.jpg
10970652,28.00,Libresse,Intimhygiejne,Ultra Normal Wing Bind,1,26,pk.,Netto,https://static.tilbudsugen.dk/1st-retail/2026/9/64663/Netto82026-1_29_2448x822_4925x2871_zoom.jpg,2026-02-21,2026-02-27,https://res.cloudinary.com/dfqzmnlga/image/upload/v1771644999/2026-02-21/10970652.jpg
10970367,99.00,,Skriveartikler,Tusser,1,80,pk.,Netto,https://static.tilbudsugen.dk/1st-retail/2026/9/64663/Netto82026-1_32_2437x417_4757x3578_zoom.jpg,2026-02-21,2026-02-27,https://res.cloudinary.com/dfqzmnlga/image/upload/v1771645000/2026-02-21/10970367.jpg
10970653,28.00,Libresse,Intimhygiejne,Ultra Long Wing Bind,1,22,pk.,Netto,https://static.tilbudsugen.dk/1st-retail/2026/9/64663/Netto82026-1_29_2448x822_4925x2871_zoom.jpg,2026-02-21,2026-02-27,https://res.cloudinary.com/dfqzmnlga/image/upload/v1771645000/2026-02-21/10970653.jpg
10970654,28.00,Libresse,Intimhygiejne,Ultra Night Wing Bind,1,18,pk.,Netto,https://static.tilbudsugen.dk/1st-retail/2026/9/64663/Netto82026-1_29_2448x822_4925x2871_zoom.jpg,2026-02-21,2026-02-27,https://res.cloudinary.com/dfqzmnlga/image/upload/v1771645001/2026-02-21/10970654.jpg
10970677,79.00,Neophos,Opvask,Maskinopvask-tabs,1,40,pk.,Netto,https://static.tilbudsugen.dk/1st-retail/2026/9/64663/Netto82026-1_29_1707x4768_3334x6875_zoom.jpg,2026-02-21,2026-02-27,https://res.cloudinary.com/dfqzmnlga/image/upload/v1771645002/2026-02-21/10970677.jpg
10970355,20.00,Energizer,Ladere & batterier,Batterier,1,10,pk.,Netto,https://static.tilbudsugen.dk/1st-retail/2026/9/64663/Netto82026-1_31_2496x2483_4789x4627_zoom.jpg,2026-02-21,2026-02-27,https://res.cloudinary.com/dfqzmnlga/image/upload/v1771645002/2026-02-21/10970355.jpg
10970310,18.00,Classic,Husholdningspapir,Toiletpapir,1,8,pk.,Netto,https://static.tilbudsugen.dk/1st-retail/2026/9/64663/Netto82026-1_8_2470x205_4918x3278_zoom.jpg,2026-02-21,2026-02-27,https://res.cloudinary.com/dfqzmnlga/image/upload/v1771645003/2026-02-21/10970310.jpg
10970472,39.00,Americano,Kapselkaffe,Kaffekapsler,1,16,pk.,Netto,https://static.tilbudsugen.dk/1st-retail/2026/9/64663/Netto82026-1_23_22x4862_2506x6867_zoom.jpg,2026-02-21,2026-02-27,https://res.cloudinary.com/dfqzmnlga/image/upload/v1771645003/2026-02-21/10970472.jpg
10973136,39.00,Latte Macchiato Caramel,Kapselkaffe,Kaffekapsler,1,16,pk.,Netto,https://static.tilbudsugen.dk/1st-retail/2026/9/64663/Netto82026-1_23_22x4862_2506x6867_zoom.jpg,2026-02-21,2026-02-27,https://res.cloudinary.com/dfqzmnlga/image/upload/v1771645004/2026-02-21/10973136.jpg
10973137,39.00,Flat White,Kapselkaffe,Kaffekapsler,1,16,pk.,Netto,https://static.tilbudsugen.dk/1st-retail/2026/9/64663/Netto82026-1_23_22x4862_2506x6867_zoom.jpg,2026-02-21,2026-02-27,https://res.cloudinary.com/dfqzmnlga/image/upload/v1771645004/2026-02-21/10973137.jpg
10970462,25.00,Chocolate Hazelnut,Kapselkaffe,Kaffekapsler,1,10,pk.,Netto,https://static.tilbudsugen.dk/1st-retail/2026/9/64663/Netto82026-1_23_94x2857_2535x4891_zoom.jpg,2026-02-21,2026-02-27,https://res.cloudinary.com/dfqzmnlga/image/upload/v1771645004/2026-02-21/10970462.jpg
10970476,25.00,House Blend Lungo,Kapselkaffe,Kaffekapsler,1,10,pk.,Netto,https://static.tilbudsugen.dk/1st-retail/2026/9/64663/Netto82026-1_23_94x2857_2535x4891_zoom.jpg,2026-02-21,2026-02-27,https://res.cloudinary.com/dfqzmnlga/image/upload/v1771645005/2026-02-21/10970476.jpg
10970477,25.00,Ristretto Shot,Kapselkaffe,Kaffekapsler,1,10,pk.,Netto,https://static.tilbudsugen.dk/1st-retail/2026/9/64663/Netto82026-1_23_94x2857_2535x4891_zoom.jpg,2026-02-21,2026-02-27,https://res.cloudinary.com/dfqzmnlga/image/upload/v1771645006/2026-02-21/10970477.jpg
10970473,25.00,Espresso Roast,Kapselkaffe,Kaffekapsler,1,10,pk.,Netto,https://static.tilbudsugen.dk/1st-retail/2026/9/64663/Netto82026-1_23_94x2857_2535x4891_zoom.jpg,2026-02-21,2026-02-27,https://res.cloudinary.com/dfqzmnlga/image/upload/v1771645006/2026-02-21/10970473.jpg
10970474,25.00,Breakfast Blend,Kapselkaffe,Kaffekapsler,1,10,pk.,Netto,https://static.tilbudsugen.dk/1st-retail/2026/9/64663/Netto82026-1_23_94x2857_2535x4891_zoom.jpg,2026-02-21,2026-02-27,https://res.cloudinary.com/dfqzmnlga/image/upload/v1771645006/2026-02-21/10970474.jpg
10970475,25.00,Colombia,Kapselkaffe,Kaffekapsler,1,10,pk.,Netto,https://static.tilbudsugen.dk/1st-retail/2026/9/64663/Netto82026-1_23_94x2857_2535x4891_zoom.jpg,2026-02-21,2026-02-27,https://res.cloudinary.com/dfqzmnlga/image/upload/v1771645007/2026-02-21/10970475.jpg
10970659,28.00,Tena,Intimhygiejne,Discreet Extra Bind,1,10,pk.,Netto,https://static.tilbudsugen.dk/1st-retail/2026/9/64663/Netto82026-1_29_2448x822_4925x2871_zoom.jpg,2026-02-21,2026-02-27,https://res.cloudinary.com/dfqzmnlga/image/upload/v1771645007/2026-02-21/10970659.jpg
10970412,25.00,Frisko,Multipak,Champagnebrus Mini,1,8,pk.,Netto,https://static.tilbudsugen.dk/1st-retail/2026/9/64663/Netto82026-1_21_65x619_2608x2879_zoom.jpg,2026-02-21,2026-02-27,https://res.cloudinary.com/dfqzmnlga/image/upload/v1771645008/2026-02-21/10970412.jpg
10970385,25.00,Frisko,Multipak,Filur Mini ispinde,1,8,pk.,Netto,https://static.tilbudsugen.dk/1st-retail/2026/9/64663/Netto82026-1_21_65x619_2608x2879_zoom.jpg,2026-02-21,2026-02-27,https://res.cloudinary.com/dfqzmnlga/image/upload/v1771645008/2026-02-21/10970385.jpg
10970309,18.00,Classic,Husholdningspapir,Køkkenrulle,1,4,pk.,Netto,https://static.tilbudsugen.dk/1st-retail/2026/9/64663/Netto82026-1_8_2470x205_4918x3278_zoom.jpg,2026-02-21,2026-02-27,https://res.cloudinary.com/dfqzmnlga/image/upload/v1771645009/2026-02-21/10970309.jpg
10970660,28.00,Tena,Intimhygiejne,Discreet Maxi Night Bind,1,6,pk.,Netto,https://static.tilbudsugen.dk/1st-retail/2026/9/64663/Netto82026-1_29_2448x822_4925x2871_zoom.jpg,2026-02-21,2026-02-27,https://res.cloudinary.com/dfqzmnlga/image/upload/v1771645009/2026-02-21/10970660.jpg
10970424,59.00,,Syartikler,Hæklenåle,1,12,pk.,Netto,https://static.tilbudsugen.dk/1st-retail/2026/9/64663/Netto82026-1_37_2528x4751_4998x6595_zoom.jpg,2026-02-21,2026-03-27,https://res.cloudinary.com/dfqzmnlga/image/upload/v1771645010/2026-02-21/10970424.jpg
10970423,25.00,Mars,Multipak,Issnack Creame,1,5,pk.,Netto,https://static.tilbudsugen.dk/1st-retail/2026/9/64663/Netto82026-1_21_65x619_2608x2879_zoom.jpg,2026-02-21,2026-02-27,https://res.cloudinary.com/dfqzmnlga/image/upload/v1771645010/2026-02-21/10970423.jpg
10970420,25.00,Snickers,Multipak,Issnack Caramel,1,5,pk.,Netto,https://static.tilbudsugen.dk/1st-retail/2026/9/64663/Netto82026-1_21_65x619_2608x2879_zoom.jpg,2026-02-21,2026-02-27,https://res.cloudinary.com/dfqzmnlga/image/upload/v1771645011/2026-02-21/10970420.jpg
10970579,10.00,Mamone,Mel & Melblandinger,Hvedemel,1,2,ps.,Netto,https://static.tilbudsugen.dk/1st-retail/2026/9/64663/Netto82026-1_26_232x4535_2477x6729_zoom.jpg,2026-02-21,2026-02-27,https://res.cloudinary.com/dfqzmnlga/image/upload/v1771645012/2026-02-21/10970579.jpg
10970386,50.00,,Sokker/Strømper,Strømper,1,10,pk.,Netto,https://static.tilbudsugen.dk/1st-retail/2026/9/64663/Netto82026-1_34_2574x3754_4816x6817_zoom.jpg,2026-02-21,2026-02-27,https://res.cloudinary.com/dfqzmnlga/image/upload/v1771645013/2026-02-21/10970386.jpg
10970414,25.00,Snickers,Multipak,Issnack White,1,5,pk.,Netto,https://static.tilbudsugen.dk/1st-retail/2026/9/64663/Netto82026-1_21_65x619_2608x2879_zoom.jpg,2026-02-21,2026-02-27,https://res.cloudinary.com/dfqzmnlga/image/upload/v1771645014/2026-02-21/10970414.jpg
10970418,25.00,Snickers,Multipak,Issnack Creame,1,5,pk.,Netto,https://static.tilbudsugen.dk/1st-retail/2026/9/64663/Netto82026-1_21_65x619_2608x2879_zoom.jpg,2026-02-21,2026-02-27,https://res.cloudinary.com/dfqzmnlga/image/upload/v1771645014/2026-02-21/10970418.jpg
10970401,59.00,Playgo,Kreativitetslegetøj & puslespil,Modellervoks,1,10,pk.,Netto,https://static.tilbudsugen.dk/1st-retail/2026/9/64663/Netto82026-1_36_3271x4621_4718x6817_zoom.jpg,2026-02-21,2026-02-27,https://res.cloudinary.com/dfqzmnlga/image/upload/v1771645015/2026-02-21/10970401.jpg
10970422,59.00,,Garn,Strikkepinde,1,10,pk.,Netto,https://static.tilbudsugen.dk/1st-retail/2026/9/64663/Netto82026-1_37_2528x4751_4998x6595_zoom.jpg,2026-02-21,2026-03-27,https://res.cloudinary.com/dfqzmnlga/image/upload/v1771645015/2026-02-21/10970422.jpg
10970101,9.00,Raspberry,Sodavand,Hindbærsodavand,1,1,fl.,Netto,https://static.tilbudsugen.dk/1st-retail/2026/9/64663/Netto82026-1_1_51x4288_2688x6896_zoom.jpg,2026-02-21,2026-02-27,https://res.cloudinary.com/dfqzmnlga/image/upload/v1771645016/2026-02-21/10970101.jpg
10970103,9.00,Orange,Sodavand,Appelsinsodavand,1,1,fl.,Netto,https://static.tilbudsugen.dk/1st-retail/2026/9/64663/Netto82026-1_1_51x4288_2688x6896_zoom.jpg,2026-02-21,2026-02-27,https://res.cloudinary.com/dfqzmnlga/image/upload/v1771645017/2026-02-21/10970103.jpg
10970089,6.00,,Grønt,Løg,1,1,ps.,Netto,https://static.tilbudsugen.dk/1st-retail/2026/9/64663/Netto82026-1_11_2014x613_4907x3884_zoom.jpg,2026-02-21,2026-02-27,https://res.cloudinary.com/dfqzmnlga/image/upload/v1771645017/2026-02-21/10970089.jpg
10970100,9.00,Coca Cola Zero,Sodavand,Cola,1,1,fl.,Netto,https://static.tilbudsugen.dk/1st-retail/2026/9/64663/Netto82026-1_1_51x4288_2688x6896_zoom.jpg,2026-02-21,2026-02-27,https://res.cloudinary.com/dfqzmnlga/image/upload/v1771645018/2026-02-21/10970100.jpg
10970102,9.00,Exotic,Sodavand,Sodavand,1,1,fl.,Netto,https://static.tilbudsugen.dk/1st-retail/2026/9/64663/Netto82026-1_1_51x4288_2688x6896_zoom.jpg,2026-02-21,2026-02-27,https://res.cloudinary.com/dfqzmnlga/image/upload/v1771645018/2026-02-21/10970102.jpg
10970094,9.00,Coca Cola,Sodavand,Cola,1,1,fl.,Netto,https://static.tilbudsugen.dk/1st-retail/2026/9/64663/Netto82026-1_1_51x4288_2688x6896_zoom.jpg,2026-02-21,2026-02-27,https://res.cloudinary.com/dfqzmnlga/image/upload/v1771645019/2026-02-21/10970094.jpg
10970104,9.00,Lemon Zero,Sodavand,Lemonsodavand,1,1,fl.,Netto,https://static.tilbudsugen.dk/1st-retail/2026/9/64663/Netto82026-1_1_51x4288_2688x6896_zoom.jpg,2026-02-21,2026-02-27,https://res.cloudinary.com/dfqzmnlga/image/upload/v1771645019/2026-02-21/10970104.jpg
10970366,20.00,,Husholdningsartikler,Støvsugerposer,1,3,pk.,Netto,https://static.tilbudsugen.dk/1st-retail/2026/9/64663/Netto82026-1_31_254x1043_2483x3584_zoom.jpg,2026-02-21,2026-02-27,https://res.cloudinary.com/dfqzmnlga/image/upload/v1771645020/2026-02-21/10970366.jpg
10970616,7.00,Kingsway,Koncentreret Saft,Sport Frugtdrik,1,1,fl.,Netto,https://static.tilbudsugen.dk/1st-retail/2026/9/64663/Netto82026-1_27_2325x5167_4809x6875_zoom.jpg,2026-02-21,2026-02-27,https://res.cloudinary.com/dfqzmnlga/image/upload/v1771645020/2026-02-21/10970616.jpg
10970617,7.00,Kingsway,Koncentreret Saft,Jordbær Frugtdrik,1,1,fl.,Netto,https://static.tilbudsugen.dk/1st-retail/2026/9/64663/Netto82026-1_27_2325x5167_4809x6875_zoom.jpg,2026-02-21,2026-02-27,https://res.cloudinary.com/dfqzmnlga/image/upload/v1771645021/2026-02-21/10970617.jpg
10970614,7.00,Kingsway,Koncentreret Saft,Solbær Frugtdrik,1,1,fl.,Netto,https://static.tilbudsugen.dk/1st-retail/2026/9/64663/Netto82026-1_27_2325x5167_4809x6875_zoom.jpg,2026-02-21,2026-02-27,https://res.cloudinary.com/dfqzmnlga/image/upload/v1771645021/2026-02-21/10970614.jpg
10970615,7.00,Kingsway,Koncentreret Saft,Hindbær Frugtdrik,1,1,fl.,Netto,https://static.tilbudsugen.dk/1st-retail/2026/9/64663/Netto82026-1_27_2325x5167_4809x6875_zoom.jpg,2026-02-21,2026-02-27,https://res.cloudinary.com/dfqzmnlga/image/upload/v1771645022/2026-02-21/10970615.jpg
10970396,40.00,Hummel,Sokker/Strømper,Strømper,1,5,pk.,Netto,https://static.tilbudsugen.dk/1st-retail/2026/9/64663/Netto82026-1_35_2450x3571_4692x6771_zoom.jpg,2026-02-21,2026-02-27,https://res.cloudinary.com/dfqzmnlga/image/upload/v1771645022/2026-02-21/10970396.jpg
10970223,65.00,Pepsi Max,Sodavand,Cola 24 pk.,24,0,ds.,Netto,https://static.tilbudsugen.dk/1st-retail/2026/9/64663/Netto82026-1_5_2441x532_4954x3598_zoom.jpg,2026-02-21,2026-02-27,https://res.cloudinary.com/dfqzmnlga/image/upload/v1771645023/2026-02-21/10970223.jpg
10970220,65.00,Faxe Kondi,Sodavand,Sportssodavand 24 pk.,24,0,ds.,Netto,https://static.tilbudsugen.dk/1st-retail/2026/9/64663/Netto82026-1_5_2441x532_4954x3598_zoom.jpg,2026-02-21,2026-02-27,https://res.cloudinary.com/dfqzmnlga/image/upload/v1771645023/2026-02-21/10970220.jpg
10952740,25.00,Magnum,Multipak,La-Pistachie ispinde,1,3,pk.,Netto,https://static.tilbudsugen.dk/1st-retail/2026/7/64562/Netto62026-1_19_1673x2799_3366x4831_zoom.jpg,2026-02-01,2026-02-28,https://res.cloudinary.com/dfqzmnlga/image/upload/v1771645023/2026-02-21/10952740.jpg
10970413,25.00,Solero Exotic,Multipak,Ispinde,1,3,pk.,Netto,https://static.tilbudsugen.dk/1st-retail/2026/9/64663/Netto82026-1_21_65x619_2608x2879_zoom.jpg,2026-02-21,2026-02-27,https://res.cloudinary.com/dfqzmnlga/image/upload/v1771645024/2026-02-21/10970413.jpg
10952749,25.00,Magnum,Multipak,Double Gold Caramel ispinde,1,3,pk.,Netto,https://static.tilbudsugen.dk/1st-retail/2026/7/64562/Netto62026-1_19_1673x2799_3366x4831_zoom.jpg,2026-02-01,2026-02-28,https://res.cloudinary.com/dfqzmnlga/image/upload/v1771645025/2026-02-21/10952749.jpg
10952742,25.00,Magnum,Multipak,Euphoria Ispinde ,1,3,pk.,Netto,https://static.tilbudsugen.dk/1st-retail/2026/7/64562/Netto62026-1_19_1673x2799_3366x4831_zoom.jpg,2026-02-01,2026-02-28,https://res.cloudinary.com/dfqzmnlga/image/upload/v1771645026/2026-02-21/10952742.jpg
10970393,25.00,Magnum,Multipak,Euphoria Ispinde ,1,3,pk.,Netto,https://static.tilbudsugen.dk/1st-retail/2026/9/64663/Netto82026-1_21_2499x597_4911x2828_zoom.jpg,2026-02-21,2026-02-27,https://res.cloudinary.com/dfqzmnlga/image/upload/v1771645026/2026-02-21/10970393.jpg
10970394,25.00,Magnum,Multipak,Double Gold Caramel ispinde,1,3,pk.,Netto,https://static.tilbudsugen.dk/1st-retail/2026/9/64663/Netto82026-1_21_2499x597_4911x2828_zoom.jpg,2026-02-21,2026-02-27,https://res.cloudinary.com/dfqzmnlga/image/upload/v1771645027/2026-02-21/10970394.jpg
10952739,25.00,Magnum,Multipak,Almond ispinde,1,3,pk.,Netto,https://static.tilbudsugen.dk/1st-retail/2026/7/64562/Netto62026-1_19_1673x2799_3366x4831_zoom.jpg,2026-02-01,2026-02-28,https://res.cloudinary.com/dfqzmnlga/image/upload/v1771645027/2026-02-21/10952739.jpg
10952741,25.00,Magnum,Multipak,La-Peche ispinde,1,3,pk.,Netto,https://static.tilbudsugen.dk/1st-retail/2026/7/64562/Netto62026-1_19_1673x2799_3366x4831_zoom.jpg,2026-02-01,2026-02-28,https://res.cloudinary.com/dfqzmnlga/image/upload/v1771645028/2026-02-21/10952741.jpg
10970388,25.00,Magnum,Multipak,Classic ispinde,1,3,pk.,Netto,https://static.tilbudsugen.dk/1st-retail/2026/9/64663/Netto82026-1_21_2499x597_4911x2828_zoom.jpg,2026-02-21,2026-02-27,https://res.cloudinary.com/dfqzmnlga/image/upload/v1771645029/2026-02-21/10970388.jpg
10952738,25.00,Magnum,Multipak,Classic ispinde,1,3,pk.,Netto,https://static.tilbudsugen.dk/1st-retail/2026/7/64562/Netto62026-1_19_1673x2799_3366x4831_zoom.jpg,2026-02-01,2026-02-28,https://res.cloudinary.com/dfqzmnlga/image/upload/v1771645029/2026-02-21/10952738.jpg
10970390,25.00,Magnum,Multipak,Almond ispinde,1,3,pk.,Netto,https://static.tilbudsugen.dk/1st-retail/2026/9/64663/Netto82026-1_21_2499x597_4911x2828_zoom.jpg,2026-02-21,2026-02-27,https://res.cloudinary.com/dfqzmnlga/image/upload/v1771645029/2026-02-21/10970390.jpg
10970391,25.00,Magnum,Multipak,La-Pistachie ispinde,1,3,pk.,Netto,https://static.tilbudsugen.dk/1st-retail/2026/9/64663/Netto82026-1_21_2499x597_4911x2828_zoom.jpg,2026-02-21,2026-02-27,https://res.cloudinary.com/dfqzmnlga/image/upload/v1771645030/2026-02-21/10970391.jpg
10970392,25.00,Magnum,Multipak,La-Peche ispinde,1,3,pk.,Netto,https://static.tilbudsugen.dk/1st-retail/2026/9/64663/Netto82026-1_21_2499x597_4911x2828_zoom.jpg,2026-02-21,2026-02-27,https://res.cloudinary.com/dfqzmnlga/image/upload/v1771645030/2026-02-21/10970392.jpg
10970400,25.00,Hummel,Sokker/Strømper,Strømper,1,3,pk.,Netto,https://static.tilbudsugen.dk/1st-retail/2026/9/64663/Netto82026-1_35_202x3526_2431x6784_zoom.jpg,2026-02-21,2026-02-27,https://res.cloudinary.com/dfqzmnlga/image/upload/v1771645031/2026-02-21/10970400.jpg
10970115,9.00,Chef de Pomme,Kartofler,Pommes Frites Crinkle Cut,1,1,ps.,Netto,https://static.tilbudsugen.dk/1st-retail/2026/9/64663/Netto82026-1_2_65x2544_2397x4877_zoom.jpg,2026-02-21,2026-02-27,https://res.cloudinary.com/dfqzmnlga/image/upload/v1771645031/2026-02-21/10970115.jpg
10970117,9.00,Chef de Pomme,Kartofler,Pommes Frites Slim,1,1,ps.,Netto,https://static.tilbudsugen.dk/1st-retail/2026/9/64663/Netto82026-1_2_65x2544_2397x4877_zoom.jpg,2026-02-21,2026-02-27,https://res.cloudinary.com/dfqzmnlga/image/upload/v1771645032/2026-02-21/10970117.jpg
10970238,55.00,Pilsner,Øl,Øl 18 pk.,18,0,ds.,Netto,https://static.tilbudsugen.dk/1st-retail/2026/9/64663/Netto82026-1_5_65x3641_2521x6853_zoom.jpg,2026-02-21,2026-02-27,https://res.cloudinary.com/dfqzmnlga/image/upload/v1771645032/2026-02-21/10970238.jpg
10970232,55.00,Grøn,Øl,Øl 18 pk.,18,0,ds.,Netto,https://static.tilbudsugen.dk/1st-retail/2026/9/64663/Netto82026-1_5_65x3641_2521x6853_zoom.jpg,2026-02-21,2026-02-27,https://res.cloudinary.com/dfqzmnlga/image/upload/v1771645033/2026-02-21/10970232.jpg
10952872,79.00,Coca Cola Zero,Sodavand,Cola 24 pk.,24,0,fl.,Netto,https://static.tilbudsugen.dk/1st-retail/2026/7/64562/Netto62026-1_25_15x2395_2608x4649_zoom.jpg,2026-02-01,2026-02-28,https://res.cloudinary.com/dfqzmnlga/image/upload/v1771645033/2026-02-21/10952872.jpg
10970610,79.00,Coca Cola,Sodavand,Cola 24 pk.,24,0,fl.,Netto,https://static.tilbudsugen.dk/1st-retail/2026/9/64663/Netto82026-1_27_3225x2857_4940x5145_zoom.jpg,2026-02-01,2026-02-28,https://res.cloudinary.com/dfqzmnlga/image/upload/v1771645033/2026-02-21/10970610.jpg
10970611,79.00,Coca Cola Zero,Sodavand,Cola 24 pk.,24,0,fl.,Netto,https://static.tilbudsugen.dk/1st-retail/2026/9/64663/Netto82026-1_27_3225x2857_4940x5145_zoom.jpg,2026-02-01,2026-02-28,https://res.cloudinary.com/dfqzmnlga/image/upload/v1771645034/2026-02-21/10970611.jpg
10952867,79.00,Coca Cola,Sodavand,Cola 24 pk.,24,0,fl.,Netto,https://static.tilbudsugen.dk/1st-retail/2026/7/64562/Netto62026-1_25_15x2395_2608x4649_zoom.jpg,2026-02-01,2026-02-28,https://res.cloudinary.com/dfqzmnlga/image/upload/v1771645035/2026-02-21/10952867.jpg
10970222,10.00,Cappuccino,Iste & Iskaffe,Iskaffe,1,1,stk.,Netto,https://static.tilbudsugen.dk/1st-retail/2026/9/64663/Netto82026-1_17_39x3715_2437x6823_zoom.jpg,2026-02-21,2026-02-27,https://res.cloudinary.com/dfqzmnlga/image/upload/v1771645035/2026-02-21/10970222.jpg
10970359,10.00,Naturli',Vegetabilske drikke,Mandeldrik,1,1,stk.,Netto,https://static.tilbudsugen.dk/1st-retail/2026/9/64663/Netto82026-1_9_51x4390_4998x6889_zoom.jpg,2026-02-21,2026-02-27,https://res.cloudinary.com/dfqzmnlga/image/upload/v1771645036/2026-02-21/10970359.jpg
10970360,10.00,Oat Barista,Vegetabilske drikke,Havredrik,1,1,stk.,Netto,https://static.tilbudsugen.dk/1st-retail/2026/9/64663/Netto82026-1_9_51x4390_4998x6889_zoom.jpg,2026-02-21,2026-02-27,https://res.cloudinary.com/dfqzmnlga/image/upload/v1771645036/2026-02-21/10970360.jpg
10970361,10.00,Oat Barista Tasty Wiener,Vegetabilske drikke,Havredrik,1,1,stk.,Netto,https://static.tilbudsugen.dk/1st-retail/2026/9/64663/Netto82026-1_9_51x4390_4998x6889_zoom.jpg,2026-02-21,2026-02-27,https://res.cloudinary.com/dfqzmnlga/image/upload/v1771645036/2026-02-21/10970361.jpg
10970357,10.00,Naturli',Vegetabilske drikke,Havredrik,1,1,stk.,Netto,https://static.tilbudsugen.dk/1st-retail/2026/9/64663/Netto82026-1_9_51x4390_4998x6889_zoom.jpg,2026-02-21,2026-02-27,https://res.cloudinary.com/dfqzmnlga/image/upload/v1771645037/2026-02-21/10970357.jpg
10970221,10.00,Wiener ,Iste & Iskaffe,Iskaffe,1,1,stk.,Netto,https://static.tilbudsugen.dk/1st-retail/2026/9/64663/Netto82026-1_17_39x3715_2437x6823_zoom.jpg,2026-02-21,2026-02-27,https://res.cloudinary.com/dfqzmnlga/image/upload/v1771645037/2026-02-21/10970221.jpg
10970358,10.00,Naturli',Vegetabilske drikke,Mandeldrik,1,1,stk.,Netto,https://static.tilbudsugen.dk/1st-retail/2026/9/64663/Netto82026-1_9_51x4390_4998x6889_zoom.jpg,2026-02-21,2026-02-27,https://res.cloudinary.com/dfqzmnlga/image/upload/v1771645038/2026-02-21/10970358.jpg
10970362,10.00,Naturli',Vegetabilske drikke,Soyadrik Vanilje,1,1,stk.,Netto,https://static.tilbudsugen.dk/1st-retail/2026/9/64663/Netto82026-1_9_51x4390_4998x6889_zoom.jpg,2026-02-21,2026-02-27,https://res.cloudinary.com/dfqzmnlga/image/upload/v1771645038/2026-02-21/10970362.jpg
10970600,10.00,Rynkeby,Sodavand,Frugtbrus Lime & Citron,1,1,fl.,Netto,https://static.tilbudsugen.dk/1st-retail/2026/9/64663/Netto82026-1_27_43x2879_1605x5160_zoom.jpg,2026-02-21,2026-02-27,https://res.cloudinary.com/dfqzmnlga/image/upload/v1771645039/2026-02-21/10970600.jpg
10970603,5.00,Lemon-Lime,Energi- Sports- & Vitamindrikke,Energidrik,1,0,ds.,Netto,https://static.tilbudsugen.dk/1st-retail/2026/9/64663/Netto82026-1_27_755x5225_2397x6817_zoom.jpg,2026-02-21,2026-02-27,https://res.cloudinary.com/dfqzmnlga/image/upload/v1771645040/2026-02-21/10970603.jpg
10970599,10.00,Rynkeby,Sodavand,Frugtbrus Appelsin & Mandarin,1,1,fl.,Netto,https://static.tilbudsugen.dk/1st-retail/2026/9/64663/Netto82026-1_27_43x2879_1605x5160_zoom.jpg,2026-02-21,2026-02-27,https://res.cloudinary.com/dfqzmnlga/image/upload/v1771645040/2026-02-21/10970599.jpg
10970363,10.00,Naturli',Iste & Iskaffe,Iskaffe,1,1,stk.,Netto,https://static.tilbudsugen.dk/1st-retail/2026/9/64663/Netto82026-1_9_51x4390_4998x6889_zoom.jpg,2026-02-21,2026-02-27,https://res.cloudinary.com/dfqzmnlga/image/upload/v1771645041/2026-02-21/10970363.jpg
10970601,10.00,Rynkeby,Sodavand,Frugtbrus Pink Grape & Tranebær,1,1,fl.,Netto,https://static.tilbudsugen.dk/1st-retail/2026/9/64663/Netto82026-1_27_43x2879_1605x5160_zoom.jpg,2026-02-21,2026-02-27,https://res.cloudinary.com/dfqzmnlga/image/upload/v1771645041/2026-02-21/10970601.jpg
10970085,10.00,Det Gode,Rugbrød i Skiver,Solsikkerugbrød,1,0,pk.,Netto,https://static.tilbudsugen.dk/1st-retail/2026/9/64663/Netto82026-1_1_2419x1331_4962x4332_zoom.jpg,2026-02-21,2026-02-27,https://res.cloudinary.com/dfqzmnlga/image/upload/v1771645042/2026-02-21/10970085.jpg
10970242,55.00,Classic,Øl,Øl 15 pk.,15,0,ds.,Netto,https://static.tilbudsugen.dk/1st-retail/2026/9/64663/Netto82026-1_5_65x3641_2521x6853_zoom.jpg,2026-02-21,2026-02-27,https://res.cloudinary.com/dfqzmnlga/image/upload/v1771645043/2026-02-21/10970242.jpg
10970244,55.00,"Classic 0,0",Alkoholfrie Øl,Øl - Alkoholfri 15 pk.,15,0,ds.,Netto,https://static.tilbudsugen.dk/1st-retail/2026/9/64663/Netto82026-1_5_65x3641_2521x6853_zoom.jpg,2026-02-21,2026-02-27,https://res.cloudinary.com/dfqzmnlga/image/upload/v1771645043/2026-02-21/10970244.jpg
10970211,14.00,Løgismose,Mælk,Letmælk,1,1,krt.,Netto,https://static.tilbudsugen.dk/1st-retail/2026/9/64663/Netto82026-1_16_1681x163_4855x2620_zoom.jpg,2026-02-21,2026-02-27,https://res.cloudinary.com/dfqzmnlga/image/upload/v1771645044/2026-02-21/10970211.jpg
10970210,14.00,Løgismose,Mælk,Skummetmælk,1,1,krt.,Netto,https://static.tilbudsugen.dk/1st-retail/2026/9/64663/Netto82026-1_16_1681x163_4855x2620_zoom.jpg,2026-02-21,2026-02-27,https://res.cloudinary.com/dfqzmnlga/image/upload/v1771645044/2026-02-21/10970210.jpg
10970212,14.00,Løgismose,Mælk,Sødmælk,1,1,krt.,Netto,https://static.tilbudsugen.dk/1st-retail/2026/9/64663/Netto82026-1_16_1681x163_4855x2620_zoom.jpg,2026-02-21,2026-02-27,https://res.cloudinary.com/dfqzmnlga/image/upload/v1771645044/2026-02-21/10970212.jpg
10970181,14.00,Løgismose,Mælk,Minimælk,1,1,krt.,Netto,https://static.tilbudsugen.dk/1st-retail/2026/9/64663/Netto82026-1_16_1681x163_4855x2620_zoom.jpg,2026-02-21,2026-02-27,https://res.cloudinary.com/dfqzmnlga/image/upload/v1771645045/2026-02-21/10970181.jpg
10970118,9.00,Chef de Pomme,Kartofler,Potato Grids,1,0,ps.,Netto,https://static.tilbudsugen.dk/1st-retail/2026/9/64663/Netto82026-1_2_65x2544_2397x4877_zoom.jpg,2026-02-21,2026-02-27,https://res.cloudinary.com/dfqzmnlga/image/upload/v1771645045/2026-02-21/10970118.jpg
10970119,9.00,Chef de Pomme,Kartofler,Curly Fries,1,0,ps.,Netto,https://static.tilbudsugen.dk/1st-retail/2026/9/64663/Netto82026-1_2_65x2544_2397x4877_zoom.jpg,2026-02-21,2026-02-27,https://res.cloudinary.com/dfqzmnlga/image/upload/v1771645046/2026-02-21/10970119.jpg
10970372,30.00,,Tasker,Toilettaske,1,2,stk.,Netto,https://static.tilbudsugen.dk/1st-retail/2026/9/64663/Netto82026-1_33_2528x841_4705x3676_zoom.jpg,2026-02-21,2026-02-27,https://res.cloudinary.com/dfqzmnlga/image/upload/v1771645046/2026-02-21/10970372.jpg
10970113,15.00,ØGO,Ris,Brune ris,1,1,ps.,Netto,https://static.tilbudsugen.dk/1st-retail/2026/9/64663/Netto82026-1_12_2509x5188_3721x6836_zoom.jpg,2026-02-21,2026-02-27,https://res.cloudinary.com/dfqzmnlga/image/upload/v1771645047/2026-02-21/10970113.jpg
10970192,15.00,Løgismose,Syrnet morgenmad,Pære & Banan Yoghurt ,1,1,krt.,Netto,https://static.tilbudsugen.dk/1st-retail/2026/9/64663/Netto82026-1_16_1629x2581_3232x4673_zoom.jpg,2026-02-21,2026-02-27,https://res.cloudinary.com/dfqzmnlga/image/upload/v1771645047/2026-02-21/10970192.jpg
10970191,15.00,Løgismose,Syrnet morgenmad,Appelsin Yoghurt ,1,1,krt.,Netto,https://static.tilbudsugen.dk/1st-retail/2026/9/64663/Netto82026-1_16_1629x2581_3232x4673_zoom.jpg,2026-02-21,2026-02-27,https://res.cloudinary.com/dfqzmnlga/image/upload/v1771645048/2026-02-21/10970191.jpg
10970193,15.00,Løgismose,Syrnet morgenmad,Naturel Yoghurt ,1,1,krt.,Netto,https://static.tilbudsugen.dk/1st-retail/2026/9/64663/Netto82026-1_16_1629x2581_3232x4673_zoom.jpg,2026-02-21,2026-02-27,https://res.cloudinary.com/dfqzmnlga/image/upload/v1771645048/2026-02-21/10970193.jpg
10970083,10.00,Det Gode,Brød,Femkornsbrød,1,0,stk.,Netto,https://static.tilbudsugen.dk/1st-retail/2026/9/64663/Netto82026-1_1_2419x1331_4962x4332_zoom.jpg,2026-02-21,2026-02-27,https://res.cloudinary.com/dfqzmnlga/image/upload/v1771645049/2026-02-21/10970083.jpg
10970678,79.00,Omo,Vaskemiddel,Vaskepulver,1,4,pk.,Netto,https://static.tilbudsugen.dk/1st-retail/2026/9/64663/Netto82026-1_29_1707x4768_3334x6875_zoom.jpg,2026-02-21,2026-02-27,https://res.cloudinary.com/dfqzmnlga/image/upload/v1771645049/2026-02-21/10970678.jpg
10970144,18.00,Cheasy,Syrnet morgenmad,Vanilje Skyr ,1,1,bg.,Netto,https://static.tilbudsugen.dk/1st-retail/2026/9/64663/Netto82026-1_3_22x277_2521x3612_zoom.jpg,2026-02-21,2026-02-27,https://res.cloudinary.com/dfqzmnlga/image/upload/v1771645049/2026-02-21/10970144.jpg
10970127,18.00,Karolines,"Suppe, Boullion & Fond",Karrysuppe,1,1,krt.,Netto,https://static.tilbudsugen.dk/1st-retail/2026/9/64663/Netto82026-1_2_2390x4739_4896x6838_zoom.jpg,2026-02-21,2026-02-27,https://res.cloudinary.com/dfqzmnlga/image/upload/v1771645050/2026-02-21/10970127.jpg
10970128,18.00,Karolines,"Suppe, Boullion & Fond",Tomatsuppe,1,1,krt.,Netto,https://static.tilbudsugen.dk/1st-retail/2026/9/64663/Netto82026-1_2_2390x4739_4896x6838_zoom.jpg,2026-02-21,2026-02-27,https://res.cloudinary.com/dfqzmnlga/image/upload/v1771645051/2026-02-21/10970128.jpg
10970132,18.00,Pink lady,Frugt,Æbler,1,1,bk.,Netto,https://static.tilbudsugen.dk/1st-retail/2026/9/64663/Netto82026-1_13_26x3037_4874x5129_zoom.jpg,2026-02-21,2026-02-27,https://res.cloudinary.com/dfqzmnlga/image/upload/v1771645051/2026-02-21/10970132.jpg
10970112,9.00,La Campagna,Pasta,Lasagneplader,1,0,pk.,Netto,https://static.tilbudsugen.dk/1st-retail/2026/9/64663/Netto82026-1_12_2502x3330_3727x4973_zoom.jpg,2026-02-21,2026-02-27,https://res.cloudinary.com/dfqzmnlga/image/upload/v1771645051/2026-02-21/10970112.jpg
10970129,18.00,Karolines,"Suppe, Boullion & Fond",Kartoffel-Porresuppe,1,1,krt.,Netto,https://static.tilbudsugen.dk/1st-retail/2026/9/64663/Netto82026-1_2_2390x4739_4896x6838_zoom.jpg,2026-02-21,2026-02-27,https://res.cloudinary.com/dfqzmnlga/image/upload/v1771645052/2026-02-21/10970129.jpg
10970143,18.00,Cheasy,Syrnet morgenmad,Skovbær Skyr ,1,1,bg.,Netto,https://static.tilbudsugen.dk/1st-retail/2026/9/64663/Netto82026-1_3_22x277_2521x3612_zoom.jpg,2026-02-21,2026-02-27,https://res.cloudinary.com/dfqzmnlga/image/upload/v1771645053/2026-02-21/10970143.jpg
10970145,18.00,Cheasy,Syrnet morgenmad,Naturel Skyr ,1,1,bg.,Netto,https://static.tilbudsugen.dk/1st-retail/2026/9/64663/Netto82026-1_3_22x277_2521x3612_zoom.jpg,2026-02-21,2026-02-27,https://res.cloudinary.com/dfqzmnlga/image/upload/v1771645053/2026-02-21/10970145.jpg
10970146,18.00,Cheasy,Syrnet morgenmad,Mango & Lime Skyr ,1,1,bg.,Netto,https://static.tilbudsugen.dk/1st-retail/2026/9/64663/Netto82026-1_3_22x277_2521x3612_zoom.jpg,2026-02-21,2026-02-27,https://res.cloudinary.com/dfqzmnlga/image/upload/v1771645053/2026-02-21/10970146.jpg
10970147,18.00,Cheasy,Syrnet morgenmad,Passion & Banan Skyr,1,1,bg.,Netto,https://static.tilbudsugen.dk/1st-retail/2026/9/64663/Netto82026-1_3_22x277_2521x3612_zoom.jpg,2026-02-21,2026-02-27,https://res.cloudinary.com/dfqzmnlga/image/upload/v1771645054/2026-02-21/10970147.jpg
10970679,79.00,Neutral,Vaskemiddel,Vaskepulver,1,4,pk.,Netto,https://static.tilbudsugen.dk/1st-retail/2026/9/64663/Netto82026-1_29_1707x4768_3334x6875_zoom.jpg,2026-02-21,2026-02-27,https://res.cloudinary.com/dfqzmnlga/image/upload/v1771645054/2026-02-21/10970679.jpg
10970107,13.00,Samsø Syltefabrik,Grønt-syltet,Rødkål-syltet,1,0,gl.,Netto,https://static.tilbudsugen.dk/1st-retail/2026/9/64663/Netto82026-1_12_3721x1447_4946x3122_zoom.jpg,2026-02-21,2026-02-27,https://res.cloudinary.com/dfqzmnlga/image/upload/v1771645055/2026-02-21/10970107.jpg
10970280,19.00,Heinz,Ketchup,Ketchup,1,1,fl.,Netto,https://static.tilbudsugen.dk/1st-retail/2026/9/64663/Netto82026-1_7_58x3547_2470x6838_zoom.jpg,2026-02-21,2026-02-27,https://res.cloudinary.com/dfqzmnlga/image/upload/v1771645055/2026-02-21/10970280.jpg
10970306,18.00,Bamseline,Skyllemiddel,Skyllemiddel,1,0,stk.,Netto,https://static.tilbudsugen.dk/1st-retail/2026/9/64663/Netto82026-1_8_51x3307_2586x6846_zoom.jpg,2026-02-21,2026-02-27,https://res.cloudinary.com/dfqzmnlga/image/upload/v1771645056/2026-02-21/10970306.jpg
10970612,79.00,Ultra Energy,Energi- Sports- & Vitamindrikke,Energidrik 8 pk.,8,0,ds.,Netto,https://static.tilbudsugen.dk/1st-retail/2026/9/64663/Netto82026-1_27_3225x2857_4940x5145_zoom.jpg,2026-02-01,2026-02-28,https://res.cloudinary.com/dfqzmnlga/image/upload/v1771645056/2026-02-21/10970612.jpg
10952873,79.00,Ultra Energy,Energi- Sports- & Vitamindrikke,Energidrik 8 pk.,8,0,ds.,Netto,https://static.tilbudsugen.dk/1st-retail/2026/7/64562/Netto62026-1_25_15x2395_2608x4649_zoom.jpg,2026-02-01,2026-02-28,https://res.cloudinary.com/dfqzmnlga/image/upload/v1771645057/2026-02-21/10952873.jpg
10952874,79.00,Energy,Energi- Sports- & Vitamindrikke,Energidrik 8 pk.,8,0,ds.,Netto,https://static.tilbudsugen.dk/1st-retail/2026/7/64562/Netto62026-1_25_15x2395_2608x4649_zoom.jpg,2026-02-01,2026-02-28,https://res.cloudinary.com/dfqzmnlga/image/upload/v1771645057/2026-02-21/10952874.jpg
10970613,79.00,Energy,Energi- Sports- & Vitamindrikke,Energidrik 8 pk.,8,0,ds.,Netto,https://static.tilbudsugen.dk/1st-retail/2026/9/64663/Netto82026-1_27_3225x2857_4940x5145_zoom.jpg,2026-02-01,2026-02-28,https://res.cloudinary.com/dfqzmnlga/image/upload/v1771645058/2026-02-21/10970613.jpg
10970209,10.00,Booster Original,Energi- Sports- & Vitamindrikke,Energidrik,1,0,ds.,Netto,https://static.tilbudsugen.dk/1st-retail/2026/9/64663/Netto82026-1_5_80x161_2310x3612_zoom.jpg,2026-02-21,2026-02-27,https://res.cloudinary.com/dfqzmnlga/image/upload/v1771645058/2026-02-21/10970209.jpg
10970670,10.00,Vel,Opvask,Opvaskemiddel,1,0,fl.,Netto,https://static.tilbudsugen.dk/1st-retail/2026/9/64663/Netto82026-1_29_87x4862_1656x6846_zoom.jpg,2026-02-21,2026-02-27,https://res.cloudinary.com/dfqzmnlga/image/upload/v1771645059/2026-02-21/10970670.jpg
10970686,10.00,Vel,Opvask,Opvaskemiddel,1,0,fl.,Netto,https://static.tilbudsugen.dk/1st-retail/2026/9/64663/Netto82026-1_29_87x4862_1656x6846_zoom.jpg,2026-02-21,2026-02-27,https://res.cloudinary.com/dfqzmnlga/image/upload/v1771645059/2026-02-21/10970686.jpg
10970692,10.00,at home CLEAN,Opvask,Afspændingsmiddel,1,0,fl.,Netto,https://static.tilbudsugen.dk/1st-retail/2026/9/64663/Netto82026-1_29_87x4862_1656x6846_zoom.jpg,2026-02-21,2026-02-27,https://res.cloudinary.com/dfqzmnlga/image/upload/v1771645059/2026-02-21/10970692.jpg
10970217,10.00,Booster Original Zero,Energi- Sports- & Vitamindrikke,Energidrik,1,0,ds.,Netto,https://static.tilbudsugen.dk/1st-retail/2026/9/64663/Netto82026-1_5_80x161_2310x3612_zoom.jpg,2026-02-21,2026-02-27,https://res.cloudinary.com/dfqzmnlga/image/upload/v1771645060/2026-02-21/10970217.jpg
10970218,10.00,Booster Red Berry Boost,Energi- Sports- & Vitamindrikke,Energidrik,1,0,ds.,Netto,https://static.tilbudsugen.dk/1st-retail/2026/9/64663/Netto82026-1_5_80x161_2310x3612_zoom.jpg,2026-02-21,2026-02-27,https://res.cloudinary.com/dfqzmnlga/image/upload/v1771645060/2026-02-21/10970218.jpg
10970239,10.00,Booster Citrus Boost,Energi- Sports- & Vitamindrikke,Energidrik,1,0,ds.,Netto,https://static.tilbudsugen.dk/1st-retail/2026/9/64663/Netto82026-1_5_80x161_2310x3612_zoom.jpg,2026-02-21,2026-02-27,https://res.cloudinary.com/dfqzmnlga/image/upload/v1771645061/2026-02-21/10970239.jpg
10970084,10.00,Det Gode,Brød,Solsikkeboller,1,0,ps.,Netto,https://static.tilbudsugen.dk/1st-retail/2026/9/64663/Netto82026-1_1_2419x1331_4962x4332_zoom.jpg,2026-02-21,2026-02-27,https://res.cloudinary.com/dfqzmnlga/image/upload/v1771645061/2026-02-21/10970084.jpg
10970570,5.00,Mamone,Sukker,Flormelis,1,0,pk.,Netto,https://static.tilbudsugen.dk/1st-retail/2026/9/64663/Netto82026-1_26_1736x2312_2971x4630_zoom.jpg,2026-02-21,2026-02-27,https://res.cloudinary.com/dfqzmnlga/image/upload/v1771645062/2026-02-21/10970570.jpg
10970312,15.00,Peka,Færdigretter Køl,Flødekartofler,1,0,ps.,Netto,https://static.tilbudsugen.dk/1st-retail/2026/9/64663/Netto82026-1_20_39x4868_2698x6810_zoom.jpg,2026-02-21,2026-02-27,https://res.cloudinary.com/dfqzmnlga/image/upload/v1771645062/2026-02-21/10970312.jpg
10970313,15.00,Peka,Færdigretter Køl,Flødekartofler med peberfrugt,1,0,ps.,Netto,https://static.tilbudsugen.dk/1st-retail/2026/9/64663/Netto82026-1_20_39x4868_2698x6810_zoom.jpg,2026-02-21,2026-02-27,https://res.cloudinary.com/dfqzmnlga/image/upload/v1771645062/2026-02-21/10970313.jpg
10970502,8.00,Mex & Co,Mexicansk,Tortillawrap,1,0,pk.,Netto,https://static.tilbudsugen.dk/1st-retail/2026/9/64663/Netto82026-1_24_73x394_2601x2523_zoom.jpg,2026-02-21,2026-02-27,https://res.cloudinary.com/dfqzmnlga/image/upload/v1771645063/2026-02-21/10970502.jpg
10970163,20.00,innocent,Juice,"Ananas, jordbær & æblejuice",1,0,fl.,Netto,https://static.tilbudsugen.dk/1st-retail/2026/9/64663/Netto82026-1_3_2419x3511_4904x6867_zoom.jpg,2026-02-21,2026-02-27,https://res.cloudinary.com/dfqzmnlga/image/upload/v1771645063/2026-02-21/10970163.jpg
10970154,20.00,innocent,Juice,Tropisk Juice,1,0,fl.,Netto,https://static.tilbudsugen.dk/1st-retail/2026/9/64663/Netto82026-1_3_2419x3511_4904x6867_zoom.jpg,2026-02-21,2026-02-27,https://res.cloudinary.com/dfqzmnlga/image/upload/v1771645063/2026-02-21/10970154.jpg
10970162,20.00,innocent,Juice,Æblejuice,1,0,fl.,Netto,https://static.tilbudsugen.dk/1st-retail/2026/9/64663/Netto82026-1_3_2419x3511_4904x6867_zoom.jpg,2026-02-21,2026-02-27,https://res.cloudinary.com/dfqzmnlga/image/upload/v1771645064/2026-02-21/10970162.jpg
10970161,20.00,innocent,Juice,"Æblejuice, Hindbær",1,0,fl.,Netto,https://static.tilbudsugen.dk/1st-retail/2026/9/64663/Netto82026-1_3_2419x3511_4904x6867_zoom.jpg,2026-02-21,2026-02-27,https://res.cloudinary.com/dfqzmnlga/image/upload/v1771645064/2026-02-21/10970161.jpg
10970164,20.00,innocent,Juice,Appelsinjuice med frugtkød,1,0,fl.,Netto,https://static.tilbudsugen.dk/1st-retail/2026/9/64663/Netto82026-1_3_2419x3511_4904x6867_zoom.jpg,2026-02-21,2026-02-27,https://res.cloudinary.com/dfqzmnlga/image/upload/v1771645066/2026-02-21/10970164.jpg
10970165,20.00,innocent,Juice,Appelsinjuice Gulerod,1,0,fl.,Netto,https://static.tilbudsugen.dk/1st-retail/2026/9/64663/Netto82026-1_3_2419x3511_4904x6867_zoom.jpg,2026-02-21,2026-02-27,https://res.cloudinary.com/dfqzmnlga/image/upload/v1771645066/2026-02-21/10970165.jpg
10970166,20.00,innocent,Juice,"Æblejuice, Druer, Pære & Granatæble",1,0,fl.,Netto,https://static.tilbudsugen.dk/1st-retail/2026/9/64663/Netto82026-1_3_2419x3511_4904x6867_zoom.jpg,2026-02-21,2026-02-27,https://res.cloudinary.com/dfqzmnlga/image/upload/v1771645067/2026-02-21/10970166.jpg
10970172,20.00,Limited Edition,Juice,Summer Crush Juice,1,0,fl.,Netto,https://static.tilbudsugen.dk/1st-retail/2026/9/64663/Netto82026-1_3_2419x3511_4904x6867_zoom.jpg,2026-02-21,2026-02-27,https://res.cloudinary.com/dfqzmnlga/image/upload/v1771645067/2026-02-21/10970172.jpg
10970593,12.00,Defence Citrus og Hyldeblomst,Energi- Sports- & Vitamindrikke,Vitamindrik,1,0,fl.,Netto,https://static.tilbudsugen.dk/1st-retail/2026/9/64663/Netto82026-1_27_3240x546_4925x2842_zoom.jpg,2026-02-21,2026-02-27,https://res.cloudinary.com/dfqzmnlga/image/upload/v1771645067/2026-02-21/10970593.jpg
10970595,12.00,Boost,Energi- Sports- & Vitamindrikke,Vitamindrik,1,0,fl.,Netto,https://static.tilbudsugen.dk/1st-retail/2026/9/64663/Netto82026-1_27_3240x546_4925x2842_zoom.jpg,2026-02-21,2026-02-27,https://res.cloudinary.com/dfqzmnlga/image/upload/v1771645068/2026-02-21/10970595.jpg
10970109,12.00,Zelected,Saucer,Bechamel Sauce,1,0,krt.,Netto,https://static.tilbudsugen.dk/1st-retail/2026/9/64663/Netto82026-1_12_3688x3382_4946x4966_zoom.jpg,2026-02-21,2026-02-27,https://res.cloudinary.com/dfqzmnlga/image/upload/v1771645069/2026-02-21/10970109.jpg
10970216,12.00,Arla Protein,Mellemmåltider,Proteindrik Chocolate,1,0,fl.,Netto,https://static.tilbudsugen.dk/1st-retail/2026/9/64663/Netto82026-1_17_2450x3715_4985x6849_zoom.jpg,2026-02-21,2026-02-27,https://res.cloudinary.com/dfqzmnlga/image/upload/v1771645069/2026-02-21/10970216.jpg
10970592,12.00,Zero Pineapple,Energi- Sports- & Vitamindrikke,Vitamindrik,1,0,fl.,Netto,https://static.tilbudsugen.dk/1st-retail/2026/9/64663/Netto82026-1_27_3240x546_4925x2842_zoom.jpg,2026-02-21,2026-02-27,https://res.cloudinary.com/dfqzmnlga/image/upload/v1771645070/2026-02-21/10970592.jpg
10970586,12.00,Nobe,Saft,Drikkeklar saft Jordbær,1,0,fl.,Netto,https://static.tilbudsugen.dk/1st-retail/2026/9/64663/Netto82026-1_27_3240x546_4925x2842_zoom.jpg,2026-02-21,2026-02-27,https://res.cloudinary.com/dfqzmnlga/image/upload/v1771645070/2026-02-21/10970586.jpg
10970587,12.00,Nobe,Saft,Drikkeklar saft Citron,1,0,fl.,Netto,https://static.tilbudsugen.dk/1st-retail/2026/9/64663/Netto82026-1_27_3240x546_4925x2842_zoom.jpg,2026-02-21,2026-02-27,https://res.cloudinary.com/dfqzmnlga/image/upload/v1771645071/2026-02-21/10970587.jpg
10970590,12.00,Zero Rasperry,Energi- Sports- & Vitamindrikke,Vitamindrik,1,0,fl.,Netto,https://static.tilbudsugen.dk/1st-retail/2026/9/64663/Netto82026-1_27_3240x546_4925x2842_zoom.jpg,2026-02-21,2026-02-27,https://res.cloudinary.com/dfqzmnlga/image/upload/v1771645071/2026-02-21/10970590.jpg
10970588,12.00,Nobe,Saft,Drikkeklar saft Mango,1,0,fl.,Netto,https://static.tilbudsugen.dk/1st-retail/2026/9/64663/Netto82026-1_27_3240x546_4925x2842_zoom.jpg,2026-02-21,2026-02-27,https://res.cloudinary.com/dfqzmnlga/image/upload/v1771645071/2026-02-21/10970588.jpg
10970589,12.00,Antioxidant Fersken,Energi- Sports- & Vitamindrikke,Vitamindrik,1,0,fl.,Netto,https://static.tilbudsugen.dk/1st-retail/2026/9/64663/Netto82026-1_27_3240x546_4925x2842_zoom.jpg,2026-02-21,2026-02-27,https://res.cloudinary.com/dfqzmnlga/image/upload/v1771645072/2026-02-21/10970589.jpg
10970219,12.00,Arla Protein,Mellemmåltider,Proteindrik Strawberry & Raspberry,1,0,fl.,Netto,https://static.tilbudsugen.dk/1st-retail/2026/9/64663/Netto82026-1_17_2450x3715_4985x6849_zoom.jpg,2026-02-21,2026-02-27,https://res.cloudinary.com/dfqzmnlga/image/upload/v1771645072/2026-02-21/10970219.jpg
10970585,12.00,Nobe,Saft,Drikkeklar saft Kiwi,1,0,fl.,Netto,https://static.tilbudsugen.dk/1st-retail/2026/9/64663/Netto82026-1_27_3240x546_4925x2842_zoom.jpg,2026-02-21,2026-02-27,https://res.cloudinary.com/dfqzmnlga/image/upload/v1771645073/2026-02-21/10970585.jpg
10970591,12.00,Sport 001,Energi- Sports- & Vitamindrikke,Vitamindrik,1,0,fl.,Netto,https://static.tilbudsugen.dk/1st-retail/2026/9/64663/Netto82026-1_27_3240x546_4925x2842_zoom.jpg,2026-02-21,2026-02-27,https://res.cloudinary.com/dfqzmnlga/image/upload/v1771645073/2026-02-21/10970591.jpg
10970314,15.00,Peka,Færdigretter Køl,Flødekartofler med Bacon & Ost,1,0,ps.,Netto,https://static.tilbudsugen.dk/1st-retail/2026/9/64663/Netto82026-1_20_39x4868_2698x6810_zoom.jpg,2026-02-21,2026-02-27,https://res.cloudinary.com/dfqzmnlga/image/upload/v1771645074/2026-02-21/10970314.jpg
10970169,20.00,Actimel,Mellemmåltider,Drikkeyoghurt Multifrugt,1,0,pk.,Netto,https://static.tilbudsugen.dk/1st-retail/2026/9/64663/Netto82026-1_3_29x3620_2477x6860_zoom.jpg,2026-02-21,2026-02-27,https://res.cloudinary.com/dfqzmnlga/image/upload/v1771645074/2026-02-21/10970169.jpg
10970170,20.00,Actimel,Mellemmåltider,Drikkeyoghurt Jordbær & Banan,1,0,pk.,Netto,https://static.tilbudsugen.dk/1st-retail/2026/9/64663/Netto82026-1_3_29x3620_2477x6860_zoom.jpg,2026-02-21,2026-02-27,https://res.cloudinary.com/dfqzmnlga/image/upload/v1771645075/2026-02-21/10970170.jpg
10970168,20.00,Actimel,Mellemmåltider,Drikkeyoghurt Jordbær,1,0,pk.,Netto,https://static.tilbudsugen.dk/1st-retail/2026/9/64663/Netto82026-1_3_29x3620_2477x6860_zoom.jpg,2026-02-21,2026-02-27,https://res.cloudinary.com/dfqzmnlga/image/upload/v1771645075/2026-02-21/10970168.jpg
10970407,25.00,Mou,Special Suppe,Aspargessuppe,1,1,pk.,Netto,https://static.tilbudsugen.dk/1st-retail/2026/9/64663/Netto82026-1_21_1693x4768_4933x6896_zoom.jpg,2026-02-21,2026-02-27,https://res.cloudinary.com/dfqzmnlga/image/upload/v1771645076/2026-02-21/10970407.jpg
10970410,25.00,Mou,Special Suppe,Gullaschsuppe,1,1,pk.,Netto,https://static.tilbudsugen.dk/1st-retail/2026/9/64663/Netto82026-1_21_1693x4768_4933x6896_zoom.jpg,2026-02-21,2026-02-27,https://res.cloudinary.com/dfqzmnlga/image/upload/v1771645076/2026-02-21/10970410.jpg
10970374,50.00,,Herretøj,T-shirt,1,2,pk.,Netto,https://static.tilbudsugen.dk/1st-retail/2026/9/64663/Netto82026-1_33_2554x3780_4757x6797_zoom.jpg,2026-02-21,2026-02-27,https://res.cloudinary.com/dfqzmnlga/image/upload/v1771645076/2026-02-21/10970374.jpg
10970409,25.00,Mou,Special Suppe,Tomatsuppe,1,1,pk.,Netto,https://static.tilbudsugen.dk/1st-retail/2026/9/64663/Netto82026-1_21_1693x4768_4933x6896_zoom.jpg,2026-02-21,2026-02-27,https://res.cloudinary.com/dfqzmnlga/image/upload/v1771645077/2026-02-21/10970409.jpg
10970377,50.00,,Dametøj,T-shirt,1,2,pk.,Netto,https://static.tilbudsugen.dk/1st-retail/2026/9/64663/Netto82026-1_33_2554x3780_4757x6797_zoom.jpg,2026-02-21,2026-02-27,https://res.cloudinary.com/dfqzmnlga/image/upload/v1771645078/2026-02-21/10970377.jpg
10970408,25.00,Mou,Special Suppe,Karrysuppe,1,1,pk.,Netto,https://static.tilbudsugen.dk/1st-retail/2026/9/64663/Netto82026-1_21_1693x4768_4933x6896_zoom.jpg,2026-02-21,2026-02-27,https://res.cloudinary.com/dfqzmnlga/image/upload/v1771645079/2026-02-21/10970408.jpg
10970307,18.00,Omo,Vaskemiddel,Vaskemiddel-flydende,1,0,fl.,Netto,https://static.tilbudsugen.dk/1st-retail/2026/9/64663/Netto82026-1_8_51x3307_2586x6846_zoom.jpg,2026-02-21,2026-02-27,https://res.cloudinary.com/dfqzmnlga/image/upload/v1771645079/2026-02-21/10970307.jpg
10970308,18.00,Omo,Vaskemiddel,Vaskepulver,1,0,pk.,Netto,https://static.tilbudsugen.dk/1st-retail/2026/9/64663/Netto82026-1_8_51x3307_2586x6846_zoom.jpg,2026-02-21,2026-02-27,https://res.cloudinary.com/dfqzmnlga/image/upload/v1771645080/2026-02-21/10970308.jpg
10970086,10.00,Det Gode,Sandwich & Toastbrød,Rug Go Solsikke Rugbrødssandwichbrød,1,0,pk.,Netto,https://static.tilbudsugen.dk/1st-retail/2026/9/64663/Netto82026-1_1_2419x1331_4962x4332_zoom.jpg,2026-02-21,2026-02-27,https://res.cloudinary.com/dfqzmnlga/image/upload/v1771645080/2026-02-21/10970086.jpg
10970604,20.00,Smirnoff Ice,RTD,RTD,1,0,fl.,Netto,https://static.tilbudsugen.dk/1st-retail/2026/9/64663/Netto82026-1_27_1642x2871_3233x5189_zoom.jpg,2026-02-21,2026-02-27,https://res.cloudinary.com/dfqzmnlga/image/upload/v1771645080/2026-02-21/10970604.jpg
10970643,10.00,Palmolive,"Sæbe, bad, dusch",Bodyshampoo,1,0,stk.,Netto,https://static.tilbudsugen.dk/1st-retail/2026/9/64663/Netto82026-1_29_65x859_2557x2893_zoom.jpg,2026-02-21,2026-02-27,https://res.cloudinary.com/dfqzmnlga/image/upload/v1771645081/2026-02-21/10970643.jpg
10970646,10.00,Palmolive,Shampoo,Shampoo,1,0,stk.,Netto,https://static.tilbudsugen.dk/1st-retail/2026/9/64663/Netto82026-1_29_65x859_2557x2893_zoom.jpg,2026-02-21,2026-02-27,https://res.cloudinary.com/dfqzmnlga/image/upload/v1771645081/2026-02-21/10970646.jpg
10970105,14.95,Velsmag,Grisekød,Flæskesteg,1,0,stk.,Netto,https://static.tilbudsugen.dk/1st-retail/2026/9/64663/Netto82026-1_12_1245x1538_2522x3037_zoom.jpg,2026-02-21,2026-02-27,https://res.cloudinary.com/dfqzmnlga/image/upload/v1771645082/2026-02-21/10970105.jpg
10970255,14.95,Velsmag,Grisekød,Flæskesteg,1,0,stk.,Netto,https://static.tilbudsugen.dk/1st-retail/2026/9/64663/Netto82026-1_6_80x2973_2390x4819_zoom.jpg,2026-02-21,2026-02-27,https://res.cloudinary.com/dfqzmnlga/image/upload/v1771645083/2026-02-21/10970255.jpg
10970111,12.00,ØGO,Kokosmælk,Kokosmælk,1,0,ds.,Netto,https://static.tilbudsugen.dk/1st-retail/2026/9/64663/Netto82026-1_12_3656x5279_4998x6875_zoom.jpg,2026-02-21,2026-02-27,https://res.cloudinary.com/dfqzmnlga/image/upload/v1771645083/2026-02-21/10970111.jpg
10970130,15.00,,Frugt,Vindruer,1,0,bk.,Netto,https://static.tilbudsugen.dk/1st-retail/2026/9/64663/Netto82026-1_2_7x670_2484x2566_zoom.jpg,2026-02-21,2026-02-27,https://res.cloudinary.com/dfqzmnlga/image/upload/v1771645084/2026-02-21/10970130.jpg
10970131,15.00,,Grønt,Peberfrugt,1,0,ps.,Netto,https://static.tilbudsugen.dk/1st-retail/2026/9/64663/Netto82026-1_13_52x1284_4998x3324_zoom.jpg,2026-02-21,2026-02-27,https://res.cloudinary.com/dfqzmnlga/image/upload/v1771645084/2026-02-21/10970131.jpg
10970580,10.00,Blackberry,Ciders,Blackberry Cider,1,0,ds.,Netto,https://static.tilbudsugen.dk/1st-retail/2026/9/64663/Netto82026-1_27_7x786_1685x2857_zoom.jpg,2026-02-21,2026-02-27,https://res.cloudinary.com/dfqzmnlga/image/upload/v1771645085/2026-02-21/10970580.jpg
10970581,10.00,Elderflower & Lime,Ciders,Elderflower & Lime Cider,1,0,ds.,Netto,https://static.tilbudsugen.dk/1st-retail/2026/9/64663/Netto82026-1_27_7x786_1685x2857_zoom.jpg,2026-02-21,2026-02-27,https://res.cloudinary.com/dfqzmnlga/image/upload/v1771645085/2026-02-21/10970581.jpg
10970582,10.00,Apple,Ciders,Apple Cider,1,0,ds.,Netto,https://static.tilbudsugen.dk/1st-retail/2026/9/64663/Netto82026-1_27_7x786_1685x2857_zoom.jpg,2026-02-21,2026-02-27,https://res.cloudinary.com/dfqzmnlga/image/upload/v1771645086/2026-02-21/10970582.jpg
10970583,10.00,Mango & Lime,Ciders,Mango & Lime Cider,1,0,ds.,Netto,https://static.tilbudsugen.dk/1st-retail/2026/9/64663/Netto82026-1_27_7x786_1685x2857_zoom.jpg,2026-02-21,2026-02-27,https://res.cloudinary.com/dfqzmnlga/image/upload/v1771645094/2026-02-21/10970583.jpg
10970262,45.00,Rose,Kylling,Kylling,1,1,stk.,Netto,https://static.tilbudsugen.dk/1st-retail/2026/9/64663/Netto82026-1_6_2455x4833_4940x6875_zoom.jpg,2026-02-21,2026-02-27,https://res.cloudinary.com/dfqzmnlga/image/upload/v1771645095/2026-02-21/10970262.jpg
10970215,8.00,LavAzza,Iste & Iskaffe,Iskaffe,1,0,ds.,Netto,https://static.tilbudsugen.dk/1st-retail/2026/9/64663/Netto82026-1_17_2496x1101_4920x3728_zoom.jpg,2026-02-21,2026-02-27,https://res.cloudinary.com/dfqzmnlga/image/upload/v1771645095/2026-02-21/10970215.jpg
10970389,99.00,Hummel,Herretøj,Boxershorts,1,3,pk.,Netto,https://static.tilbudsugen.dk/1st-retail/2026/9/64663/Netto82026-1_35_59x59_4744x3004_zoom.jpg,2026-02-21,2026-02-27,https://res.cloudinary.com/dfqzmnlga/image/upload/v1771645095/2026-02-21/10970389.jpg
10970636,99.00,,Italienske vine,Italiensk Rødvin,1,3,krt.,Netto,https://static.tilbudsugen.dk/1st-retail/2026/9/64663/Netto82026-1_28_29x4906_3037x6867_zoom.jpg,2026-02-21,2026-02-27,https://res.cloudinary.com/dfqzmnlga/image/upload/v1771645096/2026-02-21/10970636.jpg
10970633,99.00,,Australske vine,Australsk Rødvin,1,3,krt.,Netto,https://static.tilbudsugen.dk/1st-retail/2026/9/64663/Netto82026-1_28_29x4906_3037x6867_zoom.jpg,2026-02-21,2026-02-27,https://res.cloudinary.com/dfqzmnlga/image/upload/v1771645096/2026-02-21/10970633.jpg
10970634,99.00,,Australske vine,Australsk Rosevin,1,3,krt.,Netto,https://static.tilbudsugen.dk/1st-retail/2026/9/64663/Netto82026-1_28_29x4906_3037x6867_zoom.jpg,2026-02-21,2026-02-27,https://res.cloudinary.com/dfqzmnlga/image/upload/v1771645097/2026-02-21/10970634.jpg
10970635,99.00,,Australske vine,Australsk Hvidvin,1,3,krt.,Netto,https://static.tilbudsugen.dk/1st-retail/2026/9/64663/Netto82026-1_28_29x4906_3037x6867_zoom.jpg,2026-02-21,2026-02-27,https://res.cloudinary.com/dfqzmnlga/image/upload/v1771645097/2026-02-21/10970635.jpg
10970099,24.97,Les Authentiques,Is,Vanilla Is,1,0,bg.,Netto,https://static.tilbudsugen.dk/1st-retail/2026/9/64663/Netto82026-1_11_72x4347_2457x6849_zoom.jpg,2026-02-21,2026-02-27,https://res.cloudinary.com/dfqzmnlga/image/upload/v1771645097/2026-02-21/10970099.jpg
10970167,20.00,Kids,Juice,Smoothie,1,0,pk.,Netto,https://static.tilbudsugen.dk/1st-retail/2026/9/64663/Netto82026-1_3_2419x3511_4904x6867_zoom.jpg,2026-02-21,2026-02-27,https://res.cloudinary.com/dfqzmnlga/image/upload/v1771645098/2026-02-21/10970167.jpg
10970405,25.00,Bistronne,Færdigretter Frost,Kyllingenuggets,1,0,ps.,Netto,https://static.tilbudsugen.dk/1st-retail/2026/9/64663/Netto82026-1_21_3291x2820_4824x5000_zoom.jpg,2026-02-21,2026-02-27,https://res.cloudinary.com/dfqzmnlga/image/upload/v1771645098/2026-02-21/10970405.jpg
10970596,15.00,Wheat in Motion,Specialøl,Specialøl,1,0,ds.,Netto,https://static.tilbudsugen.dk/1st-retail/2026/9/64663/Netto82026-1_27_1671x779_3131x2893_zoom.jpg,2026-02-21,2026-02-27,https://res.cloudinary.com/dfqzmnlga/image/upload/v1771645099/2026-02-21/10970596.jpg
10970584,15.00,Humlesovs,Specialøl,Specialøl,1,0,ds.,Netto,https://static.tilbudsugen.dk/1st-retail/2026/9/64663/Netto82026-1_27_1671x779_3131x2893_zoom.jpg,2026-02-21,2026-02-27,https://res.cloudinary.com/dfqzmnlga/image/upload/v1771645099/2026-02-21/10970584.jpg
10970404,65.00,Rose,Færdigretter Frost,Hot Wings,1,1,ps.,Netto,https://static.tilbudsugen.dk/1st-retail/2026/9/64663/Netto82026-1_21_1678x2719_3247x4913_zoom.jpg,2026-02-21,2026-02-27,https://res.cloudinary.com/dfqzmnlga/image/upload/v1771645100/2026-02-21/10970404.jpg
10970214,6.00,Yoggi,Mellemmåltider,Yoghurt Appelsin Med Müsli Top,1,0,bg.,Netto,https://static.tilbudsugen.dk/1st-retail/2026/9/64663/Netto82026-1_17_65x1284_2457x3695_zoom.jpg,2026-02-21,2026-02-27,https://res.cloudinary.com/dfqzmnlga/image/upload/v1771645100/2026-02-21/10970214.jpg
10970213,6.00,Yoggi,Mellemmåltider,Yoghurt Vanilje Med Müsli Top,1,0,bg.,Netto,https://static.tilbudsugen.dk/1st-retail/2026/9/64663/Netto82026-1_17_65x1284_2457x3695_zoom.jpg,2026-02-21,2026-02-27,https://res.cloudinary.com/dfqzmnlga/image/upload/v1771645101/2026-02-21/10970213.jpg
10970549,15.00,Mutti,Saucer,Pizzasauce Aromatica,1,0,ds.,Netto,https://static.tilbudsugen.dk/1st-retail/2026/9/64663/Netto82026-1_25_174x2624_2535x4644_zoom.jpg,2026-02-21,2026-02-27,https://res.cloudinary.com/dfqzmnlga/image/upload/v1771645101/2026-02-21/10970549.jpg
10970574,15.00,Bellafonde,Marmelade,Jordbærmarmelade,1,0,fl.,Netto,https://static.tilbudsugen.dk/1st-retail/2026/9/64663/Netto82026-1_26_2920x1941_4816x4550_zoom.jpg,2026-02-21,2026-02-27,https://res.cloudinary.com/dfqzmnlga/image/upload/v1771645101/2026-02-21/10970574.jpg
10970158,30.00,Velsmag,Kylling,Kyllingeoverlår,1,0,pk.,Netto,https://static.tilbudsugen.dk/1st-retail/2026/9/64663/Netto82026-1_14_26x697_2489x2900_zoom.jpg,2026-02-21,2026-02-27,https://res.cloudinary.com/dfqzmnlga/image/upload/v1771645102/2026-02-21/10970158.jpg
10970572,15.00,Bellafonde,Marmelade,Hindbærmarmelade,1,0,stk.,Netto,https://static.tilbudsugen.dk/1st-retail/2026/9/64663/Netto82026-1_26_2920x1941_4816x4550_zoom.jpg,2026-02-21,2026-02-27,https://res.cloudinary.com/dfqzmnlga/image/upload/v1771645102/2026-02-21/10970572.jpg
10970575,15.00,Bellafonde,Marmelade,Solbærmarmelade,1,0,stk.,Netto,https://static.tilbudsugen.dk/1st-retail/2026/9/64663/Netto82026-1_26_2920x1941_4816x4550_zoom.jpg,2026-02-21,2026-02-27,https://res.cloudinary.com/dfqzmnlga/image/upload/v1771645103/2026-02-21/10970575.jpg
10970375,13.29,ØGO,Boller & Morgenbrød,Surdejsboller,1,0,ps.,Netto,https://static.tilbudsugen.dk/1st-retail/2026/9/64663/Netto82026-1_10_2252x830_4940x3511_zoom.jpg,2026-02-21,2026-02-27,https://res.cloudinary.com/dfqzmnlga/image/upload/v1771645103/2026-02-21/10970375.jpg
10970098,5.96,Egelykke,Postej og Paté,Paté,1,0,pk.,Netto,https://static.tilbudsugen.dk/1st-retail/2026/9/64663/Netto82026-1_11_20x684_2111x4314_zoom.jpg,2026-02-21,2026-02-27,https://res.cloudinary.com/dfqzmnlga/image/upload/v1771645103/2026-02-21/10970098.jpg
10970184,16.00,Grovhakket,Postej og Paté,Leverpostej,1,0,pk.,Netto,https://static.tilbudsugen.dk/1st-retail/2026/9/64663/Netto82026-1_4_2492x3627_4998x6867_zoom.jpg,2026-02-21,2026-02-27,https://res.cloudinary.com/dfqzmnlga/image/upload/v1771645104/2026-02-21/10970184.jpg
10970185,16.00,Fransk Postej,Postej og Paté,Leverpostej,1,0,pk.,Netto,https://static.tilbudsugen.dk/1st-retail/2026/9/64663/Netto82026-1_4_2492x3627_4998x6867_zoom.jpg,2026-02-21,2026-02-27,https://res.cloudinary.com/dfqzmnlga/image/upload/v1771645105/2026-02-21/10970185.jpg
10970208,32.00,Løgismose,Syrnet morgenmad,Græsk Yoghurt Solbær & Aronia,1,0,bg.,Netto,https://static.tilbudsugen.dk/1st-retail/2026/9/64663/Netto82026-1_16_98x4705_1681x6765_zoom.jpg,2026-02-21,2026-02-27,https://res.cloudinary.com/dfqzmnlga/image/upload/v1771645105/2026-02-21/10970208.jpg
10970206,32.00,Løgismose,Syrnet morgenmad,Græsk Yoghurt 10%,1,0,bg.,Netto,https://static.tilbudsugen.dk/1st-retail/2026/9/64663/Netto82026-1_16_98x4705_1681x6765_zoom.jpg,2026-02-21,2026-02-27,https://res.cloudinary.com/dfqzmnlga/image/upload/v1771645106/2026-02-21/10970206.jpg
10970207,32.00,Løgismose,Syrnet morgenmad,Græsk Yoghurt 2%,1,0,bg.,Netto,https://static.tilbudsugen.dk/1st-retail/2026/9/64663/Netto82026-1_16_98x4705_1681x6765_zoom.jpg,2026-02-21,2026-02-27,https://res.cloudinary.com/dfqzmnlga/image/upload/v1771645106/2026-02-21/10970207.jpg
10970541,20.00,Dolmio,Saucer,Bolognese Classico,1,0,gl.,Netto,https://static.tilbudsugen.dk/1st-retail/2026/9/64663/Netto82026-1_25_102x372_4933x2530_zoom.jpg,2026-02-21,2026-02-27,https://res.cloudinary.com/dfqzmnlga/image/upload/v1771645106/2026-02-21/10970541.jpg
10970645,10.00,Palmolive,"Sæbe, bad, dusch",Flydende sæbe,1,0,stk.,Netto,https://static.tilbudsugen.dk/1st-retail/2026/9/64663/Netto82026-1_29_65x859_2557x2893_zoom.jpg,2026-02-21,2026-02-27,https://res.cloudinary.com/dfqzmnlga/image/upload/v1771645107/2026-02-21/10970645.jpg
10970171,20.00,innocent,Juice,Ingefærshot,1,0,fl.,Netto,https://static.tilbudsugen.dk/1st-retail/2026/9/64663/Netto82026-1_3_2419x3511_4904x6867_zoom.jpg,2026-02-21,2026-02-27,https://res.cloudinary.com/dfqzmnlga/image/upload/v1771645107/2026-02-21/10970171.jpg
10970607,20.00,Fever-Tree,Sodavand,Mediterranian Tonic Water,1,0,fl.,Netto,https://static.tilbudsugen.dk/1st-retail/2026/9/64663/Netto82026-1_27_1642x2871_3233x5189_zoom.jpg,2026-02-21,2026-02-27,https://res.cloudinary.com/dfqzmnlga/image/upload/v1771645108/2026-02-21/10970607.jpg
10970365,20.00,ØGO,Koncentreret Saft,Rababerdrik,1,0,fl.,Netto,https://static.tilbudsugen.dk/1st-retail/2026/9/64663/Netto82026-1_9_36x1825_2114x4717_zoom.jpg,2026-02-21,2026-02-27,https://res.cloudinary.com/dfqzmnlga/image/upload/v1771645108/2026-02-21/10970365.jpg
10970605,20.00,Fever-Tree,Sodavand,Tonicvand,1,0,fl.,Netto,https://static.tilbudsugen.dk/1st-retail/2026/9/64663/Netto82026-1_27_1642x2871_3233x5189_zoom.jpg,2026-02-21,2026-02-27,https://res.cloudinary.com/dfqzmnlga/image/upload/v1771645109/2026-02-21/10970605.jpg
10970690,10.00,at home CLEAN,Opvask,Maskinrens,1,0,stk.,Netto,https://static.tilbudsugen.dk/1st-retail/2026/9/64663/Netto82026-1_29_87x4862_1656x6846_zoom.jpg,2026-02-21,2026-02-27,https://res.cloudinary.com/dfqzmnlga/image/upload/v1771645109/2026-02-21/10970690.jpg
10970544,20.00,Dolmio,Saucer,Bolognese Krydret,1,0,gl.,Netto,https://static.tilbudsugen.dk/1st-retail/2026/9/64663/Netto82026-1_25_102x372_4933x2530_zoom.jpg,2026-02-21,2026-02-27,https://res.cloudinary.com/dfqzmnlga/image/upload/v1771645110/2026-02-21/10970544.jpg
10970546,20.00,Dolmio,Saucer,Bolognese Spicy Chili,1,0,gl.,Netto,https://static.tilbudsugen.dk/1st-retail/2026/9/64663/Netto82026-1_25_102x372_4933x2530_zoom.jpg,2026-02-21,2026-02-27,https://res.cloudinary.com/dfqzmnlga/image/upload/v1771645110/2026-02-21/10970546.jpg
10970609,20.00,Fever-Tree,Sodavand,Pink Grapefruit,1,0,fl.,Netto,https://static.tilbudsugen.dk/1st-retail/2026/9/64663/Netto82026-1_27_1642x2871_3233x5189_zoom.jpg,2026-02-21,2026-02-27,https://res.cloudinary.com/dfqzmnlga/image/upload/v1771645111/2026-02-21/10970609.jpg
10970688,10.00,at home SCENTS,Luftfrisker,Luftfrisker,1,0,stk.,Netto,https://static.tilbudsugen.dk/1st-retail/2026/9/64663/Netto82026-1_29_87x4862_1656x6846_zoom.jpg,2026-02-21,2026-02-27,https://res.cloudinary.com/dfqzmnlga/image/upload/v1771645111/2026-02-21/10970688.jpg
10970353,20.00,ØGO,Koncentreret Saft,Tranebærdrik,1,0,fl.,Netto,https://static.tilbudsugen.dk/1st-retail/2026/9/64663/Netto82026-1_9_36x1825_2114x4717_zoom.jpg,2026-02-21,2026-02-27,https://res.cloudinary.com/dfqzmnlga/image/upload/v1771645111/2026-02-21/10970353.jpg
10970369,20.00,ØGO,Koncentreret Saft,Jordbærdrik,1,0,fl.,Netto,https://static.tilbudsugen.dk/1st-retail/2026/9/64663/Netto82026-1_9_36x1825_2114x4717_zoom.jpg,2026-02-21,2026-02-27,https://res.cloudinary.com/dfqzmnlga/image/upload/v1771645112/2026-02-21/10970369.jpg
10970606,20.00,Fever-Tree,Sodavand,Rose & Raspberry Lemonade,1,0,fl.,Netto,https://static.tilbudsugen.dk/1st-retail/2026/9/64663/Netto82026-1_27_1642x2871_3233x5189_zoom.jpg,2026-02-21,2026-02-27,https://res.cloudinary.com/dfqzmnlga/image/upload/v1771645112/2026-02-21/10970606.jpg
10970608,20.00,Fever-Tree,Sodavand,Ginger Beer,1,0,fl.,Netto,https://static.tilbudsugen.dk/1st-retail/2026/9/64663/Netto82026-1_27_1642x2871_3233x5189_zoom.jpg,2026-02-21,2026-02-27,https://res.cloudinary.com/dfqzmnlga/image/upload/v1771645113/2026-02-21/10970608.jpg
10970649,10.00,Imperial Leather,"Sæbe, bad, dusch",Bodyshampoo,1,0,stk.,Netto,https://static.tilbudsugen.dk/1st-retail/2026/9/64663/Netto82026-1_29_65x859_2557x2893_zoom.jpg,2026-02-21,2026-02-27,https://res.cloudinary.com/dfqzmnlga/image/upload/v1771645114/2026-02-21/10970649.jpg
10970545,20.00,Dolmio,Saucer,Al Forno Creamy Tomato,1,0,gl.,Netto,https://static.tilbudsugen.dk/1st-retail/2026/9/64663/Netto82026-1_25_102x372_4933x2530_zoom.jpg,2026-02-21,2026-02-27,https://res.cloudinary.com/dfqzmnlga/image/upload/v1771645114/2026-02-21/10970545.jpg
10970134,12.00,Den Gamle Fabrik,Marmelade,Abrikosmarmelade,1,0,gl.,Netto,https://static.tilbudsugen.dk/1st-retail/2026/9/64663/Netto82026-1_2_2296x2523_4933x4797_zoom.jpg,2026-02-21,2026-02-27,https://res.cloudinary.com/dfqzmnlga/image/upload/v1771645114/2026-02-21/10970134.jpg
10970110,12.00,Den Gamle Fabrik,Marmelade,Hindbærmarmelade,1,0,gl.,Netto,https://static.tilbudsugen.dk/1st-retail/2026/9/64663/Netto82026-1_2_2296x2523_4933x4797_zoom.jpg,2026-02-21,2026-02-27,https://res.cloudinary.com/dfqzmnlga/image/upload/v1771645115/2026-02-21/10970110.jpg
10970139,12.00,Den Gamle Fabrik,Marmelade,Boysenbærmarmelade,1,0,gl.,Netto,https://static.tilbudsugen.dk/1st-retail/2026/9/64663/Netto82026-1_2_2296x2523_4933x4797_zoom.jpg,2026-02-21,2026-02-27,https://res.cloudinary.com/dfqzmnlga/image/upload/v1771645115/2026-02-21/10970139.jpg
10970136,12.00,Den Gamle Fabrik,Marmelade,Appelsinmarmelade,1,0,gl.,Netto,https://static.tilbudsugen.dk/1st-retail/2026/9/64663/Netto82026-1_2_2296x2523_4933x4797_zoom.jpg,2026-02-21,2026-02-27,https://res.cloudinary.com/dfqzmnlga/image/upload/v1771645116/2026-02-21/10970136.jpg
10970138,12.00,Den Gamle Fabrik,Marmelade,Jordbærmarmelade,1,0,gl.,Netto,https://static.tilbudsugen.dk/1st-retail/2026/9/64663/Netto82026-1_2_2296x2523_4933x4797_zoom.jpg,2026-02-21,2026-02-27,https://res.cloudinary.com/dfqzmnlga/image/upload/v1771645116/2026-02-21/10970138.jpg
10970133,12.00,Den Gamle Fabrik,Marmelade,Fintskårne Jordbær,1,0,gl.,Netto,https://static.tilbudsugen.dk/1st-retail/2026/9/64663/Netto82026-1_2_2296x2523_4933x4797_zoom.jpg,2026-02-21,2026-02-27,https://res.cloudinary.com/dfqzmnlga/image/upload/v1771645117/2026-02-21/10970133.jpg
10970137,12.00,Den Gamle Fabrik,Marmelade,Solbærmarmelade,1,0,gl.,Netto,https://static.tilbudsugen.dk/1st-retail/2026/9/64663/Netto82026-1_2_2296x2523_4933x4797_zoom.jpg,2026-02-21,2026-02-27,https://res.cloudinary.com/dfqzmnlga/image/upload/v1771645117/2026-02-21/10970137.jpg
10970141,12.00,Den Gamle Fabrik,Marmelade,Blåbærmarmelade,1,0,gl.,Netto,https://static.tilbudsugen.dk/1st-retail/2026/9/64663/Netto82026-1_2_2296x2523_4933x4797_zoom.jpg,2026-02-21,2026-02-27,https://res.cloudinary.com/dfqzmnlga/image/upload/v1771645117/2026-02-21/10970141.jpg
10970531,20.00,Ben's Original,Saucer,Sweet and Sour,1,0,gl.,Netto,https://static.tilbudsugen.dk/1st-retail/2026/9/64663/Netto82026-1_25_102x372_4933x2530_zoom.jpg,2026-02-21,2026-02-27,https://res.cloudinary.com/dfqzmnlga/image/upload/v1771645118/2026-02-21/10970531.jpg
10970540,20.00,Ben's Original,Saucer,Medium Curry,1,0,gl.,Netto,https://static.tilbudsugen.dk/1st-retail/2026/9/64663/Netto82026-1_25_102x372_4933x2530_zoom.jpg,2026-02-21,2026-02-27,https://res.cloudinary.com/dfqzmnlga/image/upload/v1771645118/2026-02-21/10970540.jpg
10970512,19.00,Bonduelle,Grønt,Majs,1,0,pk.,Netto,https://static.tilbudsugen.dk/1st-retail/2026/9/64663/Netto82026-1_24_2448x277_4991x2494_zoom.jpg,2026-02-21,2026-02-27,https://res.cloudinary.com/dfqzmnlga/image/upload/v1771645119/2026-02-21/10970512.jpg
10970318,15.00,Barebells,Mælk m/smag,Milkshake Vanilla,1,0,stk.,Netto,https://static.tilbudsugen.dk/1st-retail/2026/9/64663/Netto82026-1_8_2463x3285_4933x6831_zoom.jpg,2026-02-21,2026-02-27,https://res.cloudinary.com/dfqzmnlga/image/upload/v1771645119/2026-02-21/10970318.jpg
10970311,15.00,Barebells,Mælk m/smag,Milkshake Strawberry,1,0,stk.,Netto,https://static.tilbudsugen.dk/1st-retail/2026/9/64663/Netto82026-1_8_2463x3285_4933x6831_zoom.jpg,2026-02-21,2026-02-27,https://res.cloudinary.com/dfqzmnlga/image/upload/v1771645120/2026-02-21/10970311.jpg
10970543,20.00,Dolmio,Saucer,Bolognese Original,1,0,gl.,Netto,https://static.tilbudsugen.dk/1st-retail/2026/9/64663/Netto82026-1_25_102x372_4933x2530_zoom.jpg,2026-02-21,2026-02-27,https://res.cloudinary.com/dfqzmnlga/image/upload/v1771645120/2026-02-21/10970543.jpg
10970547,20.00,Dolmio,Saucer,Bolognese Smooth Tomatsauce,1,0,gl.,Netto,https://static.tilbudsugen.dk/1st-retail/2026/9/64663/Netto82026-1_25_102x372_4933x2530_zoom.jpg,2026-02-21,2026-02-27,https://res.cloudinary.com/dfqzmnlga/image/upload/v1771645121/2026-02-21/10970547.jpg
10970548,20.00,Dolmio,Saucer,Lasagne Creamy,1,0,gl.,Netto,https://static.tilbudsugen.dk/1st-retail/2026/9/64663/Netto82026-1_25_102x372_4933x2530_zoom.jpg,2026-02-21,2026-02-27,https://res.cloudinary.com/dfqzmnlga/image/upload/v1771645121/2026-02-21/10970548.jpg
10970542,20.00,Dolmio,Saucer,Lasagne Creamy,1,0,gl.,Netto,https://static.tilbudsugen.dk/1st-retail/2026/9/64663/Netto82026-1_25_102x372_4933x2530_zoom.jpg,2026-02-21,2026-02-27,https://res.cloudinary.com/dfqzmnlga/image/upload/v1771645121/2026-02-21/10970542.jpg
10970352,12.00,ØGO,Grønt,Tomater,1,0,bk.,Netto,https://static.tilbudsugen.dk/1st-retail/2026/9/64663/Netto82026-1_9_1300x103_3044x2472_zoom.jpg,2026-02-21,2026-02-27,https://res.cloudinary.com/dfqzmnlga/image/upload/v1771645122/2026-02-21/10970352.jpg
10970403,12.00,Rahbek,Fisk og skaldyr Frost ,Indbagt Hvid Alaska Sej,1,0,pk.,Netto,https://static.tilbudsugen.dk/1st-retail/2026/9/64663/Netto82026-1_21_65x4717_1678x6889_zoom.jpg,2026-02-21,2026-02-27,https://res.cloudinary.com/dfqzmnlga/image/upload/v1771645123/2026-02-21/10970403.jpg
10970399,12.00,Rahbek,Fisk og skaldyr Frost ,Indbagte Rejer med Asparges og Dildsauce,1,0,pk.,Netto,https://static.tilbudsugen.dk/1st-retail/2026/9/64663/Netto82026-1_21_65x4717_1678x6889_zoom.jpg,2026-02-21,2026-02-27,https://res.cloudinary.com/dfqzmnlga/image/upload/v1771645123/2026-02-21/10970399.jpg
10970402,12.00,Rahbek,Fisk og skaldyr Frost ,Indbagt Laks med Spinat og Ostesauce,1,0,pk.,Netto,https://static.tilbudsugen.dk/1st-retail/2026/9/64663/Netto82026-1_21_65x4717_1678x6889_zoom.jpg,2026-02-21,2026-02-27,https://res.cloudinary.com/dfqzmnlga/image/upload/v1771645123/2026-02-21/10970402.jpg
10952610,24.95,,Grisekød,Nakkefilet,1,0,stk.,Netto,https://static.tilbudsugen.dk/1st-retail/2026/7/64562/Netto62026-1_14_1663x727_3356x2683_zoom.jpg,2026-02-01,2026-02-28,https://res.cloudinary.com/dfqzmnlga/image/upload/v1771645124/2026-02-21/10952610.jpg
10970356,10.00,Naturli',Vegetarisk Mejerialternativ,Smørbar - Blok,1,0,pk.,Netto,https://static.tilbudsugen.dk/1st-retail/2026/9/64663/Netto82026-1_9_51x4390_4998x6889_zoom.jpg,2026-02-21,2026-02-27,https://res.cloudinary.com/dfqzmnlga/image/upload/v1771645124/2026-02-21/10970356.jpg
10970152,20.00,Steff Houlberg,300 g - 599 g Normalpakke Pølser,Grillpølser,1,0,pk.,Netto,https://static.tilbudsugen.dk/1st-retail/2026/9/64663/Netto82026-1_3_2463x248_4904x3641_zoom.jpg,2026-02-21,2026-02-27,https://res.cloudinary.com/dfqzmnlga/image/upload/v1771645125/2026-02-21/10970152.jpg
10970354,10.00,Naturli',Vegetarisk Mejerialternativ,Smørbar,1,0,bg.,Netto,https://static.tilbudsugen.dk/1st-retail/2026/9/64663/Netto82026-1_9_51x4390_4998x6889_zoom.jpg,2026-02-21,2026-02-27,https://res.cloudinary.com/dfqzmnlga/image/upload/v1771645125/2026-02-21/10970354.jpg
10970651,10.00,Pantene pro-v,Balsam,Balsam,1,0,stk.,Netto,https://static.tilbudsugen.dk/1st-retail/2026/9/64663/Netto82026-1_29_65x859_2557x2893_zoom.jpg,2026-02-21,2026-02-27,https://res.cloudinary.com/dfqzmnlga/image/upload/v1771645125/2026-02-21/10970651.jpg
10970264,20.00,Velsmag,Kalve- og grisekød,Hakket kalv og grisekød 8-12%,1,0,bk.,Netto,https://static.tilbudsugen.dk/1st-retail/2026/9/64663/Netto82026-1_6_2368x2857_4991x4797_zoom.jpg,2026-02-21,2026-02-27,https://res.cloudinary.com/dfqzmnlga/image/upload/v1771645126/2026-02-21/10970264.jpg
10970650,10.00,Pantene pro-v,Shampoo,Shampoo,1,0,stk.,Netto,https://static.tilbudsugen.dk/1st-retail/2026/9/64663/Netto82026-1_29_65x859_2557x2893_zoom.jpg,2026-02-21,2026-02-27,https://res.cloudinary.com/dfqzmnlga/image/upload/v1771645126/2026-02-21/10970650.jpg
10970142,50.00,Velsmag,Grisekød,Hakket grisekød 4-7%,1,1,bk.,Netto,https://static.tilbudsugen.dk/1st-retail/2026/9/64663/Netto82026-1_14_2457x645_4946x2828_zoom.jpg,2026-02-21,2026-02-27,https://res.cloudinary.com/dfqzmnlga/image/upload/v1771645127/2026-02-21/10970142.jpg
10970560,50.00,Kims,Snacknødder & Nøddeblandinger,Peanuts,1,1,ps.,Netto,https://static.tilbudsugen.dk/1st-retail/2026/9/64663/Netto82026-1_25_2586x4644_4940x6896_zoom.jpg,2026-02-21,2026-02-27,https://res.cloudinary.com/dfqzmnlga/image/upload/v1771645127/2026-02-21/10970560.jpg
10970668,25.00,Respons,Shampoo,Shampoo,1,0,fl.,Netto,https://static.tilbudsugen.dk/1st-retail/2026/9/64663/Netto82026-1_29_1664x2857_3342x4913_zoom.jpg,2026-02-21,2026-02-27,https://res.cloudinary.com/dfqzmnlga/image/upload/v1771645128/2026-02-21/10970668.jpg
10970116,25.00,Tulip,Færdigretter Frost,Kødboller,1,0,ps.,Netto,https://static.tilbudsugen.dk/1st-retail/2026/9/64663/Netto82026-1_12_1225x5285_2509x6849_zoom.jpg,2026-02-21,2026-02-27,https://res.cloudinary.com/dfqzmnlga/image/upload/v1771645128/2026-02-21/10970116.jpg
10970577,12.00,Fintons,Kager,Lagkagebunde,1,0,pk.,Netto,https://static.tilbudsugen.dk/1st-retail/2026/9/64663/Netto82026-1_26_2434x4593_4816x6904_zoom.jpg,2026-02-21,2026-02-27,https://res.cloudinary.com/dfqzmnlga/image/upload/v1771645128/2026-02-21/10970577.jpg
10970097,16.47,Dinner Kitt,Risretter,Asian Chicken Curry,1,0,pk.,Netto,https://static.tilbudsugen.dk/1st-retail/2026/9/64663/Netto82026-1_11_2424x3910_4959x6902_zoom.jpg,2026-02-21,2026-02-27,https://res.cloudinary.com/dfqzmnlga/image/upload/v1771645129/2026-02-21/10970097.jpg
10970376,17.46,ØGO,Smørepålæg,Peanutbutter Crunchy,1,0,gl.,Netto,https://static.tilbudsugen.dk/1st-retail/2026/9/64663/Netto82026-1_10_2426x3729_4998x6802_zoom.jpg,2026-02-21,2026-02-27,https://res.cloudinary.com/dfqzmnlga/image/upload/v1771645129/2026-02-21/10970376.jpg
10970378,17.46,ØGO,Smørepålæg,Peanutbutter Smooth,1,0,gl.,Netto,https://static.tilbudsugen.dk/1st-retail/2026/9/64663/Netto82026-1_10_2426x3729_4998x6802_zoom.jpg,2026-02-21,2026-02-27,https://res.cloudinary.com/dfqzmnlga/image/upload/v1771645129/2026-02-21/10970378.jpg
10970120,18.00,Thai Cube,Færdigretter Frost,Sweet Chili Chicken Teriyaki,1,0,pk.,Netto,https://static.tilbudsugen.dk/1st-retail/2026/9/64663/Netto82026-1_2_65x4862_2325x6795_zoom.jpg,2026-02-21,2026-02-27,https://res.cloudinary.com/dfqzmnlga/image/upload/v1771645130/2026-02-21/10970120.jpg
10970122,18.00,Thai Cube,Færdigretter Frost,Panang Curry Chicken,1,0,pk.,Netto,https://static.tilbudsugen.dk/1st-retail/2026/9/64663/Netto82026-1_2_65x4862_2325x6795_zoom.jpg,2026-02-21,2026-02-27,https://res.cloudinary.com/dfqzmnlga/image/upload/v1771645130/2026-02-21/10970122.jpg
10970124,18.00,Indian Cube,Færdigretter Frost,Chicken Tikka Masala,1,0,pk.,Netto,https://static.tilbudsugen.dk/1st-retail/2026/9/64663/Netto82026-1_2_65x4862_2325x6795_zoom.jpg,2026-02-21,2026-02-27,https://res.cloudinary.com/dfqzmnlga/image/upload/v1771645131/2026-02-21/10970124.jpg
10970125,18.00,Indian Cube,Færdigretter Frost,Butter Chicken,1,0,pk.,Netto,https://static.tilbudsugen.dk/1st-retail/2026/9/64663/Netto82026-1_2_65x4862_2325x6795_zoom.jpg,2026-02-21,2026-02-27,https://res.cloudinary.com/dfqzmnlga/image/upload/v1771645131/2026-02-21/10970125.jpg
10970123,18.00,Thai Cube,Færdigretter Frost,Red Curry Chicken,1,0,pk.,Netto,https://static.tilbudsugen.dk/1st-retail/2026/9/64663/Netto82026-1_2_65x4862_2325x6795_zoom.jpg,2026-02-21,2026-02-27,https://res.cloudinary.com/dfqzmnlga/image/upload/v1771645132/2026-02-21/10970123.jpg
10970637,39.00,,Californiske vine,Californisk Hvidvin,1,0,fl.,Netto,https://static.tilbudsugen.dk/1st-retail/2026/9/64663/Netto82026-1_28_65x2886_2644x4891_zoom.jpg,2026-02-21,2026-02-27,https://res.cloudinary.com/dfqzmnlga/image/upload/v1771645132/2026-02-21/10970637.jpg
10970639,39.00,,Italienske vine,Italiensk Rødvin,1,0,fl.,Netto,https://static.tilbudsugen.dk/1st-retail/2026/9/64663/Netto82026-1_28_65x2886_2644x4891_zoom.jpg,2026-02-21,2026-02-27,https://res.cloudinary.com/dfqzmnlga/image/upload/v1771645132/2026-02-21/10970639.jpg
10970623,39.00,,Californiske vine,Californisk Rødvin,1,0,fl.,Netto,https://static.tilbudsugen.dk/1st-retail/2026/9/64663/Netto82026-1_28_65x2886_2644x4891_zoom.jpg,2026-02-21,2026-02-27,https://res.cloudinary.com/dfqzmnlga/image/upload/v1771645133/2026-02-21/10970623.jpg
10970622,40.00,,Sydafrikanske vine,Sydafrikansk Hvidvin,1,0,fl.,Netto,https://static.tilbudsugen.dk/1st-retail/2026/9/64663/Netto82026-1_28_1671x256_3051x2908_zoom.jpg,2026-02-21,2026-02-27,https://res.cloudinary.com/dfqzmnlga/image/upload/v1771645133/2026-02-21/10970622.jpg
10970151,20.00,Steff Houlberg,300 g - 599 g Normalpakke Pølser,Bayerske Pølser,1,0,pk.,Netto,https://static.tilbudsugen.dk/1st-retail/2026/9/64663/Netto82026-1_3_2463x248_4904x3641_zoom.jpg,2026-02-21,2026-02-27,https://res.cloudinary.com/dfqzmnlga/image/upload/v1771645134/2026-02-21/10970151.jpg
10970149,20.00,Steff Houlberg,300 g - 599 g Normalpakke Pølser,Hotdogpølser,1,0,pk.,Netto,https://static.tilbudsugen.dk/1st-retail/2026/9/64663/Netto82026-1_3_2463x248_4904x3641_zoom.jpg,2026-02-21,2026-02-27,https://res.cloudinary.com/dfqzmnlga/image/upload/v1771645134/2026-02-21/10970149.jpg
10970620,40.00,,Sydafrikanske vine,Sydafrikansk Rødvin,1,0,fl.,Netto,https://static.tilbudsugen.dk/1st-retail/2026/9/64663/Netto82026-1_28_1671x256_3051x2908_zoom.jpg,2026-02-21,2026-02-27,https://res.cloudinary.com/dfqzmnlga/image/upload/v1771645135/2026-02-21/10970620.jpg
10970558,39.00,Popz,Popcorn,Popcorn Smørsmag,1,0,pk.,Netto,https://static.tilbudsugen.dk/1st-retail/2026/9/64663/Netto82026-1_25_51x4615_2608x6889_zoom.jpg,2026-02-21,2026-02-27,https://res.cloudinary.com/dfqzmnlga/image/upload/v1771645135/2026-02-21/10970558.jpg
10970559,39.00,Popz,Popcorn,Popcorn Salted,1,0,pk.,Netto,https://static.tilbudsugen.dk/1st-retail/2026/9/64663/Netto82026-1_25_51x4615_2608x6889_zoom.jpg,2026-02-21,2026-02-27,https://res.cloudinary.com/dfqzmnlga/image/upload/v1771645135/2026-02-21/10970559.jpg
10970096,16.47,Dinner Kitt,Risretter,Indian Butter Chicken,1,0,pk.,Netto,https://static.tilbudsugen.dk/1st-retail/2026/9/64663/Netto82026-1_11_2424x3910_4959x6902_zoom.jpg,2026-02-21,2026-02-27,https://res.cloudinary.com/dfqzmnlga/image/upload/v1771645136/2026-02-21/10970096.jpg
10970183,28.00,Løgismose,Madlavning friskvarer,Piskefløde 38%,1,0,stk.,Netto,https://static.tilbudsugen.dk/1st-retail/2026/9/64663/Netto82026-1_16_3258x2698_4828x4640_zoom.jpg,2026-02-21,2026-02-27,https://res.cloudinary.com/dfqzmnlga/image/upload/v1771645136/2026-02-21/10970183.jpg
10970251,45.00,Rose,Kylling,Hakket kylling 7-10%,1,0,bk.,Netto,https://static.tilbudsugen.dk/1st-retail/2026/9/64663/Netto82026-1_6_2455x4833_4940x6875_zoom.jpg,2026-02-21,2026-02-27,https://res.cloudinary.com/dfqzmnlga/image/upload/v1771645137/2026-02-21/10970251.jpg
10970121,18.00,Thai Cube,Færdigretter Frost,Creamy Tom Yom Chicken & Noodles ,1,0,pk.,Netto,https://static.tilbudsugen.dk/1st-retail/2026/9/64663/Netto82026-1_2_65x4862_2325x6795_zoom.jpg,2026-02-21,2026-02-27,https://res.cloudinary.com/dfqzmnlga/image/upload/v1771645137/2026-02-21/10970121.jpg
10970202,8.00,Navito,Konserves,Tun i vand,1,0,ds.,Netto,https://static.tilbudsugen.dk/1st-retail/2026/9/64663/Netto82026-1_4_73x219_2477x3562_zoom.jpg,2026-02-21,2026-02-27,https://res.cloudinary.com/dfqzmnlga/image/upload/v1771645138/2026-02-21/10970202.jpg
10970205,8.00,Navito,Konserves,Tun i olie,1,0,ds.,Netto,https://static.tilbudsugen.dk/1st-retail/2026/9/64663/Netto82026-1_4_73x219_2477x3562_zoom.jpg,2026-02-21,2026-02-27,https://res.cloudinary.com/dfqzmnlga/image/upload/v1771645138/2026-02-21/10970205.jpg
10970153,20.00,Steff Houlberg,300 g - 599 g Normalpakke Pølser,Ostegrillpølser,1,0,pk.,Netto,https://static.tilbudsugen.dk/1st-retail/2026/9/64663/Netto82026-1_3_2463x248_4904x3641_zoom.jpg,2026-02-21,2026-02-27,https://res.cloudinary.com/dfqzmnlga/image/upload/v1771645139/2026-02-21/10970153.jpg
10970247,20.00,Velsmag,Grisekød,Skinkestrimler,1,0,bk.,Netto,https://static.tilbudsugen.dk/1st-retail/2026/9/64663/Netto82026-1_6_2368x2857_4991x4797_zoom.jpg,2026-02-21,2026-02-27,https://res.cloudinary.com/dfqzmnlga/image/upload/v1771645139/2026-02-21/10970247.jpg
10970186,16.00,Bacon Peber,Postej og Paté,Leverpostej,1,0,pk.,Netto,https://static.tilbudsugen.dk/1st-retail/2026/9/64663/Netto82026-1_4_2492x3627_4998x6867_zoom.jpg,2026-02-21,2026-02-27,https://res.cloudinary.com/dfqzmnlga/image/upload/v1771645139/2026-02-21/10970186.jpg
10970453,25.00,Jakobsens,Sødemiddel,Honning,1,0,bg.,Netto,https://static.tilbudsugen.dk/1st-retail/2026/9/64663/Netto82026-1_23_29x561_2484x2886_zoom.jpg,2026-02-21,2026-02-27,https://res.cloudinary.com/dfqzmnlga/image/upload/v1771645140/2026-02-21/10970453.jpg
10970351,25.00,ØGO,Pizza Frost,Mini Margherita Pizza,1,0,pk.,Netto,https://static.tilbudsugen.dk/1st-retail/2026/9/64663/Netto82026-1_9_2964x118_4947x2457_zoom.jpg,2026-02-21,2026-02-27,https://res.cloudinary.com/dfqzmnlga/image/upload/v1771645140/2026-02-21/10970351.jpg
10970556,12.00,Bornholms,Konserves,Torskerogn,1,0,ds.,Netto,https://static.tilbudsugen.dk/1st-retail/2026/9/64663/Netto82026-1_25_2477x2791_4838x4717_zoom.jpg,2026-02-21,2026-02-27,https://res.cloudinary.com/dfqzmnlga/image/upload/v1771645141/2026-02-21/10970556.jpg
10970201,12.00,Løgismose,Madlavning friskvarer,Fraiche 9%,1,0,bg.,Netto,https://static.tilbudsugen.dk/1st-retail/2026/9/64663/Netto82026-1_16_124x3017_1622x4673_zoom.jpg,2026-02-21,2026-02-27,https://res.cloudinary.com/dfqzmnlga/image/upload/v1771645141/2026-02-21/10970201.jpg
10970081,12.00,Lurpak,Fedtstoffer,Smør,1,0,pk.,Netto,https://static.tilbudsugen.dk/1st-retail/2026/9/64663/Netto82026-1_1_65x1360_2557x3416_zoom.jpg,2026-02-21,2026-02-27,https://res.cloudinary.com/dfqzmnlga/image/upload/v1771645142/2026-02-21/10970081.jpg
10970203,12.00,Løgismose,Madlavning friskvarer,Creme Fraiche 18%,1,0,bg.,Netto,https://static.tilbudsugen.dk/1st-retail/2026/9/64663/Netto82026-1_16_124x3017_1622x4673_zoom.jpg,2026-02-21,2026-02-27,https://res.cloudinary.com/dfqzmnlga/image/upload/v1771645142/2026-02-21/10970203.jpg
10970082,12.00,Lurpak,Fedtstoffer,Smørbar,1,0,bg.,Netto,https://static.tilbudsugen.dk/1st-retail/2026/9/64663/Netto82026-1_1_65x1360_2557x3416_zoom.jpg,2026-02-21,2026-02-27,https://res.cloudinary.com/dfqzmnlga/image/upload/v1771645143/2026-02-21/10970082.jpg
10970350,25.00,ØGO,Pizza Frost,Grøntsagspizza,1,0,pk.,Netto,https://static.tilbudsugen.dk/1st-retail/2026/9/64663/Netto82026-1_9_2964x118_4947x2457_zoom.jpg,2026-02-21,2026-02-27,https://res.cloudinary.com/dfqzmnlga/image/upload/v1771645143/2026-02-21/10970350.jpg
10970557,39.00,Popz,Popcorn,Popcorn Light,1,0,pk.,Netto,https://static.tilbudsugen.dk/1st-retail/2026/9/64663/Netto82026-1_25_51x4615_2608x6889_zoom.jpg,2026-02-21,2026-02-27,https://res.cloudinary.com/dfqzmnlga/image/upload/v1771645144/2026-02-21/10970557.jpg
10970095,16.47,Dinner Kitt,Pastaretter,Italian Lasagnette,1,0,pk.,Netto,https://static.tilbudsugen.dk/1st-retail/2026/9/64663/Netto82026-1_11_2424x3910_4959x6902_zoom.jpg,2026-02-21,2026-02-27,https://res.cloudinary.com/dfqzmnlga/image/upload/v1771645144/2026-02-21/10970095.jpg
10970327,25.00,Næmt,Færdigretter Køl,Kylling i Rød Karry,1,0,pk.,Netto,https://static.tilbudsugen.dk/1st-retail/2026/9/64663/Netto82026-1_20_52x704_2567x4946_zoom.jpg,2026-02-21,2026-02-27,https://res.cloudinary.com/dfqzmnlga/image/upload/v1771645145/2026-02-21/10970327.jpg
10970246,25.00,Danpo,Kylling,Kyllingebrystfilet,1,0,bk.,Netto,https://static.tilbudsugen.dk/1st-retail/2026/9/64663/Netto82026-1_6_65x198_2521x2290_zoom.jpg,2026-02-21,2026-02-27,https://res.cloudinary.com/dfqzmnlga/image/upload/v1771645145/2026-02-21/10970246.jpg
10970324,25.00,Næmt,Færdigretter Køl,Gullasch med Kartoffelmos,1,0,pk.,Netto,https://static.tilbudsugen.dk/1st-retail/2026/9/64663/Netto82026-1_20_52x704_2567x4946_zoom.jpg,2026-02-21,2026-02-27,https://res.cloudinary.com/dfqzmnlga/image/upload/v1771645146/2026-02-21/10970324.jpg
10970330,25.00,Næmt,Færdigretter Køl,Chili con Carne,1,0,pk.,Netto,https://static.tilbudsugen.dk/1st-retail/2026/9/64663/Netto82026-1_20_52x704_2567x4946_zoom.jpg,2026-02-21,2026-02-27,https://res.cloudinary.com/dfqzmnlga/image/upload/v1771645146/2026-02-21/10970330.jpg
10970332,25.00,Næmt,Færdigretter Køl,Spaghetti Bolognese,1,0,pk.,Netto,https://static.tilbudsugen.dk/1st-retail/2026/9/64663/Netto82026-1_20_52x704_2567x4946_zoom.jpg,2026-02-21,2026-02-27,https://res.cloudinary.com/dfqzmnlga/image/upload/v1771645147/2026-02-21/10970332.jpg
10970335,25.00,Næmt,Færdigretter Køl,Svensk Pølseret,1,0,pk.,Netto,https://static.tilbudsugen.dk/1st-retail/2026/9/64663/Netto82026-1_20_52x704_2567x4946_zoom.jpg,2026-02-21,2026-02-27,https://res.cloudinary.com/dfqzmnlga/image/upload/v1771645147/2026-02-21/10970335.jpg
10970320,25.00,Næmt,Færdigretter Køl,Boller i Karry,1,0,pk.,Netto,https://static.tilbudsugen.dk/1st-retail/2026/9/64663/Netto82026-1_20_52x704_2567x4946_zoom.jpg,2026-02-21,2026-02-27,https://res.cloudinary.com/dfqzmnlga/image/upload/v1771645148/2026-02-21/10970320.jpg
10970325,25.00,Næmt,Færdigretter Køl,Tagliatelle Carbonara,1,0,pk.,Netto,https://static.tilbudsugen.dk/1st-retail/2026/9/64663/Netto82026-1_20_52x704_2567x4946_zoom.jpg,2026-02-21,2026-02-27,https://res.cloudinary.com/dfqzmnlga/image/upload/v1771645148/2026-02-21/10970325.jpg
10970326,25.00,Næmt,Færdigretter Køl,Pasta al Forno,1,0,pk.,Netto,https://static.tilbudsugen.dk/1st-retail/2026/9/64663/Netto82026-1_20_52x704_2567x4946_zoom.jpg,2026-02-21,2026-02-27,https://res.cloudinary.com/dfqzmnlga/image/upload/v1771645148/2026-02-21/10970326.jpg
10970334,25.00,Næmt,Færdigretter Køl,Butter Chicken,1,0,pk.,Netto,https://static.tilbudsugen.dk/1st-retail/2026/9/64663/Netto82026-1_20_52x704_2567x4946_zoom.jpg,2026-02-21,2026-02-27,https://res.cloudinary.com/dfqzmnlga/image/upload/v1771645149/2026-02-21/10970334.jpg
10970245,25.00,Danpo,Kylling,Kylling inderfilet,1,0,bk.,Netto,https://static.tilbudsugen.dk/1st-retail/2026/9/64663/Netto82026-1_6_65x198_2521x2290_zoom.jpg,2026-02-21,2026-02-27,https://res.cloudinary.com/dfqzmnlga/image/upload/v1771645150/2026-02-21/10970245.jpg
10970664,25.00,Respons,Balsam,Balsam,1,0,fl.,Netto,https://static.tilbudsugen.dk/1st-retail/2026/9/64663/Netto82026-1_29_1664x2857_3342x4913_zoom.jpg,2026-02-21,2026-02-27,https://res.cloudinary.com/dfqzmnlga/image/upload/v1771645150/2026-02-21/10970664.jpg
10970329,25.00,Næmt,Færdigretter Køl,Chicken Tikka Masala,1,0,pk.,Netto,https://static.tilbudsugen.dk/1st-retail/2026/9/64663/Netto82026-1_20_52x704_2567x4946_zoom.jpg,2026-02-21,2026-02-27,https://res.cloudinary.com/dfqzmnlga/image/upload/v1771645151/2026-02-21/10970329.jpg
10970331,25.00,Næmt,Færdigretter Køl,Mac & Cheese,1,0,pk.,Netto,https://static.tilbudsugen.dk/1st-retail/2026/9/64663/Netto82026-1_20_52x704_2567x4946_zoom.jpg,2026-02-21,2026-02-27,https://res.cloudinary.com/dfqzmnlga/image/upload/v1771645151/2026-02-21/10970331.jpg
10970106,15.00,Kohberg,Fastfoodbrød,Fuldkorn Burgerboller,1,0,pk.,Netto,https://static.tilbudsugen.dk/1st-retail/2026/9/64663/Netto82026-1_12_2509x1649_3864x3083_zoom.jpg,2026-02-21,2026-02-27,https://res.cloudinary.com/dfqzmnlga/image/upload/v1771645152/2026-02-21/10970106.jpg
10970091,16.47,Dinner Kitt,Pastaretter,Italian Lasagne,1,0,pk.,Netto,https://static.tilbudsugen.dk/1st-retail/2026/9/64663/Netto82026-1_11_2424x3910_4959x6902_zoom.jpg,2026-02-21,2026-02-27,https://res.cloudinary.com/dfqzmnlga/image/upload/v1771645152/2026-02-21/10970091.jpg
10970515,19.00,Bonduelle,Grønt,Majs,1,0,ds.,Netto,https://static.tilbudsugen.dk/1st-retail/2026/9/64663/Netto82026-1_24_2448x277_4991x2494_zoom.jpg,2026-02-21,2026-02-27,https://res.cloudinary.com/dfqzmnlga/image/upload/v1771645153/2026-02-21/10970515.jpg
10970180,8.00,Sæby,Konserves,Makrel Små Stykker,1,0,ds.,Netto,https://static.tilbudsugen.dk/1st-retail/2026/9/64663/Netto82026-1_4_73x219_2477x3562_zoom.jpg,2026-02-21,2026-02-27,https://res.cloudinary.com/dfqzmnlga/image/upload/v1771645153/2026-02-21/10970180.jpg
10970182,8.00,Sæby,Konserves,Makrelfilet i Tomat,1,0,ds.,Netto,https://static.tilbudsugen.dk/1st-retail/2026/9/64663/Netto82026-1_4_73x219_2477x3562_zoom.jpg,2026-02-21,2026-02-27,https://res.cloudinary.com/dfqzmnlga/image/upload/v1771645154/2026-02-21/10970182.jpg
10970466,39.00,Frosties,Cornflakes,Cornflakes,1,0,pk.,Netto,https://static.tilbudsugen.dk/1st-retail/2026/9/64663/Netto82026-1_23_2455x2762_4889x4891_zoom.jpg,2026-02-21,2026-02-27,https://res.cloudinary.com/dfqzmnlga/image/upload/v1771645154/2026-02-21/10970466.jpg
10970467,39.00,Kelloggs,Cornflakes,Cornflakes,1,0,pk.,Netto,https://static.tilbudsugen.dk/1st-retail/2026/9/64663/Netto82026-1_23_2455x2762_4889x4891_zoom.jpg,2026-02-21,2026-02-27,https://res.cloudinary.com/dfqzmnlga/image/upload/v1771645154/2026-02-21/10970467.jpg
10970468,39.00,Special K,Morgenmadsprodukter,Morgenmadsprodukt,1,0,pk.,Netto,https://static.tilbudsugen.dk/1st-retail/2026/9/64663/Netto82026-1_23_2455x2762_4889x4891_zoom.jpg,2026-02-21,2026-02-27,https://res.cloudinary.com/dfqzmnlga/image/upload/v1771645155/2026-02-21/10970468.jpg
10970463,39.00,Choco Krispies,Morgenmadsprodukter,Morgenmadsprodukt,1,0,pk.,Netto,https://static.tilbudsugen.dk/1st-retail/2026/9/64663/Netto82026-1_23_2455x2762_4889x4891_zoom.jpg,2026-02-21,2026-02-27,https://res.cloudinary.com/dfqzmnlga/image/upload/v1771645155/2026-02-21/10970463.jpg
10970464,39.00,Smacks,Morgenmadsprodukter,Morgenmadsprodukt,1,0,pk.,Netto,https://static.tilbudsugen.dk/1st-retail/2026/9/64663/Netto82026-1_23_2455x2762_4889x4891_zoom.jpg,2026-02-21,2026-02-27,https://res.cloudinary.com/dfqzmnlga/image/upload/v1771645155/2026-02-21/10970464.jpg
10970465,39.00,Tresor,Morgenmadsprodukter,Morgenmadsprodukt,1,0,pk.,Netto,https://static.tilbudsugen.dk/1st-retail/2026/9/64663/Netto82026-1_23_2455x2762_4889x4891_zoom.jpg,2026-02-21,2026-02-27,https://res.cloudinary.com/dfqzmnlga/image/upload/v1771645156/2026-02-21/10970465.jpg
10970253,13.00,Buko Smelte,Specialost,Smøreost Champignonost,1,0,bg.,Netto,https://static.tilbudsugen.dk/1st-retail/2026/9/64663/Netto82026-1_18_26x39_2457x2894_zoom.jpg,2026-02-21,2026-02-27,https://res.cloudinary.com/dfqzmnlga/image/upload/v1771645156/2026-02-21/10970253.jpg
10970257,13.00,Buko Smelte,Specialost,Smøreost Skinkeost,1,0,bg.,Netto,https://static.tilbudsugen.dk/1st-retail/2026/9/64663/Netto82026-1_18_26x39_2457x2894_zoom.jpg,2026-02-21,2026-02-27,https://res.cloudinary.com/dfqzmnlga/image/upload/v1771645156/2026-02-21/10970257.jpg
10970259,13.00,Buko Smelte,Specialost,Smøreost Krydderost,1,0,bg.,Netto,https://static.tilbudsugen.dk/1st-retail/2026/9/64663/Netto82026-1_18_26x39_2457x2894_zoom.jpg,2026-02-21,2026-02-27,https://res.cloudinary.com/dfqzmnlga/image/upload/v1771645157/2026-02-21/10970259.jpg
10970254,13.00,Buko Smelte,Specialost,Smøreost Rejeost,1,0,bg.,Netto,https://static.tilbudsugen.dk/1st-retail/2026/9/64663/Netto82026-1_18_26x39_2457x2894_zoom.jpg,2026-02-21,2026-02-27,https://res.cloudinary.com/dfqzmnlga/image/upload/v1771645157/2026-02-21/10970254.jpg
10970252,13.00,Buko Smelte,Specialost,Smøreost Baconost,1,0,bg.,Netto,https://static.tilbudsugen.dk/1st-retail/2026/9/64663/Netto82026-1_18_26x39_2457x2894_zoom.jpg,2026-02-21,2026-02-27,https://res.cloudinary.com/dfqzmnlga/image/upload/v1771645158/2026-02-21/10970252.jpg
10970256,13.00,Buko Smelte,Specialost,Smøreost Rejeost Light,1,0,bg.,Netto,https://static.tilbudsugen.dk/1st-retail/2026/9/64663/Netto82026-1_18_26x39_2457x2894_zoom.jpg,2026-02-21,2026-02-27,https://res.cloudinary.com/dfqzmnlga/image/upload/v1771645159/2026-02-21/10970256.jpg
10970178,10.00,Salatmesteren,Pålægssalat,Rejesalat,1,0,bg.,Netto,https://static.tilbudsugen.dk/1st-retail/2026/9/64663/Netto82026-1_4_2506x277_4925x3554_zoom.jpg,2026-02-21,2026-02-27,https://res.cloudinary.com/dfqzmnlga/image/upload/v1771645159/2026-02-21/10970178.jpg
10970179,10.00,Salatmesteren,Pålægssalat,Hønsesalat,1,0,bg.,Netto,https://static.tilbudsugen.dk/1st-retail/2026/9/64663/Netto82026-1_4_2506x277_4925x3554_zoom.jpg,2026-02-21,2026-02-27,https://res.cloudinary.com/dfqzmnlga/image/upload/v1771645159/2026-02-21/10970179.jpg
10970225,20.00,Philadelphia,Specialost,Flødeost Light,1,0,bg.,Netto,https://static.tilbudsugen.dk/1st-retail/2026/9/64663/Netto82026-1_18_2450x365_4998x2828_zoom.jpg,2026-02-21,2026-02-27,https://res.cloudinary.com/dfqzmnlga/image/upload/v1771645160/2026-02-21/10970225.jpg
10970445,10.00,Karen Volf,Kager,Drømmekage,1,0,pk.,Netto,https://static.tilbudsugen.dk/1st-retail/2026/9/64663/Netto82026-1_22_29x2806_2499x4869_zoom.jpg,2026-02-21,2026-02-27,https://res.cloudinary.com/dfqzmnlga/image/upload/v1771645160/2026-02-21/10970445.jpg
10970446,10.00,Karen Volf,Kager,Vinderkage,1,0,pk.,Netto,https://static.tilbudsugen.dk/1st-retail/2026/9/64663/Netto82026-1_22_29x2806_2499x4869_zoom.jpg,2026-02-21,2026-02-27,https://res.cloudinary.com/dfqzmnlga/image/upload/v1771645161/2026-02-21/10970446.jpg
10970173,10.00,Salatmesteren,Pålægssalat,Æggesalat,1,0,bg.,Netto,https://static.tilbudsugen.dk/1st-retail/2026/9/64663/Netto82026-1_4_2506x277_4925x3554_zoom.jpg,2026-02-21,2026-02-27,https://res.cloudinary.com/dfqzmnlga/image/upload/v1771645161/2026-02-21/10970173.jpg
10970177,10.00,Salatmesteren,Pålægssalat,Kylling & Baconsalat,1,0,bg.,Netto,https://static.tilbudsugen.dk/1st-retail/2026/9/64663/Netto82026-1_4_2506x277_4925x3554_zoom.jpg,2026-02-21,2026-02-27,https://res.cloudinary.com/dfqzmnlga/image/upload/v1771645162/2026-02-21/10970177.jpg
10970227,20.00,Philadelphia,Specialost,Flødeost Original,1,0,bg.,Netto,https://static.tilbudsugen.dk/1st-retail/2026/9/64663/Netto82026-1_18_2450x365_4998x2828_zoom.jpg,2026-02-21,2026-02-27,https://res.cloudinary.com/dfqzmnlga/image/upload/v1771645162/2026-02-21/10970227.jpg
10970175,10.00,Salatmesteren,Pålægssalat,Skinkesalat,1,0,bg.,Netto,https://static.tilbudsugen.dk/1st-retail/2026/9/64663/Netto82026-1_4_2506x277_4925x3554_zoom.jpg,2026-02-21,2026-02-27,https://res.cloudinary.com/dfqzmnlga/image/upload/v1771645162/2026-02-21/10970175.jpg
10970176,10.00,Salatmesteren,Pålægssalat,Tunsalat,1,0,bg.,Netto,https://static.tilbudsugen.dk/1st-retail/2026/9/64663/Netto82026-1_4_2506x277_4925x3554_zoom.jpg,2026-02-21,2026-02-27,https://res.cloudinary.com/dfqzmnlga/image/upload/v1771645163/2026-02-21/10970176.jpg
10970226,20.00,Philadelphia,Specialost,Flødeost Hvidløg & Urter,1,0,bg.,Netto,https://static.tilbudsugen.dk/1st-retail/2026/9/64663/Netto82026-1_18_2450x365_4998x2828_zoom.jpg,2026-02-21,2026-02-27,https://res.cloudinary.com/dfqzmnlga/image/upload/v1771645163/2026-02-21/10970226.jpg
10970630,50.00,,Italienske vine,Italiensk Rødvin,1,0,fl.,Netto,https://static.tilbudsugen.dk/1st-retail/2026/9/64663/Netto82026-1_28_3305x256_4875x2871_zoom.jpg,2026-02-21,2026-02-27,https://res.cloudinary.com/dfqzmnlga/image/upload/v1771645164/2026-02-21/10970630.jpg
10970641,50.00,,Spanske vine,Spansk Rødvin,1,0,fl.,Netto,https://static.tilbudsugen.dk/1st-retail/2026/9/64663/Netto82026-1_28_3305x256_4875x2871_zoom.jpg,2026-02-21,2026-02-27,https://res.cloudinary.com/dfqzmnlga/image/upload/v1771645164/2026-02-21/10970641.jpg
10970628,50.00,,Italienske vine,Italiensk Mousserende Vin,1,0,fl.,Netto,https://static.tilbudsugen.dk/1st-retail/2026/9/64663/Netto82026-1_28_3305x256_4875x2871_zoom.jpg,2026-02-21,2026-02-27,https://res.cloudinary.com/dfqzmnlga/image/upload/v1771645165/2026-02-21/10970628.jpg
10970398,8.00,Nice n Easy,Pizza Frost,Pizza Snack Ham,1,0,stk.,Netto,https://static.tilbudsugen.dk/1st-retail/2026/9/64663/Netto82026-1_21_116x2835_1729x4833_zoom.jpg,2026-02-21,2026-02-27,https://res.cloudinary.com/dfqzmnlga/image/upload/v1771645165/2026-02-21/10970398.jpg
10970395,8.00,Nice n Easy,Pizza Frost,Pizza Snack Cheese & Tomato,1,0,stk.,Netto,https://static.tilbudsugen.dk/1st-retail/2026/9/64663/Netto82026-1_21_116x2835_1729x4833_zoom.jpg,2026-02-21,2026-02-27,https://res.cloudinary.com/dfqzmnlga/image/upload/v1771645166/2026-02-21/10970395.jpg
10970397,8.00,Nice n Easy,Pizza Frost,Pizza Snack Salami,1,0,stk.,Netto,https://static.tilbudsugen.dk/1st-retail/2026/9/64663/Netto82026-1_21_116x2835_1729x4833_zoom.jpg,2026-02-21,2026-02-27,https://res.cloudinary.com/dfqzmnlga/image/upload/v1771645166/2026-02-21/10970397.jpg
10970348,25.00,ØGO,Pizza Frost,Prosciutto Pizza,1,0,pk.,Netto,https://static.tilbudsugen.dk/1st-retail/2026/9/64663/Netto82026-1_9_2964x118_4947x2457_zoom.jpg,2026-02-21,2026-02-27,https://res.cloudinary.com/dfqzmnlga/image/upload/v1771645167/2026-02-21/10970348.jpg
10970283,69.00,Svansø,Nødder & Kerner,Mandler,1,1,ps.,Netto,https://static.tilbudsugen.dk/1st-retail/2026/9/64663/Netto82026-1_7_2484x3620_4889x6860_zoom.jpg,2026-02-21,2026-02-27,https://res.cloudinary.com/dfqzmnlga/image/upload/v1771645167/2026-02-21/10970283.jpg
10970444,10.00,Karen Volf,Kager,Brownie Bites,1,0,pk.,Netto,https://static.tilbudsugen.dk/1st-retail/2026/9/64663/Netto82026-1_22_29x2806_2499x4869_zoom.jpg,2026-02-21,2026-02-27,https://res.cloudinary.com/dfqzmnlga/image/upload/v1771645168/2026-02-21/10970444.jpg
10970443,10.00,Karen Volf,Kager,Honningsnitter,1,0,pk.,Netto,https://static.tilbudsugen.dk/1st-retail/2026/9/64663/Netto82026-1_22_29x2806_2499x4869_zoom.jpg,2026-02-21,2026-02-27,https://res.cloudinary.com/dfqzmnlga/image/upload/v1771645168/2026-02-21/10970443.jpg
10970441,10.00,Karen Volf,Kager,Citron Bites,1,0,pk.,Netto,https://static.tilbudsugen.dk/1st-retail/2026/9/64663/Netto82026-1_22_29x2806_2499x4869_zoom.jpg,2026-02-21,2026-02-27,https://res.cloudinary.com/dfqzmnlga/image/upload/v1771645168/2026-02-21/10970441.jpg
10970317,35.00,Jensens,Færdigretter Køl,Spareribs Mexi,1,0,pk.,Netto,https://static.tilbudsugen.dk/1st-retail/2026/9/64663/Netto82026-1_20_2470x2900_4998x4855_zoom.jpg,2026-02-21,2026-02-27,https://res.cloudinary.com/dfqzmnlga/image/upload/v1771645169/2026-02-21/10970317.jpg
10970315,35.00,Jensens,Færdigretter Køl,Pulled Pork,1,0,pk.,Netto,https://static.tilbudsugen.dk/1st-retail/2026/9/64663/Netto82026-1_20_2470x2900_4998x4855_zoom.jpg,2026-02-21,2026-02-27,https://res.cloudinary.com/dfqzmnlga/image/upload/v1771645169/2026-02-21/10970315.jpg
10970316,35.00,Jensens,Færdigretter Køl,Spareribs,1,0,pk.,Netto,https://static.tilbudsugen.dk/1st-retail/2026/9/64663/Netto82026-1_20_2470x2900_4998x4855_zoom.jpg,2026-02-21,2026-02-27,https://res.cloudinary.com/dfqzmnlga/image/upload/v1771645169/2026-02-21/10970316.jpg
10970155,49.00,,Kylling,Kyllingeoverlår,1,0,pk.,Netto,https://static.tilbudsugen.dk/1st-retail/2026/9/64663/Netto82026-1_14_1636x2907_3291x4797_zoom.jpg,2026-02-21,2026-02-27,https://res.cloudinary.com/dfqzmnlga/image/upload/v1771645170/2026-02-21/10970155.jpg
10970406,25.00,Bistronne,Fjerkræ,Kyllingestrimler,1,0,ps.,Netto,https://static.tilbudsugen.dk/1st-retail/2026/9/64663/Netto82026-1_21_3291x2820_4824x5000_zoom.jpg,2026-02-21,2026-02-27,https://res.cloudinary.com/dfqzmnlga/image/upload/v1771645170/2026-02-21/10970406.jpg
10970347,25.00,ØGO,Pizza Frost,Margherita Fuldkornspizza,1,0,pk.,Netto,https://static.tilbudsugen.dk/1st-retail/2026/9/64663/Netto82026-1_9_2964x118_4947x2457_zoom.jpg,2026-02-21,2026-02-27,https://res.cloudinary.com/dfqzmnlga/image/upload/v1771645171/2026-02-21/10970347.jpg
10970349,25.00,ØGO,Pizza Frost,Salami Pizza,1,0,pk.,Netto,https://static.tilbudsugen.dk/1st-retail/2026/9/64663/Netto82026-1_9_2964x118_4947x2457_zoom.jpg,2026-02-21,2026-02-27,https://res.cloudinary.com/dfqzmnlga/image/upload/v1771645171/2026-02-21/10970349.jpg
10970258,30.00,Velsmag,Oksekød,Hakket oksekød 14-18%,1,0,bk.,Netto,https://static.tilbudsugen.dk/1st-retail/2026/9/64663/Netto82026-1_6_65x4848_2477x6831_zoom.jpg,2026-02-21,2026-02-27,https://res.cloudinary.com/dfqzmnlga/image/upload/v1771645172/2026-02-21/10970258.jpg
10970250,15.00,Karolines,Madlavningsost,Revet ost Mozzarella,1,0,ps.,Netto,https://static.tilbudsugen.dk/1st-retail/2026/9/64663/Netto82026-1_18_52x2861_1727x4907_zoom.jpg,2026-02-21,2026-02-27,https://res.cloudinary.com/dfqzmnlga/image/upload/v1771645172/2026-02-21/10970250.jpg
10970114,30.00,Velsmag,Oksekød,Hakket Okse & Grisekød 8-12%,1,0,ps.,Netto,https://static.tilbudsugen.dk/1st-retail/2026/9/64663/Netto82026-1_12_1264x3467_2509x4992_zoom.jpg,2026-02-21,2026-02-27,https://res.cloudinary.com/dfqzmnlga/image/upload/v1771645172/2026-02-21/10970114.jpg
10970260,30.00,Velsmag,Oksekød,Hakket Okse & Grisekød 8-12%,1,0,ps.,Netto,https://static.tilbudsugen.dk/1st-retail/2026/9/64663/Netto82026-1_6_65x4848_2477x6831_zoom.jpg,2026-02-21,2026-02-27,https://res.cloudinary.com/dfqzmnlga/image/upload/v1771645173/2026-02-21/10970260.jpg
10970156,79.00,Velsmag,Grisekød,Grisemørbrad,1,1,bk.,Netto,https://static.tilbudsugen.dk/1st-retail/2026/9/64663/Netto82026-1_14_65x4797_2027x6849_zoom.jpg,2026-02-21,2026-02-27,https://res.cloudinary.com/dfqzmnlga/image/upload/v1771645173/2026-02-21/10970156.jpg
10970195,10.00,Gul bordpak,"Pålæg, skiveskåret",Kødpølse,1,0,pk.,Netto,https://static.tilbudsugen.dk/1st-retail/2026/9/64663/Netto82026-1_4_80x3627_2550x6860_zoom.jpg,2026-02-21,2026-02-27,https://res.cloudinary.com/dfqzmnlga/image/upload/v1771645174/2026-02-21/10970195.jpg
10970135,40.00,Medjoul,Tørret Frugt,Dadler,1,0,pk.,Netto,https://static.tilbudsugen.dk/1st-retail/2026/9/64663/Netto82026-1_13_2391x4973_4939x6849_zoom.jpg,2026-02-21,2026-02-27,https://res.cloudinary.com/dfqzmnlga/image/upload/v1771645174/2026-02-21/10970135.jpg
10970200,10.00,Gul bordpak,"Pålæg, skiveskåret",Sønderjysk Spegepølse,1,0,pk.,Netto,https://static.tilbudsugen.dk/1st-retail/2026/9/64663/Netto82026-1_4_80x3627_2550x6860_zoom.jpg,2026-02-21,2026-02-27,https://res.cloudinary.com/dfqzmnlga/image/upload/v1771645174/2026-02-21/10970200.jpg
10970188,10.00,Gul bordpak,"Pålæg, skiveskåret",Kartoffelspegepølse,1,0,pk.,Netto,https://static.tilbudsugen.dk/1st-retail/2026/9/64663/Netto82026-1_4_80x3627_2550x6860_zoom.jpg,2026-02-21,2026-02-27,https://res.cloudinary.com/dfqzmnlga/image/upload/v1771645175/2026-02-21/10970188.jpg
10970233,45.00,Klovborg,Skæreost,Skæreost Danbo Mellemlagret,1,0,stk.,Netto,https://static.tilbudsugen.dk/1st-retail/2026/9/64663/Netto82026-1_18_2424x4829_4978x6830_zoom.jpg,2026-02-21,2026-02-27,https://res.cloudinary.com/dfqzmnlga/image/upload/v1771645175/2026-02-21/10970233.jpg
10970092,33.00,Extra Specialristet,Kaffe,Kaffe Formalet,1,0,ps.,Netto,https://static.tilbudsugen.dk/1st-retail/2026/9/64663/Netto82026-1_1_2499x4361_4911x6976_zoom.jpg,2026-02-21,2026-02-27,https://res.cloudinary.com/dfqzmnlga/image/upload/v1771645176/2026-02-21/10970092.jpg
10970248,29.00,Mammen,Skæreost,Havarti,1,0,stk.,Netto,https://static.tilbudsugen.dk/1st-retail/2026/9/64663/Netto82026-1_18_1596x2848_3271x4836_zoom.jpg,2026-02-21,2026-02-27,https://res.cloudinary.com/dfqzmnlga/image/upload/v1771645176/2026-02-21/10970248.jpg
10970148,50.00,,Grisekød,Nakkekoteletter,1,0,bk.,Netto,https://static.tilbudsugen.dk/1st-retail/2026/9/64663/Netto82026-1_14_2457x645_4946x2828_zoom.jpg,2026-02-21,2026-02-27,https://res.cloudinary.com/dfqzmnlga/image/upload/v1771645176/2026-02-21/10970148.jpg
10970631,129.00,,Californiske vine,Californisk Rødvin,1,1,krt.,Netto,https://static.tilbudsugen.dk/1st-retail/2026/9/64663/Netto82026-1_28_2978x4986_4969x6867_zoom.jpg,2026-02-21,2026-02-27,https://res.cloudinary.com/dfqzmnlga/image/upload/v1771645177/2026-02-21/10970631.jpg
10970669,35.00,Nivea,Bodylotion,Bodylotion,1,0,stk.,Netto,https://static.tilbudsugen.dk/1st-retail/2026/9/64663/Netto82026-1_29_3254x2813_4925x4935_zoom.jpg,2026-02-21,2026-02-27,https://res.cloudinary.com/dfqzmnlga/image/upload/v1771645177/2026-02-21/10970669.jpg
10970235,29.00,Lillebror,Specialost,Ostehaps,1,0,pk.,Netto,https://static.tilbudsugen.dk/1st-retail/2026/9/64663/Netto82026-1_18_1596x2848_3271x4836_zoom.jpg,2026-02-21,2026-02-27,https://res.cloudinary.com/dfqzmnlga/image/upload/v1771645178/2026-02-21/10970235.jpg
10970126,18.00,Kitchen Joy,Færdigretter Frost,Gyoza med Teriyaki,1,0,pk.,Netto,https://static.tilbudsugen.dk/1st-retail/2026/9/64663/Netto82026-1_2_65x4862_2325x6795_zoom.jpg,2026-02-21,2026-02-27,https://res.cloudinary.com/dfqzmnlga/image/upload/v1771645178/2026-02-21/10970126.jpg
10970234,45.00,Cheasy,Skæreost,Skæreost Mild 13%,1,0,stk.,Netto,https://static.tilbudsugen.dk/1st-retail/2026/9/64663/Netto82026-1_18_2424x4829_4978x6830_zoom.jpg,2026-02-21,2026-02-27,https://res.cloudinary.com/dfqzmnlga/image/upload/v1771645179/2026-02-21/10970234.jpg
10970196,10.00,Gul bordpak,"Pålæg, skiveskåret",Jægerpølse - Den lette,1,0,pk.,Netto,https://static.tilbudsugen.dk/1st-retail/2026/9/64663/Netto82026-1_4_80x3627_2550x6860_zoom.jpg,2026-02-21,2026-02-27,https://res.cloudinary.com/dfqzmnlga/image/upload/v1771645179/2026-02-21/10970196.jpg
10970197,10.00,Gul bordpak,"Pålæg, skiveskåret",Kødpølse - Den lette,1,0,pk.,Netto,https://static.tilbudsugen.dk/1st-retail/2026/9/64663/Netto82026-1_4_80x3627_2550x6860_zoom.jpg,2026-02-21,2026-02-27,https://res.cloudinary.com/dfqzmnlga/image/upload/v1771645179/2026-02-21/10970197.jpg
10970194,10.00,Gul bordpak,"Pålæg, skiveskåret",Kalkunspegepølse - Den lette,1,0,pk.,Netto,https://static.tilbudsugen.dk/1st-retail/2026/9/64663/Netto82026-1_4_80x3627_2550x6860_zoom.jpg,2026-02-21,2026-02-27,https://res.cloudinary.com/dfqzmnlga/image/upload/v1771645180/2026-02-21/10970194.jpg
10970281,69.00,Svansø,Nødder & Kerner,Valnøddekerner,1,0,ps.,Netto,https://static.tilbudsugen.dk/1st-retail/2026/9/64663/Netto82026-1_7_2484x3620_4889x6860_zoom.jpg,2026-02-21,2026-02-27,https://res.cloudinary.com/dfqzmnlga/image/upload/v1771645180/2026-02-21/10970281.jpg
10970510,69.00,Piccardo,Olier,Olivenolie,1,0,fl.,Netto,https://static.tilbudsugen.dk/1st-retail/2026/9/64663/Netto82026-1_24_3204x2464_4896x6875_zoom.jpg,2026-02-21,2026-02-27,https://res.cloudinary.com/dfqzmnlga/image/upload/v1771645181/2026-02-21/10970510.jpg
10970289,16.00,Kims,Chips,Sour Cream & Onion Chips,1,0,ps.,Netto,https://static.tilbudsugen.dk/1st-retail/2026/9/64663/Netto82026-1_7_2492x219_4896x3554_zoom.jpg,2026-02-21,2026-02-27,https://res.cloudinary.com/dfqzmnlga/image/upload/v1771645181/2026-02-21/10970289.jpg
10970292,16.00,Kims,Chips,Bølgechips,1,0,ps.,Netto,https://static.tilbudsugen.dk/1st-retail/2026/9/64663/Netto82026-1_7_2492x219_4896x3554_zoom.jpg,2026-02-21,2026-02-27,https://res.cloudinary.com/dfqzmnlga/image/upload/v1771645182/2026-02-21/10970292.jpg
10970093,33.00,Guld,Kaffe,Kaffe Formalet,1,0,ps.,Netto,https://static.tilbudsugen.dk/1st-retail/2026/9/64663/Netto82026-1_1_2499x4361_4911x6976_zoom.jpg,2026-02-21,2026-02-27,https://res.cloudinary.com/dfqzmnlga/image/upload/v1771645182/2026-02-21/10970093.jpg
10970303,49.00,Tulip,Bacon,Bacontern,1,0,pk.,Netto,https://static.tilbudsugen.dk/1st-retail/2026/9/64663/Netto82026-1_20_2470x671_4998x2848_zoom.jpg,2026-02-21,2026-02-27,https://res.cloudinary.com/dfqzmnlga/image/upload/v1771645183/2026-02-21/10970303.jpg
10970302,49.00,Tulip,Bacon,Baconskiver,1,0,pk.,Netto,https://static.tilbudsugen.dk/1st-retail/2026/9/64663/Netto82026-1_20_2470x671_4998x2848_zoom.jpg,2026-02-21,2026-02-27,https://res.cloudinary.com/dfqzmnlga/image/upload/v1771645183/2026-02-21/10970302.jpg
10970159,30.00,Velsmag,Kylling,Kyllingeinderfileter,1,0,bk.,Netto,https://static.tilbudsugen.dk/1st-retail/2026/9/64663/Netto82026-1_14_26x697_2489x2900_zoom.jpg,2026-02-21,2026-02-27,https://res.cloudinary.com/dfqzmnlga/image/upload/v1771645184/2026-02-21/10970159.jpg
10970236,20.00,HC Andersen,Skiveost,Skiveost Mellemlagret 45+,1,0,pk.,Netto,https://static.tilbudsugen.dk/1st-retail/2026/9/64663/Netto82026-1_18_13x4849_2450x6843_zoom.jpg,2026-02-21,2026-02-27,https://res.cloudinary.com/dfqzmnlga/image/upload/v1771645184/2026-02-21/10970236.jpg
10970266,20.00,Velsmag,Oksekød,Hakkebøffer,1,0,bk.,Netto,https://static.tilbudsugen.dk/1st-retail/2026/9/64663/Netto82026-1_6_2368x2857_4991x4797_zoom.jpg,2026-02-21,2026-02-27,https://res.cloudinary.com/dfqzmnlga/image/upload/v1771645185/2026-02-21/10970266.jpg
10970268,20.00,Brunchy,Bacon,Bacontern,1,0,pk.,Netto,https://static.tilbudsugen.dk/1st-retail/2026/9/64663/Netto82026-1_19_65x2835_2535x4875_zoom.jpg,2026-02-21,2026-02-27,https://res.cloudinary.com/dfqzmnlga/image/upload/v1771645185/2026-02-21/10970268.jpg
10970305,20.00,Næmt,Toppings,Kyllingebryst,1,0,bk.,Netto,https://static.tilbudsugen.dk/1st-retail/2026/9/64663/Netto82026-1_20_2580x4829_4998x6836_zoom.jpg,2026-02-21,2026-02-27,https://res.cloudinary.com/dfqzmnlga/image/upload/v1771645186/2026-02-21/10970305.jpg
10970433,20.00,Nutella,Smørepålæg,Smørepålæg,1,0,gl.,Netto,https://static.tilbudsugen.dk/1st-retail/2026/9/64663/Netto82026-1_22_240x1113_2484x2886_zoom.jpg,2026-02-21,2026-02-27,https://res.cloudinary.com/dfqzmnlga/image/upload/v1771645186/2026-02-21/10970433.jpg
10970454,25.00,Jakobsens,Sødemiddel,Honning,1,0,fl.,Netto,https://static.tilbudsugen.dk/1st-retail/2026/9/64663/Netto82026-1_23_29x561_2484x2886_zoom.jpg,2026-02-21,2026-02-27,https://res.cloudinary.com/dfqzmnlga/image/upload/v1771645186/2026-02-21/10970454.jpg
10970291,16.00,Kims,Chips,Crunch Cut Chips Læsø Sydesalt,1,0,ps.,Netto,https://static.tilbudsugen.dk/1st-retail/2026/9/64663/Netto82026-1_7_2492x219_4896x3554_zoom.jpg,2026-02-21,2026-02-27,https://res.cloudinary.com/dfqzmnlga/image/upload/v1771645187/2026-02-21/10970291.jpg
10970293,16.00,Kims,Chips,Snack Chips Original,1,0,ps.,Netto,https://static.tilbudsugen.dk/1st-retail/2026/9/64663/Netto82026-1_7_2492x219_4896x3554_zoom.jpg,2026-02-21,2026-02-27,https://res.cloudinary.com/dfqzmnlga/image/upload/v1771645187/2026-02-21/10970293.jpg
10970285,69.00,Svansø,Nødder & Kerner,Cashewnødder,1,0,ps.,Netto,https://static.tilbudsugen.dk/1st-retail/2026/9/64663/Netto82026-1_7_2484x3620_4889x6860_zoom.jpg,2026-02-21,2026-02-27,https://res.cloudinary.com/dfqzmnlga/image/upload/v1771645187/2026-02-21/10970285.jpg
10970288,69.00,Svansø,Snacknødder & Nøddeblandinger,Saltristede Mandler,1,0,ps.,Netto,https://static.tilbudsugen.dk/1st-retail/2026/9/64663/Netto82026-1_7_2484x3620_4889x6860_zoom.jpg,2026-02-21,2026-02-27,https://res.cloudinary.com/dfqzmnlga/image/upload/v1771645188/2026-02-21/10970288.jpg
10970379,43.08,ØGO,Kaffe,Kaffebønner,1,0,pk.,Netto,https://static.tilbudsugen.dk/1st-retail/2026/9/64663/Netto82026-1_10_160x3838_2564x6809_zoom.jpg,2026-02-21,2026-02-27,https://res.cloudinary.com/dfqzmnlga/image/upload/v1771645188/2026-02-21/10970379.jpg
10970563,50.00,Kims,Snacknødder & Nøddeblandinger,Favoritter Ristede Saltet,1,0,ps.,Netto,https://static.tilbudsugen.dk/1st-retail/2026/9/64663/Netto82026-1_25_2586x4644_4940x6896_zoom.jpg,2026-02-21,2026-02-27,https://res.cloudinary.com/dfqzmnlga/image/upload/v1771645188/2026-02-21/10970563.jpg
10970090,33.00,BKI,Kaffe,Kaffe Formalet,1,0,ps.,Netto,https://static.tilbudsugen.dk/1st-retail/2026/9/64663/Netto82026-1_1_2499x4361_4911x6976_zoom.jpg,2026-02-21,2026-02-27,https://res.cloudinary.com/dfqzmnlga/image/upload/v1771645189/2026-02-21/10970090.jpg
10970199,10.00,Gul bordpak,"Pålæg, skiveskåret",Oksespegepølse,1,0,pk.,Netto,https://static.tilbudsugen.dk/1st-retail/2026/9/64663/Netto82026-1_4_80x3627_2550x6860_zoom.jpg,2026-02-21,2026-02-27,https://res.cloudinary.com/dfqzmnlga/image/upload/v1771645189/2026-02-21/10970199.jpg
10970229,45.00,Klovborg,Skiveost,Skiveost Mellemlagret,1,0,pk.,Netto,https://static.tilbudsugen.dk/1st-retail/2026/9/64663/Netto82026-1_18_2424x4829_4978x6830_zoom.jpg,2026-02-21,2026-02-27,https://res.cloudinary.com/dfqzmnlga/image/upload/v1771645190/2026-02-21/10970229.jpg
10970625,85.00,,Franske vine,Fransk Rødvin,1,0,fl.,Netto,https://static.tilbudsugen.dk/1st-retail/2026/9/64663/Netto82026-1_28_2557x2857_4940x4986_zoom.jpg,2026-02-21,2026-02-27,https://res.cloudinary.com/dfqzmnlga/image/upload/v1771645190/2026-02-21/10970625.jpg
10970627,85.00,,Franske vine,Fransk Hvidvin,1,0,fl.,Netto,https://static.tilbudsugen.dk/1st-retail/2026/9/64663/Netto82026-1_28_2557x2857_4940x4986_zoom.jpg,2026-02-21,2026-02-27,https://res.cloudinary.com/dfqzmnlga/image/upload/v1771645191/2026-02-21/10970627.jpg
10970290,16.00,Kims,Snacks,Ostepops Original,1,0,ps.,Netto,https://static.tilbudsugen.dk/1st-retail/2026/9/64663/Netto82026-1_7_2492x219_4896x3554_zoom.jpg,2026-02-21,2026-02-27,https://res.cloudinary.com/dfqzmnlga/image/upload/v1771645191/2026-02-21/10970290.jpg
10970295,16.00,Kims,Snacks,Jørgens Favorit Mix,1,0,ps.,Netto,https://static.tilbudsugen.dk/1st-retail/2026/9/64663/Netto82026-1_7_2492x219_4896x3554_zoom.jpg,2026-02-21,2026-02-27,https://res.cloudinary.com/dfqzmnlga/image/upload/v1771645192/2026-02-21/10970295.jpg
10970243,20.00,HC Andersen,Skiveost,Skiveost Lagret,1,0,pk.,Netto,https://static.tilbudsugen.dk/1st-retail/2026/9/64663/Netto82026-1_18_13x4849_2450x6843_zoom.jpg,2026-02-21,2026-02-27,https://res.cloudinary.com/dfqzmnlga/image/upload/v1771645192/2026-02-21/10970243.jpg
10970237,20.00,HC Andersen,Skiveost,Skiveost,1,0,pk.,Netto,https://static.tilbudsugen.dk/1st-retail/2026/9/64663/Netto82026-1_18_13x4849_2450x6843_zoom.jpg,2026-02-21,2026-02-27,https://res.cloudinary.com/dfqzmnlga/image/upload/v1771645192/2026-02-21/10970237.jpg
10970294,16.00,Kims,Snacks,Mega Mix krydret,1,0,ps.,Netto,https://static.tilbudsugen.dk/1st-retail/2026/9/64663/Netto82026-1_7_2492x219_4896x3554_zoom.jpg,2026-02-21,2026-02-27,https://res.cloudinary.com/dfqzmnlga/image/upload/v1771645193/2026-02-21/10970294.jpg
10970447,25.00,Daily Deli,Kager,Kager,1,0,pk.,Netto,https://static.tilbudsugen.dk/1st-retail/2026/9/64663/Netto82026-1_22_2455x4789_4998x6926_zoom.jpg,2026-02-21,2026-02-27,https://res.cloudinary.com/dfqzmnlga/image/upload/v1771645193/2026-02-21/10970447.jpg
10970516,12.00,ØGO,Kiks,Speltkiks,1,0,pk.,Netto,https://static.tilbudsugen.dk/1st-retail/2026/9/64663/Netto82026-1_24_73x4644_3269x6911_zoom.jpg,2026-02-21,2026-02-27,https://res.cloudinary.com/dfqzmnlga/image/upload/v1771645193/2026-02-21/10970516.jpg
10970524,12.00,ØGO,Kiks,Stjernekiks,1,0,pk.,Netto,https://static.tilbudsugen.dk/1st-retail/2026/9/64663/Netto82026-1_24_73x4644_3269x6911_zoom.jpg,2026-02-21,2026-02-27,https://res.cloudinary.com/dfqzmnlga/image/upload/v1771645194/2026-02-21/10970524.jpg
10970528,12.00,ØGO,Kiks,ABC Kiks med Jordbær,1,0,pk.,Netto,https://static.tilbudsugen.dk/1st-retail/2026/9/64663/Netto82026-1_24_73x4644_3269x6911_zoom.jpg,2026-02-21,2026-02-27,https://res.cloudinary.com/dfqzmnlga/image/upload/v1771645195/2026-02-21/10970528.jpg
10970282,25.00,Premieur,"Pålæg, skiveskåret",Salsiccia,1,0,pk.,Netto,https://static.tilbudsugen.dk/1st-retail/2026/9/64663/Netto82026-1_19_2522x4803_4920x6869_zoom.jpg,2026-02-21,2026-02-27,https://res.cloudinary.com/dfqzmnlga/image/upload/v1771645195/2026-02-21/10970282.jpg
10970228,50.00,Castello,Skæreost,Havarti,1,0,stk.,Netto,https://static.tilbudsugen.dk/1st-retail/2026/9/64663/Netto82026-1_18_3284x2848_4998x4829_zoom.jpg,2026-02-21,2026-02-27,https://res.cloudinary.com/dfqzmnlga/image/upload/v1771645196/2026-02-21/10970228.jpg
10970198,10.00,Gul bordpak,"Pålæg, skiveskåret",Røget Medister,1,0,pk.,Netto,https://static.tilbudsugen.dk/1st-retail/2026/9/64663/Netto82026-1_4_80x3627_2550x6860_zoom.jpg,2026-02-21,2026-02-27,https://res.cloudinary.com/dfqzmnlga/image/upload/v1771645196/2026-02-21/10970198.jpg
10970230,89.00,Absolut,Vodka,Vodka,1,0,fl.,Netto,https://static.tilbudsugen.dk/1st-retail/2026/9/64663/Netto82026-1_5_2470x3532_4998x6846_zoom.jpg,2026-02-21,2026-02-27,https://res.cloudinary.com/dfqzmnlga/image/upload/v1771645196/2026-02-21/10970230.jpg
10970231,89.00,Ballantines,Whisky,Whisky,1,0,fl.,Netto,https://static.tilbudsugen.dk/1st-retail/2026/9/64663/Netto82026-1_5_2470x3532_4998x6846_zoom.jpg,2026-02-21,2026-02-27,https://res.cloudinary.com/dfqzmnlga/image/upload/v1771645197/2026-02-21/10970231.jpg
10970224,89.00,London Dry,Gin,Gin,1,0,fl.,Netto,https://static.tilbudsugen.dk/1st-retail/2026/9/64663/Netto82026-1_5_2470x3532_4998x6846_zoom.jpg,2026-02-21,2026-02-27,https://res.cloudinary.com/dfqzmnlga/image/upload/v1771645197/2026-02-21/10970224.jpg
10970241,89.00,Taffel Akvavit,Snaps,Akvavit,1,0,fl.,Netto,https://static.tilbudsugen.dk/1st-retail/2026/9/64663/Netto82026-1_5_2470x3532_4998x6846_zoom.jpg,2026-02-21,2026-02-27,https://res.cloudinary.com/dfqzmnlga/image/upload/v1771645197/2026-02-21/10970241.jpg
10970240,89.00,Strawberry-Rhubarb,Shots,Shots,1,0,fl.,Netto,https://static.tilbudsugen.dk/1st-retail/2026/9/64663/Netto82026-1_5_2470x3532_4998x6846_zoom.jpg,2026-02-21,2026-02-27,https://res.cloudinary.com/dfqzmnlga/image/upload/v1771645198/2026-02-21/10970240.jpg
10970471,129.00,Blonde,Kaffe,Kaffebønner,1,1,ps.,Netto,https://static.tilbudsugen.dk/1st-retail/2026/9/64663/Netto82026-1_23_2426x4840_4998x6875_zoom.jpg,2026-02-21,2026-02-27,https://res.cloudinary.com/dfqzmnlga/image/upload/v1771645198/2026-02-21/10970471.jpg
10970478,129.00,Aroma,Kaffe,Kaffebønner,1,1,ps.,Netto,https://static.tilbudsugen.dk/1st-retail/2026/9/64663/Netto82026-1_23_2426x4840_4998x6875_zoom.jpg,2026-02-21,2026-02-27,https://res.cloudinary.com/dfqzmnlga/image/upload/v1771645199/2026-02-21/10970478.jpg
10970479,129.00,Intens,Kaffe,Kaffebønner,1,1,ps.,Netto,https://static.tilbudsugen.dk/1st-retail/2026/9/64663/Netto82026-1_23_2426x4840_4998x6875_zoom.jpg,2026-02-21,2026-02-27,https://res.cloudinary.com/dfqzmnlga/image/upload/v1771645199/2026-02-21/10970479.jpg
10970261,39.00,Polar Seafood,Rejer og andre skaldyr,Rejer,1,0,bg.,Netto,https://static.tilbudsugen.dk/1st-retail/2026/9/64663/Netto82026-1_19_0x912_2430x2789_zoom.jpg,2026-02-21,2026-02-27,https://res.cloudinary.com/dfqzmnlga/image/upload/v1771645200/2026-02-21/10970261.jpg
10970174,39.00,Premieur,Oksekød,Hakkebøffer,1,0,bk.,Netto,https://static.tilbudsugen.dk/1st-retail/2026/9/64663/Netto82026-1_15_2398x3721_4907x6758_zoom.jpg,2026-02-21,2026-02-27,https://res.cloudinary.com/dfqzmnlga/image/upload/v1771645200/2026-02-21/10970174.jpg
10970286,69.00,Svansø,Nødder & Kerner,Hasselnøddekerner,1,0,ps.,Netto,https://static.tilbudsugen.dk/1st-retail/2026/9/64663/Netto82026-1_7_2484x3620_4889x6860_zoom.jpg,2026-02-21,2026-02-27,https://res.cloudinary.com/dfqzmnlga/image/upload/v1771645201/2026-02-21/10970286.jpg
10970287,69.00,Svansø,Snacknødder & Nøddeblandinger,Saltristede Cashewnødder,1,0,ps.,Netto,https://static.tilbudsugen.dk/1st-retail/2026/9/64663/Netto82026-1_7_2484x3620_4889x6860_zoom.jpg,2026-02-21,2026-02-27,https://res.cloudinary.com/dfqzmnlga/image/upload/v1771645201/2026-02-21/10970287.jpg
10970373,28.25,ØGO,Pålægspølser,Spegepølse Mild,1,0,stk.,Netto,https://static.tilbudsugen.dk/1st-retail/2026/9/64663/Netto82026-1_10_138x684_2375x3503_zoom.jpg,2026-02-21,2026-02-27,https://res.cloudinary.com/dfqzmnlga/image/upload/v1771645201/2026-02-21/10970373.jpg
10970561,50.00,Kims,Snacknødder & Nøddeblandinger,Mandler Havsalt,1,0,ps.,Netto,https://static.tilbudsugen.dk/1st-retail/2026/9/64663/Netto82026-1_25_2586x4644_4940x6896_zoom.jpg,2026-02-21,2026-02-27,https://res.cloudinary.com/dfqzmnlga/image/upload/v1771645202/2026-02-21/10970561.jpg
10970274,25.00,Premieur,Pålægspølser,Chorizo,1,0,stk.,Netto,https://static.tilbudsugen.dk/1st-retail/2026/9/64663/Netto82026-1_19_2522x4803_4920x6869_zoom.jpg,2026-02-21,2026-02-27,https://res.cloudinary.com/dfqzmnlga/image/upload/v1771645202/2026-02-21/10970274.jpg
10970249,15.00,Zanetti,Specialost,Burrata Italiana,1,0,stk.,Netto,https://static.tilbudsugen.dk/1st-retail/2026/9/64663/Netto82026-1_18_52x2861_1727x4907_zoom.jpg,2026-02-21,2026-02-27,https://res.cloudinary.com/dfqzmnlga/image/upload/v1771645203/2026-02-21/10970249.jpg
10970301,15.00,Ritter Sport,Chokolade,Chokoladeplade Strawberry Yoghurt,1,0,pk.,Netto,https://static.tilbudsugen.dk/1st-retail/2026/9/64663/Netto82026-1_7_29x452_2521x3605_zoom.jpg,2026-02-21,2026-02-27,https://res.cloudinary.com/dfqzmnlga/image/upload/v1771645203/2026-02-21/10970301.jpg
10970279,15.00,Ritter Sport,Chokolade,Chokoladeplade Honey Salted Almonds,1,0,pk.,Netto,https://static.tilbudsugen.dk/1st-retail/2026/9/64663/Netto82026-1_7_29x452_2521x3605_zoom.jpg,2026-02-21,2026-02-27,https://res.cloudinary.com/dfqzmnlga/image/upload/v1771645204/2026-02-21/10970279.jpg
10970270,15.00,Ritter Sport,Chokolade,Chokoladeplade Dark Whole Hazelnuts,1,0,pk.,Netto,https://static.tilbudsugen.dk/1st-retail/2026/9/64663/Netto82026-1_7_29x452_2521x3605_zoom.jpg,2026-02-21,2026-02-27,https://res.cloudinary.com/dfqzmnlga/image/upload/v1771645204/2026-02-21/10970270.jpg
10970562,50.00,Kims,Snacknødder & Nøddeblandinger,Cashewnødder Saltristede,1,0,ps.,Netto,https://static.tilbudsugen.dk/1st-retail/2026/9/64663/Netto82026-1_25_2586x4644_4940x6896_zoom.jpg,2026-02-21,2026-02-27,https://res.cloudinary.com/dfqzmnlga/image/upload/v1771645204/2026-02-21/10970562.jpg
10970568,39.00,Mamone,Kakao,Kakaodrikspulver,1,0,pk.,Netto,https://static.tilbudsugen.dk/1st-retail/2026/9/64663/Netto82026-1_26_131x2377_1685x4615_zoom.jpg,2026-02-21,2026-02-27,https://res.cloudinary.com/dfqzmnlga/image/upload/v1771645205/2026-02-21/10970568.jpg
10970509,10.00,Cup Noodles,Færdigretter,Spiced Curry Noodles,1,0,bg.,Netto,https://static.tilbudsugen.dk/1st-retail/2026/9/64663/Netto82026-1_24_80x2348_3269x4666_zoom.jpg,2026-02-21,2026-02-27,https://res.cloudinary.com/dfqzmnlga/image/upload/v1771645205/2026-02-21/10970509.jpg
10970504,10.00,Cup Noodles,Færdigretter,Ginger Chicken Noodles,1,0,bg.,Netto,https://static.tilbudsugen.dk/1st-retail/2026/9/64663/Netto82026-1_24_80x2348_3269x4666_zoom.jpg,2026-02-21,2026-02-27,https://res.cloudinary.com/dfqzmnlga/image/upload/v1771645206/2026-02-21/10970504.jpg
10970508,10.00,Cup Noodles,Færdigretter,5 Spices Beef Noodles,1,0,bg.,Netto,https://static.tilbudsugen.dk/1st-retail/2026/9/64663/Netto82026-1_24_80x2348_3269x4666_zoom.jpg,2026-02-21,2026-02-27,https://res.cloudinary.com/dfqzmnlga/image/upload/v1771645206/2026-02-21/10970508.jpg
10970685,12.00,Vaseline,Håndcreme,Håndcreme,1,0,stk.,Netto,https://static.tilbudsugen.dk/1st-retail/2026/9/64663/Netto82026-1_29_58x2820_1743x4869_zoom.jpg,2026-02-21,2026-02-27,https://res.cloudinary.com/dfqzmnlga/image/upload/v1771645206/2026-02-21/10970685.jpg
10970431,8.00,,Garn,Garn,1,0,stk.,Netto,https://static.tilbudsugen.dk/1st-retail/2026/9/64663/Netto82026-1_38_189x228_2782x3584_zoom.jpg,2026-02-21,2026-03-27,https://res.cloudinary.com/dfqzmnlga/image/upload/v1771645207/2026-02-21/10970431.jpg
10970284,69.00,Svansø,Snacknødder & Nøddeblandinger,Saltristede Pistacienødder,1,0,ps.,Netto,https://static.tilbudsugen.dk/1st-retail/2026/9/64663/Netto82026-1_7_2484x3620_4889x6860_zoom.jpg,2026-02-21,2026-02-27,https://res.cloudinary.com/dfqzmnlga/image/upload/v1771645207/2026-02-21/10970284.jpg
10970204,33.00,Løgismose,Kylling,Kyllingesteak,1,0,bk.,Netto,https://static.tilbudsugen.dk/1st-retail/2026/9/64663/Netto82026-1_16_1675x4679_3297x6771_zoom.jpg,2026-02-21,2026-02-27,https://res.cloudinary.com/dfqzmnlga/image/upload/v1771645208/2026-02-21/10970204.jpg
10970190,25.00,Løgismose,Skiveost,Skiveost Aged Havarti,1,0,pk.,Netto,https://static.tilbudsugen.dk/1st-retail/2026/9/64663/Netto82026-1_16_3284x4673_4822x6784_zoom.jpg,2026-02-21,2026-02-27,https://res.cloudinary.com/dfqzmnlga/image/upload/v1771645208/2026-02-21/10970190.jpg
10970189,25.00,Løgismose,Skiveost,Skiveost Jysk Hede,1,0,pk.,Netto,https://static.tilbudsugen.dk/1st-retail/2026/9/64663/Netto82026-1_16_3284x4673_4822x6784_zoom.jpg,2026-02-21,2026-02-27,https://res.cloudinary.com/dfqzmnlga/image/upload/v1771645208/2026-02-21/10970189.jpg
10970150,39.00,Velsmag,Fersk fisk,Laksefilet,1,0,bk.,Netto,https://static.tilbudsugen.dk/1st-retail/2026/9/64663/Netto82026-1_14_3317x2881_4991x4803_zoom.jpg,2026-02-21,2026-02-27,https://res.cloudinary.com/dfqzmnlga/image/upload/v1771645209/2026-02-21/10970150.jpg
10970140,14.00,Næmt,Frugt,Granatæblekerner,1,0,bg.,Netto,https://static.tilbudsugen.dk/1st-retail/2026/9/64663/Netto82026-1_13_65x5109_2411x6836_zoom.jpg,2026-02-21,2026-02-27,https://res.cloudinary.com/dfqzmnlga/image/upload/v1771645209/2026-02-21/10970140.jpg
10970452,22.00,Mini Karamel Skildpadder,Chokolade,Chokoladeskildpadder,1,0,pk.,Netto,https://static.tilbudsugen.dk/1st-retail/2026/9/64663/Netto82026-1_22_65x4760_2601x6824_zoom.jpg,2026-02-21,2026-02-27,https://res.cloudinary.com/dfqzmnlga/image/upload/v1771645209/2026-02-21/10970452.jpg
10970450,22.00,Anthon Berg,Chokolade,Marcipanbrød,1,0,æsk.,Netto,https://static.tilbudsugen.dk/1st-retail/2026/9/64663/Netto82026-1_22_65x4760_2601x6824_zoom.jpg,2026-02-21,2026-02-27,https://res.cloudinary.com/dfqzmnlga/image/upload/v1771645210/2026-02-21/10970450.jpg
10970265,19.00,,Røget og gravad,Laks i skiver,1,0,pk.,Netto,https://static.tilbudsugen.dk/1st-retail/2026/9/64663/Netto82026-1_19_2515x2874_4939x4797_zoom.jpg,2026-02-21,2026-02-27,https://res.cloudinary.com/dfqzmnlga/image/upload/v1771645210/2026-02-21/10970265.jpg
10970267,19.00,,Røget og gravad,Laks,1,0,bk.,Netto,https://static.tilbudsugen.dk/1st-retail/2026/9/64663/Netto82026-1_19_2515x2874_4939x4797_zoom.jpg,2026-02-21,2026-02-27,https://res.cloudinary.com/dfqzmnlga/image/upload/v1771645211/2026-02-21/10970267.jpg
10970438,15.00,Marabou,Chokolade,Chokoladerulle Mint Choco,1,0,stk.,Netto,https://static.tilbudsugen.dk/1st-retail/2026/9/64663/Netto82026-1_22_2492x2820_4998x4840_zoom.jpg,2026-02-21,2026-02-27,https://res.cloudinary.com/dfqzmnlga/image/upload/v1771645211/2026-02-21/10970438.jpg
10970157,18.00,Velsmag,Oksekød,Oksetykstegsbøffer,1,0,bk.,Netto,https://static.tilbudsugen.dk/1st-retail/2026/9/64663/Netto82026-1_14_39x2874_1727x4784_zoom.jpg,2026-02-21,2026-02-27,https://res.cloudinary.com/dfqzmnlga/image/upload/v1771645212/2026-02-21/10970157.jpg
10970432,10.00,,Garn,Garn,1,0,stk.,Netto,https://static.tilbudsugen.dk/1st-retail/2026/9/64663/Netto82026-1_39_2600x4490_4939x6628_zoom.jpg,2026-02-21,2026-03-27,https://res.cloudinary.com/dfqzmnlga/image/upload/v1771645212/2026-02-21/10970432.jpg
10970647,10.00,Palmolive,Deodorant,Deo Roll-on,1,0,stk.,Netto,https://static.tilbudsugen.dk/1st-retail/2026/9/64663/Netto82026-1_29_65x859_2557x2893_zoom.jpg,2026-02-21,2026-02-27,https://res.cloudinary.com/dfqzmnlga/image/upload/v1771645213/2026-02-21/10970647.jpg
10970648,10.00,Palmolive,Deodorant,Deo Roll-on,1,0,stk.,Netto,https://static.tilbudsugen.dk/1st-retail/2026/9/64663/Netto82026-1_29_65x859_2557x2893_zoom.jpg,2026-02-21,2026-02-27,https://res.cloudinary.com/dfqzmnlga/image/upload/v1771645213/2026-02-21/10970648.jpg
10970187,25.00,Løgismose,Specialost,Skimmelost Blå Ost,1,0,pk.,Netto,https://static.tilbudsugen.dk/1st-retail/2026/9/64663/Netto82026-1_16_3284x4673_4822x6784_zoom.jpg,2026-02-21,2026-02-27,https://res.cloudinary.com/dfqzmnlga/image/upload/v1771645214/2026-02-21/10970187.jpg
10970299,16.00,Kims,Snacks,Snack Chips Souer cream & onion,1,0,ps.,Netto,https://static.tilbudsugen.dk/1st-retail/2026/9/64663/Netto82026-1_7_2492x219_4896x3554_zoom.jpg,2026-02-21,2026-02-27,https://res.cloudinary.com/dfqzmnlga/image/upload/v1771645214/2026-02-21/10970299.jpg
10970298,16.00,Kims,Snacks,Saltskruer,1,0,ps.,Netto,https://static.tilbudsugen.dk/1st-retail/2026/9/64663/Netto82026-1_7_2492x219_4896x3554_zoom.jpg,2026-02-21,2026-02-27,https://res.cloudinary.com/dfqzmnlga/image/upload/v1771645215/2026-02-21/10970298.jpg
10970300,16.00,Kims,Chips,Havsalt Chips,1,0,ps.,Netto,https://static.tilbudsugen.dk/1st-retail/2026/9/64663/Netto82026-1_7_2492x219_4896x3554_zoom.jpg,2026-02-21,2026-02-27,https://res.cloudinary.com/dfqzmnlga/image/upload/v1771645215/2026-02-21/10970300.jpg
10970435,15.00,Oreo,Chokolade,Chokoladeruller,1,0,stk.,Netto,https://static.tilbudsugen.dk/1st-retail/2026/9/64663/Netto82026-1_22_2492x2820_4998x4840_zoom.jpg,2026-02-21,2026-02-27,https://res.cloudinary.com/dfqzmnlga/image/upload/v1771645216/2026-02-21/10970435.jpg
10970439,15.00,Daim,Chokolade,Chokoladeruller,1,0,stk.,Netto,https://static.tilbudsugen.dk/1st-retail/2026/9/64663/Netto82026-1_22_2492x2820_4998x4840_zoom.jpg,2026-02-21,2026-02-27,https://res.cloudinary.com/dfqzmnlga/image/upload/v1771645216/2026-02-21/10970439.jpg
10970437,15.00,Marabou,Chokolade,Chokoladerulle Mjölk Choklad,1,0,stk.,Netto,https://static.tilbudsugen.dk/1st-retail/2026/9/64663/Netto82026-1_22_2492x2820_4998x4840_zoom.jpg,2026-02-21,2026-02-27,https://res.cloudinary.com/dfqzmnlga/image/upload/v1771645216/2026-02-21/10970437.jpg
10970440,15.00,Daim,Chokolade,Chokoladeruller,1,0,stk.,Netto,https://static.tilbudsugen.dk/1st-retail/2026/9/64663/Netto82026-1_22_2492x2820_4998x4840_zoom.jpg,2026-02-21,2026-02-27,https://res.cloudinary.com/dfqzmnlga/image/upload/v1771645217/2026-02-21/10970440.jpg
10970271,18.00,Gøl,Pålægspølser,Salami Sticks Spicy,1,0,pk.,Netto,https://static.tilbudsugen.dk/1st-retail/2026/9/64663/Netto82026-1_19_46x4920_2470x6849_zoom.jpg,2026-02-21,2026-02-27,https://res.cloudinary.com/dfqzmnlga/image/upload/v1771645217/2026-02-21/10970271.jpg
10970272,18.00,Gøl,Pålægspølser,Salami Snacks Classic,1,0,pk.,Netto,https://static.tilbudsugen.dk/1st-retail/2026/9/64663/Netto82026-1_19_46x4920_2470x6849_zoom.jpg,2026-02-21,2026-02-27,https://res.cloudinary.com/dfqzmnlga/image/upload/v1771645218/2026-02-21/10970272.jpg
10970269,18.00,Gøl,Pålægspølser,Salami Sticks Classic,1,0,pk.,Netto,https://static.tilbudsugen.dk/1st-retail/2026/9/64663/Netto82026-1_19_46x4920_2470x6849_zoom.jpg,2026-02-21,2026-02-27,https://res.cloudinary.com/dfqzmnlga/image/upload/v1771645218/2026-02-21/10970269.jpg
10970273,25.00,Premieur,"Pålæg, skiveskåret",Carpaccio,1,0,pk.,Netto,https://static.tilbudsugen.dk/1st-retail/2026/9/64663/Netto82026-1_19_2522x4803_4920x6869_zoom.jpg,2026-02-21,2026-02-27,https://res.cloudinary.com/dfqzmnlga/image/upload/v1771645218/2026-02-21/10970273.jpg
10970449,22.00,Anthon Berg,Chokolade,Marcipantærter Blomme i Madeira,1,0,pk.,Netto,https://static.tilbudsugen.dk/1st-retail/2026/9/64663/Netto82026-1_22_65x4760_2601x6824_zoom.jpg,2026-02-21,2026-02-27,https://res.cloudinary.com/dfqzmnlga/image/upload/v1771645219/2026-02-21/10970449.jpg
10970451,22.00,Mini Skildpadder,Chokolade,Chokoladeskildpadder,1,0,pk.,Netto,https://static.tilbudsugen.dk/1st-retail/2026/9/64663/Netto82026-1_22_65x4760_2601x6824_zoom.jpg,2026-02-21,2026-02-27,https://res.cloudinary.com/dfqzmnlga/image/upload/v1771645219/2026-02-21/10970451.jpg
10970448,22.00,Anthon Berg,Chokolade,Marcipantærter Nougat,1,0,æsk.,Netto,https://static.tilbudsugen.dk/1st-retail/2026/9/64663/Netto82026-1_22_65x4760_2601x6824_zoom.jpg,2026-02-21,2026-02-27,https://res.cloudinary.com/dfqzmnlga/image/upload/v1771645219/2026-02-21/10970448.jpg
10970697,35.00,David Beckham,Deodorant,Deospray,1,0,stk.,Netto,https://static.tilbudsugen.dk/1st-retail/2026/9/64663/Netto82026-1_29_3254x2813_4925x4935_zoom.jpg,2026-02-21,2026-02-27,https://res.cloudinary.com/dfqzmnlga/image/upload/v1771645220/2026-02-21/10970697.jpg
10970696,35.00,Bruno Banani,Deodorant,Deospray,1,0,stk.,Netto,https://static.tilbudsugen.dk/1st-retail/2026/9/64663/Netto82026-1_29_3254x2813_4925x4935_zoom.jpg,2026-02-21,2026-02-27,https://res.cloudinary.com/dfqzmnlga/image/upload/v1771645220/2026-02-21/10970696.jpg
10970428,45.00,,Småkager,Cookies,1,0,pk.,Netto,https://static.tilbudsugen.dk/1st-retail/2026/9/64663/Netto82026-1_22_2434x1069_4998x2886_zoom.jpg,2026-02-21,2026-02-27,https://res.cloudinary.com/dfqzmnlga/image/upload/v1771645221/2026-02-21/10970428.jpg
10970276,25.00,Premieur,"Pålæg, skiveskåret",Jamon Serrano,1,0,pk.,Netto,https://static.tilbudsugen.dk/1st-retail/2026/9/64663/Netto82026-1_19_2522x4803_4920x6869_zoom.jpg,2026-02-21,2026-02-27,https://res.cloudinary.com/dfqzmnlga/image/upload/v1771645221/2026-02-21/10970276.jpg
10970425,25.00,,Garn,Garn,1,0,stk.,Netto,https://static.tilbudsugen.dk/1st-retail/2026/9/64663/Netto82026-1_37_235x4744_2470x6543_zoom.jpg,2026-02-21,2026-03-27,https://res.cloudinary.com/dfqzmnlga/image/upload/v1771645221/2026-02-21/10970425.jpg
10970319,15.00,Barebells,Snacks/bar,Caramel Choco Proteinbar,1,0,stk.,Netto,https://static.tilbudsugen.dk/1st-retail/2026/9/64663/Netto82026-1_8_2463x3285_4933x6831_zoom.jpg,2026-02-21,2026-02-27,https://res.cloudinary.com/dfqzmnlga/image/upload/v1771645222/2026-02-21/10970319.jpg
10970344,15.00,Bodylab,Snacks/bar,Hazelnut Choco Proteinbar,1,0,stk.,Netto,https://static.tilbudsugen.dk/1st-retail/2026/9/64663/Netto82026-1_8_2463x3285_4933x6831_zoom.jpg,2026-02-21,2026-02-27,https://res.cloudinary.com/dfqzmnlga/image/upload/v1771645223/2026-02-21/10970344.jpg
10970336,15.00,Barebells,Snacks/bar,Salty White Proteinbar,1,0,stk.,Netto,https://static.tilbudsugen.dk/1st-retail/2026/9/64663/Netto82026-1_8_2463x3285_4933x6831_zoom.jpg,2026-02-21,2026-02-27,https://res.cloudinary.com/dfqzmnlga/image/upload/v1771645223/2026-02-21/10970336.jpg
10970339,15.00,Bodylab,Snacks/bar,White Choco Cookie Proteinbar,1,0,stk.,Netto,https://static.tilbudsugen.dk/1st-retail/2026/9/64663/Netto82026-1_8_2463x3285_4933x6831_zoom.jpg,2026-02-21,2026-02-27,https://res.cloudinary.com/dfqzmnlga/image/upload/v1771645223/2026-02-21/10970339.jpg
10970321,15.00,Barebells,Snacks/bar,Chocolate Ball Proteinbar,1,0,stk.,Netto,https://static.tilbudsugen.dk/1st-retail/2026/9/64663/Netto82026-1_8_2463x3285_4933x6831_zoom.jpg,2026-02-21,2026-02-27,https://res.cloudinary.com/dfqzmnlga/image/upload/v1771645224/2026-02-21/10970321.jpg
10970322,15.00,Barebells,Snacks/bar,Banana Dream Proteinbar,1,0,stk.,Netto,https://static.tilbudsugen.dk/1st-retail/2026/9/64663/Netto82026-1_8_2463x3285_4933x6831_zoom.jpg,2026-02-21,2026-02-27,https://res.cloudinary.com/dfqzmnlga/image/upload/v1771645224/2026-02-21/10970322.jpg
10970323,15.00,Bodylab,Snacks/bar,Chocolate Brownie Proteinbar,1,0,stk.,Netto,https://static.tilbudsugen.dk/1st-retail/2026/9/64663/Netto82026-1_8_2463x3285_4933x6831_zoom.jpg,2026-02-21,2026-02-27,https://res.cloudinary.com/dfqzmnlga/image/upload/v1771645225/2026-02-21/10970323.jpg
10970333,15.00,Bodylab,Snacks/bar,Salted Peanut Caramel Proteinbar,1,0,stk.,Netto,https://static.tilbudsugen.dk/1st-retail/2026/9/64663/Netto82026-1_8_2463x3285_4933x6831_zoom.jpg,2026-02-21,2026-02-27,https://res.cloudinary.com/dfqzmnlga/image/upload/v1771645225/2026-02-21/10970333.jpg
10970345,15.00,Bodylab,Snacks/bar,Chocolate Banana Proteinbar,1,0,stk.,Netto,https://static.tilbudsugen.dk/1st-retail/2026/9/64663/Netto82026-1_8_2463x3285_4933x6831_zoom.jpg,2026-02-21,2026-02-27,https://res.cloudinary.com/dfqzmnlga/image/upload/v1771645225/2026-02-21/10970345.jpg
10970328,15.00,Barebells,Snacks/bar,Marshmallow Proteinbar,1,0,stk.,Netto,https://static.tilbudsugen.dk/1st-retail/2026/9/64663/Netto82026-1_8_2463x3285_4933x6831_zoom.jpg,2026-02-21,2026-02-27,https://res.cloudinary.com/dfqzmnlga/image/upload/v1771645226/2026-02-21/10970328.jpg
10970337,15.00,Bodylab,Snacks/bar,Salted Caramel Proteinbar,1,0,stk.,Netto,https://static.tilbudsugen.dk/1st-retail/2026/9/64663/Netto82026-1_8_2463x3285_4933x6831_zoom.jpg,2026-02-21,2026-02-27,https://res.cloudinary.com/dfqzmnlga/image/upload/v1771645226/2026-02-21/10970337.jpg
10970346,15.00,Barebells,Snacks/bar,Key Lime Pie Proteinbar,1,0,stk.,Netto,https://static.tilbudsugen.dk/1st-retail/2026/9/64663/Netto82026-1_8_2463x3285_4933x6831_zoom.jpg,2026-02-21,2026-02-27,https://res.cloudinary.com/dfqzmnlga/image/upload/v1771645227/2026-02-21/10970346.jpg
10970426,59.00,,Garn,Garn,1,0,stk.,Netto,https://static.tilbudsugen.dk/1st-retail/2026/9/64663/Netto82026-1_37_39x2379_2203x4751_zoom.jpg,2026-02-21,2026-03-27,https://res.cloudinary.com/dfqzmnlga/image/upload/v1771645227/2026-02-21/10970426.jpg
10970263,59.00,Premieur,Røget og gravad,Laks,1,0,pk.,Netto,https://static.tilbudsugen.dk/1st-retail/2026/9/64663/Netto82026-1_19_2424x723_4894x2894_zoom.jpg,2026-02-21,2026-02-27,https://res.cloudinary.com/dfqzmnlga/image/upload/v1771645227/2026-02-21/10970263.jpg
10970442,30.00,,Garn,Garn,1,0,stk.,Netto,https://static.tilbudsugen.dk/1st-retail/2026/9/64663/Netto82026-1_39_7x20_4359x3578_zoom.jpg,2026-02-21,2026-03-27,https://res.cloudinary.com/dfqzmnlga/image/upload/v1771645228/2026-02-21/10970442.jpg
10970662,12.00,Vaseline,Læbepomade,Læbepomade,1,0,stk.,Netto,https://static.tilbudsugen.dk/1st-retail/2026/9/64663/Netto82026-1_29_58x2820_1743x4869_zoom.jpg,2026-02-21,2026-02-27,https://res.cloudinary.com/dfqzmnlga/image/upload/v1771645229/2026-02-21/10970662.jpg
10970427,35.00,,Garn,Garn,1,0,stk.,Netto,https://static.tilbudsugen.dk/1st-retail/2026/9/64663/Netto82026-1_38_2795x98_4998x2959_zoom.jpg,2026-02-21,2026-03-27,https://res.cloudinary.com/dfqzmnlga/image/upload/v1771645229/2026-02-21/10970427.jpg
10970693,35.00,Technic ,Styling,Hårspray,1,0,stk.,Netto,https://static.tilbudsugen.dk/1st-retail/2026/9/64663/Netto82026-1_29_3254x2813_4925x4935_zoom.jpg,2026-02-21,2026-02-27,https://res.cloudinary.com/dfqzmnlga/image/upload/v1771645229/2026-02-21/10970693.jpg
10970618,249.00,Diplomatico Reserva,Rom,Rom,1,0,fl.,Netto,https://static.tilbudsugen.dk/1st-retail/2026/9/64663/Netto82026-1_28_58x546_1598x2929_zoom.jpg,2026-02-21,2026-02-27,https://res.cloudinary.com/dfqzmnlga/image/upload/v1771645230/2026-02-21/10970618.jpg
10970619,249.00,Gin Mare Mediterranean,Gin,Gin,1,0,fl.,Netto,https://static.tilbudsugen.dk/1st-retail/2026/9/64663/Netto82026-1_28_58x546_1598x2929_zoom.jpg,2026-02-21,2026-02-27,https://res.cloudinary.com/dfqzmnlga/image/upload/v1771645230/2026-02-21/10970619.jpg
10970275,25.00,Premieur,"Pålæg, skiveskåret",Prosciutto Di Parma,1,0,pk.,Netto,https://static.tilbudsugen.dk/1st-retail/2026/9/64663/Netto82026-1_19_2522x4803_4920x6869_zoom.jpg,2026-02-21,2026-02-27,https://res.cloudinary.com/dfqzmnlga/image/upload/v1771645231/2026-02-21/10970275.jpg
10970297,16.00,Kims,Dip,Dip Dild,1,0,ps.,Netto,https://static.tilbudsugen.dk/1st-retail/2026/9/64663/Netto82026-1_7_2492x219_4896x3554_zoom.jpg,2026-02-21,2026-02-27,https://res.cloudinary.com/dfqzmnlga/image/upload/v1771645231/2026-02-21/10970297.jpg
10970296,16.00,Kims,Dip,Dip Holiday,1,0,ps.,Netto,https://static.tilbudsugen.dk/1st-retail/2026/9/64663/Netto82026-1_7_2492x219_4896x3554_zoom.jpg,2026-02-21,2026-02-27,https://res.cloudinary.com/dfqzmnlga/image/upload/v1771645231/2026-02-21/10970296.jpg
10970277,25.00,Premieur,"Pålæg, skiveskåret",Bresaola,1,0,pk.,Netto,https://static.tilbudsugen.dk/1st-retail/2026/9/64663/Netto82026-1_19_2522x4803_4920x6869_zoom.jpg,2026-02-21,2026-02-27,https://res.cloudinary.com/dfqzmnlga/image/upload/v1771645232/2026-02-21/10970277.jpg
10970456,20.00,,Garn,Garn,1,0,stk.,Netto,https://static.tilbudsugen.dk/1st-retail/2026/9/64663/Netto82026-1_40_0x3415_2502x6602_zoom.jpg,2026-02-21,2026-03-27,https://res.cloudinary.com/dfqzmnlga/image/upload/v1771645232/2026-02-21/10970456.jpg
10970434,25.00,,Garn,Garn,1,0,stk.,Netto,https://static.tilbudsugen.dk/1st-retail/2026/9/64663/Netto82026-1_39_143x4503_2561x6595_zoom.jpg,2026-02-21,2026-03-27,https://res.cloudinary.com/dfqzmnlga/image/upload/v1771645233/2026-02-21/10970434.jpg
10970458,30.00,,Garn,Garn,1,0,stk.,Netto,https://static.tilbudsugen.dk/1st-retail/2026/9/64663/Netto82026-1_40_2691x137_4887x3421_zoom.jpg,2026-02-21,2026-03-27,https://res.cloudinary.com/dfqzmnlga/image/upload/v1771645233/2026-02-21/10970458.jpg
10970429,30.00,,Garn,Garn,1,0,stk.,Netto,https://static.tilbudsugen.dk/1st-retail/2026/9/64663/Netto82026-1_38_2333x2991_4803x6530_zoom.jpg,2026-02-21,2026-03-27,https://res.cloudinary.com/dfqzmnlga/image/upload/v1771645233/2026-02-21/10970429.jpg
10970457,69.00,,Garn,Garn,1,0,stk.,Netto,https://static.tilbudsugen.dk/1st-retail/2026/9/64663/Netto82026-1_40_215x267_2698x3434_zoom.jpg,2026-02-21,2026-03-27,https://res.cloudinary.com/dfqzmnlga/image/upload/v1771645234/2026-02-21/10970457.jpg
10970340,30.00,,Boligtekstiler,Lagen,1,0,stk.,Netto,https://static.tilbudsugen.dk/1st-retail/2026/9/64663/Netto82026-1_31_2489x137_4946x2405_zoom.jpg,2026-02-21,2026-02-27,https://res.cloudinary.com/dfqzmnlga/image/upload/v1771645234/2026-02-21/10970340.jpg
10970371,25.00,,Partyartikler,Fødselsdags tilbehør,1,0,stk.,Netto,https://static.tilbudsugen.dk/1st-retail/2026/9/64663/Netto82026-1_32_234x169_2489x4581_zoom.jpg,2026-02-21,2026-02-27,https://res.cloudinary.com/dfqzmnlga/image/upload/v1771645235/2026-02-21/10970371.jpg
10970382,25.00,,Dametøj,Top,1,0,stk.,Netto,https://static.tilbudsugen.dk/1st-retail/2026/9/64663/Netto82026-1_33_248x704_2522x3747_zoom.jpg,2026-02-21,2026-02-27,https://res.cloudinary.com/dfqzmnlga/image/upload/v1771645235/2026-02-21/10970382.jpg
10970383,40.00,,Accessories,Tørklæde,1,0,stk.,Netto,https://static.tilbudsugen.dk/1st-retail/2026/9/64663/Netto82026-1_34_2548x411_4763x3708_zoom.jpg,2026-02-21,2026-02-27,https://res.cloudinary.com/dfqzmnlga/image/upload/v1771645235/2026-02-21/10970383.jpg
10970384,40.00,,Accessories,Tørklæde,1,0,stk.,Netto,https://static.tilbudsugen.dk/1st-retail/2026/9/64663/Netto82026-1_34_248x495_2385x3695_zoom.jpg,2026-02-21,2026-02-27,https://res.cloudinary.com/dfqzmnlga/image/upload/v1771645236/2026-02-21/10970384.jpg
10970342,50.00,,Boligtekstiler,Lagen,1,0,stk.,Netto,https://static.tilbudsugen.dk/1st-retail/2026/9/64663/Netto82026-1_31_2489x137_4946x2405_zoom.jpg,2026-02-21,2026-02-27,https://res.cloudinary.com/dfqzmnlga/image/upload/v1771645236/2026-02-21/10970342.jpg
10970364,20.00,,Boligtekstiler,Hynde,1,0,stk.,Netto,https://static.tilbudsugen.dk/1st-retail/2026/9/64663/Netto82026-1_31_124x3682_2489x6797_zoom.jpg,2026-02-21,2026-02-27,https://res.cloudinary.com/dfqzmnlga/image/upload/v1771645236/2026-02-21/10970364.jpg
10970436,60.00,,Diverse bøger,Hobbybøger,1,0,stk.,Netto,https://static.tilbudsugen.dk/1st-retail/2026/9/64663/Netto82026-1_39_2880x808_4952x4484_zoom.jpg,2026-02-21,2026-03-27,https://res.cloudinary.com/dfqzmnlga/image/upload/v1771645237/2026-02-21/10970436.jpg
10970459,30.00,,Garn,Strikketilbehør,1,0,stk.,Netto,https://static.tilbudsugen.dk/1st-retail/2026/9/64663/Netto82026-1_40_2470x3441_4750x6530_zoom.jpg,2026-02-21,2026-03-27,https://res.cloudinary.com/dfqzmnlga/image/upload/v1771645237/2026-02-21/10970459.jpg
10970387,99.00,,Lingeri,BH,1,0,stk.,Netto,https://static.tilbudsugen.dk/1st-retail/2026/9/64663/Netto82026-1_34_202x3871_2509x6823_zoom.jpg,2026-02-21,2026-02-27,https://res.cloudinary.com/dfqzmnlga/image/upload/v1771645237/2026-02-21/10970387.jpg
10970411,49.00,Shimmer and Sparkle,Kreativitetslegetøj & puslespil,Kreativt legetøj,1,0,stk.,Netto,https://static.tilbudsugen.dk/1st-retail/2026/9/64663/Netto82026-1_36_1746x4660_3284x6836_zoom.jpg,2026-02-21,2026-02-27,https://res.cloudinary.com/dfqzmnlga/image/upload/v1771645238/2026-02-21/10970411.jpg
10970417,60.00,,Batteridrevet legetøj,Interaktiv Legetøj,1,0,stk.,Netto,https://static.tilbudsugen.dk/1st-retail/2026/9/64663/Netto82026-1_36_1772x2483_3232x4699_zoom.jpg,2026-02-21,2026-02-27,https://res.cloudinary.com/dfqzmnlga/image/upload/v1771645238/2026-02-21/10970417.jpg
10970421,49.00,Marvel,"Biler, tog",Biler,1,0,stk.,Netto,https://static.tilbudsugen.dk/1st-retail/2026/9/64663/Netto82026-1_36_156x762_4640x2346_zoom.jpg,2026-02-21,2026-02-27,https://res.cloudinary.com/dfqzmnlga/image/upload/v1771645238/2026-02-21/10970421.jpg
10970341,40.00,,Boligtekstiler,Lagen,1,0,stk.,Netto,https://static.tilbudsugen.dk/1st-retail/2026/9/64663/Netto82026-1_31_2489x137_4946x2405_zoom.jpg,2026-02-21,2026-02-27,https://res.cloudinary.com/dfqzmnlga/image/upload/v1771645239/2026-02-21/10970341.jpg
10970343,30.00,Kodak,Ladere & batterier,Lader,1,0,stk.,Netto,https://static.tilbudsugen.dk/1st-retail/2026/9/64663/Netto82026-1_31_2535x4627_4763x6765_zoom.jpg,2026-02-21,2026-02-27,https://res.cloudinary.com/dfqzmnlga/image/upload/v1771645240/2026-02-21/10970343.jpg
10970380,50.00,,Dametøj,Bukser,1,0,stk.,Netto,https://static.tilbudsugen.dk/1st-retail/2026/9/64663/Netto82026-1_33_235x3806_2463x6849_zoom.jpg,2026-02-21,2026-02-27,https://res.cloudinary.com/dfqzmnlga/image/upload/v1771645240/2026-02-21/10970380.jpg
10970430,35.00,,Service,Krus,1,0,stk.,Netto,https://static.tilbudsugen.dk/1st-retail/2026/9/64663/Netto82026-1_38_65x3643_2339x6602_zoom.jpg,2026-02-21,2026-03-27,https://res.cloudinary.com/dfqzmnlga/image/upload/v1771645241/2026-02-21/10970430.jpg
10970699,50.00,,Boligtekstiler,Sengesæt,1,0,stk.,Netto,https://static.tilbudsugen.dk/1st-retail/2026/9/64663/Netto82026-1_30_94x74_4954x6809_zoom.jpg,2026-02-21,2026-02-27,https://res.cloudinary.com/dfqzmnlga/image/upload/v1771645241/2026-02-21/10970699.jpg
10970416,50.00,,Kreativitetslegetøj & puslespil,Kreativt legetøj,1,0,stk.,Netto,https://static.tilbudsugen.dk/1st-retail/2026/9/64663/Netto82026-1_36_182x2437_1798x4647_zoom.jpg,2026-02-21,2026-02-27,https://res.cloudinary.com/dfqzmnlga/image/upload/v1771645242/2026-02-21/10970416.jpg
10970419,59.00,Playgo,Kreativitetslegetøj & puslespil,Modellervoks,1,0,pk.,Netto,https://static.tilbudsugen.dk/1st-retail/2026/9/64663/Netto82026-1_36_3271x2424_4789x4660_zoom.jpg,2026-02-21,2026-02-27,https://res.cloudinary.com/dfqzmnlga/image/upload/v1771645242/2026-02-21/10970419.jpg
10970368,25.00,,Service,Krus,1,0,stk.,Netto,https://static.tilbudsugen.dk/1st-retail/2026/9/64663/Netto82026-1_32_2541x3637_4822x6791_zoom.jpg,2026-02-21,2026-02-27,https://res.cloudinary.com/dfqzmnlga/image/upload/v1771645242/2026-02-21/10970368.jpg
10970381,50.00,,Herretøj,Bukser,1,0,stk.,Netto,https://static.tilbudsugen.dk/1st-retail/2026/9/64663/Netto82026-1_33_235x3806_2463x6849_zoom.jpg,2026-02-21,2026-02-27,https://res.cloudinary.com/dfqzmnlga/image/upload/v1771645243/2026-02-21/10970381.jpg
