data_id,price,brand,category,product_name,units,quantity,unit_type,store_name,image_url,start_date,end_date,public_urls
11125684,28.00,Premieur,Frugt,Ferskner,1,6,bk.,Netto,https://static.tilbudsugen.dk/1st-retail/2026/22/65445/Netto222026-1_4_248x85_4939x2714_zoom.jpg,2026-05-23,2026-05-29,https://res.cloudinary.com/dfqzmnlga/image/upload/v1779512418/2026-05-23/11125684.jpg
11125683,28.00,Premieur,Frugt,Nektariner,1,6,bk.,Netto,https://static.tilbudsugen.dk/1st-retail/2026/22/65445/Netto222026-1_4_248x85_4939x2714_zoom.jpg,2026-05-23,2026-05-29,https://res.cloudinary.com/dfqzmnlga/image/upload/v1779512419/2026-05-23/11125683.jpg
11125674,5.00,,Frugt,Citroner,1,1,stk.,Netto,https://static.tilbudsugen.dk/1st-retail/2026/22/65445/Netto222026-1_3_3735x1489_4912x3054_zoom.jpg,2026-05-23,2026-05-29,https://res.cloudinary.com/dfqzmnlga/image/upload/v1779512419/2026-05-23/11125674.jpg
11125713,10.50,ØGO,Grønt,Hjertesalat,1,2,bk.,Netto,https://static.tilbudsugen.dk/1st-retail/2026/22/65445/Netto222026-1_8_2601x4123_4836x6849_zoom.jpg,2026-05-23,2026-05-29,https://res.cloudinary.com/dfqzmnlga/image/upload/v1779512420/2026-05-23/11125713.jpg
11125687,6.00,Samsø,Grønt,Rødløg,1,0,ps.,Netto,https://static.tilbudsugen.dk/1st-retail/2026/22/65445/Netto222026-1_4_43x4328_2504x5969_zoom.jpg,2026-05-23,2026-05-29,https://res.cloudinary.com/dfqzmnlga/image/upload/v1779512420/2026-05-23/11125687.jpg
11125688,20.00,,Frugt,Vindruer,1,0,bk.,Netto,https://static.tilbudsugen.dk/1st-retail/2026/22/65445/Netto222026-1_4_2515x4355_4901x5937_zoom.jpg,2026-05-23,2026-05-29,https://res.cloudinary.com/dfqzmnlga/image/upload/v1779512420/2026-05-23/11125688.jpg
11125685,10.00,,Grønt,Padron peber,1,0,bk.,Netto,https://static.tilbudsugen.dk/1st-retail/2026/22/65445/Netto222026-1_4_65x2719_2499x4333_zoom.jpg,2026-05-23,2026-05-29,https://res.cloudinary.com/dfqzmnlga/image/upload/v1779512421/2026-05-23/11125685.jpg
11125679,15.00,ØGO,Grønt,Champignon,1,0,bk.,Netto,https://static.tilbudsugen.dk/1st-retail/2026/22/65445/Netto222026-1_3_3676x3140_4922x4943_zoom.jpg,2026-05-23,2026-05-29,https://res.cloudinary.com/dfqzmnlga/image/upload/v1779512421/2026-05-23/11125679.jpg
11125686,28.00,Driscolls,Frugt,Blåbær,1,0,bk.,Netto,https://static.tilbudsugen.dk/1st-retail/2026/22/65445/Netto222026-1_4_2504x2671_4939x4317_zoom.jpg,2026-05-23,2026-05-29,https://res.cloudinary.com/dfqzmnlga/image/upload/v1779512421/2026-05-23/11125686.jpg
11125706,25.00,ØGO,Frugt,Hindbær,1,0,bk.,Netto,https://static.tilbudsugen.dk/1st-retail/2026/22/65445/Netto222026-1_7_2915x825_4836x3491_zoom.jpg,2026-05-23,2026-05-29,https://res.cloudinary.com/dfqzmnlga/image/upload/v1779512422/2026-05-23/11125706.jpg
11125678,30.00,Tulip,Bacon,Bacontern,1,0,pk.,Netto,https://static.tilbudsugen.dk/1st-retail/2026/22/65445/Netto222026-1_3_2510x3146_3686x4884_zoom.jpg,2026-05-23,2026-05-29,https://res.cloudinary.com/dfqzmnlga/image/upload/v1779512423/2026-05-23/11125678.jpg
11125677,30.00,Tulip,Bacon,Baconskiver,1,0,pk.,Netto,https://static.tilbudsugen.dk/1st-retail/2026/22/65445/Netto222026-1_3_2510x3146_3686x4884_zoom.jpg,2026-05-23,2026-05-29,https://res.cloudinary.com/dfqzmnlga/image/upload/v1779512423/2026-05-23/11125677.jpg
11125703,25.00,,Kylling,Kyllingeunderlår,1,0,pk.,Netto,https://static.tilbudsugen.dk/1st-retail/2026/22/65445/Netto222026-1_6_2553x2892_4949x4857_zoom.jpg,2026-05-23,2026-05-29,https://res.cloudinary.com/dfqzmnlga/image/upload/v1779512423/2026-05-23/11125703.jpg
11126407,40.00,Rose,Kylling,Hakket kylling 7-10%,1,0,bk.,Netto,https://static.tilbudsugen.dk/1st-retail/2026/22/65445/Netto222026-1_6_27x4879_2461x6827_zoom.jpg,2026-05-23,2026-05-29,https://res.cloudinary.com/dfqzmnlga/image/upload/v1779512424/2026-05-23/11126407.jpg
11125690,79.00,De Danske Familiegårde,Kylling,Kylling,1,1,stk.,Netto,https://static.tilbudsugen.dk/1st-retail/2026/22/65445/Netto222026-1_5_2850x118_4868x2574_zoom.jpg,2026-05-23,2026-05-29,https://res.cloudinary.com/dfqzmnlga/image/upload/v1779512424/2026-05-23/11125690.jpg
11125704,40.00,Rose,Kylling,Kyllingebrystfilet,1,0,bk.,Netto,https://static.tilbudsugen.dk/1st-retail/2026/22/65445/Netto222026-1_6_27x4879_2461x6827_zoom.jpg,2026-05-23,2026-05-29,https://res.cloudinary.com/dfqzmnlga/image/upload/v1779512425/2026-05-23/11125704.jpg
11126405,40.00,Rose,Kylling,Kyllingeinderfileter,1,0,bk.,Netto,https://static.tilbudsugen.dk/1st-retail/2026/22/65445/Netto222026-1_6_27x4879_2461x6827_zoom.jpg,2026-05-23,2026-05-29,https://res.cloudinary.com/dfqzmnlga/image/upload/v1779512425/2026-05-23/11126405.jpg
11126403,25.00,,Kylling,Kyllingestrimler,1,0,pk.,Netto,https://static.tilbudsugen.dk/1st-retail/2026/22/65445/Netto222026-1_6_2553x2892_4949x4857_zoom.jpg,2026-05-23,2026-05-29,https://res.cloudinary.com/dfqzmnlga/image/upload/v1779512425/2026-05-23/11126403.jpg
11125699,24.95,Velsmag,Grisekød,Nakkefilet,1,0,bk.,Netto,https://static.tilbudsugen.dk/1st-retail/2026/22/65445/Netto222026-1_6_5x4_3114x2347_zoom.jpg,2026-05-23,2026-05-29,https://res.cloudinary.com/dfqzmnlga/image/upload/v1779512426/2026-05-23/11125699.jpg
11125700,20.00,Velsmag,Grisekød,Medister,1,0,bk.,Netto,https://static.tilbudsugen.dk/1st-retail/2026/22/65445/Netto222026-1_6_27x3005_2537x4825_zoom.jpg,2026-05-23,2026-05-29,https://res.cloudinary.com/dfqzmnlga/image/upload/v1779512426/2026-05-23/11125700.jpg
11125702,20.00,Velsmag,Kalve- og grisekød,Hakket kalv og grisekød 8-12%,1,0,bk.,Netto,https://static.tilbudsugen.dk/1st-retail/2026/22/65445/Netto222026-1_6_27x3005_2537x4825_zoom.jpg,2026-05-23,2026-05-29,https://res.cloudinary.com/dfqzmnlga/image/upload/v1779512426/2026-05-23/11125702.jpg
11125698,55.00,Velsmag,Grisekød,Flæsk i skiver,1,0,bk.,Netto,https://static.tilbudsugen.dk/1st-retail/2026/22/65445/Netto222026-1_5_2574x4825_4949x6914_zoom.jpg,2026-05-23,2026-05-29,https://res.cloudinary.com/dfqzmnlga/image/upload/v1779512427/2026-05-23/11125698.jpg
11126398,55.00,Velsmag,Grisekød,Spareribs,1,0,bk.,Netto,https://static.tilbudsugen.dk/1st-retail/2026/22/65445/Netto222026-1_5_2574x4825_4949x6914_zoom.jpg,2026-05-23,2026-05-29,https://res.cloudinary.com/dfqzmnlga/image/upload/v1779512427/2026-05-23/11126398.jpg
11126396,55.00,Velsmag,Grisekød,Nakkekoteletter,1,0,bk.,Netto,https://static.tilbudsugen.dk/1st-retail/2026/22/65445/Netto222026-1_5_2574x4825_4949x6914_zoom.jpg,2026-05-23,2026-05-29,https://res.cloudinary.com/dfqzmnlga/image/upload/v1779512428/2026-05-23/11126396.jpg
11125705,45.00,Velsmag,Oksekød,Hakket oksekød 8-12%,1,0,ps.,Netto,https://static.tilbudsugen.dk/1st-retail/2026/22/65445/Netto222026-1_6_2542x4906_4879x6876_zoom.jpg,2026-05-23,2026-05-29,https://res.cloudinary.com/dfqzmnlga/image/upload/v1779512428/2026-05-23/11125705.jpg
11125696,79.00,Velsmag,Oksekød,Okseentrecotes,1,0,bk.,Netto,https://static.tilbudsugen.dk/1st-retail/2026/22/65445/Netto222026-1_5_3271x2557_4901x4765_zoom.jpg,2026-05-23,2026-05-29,https://res.cloudinary.com/dfqzmnlga/image/upload/v1779512428/2026-05-23/11125696.jpg
11125695,79.00,Velsmag,Oksekød,Ribeye,1,0,bk.,Netto,https://static.tilbudsugen.dk/1st-retail/2026/22/65445/Netto222026-1_5_3271x2557_4901x4765_zoom.jpg,2026-05-23,2026-05-29,https://res.cloudinary.com/dfqzmnlga/image/upload/v1779512429/2026-05-23/11125695.jpg
11125689,20.00,Velsmag,Oksekød,Oksetykstegsbøffer,1,0,bk.,Netto,https://static.tilbudsugen.dk/1st-retail/2026/22/65445/Netto222026-1_5_38x1386_2812x2557_zoom.jpg,2026-05-23,2026-05-29,https://res.cloudinary.com/dfqzmnlga/image/upload/v1779512429/2026-05-23/11125689.jpg
11087465,39.00,Velsmag,Oksekød,Nyretappe,1,0,bk.,Netto,https://static.tilbudsugen.dk/1st-retail/2026/19/65241/Netto182026-1_8_144x3939_3148x6830_zoom.jpg,2026-05-01,2026-05-31,https://res.cloudinary.com/dfqzmnlga/image/upload/v1779512430/2026-05-23/11087465.jpg
11111626,39.00,Velsmag,Oksekød,Nyretappe,1,0,bk.,Netto,https://static.tilbudsugen.dk/1st-retail/2026/21/65373/Netto202026-1_13_92x1721_4863x6903_zoom.jpg,2026-05-01,2026-05-31,https://res.cloudinary.com/dfqzmnlga/image/upload/v1779512430/2026-05-23/11111626.jpg
11125680,35.00,Premieur,Sild,Sild,1,0,gl.,Netto,https://static.tilbudsugen.dk/1st-retail/2026/22/65445/Netto222026-1_3_1225x5294_2429x6849_zoom.jpg,2026-05-23,2026-05-29,https://res.cloudinary.com/dfqzmnlga/image/upload/v1779512430/2026-05-23/11125680.jpg
11125672,49.00,,Røget og gravad,Laks i skiver,1,0,pk.,Netto,https://static.tilbudsugen.dk/1st-retail/2026/22/65445/Netto222026-1_3_1214x1343_2440x3027_zoom.jpg,2026-05-23,2026-05-29,https://res.cloudinary.com/dfqzmnlga/image/upload/v1779512431/2026-05-23/11125672.jpg
11125691,45.00,Velsmag,Fersk fisk,Laksefilet,1,0,bk.,Netto,https://static.tilbudsugen.dk/1st-retail/2026/22/65445/Netto222026-1_5_32x2660_1657x4814_zoom.jpg,2026-05-23,2026-05-29,https://res.cloudinary.com/dfqzmnlga/image/upload/v1779512431/2026-05-23/11125691.jpg
11125693,55.00,Premieur,Fersk fisk,Tunsteaks,1,0,bk.,Netto,https://static.tilbudsugen.dk/1st-retail/2026/22/65445/Netto222026-1_5_1662x2671_3244x4798_zoom.jpg,2026-05-23,2026-05-29,https://res.cloudinary.com/dfqzmnlga/image/upload/v1779512432/2026-05-23/11125693.jpg
11125694,55.00,,Rejer og andre skaldyr,Jomfruhummer,1,0,bk.,Netto,https://static.tilbudsugen.dk/1st-retail/2026/22/65445/Netto222026-1_5_1662x2671_3244x4798_zoom.jpg,2026-05-23,2026-05-29,https://res.cloudinary.com/dfqzmnlga/image/upload/v1779512432/2026-05-23/11125694.jpg
11125765,34.95,Skagenfood ,Rejer og andre skaldyr,Rejer,1,0,bg.,Netto,https://static.tilbudsugen.dk/1st-retail/2026/22/65445/Netto222026-1_11_32x4835_1662x6773_zoom.jpg,2026-05-23,2026-05-29,https://res.cloudinary.com/dfqzmnlga/image/upload/v1779512433/2026-05-23/11125765.jpg
11125767,49.95,Skagenfood ,Røget og gravad,Laks,1,0,bk.,Netto,https://static.tilbudsugen.dk/1st-retail/2026/22/65445/Netto222026-1_11_1684x4922_3228x6795_zoom.jpg,2026-05-23,2026-05-29,https://res.cloudinary.com/dfqzmnlga/image/upload/v1779512433/2026-05-23/11125767.jpg
11125856,49.95,Skagenfood ,Røget og gravad,Laks i skiver,1,0,bk.,Netto,https://static.tilbudsugen.dk/1st-retail/2026/22/65445/Netto222026-1_11_1684x4922_3228x6795_zoom.jpg,2026-05-23,2026-05-29,https://res.cloudinary.com/dfqzmnlga/image/upload/v1779512434/2026-05-23/11125856.jpg
11125676,5.00,Fransk,Postej og Paté,Leverpostej,1,0,bk.,Netto,https://static.tilbudsugen.dk/1st-retail/2026/22/65445/Netto222026-1_3_1214x3383_2483x4873_zoom.jpg,2026-05-23,2026-05-29,https://res.cloudinary.com/dfqzmnlga/image/upload/v1779512434/2026-05-23/11125676.jpg
11125675,5.00,Bacon,Postej og Paté,Leverpostej,1,0,bk.,Netto,https://static.tilbudsugen.dk/1st-retail/2026/22/65445/Netto222026-1_3_1214x3383_2483x4873_zoom.jpg,2026-05-23,2026-05-29,https://res.cloudinary.com/dfqzmnlga/image/upload/v1779512435/2026-05-23/11125675.jpg
11125718,9.97,La Campagna,Pålægssalat,Hummus Spicy Topping,1,0,bg.,Netto,https://static.tilbudsugen.dk/1st-retail/2026/22/65445/Netto222026-1_9_2440x3891_4895x6806_zoom.jpg,2026-05-23,2026-05-29,https://res.cloudinary.com/dfqzmnlga/image/upload/v1779512435/2026-05-23/11125718.jpg
11125183,10.00,La Campagna,Postej og Paté,Paté Hvidløg,1,0,stk.,Netto,https://static.tilbudsugen.dk/1st-retail/2026/22/65445/Netto222026-1_1_27x3718_2526x6455_zoom.jpg,2026-05-23,2026-05-29,https://res.cloudinary.com/dfqzmnlga/image/upload/v1779512435/2026-05-23/11125183.jpg
11125743,10.00,Graasten,Pålægssalat,Tunsalat,1,0,bg.,Netto,https://static.tilbudsugen.dk/1st-retail/2026/22/65445/Netto222026-1_11_32x657_1652x2806_zoom.jpg,2026-05-23,2026-05-29,https://res.cloudinary.com/dfqzmnlga/image/upload/v1779512436/2026-05-23/11125743.jpg
11125744,10.00,Graasten,Pålægssalat,Kylling & Baconsalat,1,0,bg.,Netto,https://static.tilbudsugen.dk/1st-retail/2026/22/65445/Netto222026-1_11_32x657_1652x2806_zoom.jpg,2026-05-23,2026-05-29,https://res.cloudinary.com/dfqzmnlga/image/upload/v1779512436/2026-05-23/11125744.jpg
11125745,10.00,Graasten,Pålægssalat,Hønsesalat,1,0,bg.,Netto,https://static.tilbudsugen.dk/1st-retail/2026/22/65445/Netto222026-1_11_32x657_1652x2806_zoom.jpg,2026-05-23,2026-05-29,https://res.cloudinary.com/dfqzmnlga/image/upload/v1779512437/2026-05-23/11125745.jpg
11125764,30.00,Slagter Lampe,Pålægspølser,Sønderjysk Spegepølse,1,0,stk.,Netto,https://static.tilbudsugen.dk/1st-retail/2026/22/65445/Netto222026-1_11_3298x2892_4939x4906_zoom.jpg,2026-05-23,2026-05-29,https://res.cloudinary.com/dfqzmnlga/image/upload/v1779512437/2026-05-23/11125764.jpg
11125761,30.00,Slagter Lampe,Pålægspølser,Kartoffelspegepølse,1,0,stk.,Netto,https://static.tilbudsugen.dk/1st-retail/2026/22/65445/Netto222026-1_11_3298x2892_4939x4906_zoom.jpg,2026-05-23,2026-05-29,https://res.cloudinary.com/dfqzmnlga/image/upload/v1779512438/2026-05-23/11125761.jpg
11125179,10.00,La Campagna,"Pålæg, skiveskåret",Schwarzwaldskinke,1,0,pk.,Netto,https://static.tilbudsugen.dk/1st-retail/2026/22/65445/Netto222026-1_1_27x3718_2526x6455_zoom.jpg,2026-05-23,2026-05-29,https://res.cloudinary.com/dfqzmnlga/image/upload/v1779512438/2026-05-23/11125179.jpg
11125662,12.00,Sandwich,"Pålæg, skiveskåret",Kyllingebryst Bacon,1,0,pk.,Netto,https://static.tilbudsugen.dk/1st-retail/2026/22/65445/Netto222026-1_2_38x2487_2364x4490_zoom.jpg,2026-05-23,2026-05-29,https://res.cloudinary.com/dfqzmnlga/image/upload/v1779512439/2026-05-23/11125662.jpg
11125658,12.00,Pålækker,"Pålæg, skiveskåret",Hamburgerryg,1,0,pk.,Netto,https://static.tilbudsugen.dk/1st-retail/2026/22/65445/Netto222026-1_2_38x2487_2364x4490_zoom.jpg,2026-05-23,2026-05-29,https://res.cloudinary.com/dfqzmnlga/image/upload/v1779512439/2026-05-23/11125658.jpg
11125659,12.00,Pålækker,"Pålæg, skiveskåret",Rullepølse,1,0,pk.,Netto,https://static.tilbudsugen.dk/1st-retail/2026/22/65445/Netto222026-1_2_38x2487_2364x4490_zoom.jpg,2026-05-23,2026-05-29,https://res.cloudinary.com/dfqzmnlga/image/upload/v1779512440/2026-05-23/11125659.jpg
11125660,12.00,Sandwich,"Pålæg, skiveskåret",Kyllingebryst,1,0,pk.,Netto,https://static.tilbudsugen.dk/1st-retail/2026/22/65445/Netto222026-1_2_38x2487_2364x4490_zoom.jpg,2026-05-23,2026-05-29,https://res.cloudinary.com/dfqzmnlga/image/upload/v1779512440/2026-05-23/11125660.jpg
11125661,12.00,Sandwich,"Pålæg, skiveskåret",Kyllingebryst Tomat & Timian,1,0,pk.,Netto,https://static.tilbudsugen.dk/1st-retail/2026/22/65445/Netto222026-1_2_38x2487_2364x4490_zoom.jpg,2026-05-23,2026-05-29,https://res.cloudinary.com/dfqzmnlga/image/upload/v1779512440/2026-05-23/11125661.jpg
11125711,27.96,ØGO,Pålægspølser,Spegepølse Mild,1,0,stk.,Netto,https://static.tilbudsugen.dk/1st-retail/2026/22/65445/Netto222026-1_8_2709x647_4922x3772_zoom.jpg,2026-05-23,2026-05-29,https://res.cloudinary.com/dfqzmnlga/image/upload/v1779512441/2026-05-23/11125711.jpg
11125184,10.00,La Campagna,"Pålæg, skiveskåret",Salchichón,1,0,pk.,Netto,https://static.tilbudsugen.dk/1st-retail/2026/22/65445/Netto222026-1_1_27x3718_2526x6455_zoom.jpg,2026-05-23,2026-05-29,https://res.cloudinary.com/dfqzmnlga/image/upload/v1779512441/2026-05-23/11125184.jpg
11125178,10.00,La Campagna,"Pålæg, skiveskåret",Lufttørret Skinke,1,0,pk.,Netto,https://static.tilbudsugen.dk/1st-retail/2026/22/65445/Netto222026-1_1_27x3718_2526x6455_zoom.jpg,2026-05-23,2026-05-29,https://res.cloudinary.com/dfqzmnlga/image/upload/v1779512442/2026-05-23/11125178.jpg
11125181,10.00,La Campagna,"Pålæg, skiveskåret",Jamon Serrano,1,0,pk.,Netto,https://static.tilbudsugen.dk/1st-retail/2026/22/65445/Netto222026-1_1_27x3718_2526x6455_zoom.jpg,2026-05-23,2026-05-29,https://res.cloudinary.com/dfqzmnlga/image/upload/v1779512442/2026-05-23/11125181.jpg
11125180,10.00,La Campagna,Pålægspølser,Fuet,1,0,pk.,Netto,https://static.tilbudsugen.dk/1st-retail/2026/22/65445/Netto222026-1_1_27x3718_2526x6455_zoom.jpg,2026-05-23,2026-05-29,https://res.cloudinary.com/dfqzmnlga/image/upload/v1779512442/2026-05-23/11125180.jpg
11125185,10.00,La Campagna,"Pålæg, skiveskåret",Skinke,1,0,pk.,Netto,https://static.tilbudsugen.dk/1st-retail/2026/22/65445/Netto222026-1_1_27x3718_2526x6455_zoom.jpg,2026-05-23,2026-05-29,https://res.cloudinary.com/dfqzmnlga/image/upload/v1779512443/2026-05-23/11125185.jpg
11125175,10.00,La Campagna,"Pålæg, skiveskåret",Salami Milano Salame,1,0,pk.,Netto,https://static.tilbudsugen.dk/1st-retail/2026/22/65445/Netto222026-1_1_27x3718_2526x6455_zoom.jpg,2026-05-23,2026-05-29,https://res.cloudinary.com/dfqzmnlga/image/upload/v1779512443/2026-05-23/11125175.jpg
11125176,10.00,La Campagna,"Pålæg, skiveskåret",Salami Spicy Ventricina,1,0,pk.,Netto,https://static.tilbudsugen.dk/1st-retail/2026/22/65445/Netto222026-1_1_27x3718_2526x6455_zoom.jpg,2026-05-23,2026-05-29,https://res.cloudinary.com/dfqzmnlga/image/upload/v1779512444/2026-05-23/11125176.jpg
11125177,10.00,La Campagna,"Pålæg, skiveskåret",Mortadella,1,0,pk.,Netto,https://static.tilbudsugen.dk/1st-retail/2026/22/65445/Netto222026-1_1_27x3718_2526x6455_zoom.jpg,2026-05-23,2026-05-29,https://res.cloudinary.com/dfqzmnlga/image/upload/v1779512444/2026-05-23/11125177.jpg
11125182,10.00,La Campagna,"Pålæg, skiveskåret",Chorizo,1,0,pk.,Netto,https://static.tilbudsugen.dk/1st-retail/2026/22/65445/Netto222026-1_1_27x3718_2526x6455_zoom.jpg,2026-05-23,2026-05-29,https://res.cloudinary.com/dfqzmnlga/image/upload/v1779512444/2026-05-23/11125182.jpg
11125663,12.00,Salami Hapser,Pålægspølser,Salami Snacks,1,0,pk.,Netto,https://static.tilbudsugen.dk/1st-retail/2026/22/65445/Netto222026-1_2_38x2487_2364x4490_zoom.jpg,2026-05-23,2026-05-29,https://res.cloudinary.com/dfqzmnlga/image/upload/v1779512445/2026-05-23/11125663.jpg
11087454,25.00,Pølsemesteren,300 g - 599 g Normalpakke Pølser,Hotdogpølser,1,0,pk.,Netto,https://static.tilbudsugen.dk/1st-retail/2026/19/65241/Netto182026-1_7_1610x341_4651x2478_zoom.jpg,2026-05-01,2026-05-31,https://res.cloudinary.com/dfqzmnlga/image/upload/v1779512445/2026-05-23/11087454.jpg
11125756,25.00,Pølsemesteren,300 g - 599 g Normalpakke Pølser,Hotdogpølser,1,0,pk.,Netto,https://static.tilbudsugen.dk/1st-retail/2026/22/65445/Netto222026-1_11_21x2800_1716x4781_zoom.jpg,2026-05-01,2026-05-31,https://res.cloudinary.com/dfqzmnlga/image/upload/v1779512445/2026-05-23/11125756.jpg
11125755,25.00,Pølsemesteren,300 g - 599 g Normalpakke Pølser,Grillpølser,1,0,pk.,Netto,https://static.tilbudsugen.dk/1st-retail/2026/22/65445/Netto222026-1_11_21x2800_1716x4781_zoom.jpg,2026-05-01,2026-05-31,https://res.cloudinary.com/dfqzmnlga/image/upload/v1779512446/2026-05-23/11125755.jpg
11087453,25.00,Pølsemesteren,300 g - 599 g Normalpakke Pølser,Grillpølser,1,0,pk.,Netto,https://static.tilbudsugen.dk/1st-retail/2026/19/65241/Netto182026-1_7_1610x341_4651x2478_zoom.jpg,2026-05-01,2026-05-31,https://res.cloudinary.com/dfqzmnlga/image/upload/v1779512446/2026-05-23/11087453.jpg
11125758,25.00,Steff Houlberg,300 g - 599 g Normalpakke Pølser,Grillpølser,1,0,pk.,Netto,https://static.tilbudsugen.dk/1st-retail/2026/22/65445/Netto222026-1_11_1711x2833_3276x4835_zoom.jpg,2026-05-23,2026-05-29,https://res.cloudinary.com/dfqzmnlga/image/upload/v1779512447/2026-05-23/11125758.jpg
11087455,25.00,Pølsemesteren,300 g - 599 g Normalpakke Pølser,Grillpølser med Cheddar,1,0,pk.,Netto,https://static.tilbudsugen.dk/1st-retail/2026/19/65241/Netto182026-1_7_1610x341_4651x2478_zoom.jpg,2026-05-01,2026-05-31,https://res.cloudinary.com/dfqzmnlga/image/upload/v1779512447/2026-05-23/11087455.jpg
11087452,25.00,Pølsemesteren,300 g - 599 g Normalpakke Pølser,Kyllingepølser,1,0,pk.,Netto,https://static.tilbudsugen.dk/1st-retail/2026/19/65241/Netto182026-1_7_1610x341_4651x2478_zoom.jpg,2026-05-01,2026-05-31,https://res.cloudinary.com/dfqzmnlga/image/upload/v1779512447/2026-05-23/11087452.jpg
11125754,25.00,Pølsemesteren,300 g - 599 g Normalpakke Pølser,Kyllingepølser,1,0,pk.,Netto,https://static.tilbudsugen.dk/1st-retail/2026/22/65445/Netto222026-1_11_21x2800_1716x4781_zoom.jpg,2026-05-01,2026-05-31,https://res.cloudinary.com/dfqzmnlga/image/upload/v1779512448/2026-05-23/11125754.jpg
11125757,25.00,Pølsemesteren,300 g - 599 g Normalpakke Pølser,Grillpølser med Cheddar,1,0,pk.,Netto,https://static.tilbudsugen.dk/1st-retail/2026/22/65445/Netto222026-1_11_21x2800_1716x4781_zoom.jpg,2026-05-01,2026-05-31,https://res.cloudinary.com/dfqzmnlga/image/upload/v1779512448/2026-05-23/11125757.jpg
11125759,25.00,Steff Houlberg,300 g - 599 g Normalpakke Pølser,Ostegrillpølser,1,0,pk.,Netto,https://static.tilbudsugen.dk/1st-retail/2026/22/65445/Netto222026-1_11_1711x2833_3276x4835_zoom.jpg,2026-05-23,2026-05-29,https://res.cloudinary.com/dfqzmnlga/image/upload/v1779512448/2026-05-23/11125759.jpg
11125760,25.00,Steff Houlberg,300 g - 599 g Normalpakke Pølser,Hotdogpølser,1,0,pk.,Netto,https://static.tilbudsugen.dk/1st-retail/2026/22/65445/Netto222026-1_11_1711x2833_3276x4835_zoom.jpg,2026-05-23,2026-05-29,https://res.cloudinary.com/dfqzmnlga/image/upload/v1779512449/2026-05-23/11125760.jpg
11087497,12.00,Arla Protein,Mellemmåltider,Proteindrik Strawberry & Raspberry,1,0,fl.,Netto,https://static.tilbudsugen.dk/1st-retail/2026/19/65241/Netto182026-1_11_2269x192_4998x2826_zoom.jpg,2026-05-01,2026-05-31,https://res.cloudinary.com/dfqzmnlga/image/upload/v1779512449/2026-05-23/11087497.jpg
11087496,12.00,Arla Protein,Mellemmåltider,Proteindrik Chocolate,1,0,fl.,Netto,https://static.tilbudsugen.dk/1st-retail/2026/19/65241/Netto182026-1_11_2269x192_4998x2826_zoom.jpg,2026-05-01,2026-05-31,https://res.cloudinary.com/dfqzmnlga/image/upload/v1779512450/2026-05-23/11087496.jpg
11125722,25.00,Athena,Syrnet morgenmad,Græsk Yoghurt 0%,1,1,bg.,Netto,https://static.tilbudsugen.dk/1st-retail/2026/22/65445/Netto222026-1_10_1673x733_3384x2844_zoom.jpg,2026-05-23,2026-05-29,https://res.cloudinary.com/dfqzmnlga/image/upload/v1779512450/2026-05-23/11125722.jpg
11125724,25.00,Athena,Syrnet morgenmad,Græsk Yoghurt 10%,1,1,bg.,Netto,https://static.tilbudsugen.dk/1st-retail/2026/22/65445/Netto222026-1_10_1673x733_3384x2844_zoom.jpg,2026-05-23,2026-05-29,https://res.cloudinary.com/dfqzmnlga/image/upload/v1779512450/2026-05-23/11125724.jpg
11125723,25.00,Athena,Syrnet morgenmad,Græsk Yoghurt 2%,1,1,bg.,Netto,https://static.tilbudsugen.dk/1st-retail/2026/22/65445/Netto222026-1_10_1673x733_3384x2844_zoom.jpg,2026-05-23,2026-05-29,https://res.cloudinary.com/dfqzmnlga/image/upload/v1779512451/2026-05-23/11125723.jpg
11125719,25.00,Actimel,Mellemmåltider,Drikkeyoghurt Jordbær,1,0,pk.,Netto,https://static.tilbudsugen.dk/1st-retail/2026/22/65445/Netto222026-1_10_38x733_1716x2827_zoom.jpg,2026-05-23,2026-05-29,https://res.cloudinary.com/dfqzmnlga/image/upload/v1779512451/2026-05-23/11125719.jpg
11125720,25.00,Actimel,Mellemmåltider,Drikkeyoghurt Multifrugt,1,0,pk.,Netto,https://static.tilbudsugen.dk/1st-retail/2026/22/65445/Netto222026-1_10_38x733_1716x2827_zoom.jpg,2026-05-23,2026-05-29,https://res.cloudinary.com/dfqzmnlga/image/upload/v1779512452/2026-05-23/11125720.jpg
11125721,25.00,Actimel,Mellemmåltider,Drikkeyoghurt Jordbær & Banan,1,0,pk.,Netto,https://static.tilbudsugen.dk/1st-retail/2026/22/65445/Netto222026-1_10_38x733_1716x2827_zoom.jpg,2026-05-23,2026-05-29,https://res.cloudinary.com/dfqzmnlga/image/upload/v1779512452/2026-05-23/11125721.jpg
11125715,7.97,Cremefine,Madlavning friskvarer,Madlavningsfløde 15 %,1,0,fl.,Netto,https://static.tilbudsugen.dk/1st-retail/2026/22/65445/Netto222026-1_9_2569x652_4928x3988_zoom.jpg,2026-05-23,2026-05-29,https://res.cloudinary.com/dfqzmnlga/image/upload/v1779512452/2026-05-23/11125715.jpg
11125716,7.97,Cremefine,Madlavning friskvarer,Madlavningsfløde 7 %,1,0,fl.,Netto,https://static.tilbudsugen.dk/1st-retail/2026/22/65445/Netto222026-1_9_2569x652_4928x3988_zoom.jpg,2026-05-23,2026-05-29,https://res.cloudinary.com/dfqzmnlga/image/upload/v1779512453/2026-05-23/11125716.jpg
11087728,8.00,Murph,Mellemmåltider,Protein Shake Vanilla,1,0,fl.,Netto,https://static.tilbudsugen.dk/1st-retail/2026/19/65241/Netto182026-1_30_3242x2439_4903x4674_zoom.jpg,2026-05-01,2026-05-31,https://res.cloudinary.com/dfqzmnlga/image/upload/v1779512453/2026-05-23/11087728.jpg
11087729,8.00,Murph,Mellemmåltider,Protein Shake Cocoa,1,0,fl.,Netto,https://static.tilbudsugen.dk/1st-retail/2026/19/65241/Netto182026-1_30_3242x2439_4903x4674_zoom.jpg,2026-05-01,2026-05-31,https://res.cloudinary.com/dfqzmnlga/image/upload/v1779512453/2026-05-23/11087729.jpg
11087730,8.00,Murph,Mellemmåltider,Protein Shake Strawberry,1,0,fl.,Netto,https://static.tilbudsugen.dk/1st-retail/2026/19/65241/Netto182026-1_30_3242x2439_4903x4674_zoom.jpg,2026-05-01,2026-05-31,https://res.cloudinary.com/dfqzmnlga/image/upload/v1779512454/2026-05-23/11087730.jpg
11125708,22.00,ØGO,Madlavningsost,Hytteost,1,0,bg.,Netto,https://static.tilbudsugen.dk/1st-retail/2026/22/65445/Netto222026-1_7_2753x3448_4787x5219_zoom.jpg,2026-05-23,2026-05-29,https://res.cloudinary.com/dfqzmnlga/image/upload/v1779512454/2026-05-23/11125708.jpg
11125725,12.00,Buko Smelte,Specialost,Smøreost Baconost,1,0,bg.,Netto,https://static.tilbudsugen.dk/1st-retail/2026/22/65445/Netto222026-1_10_0x2838_1706x4808_zoom.jpg,2026-05-23,2026-05-29,https://res.cloudinary.com/dfqzmnlga/image/upload/v1779512454/2026-05-23/11125725.jpg
11125726,12.00,Buko Smelte,Specialost,Smøreost Champignonost,1,0,bg.,Netto,https://static.tilbudsugen.dk/1st-retail/2026/22/65445/Netto222026-1_10_0x2838_1706x4808_zoom.jpg,2026-05-23,2026-05-29,https://res.cloudinary.com/dfqzmnlga/image/upload/v1779512455/2026-05-23/11125726.jpg
11125727,12.00,Buko Smelte,Specialost,Smøreost Rejeost,1,0,bg.,Netto,https://static.tilbudsugen.dk/1st-retail/2026/22/65445/Netto222026-1_10_0x2838_1706x4808_zoom.jpg,2026-05-23,2026-05-29,https://res.cloudinary.com/dfqzmnlga/image/upload/v1779512455/2026-05-23/11125727.jpg
11125728,12.00,Buko Smelte,Specialost,Smøreost Rejeost Light,1,0,bg.,Netto,https://static.tilbudsugen.dk/1st-retail/2026/22/65445/Netto222026-1_10_0x2838_1706x4808_zoom.jpg,2026-05-23,2026-05-29,https://res.cloudinary.com/dfqzmnlga/image/upload/v1779512455/2026-05-23/11125728.jpg
11125729,12.00,Buko Smelte,Specialost,Smøreost Skinkeost,1,0,bg.,Netto,https://static.tilbudsugen.dk/1st-retail/2026/22/65445/Netto222026-1_10_0x2838_1706x4808_zoom.jpg,2026-05-23,2026-05-29,https://res.cloudinary.com/dfqzmnlga/image/upload/v1779512456/2026-05-23/11125729.jpg
11125730,12.00,Buko Smelte,Specialost,Smøreost Krydderost,1,0,bg.,Netto,https://static.tilbudsugen.dk/1st-retail/2026/22/65445/Netto222026-1_10_0x2838_1706x4808_zoom.jpg,2026-05-23,2026-05-29,https://res.cloudinary.com/dfqzmnlga/image/upload/v1779512456/2026-05-23/11125730.jpg
11125714,7.67,Buko,Specialost,Flødeost Garli,1,0,bg.,Netto,https://static.tilbudsugen.dk/1st-retail/2026/22/65445/Netto222026-1_9_27x663_2364x3858_zoom.jpg,2026-05-23,2026-05-29,https://res.cloudinary.com/dfqzmnlga/image/upload/v1779512456/2026-05-23/11125714.jpg
11125735,14.00,Philadelphia,Specialost,Flødeost Purløg,1,0,bg.,Netto,https://static.tilbudsugen.dk/1st-retail/2026/22/65445/Netto222026-1_10_11x4862_1673x6822_zoom.jpg,2026-05-23,2026-05-29,https://res.cloudinary.com/dfqzmnlga/image/upload/v1779512457/2026-05-23/11125735.jpg
11125737,14.00,Philadelphia,Specialost,Flødeost Light,1,0,bg.,Netto,https://static.tilbudsugen.dk/1st-retail/2026/22/65445/Netto222026-1_10_11x4862_1673x6822_zoom.jpg,2026-05-23,2026-05-29,https://res.cloudinary.com/dfqzmnlga/image/upload/v1779512457/2026-05-23/11125737.jpg
11125742,99.00,Klovborg,Skæreost,Skæreost Danbo Mellemlagret,1,1,stk.,Netto,https://static.tilbudsugen.dk/1st-retail/2026/22/65445/Netto222026-1_10_3325x4841_4885x6881_zoom.jpg,2026-05-23,2026-05-29,https://res.cloudinary.com/dfqzmnlga/image/upload/v1779512458/2026-05-23/11125742.jpg
11125731,18.00,Kærgården,Fedtstoffer,Smørbar,1,0,bg.,Netto,https://static.tilbudsugen.dk/1st-retail/2026/22/65445/Netto222026-1_10_1711x3076_3282x4873_zoom.jpg,2026-05-23,2026-05-29,https://res.cloudinary.com/dfqzmnlga/image/upload/v1779512458/2026-05-23/11125731.jpg
11125741,22.00,Klovborg,Skiveost,Skiveost Mellemlagret Kommen,1,0,pk.,Netto,https://static.tilbudsugen.dk/1st-retail/2026/22/65445/Netto222026-1_10_1695x4852_3298x6871_zoom.jpg,2026-05-23,2026-05-29,https://res.cloudinary.com/dfqzmnlga/image/upload/v1779512458/2026-05-23/11125741.jpg
11125736,14.00,Philadelphia,Specialost,Flødeost Västerbottensost,1,0,bg.,Netto,https://static.tilbudsugen.dk/1st-retail/2026/22/65445/Netto222026-1_10_11x4862_1673x6822_zoom.jpg,2026-05-23,2026-05-29,https://res.cloudinary.com/dfqzmnlga/image/upload/v1779512459/2026-05-23/11125736.jpg
11125733,14.00,Philadelphia,Specialost,Flødeost Original,1,0,bg.,Netto,https://static.tilbudsugen.dk/1st-retail/2026/22/65445/Netto222026-1_10_11x4862_1673x6822_zoom.jpg,2026-05-23,2026-05-29,https://res.cloudinary.com/dfqzmnlga/image/upload/v1779512459/2026-05-23/11125733.jpg
11125734,14.00,Philadelphia,Specialost,Flødeost Sweet Chili,1,0,bg.,Netto,https://static.tilbudsugen.dk/1st-retail/2026/22/65445/Netto222026-1_10_11x4862_1673x6822_zoom.jpg,2026-05-23,2026-05-29,https://res.cloudinary.com/dfqzmnlga/image/upload/v1779512459/2026-05-23/11125734.jpg
11125738,22.00,Klovborg,Skiveost,Skiveost Danbo Mellemlagret,1,0,pk.,Netto,https://static.tilbudsugen.dk/1st-retail/2026/22/65445/Netto222026-1_10_1695x4852_3298x6871_zoom.jpg,2026-05-23,2026-05-29,https://res.cloudinary.com/dfqzmnlga/image/upload/v1779512460/2026-05-23/11125738.jpg
11125739,22.00,Cheasy,Skiveost,Skiveost Mellemlagret 13%,1,0,pk.,Netto,https://static.tilbudsugen.dk/1st-retail/2026/22/65445/Netto222026-1_10_1695x4852_3298x6871_zoom.jpg,2026-05-23,2026-05-29,https://res.cloudinary.com/dfqzmnlga/image/upload/v1779512460/2026-05-23/11125739.jpg
11125740,22.00,Cheasy,Skiveost,Skiveost 13% mild,1,0,pk.,Netto,https://static.tilbudsugen.dk/1st-retail/2026/22/65445/Netto222026-1_10_1695x4852_3298x6871_zoom.jpg,2026-05-23,2026-05-29,https://res.cloudinary.com/dfqzmnlga/image/upload/v1779512460/2026-05-23/11125740.jpg
11125681,28.00,ØGO,Skalæg,Økologiske æg M/L,1,10,bk.,Netto,https://static.tilbudsugen.dk/1st-retail/2026/22/65445/Netto222026-1_3_2440x5359_3730x6800_zoom.jpg,2026-05-23,2026-05-29,https://res.cloudinary.com/dfqzmnlga/image/upload/v1779512461/2026-05-23/11125681.jpg
11125709,28.00,ØGO,Skalæg,Økologiske æg M/L,1,10,bk.,Netto,https://static.tilbudsugen.dk/1st-retail/2026/22/65445/Netto222026-1_7_394x5219_4890x6779_zoom.jpg,2026-05-23,2026-05-29,https://res.cloudinary.com/dfqzmnlga/image/upload/v1779512461/2026-05-23/11125709.jpg
11125630,3.00,Squash,Sodavand,Sportssodavand,1,0,ds.,Netto,https://static.tilbudsugen.dk/1st-retail/2026/22/65445/Netto222026-1_1_11x1364_2472x3675_zoom.jpg,2026-05-23,2026-05-29,https://res.cloudinary.com/dfqzmnlga/image/upload/v1779512462/2026-05-23/11125630.jpg
11125632,3.00,Squash,Sodavand,Appelsinsodavand,1,0,ds.,Netto,https://static.tilbudsugen.dk/1st-retail/2026/22/65445/Netto222026-1_1_11x1364_2472x3675_zoom.jpg,2026-05-23,2026-05-29,https://res.cloudinary.com/dfqzmnlga/image/upload/v1779512463/2026-05-23/11125632.jpg
11125633,3.00,Elderflower & Lemon Zero,Sodavand,Fanta Hyldeblomst & Citron Zero,1,0,ds.,Netto,https://static.tilbudsugen.dk/1st-retail/2026/22/65445/Netto222026-1_1_11x1364_2472x3675_zoom.jpg,2026-05-23,2026-05-29,https://res.cloudinary.com/dfqzmnlga/image/upload/v1779512463/2026-05-23/11125633.jpg
11125158,3.00,Squash,Sodavand,Appelsinsodavand,1,0,ds.,Netto,https://static.tilbudsugen.dk/1st-retail/2026/22/65445/Netto222026-1_1_11x1364_2472x3675_zoom.jpg,2026-05-23,2026-05-29,https://res.cloudinary.com/dfqzmnlga/image/upload/v1779512463/2026-05-23/11125158.jpg
11125631,3.00,Squash,Sodavand,Ferskensodavand,1,0,ds.,Netto,https://static.tilbudsugen.dk/1st-retail/2026/22/65445/Netto222026-1_1_11x1364_2472x3675_zoom.jpg,2026-05-23,2026-05-29,https://res.cloudinary.com/dfqzmnlga/image/upload/v1779512464/2026-05-23/11125631.jpg
11128704,79.00,Faxe Kondi,Sodavand,Sportssodavand 24 pk.,24,0,fl.,Netto,https://static.tilbudsugen.dk/1st-retail/2026/22/65445/Netto222026-1_15_3292x4681_4938x6890_zoom.jpg,2026-05-01,2026-05-31,https://res.cloudinary.com/dfqzmnlga/image/upload/v1779512464/2026-05-23/11128704.jpg
11128702,79.00,Pepsi Max,Sodavand,Cola 24 pk.,24,0,fl.,Netto,https://static.tilbudsugen.dk/1st-retail/2026/22/65445/Netto222026-1_15_3292x4681_4938x6890_zoom.jpg,2026-05-01,2026-05-31,https://res.cloudinary.com/dfqzmnlga/image/upload/v1779512464/2026-05-23/11128702.jpg
11128691,15.00,Pepsi Max,Sodavand,Cola,1,1,fl.,Netto,https://static.tilbudsugen.dk/1st-retail/2026/22/65445/Netto222026-1_15_66x4663_1724x6842_zoom.jpg,2026-05-23,2026-05-29,https://res.cloudinary.com/dfqzmnlga/image/upload/v1779512465/2026-05-23/11128691.jpg
11128740,10.00,Rynkeby,Sodavand,Frugtbrus Appelsin & Mandarin,1,1,fl.,Netto,https://static.tilbudsugen.dk/1st-retail/2026/22/65445/Netto222026-1_15_2465x25_4967x2410_zoom.jpg,2026-05-23,2026-05-29,https://res.cloudinary.com/dfqzmnlga/image/upload/v1779512465/2026-05-23/11128740.jpg
11128690,15.00,Lime,Sodavand,Cola,1,1,fl.,Netto,https://static.tilbudsugen.dk/1st-retail/2026/22/65445/Netto222026-1_15_66x4663_1724x6842_zoom.jpg,2026-05-23,2026-05-29,https://res.cloudinary.com/dfqzmnlga/image/upload/v1779512466/2026-05-23/11128690.jpg
11128736,10.00,Rynkeby,Sodavand,Frugtbrus Lime & Citron,1,1,fl.,Netto,https://static.tilbudsugen.dk/1st-retail/2026/22/65445/Netto222026-1_15_2465x25_4967x2410_zoom.jpg,2026-05-23,2026-05-29,https://res.cloudinary.com/dfqzmnlga/image/upload/v1779512466/2026-05-23/11128736.jpg
11128684,5.00,Regular,Energi- Sports- & Vitamindrikke,Energidrik,1,0,ds.,Netto,https://static.tilbudsugen.dk/1st-retail/2026/22/65445/Netto222026-1_15_6x2490_1646x4627_zoom.jpg,2026-05-23,2026-05-29,https://res.cloudinary.com/dfqzmnlga/image/upload/v1779512466/2026-05-23/11128684.jpg
11128688,15.00,0 Kalorier,Sodavand,Sportssodavand,1,1,fl.,Netto,https://static.tilbudsugen.dk/1st-retail/2026/22/65445/Netto222026-1_15_66x4663_1724x6842_zoom.jpg,2026-05-23,2026-05-29,https://res.cloudinary.com/dfqzmnlga/image/upload/v1779512467/2026-05-23/11128688.jpg
11128670,5.00,Cola,Energi- Sports- & Vitamindrikke,Energidrik,1,0,ds.,Netto,https://static.tilbudsugen.dk/1st-retail/2026/22/65445/Netto222026-1_15_6x2490_1646x4627_zoom.jpg,2026-05-23,2026-05-29,https://res.cloudinary.com/dfqzmnlga/image/upload/v1779512467/2026-05-23/11128670.jpg
11128683,5.00,Amper Energy Drink,Energi- Sports- & Vitamindrikke,Energidrik,1,0,ds.,Netto,https://static.tilbudsugen.dk/1st-retail/2026/22/65445/Netto222026-1_15_6x2490_1646x4627_zoom.jpg,2026-05-23,2026-05-29,https://res.cloudinary.com/dfqzmnlga/image/upload/v1779512468/2026-05-23/11128683.jpg
11128686,15.00,Faxe Kondi,Sodavand,Sportssodavand,1,1,fl.,Netto,https://static.tilbudsugen.dk/1st-retail/2026/22/65445/Netto222026-1_15_66x4663_1724x6842_zoom.jpg,2026-05-23,2026-05-29,https://res.cloudinary.com/dfqzmnlga/image/upload/v1779512468/2026-05-23/11128686.jpg
11128710,89.00,Coca Cola Zero,Sodavand,Cola 24 pk.,24,0,ds.,Netto,https://static.tilbudsugen.dk/1st-retail/2026/22/65445/Netto222026-1_15_1682x4641_3303x6897_zoom.jpg,2026-05-23,2026-05-29,https://res.cloudinary.com/dfqzmnlga/image/upload/v1779512468/2026-05-23/11128710.jpg
11087660,89.00,Pepsi Max,Sodavand,Cola 24 pk.,24,0,fl.,Netto,https://static.tilbudsugen.dk/1st-retail/2026/19/65241/Netto182026-1_26_0x4695_2438x6829_zoom.jpg,2026-05-01,2026-05-31,https://res.cloudinary.com/dfqzmnlga/image/upload/v1779512469/2026-05-23/11087660.jpg
11128714,89.00,Orange,Sodavand,Appelsinsodavand 24 pk.,24,0,ds.,Netto,https://static.tilbudsugen.dk/1st-retail/2026/22/65445/Netto222026-1_15_1682x4641_3303x6897_zoom.jpg,2026-05-23,2026-05-29,https://res.cloudinary.com/dfqzmnlga/image/upload/v1779512469/2026-05-23/11128714.jpg
11087659,89.00,Faxe Kondi,Sodavand,Sportssodavand 24 pk.,24,0,fl.,Netto,https://static.tilbudsugen.dk/1st-retail/2026/19/65241/Netto182026-1_26_0x4695_2438x6829_zoom.jpg,2026-05-01,2026-05-31,https://res.cloudinary.com/dfqzmnlga/image/upload/v1779512469/2026-05-23/11087659.jpg
11128709,89.00,Citrus,Kildevand m/u brus,Mineralvand med brus 24 pk.,24,0,ds.,Netto,https://static.tilbudsugen.dk/1st-retail/2026/22/65445/Netto222026-1_15_1682x4641_3303x6897_zoom.jpg,2026-05-23,2026-05-29,https://res.cloudinary.com/dfqzmnlga/image/upload/v1779512470/2026-05-23/11128709.jpg
11128713,89.00,Coca Cola,Sodavand,Cola 24 pk.,24,0,ds.,Netto,https://static.tilbudsugen.dk/1st-retail/2026/22/65445/Netto222026-1_15_1682x4641_3303x6897_zoom.jpg,2026-05-23,2026-05-29,https://res.cloudinary.com/dfqzmnlga/image/upload/v1779512470/2026-05-23/11128713.jpg
11128735,10.00,Rynkeby,Sodavand,Frugtbrus Pink Grape & Tranebær,1,0,ds.,Netto,https://static.tilbudsugen.dk/1st-retail/2026/22/65445/Netto222026-1_15_2465x25_4967x2410_zoom.jpg,2026-05-23,2026-05-29,https://res.cloudinary.com/dfqzmnlga/image/upload/v1779512471/2026-05-23/11128735.jpg
11128638,11.00,The Pink Edition,Energi- Sports- & Vitamindrikke,Energidrik,1,0,ds.,Netto,https://static.tilbudsugen.dk/1st-retail/2026/22/65445/Netto222026-1_15_66x712_2508x2436_zoom.jpg,2026-05-23,2026-05-29,https://res.cloudinary.com/dfqzmnlga/image/upload/v1779512471/2026-05-23/11128638.jpg
11128647,11.00,Energy,Energi- Sports- & Vitamindrikke,Energidrik,1,0,ds.,Netto,https://static.tilbudsugen.dk/1st-retail/2026/22/65445/Netto222026-1_15_66x712_2508x2436_zoom.jpg,2026-05-23,2026-05-29,https://res.cloudinary.com/dfqzmnlga/image/upload/v1779512472/2026-05-23/11128647.jpg
11128656,11.00,The White Edition,Energi- Sports- & Vitamindrikke,Energidrik,1,0,ds.,Netto,https://static.tilbudsugen.dk/1st-retail/2026/22/65445/Netto222026-1_15_66x712_2508x2436_zoom.jpg,2026-05-23,2026-05-29,https://res.cloudinary.com/dfqzmnlga/image/upload/v1779512472/2026-05-23/11128656.jpg
11128643,11.00,The Blue Edition,Energi- Sports- & Vitamindrikke,Energidrik,1,0,ds.,Netto,https://static.tilbudsugen.dk/1st-retail/2026/22/65445/Netto222026-1_15_66x712_2508x2436_zoom.jpg,2026-05-23,2026-05-29,https://res.cloudinary.com/dfqzmnlga/image/upload/v1779512473/2026-05-23/11128643.jpg
11128645,11.00,The Lilac Edition,Energi- Sports- & Vitamindrikke,Energidrik,1,0,ds.,Netto,https://static.tilbudsugen.dk/1st-retail/2026/22/65445/Netto222026-1_15_66x712_2508x2436_zoom.jpg,2026-05-23,2026-05-29,https://res.cloudinary.com/dfqzmnlga/image/upload/v1779512473/2026-05-23/11128645.jpg
11128653,11.00,The White Edition,Energi- Sports- & Vitamindrikke,Energidrik,1,0,ds.,Netto,https://static.tilbudsugen.dk/1st-retail/2026/22/65445/Netto222026-1_15_66x712_2508x2436_zoom.jpg,2026-05-23,2026-05-29,https://res.cloudinary.com/dfqzmnlga/image/upload/v1779512473/2026-05-23/11128653.jpg
11128644,11.00,The Ice Edition,Energi- Sports- & Vitamindrikke,Energidrik,1,0,ds.,Netto,https://static.tilbudsugen.dk/1st-retail/2026/22/65445/Netto222026-1_15_66x712_2508x2436_zoom.jpg,2026-05-23,2026-05-29,https://res.cloudinary.com/dfqzmnlga/image/upload/v1779512474/2026-05-23/11128644.jpg
11128649,11.00,Sugarfree,Energi- Sports- & Vitamindrikke,Energidrik,1,0,ds.,Netto,https://static.tilbudsugen.dk/1st-retail/2026/22/65445/Netto222026-1_15_66x712_2508x2436_zoom.jpg,2026-05-23,2026-05-29,https://res.cloudinary.com/dfqzmnlga/image/upload/v1779512475/2026-05-23/11128649.jpg
11128655,11.00,The Peach Edition,Energi- Sports- & Vitamindrikke,Energidrik,1,0,ds.,Netto,https://static.tilbudsugen.dk/1st-retail/2026/22/65445/Netto222026-1_15_66x712_2508x2436_zoom.jpg,2026-05-23,2026-05-29,https://res.cloudinary.com/dfqzmnlga/image/upload/v1779512475/2026-05-23/11128655.jpg
11128646,11.00,The Apricot Edition,Energi- Sports- & Vitamindrikke,Energidrik,1,0,ds.,Netto,https://static.tilbudsugen.dk/1st-retail/2026/22/65445/Netto222026-1_15_66x712_2508x2436_zoom.jpg,2026-05-23,2026-05-29,https://res.cloudinary.com/dfqzmnlga/image/upload/v1779512475/2026-05-23/11128646.jpg
11125710,14.09,Lungo,Kapselkaffe,Kaffekapsler,1,10,pk.,Netto,https://static.tilbudsugen.dk/1st-retail/2026/22/65445/Netto222026-1_8_21x700_2526x3157_zoom.jpg,2026-05-23,2026-05-29,https://res.cloudinary.com/dfqzmnlga/image/upload/v1779512476/2026-05-23/11125710.jpg
11126310,42.00,Specialristet,Kaffe,Kaffe Formalet,1,0,ps.,Netto,https://static.tilbudsugen.dk/1st-retail/2026/22/65445/Netto222026-1_14_70x285_1711x2817_zoom.jpg,2026-05-23,2026-05-29,https://res.cloudinary.com/dfqzmnlga/image/upload/v1779512476/2026-05-23/11126310.jpg
11126309,42.00,Original,Kaffe,Kaffe Formalet,1,0,ps.,Netto,https://static.tilbudsugen.dk/1st-retail/2026/22/65445/Netto222026-1_14_70x285_1711x2817_zoom.jpg,2026-05-23,2026-05-29,https://res.cloudinary.com/dfqzmnlga/image/upload/v1779512476/2026-05-23/11126309.jpg
11126311,59.00,Gourmet,Kaffe,Kaffebønner,1,0,ps.,Netto,https://static.tilbudsugen.dk/1st-retail/2026/22/65445/Netto222026-1_14_1711x155_3330x2881_zoom.jpg,2026-05-23,2026-05-29,https://res.cloudinary.com/dfqzmnlga/image/upload/v1779512477/2026-05-23/11126311.jpg
11126320,59.00,Supreme,Kaffe,Kaffebønner,1,0,ps.,Netto,https://static.tilbudsugen.dk/1st-retail/2026/22/65445/Netto222026-1_14_1711x155_3330x2881_zoom.jpg,2026-05-23,2026-05-29,https://res.cloudinary.com/dfqzmnlga/image/upload/v1779512477/2026-05-23/11126320.jpg
11126321,59.00,Crema,Kaffe,Kaffebønner,1,0,ps.,Netto,https://static.tilbudsugen.dk/1st-retail/2026/22/65445/Netto222026-1_14_1711x155_3330x2881_zoom.jpg,2026-05-23,2026-05-29,https://res.cloudinary.com/dfqzmnlga/image/upload/v1779512477/2026-05-23/11126321.jpg
11126324,59.00,Java Colombia,Kaffe,Kaffebønner,1,0,ps.,Netto,https://static.tilbudsugen.dk/1st-retail/2026/22/65445/Netto222026-1_14_1711x155_3330x2881_zoom.jpg,2026-05-23,2026-05-29,https://res.cloudinary.com/dfqzmnlga/image/upload/v1779512478/2026-05-23/11126324.jpg
11126322,59.00,Double Roast,Kaffe,Kaffebønner,1,0,ps.,Netto,https://static.tilbudsugen.dk/1st-retail/2026/22/65445/Netto222026-1_14_1711x155_3330x2881_zoom.jpg,2026-05-23,2026-05-29,https://res.cloudinary.com/dfqzmnlga/image/upload/v1779512478/2026-05-23/11126322.jpg
11126323,59.00,Christgau,Kaffe,Kaffebønner,1,0,ps.,Netto,https://static.tilbudsugen.dk/1st-retail/2026/22/65445/Netto222026-1_14_1711x155_3330x2881_zoom.jpg,2026-05-23,2026-05-29,https://res.cloudinary.com/dfqzmnlga/image/upload/v1779512479/2026-05-23/11126323.jpg
11128723,10.00,Tørst,Saft,Fersken & Mangodrik Zero,1,0,fl.,Netto,https://static.tilbudsugen.dk/1st-retail/2026/22/65445/Netto222026-1_15_2465x25_4967x2410_zoom.jpg,2026-05-23,2026-05-29,https://res.cloudinary.com/dfqzmnlga/image/upload/v1779512479/2026-05-23/11128723.jpg
11128720,10.00,Tørst,Saft,Rabarberdrik,1,0,fl.,Netto,https://static.tilbudsugen.dk/1st-retail/2026/22/65445/Netto222026-1_15_2465x25_4967x2410_zoom.jpg,2026-05-23,2026-05-29,https://res.cloudinary.com/dfqzmnlga/image/upload/v1779512479/2026-05-23/11128720.jpg
11128722,10.00,Tørst,Saft,Jordbær & Rababerdrik Zero,1,0,fl.,Netto,https://static.tilbudsugen.dk/1st-retail/2026/22/65445/Netto222026-1_15_2465x25_4967x2410_zoom.jpg,2026-05-23,2026-05-29,https://res.cloudinary.com/dfqzmnlga/image/upload/v1779512480/2026-05-23/11128722.jpg
11128719,10.00,Tørst,Saft,Hyldeblomstdrik,1,0,fl.,Netto,https://static.tilbudsugen.dk/1st-retail/2026/22/65445/Netto222026-1_15_2465x25_4967x2410_zoom.jpg,2026-05-23,2026-05-29,https://res.cloudinary.com/dfqzmnlga/image/upload/v1779512480/2026-05-23/11128719.jpg
11128731,10.00,Valsølille,Juice,Vitamin Water Solbær & Hyldeblomst,1,0,stk.,Netto,https://static.tilbudsugen.dk/1st-retail/2026/22/65445/Netto222026-1_15_2465x25_4967x2410_zoom.jpg,2026-05-23,2026-05-29,https://res.cloudinary.com/dfqzmnlga/image/upload/v1779512480/2026-05-23/11128731.jpg
11128724,10.00,Valsølille,Juice,Vitamin Water Fersken & Passion,1,0,stk.,Netto,https://static.tilbudsugen.dk/1st-retail/2026/22/65445/Netto222026-1_15_2465x25_4967x2410_zoom.jpg,2026-05-23,2026-05-29,https://res.cloudinary.com/dfqzmnlga/image/upload/v1779512481/2026-05-23/11128724.jpg
11128729,10.00,Valsølille,Juice,Vitamin Water Citron & Lime,1,0,stk.,Netto,https://static.tilbudsugen.dk/1st-retail/2026/22/65445/Netto222026-1_15_2465x25_4967x2410_zoom.jpg,2026-05-23,2026-05-29,https://res.cloudinary.com/dfqzmnlga/image/upload/v1779512481/2026-05-23/11128729.jpg
11126431,24.00,innocent,Juice,Æblejuice,1,0,fl.,Netto,https://static.tilbudsugen.dk/1st-retail/2026/22/65445/Netto222026-1_10_3271x1321_4912x4879_zoom.jpg,2026-05-23,2026-05-29,https://res.cloudinary.com/dfqzmnlga/image/upload/v1779512481/2026-05-23/11126431.jpg
11126445,24.00,innocent,Juice,Appelsinjuice med frugtkød,1,0,fl.,Netto,https://static.tilbudsugen.dk/1st-retail/2026/22/65445/Netto222026-1_10_3271x1321_4912x4879_zoom.jpg,2026-05-23,2026-05-29,https://res.cloudinary.com/dfqzmnlga/image/upload/v1779512482/2026-05-23/11126445.jpg
11126436,24.00,innocent,Juice,Tropisk Juice,1,0,fl.,Netto,https://static.tilbudsugen.dk/1st-retail/2026/22/65445/Netto222026-1_10_3271x1321_4912x4879_zoom.jpg,2026-05-23,2026-05-29,https://res.cloudinary.com/dfqzmnlga/image/upload/v1779512482/2026-05-23/11126436.jpg
11126438,24.00,innocent,Juice,"Juice Ananas, jordbær & æble",1,0,fl.,Netto,https://static.tilbudsugen.dk/1st-retail/2026/22/65445/Netto222026-1_10_3271x1321_4912x4879_zoom.jpg,2026-05-23,2026-05-29,https://res.cloudinary.com/dfqzmnlga/image/upload/v1779512482/2026-05-23/11126438.jpg
11126449,24.00,innocent,Juice,Appelsinjuice uden frugtkød,1,0,fl.,Netto,https://static.tilbudsugen.dk/1st-retail/2026/22/65445/Netto222026-1_10_3271x1321_4912x4879_zoom.jpg,2026-05-23,2026-05-29,https://res.cloudinary.com/dfqzmnlga/image/upload/v1779512483/2026-05-23/11126449.jpg
11125732,24.00,innocent,Juice,"Æblejuice, Kiwi & Agurk",1,0,fl.,Netto,https://static.tilbudsugen.dk/1st-retail/2026/22/65445/Netto222026-1_10_3271x1321_4912x4879_zoom.jpg,2026-05-23,2026-05-29,https://res.cloudinary.com/dfqzmnlga/image/upload/v1779512483/2026-05-23/11125732.jpg
11126433,24.00,Limited Edition,Juice,Summer Crush Juice,1,0,fl.,Netto,https://static.tilbudsugen.dk/1st-retail/2026/22/65445/Netto222026-1_10_3271x1321_4912x4879_zoom.jpg,2026-05-23,2026-05-29,https://res.cloudinary.com/dfqzmnlga/image/upload/v1779512483/2026-05-23/11126433.jpg
11126389,8.00,Apple,Ciders,Apple Cider,1,0,ds.,Netto,https://static.tilbudsugen.dk/1st-retail/2026/22/65445/Netto222026-1_2_2418x123_4874x2482_zoom.jpg,2026-05-23,2026-05-29,https://res.cloudinary.com/dfqzmnlga/image/upload/v1779512484/2026-05-23/11126389.jpg
11126391,8.00,Elderflower & Lime,Ciders,Elderflower & Lime Cider,1,0,ds.,Netto,https://static.tilbudsugen.dk/1st-retail/2026/22/65445/Netto222026-1_2_2418x123_4874x2482_zoom.jpg,2026-05-23,2026-05-29,https://res.cloudinary.com/dfqzmnlga/image/upload/v1779512484/2026-05-23/11126391.jpg
11126390,8.00,Blackberry,Ciders,Blackberry Cider,1,0,ds.,Netto,https://static.tilbudsugen.dk/1st-retail/2026/22/65445/Netto222026-1_2_2418x123_4874x2482_zoom.jpg,2026-05-23,2026-05-29,https://res.cloudinary.com/dfqzmnlga/image/upload/v1779512485/2026-05-23/11126390.jpg
11125647,8.00,Mango & Lime,Ciders,Mango & Lime Cider,1,0,ds.,Netto,https://static.tilbudsugen.dk/1st-retail/2026/22/65445/Netto222026-1_2_2418x123_4874x2482_zoom.jpg,2026-05-23,2026-05-29,https://res.cloudinary.com/dfqzmnlga/image/upload/v1779512485/2026-05-23/11125647.jpg
11126394,8.00,Original,RTD,Original RTD,1,0,ds.,Netto,https://static.tilbudsugen.dk/1st-retail/2026/22/65445/Netto222026-1_2_2418x123_4874x2482_zoom.jpg,2026-05-23,2026-05-29,https://res.cloudinary.com/dfqzmnlga/image/upload/v1779512485/2026-05-23/11126394.jpg
11126392,8.00,Raspberry,RTD,Raspberry RTD,1,0,ds.,Netto,https://static.tilbudsugen.dk/1st-retail/2026/22/65445/Netto222026-1_2_2418x123_4874x2482_zoom.jpg,2026-05-23,2026-05-29,https://res.cloudinary.com/dfqzmnlga/image/upload/v1779512486/2026-05-23/11126392.jpg
11128661,99.00,Original,Likør,Likør,1,0,fl.,Netto,https://static.tilbudsugen.dk/1st-retail/2026/22/65445/Netto222026-1_15_3250x2460_4974x4592_zoom.jpg,2026-05-23,2026-05-29,https://res.cloudinary.com/dfqzmnlga/image/upload/v1779512486/2026-05-23/11128661.jpg
11128658,99.00,Red Label,Whisky,Whisky,1,0,fl.,Netto,https://static.tilbudsugen.dk/1st-retail/2026/22/65445/Netto222026-1_15_3250x2460_4974x4592_zoom.jpg,2026-05-23,2026-05-29,https://res.cloudinary.com/dfqzmnlga/image/upload/v1779512487/2026-05-23/11128658.jpg
11128660,99.00,Spiced Gold,Rom,Rom,1,0,fl.,Netto,https://static.tilbudsugen.dk/1st-retail/2026/22/65445/Netto222026-1_15_3250x2460_4974x4592_zoom.jpg,2026-05-23,2026-05-29,https://res.cloudinary.com/dfqzmnlga/image/upload/v1779512487/2026-05-23/11128660.jpg
11128662,99.00,Smirnoff,Vodka,Vodka,1,0,fl.,Netto,https://static.tilbudsugen.dk/1st-retail/2026/22/65445/Netto222026-1_15_3250x2460_4974x4592_zoom.jpg,2026-05-23,2026-05-29,https://res.cloudinary.com/dfqzmnlga/image/upload/v1779512487/2026-05-23/11128662.jpg
11128663,99.00,London Dry Gin,Gin,Gin,1,0,fl.,Netto,https://static.tilbudsugen.dk/1st-retail/2026/22/65445/Netto222026-1_15_3250x2460_4974x4592_zoom.jpg,2026-05-23,2026-05-29,https://res.cloudinary.com/dfqzmnlga/image/upload/v1779512488/2026-05-23/11128663.jpg
11126377,89.00,,Australske vine,Australsk Rosevin,1,3,krt.,Netto,https://static.tilbudsugen.dk/1st-retail/2026/22/65445/Netto222026-1_2_2380x4463_4939x6827_zoom.jpg,2026-05-23,2026-05-29,https://res.cloudinary.com/dfqzmnlga/image/upload/v1779512488/2026-05-23/11126377.jpg
11126375,89.00,,Australske vine,Australsk Hvidvin,1,3,krt.,Netto,https://static.tilbudsugen.dk/1st-retail/2026/22/65445/Netto222026-1_2_2380x4463_4939x6827_zoom.jpg,2026-05-23,2026-05-29,https://res.cloudinary.com/dfqzmnlga/image/upload/v1779512489/2026-05-23/11126375.jpg
11126386,89.00,,Chilenske vine,Chilensk Hvidvin,1,3,krt.,Netto,https://static.tilbudsugen.dk/1st-retail/2026/22/65445/Netto222026-1_2_2380x4463_4939x6827_zoom.jpg,2026-05-23,2026-05-29,https://res.cloudinary.com/dfqzmnlga/image/upload/v1779512489/2026-05-23/11126386.jpg
11125671,89.00,,Australske vine,Australsk Rødvin,1,3,krt.,Netto,https://static.tilbudsugen.dk/1st-retail/2026/22/65445/Netto222026-1_2_2380x4463_4939x6827_zoom.jpg,2026-05-23,2026-05-29,https://res.cloudinary.com/dfqzmnlga/image/upload/v1779512489/2026-05-23/11125671.jpg
11126383,89.00,,Chilenske vine,Chilensk Rødvin,1,3,krt.,Netto,https://static.tilbudsugen.dk/1st-retail/2026/22/65445/Netto222026-1_2_2380x4463_4939x6827_zoom.jpg,2026-05-23,2026-05-29,https://res.cloudinary.com/dfqzmnlga/image/upload/v1779512490/2026-05-23/11126383.jpg
11126387,89.00,,Chilenske vine,Chilensk Rosevin,1,3,krt.,Netto,https://static.tilbudsugen.dk/1st-retail/2026/22/65445/Netto222026-1_2_2380x4463_4939x6827_zoom.jpg,2026-05-23,2026-05-29,https://res.cloudinary.com/dfqzmnlga/image/upload/v1779512490/2026-05-23/11126387.jpg
11125712,41.92,,Chilenske vine,Chilensk Hvidvin,1,0,fl.,Netto,https://static.tilbudsugen.dk/1st-retail/2026/22/65445/Netto222026-1_8_119x3238_2429x6849_zoom.jpg,2026-05-23,2026-05-29,https://res.cloudinary.com/dfqzmnlga/image/upload/v1779512490/2026-05-23/11125712.jpg
11128665,45.00,,Sydafrikanske vine,Sydafrikansk Rødvin,1,0,fl.,Netto,https://static.tilbudsugen.dk/1st-retail/2026/22/65445/Netto222026-1_15_1634x2478_3292x4615_zoom.jpg,2026-05-23,2026-05-29,https://res.cloudinary.com/dfqzmnlga/image/upload/v1779512491/2026-05-23/11128665.jpg
11128666,45.00,,Sydafrikanske vine,Sydafrikansk Hvidvin,1,0,fl.,Netto,https://static.tilbudsugen.dk/1st-retail/2026/22/65445/Netto222026-1_15_1634x2478_3292x4615_zoom.jpg,2026-05-23,2026-05-29,https://res.cloudinary.com/dfqzmnlga/image/upload/v1779512491/2026-05-23/11128666.jpg
11128668,45.00,,Tyske vine,Tysk Hvidvin,1,0,fl.,Netto,https://static.tilbudsugen.dk/1st-retail/2026/22/65445/Netto222026-1_15_1634x2478_3292x4615_zoom.jpg,2026-05-23,2026-05-29,https://res.cloudinary.com/dfqzmnlga/image/upload/v1779512492/2026-05-23/11128668.jpg
11128669,45.00,,Italienske vine,Italiensk Rødvin,1,0,fl.,Netto,https://static.tilbudsugen.dk/1st-retail/2026/22/65445/Netto222026-1_15_1634x2478_3292x4615_zoom.jpg,2026-05-23,2026-05-29,https://res.cloudinary.com/dfqzmnlga/image/upload/v1779512492/2026-05-23/11128669.jpg
11128699,79.00,Classic,Øl,Øl 24 pk.,24,0,ds.,Netto,https://static.tilbudsugen.dk/1st-retail/2026/22/65445/Netto222026-1_15_3292x4681_4938x6890_zoom.jpg,2026-05-01,2026-05-31,https://res.cloudinary.com/dfqzmnlga/image/upload/v1779512493/2026-05-23/11128699.jpg
11128693,79.00,Pilsner,Øl,Øl 24 pk.,24,0,ds.,Netto,https://static.tilbudsugen.dk/1st-retail/2026/22/65445/Netto222026-1_15_3292x4681_4938x6890_zoom.jpg,2026-05-01,2026-05-31,https://res.cloudinary.com/dfqzmnlga/image/upload/v1779512493/2026-05-23/11128693.jpg
11087658,89.00,Classic,Øl,Øl 24 pk.,24,0,ds.,Netto,https://static.tilbudsugen.dk/1st-retail/2026/19/65241/Netto182026-1_26_0x4695_2438x6829_zoom.jpg,2026-05-01,2026-05-31,https://res.cloudinary.com/dfqzmnlga/image/upload/v1779512493/2026-05-23/11087658.jpg
11087657,89.00,Pilsner,Øl,Øl 24 pk.,24,0,ds.,Netto,https://static.tilbudsugen.dk/1st-retail/2026/19/65241/Netto182026-1_26_0x4695_2438x6829_zoom.jpg,2026-05-01,2026-05-31,https://res.cloudinary.com/dfqzmnlga/image/upload/v1779512494/2026-05-23/11087657.jpg
11128717,89.00,Export,Øl,Øl 18 pk.,18,0,ds.,Netto,https://static.tilbudsugen.dk/1st-retail/2026/22/65445/Netto222026-1_15_1682x4641_3303x6897_zoom.jpg,2026-05-23,2026-05-29,https://res.cloudinary.com/dfqzmnlga/image/upload/v1779512495/2026-05-23/11128717.jpg
11128716,89.00,Heineken,Øl,Øl 18 pk.,18,0,ds.,Netto,https://static.tilbudsugen.dk/1st-retail/2026/22/65445/Netto222026-1_15_1682x4641_3303x6897_zoom.jpg,2026-05-23,2026-05-29,https://res.cloudinary.com/dfqzmnlga/image/upload/v1779512495/2026-05-23/11128716.jpg
11126455,15.00,Kohberg,Sandwich & Toastbrød,Cafe Sandwich Grov,1,0,ps.,Netto,https://static.tilbudsugen.dk/1st-retail/2026/22/65445/Netto222026-1_11_1657x668_3303x2838_zoom.jpg,2026-05-23,2026-05-29,https://res.cloudinary.com/dfqzmnlga/image/upload/v1779512495/2026-05-23/11126455.jpg
11126301,22.00,Wasa,Knækbrød,Kanel knækbrød,1,0,pk.,Netto,https://static.tilbudsugen.dk/1st-retail/2026/22/65445/Netto222026-1_13_59x4808_1625x6865_zoom.jpg,2026-05-23,2026-05-29,https://res.cloudinary.com/dfqzmnlga/image/upload/v1779512496/2026-05-23/11126301.jpg
11126296,22.00,Wasa,Knækbrød,Sesam & Havsalt knækbrød,1,0,pk.,Netto,https://static.tilbudsugen.dk/1st-retail/2026/22/65445/Netto222026-1_13_59x4808_1625x6865_zoom.jpg,2026-05-23,2026-05-29,https://res.cloudinary.com/dfqzmnlga/image/upload/v1779512496/2026-05-23/11126296.jpg
11126350,25.00,LU Prince,Kiks,Kiks,1,0,pk.,Netto,https://static.tilbudsugen.dk/1st-retail/2026/22/65445/Netto222026-1_14_3319x2881_4922x4835_zoom.jpg,2026-05-23,2026-05-29,https://res.cloudinary.com/dfqzmnlga/image/upload/v1779512497/2026-05-23/11126350.jpg
11126344,15.00,Pågen,Kager,Gifflar kanel,1,0,ps.,Netto,https://static.tilbudsugen.dk/1st-retail/2026/22/65445/Netto222026-1_14_1684x2881_3357x4825_zoom.jpg,2026-05-23,2026-05-29,https://res.cloudinary.com/dfqzmnlga/image/upload/v1779512497/2026-05-23/11126344.jpg
11126346,15.00,Pågen,Kager,Gifflar Kardemomme,1,0,ps.,Netto,https://static.tilbudsugen.dk/1st-retail/2026/22/65445/Netto222026-1_14_1684x2881_3357x4825_zoom.jpg,2026-05-23,2026-05-29,https://res.cloudinary.com/dfqzmnlga/image/upload/v1779512497/2026-05-23/11126346.jpg
11126347,15.00,Pågen,Kager,Gifflar Vanilje,1,0,ps.,Netto,https://static.tilbudsugen.dk/1st-retail/2026/22/65445/Netto222026-1_14_1684x2881_3357x4825_zoom.jpg,2026-05-23,2026-05-29,https://res.cloudinary.com/dfqzmnlga/image/upload/v1779512498/2026-05-23/11126347.jpg
11126355,28.00,Løgismose,Småkager,Chokoladecookies,1,0,pk.,Netto,https://static.tilbudsugen.dk/1st-retail/2026/22/65445/Netto222026-1_14_65x4916_2720x6763_zoom.jpg,2026-05-23,2026-05-29,https://res.cloudinary.com/dfqzmnlga/image/upload/v1779512498/2026-05-23/11126355.jpg
11126359,28.00,Løgismose,Småkager,Ingefærcookies,1,0,pk.,Netto,https://static.tilbudsugen.dk/1st-retail/2026/22/65445/Netto222026-1_14_65x4916_2720x6763_zoom.jpg,2026-05-23,2026-05-29,https://res.cloudinary.com/dfqzmnlga/image/upload/v1779512499/2026-05-23/11126359.jpg
11126454,15.00,Smørrebrødet,Rugbrød i Skiver,Rugbrødsskiver,1,0,pk.,Netto,https://static.tilbudsugen.dk/1st-retail/2026/22/65445/Netto222026-1_11_1657x668_3303x2838_zoom.jpg,2026-05-23,2026-05-29,https://res.cloudinary.com/dfqzmnlga/image/upload/v1779512499/2026-05-23/11126454.jpg
11125746,15.00,Bagernes Bedste,Rugbrød i Skiver,Rugbrødsskiver,1,0,pk.,Netto,https://static.tilbudsugen.dk/1st-retail/2026/22/65445/Netto222026-1_11_1657x668_3303x2838_zoom.jpg,2026-05-23,2026-05-29,https://res.cloudinary.com/dfqzmnlga/image/upload/v1779512500/2026-05-23/11125746.jpg
11125682,15.00,Smørrebrødet,Rugbrød i Skiver,Rugbrødsskiver,1,0,pk.,Netto,https://static.tilbudsugen.dk/1st-retail/2026/22/65445/Netto222026-1_3_3735x4970_4922x6833_zoom.jpg,2026-05-23,2026-05-29,https://res.cloudinary.com/dfqzmnlga/image/upload/v1779512500/2026-05-23/11125682.jpg
11125601,10.00,Bistronne,Færdigretter Frost,Kyllingenuggets,1,0,ps.,Netto,https://static.tilbudsugen.dk/1st-retail/2026/22/65445/Netto222026-1_1_2515x1386_4863x3734_zoom.jpg,2026-05-23,2026-05-29,https://res.cloudinary.com/dfqzmnlga/image/upload/v1779512500/2026-05-23/11125601.jpg
11125166,10.00,Bistronne,Færdigretter Frost,Kyllingeburger,1,0,ps.,Netto,https://static.tilbudsugen.dk/1st-retail/2026/22/65445/Netto222026-1_1_2515x1386_4863x3734_zoom.jpg,2026-05-23,2026-05-29,https://res.cloudinary.com/dfqzmnlga/image/upload/v1779512501/2026-05-23/11125166.jpg
11125937,35.00,Casa Tarradellas,Pizza Fersk,Meat Lover Pizza,1,0,pk.,Netto,https://static.tilbudsugen.dk/1st-retail/2026/22/65445/Netto222026-1_11_3276x4911_4922x6779_zoom.jpg,2026-05-23,2026-05-29,https://res.cloudinary.com/dfqzmnlga/image/upload/v1779512502/2026-05-23/11125937.jpg
11126223,22.00,Næmt,Færdigretter Frost,Stegt kylling,1,0,pk.,Netto,https://static.tilbudsugen.dk/1st-retail/2026/22/65445/Netto222026-1_12_3319x2854_4939x4830_zoom.jpg,2026-05-23,2026-05-29,https://res.cloudinary.com/dfqzmnlga/image/upload/v1779512502/2026-05-23/11126223.jpg
11126220,22.00,Næmt,Færdigretter Frost,Boller i Karry,1,0,pk.,Netto,https://static.tilbudsugen.dk/1st-retail/2026/22/65445/Netto222026-1_12_3319x2854_4939x4830_zoom.jpg,2026-05-23,2026-05-29,https://res.cloudinary.com/dfqzmnlga/image/upload/v1779512503/2026-05-23/11126220.jpg
11126232,45.00,Rahbek,Fisk og skaldyr Frost ,Fiskefileter,1,0,pk.,Netto,https://static.tilbudsugen.dk/1st-retail/2026/22/65445/Netto222026-1_12_1711x4852_3330x6833_zoom.jpg,2026-05-23,2026-05-29,https://res.cloudinary.com/dfqzmnlga/image/upload/v1779512503/2026-05-23/11126232.jpg
11126208,20.00,Danerolles,Dej Køl,Croissantdej Kanel,1,0,ds.,Netto,https://static.tilbudsugen.dk/1st-retail/2026/22/65445/Netto222026-1_12_1716x781_3314x2871_zoom.jpg,2026-05-23,2026-05-29,https://res.cloudinary.com/dfqzmnlga/image/upload/v1779512504/2026-05-23/11126208.jpg
11126474,20.00,Danerolles,Dej Køl,Croissantdej Chokolade,1,0,ds.,Netto,https://static.tilbudsugen.dk/1st-retail/2026/22/65445/Netto222026-1_12_1716x781_3314x2871_zoom.jpg,2026-05-23,2026-05-29,https://res.cloudinary.com/dfqzmnlga/image/upload/v1779512504/2026-05-23/11126474.jpg
11126230,45.00,Rahbek,Fisk og skaldyr Frost ,Indbagt Rødspætte med Cremet reje- og aspargessauce,1,0,pk.,Netto,https://static.tilbudsugen.dk/1st-retail/2026/22/65445/Netto222026-1_12_1711x4852_3330x6833_zoom.jpg,2026-05-23,2026-05-29,https://res.cloudinary.com/dfqzmnlga/image/upload/v1779512505/2026-05-23/11126230.jpg
11126231,45.00,Rahbek,Fisk og skaldyr Frost ,Indbagt Laks med cremet spinat-flødesauce,1,0,pk.,Netto,https://static.tilbudsugen.dk/1st-retail/2026/22/65445/Netto222026-1_12_1711x4852_3330x6833_zoom.jpg,2026-05-23,2026-05-29,https://res.cloudinary.com/dfqzmnlga/image/upload/v1779512505/2026-05-23/11126231.jpg
11111446,25.00,Skagen Fiskerestaurant,Fisk og skaldyr Køl,Fiskefrikadeller,1,0,pk.,Netto,https://static.tilbudsugen.dk/1st-retail/2026/21/65373/Netto202026-1_4_3325x177_4933x2498_zoom.jpg,2026-05-01,2026-05-31,https://res.cloudinary.com/dfqzmnlga/image/upload/v1779512505/2026-05-23/11111446.jpg
11125747,25.00,Premieur,Fisk og skaldyr Køl,Fiskefrikadeller,1,0,bk.,Netto,https://static.tilbudsugen.dk/1st-retail/2026/22/65445/Netto222026-1_11_3325x787_4868x2887_zoom.jpg,2026-05-23,2026-05-29,https://res.cloudinary.com/dfqzmnlga/image/upload/v1779512506/2026-05-23/11125747.jpg
11126213,29.00,Super Kræs,Færdigretter Køl,Kyllinge Kebab,1,0,pk.,Netto,https://static.tilbudsugen.dk/1st-retail/2026/22/65445/Netto222026-1_12_3319x139_4890x2838_zoom.jpg,2026-05-23,2026-05-29,https://res.cloudinary.com/dfqzmnlga/image/upload/v1779512506/2026-05-23/11126213.jpg
11126211,29.00,Super Kræs,Færdigretter Køl,Klassisk Kebab,1,0,pk.,Netto,https://static.tilbudsugen.dk/1st-retail/2026/22/65445/Netto222026-1_12_3319x139_4890x2838_zoom.jpg,2026-05-23,2026-05-29,https://res.cloudinary.com/dfqzmnlga/image/upload/v1779512507/2026-05-23/11126211.jpg
11126225,22.00,Vici,Færdigretter Frost,Gyoza Dumplings with Pork,1,0,ps.,Netto,https://static.tilbudsugen.dk/1st-retail/2026/22/65445/Netto222026-1_12_3319x2854_4939x4830_zoom.jpg,2026-05-23,2026-05-29,https://res.cloudinary.com/dfqzmnlga/image/upload/v1779512507/2026-05-23/11126225.jpg
11126224,22.00,Vici,Færdigretter Frost,Gyoza Dumplings with Vegetables and Chicken,1,0,ps.,Netto,https://static.tilbudsugen.dk/1st-retail/2026/22/65445/Netto222026-1_12_3319x2854_4939x4830_zoom.jpg,2026-05-23,2026-05-29,https://res.cloudinary.com/dfqzmnlga/image/upload/v1779512507/2026-05-23/11126224.jpg
11126219,20.00,,Færdigretter Frost,Færdigretter,1,0,stk.,Netto,https://static.tilbudsugen.dk/1st-retail/2026/22/65445/Netto222026-1_12_1706x2833_3282x4814_zoom.jpg,2026-05-23,2026-05-29,https://res.cloudinary.com/dfqzmnlga/image/upload/v1779512508/2026-05-23/11126219.jpg
11125253,10.00,Spir,Vegetabilske drikke,Havrekakao,1,1,stk.,Netto,https://static.tilbudsugen.dk/1st-retail/2026/22/65445/Netto222026-1_1_2542x3696_4901x6460_zoom.jpg,2026-05-23,2026-05-29,https://res.cloudinary.com/dfqzmnlga/image/upload/v1779512508/2026-05-23/11125253.jpg
11125255,10.00,Spir,Vegetabilske drikke,Mandeldrik,1,1,stk.,Netto,https://static.tilbudsugen.dk/1st-retail/2026/22/65445/Netto222026-1_1_2542x3696_4901x6460_zoom.jpg,2026-05-23,2026-05-29,https://res.cloudinary.com/dfqzmnlga/image/upload/v1779512508/2026-05-23/11125255.jpg
11125256,10.00,Spir,Vegetabilske drikke,Risdrik,1,1,stk.,Netto,https://static.tilbudsugen.dk/1st-retail/2026/22/65445/Netto222026-1_1_2542x3696_4901x6460_zoom.jpg,2026-05-23,2026-05-29,https://res.cloudinary.com/dfqzmnlga/image/upload/v1779512509/2026-05-23/11125256.jpg
11125186,10.00,Spir,Vegetabilske drikke,Havredrik,1,1,stk.,Netto,https://static.tilbudsugen.dk/1st-retail/2026/22/65445/Netto222026-1_1_2542x3696_4901x6460_zoom.jpg,2026-05-23,2026-05-29,https://res.cloudinary.com/dfqzmnlga/image/upload/v1779512509/2026-05-23/11125186.jpg
11125642,5.00,Harvest Best,Grønt,Chilibønner,1,0,ds.,Netto,https://static.tilbudsugen.dk/1st-retail/2026/22/65445/Netto222026-1_2_21x53_2402x2482_zoom.jpg,2026-05-23,2026-05-29,https://res.cloudinary.com/dfqzmnlga/image/upload/v1779512509/2026-05-23/11125642.jpg
11125643,5.00,Harvest Best,Grønt,Baked Beans,1,0,ds.,Netto,https://static.tilbudsugen.dk/1st-retail/2026/22/65445/Netto222026-1_2_21x53_2402x2482_zoom.jpg,2026-05-23,2026-05-29,https://res.cloudinary.com/dfqzmnlga/image/upload/v1779512510/2026-05-23/11125643.jpg
11125644,5.00,La Campagna,Grønt,Hakkede tomater,1,0,ds.,Netto,https://static.tilbudsugen.dk/1st-retail/2026/22/65445/Netto222026-1_2_21x53_2402x2482_zoom.jpg,2026-05-23,2026-05-29,https://res.cloudinary.com/dfqzmnlga/image/upload/v1779512510/2026-05-23/11125644.jpg
11125645,5.00,La Campagna,Grønt,Hakkede tomater Urter,1,0,ds.,Netto,https://static.tilbudsugen.dk/1st-retail/2026/22/65445/Netto222026-1_2_21x53_2402x2482_zoom.jpg,2026-05-23,2026-05-29,https://res.cloudinary.com/dfqzmnlga/image/upload/v1779512510/2026-05-23/11125645.jpg
11125646,5.00,La Campagna,Grønt,Hakkede tomater Hvidløg,1,0,ds.,Netto,https://static.tilbudsugen.dk/1st-retail/2026/22/65445/Netto222026-1_2_21x53_2402x2482_zoom.jpg,2026-05-23,2026-05-29,https://res.cloudinary.com/dfqzmnlga/image/upload/v1779512511/2026-05-23/11125646.jpg
11126288,19.00,Caputo,Mel & Melblandinger,Pizzamel,1,1,ps.,Netto,https://static.tilbudsugen.dk/1st-retail/2026/22/65445/Netto222026-1_13_3282x2827_4917x4835_zoom.jpg,2026-05-23,2026-05-29,https://res.cloudinary.com/dfqzmnlga/image/upload/v1779512511/2026-05-23/11126288.jpg
11125641,5.00,Harvest Best,Grønt,Røde Kidneybønner,1,0,ds.,Netto,https://static.tilbudsugen.dk/1st-retail/2026/22/65445/Netto222026-1_2_21x53_2402x2482_zoom.jpg,2026-05-23,2026-05-29,https://res.cloudinary.com/dfqzmnlga/image/upload/v1779512511/2026-05-23/11125641.jpg
11125634,5.00,Harvest Best,Grønt,Kikærter,1,0,ds.,Netto,https://static.tilbudsugen.dk/1st-retail/2026/22/65445/Netto222026-1_2_21x53_2402x2482_zoom.jpg,2026-05-23,2026-05-29,https://res.cloudinary.com/dfqzmnlga/image/upload/v1779512512/2026-05-23/11125634.jpg
11126262,10.00,Valsemøllen,Nødder & Kerner,Sesamfrø,1,0,ps.,Netto,https://static.tilbudsugen.dk/1st-retail/2026/22/65445/Netto222026-1_13_1684x1170_3298x2822_zoom.jpg,2026-05-23,2026-05-29,https://res.cloudinary.com/dfqzmnlga/image/upload/v1779512512/2026-05-23/11126262.jpg
11126277,20.00,Dolmio,Saucer,Bolognese Classico,1,0,gl.,Netto,https://static.tilbudsugen.dk/1st-retail/2026/22/65445/Netto222026-1_13_43x2811_1679x4819_zoom.jpg,2026-05-23,2026-05-29,https://res.cloudinary.com/dfqzmnlga/image/upload/v1779512513/2026-05-23/11126277.jpg
11126261,10.00,Valsemøllen,Nødder & Kerner,Hørfrø,1,0,ps.,Netto,https://static.tilbudsugen.dk/1st-retail/2026/22/65445/Netto222026-1_13_1684x1170_3298x2822_zoom.jpg,2026-05-23,2026-05-29,https://res.cloudinary.com/dfqzmnlga/image/upload/v1779512513/2026-05-23/11126261.jpg
11126260,10.00,Valsemøllen,Nødder & Kerner,Solsikkekerner,1,0,ps.,Netto,https://static.tilbudsugen.dk/1st-retail/2026/22/65445/Netto222026-1_13_1684x1170_3298x2822_zoom.jpg,2026-05-23,2026-05-29,https://res.cloudinary.com/dfqzmnlga/image/upload/v1779512513/2026-05-23/11126260.jpg
11126282,20.00,Dolmio,Saucer,Bolognese Spicy Chili,1,0,gl.,Netto,https://static.tilbudsugen.dk/1st-retail/2026/22/65445/Netto222026-1_13_43x2811_1679x4819_zoom.jpg,2026-05-23,2026-05-29,https://res.cloudinary.com/dfqzmnlga/image/upload/v1779512514/2026-05-23/11126282.jpg
11126280,20.00,Dolmio,Saucer,Bolognese Krydret,1,0,gl.,Netto,https://static.tilbudsugen.dk/1st-retail/2026/22/65445/Netto222026-1_13_43x2811_1679x4819_zoom.jpg,2026-05-23,2026-05-29,https://res.cloudinary.com/dfqzmnlga/image/upload/v1779512514/2026-05-23/11126280.jpg
11126281,20.00,Dolmio,Saucer,Al Forno Creamy Tomato,1,0,gl.,Netto,https://static.tilbudsugen.dk/1st-retail/2026/22/65445/Netto222026-1_13_43x2811_1679x4819_zoom.jpg,2026-05-23,2026-05-29,https://res.cloudinary.com/dfqzmnlga/image/upload/v1779512514/2026-05-23/11126281.jpg
11126276,20.00,Ben's Original,Saucer,Medium Curry,1,0,gl.,Netto,https://static.tilbudsugen.dk/1st-retail/2026/22/65445/Netto222026-1_13_43x2811_1679x4819_zoom.jpg,2026-05-23,2026-05-29,https://res.cloudinary.com/dfqzmnlga/image/upload/v1779512515/2026-05-23/11126276.jpg
11126274,20.00,Ben's Original,Saucer,Sweet and Sour,1,0,gl.,Netto,https://static.tilbudsugen.dk/1st-retail/2026/22/65445/Netto222026-1_13_43x2811_1679x4819_zoom.jpg,2026-05-23,2026-05-29,https://res.cloudinary.com/dfqzmnlga/image/upload/v1779512515/2026-05-23/11126274.jpg
11126283,20.00,Dolmio,Saucer,Bolognese Smooth Tomatsauce,1,0,gl.,Netto,https://static.tilbudsugen.dk/1st-retail/2026/22/65445/Netto222026-1_13_43x2811_1679x4819_zoom.jpg,2026-05-23,2026-05-29,https://res.cloudinary.com/dfqzmnlga/image/upload/v1779512515/2026-05-23/11126283.jpg
11126284,20.00,Dolmio,Saucer,Lasagne Creamy,1,0,gl.,Netto,https://static.tilbudsugen.dk/1st-retail/2026/22/65445/Netto222026-1_13_43x2811_1679x4819_zoom.jpg,2026-05-23,2026-05-29,https://res.cloudinary.com/dfqzmnlga/image/upload/v1779512516/2026-05-23/11126284.jpg
11126278,20.00,Dolmio,Saucer,Lasagne Creamy,1,0,gl.,Netto,https://static.tilbudsugen.dk/1st-retail/2026/22/65445/Netto222026-1_13_43x2811_1679x4819_zoom.jpg,2026-05-23,2026-05-29,https://res.cloudinary.com/dfqzmnlga/image/upload/v1779512516/2026-05-23/11126278.jpg
11126279,20.00,Dolmio,Saucer,Bolognese Original,1,0,gl.,Netto,https://static.tilbudsugen.dk/1st-retail/2026/22/65445/Netto222026-1_13_43x2811_1679x4819_zoom.jpg,2026-05-23,2026-05-29,https://res.cloudinary.com/dfqzmnlga/image/upload/v1779512516/2026-05-23/11126279.jpg
11126257,10.00,Valsemøllen,Nødder & Kerner,Græskarkerner,1,0,ps.,Netto,https://static.tilbudsugen.dk/1st-retail/2026/22/65445/Netto222026-1_13_1684x1170_3298x2822_zoom.jpg,2026-05-23,2026-05-29,https://res.cloudinary.com/dfqzmnlga/image/upload/v1779512517/2026-05-23/11126257.jpg
11125666,20.00,Hellmanns,Mayonnaise,Real Mayonnaise,1,0,gl.,Netto,https://static.tilbudsugen.dk/1st-retail/2026/22/65445/Netto222026-1_2_32x4501_2337x6833_zoom.jpg,2026-05-23,2026-05-29,https://res.cloudinary.com/dfqzmnlga/image/upload/v1779512517/2026-05-23/11125666.jpg
11125668,20.00,Maille,Sennep,Dijon Originale Sennep,1,0,gl.,Netto,https://static.tilbudsugen.dk/1st-retail/2026/22/65445/Netto222026-1_2_32x4501_2337x6833_zoom.jpg,2026-05-23,2026-05-29,https://res.cloudinary.com/dfqzmnlga/image/upload/v1779512517/2026-05-23/11125668.jpg
11126263,10.00,Valsemøllen,Nødder & Kerner,Chiafrø,1,0,ps.,Netto,https://static.tilbudsugen.dk/1st-retail/2026/22/65445/Netto222026-1_13_1684x1170_3298x2822_zoom.jpg,2026-05-23,2026-05-29,https://res.cloudinary.com/dfqzmnlga/image/upload/v1779512518/2026-05-23/11126263.jpg
11126168,15.00,Jensens Køkken,Saucer,Bearnaisesauce,1,0,fl.,Netto,https://static.tilbudsugen.dk/1st-retail/2026/22/65445/Netto222026-1_12_59x765_1679x2876_zoom.jpg,2026-05-23,2026-05-29,https://res.cloudinary.com/dfqzmnlga/image/upload/v1779512518/2026-05-23/11126168.jpg
11126207,15.00,Jensens Køkken,Saucer,Favorit Sauce,1,0,fl.,Netto,https://static.tilbudsugen.dk/1st-retail/2026/22/65445/Netto222026-1_12_59x765_1679x2876_zoom.jpg,2026-05-23,2026-05-29,https://res.cloudinary.com/dfqzmnlga/image/upload/v1779512518/2026-05-23/11126207.jpg
11126303,26.00,Mackays,Marmelade,Lemon Curdmarmelade,1,0,gl.,Netto,https://static.tilbudsugen.dk/1st-retail/2026/22/65445/Netto222026-1_13_1657x4825_3325x6854_zoom.jpg,2026-05-23,2026-05-29,https://res.cloudinary.com/dfqzmnlga/image/upload/v1779512519/2026-05-23/11126303.jpg
11126306,26.00,Mackays,Marmelade,Orangemarmelade,1,0,gl.,Netto,https://static.tilbudsugen.dk/1st-retail/2026/22/65445/Netto222026-1_13_1657x4825_3325x6854_zoom.jpg,2026-05-23,2026-05-29,https://res.cloudinary.com/dfqzmnlga/image/upload/v1779512519/2026-05-23/11126306.jpg
11126307,26.00,Mackays,Marmelade,"Orange, Lemon & Gingermarmelade",1,0,gl.,Netto,https://static.tilbudsugen.dk/1st-retail/2026/22/65445/Netto222026-1_13_1657x4825_3325x6854_zoom.jpg,2026-05-23,2026-05-29,https://res.cloudinary.com/dfqzmnlga/image/upload/v1779512519/2026-05-23/11126307.jpg
11126308,79.00,Piccardo,Olier,Olivenolie,1,1,fl.,Netto,https://static.tilbudsugen.dk/1st-retail/2026/22/65445/Netto222026-1_13_3314x4808_4895x6849_zoom.jpg,2026-05-23,2026-05-29,https://res.cloudinary.com/dfqzmnlga/image/upload/v1779512520/2026-05-23/11126308.jpg
11125667,20.00,Hellmanns,Mayonnaise,Mayonnaise Real,1,0,fl.,Netto,https://static.tilbudsugen.dk/1st-retail/2026/22/65445/Netto222026-1_2_32x4501_2337x6833_zoom.jpg,2026-05-23,2026-05-29,https://res.cloudinary.com/dfqzmnlga/image/upload/v1779512520/2026-05-23/11125667.jpg
11125670,20.00,Maille,Sennep,Sennep med Honning,1,0,gl.,Netto,https://static.tilbudsugen.dk/1st-retail/2026/22/65445/Netto222026-1_2_32x4501_2337x6833_zoom.jpg,2026-05-23,2026-05-29,https://res.cloudinary.com/dfqzmnlga/image/upload/v1779512520/2026-05-23/11125670.jpg
11125669,20.00,Maille,Sennep,Wholegrain Sennep,1,0,gl.,Netto,https://static.tilbudsugen.dk/1st-retail/2026/22/65445/Netto222026-1_2_32x4501_2337x6833_zoom.jpg,2026-05-23,2026-05-29,https://res.cloudinary.com/dfqzmnlga/image/upload/v1779512521/2026-05-23/11125669.jpg
11126527,5.00,Corny,Snacks/bar,Chocolate Big Müslibar,1,0,stk.,Netto,https://static.tilbudsugen.dk/1st-retail/2026/22/65445/Netto222026-1_13_54x1143_1706x2768_zoom.jpg,2026-05-23,2026-05-29,https://res.cloudinary.com/dfqzmnlga/image/upload/v1779512521/2026-05-23/11126527.jpg
11126528,5.00,Corny,Snacks/bar,Chocolate Banana Big Müslibar,1,0,pk.,Netto,https://static.tilbudsugen.dk/1st-retail/2026/22/65445/Netto222026-1_13_54x1143_1706x2768_zoom.jpg,2026-05-23,2026-05-29,https://res.cloudinary.com/dfqzmnlga/image/upload/v1779512521/2026-05-23/11126528.jpg
11126526,5.00,Corny,Snacks/bar,Cinnamon Big Roll Flawour,1,0,pk.,Netto,https://static.tilbudsugen.dk/1st-retail/2026/22/65445/Netto222026-1_13_54x1143_1706x2768_zoom.jpg,2026-05-23,2026-05-29,https://res.cloudinary.com/dfqzmnlga/image/upload/v1779512522/2026-05-23/11126526.jpg
11126240,5.00,Corny,Snacks/bar,Salted Caramel Big Müslibar,1,0,stk.,Netto,https://static.tilbudsugen.dk/1st-retail/2026/22/65445/Netto222026-1_13_54x1143_1706x2768_zoom.jpg,2026-05-23,2026-05-29,https://res.cloudinary.com/dfqzmnlga/image/upload/v1779512522/2026-05-23/11126240.jpg
11126529,5.00,Corny,Snacks/bar,"Chocolate, Biscuit & Marshmallow Big Müslibar",1,0,stk.,Netto,https://static.tilbudsugen.dk/1st-retail/2026/22/65445/Netto222026-1_13_54x1143_1706x2768_zoom.jpg,2026-05-23,2026-05-29,https://res.cloudinary.com/dfqzmnlga/image/upload/v1779512522/2026-05-23/11126529.jpg
11087733,5.00,Murph,Snacks/bar,Proteinbar Mælkechokolade,1,0,stk.,Netto,https://static.tilbudsugen.dk/1st-retail/2026/19/65241/Netto182026-1_30_108x4701_1655x6768_zoom.jpg,2026-05-01,2026-05-31,https://res.cloudinary.com/dfqzmnlga/image/upload/v1779512523/2026-05-23/11087733.jpg
11087735,5.00,Murph,Snacks/bar,Proteinbar Mælkechokolade,1,0,stk.,Netto,https://static.tilbudsugen.dk/1st-retail/2026/19/65241/Netto182026-1_30_108x4701_1655x6768_zoom.jpg,2026-05-01,2026-05-31,https://res.cloudinary.com/dfqzmnlga/image/upload/v1779512524/2026-05-23/11087735.jpg
11087721,10.00,Murph,Snacks/bar,Pistachio & Cookies Crisp Proteinbar,1,0,stk.,Netto,https://static.tilbudsugen.dk/1st-retail/2026/19/65241/Netto182026-1_30_1526x0_4917x2513_zoom.jpg,2026-05-01,2026-05-31,https://res.cloudinary.com/dfqzmnlga/image/upload/v1779512524/2026-05-23/11087721.jpg
11087724,10.00,Murph,Snacks/bar,Peanut & Caramel Crisp Proteinbar,1,0,stk.,Netto,https://static.tilbudsugen.dk/1st-retail/2026/19/65241/Netto182026-1_30_1526x0_4917x2513_zoom.jpg,2026-05-01,2026-05-31,https://res.cloudinary.com/dfqzmnlga/image/upload/v1779512524/2026-05-23/11087724.jpg
11087722,10.00,Murph,Snacks/bar,Cookies & Caramel Crisp Proteinbar,1,0,stk.,Netto,https://static.tilbudsugen.dk/1st-retail/2026/19/65241/Netto182026-1_30_1526x0_4917x2513_zoom.jpg,2026-05-01,2026-05-31,https://res.cloudinary.com/dfqzmnlga/image/upload/v1779512525/2026-05-23/11087722.jpg
11087723,10.00,Murph,Snacks/bar,Coconut & Cookies Crisp Proteinbar,1,0,stk.,Netto,https://static.tilbudsugen.dk/1st-retail/2026/19/65241/Netto182026-1_30_1526x0_4917x2513_zoom.jpg,2026-05-01,2026-05-31,https://res.cloudinary.com/dfqzmnlga/image/upload/v1779512525/2026-05-23/11087723.jpg
11101083,16.00,Barebells,Snacks/bar,Coco Choco Proteinbar,1,0,stk.,Netto,https://static.tilbudsugen.dk/1st-retail/2026/20/65302/Netto192026-1_23_1637x651_3345x2834_zoom.jpg,2026-05-01,2026-05-31,https://res.cloudinary.com/dfqzmnlga/image/upload/v1779512526/2026-05-23/11101083.jpg
11087727,16.00,Murph,Snacks/bar,Proteinbar Creatine Cookies & Cream,1,0,stk.,Netto,https://static.tilbudsugen.dk/1st-retail/2026/19/65241/Netto182026-1_30_1709x2594_3242x4661_zoom.jpg,2026-05-01,2026-05-31,https://res.cloudinary.com/dfqzmnlga/image/upload/v1779512526/2026-05-23/11087727.jpg
11101073,16.00,Barebells,Snacks/bar,Banana Dream Proteinbar,1,0,stk.,Netto,https://static.tilbudsugen.dk/1st-retail/2026/20/65302/Netto192026-1_23_1637x651_3345x2834_zoom.jpg,2026-05-01,2026-05-31,https://res.cloudinary.com/dfqzmnlga/image/upload/v1779512526/2026-05-23/11101073.jpg
11101084,16.00,Barebells,Snacks/bar,Salty Peanut Proteinbar,1,0,stk.,Netto,https://static.tilbudsugen.dk/1st-retail/2026/20/65302/Netto192026-1_23_1637x651_3345x2834_zoom.jpg,2026-05-01,2026-05-31,https://res.cloudinary.com/dfqzmnlga/image/upload/v1779512527/2026-05-23/11101084.jpg
11101082,16.00,Barebells,Snacks/bar,Marshmallow Proteinbar,1,0,stk.,Netto,https://static.tilbudsugen.dk/1st-retail/2026/20/65302/Netto192026-1_23_1637x651_3345x2834_zoom.jpg,2026-05-01,2026-05-31,https://res.cloudinary.com/dfqzmnlga/image/upload/v1779512527/2026-05-23/11101082.jpg
11087726,16.00,Murph,Snacks/bar,Proteinbar Creatine Toffee & Caramel,1,0,stk.,Netto,https://static.tilbudsugen.dk/1st-retail/2026/19/65241/Netto182026-1_30_1709x2594_3242x4661_zoom.jpg,2026-05-01,2026-05-31,https://res.cloudinary.com/dfqzmnlga/image/upload/v1779512528/2026-05-23/11087726.jpg
11101086,16.00,Barebells,Snacks/bar,Hazelnut & Nougat Proteinbar,1,0,stk.,Netto,https://static.tilbudsugen.dk/1st-retail/2026/20/65302/Netto192026-1_23_1637x651_3345x2834_zoom.jpg,2026-05-01,2026-05-31,https://res.cloudinary.com/dfqzmnlga/image/upload/v1779512528/2026-05-23/11101086.jpg
11101081,16.00,Barebells,Snacks/bar,Peanut Caramel Proteinbar,1,0,stk.,Netto,https://static.tilbudsugen.dk/1st-retail/2026/20/65302/Netto192026-1_23_1637x651_3345x2834_zoom.jpg,2026-05-01,2026-05-31,https://res.cloudinary.com/dfqzmnlga/image/upload/v1779512529/2026-05-23/11101081.jpg
11087725,16.00,Murph,Snacks/bar,Proteinbar Creatine Milky Road,1,0,stk.,Netto,https://static.tilbudsugen.dk/1st-retail/2026/19/65241/Netto182026-1_30_1709x2594_3242x4661_zoom.jpg,2026-05-01,2026-05-31,https://res.cloudinary.com/dfqzmnlga/image/upload/v1779512529/2026-05-23/11087725.jpg
11101085,16.00,Barebells,Snacks/bar,Caramel Cashew Proteinbar,1,0,stk.,Netto,https://static.tilbudsugen.dk/1st-retail/2026/20/65302/Netto192026-1_23_1637x651_3345x2834_zoom.jpg,2026-05-01,2026-05-31,https://res.cloudinary.com/dfqzmnlga/image/upload/v1779512530/2026-05-23/11101085.jpg
11101080,16.00,Barebells,Snacks/bar,Caramel Choco Proteinbar,1,0,stk.,Netto,https://static.tilbudsugen.dk/1st-retail/2026/20/65302/Netto192026-1_23_1637x651_3345x2834_zoom.jpg,2026-05-01,2026-05-31,https://res.cloudinary.com/dfqzmnlga/image/upload/v1779512530/2026-05-23/11101080.jpg
11126286,20.00,Funny Hunny,Morgenmadsprodukter,Choko Funny Morgenmadsprodukt,1,0,ps.,Netto,https://static.tilbudsugen.dk/1st-retail/2026/22/65445/Netto222026-1_13_1679x2800_3298x4819_zoom.jpg,2026-05-23,2026-05-29,https://res.cloudinary.com/dfqzmnlga/image/upload/v1779512531/2026-05-23/11126286.jpg
11126268,12.00,Kettle Cooked Chips,Chips,Sour Cream & Onion Chips,1,0,ps.,Netto,https://static.tilbudsugen.dk/1st-retail/2026/22/65445/Netto222026-1_13_3309x1192_4944x2854_zoom.jpg,2026-05-23,2026-05-29,https://res.cloudinary.com/dfqzmnlga/image/upload/v1779512531/2026-05-23/11126268.jpg
11126271,12.00,Kettle Cooked Chips,Chips,Paprikachips,1,0,ps.,Netto,https://static.tilbudsugen.dk/1st-retail/2026/22/65445/Netto222026-1_13_3309x1192_4944x2854_zoom.jpg,2026-05-23,2026-05-29,https://res.cloudinary.com/dfqzmnlga/image/upload/v1779512531/2026-05-23/11126271.jpg
11126270,12.00,Kettle Cooked Chips,Chips,Jalapenochips,1,0,ps.,Netto,https://static.tilbudsugen.dk/1st-retail/2026/22/65445/Netto222026-1_13_3309x1192_4944x2854_zoom.jpg,2026-05-23,2026-05-29,https://res.cloudinary.com/dfqzmnlga/image/upload/v1779512532/2026-05-23/11126270.jpg
11126264,12.00,Kettle Cooked Chips,Chips,Sea Salt Chips,1,0,ps.,Netto,https://static.tilbudsugen.dk/1st-retail/2026/22/65445/Netto222026-1_13_3309x1192_4944x2854_zoom.jpg,2026-05-23,2026-05-29,https://res.cloudinary.com/dfqzmnlga/image/upload/v1779512532/2026-05-23/11126264.jpg
11126272,12.00,Kettle Cooked Chips,Chips,Salt & Vinegar Chips,1,0,ps.,Netto,https://static.tilbudsugen.dk/1st-retail/2026/22/65445/Netto222026-1_13_3309x1192_4944x2854_zoom.jpg,2026-05-23,2026-05-29,https://res.cloudinary.com/dfqzmnlga/image/upload/v1779512533/2026-05-23/11126272.jpg
11126343,12.00,Samba,Flødeboller,Flødeboller Klassisk,1,0,bk.,Netto,https://static.tilbudsugen.dk/1st-retail/2026/22/65445/Netto222026-1_14_54x2860_1657x4841_zoom.jpg,2026-05-23,2026-05-29,https://res.cloudinary.com/dfqzmnlga/image/upload/v1779512533/2026-05-23/11126343.jpg
11126339,12.00,Samba,Flødeboller,Flødeboller Kokos,1,0,bk.,Netto,https://static.tilbudsugen.dk/1st-retail/2026/22/65445/Netto222026-1_14_54x2860_1657x4841_zoom.jpg,2026-05-23,2026-05-29,https://res.cloudinary.com/dfqzmnlga/image/upload/v1779512534/2026-05-23/11126339.jpg
11126337,25.00,Daim,Chokolade,Chokoladeplade ,1,0,pk.,Netto,https://static.tilbudsugen.dk/1st-retail/2026/22/65445/Netto222026-1_14_3352x69_4982x2854_zoom.jpg,2026-05-23,2026-05-29,https://res.cloudinary.com/dfqzmnlga/image/upload/v1779512534/2026-05-23/11126337.jpg
11126338,25.00,Marabou,Chokolade,Chokoladeplade Mjölk Choklad,1,0,pk.,Netto,https://static.tilbudsugen.dk/1st-retail/2026/22/65445/Netto222026-1_14_3352x69_4982x2854_zoom.jpg,2026-05-23,2026-05-29,https://res.cloudinary.com/dfqzmnlga/image/upload/v1779512535/2026-05-23/11126338.jpg
11126335,25.00,Marabou,Chokolade,Chokoladeplade Appelsin Krokant,1,0,stk.,Netto,https://static.tilbudsugen.dk/1st-retail/2026/22/65445/Netto222026-1_14_3352x69_4982x2854_zoom.jpg,2026-05-23,2026-05-29,https://res.cloudinary.com/dfqzmnlga/image/upload/v1779512535/2026-05-23/11126335.jpg
11126336,25.00,Oreo,Chokolade,Chokoladeplade ,1,0,stk.,Netto,https://static.tilbudsugen.dk/1st-retail/2026/22/65445/Netto222026-1_14_3352x69_4982x2854_zoom.jpg,2026-05-23,2026-05-29,https://res.cloudinary.com/dfqzmnlga/image/upload/v1779512535/2026-05-23/11126336.jpg
11126333,25.00,Marabou,Chokolade,Chokoladeplade Helnöt,1,0,stk.,Netto,https://static.tilbudsugen.dk/1st-retail/2026/22/65445/Netto222026-1_14_3352x69_4982x2854_zoom.jpg,2026-05-23,2026-05-29,https://res.cloudinary.com/dfqzmnlga/image/upload/v1779512536/2026-05-23/11126333.jpg
11126325,25.00,Marabou,Chokolade,Chokoladeplade Mint Krokant,1,0,stk.,Netto,https://static.tilbudsugen.dk/1st-retail/2026/22/65445/Netto222026-1_14_3352x69_4982x2854_zoom.jpg,2026-05-23,2026-05-29,https://res.cloudinary.com/dfqzmnlga/image/upload/v1779512537/2026-05-23/11126325.jpg
11126334,25.00,Marabou,Chokolade,Chokoladeplade Schweizernöt,1,0,pk.,Netto,https://static.tilbudsugen.dk/1st-retail/2026/22/65445/Netto222026-1_14_3352x69_4982x2854_zoom.jpg,2026-05-23,2026-05-29,https://res.cloudinary.com/dfqzmnlga/image/upload/v1779512537/2026-05-23/11126334.jpg
11126360,35.00,Løgismose,Pålægschokolade,Pålægschokolade Lys,1,0,pk.,Netto,https://static.tilbudsugen.dk/1st-retail/2026/22/65445/Netto222026-1_14_2763x4916_4836x6811_zoom.jpg,2026-05-23,2026-05-29,https://res.cloudinary.com/dfqzmnlga/image/upload/v1779512537/2026-05-23/11126360.jpg
11126363,35.00,Løgismose,Pålægschokolade,Pålægschokolade Mørk,1,0,pk.,Netto,https://static.tilbudsugen.dk/1st-retail/2026/22/65445/Netto222026-1_14_2763x4916_4836x6811_zoom.jpg,2026-05-23,2026-05-29,https://res.cloudinary.com/dfqzmnlga/image/upload/v1779512538/2026-05-23/11126363.jpg
11126217,15.00,Harvest Best,Frugt og bær,Jordbær,1,0,ps.,Netto,https://static.tilbudsugen.dk/1st-retail/2026/22/65445/Netto222026-1_12_54x2881_1684x4814_zoom.jpg,2026-05-23,2026-05-29,https://res.cloudinary.com/dfqzmnlga/image/upload/v1779512538/2026-05-23/11126217.jpg
11125665,20.00,Bistronne,Fjerkræ,Kyllingestrimler,1,0,ps.,Netto,https://static.tilbudsugen.dk/1st-retail/2026/22/65445/Netto222026-1_2_2396x2460_4922x4463_zoom.jpg,2026-05-23,2026-05-29,https://res.cloudinary.com/dfqzmnlga/image/upload/v1779512539/2026-05-23/11125665.jpg
11126214,15.00,Harvest Best,Frugt og bær,Mango i tern,1,0,ps.,Netto,https://static.tilbudsugen.dk/1st-retail/2026/22/65445/Netto222026-1_12_54x2881_1684x4814_zoom.jpg,2026-05-23,2026-05-29,https://res.cloudinary.com/dfqzmnlga/image/upload/v1779512539/2026-05-23/11126214.jpg
11126218,15.00,Harvest Best,Frugt og bær,Blåbær,1,0,ps.,Netto,https://static.tilbudsugen.dk/1st-retail/2026/22/65445/Netto222026-1_12_54x2881_1684x4814_zoom.jpg,2026-05-23,2026-05-29,https://res.cloudinary.com/dfqzmnlga/image/upload/v1779512539/2026-05-23/11126218.jpg
11087451,25.00,Pølsemesteren,Pølser Frost,Frankfurter,1,0,pk.,Netto,https://static.tilbudsugen.dk/1st-retail/2026/19/65241/Netto182026-1_7_1610x341_4651x2478_zoom.jpg,2026-05-01,2026-05-31,https://res.cloudinary.com/dfqzmnlga/image/upload/v1779512540/2026-05-23/11087451.jpg
11125748,25.00,Pølsemesteren,Pølser Frost,Frankfurter,1,0,pk.,Netto,https://static.tilbudsugen.dk/1st-retail/2026/22/65445/Netto222026-1_11_21x2800_1716x4781_zoom.jpg,2026-05-01,2026-05-31,https://res.cloudinary.com/dfqzmnlga/image/upload/v1779512540/2026-05-23/11125748.jpg
11125664,20.00,Bistronne,Fjerkræ,Kyllingekebab,1,0,ps.,Netto,https://static.tilbudsugen.dk/1st-retail/2026/22/65445/Netto222026-1_2_2396x2460_4922x4463_zoom.jpg,2026-05-23,2026-05-29,https://res.cloudinary.com/dfqzmnlga/image/upload/v1779512540/2026-05-23/11125664.jpg
11125673,29.00,Navito,Fisk,Fiskefileter,1,0,pk.,Netto,https://static.tilbudsugen.dk/1st-retail/2026/22/65445/Netto222026-1_3_2461x1575_3676x3076_zoom.jpg,2026-05-23,2026-05-29,https://res.cloudinary.com/dfqzmnlga/image/upload/v1779512541/2026-05-23/11125673.jpg
11125692,45.00,Velsmag,Fisk,Kuller Loins,1,0,pk.,Netto,https://static.tilbudsugen.dk/1st-retail/2026/22/65445/Netto222026-1_5_32x2660_1657x4814_zoom.jpg,2026-05-23,2026-05-29,https://res.cloudinary.com/dfqzmnlga/image/upload/v1779512541/2026-05-23/11125692.jpg
11126507,49.00,Snickers,Multipak,Issnacks,1,12,pk.,Netto,https://static.tilbudsugen.dk/1st-retail/2026/22/65445/Netto222026-1_12_3336x4841_4928x6881_zoom.jpg,2026-05-23,2026-05-29,https://res.cloudinary.com/dfqzmnlga/image/upload/v1779512542/2026-05-23/11126507.jpg
11126233,49.00,Mars,Multipak,Issnacks,1,12,pk.,Netto,https://static.tilbudsugen.dk/1st-retail/2026/22/65445/Netto222026-1_12_3336x4841_4928x6881_zoom.jpg,2026-05-23,2026-05-29,https://res.cloudinary.com/dfqzmnlga/image/upload/v1779512542/2026-05-23/11126233.jpg
11126525,49.00,Magnum,Multipak,Isvafler Crunchy Salted Caremel,1,6,pk.,Netto,https://static.tilbudsugen.dk/1st-retail/2026/22/65445/Netto222026-1_12_3336x4841_4928x6881_zoom.jpg,2026-05-23,2026-05-29,https://res.cloudinary.com/dfqzmnlga/image/upload/v1779512542/2026-05-23/11126525.jpg
11125707,35.00,ØGO,Is,Vanilje is,1,0,bg.,Netto,https://static.tilbudsugen.dk/1st-retail/2026/22/65445/Netto222026-1_7_113x3043_2790x5176_zoom.jpg,2026-05-23,2026-05-29,https://res.cloudinary.com/dfqzmnlga/image/upload/v1779512543/2026-05-23/11125707.jpg
11126484,39.00,Ben & Jerry's,Is,Sweet Mango Memories,1,0,bg.,Netto,https://static.tilbudsugen.dk/1st-retail/2026/22/65445/Netto222026-1_12_43x4830_1684x6827_zoom.jpg,2026-05-23,2026-05-29,https://res.cloudinary.com/dfqzmnlga/image/upload/v1779512543/2026-05-23/11126484.jpg
11126493,39.00,Ben & Jerry's,Is,Brookieees & Cream Is,1,0,bg.,Netto,https://static.tilbudsugen.dk/1st-retail/2026/22/65445/Netto222026-1_12_43x4830_1684x6827_zoom.jpg,2026-05-23,2026-05-29,https://res.cloudinary.com/dfqzmnlga/image/upload/v1779512543/2026-05-23/11126493.jpg
11126480,39.00,Ben & Jerry's,Is,Cookie Dough is,1,0,bg.,Netto,https://static.tilbudsugen.dk/1st-retail/2026/22/65445/Netto222026-1_12_43x4830_1684x6827_zoom.jpg,2026-05-23,2026-05-29,https://res.cloudinary.com/dfqzmnlga/image/upload/v1779512544/2026-05-23/11126480.jpg
11126500,39.00,Ben & Jerry's,Is,Chocolate Fudge Brownie is,1,0,bg.,Netto,https://static.tilbudsugen.dk/1st-retail/2026/22/65445/Netto222026-1_12_43x4830_1684x6827_zoom.jpg,2026-05-23,2026-05-29,https://res.cloudinary.com/dfqzmnlga/image/upload/v1779512544/2026-05-23/11126500.jpg
11126505,39.00,Ben & Jerry's,Is,Caramel Brownie Party is,1,0,bg.,Netto,https://static.tilbudsugen.dk/1st-retail/2026/22/65445/Netto222026-1_12_43x4830_1684x6827_zoom.jpg,2026-05-23,2026-05-29,https://res.cloudinary.com/dfqzmnlga/image/upload/v1779512544/2026-05-23/11126505.jpg
11126226,39.00,Ben & Jerry's,Is,Chunky Monkey is,1,0,bg.,Netto,https://static.tilbudsugen.dk/1st-retail/2026/22/65445/Netto222026-1_12_43x4830_1684x6827_zoom.jpg,2026-05-23,2026-05-29,https://res.cloudinary.com/dfqzmnlga/image/upload/v1779512545/2026-05-23/11126226.jpg
11126502,39.00,Ben & Jerry's,Is,Sundae Marshmallow & S'more,1,0,bg.,Netto,https://static.tilbudsugen.dk/1st-retail/2026/22/65445/Netto222026-1_12_43x4830_1684x6827_zoom.jpg,2026-05-23,2026-05-29,https://res.cloudinary.com/dfqzmnlga/image/upload/v1779512545/2026-05-23/11126502.jpg
11128744,10.00,Harpic,Rengøringsmidler,WC-rens,1,0,stk.,Netto,https://static.tilbudsugen.dk/1st-retail/2026/22/65445/Netto222026-1_16_12x4693_1736x6860_zoom.jpg,2026-05-23,2026-05-29,https://res.cloudinary.com/dfqzmnlga/image/upload/v1779512545/2026-05-23/11128744.jpg
11128748,59.00,Biotex,Vaskemiddel,Vaskemiddel-flydende,1,1,fl.,Netto,https://static.tilbudsugen.dk/1st-retail/2026/22/65445/Netto222026-1_16_3238x4717_4908x6866_zoom.jpg,2026-05-23,2026-05-29,https://res.cloudinary.com/dfqzmnlga/image/upload/v1779512546/2026-05-23/11128748.jpg
11128745,35.00,Biotex,Vaskemiddel,Vaskemiddel-flydende,1,0,fl.,Netto,https://static.tilbudsugen.dk/1st-retail/2026/22/65445/Netto222026-1_16_1628x4765_3244x6866_zoom.jpg,2026-05-23,2026-05-29,https://res.cloudinary.com/dfqzmnlga/image/upload/v1779512546/2026-05-23/11128745.jpg
11125717,10.00,Murph,Kosttilskud,Træningstilskud,1,20,stk.,Netto,https://static.tilbudsugen.dk/1st-retail/2026/22/65445/Netto222026-1_9_86x3729_2440x6887_zoom.jpg,2026-05-23,2026-05-29,https://res.cloudinary.com/dfqzmnlga/image/upload/v1779512547/2026-05-23/11125717.jpg
11128741,85.00,Livol Multi,Vitaminer,Vitaminer,1,165,gl.,Netto,https://static.tilbudsugen.dk/1st-retail/2026/22/65445/Netto222026-1_16_12x688_2376x2598_zoom.jpg,2026-05-23,2026-05-29,https://res.cloudinary.com/dfqzmnlga/image/upload/v1779512547/2026-05-23/11128741.jpg
11128743,85.00,Livol Multi,Kosttilskud,Mineraler,1,165,bg.,Netto,https://static.tilbudsugen.dk/1st-retail/2026/22/65445/Netto222026-1_16_12x688_2376x2598_zoom.jpg,2026-05-23,2026-05-29,https://res.cloudinary.com/dfqzmnlga/image/upload/v1779512547/2026-05-23/11128743.jpg
11087720,20.00,Murph,Kosttilskud,Træningstilskud,1,20,stk.,Netto,https://static.tilbudsugen.dk/1st-retail/2026/19/65241/Netto182026-1_30_95x2432_1689x4634_zoom.jpg,2026-05-01,2026-05-31,https://res.cloudinary.com/dfqzmnlga/image/upload/v1779512548/2026-05-23/11087720.jpg
11087731,219.00,Murph,Kosttilskud,Træningstilskud,1,1,stk.,Netto,https://static.tilbudsugen.dk/1st-retail/2026/19/65241/Netto182026-1_30_3195x4647_4856x6795_zoom.jpg,2026-05-01,2026-05-31,https://res.cloudinary.com/dfqzmnlga/image/upload/v1779512548/2026-05-23/11087731.jpg
11087732,59.00,Murph,Kosttilskud,Træningstilskud,1,0,stk.,Netto,https://static.tilbudsugen.dk/1st-retail/2026/19/65241/Netto182026-1_30_1702x4701_3222x6748_zoom.jpg,2026-05-01,2026-05-31,https://res.cloudinary.com/dfqzmnlga/image/upload/v1779512548/2026-05-23/11087732.jpg
11128790,9.00,Hello Sensitive,Vådservietter,Vådservietter,1,100,pk.,Netto,https://static.tilbudsugen.dk/1st-retail/2026/22/65445/Netto222026-1_17_1694x18_4794x2550_zoom.jpg,2026-05-01,2026-05-31,https://res.cloudinary.com/dfqzmnlga/image/upload/v1779512549/2026-05-23/11128790.jpg
11128780,10.00,Lovena,Lommetørklæder,Lommetørklæder,1,100,pk.,Netto,https://static.tilbudsugen.dk/1st-retail/2026/22/65445/Netto222026-1_16_2071x533_4986x2652_zoom.jpg,2026-05-23,2026-05-29,https://res.cloudinary.com/dfqzmnlga/image/upload/v1779512549/2026-05-23/11128780.jpg
11128785,10.00,Nordic Spirit,"Sæbe, bad, dusch",Flydende sæbe,1,0,stk.,Netto,https://static.tilbudsugen.dk/1st-retail/2026/22/65445/Netto222026-1_16_2071x533_4986x2652_zoom.jpg,2026-05-23,2026-05-29,https://res.cloudinary.com/dfqzmnlga/image/upload/v1779512550/2026-05-23/11128785.jpg
11128786,10.00,Hairera,Balsam,Balsam,1,0,fl.,Netto,https://static.tilbudsugen.dk/1st-retail/2026/22/65445/Netto222026-1_16_2071x533_4986x2652_zoom.jpg,2026-05-23,2026-05-29,https://res.cloudinary.com/dfqzmnlga/image/upload/v1779512550/2026-05-23/11128786.jpg
11128789,10.00,Hairera,Shampoo,Shampoo,1,0,fl.,Netto,https://static.tilbudsugen.dk/1st-retail/2026/22/65445/Netto222026-1_16_2071x533_4986x2652_zoom.jpg,2026-05-23,2026-05-29,https://res.cloudinary.com/dfqzmnlga/image/upload/v1779512550/2026-05-23/11128789.jpg
11128771,13.00,Rexona,Deodorant,Deospray,1,0,stk.,Netto,https://static.tilbudsugen.dk/1st-retail/2026/22/65445/Netto222026-1_16_6x2670_2478x4729_zoom.jpg,2026-05-23,2026-05-29,https://res.cloudinary.com/dfqzmnlga/image/upload/v1779512551/2026-05-23/11128771.jpg
11128776,13.00,Rexona Men,Deodorant,Deospray,1,0,stk.,Netto,https://static.tilbudsugen.dk/1st-retail/2026/22/65445/Netto222026-1_16_6x2670_2478x4729_zoom.jpg,2026-05-23,2026-05-29,https://res.cloudinary.com/dfqzmnlga/image/upload/v1779512551/2026-05-23/11128776.jpg
11128757,22.00,Head&Shoulders,Shampoo,Shampoo,1,0,stk.,Netto,https://static.tilbudsugen.dk/1st-retail/2026/22/65445/Netto222026-1_16_2466x2622_4998x4663_zoom.jpg,2026-05-23,2026-05-29,https://res.cloudinary.com/dfqzmnlga/image/upload/v1779512551/2026-05-23/11128757.jpg
11128755,22.00,Axe,Deodorant,Deospray,1,0,stk.,Netto,https://static.tilbudsugen.dk/1st-retail/2026/22/65445/Netto222026-1_16_2466x2622_4998x4663_zoom.jpg,2026-05-23,2026-05-29,https://res.cloudinary.com/dfqzmnlga/image/upload/v1779512552/2026-05-23/11128755.jpg
11128750,22.00,Vaseline,Bodylotion,Vaseline,1,0,stk.,Netto,https://static.tilbudsugen.dk/1st-retail/2026/22/65445/Netto222026-1_16_2466x2622_4998x4663_zoom.jpg,2026-05-23,2026-05-29,https://res.cloudinary.com/dfqzmnlga/image/upload/v1779512552/2026-05-23/11128750.jpg
11128768,13.00,Rexona Men,Deodorant,Deo Roll-on,1,0,stk.,Netto,https://static.tilbudsugen.dk/1st-retail/2026/22/65445/Netto222026-1_16_6x2670_2478x4729_zoom.jpg,2026-05-23,2026-05-29,https://res.cloudinary.com/dfqzmnlga/image/upload/v1779512553/2026-05-23/11128768.jpg
11128764,13.00,Rexona,Deodorant,Deo Roll-on,1,0,stk.,Netto,https://static.tilbudsugen.dk/1st-retail/2026/22/65445/Netto222026-1_16_6x2670_2478x4729_zoom.jpg,2026-05-23,2026-05-29,https://res.cloudinary.com/dfqzmnlga/image/upload/v1779512553/2026-05-23/11128764.jpg
11128802,64.00,Hello Sensitive,Solbeskyttelse,Solcreme,1,0,stk.,Netto,https://static.tilbudsugen.dk/1st-retail/2026/22/65445/Netto222026-1_18_117x2447_2329x4647_zoom.jpg,2026-05-01,2026-05-31,https://res.cloudinary.com/dfqzmnlga/image/upload/v1779512553/2026-05-23/11128802.jpg
11128800,64.00,Hello Sensitive,Solbeskyttelse,Solcreme,1,0,stk.,Netto,https://static.tilbudsugen.dk/1st-retail/2026/22/65445/Netto222026-1_18_2940x210_4838x3224_zoom.jpg,2026-05-01,2026-05-31,https://res.cloudinary.com/dfqzmnlga/image/upload/v1779512554/2026-05-23/11128800.jpg
11128803,64.00,Hello Sensitive,Solbeskyttelse,Solcreme,1,0,stk.,Netto,https://static.tilbudsugen.dk/1st-retail/2026/22/65445/Netto222026-1_18_222x4697_2434x6737_zoom.jpg,2026-05-01,2026-05-31,https://res.cloudinary.com/dfqzmnlga/image/upload/v1779512554/2026-05-23/11128803.jpg
11128798,29.00,Hello Sensitive,Solbeskyttelse,Solcreme,1,0,stk.,Netto,https://static.tilbudsugen.dk/1st-retail/2026/22/65445/Netto222026-1_18_1578x136_3050x2478_zoom.jpg,2026-05-01,2026-05-31,https://res.cloudinary.com/dfqzmnlga/image/upload/v1779512554/2026-05-23/11128798.jpg
11087715,9.00,Hello Sensitive,Babypleje,Vådservietter,1,100,pk.,Netto,https://static.tilbudsugen.dk/1st-retail/2026/19/65241/Netto182026-1_29_1668x182_4903x2533_zoom.jpg,2026-05-01,2026-05-31,https://res.cloudinary.com/dfqzmnlga/image/upload/v1779512555/2026-05-23/11087715.jpg
11128792,49.00,Midi,Bleer,Bleer str 3 4-9 kg,1,56,pk.,Netto,https://static.tilbudsugen.dk/1st-retail/2026/22/65445/Netto222026-1_17_179x2465_4912x6761_zoom.jpg,2026-05-01,2026-05-31,https://res.cloudinary.com/dfqzmnlga/image/upload/v1779512555/2026-05-23/11128792.jpg
11087716,49.00,Midi,Bleer,Bleer str 3 4-9 kg,1,56,pk.,Netto,https://static.tilbudsugen.dk/1st-retail/2026/19/65241/Netto182026-1_29_2249x2520_4836x6735_zoom.jpg,2026-05-01,2026-05-31,https://res.cloudinary.com/dfqzmnlga/image/upload/v1779512556/2026-05-23/11087716.jpg
11087717,49.00,Maxi,Bleer,Bleer str 4 7-18 kg,1,50,pk.,Netto,https://static.tilbudsugen.dk/1st-retail/2026/19/65241/Netto182026-1_29_2249x2520_4836x6735_zoom.jpg,2026-05-01,2026-05-31,https://res.cloudinary.com/dfqzmnlga/image/upload/v1779512557/2026-05-23/11087717.jpg
11128794,49.00,Maxi,Bleer,Bleer str 4 7-18 kg,1,50,pk.,Netto,https://static.tilbudsugen.dk/1st-retail/2026/22/65445/Netto222026-1_17_179x2465_4912x6761_zoom.jpg,2026-05-01,2026-05-31,https://res.cloudinary.com/dfqzmnlga/image/upload/v1779512558/2026-05-23/11128794.jpg
11087718,49.00,Junior,Bleer,Bleer str 5 11-25 kg,1,44,pk.,Netto,https://static.tilbudsugen.dk/1st-retail/2026/19/65241/Netto182026-1_29_2249x2520_4836x6735_zoom.jpg,2026-05-01,2026-05-31,https://res.cloudinary.com/dfqzmnlga/image/upload/v1779512558/2026-05-23/11087718.jpg
11128795,49.00,Junior,Bleer,Bleer str 5 11-25 kg,1,44,pk.,Netto,https://static.tilbudsugen.dk/1st-retail/2026/22/65445/Netto222026-1_17_179x2465_4912x6761_zoom.jpg,2026-05-01,2026-05-31,https://res.cloudinary.com/dfqzmnlga/image/upload/v1779512559/2026-05-23/11128795.jpg
11087719,49.00,XL,Bleer,Bleer str 6 15-30 kg,1,40,pk.,Netto,https://static.tilbudsugen.dk/1st-retail/2026/19/65241/Netto182026-1_29_2249x2520_4836x6735_zoom.jpg,2026-05-01,2026-05-31,https://res.cloudinary.com/dfqzmnlga/image/upload/v1779512560/2026-05-23/11087719.jpg
11128796,49.00,XL,Bleer,Bleer str 6 15-30 kg,1,40,pk.,Netto,https://static.tilbudsugen.dk/1st-retail/2026/22/65445/Netto222026-1_17_179x2465_4912x6761_zoom.jpg,2026-05-01,2026-05-31,https://res.cloudinary.com/dfqzmnlga/image/upload/v1779512560/2026-05-23/11128796.jpg
11129016,199.00,,Diverse babyartikler,Aktivitetstæppe,1,0,stk.,Netto,https://static.tilbudsugen.dk/1st-retail/2026/22/65445/Netto222026-1_25_221x245_4651x3466_zoom.jpg,2026-05-23,2026-05-29,https://res.cloudinary.com/dfqzmnlga/image/upload/v1779512560/2026-05-23/11129016.jpg
11128850,99.00,,Lys/lyskæder,Lyskæder,1,0,stk.,Netto,https://static.tilbudsugen.dk/1st-retail/2026/22/65445/Netto222026-1_21_2532x3724_4818x6765_zoom.jpg,2026-05-23,2026-05-29,https://res.cloudinary.com/dfqzmnlga/image/upload/v1779512561/2026-05-23/11128850.jpg
11128851,99.00,,Lys/lyskæder,Lyskæder,1,0,stk.,Netto,https://static.tilbudsugen.dk/1st-retail/2026/22/65445/Netto222026-1_21_245x3759_2484x6842_zoom.jpg,2026-05-23,2026-05-29,https://res.cloudinary.com/dfqzmnlga/image/upload/v1779512561/2026-05-23/11128851.jpg
11128986,79.00,,Belysning indendørs,Væglampe,1,0,stk.,Netto,https://static.tilbudsugen.dk/1st-retail/2026/22/65445/Netto222026-1_24_221x2927_1730x4681_zoom.jpg,2026-05-23,2026-05-29,https://res.cloudinary.com/dfqzmnlga/image/upload/v1779512562/2026-05-23/11128986.jpg
11128980,79.00,,Belysning indendørs,LED lampe,1,0,stk.,Netto,https://static.tilbudsugen.dk/1st-retail/2026/22/65445/Netto222026-1_24_1744x240_4739x2379_zoom.jpg,2026-05-23,2026-05-29,https://res.cloudinary.com/dfqzmnlga/image/upload/v1779512563/2026-05-23/11128980.jpg
11074380,69.00,,Bestik,Bestik,1,8,pk.,Netto,https://static.tilbudsugen.dk/1st-retail/2026/18/65183/Netto172026-1_37_219x695_2359x2664_zoom.jpg,2026-04-25,2026-06-05,https://res.cloudinary.com/dfqzmnlga/image/upload/v1779512563/2026-05-23/11074380.jpg
11129043,30.00,,Køkkenartikler,Opbevaringsboks,1,3,pk.,Netto,https://static.tilbudsugen.dk/1st-retail/2026/22/65445/Netto222026-1_26_0x4508_4741x6765_zoom.jpg,2026-05-23,2026-05-29,https://res.cloudinary.com/dfqzmnlga/image/upload/v1779512563/2026-05-23/11129043.jpg
11129031,49.00,,Køkkenartikler,Opbevaringsdåse,1,3,ks,Netto,https://static.tilbudsugen.dk/1st-retail/2026/22/65445/Netto222026-1_26_192x251_2448x2395_zoom.jpg,2026-05-23,2026-05-29,https://res.cloudinary.com/dfqzmnlga/image/upload/v1779512564/2026-05-23/11129031.jpg
11128829,40.00,,Service,Æggebæger,1,2,pk.,Netto,https://static.tilbudsugen.dk/1st-retail/2026/22/65445/Netto222026-1_19_227x5112_2466x6651_zoom.jpg,2026-05-23,2026-05-29,https://res.cloudinary.com/dfqzmnlga/image/upload/v1779512564/2026-05-23/11128829.jpg
11128805,50.00,,"Skåle, fade og forme",Skålesæt,1,2,pk.,Netto,https://static.tilbudsugen.dk/1st-retail/2026/22/65445/Netto222026-1_19_2527x3563_4998x5048_zoom.jpg,2026-05-23,2026-05-29,https://res.cloudinary.com/dfqzmnlga/image/upload/v1779512564/2026-05-23/11128805.jpg
11128871,60.00,Fixer,Opbevaring,Møbelhund,1,1,stk.,Netto,https://static.tilbudsugen.dk/1st-retail/2026/22/65445/Netto222026-1_23_2514x5214_4753x6765_zoom.jpg,2026-05-23,2026-05-29,https://res.cloudinary.com/dfqzmnlga/image/upload/v1779512565/2026-05-23/11128871.jpg
11128814,50.00,,"Skåle, fade og forme",Fad,1,0,stk.,Netto,https://static.tilbudsugen.dk/1st-retail/2026/22/65445/Netto222026-1_19_245x3496_2538x5053_zoom.jpg,2026-05-23,2026-05-29,https://res.cloudinary.com/dfqzmnlga/image/upload/v1779512565/2026-05-23/11128814.jpg
11128827,40.00,,Service,Tallerken,1,0,stk.,Netto,https://static.tilbudsugen.dk/1st-retail/2026/22/65445/Netto222026-1_19_227x5112_2466x6651_zoom.jpg,2026-05-23,2026-05-29,https://res.cloudinary.com/dfqzmnlga/image/upload/v1779512566/2026-05-23/11128827.jpg
11129003,29.00,,Opbevaring,Opbevaringsboks,1,0,stk.,Netto,https://static.tilbudsugen.dk/1st-retail/2026/22/65445/Netto222026-1_24_1778x2442_3460x4669_zoom.jpg,2026-05-23,2026-05-29,https://res.cloudinary.com/dfqzmnlga/image/upload/v1779512566/2026-05-23/11129003.jpg
11129013,69.00,,Opbevaring,Opbevaringsboks,1,0,stk.,Netto,https://static.tilbudsugen.dk/1st-retail/2026/22/65445/Netto222026-1_24_233x4693_2358x6795_zoom.jpg,2026-05-23,2026-05-29,https://res.cloudinary.com/dfqzmnlga/image/upload/v1779512567/2026-05-23/11129013.jpg
11074385,69.00,,Boligtekstiler,Vattæppe,1,0,stk.,Netto,https://static.tilbudsugen.dk/1st-retail/2026/18/65183/Netto172026-1_37_2804x4432_4766x6541_zoom.jpg,2026-04-25,2026-06-05,https://res.cloudinary.com/dfqzmnlga/image/upload/v1779512567/2026-05-23/11074385.jpg
11074389,69.00,,"Skåle, fade og forme",Fad,1,0,stk.,Netto,https://static.tilbudsugen.dk/1st-retail/2026/18/65183/Netto172026-1_37_2499x634_4705x1932_zoom.jpg,2026-04-25,2026-06-05,https://res.cloudinary.com/dfqzmnlga/image/upload/v1779512568/2026-05-23/11074389.jpg
11128834,129.00,,Boligtekstiler,Picnictæppe,1,0,stk.,Netto,https://static.tilbudsugen.dk/1st-retail/2026/22/65445/Netto222026-1_20_269x245_4789x3101_zoom.jpg,2026-05-23,2026-05-29,https://res.cloudinary.com/dfqzmnlga/image/upload/v1779512568/2026-05-23/11128834.jpg
11129001,20.00,,Opbevaring,Opbevaringsboks,1,0,stk.,Netto,https://static.tilbudsugen.dk/1st-retail/2026/22/65445/Netto222026-1_24_1778x2442_3460x4669_zoom.jpg,2026-05-23,2026-05-29,https://res.cloudinary.com/dfqzmnlga/image/upload/v1779512569/2026-05-23/11129001.jpg
11129002,25.00,,Opbevaring,Opbevaringsboks,1,0,stk.,Netto,https://static.tilbudsugen.dk/1st-retail/2026/22/65445/Netto222026-1_24_1778x2442_3460x4669_zoom.jpg,2026-05-23,2026-05-29,https://res.cloudinary.com/dfqzmnlga/image/upload/v1779512569/2026-05-23/11129002.jpg
11129009,40.00,,Opbevaring,Opbevaringsboks,1,0,stk.,Netto,https://static.tilbudsugen.dk/1st-retail/2026/22/65445/Netto222026-1_24_233x4693_2358x6795_zoom.jpg,2026-05-23,2026-05-29,https://res.cloudinary.com/dfqzmnlga/image/upload/v1779512569/2026-05-23/11129009.jpg
11129034,79.00,,Køkkenartikler,Køkkenvægt,1,0,stk.,Netto,https://static.tilbudsugen.dk/1st-retail/2026/22/65445/Netto222026-1_26_257x2472_2532x4466_zoom.jpg,2026-05-23,2026-05-29,https://res.cloudinary.com/dfqzmnlga/image/upload/v1779512570/2026-05-23/11129034.jpg
11129039,25.00,,Toiletartikler,Sæbedispenser,1,0,stk.,Netto,https://static.tilbudsugen.dk/1st-retail/2026/22/65445/Netto222026-1_26_2550x275_4741x2424_zoom.jpg,2026-05-23,2026-05-29,https://res.cloudinary.com/dfqzmnlga/image/upload/v1779512570/2026-05-23/11129039.jpg
11074391,30.00,,Service,Tallerken,1,0,stk.,Netto,https://static.tilbudsugen.dk/1st-retail/2026/18/65183/Netto172026-1_37_2121x1938_4797x4401_zoom.jpg,2026-04-25,2026-06-05,https://res.cloudinary.com/dfqzmnlga/image/upload/v1779512570/2026-05-23/11074391.jpg
11128807,25.00,,Boligtekstiler,Dækkeserviet,1,0,stk.,Netto,https://static.tilbudsugen.dk/1st-retail/2026/22/65445/Netto222026-1_19_2502x5136_4729x6657_zoom.jpg,2026-05-23,2026-05-29,https://res.cloudinary.com/dfqzmnlga/image/upload/v1779512571/2026-05-23/11128807.jpg
11128825,69.00,,Boligtekstiler,Puder,1,0,stk.,Netto,https://static.tilbudsugen.dk/1st-retail/2026/22/65445/Netto222026-1_19_215x359_4794x3520_zoom.jpg,2026-05-23,2026-05-29,https://res.cloudinary.com/dfqzmnlga/image/upload/v1779512571/2026-05-23/11128825.jpg
11128867,99.00,,Boligartikler,Nøgleboks,1,0,stk.,Netto,https://static.tilbudsugen.dk/1st-retail/2026/22/65445/Netto222026-1_23_78x3508_2490x5214_zoom.jpg,2026-05-23,2026-05-29,https://res.cloudinary.com/dfqzmnlga/image/upload/v1779512571/2026-05-23/11128867.jpg
11074393,29.00,,Boligtekstiler,Dækkeserviet,1,0,stk.,Netto,https://static.tilbudsugen.dk/1st-retail/2026/18/65183/Netto172026-1_37_2121x1938_4797x4401_zoom.jpg,2026-04-25,2026-06-05,https://res.cloudinary.com/dfqzmnlga/image/upload/v1779512572/2026-05-23/11074393.jpg
11128816,50.00,,Køkkenartikler,Smørboks,1,0,stk.,Netto,https://static.tilbudsugen.dk/1st-retail/2026/22/65445/Netto222026-1_19_245x3496_2538x5053_zoom.jpg,2026-05-23,2026-05-29,https://res.cloudinary.com/dfqzmnlga/image/upload/v1779512572/2026-05-23/11128816.jpg
11128998,10.00,,Opbevaring,Opbevaringsboks,1,0,stk.,Netto,https://static.tilbudsugen.dk/1st-retail/2026/22/65445/Netto222026-1_24_1778x2442_3460x4669_zoom.jpg,2026-05-23,2026-05-29,https://res.cloudinary.com/dfqzmnlga/image/upload/v1779512572/2026-05-23/11128998.jpg
11074319,169.00,,Boligtekstiler,Sengesæt,1,0,stk.,Netto,https://static.tilbudsugen.dk/1st-retail/2026/18/65183/Netto172026-1_37_219x4450_2724x6584_zoom.jpg,2026-04-25,2026-06-05,https://res.cloudinary.com/dfqzmnlga/image/upload/v1779512573/2026-05-23/11074319.jpg
11074387,39.00,,Boligtekstiler,Siddepude,1,0,stk.,Netto,https://static.tilbudsugen.dk/1st-retail/2026/18/65183/Netto172026-1_37_183x2713_2121x4413_zoom.jpg,2026-04-25,2026-06-05,https://res.cloudinary.com/dfqzmnlga/image/upload/v1779512573/2026-05-23/11074387.jpg
11128804,40.00,,"Skåle, fade og forme",Skål,1,0,stk.,Netto,https://static.tilbudsugen.dk/1st-retail/2026/22/65445/Netto222026-1_19_2527x3563_4998x5048_zoom.jpg,2026-05-23,2026-05-29,https://res.cloudinary.com/dfqzmnlga/image/upload/v1779512573/2026-05-23/11128804.jpg
11128808,40.00,,Service,Tallerken,1,0,stk.,Netto,https://static.tilbudsugen.dk/1st-retail/2026/22/65445/Netto222026-1_19_245x3496_2538x5053_zoom.jpg,2026-05-23,2026-05-29,https://res.cloudinary.com/dfqzmnlga/image/upload/v1779512574/2026-05-23/11128808.jpg
11128836,59.00,,Boligtekstiler,Plaid,1,0,stk.,Netto,https://static.tilbudsugen.dk/1st-retail/2026/22/65445/Netto222026-1_20_1790x3209_4860x4849_zoom.jpg,2026-05-23,2026-05-29,https://res.cloudinary.com/dfqzmnlga/image/upload/v1779512574/2026-05-23/11128836.jpg
11128848,69.00,,Boligtekstiler,Badelagen,1,0,stk.,Netto,https://static.tilbudsugen.dk/1st-retail/2026/22/65445/Netto222026-1_21_174x216_4657x3700_zoom.jpg,2026-05-23,2026-05-29,https://res.cloudinary.com/dfqzmnlga/image/upload/v1779512574/2026-05-23/11128848.jpg
11129011,60.00,,Opbevaring,Opbevaringsboks,1,0,stk.,Netto,https://static.tilbudsugen.dk/1st-retail/2026/22/65445/Netto222026-1_24_233x4693_2358x6795_zoom.jpg,2026-05-23,2026-05-29,https://res.cloudinary.com/dfqzmnlga/image/upload/v1779512575/2026-05-23/11129011.jpg
11128984,139.00,,Reoler & hylder,Opbevaringsreol,1,0,stk.,Netto,https://static.tilbudsugen.dk/1st-retail/2026/22/65445/Netto222026-1_24_2422x4727_4819x6817_zoom.jpg,2026-05-23,2026-05-29,https://res.cloudinary.com/dfqzmnlga/image/upload/v1779512575/2026-05-23/11128984.jpg
11128843,199.00,,Senge,Madras,1,0,stk.,Netto,https://static.tilbudsugen.dk/1st-retail/2026/22/65445/Netto222026-1_20_1742x4903_4818x6812_zoom.jpg,2026-05-23,2026-05-29,https://res.cloudinary.com/dfqzmnlga/image/upload/v1779512575/2026-05-23/11128843.jpg
11128823,299.00,,Havemøbler,Havebænk,1,0,stk.,Netto,https://static.tilbudsugen.dk/1st-retail/2026/22/65445/Netto222026-1_19_215x359_4794x3520_zoom.jpg,2026-05-23,2026-05-29,https://res.cloudinary.com/dfqzmnlga/image/upload/v1779512576/2026-05-23/11128823.jpg
11128866,399.00,,Diverse elartikler,Tæpperenser,1,0,stk.,Netto,https://static.tilbudsugen.dk/1st-retail/2026/22/65445/Netto222026-1_23_138x569_3160x3448_zoom.jpg,2026-05-23,2026-05-29,https://res.cloudinary.com/dfqzmnlga/image/upload/v1779512576/2026-05-23/11128866.jpg
11129037,149.00,,Diverse elartikler,Blodtryksmåler,1,0,stk.,Netto,https://static.tilbudsugen.dk/1st-retail/2026/22/65445/Netto222026-1_26_2406x2424_4860x4430_zoom.jpg,2026-05-23,2026-05-29,https://res.cloudinary.com/dfqzmnlga/image/upload/v1779512576/2026-05-23/11129037.jpg
11128860,18.00,Planteliv,"Muld, spagnum, flis m.m.",Blomsterjord,1,17,sæk,Netto,https://static.tilbudsugen.dk/1st-retail/2026/22/65445/Netto222026-1_22_299x2490_1652x4562_zoom.jpg,2026-05-23,2026-05-29,https://res.cloudinary.com/dfqzmnlga/image/upload/v1779512577/2026-05-23/11128860.jpg
11128858,139.00,,"Planter, buske & træer",Planter,1,0,stk.,Netto,https://static.tilbudsugen.dk/1st-retail/2026/22/65445/Netto222026-1_22_275x4651_3328x6777_zoom.jpg,2026-05-23,2026-05-29,https://res.cloudinary.com/dfqzmnlga/image/upload/v1779512577/2026-05-23/11128858.jpg
11074383,39.00,,"Potter, skjulere m.m.",Urtepotteskjuler,1,0,stk.,Netto,https://static.tilbudsugen.dk/1st-retail/2026/18/65183/Netto172026-1_37_219x695_2359x2664_zoom.jpg,2026-04-25,2026-06-05,https://res.cloudinary.com/dfqzmnlga/image/upload/v1779512578/2026-05-23/11074383.jpg
11128852,25.00,,"Planter, buske & træer",Planter,1,0,stk.,Netto,https://static.tilbudsugen.dk/1st-retail/2026/22/65445/Netto222026-1_22_54x60_2514x2454_zoom.jpg,2026-05-23,2026-05-29,https://res.cloudinary.com/dfqzmnlga/image/upload/v1779512578/2026-05-23/11128852.jpg
11128855,29.00,,"Planter, buske & træer",Krydderurter,1,0,stk.,Netto,https://static.tilbudsugen.dk/1st-retail/2026/22/65445/Netto222026-1_22_1682x2466_4747x4621_zoom.jpg,2026-05-23,2026-05-29,https://res.cloudinary.com/dfqzmnlga/image/upload/v1779512578/2026-05-23/11128855.jpg
11074382,29.00,,"Potter, skjulere m.m.",Urtepotteskjuler,1,0,stk.,Netto,https://static.tilbudsugen.dk/1st-retail/2026/18/65183/Netto172026-1_37_219x695_2359x2664_zoom.jpg,2026-04-25,2026-06-05,https://res.cloudinary.com/dfqzmnlga/image/upload/v1779512579/2026-05-23/11074382.jpg
11128847,59.00,,"Potter, skjulere m.m.",Urtepotteskjuler,1,0,stk.,Netto,https://static.tilbudsugen.dk/1st-retail/2026/22/65445/Netto222026-1_20_186x3149_1778x6759_zoom.jpg,2026-05-23,2026-05-29,https://res.cloudinary.com/dfqzmnlga/image/upload/v1779512579/2026-05-23/11128847.jpg
11128853,40.00,,"Planter, buske & træer",Planter,1,0,stk.,Netto,https://static.tilbudsugen.dk/1st-retail/2026/22/65445/Netto222026-1_22_2544x233_4705x2407_zoom.jpg,2026-05-23,2026-05-29,https://res.cloudinary.com/dfqzmnlga/image/upload/v1779512579/2026-05-23/11128853.jpg
11129023,30.00,,Baby,Babylegetøj,1,0,stk.,Netto,https://static.tilbudsugen.dk/1st-retail/2026/22/65445/Netto222026-1_25_1784x3532_3226x5196_zoom.jpg,2026-05-23,2026-05-29,https://res.cloudinary.com/dfqzmnlga/image/upload/v1779512580/2026-05-23/11129023.jpg
11129021,40.00,,Kreativitetslegetøj & puslespil,Modellervoks,1,0,pk.,Netto,https://static.tilbudsugen.dk/1st-retail/2026/22/65445/Netto222026-1_25_174x5196_2388x6824_zoom.jpg,2026-05-23,2026-05-29,https://res.cloudinary.com/dfqzmnlga/image/upload/v1779512580/2026-05-23/11129021.jpg
11129022,40.00,,Kreativitetslegetøj & puslespil,Kreativt legetøj,1,0,stk.,Netto,https://static.tilbudsugen.dk/1st-retail/2026/22/65445/Netto222026-1_25_174x5196_2388x6824_zoom.jpg,2026-05-23,2026-05-29,https://res.cloudinary.com/dfqzmnlga/image/upload/v1779512580/2026-05-23/11129022.jpg
11129024,40.00,,"Biler, tog",Bilbane,1,0,stk.,Netto,https://static.tilbudsugen.dk/1st-retail/2026/22/65445/Netto222026-1_25_3160x3472_4800x5154_zoom.jpg,2026-05-23,2026-05-29,https://res.cloudinary.com/dfqzmnlga/image/upload/v1779512581/2026-05-23/11129024.jpg
11129025,99.00,,Byggeklodser,Byggeklodser,1,0,stk.,Netto,https://static.tilbudsugen.dk/1st-retail/2026/22/65445/Netto222026-1_25_2340x5160_4872x6848_zoom.jpg,2026-05-23,2026-05-29,https://res.cloudinary.com/dfqzmnlga/image/upload/v1779512581/2026-05-23/11129025.jpg
11129019,79.00,,Batteridrevet legetøj,Interaktiv Legetøj,1,0,stk.,Netto,https://static.tilbudsugen.dk/1st-retail/2026/22/65445/Netto222026-1_25_227x3478_1844x5172_zoom.jpg,2026-05-23,2026-05-29,https://res.cloudinary.com/dfqzmnlga/image/upload/v1779512582/2026-05-23/11129019.jpg
11129026,99.00,,Diverse legetøj,Legemåtte,1,0,stk.,Netto,https://static.tilbudsugen.dk/1st-retail/2026/22/65445/Netto222026-1_25_2340x5160_4872x6848_zoom.jpg,2026-05-23,2026-05-29,https://res.cloudinary.com/dfqzmnlga/image/upload/v1779512582/2026-05-23/11129026.jpg
11128873,30.00,,Værktøj,Unbrakonøgle,1,9,pk.,Netto,https://static.tilbudsugen.dk/1st-retail/2026/22/65445/Netto222026-1_23_3232x1892_4741x3466_zoom.jpg,2026-05-23,2026-05-29,https://res.cloudinary.com/dfqzmnlga/image/upload/v1779512582/2026-05-23/11128873.jpg
11128861,109.00,,Skadedyrsbekæmpelse,Myregift,1,0,ds.,Netto,https://static.tilbudsugen.dk/1st-retail/2026/22/65445/Netto222026-1_22_3364x4627_4687x6753_zoom.jpg,2026-05-23,2026-05-29,https://res.cloudinary.com/dfqzmnlga/image/upload/v1779512582/2026-05-23/11128861.jpg
11129005,60.00,,Haven,Affaldsstativ,1,0,stk.,Netto,https://static.tilbudsugen.dk/1st-retail/2026/22/65445/Netto222026-1_24_239x239_1706x2903_zoom.jpg,2026-05-23,2026-05-29,https://res.cloudinary.com/dfqzmnlga/image/upload/v1779512583/2026-05-23/11129005.jpg
11128982,149.00,,Diverse byggemarked,Trappestige,1,0,stk.,Netto,https://static.tilbudsugen.dk/1st-retail/2026/22/65445/Netto222026-1_24_3463x2422_4967x4660_zoom.jpg,2026-05-23,2026-05-29,https://res.cloudinary.com/dfqzmnlga/image/upload/v1779512583/2026-05-23/11128982.jpg
11129014,199.00,,Diverse byggemarked,Reol,1,0,stk.,Netto,https://static.tilbudsugen.dk/1st-retail/2026/22/65445/Netto222026-1_24_233x4693_2358x6795_zoom.jpg,2026-05-23,2026-05-29,https://res.cloudinary.com/dfqzmnlga/image/upload/v1779512583/2026-05-23/11129014.jpg
11128974,25.00,,Værktøj,Stålbørste,1,0,stk.,Netto,https://static.tilbudsugen.dk/1st-retail/2026/22/65445/Netto222026-1_23_2508x3520_4717x5166_zoom.jpg,2026-05-23,2026-05-29,https://res.cloudinary.com/dfqzmnlga/image/upload/v1779512584/2026-05-23/11128974.jpg
11128868,25.00,,Døre og vinduer,Dørstopper,1,0,stk.,Netto,https://static.tilbudsugen.dk/1st-retail/2026/22/65445/Netto222026-1_23_198x5232_2460x6783_zoom.jpg,2026-05-23,2026-05-29,https://res.cloudinary.com/dfqzmnlga/image/upload/v1779512584/2026-05-23/11128868.jpg
11128874,30.00,,Autotilbehør,Bagagestropper,1,8,pk.,Netto,https://static.tilbudsugen.dk/1st-retail/2026/22/65445/Netto222026-1_23_3202x126_4926x1910_zoom.jpg,2026-05-23,2026-05-29,https://res.cloudinary.com/dfqzmnlga/image/upload/v1779512585/2026-05-23/11128874.jpg
