data_id,price,brand,category,product_name,units,quantity,unit_type,store_name,image_url,start_date,end_date,public_urls
11018656,5.00,DKI,Husholdningsartikler,Affaldsposer,1,20,pk.,Netto,https://static.tilbudsugen.dk/1st-retail/2026/13/64896/Netto122026-1_25_0x839_1732x2841_zoom.jpg,2026-03-21,2026-03-27,https://res.cloudinary.com/dfqzmnlga/image/upload/v1774064596/2026-03-21/11018656.jpg
11018597,20.00,Planteliv,"Muld, spagnum, flis m.m.",Plantesæk,1,40,sæk,Netto,https://static.tilbudsugen.dk/1st-retail/2026/13/64896/Netto122026-1_31_2636x3574_4768x5184_zoom.jpg,2026-03-21,2026-03-27,https://res.cloudinary.com/dfqzmnlga/image/upload/v1774064597/2026-03-21/11018597.jpg
11018575,12.00,Pickwick,Te,Variation Box Tebreve,1,20,pk.,Netto,https://static.tilbudsugen.dk/1st-retail/2026/13/64896/Netto122026-1_23_3284x3500_4890x6833_zoom.jpg,2026-03-21,2026-03-27,https://res.cloudinary.com/dfqzmnlga/image/upload/v1774064597/2026-03-21/11018575.jpg
11018574,12.00,Pickwick,Te,Earl Grey Tebreve,1,20,pk.,Netto,https://static.tilbudsugen.dk/1st-retail/2026/13/64896/Netto122026-1_23_3284x3500_4890x6833_zoom.jpg,2026-03-21,2026-03-27,https://res.cloudinary.com/dfqzmnlga/image/upload/v1774064597/2026-03-21/11018574.jpg
11018570,12.00,Pickwick,Te,Green Tea Lemon Tebreve,1,20,pk.,Netto,https://static.tilbudsugen.dk/1st-retail/2026/13/64896/Netto122026-1_23_3284x3500_4890x6833_zoom.jpg,2026-03-21,2026-03-27,https://res.cloudinary.com/dfqzmnlga/image/upload/v1774064598/2026-03-21/11018570.jpg
11018577,12.00,Pickwick,Te,Forest Fruit Tebreve,1,20,pk.,Netto,https://static.tilbudsugen.dk/1st-retail/2026/13/64896/Netto122026-1_23_3284x3500_4890x6833_zoom.jpg,2026-03-21,2026-03-27,https://res.cloudinary.com/dfqzmnlga/image/upload/v1774064598/2026-03-21/11018577.jpg
11018579,12.00,Pickwick,Te,Ginger Goodness Lemon Tebreve,1,15,pk.,Netto,https://static.tilbudsugen.dk/1st-retail/2026/13/64896/Netto122026-1_23_3284x3500_4890x6833_zoom.jpg,2026-03-21,2026-03-27,https://res.cloudinary.com/dfqzmnlga/image/upload/v1774064599/2026-03-21/11018579.jpg
11018598,36.00,Planteliv,"Muld, spagnum, flis m.m.",Plantejord,1,40,sæk,Netto,https://static.tilbudsugen.dk/1st-retail/2026/13/64896/Netto122026-1_31_2601x5140_4750x6821_zoom.jpg,2026-03-21,2026-03-27,https://res.cloudinary.com/dfqzmnlga/image/upload/v1774064599/2026-03-21/11018598.jpg
11018609,30.00,,Hobbyartikler,Farveblyanter,1,24,pk.,Netto,https://static.tilbudsugen.dk/1st-retail/2026/13/64896/Netto122026-1_33_1778x292_3167x2477_zoom.jpg,2026-03-21,2026-03-27,https://res.cloudinary.com/dfqzmnlga/image/upload/v1774064600/2026-03-21/11018609.jpg
11018695,55.00,Comfort,Bleer,Bleer str 5 9-14 kg,1,34,pk.,Netto,https://static.tilbudsugen.dk/1st-retail/2026/13/64896/Netto122026-1_25_3356x4825_4938x6833_zoom.jpg,2026-03-21,2026-03-27,https://res.cloudinary.com/dfqzmnlga/image/upload/v1774064600/2026-03-21/11018695.jpg
11018614,30.00,,Skriveartikler,Tusser,1,18,stk.,Netto,https://static.tilbudsugen.dk/1st-retail/2026/13/64896/Netto122026-1_33_1734x4733_3220x6768_zoom.jpg,2026-03-21,2026-03-27,https://res.cloudinary.com/dfqzmnlga/image/upload/v1774064601/2026-03-21/11018614.jpg
11018694,55.00,Comfort,Bleer,Bleer str 6 13-20 kg,1,32,pk.,Netto,https://static.tilbudsugen.dk/1st-retail/2026/13/64896/Netto122026-1_25_3356x4825_4938x6833_zoom.jpg,2026-03-21,2026-03-27,https://res.cloudinary.com/dfqzmnlga/image/upload/v1774064601/2026-03-21/11018694.jpg
11018599,30.00,Planteliv,"Muld, spagnum, flis m.m.",Blomsterjord,1,17,sæk,Netto,https://static.tilbudsugen.dk/1st-retail/2026/13/64896/Netto122026-1_31_363x5255_2618x6715_zoom.jpg,2026-03-21,2026-03-27,https://res.cloudinary.com/dfqzmnlga/image/upload/v1774064602/2026-03-21/11018599.jpg
11018400,18.00,DAVA Foods,Skalæg,Frilandsæg S/M/L,1,10,bk.,Netto,https://static.tilbudsugen.dk/1st-retail/2026/13/64896/Netto122026-1_14_3282x2840_4901x4972_zoom.jpg,2026-03-21,2026-03-27,https://res.cloudinary.com/dfqzmnlga/image/upload/v1774064602/2026-03-21/11018400.jpg
11018344,15.00,,Frugt,Æbler,1,8,bk.,Netto,https://static.tilbudsugen.dk/1st-retail/2026/13/64896/Netto122026-1_13_44x584_2512x2928_zoom.jpg,2026-03-21,2026-03-27,https://res.cloudinary.com/dfqzmnlga/image/upload/v1774064603/2026-03-21/11018344.jpg
11018696,55.00,Up&Go,Bleer,Bleer str 6 Pants 13-20 kg,1,27,pk.,Netto,https://static.tilbudsugen.dk/1st-retail/2026/13/64896/Netto122026-1_25_3356x4825_4938x6833_zoom.jpg,2026-03-21,2026-03-27,https://res.cloudinary.com/dfqzmnlga/image/upload/v1774064603/2026-03-21/11018696.jpg
11018693,55.00,Comfort,Bleer,Bleer str 4 7-11 kg,1,26,pk.,Netto,https://static.tilbudsugen.dk/1st-retail/2026/13/64896/Netto122026-1_25_3356x4825_4938x6833_zoom.jpg,2026-03-21,2026-03-27,https://res.cloudinary.com/dfqzmnlga/image/upload/v1774064603/2026-03-21/11018693.jpg
11018670,35.00,Lambi,Husholdningspapir,Toiletpapir,1,16,pk.,Netto,https://static.tilbudsugen.dk/1st-retail/2026/13/64896/Netto122026-1_25_1672x5047_3326x6857_zoom.jpg,2026-03-21,2026-03-27,https://res.cloudinary.com/dfqzmnlga/image/upload/v1774064604/2026-03-21/11018670.jpg
11018429,18.00,DAVA Foods,Skalæg,Gårdæg M/L,1,8,bk.,Netto,https://static.tilbudsugen.dk/1st-retail/2026/13/64896/Netto122026-1_14_3282x2840_4901x4972_zoom.jpg,2026-03-21,2026-03-27,https://res.cloudinary.com/dfqzmnlga/image/upload/v1774064604/2026-03-21/11018429.jpg
11018681,20.00,Tri Force,Rengøringsmidler,WC-flush,1,8,pk.,Netto,https://static.tilbudsugen.dk/1st-retail/2026/13/64896/Netto122026-1_25_1690x2835_3260x4945_zoom.jpg,2026-03-21,2026-03-27,https://res.cloudinary.com/dfqzmnlga/image/upload/v1774064605/2026-03-21/11018681.jpg
11018528,25.00,Espresso Supremo,Kapselkaffe,Kaffekapsler,1,10,pk.,Netto,https://static.tilbudsugen.dk/1st-retail/2026/13/64896/Netto122026-1_22_30x3434_2445x5130_zoom.jpg,2026-03-21,2026-03-27,https://res.cloudinary.com/dfqzmnlga/image/upload/v1774064605/2026-03-21/11018528.jpg
11018518,25.00,Espresso Ristretto,Kapselkaffe,Kaffekapsler,1,10,pk.,Netto,https://static.tilbudsugen.dk/1st-retail/2026/13/64896/Netto122026-1_22_30x3434_2445x5130_zoom.jpg,2026-03-21,2026-03-27,https://res.cloudinary.com/dfqzmnlga/image/upload/v1774064605/2026-03-21/11018518.jpg
11018533,25.00,Qualita Oro,Kapselkaffe,Kaffekapsler,1,10,pk.,Netto,https://static.tilbudsugen.dk/1st-retail/2026/13/64896/Netto122026-1_22_30x3434_2445x5130_zoom.jpg,2026-03-21,2026-03-27,https://res.cloudinary.com/dfqzmnlga/image/upload/v1774064606/2026-03-21/11018533.jpg
11018615,30.00,,Skriveartikler,Blyant,1,12,stk.,Netto,https://static.tilbudsugen.dk/1st-retail/2026/13/64896/Netto122026-1_33_301x4707_1672x6777_zoom.jpg,2026-03-21,2026-03-27,https://res.cloudinary.com/dfqzmnlga/image/upload/v1774064607/2026-03-21/11018615.jpg
11018529,25.00,Espresso Lungo Profondo,Kapselkaffe,Kaffekapsler,1,10,pk.,Netto,https://static.tilbudsugen.dk/1st-retail/2026/13/64896/Netto122026-1_22_30x3434_2445x5130_zoom.jpg,2026-03-21,2026-03-27,https://res.cloudinary.com/dfqzmnlga/image/upload/v1774064607/2026-03-21/11018529.jpg
11018531,25.00,Tierra For Planet,Kapselkaffe,Kaffekapsler,1,10,pk.,Netto,https://static.tilbudsugen.dk/1st-retail/2026/13/64896/Netto122026-1_22_30x3434_2445x5130_zoom.jpg,2026-03-21,2026-03-27,https://res.cloudinary.com/dfqzmnlga/image/upload/v1774064607/2026-03-21/11018531.jpg
11018672,25.00,A+,Vaskemiddel,Vaskemiddel-tabs,1,10,pk.,Netto,https://static.tilbudsugen.dk/1st-retail/2026/13/64896/Netto122026-1_25_3290x2955_4956x4843_zoom.jpg,2026-03-21,2026-03-27,https://res.cloudinary.com/dfqzmnlga/image/upload/v1774064608/2026-03-21/11018672.jpg
11018618,30.00,,Skriveartikler,Skriveartikler,1,9,pk.,Netto,https://static.tilbudsugen.dk/1st-retail/2026/13/64896/Netto122026-1_33_1778x292_3167x2477_zoom.jpg,2026-03-21,2026-03-27,https://res.cloudinary.com/dfqzmnlga/image/upload/v1774064608/2026-03-21/11018618.jpg
11018488,49.00,Mars,Multipak,Issnacks,1,12,pk.,Netto,https://static.tilbudsugen.dk/1st-retail/2026/13/64896/Netto122026-1_16_3317x2769_4909x4866_zoom.jpg,2026-03-21,2026-03-27,https://res.cloudinary.com/dfqzmnlga/image/upload/v1774064609/2026-03-21/11018488.jpg
11018493,49.00,Snickers,Multipak,Issnacks,1,12,pk.,Netto,https://static.tilbudsugen.dk/1st-retail/2026/13/64896/Netto122026-1_16_3317x2769_4909x4866_zoom.jpg,2026-03-21,2026-03-27,https://res.cloudinary.com/dfqzmnlga/image/upload/v1774064609/2026-03-21/11018493.jpg
10970424,59.00,,Syartikler,Hæklenåle,1,12,pk.,Netto,https://static.tilbudsugen.dk/1st-retail/2026/9/64663/Netto82026-1_37_2528x4751_4998x6595_zoom.jpg,2026-02-21,2026-03-27,https://res.cloudinary.com/dfqzmnlga/image/upload/v1774064610/2026-03-21/10970424.jpg
10970422,59.00,,Garn,Strikkepinde,1,10,pk.,Netto,https://static.tilbudsugen.dk/1st-retail/2026/9/64663/Netto82026-1_37_2528x4751_4998x6595_zoom.jpg,2026-02-21,2026-03-27,https://res.cloudinary.com/dfqzmnlga/image/upload/v1774064610/2026-03-21/10970422.jpg
11018259,9.00,0 Kalorier Lemonade,Sodavand,Sodavand,1,1,fl.,Netto,https://static.tilbudsugen.dk/1st-retail/2026/13/64896/Netto122026-1_1_2517x1337_4860x4046_zoom.jpg,2026-03-21,2026-03-27,https://res.cloudinary.com/dfqzmnlga/image/upload/v1774064610/2026-03-21/11018259.jpg
11018256,9.00,0 Kalorier,Sodavand,Sportssodavand,1,1,fl.,Netto,https://static.tilbudsugen.dk/1st-retail/2026/13/64896/Netto122026-1_1_2517x1337_4860x4046_zoom.jpg,2026-03-21,2026-03-27,https://res.cloudinary.com/dfqzmnlga/image/upload/v1774064611/2026-03-21/11018256.jpg
11018257,9.00,Faxe Kondi,Sodavand,Sportssodavand,1,1,fl.,Netto,https://static.tilbudsugen.dk/1st-retail/2026/13/64896/Netto122026-1_1_2517x1337_4860x4046_zoom.jpg,2026-03-21,2026-03-27,https://res.cloudinary.com/dfqzmnlga/image/upload/v1774064611/2026-03-21/11018257.jpg
11018258,9.00,Eksotisk,Sodavand,Sportssodavand,1,1,fl.,Netto,https://static.tilbudsugen.dk/1st-retail/2026/13/64896/Netto122026-1_1_2517x1337_4860x4046_zoom.jpg,2026-03-21,2026-03-27,https://res.cloudinary.com/dfqzmnlga/image/upload/v1774064612/2026-03-21/11018258.jpg
11018260,9.00,Pepsi Max,Sodavand,Cola,1,1,fl.,Netto,https://static.tilbudsugen.dk/1st-retail/2026/13/64896/Netto122026-1_1_2517x1337_4860x4046_zoom.jpg,2026-03-21,2026-03-27,https://res.cloudinary.com/dfqzmnlga/image/upload/v1774064612/2026-03-21/11018260.jpg
11018617,30.00,,Skriveartikler,Gelpenne,1,4,pk.,Netto,https://static.tilbudsugen.dk/1st-retail/2026/13/64896/Netto122026-1_33_1778x292_3167x2477_zoom.jpg,2026-03-21,2026-03-27,https://res.cloudinary.com/dfqzmnlga/image/upload/v1774064613/2026-03-21/11018617.jpg
11018353,8.00,,Grønt,Gulerødder,1,1,ps.,Netto,https://static.tilbudsugen.dk/1st-retail/2026/13/64896/Netto122026-1_13_9x4866_2486x6892_zoom.jpg,2026-03-21,2026-03-27,https://res.cloudinary.com/dfqzmnlga/image/upload/v1774064613/2026-03-21/11018353.jpg
11018506,49.00,Magnum,Multipak,Crunchy Salted Caramel Isvafler,1,6,pk.,Netto,https://static.tilbudsugen.dk/1st-retail/2026/13/64896/Netto122026-1_16_3317x2769_4909x4866_zoom.jpg,2026-03-21,2026-03-27,https://res.cloudinary.com/dfqzmnlga/image/upload/v1774064613/2026-03-21/11018506.jpg
11018276,69.00,Coca Cola Zero,Sodavand,Cola 24 pk.,24,0,ds.,Netto,https://static.tilbudsugen.dk/1st-retail/2026/13/64896/Netto122026-1_2_2331x4891_4866x6839_zoom.jpg,2026-03-21,2026-03-27,https://res.cloudinary.com/dfqzmnlga/image/upload/v1774064614/2026-03-21/11018276.jpg
11018268,69.00,Orange,Sodavand,Appelsinsodavand 24 pk.,24,0,ds.,Netto,https://static.tilbudsugen.dk/1st-retail/2026/13/64896/Netto122026-1_2_2331x4891_4866x6839_zoom.jpg,2026-03-21,2026-03-27,https://res.cloudinary.com/dfqzmnlga/image/upload/v1774064614/2026-03-21/11018268.jpg
11018274,69.00,Zero,Sodavand,Sportssodavand 24 pk.,24,0,ds.,Netto,https://static.tilbudsugen.dk/1st-retail/2026/13/64896/Netto122026-1_2_2331x4891_4866x6839_zoom.jpg,2026-03-21,2026-03-27,https://res.cloudinary.com/dfqzmnlga/image/upload/v1774064615/2026-03-21/11018274.jpg
11018275,69.00,Coca Cola,Sodavand,Cola 24 pk.,24,0,ds.,Netto,https://static.tilbudsugen.dk/1st-retail/2026/13/64896/Netto122026-1_2_2331x4891_4866x6839_zoom.jpg,2026-03-21,2026-03-27,https://res.cloudinary.com/dfqzmnlga/image/upload/v1774064616/2026-03-21/11018275.jpg
11018453,29.00,Protein Lab,Multipak,Almond ispinde,1,3,pk.,Netto,https://static.tilbudsugen.dk/1st-retail/2026/13/64896/Netto122026-1_15_3167x2389_4768x4539_zoom.jpg,2026-03-21,2026-03-27,https://res.cloudinary.com/dfqzmnlga/image/upload/v1774064616/2026-03-21/11018453.jpg
11018454,29.00,Protein Lab,Multipak,Strawberry Ispinde,1,3,pk.,Netto,https://static.tilbudsugen.dk/1st-retail/2026/13/64896/Netto122026-1_15_3167x2389_4768x4539_zoom.jpg,2026-03-21,2026-03-27,https://res.cloudinary.com/dfqzmnlga/image/upload/v1774064617/2026-03-21/11018454.jpg
11018532,10.00,Spir,Vegetabilske drikke,Havredrik,1,1,stk.,Netto,https://static.tilbudsugen.dk/1st-retail/2026/13/64896/Netto122026-1_17_3494x80_4945x2433_zoom.jpg,2026-03-21,2026-03-27,https://res.cloudinary.com/dfqzmnlga/image/upload/v1774064617/2026-03-21/11018532.jpg
11018534,10.00,Spir,Vegetabilske drikke,Havrekakao,1,1,stk.,Netto,https://static.tilbudsugen.dk/1st-retail/2026/13/64896/Netto122026-1_17_3494x80_4945x2433_zoom.jpg,2026-03-21,2026-03-27,https://res.cloudinary.com/dfqzmnlga/image/upload/v1774064618/2026-03-21/11018534.jpg
11018535,10.00,Spir,Vegetabilske drikke,Mandeldrik,1,1,stk.,Netto,https://static.tilbudsugen.dk/1st-retail/2026/13/64896/Netto122026-1_17_3494x80_4945x2433_zoom.jpg,2026-03-21,2026-03-27,https://res.cloudinary.com/dfqzmnlga/image/upload/v1774064618/2026-03-21/11018535.jpg
11018536,10.00,Spir,Vegetabilske drikke,Risdrik,1,1,stk.,Netto,https://static.tilbudsugen.dk/1st-retail/2026/13/64896/Netto122026-1_17_3494x80_4945x2433_zoom.jpg,2026-03-21,2026-03-27,https://res.cloudinary.com/dfqzmnlga/image/upload/v1774064618/2026-03-21/11018536.jpg
11018542,10.00,ØGO,Juice,Æblejuice,1,1,krt.,Netto,https://static.tilbudsugen.dk/1st-retail/2026/13/64896/Netto122026-1_17_1229x3990_2530x6281_zoom.jpg,2026-03-21,2026-03-27,https://res.cloudinary.com/dfqzmnlga/image/upload/v1774064618/2026-03-21/11018542.jpg
11018537,11.00,ØGO,Gryn,Finvalsede Havregryn ,1,1,pk.,Netto,https://static.tilbudsugen.dk/1st-retail/2026/13/64896/Netto122026-1_17_3706x3981_4865x6396_zoom.jpg,2026-03-21,2026-03-27,https://res.cloudinary.com/dfqzmnlga/image/upload/v1774064619/2026-03-21/11018537.jpg
11003874,89.00,Classic,Øl,Øl 24 pk.,24,0,ds.,Netto,https://static.tilbudsugen.dk/1st-retail/2026/12/64837/Netto112026-1_22_3266x141_4927x2863_zoom.jpg,2026-03-01,2026-03-31,https://res.cloudinary.com/dfqzmnlga/image/upload/v1774064619/2026-03-21/11003874.jpg
11003875,89.00,Faxe Kondi,Sodavand,Sportssodavand 24 pk.,24,0,fl.,Netto,https://static.tilbudsugen.dk/1st-retail/2026/12/64837/Netto112026-1_22_3266x141_4927x2863_zoom.jpg,2026-03-01,2026-03-31,https://res.cloudinary.com/dfqzmnlga/image/upload/v1774064620/2026-03-21/11003875.jpg
11003868,89.00,Pilsner,Øl,Øl 24 pk.,24,0,ds.,Netto,https://static.tilbudsugen.dk/1st-retail/2026/12/64837/Netto112026-1_22_3266x141_4927x2863_zoom.jpg,2026-03-01,2026-03-31,https://res.cloudinary.com/dfqzmnlga/image/upload/v1774064620/2026-03-21/11003868.jpg
11003876,89.00,Pepsi Max,Sodavand,Cola 24 pk.,24,0,fl.,Netto,https://static.tilbudsugen.dk/1st-retail/2026/12/64837/Netto112026-1_22_3266x141_4927x2863_zoom.jpg,2026-03-01,2026-03-31,https://res.cloudinary.com/dfqzmnlga/image/upload/v1774064621/2026-03-21/11003876.jpg
11018306,12.00,,Grønt,Icebergsalat,1,1,stk.,Netto,https://static.tilbudsugen.dk/1st-retail/2026/13/64896/Netto122026-1_12_3653x3424_4901x4963_zoom.jpg,2026-03-21,2026-03-27,https://res.cloudinary.com/dfqzmnlga/image/upload/v1774064622/2026-03-21/11018306.jpg
11018342,79.00,Grøn,Øl,Øl 18 pk.,18,0,ds.,Netto,https://static.tilbudsugen.dk/1st-retail/2026/13/64896/Netto122026-1_5_24x3698_2445x6827_zoom.jpg,2026-03-21,2026-03-27,https://res.cloudinary.com/dfqzmnlga/image/upload/v1774064622/2026-03-21/11018342.jpg
11018343,79.00,Nordlyst,Øl,Øl 18 pk.,18,0,ds.,Netto,https://static.tilbudsugen.dk/1st-retail/2026/13/64896/Netto122026-1_5_24x3698_2445x6827_zoom.jpg,2026-03-21,2026-03-27,https://res.cloudinary.com/dfqzmnlga/image/upload/v1774064622/2026-03-21/11018343.jpg
11018340,79.00,Pilsner,Øl,Øl 18 pk.,18,0,ds.,Netto,https://static.tilbudsugen.dk/1st-retail/2026/13/64896/Netto122026-1_5_24x3698_2445x6827_zoom.jpg,2026-03-21,2026-03-27,https://res.cloudinary.com/dfqzmnlga/image/upload/v1774064623/2026-03-21/11018340.jpg
11018352,20.00,,Frugt,Appelsiner,1,1,ps.,Netto,https://static.tilbudsugen.dk/1st-retail/2026/13/64896/Netto122026-1_13_9x2778_2618x4875_zoom.jpg,2026-03-21,2026-03-27,https://res.cloudinary.com/dfqzmnlga/image/upload/v1774064623/2026-03-21/11018352.jpg
11018355,10.00,ØGO,Grønt,Løg,1,0,ps.,Netto,https://static.tilbudsugen.dk/1st-retail/2026/13/64896/Netto122026-1_13_2503x4866_4883x6892_zoom.jpg,2026-03-21,2026-03-27,https://res.cloudinary.com/dfqzmnlga/image/upload/v1774064624/2026-03-21/11018355.jpg
11018680,20.00,Klorin,Rengøringsmidler,Klor,1,1,fl.,Netto,https://static.tilbudsugen.dk/1st-retail/2026/13/64896/Netto122026-1_25_1690x2835_3260x4945_zoom.jpg,2026-03-21,2026-03-27,https://res.cloudinary.com/dfqzmnlga/image/upload/v1774064624/2026-03-21/11018680.jpg
11018635,16.00,Rynkeby,Juice,16 Søde Appelsiner,1,1,krt.,Netto,https://static.tilbudsugen.dk/1st-retail/2026/13/64896/Netto122026-1_24_1702x731_3302x2811_zoom.jpg,2026-03-21,2026-03-27,https://res.cloudinary.com/dfqzmnlga/image/upload/v1774064625/2026-03-21/11018635.jpg
11018636,16.00,Rynkeby,Juice,16 Eksotiske Frugter,1,1,krt.,Netto,https://static.tilbudsugen.dk/1st-retail/2026/13/64896/Netto122026-1_24_1702x731_3302x2811_zoom.jpg,2026-03-21,2026-03-27,https://res.cloudinary.com/dfqzmnlga/image/upload/v1774064625/2026-03-21/11018636.jpg
11018637,16.00,Rynkeby,Juice,16 fra Haven,1,1,krt.,Netto,https://static.tilbudsugen.dk/1st-retail/2026/13/64896/Netto122026-1_24_1702x731_3302x2811_zoom.jpg,2026-03-21,2026-03-27,https://res.cloudinary.com/dfqzmnlga/image/upload/v1774064626/2026-03-21/11018637.jpg
11018634,16.00,Rynkeby,Juice,16 Saftige Æbler,1,1,krt.,Netto,https://static.tilbudsugen.dk/1st-retail/2026/13/64896/Netto122026-1_24_1702x731_3302x2811_zoom.jpg,2026-03-21,2026-03-27,https://res.cloudinary.com/dfqzmnlga/image/upload/v1774064626/2026-03-21/11018634.jpg
11018399,16.00,Signaturbrød Barbaras,Rugbrød i Skiver,Rugbrødsskiver,1,0,pk.,Netto,https://static.tilbudsugen.dk/1st-retail/2026/13/64896/Netto122026-1_7_1864x4723_3236x6779_zoom.jpg,2026-03-21,2026-03-27,https://res.cloudinary.com/dfqzmnlga/image/upload/v1774064627/2026-03-21/11018399.jpg
11018443,4.75,Gropper,Iste & Iskaffe,Iskaffe,1,0,stk.,Netto,https://static.tilbudsugen.dk/1st-retail/2026/13/64896/Netto122026-1_19_66x647_3044x3416_zoom.jpg,2026-03-21,2026-03-27,https://res.cloudinary.com/dfqzmnlga/image/upload/v1774064627/2026-03-21/11018443.jpg
11018483,15.00,Chef de Pomme,Kartofler,Pommes Frites Slim,1,0,ps.,Netto,https://static.tilbudsugen.dk/1st-retail/2026/13/64896/Netto122026-1_16_1707x2743_3353x4831_zoom.jpg,2026-03-21,2026-03-27,https://res.cloudinary.com/dfqzmnlga/image/upload/v1774064627/2026-03-21/11018483.jpg
11018362,16.00,Signaturbrød Fanøbrød,Rugbrød i Skiver,Rugbrødsskiver,1,0,pk.,Netto,https://static.tilbudsugen.dk/1st-retail/2026/13/64896/Netto122026-1_6_2475x312_4992x3524_zoom.jpg,2026-03-21,2026-03-27,https://res.cloudinary.com/dfqzmnlga/image/upload/v1774064628/2026-03-21/11018362.jpg
11018358,16.00,Signaturbrød Restaurant Gillelejehavn,Rugbrød i Skiver,Rugbrødsskiver,1,0,pk.,Netto,https://static.tilbudsugen.dk/1st-retail/2026/13/64896/Netto122026-1_6_2475x312_4992x3524_zoom.jpg,2026-03-21,2026-03-27,https://res.cloudinary.com/dfqzmnlga/image/upload/v1774064628/2026-03-21/11018358.jpg
11018359,22.00,Athena,Syrnet morgenmad,Græsk Yoghurt 2%,1,1,bg.,Netto,https://static.tilbudsugen.dk/1st-retail/2026/13/64896/Netto122026-1_14_18x575_1707x2902_zoom.jpg,2026-03-21,2026-03-27,https://res.cloudinary.com/dfqzmnlga/image/upload/v1774064629/2026-03-21/11018359.jpg
11018360,22.00,Athena,Syrnet morgenmad,Græsk Yoghurt 10%,1,1,bg.,Netto,https://static.tilbudsugen.dk/1st-retail/2026/13/64896/Netto122026-1_14_18x575_1707x2902_zoom.jpg,2026-03-21,2026-03-27,https://res.cloudinary.com/dfqzmnlga/image/upload/v1774064629/2026-03-21/11018360.jpg
11018357,22.00,Athena,Syrnet morgenmad,Græsk Yoghurt 0%,1,1,bg.,Netto,https://static.tilbudsugen.dk/1st-retail/2026/13/64896/Netto122026-1_14_18x575_1707x2902_zoom.jpg,2026-03-21,2026-03-27,https://res.cloudinary.com/dfqzmnlga/image/upload/v1774064629/2026-03-21/11018357.jpg
11018282,20.00,Ribena,Koncentreret Saft,Solbær Light Frugtsaft,1,0,fl.,Netto,https://static.tilbudsugen.dk/1st-retail/2026/13/64896/Netto122026-1_2_120x4957_2355x6821_zoom.jpg,2026-03-21,2026-03-27,https://res.cloudinary.com/dfqzmnlga/image/upload/v1774064630/2026-03-21/11018282.jpg
11018283,20.00,Ribena,Koncentreret Saft,Blandet Frugt & Bær,1,0,fl.,Netto,https://static.tilbudsugen.dk/1st-retail/2026/13/64896/Netto122026-1_2_120x4957_2355x6821_zoom.jpg,2026-03-21,2026-03-27,https://res.cloudinary.com/dfqzmnlga/image/upload/v1774064630/2026-03-21/11018283.jpg
11018278,20.00,Ribena,Koncentreret Saft,Solbær Frugtsaft,1,0,fl.,Netto,https://static.tilbudsugen.dk/1st-retail/2026/13/64896/Netto122026-1_2_120x4957_2355x6821_zoom.jpg,2026-03-21,2026-03-27,https://res.cloudinary.com/dfqzmnlga/image/upload/v1774064631/2026-03-21/11018278.jpg
11018451,12.00,Protein Lab,Mellemmåltider,Protein Shake Vanilje,1,0,fl.,Netto,https://static.tilbudsugen.dk/1st-retail/2026/13/64896/Netto122026-1_15_2795x4556_4883x6795_zoom.jpg,2026-03-21,2026-03-27,https://res.cloudinary.com/dfqzmnlga/image/upload/v1774064631/2026-03-21/11018451.jpg
11018450,12.00,Protein Lab,Mellemmåltider,Protein Shake Chocolate,1,0,fl.,Netto,https://static.tilbudsugen.dk/1st-retail/2026/13/64896/Netto122026-1_15_2795x4556_4883x6795_zoom.jpg,2026-03-21,2026-03-27,https://res.cloudinary.com/dfqzmnlga/image/upload/v1774064632/2026-03-21/11018450.jpg
11018452,12.00,Protein Lab,Mellemmåltider,Protein Shake Strawberry,1,0,fl.,Netto,https://static.tilbudsugen.dk/1st-retail/2026/13/64896/Netto122026-1_15_2795x4556_4883x6795_zoom.jpg,2026-03-21,2026-03-27,https://res.cloudinary.com/dfqzmnlga/image/upload/v1774064632/2026-03-21/11018452.jpg
11018484,15.00,Chef de Pomme,Kartofler,Curly Fries,1,0,ps.,Netto,https://static.tilbudsugen.dk/1st-retail/2026/13/64896/Netto122026-1_16_1707x2743_3353x4831_zoom.jpg,2026-03-21,2026-03-27,https://res.cloudinary.com/dfqzmnlga/image/upload/v1774064633/2026-03-21/11018484.jpg
11018481,15.00,Chef de Pomme,Kartofler,Potato Grids,1,0,ps.,Netto,https://static.tilbudsugen.dk/1st-retail/2026/13/64896/Netto122026-1_16_1707x2743_3353x4831_zoom.jpg,2026-03-21,2026-03-27,https://res.cloudinary.com/dfqzmnlga/image/upload/v1774064633/2026-03-21/11018481.jpg
11018395,20.00,Actimel,Mellemmåltider,Drikkeyoghurt Jordbær,1,0,pk.,Netto,https://static.tilbudsugen.dk/1st-retail/2026/13/64896/Netto122026-1_14_3229x522_4909x2902_zoom.jpg,2026-03-21,2026-03-27,https://res.cloudinary.com/dfqzmnlga/image/upload/v1774064633/2026-03-21/11018395.jpg
11018398,20.00,Actimel,Mellemmåltider,Drikkeyoghurt Jordbær & Banan,1,0,pk.,Netto,https://static.tilbudsugen.dk/1st-retail/2026/13/64896/Netto122026-1_14_3229x522_4909x2902_zoom.jpg,2026-03-21,2026-03-27,https://res.cloudinary.com/dfqzmnlga/image/upload/v1774064634/2026-03-21/11018398.jpg
11018273,10.00,Velsmag,Grisekød,Medister,1,0,bk.,Netto,https://static.tilbudsugen.dk/1st-retail/2026/13/64896/Netto122026-1_10_97x2928_2424x4875_zoom.jpg,2026-03-21,2026-03-27,https://res.cloudinary.com/dfqzmnlga/image/upload/v1774064634/2026-03-21/11018273.jpg
11018674,10.00,Fiona&Friends,"Sæbe, bad, dusch",Flydende sæbe,1,0,stk.,Netto,https://static.tilbudsugen.dk/1st-retail/2026/13/64896/Netto122026-1_25_0x2823_1654x4747_zoom.jpg,2026-03-21,2026-03-27,https://res.cloudinary.com/dfqzmnlga/image/upload/v1774064635/2026-03-21/11018674.jpg
11018251,10.00,Velsmag,Grisekød,Medister,1,0,bk.,Netto,https://static.tilbudsugen.dk/1st-retail/2026/13/64896/Netto122026-1_1_2469x4064_4920x5988_zoom.jpg,2026-03-21,2026-03-27,https://res.cloudinary.com/dfqzmnlga/image/upload/v1774064635/2026-03-21/11018251.jpg
11018397,20.00,Actimel,Mellemmåltider,Drikkeyoghurt Multifrugt,1,0,pk.,Netto,https://static.tilbudsugen.dk/1st-retail/2026/13/64896/Netto122026-1_14_3229x522_4909x2902_zoom.jpg,2026-03-21,2026-03-27,https://res.cloudinary.com/dfqzmnlga/image/upload/v1774064635/2026-03-21/11018397.jpg
11018385,22.00,GodMorgen,Juice,Æble Appelsin & Jordbær,1,0,fl.,Netto,https://static.tilbudsugen.dk/1st-retail/2026/13/64896/Netto122026-1_14_1636x540_3282x2849_zoom.jpg,2026-03-21,2026-03-27,https://res.cloudinary.com/dfqzmnlga/image/upload/v1774064636/2026-03-21/11018385.jpg
11018378,22.00,GodMorgen,Juice,Appelsinjuice,1,0,fl.,Netto,https://static.tilbudsugen.dk/1st-retail/2026/13/64896/Netto122026-1_14_1636x540_3282x2849_zoom.jpg,2026-03-21,2026-03-27,https://res.cloudinary.com/dfqzmnlga/image/upload/v1774064636/2026-03-21/11018378.jpg
11018384,22.00,GodMorgen,Juice,Appelsinjuice Blodappelsin,1,0,fl.,Netto,https://static.tilbudsugen.dk/1st-retail/2026/13/64896/Netto122026-1_14_1636x540_3282x2849_zoom.jpg,2026-03-21,2026-03-27,https://res.cloudinary.com/dfqzmnlga/image/upload/v1774064637/2026-03-21/11018384.jpg
11018361,22.00,GodMorgen,Juice,Æblejuice Hyldeblomst,1,0,fl.,Netto,https://static.tilbudsugen.dk/1st-retail/2026/13/64896/Netto122026-1_14_1636x540_3282x2849_zoom.jpg,2026-03-21,2026-03-27,https://res.cloudinary.com/dfqzmnlga/image/upload/v1774064637/2026-03-21/11018361.jpg
11018379,22.00,GodMorgen,Juice,Æblejuice Mandarin & Gulerod,1,0,fl.,Netto,https://static.tilbudsugen.dk/1st-retail/2026/13/64896/Netto122026-1_14_1636x540_3282x2849_zoom.jpg,2026-03-21,2026-03-27,https://res.cloudinary.com/dfqzmnlga/image/upload/v1774064638/2026-03-21/11018379.jpg
11018383,22.00,GodMorgen,Juice,"Æblejuice, Rabarber & Jordbær",1,0,fl.,Netto,https://static.tilbudsugen.dk/1st-retail/2026/13/64896/Netto122026-1_14_1636x540_3282x2849_zoom.jpg,2026-03-21,2026-03-27,https://res.cloudinary.com/dfqzmnlga/image/upload/v1774064638/2026-03-21/11018383.jpg
11018679,20.00,Cillit Bang,Rengøringsmidler,Rengøring - universal,1,0,stk.,Netto,https://static.tilbudsugen.dk/1st-retail/2026/13/64896/Netto122026-1_25_1690x2835_3260x4945_zoom.jpg,2026-03-21,2026-03-27,https://res.cloudinary.com/dfqzmnlga/image/upload/v1774064639/2026-03-21/11018679.jpg
11018317,12.00,Grovhakket,Postej og Paté,Leverpostej,1,0,pk.,Netto,https://static.tilbudsugen.dk/1st-retail/2026/13/64896/Netto122026-1_4_6x3686_2487x6881_zoom.jpg,2026-03-21,2026-03-27,https://res.cloudinary.com/dfqzmnlga/image/upload/v1774064640/2026-03-21/11018317.jpg
11018442,10.97,Kohberg,Sandwich & Toastbrød,Cafe Sandwich Grov,1,0,ps.,Netto,https://static.tilbudsugen.dk/1st-retail/2026/13/64896/Netto122026-1_19_156x3440_2415x6845_zoom.jpg,2026-03-21,2026-03-27,https://res.cloudinary.com/dfqzmnlga/image/upload/v1774064641/2026-03-21/11018442.jpg
11018375,22.00,Løgismose,Syrnet morgenmad,Vanilje Skyr ,1,0,bg.,Netto,https://static.tilbudsugen.dk/1st-retail/2026/13/64896/Netto122026-1_6_66x3722_2481x6875_zoom.jpg,2026-03-21,2026-03-27,https://res.cloudinary.com/dfqzmnlga/image/upload/v1774064641/2026-03-21/11018375.jpg
11018374,22.00,Løgismose,Syrnet morgenmad,Naturel Skyr ,1,0,bg.,Netto,https://static.tilbudsugen.dk/1st-retail/2026/13/64896/Netto122026-1_6_66x3722_2481x6875_zoom.jpg,2026-03-21,2026-03-27,https://res.cloudinary.com/dfqzmnlga/image/upload/v1774064642/2026-03-21/11018374.jpg
11018376,22.00,Løgismose,Syrnet morgenmad,Rabeber & Æble Skyr ,1,0,bg.,Netto,https://static.tilbudsugen.dk/1st-retail/2026/13/64896/Netto122026-1_6_66x3722_2481x6875_zoom.jpg,2026-03-21,2026-03-27,https://res.cloudinary.com/dfqzmnlga/image/upload/v1774064642/2026-03-21/11018376.jpg
11018620,14.00,Rio Punch,Energi- Sports- & Vitamindrikke,Energidrik,1,0,ds.,Netto,https://static.tilbudsugen.dk/1st-retail/2026/13/64896/Netto122026-1_24_6x677_1684x2865_zoom.jpg,2026-03-21,2026-03-27,https://res.cloudinary.com/dfqzmnlga/image/upload/v1774064643/2026-03-21/11018620.jpg
11018621,14.00,Lando Norris,Energi- Sports- & Vitamindrikke,Energidrik,1,0,ds.,Netto,https://static.tilbudsugen.dk/1st-retail/2026/13/64896/Netto122026-1_24_6x677_1684x2865_zoom.jpg,2026-03-21,2026-03-27,https://res.cloudinary.com/dfqzmnlga/image/upload/v1774064643/2026-03-21/11018621.jpg
11018623,14.00,Ultra Energy,Energi- Sports- & Vitamindrikke,Energidrik,1,0,ds.,Netto,https://static.tilbudsugen.dk/1st-retail/2026/13/64896/Netto122026-1_24_6x677_1684x2865_zoom.jpg,2026-03-21,2026-03-27,https://res.cloudinary.com/dfqzmnlga/image/upload/v1774064644/2026-03-21/11018623.jpg
11018624,14.00,Ultra Peachy Keen,Energi- Sports- & Vitamindrikke,Energidrik,1,0,ds.,Netto,https://static.tilbudsugen.dk/1st-retail/2026/13/64896/Netto122026-1_24_6x677_1684x2865_zoom.jpg,2026-03-21,2026-03-27,https://res.cloudinary.com/dfqzmnlga/image/upload/v1774064644/2026-03-21/11018624.jpg
11018622,14.00,VR46,Energi- Sports- & Vitamindrikke,Energidrik,1,0,ds.,Netto,https://static.tilbudsugen.dk/1st-retail/2026/13/64896/Netto122026-1_24_6x677_1684x2865_zoom.jpg,2026-03-21,2026-03-27,https://res.cloudinary.com/dfqzmnlga/image/upload/v1774064644/2026-03-21/11018622.jpg
11018628,89.00,,Californiske vine,Californisk Rødvin,1,3,krt.,Netto,https://static.tilbudsugen.dk/1st-retail/2026/13/64896/Netto122026-1_24_24x4873_4890x6809_zoom.jpg,2026-03-21,2026-03-27,https://res.cloudinary.com/dfqzmnlga/image/upload/v1774064645/2026-03-21/11018628.jpg
11018625,89.00,,Spanske vine,Spansk Rødvin,1,3,krt.,Netto,https://static.tilbudsugen.dk/1st-retail/2026/13/64896/Netto122026-1_24_24x4873_4890x6809_zoom.jpg,2026-03-21,2026-03-27,https://res.cloudinary.com/dfqzmnlga/image/upload/v1774064645/2026-03-21/11018625.jpg
11018627,89.00,,Spanske vine,Spansk Hvidvin,1,3,krt.,Netto,https://static.tilbudsugen.dk/1st-retail/2026/13/64896/Netto122026-1_24_24x4873_4890x6809_zoom.jpg,2026-03-21,2026-03-27,https://res.cloudinary.com/dfqzmnlga/image/upload/v1774064645/2026-03-21/11018627.jpg
11018626,89.00,,Spanske vine,Spansk Rosevin,1,3,krt.,Netto,https://static.tilbudsugen.dk/1st-retail/2026/13/64896/Netto122026-1_24_24x4873_4890x6809_zoom.jpg,2026-03-21,2026-03-27,https://res.cloudinary.com/dfqzmnlga/image/upload/v1774064646/2026-03-21/11018626.jpg
11018402,12.00,K-salat,Mayonnaise,Mayonnaise Klassisk,1,0,stk.,Netto,https://static.tilbudsugen.dk/1st-retail/2026/13/64896/Netto122026-1_7_3230x4693_4920x6827_zoom.jpg,2026-03-21,2026-03-27,https://res.cloudinary.com/dfqzmnlga/image/upload/v1774064646/2026-03-21/11018402.jpg
11018404,12.00,K-salat,Remoulade,Remoulade Klassisk,1,0,stk.,Netto,https://static.tilbudsugen.dk/1st-retail/2026/13/64896/Netto122026-1_7_3230x4693_4920x6827_zoom.jpg,2026-03-21,2026-03-27,https://res.cloudinary.com/dfqzmnlga/image/upload/v1774064646/2026-03-21/11018404.jpg
11018406,12.00,K-salat,Remoulade,Remoulade Let,1,0,stk.,Netto,https://static.tilbudsugen.dk/1st-retail/2026/13/64896/Netto122026-1_7_3230x4693_4920x6827_zoom.jpg,2026-03-21,2026-03-27,https://res.cloudinary.com/dfqzmnlga/image/upload/v1774064647/2026-03-21/11018406.jpg
11018408,16.00,Easter Ale,Specialøl,Specialøl,1,0,fl.,Netto,https://static.tilbudsugen.dk/1st-retail/2026/13/64896/Netto122026-1_7_3266x2517_4920x4663_zoom.jpg,2026-03-21,2026-03-27,https://res.cloudinary.com/dfqzmnlga/image/upload/v1774064647/2026-03-21/11018408.jpg
11018412,16.00,Spring IPA,Specialøl,Specialøl,1,0,fl.,Netto,https://static.tilbudsugen.dk/1st-retail/2026/13/64896/Netto122026-1_7_3266x2517_4920x4663_zoom.jpg,2026-03-21,2026-03-27,https://res.cloudinary.com/dfqzmnlga/image/upload/v1774064648/2026-03-21/11018412.jpg
11018405,12.00,K-salat,Mayonnaise,Mayonnaise Let,1,0,stk.,Netto,https://static.tilbudsugen.dk/1st-retail/2026/13/64896/Netto122026-1_7_3230x4693_4920x6827_zoom.jpg,2026-03-21,2026-03-27,https://res.cloudinary.com/dfqzmnlga/image/upload/v1774064648/2026-03-21/11018405.jpg
11018396,16.00,Easter IPA,Specialøl,Specialøl,1,0,fl.,Netto,https://static.tilbudsugen.dk/1st-retail/2026/13/64896/Netto122026-1_7_3266x2517_4920x4663_zoom.jpg,2026-03-21,2026-03-27,https://res.cloudinary.com/dfqzmnlga/image/upload/v1774064648/2026-03-21/11018396.jpg
11018494,65.00,Rose,Færdigretter Frost,Hot Wings,1,2,ps.,Netto,https://static.tilbudsugen.dk/1st-retail/2026/13/64896/Netto122026-1_16_3291x4919_4901x6839_zoom.jpg,2026-03-21,2026-03-27,https://res.cloudinary.com/dfqzmnlga/image/upload/v1774064649/2026-03-21/11018494.jpg
11018479,9.00,Næmt,Dej Køl,Tærtedej,1,0,pk.,Netto,https://static.tilbudsugen.dk/1st-retail/2026/13/64896/Netto122026-1_16_3591x495_4918x2831_zoom.jpg,2026-03-21,2026-03-27,https://res.cloudinary.com/dfqzmnlga/image/upload/v1774064649/2026-03-21/11018479.jpg
11018590,14.00,Bähncke,Ketchup,Hot Dog Ketchup,1,0,stk.,Netto,https://static.tilbudsugen.dk/1st-retail/2026/13/64896/Netto122026-1_23_24x84_3296x1906_zoom.jpg,2026-03-21,2026-03-27,https://res.cloudinary.com/dfqzmnlga/image/upload/v1774064650/2026-03-21/11018590.jpg
11018500,10.00,Bistronne,Færdigretter Frost,Kyllingeburger,1,0,ps.,Netto,https://static.tilbudsugen.dk/1st-retail/2026/13/64896/Netto122026-1_16_71x5061_1654x6830_zoom.jpg,2026-03-21,2026-03-27,https://res.cloudinary.com/dfqzmnlga/image/upload/v1774064650/2026-03-21/11018500.jpg
11018304,8.00,Mex & Co,Mexicansk,Taco sauce medium,1,0,gl.,Netto,https://static.tilbudsugen.dk/1st-retail/2026/13/64896/Netto122026-1_12_3680x1336_4830x3105_zoom.jpg,2026-03-21,2026-03-27,https://res.cloudinary.com/dfqzmnlga/image/upload/v1774064651/2026-03-21/11018304.jpg
11018585,14.00,Bähncke,Dressing,Burgerdressing,1,0,stk.,Netto,https://static.tilbudsugen.dk/1st-retail/2026/13/64896/Netto122026-1_23_24x84_3296x1906_zoom.jpg,2026-03-21,2026-03-27,https://res.cloudinary.com/dfqzmnlga/image/upload/v1774064651/2026-03-21/11018585.jpg
11018593,14.00,Bähncke,Sennep,Sød fransk sennep,1,0,stk.,Netto,https://static.tilbudsugen.dk/1st-retail/2026/13/64896/Netto122026-1_23_24x84_3296x1906_zoom.jpg,2026-03-21,2026-03-27,https://res.cloudinary.com/dfqzmnlga/image/upload/v1774064651/2026-03-21/11018593.jpg
11018351,18.00,,Grønt,Peberfrugt,1,0,ps.,Netto,https://static.tilbudsugen.dk/1st-retail/2026/13/64896/Netto122026-1_13_2450x2884_4883x4910_zoom.jpg,2026-03-21,2026-03-27,https://res.cloudinary.com/dfqzmnlga/image/upload/v1774064652/2026-03-21/11018351.jpg
11018588,14.00,Bähncke,Mayonnaise,Chili Mayonnaise,1,0,stk.,Netto,https://static.tilbudsugen.dk/1st-retail/2026/13/64896/Netto122026-1_23_24x84_3296x1906_zoom.jpg,2026-03-21,2026-03-27,https://res.cloudinary.com/dfqzmnlga/image/upload/v1774064652/2026-03-21/11018588.jpg
11018587,14.00,Bähncke,Dressing,Pommes Frites Dressing,1,0,stk.,Netto,https://static.tilbudsugen.dk/1st-retail/2026/13/64896/Netto122026-1_23_24x84_3296x1906_zoom.jpg,2026-03-21,2026-03-27,https://res.cloudinary.com/dfqzmnlga/image/upload/v1774064652/2026-03-21/11018587.jpg
11018591,14.00,Bähncke,Sennep,Stærk sennep,1,0,stk.,Netto,https://static.tilbudsugen.dk/1st-retail/2026/13/64896/Netto122026-1_23_24x84_3296x1906_zoom.jpg,2026-03-21,2026-03-27,https://res.cloudinary.com/dfqzmnlga/image/upload/v1774064653/2026-03-21/11018591.jpg
11018583,14.00,Bähncke,Dressing,Kebab Dressing,1,0,stk.,Netto,https://static.tilbudsugen.dk/1st-retail/2026/13/64896/Netto122026-1_23_24x84_3296x1906_zoom.jpg,2026-03-21,2026-03-27,https://res.cloudinary.com/dfqzmnlga/image/upload/v1774064653/2026-03-21/11018583.jpg
11018567,14.00,Bähncke,Dressing,French hotdogdressing,1,0,stk.,Netto,https://static.tilbudsugen.dk/1st-retail/2026/13/64896/Netto122026-1_23_24x84_3296x1906_zoom.jpg,2026-03-21,2026-03-27,https://res.cloudinary.com/dfqzmnlga/image/upload/v1774064654/2026-03-21/11018567.jpg
11018581,14.00,Bähncke,Mayonnaise,Salatmayonaise,1,0,stk.,Netto,https://static.tilbudsugen.dk/1st-retail/2026/13/64896/Netto122026-1_23_24x84_3296x1906_zoom.jpg,2026-03-21,2026-03-27,https://res.cloudinary.com/dfqzmnlga/image/upload/v1774064654/2026-03-21/11018581.jpg
11018671,25.00,A+,Vaskemiddel,Vaskemiddel-flydende,1,0,stk.,Netto,https://static.tilbudsugen.dk/1st-retail/2026/13/64896/Netto122026-1_25_3290x2955_4956x4843_zoom.jpg,2026-03-21,2026-03-27,https://res.cloudinary.com/dfqzmnlga/image/upload/v1774064654/2026-03-21/11018671.jpg
11018401,28.00,Barbaras,Specialøl,Specialøl,1,0,fl.,Netto,https://static.tilbudsugen.dk/1st-retail/2026/13/64896/Netto122026-1_7_36x4789_1792x6761_zoom.jpg,2026-03-21,2026-03-27,https://res.cloudinary.com/dfqzmnlga/image/upload/v1774064655/2026-03-21/11018401.jpg
11018271,15.00,Danpo,Kylling,Kyllingeoverlår,1,0,bk.,Netto,https://static.tilbudsugen.dk/1st-retail/2026/13/64896/Netto122026-1_10_2371x2734_4883x4822_zoom.jpg,2026-03-21,2026-03-27,https://res.cloudinary.com/dfqzmnlga/image/upload/v1774064655/2026-03-21/11018271.jpg
11018413,15.00,Fiske Disken,Fisk,Panerede Fisk,1,0,ps.,Netto,https://static.tilbudsugen.dk/1st-retail/2026/13/64896/Netto122026-1_8_1642x138_4944x2445_zoom.jpg,2026-03-21,2026-03-27,https://res.cloudinary.com/dfqzmnlga/image/upload/v1774064656/2026-03-21/11018413.jpg
11018316,12.00,Bacon,Postej og Paté,Leverpostej,1,0,pk.,Netto,https://static.tilbudsugen.dk/1st-retail/2026/13/64896/Netto122026-1_4_6x3686_2487x6881_zoom.jpg,2026-03-21,2026-03-27,https://res.cloudinary.com/dfqzmnlga/image/upload/v1774064656/2026-03-21/11018316.jpg
11018315,12.00,Fransk,Postej og Paté,Leverpostej,1,0,pk.,Netto,https://static.tilbudsugen.dk/1st-retail/2026/13/64896/Netto122026-1_4_6x3686_2487x6881_zoom.jpg,2026-03-21,2026-03-27,https://res.cloudinary.com/dfqzmnlga/image/upload/v1774064657/2026-03-21/11018315.jpg
11018350,20.00,Rhubarb Zero,Sodavand,Tonicvand,1,0,fl.,Netto,https://static.tilbudsugen.dk/1st-retail/2026/13/64896/Netto122026-1_5_2481x3620_4926x6857_zoom.jpg,2026-03-21,2026-03-27,https://res.cloudinary.com/dfqzmnlga/image/upload/v1774064657/2026-03-21/11018350.jpg
11018678,10.00,Fiona&Friends,Shampoo,Shampoo,1,0,stk.,Netto,https://static.tilbudsugen.dk/1st-retail/2026/13/64896/Netto122026-1_25_0x2823_1654x4747_zoom.jpg,2026-03-21,2026-03-27,https://res.cloudinary.com/dfqzmnlga/image/upload/v1774064657/2026-03-21/11018678.jpg
11018391,10.00,Salatmesteren,Mayonnaise,Mayonnaise,1,0,ps.,Netto,https://static.tilbudsugen.dk/1st-retail/2026/13/64896/Netto122026-1_7_42x779_1762x2655_zoom.jpg,2026-03-21,2026-03-27,https://res.cloudinary.com/dfqzmnlga/image/upload/v1774064658/2026-03-21/11018391.jpg
11018392,10.00,Salatmesteren,Remoulade,Remoulade,1,0,ps.,Netto,https://static.tilbudsugen.dk/1st-retail/2026/13/64896/Netto122026-1_7_42x779_1762x2655_zoom.jpg,2026-03-21,2026-03-27,https://res.cloudinary.com/dfqzmnlga/image/upload/v1774064658/2026-03-21/11018392.jpg
11018345,20.00,Fever-Tree,Sodavand,Ginger Beer,1,0,fl.,Netto,https://static.tilbudsugen.dk/1st-retail/2026/13/64896/Netto122026-1_5_2481x3620_4926x6857_zoom.jpg,2026-03-21,2026-03-27,https://res.cloudinary.com/dfqzmnlga/image/upload/v1774064659/2026-03-21/11018345.jpg
11018349,20.00,Fever-Tree,Sodavand,Raspberry & Rhubarb Tonic Water,1,0,fl.,Netto,https://static.tilbudsugen.dk/1st-retail/2026/13/64896/Netto122026-1_5_2481x3620_4926x6857_zoom.jpg,2026-03-21,2026-03-27,https://res.cloudinary.com/dfqzmnlga/image/upload/v1774064659/2026-03-21/11018349.jpg
11018341,20.00,Fever-Tree,Sodavand,Premium Indian Tonic Water,1,0,fl.,Netto,https://static.tilbudsugen.dk/1st-retail/2026/13/64896/Netto122026-1_5_2481x3620_4926x6857_zoom.jpg,2026-03-21,2026-03-27,https://res.cloudinary.com/dfqzmnlga/image/upload/v1774064659/2026-03-21/11018341.jpg
11018346,20.00,Fever-Tree,Sodavand,Mediterranian Tonic Water,1,0,fl.,Netto,https://static.tilbudsugen.dk/1st-retail/2026/13/64896/Netto122026-1_5_2481x3620_4926x6857_zoom.jpg,2026-03-21,2026-03-27,https://res.cloudinary.com/dfqzmnlga/image/upload/v1774064660/2026-03-21/11018346.jpg
11018354,20.00,Indian Tonic Zero,Sodavand,Tonicvand,1,0,fl.,Netto,https://static.tilbudsugen.dk/1st-retail/2026/13/64896/Netto122026-1_5_2481x3620_4926x6857_zoom.jpg,2026-03-21,2026-03-27,https://res.cloudinary.com/dfqzmnlga/image/upload/v1774064660/2026-03-21/11018354.jpg
11018356,20.00,Botanical Zero,Sodavand,Tonicvand,1,0,fl.,Netto,https://static.tilbudsugen.dk/1st-retail/2026/13/64896/Netto122026-1_5_2481x3620_4926x6857_zoom.jpg,2026-03-21,2026-03-27,https://res.cloudinary.com/dfqzmnlga/image/upload/v1774064661/2026-03-21/11018356.jpg
11018675,10.00,The Hair Café,Shampoo,Shampoo,1,0,stk.,Netto,https://static.tilbudsugen.dk/1st-retail/2026/13/64896/Netto122026-1_25_0x2823_1654x4747_zoom.jpg,2026-03-21,2026-03-27,https://res.cloudinary.com/dfqzmnlga/image/upload/v1774064661/2026-03-21/11018675.jpg
11018347,20.00,Fever-Tree,Sodavand,Pink Grapefruit,1,0,fl.,Netto,https://static.tilbudsugen.dk/1st-retail/2026/13/64896/Netto122026-1_5_2481x3620_4926x6857_zoom.jpg,2026-03-21,2026-03-27,https://res.cloudinary.com/dfqzmnlga/image/upload/v1774064663/2026-03-21/11018347.jpg
11018496,25.00,Bistronne,Færdigretter Frost,Hot Wings Hot & Spicy,1,0,ps.,Netto,https://static.tilbudsugen.dk/1st-retail/2026/13/64896/Netto122026-1_16_1645x4910_3397x6839_zoom.jpg,2026-03-21,2026-03-27,https://res.cloudinary.com/dfqzmnlga/image/upload/v1774064663/2026-03-21/11018496.jpg
11018432,39.00,Velsmag,Grisekød,Hakket grisekød 8-12%,1,0,bk.,Netto,https://static.tilbudsugen.dk/1st-retail/2026/13/64896/Netto122026-1_9_2373x2811_4998x4759_zoom.jpg,2026-03-21,2026-03-27,https://res.cloudinary.com/dfqzmnlga/image/upload/v1774064664/2026-03-21/11018432.jpg
11018435,11.00,Protein Lab,Madlavningsost,Hytteost,1,0,bg.,Netto,https://static.tilbudsugen.dk/1st-retail/2026/13/64896/Netto122026-1_15_97x2265_1964x3477_zoom.jpg,2026-03-21,2026-03-27,https://res.cloudinary.com/dfqzmnlga/image/upload/v1774064664/2026-03-21/11018435.jpg
11018267,15.00,Andoni,Pizza Frost,Bolognes Pizza ,1,0,stk.,Netto,https://static.tilbudsugen.dk/1st-retail/2026/13/64896/Netto122026-1_2_2319x2415_4998x4885_zoom.jpg,2026-03-21,2026-03-27,https://res.cloudinary.com/dfqzmnlga/image/upload/v1774064665/2026-03-21/11018267.jpg
11018264,15.00,Andoni,Pizza Frost,Salami Pizza,1,0,stk.,Netto,https://static.tilbudsugen.dk/1st-retail/2026/13/64896/Netto122026-1_2_2319x2415_4998x4885_zoom.jpg,2026-03-21,2026-03-27,https://res.cloudinary.com/dfqzmnlga/image/upload/v1774064665/2026-03-21/11018264.jpg
11018265,15.00,Andoni,Pizza Frost,Speciale Pizza,1,0,stk.,Netto,https://static.tilbudsugen.dk/1st-retail/2026/13/64896/Netto122026-1_2_2319x2415_4998x4885_zoom.jpg,2026-03-21,2026-03-27,https://res.cloudinary.com/dfqzmnlga/image/upload/v1774064666/2026-03-21/11018265.jpg
11018266,15.00,Andoni,Pizza Frost,Kebab Pizza,1,0,stk.,Netto,https://static.tilbudsugen.dk/1st-retail/2026/13/64896/Netto122026-1_2_2319x2415_4998x4885_zoom.jpg,2026-03-21,2026-03-27,https://res.cloudinary.com/dfqzmnlga/image/upload/v1774064666/2026-03-21/11018266.jpg
11018547,20.00,Bonduelle,Grønt,Majs,1,0,pk.,Netto,https://static.tilbudsugen.dk/1st-retail/2026/13/64896/Netto122026-1_23_1702x5088_3326x6911_zoom.jpg,2026-03-21,2026-03-27,https://res.cloudinary.com/dfqzmnlga/image/upload/v1774064666/2026-03-21/11018547.jpg
11018417,12.00,Salatmesteren,Dressing,Stjerneskudsdressing ,1,0,fl.,Netto,https://static.tilbudsugen.dk/1st-retail/2026/13/64896/Netto122026-1_8_78x354_1672x2493_zoom.jpg,2026-03-21,2026-03-27,https://res.cloudinary.com/dfqzmnlga/image/upload/v1774064667/2026-03-21/11018417.jpg
11018415,12.00,Salatmesteren,Dressing,Dild Dressing,1,0,fl.,Netto,https://static.tilbudsugen.dk/1st-retail/2026/13/64896/Netto122026-1_8_78x354_1672x2493_zoom.jpg,2026-03-21,2026-03-27,https://res.cloudinary.com/dfqzmnlga/image/upload/v1774064667/2026-03-21/11018415.jpg
11018310,12.00,Casa Milo,Pasta,Pappardelle,1,0,ps.,Netto,https://static.tilbudsugen.dk/1st-retail/2026/13/64896/Netto122026-1_12_3706x5264_4909x6874_zoom.jpg,2026-03-21,2026-03-27,https://res.cloudinary.com/dfqzmnlga/image/upload/v1774064667/2026-03-21/11018310.jpg
11018464,16.00,Protein Lab,Mellemmåltider,One Meal Strawberry,1,0,fl.,Netto,https://static.tilbudsugen.dk/1st-retail/2026/13/64896/Netto122026-1_15_1743x2389_3238x4574_zoom.jpg,2026-03-21,2026-03-27,https://res.cloudinary.com/dfqzmnlga/image/upload/v1774064668/2026-03-21/11018464.jpg
11018438,16.00,Protein Lab,Mellemmåltider,One Meal Chocolate,1,0,fl.,Netto,https://static.tilbudsugen.dk/1st-retail/2026/13/64896/Netto122026-1_15_1743x2389_3238x4574_zoom.jpg,2026-03-21,2026-03-27,https://res.cloudinary.com/dfqzmnlga/image/upload/v1774064668/2026-03-21/11018438.jpg
11018380,22.00,GodMorgen,Juice,Ingefærshot,1,0,fl.,Netto,https://static.tilbudsugen.dk/1st-retail/2026/13/64896/Netto122026-1_14_1636x540_3282x2849_zoom.jpg,2026-03-21,2026-03-27,https://res.cloudinary.com/dfqzmnlga/image/upload/v1774064669/2026-03-21/11018380.jpg
11018381,22.00,GodMorgen,Juice,"Ingefærshot Æble, Ingefær & Citron",1,0,fl.,Netto,https://static.tilbudsugen.dk/1st-retail/2026/13/64896/Netto122026-1_14_1636x540_3282x2849_zoom.jpg,2026-03-21,2026-03-27,https://res.cloudinary.com/dfqzmnlga/image/upload/v1774064669/2026-03-21/11018381.jpg
11018382,22.00,GodMorgen,Juice,Ingefær & Fibre Tropisk Shot,1,0,fl.,Netto,https://static.tilbudsugen.dk/1st-retail/2026/13/64896/Netto122026-1_14_1636x540_3282x2849_zoom.jpg,2026-03-21,2026-03-27,https://res.cloudinary.com/dfqzmnlga/image/upload/v1774064669/2026-03-21/11018382.jpg
11018272,15.00,Danpo,Kylling,Kyllingeunderlår,1,0,pk.,Netto,https://static.tilbudsugen.dk/1st-retail/2026/13/64896/Netto122026-1_10_2371x2734_4883x4822_zoom.jpg,2026-03-21,2026-03-27,https://res.cloudinary.com/dfqzmnlga/image/upload/v1774064670/2026-03-21/11018272.jpg
11018296,20.00,Velsmag,Grisekød,Hakket grisekød,1,0,bk.,Netto,https://static.tilbudsugen.dk/1st-retail/2026/13/64896/Netto122026-1_12_1238x1522_2486x3052_zoom.jpg,2026-03-21,2026-03-27,https://res.cloudinary.com/dfqzmnlga/image/upload/v1774064670/2026-03-21/11018296.jpg
11018676,10.00,The Hair Café,Balsam,Balsam,1,0,stk.,Netto,https://static.tilbudsugen.dk/1st-retail/2026/13/64896/Netto122026-1_25_0x2823_1654x4747_zoom.jpg,2026-03-21,2026-03-27,https://res.cloudinary.com/dfqzmnlga/image/upload/v1774064671/2026-03-21/11018676.jpg
11018370,10.00,Buko,Specialost,Flødeost Naturel,1,0,bg.,Netto,https://static.tilbudsugen.dk/1st-retail/2026/13/64896/Netto122026-1_6_24x90_2499x3602_zoom.jpg,2026-03-21,2026-03-27,https://res.cloudinary.com/dfqzmnlga/image/upload/v1774064671/2026-03-21/11018370.jpg
11018250,10.00,Lurpak,Fedtstoffer,Smørbar,1,0,bg.,Netto,https://static.tilbudsugen.dk/1st-retail/2026/13/64896/Netto122026-1_1_108x1408_2523x3356_zoom.jpg,2026-03-21,2026-03-27,https://res.cloudinary.com/dfqzmnlga/image/upload/v1774064671/2026-03-21/11018250.jpg
11018677,10.00,Fiona&Friends,Balsam,Balsam,1,0,stk.,Netto,https://static.tilbudsugen.dk/1st-retail/2026/13/64896/Netto122026-1_25_0x2823_1654x4747_zoom.jpg,2026-03-21,2026-03-27,https://res.cloudinary.com/dfqzmnlga/image/upload/v1774064672/2026-03-21/11018677.jpg
11018371,10.00,Buko,Specialost,Flødeost Hvidløg,1,0,bg.,Netto,https://static.tilbudsugen.dk/1st-retail/2026/13/64896/Netto122026-1_6_24x90_2499x3602_zoom.jpg,2026-03-21,2026-03-27,https://res.cloudinary.com/dfqzmnlga/image/upload/v1774064672/2026-03-21/11018371.jpg
11018372,10.00,Buko,Specialost,Flødeost Grøn Pikant,1,0,bg.,Netto,https://static.tilbudsugen.dk/1st-retail/2026/13/64896/Netto122026-1_6_24x90_2499x3602_zoom.jpg,2026-03-21,2026-03-27,https://res.cloudinary.com/dfqzmnlga/image/upload/v1774064672/2026-03-21/11018372.jpg
11018249,10.00,Lurpak,Fedtstoffer,Smør,1,0,pk.,Netto,https://static.tilbudsugen.dk/1st-retail/2026/13/64896/Netto122026-1_1_108x1408_2523x3356_zoom.jpg,2026-03-21,2026-03-27,https://res.cloudinary.com/dfqzmnlga/image/upload/v1774064673/2026-03-21/11018249.jpg
11018313,20.00,Velsmag,Grisekød,Hakket grisekød,1,0,bk.,Netto,https://static.tilbudsugen.dk/1st-retail/2026/13/64896/Netto122026-1_12_1194x5370_2503x6821_zoom.jpg,2026-03-21,2026-03-27,https://res.cloudinary.com/dfqzmnlga/image/upload/v1774064673/2026-03-21/11018313.jpg
11018499,25.00,Bistronne,Fjerkræ,Crispy Chicken Strips,1,0,ps.,Netto,https://static.tilbudsugen.dk/1st-retail/2026/13/64896/Netto122026-1_16_1645x4910_3397x6839_zoom.jpg,2026-03-21,2026-03-27,https://res.cloudinary.com/dfqzmnlga/image/upload/v1774064674/2026-03-21/11018499.jpg
11018478,25.00,Steff Houlberg,Færdigretter Frost,Biksemad,1,0,pk.,Netto,https://static.tilbudsugen.dk/1st-retail/2026/13/64896/Netto122026-1_16_62x2698_1743x4875_zoom.jpg,2026-03-21,2026-03-27,https://res.cloudinary.com/dfqzmnlga/image/upload/v1774064674/2026-03-21/11018478.jpg
11018281,35.00,Danpo,Kylling,Hakket kylling,1,0,bk.,Netto,https://static.tilbudsugen.dk/1st-retail/2026/13/64896/Netto122026-1_10_62x4716_2494x6848_zoom.jpg,2026-03-21,2026-03-27,https://res.cloudinary.com/dfqzmnlga/image/upload/v1774064674/2026-03-21/11018281.jpg
11018549,10.46,ØGO,Madlavningsost,Hytteost,1,0,bg.,Netto,https://static.tilbudsugen.dk/1st-retail/2026/13/64896/Netto122026-1_18_71x823_2397x3902_zoom.jpg,2026-03-21,2026-03-27,https://res.cloudinary.com/dfqzmnlga/image/upload/v1774064675/2026-03-21/11018549.jpg
11018348,40.00,,Frugt,Vindruer,1,0,bk.,Netto,https://static.tilbudsugen.dk/1st-retail/2026/13/64896/Netto122026-1_13_2388x610_4927x2928_zoom.jpg,2026-03-21,2026-03-27,https://res.cloudinary.com/dfqzmnlga/image/upload/v1774064675/2026-03-21/11018348.jpg
11018539,19.00,ØGO,Dybfrost Brød,Ølandsstykker,1,0,ps.,Netto,https://static.tilbudsugen.dk/1st-retail/2026/13/64896/Netto122026-1_17_2459x3981_3751x6290_zoom.jpg,2026-03-21,2026-03-27,https://res.cloudinary.com/dfqzmnlga/image/upload/v1774064676/2026-03-21/11018539.jpg
11018541,19.00,ØGO,Dybfrost Brød,Durum Kernestykker,1,0,ps.,Netto,https://static.tilbudsugen.dk/1st-retail/2026/13/64896/Netto122026-1_17_2459x3981_3751x6290_zoom.jpg,2026-03-21,2026-03-27,https://res.cloudinary.com/dfqzmnlga/image/upload/v1774064676/2026-03-21/11018541.jpg
11018270,99.00,Velsmag,Grisekød,Ribbensteg,1,1,bk.,Netto,https://static.tilbudsugen.dk/1st-retail/2026/13/64896/Netto122026-1_10_88x88_2468x2247_zoom.jpg,2026-03-21,2026-03-27,https://res.cloudinary.com/dfqzmnlga/image/upload/v1774064676/2026-03-21/11018270.jpg
11018557,7.20,ØGO,Riskiks,Majskiks med Havsalt,1,0,pk.,Netto,https://static.tilbudsugen.dk/1st-retail/2026/13/64896/Netto122026-1_18_292x4034_2521x6839_zoom.jpg,2026-03-21,2026-03-27,https://res.cloudinary.com/dfqzmnlga/image/upload/v1774064677/2026-03-21/11018557.jpg
11018644,42.00,,Spanske vine,Spansk Rødvin,1,0,fl.,Netto,https://static.tilbudsugen.dk/1st-retail/2026/13/64896/Netto122026-1_24_0x2895_1672x4903_zoom.jpg,2026-03-21,2026-03-27,https://res.cloudinary.com/dfqzmnlga/image/upload/v1774064677/2026-03-21/11018644.jpg
11018645,42.00,,Tyske vine,Tysk Hvidvin,1,0,fl.,Netto,https://static.tilbudsugen.dk/1st-retail/2026/13/64896/Netto122026-1_24_0x2895_1672x4903_zoom.jpg,2026-03-21,2026-03-27,https://res.cloudinary.com/dfqzmnlga/image/upload/v1774064678/2026-03-21/11018645.jpg
11018643,42.00,,Spanske vine,Spansk Hvidvin,1,0,fl.,Netto,https://static.tilbudsugen.dk/1st-retail/2026/13/64896/Netto122026-1_24_0x2895_1672x4903_zoom.jpg,2026-03-21,2026-03-27,https://res.cloudinary.com/dfqzmnlga/image/upload/v1774064678/2026-03-21/11018643.jpg
11018441,23.47,De Danske Familiegårde,Kylling,Hakket kylling 3-7%,1,0,bk.,Netto,https://static.tilbudsugen.dk/1st-retail/2026/13/64896/Netto122026-1_19_2445x4291_4998x6857_zoom.jpg,2026-03-21,2026-03-27,https://res.cloudinary.com/dfqzmnlga/image/upload/v1774064679/2026-03-21/11018441.jpg
11018433,25.00,Protein Lab,Fastfoodbrød,Pitabrød,1,0,pk.,Netto,https://static.tilbudsugen.dk/1st-retail/2026/13/64896/Netto122026-1_15_1645x257_3291x2353_zoom.jpg,2026-03-21,2026-03-27,https://res.cloudinary.com/dfqzmnlga/image/upload/v1774064679/2026-03-21/11018433.jpg
11018439,12.00,Protein Lab,Dessert Køl,Protein Pudding Vanilla,1,0,bg.,Netto,https://static.tilbudsugen.dk/1st-retail/2026/13/64896/Netto122026-1_15_3193x203_4759x2389_zoom.jpg,2026-03-21,2026-03-27,https://res.cloudinary.com/dfqzmnlga/image/upload/v1774064679/2026-03-21/11018439.jpg
11018445,12.00,Protein Lab,Dessert Køl,Protein Pudding Caramel,1,0,bg.,Netto,https://static.tilbudsugen.dk/1st-retail/2026/13/64896/Netto122026-1_15_3193x203_4759x2389_zoom.jpg,2026-03-21,2026-03-27,https://res.cloudinary.com/dfqzmnlga/image/upload/v1774064680/2026-03-21/11018445.jpg
11018446,12.00,Protein Lab,Dessert Køl,Protein Mousse Chokolate,1,0,bg.,Netto,https://static.tilbudsugen.dk/1st-retail/2026/13/64896/Netto122026-1_15_3193x203_4759x2389_zoom.jpg,2026-03-21,2026-03-27,https://res.cloudinary.com/dfqzmnlga/image/upload/v1774064680/2026-03-21/11018446.jpg
11018444,12.00,Protein Lab,Dessert Køl,Protein Pudding Chokolate,1,0,bg.,Netto,https://static.tilbudsugen.dk/1st-retail/2026/13/64896/Netto122026-1_15_3193x203_4759x2389_zoom.jpg,2026-03-21,2026-03-27,https://res.cloudinary.com/dfqzmnlga/image/upload/v1774064681/2026-03-21/11018444.jpg
11018263,12.00,Bornholms,Konserves,Torskerogn,1,0,ds.,Netto,https://static.tilbudsugen.dk/1st-retail/2026/13/64896/Netto122026-1_2_2349x192_4998x2415_zoom.jpg,2026-03-21,2026-03-27,https://res.cloudinary.com/dfqzmnlga/image/upload/v1774064681/2026-03-21/11018263.jpg
11018447,12.00,Protein Lab,Dessert Køl,Protein Mousse Vanilla,1,0,bg.,Netto,https://static.tilbudsugen.dk/1st-retail/2026/13/64896/Netto122026-1_15_3193x203_4759x2389_zoom.jpg,2026-03-21,2026-03-27,https://res.cloudinary.com/dfqzmnlga/image/upload/v1774064682/2026-03-21/11018447.jpg
11018440,7.67,Buko,Specialost,Flødeost Garli,1,0,bg.,Netto,https://static.tilbudsugen.dk/1st-retail/2026/13/64896/Netto122026-1_19_3080x737_4956x4183_zoom.jpg,2026-03-21,2026-03-27,https://res.cloudinary.com/dfqzmnlga/image/upload/v1774064682/2026-03-21/11018440.jpg
11018468,25.00,Steff Houlberg,300 g - 599 g Normalpakke Pølser,Grillpølser,1,0,pk.,Netto,https://static.tilbudsugen.dk/1st-retail/2026/13/64896/Netto122026-1_16_97x602_1636x2946_zoom.jpg,2026-03-21,2026-03-27,https://res.cloudinary.com/dfqzmnlga/image/upload/v1774064682/2026-03-21/11018468.jpg
11018564,29.00,Quaker,Morgenmadsprodukter,Havrefras,1,0,pk.,Netto,https://static.tilbudsugen.dk/1st-retail/2026/13/64896/Netto122026-1_23_3230x114_4998x3488_zoom.jpg,2026-03-21,2026-03-27,https://res.cloudinary.com/dfqzmnlga/image/upload/v1774064683/2026-03-21/11018564.jpg
11018565,29.00,Pauluns,Müsli & Granola,Granola Hasselnødder & Dadler,1,0,pk.,Netto,https://static.tilbudsugen.dk/1st-retail/2026/13/64896/Netto122026-1_23_3230x114_4998x3488_zoom.jpg,2026-03-21,2026-03-27,https://res.cloudinary.com/dfqzmnlga/image/upload/v1774064683/2026-03-21/11018565.jpg
11018448,29.00,Protein Lab,Is,High Protein strawberry vanilla is,1,0,bg.,Netto,https://static.tilbudsugen.dk/1st-retail/2026/13/64896/Netto122026-1_15_3167x2389_4768x4539_zoom.jpg,2026-03-21,2026-03-27,https://res.cloudinary.com/dfqzmnlga/image/upload/v1774064684/2026-03-21/11018448.jpg
11018449,29.00,Protein Lab,Is,High Protein salty caramel is,1,0,bg.,Netto,https://static.tilbudsugen.dk/1st-retail/2026/13/64896/Netto122026-1_15_3167x2389_4768x4539_zoom.jpg,2026-03-21,2026-03-27,https://res.cloudinary.com/dfqzmnlga/image/upload/v1774064684/2026-03-21/11018449.jpg
11018563,29.00,Quaker,Morgenmadsprodukter,Rugfras,1,0,pk.,Netto,https://static.tilbudsugen.dk/1st-retail/2026/13/64896/Netto122026-1_23_3230x114_4998x3488_zoom.jpg,2026-03-21,2026-03-27,https://res.cloudinary.com/dfqzmnlga/image/upload/v1774064685/2026-03-21/11018563.jpg
11018431,39.00,Velsmag,Grisekød,Nakkekoteletter,1,0,bk.,Netto,https://static.tilbudsugen.dk/1st-retail/2026/13/64896/Netto122026-1_9_2373x2811_4998x4759_zoom.jpg,2026-03-21,2026-03-27,https://res.cloudinary.com/dfqzmnlga/image/upload/v1774064685/2026-03-21/11018431.jpg
11018269,99.00,Velsmag,Grisekød,Grisemørbrad,1,1,bk.,Netto,https://static.tilbudsugen.dk/1st-retail/2026/13/64896/Netto122026-1_10_88x88_2468x2247_zoom.jpg,2026-03-21,2026-03-27,https://res.cloudinary.com/dfqzmnlga/image/upload/v1774064685/2026-03-21/11018269.jpg
11018553,13.27,ØGO,Snacknødder & Nøddeblandinger,Peanuts,1,0,ps.,Netto,https://static.tilbudsugen.dk/1st-retail/2026/13/64896/Netto122026-1_18_2654x4132_4998x6865_zoom.jpg,2026-03-21,2026-03-27,https://res.cloudinary.com/dfqzmnlga/image/upload/v1774064686/2026-03-21/11018553.jpg
11018329,10.00,Salatmesteren,Pålægssalat,Kylling & Baconsalat,1,0,bg.,Netto,https://static.tilbudsugen.dk/1st-retail/2026/13/64896/Netto122026-1_4_30x174_2523x3620_zoom.jpg,2026-03-21,2026-03-27,https://res.cloudinary.com/dfqzmnlga/image/upload/v1774064686/2026-03-21/11018329.jpg
11018548,20.00,Bonduelle,Grønt,Majs,1,0,ds.,Netto,https://static.tilbudsugen.dk/1st-retail/2026/13/64896/Netto122026-1_23_1702x5088_3326x6911_zoom.jpg,2026-03-21,2026-03-27,https://res.cloudinary.com/dfqzmnlga/image/upload/v1774064687/2026-03-21/11018548.jpg
11018373,10.00,Buko,Specialost,Flødeost Pikant Løg og Krydderurter,1,0,bg.,Netto,https://static.tilbudsugen.dk/1st-retail/2026/13/64896/Netto122026-1_6_24x90_2499x3602_zoom.jpg,2026-03-21,2026-03-27,https://res.cloudinary.com/dfqzmnlga/image/upload/v1774064687/2026-03-21/11018373.jpg
11018326,10.00,Salatmesteren,Pålægssalat,Æggesalat,1,0,bg.,Netto,https://static.tilbudsugen.dk/1st-retail/2026/13/64896/Netto122026-1_4_30x174_2523x3620_zoom.jpg,2026-03-21,2026-03-27,https://res.cloudinary.com/dfqzmnlga/image/upload/v1774064688/2026-03-21/11018326.jpg
11018369,10.00,Buko,Specialost,Flødeost Naturel,1,0,bg.,Netto,https://static.tilbudsugen.dk/1st-retail/2026/13/64896/Netto122026-1_6_24x90_2499x3602_zoom.jpg,2026-03-21,2026-03-27,https://res.cloudinary.com/dfqzmnlga/image/upload/v1774064688/2026-03-21/11018369.jpg
11018328,10.00,Salatmesteren,Pålægssalat,Tunsalat,1,0,bg.,Netto,https://static.tilbudsugen.dk/1st-retail/2026/13/64896/Netto122026-1_4_30x174_2523x3620_zoom.jpg,2026-03-21,2026-03-27,https://res.cloudinary.com/dfqzmnlga/image/upload/v1774064689/2026-03-21/11018328.jpg
11018330,10.00,Salatmesteren,Pålægssalat,Rejesalat,1,0,bg.,Netto,https://static.tilbudsugen.dk/1st-retail/2026/13/64896/Netto122026-1_4_30x174_2523x3620_zoom.jpg,2026-03-21,2026-03-27,https://res.cloudinary.com/dfqzmnlga/image/upload/v1774064689/2026-03-21/11018330.jpg
11018332,10.00,Salatmesteren,Pålægssalat,Hønsesalat,1,0,bg.,Netto,https://static.tilbudsugen.dk/1st-retail/2026/13/64896/Netto122026-1_4_30x174_2523x3620_zoom.jpg,2026-03-21,2026-03-27,https://res.cloudinary.com/dfqzmnlga/image/upload/v1774064689/2026-03-21/11018332.jpg
11018327,10.00,Salatmesteren,Pålægssalat,Skinkesalat,1,0,bg.,Netto,https://static.tilbudsugen.dk/1st-retail/2026/13/64896/Netto122026-1_4_30x174_2523x3620_zoom.jpg,2026-03-21,2026-03-27,https://res.cloudinary.com/dfqzmnlga/image/upload/v1774064690/2026-03-21/11018327.jpg
11018331,10.00,Salatmesteren,Pålægssalat,Makrelsalat,1,0,bg.,Netto,https://static.tilbudsugen.dk/1st-retail/2026/13/64896/Netto122026-1_4_30x174_2523x3620_zoom.jpg,2026-03-21,2026-03-27,https://res.cloudinary.com/dfqzmnlga/image/upload/v1774064690/2026-03-21/11018331.jpg
11018363,10.00,Buko,Specialost,Flødeost Pikant,1,0,bg.,Netto,https://static.tilbudsugen.dk/1st-retail/2026/13/64896/Netto122026-1_6_24x90_2499x3602_zoom.jpg,2026-03-21,2026-03-27,https://res.cloudinary.com/dfqzmnlga/image/upload/v1774064691/2026-03-21/11018363.jpg
11018465,25.00,Steff Houlberg,300 g - 599 g Normalpakke Pølser,Hotdogpølser,1,0,pk.,Netto,https://static.tilbudsugen.dk/1st-retail/2026/13/64896/Netto122026-1_16_97x602_1636x2946_zoom.jpg,2026-03-21,2026-03-27,https://res.cloudinary.com/dfqzmnlga/image/upload/v1774064691/2026-03-21/11018465.jpg
11018467,25.00,Steff Houlberg,300 g - 599 g Normalpakke Pølser,Bayerske Pølser,1,0,pk.,Netto,https://static.tilbudsugen.dk/1st-retail/2026/13/64896/Netto122026-1_16_97x602_1636x2946_zoom.jpg,2026-03-21,2026-03-27,https://res.cloudinary.com/dfqzmnlga/image/upload/v1774064691/2026-03-21/11018467.jpg
11018394,7.00,Brunchy,Bacon,Baconskiver,1,0,pk.,Netto,https://static.tilbudsugen.dk/1st-retail/2026/13/64896/Netto122026-1_7_1678x3278_3266x4699_zoom.jpg,2026-03-21,2026-03-27,https://res.cloudinary.com/dfqzmnlga/image/upload/v1774064692/2026-03-21/11018394.jpg
11018436,49.00,Velsmag,Grisekød,Flæsk i skiver,1,0,bk.,Netto,https://static.tilbudsugen.dk/1st-retail/2026/13/64896/Netto122026-1_9_66x2871_2457x4825_zoom.jpg,2026-03-21,2026-03-27,https://res.cloudinary.com/dfqzmnlga/image/upload/v1774064692/2026-03-21/11018436.jpg
11018293,10.00,Taffel,Chips,Original Chips,1,0,ps.,Netto,https://static.tilbudsugen.dk/1st-retail/2026/13/64896/Netto122026-1_2_42x2523_2325x4927_zoom.jpg,2026-03-21,2026-03-27,https://res.cloudinary.com/dfqzmnlga/image/upload/v1774064693/2026-03-21/11018293.jpg
11018290,10.00,Taffel,Chips,Sour Cream & Onion Chips,1,0,ps.,Netto,https://static.tilbudsugen.dk/1st-retail/2026/13/64896/Netto122026-1_2_42x2523_2325x4927_zoom.jpg,2026-03-21,2026-03-27,https://res.cloudinary.com/dfqzmnlga/image/upload/v1774064693/2026-03-21/11018290.jpg
11018292,10.00,Taffel,Chips,Havsalt Chips,1,0,ps.,Netto,https://static.tilbudsugen.dk/1st-retail/2026/13/64896/Netto122026-1_2_42x2523_2325x4927_zoom.jpg,2026-03-21,2026-03-27,https://res.cloudinary.com/dfqzmnlga/image/upload/v1774064693/2026-03-21/11018292.jpg
11018476,25.00,Steff Houlberg,Færdigretter Frost,Brændende Kærlighed,1,0,pk.,Netto,https://static.tilbudsugen.dk/1st-retail/2026/13/64896/Netto122026-1_16_62x2698_1743x4875_zoom.jpg,2026-03-21,2026-03-27,https://res.cloudinary.com/dfqzmnlga/image/upload/v1774064694/2026-03-21/11018476.jpg
11018469,25.00,Steff Houlberg,300 g - 599 g Normalpakke Pølser,Ostegrillpølser,1,0,pk.,Netto,https://static.tilbudsugen.dk/1st-retail/2026/13/64896/Netto122026-1_16_97x602_1636x2946_zoom.jpg,2026-03-21,2026-03-27,https://res.cloudinary.com/dfqzmnlga/image/upload/v1774064694/2026-03-21/11018469.jpg
11018477,25.00,Steff Houlberg,Færdigretter Frost,Forloren Hare,1,0,pk.,Netto,https://static.tilbudsugen.dk/1st-retail/2026/13/64896/Netto122026-1_16_62x2698_1743x4875_zoom.jpg,2026-03-21,2026-03-27,https://res.cloudinary.com/dfqzmnlga/image/upload/v1774064695/2026-03-21/11018477.jpg
11018473,25.00,Steff Houlberg,Færdigretter Frost,Boller i Karry,1,0,pk.,Netto,https://static.tilbudsugen.dk/1st-retail/2026/13/64896/Netto122026-1_16_62x2698_1743x4875_zoom.jpg,2026-03-21,2026-03-27,https://res.cloudinary.com/dfqzmnlga/image/upload/v1774064695/2026-03-21/11018473.jpg
11018650,55.00,,Californiske vine,Californisk Rosevin,1,0,fl.,Netto,https://static.tilbudsugen.dk/1st-retail/2026/13/64896/Netto122026-1_24_1696x2853_3362x4903_zoom.jpg,2026-03-21,2026-03-27,https://res.cloudinary.com/dfqzmnlga/image/upload/v1774064696/2026-03-21/11018650.jpg
11018652,55.00,,Californiske vine,Californisk Rødvin,1,0,fl.,Netto,https://static.tilbudsugen.dk/1st-retail/2026/13/64896/Netto122026-1_24_1696x2853_3362x4903_zoom.jpg,2026-03-21,2026-03-27,https://res.cloudinary.com/dfqzmnlga/image/upload/v1774064696/2026-03-21/11018652.jpg
11018654,55.00,,Italienske vine,Italiensk Mousserende Vin,1,0,fl.,Netto,https://static.tilbudsugen.dk/1st-retail/2026/13/64896/Netto122026-1_24_1696x2853_3362x4903_zoom.jpg,2026-03-21,2026-03-27,https://res.cloudinary.com/dfqzmnlga/image/upload/v1774064696/2026-03-21/11018654.jpg
11018648,55.00,,Italienske vine,Italiensk Rødvin,1,0,fl.,Netto,https://static.tilbudsugen.dk/1st-retail/2026/13/64896/Netto122026-1_24_1696x2853_3362x4903_zoom.jpg,2026-03-21,2026-03-27,https://res.cloudinary.com/dfqzmnlga/image/upload/v1774064697/2026-03-21/11018648.jpg
11018653,55.00,,Californiske vine,Californisk Hvidvin,1,0,fl.,Netto,https://static.tilbudsugen.dk/1st-retail/2026/13/64896/Netto122026-1_24_1696x2853_3362x4903_zoom.jpg,2026-03-21,2026-03-27,https://res.cloudinary.com/dfqzmnlga/image/upload/v1774064697/2026-03-21/11018653.jpg
11018472,30.00,Næmt,Færdigretter Køl,Pulled Pork,1,0,pk.,Netto,https://static.tilbudsugen.dk/1st-retail/2026/13/64896/Netto122026-1_16_1716x557_3759x2884_zoom.jpg,2026-03-21,2026-03-27,https://res.cloudinary.com/dfqzmnlga/image/upload/v1774064697/2026-03-21/11018472.jpg
11018393,15.00,Næmt,Færdigretter Køl,Frikadeller,1,0,bk.,Netto,https://static.tilbudsugen.dk/1st-retail/2026/13/64896/Netto122026-1_7_0x2673_1672x4711_zoom.jpg,2026-03-21,2026-03-27,https://res.cloudinary.com/dfqzmnlga/image/upload/v1774064698/2026-03-21/11018393.jpg
11018289,10.00,Taffel,Snacks,Chicken Pomm´s Snacks,1,0,ps.,Netto,https://static.tilbudsugen.dk/1st-retail/2026/13/64896/Netto122026-1_2_42x2523_2325x4927_zoom.jpg,2026-03-21,2026-03-27,https://res.cloudinary.com/dfqzmnlga/image/upload/v1774064698/2026-03-21/11018289.jpg
11018294,10.00,Taffel,Snacks,Super Snack Holiday,1,0,ps.,Netto,https://static.tilbudsugen.dk/1st-retail/2026/13/64896/Netto122026-1_2_42x2523_2325x4927_zoom.jpg,2026-03-21,2026-03-27,https://res.cloudinary.com/dfqzmnlga/image/upload/v1774064699/2026-03-21/11018294.jpg
11018291,10.00,Taffel,Snacks,Osterejer med Ægte Cheddar,1,0,ps.,Netto,https://static.tilbudsugen.dk/1st-retail/2026/13/64896/Netto122026-1_2_42x2523_2325x4927_zoom.jpg,2026-03-21,2026-03-27,https://res.cloudinary.com/dfqzmnlga/image/upload/v1774064699/2026-03-21/11018291.jpg
11018550,12.00,Sereno,Snacknødder & Nøddeblandinger,Salty Mix,1,0,bg.,Netto,https://static.tilbudsugen.dk/1st-retail/2026/13/64896/Netto122026-1_23_0x1834_3260x3404_zoom.jpg,2026-03-21,2026-03-27,https://res.cloudinary.com/dfqzmnlga/image/upload/v1774064700/2026-03-21/11018550.jpg
11018554,12.00,Sereno,Snacknødder & Nøddeblandinger,Spicy Mix Roasted,1,0,bg.,Netto,https://static.tilbudsugen.dk/1st-retail/2026/13/64896/Netto122026-1_23_0x1834_3260x3404_zoom.jpg,2026-03-21,2026-03-27,https://res.cloudinary.com/dfqzmnlga/image/upload/v1774064700/2026-03-21/11018554.jpg
11018552,12.00,Sereno,Snacknødder & Nøddeblandinger,Sweet & Salty Mix Roasted,1,0,bg.,Netto,https://static.tilbudsugen.dk/1st-retail/2026/13/64896/Netto122026-1_23_0x1834_3260x3404_zoom.jpg,2026-03-21,2026-03-27,https://res.cloudinary.com/dfqzmnlga/image/upload/v1774064700/2026-03-21/11018552.jpg
11018403,99.00,HC Andersen,Skæreost,Skæreost Mellemlagret 45+,1,1,stk.,Netto,https://static.tilbudsugen.dk/1st-retail/2026/13/64896/Netto122026-1_14_3273x4777_4768x6848_zoom.jpg,2026-03-21,2026-03-27,https://res.cloudinary.com/dfqzmnlga/image/upload/v1774064701/2026-03-21/11018403.jpg
11018301,12.00,Loco Taco,Mexicansk,Taco Shells,1,0,pk.,Netto,https://static.tilbudsugen.dk/1st-retail/2026/13/64896/Netto122026-1_12_2486x1416_3759x3114_zoom.jpg,2026-03-21,2026-03-27,https://res.cloudinary.com/dfqzmnlga/image/upload/v1774064701/2026-03-21/11018301.jpg
11018501,8.00,LU TUC,Kiks,LU Tuc Original Kiks,1,0,pk.,Netto,https://static.tilbudsugen.dk/1st-retail/2026/13/64896/Netto122026-1_22_1642x1199_3242x3452_zoom.jpg,2026-03-21,2026-03-27,https://res.cloudinary.com/dfqzmnlga/image/upload/v1774064702/2026-03-21/11018501.jpg
11018498,8.00,LU TUC,Kiks,LU Tuc Salt & Peber,1,0,pk.,Netto,https://static.tilbudsugen.dk/1st-retail/2026/13/64896/Netto122026-1_22_1642x1199_3242x3452_zoom.jpg,2026-03-21,2026-03-27,https://res.cloudinary.com/dfqzmnlga/image/upload/v1774064702/2026-03-21/11018498.jpg
11018504,8.00,LU TUC,Kiks,LU Tuc Paprika Kiks,1,0,pk.,Netto,https://static.tilbudsugen.dk/1st-retail/2026/13/64896/Netto122026-1_22_1642x1199_3242x3452_zoom.jpg,2026-03-21,2026-03-27,https://res.cloudinary.com/dfqzmnlga/image/upload/v1774064703/2026-03-21/11018504.jpg
11018502,8.00,LU TUC,Kiks,LU Tuc Sour Cream & Onion Kiks,1,0,pk.,Netto,https://static.tilbudsugen.dk/1st-retail/2026/13/64896/Netto122026-1_22_1642x1199_3242x3452_zoom.jpg,2026-03-21,2026-03-27,https://res.cloudinary.com/dfqzmnlga/image/upload/v1774064703/2026-03-21/11018502.jpg
11018503,8.00,LU TUC,Kiks,Lu Tuc Sweet Chili Kiks,1,0,pk.,Netto,https://static.tilbudsugen.dk/1st-retail/2026/13/64896/Netto122026-1_22_1642x1199_3242x3452_zoom.jpg,2026-03-21,2026-03-27,https://res.cloudinary.com/dfqzmnlga/image/upload/v1774064703/2026-03-21/11018503.jpg
11018527,20.00,ØGO,Sødemiddel,Honning,1,0,stk.,Netto,https://static.tilbudsugen.dk/1st-retail/2026/13/64896/Netto122026-1_17_0x1911_1274x3955_zoom.jpg,2026-03-21,2026-03-27,https://res.cloudinary.com/dfqzmnlga/image/upload/v1774064704/2026-03-21/11018527.jpg
11018333,40.00,I Like Mix,Slik,Slikposer,1,0,ps.,Netto,https://static.tilbudsugen.dk/1st-retail/2026/13/64896/Netto122026-1_5_6x210_2475x3632_zoom.jpg,2026-03-21,2026-03-27,https://res.cloudinary.com/dfqzmnlga/image/upload/v1774064704/2026-03-21/11018333.jpg
11018335,40.00,Stjernemix,Slik,Slikposer,1,0,ps.,Netto,https://static.tilbudsugen.dk/1st-retail/2026/13/64896/Netto122026-1_5_6x210_2475x3632_zoom.jpg,2026-03-21,2026-03-27,https://res.cloudinary.com/dfqzmnlga/image/upload/v1774064705/2026-03-21/11018335.jpg
11018470,30.00,Næmt,Færdigretter Køl,Pulled Chicken,1,0,pk.,Netto,https://static.tilbudsugen.dk/1st-retail/2026/13/64896/Netto122026-1_16_1716x557_3759x2884_zoom.jpg,2026-03-21,2026-03-27,https://res.cloudinary.com/dfqzmnlga/image/upload/v1774064706/2026-03-21/11018470.jpg
11018334,40.00,Matador Mix,Slik,Slikposer,1,0,ps.,Netto,https://static.tilbudsugen.dk/1st-retail/2026/13/64896/Netto122026-1_5_6x210_2475x3632_zoom.jpg,2026-03-21,2026-03-27,https://res.cloudinary.com/dfqzmnlga/image/upload/v1774064706/2026-03-21/11018334.jpg
11018560,29.00,Pauluns,Müsli & Granola,Granola Kakao & Hindbær,1,0,pk.,Netto,https://static.tilbudsugen.dk/1st-retail/2026/13/64896/Netto122026-1_23_3230x114_4998x3488_zoom.jpg,2026-03-21,2026-03-27,https://res.cloudinary.com/dfqzmnlga/image/upload/v1774064707/2026-03-21/11018560.jpg
11018430,25.00,Danpo,Kylling,Kyllingeunderlår,1,0,pk.,Netto,https://static.tilbudsugen.dk/1st-retail/2026/13/64896/Netto122026-1_9_2445x695_4992x2793_zoom.jpg,2026-03-21,2026-03-27,https://res.cloudinary.com/dfqzmnlga/image/upload/v1774064707/2026-03-21/11018430.jpg
11018505,10.00,Lagerman Konfekt,Slik,Lakridskonfekt,1,0,ps.,Netto,https://static.tilbudsugen.dk/1st-retail/2026/13/64896/Netto122026-1_22_3242x1223_4956x3422_zoom.jpg,2026-03-21,2026-03-27,https://res.cloudinary.com/dfqzmnlga/image/upload/v1774064708/2026-03-21/11018505.jpg
11018538,10.00,Semper,Babymad,Grød,1,0,stk.,Netto,https://static.tilbudsugen.dk/1st-retail/2026/13/64896/Netto122026-1_23_12x3410_3314x5088_zoom.jpg,2026-03-21,2026-03-27,https://res.cloudinary.com/dfqzmnlga/image/upload/v1774064709/2026-03-21/11018538.jpg
11018508,10.00,Søde Jordbær & Æbler,Slik,Slikposer,1,0,ps.,Netto,https://static.tilbudsugen.dk/1st-retail/2026/13/64896/Netto122026-1_22_3242x1223_4956x3422_zoom.jpg,2026-03-21,2026-03-27,https://res.cloudinary.com/dfqzmnlga/image/upload/v1774064709/2026-03-21/11018508.jpg
11018511,10.00,Frække Fisk,Slik,Slikposer,1,0,ps.,Netto,https://static.tilbudsugen.dk/1st-retail/2026/13/64896/Netto122026-1_22_3242x1223_4956x3422_zoom.jpg,2026-03-21,2026-03-27,https://res.cloudinary.com/dfqzmnlga/image/upload/v1774064709/2026-03-21/11018511.jpg
11018337,40.00,Matador Mix,Slik,Slikpose Dark,1,0,ps.,Netto,https://static.tilbudsugen.dk/1st-retail/2026/13/64896/Netto122026-1_5_6x210_2475x3632_zoom.jpg,2026-03-21,2026-03-27,https://res.cloudinary.com/dfqzmnlga/image/upload/v1774064710/2026-03-21/11018337.jpg
11018336,40.00,Click Mix,Slik,Slikposer,1,0,ps.,Netto,https://static.tilbudsugen.dk/1st-retail/2026/13/64896/Netto122026-1_5_6x210_2475x3632_zoom.jpg,2026-03-21,2026-03-27,https://res.cloudinary.com/dfqzmnlga/image/upload/v1774064710/2026-03-21/11018336.jpg
11018338,40.00,Mega Bite Mix,Slik,Slikposer,1,0,ps.,Netto,https://static.tilbudsugen.dk/1st-retail/2026/13/64896/Netto122026-1_5_6x210_2475x3632_zoom.jpg,2026-03-21,2026-03-27,https://res.cloudinary.com/dfqzmnlga/image/upload/v1774064711/2026-03-21/11018338.jpg
11018556,12.00,Sereno,Snacknødder & Nøddeblandinger,Trail Mix,1,0,bg.,Netto,https://static.tilbudsugen.dk/1st-retail/2026/13/64896/Netto122026-1_23_0x1834_3260x3404_zoom.jpg,2026-03-21,2026-03-27,https://res.cloudinary.com/dfqzmnlga/image/upload/v1774064711/2026-03-21/11018556.jpg
11018428,24.00,Bådsmand,Fisk og skaldyr Køl,Fiskefrikadeller,1,0,bk.,Netto,https://static.tilbudsugen.dk/1st-retail/2026/13/64896/Netto122026-1_8_3188x2487_4932x4651_zoom.jpg,2026-03-21,2026-03-27,https://res.cloudinary.com/dfqzmnlga/image/upload/v1774064712/2026-03-21/11018428.jpg
11018639,60.00,Små Fugle,Shots,Shots,1,0,fl.,Netto,https://static.tilbudsugen.dk/1st-retail/2026/13/64896/Netto122026-1_24_3326x701_4962x2883_zoom.jpg,2026-03-21,2026-03-27,https://res.cloudinary.com/dfqzmnlga/image/upload/v1774064712/2026-03-21/11018639.jpg
11018640,60.00,Små Sure,Shots,Shots Sour Blueberry,1,0,fl.,Netto,https://static.tilbudsugen.dk/1st-retail/2026/13/64896/Netto122026-1_24_3326x701_4962x2883_zoom.jpg,2026-03-21,2026-03-27,https://res.cloudinary.com/dfqzmnlga/image/upload/v1774064712/2026-03-21/11018640.jpg
11018641,60.00,Små Sure,Shots,Shots Sour Raspberry,1,0,fl.,Netto,https://static.tilbudsugen.dk/1st-retail/2026/13/64896/Netto122026-1_24_3326x701_4962x2883_zoom.jpg,2026-03-21,2026-03-27,https://res.cloudinary.com/dfqzmnlga/image/upload/v1774064713/2026-03-21/11018641.jpg
11018638,60.00,Små Sport,Shots,Shots,1,0,fl.,Netto,https://static.tilbudsugen.dk/1st-retail/2026/13/64896/Netto122026-1_24_3326x701_4962x2883_zoom.jpg,2026-03-21,2026-03-27,https://res.cloudinary.com/dfqzmnlga/image/upload/v1774064713/2026-03-21/11018638.jpg
11018642,60.00,Små Sure,Shots,Shots Sour Peach,1,0,fl.,Netto,https://static.tilbudsugen.dk/1st-retail/2026/13/64896/Netto122026-1_24_3326x701_4962x2883_zoom.jpg,2026-03-21,2026-03-27,https://res.cloudinary.com/dfqzmnlga/image/upload/v1774064713/2026-03-21/11018642.jpg
11018512,10.00,Godt & Blandet,Slik,Slikpose Sure Mix,1,0,ps.,Netto,https://static.tilbudsugen.dk/1st-retail/2026/13/64896/Netto122026-1_22_3242x1223_4956x3422_zoom.jpg,2026-03-21,2026-03-27,https://res.cloudinary.com/dfqzmnlga/image/upload/v1774064714/2026-03-21/11018512.jpg
11018510,10.00,Godt & Blandet,Slik,Slikposer,1,0,ps.,Netto,https://static.tilbudsugen.dk/1st-retail/2026/13/64896/Netto122026-1_22_3242x1223_4956x3422_zoom.jpg,2026-03-21,2026-03-27,https://res.cloudinary.com/dfqzmnlga/image/upload/v1774064714/2026-03-21/11018510.jpg
11018426,50.00,Them Ost,Skæreost,Skæreost Guld Årets Påskeost,1,0,stk.,Netto,https://static.tilbudsugen.dk/1st-retail/2026/13/64896/Netto122026-1_14_79x4848_1778x6857_zoom.jpg,2026-03-21,2026-03-27,https://res.cloudinary.com/dfqzmnlga/image/upload/v1774064715/2026-03-21/11018426.jpg
11018255,35.00,Mørk,Kaffe,Kaffe Formalet,1,0,ps.,Netto,https://static.tilbudsugen.dk/1st-retail/2026/13/64896/Netto122026-1_1_60x4357_2445x6946_zoom.jpg,2026-03-21,2026-03-27,https://res.cloudinary.com/dfqzmnlga/image/upload/v1774064715/2026-03-21/11018255.jpg
11018462,35.00,Premieur,Sild,Sild,1,0,gl.,Netto,https://static.tilbudsugen.dk/1st-retail/2026/13/64896/Netto122026-1_20_3290x4717_4944x6785_zoom.jpg,2026-03-21,2026-03-27,https://res.cloudinary.com/dfqzmnlga/image/upload/v1774064716/2026-03-21/11018462.jpg
11018253,35.00,Extra Specialristet,Kaffe,Kaffe Formalet,1,0,ps.,Netto,https://static.tilbudsugen.dk/1st-retail/2026/13/64896/Netto122026-1_1_60x4357_2445x6946_zoom.jpg,2026-03-21,2026-03-27,https://res.cloudinary.com/dfqzmnlga/image/upload/v1774064716/2026-03-21/11018253.jpg
11018279,35.00,Danpo,Kylling,Kyllingebrystfilet,1,0,bk.,Netto,https://static.tilbudsugen.dk/1st-retail/2026/13/64896/Netto122026-1_10_62x4716_2494x6848_zoom.jpg,2026-03-21,2026-03-27,https://res.cloudinary.com/dfqzmnlga/image/upload/v1774064716/2026-03-21/11018279.jpg
11018280,35.00,Danpo,Kylling,Kyllingeinderfileter,1,0,bk.,Netto,https://static.tilbudsugen.dk/1st-retail/2026/13/64896/Netto122026-1_10_62x4716_2494x6848_zoom.jpg,2026-03-21,2026-03-27,https://res.cloudinary.com/dfqzmnlga/image/upload/v1774064717/2026-03-21/11018280.jpg
11018668,22.00,Elvital,Shampoo,Shampoo,1,0,fl.,Netto,https://static.tilbudsugen.dk/1st-retail/2026/13/64896/Netto122026-1_25_90x4771_1666x6851_zoom.jpg,2026-03-21,2026-03-27,https://res.cloudinary.com/dfqzmnlga/image/upload/v1774064717/2026-03-21/11018668.jpg
11018507,10.00,Djungelvrål,Slik,Slikposer,1,0,ps.,Netto,https://static.tilbudsugen.dk/1st-retail/2026/13/64896/Netto122026-1_22_3242x1223_4956x3422_zoom.jpg,2026-03-21,2026-03-27,https://res.cloudinary.com/dfqzmnlga/image/upload/v1774064718/2026-03-21/11018507.jpg
11018513,10.00,Godt & Blandet,Slik,Slikpose Ægte Frugt Frugt & Lakrids,1,0,ps.,Netto,https://static.tilbudsugen.dk/1st-retail/2026/13/64896/Netto122026-1_22_3242x1223_4956x3422_zoom.jpg,2026-03-21,2026-03-27,https://res.cloudinary.com/dfqzmnlga/image/upload/v1774064718/2026-03-21/11018513.jpg
11018509,10.00,Familie Guf,Slik,Slikposer,1,0,ps.,Netto,https://static.tilbudsugen.dk/1st-retail/2026/13/64896/Netto122026-1_22_3242x1223_4956x3422_zoom.jpg,2026-03-21,2026-03-27,https://res.cloudinary.com/dfqzmnlga/image/upload/v1774064718/2026-03-21/11018509.jpg
11018386,22.00,Klovborg,Skiveost,Skiveost Danbo Mellemlagret,1,0,pk.,Netto,https://static.tilbudsugen.dk/1st-retail/2026/13/64896/Netto122026-1_14_1672x2805_3308x4866_zoom.jpg,2026-03-21,2026-03-27,https://res.cloudinary.com/dfqzmnlga/image/upload/v1774064719/2026-03-21/11018386.jpg
11018414,22.00,Klovborg,Skiveost,Skiveost Danbo Mellemlagret Kommen,1,0,pk.,Netto,https://static.tilbudsugen.dk/1st-retail/2026/13/64896/Netto122026-1_14_1672x2805_3308x4866_zoom.jpg,2026-03-21,2026-03-27,https://res.cloudinary.com/dfqzmnlga/image/upload/v1774064719/2026-03-21/11018414.jpg
11018558,12.00,Sereno,Snacknødder & Nøddeblandinger,Chili Peanuts Crunchy,1,0,bg.,Netto,https://static.tilbudsugen.dk/1st-retail/2026/13/64896/Netto122026-1_23_0x1834_3260x3404_zoom.jpg,2026-03-21,2026-03-27,https://res.cloudinary.com/dfqzmnlga/image/upload/v1774064719/2026-03-21/11018558.jpg
11018303,149.00,,Lammekød og fårekød,Lammekølle,1,1,stk.,Netto,https://static.tilbudsugen.dk/1st-retail/2026/13/64896/Netto122026-1_3_2487x3614_4914x6839_zoom.jpg,2026-03-21,2026-03-27,https://res.cloudinary.com/dfqzmnlga/image/upload/v1774064720/2026-03-21/11018303.jpg
11018318,12.00,Gul bordpak,"Pålæg, skiveskåret",Kartoffelspegepølse,1,0,pk.,Netto,https://static.tilbudsugen.dk/1st-retail/2026/13/64896/Netto122026-1_4_2487x192_4998x3644_zoom.jpg,2026-03-21,2026-03-27,https://res.cloudinary.com/dfqzmnlga/image/upload/v1774064720/2026-03-21/11018318.jpg
11018325,12.00,Gul bordpak,"Pålæg, skiveskåret",Sønderjysk Spegepølse,1,0,pk.,Netto,https://static.tilbudsugen.dk/1st-retail/2026/13/64896/Netto122026-1_4_2487x192_4998x3644_zoom.jpg,2026-03-21,2026-03-27,https://res.cloudinary.com/dfqzmnlga/image/upload/v1774064721/2026-03-21/11018325.jpg
11018320,12.00,Gul bordpak,"Pålæg, skiveskåret",Kødpølse,1,0,pk.,Netto,https://static.tilbudsugen.dk/1st-retail/2026/13/64896/Netto122026-1_4_2487x192_4998x3644_zoom.jpg,2026-03-21,2026-03-27,https://res.cloudinary.com/dfqzmnlga/image/upload/v1774064721/2026-03-21/11018320.jpg
11018277,39.00,Velsmag,Oksekød,Hakket oksekød 8-12%,1,0,bk.,Netto,https://static.tilbudsugen.dk/1st-retail/2026/13/64896/Netto122026-1_10_2477x4857_4786x6865_zoom.jpg,2026-03-21,2026-03-27,https://res.cloudinary.com/dfqzmnlga/image/upload/v1774064721/2026-03-21/11018277.jpg
11018309,39.00,Velsmag,Oksekød,Hakket oksekød 8-12%,1,0,bk.,Netto,https://static.tilbudsugen.dk/1st-retail/2026/13/64896/Netto122026-1_12_1247x3300_2556x4937_zoom.jpg,2026-03-21,2026-03-27,https://res.cloudinary.com/dfqzmnlga/image/upload/v1774064722/2026-03-21/11018309.jpg
11018284,49.00,Velsmag,Grisekød,Ribsteaks,1,0,bk.,Netto,https://static.tilbudsugen.dk/1st-retail/2026/13/64896/Netto122026-1_11_1504x4892_4909x6892_zoom.jpg,2026-03-01,2026-03-31,https://res.cloudinary.com/dfqzmnlga/image/upload/v1774064723/2026-03-21/11018284.jpg
10995287,49.00,Velsmag,Grisekød,Ribsteaks,1,0,bk.,Netto,https://static.tilbudsugen.dk/1st-retail/2026/11/64774/Netto102026-1_15_1528x5220_4998x6863_zoom.jpg,2026-03-07,2026-03-31,https://res.cloudinary.com/dfqzmnlga/image/upload/v1774064723/2026-03-21/10995287.jpg
11018407,18.00,Cheesemakers Treasures,Skiveost,Skiveost Smaragd,1,0,pk.,Netto,https://static.tilbudsugen.dk/1st-retail/2026/13/64896/Netto122026-1_14_1628x4831_3273x6892_zoom.jpg,2026-03-21,2026-03-27,https://res.cloudinary.com/dfqzmnlga/image/upload/v1774064724/2026-03-21/11018407.jpg
11018297,10.00,Minimum,"Pålæg, skiveskåret",Kyllingebryst Krydderurter,1,0,pk.,Netto,https://static.tilbudsugen.dk/1st-retail/2026/13/64896/Netto122026-1_2_48x126_2373x2445_zoom.jpg,2026-03-21,2026-03-27,https://res.cloudinary.com/dfqzmnlga/image/upload/v1774064724/2026-03-21/11018297.jpg
11018295,10.00,Minimum,"Pålæg, skiveskåret",Kyllingebryst,1,0,pk.,Netto,https://static.tilbudsugen.dk/1st-retail/2026/13/64896/Netto122026-1_2_48x126_2373x2445_zoom.jpg,2026-03-21,2026-03-27,https://res.cloudinary.com/dfqzmnlga/image/upload/v1774064725/2026-03-21/11018295.jpg
11018299,10.00,Minimum,"Pålæg, skiveskåret",Honningskinke,1,0,pk.,Netto,https://static.tilbudsugen.dk/1st-retail/2026/13/64896/Netto122026-1_2_48x126_2373x2445_zoom.jpg,2026-03-21,2026-03-27,https://res.cloudinary.com/dfqzmnlga/image/upload/v1774064725/2026-03-21/11018299.jpg
11018300,10.00,Minimum,"Pålæg, skiveskåret",Kylling Silkeskåret,1,0,pk.,Netto,https://static.tilbudsugen.dk/1st-retail/2026/13/64896/Netto122026-1_2_48x126_2373x2445_zoom.jpg,2026-03-21,2026-03-27,https://res.cloudinary.com/dfqzmnlga/image/upload/v1774064726/2026-03-21/11018300.jpg
11018298,10.00,Minimum,"Pålæg, skiveskåret",Burgunderskinke,1,0,pk.,Netto,https://static.tilbudsugen.dk/1st-retail/2026/13/64896/Netto122026-1_2_48x126_2373x2445_zoom.jpg,2026-03-21,2026-03-27,https://res.cloudinary.com/dfqzmnlga/image/upload/v1774064726/2026-03-21/11018298.jpg
11018308,25.00,St Pierre,Fastfoodbrød,Brioche Burgerboller,1,0,pk.,Netto,https://static.tilbudsugen.dk/1st-retail/2026/13/64896/Netto122026-1_12_2424x3380_3751x4963_zoom.jpg,2026-03-21,2026-03-27,https://res.cloudinary.com/dfqzmnlga/image/upload/v1774064727/2026-03-21/11018308.jpg
11018427,35.00,Launis,Rejer og andre skaldyr,Rejer,1,0,bg.,Netto,https://static.tilbudsugen.dk/1st-retail/2026/13/64896/Netto122026-1_8_72x4687_1732x6797_zoom.jpg,2026-03-01,2026-03-31,https://res.cloudinary.com/dfqzmnlga/image/upload/v1774064727/2026-03-21/11018427.jpg
11018254,35.00,Morgenkaffe,Kaffe,Kaffe Formalet,1,0,ps.,Netto,https://static.tilbudsugen.dk/1st-retail/2026/13/64896/Netto122026-1_1_60x4357_2445x6946_zoom.jpg,2026-03-21,2026-03-27,https://res.cloudinary.com/dfqzmnlga/image/upload/v1774064728/2026-03-21/11018254.jpg
11018252,35.00,Guld,Kaffe,Kaffe Formalet,1,0,ps.,Netto,https://static.tilbudsugen.dk/1st-retail/2026/13/64896/Netto122026-1_1_60x4357_2445x6946_zoom.jpg,2026-03-21,2026-03-27,https://res.cloudinary.com/dfqzmnlga/image/upload/v1774064728/2026-03-21/11018252.jpg
11018459,45.00,Premieur,Fisk,Rødspættefileter,1,0,pk.,Netto,https://static.tilbudsugen.dk/1st-retail/2026/13/64896/Netto122026-1_20_3284x2763_4932x4723_zoom.jpg,2026-03-21,2026-03-27,https://res.cloudinary.com/dfqzmnlga/image/upload/v1774064729/2026-03-21/11018459.jpg
11018409,13.00,Mon Ami,Specialost,Brieost,1,0,stk.,Netto,https://static.tilbudsugen.dk/1st-retail/2026/13/64896/Netto122026-1_14_18x2787_1769x4848_zoom.jpg,2026-03-21,2026-03-27,https://res.cloudinary.com/dfqzmnlga/image/upload/v1774064729/2026-03-21/11018409.jpg
11018410,13.00,Mon Ami,Specialost,Camembert,1,0,stk.,Netto,https://static.tilbudsugen.dk/1st-retail/2026/13/64896/Netto122026-1_14_18x2787_1769x4848_zoom.jpg,2026-03-21,2026-03-27,https://res.cloudinary.com/dfqzmnlga/image/upload/v1774064729/2026-03-21/11018410.jpg
11018411,50.00,Them Ost,Skæreost,Skæreost Fætter Kras Ekstralagret,1,0,stk.,Netto,https://static.tilbudsugen.dk/1st-retail/2026/13/64896/Netto122026-1_14_79x4848_1778x6857_zoom.jpg,2026-03-21,2026-03-27,https://res.cloudinary.com/dfqzmnlga/image/upload/v1774064730/2026-03-21/11018411.jpg
11018629,75.00,Strawberry,Vodka,Vodka,1,0,fl.,Netto,https://static.tilbudsugen.dk/1st-retail/2026/13/64896/Netto122026-1_24_3344x2871_4980x4873_zoom.jpg,2026-03-21,2026-03-27,https://res.cloudinary.com/dfqzmnlga/image/upload/v1774064730/2026-03-21/11018629.jpg
11018630,75.00,Pure Vodka,Vodka,Vodka,1,0,fl.,Netto,https://static.tilbudsugen.dk/1st-retail/2026/13/64896/Netto122026-1_24_3344x2871_4980x4873_zoom.jpg,2026-03-21,2026-03-27,https://res.cloudinary.com/dfqzmnlga/image/upload/v1774064731/2026-03-21/11018630.jpg
11018631,75.00,Dry Lemon,Vodka,Vodka,1,0,fl.,Netto,https://static.tilbudsugen.dk/1st-retail/2026/13/64896/Netto122026-1_24_3344x2871_4980x4873_zoom.jpg,2026-03-21,2026-03-27,https://res.cloudinary.com/dfqzmnlga/image/upload/v1774064731/2026-03-21/11018631.jpg
11018632,75.00,Caramel,Vodka,Vodka,1,0,fl.,Netto,https://static.tilbudsugen.dk/1st-retail/2026/13/64896/Netto122026-1_24_3344x2871_4980x4873_zoom.jpg,2026-03-21,2026-03-27,https://res.cloudinary.com/dfqzmnlga/image/upload/v1774064731/2026-03-21/11018632.jpg
11018321,12.00,Gul bordpak,"Pålæg, skiveskåret",Jægerpølse - Den lette,1,0,pk.,Netto,https://static.tilbudsugen.dk/1st-retail/2026/13/64896/Netto122026-1_4_2487x192_4998x3644_zoom.jpg,2026-03-21,2026-03-27,https://res.cloudinary.com/dfqzmnlga/image/upload/v1774064732/2026-03-21/11018321.jpg
11018322,12.00,Gul bordpak,"Pålæg, skiveskåret",Kødpølse - Den lette,1,0,pk.,Netto,https://static.tilbudsugen.dk/1st-retail/2026/13/64896/Netto122026-1_4_2487x192_4998x3644_zoom.jpg,2026-03-21,2026-03-27,https://res.cloudinary.com/dfqzmnlga/image/upload/v1774064732/2026-03-21/11018322.jpg
11018319,12.00,Gul bordpak,"Pålæg, skiveskåret",Kalkunspegepølse - Den lette,1,0,pk.,Netto,https://static.tilbudsugen.dk/1st-retail/2026/13/64896/Netto122026-1_4_2487x192_4998x3644_zoom.jpg,2026-03-21,2026-03-27,https://res.cloudinary.com/dfqzmnlga/image/upload/v1774064733/2026-03-21/11018319.jpg
11018669,22.00,Elvital,Balsam,Balsam,1,0,fl.,Netto,https://static.tilbudsugen.dk/1st-retail/2026/13/64896/Netto122026-1_25_90x4771_1666x6851_zoom.jpg,2026-03-21,2026-03-27,https://res.cloudinary.com/dfqzmnlga/image/upload/v1774064733/2026-03-21/11018669.jpg
11018434,39.00,Burger Boost,Oksekød,Hakkebøffer,1,0,bk.,Netto,https://static.tilbudsugen.dk/1st-retail/2026/13/64896/Netto122026-1_9_2787x4771_4908x6839_zoom.jpg,2026-03-21,2026-03-27,https://res.cloudinary.com/dfqzmnlga/image/upload/v1774064733/2026-03-21/11018434.jpg
11018261,12.00,Glyngøre,Konserves,Tun i solsikkeolie,1,0,ds.,Netto,https://static.tilbudsugen.dk/1st-retail/2026/13/64896/Netto122026-1_2_2349x192_4998x2415_zoom.jpg,2026-03-21,2026-03-27,https://res.cloudinary.com/dfqzmnlga/image/upload/v1774064734/2026-03-21/11018261.jpg
11018262,12.00,Glyngøre,Konserves,Tun i vand,1,0,ds.,Netto,https://static.tilbudsugen.dk/1st-retail/2026/13/64896/Netto122026-1_2_2349x192_4998x2415_zoom.jpg,2026-03-21,2026-03-27,https://res.cloudinary.com/dfqzmnlga/image/upload/v1774064734/2026-03-21/11018262.jpg
11018497,18.00,Skittles,Pastiller,Pastiller Wildberry,1,0,ps.,Netto,https://static.tilbudsugen.dk/1st-retail/2026/13/64896/Netto122026-1_22_18x1211_1678x3416_zoom.jpg,2026-03-21,2026-03-27,https://res.cloudinary.com/dfqzmnlga/image/upload/v1774064735/2026-03-21/11018497.jpg
11018491,35.00,Premieur,Kager,Fudgy Chocolate Brownie,1,0,pk.,Netto,https://static.tilbudsugen.dk/1st-retail/2026/13/64896/Netto122026-1_21_18x4699_1876x6779_zoom.jpg,2026-03-21,2026-03-27,https://res.cloudinary.com/dfqzmnlga/image/upload/v1774064736/2026-03-21/11018491.jpg
11018424,50.00,Castello,Specialost,Havarti Aged,1,0,pk.,Netto,https://static.tilbudsugen.dk/1st-retail/2026/13/64896/Netto122026-1_14_79x4848_1778x6857_zoom.jpg,2026-03-21,2026-03-27,https://res.cloudinary.com/dfqzmnlga/image/upload/v1774064736/2026-03-21/11018424.jpg
11018305,10.00,Royal Greenland,Rejer og andre skaldyr,Rejer,1,0,bg.,Netto,https://static.tilbudsugen.dk/1st-retail/2026/13/64896/Netto122026-1_3_72x1199_2475x3626_zoom.jpg,2026-03-21,2026-03-27,https://res.cloudinary.com/dfqzmnlga/image/upload/v1774064737/2026-03-21/11018305.jpg
11018495,18.00,Skittles,Pastiller,Pastiller Fruits,1,0,ps.,Netto,https://static.tilbudsugen.dk/1st-retail/2026/13/64896/Netto122026-1_22_18x1211_1678x3416_zoom.jpg,2026-03-21,2026-03-27,https://res.cloudinary.com/dfqzmnlga/image/upload/v1774064737/2026-03-21/11018495.jpg
11018416,18.00,Cheesemakers Treasures,Skiveost,Skiveost Hav,1,0,pk.,Netto,https://static.tilbudsugen.dk/1st-retail/2026/13/64896/Netto122026-1_14_1628x4831_3273x6892_zoom.jpg,2026-03-21,2026-03-27,https://res.cloudinary.com/dfqzmnlga/image/upload/v1774064737/2026-03-21/11018416.jpg
11018544,20.00,Chovi,Saucer,Aioli,1,0,gl.,Netto,https://static.tilbudsugen.dk/1st-retail/2026/13/64896/Netto122026-1_23_0x5076_1660x6791_zoom.jpg,2026-03-21,2026-03-27,https://res.cloudinary.com/dfqzmnlga/image/upload/v1774064738/2026-03-21/11018544.jpg
11018324,12.00,Gul bordpak,"Pålæg, skiveskåret",Oksespegepølse,1,0,pk.,Netto,https://static.tilbudsugen.dk/1st-retail/2026/13/64896/Netto122026-1_4_2487x192_4998x3644_zoom.jpg,2026-03-21,2026-03-27,https://res.cloudinary.com/dfqzmnlga/image/upload/v1774064738/2026-03-21/11018324.jpg
11018540,20.00,Chovi,Saucer,Aioli,1,0,gl.,Netto,https://static.tilbudsugen.dk/1st-retail/2026/13/64896/Netto122026-1_23_0x5076_1660x6791_zoom.jpg,2026-03-21,2026-03-27,https://res.cloudinary.com/dfqzmnlga/image/upload/v1774064739/2026-03-21/11018540.jpg
11018543,24.00,Them Ost,Skiveost,Skiveost Fætter Kras,1,0,bk.,Netto,https://static.tilbudsugen.dk/1st-retail/2026/13/64896/Netto122026-1_17_35x3990_1406x6335_zoom.jpg,2026-03-21,2026-03-27,https://res.cloudinary.com/dfqzmnlga/image/upload/v1774064739/2026-03-21/11018543.jpg
11018546,24.00,Them Ost,Skiveost,Skiveost Mini Mellemlagret,1,0,bk.,Netto,https://static.tilbudsugen.dk/1st-retail/2026/13/64896/Netto122026-1_17_35x3990_1406x6335_zoom.jpg,2026-03-21,2026-03-27,https://res.cloudinary.com/dfqzmnlga/image/upload/v1774064739/2026-03-21/11018546.jpg
11018545,24.00,Them Ost,Skiveost,Skiveost Guld Mellemlagret,1,0,pk.,Netto,https://static.tilbudsugen.dk/1st-retail/2026/13/64896/Netto122026-1_17_35x3990_1406x6335_zoom.jpg,2026-03-21,2026-03-27,https://res.cloudinary.com/dfqzmnlga/image/upload/v1774064740/2026-03-21/11018545.jpg
11018475,25.00,Premieur,Pålægspølser,Mørbrad,1,0,stk.,Netto,https://static.tilbudsugen.dk/1st-retail/2026/13/64896/Netto122026-1_20_3254x180_4956x2673_zoom.jpg,2026-03-21,2026-03-27,https://res.cloudinary.com/dfqzmnlga/image/upload/v1774064740/2026-03-21/11018475.jpg
11018487,20.00,Premieur,Flødeboller,Fire forskellige Flødeboller,1,0,bk.,Netto,https://static.tilbudsugen.dk/1st-retail/2026/13/64896/Netto122026-1_21_78x2673_1846x4687_zoom.jpg,2026-03-21,2026-03-27,https://res.cloudinary.com/dfqzmnlga/image/upload/v1774064741/2026-03-21/11018487.jpg
11018388,139.00,Espresso Forza,Kaffe,Kaffebønner,1,1,pk.,Netto,https://static.tilbudsugen.dk/1st-retail/2026/13/64896/Netto122026-1_6_2505x3512_4926x6881_zoom.jpg,2026-03-21,2026-03-27,https://res.cloudinary.com/dfqzmnlga/image/upload/v1774064741/2026-03-21/11018388.jpg
11018377,139.00,Caffe Crema Classico,Kaffe,Kaffebønner,1,1,pk.,Netto,https://static.tilbudsugen.dk/1st-retail/2026/13/64896/Netto122026-1_6_2505x3512_4926x6881_zoom.jpg,2026-03-21,2026-03-27,https://res.cloudinary.com/dfqzmnlga/image/upload/v1774064741/2026-03-21/11018377.jpg
11018387,139.00,Crema Absolu Classique,Kaffe,Kaffebønner,1,1,pk.,Netto,https://static.tilbudsugen.dk/1st-retail/2026/13/64896/Netto122026-1_6_2505x3512_4926x6881_zoom.jpg,2026-03-21,2026-03-27,https://res.cloudinary.com/dfqzmnlga/image/upload/v1774064742/2026-03-21/11018387.jpg
11018389,139.00,Espresso Brazil,Kaffe,Kaffebønner,1,1,ps.,Netto,https://static.tilbudsugen.dk/1st-retail/2026/13/64896/Netto122026-1_6_2505x3512_4926x6881_zoom.jpg,2026-03-21,2026-03-27,https://res.cloudinary.com/dfqzmnlga/image/upload/v1774064743/2026-03-21/11018389.jpg
11018390,139.00,Caffe Crema Gustoso,Kaffe,Kaffebønner,1,1,pk.,Netto,https://static.tilbudsugen.dk/1st-retail/2026/13/64896/Netto122026-1_6_2505x3512_4926x6881_zoom.jpg,2026-03-21,2026-03-27,https://res.cloudinary.com/dfqzmnlga/image/upload/v1774064743/2026-03-21/11018390.jpg
11018302,85.00,Velsmag,Fersk fisk,Lakseside,1,0,pk.,Netto,https://static.tilbudsugen.dk/1st-retail/2026/13/64896/Netto122026-1_3_2451x90_4980x3584_zoom.jpg,2026-03-21,2026-03-27,https://res.cloudinary.com/dfqzmnlga/image/upload/v1774064743/2026-03-21/11018302.jpg
11018286,10.00,Pringles,Chips,Chips Sour cream & onion,1,0,pk.,Netto,https://static.tilbudsugen.dk/1st-retail/2026/13/64896/Netto122026-1_2_42x2523_2325x4927_zoom.jpg,2026-03-21,2026-03-27,https://res.cloudinary.com/dfqzmnlga/image/upload/v1774064744/2026-03-21/11018286.jpg
11018285,10.00,Pringles,Chips,Original Chips,1,0,pk.,Netto,https://static.tilbudsugen.dk/1st-retail/2026/13/64896/Netto122026-1_2_42x2523_2325x4927_zoom.jpg,2026-03-21,2026-03-27,https://res.cloudinary.com/dfqzmnlga/image/upload/v1774064744/2026-03-21/11018285.jpg
11018287,10.00,Pringles,Chips,Chips Texas BBQ sauce,1,0,pk.,Netto,https://static.tilbudsugen.dk/1st-retail/2026/13/64896/Netto122026-1_2_42x2523_2325x4927_zoom.jpg,2026-03-21,2026-03-27,https://res.cloudinary.com/dfqzmnlga/image/upload/v1774064745/2026-03-21/11018287.jpg
11018288,10.00,Pringles,Chips,Chips Paprika,1,0,pk.,Netto,https://static.tilbudsugen.dk/1st-retail/2026/13/64896/Netto122026-1_2_42x2523_2325x4927_zoom.jpg,2026-03-21,2026-03-27,https://res.cloudinary.com/dfqzmnlga/image/upload/v1774064745/2026-03-21/11018288.jpg
11018551,29.97,ØGO,Pålægspølser,Oksespegepølse med Peber,1,0,pk.,Netto,https://static.tilbudsugen.dk/1st-retail/2026/13/64896/Netto122026-1_18_2512x593_4759x3725_zoom.jpg,2026-03-21,2026-03-27,https://res.cloudinary.com/dfqzmnlga/image/upload/v1774064746/2026-03-21/11018551.jpg
11018517,45.00,Etiopien,Kaffe,Kaffe Formalet,1,0,ps.,Netto,https://static.tilbudsugen.dk/1st-retail/2026/13/64896/Netto122026-1_22_2469x5088_4866x6761_zoom.jpg,2026-03-21,2026-03-27,https://res.cloudinary.com/dfqzmnlga/image/upload/v1774064746/2026-03-21/11018517.jpg
11018323,12.00,Gul bordpak,"Pålæg, skiveskåret",Røget Medister,1,0,pk.,Netto,https://static.tilbudsugen.dk/1st-retail/2026/13/64896/Netto122026-1_4_2487x192_4998x3644_zoom.jpg,2026-03-21,2026-03-27,https://res.cloudinary.com/dfqzmnlga/image/upload/v1774064747/2026-03-21/11018323.jpg
11018420,29.00,Glyngøre,Sild,Sild,1,0,gl.,Netto,https://static.tilbudsugen.dk/1st-retail/2026/13/64896/Netto122026-1_8_72x2511_1726x4681_zoom.jpg,2026-03-21,2026-03-27,https://res.cloudinary.com/dfqzmnlga/image/upload/v1774064747/2026-03-21/11018420.jpg
10970431,8.00,,Garn,Garn,1,0,stk.,Netto,https://static.tilbudsugen.dk/1st-retail/2026/9/64663/Netto82026-1_38_189x228_2782x3584_zoom.jpg,2026-02-21,2026-03-27,https://res.cloudinary.com/dfqzmnlga/image/upload/v1774064747/2026-03-21/10970431.jpg
11018311,25.00,Zanetti,Specialost,Grana Padano,1,0,pk.,Netto,https://static.tilbudsugen.dk/1st-retail/2026/13/64896/Netto122026-1_12_2450x5255_3733x6865_zoom.jpg,2026-03-21,2026-03-27,https://res.cloudinary.com/dfqzmnlga/image/upload/v1774064748/2026-03-21/11018311.jpg
11018658,10.00,Nutramino,Energi- Sports- & Vitamindrikke,Energidrik,1,0,fl.,Netto,https://static.tilbudsugen.dk/1st-retail/2026/13/64896/Netto122026-1_25_1714x845_3320x2823_zoom.jpg,2026-03-21,2026-03-27,https://res.cloudinary.com/dfqzmnlga/image/upload/v1774064748/2026-03-21/11018658.jpg
11018482,20.00,Premieur,Slik,Chokoladelakridskugler Stærk,1,0,ps.,Netto,https://static.tilbudsugen.dk/1st-retail/2026/13/64896/Netto122026-1_21_1858x138_4704x2775_zoom.jpg,2026-03-21,2026-03-27,https://res.cloudinary.com/dfqzmnlga/image/upload/v1774064749/2026-03-21/11018482.jpg
10995346,35.00,Launis,Rejer og andre skaldyr,Rejer,1,0,bg.,Netto,https://static.tilbudsugen.dk/1st-retail/2026/11/64774/Netto102026-1_18_30x4879_2511x6857_zoom.jpg,2026-03-07,2026-03-31,https://res.cloudinary.com/dfqzmnlga/image/upload/v1774064749/2026-03-21/10995346.jpg
11018314,45.00,,Røget og gravad,Laks i skiver,1,0,pk.,Netto,https://static.tilbudsugen.dk/1st-retail/2026/13/64896/Netto122026-1_4_2469x3776_4998x6839_zoom.jpg,2026-03-21,2026-03-27,https://res.cloudinary.com/dfqzmnlga/image/upload/v1774064750/2026-03-21/11018314.jpg
11018520,29.00,Løgismose,Småkager,Ingefærcookies,1,0,pk.,Netto,https://static.tilbudsugen.dk/1st-retail/2026/13/64896/Netto122026-1_22_150x5124_2433x6791_zoom.jpg,2026-03-21,2026-03-27,https://res.cloudinary.com/dfqzmnlga/image/upload/v1774064750/2026-03-21/11018520.jpg
11018519,29.00,Løgismose,Småkager,Chokoladecookies,1,0,pk.,Netto,https://static.tilbudsugen.dk/1st-retail/2026/13/64896/Netto122026-1_22_150x5124_2433x6791_zoom.jpg,2026-03-21,2026-03-27,https://res.cloudinary.com/dfqzmnlga/image/upload/v1774064751/2026-03-21/11018519.jpg
11018485,20.00,Premieur,Slik,Chokoladelakridskugler Passionsfrugt,1,0,ps.,Netto,https://static.tilbudsugen.dk/1st-retail/2026/13/64896/Netto122026-1_21_1858x138_4704x2775_zoom.jpg,2026-03-21,2026-03-27,https://res.cloudinary.com/dfqzmnlga/image/upload/v1774064751/2026-03-21/11018485.jpg
11018486,20.00,Premieur,Slik,Chokoladelakridskugler Saltkaramel,1,0,ps.,Netto,https://static.tilbudsugen.dk/1st-retail/2026/13/64896/Netto122026-1_21_1858x138_4704x2775_zoom.jpg,2026-03-21,2026-03-27,https://res.cloudinary.com/dfqzmnlga/image/upload/v1774064751/2026-03-21/11018486.jpg
11018523,14.00,Kringler,Chokolade,Dessertchokolade Mælkechokolade,1,0,æsk.,Netto,https://static.tilbudsugen.dk/1st-retail/2026/13/64896/Netto122026-1_22_2469x3434_4932x5088_zoom.jpg,2026-03-21,2026-03-27,https://res.cloudinary.com/dfqzmnlga/image/upload/v1774064752/2026-03-21/11018523.jpg
11018521,14.00,Guldknas,Chokolade,Dragée Pariserlinser,1,0,ps.,Netto,https://static.tilbudsugen.dk/1st-retail/2026/13/64896/Netto122026-1_22_2469x3434_4932x5088_zoom.jpg,2026-03-21,2026-03-27,https://res.cloudinary.com/dfqzmnlga/image/upload/v1774064752/2026-03-21/11018521.jpg
11018514,14.00,Guldknas,Chokolade,Dragée Dronningmandler,1,0,ps.,Netto,https://static.tilbudsugen.dk/1st-retail/2026/13/64896/Netto122026-1_22_2469x3434_4932x5088_zoom.jpg,2026-03-21,2026-03-27,https://res.cloudinary.com/dfqzmnlga/image/upload/v1774064752/2026-03-21/11018514.jpg
11018526,14.00,Orangebuer,Chokolade,Dessertchokolade,1,0,æsk.,Netto,https://static.tilbudsugen.dk/1st-retail/2026/13/64896/Netto122026-1_22_2469x3434_4932x5088_zoom.jpg,2026-03-21,2026-03-27,https://res.cloudinary.com/dfqzmnlga/image/upload/v1774064753/2026-03-21/11018526.jpg
11018522,14.00,Guldknas,Chokolade,Dragée Kongemandler,1,0,ps.,Netto,https://static.tilbudsugen.dk/1st-retail/2026/13/64896/Netto122026-1_22_2469x3434_4932x5088_zoom.jpg,2026-03-21,2026-03-27,https://res.cloudinary.com/dfqzmnlga/image/upload/v1774064753/2026-03-21/11018522.jpg
11018524,14.00,Kringler,Chokolade,Dessertchokolade Mørk,1,0,æsk.,Netto,https://static.tilbudsugen.dk/1st-retail/2026/13/64896/Netto122026-1_22_2469x3434_4932x5088_zoom.jpg,2026-03-21,2026-03-27,https://res.cloudinary.com/dfqzmnlga/image/upload/v1774064754/2026-03-21/11018524.jpg
11018525,14.00,Kattetunger,Chokolade,Dessertchokolade,1,0,æsk.,Netto,https://static.tilbudsugen.dk/1st-retail/2026/13/64896/Netto122026-1_22_2469x3434_4932x5088_zoom.jpg,2026-03-21,2026-03-27,https://res.cloudinary.com/dfqzmnlga/image/upload/v1774064754/2026-03-21/11018525.jpg
11018489,30.00,Premieur,Kager,Rocky Road Kiksekage,1,0,pk.,Netto,https://static.tilbudsugen.dk/1st-retail/2026/13/64896/Netto122026-1_21_1780x2763_4812x4735_zoom.jpg,2026-03-21,2026-03-27,https://res.cloudinary.com/dfqzmnlga/image/upload/v1774064755/2026-03-21/11018489.jpg
11018490,30.00,Premieur,Kager,Over the Top kiksekage,1,0,pk.,Netto,https://static.tilbudsugen.dk/1st-retail/2026/13/64896/Netto122026-1_21_1780x2763_4812x4735_zoom.jpg,2026-03-21,2026-03-27,https://res.cloudinary.com/dfqzmnlga/image/upload/v1774064755/2026-03-21/11018490.jpg
11018419,24.00,Bådsmand,Røget og gravad,Laks,1,0,bk.,Netto,https://static.tilbudsugen.dk/1st-retail/2026/13/64896/Netto122026-1_8_3188x2487_4932x4651_zoom.jpg,2026-03-21,2026-03-27,https://res.cloudinary.com/dfqzmnlga/image/upload/v1774064756/2026-03-21/11018419.jpg
10995344,35.00,,Røget og gravad,Laks,1,0,bk.,Netto,https://static.tilbudsugen.dk/1st-retail/2026/11/64774/Netto102026-1_18_30x4879_2511x6857_zoom.jpg,2026-03-07,2026-03-31,https://res.cloudinary.com/dfqzmnlga/image/upload/v1774064756/2026-03-21/10995344.jpg
11018421,35.00,,Røget og gravad,Laks i skiver,1,0,pk.,Netto,https://static.tilbudsugen.dk/1st-retail/2026/13/64896/Netto122026-1_8_72x4687_1732x6797_zoom.jpg,2026-03-01,2026-03-31,https://res.cloudinary.com/dfqzmnlga/image/upload/v1774064756/2026-03-21/11018421.jpg
10995339,35.00,,Røget og gravad,Laks i skiver,1,0,pk.,Netto,https://static.tilbudsugen.dk/1st-retail/2026/11/64774/Netto102026-1_18_30x4879_2511x6857_zoom.jpg,2026-03-07,2026-03-31,https://res.cloudinary.com/dfqzmnlga/image/upload/v1774064757/2026-03-21/10995339.jpg
11018425,35.00,,Røget og gravad,Laks,1,0,bk.,Netto,https://static.tilbudsugen.dk/1st-retail/2026/13/64896/Netto122026-1_8_72x4687_1732x6797_zoom.jpg,2026-03-01,2026-03-31,https://res.cloudinary.com/dfqzmnlga/image/upload/v1774064757/2026-03-21/11018425.jpg
11018460,99.00,Premieur,Røget og gravad,Laks,1,0,pk.,Netto,https://static.tilbudsugen.dk/1st-retail/2026/13/64896/Netto122026-1_20_144x4843_1642x6773_zoom.jpg,2026-03-21,2026-03-27,https://res.cloudinary.com/dfqzmnlga/image/upload/v1774064758/2026-03-21/11018460.jpg
10970432,10.00,,Garn,Garn,1,0,stk.,Netto,https://static.tilbudsugen.dk/1st-retail/2026/9/64663/Netto82026-1_39_2600x4490_4939x6628_zoom.jpg,2026-02-21,2026-03-27,https://res.cloudinary.com/dfqzmnlga/image/upload/v1774064758/2026-03-21/10970432.jpg
11018458,35.00,Knas,Skæreost,Skæreost,1,0,stk.,Netto,https://static.tilbudsugen.dk/1st-retail/2026/13/64896/Netto122026-1_20_1642x2757_3290x4687_zoom.jpg,2026-03-21,2026-03-27,https://res.cloudinary.com/dfqzmnlga/image/upload/v1774064758/2026-03-21/11018458.jpg
11018339,65.00,Chocolate Liqueurs,Chokolade,Dessertchokolade,1,0,æsk.,Netto,https://static.tilbudsugen.dk/1st-retail/2026/13/64896/Netto122026-1_5_2451x875_4980x3530_zoom.jpg,2026-03-21,2026-03-27,https://res.cloudinary.com/dfqzmnlga/image/upload/v1774064759/2026-03-21/11018339.jpg
11018515,45.00,Lysristet,Kaffe,Kaffebønner,1,0,pk.,Netto,https://static.tilbudsugen.dk/1st-retail/2026/13/64896/Netto122026-1_22_2469x5088_4866x6761_zoom.jpg,2026-03-21,2026-03-27,https://res.cloudinary.com/dfqzmnlga/image/upload/v1774064759/2026-03-21/11018515.jpg
11018516,45.00,Mørkristet,Kaffe,Kaffebønner,1,0,pk.,Netto,https://static.tilbudsugen.dk/1st-retail/2026/13/64896/Netto122026-1_22_2469x5088_4866x6761_zoom.jpg,2026-03-21,2026-03-27,https://res.cloudinary.com/dfqzmnlga/image/upload/v1774064760/2026-03-21/11018516.jpg
11018471,25.00,Premieur,"Pålæg, skiveskåret",Carpaccio,1,0,pk.,Netto,https://static.tilbudsugen.dk/1st-retail/2026/13/64896/Netto122026-1_20_3254x180_4956x2673_zoom.jpg,2026-03-21,2026-03-27,https://res.cloudinary.com/dfqzmnlga/image/upload/v1774064760/2026-03-21/11018471.jpg
11018418,12.00,Bådsmand,Caviar - Rogn,Stenbidderrogn sort,1,0,gl.,Netto,https://static.tilbudsugen.dk/1st-retail/2026/13/64896/Netto122026-1_8_1684x3165_3254x4645_zoom.jpg,2026-03-21,2026-03-27,https://res.cloudinary.com/dfqzmnlga/image/upload/v1774064761/2026-03-21/11018418.jpg
11018466,25.00,Premieur,"Pålæg, skiveskåret",Jamon Serrano,1,0,pk.,Netto,https://static.tilbudsugen.dk/1st-retail/2026/13/64896/Netto122026-1_20_3254x180_4956x2673_zoom.jpg,2026-03-21,2026-03-27,https://res.cloudinary.com/dfqzmnlga/image/upload/v1774064761/2026-03-21/11018466.jpg
11018456,50.00,Premieur,Specialost,Parmigiano Reggiano,1,0,stk.,Netto,https://static.tilbudsugen.dk/1st-retail/2026/13/64896/Netto122026-1_20_1708x414_3272x2703_zoom.jpg,2026-03-21,2026-03-27,https://res.cloudinary.com/dfqzmnlga/image/upload/v1774064762/2026-03-21/11018456.jpg
10970425,25.00,,Garn,Garn,1,0,stk.,Netto,https://static.tilbudsugen.dk/1st-retail/2026/9/64663/Netto82026-1_37_235x4744_2470x6543_zoom.jpg,2026-02-21,2026-03-27,https://res.cloudinary.com/dfqzmnlga/image/upload/v1774064762/2026-03-21/10970425.jpg
11018463,35.00,Premieur,Konserves,Tunfilet i Olivenolie,1,0,gl.,Netto,https://static.tilbudsugen.dk/1st-retail/2026/13/64896/Netto122026-1_20_1660x4729_3308x6779_zoom.jpg,2026-03-21,2026-03-27,https://res.cloudinary.com/dfqzmnlga/image/upload/v1774064763/2026-03-21/11018463.jpg
11018661,10.00,Nutramino,Snacks/bar,Chocolate Protein Wafer ,1,0,stk.,Netto,https://static.tilbudsugen.dk/1st-retail/2026/13/64896/Netto122026-1_25_1714x845_3320x2823_zoom.jpg,2026-03-21,2026-03-27,https://res.cloudinary.com/dfqzmnlga/image/upload/v1774064763/2026-03-21/11018661.jpg
11018663,10.00,Nutramino,Snacks/bar,Hazelnut Protein Wafer,1,0,stk.,Netto,https://static.tilbudsugen.dk/1st-retail/2026/13/64896/Netto122026-1_25_1714x845_3320x2823_zoom.jpg,2026-03-21,2026-03-27,https://res.cloudinary.com/dfqzmnlga/image/upload/v1774064764/2026-03-21/11018663.jpg
11018667,10.00,Nutramino,Snacks/bar,Vanilla Protein Wafer,1,0,stk.,Netto,https://static.tilbudsugen.dk/1st-retail/2026/13/64896/Netto122026-1_25_1714x845_3320x2823_zoom.jpg,2026-03-21,2026-03-27,https://res.cloudinary.com/dfqzmnlga/image/upload/v1774064764/2026-03-21/11018667.jpg
11018312,59.00,Premieur,Lammekød,Lammeculotte,1,0,stk.,Netto,https://static.tilbudsugen.dk/1st-retail/2026/13/64896/Netto122026-1_3_66x3620_2481x6881_zoom.jpg,2026-03-21,2026-03-27,https://res.cloudinary.com/dfqzmnlga/image/upload/v1774064765/2026-03-21/11018312.jpg
11018423,55.00,Premieur,Røget og gravad,Laks,1,0,pk.,Netto,https://static.tilbudsugen.dk/1st-retail/2026/13/64896/Netto122026-1_8_3332x4663_4890x6821_zoom.jpg,2026-03-21,2026-03-27,https://res.cloudinary.com/dfqzmnlga/image/upload/v1774064765/2026-03-21/11018423.jpg
11018307,59.00,Premieur,Lammekød,Lammemørbrad,1,0,bk.,Netto,https://static.tilbudsugen.dk/1st-retail/2026/13/64896/Netto122026-1_3_66x3620_2481x6881_zoom.jpg,2026-03-21,2026-03-27,https://res.cloudinary.com/dfqzmnlga/image/upload/v1774064766/2026-03-21/11018307.jpg
11018457,59.00,Premieur,Rejer og andre skaldyr,Rejer,1,0,bg.,Netto,https://static.tilbudsugen.dk/1st-retail/2026/13/64896/Netto122026-1_20_102x2751_1726x4765_zoom.jpg,2026-03-21,2026-03-27,https://res.cloudinary.com/dfqzmnlga/image/upload/v1774064766/2026-03-21/11018457.jpg
10970426,59.00,,Garn,Garn,1,0,stk.,Netto,https://static.tilbudsugen.dk/1st-retail/2026/9/64663/Netto82026-1_37_39x2379_2203x4751_zoom.jpg,2026-02-21,2026-03-27,https://res.cloudinary.com/dfqzmnlga/image/upload/v1774064766/2026-03-21/10970426.jpg
10970442,30.00,,Garn,Garn,1,0,stk.,Netto,https://static.tilbudsugen.dk/1st-retail/2026/9/64663/Netto82026-1_39_7x20_4359x3578_zoom.jpg,2026-02-21,2026-03-27,https://res.cloudinary.com/dfqzmnlga/image/upload/v1774064767/2026-03-21/10970442.jpg
11018673,15.00,Fondànt,Deodorant,Deo Roll-on,1,0,stk.,Netto,https://static.tilbudsugen.dk/1st-retail/2026/13/64896/Netto122026-1_25_3284x881_4884x2907_zoom.jpg,2026-03-21,2026-03-27,https://res.cloudinary.com/dfqzmnlga/image/upload/v1774064767/2026-03-21/11018673.jpg
11018422,35.00,Premieur,Røget og gravad,Laks i skiver,1,0,pk.,Netto,https://static.tilbudsugen.dk/1st-retail/2026/13/64896/Netto122026-1_8_1708x4645_3320x6827_zoom.jpg,2026-03-21,2026-03-27,https://res.cloudinary.com/dfqzmnlga/image/upload/v1774064767/2026-03-21/11018422.jpg
10970427,35.00,,Garn,Garn,1,0,stk.,Netto,https://static.tilbudsugen.dk/1st-retail/2026/9/64663/Netto82026-1_38_2795x98_4998x2959_zoom.jpg,2026-02-21,2026-03-27,https://res.cloudinary.com/dfqzmnlga/image/upload/v1774064768/2026-03-21/10970427.jpg
11018530,35.00,ØGO,Instant Kaffe,Instant Kaffe,1,0,gl.,Netto,https://static.tilbudsugen.dk/1st-retail/2026/13/64896/Netto122026-1_17_1247x1902_2503x3964_zoom.jpg,2026-03-21,2026-03-27,https://res.cloudinary.com/dfqzmnlga/image/upload/v1774064768/2026-03-21/11018530.jpg
11018480,45.00,Premieur,Chokolade,Chokoladekugler Dubai Style,1,0,pk.,Netto,https://static.tilbudsugen.dk/1st-retail/2026/13/64896/Netto122026-1_21_96x96_1894x2703_zoom.jpg,2026-03-21,2026-03-27,https://res.cloudinary.com/dfqzmnlga/image/upload/v1774064769/2026-03-21/11018480.jpg
11018633,75.00,Let the Duck out!,Shots,Shots,1,0,pk.,Netto,https://static.tilbudsugen.dk/1st-retail/2026/13/64896/Netto122026-1_24_3344x2871_4980x4873_zoom.jpg,2026-03-21,2026-03-27,https://res.cloudinary.com/dfqzmnlga/image/upload/v1774064769/2026-03-21/11018633.jpg
11018455,25.00,Premieur,"Pålæg, skiveskåret",Bresaola,1,0,pk.,Netto,https://static.tilbudsugen.dk/1st-retail/2026/13/64896/Netto122026-1_20_3254x180_4956x2673_zoom.jpg,2026-03-21,2026-03-27,https://res.cloudinary.com/dfqzmnlga/image/upload/v1774064770/2026-03-21/11018455.jpg
11018474,25.00,Premieur,"Pålæg, skiveskåret",Prosciutto Di Parma,1,0,pk.,Netto,https://static.tilbudsugen.dk/1st-retail/2026/13/64896/Netto122026-1_20_3254x180_4956x2673_zoom.jpg,2026-03-21,2026-03-27,https://res.cloudinary.com/dfqzmnlga/image/upload/v1774064770/2026-03-21/11018474.jpg
11018492,70.00,Små Påskeæg,Chokolade,Dessertchokolade,1,0,æsk.,Netto,https://static.tilbudsugen.dk/1st-retail/2026/13/64896/Netto122026-1_21_1864x4753_4794x6785_zoom.jpg,2026-03-21,2026-03-27,https://res.cloudinary.com/dfqzmnlga/image/upload/v1774064770/2026-03-21/11018492.jpg
10970456,20.00,,Garn,Garn,1,0,stk.,Netto,https://static.tilbudsugen.dk/1st-retail/2026/9/64663/Netto82026-1_40_0x3415_2502x6602_zoom.jpg,2026-02-21,2026-03-27,https://res.cloudinary.com/dfqzmnlga/image/upload/v1774064771/2026-03-21/10970456.jpg
10970434,25.00,,Garn,Garn,1,0,stk.,Netto,https://static.tilbudsugen.dk/1st-retail/2026/9/64663/Netto82026-1_39_143x4503_2561x6595_zoom.jpg,2026-02-21,2026-03-27,https://res.cloudinary.com/dfqzmnlga/image/upload/v1774064771/2026-03-21/10970434.jpg
11018461,35.00,Premieur,Konserves,Ansjoser,1,0,gl.,Netto,https://static.tilbudsugen.dk/1st-retail/2026/13/64896/Netto122026-1_20_1660x4729_3308x6779_zoom.jpg,2026-03-21,2026-03-27,https://res.cloudinary.com/dfqzmnlga/image/upload/v1774064772/2026-03-21/11018461.jpg
10970429,30.00,,Garn,Garn,1,0,stk.,Netto,https://static.tilbudsugen.dk/1st-retail/2026/9/64663/Netto82026-1_38_2333x2991_4803x6530_zoom.jpg,2026-02-21,2026-03-27,https://res.cloudinary.com/dfqzmnlga/image/upload/v1774064772/2026-03-21/10970429.jpg
10970458,30.00,,Garn,Garn,1,0,stk.,Netto,https://static.tilbudsugen.dk/1st-retail/2026/9/64663/Netto82026-1_40_2691x137_4887x3421_zoom.jpg,2026-02-21,2026-03-27,https://res.cloudinary.com/dfqzmnlga/image/upload/v1774064773/2026-03-21/10970458.jpg
10970457,69.00,,Garn,Garn,1,0,stk.,Netto,https://static.tilbudsugen.dk/1st-retail/2026/9/64663/Netto82026-1_40_215x267_2698x3434_zoom.jpg,2026-02-21,2026-03-27,https://res.cloudinary.com/dfqzmnlga/image/upload/v1774064773/2026-03-21/10970457.jpg
11018707,59.00,,Haven,Plantebakke,1,0,stk.,Netto,https://static.tilbudsugen.dk/1st-retail/2026/13/64896/Netto122026-1_26_1714x300_4722x2373_zoom.jpg,2026-03-21,2026-03-27,https://res.cloudinary.com/dfqzmnlga/image/upload/v1774064774/2026-03-21/11018707.jpg
11018715,79.00,,Haven,Haveslange,1,0,stk.,Netto,https://static.tilbudsugen.dk/1st-retail/2026/13/64896/Netto122026-1_27_1714x2481_3242x4627_zoom.jpg,2026-03-21,2026-03-27,https://res.cloudinary.com/dfqzmnlga/image/upload/v1774064774/2026-03-21/11018715.jpg
11018716,50.00,,Diverse haveartikler,Plantesnor,1,0,stk.,Netto,https://static.tilbudsugen.dk/1st-retail/2026/13/64896/Netto122026-1_27_1696x132_3254x2487_zoom.jpg,2026-03-21,2026-03-27,https://res.cloudinary.com/dfqzmnlga/image/upload/v1774064775/2026-03-21/11018716.jpg
11018580,12.00,,Frø & løg,Løgplanter,1,0,stk.,Netto,https://static.tilbudsugen.dk/1st-retail/2026/13/64896/Netto122026-1_30_2609x451_4786x2035_zoom.jpg,2026-03-21,2026-03-27,https://res.cloudinary.com/dfqzmnlga/image/upload/v1774064775/2026-03-21/11018580.jpg
11018584,79.00,,"Planter, buske & træer",Planter,1,0,stk.,Netto,https://static.tilbudsugen.dk/1st-retail/2026/13/64896/Netto122026-1_30_2477x3530_4803x5202_zoom.jpg,2026-03-21,2026-03-27,https://res.cloudinary.com/dfqzmnlga/image/upload/v1774064776/2026-03-21/11018584.jpg
11018606,50.00,,Kreativitetslegetøj & puslespil,Tavle,1,0,stk.,Netto,https://static.tilbudsugen.dk/1st-retail/2026/13/64896/Netto122026-1_32_265x4636_2450x6830_zoom.jpg,2026-03-21,2026-03-27,https://res.cloudinary.com/dfqzmnlga/image/upload/v1774064776/2026-03-21/11018606.jpg
11018608,50.00,,Hobbyartikler,Dagbog,1,0,stk.,Netto,https://static.tilbudsugen.dk/1st-retail/2026/13/64896/Netto122026-1_33_248x469_1716x2415_zoom.jpg,2026-03-21,2026-03-27,https://res.cloudinary.com/dfqzmnlga/image/upload/v1774064776/2026-03-21/11018608.jpg
11018610,25.00,,Diverse legetøj,Legetøj,1,0,stk.,Netto,https://static.tilbudsugen.dk/1st-retail/2026/13/64896/Netto122026-1_33_3238x239_4759x4601_zoom.jpg,2026-03-21,2026-03-27,https://res.cloudinary.com/dfqzmnlga/image/upload/v1774064777/2026-03-21/11018610.jpg
11018611,40.00,,Diverse bøger,Opgavebog,1,0,stk.,Netto,https://static.tilbudsugen.dk/1st-retail/2026/13/64896/Netto122026-1_33_1751x2504_3220x4609_zoom.jpg,2026-03-21,2026-03-27,https://res.cloudinary.com/dfqzmnlga/image/upload/v1774064777/2026-03-21/11018611.jpg
11018619,60.00,,Skønlitteratur,Skønlitteratur,1,0,stk.,Netto,https://static.tilbudsugen.dk/1st-retail/2026/13/64896/Netto122026-1_34_221x4645_4848x6857_zoom.jpg,2026-03-21,2026-03-27,https://res.cloudinary.com/dfqzmnlga/image/upload/v1774064778/2026-03-21/11018619.jpg
11018655,129.00,Fixer,Maskiner,Skruemaskine,1,0,stk.,Netto,https://static.tilbudsugen.dk/1st-retail/2026/13/64896/Netto122026-1_35_2609x283_4786x1946_zoom.jpg,2026-03-21,2026-03-27,https://res.cloudinary.com/dfqzmnlga/image/upload/v1774064778/2026-03-21/11018655.jpg
11018662,149.00,,Støvsuger,Håndstøvsuger,1,0,stk.,Netto,https://static.tilbudsugen.dk/1st-retail/2026/13/64896/Netto122026-1_35_274x1911_2636x3548_zoom.jpg,2026-03-21,2026-03-27,https://res.cloudinary.com/dfqzmnlga/image/upload/v1774064779/2026-03-21/11018662.jpg
11018566,25.00,,Boligtekstiler,Hynde,1,0,stk.,Netto,https://static.tilbudsugen.dk/1st-retail/2026/13/64896/Netto122026-1_29_1734x257_4697x2831_zoom.jpg,2026-03-21,2026-03-27,https://res.cloudinary.com/dfqzmnlga/image/upload/v1774064780/2026-03-21/11018566.jpg
11018698,50.00,,Boligartikler,Vandkande,1,0,stk.,Netto,https://static.tilbudsugen.dk/1st-retail/2026/13/64896/Netto122026-1_26_1720x5148_3056x6815_zoom.jpg,2026-03-21,2026-03-27,https://res.cloudinary.com/dfqzmnlga/image/upload/v1774064780/2026-03-21/11018698.jpg
11018699,30.00,,Diverse byggemarked,Termometer,1,0,stk.,Netto,https://static.tilbudsugen.dk/1st-retail/2026/13/64896/Netto122026-1_26_276x4639_1630x6773_zoom.jpg,2026-03-21,2026-03-27,https://res.cloudinary.com/dfqzmnlga/image/upload/v1774064781/2026-03-21/11018699.jpg
11018704,30.00,,"Potter, skjulere m.m.",Plantetilbehør,1,0,stk.,Netto,https://static.tilbudsugen.dk/1st-retail/2026/13/64896/Netto122026-1_26_1762x2403_4716x3710_zoom.jpg,2026-03-21,2026-03-27,https://res.cloudinary.com/dfqzmnlga/image/upload/v1774064781/2026-03-21/11018704.jpg
11018710,40.00,,Diverse haveartikler,Haveartikler,1,0,stk.,Netto,https://static.tilbudsugen.dk/1st-retail/2026/13/64896/Netto122026-1_27_102x4603_1762x6845_zoom.jpg,2026-03-21,2026-03-27,https://res.cloudinary.com/dfqzmnlga/image/upload/v1774064781/2026-03-21/11018710.jpg
11018586,55.00,,"Planter, buske & træer",Busk,1,0,stk.,Netto,https://static.tilbudsugen.dk/1st-retail/2026/13/64896/Netto122026-1_30_221x3601_2609x5193_zoom.jpg,2026-03-21,2026-03-27,https://res.cloudinary.com/dfqzmnlga/image/upload/v1774064782/2026-03-21/11018586.jpg
11018596,45.00,,"Planter, buske & træer",Planter,1,0,stk.,Netto,https://static.tilbudsugen.dk/1st-retail/2026/13/64896/Netto122026-1_31_2415x1929_4777x3627_zoom.jpg,2026-03-21,2026-03-27,https://res.cloudinary.com/dfqzmnlga/image/upload/v1774064782/2026-03-21/11018596.jpg
11018600,60.00,,Køkkenartikler,Køletaske,1,0,stk.,Netto,https://static.tilbudsugen.dk/1st-retail/2026/13/64896/Netto122026-1_32_230x725_3264x2468_zoom.jpg,2026-03-21,2026-03-27,https://res.cloudinary.com/dfqzmnlga/image/upload/v1774064783/2026-03-21/11018600.jpg
11018601,40.00,,Outdoor,Clogs,1,0,par,Netto,https://static.tilbudsugen.dk/1st-retail/2026/13/64896/Netto122026-1_32_3255x672_4759x2389_zoom.jpg,2026-03-21,2026-03-27,https://res.cloudinary.com/dfqzmnlga/image/upload/v1774064783/2026-03-21/11018601.jpg
11018604,60.00,,Diverse isenkram og boligindretning,Opslagstavle,1,0,stk.,Netto,https://static.tilbudsugen.dk/1st-retail/2026/13/64896/Netto122026-1_32_2494x4609_4697x6803_zoom.jpg,2026-03-21,2026-03-27,https://res.cloudinary.com/dfqzmnlga/image/upload/v1774064783/2026-03-21/11018604.jpg
11018613,30.00,,Diverse bøger,Opgavebog,1,0,stk.,Netto,https://static.tilbudsugen.dk/1st-retail/2026/13/64896/Netto122026-1_33_3264x4636_4768x6857_zoom.jpg,2026-03-21,2026-03-27,https://res.cloudinary.com/dfqzmnlga/image/upload/v1774064784/2026-03-21/11018613.jpg
11018657,149.00,Dunlop,Maskiner,Luftkompressor,1,0,stk.,Netto,https://static.tilbudsugen.dk/1st-retail/2026/13/64896/Netto122026-1_35_239x257_2636x1920_zoom.jpg,2026-03-21,2026-03-27,https://res.cloudinary.com/dfqzmnlga/image/upload/v1774064784/2026-03-21/11018657.jpg
11018700,16.00,,Diverse haveartikler,Havehandsker,1,0,stk.,Netto,https://static.tilbudsugen.dk/1st-retail/2026/13/64896/Netto122026-1_26_1726x3764_3080x5112_zoom.jpg,2026-03-21,2026-03-27,https://res.cloudinary.com/dfqzmnlga/image/upload/v1774064785/2026-03-21/11018700.jpg
11018701,189.00,,"Potter, skjulere m.m.",Urtepottestativ,1,0,stk.,Netto,https://static.tilbudsugen.dk/1st-retail/2026/13/64896/Netto122026-1_26_3068x3716_4758x6779_zoom.jpg,2026-03-21,2026-03-27,https://res.cloudinary.com/dfqzmnlga/image/upload/v1774064785/2026-03-21/11018701.jpg
11018705,29.00,,Haven,Plantebakke,1,0,stk.,Netto,https://static.tilbudsugen.dk/1st-retail/2026/13/64896/Netto122026-1_26_1714x300_4722x2373_zoom.jpg,2026-03-21,2026-03-27,https://res.cloudinary.com/dfqzmnlga/image/upload/v1774064786/2026-03-21/11018705.jpg
11018712,25.00,,Diverse haveartikler,Haveartikler,1,0,stk.,Netto,https://static.tilbudsugen.dk/1st-retail/2026/13/64896/Netto122026-1_27_3134x3404_4896x4633_zoom.jpg,2026-03-21,2026-03-27,https://res.cloudinary.com/dfqzmnlga/image/upload/v1774064786/2026-03-21/11018712.jpg
11018559,20.00,,"Potter, skjulere m.m.",Urtepotte,1,0,stk.,Netto,https://static.tilbudsugen.dk/1st-retail/2026/13/64896/Netto122026-1_28_336x318_4918x6795_zoom.jpg,2026-03-21,2026-03-27,https://res.cloudinary.com/dfqzmnlga/image/upload/v1774064786/2026-03-21/11018559.jpg
11018561,15.00,,"Potter, skjulere m.m.",Underskål,1,0,stk.,Netto,https://static.tilbudsugen.dk/1st-retail/2026/13/64896/Netto122026-1_28_336x318_4918x6795_zoom.jpg,2026-03-21,2026-03-27,https://res.cloudinary.com/dfqzmnlga/image/upload/v1774064787/2026-03-21/11018561.jpg
11018569,30.00,,Belysning udendørs,Solcellelampe,1,0,stk.,Netto,https://static.tilbudsugen.dk/1st-retail/2026/13/64896/Netto122026-1_29_1681x4592_3326x6865_zoom.jpg,2026-03-21,2026-03-27,https://res.cloudinary.com/dfqzmnlga/image/upload/v1774064787/2026-03-21/11018569.jpg
11018576,89.00,,"Potter, skjulere m.m.",Havekrukker,1,0,stk.,Netto,https://static.tilbudsugen.dk/1st-retail/2026/13/64896/Netto122026-1_29_141x221_2397x4654_zoom.jpg,2026-03-21,2026-03-27,https://res.cloudinary.com/dfqzmnlga/image/upload/v1774064787/2026-03-21/11018576.jpg
11018595,25.00,,"Planter, buske & træer",Frugtbusk,1,0,stk.,Netto,https://static.tilbudsugen.dk/1st-retail/2026/13/64896/Netto122026-1_31_2477x0_4715x1991_zoom.jpg,2026-03-21,2026-03-27,https://res.cloudinary.com/dfqzmnlga/image/upload/v1774064788/2026-03-21/11018595.jpg
11018602,50.00,,Køkkenartikler,Drikkeflaske,1,0,stk.,Netto,https://static.tilbudsugen.dk/1st-retail/2026/13/64896/Netto122026-1_32_3273x2513_4724x4627_zoom.jpg,2026-03-21,2026-03-27,https://res.cloudinary.com/dfqzmnlga/image/upload/v1774064788/2026-03-21/11018602.jpg
11018612,25.00,,Hobbyartikler,Klistermærkealbum,1,0,stk.,Netto,https://static.tilbudsugen.dk/1st-retail/2026/13/64896/Netto122026-1_33_212x2442_1725x4636_zoom.jpg,2026-03-21,2026-03-27,https://res.cloudinary.com/dfqzmnlga/image/upload/v1774064789/2026-03-21/11018612.jpg
11018649,149.00,,Printere & scannere,Printer,1,0,stk.,Netto,https://static.tilbudsugen.dk/1st-retail/2026/13/64896/Netto122026-1_34_2238x2716_4679x4698_zoom.jpg,2026-03-21,2026-03-27,https://res.cloudinary.com/dfqzmnlga/image/upload/v1774064789/2026-03-21/11018649.jpg
11018664,169.00,,Rengøringsartikler,Vinduesbørste,1,0,stk.,Netto,https://static.tilbudsugen.dk/1st-retail/2026/13/64896/Netto122026-1_35_2733x3512_4901x6821_zoom.jpg,2026-03-21,2026-03-27,https://res.cloudinary.com/dfqzmnlga/image/upload/v1774064790/2026-03-21/11018664.jpg
11018665,69.00,,Diverse elartikler,Rengøringsbørste,1,0,stk.,Netto,https://static.tilbudsugen.dk/1st-retail/2026/13/64896/Netto122026-1_35_186x3468_2795x5176_zoom.jpg,2026-03-21,2026-03-27,https://res.cloudinary.com/dfqzmnlga/image/upload/v1774064790/2026-03-21/11018665.jpg
10970430,35.00,,Service,Krus,1,0,stk.,Netto,https://static.tilbudsugen.dk/1st-retail/2026/9/64663/Netto82026-1_38_65x3643_2339x6602_zoom.jpg,2026-02-21,2026-03-27,https://res.cloudinary.com/dfqzmnlga/image/upload/v1774064790/2026-03-21/10970430.jpg
10970436,60.00,,Diverse bøger,Hobbybøger,1,0,stk.,Netto,https://static.tilbudsugen.dk/1st-retail/2026/9/64663/Netto82026-1_39_2880x808_4952x4484_zoom.jpg,2026-02-21,2026-03-27,https://res.cloudinary.com/dfqzmnlga/image/upload/v1774064791/2026-03-21/10970436.jpg
10970459,30.00,,Garn,Strikketilbehør,1,0,stk.,Netto,https://static.tilbudsugen.dk/1st-retail/2026/9/64663/Netto82026-1_40_2470x3441_4750x6530_zoom.jpg,2026-02-21,2026-03-27,https://res.cloudinary.com/dfqzmnlga/image/upload/v1774064791/2026-03-21/10970459.jpg
11018697,50.00,,Haven,Espalier,1,0,stk.,Netto,https://static.tilbudsugen.dk/1st-retail/2026/13/64896/Netto122026-1_26_204x1355_1762x4795_zoom.jpg,2026-03-21,2026-03-27,https://res.cloudinary.com/dfqzmnlga/image/upload/v1774064792/2026-03-21/11018697.jpg
11018706,49.00,,Haven,Plantebakke,1,0,stk.,Netto,https://static.tilbudsugen.dk/1st-retail/2026/13/64896/Netto122026-1_26_1714x300_4722x2373_zoom.jpg,2026-03-21,2026-03-27,https://res.cloudinary.com/dfqzmnlga/image/upload/v1774064792/2026-03-21/11018706.jpg
11018717,50.00,,Haveredskaber,Havesæk,1,0,stk.,Netto,https://static.tilbudsugen.dk/1st-retail/2026/13/64896/Netto122026-1_27_3194x294_4740x3362_zoom.jpg,2026-03-21,2026-03-27,https://res.cloudinary.com/dfqzmnlga/image/upload/v1774064793/2026-03-21/11018717.jpg
11018578,40.00,,"Planter, buske & træer",Busk,1,0,stk.,Netto,https://static.tilbudsugen.dk/1st-retail/2026/13/64896/Netto122026-1_30_88x425_2512x3592_zoom.jpg,2026-03-21,2026-03-27,https://res.cloudinary.com/dfqzmnlga/image/upload/v1774064793/2026-03-21/11018578.jpg
11018589,11.00,,"Planter, buske & træer",Planter,1,0,stk.,Netto,https://static.tilbudsugen.dk/1st-retail/2026/13/64896/Netto122026-1_30_79x5184_2539x6848_zoom.jpg,2026-03-21,2026-03-27,https://res.cloudinary.com/dfqzmnlga/image/upload/v1774064793/2026-03-21/11018589.jpg
11018594,80.00,,"Planter, buske & træer",Frugttræ,1,0,stk.,Netto,https://static.tilbudsugen.dk/1st-retail/2026/13/64896/Netto122026-1_31_9x230_2565x5229_zoom.jpg,2026-03-21,2026-03-27,https://res.cloudinary.com/dfqzmnlga/image/upload/v1774064794/2026-03-21/11018594.jpg
11018605,69.00,,Kreativitetslegetøj & puslespil,Tavle,1,0,stk.,Netto,https://static.tilbudsugen.dk/1st-retail/2026/13/64896/Netto122026-1_32_239x2539_1858x4609_zoom.jpg,2026-03-21,2026-03-27,https://res.cloudinary.com/dfqzmnlga/image/upload/v1774064795/2026-03-21/11018605.jpg
11018607,30.00,,Diverse kontorartikler,Notesbog,1,0,stk.,Netto,https://static.tilbudsugen.dk/1st-retail/2026/13/64896/Netto122026-1_32_1813x2521_3255x4680_zoom.jpg,2026-03-21,2026-03-27,https://res.cloudinary.com/dfqzmnlga/image/upload/v1774064795/2026-03-21/11018607.jpg
11018651,99.00,,PC tilbehør,Laptoppude,1,0,stk.,Netto,https://static.tilbudsugen.dk/1st-retail/2026/13/64896/Netto122026-1_34_141x2760_2344x4689_zoom.jpg,2026-03-21,2026-03-27,https://res.cloudinary.com/dfqzmnlga/image/upload/v1774064796/2026-03-21/11018651.jpg
11018666,60.00,Dunlop,Klargøring & bilpleje,Bilpleje,1,0,pk.,Netto,https://static.tilbudsugen.dk/1st-retail/2026/13/64896/Netto122026-1_35_256x5220_2583x6795_zoom.jpg,2026-03-21,2026-03-27,https://res.cloudinary.com/dfqzmnlga/image/upload/v1774064796/2026-03-21/11018666.jpg
11018562,30.00,,Pyntegenstande,Lanterne,1,0,stk.,Netto,https://static.tilbudsugen.dk/1st-retail/2026/13/64896/Netto122026-1_29_256x4539_1725x6821_zoom.jpg,2026-03-21,2026-03-27,https://res.cloudinary.com/dfqzmnlga/image/upload/v1774064797/2026-03-21/11018562.jpg
11018568,399.00,,Havemøbler,Trallebænk,1,0,stk.,Netto,https://static.tilbudsugen.dk/1st-retail/2026/13/64896/Netto122026-1_29_1557x1902_4989x4512_zoom.jpg,2026-03-21,2026-03-27,https://res.cloudinary.com/dfqzmnlga/image/upload/v1774064797/2026-03-21/11018568.jpg
11018571,30.00,,"Potter, skjulere m.m.",Havekrukker,1,0,stk.,Netto,https://static.tilbudsugen.dk/1st-retail/2026/13/64896/Netto122026-1_29_141x221_2397x4654_zoom.jpg,2026-03-21,2026-03-27,https://res.cloudinary.com/dfqzmnlga/image/upload/v1774064798/2026-03-21/11018571.jpg
11018708,59.00,,Haveredskaber,Vandingssæt,1,0,stk.,Netto,https://static.tilbudsugen.dk/1st-retail/2026/13/64896/Netto122026-1_27_186x234_1702x2439_zoom.jpg,2026-03-21,2026-03-27,https://res.cloudinary.com/dfqzmnlga/image/upload/v1774064798/2026-03-21/11018708.jpg
11018709,25.00,,Diverse haveartikler,Plantestøtte,1,0,stk.,Netto,https://static.tilbudsugen.dk/1st-retail/2026/13/64896/Netto122026-1_27_222x2439_1654x4561_zoom.jpg,2026-03-21,2026-03-27,https://res.cloudinary.com/dfqzmnlga/image/upload/v1774064798/2026-03-21/11018709.jpg
11018711,40.00,,Diverse haveartikler,Sneglefælde,1,0,bk.,Netto,https://static.tilbudsugen.dk/1st-retail/2026/13/64896/Netto122026-1_27_1744x4633_4728x6743_zoom.jpg,2026-03-21,2026-03-27,https://res.cloudinary.com/dfqzmnlga/image/upload/v1774064799/2026-03-21/11018711.jpg
11018572,45.00,,"Potter, skjulere m.m.",Havekrukker,1,0,stk.,Netto,https://static.tilbudsugen.dk/1st-retail/2026/13/64896/Netto122026-1_29_141x221_2397x4654_zoom.jpg,2026-03-21,2026-03-27,https://res.cloudinary.com/dfqzmnlga/image/upload/v1774064799/2026-03-21/11018572.jpg
11018573,75.00,,"Potter, skjulere m.m.",Havekrukker,1,0,stk.,Netto,https://static.tilbudsugen.dk/1st-retail/2026/13/64896/Netto122026-1_29_141x221_2397x4654_zoom.jpg,2026-03-21,2026-03-27,https://res.cloudinary.com/dfqzmnlga/image/upload/v1774064800/2026-03-21/11018573.jpg
11018582,25.00,,"Planter, buske & træer",Planter,1,0,stk.,Netto,https://static.tilbudsugen.dk/1st-retail/2026/13/64896/Netto122026-1_30_2503x1929_4741x3689_zoom.jpg,2026-03-21,2026-03-27,https://res.cloudinary.com/dfqzmnlga/image/upload/v1774064800/2026-03-21/11018582.jpg
11018592,55.00,,"Planter, buske & træer",Syrenhortensia,1,0,stk.,Netto,https://static.tilbudsugen.dk/1st-retail/2026/13/64896/Netto122026-1_30_2503x5105_4724x6821_zoom.jpg,2026-03-21,2026-03-27,https://res.cloudinary.com/dfqzmnlga/image/upload/v1774064801/2026-03-21/11018592.jpg
11018603,30.00,,Skriveartikler,Penalhus,1,0,stk.,Netto,https://static.tilbudsugen.dk/1st-retail/2026/13/64896/Netto122026-1_32_1813x2521_3255x4680_zoom.jpg,2026-03-21,2026-03-27,https://res.cloudinary.com/dfqzmnlga/image/upload/v1774064801/2026-03-21/11018603.jpg
11018616,30.00,,Hobbyartikler,Klistermærkealbum,1,0,stk.,Netto,https://static.tilbudsugen.dk/1st-retail/2026/13/64896/Netto122026-1_33_301x4707_1672x6777_zoom.jpg,2026-03-21,2026-03-27,https://res.cloudinary.com/dfqzmnlga/image/upload/v1774064801/2026-03-21/11018616.jpg
11018646,99.00,,Højtaler,Højttaler,1,0,stk.,Netto,https://static.tilbudsugen.dk/1st-retail/2026/13/64896/Netto122026-1_34_230x150_4706x2681_zoom.jpg,2026-03-21,2026-03-27,https://res.cloudinary.com/dfqzmnlga/image/upload/v1774064802/2026-03-21/11018646.jpg
11018659,25.00,Basta,Klargøring & bilpleje,Bilpleje,1,0,fl.,Netto,https://static.tilbudsugen.dk/1st-retail/2026/13/64896/Netto122026-1_35_2601x1920_4741x3548_zoom.jpg,2026-03-21,2026-03-27,https://res.cloudinary.com/dfqzmnlga/image/upload/v1774064802/2026-03-21/11018659.jpg
