data_id,price,brand,category,product_name,units,quantity,unit_type,store_name,image_url,start_date,end_date,public_urls
10995266,8.00,Hello Sensitive,Babypleje,Vådservietter,1,100,pk.,Netto,https://static.tilbudsugen.dk/1st-retail/2026/11/64774/Netto102026-1_8_63x3714_2463x6862_zoom.jpg,2026-03-07,2026-03-13,https://res.cloudinary.com/dfqzmnlga/image/upload/v1772854600/2026-03-07/10995266.jpg
10995577,29.00,Always,Intimhygiejne,Trusseindlæg,1,60,pk.,Netto,https://static.tilbudsugen.dk/1st-retail/2026/11/64774/Netto102026-1_26_109x2782_2401x4911_zoom.jpg,2026-03-07,2026-03-13,https://res.cloudinary.com/dfqzmnlga/image/upload/v1772854601/2026-03-07/10995577.jpg
10995430,10.00,,Papir,Servietter,1,20,pk.,Netto,https://static.tilbudsugen.dk/1st-retail/2026/11/64774/Netto102026-1_34_1780x4669_3182x6755_zoom.jpg,2026-03-07,2026-03-13,https://res.cloudinary.com/dfqzmnlga/image/upload/v1772854601/2026-03-07/10995430.jpg
10995379,10.00,,Papir,Servietter,1,20,pk.,Netto,https://static.tilbudsugen.dk/1st-retail/2026/11/64774/Netto102026-1_30_204x4783_1786x6641_zoom.jpg,2026-03-07,2026-03-13,https://res.cloudinary.com/dfqzmnlga/image/upload/v1772854602/2026-03-07/10995379.jpg
10995385,20.00,,Papir,Servietter,1,40,pk.,Netto,https://static.tilbudsugen.dk/1st-retail/2026/11/64774/Netto102026-1_32_216x120_1756x1840_zoom.jpg,2026-03-07,2026-03-13,https://res.cloudinary.com/dfqzmnlga/image/upload/v1772854602/2026-03-07/10995385.jpg
10995261,45.00,Midi,Bleer,Bleer str 3 4-9 kg,1,56,pk.,Netto,https://static.tilbudsugen.dk/1st-retail/2026/11/64774/Netto102026-1_8_2393x3556_4959x6870_zoom.jpg,2026-03-07,2026-03-13,https://res.cloudinary.com/dfqzmnlga/image/upload/v1772854603/2026-03-07/10995261.jpg
10995435,10.00,,Papir,Bordkort,1,12,pk.,Netto,https://static.tilbudsugen.dk/1st-retail/2026/11/64774/Netto102026-1_34_258x2607_2571x4615_zoom.jpg,2026-03-07,2026-03-13,https://res.cloudinary.com/dfqzmnlga/image/upload/v1772854603/2026-03-07/10995435.jpg
10995263,45.00,Maxi,Bleer,Bleer str 4 7-18 kg,1,50,pk.,Netto,https://static.tilbudsugen.dk/1st-retail/2026/11/64774/Netto102026-1_8_2393x3556_4959x6870_zoom.jpg,2026-03-07,2026-03-13,https://res.cloudinary.com/dfqzmnlga/image/upload/v1772854604/2026-03-07/10995263.jpg
10995264,45.00,Junior,Bleer,Bleer str 5 11-25 kg,1,44,pk.,Netto,https://static.tilbudsugen.dk/1st-retail/2026/11/64774/Netto102026-1_8_2393x3556_4959x6870_zoom.jpg,2026-03-07,2026-03-13,https://res.cloudinary.com/dfqzmnlga/image/upload/v1772854604/2026-03-07/10995264.jpg
10995265,45.00,XL,Bleer,Bleer str 6 15-30 kg,1,40,pk.,Netto,https://static.tilbudsugen.dk/1st-retail/2026/11/64774/Netto102026-1_8_2393x3556_4959x6870_zoom.jpg,2026-03-07,2026-03-13,https://res.cloudinary.com/dfqzmnlga/image/upload/v1772854605/2026-03-07/10995265.jpg
10995578,29.00,Tampax,Intimhygiejne,Tamponer,1,20,pk.,Netto,https://static.tilbudsugen.dk/1st-retail/2026/11/64774/Netto102026-1_26_109x2782_2401x4911_zoom.jpg,2026-03-07,2026-03-13,https://res.cloudinary.com/dfqzmnlga/image/upload/v1772854606/2026-03-07/10995578.jpg
10995475,30.00,Pukka,Te,Peppermint & Licorice Tebreve,1,20,pk.,Netto,https://static.tilbudsugen.dk/1st-retail/2026/11/64774/Netto102026-1_23_31x4880_1778x6830_zoom.jpg,2026-03-07,2026-03-13,https://res.cloudinary.com/dfqzmnlga/image/upload/v1772854606/2026-03-07/10995475.jpg
10995482,30.00,Pukka,Te,Morning Berry Tebreve,1,20,pk.,Netto,https://static.tilbudsugen.dk/1st-retail/2026/11/64774/Netto102026-1_23_31x4880_1778x6830_zoom.jpg,2026-03-07,2026-03-13,https://res.cloudinary.com/dfqzmnlga/image/upload/v1772854607/2026-03-07/10995482.jpg
10995487,30.00,Pukka,Te,Three Ginger Tebreve,1,20,pk.,Netto,https://static.tilbudsugen.dk/1st-retail/2026/11/64774/Netto102026-1_23_31x4880_1778x6830_zoom.jpg,2026-03-07,2026-03-13,https://res.cloudinary.com/dfqzmnlga/image/upload/v1772854607/2026-03-07/10995487.jpg
10995488,30.00,Pukka,Te,Chamomile Vanilla & Manuka Honey Tebreve,1,20,pk.,Netto,https://static.tilbudsugen.dk/1st-retail/2026/11/64774/Netto102026-1_23_31x4880_1778x6830_zoom.jpg,2026-03-07,2026-03-13,https://res.cloudinary.com/dfqzmnlga/image/upload/v1772854608/2026-03-07/10995488.jpg
10995491,30.00,Pukka,Te,Night time apple Tebreve,1,20,pk.,Netto,https://static.tilbudsugen.dk/1st-retail/2026/11/64774/Netto102026-1_23_31x4880_1778x6830_zoom.jpg,2026-03-07,2026-03-13,https://res.cloudinary.com/dfqzmnlga/image/upload/v1772854608/2026-03-07/10995491.jpg
10995047,15.00,DAVA Foods,Skalæg,Skrabeæg M/L,1,10,bk.,Netto,https://static.tilbudsugen.dk/1st-retail/2026/11/64774/Netto102026-1_2_2188x636_4943x2273_zoom.jpg,2026-03-07,2026-03-13,https://res.cloudinary.com/dfqzmnlga/image/upload/v1772854609/2026-03-07/10995047.jpg
10995480,30.00,Pukka,Te,Supreme Matcha Green Tebreve,1,20,pk.,Netto,https://static.tilbudsugen.dk/1st-retail/2026/11/64774/Netto102026-1_23_31x4880_1778x6830_zoom.jpg,2026-03-07,2026-03-13,https://res.cloudinary.com/dfqzmnlga/image/upload/v1772854610/2026-03-07/10995480.jpg
10995481,30.00,Pukka,Te,Three mint Tebreve,1,20,pk.,Netto,https://static.tilbudsugen.dk/1st-retail/2026/11/64774/Netto102026-1_23_31x4880_1778x6830_zoom.jpg,2026-03-07,2026-03-13,https://res.cloudinary.com/dfqzmnlga/image/upload/v1772854611/2026-03-07/10995481.jpg
10995030,9.00,Godt Papir,Husholdningspapir,Toiletpapir,1,6,pk.,Netto,https://static.tilbudsugen.dk/1st-retail/2026/11/64774/Netto102026-1_1_102x4107_2503x6902_zoom.jpg,2026-03-07,2026-03-13,https://res.cloudinary.com/dfqzmnlga/image/upload/v1772854611/2026-03-07/10995030.jpg
10995483,30.00,Pukka,Te,Lemon Ginger & a touch of Manuka Honey Tebreve,1,20,pk.,Netto,https://static.tilbudsugen.dk/1st-retail/2026/11/64774/Netto102026-1_23_31x4880_1778x6830_zoom.jpg,2026-03-07,2026-03-13,https://res.cloudinary.com/dfqzmnlga/image/upload/v1772854612/2026-03-07/10995483.jpg
10995484,30.00,Pukka,Te,Relax Tebreve,1,20,pk.,Netto,https://static.tilbudsugen.dk/1st-retail/2026/11/64774/Netto102026-1_23_31x4880_1778x6830_zoom.jpg,2026-03-07,2026-03-13,https://res.cloudinary.com/dfqzmnlga/image/upload/v1772854613/2026-03-07/10995484.jpg
10995485,30.00,Pukka,Te,Night time Tebreve,1,20,pk.,Netto,https://static.tilbudsugen.dk/1st-retail/2026/11/64774/Netto102026-1_23_31x4880_1778x6830_zoom.jpg,2026-03-07,2026-03-13,https://res.cloudinary.com/dfqzmnlga/image/upload/v1772854614/2026-03-07/10995485.jpg
10995486,30.00,Pukka,Te,Lemongrass & Ginter Tebreve,1,20,pk.,Netto,https://static.tilbudsugen.dk/1st-retail/2026/11/64774/Netto102026-1_23_31x4880_1778x6830_zoom.jpg,2026-03-07,2026-03-13,https://res.cloudinary.com/dfqzmnlga/image/upload/v1772854615/2026-03-07/10995486.jpg
10995569,99.00,Neophos,Opvask,Maskinopvask-tabs,1,62,pk.,Netto,https://static.tilbudsugen.dk/1st-retail/2026/11/64774/Netto102026-1_26_2355x2954_4998x4810_zoom.jpg,2026-03-07,2026-03-13,https://res.cloudinary.com/dfqzmnlga/image/upload/v1772854615/2026-03-07/10995569.jpg
10995433,10.00,,Pyntegenstande,Bordkortholder,1,6,pk.,Netto,https://static.tilbudsugen.dk/1st-retail/2026/11/64774/Netto102026-1_34_258x2607_2571x4615_zoom.jpg,2026-03-07,2026-03-13,https://res.cloudinary.com/dfqzmnlga/image/upload/v1772854616/2026-03-07/10995433.jpg
10995367,30.00,,Påske,Påskepynt,1,18,pk.,Netto,https://static.tilbudsugen.dk/1st-retail/2026/11/64774/Netto102026-1_29_2529x72_4956x1462_zoom.jpg,2026-03-07,2026-03-13,https://res.cloudinary.com/dfqzmnlga/image/upload/v1772854616/2026-03-07/10995367.jpg
10995575,29.00,Always,Intimhygiejne,Bind,1,16,pk.,Netto,https://static.tilbudsugen.dk/1st-retail/2026/11/64774/Netto102026-1_26_109x2782_2401x4911_zoom.jpg,2026-03-07,2026-03-13,https://res.cloudinary.com/dfqzmnlga/image/upload/v1772854617/2026-03-07/10995575.jpg
10995574,39.00,A+,Vaskemiddel,Vaskemiddel-tabs,1,20,pk.,Netto,https://static.tilbudsugen.dk/1st-retail/2026/11/64774/Netto102026-1_26_86x4779_4920x6869_zoom.jpg,2026-03-07,2026-03-13,https://res.cloudinary.com/dfqzmnlga/image/upload/v1772854617/2026-03-07/10995574.jpg
10995397,12.00,,Partyartikler,Balloner,1,6,pk.,Netto,https://static.tilbudsugen.dk/1st-retail/2026/11/64774/Netto102026-1_33_324x354_4626x4585_zoom.jpg,2026-03-07,2026-03-13,https://res.cloudinary.com/dfqzmnlga/image/upload/v1772854618/2026-03-07/10995397.jpg
10995456,20.00,Chai Latte,Te,Instant Te Pumpkin Spice,1,8,pk.,Netto,https://static.tilbudsugen.dk/1st-retail/2026/11/64774/Netto102026-1_23_3251x2829_4881x4810_zoom.jpg,2026-03-07,2026-03-13,https://res.cloudinary.com/dfqzmnlga/image/upload/v1772854619/2026-03-07/10995456.jpg
10995457,20.00,Chai Latte,Te,Instant Te Grøn Te,1,8,pk.,Netto,https://static.tilbudsugen.dk/1st-retail/2026/11/64774/Netto102026-1_23_3251x2829_4881x4810_zoom.jpg,2026-03-07,2026-03-13,https://res.cloudinary.com/dfqzmnlga/image/upload/v1772854620/2026-03-07/10995457.jpg
10995458,20.00,Chai Latte,Te,Instant Te Vanilje,1,8,pk.,Netto,https://static.tilbudsugen.dk/1st-retail/2026/11/64774/Netto102026-1_23_3251x2829_4881x4810_zoom.jpg,2026-03-07,2026-03-13,https://res.cloudinary.com/dfqzmnlga/image/upload/v1772854620/2026-03-07/10995458.jpg
10995459,20.00,Skinny Chai Latte,Te,Instant Te Karamel,1,8,pk.,Netto,https://static.tilbudsugen.dk/1st-retail/2026/11/64774/Netto102026-1_23_3251x2829_4881x4810_zoom.jpg,2026-03-07,2026-03-13,https://res.cloudinary.com/dfqzmnlga/image/upload/v1772854621/2026-03-07/10995459.jpg
10995461,20.00,Chai Latte,Te,Instant Te Dirty Vanilla,1,8,pk.,Netto,https://static.tilbudsugen.dk/1st-retail/2026/11/64774/Netto102026-1_23_3251x2829_4881x4810_zoom.jpg,2026-03-07,2026-03-13,https://res.cloudinary.com/dfqzmnlga/image/upload/v1772854621/2026-03-07/10995461.jpg
10995451,20.00,Chai Latte,Te,Instant Te Kakao,1,8,pk.,Netto,https://static.tilbudsugen.dk/1st-retail/2026/11/64774/Netto102026-1_23_3251x2829_4881x4810_zoom.jpg,2026-03-07,2026-03-13,https://res.cloudinary.com/dfqzmnlga/image/upload/v1772854622/2026-03-07/10995451.jpg
10995404,20.00,,Foto,Fotoramme,1,8,pk.,Netto,https://static.tilbudsugen.dk/1st-retail/2026/11/64774/Netto102026-1_33_324x354_4626x4585_zoom.jpg,2026-03-07,2026-03-13,https://res.cloudinary.com/dfqzmnlga/image/upload/v1772854623/2026-03-07/10995404.jpg
10995460,20.00,Chai Latte,Te,Instant Te Cookie,1,8,pk.,Netto,https://static.tilbudsugen.dk/1st-retail/2026/11/64774/Netto102026-1_23_3251x2829_4881x4810_zoom.jpg,2026-03-07,2026-03-13,https://res.cloudinary.com/dfqzmnlga/image/upload/v1772854624/2026-03-07/10995460.jpg
10995455,20.00,Chai Latte,Te,Instant Te Choco Orange,1,8,pk.,Netto,https://static.tilbudsugen.dk/1st-retail/2026/11/64774/Netto102026-1_23_3251x2829_4881x4810_zoom.jpg,2026-03-07,2026-03-13,https://res.cloudinary.com/dfqzmnlga/image/upload/v1772854624/2026-03-07/10995455.jpg
10995343,15.00,Frisko,Multipak,Twister Mini Mallow,1,6,pk.,Netto,https://static.tilbudsugen.dk/1st-retail/2026/11/64774/Netto102026-1_21_23x2954_1700x4872_zoom.jpg,2026-03-07,2026-03-13,https://res.cloudinary.com/dfqzmnlga/image/upload/v1772854625/2026-03-07/10995343.jpg
10995383,99.00,,Skriveartikler,Tusser,1,36,pk.,Netto,https://static.tilbudsugen.dk/1st-retail/2026/11/64774/Netto102026-1_31_2871x3584_4998x5232_zoom.jpg,2026-03-07,2026-03-13,https://res.cloudinary.com/dfqzmnlga/image/upload/v1772854625/2026-03-07/10995383.jpg
10995029,9.00,Godt Papir,Husholdningspapir,Køkkenrulle,1,3,pk.,Netto,https://static.tilbudsugen.dk/1st-retail/2026/11/64774/Netto102026-1_1_102x4107_2503x6902_zoom.jpg,2026-03-07,2026-03-13,https://res.cloudinary.com/dfqzmnlga/image/upload/v1772854626/2026-03-07/10995029.jpg
10995390,25.00,,Påske,Påskepynt,1,8,pk.,Netto,https://static.tilbudsugen.dk/1st-retail/2026/11/64774/Netto102026-1_32_1744x306_4710x3896_zoom.jpg,2026-03-07,2026-03-13,https://res.cloudinary.com/dfqzmnlga/image/upload/v1772854628/2026-03-07/10995390.jpg
10995522,5.00,Hindbær & Jordbær,Kildevand m/u brus,"Mineralvand med brus, hindbær og jordbær",1,1,fl.,Netto,https://static.tilbudsugen.dk/1st-retail/2026/11/64774/Netto102026-1_25_23x240_2456x4903_zoom.jpg,2026-03-07,2026-03-13,https://res.cloudinary.com/dfqzmnlga/image/upload/v1772854629/2026-03-07/10995522.jpg
10995523,5.00,BFree,Sodavand,Sportssodavand Lemon Lime,1,1,fl.,Netto,https://static.tilbudsugen.dk/1st-retail/2026/11/64774/Netto102026-1_25_23x240_2456x4903_zoom.jpg,2026-03-07,2026-03-13,https://res.cloudinary.com/dfqzmnlga/image/upload/v1772854630/2026-03-07/10995523.jpg
10995253,20.00,,Frugt,Æbler,1,6,bk.,Netto,https://static.tilbudsugen.dk/1st-retail/2026/11/64774/Netto102026-1_13_2421x1271_4920x3434_zoom.jpg,2026-03-07,2026-03-13,https://res.cloudinary.com/dfqzmnlga/image/upload/v1772854630/2026-03-07/10995253.jpg
10995194,10.00,Knorr,Saucer,Hollandaisesauce,1,3,pk.,Netto,https://static.tilbudsugen.dk/1st-retail/2026/11/64774/Netto102026-1_5_2393x289_4919x3572_zoom.jpg,2026-03-07,2026-03-13,https://res.cloudinary.com/dfqzmnlga/image/upload/v1772854631/2026-03-07/10995194.jpg
10995195,10.00,Knorr,Saucer,Bearnaisesauce,1,3,pk.,Netto,https://static.tilbudsugen.dk/1st-retail/2026/11/64774/Netto102026-1_5_2393x289_4919x3572_zoom.jpg,2026-03-07,2026-03-13,https://res.cloudinary.com/dfqzmnlga/image/upload/v1772854631/2026-03-07/10995195.jpg
10995196,10.00,Knorr,Saucer,Green Pepper Sauce,1,3,pk.,Netto,https://static.tilbudsugen.dk/1st-retail/2026/11/64774/Netto102026-1_5_2393x289_4919x3572_zoom.jpg,2026-03-07,2026-03-13,https://res.cloudinary.com/dfqzmnlga/image/upload/v1772854632/2026-03-07/10995196.jpg
10995197,10.00,Knorr,Saucer,Champignon Sauce,1,3,pk.,Netto,https://static.tilbudsugen.dk/1st-retail/2026/11/64774/Netto102026-1_5_2393x289_4919x3572_zoom.jpg,2026-03-07,2026-03-13,https://res.cloudinary.com/dfqzmnlga/image/upload/v1772854633/2026-03-07/10995197.jpg
10995198,10.00,Knorr,Saucer,Cabaretsauce,1,3,pk.,Netto,https://static.tilbudsugen.dk/1st-retail/2026/11/64774/Netto102026-1_5_2393x289_4919x3572_zoom.jpg,2026-03-07,2026-03-13,https://res.cloudinary.com/dfqzmnlga/image/upload/v1772854633/2026-03-07/10995198.jpg
10995200,10.00,Knorr,Saucer,Parsley Sauce,1,3,pk.,Netto,https://static.tilbudsugen.dk/1st-retail/2026/11/64774/Netto102026-1_5_2393x289_4919x3572_zoom.jpg,2026-03-07,2026-03-13,https://res.cloudinary.com/dfqzmnlga/image/upload/v1772854634/2026-03-07/10995200.jpg
10995193,10.00,Knorr,Saucer,Brown Sauce,1,3,pk.,Netto,https://static.tilbudsugen.dk/1st-retail/2026/11/64774/Netto102026-1_5_2393x289_4919x3572_zoom.jpg,2026-03-07,2026-03-13,https://res.cloudinary.com/dfqzmnlga/image/upload/v1772854634/2026-03-07/10995193.jpg
10995375,30.00,,Stearinlys,Kronelys,1,8,pk.,Netto,https://static.tilbudsugen.dk/1st-retail/2026/11/64774/Netto102026-1_30_3308x228_4734x2319_zoom.jpg,2026-03-07,2026-03-13,https://res.cloudinary.com/dfqzmnlga/image/upload/v1772854635/2026-03-07/10995375.jpg
10995444,25.00,,Pyntegenstande,Bordkortholder,1,6,pk.,Netto,https://static.tilbudsugen.dk/1st-retail/2026/11/64774/Netto102026-1_34_2559x2583_4770x4789_zoom.jpg,2026-03-07,2026-03-13,https://res.cloudinary.com/dfqzmnlga/image/upload/v1772854635/2026-03-07/10995444.jpg
10970424,59.00,,Syartikler,Hæklenåle,1,12,pk.,Netto,https://static.tilbudsugen.dk/1st-retail/2026/9/64663/Netto82026-1_37_2528x4751_4998x6595_zoom.jpg,2026-02-21,2026-03-27,https://res.cloudinary.com/dfqzmnlga/image/upload/v1772854636/2026-03-07/10970424.jpg
10995054,5.00,,Grønt,Gulerødder,1,1,ps.,Netto,https://static.tilbudsugen.dk/1st-retail/2026/11/64774/Netto102026-1_2_157x486_2377x2328_zoom.jpg,2026-03-07,2026-03-13,https://res.cloudinary.com/dfqzmnlga/image/upload/v1772854636/2026-03-07/10995054.jpg
10970422,59.00,,Garn,Strikkepinde,1,10,pk.,Netto,https://static.tilbudsugen.dk/1st-retail/2026/9/64663/Netto82026-1_37_2528x4751_4998x6595_zoom.jpg,2026-02-21,2026-03-27,https://res.cloudinary.com/dfqzmnlga/image/upload/v1772854637/2026-03-07/10970422.jpg
10995369,20.00,,Bånd/papir,Gavepose,1,3,pk.,Netto,https://static.tilbudsugen.dk/1st-retail/2026/11/64774/Netto102026-1_29_228x2985_2223x4783_zoom.jpg,2026-03-07,2026-03-13,https://res.cloudinary.com/dfqzmnlga/image/upload/v1772854637/2026-03-07/10995369.jpg
10995490,25.00,,Sokker/Strømper,Strømper,1,3,pk.,Netto,https://static.tilbudsugen.dk/1st-retail/2026/11/64774/Netto102026-1_36_246x270_2433x2403_zoom.jpg,2026-03-07,2026-03-13,https://res.cloudinary.com/dfqzmnlga/image/upload/v1772854638/2026-03-07/10995490.jpg
10995361,40.00,,Mobiltelefon tilbehør,Mobiltelefontilbehør,1,4,pk.,Netto,https://static.tilbudsugen.dk/1st-retail/2026/11/64774/Netto102026-1_28_2415x2409_4950x4225_zoom.jpg,2026-03-07,2026-03-13,https://res.cloudinary.com/dfqzmnlga/image/upload/v1772854638/2026-03-07/10995361.jpg
10995533,19.00,Coca Cola,Sodavand,Cola,1,1,fl.,Netto,https://static.tilbudsugen.dk/1st-retail/2026/11/64774/Netto102026-1_25_2464x162_4858x2845_zoom.jpg,2026-03-07,2026-03-13,https://res.cloudinary.com/dfqzmnlga/image/upload/v1772854639/2026-03-07/10995533.jpg
10995536,19.00,Exotic,Sodavand,Sodavand,1,1,fl.,Netto,https://static.tilbudsugen.dk/1st-retail/2026/11/64774/Netto102026-1_25_2464x162_4858x2845_zoom.jpg,2026-03-07,2026-03-13,https://res.cloudinary.com/dfqzmnlga/image/upload/v1772854639/2026-03-07/10995536.jpg
10995534,19.00,Coca Cola Zero,Sodavand,Cola,1,1,fl.,Netto,https://static.tilbudsugen.dk/1st-retail/2026/11/64774/Netto102026-1_25_2464x162_4858x2845_zoom.jpg,2026-03-07,2026-03-13,https://res.cloudinary.com/dfqzmnlga/image/upload/v1772854640/2026-03-07/10995534.jpg
10995535,19.00,Orange,Sodavand,Appelsinsodavand,1,1,fl.,Netto,https://static.tilbudsugen.dk/1st-retail/2026/11/64774/Netto102026-1_25_2464x162_4858x2845_zoom.jpg,2026-03-07,2026-03-13,https://res.cloudinary.com/dfqzmnlga/image/upload/v1772854640/2026-03-07/10995535.jpg
10995248,65.00,Heineken,Øl,Øl 18 pk.,18,0,ds.,Netto,https://static.tilbudsugen.dk/1st-retail/2026/11/64774/Netto102026-1_7_2385x3800_4959x6855_zoom.jpg,2026-03-07,2026-03-13,https://res.cloudinary.com/dfqzmnlga/image/upload/v1772854641/2026-03-07/10995248.jpg
10995246,65.00,Export,Øl,Øl 18 pk.,18,0,ds.,Netto,https://static.tilbudsugen.dk/1st-retail/2026/11/64774/Netto102026-1_7_2385x3800_4959x6855_zoom.jpg,2026-03-07,2026-03-13,https://res.cloudinary.com/dfqzmnlga/image/upload/v1772854642/2026-03-07/10995246.jpg
10995527,89.00,Lime,Sodavand,Cola 24 pk.,24,0,ds.,Netto,https://static.tilbudsugen.dk/1st-retail/2026/11/64774/Netto102026-1_25_2448x4989_4998x6869_zoom.jpg,2026-03-07,2026-03-13,https://res.cloudinary.com/dfqzmnlga/image/upload/v1772854643/2026-03-07/10995527.jpg
10995526,89.00,Pepsi Max,Sodavand,Cola 24 pk.,24,0,ds.,Netto,https://static.tilbudsugen.dk/1st-retail/2026/11/64774/Netto102026-1_25_2448x4989_4998x6869_zoom.jpg,2026-03-07,2026-03-13,https://res.cloudinary.com/dfqzmnlga/image/upload/v1772854643/2026-03-07/10995526.jpg
10995525,89.00,Faxe Kondi,Sodavand,Sportssodavand 24 pk.,24,0,ds.,Netto,https://static.tilbudsugen.dk/1st-retail/2026/11/64774/Netto102026-1_25_2448x4989_4998x6869_zoom.jpg,2026-03-07,2026-03-13,https://res.cloudinary.com/dfqzmnlga/image/upload/v1772854644/2026-03-07/10995525.jpg
10995183,12.00,Lacto FREE,Mælk,Letmælk,1,1,krt.,Netto,https://static.tilbudsugen.dk/1st-retail/2026/11/64774/Netto102026-1_4_2448x211_4848x3540_zoom.jpg,2026-03-07,2026-03-13,https://res.cloudinary.com/dfqzmnlga/image/upload/v1772854645/2026-03-07/10995183.jpg
10995186,12.00,Lacto FREE,Syrnet morgenmad,Pære & Banan Yoghurt ,1,1,krt.,Netto,https://static.tilbudsugen.dk/1st-retail/2026/11/64774/Netto102026-1_4_2448x211_4848x3540_zoom.jpg,2026-03-07,2026-03-13,https://res.cloudinary.com/dfqzmnlga/image/upload/v1772854645/2026-03-07/10995186.jpg
10995304,12.00,Barista Edition,Vegetabilske drikke,Havredrik,1,1,stk.,Netto,https://static.tilbudsugen.dk/1st-retail/2026/11/64774/Netto102026-1_17_36x276_2481x2793_zoom.jpg,2026-03-07,2026-03-13,https://res.cloudinary.com/dfqzmnlga/image/upload/v1772854645/2026-03-07/10995304.jpg
10995182,12.00,Lacto FREE,Mælk,Minimælk,1,1,krt.,Netto,https://static.tilbudsugen.dk/1st-retail/2026/11/64774/Netto102026-1_4_2448x211_4848x3540_zoom.jpg,2026-03-07,2026-03-13,https://res.cloudinary.com/dfqzmnlga/image/upload/v1772854646/2026-03-07/10995182.jpg
10995190,12.00,Cheasy,Syrnet morgenmad,Vanilje Yoghurt ,1,1,stk.,Netto,https://static.tilbudsugen.dk/1st-retail/2026/11/64774/Netto102026-1_4_94x3611_2495x6807_zoom.jpg,2026-03-07,2026-03-13,https://res.cloudinary.com/dfqzmnlga/image/upload/v1772854647/2026-03-07/10995190.jpg
10995192,12.00,Cheasy,Syrnet morgenmad,Citron Yoghurt,1,1,stk.,Netto,https://static.tilbudsugen.dk/1st-retail/2026/11/64774/Netto102026-1_4_94x3611_2495x6807_zoom.jpg,2026-03-07,2026-03-13,https://res.cloudinary.com/dfqzmnlga/image/upload/v1772854647/2026-03-07/10995192.jpg
10995309,12.00,Oatly,Vegetabilske drikke,Havredrik,1,1,stk.,Netto,https://static.tilbudsugen.dk/1st-retail/2026/11/64774/Netto102026-1_17_36x276_2481x2793_zoom.jpg,2026-03-07,2026-03-13,https://res.cloudinary.com/dfqzmnlga/image/upload/v1772854649/2026-03-07/10995309.jpg
10995184,12.00,Lacto FREE,Mælk,Sødmælk,1,1,krt.,Netto,https://static.tilbudsugen.dk/1st-retail/2026/11/64774/Netto102026-1_4_2448x211_4848x3540_zoom.jpg,2026-03-07,2026-03-13,https://res.cloudinary.com/dfqzmnlga/image/upload/v1772854649/2026-03-07/10995184.jpg
10995185,12.00,Lacto FREE,Syrnet morgenmad,Naturel Yoghurt ,1,1,krt.,Netto,https://static.tilbudsugen.dk/1st-retail/2026/11/64774/Netto102026-1_4_2448x211_4848x3540_zoom.jpg,2026-03-07,2026-03-13,https://res.cloudinary.com/dfqzmnlga/image/upload/v1772854650/2026-03-07/10995185.jpg
10995191,12.00,Cheasy,Syrnet morgenmad,Skovbær Yoghurt ,1,1,stk.,Netto,https://static.tilbudsugen.dk/1st-retail/2026/11/64774/Netto102026-1_4_94x3611_2495x6807_zoom.jpg,2026-03-07,2026-03-13,https://res.cloudinary.com/dfqzmnlga/image/upload/v1772854651/2026-03-07/10995191.jpg
10995308,12.00,Oatly,Vegetabilske drikke,Havredrik,1,1,stk.,Netto,https://static.tilbudsugen.dk/1st-retail/2026/11/64774/Netto102026-1_17_36x276_2481x2793_zoom.jpg,2026-03-07,2026-03-13,https://res.cloudinary.com/dfqzmnlga/image/upload/v1772854651/2026-03-07/10995308.jpg
10995189,12.00,Cheasy,Syrnet morgenmad,Jordbær & Rababer Yoghurt ,1,1,stk.,Netto,https://static.tilbudsugen.dk/1st-retail/2026/11/64774/Netto102026-1_4_94x3611_2495x6807_zoom.jpg,2026-03-07,2026-03-13,https://res.cloudinary.com/dfqzmnlga/image/upload/v1772854652/2026-03-07/10995189.jpg
10995284,5.00,ØGO,Grønt,Hakkede tomater Urter,1,0,ds.,Netto,https://static.tilbudsugen.dk/1st-retail/2026/11/64774/Netto102026-1_9_1708x329_4998x2305_zoom.jpg,2026-03-07,2026-03-13,https://res.cloudinary.com/dfqzmnlga/image/upload/v1772854653/2026-03-07/10995284.jpg
10995282,5.00,ØGO,Grønt,Hakkede tomater,1,0,ds.,Netto,https://static.tilbudsugen.dk/1st-retail/2026/11/64774/Netto102026-1_9_1708x329_4998x2305_zoom.jpg,2026-03-07,2026-03-13,https://res.cloudinary.com/dfqzmnlga/image/upload/v1772854653/2026-03-07/10995282.jpg
10995039,12.00,Levebrød,Rugbrød i Skiver,Kernegrov Rugbrød,1,0,pk.,Netto,https://static.tilbudsugen.dk/1st-retail/2026/11/64774/Netto102026-1_1_2463x1289_4896x4540_zoom.jpg,2026-03-07,2026-03-13,https://res.cloudinary.com/dfqzmnlga/image/upload/v1772854654/2026-03-07/10995039.jpg
10995559,13.00,Rynkeby,Koncentreret Saft,Blandet Saft C,1,1,krt.,Netto,https://static.tilbudsugen.dk/1st-retail/2026/11/64774/Netto102026-1_25_2464x2681_4842x4950_zoom.jpg,2026-03-07,2026-03-13,https://res.cloudinary.com/dfqzmnlga/image/upload/v1772854654/2026-03-07/10995559.jpg
10995562,13.00,Rynkeby,Koncentreret Saft,Blandet Saft Gul,1,1,krt.,Netto,https://static.tilbudsugen.dk/1st-retail/2026/11/64774/Netto102026-1_25_2464x2681_4842x4950_zoom.jpg,2026-03-07,2026-03-13,https://res.cloudinary.com/dfqzmnlga/image/upload/v1772854655/2026-03-07/10995562.jpg
10995561,13.00,Rynkeby,Koncentreret Saft,Blandet Saft Light ,1,1,krt.,Netto,https://static.tilbudsugen.dk/1st-retail/2026/11/64774/Netto102026-1_25_2464x2681_4842x4950_zoom.jpg,2026-03-07,2026-03-13,https://res.cloudinary.com/dfqzmnlga/image/upload/v1772854655/2026-03-07/10995561.jpg
10995061,10.00,Harvest Best,Grøntsager,Haricots Verts,1,0,ps.,Netto,https://static.tilbudsugen.dk/1st-retail/2026/11/64774/Netto102026-1_2_47x2312_2393x4690_zoom.jpg,2026-03-07,2026-03-13,https://res.cloudinary.com/dfqzmnlga/image/upload/v1772854656/2026-03-07/10995061.jpg
10995060,10.00,Harvest Best,Grøntsager,Helbladet Spinat,1,0,ps.,Netto,https://static.tilbudsugen.dk/1st-retail/2026/11/64774/Netto102026-1_2_47x2312_2393x4690_zoom.jpg,2026-03-07,2026-03-13,https://res.cloudinary.com/dfqzmnlga/image/upload/v1772854656/2026-03-07/10995060.jpg
10995071,14.00,ØGO,Frugt,Appelsiner,1,1,ps.,Netto,https://static.tilbudsugen.dk/1st-retail/2026/11/64774/Netto102026-1_10_2966x665_4878x4070_zoom.jpg,2026-03-07,2026-03-13,https://res.cloudinary.com/dfqzmnlga/image/upload/v1772854657/2026-03-07/10995071.jpg
10995056,10.00,Harvest Best,Grøntsager,Fine Ærter,1,0,ps.,Netto,https://static.tilbudsugen.dk/1st-retail/2026/11/64774/Netto102026-1_2_47x2312_2393x4690_zoom.jpg,2026-03-07,2026-03-13,https://res.cloudinary.com/dfqzmnlga/image/upload/v1772854657/2026-03-07/10995056.jpg
10995033,12.00,Levebrød,Sandwich & Toastbrød,Multikerne Sandwichbrød,1,0,stk.,Netto,https://static.tilbudsugen.dk/1st-retail/2026/11/64774/Netto102026-1_1_2463x1289_4896x4540_zoom.jpg,2026-03-07,2026-03-13,https://res.cloudinary.com/dfqzmnlga/image/upload/v1772854658/2026-03-07/10995033.jpg
10995402,15.00,Caputo,Mel & Melblandinger,Nuvolamel,1,1,ps.,Netto,https://static.tilbudsugen.dk/1st-retail/2026/11/64774/Netto102026-1_22_1723x950_3181x2907_zoom.jpg,2026-03-07,2026-03-13,https://res.cloudinary.com/dfqzmnlga/image/upload/v1772854659/2026-03-07/10995402.jpg
10995495,30.00,,Lingeri,Trusser,1,2,pk.,Netto,https://static.tilbudsugen.dk/1st-retail/2026/11/64774/Netto102026-1_36_234x2457_2451x4645_zoom.jpg,2026-03-07,2026-03-13,https://res.cloudinary.com/dfqzmnlga/image/upload/v1772854659/2026-03-07/10995495.jpg
10995401,15.00,Caputo,Mel & Melblandinger,Cuocomel,1,1,ps.,Netto,https://static.tilbudsugen.dk/1st-retail/2026/11/64774/Netto102026-1_22_1723x950_3181x2907_zoom.jpg,2026-03-07,2026-03-13,https://res.cloudinary.com/dfqzmnlga/image/upload/v1772854660/2026-03-07/10995401.jpg
10995403,15.00,Caputo,Mel & Melblandinger,Pizzamel,1,1,ps.,Netto,https://static.tilbudsugen.dk/1st-retail/2026/11/64774/Netto102026-1_22_1723x950_3181x2907_zoom.jpg,2026-03-07,2026-03-13,https://res.cloudinary.com/dfqzmnlga/image/upload/v1772854660/2026-03-07/10995403.jpg
10995524,13.00,Zero,Saft,Hyldeblomst drik,1,0,fl.,Netto,https://static.tilbudsugen.dk/1st-retail/2026/11/64774/Netto102026-1_25_2464x2681_4842x4950_zoom.jpg,2026-03-07,2026-03-13,https://res.cloudinary.com/dfqzmnlga/image/upload/v1772854661/2026-03-07/10995524.jpg
10995556,13.00,Zero,Saft,Pink Paradise drik,1,0,fl.,Netto,https://static.tilbudsugen.dk/1st-retail/2026/11/64774/Netto102026-1_25_2464x2681_4842x4950_zoom.jpg,2026-03-07,2026-03-13,https://res.cloudinary.com/dfqzmnlga/image/upload/v1772854662/2026-03-07/10995556.jpg
10995553,13.00,Zero,Koncentreret Saft,Hindbær & Citron Frugtsaft ,1,0,fl.,Netto,https://static.tilbudsugen.dk/1st-retail/2026/11/64774/Netto102026-1_25_2464x2681_4842x4950_zoom.jpg,2026-03-07,2026-03-13,https://res.cloudinary.com/dfqzmnlga/image/upload/v1772854662/2026-03-07/10995553.jpg
10995311,16.00,GodMorgen,Juice,Mango Hindbær Juice,1,0,fl.,Netto,https://static.tilbudsugen.dk/1st-retail/2026/11/64774/Netto102026-1_17_2487x198_4896x2883_zoom.jpg,2026-03-07,2026-03-13,https://res.cloudinary.com/dfqzmnlga/image/upload/v1772854663/2026-03-07/10995311.jpg
10995313,16.00,GodMorgen,Juice,Æblejuice,1,0,fl.,Netto,https://static.tilbudsugen.dk/1st-retail/2026/11/64774/Netto102026-1_17_2487x198_4896x2883_zoom.jpg,2026-03-07,2026-03-13,https://res.cloudinary.com/dfqzmnlga/image/upload/v1772854663/2026-03-07/10995313.jpg
10995314,16.00,GodMorgen,Juice,Appelsin Nektar Juice,1,0,fl.,Netto,https://static.tilbudsugen.dk/1st-retail/2026/11/64774/Netto102026-1_17_2487x198_4896x2883_zoom.jpg,2026-03-07,2026-03-13,https://res.cloudinary.com/dfqzmnlga/image/upload/v1772854664/2026-03-07/10995314.jpg
10995315,16.00,GodMorgen,Juice,Tropisk Juice,1,0,fl.,Netto,https://static.tilbudsugen.dk/1st-retail/2026/11/64774/Netto102026-1_17_2487x198_4896x2883_zoom.jpg,2026-03-07,2026-03-13,https://res.cloudinary.com/dfqzmnlga/image/upload/v1772854665/2026-03-07/10995315.jpg
10995211,4.97,Booster ,Energi- Sports- & Vitamindrikke,Energidrik,1,0,ds.,Netto,https://static.tilbudsugen.dk/1st-retail/2026/11/64774/Netto102026-1_11_12x3770_2403x6887_zoom.jpg,2026-03-07,2026-03-13,https://res.cloudinary.com/dfqzmnlga/image/upload/v1772854666/2026-03-07/10995211.jpg
10995214,4.97,Booster ,Energi- Sports- & Vitamindrikke,Energidrik,1,0,ds.,Netto,https://static.tilbudsugen.dk/1st-retail/2026/11/64774/Netto102026-1_11_12x3770_2403x6887_zoom.jpg,2026-03-07,2026-03-13,https://res.cloudinary.com/dfqzmnlga/image/upload/v1772854667/2026-03-07/10995214.jpg
10995199,5.00,Jensens Køkken,Saucer,Hollandaisesauce,1,0,fl.,Netto,https://static.tilbudsugen.dk/1st-retail/2026/11/64774/Netto102026-1_5_165x274_2542x3588_zoom.jpg,2026-03-07,2026-03-13,https://res.cloudinary.com/dfqzmnlga/image/upload/v1772854667/2026-03-07/10995199.jpg
10995239,10.00,Harvest Best,Grøntsager,Wok Mix,1,0,ps.,Netto,https://static.tilbudsugen.dk/1st-retail/2026/11/64774/Netto102026-1_12_2499x5304_3626x6863_zoom.jpg,2026-03-07,2026-03-13,https://res.cloudinary.com/dfqzmnlga/image/upload/v1772854668/2026-03-07/10995239.jpg
10995059,10.00,Harvest Best,Grøntsager,Wok Mix,1,0,ps.,Netto,https://static.tilbudsugen.dk/1st-retail/2026/11/64774/Netto102026-1_2_47x2312_2393x4690_zoom.jpg,2026-03-07,2026-03-13,https://res.cloudinary.com/dfqzmnlga/image/upload/v1772854668/2026-03-07/10995059.jpg
10995286,15.00,Valsemøllen,Mel & Melblandinger,Øko Vestkyst Rugbrød,1,0,ps.,Netto,https://static.tilbudsugen.dk/1st-retail/2026/11/64774/Netto102026-1_9_31x2218_1920x6894_zoom.jpg,2026-03-07,2026-03-13,https://res.cloudinary.com/dfqzmnlga/image/upload/v1772854669/2026-03-07/10995286.jpg
10995224,15.00,Chef de Pomme,Kartofler,Pommes Frites Slim,1,0,ps.,Netto,https://static.tilbudsugen.dk/1st-retail/2026/11/64774/Netto102026-1_12_2529x1462_3745x3003_zoom.jpg,2026-03-07,2026-03-13,https://res.cloudinary.com/dfqzmnlga/image/upload/v1772854670/2026-03-07/10995224.jpg
10995201,5.00,Jensens Køkken,Saucer,Kyllinge Sauce,1,0,fl.,Netto,https://static.tilbudsugen.dk/1st-retail/2026/11/64774/Netto102026-1_5_165x274_2542x3588_zoom.jpg,2026-03-07,2026-03-13,https://res.cloudinary.com/dfqzmnlga/image/upload/v1772854671/2026-03-07/10995201.jpg
10995319,25.00,Actimel,Mellemmåltider,Drikkeyoghurt Skovbær,1,1,pk.,Netto,https://static.tilbudsugen.dk/1st-retail/2026/11/64774/Netto102026-1_17_2517x2901_4908x4813_zoom.jpg,2026-03-07,2026-03-13,https://res.cloudinary.com/dfqzmnlga/image/upload/v1772854671/2026-03-07/10995319.jpg
10995318,25.00,Actimel,Mellemmåltider,Drikkeyoghurt Blåbær,1,1,pk.,Netto,https://static.tilbudsugen.dk/1st-retail/2026/11/64774/Netto102026-1_17_2517x2901_4908x4813_zoom.jpg,2026-03-07,2026-03-13,https://res.cloudinary.com/dfqzmnlga/image/upload/v1772854672/2026-03-07/10995318.jpg
10995320,25.00,Actimel,Mellemmåltider,Drikkeyoghurt Hindbær,1,1,pk.,Netto,https://static.tilbudsugen.dk/1st-retail/2026/11/64774/Netto102026-1_17_2517x2901_4908x4813_zoom.jpg,2026-03-07,2026-03-13,https://res.cloudinary.com/dfqzmnlga/image/upload/v1772854672/2026-03-07/10995320.jpg
10995076,10.00,Harvest Best,Grønt,Majs,1,0,pk.,Netto,https://static.tilbudsugen.dk/1st-retail/2026/11/64774/Netto102026-1_2_47x2312_2393x4690_zoom.jpg,2026-03-07,2026-03-13,https://res.cloudinary.com/dfqzmnlga/image/upload/v1772854673/2026-03-07/10995076.jpg
10995038,12.00,Levebrød,Boller & Morgenbrød,Chiaboller,1,0,ps.,Netto,https://static.tilbudsugen.dk/1st-retail/2026/11/64774/Netto102026-1_1_2463x1289_4896x4540_zoom.jpg,2026-03-07,2026-03-13,https://res.cloudinary.com/dfqzmnlga/image/upload/v1772854673/2026-03-07/10995038.jpg
10995225,29.00,Beauvais,Ketchup,Ketchup,1,1,fl.,Netto,https://static.tilbudsugen.dk/1st-retail/2026/11/64774/Netto102026-1_12_3727x1115_4992x3057_zoom.jpg,2026-03-07,2026-03-13,https://res.cloudinary.com/dfqzmnlga/image/upload/v1772854674/2026-03-07/10995225.jpg
10995543,12.00,Ultra Energy,Energi- Sports- & Vitamindrikke,Energidrik,1,0,ds.,Netto,https://static.tilbudsugen.dk/1st-retail/2026/11/64774/Netto102026-1_25_54x4911_2511x6853_zoom.jpg,2026-03-07,2026-03-13,https://res.cloudinary.com/dfqzmnlga/image/upload/v1772854674/2026-03-07/10995543.jpg
10995528,12.00,Mango Loco,Energi- Sports- & Vitamindrikke,Energidrik,1,0,ds.,Netto,https://static.tilbudsugen.dk/1st-retail/2026/11/64774/Netto102026-1_25_54x4911_2511x6853_zoom.jpg,2026-03-07,2026-03-13,https://res.cloudinary.com/dfqzmnlga/image/upload/v1772854675/2026-03-07/10995528.jpg
10995542,12.00,Energy,Energi- Sports- & Vitamindrikke,Energidrik,1,0,ds.,Netto,https://static.tilbudsugen.dk/1st-retail/2026/11/64774/Netto102026-1_25_54x4911_2511x6853_zoom.jpg,2026-03-07,2026-03-13,https://res.cloudinary.com/dfqzmnlga/image/upload/v1772854676/2026-03-07/10995542.jpg
10995540,12.00,Full Throttle,Energi- Sports- & Vitamindrikke,Energidrik,1,0,ds.,Netto,https://static.tilbudsugen.dk/1st-retail/2026/11/64774/Netto102026-1_25_54x4911_2511x6853_zoom.jpg,2026-03-07,2026-03-13,https://res.cloudinary.com/dfqzmnlga/image/upload/v1772854676/2026-03-07/10995540.jpg
10995546,12.00,Ultra Strawberry Dreams,Energi- Sports- & Vitamindrikke,Energidrik,1,0,ds.,Netto,https://static.tilbudsugen.dk/1st-retail/2026/11/64774/Netto102026-1_25_54x4911_2511x6853_zoom.jpg,2026-03-07,2026-03-13,https://res.cloudinary.com/dfqzmnlga/image/upload/v1772854677/2026-03-07/10995546.jpg
10995541,12.00,Ultra Rosa,Energi- Sports- & Vitamindrikke,Energidrik,1,0,ds.,Netto,https://static.tilbudsugen.dk/1st-retail/2026/11/64774/Netto102026-1_25_54x4911_2511x6853_zoom.jpg,2026-03-07,2026-03-13,https://res.cloudinary.com/dfqzmnlga/image/upload/v1772854677/2026-03-07/10995541.jpg
10995340,15.00,Bakersfield,Dybfrost Brød,Græskarkernestykker,1,0,ps.,Netto,https://static.tilbudsugen.dk/1st-retail/2026/11/64774/Netto102026-1_21_140x669_4873x2907_zoom.jpg,2026-03-07,2026-03-13,https://res.cloudinary.com/dfqzmnlga/image/upload/v1772854677/2026-03-07/10995340.jpg
10995342,15.00,Bakersfield,Dybfrost Brød,Møllehjul,1,0,ps.,Netto,https://static.tilbudsugen.dk/1st-retail/2026/11/64774/Netto102026-1_21_140x669_4873x2907_zoom.jpg,2026-03-07,2026-03-13,https://res.cloudinary.com/dfqzmnlga/image/upload/v1772854678/2026-03-07/10995342.jpg
10995341,15.00,Bakersfield,Dybfrost Brød,Skagenslapper,1,0,ps.,Netto,https://static.tilbudsugen.dk/1st-retail/2026/11/64774/Netto102026-1_21_140x669_4873x2907_zoom.jpg,2026-03-07,2026-03-13,https://res.cloudinary.com/dfqzmnlga/image/upload/v1772854679/2026-03-07/10995341.jpg
10995285,15.00,Valsemøllen,Mel & Melblandinger,Surdejsboller Koldhævet Melblanding,1,0,pk.,Netto,https://static.tilbudsugen.dk/1st-retail/2026/11/64774/Netto102026-1_9_31x2218_1920x6894_zoom.jpg,2026-03-07,2026-03-13,https://res.cloudinary.com/dfqzmnlga/image/upload/v1772854679/2026-03-07/10995285.jpg
10995209,10.00,Bistronne,Færdigretter Frost,Kyllingenuggets,1,0,ps.,Netto,https://static.tilbudsugen.dk/1st-retail/2026/11/64774/Netto102026-1_5_8x3792_2479x6862_zoom.jpg,2026-03-07,2026-03-13,https://res.cloudinary.com/dfqzmnlga/image/upload/v1772854680/2026-03-07/10995209.jpg
10995223,10.00,Bistronne,Færdigretter Frost,Kyllingenuggets,1,0,ps.,Netto,https://static.tilbudsugen.dk/1st-retail/2026/11/64774/Netto102026-1_12_1318x1558_2517x2985_zoom.jpg,2026-03-07,2026-03-13,https://res.cloudinary.com/dfqzmnlga/image/upload/v1772854680/2026-03-07/10995223.jpg
10995062,10.00,Harvest Best,Grøntsager,Mukimame Bønner,1,0,ps.,Netto,https://static.tilbudsugen.dk/1st-retail/2026/11/64774/Netto102026-1_2_47x2312_2393x4690_zoom.jpg,2026-03-07,2026-03-13,https://res.cloudinary.com/dfqzmnlga/image/upload/v1772854681/2026-03-07/10995062.jpg
10995429,50.00,,Lys/lyskæder,LED fyrfadslys,1,2,stk.,Netto,https://static.tilbudsugen.dk/1st-retail/2026/11/64774/Netto102026-1_34_3290x4741_4728x6803_zoom.jpg,2026-03-07,2026-03-13,https://res.cloudinary.com/dfqzmnlga/image/upload/v1772854681/2026-03-07/10995429.jpg
10995258,25.00,,Frugt,Cantaloupemelon,1,1,stk.,Netto,https://static.tilbudsugen.dk/1st-retail/2026/11/64774/Netto102026-1_13_2469x5082_4872x6821_zoom.jpg,2026-03-07,2026-03-13,https://res.cloudinary.com/dfqzmnlga/image/upload/v1772854682/2026-03-07/10995258.jpg
10995421,19.00,Bell's,Müsli & Granola,Granola,1,0,ps.,Netto,https://static.tilbudsugen.dk/1st-retail/2026/11/64774/Netto102026-1_22_47x2845_1762x4841_zoom.jpg,2026-03-07,2026-03-13,https://res.cloudinary.com/dfqzmnlga/image/upload/v1772854682/2026-03-07/10995421.jpg
10995042,12.00,Levebrød,Boller & Morgenbrød,Fuldkornsboller,1,0,ps.,Netto,https://static.tilbudsugen.dk/1st-retail/2026/11/64774/Netto102026-1_1_2463x1289_4896x4540_zoom.jpg,2026-03-07,2026-03-13,https://res.cloudinary.com/dfqzmnlga/image/upload/v1772854683/2026-03-07/10995042.jpg
10995247,7.00,Asian Kitchen,Nudler,Fuldkornsnudler,1,0,pk.,Netto,https://static.tilbudsugen.dk/1st-retail/2026/11/64774/Netto102026-1_12_3685x5250_4866x6785_zoom.jpg,2026-03-07,2026-03-13,https://res.cloudinary.com/dfqzmnlga/image/upload/v1772854683/2026-03-07/10995247.jpg
10995073,11.12,ØGO,Saucer,Pizzasauce,1,0,krt.,Netto,https://static.tilbudsugen.dk/1st-retail/2026/11/64774/Netto102026-1_10_3176x4106_4896x6869_zoom.jpg,2026-03-07,2026-03-13,https://res.cloudinary.com/dfqzmnlga/image/upload/v1772854684/2026-03-07/10995073.jpg
10995570,39.00,A+,Vaskemiddel,Vaskemiddel-flydende,1,1,fl.,Netto,https://static.tilbudsugen.dk/1st-retail/2026/11/64774/Netto102026-1_26_86x4779_4920x6869_zoom.jpg,2026-03-07,2026-03-13,https://res.cloudinary.com/dfqzmnlga/image/upload/v1772854685/2026-03-07/10995570.jpg
10995596,59.00,,Boligartikler,Kurvesæt,1,2,stk.,Netto,https://static.tilbudsugen.dk/1st-retail/2026/11/64774/Netto102026-1_27_351x4911_3251x6713_zoom.jpg,2026-03-07,2026-03-13,https://res.cloudinary.com/dfqzmnlga/image/upload/v1772854685/2026-03-07/10995596.jpg
10995323,15.00,Becel,Fedtstoffer,Margarine - flydende original,1,0,fl.,Netto,https://static.tilbudsugen.dk/1st-retail/2026/11/64774/Netto102026-1_17_1732x4873_3314x6881_zoom.jpg,2026-03-07,2026-03-13,https://res.cloudinary.com/dfqzmnlga/image/upload/v1772854686/2026-03-07/10995323.jpg
10995233,9.00,Breezer,RTD,Vibrant Raspberry & Yuzu RTD,1,0,fl.,Netto,https://static.tilbudsugen.dk/1st-retail/2026/11/64774/Netto102026-1_7_23x423_2440x3580_zoom.jpg,2026-03-07,2026-03-13,https://res.cloudinary.com/dfqzmnlga/image/upload/v1772854686/2026-03-07/10995233.jpg
10995235,9.00,Breezer,RTD,White Tea & Raspberry,1,0,fl.,Netto,https://static.tilbudsugen.dk/1st-retail/2026/11/64774/Netto102026-1_7_23x423_2440x3580_zoom.jpg,2026-03-07,2026-03-13,https://res.cloudinary.com/dfqzmnlga/image/upload/v1772854687/2026-03-07/10995235.jpg
10995234,9.00,Breezer,RTD,Sweet Pineapple RTD,1,0,fl.,Netto,https://static.tilbudsugen.dk/1st-retail/2026/11/64774/Netto102026-1_7_23x423_2440x3580_zoom.jpg,2026-03-07,2026-03-13,https://res.cloudinary.com/dfqzmnlga/image/upload/v1772854687/2026-03-07/10995234.jpg
10995226,9.00,Breezer,RTD,Zesty Orange RTD,1,0,fl.,Netto,https://static.tilbudsugen.dk/1st-retail/2026/11/64774/Netto102026-1_7_23x423_2440x3580_zoom.jpg,2026-03-07,2026-03-13,https://res.cloudinary.com/dfqzmnlga/image/upload/v1772854688/2026-03-07/10995226.jpg
10995230,9.00,Breezer,RTD,Sweet Strawberry RTD,1,0,fl.,Netto,https://static.tilbudsugen.dk/1st-retail/2026/11/64774/Netto102026-1_7_23x423_2440x3580_zoom.jpg,2026-03-07,2026-03-13,https://res.cloudinary.com/dfqzmnlga/image/upload/v1772854689/2026-03-07/10995230.jpg
10995232,9.00,Breezer,RTD,Juicy Peach RTD,1,0,fl.,Netto,https://static.tilbudsugen.dk/1st-retail/2026/11/64774/Netto102026-1_7_23x423_2440x3580_zoom.jpg,2026-03-07,2026-03-13,https://res.cloudinary.com/dfqzmnlga/image/upload/v1772854689/2026-03-07/10995232.jpg
10995229,9.00,Breezer,RTD,Lite Lemon RTD,1,0,fl.,Netto,https://static.tilbudsugen.dk/1st-retail/2026/11/64774/Netto102026-1_7_23x423_2440x3580_zoom.jpg,2026-03-07,2026-03-13,https://res.cloudinary.com/dfqzmnlga/image/upload/v1772854690/2026-03-07/10995229.jpg
10995231,9.00,Breezer,RTD,Lite Orange RTD,1,0,fl.,Netto,https://static.tilbudsugen.dk/1st-retail/2026/11/64774/Netto102026-1_7_23x423_2440x3580_zoom.jpg,2026-03-07,2026-03-13,https://res.cloudinary.com/dfqzmnlga/image/upload/v1772854690/2026-03-07/10995231.jpg
10995499,99.00,,Italienske vine,Italiensk Hvidvin,1,3,krt.,Netto,https://static.tilbudsugen.dk/1st-retail/2026/11/64774/Netto102026-1_24_1676x708_4998x2837_zoom.jpg,2026-03-07,2026-03-13,https://res.cloudinary.com/dfqzmnlga/image/upload/v1772854690/2026-03-07/10995499.jpg
10995502,99.00,,Tyske vine,Tysk Hvidvin,1,3,krt.,Netto,https://static.tilbudsugen.dk/1st-retail/2026/11/64774/Netto102026-1_24_1676x708_4998x2837_zoom.jpg,2026-03-07,2026-03-13,https://res.cloudinary.com/dfqzmnlga/image/upload/v1772854691/2026-03-07/10995502.jpg
10995500,99.00,,Italienske vine,Italiensk Rosévin,1,3,krt.,Netto,https://static.tilbudsugen.dk/1st-retail/2026/11/64774/Netto102026-1_24_1676x708_4998x2837_zoom.jpg,2026-03-07,2026-03-13,https://res.cloudinary.com/dfqzmnlga/image/upload/v1772854691/2026-03-07/10995500.jpg
10995501,99.00,,Italienske vine,Italiensk Rødvin,1,3,krt.,Netto,https://static.tilbudsugen.dk/1st-retail/2026/11/64774/Netto102026-1_24_1676x708_4998x2837_zoom.jpg,2026-03-07,2026-03-13,https://res.cloudinary.com/dfqzmnlga/image/upload/v1772854692/2026-03-07/10995501.jpg
10995210,10.00,Velsmag,Grisekød,Medister,1,0,bk.,Netto,https://static.tilbudsugen.dk/1st-retail/2026/11/64774/Netto102026-1_6_55x156_2448x2328_zoom.jpg,2026-03-07,2026-03-13,https://res.cloudinary.com/dfqzmnlga/image/upload/v1772854692/2026-03-07/10995210.jpg
10995031,10.00,Velsmag,Grisekød,Medister,1,0,bk.,Netto,https://static.tilbudsugen.dk/1st-retail/2026/11/64774/Netto102026-1_1_2448x4517_4935x6878_zoom.jpg,2026-03-07,2026-03-13,https://res.cloudinary.com/dfqzmnlga/image/upload/v1772854693/2026-03-07/10995031.jpg
10995204,10.00,Bistronne,Færdigretter Frost,Kyllingeburger,1,0,ps.,Netto,https://static.tilbudsugen.dk/1st-retail/2026/11/64774/Netto102026-1_5_8x3792_2479x6862_zoom.jpg,2026-03-07,2026-03-13,https://res.cloudinary.com/dfqzmnlga/image/upload/v1772854693/2026-03-07/10995204.jpg
10995217,17.47,Næmt,Færdigretter Frost,Biksemad med Oksekød,1,0,ps.,Netto,https://static.tilbudsugen.dk/1st-retail/2026/11/64774/Netto102026-1_11_2457x4112_4938x6875_zoom.jpg,2026-03-07,2026-03-13,https://res.cloudinary.com/dfqzmnlga/image/upload/v1772854694/2026-03-07/10995217.jpg
10995272,49.00,De Danske Familiegårde,Kylling,Kylling,1,1,stk.,Netto,https://static.tilbudsugen.dk/1st-retail/2026/11/64774/Netto102026-1_14_1696x2565_3218x4735_zoom.jpg,2026-03-07,2026-03-13,https://res.cloudinary.com/dfqzmnlga/image/upload/v1772854694/2026-03-07/10995272.jpg
10995208,12.11,Kohberg,Fastfoodbrød,Fuldkorn Burgerboller,1,0,pk.,Netto,https://static.tilbudsugen.dk/1st-retail/2026/11/64774/Netto102026-1_11_108x827_3320x3674_zoom.jpg,2026-03-07,2026-03-13,https://res.cloudinary.com/dfqzmnlga/image/upload/v1772854695/2026-03-07/10995208.jpg
10995206,10.00,Bistronne,Fjerkræ,Kyllingeschnitzler,1,0,ps.,Netto,https://static.tilbudsugen.dk/1st-retail/2026/11/64774/Netto102026-1_5_8x3792_2479x6862_zoom.jpg,2026-03-07,2026-03-13,https://res.cloudinary.com/dfqzmnlga/image/upload/v1772854695/2026-03-07/10995206.jpg
10995328,30.00,Næmt,Færdigretter Køl,Fried Noodles,1,0,bk.,Netto,https://static.tilbudsugen.dk/1st-retail/2026/11/64774/Netto102026-1_20_2433x2470_4951x4646_zoom.jpg,2026-03-07,2026-03-13,https://res.cloudinary.com/dfqzmnlga/image/upload/v1772854696/2026-03-07/10995328.jpg
10995327,30.00,Næmt,Færdigretter Køl,Stegte Ris,1,0,bk.,Netto,https://static.tilbudsugen.dk/1st-retail/2026/11/64774/Netto102026-1_20_2433x2470_4951x4646_zoom.jpg,2026-03-07,2026-03-13,https://res.cloudinary.com/dfqzmnlga/image/upload/v1772854696/2026-03-07/10995327.jpg
10995405,12.00,Santa Maria,Mexicansk,Tortillawraps Whole Wheat,1,0,pk.,Netto,https://static.tilbudsugen.dk/1st-retail/2026/11/64774/Netto102026-1_22_3306x146_4889x2884_zoom.jpg,2026-03-07,2026-03-13,https://res.cloudinary.com/dfqzmnlga/image/upload/v1772854697/2026-03-07/10995405.jpg
10995406,12.00,Santa Maria,Mexicansk,Tortillawraps Original 8 Medium,1,0,pk.,Netto,https://static.tilbudsugen.dk/1st-retail/2026/11/64774/Netto102026-1_22_3306x146_4889x2884_zoom.jpg,2026-03-07,2026-03-13,https://res.cloudinary.com/dfqzmnlga/image/upload/v1772854697/2026-03-07/10995406.jpg
10995420,19.00,Bell's,Müsli & Granola,Granola Triple Choco,1,0,ps.,Netto,https://static.tilbudsugen.dk/1st-retail/2026/11/64774/Netto102026-1_22_47x2845_1762x4841_zoom.jpg,2026-03-07,2026-03-13,https://res.cloudinary.com/dfqzmnlga/image/upload/v1772854698/2026-03-07/10995420.jpg
10995077,28.74,,Spanske vine,Spansk Rødvin,1,0,fl.,Netto,https://static.tilbudsugen.dk/1st-retail/2026/11/64774/Netto102026-1_10_60x3260_3086x6881_zoom.jpg,2026-03-07,2026-03-13,https://res.cloudinary.com/dfqzmnlga/image/upload/v1772854699/2026-03-07/10995077.jpg
10995205,28.74,,Spanske vine,Spansk Hvidvin,1,0,fl.,Netto,https://static.tilbudsugen.dk/1st-retail/2026/11/64774/Netto102026-1_10_60x3260_3086x6881_zoom.jpg,2026-03-07,2026-03-13,https://res.cloudinary.com/dfqzmnlga/image/upload/v1772854699/2026-03-07/10995205.jpg
10995505,29.00,Verdi,Italienske vine,Italiensk Mousserende Vin,1,0,fl.,Netto,https://static.tilbudsugen.dk/1st-retail/2026/11/64774/Netto102026-1_24_2495x2884_4975x4841_zoom.jpg,2026-03-07,2026-03-13,https://res.cloudinary.com/dfqzmnlga/image/upload/v1772854700/2026-03-07/10995505.jpg
10995260,19.95,Velsmag,Grisekød,Hamburgerryg,1,0,bk.,Netto,https://static.tilbudsugen.dk/1st-retail/2026/11/64774/Netto102026-1_14_42x731_2523x2445_zoom.jpg,2026-03-07,2026-03-13,https://res.cloudinary.com/dfqzmnlga/image/upload/v1772854700/2026-03-07/10995260.jpg
10995329,22.00,Bådsmand,Sild,Sild,1,0,gl.,Netto,https://static.tilbudsugen.dk/1st-retail/2026/11/64774/Netto102026-1_18_0x797_4920x2811_zoom.jpg,2026-03-07,2026-03-13,https://res.cloudinary.com/dfqzmnlga/image/upload/v1772854701/2026-03-07/10995329.jpg
10995317,20.00,Food To Go,Mellemmåltider,Proteindrik Vanilla Hazelnut,1,0,fl.,Netto,https://static.tilbudsugen.dk/1st-retail/2026/11/64774/Netto102026-1_17_168x2763_2487x4819_zoom.jpg,2026-03-07,2026-03-13,https://res.cloudinary.com/dfqzmnlga/image/upload/v1772854701/2026-03-07/10995317.jpg
10995322,20.00,Egelykke,Madlavning friskvarer,Piskefløde 36%,1,0,stk.,Netto,https://static.tilbudsugen.dk/1st-retail/2026/11/64774/Netto102026-1_17_138x5023_1702x6803_zoom.jpg,2026-03-07,2026-03-13,https://res.cloudinary.com/dfqzmnlga/image/upload/v1772854702/2026-03-07/10995322.jpg
10995074,10.00,Harvest Best,Grøntsager,Broccolibuketter,1,0,ps.,Netto,https://static.tilbudsugen.dk/1st-retail/2026/11/64774/Netto102026-1_2_47x2312_2393x4690_zoom.jpg,2026-03-07,2026-03-13,https://res.cloudinary.com/dfqzmnlga/image/upload/v1772854703/2026-03-07/10995074.jpg
10995316,20.00,Food To Go,Mellemmåltider,Proteindrik Chocolate Caramel,1,0,fl.,Netto,https://static.tilbudsugen.dk/1st-retail/2026/11/64774/Netto102026-1_17_168x2763_2487x4819_zoom.jpg,2026-03-07,2026-03-13,https://res.cloudinary.com/dfqzmnlga/image/upload/v1772854703/2026-03-07/10995316.jpg
10995072,10.00,Harvest Best,Grøntsager,Broccoli Mix,1,0,ps.,Netto,https://static.tilbudsugen.dk/1st-retail/2026/11/64774/Netto102026-1_2_47x2312_2393x4690_zoom.jpg,2026-03-07,2026-03-13,https://res.cloudinary.com/dfqzmnlga/image/upload/v1772854704/2026-03-07/10995072.jpg
10995299,12.00,Fransk Let,Postej og Paté,Leverpostej,1,0,pk.,Netto,https://static.tilbudsugen.dk/1st-retail/2026/11/64774/Netto102026-1_19_39x2829_1653x4903_zoom.jpg,2026-03-07,2026-03-13,https://res.cloudinary.com/dfqzmnlga/image/upload/v1772854704/2026-03-07/10995299.jpg
10995303,12.00,Grovhakket Let,Postej og Paté,Leverpostej,1,0,pk.,Netto,https://static.tilbudsugen.dk/1st-retail/2026/11/64774/Netto102026-1_19_39x2829_1653x4903_zoom.jpg,2026-03-07,2026-03-13,https://res.cloudinary.com/dfqzmnlga/image/upload/v1772854705/2026-03-07/10995303.jpg
10995503,99.00,,Italienske vine,Italiensk Rødvin,1,2,krt.,Netto,https://static.tilbudsugen.dk/1st-retail/2026/11/64774/Netto102026-1_24_1676x708_4998x2837_zoom.jpg,2026-03-07,2026-03-13,https://res.cloudinary.com/dfqzmnlga/image/upload/v1772854705/2026-03-07/10995503.jpg
10995288,12.00,Cheasy,Madlavningsost,"Hytteost naturel 1,5%",1,0,bg.,Netto,https://static.tilbudsugen.dk/1st-retail/2026/11/64774/Netto102026-1_16_60x815_3530x2889_zoom.jpg,2026-03-07,2026-03-13,https://res.cloudinary.com/dfqzmnlga/image/upload/v1772854706/2026-03-07/10995288.jpg
10995050,29.00,Den Gamle Fabrik,Marmelade,Hindbærmarmelade,1,0,gl.,Netto,https://static.tilbudsugen.dk/1st-retail/2026/11/64774/Netto102026-1_2_2330x2257_4840x4595_zoom.jpg,2026-03-07,2026-03-13,https://res.cloudinary.com/dfqzmnlga/image/upload/v1772854706/2026-03-07/10995050.jpg
10995053,29.00,Den Gamle Fabrik,Marmelade,Rababer/Jordbærmarmelade,1,0,gl.,Netto,https://static.tilbudsugen.dk/1st-retail/2026/11/64774/Netto102026-1_2_2330x2257_4840x4595_zoom.jpg,2026-03-07,2026-03-13,https://res.cloudinary.com/dfqzmnlga/image/upload/v1772854707/2026-03-07/10995053.jpg
10995049,29.00,Den Gamle Fabrik,Marmelade,Jordbærmarmelade,1,0,gl.,Netto,https://static.tilbudsugen.dk/1st-retail/2026/11/64774/Netto102026-1_2_2330x2257_4840x4595_zoom.jpg,2026-03-07,2026-03-13,https://res.cloudinary.com/dfqzmnlga/image/upload/v1772854707/2026-03-07/10995049.jpg
10995051,29.00,Den Gamle Fabrik,Marmelade,Solbærmarmelade,1,0,gl.,Netto,https://static.tilbudsugen.dk/1st-retail/2026/11/64774/Netto102026-1_2_2330x2257_4840x4595_zoom.jpg,2026-03-07,2026-03-13,https://res.cloudinary.com/dfqzmnlga/image/upload/v1772854708/2026-03-07/10995051.jpg
10995070,29.00,Den Gamle Fabrik,Marmelade,Boysenbærmarmelade,1,0,gl.,Netto,https://static.tilbudsugen.dk/1st-retail/2026/11/64774/Netto102026-1_2_2330x2257_4840x4595_zoom.jpg,2026-03-07,2026-03-13,https://res.cloudinary.com/dfqzmnlga/image/upload/v1772854708/2026-03-07/10995070.jpg
10995052,29.00,Den Gamle Fabrik,Marmelade,Appelsinmarmelade,1,0,gl.,Netto,https://static.tilbudsugen.dk/1st-retail/2026/11/64774/Netto102026-1_2_2330x2257_4840x4595_zoom.jpg,2026-03-07,2026-03-13,https://res.cloudinary.com/dfqzmnlga/image/upload/v1772854709/2026-03-07/10995052.jpg
10995251,20.00,Andoni,Pizza Frost,Oksekød & Peberfrugt Pizza,1,0,stk.,Netto,https://static.tilbudsugen.dk/1st-retail/2026/11/64774/Netto102026-1_7_47x3729_2448x6878_zoom.jpg,2026-03-07,2026-03-13,https://res.cloudinary.com/dfqzmnlga/image/upload/v1772854710/2026-03-07/10995251.jpg
10995250,20.00,Andoni,Pizza Frost,Pepperoni Pizza,1,0,stk.,Netto,https://static.tilbudsugen.dk/1st-retail/2026/11/64774/Netto102026-1_7_47x3729_2448x6878_zoom.jpg,2026-03-07,2026-03-13,https://res.cloudinary.com/dfqzmnlga/image/upload/v1772854710/2026-03-07/10995250.jpg
10995252,20.00,Andoni,Pizza Frost,Kartoffel & Mascarpone Pizza,1,0,stk.,Netto,https://static.tilbudsugen.dk/1st-retail/2026/11/64774/Netto102026-1_7_47x3729_2448x6878_zoom.jpg,2026-03-07,2026-03-13,https://res.cloudinary.com/dfqzmnlga/image/upload/v1772854711/2026-03-07/10995252.jpg
10995269,24.95,Velsmag,Grisekød,Nakkefilet,1,0,bk.,Netto,https://static.tilbudsugen.dk/1st-retail/2026/11/64774/Netto102026-1_14_60x2511_1678x4735_zoom.jpg,2026-03-07,2026-03-13,https://res.cloudinary.com/dfqzmnlga/image/upload/v1772854711/2026-03-07/10995269.jpg
10995267,24.95,Velsmag,Grisekød,Bacon,1,0,pk.,Netto,https://static.tilbudsugen.dk/1st-retail/2026/11/64774/Netto102026-1_14_60x2511_1678x4735_zoom.jpg,2026-03-07,2026-03-13,https://res.cloudinary.com/dfqzmnlga/image/upload/v1772854712/2026-03-07/10995267.jpg
10995026,10.00,Bakkedal,Fedtstoffer,Smørbar,1,0,bg.,Netto,https://static.tilbudsugen.dk/1st-retail/2026/11/64774/Netto102026-1_1_86x1391_2369x3344_zoom.jpg,2026-03-07,2026-03-13,https://res.cloudinary.com/dfqzmnlga/image/upload/v1772854712/2026-03-07/10995026.jpg
10995213,20.00,Velsmag,Kalve- og grisekød,Hakket kalv og grisekød 8-12%,1,0,bk.,Netto,https://static.tilbudsugen.dk/1st-retail/2026/11/64774/Netto102026-1_6_63x2997_2243x4808_zoom.jpg,2026-03-07,2026-03-13,https://res.cloudinary.com/dfqzmnlga/image/upload/v1772854713/2026-03-07/10995213.jpg
10995178,10.00,Buko,Specialost,Flødeost Naturel,1,0,bg.,Netto,https://static.tilbudsugen.dk/1st-retail/2026/11/64774/Netto102026-1_4_63x526_2487x3540_zoom.jpg,2026-03-07,2026-03-13,https://res.cloudinary.com/dfqzmnlga/image/upload/v1772854713/2026-03-07/10995178.jpg
10995180,10.00,Buko,Specialost,Flødeost Grøn Pikant,1,0,bg.,Netto,https://static.tilbudsugen.dk/1st-retail/2026/11/64774/Netto102026-1_4_63x526_2487x3540_zoom.jpg,2026-03-07,2026-03-13,https://res.cloudinary.com/dfqzmnlga/image/upload/v1772854714/2026-03-07/10995180.jpg
10995216,20.00,Rose,Kylling,Hakket kylling 7-10%,1,0,bk.,Netto,https://static.tilbudsugen.dk/1st-retail/2026/11/64774/Netto102026-1_6_2440x2903_4935x4839_zoom.jpg,2026-03-07,2026-03-13,https://res.cloudinary.com/dfqzmnlga/image/upload/v1772854715/2026-03-07/10995216.jpg
10995179,10.00,Buko,Specialost,Flødeost Hvidløg,1,0,bg.,Netto,https://static.tilbudsugen.dk/1st-retail/2026/11/64774/Netto102026-1_4_63x526_2487x3540_zoom.jpg,2026-03-07,2026-03-13,https://res.cloudinary.com/dfqzmnlga/image/upload/v1772854715/2026-03-07/10995179.jpg
10995338,10.00,Næmt,Grønt,Salatblanding,1,0,ps.,Netto,https://static.tilbudsugen.dk/1st-retail/2026/11/64774/Netto102026-1_20_132x4708_1739x6814_zoom.jpg,2026-03-07,2026-03-13,https://res.cloudinary.com/dfqzmnlga/image/upload/v1772854716/2026-03-07/10995338.jpg
10995283,35.00,Velsmag,Kylling,Kyllingeunderlår,1,0,pk.,Netto,https://static.tilbudsugen.dk/1st-retail/2026/11/64774/Netto102026-1_14_78x4747_2211x6833_zoom.jpg,2026-03-07,2026-03-13,https://res.cloudinary.com/dfqzmnlga/image/upload/v1772854716/2026-03-07/10995283.jpg
10995409,12.00,Santa Maria,Mexicansk,Taco sauce medium,1,0,gl.,Netto,https://static.tilbudsugen.dk/1st-retail/2026/11/64774/Netto102026-1_22_3306x146_4889x2884_zoom.jpg,2026-03-07,2026-03-13,https://res.cloudinary.com/dfqzmnlga/image/upload/v1772854717/2026-03-07/10995409.jpg
10995407,12.00,Santa Maria,Mexicansk,Taco sauce hot,1,0,gl.,Netto,https://static.tilbudsugen.dk/1st-retail/2026/11/64774/Netto102026-1_22_3306x146_4889x2884_zoom.jpg,2026-03-07,2026-03-13,https://res.cloudinary.com/dfqzmnlga/image/upload/v1772854717/2026-03-07/10995407.jpg
10995408,12.00,Santa Maria,Mexicansk,Taco sauce mild,1,0,gl.,Netto,https://static.tilbudsugen.dk/1st-retail/2026/11/64774/Netto102026-1_22_3306x146_4889x2884_zoom.jpg,2026-03-07,2026-03-13,https://res.cloudinary.com/dfqzmnlga/image/upload/v1772854718/2026-03-07/10995408.jpg
10995305,22.00,Premieur,Fastfoodbrød,Fuldkornspitabrød,1,0,pk.,Netto,https://static.tilbudsugen.dk/1st-retail/2026/11/64774/Netto102026-1_19_2472x4810_4959x6869_zoom.jpg,2026-03-07,2026-03-13,https://res.cloudinary.com/dfqzmnlga/image/upload/v1772854718/2026-03-07/10995305.jpg
10995306,22.00,Premieur,Fastfoodbrød,Hvedepitabrød,1,0,pk.,Netto,https://static.tilbudsugen.dk/1st-retail/2026/11/64774/Netto102026-1_19_2472x4810_4959x6869_zoom.jpg,2026-03-07,2026-03-13,https://res.cloudinary.com/dfqzmnlga/image/upload/v1772854719/2026-03-07/10995306.jpg
10995255,40.00,Premieur,Frugt,Vindruer,1,0,bk.,Netto,https://static.tilbudsugen.dk/1st-retail/2026/11/64774/Netto102026-1_13_2355x3374_4956x5047_zoom.jpg,2026-03-07,2026-03-13,https://res.cloudinary.com/dfqzmnlga/image/upload/v1772854719/2026-03-07/10995255.jpg
10995417,25.00,Quaker,Müsli & Granola,Cruesli 4 Nuts,1,0,pk.,Netto,https://static.tilbudsugen.dk/1st-retail/2026/11/64774/Netto102026-1_22_1622x2821_3244x4841_zoom.jpg,2026-03-07,2026-03-13,https://res.cloudinary.com/dfqzmnlga/image/upload/v1772854720/2026-03-07/10995417.jpg
10995418,25.00,Quaker,Müsli & Granola,Cruesli Raisins,1,0,pk.,Netto,https://static.tilbudsugen.dk/1st-retail/2026/11/64774/Netto102026-1_22_1622x2821_3244x4841_zoom.jpg,2026-03-07,2026-03-13,https://res.cloudinary.com/dfqzmnlga/image/upload/v1772854720/2026-03-07/10995418.jpg
10995416,25.00,Quaker,Müsli & Granola,Cruesli Dark Chocolate,1,0,pk.,Netto,https://static.tilbudsugen.dk/1st-retail/2026/11/64774/Netto102026-1_22_1622x2821_3244x4841_zoom.jpg,2026-03-07,2026-03-13,https://res.cloudinary.com/dfqzmnlga/image/upload/v1772854721/2026-03-07/10995416.jpg
10995419,25.00,Quaker,Müsli & Granola,Cruesli Crunchy Bites,1,0,pk.,Netto,https://static.tilbudsugen.dk/1st-retail/2026/11/64774/Netto102026-1_22_1622x2821_3244x4841_zoom.jpg,2026-03-07,2026-03-13,https://res.cloudinary.com/dfqzmnlga/image/upload/v1772854721/2026-03-07/10995419.jpg
10995245,10.00,Lays,Chips,Saltede Chips,1,0,ps.,Netto,https://static.tilbudsugen.dk/1st-retail/2026/11/64774/Netto102026-1_7_2456x274_4809x3540_zoom.jpg,2026-03-07,2026-03-13,https://res.cloudinary.com/dfqzmnlga/image/upload/v1772854722/2026-03-07/10995245.jpg
10995243,10.00,Lays,Chips,Heinz Tomato Ketchup Chips,1,0,ps.,Netto,https://static.tilbudsugen.dk/1st-retail/2026/11/64774/Netto102026-1_7_2456x274_4809x3540_zoom.jpg,2026-03-07,2026-03-13,https://res.cloudinary.com/dfqzmnlga/image/upload/v1772854723/2026-03-07/10995243.jpg
10995244,10.00,Lays,Chips,Barbecue Flavour Chips,1,0,ps.,Netto,https://static.tilbudsugen.dk/1st-retail/2026/11/64774/Netto102026-1_7_2456x274_4809x3540_zoom.jpg,2026-03-07,2026-03-13,https://res.cloudinary.com/dfqzmnlga/image/upload/v1772854723/2026-03-07/10995244.jpg
10995237,10.00,Doritos,Chips,Sweet Chili Pepper Chips,1,0,ps.,Netto,https://static.tilbudsugen.dk/1st-retail/2026/11/64774/Netto102026-1_7_2456x274_4809x3540_zoom.jpg,2026-03-07,2026-03-13,https://res.cloudinary.com/dfqzmnlga/image/upload/v1772854724/2026-03-07/10995237.jpg
10995240,10.00,Doritos,Chips,Cool American Chips,1,0,ps.,Netto,https://static.tilbudsugen.dk/1st-retail/2026/11/64774/Netto102026-1_7_2456x274_4809x3540_zoom.jpg,2026-03-07,2026-03-13,https://res.cloudinary.com/dfqzmnlga/image/upload/v1772854724/2026-03-07/10995240.jpg
10995510,45.00,,Mousserende,Fransk Mousserende Vin,1,0,fl.,Netto,https://static.tilbudsugen.dk/1st-retail/2026/11/64774/Netto102026-1_24_140x4779_2581x6884_zoom.jpg,2026-03-07,2026-03-13,https://res.cloudinary.com/dfqzmnlga/image/upload/v1772854725/2026-03-07/10995510.jpg
10995271,15.00,Gliss,Shampoo,Shampoo,1,0,stk.,Netto,https://static.tilbudsugen.dk/1st-retail/2026/11/64774/Netto102026-1_8_47x148_2503x3564_zoom.jpg,2026-03-07,2026-03-13,https://res.cloudinary.com/dfqzmnlga/image/upload/v1772854725/2026-03-07/10995271.jpg
10995279,15.00,Family,"Sæbe, bad, dusch",Flydende sæbe,1,0,stk.,Netto,https://static.tilbudsugen.dk/1st-retail/2026/11/64774/Netto102026-1_8_47x148_2503x3564_zoom.jpg,2026-03-07,2026-03-13,https://res.cloudinary.com/dfqzmnlga/image/upload/v1772854726/2026-03-07/10995279.jpg
10995295,30.00,Tulip,Færdigretter Køl,Spareribs,1,0,pk.,Netto,https://static.tilbudsugen.dk/1st-retail/2026/11/64774/Netto102026-1_19_3306x1612_4967x4927_zoom.jpg,2026-03-07,2026-03-13,https://res.cloudinary.com/dfqzmnlga/image/upload/v1772854726/2026-03-07/10995295.jpg
10995516,45.00,,Italienske vine,Italiensk Rosévin,1,0,fl.,Netto,https://static.tilbudsugen.dk/1st-retail/2026/11/64774/Netto102026-1_24_140x4779_2581x6884_zoom.jpg,2026-03-07,2026-03-13,https://res.cloudinary.com/dfqzmnlga/image/upload/v1772854727/2026-03-07/10995516.jpg
10995296,30.00,Tulip,Færdigretter Køl,Pulled Pork,1,0,pk.,Netto,https://static.tilbudsugen.dk/1st-retail/2026/11/64774/Netto102026-1_19_3306x1612_4967x4927_zoom.jpg,2026-03-07,2026-03-13,https://res.cloudinary.com/dfqzmnlga/image/upload/v1772854727/2026-03-07/10995296.jpg
10995511,45.00,,Italienske vine,Italiensk Rødvin,1,0,fl.,Netto,https://static.tilbudsugen.dk/1st-retail/2026/11/64774/Netto102026-1_24_140x4779_2581x6884_zoom.jpg,2026-03-07,2026-03-13,https://res.cloudinary.com/dfqzmnlga/image/upload/v1772854728/2026-03-07/10995511.jpg
10995509,45.00,,Spanske vine,Spansk Hvidvin,1,0,fl.,Netto,https://static.tilbudsugen.dk/1st-retail/2026/11/64774/Netto102026-1_24_140x4779_2581x6884_zoom.jpg,2026-03-07,2026-03-13,https://res.cloudinary.com/dfqzmnlga/image/upload/v1772854728/2026-03-07/10995509.jpg
10995336,29.00,Næmt,Færdigretter Frost,Middagsfrikadeller,1,0,ps.,Netto,https://static.tilbudsugen.dk/1st-retail/2026/11/64774/Netto102026-1_20_1637x4810_3322x6759_zoom.jpg,2026-03-07,2026-03-13,https://res.cloudinary.com/dfqzmnlga/image/upload/v1772854729/2026-03-07/10995336.jpg
10995347,25.00,Rahbek,Fisk,Fiskefileter,1,0,ps.,Netto,https://static.tilbudsugen.dk/1st-retail/2026/11/64774/Netto102026-1_21_3220x2860_4881x4919_zoom.jpg,2026-03-07,2026-03-13,https://res.cloudinary.com/dfqzmnlga/image/upload/v1772854729/2026-03-07/10995347.jpg
10995242,10.00,Doritos,Chips,Flamin Hot,1,0,ps.,Netto,https://static.tilbudsugen.dk/1st-retail/2026/11/64774/Netto102026-1_7_2456x274_4809x3540_zoom.jpg,2026-03-07,2026-03-13,https://res.cloudinary.com/dfqzmnlga/image/upload/v1772854730/2026-03-07/10995242.jpg
10995257,10.00,Grown By Nature,Tørret Frugt,Dadler,1,0,bk.,Netto,https://static.tilbudsugen.dk/1st-retail/2026/11/64774/Netto102026-1_13_42x5148_2409x6827_zoom.jpg,2026-03-07,2026-03-13,https://res.cloudinary.com/dfqzmnlga/image/upload/v1772854731/2026-03-07/10995257.jpg
10995222,45.00,,Kylling,Kyllingeoverlår,1,0,pk.,Netto,https://static.tilbudsugen.dk/1st-retail/2026/11/64774/Netto102026-1_6_2408x4792_4943x6855_zoom.jpg,2026-03-07,2026-03-13,https://res.cloudinary.com/dfqzmnlga/image/upload/v1772854732/2026-03-07/10995222.jpg
10995066,49.00,Sæby,Konserves,Makrelfilet i Tomat,1,0,pk.,Netto,https://static.tilbudsugen.dk/1st-retail/2026/11/64774/Netto102026-1_2_79x4690_2361x6815_zoom.jpg,2026-03-07,2026-03-13,https://res.cloudinary.com/dfqzmnlga/image/upload/v1772854732/2026-03-07/10995066.jpg
10995067,49.00,Sæby,Konserves,Makrel Små Stykker,1,0,pk.,Netto,https://static.tilbudsugen.dk/1st-retail/2026/11/64774/Netto102026-1_2_79x4690_2361x6815_zoom.jpg,2026-03-07,2026-03-13,https://res.cloudinary.com/dfqzmnlga/image/upload/v1772854733/2026-03-07/10995067.jpg
10995075,13.26,Hanegal,Vegetarpålæg,Plantepostej,1,0,pk.,Netto,https://static.tilbudsugen.dk/1st-retail/2026/11/64774/Netto102026-1_10_144x641_2883x3069_zoom.jpg,2026-03-07,2026-03-13,https://res.cloudinary.com/dfqzmnlga/image/upload/v1772854734/2026-03-07/10995075.jpg
10995152,10.00,K-salat,Pålægssalat,Finthakket  Skinkesalat,1,0,bg.,Netto,https://static.tilbudsugen.dk/1st-retail/2026/11/64774/Netto102026-1_3_2408x203_4840x3745_zoom.jpg,2026-03-07,2026-03-13,https://res.cloudinary.com/dfqzmnlga/image/upload/v1772854735/2026-03-07/10995152.jpg
10995293,10.00,Falengreen,Madlavningsost,Revet ost Pizzatopping,1,0,ps.,Netto,https://static.tilbudsugen.dk/1st-retail/2026/11/64774/Netto102026-1_16_48x4843_2517x6833_zoom.jpg,2026-03-07,2026-03-13,https://res.cloudinary.com/dfqzmnlga/image/upload/v1772854736/2026-03-07/10995293.jpg
10995150,10.00,Min første,Pålægssalat,Æggesalat,1,0,bg.,Netto,https://static.tilbudsugen.dk/1st-retail/2026/11/64774/Netto102026-1_3_2408x203_4840x3745_zoom.jpg,2026-03-07,2026-03-13,https://res.cloudinary.com/dfqzmnlga/image/upload/v1772854737/2026-03-07/10995150.jpg
10995177,10.00,Buko,Specialost,Flødeost Naturel,1,0,bg.,Netto,https://static.tilbudsugen.dk/1st-retail/2026/11/64774/Netto102026-1_4_63x526_2487x3540_zoom.jpg,2026-03-07,2026-03-13,https://res.cloudinary.com/dfqzmnlga/image/upload/v1772854738/2026-03-07/10995177.jpg
10995153,10.00,K-salat,Pålægssalat,Kylling & Baconsalat,1,0,bg.,Netto,https://static.tilbudsugen.dk/1st-retail/2026/11/64774/Netto102026-1_3_2408x203_4840x3745_zoom.jpg,2026-03-07,2026-03-13,https://res.cloudinary.com/dfqzmnlga/image/upload/v1772854738/2026-03-07/10995153.jpg
10995155,10.00,K-salat,Pålægssalat,Krabbesalat,1,0,bg.,Netto,https://static.tilbudsugen.dk/1st-retail/2026/11/64774/Netto102026-1_3_2408x203_4840x3745_zoom.jpg,2026-03-07,2026-03-13,https://res.cloudinary.com/dfqzmnlga/image/upload/v1772854739/2026-03-07/10995155.jpg
10995151,10.00,K-salat,Pålægssalat,Æggesalat 30% mindre fedt,1,0,bg.,Netto,https://static.tilbudsugen.dk/1st-retail/2026/11/64774/Netto102026-1_3_2408x203_4840x3745_zoom.jpg,2026-03-07,2026-03-13,https://res.cloudinary.com/dfqzmnlga/image/upload/v1772854739/2026-03-07/10995151.jpg
10995181,10.00,Buko,Specialost,Flødeost Pikant Løg og Krydderurter,1,0,bg.,Netto,https://static.tilbudsugen.dk/1st-retail/2026/11/64774/Netto102026-1_4_63x526_2487x3540_zoom.jpg,2026-03-07,2026-03-13,https://res.cloudinary.com/dfqzmnlga/image/upload/v1772854740/2026-03-07/10995181.jpg
10995202,20.00,Tulip,Bacon,Baconskiver,1,0,pk.,Netto,https://static.tilbudsugen.dk/1st-retail/2026/11/64774/Netto102026-1_5_2440x3651_4998x6878_zoom.jpg,2026-03-07,2026-03-13,https://res.cloudinary.com/dfqzmnlga/image/upload/v1772854741/2026-03-07/10995202.jpg
10995203,20.00,Tulip,Bacon,Bacontern,1,0,pk.,Netto,https://static.tilbudsugen.dk/1st-retail/2026/11/64774/Netto102026-1_5_2440x3651_4998x6878_zoom.jpg,2026-03-07,2026-03-13,https://res.cloudinary.com/dfqzmnlga/image/upload/v1772854742/2026-03-07/10995203.jpg
10995400,22.00,Wasa,Knækbrød,Kanel knækbrød,1,0,pk.,Netto,https://static.tilbudsugen.dk/1st-retail/2026/11/64774/Netto102026-1_22_140x1020_1591x2985_zoom.jpg,2026-03-07,2026-03-13,https://res.cloudinary.com/dfqzmnlga/image/upload/v1772854742/2026-03-07/10995400.jpg
10995291,10.00,Falengreen,Madlavningsost,Revet ost Mexitopping,1,0,ps.,Netto,https://static.tilbudsugen.dk/1st-retail/2026/11/64774/Netto102026-1_16_48x4843_2517x6833_zoom.jpg,2026-03-07,2026-03-13,https://res.cloudinary.com/dfqzmnlga/image/upload/v1772854743/2026-03-07/10995291.jpg
10995154,10.00,K-salat,Pålægssalat,Hønsesalat,1,0,bg.,Netto,https://static.tilbudsugen.dk/1st-retail/2026/11/64774/Netto102026-1_3_2408x203_4840x3745_zoom.jpg,2026-03-07,2026-03-13,https://res.cloudinary.com/dfqzmnlga/image/upload/v1772854743/2026-03-07/10995154.jpg
10995164,10.00,La Campagna,Postej og Paté,Paté Hvidløg,1,0,stk.,Netto,https://static.tilbudsugen.dk/1st-retail/2026/11/64774/Netto102026-1_3_63x384_2440x3611_zoom.jpg,2026-03-07,2026-03-13,https://res.cloudinary.com/dfqzmnlga/image/upload/v1772854744/2026-03-07/10995164.jpg
10995176,10.00,Buko,Specialost,Flødeost Pikant,1,0,bg.,Netto,https://static.tilbudsugen.dk/1st-retail/2026/11/64774/Netto102026-1_4_63x526_2487x3540_zoom.jpg,2026-03-07,2026-03-13,https://res.cloudinary.com/dfqzmnlga/image/upload/v1772854744/2026-03-07/10995176.jpg
10995227,28.00,Casa Tarradellas,Pizza Fersk,Serrano Pizza,1,0,pk.,Netto,https://static.tilbudsugen.dk/1st-retail/2026/11/64774/Netto102026-1_12_1264x3392_2499x4945_zoom.jpg,2026-03-07,2026-03-13,https://res.cloudinary.com/dfqzmnlga/image/upload/v1772854744/2026-03-07/10995227.jpg
10995564,28.00,Elvital,Shampoo,Shampoo,1,0,fl.,Netto,https://static.tilbudsugen.dk/1st-retail/2026/11/64774/Netto102026-1_26_2417x287_4967x2829_zoom.jpg,2026-03-07,2026-03-13,https://res.cloudinary.com/dfqzmnlga/image/upload/v1772854745/2026-03-07/10995564.jpg
10995310,20.00,Carl Vollstedt's Eftf.,1 g - 299 g Småpakke Pølser,Super Cheese Frankfurter,1,0,pk.,Netto,https://static.tilbudsugen.dk/1st-retail/2026/11/64774/Netto102026-1_19_39x4825_2518x6853_zoom.jpg,2026-03-07,2026-03-13,https://res.cloudinary.com/dfqzmnlga/image/upload/v1772854745/2026-03-07/10995310.jpg
10995307,20.00,Carl Vollstedt's Eftf.,1 g - 299 g Småpakke Pølser,Bacon & Ramsløg Frankfurter,1,0,pk.,Netto,https://static.tilbudsugen.dk/1st-retail/2026/11/64774/Netto102026-1_19_39x4825_2518x6853_zoom.jpg,2026-03-07,2026-03-13,https://res.cloudinary.com/dfqzmnlga/image/upload/v1772854746/2026-03-07/10995307.jpg
10995513,55.00,,Italienske vine,Italiensk Mousserende Vin,1,0,fl.,Netto,https://static.tilbudsugen.dk/1st-retail/2026/11/64774/Netto102026-1_24_93x2852_2612x4872_zoom.jpg,2026-03-07,2026-03-13,https://res.cloudinary.com/dfqzmnlga/image/upload/v1772854746/2026-03-07/10995513.jpg
10995508,55.00,,Californiske vine,Californisk Rosevin,1,0,fl.,Netto,https://static.tilbudsugen.dk/1st-retail/2026/11/64774/Netto102026-1_24_93x2852_2612x4872_zoom.jpg,2026-03-07,2026-03-13,https://res.cloudinary.com/dfqzmnlga/image/upload/v1772854747/2026-03-07/10995508.jpg
10995514,55.00,,Italienske vine,Italiensk Rødvin,1,0,fl.,Netto,https://static.tilbudsugen.dk/1st-retail/2026/11/64774/Netto102026-1_24_93x2852_2612x4872_zoom.jpg,2026-03-07,2026-03-13,https://res.cloudinary.com/dfqzmnlga/image/upload/v1772854748/2026-03-07/10995514.jpg
10995515,55.00,,Franske vine,Fransk Hvidvin,1,0,fl.,Netto,https://static.tilbudsugen.dk/1st-retail/2026/11/64774/Netto102026-1_24_93x2852_2612x4872_zoom.jpg,2026-03-07,2026-03-13,https://res.cloudinary.com/dfqzmnlga/image/upload/v1772854749/2026-03-07/10995515.jpg
10995507,55.00,,Californiske vine,Californisk Hvidvin,1,0,fl.,Netto,https://static.tilbudsugen.dk/1st-retail/2026/11/64774/Netto102026-1_24_93x2852_2612x4872_zoom.jpg,2026-03-07,2026-03-13,https://res.cloudinary.com/dfqzmnlga/image/upload/v1772854749/2026-03-07/10995507.jpg
10995337,25.00,Skagen Fiskerestaurant,Fisk og skaldyr Køl,Fiskefrikadeller,1,0,pk.,Netto,https://static.tilbudsugen.dk/1st-retail/2026/11/64774/Netto102026-1_18_6x2847_2445x4825_zoom.jpg,2026-03-07,2026-03-13,https://res.cloudinary.com/dfqzmnlga/image/upload/v1772854750/2026-03-07/10995337.jpg
10995219,45.00,,Kylling,Kyllingebrystfilet,1,0,pk.,Netto,https://static.tilbudsugen.dk/1st-retail/2026/11/64774/Netto102026-1_6_2408x4792_4943x6855_zoom.jpg,2026-03-07,2026-03-13,https://res.cloudinary.com/dfqzmnlga/image/upload/v1772854750/2026-03-07/10995219.jpg
10995275,15.00,Family,Bodylotion,Bodylotion,1,0,stk.,Netto,https://static.tilbudsugen.dk/1st-retail/2026/11/64774/Netto102026-1_8_47x148_2503x3564_zoom.jpg,2026-03-07,2026-03-13,https://res.cloudinary.com/dfqzmnlga/image/upload/v1772854751/2026-03-07/10995275.jpg
10995278,15.00,Family,Balsam,Balsam,1,0,stk.,Netto,https://static.tilbudsugen.dk/1st-retail/2026/11/64774/Netto102026-1_8_47x148_2503x3564_zoom.jpg,2026-03-07,2026-03-13,https://res.cloudinary.com/dfqzmnlga/image/upload/v1772854751/2026-03-07/10995278.jpg
10995276,15.00,Family,Shampoo,Shampoo,1,0,stk.,Netto,https://static.tilbudsugen.dk/1st-retail/2026/11/64774/Netto102026-1_8_47x148_2503x3564_zoom.jpg,2026-03-07,2026-03-13,https://res.cloudinary.com/dfqzmnlga/image/upload/v1772854751/2026-03-07/10995276.jpg
10995259,15.00,Gliss,Balsam,Balsam,1,0,stk.,Netto,https://static.tilbudsugen.dk/1st-retail/2026/11/64774/Netto102026-1_8_47x148_2503x3564_zoom.jpg,2026-03-07,2026-03-13,https://res.cloudinary.com/dfqzmnlga/image/upload/v1772854752/2026-03-07/10995259.jpg
10995277,15.00,Family,"Sæbe, bad, dusch",Bodyshampoo,1,0,stk.,Netto,https://static.tilbudsugen.dk/1st-retail/2026/11/64774/Netto102026-1_8_47x148_2503x3564_zoom.jpg,2026-03-07,2026-03-13,https://res.cloudinary.com/dfqzmnlga/image/upload/v1772854752/2026-03-07/10995277.jpg
10995398,22.00,Wasa,Knækbrød,Sesam & Havsalt knækbrød,1,0,pk.,Netto,https://static.tilbudsugen.dk/1st-retail/2026/11/64774/Netto102026-1_22_140x1020_1591x2985_zoom.jpg,2026-03-07,2026-03-13,https://res.cloudinary.com/dfqzmnlga/image/upload/v1772854753/2026-03-07/10995398.jpg
10995372,29.00,Pickenpack,Fisk og skaldyr Frost ,Alaskasejfilet Gratin Fløde,1,0,pk.,Netto,https://static.tilbudsugen.dk/1st-retail/2026/11/64774/Netto102026-1_21_54x4833_1653x6869_zoom.jpg,2026-03-07,2026-03-13,https://res.cloudinary.com/dfqzmnlga/image/upload/v1772854753/2026-03-07/10995372.jpg
10995356,29.00,Pickenpack,Fisk og skaldyr Frost ,Alaskasejfilet Gratin Spinat,1,0,pk.,Netto,https://static.tilbudsugen.dk/1st-retail/2026/11/64774/Netto102026-1_21_54x4833_1653x6869_zoom.jpg,2026-03-07,2026-03-13,https://res.cloudinary.com/dfqzmnlga/image/upload/v1772854754/2026-03-07/10995356.jpg
10995414,12.00,Oreo,Kiks,Oreo Double Creme Kiks,1,0,pk.,Netto,https://static.tilbudsugen.dk/1st-retail/2026/11/64774/Netto102026-1_22_3220x2845_4990x4841_zoom.jpg,2026-03-07,2026-03-13,https://res.cloudinary.com/dfqzmnlga/image/upload/v1772854754/2026-03-07/10995414.jpg
10995289,69.00,Riberhus,Skæreost,Skæreost Danbo Mellemlagret,1,0,stk.,Netto,https://static.tilbudsugen.dk/1st-retail/2026/11/64774/Netto102026-1_16_3314x857_4998x4843_zoom.jpg,2026-03-07,2026-03-13,https://res.cloudinary.com/dfqzmnlga/image/upload/v1772854755/2026-03-07/10995289.jpg
10995270,35.00,Velsmag,Kylling,Kyllingebrystfilet,1,0,bk.,Netto,https://static.tilbudsugen.dk/1st-retail/2026/11/64774/Netto102026-1_14_78x4747_2211x6833_zoom.jpg,2026-03-07,2026-03-13,https://res.cloudinary.com/dfqzmnlga/image/upload/v1772854755/2026-03-07/10995270.jpg
10995411,12.00,Oreo,Kiks,Oreo Chocò Brownie Kiks,1,0,pk.,Netto,https://static.tilbudsugen.dk/1st-retail/2026/11/64774/Netto102026-1_22_3220x2845_4990x4841_zoom.jpg,2026-03-07,2026-03-13,https://res.cloudinary.com/dfqzmnlga/image/upload/v1772854756/2026-03-07/10995411.jpg
10995413,12.00,Oreo,Kiks,Oreo Original Kiks,1,0,pk.,Netto,https://static.tilbudsugen.dk/1st-retail/2026/11/64774/Netto102026-1_22_3220x2845_4990x4841_zoom.jpg,2026-03-07,2026-03-13,https://res.cloudinary.com/dfqzmnlga/image/upload/v1772854756/2026-03-07/10995413.jpg
10995412,12.00,Oreo,Kiks,Oreo Golden Kiks,1,0,pk.,Netto,https://static.tilbudsugen.dk/1st-retail/2026/11/64774/Netto102026-1_22_3220x2845_4990x4841_zoom.jpg,2026-03-07,2026-03-13,https://res.cloudinary.com/dfqzmnlga/image/upload/v1772854757/2026-03-07/10995412.jpg
10995220,45.00,,Kylling,Kyllingeinderfileter,1,0,bk.,Netto,https://static.tilbudsugen.dk/1st-retail/2026/11/64774/Netto102026-1_6_2408x4792_4943x6855_zoom.jpg,2026-03-07,2026-03-13,https://res.cloudinary.com/dfqzmnlga/image/upload/v1772854757/2026-03-07/10995220.jpg
10995238,20.00,,Kylling,Kyllingestrimler,1,0,pk.,Netto,https://static.tilbudsugen.dk/1st-retail/2026/11/64774/Netto102026-1_12_1282x5304_2469x6809_zoom.jpg,2026-03-07,2026-03-13,https://res.cloudinary.com/dfqzmnlga/image/upload/v1772854758/2026-03-07/10995238.jpg
10995241,10.00,Bugles,Snacks,Bugles nacho cheese,1,0,ps.,Netto,https://static.tilbudsugen.dk/1st-retail/2026/11/64774/Netto102026-1_7_2456x274_4809x3540_zoom.jpg,2026-03-07,2026-03-13,https://res.cloudinary.com/dfqzmnlga/image/upload/v1772854758/2026-03-07/10995241.jpg
10995218,20.00,,Kylling,Kyllingestrimler,1,0,pk.,Netto,https://static.tilbudsugen.dk/1st-retail/2026/11/64774/Netto102026-1_6_2440x2903_4935x4839_zoom.jpg,2026-03-07,2026-03-13,https://res.cloudinary.com/dfqzmnlga/image/upload/v1772854759/2026-03-07/10995218.jpg
10995345,25.00,Bistronne,Fjerkræ,Kyllingekebab,1,0,ps.,Netto,https://static.tilbudsugen.dk/1st-retail/2026/11/64774/Netto102026-1_21_1676x2930_3236x4903_zoom.jpg,2026-03-07,2026-03-13,https://res.cloudinary.com/dfqzmnlga/image/upload/v1772854760/2026-03-07/10995345.jpg
10995187,20.00,Klovborg,Skiveost,Skiveost Danbo Mellemlagret,1,0,pk.,Netto,https://static.tilbudsugen.dk/1st-retail/2026/11/64774/Netto102026-1_4_2487x3651_4896x6862_zoom.jpg,2026-03-07,2026-03-13,https://res.cloudinary.com/dfqzmnlga/image/upload/v1772854760/2026-03-07/10995187.jpg
10995334,35.00,Næmt,Færdigretter Frost,Döner Kebab,1,0,ps.,Netto,https://static.tilbudsugen.dk/1st-retail/2026/11/64774/Netto102026-1_20_3228x4786_4897x6752_zoom.jpg,2026-03-07,2026-03-13,https://res.cloudinary.com/dfqzmnlga/image/upload/v1772854761/2026-03-07/10995334.jpg
10995326,22.00,Bådsmand,Sild,Sild,1,0,bg.,Netto,https://static.tilbudsugen.dk/1st-retail/2026/11/64774/Netto102026-1_18_0x797_4920x2811_zoom.jpg,2026-03-07,2026-03-13,https://res.cloudinary.com/dfqzmnlga/image/upload/v1772854761/2026-03-07/10995326.jpg
10995350,42.00,Ben & Jerry's,Is,Half Baked is,1,0,bg.,Netto,https://static.tilbudsugen.dk/1st-retail/2026/11/64774/Netto102026-1_21_3244x4802_4928x6876_zoom.jpg,2026-03-07,2026-03-13,https://res.cloudinary.com/dfqzmnlga/image/upload/v1772854762/2026-03-07/10995350.jpg
10995348,42.00,Ben & Jerry's,Is,Chocolate Fudge Brownie is,1,0,bg.,Netto,https://static.tilbudsugen.dk/1st-retail/2026/11/64774/Netto102026-1_21_3244x4802_4928x6876_zoom.jpg,2026-03-07,2026-03-13,https://res.cloudinary.com/dfqzmnlga/image/upload/v1772854763/2026-03-07/10995348.jpg
10995349,42.00,Ben & Jerry's,Is,Cookie Dough is,1,0,bg.,Netto,https://static.tilbudsugen.dk/1st-retail/2026/11/64774/Netto102026-1_21_3244x4802_4928x6876_zoom.jpg,2026-03-07,2026-03-13,https://res.cloudinary.com/dfqzmnlga/image/upload/v1772854763/2026-03-07/10995349.jpg
10995352,42.00,Ben & Jerry's,Is,Cookies on Cookie Dough,1,0,bg.,Netto,https://static.tilbudsugen.dk/1st-retail/2026/11/64774/Netto102026-1_21_3244x4802_4928x6876_zoom.jpg,2026-03-07,2026-03-13,https://res.cloudinary.com/dfqzmnlga/image/upload/v1772854764/2026-03-07/10995352.jpg
10995353,42.00,Ben & Jerry's,Is,Brookieees & Cream Is,1,0,bg.,Netto,https://static.tilbudsugen.dk/1st-retail/2026/11/64774/Netto102026-1_21_3244x4802_4928x6876_zoom.jpg,2026-03-07,2026-03-13,https://res.cloudinary.com/dfqzmnlga/image/upload/v1772854764/2026-03-07/10995353.jpg
10995354,42.00,Ben & Jerry's,Is,Caramel Brownie Party is,1,0,bg.,Netto,https://static.tilbudsugen.dk/1st-retail/2026/11/64774/Netto102026-1_21_3244x4802_4928x6876_zoom.jpg,2026-03-07,2026-03-13,https://res.cloudinary.com/dfqzmnlga/image/upload/v1772854765/2026-03-07/10995354.jpg
10995351,42.00,Ben & Jerry's,Is,Chocolatey Orange Chunk,1,0,bg.,Netto,https://static.tilbudsugen.dk/1st-retail/2026/11/64774/Netto102026-1_21_3244x4802_4928x6876_zoom.jpg,2026-03-07,2026-03-13,https://res.cloudinary.com/dfqzmnlga/image/upload/v1772854765/2026-03-07/10995351.jpg
10995046,10.00,Velsmag,Grisekød,Grisekoteletter,1,0,bk.,Netto,https://static.tilbudsugen.dk/1st-retail/2026/11/64774/Netto102026-1_1_2448x4517_4935x6878_zoom.jpg,2026-03-07,2026-03-13,https://res.cloudinary.com/dfqzmnlga/image/upload/v1772854766/2026-03-07/10995046.jpg
10995212,10.00,Velsmag,Grisekød,Grisekoteletter,1,0,bk.,Netto,https://static.tilbudsugen.dk/1st-retail/2026/11/64774/Netto102026-1_6_55x156_2448x2328_zoom.jpg,2026-03-07,2026-03-13,https://res.cloudinary.com/dfqzmnlga/image/upload/v1772854767/2026-03-07/10995212.jpg
10995290,10.00,Lillebror,Specialost,Ostehaps,1,0,pk.,Netto,https://static.tilbudsugen.dk/1st-retail/2026/11/64774/Netto102026-1_16_2553x4855_4872x6869_zoom.jpg,2026-03-07,2026-03-13,https://res.cloudinary.com/dfqzmnlga/image/upload/v1772854767/2026-03-07/10995290.jpg
10995567,28.00,Elvital,Balsam,Balsam,1,0,fl.,Netto,https://static.tilbudsugen.dk/1st-retail/2026/11/64774/Netto102026-1_26_2417x287_4967x2829_zoom.jpg,2026-03-07,2026-03-13,https://res.cloudinary.com/dfqzmnlga/image/upload/v1772854768/2026-03-07/10995567.jpg
10995498,20.00,Chai Latte,Te,Instant Te Krydret,1,0,pk.,Netto,https://static.tilbudsugen.dk/1st-retail/2026/11/64774/Netto102026-1_23_3251x2829_4881x4810_zoom.jpg,2026-03-07,2026-03-13,https://res.cloudinary.com/dfqzmnlga/image/upload/v1772854769/2026-03-07/10995498.jpg
10995221,39.00,Velsmag,Oksekød,Hakket oksekød 8-12%,1,0,bk.,Netto,https://static.tilbudsugen.dk/1st-retail/2026/11/64774/Netto102026-1_6_63x4847_2495x6870_zoom.jpg,2026-03-07,2026-03-13,https://res.cloudinary.com/dfqzmnlga/image/upload/v1772854769/2026-03-07/10995221.jpg
10995287,49.00,Velsmag,Grisekød,Ribsteaks,1,0,bk.,Netto,https://static.tilbudsugen.dk/1st-retail/2026/11/64774/Netto102026-1_15_1528x5220_4998x6863_zoom.jpg,2026-03-07,2026-03-31,https://res.cloudinary.com/dfqzmnlga/image/upload/v1772854770/2026-03-07/10995287.jpg
10995168,10.00,Egelykke,"Pålæg, skiveskåret",Peberspegepølse,1,0,pk.,Netto,https://static.tilbudsugen.dk/1st-retail/2026/11/64774/Netto102026-1_3_2456x3517_4966x6862_zoom.jpg,2026-03-07,2026-03-13,https://res.cloudinary.com/dfqzmnlga/image/upload/v1772854770/2026-03-07/10995168.jpg
10995167,10.00,Egelykke,"Pålæg, skiveskåret",Sønderjysk Spegepølse,1,0,pk.,Netto,https://static.tilbudsugen.dk/1st-retail/2026/11/64774/Netto102026-1_3_2456x3517_4966x6862_zoom.jpg,2026-03-07,2026-03-13,https://res.cloudinary.com/dfqzmnlga/image/upload/v1772854771/2026-03-07/10995167.jpg
10995160,10.00,La Campagna,"Pålæg, skiveskåret",Schwarzwaldskinke,1,0,pk.,Netto,https://static.tilbudsugen.dk/1st-retail/2026/11/64774/Netto102026-1_3_63x384_2440x3611_zoom.jpg,2026-03-07,2026-03-13,https://res.cloudinary.com/dfqzmnlga/image/upload/v1772854771/2026-03-07/10995160.jpg
10995249,20.00,Miss Perfect Délice,Grønt,Tomater,1,0,bk.,Netto,https://static.tilbudsugen.dk/1st-retail/2026/11/64774/Netto102026-1_13_48x2805_2451x4951_zoom.jpg,2026-03-07,2026-03-13,https://res.cloudinary.com/dfqzmnlga/image/upload/v1772854772/2026-03-07/10995249.jpg
10995422,25.00,Løgismose,Sødemiddel,Sirup,1,0,fl.,Netto,https://static.tilbudsugen.dk/1st-retail/2026/11/64774/Netto102026-1_22_2573x4911_4920x6728_zoom.jpg,2026-03-07,2026-03-13,https://res.cloudinary.com/dfqzmnlga/image/upload/v1772854772/2026-03-07/10995422.jpg
10995415,12.00,Oreo,Kiks,Mini Oreo,1,0,bg.,Netto,https://static.tilbudsugen.dk/1st-retail/2026/11/64774/Netto102026-1_22_3220x2845_4990x4841_zoom.jpg,2026-03-07,2026-03-13,https://res.cloudinary.com/dfqzmnlga/image/upload/v1772854773/2026-03-07/10995415.jpg
10995434,10.00,Malaco,Slik,Sliksnører Sour Apple,1,0,pk.,Netto,https://static.tilbudsugen.dk/1st-retail/2026/11/64774/Netto102026-1_23_3275x513_4928x2829_zoom.jpg,2026-03-07,2026-03-13,https://res.cloudinary.com/dfqzmnlga/image/upload/v1772854773/2026-03-07/10995434.jpg
10995438,10.00,Malaco,Slik,Sliksnører Jordbær,1,0,pk.,Netto,https://static.tilbudsugen.dk/1st-retail/2026/11/64774/Netto102026-1_23_3275x513_4928x2829_zoom.jpg,2026-03-07,2026-03-13,https://res.cloudinary.com/dfqzmnlga/image/upload/v1772854774/2026-03-07/10995438.jpg
10995437,10.00,Malaco,Slik,Sliksnører Lakrids,1,0,pk.,Netto,https://static.tilbudsugen.dk/1st-retail/2026/11/64774/Netto102026-1_23_3275x513_4928x2829_zoom.jpg,2026-03-07,2026-03-13,https://res.cloudinary.com/dfqzmnlga/image/upload/v1772854774/2026-03-07/10995437.jpg
10995441,10.00,Malaco,Slik,Sliksnører Karamel ,1,0,pk.,Netto,https://static.tilbudsugen.dk/1st-retail/2026/11/64774/Netto102026-1_23_3275x513_4928x2829_zoom.jpg,2026-03-07,2026-03-13,https://res.cloudinary.com/dfqzmnlga/image/upload/v1772854775/2026-03-07/10995441.jpg
10995069,129.00,Original,Kaffe,Kaffe Formalet,1,1,pk.,Netto,https://static.tilbudsugen.dk/1st-retail/2026/11/64774/Netto102026-1_2_2259x4383_4896x6847_zoom.jpg,2026-03-07,2026-03-13,https://res.cloudinary.com/dfqzmnlga/image/upload/v1772854775/2026-03-07/10995069.jpg
10995440,10.00,Malaco,Slik,Slikstjerner Jordbær,1,0,pk.,Netto,https://static.tilbudsugen.dk/1st-retail/2026/11/64774/Netto102026-1_23_3275x513_4928x2829_zoom.jpg,2026-03-07,2026-03-13,https://res.cloudinary.com/dfqzmnlga/image/upload/v1772854776/2026-03-07/10995440.jpg
10995439,10.00,Malaco,Slik,Slikstjerner Karamel,1,0,pk.,Netto,https://static.tilbudsugen.dk/1st-retail/2026/11/64774/Netto102026-1_23_3275x513_4928x2829_zoom.jpg,2026-03-07,2026-03-13,https://res.cloudinary.com/dfqzmnlga/image/upload/v1772854776/2026-03-07/10995439.jpg
10995292,22.00,Premieur,Fastfoodbrød,Brioche Burgerboller,1,0,pk.,Netto,https://static.tilbudsugen.dk/1st-retail/2026/11/64774/Netto102026-1_19_62x1160_3368x2860_zoom.jpg,2026-03-07,2026-03-13,https://res.cloudinary.com/dfqzmnlga/image/upload/v1772854777/2026-03-07/10995292.jpg
10995312,22.00,Premieur,Fastfoodbrød,Brioche Burgerboller Sesam,1,0,pk.,Netto,https://static.tilbudsugen.dk/1st-retail/2026/11/64774/Netto102026-1_19_62x1160_3368x2860_zoom.jpg,2026-03-07,2026-03-13,https://res.cloudinary.com/dfqzmnlga/image/upload/v1772854777/2026-03-07/10995312.jpg
10995294,22.00,Premieur,Fastfoodbrød,Burgerboller Brioche Fuldkorn,1,0,pk.,Netto,https://static.tilbudsugen.dk/1st-retail/2026/11/64774/Netto102026-1_19_62x1160_3368x2860_zoom.jpg,2026-03-07,2026-03-13,https://res.cloudinary.com/dfqzmnlga/image/upload/v1772854778/2026-03-07/10995294.jpg
10995325,32.00,MilkSlice,Mellemmåltider,Cool Snacks,1,0,pk.,Netto,https://static.tilbudsugen.dk/1st-retail/2026/11/64774/Netto102026-1_17_3338x4855_4938x6851_zoom.jpg,2026-03-07,2026-03-13,https://res.cloudinary.com/dfqzmnlga/image/upload/v1772854779/2026-03-07/10995325.jpg
10995063,49.00,Glyngøre,Konserves,Tun i vand,1,0,pk.,Netto,https://static.tilbudsugen.dk/1st-retail/2026/11/64774/Netto102026-1_2_79x4690_2361x6815_zoom.jpg,2026-03-07,2026-03-13,https://res.cloudinary.com/dfqzmnlga/image/upload/v1772854779/2026-03-07/10995063.jpg
10995065,49.00,Glyngøre,Konserves,Tun i olie,1,0,pk.,Netto,https://static.tilbudsugen.dk/1st-retail/2026/11/64774/Netto102026-1_2_79x4690_2361x6815_zoom.jpg,2026-03-07,2026-03-13,https://res.cloudinary.com/dfqzmnlga/image/upload/v1772854780/2026-03-07/10995065.jpg
10995333,18.00,Næmt,Toppings,Kyllingeskiver,1,0,pk.,Netto,https://static.tilbudsugen.dk/1st-retail/2026/11/64774/Netto102026-1_20_101x2579_2440x4685_zoom.jpg,2026-03-07,2026-03-13,https://res.cloudinary.com/dfqzmnlga/image/upload/v1772854780/2026-03-07/10995333.jpg
10995332,18.00,Næmt,Toppings,Kyllingestrimler,1,0,pk.,Netto,https://static.tilbudsugen.dk/1st-retail/2026/11/64774/Netto102026-1_20_101x2579_2440x4685_zoom.jpg,2026-03-07,2026-03-13,https://res.cloudinary.com/dfqzmnlga/image/upload/v1772854781/2026-03-07/10995332.jpg
10995172,12.00,Den Grønne Slagter,Bacon,Kalkunbacon,1,0,pk.,Netto,https://static.tilbudsugen.dk/1st-retail/2026/11/64774/Netto102026-1_3_23x3588_2542x6894_zoom.jpg,2026-03-07,2026-03-13,https://res.cloudinary.com/dfqzmnlga/image/upload/v1772854781/2026-03-07/10995172.jpg
10995173,12.00,Den Grønne Slagter,"Pålæg, skiveskåret",Kyllingebryst Chili,1,0,pk.,Netto,https://static.tilbudsugen.dk/1st-retail/2026/11/64774/Netto102026-1_3_23x3588_2542x6894_zoom.jpg,2026-03-07,2026-03-13,https://res.cloudinary.com/dfqzmnlga/image/upload/v1772854782/2026-03-07/10995173.jpg
10995188,20.00,Klovborg,Skiveost,Skiveost Mellemlagret,1,0,pk.,Netto,https://static.tilbudsugen.dk/1st-retail/2026/11/64774/Netto102026-1_4_2487x3651_4896x6862_zoom.jpg,2026-03-07,2026-03-13,https://res.cloudinary.com/dfqzmnlga/image/upload/v1772854783/2026-03-07/10995188.jpg
10995436,10.00,Malaco,Slik,Slikstrimler Jordbær,1,0,ps.,Netto,https://static.tilbudsugen.dk/1st-retail/2026/11/64774/Netto102026-1_23_3275x513_4928x2829_zoom.jpg,2026-03-07,2026-03-13,https://res.cloudinary.com/dfqzmnlga/image/upload/v1772854783/2026-03-07/10995436.jpg
10995445,10.00,Stjernemix,Slik,Slikposer,1,0,ps.,Netto,https://static.tilbudsugen.dk/1st-retail/2026/11/64774/Netto102026-1_23_93x661_3306x2930_zoom.jpg,2026-03-07,2026-03-13,https://res.cloudinary.com/dfqzmnlga/image/upload/v1772854784/2026-03-07/10995445.jpg
10995449,10.00,Nappar,Slik,Slikpose Sour,1,0,ps.,Netto,https://static.tilbudsugen.dk/1st-retail/2026/11/64774/Netto102026-1_23_93x661_3306x2930_zoom.jpg,2026-03-07,2026-03-13,https://res.cloudinary.com/dfqzmnlga/image/upload/v1772854784/2026-03-07/10995449.jpg
10995443,10.00,Matador Mix,Slik,Slikpose Dark,1,0,ps.,Netto,https://static.tilbudsugen.dk/1st-retail/2026/11/64774/Netto102026-1_23_93x661_3306x2930_zoom.jpg,2026-03-07,2026-03-13,https://res.cloudinary.com/dfqzmnlga/image/upload/v1772854785/2026-03-07/10995443.jpg
10995442,10.00,Malaco,Slik,Slikstrimler Tutti Frutti,1,0,ps.,Netto,https://static.tilbudsugen.dk/1st-retail/2026/11/64774/Netto102026-1_23_3275x513_4928x2829_zoom.jpg,2026-03-07,2026-03-13,https://res.cloudinary.com/dfqzmnlga/image/upload/v1772854786/2026-03-07/10995442.jpg
10995447,10.00,Click Mix,Slik,Slikposer,1,0,ps.,Netto,https://static.tilbudsugen.dk/1st-retail/2026/11/64774/Netto102026-1_23_93x661_3306x2930_zoom.jpg,2026-03-07,2026-03-13,https://res.cloudinary.com/dfqzmnlga/image/upload/v1772854786/2026-03-07/10995447.jpg
10995446,10.00,Matador Mix,Slik,Slikposer,1,0,ps.,Netto,https://static.tilbudsugen.dk/1st-retail/2026/11/64774/Netto102026-1_23_93x661_3306x2930_zoom.jpg,2026-03-07,2026-03-13,https://res.cloudinary.com/dfqzmnlga/image/upload/v1772854787/2026-03-07/10995446.jpg
10995448,10.00,Nappar,Slik,Slikpose Liquorice,1,0,ps.,Netto,https://static.tilbudsugen.dk/1st-retail/2026/11/64774/Netto102026-1_23_93x661_3306x2930_zoom.jpg,2026-03-07,2026-03-13,https://res.cloudinary.com/dfqzmnlga/image/upload/v1772854787/2026-03-07/10995448.jpg
10995512,89.00,Triple Wood,Whisky,Whisky,1,0,fl.,Netto,https://static.tilbudsugen.dk/1st-retail/2026/11/64774/Netto102026-1_24_62x731_1715x2837_zoom.jpg,2026-03-07,2026-03-13,https://res.cloudinary.com/dfqzmnlga/image/upload/v1772854787/2026-03-07/10995512.jpg
10995504,89.00,Original,Snaps,Snaps,1,0,fl.,Netto,https://static.tilbudsugen.dk/1st-retail/2026/11/64774/Netto102026-1_24_62x731_1715x2837_zoom.jpg,2026-03-07,2026-03-13,https://res.cloudinary.com/dfqzmnlga/image/upload/v1772854788/2026-03-07/10995504.jpg
10995462,25.00,Anthon Berg,Chokolade,Marcipantærter Blomme i Madeira,1,0,pk.,Netto,https://static.tilbudsugen.dk/1st-retail/2026/11/64774/Netto102026-1_23_1591x2821_3306x4825_zoom.jpg,2026-03-07,2026-03-13,https://res.cloudinary.com/dfqzmnlga/image/upload/v1772854789/2026-03-07/10995462.jpg
10995464,25.00,Anthon Berg,Chokolade,Marcipantærter Jordbær i Champagne,1,0,pk.,Netto,https://static.tilbudsugen.dk/1st-retail/2026/11/64774/Netto102026-1_23_1591x2821_3306x4825_zoom.jpg,2026-03-07,2026-03-13,https://res.cloudinary.com/dfqzmnlga/image/upload/v1772854790/2026-03-07/10995464.jpg
10995465,25.00,Anthon Berg,Chokolade,Marcipantærter Blåbær i Vodka,1,0,pk.,Netto,https://static.tilbudsugen.dk/1st-retail/2026/11/64774/Netto102026-1_23_1591x2821_3306x4825_zoom.jpg,2026-03-07,2026-03-13,https://res.cloudinary.com/dfqzmnlga/image/upload/v1772854790/2026-03-07/10995465.jpg
10995228,10.00,,Grønt,Rucolasalat,1,0,ps.,Netto,https://static.tilbudsugen.dk/1st-retail/2026/11/64774/Netto102026-1_12_2523x3308_3721x4951_zoom.jpg,2026-03-07,2026-03-13,https://res.cloudinary.com/dfqzmnlga/image/upload/v1772854791/2026-03-07/10995228.jpg
10995170,12.00,Den Grønne Slagter,"Pålæg, skiveskåret",Kyllingebryst Grillet,1,0,pk.,Netto,https://static.tilbudsugen.dk/1st-retail/2026/11/64774/Netto102026-1_3_23x3588_2542x6894_zoom.jpg,2026-03-07,2026-03-13,https://res.cloudinary.com/dfqzmnlga/image/upload/v1772854792/2026-03-07/10995170.jpg
10995324,32.00,Pingui,Mellemmåltider,Cool Snacks,1,0,pk.,Netto,https://static.tilbudsugen.dk/1st-retail/2026/11/64774/Netto102026-1_17_3338x4855_4938x6851_zoom.jpg,2026-03-07,2026-03-13,https://res.cloudinary.com/dfqzmnlga/image/upload/v1772854792/2026-03-07/10995324.jpg
10995254,30.00,Colgate,Tandpleje,Tandpasta,1,0,pk.,Netto,https://static.tilbudsugen.dk/1st-retail/2026/11/64774/Netto102026-1_8_2393x156_4998x3580_zoom.jpg,2026-03-07,2026-03-13,https://res.cloudinary.com/dfqzmnlga/image/upload/v1772854793/2026-03-07/10995254.jpg
10995330,18.00,Næmt,Toppings,Kyllingestykker,1,0,pk.,Netto,https://static.tilbudsugen.dk/1st-retail/2026/11/64774/Netto102026-1_20_101x2579_2440x4685_zoom.jpg,2026-03-07,2026-03-13,https://res.cloudinary.com/dfqzmnlga/image/upload/v1772854793/2026-03-07/10995330.jpg
10995298,25.00,Premieur,Pålægspølser,Mørbrad,1,0,stk.,Netto,https://static.tilbudsugen.dk/1st-retail/2026/11/64774/Netto102026-1_19_1645x2829_3298x4872_zoom.jpg,2026-03-07,2026-03-13,https://res.cloudinary.com/dfqzmnlga/image/upload/v1772854794/2026-03-07/10995298.jpg
10995431,12.00,Santa Maria,Mexicansk,Taco Tubs Mini,1,0,pk.,Netto,https://static.tilbudsugen.dk/1st-retail/2026/11/64774/Netto102026-1_22_3306x146_4889x2884_zoom.jpg,2026-03-07,2026-03-13,https://res.cloudinary.com/dfqzmnlga/image/upload/v1772854794/2026-03-07/10995431.jpg
10995506,99.00,Gammel Dansk,Bitter,Bitter,1,0,fl.,Netto,https://static.tilbudsugen.dk/1st-retail/2026/11/64774/Netto102026-1_24_2495x4841_4858x6907_zoom.jpg,2026-03-07,2026-03-13,https://res.cloudinary.com/dfqzmnlga/image/upload/v1772854795/2026-03-07/10995506.jpg
10995521,99.00,Old No. 7,Whisky,Whisky,1,0,fl.,Netto,https://static.tilbudsugen.dk/1st-retail/2026/11/64774/Netto102026-1_24_2495x4841_4858x6907_zoom.jpg,2026-03-07,2026-03-13,https://res.cloudinary.com/dfqzmnlga/image/upload/v1772854795/2026-03-07/10995521.jpg
10995517,99.00,Jägermeister,Bitter,Bitter,1,0,fl.,Netto,https://static.tilbudsugen.dk/1st-retail/2026/11/64774/Netto102026-1_24_2495x4841_4858x6907_zoom.jpg,2026-03-07,2026-03-13,https://res.cloudinary.com/dfqzmnlga/image/upload/v1772854796/2026-03-07/10995517.jpg
10995519,99.00,Tullamore Dew,Whisky,Whisky,1,0,fl.,Netto,https://static.tilbudsugen.dk/1st-retail/2026/11/64774/Netto102026-1_24_2495x4841_4858x6907_zoom.jpg,2026-03-07,2026-03-13,https://res.cloudinary.com/dfqzmnlga/image/upload/v1772854797/2026-03-07/10995519.jpg
10995520,99.00,Kahlua,Likør,Likør,1,0,fl.,Netto,https://static.tilbudsugen.dk/1st-retail/2026/11/64774/Netto102026-1_24_2495x4841_4858x6907_zoom.jpg,2026-03-07,2026-03-13,https://res.cloudinary.com/dfqzmnlga/image/upload/v1772854798/2026-03-07/10995520.jpg
10995518,99.00,London Dry,Gin,Gin,1,0,fl.,Netto,https://static.tilbudsugen.dk/1st-retail/2026/11/64774/Netto102026-1_24_2495x4841_4858x6907_zoom.jpg,2026-03-07,2026-03-13,https://res.cloudinary.com/dfqzmnlga/image/upload/v1772854798/2026-03-07/10995518.jpg
10995165,10.00,La Campagna,"Pålæg, skiveskåret",Salchichón,1,0,pk.,Netto,https://static.tilbudsugen.dk/1st-retail/2026/11/64774/Netto102026-1_3_63x384_2440x3611_zoom.jpg,2026-03-07,2026-03-13,https://res.cloudinary.com/dfqzmnlga/image/upload/v1772854799/2026-03-07/10995165.jpg
10995079,129.00,Espresso,Kaffe,Kaffebønner,1,0,ps.,Netto,https://static.tilbudsugen.dk/1st-retail/2026/11/64774/Netto102026-1_2_2259x4383_4896x6847_zoom.jpg,2026-03-07,2026-03-13,https://res.cloudinary.com/dfqzmnlga/image/upload/v1772854799/2026-03-07/10995079.jpg
10995078,129.00,Crema,Kaffe,Kaffebønner,1,0,ps.,Netto,https://static.tilbudsugen.dk/1st-retail/2026/11/64774/Netto102026-1_2_2259x4383_4896x6847_zoom.jpg,2026-03-07,2026-03-13,https://res.cloudinary.com/dfqzmnlga/image/upload/v1772854800/2026-03-07/10995078.jpg
10995471,59.00,Original,Kaffe,Kaffe Formalet,1,0,ps.,Netto,https://static.tilbudsugen.dk/1st-retail/2026/11/64774/Netto102026-1_23_3236x4849_4858x6869_zoom.jpg,2026-03-07,2026-03-13,https://res.cloudinary.com/dfqzmnlga/image/upload/v1772854800/2026-03-07/10995471.jpg
10995236,15.00,Zanetti,Specialost,Burrata Italiana,1,0,stk.,Netto,https://static.tilbudsugen.dk/1st-retail/2026/11/64774/Netto102026-1_12_3727x3380_4902x4987_zoom.jpg,2026-03-07,2026-03-13,https://res.cloudinary.com/dfqzmnlga/image/upload/v1772854801/2026-03-07/10995236.jpg
10995174,12.00,Den Grønne Slagter,"Pålæg, skiveskåret",Spegepølse,1,0,pk.,Netto,https://static.tilbudsugen.dk/1st-retail/2026/11/64774/Netto102026-1_3_23x3588_2542x6894_zoom.jpg,2026-03-07,2026-03-13,https://res.cloudinary.com/dfqzmnlga/image/upload/v1772854801/2026-03-07/10995174.jpg
10995175,12.00,Den Grønne Slagter,Vegetarpålæg,Veggiepålæg Peberfrugt,1,0,pk.,Netto,https://static.tilbudsugen.dk/1st-retail/2026/11/64774/Netto102026-1_3_23x3588_2542x6894_zoom.jpg,2026-03-07,2026-03-13,https://res.cloudinary.com/dfqzmnlga/image/upload/v1772854802/2026-03-07/10995175.jpg
10995171,12.00,Den Grønne Slagter,"Pålæg, skiveskåret",Hamburgerryg,1,0,pk.,Netto,https://static.tilbudsugen.dk/1st-retail/2026/11/64774/Netto102026-1_3_23x3588_2542x6894_zoom.jpg,2026-03-07,2026-03-13,https://res.cloudinary.com/dfqzmnlga/image/upload/v1772854802/2026-03-07/10995171.jpg
10995302,32.00,Castello,Specialost,Havarti Aged,1,0,pk.,Netto,https://static.tilbudsugen.dk/1st-retail/2026/11/64774/Netto102026-1_16_24x2805_3380x4855_zoom.jpg,2026-03-07,2026-03-13,https://res.cloudinary.com/dfqzmnlga/image/upload/v1772854803/2026-03-07/10995302.jpg
10995300,32.00,Castello,Specialost,Cheddar Mature,1,0,pk.,Netto,https://static.tilbudsugen.dk/1st-retail/2026/11/64774/Netto102026-1_16_24x2805_3380x4855_zoom.jpg,2026-03-07,2026-03-13,https://res.cloudinary.com/dfqzmnlga/image/upload/v1772854803/2026-03-07/10995300.jpg
10995297,32.00,Castello,Specialost,Gouda Aged,1,0,pk.,Netto,https://static.tilbudsugen.dk/1st-retail/2026/11/64774/Netto102026-1_16_24x2805_3380x4855_zoom.jpg,2026-03-07,2026-03-13,https://res.cloudinary.com/dfqzmnlga/image/upload/v1772854804/2026-03-07/10995297.jpg
10995301,32.00,Castello,Specialost,Cheddar Extra Mature,1,0,pk.,Netto,https://static.tilbudsugen.dk/1st-retail/2026/11/64774/Netto102026-1_16_24x2805_3380x4855_zoom.jpg,2026-03-07,2026-03-13,https://res.cloudinary.com/dfqzmnlga/image/upload/v1772854805/2026-03-07/10995301.jpg
10970431,8.00,,Garn,Garn,1,0,stk.,Netto,https://static.tilbudsugen.dk/1st-retail/2026/9/64663/Netto82026-1_38_189x228_2782x3584_zoom.jpg,2026-02-21,2026-03-27,https://res.cloudinary.com/dfqzmnlga/image/upload/v1772854805/2026-03-07/10970431.jpg
10995467,10.00,Carletti,Slik,P-Tærter Original,1,0,ps.,Netto,https://static.tilbudsugen.dk/1st-retail/2026/11/64774/Netto102026-1_23_39x2798_1661x4872_zoom.jpg,2026-03-07,2026-03-13,https://res.cloudinary.com/dfqzmnlga/image/upload/v1772854806/2026-03-07/10995467.jpg
10995468,10.00,Carletti,Slik,P-tærter Karamel,1,0,ps.,Netto,https://static.tilbudsugen.dk/1st-retail/2026/11/64774/Netto102026-1_23_39x2798_1661x4872_zoom.jpg,2026-03-07,2026-03-13,https://res.cloudinary.com/dfqzmnlga/image/upload/v1772854806/2026-03-07/10995468.jpg
10995469,10.00,Carletti,Slik,Skumbananer,1,0,ps.,Netto,https://static.tilbudsugen.dk/1st-retail/2026/11/64774/Netto102026-1_23_39x2798_1661x4872_zoom.jpg,2026-03-07,2026-03-13,https://res.cloudinary.com/dfqzmnlga/image/upload/v1772854807/2026-03-07/10995469.jpg
10995470,10.00,Carletti,Slik,Brazil,1,0,ps.,Netto,https://static.tilbudsugen.dk/1st-retail/2026/11/64774/Netto102026-1_23_39x2798_1661x4872_zoom.jpg,2026-03-07,2026-03-13,https://res.cloudinary.com/dfqzmnlga/image/upload/v1772854807/2026-03-07/10995470.jpg
10995169,12.00,Den Grønne Slagter,"Pålæg, skiveskåret",Rullepølse med Løg & Krydderier,1,0,pk.,Netto,https://static.tilbudsugen.dk/1st-retail/2026/11/64774/Netto102026-1_3_23x3588_2542x6894_zoom.jpg,2026-03-07,2026-03-13,https://res.cloudinary.com/dfqzmnlga/image/upload/v1772854808/2026-03-07/10995169.jpg
10995346,35.00,Launis,Rejer og andre skaldyr,Rejer,1,0,bg.,Netto,https://static.tilbudsugen.dk/1st-retail/2026/11/64774/Netto102026-1_18_30x4879_2511x6857_zoom.jpg,2026-03-07,2026-03-31,https://res.cloudinary.com/dfqzmnlga/image/upload/v1772854809/2026-03-07/10995346.jpg
10995339,35.00,,Røget og gravad,Laks i skiver,1,0,pk.,Netto,https://static.tilbudsugen.dk/1st-retail/2026/11/64774/Netto102026-1_18_30x4879_2511x6857_zoom.jpg,2026-03-07,2026-03-31,https://res.cloudinary.com/dfqzmnlga/image/upload/v1772854809/2026-03-07/10995339.jpg
10995344,35.00,,Røget og gravad,Laks,1,0,bk.,Netto,https://static.tilbudsugen.dk/1st-retail/2026/11/64774/Netto102026-1_18_30x4879_2511x6857_zoom.jpg,2026-03-07,2026-03-31,https://res.cloudinary.com/dfqzmnlga/image/upload/v1772854810/2026-03-07/10995344.jpg
10995273,59.00,Velsmag,Fersk fisk,Laksefilet,1,0,pk.,Netto,https://static.tilbudsugen.dk/1st-retail/2026/11/64774/Netto102026-1_14_3212x2637_4914x4735_zoom.jpg,2026-03-07,2026-03-13,https://res.cloudinary.com/dfqzmnlga/image/upload/v1772854810/2026-03-07/10995273.jpg
10995262,199.00,Velsmag,Oksekød,Oksemørbrad,1,1,bk.,Netto,https://static.tilbudsugen.dk/1st-retail/2026/11/64774/Netto102026-1_14_2553x641_4920x2511_zoom.jpg,2026-03-07,2026-03-13,https://res.cloudinary.com/dfqzmnlga/image/upload/v1772854811/2026-03-07/10995262.jpg
10995280,15.00,Family,Håndcreme,Håndcreme,1,0,stk.,Netto,https://static.tilbudsugen.dk/1st-retail/2026/11/64774/Netto102026-1_8_47x148_2503x3564_zoom.jpg,2026-03-07,2026-03-13,https://res.cloudinary.com/dfqzmnlga/image/upload/v1772854811/2026-03-07/10995280.jpg
10970432,10.00,,Garn,Garn,1,0,stk.,Netto,https://static.tilbudsugen.dk/1st-retail/2026/9/64663/Netto82026-1_39_2600x4490_4939x6628_zoom.jpg,2026-02-21,2026-03-27,https://res.cloudinary.com/dfqzmnlga/image/upload/v1772854812/2026-03-07/10970432.jpg
10995156,10.00,La Campagna,"Pålæg, skiveskåret",Salami Milano Salame,1,0,pk.,Netto,https://static.tilbudsugen.dk/1st-retail/2026/11/64774/Netto102026-1_3_63x384_2440x3611_zoom.jpg,2026-03-07,2026-03-13,https://res.cloudinary.com/dfqzmnlga/image/upload/v1772854813/2026-03-07/10995156.jpg
10995162,10.00,La Campagna,"Pålæg, skiveskåret",Jamon Serrano,1,0,pk.,Netto,https://static.tilbudsugen.dk/1st-retail/2026/11/64774/Netto102026-1_3_63x384_2440x3611_zoom.jpg,2026-03-07,2026-03-13,https://res.cloudinary.com/dfqzmnlga/image/upload/v1772854813/2026-03-07/10995162.jpg
10995163,10.00,La Campagna,"Pålæg, skiveskåret",Chorizo,1,0,pk.,Netto,https://static.tilbudsugen.dk/1st-retail/2026/11/64774/Netto102026-1_3_63x384_2440x3611_zoom.jpg,2026-03-07,2026-03-13,https://res.cloudinary.com/dfqzmnlga/image/upload/v1772854814/2026-03-07/10995163.jpg
10995166,10.00,La Campagna,"Pålæg, skiveskåret",Skinke,1,0,pk.,Netto,https://static.tilbudsugen.dk/1st-retail/2026/11/64774/Netto102026-1_3_63x384_2440x3611_zoom.jpg,2026-03-07,2026-03-13,https://res.cloudinary.com/dfqzmnlga/image/upload/v1772854815/2026-03-07/10995166.jpg
10995159,10.00,La Campagna,"Pålæg, skiveskåret",Lufttørret Skinke,1,0,pk.,Netto,https://static.tilbudsugen.dk/1st-retail/2026/11/64774/Netto102026-1_3_63x384_2440x3611_zoom.jpg,2026-03-07,2026-03-13,https://res.cloudinary.com/dfqzmnlga/image/upload/v1772854815/2026-03-07/10995159.jpg
10995158,10.00,La Campagna,"Pålæg, skiveskåret",Mortadella,1,0,pk.,Netto,https://static.tilbudsugen.dk/1st-retail/2026/11/64774/Netto102026-1_3_63x384_2440x3611_zoom.jpg,2026-03-07,2026-03-13,https://res.cloudinary.com/dfqzmnlga/image/upload/v1772854816/2026-03-07/10995158.jpg
10995157,10.00,La Campagna,"Pålæg, skiveskåret",Salami Spicy Ventricina,1,0,pk.,Netto,https://static.tilbudsugen.dk/1st-retail/2026/11/64774/Netto102026-1_3_63x384_2440x3611_zoom.jpg,2026-03-07,2026-03-13,https://res.cloudinary.com/dfqzmnlga/image/upload/v1772854816/2026-03-07/10995157.jpg
10995161,10.00,La Campagna,Pålægspølser,Fuet,1,0,pk.,Netto,https://static.tilbudsugen.dk/1st-retail/2026/11/64774/Netto102026-1_3_63x384_2440x3611_zoom.jpg,2026-03-07,2026-03-13,https://res.cloudinary.com/dfqzmnlga/image/upload/v1772854817/2026-03-07/10995161.jpg
10995281,75.00,ØGO,Oksekød,Oksebøffer,1,0,bk.,Netto,https://static.tilbudsugen.dk/1st-retail/2026/11/64774/Netto102026-1_9_1968x4186_4903x6886_zoom.jpg,2026-03-07,2026-03-13,https://res.cloudinary.com/dfqzmnlga/image/upload/v1772854817/2026-03-07/10995281.jpg
10995335,55.00,Premieur,Røget og gravad,Laks i skiver,1,0,pk.,Netto,https://static.tilbudsugen.dk/1st-retail/2026/11/64774/Netto102026-1_18_2541x4861_4998x6809_zoom.jpg,2026-03-07,2026-03-13,https://res.cloudinary.com/dfqzmnlga/image/upload/v1772854818/2026-03-07/10995335.jpg
10995473,49.00,Mini Favoritter,Chokolade,Dessertchokolade,1,0,æsk.,Netto,https://static.tilbudsugen.dk/1st-retail/2026/11/64774/Netto102026-1_23_1661x4919_3399x6822_zoom.jpg,2026-03-07,2026-03-13,https://res.cloudinary.com/dfqzmnlga/image/upload/v1772854818/2026-03-07/10995473.jpg
10970425,25.00,,Garn,Garn,1,0,stk.,Netto,https://static.tilbudsugen.dk/1st-retail/2026/9/64663/Netto82026-1_37_235x4744_2470x6543_zoom.jpg,2026-02-21,2026-03-27,https://res.cloudinary.com/dfqzmnlga/image/upload/v1772854819/2026-03-07/10970425.jpg
10995355,35.00,Koko,Dessert Dybfrost,Banana Bites,1,0,pk.,Netto,https://static.tilbudsugen.dk/1st-retail/2026/11/64774/Netto102026-1_21_1622x4872_3275x6861_zoom.jpg,2026-03-07,2026-03-13,https://res.cloudinary.com/dfqzmnlga/image/upload/v1772854820/2026-03-07/10995355.jpg
10995366,35.00,Koko,Dessert Dybfrost,Strawberry Bites,1,0,pk.,Netto,https://static.tilbudsugen.dk/1st-retail/2026/11/64774/Netto102026-1_21_1622x4872_3275x6861_zoom.jpg,2026-03-07,2026-03-13,https://res.cloudinary.com/dfqzmnlga/image/upload/v1772854821/2026-03-07/10995366.jpg
10995582,14.00,Sanex Men,Deodorant,Deo Roll-on,1,0,stk.,Netto,https://static.tilbudsugen.dk/1st-retail/2026/11/64774/Netto102026-1_26_203x1246_2589x2821_zoom.jpg,2026-03-07,2026-03-13,https://res.cloudinary.com/dfqzmnlga/image/upload/v1772854821/2026-03-07/10995582.jpg
10995579,14.00,Sanex,Deodorant,Deo Roll-on,1,0,stk.,Netto,https://static.tilbudsugen.dk/1st-retail/2026/11/64774/Netto102026-1_26_203x1246_2589x2821_zoom.jpg,2026-03-07,2026-03-13,https://res.cloudinary.com/dfqzmnlga/image/upload/v1772854822/2026-03-07/10995579.jpg
10970426,59.00,,Garn,Garn,1,0,stk.,Netto,https://static.tilbudsugen.dk/1st-retail/2026/9/64663/Netto82026-1_37_39x2379_2203x4751_zoom.jpg,2026-02-21,2026-03-27,https://res.cloudinary.com/dfqzmnlga/image/upload/v1772854822/2026-03-07/10970426.jpg
10995256,15.00,Family,Deodorant,Deo Roll-on,1,0,stk.,Netto,https://static.tilbudsugen.dk/1st-retail/2026/11/64774/Netto102026-1_8_47x148_2503x3564_zoom.jpg,2026-03-07,2026-03-13,https://res.cloudinary.com/dfqzmnlga/image/upload/v1772854823/2026-03-07/10995256.jpg
10995382,30.00,,Garn,Garn,1,0,stk.,Netto,https://static.tilbudsugen.dk/1st-retail/2026/11/64774/Netto102026-1_31_294x3632_2799x6599_zoom.jpg,2026-03-07,2026-03-13,https://res.cloudinary.com/dfqzmnlga/image/upload/v1772854823/2026-03-07/10995382.jpg
10970442,30.00,,Garn,Garn,1,0,stk.,Netto,https://static.tilbudsugen.dk/1st-retail/2026/9/64663/Netto82026-1_39_7x20_4359x3578_zoom.jpg,2026-02-21,2026-03-27,https://res.cloudinary.com/dfqzmnlga/image/upload/v1772854824/2026-03-07/10970442.jpg
10995426,20.00,Trope,Tørret Frugt,Mango,1,0,ps.,Netto,https://static.tilbudsugen.dk/1st-retail/2026/11/64774/Netto102026-1_22_93x4911_2690x6791_zoom.jpg,2026-03-07,2026-03-13,https://res.cloudinary.com/dfqzmnlga/image/upload/v1772854824/2026-03-07/10995426.jpg
10995427,20.00,Løgismose,Tørret Frugt,Kokos,1,0,ps.,Netto,https://static.tilbudsugen.dk/1st-retail/2026/11/64774/Netto102026-1_22_93x4911_2690x6791_zoom.jpg,2026-03-07,2026-03-13,https://res.cloudinary.com/dfqzmnlga/image/upload/v1772854825/2026-03-07/10995427.jpg
10995424,20.00,Trope,Tørret Frugt,Ananas,1,0,ps.,Netto,https://static.tilbudsugen.dk/1st-retail/2026/11/64774/Netto102026-1_22_93x4911_2690x6791_zoom.jpg,2026-03-07,2026-03-13,https://res.cloudinary.com/dfqzmnlga/image/upload/v1772854825/2026-03-07/10995424.jpg
10970427,35.00,,Garn,Garn,1,0,stk.,Netto,https://static.tilbudsugen.dk/1st-retail/2026/9/64663/Netto82026-1_38_2795x98_4998x2959_zoom.jpg,2026-02-21,2026-03-27,https://res.cloudinary.com/dfqzmnlga/image/upload/v1772854826/2026-03-07/10970427.jpg
10995331,35.00,Bådsmand,Røget og gravad,Laks i skiver,1,0,pk.,Netto,https://static.tilbudsugen.dk/1st-retail/2026/11/64774/Netto102026-1_18_2481x2853_4902x4771_zoom.jpg,2026-03-07,2026-03-13,https://res.cloudinary.com/dfqzmnlga/image/upload/v1772854827/2026-03-07/10995331.jpg
10970456,20.00,,Garn,Garn,1,0,stk.,Netto,https://static.tilbudsugen.dk/1st-retail/2026/9/64663/Netto82026-1_40_0x3415_2502x6602_zoom.jpg,2026-02-21,2026-03-27,https://res.cloudinary.com/dfqzmnlga/image/upload/v1772854827/2026-03-07/10970456.jpg
10995410,12.00,Santa Maria,Mexicansk,Spice mix for Chicken Taco,1,0,ps.,Netto,https://static.tilbudsugen.dk/1st-retail/2026/11/64774/Netto102026-1_22_3306x146_4889x2884_zoom.jpg,2026-03-07,2026-03-13,https://res.cloudinary.com/dfqzmnlga/image/upload/v1772854827/2026-03-07/10995410.jpg
10995381,25.00,,Garn,Garn,1,0,stk.,Netto,https://static.tilbudsugen.dk/1st-retail/2026/11/64774/Netto102026-1_31_2895x5256_4998x6665_zoom.jpg,2026-03-07,2026-03-13,https://res.cloudinary.com/dfqzmnlga/image/upload/v1772854828/2026-03-07/10995381.jpg
10970434,25.00,,Garn,Garn,1,0,stk.,Netto,https://static.tilbudsugen.dk/1st-retail/2026/9/64663/Netto82026-1_39_143x4503_2561x6595_zoom.jpg,2026-02-21,2026-03-27,https://res.cloudinary.com/dfqzmnlga/image/upload/v1772854828/2026-03-07/10970434.jpg
10970429,30.00,,Garn,Garn,1,0,stk.,Netto,https://static.tilbudsugen.dk/1st-retail/2026/9/64663/Netto82026-1_38_2333x2991_4803x6530_zoom.jpg,2026-02-21,2026-03-27,https://res.cloudinary.com/dfqzmnlga/image/upload/v1772854829/2026-03-07/10970429.jpg
10970458,30.00,,Garn,Garn,1,0,stk.,Netto,https://static.tilbudsugen.dk/1st-retail/2026/9/64663/Netto82026-1_40_2691x137_4887x3421_zoom.jpg,2026-02-21,2026-03-27,https://res.cloudinary.com/dfqzmnlga/image/upload/v1772854829/2026-03-07/10970458.jpg
10970457,69.00,,Garn,Garn,1,0,stk.,Netto,https://static.tilbudsugen.dk/1st-retail/2026/9/64663/Netto82026-1_40_215x267_2698x3434_zoom.jpg,2026-02-21,2026-03-27,https://res.cloudinary.com/dfqzmnlga/image/upload/v1772854830/2026-03-07/10970457.jpg
10970459,30.00,,Garn,Strikketilbehør,1,0,stk.,Netto,https://static.tilbudsugen.dk/1st-retail/2026/9/64663/Netto82026-1_40_2470x3441_4750x6530_zoom.jpg,2026-02-21,2026-03-27,https://res.cloudinary.com/dfqzmnlga/image/upload/v1772854830/2026-03-07/10970459.jpg
10995428,10.00,,Papir,Bordpynt,1,0,ps.,Netto,https://static.tilbudsugen.dk/1st-retail/2026/11/64774/Netto102026-1_34_192x174_4770x2505_zoom.jpg,2026-03-07,2026-03-13,https://res.cloudinary.com/dfqzmnlga/image/upload/v1772854831/2026-03-07/10995428.jpg
10995432,10.00,,"Lister, bordplader og hylder",Bordplade,1,0,stk.,Netto,https://static.tilbudsugen.dk/1st-retail/2026/11/64774/Netto102026-1_34_252x4669_1696x6791_zoom.jpg,2026-03-07,2026-03-13,https://res.cloudinary.com/dfqzmnlga/image/upload/v1772854831/2026-03-07/10995432.jpg
10995450,30.00,,Køkkenartikler,Æggeur,1,0,stk.,Netto,https://static.tilbudsugen.dk/1st-retail/2026/11/64774/Netto102026-1_35_252x258_4638x1864_zoom.jpg,2026-03-07,2026-03-13,https://res.cloudinary.com/dfqzmnlga/image/upload/v1772854832/2026-03-07/10995450.jpg
10995463,40.00,,Køkkenartikler,Drikkedunk,1,0,stk.,Netto,https://static.tilbudsugen.dk/1st-retail/2026/11/64774/Netto102026-1_35_3302x3446_4800x5130_zoom.jpg,2026-03-07,2026-03-13,https://res.cloudinary.com/dfqzmnlga/image/upload/v1772854832/2026-03-07/10995463.jpg
10995476,199.00,,Køkkenmaskiner,Paninigrill,1,0,stk.,Netto,https://static.tilbudsugen.dk/1st-retail/2026/11/64774/Netto102026-1_35_1756x5214_3230x6749_zoom.jpg,2026-03-07,2026-03-13,https://res.cloudinary.com/dfqzmnlga/image/upload/v1772854833/2026-03-07/10995476.jpg
10995359,50.00,,PC tilbehør,Computerholder,1,0,stk.,Netto,https://static.tilbudsugen.dk/1st-retail/2026/11/64774/Netto102026-1_28_90x5418_2547x6839_zoom.jpg,2026-03-07,2026-03-13,https://res.cloudinary.com/dfqzmnlga/image/upload/v1772854833/2026-03-07/10995359.jpg
10995394,20.00,,Partyartikler,Lamettagardin,1,0,stk.,Netto,https://static.tilbudsugen.dk/1st-retail/2026/11/64774/Netto102026-1_33_228x4705_1684x6779_zoom.jpg,2026-03-07,2026-03-13,https://res.cloudinary.com/dfqzmnlga/image/upload/v1772854834/2026-03-07/10995394.jpg
10995396,12.00,,Partyartikler,Folieballon,1,0,stk.,Netto,https://static.tilbudsugen.dk/1st-retail/2026/11/64774/Netto102026-1_33_324x354_4626x4585_zoom.jpg,2026-03-07,2026-03-13,https://res.cloudinary.com/dfqzmnlga/image/upload/v1772854834/2026-03-07/10995396.jpg
10995584,149.00,,Boligartikler,Spejl,1,0,stk.,Netto,https://static.tilbudsugen.dk/1st-retail/2026/11/64774/Netto102026-1_27_2051x466_3509x2283_zoom.jpg,2026-03-07,2026-03-13,https://res.cloudinary.com/dfqzmnlga/image/upload/v1772854835/2026-03-07/10995584.jpg
10995587,99.00,,Boligtekstiler,Plaid,1,0,stk.,Netto,https://static.tilbudsugen.dk/1st-retail/2026/11/64774/Netto102026-1_27_2027x2751_4865x6853_zoom.jpg,2026-03-07,2026-03-13,https://res.cloudinary.com/dfqzmnlga/image/upload/v1772854836/2026-03-07/10995587.jpg
10995590,49.00,,Boligtekstiler,Puder,1,0,stk.,Netto,https://static.tilbudsugen.dk/1st-retail/2026/11/64774/Netto102026-1_27_1684x599_4709x3780_zoom.jpg,2026-03-07,2026-03-13,https://res.cloudinary.com/dfqzmnlga/image/upload/v1772854837/2026-03-07/10995590.jpg
10995595,69.00,,Boligartikler,Kurv,1,0,stk.,Netto,https://static.tilbudsugen.dk/1st-retail/2026/11/64774/Netto102026-1_27_351x4911_3251x6713_zoom.jpg,2026-03-07,2026-03-13,https://res.cloudinary.com/dfqzmnlga/image/upload/v1772854837/2026-03-07/10995595.jpg
10995423,69.00,,Boligtekstiler,Duge,1,0,stk.,Netto,https://static.tilbudsugen.dk/1st-retail/2026/11/64774/Netto102026-1_34_192x174_4770x2505_zoom.jpg,2026-03-07,2026-03-13,https://res.cloudinary.com/dfqzmnlga/image/upload/v1772854838/2026-03-07/10995423.jpg
10995425,25.00,,Boligtekstiler,Bordløber,1,0,stk.,Netto,https://static.tilbudsugen.dk/1st-retail/2026/11/64774/Netto102026-1_34_192x174_4770x2505_zoom.jpg,2026-03-07,2026-03-13,https://res.cloudinary.com/dfqzmnlga/image/upload/v1772854839/2026-03-07/10995425.jpg
10995474,40.00,,Køkkenartikler,Opbevaringsboks,1,0,stk.,Netto,https://static.tilbudsugen.dk/1st-retail/2026/11/64774/Netto102026-1_35_1816x3542_3218x5059_zoom.jpg,2026-03-07,2026-03-13,https://res.cloudinary.com/dfqzmnlga/image/upload/v1772854839/2026-03-07/10995474.jpg
10995496,30.00,,Boligtekstiler,Dørmåtte,1,0,stk.,Netto,https://static.tilbudsugen.dk/1st-retail/2026/11/64774/Netto102026-1_36_258x4717_4716x6761_zoom.jpg,2026-03-07,2026-03-13,https://res.cloudinary.com/dfqzmnlga/image/upload/v1772854840/2026-03-07/10995496.jpg
10995365,50.00,,Påske,Påskepynt,1,0,stk.,Netto,https://static.tilbudsugen.dk/1st-retail/2026/11/64774/Netto102026-1_29_3116x1402_4764x2907_zoom.jpg,2026-03-07,2026-03-13,https://res.cloudinary.com/dfqzmnlga/image/upload/v1772854840/2026-03-07/10995365.jpg
10995368,20.00,,Påske,Påskeæg,1,0,stk.,Netto,https://static.tilbudsugen.dk/1st-retail/2026/11/64774/Netto102026-1_29_192x228_3068x2889_zoom.jpg,2026-03-07,2026-03-13,https://res.cloudinary.com/dfqzmnlga/image/upload/v1772854841/2026-03-07/10995368.jpg
10995374,30.00,,Påske,Papæg,1,0,stk.,Netto,https://static.tilbudsugen.dk/1st-retail/2026/11/64774/Netto102026-1_29_2229x2919_4680x6521_zoom.jpg,2026-03-07,2026-03-13,https://res.cloudinary.com/dfqzmnlga/image/upload/v1772854841/2026-03-07/10995374.jpg
10995393,10.00,,Hobbyartikler,Klistermærker,1,0,stk.,Netto,https://static.tilbudsugen.dk/1st-retail/2026/11/64774/Netto102026-1_33_3242x4645_4740x6755_zoom.jpg,2026-03-07,2026-03-13,https://res.cloudinary.com/dfqzmnlga/image/upload/v1772854842/2026-03-07/10995393.jpg
10995395,20.00,,Partyartikler,Guirlande,1,0,pk.,Netto,https://static.tilbudsugen.dk/1st-retail/2026/11/64774/Netto102026-1_33_324x354_4626x4585_zoom.jpg,2026-03-07,2026-03-13,https://res.cloudinary.com/dfqzmnlga/image/upload/v1772854842/2026-03-07/10995395.jpg
10970436,60.00,,Diverse bøger,Hobbybøger,1,0,stk.,Netto,https://static.tilbudsugen.dk/1st-retail/2026/9/64663/Netto82026-1_39_2880x808_4952x4484_zoom.jpg,2026-02-21,2026-03-27,https://res.cloudinary.com/dfqzmnlga/image/upload/v1772854842/2026-03-07/10970436.jpg
10995360,40.00,,Mobiltelefon tilbehør,Cover,1,0,stk.,Netto,https://static.tilbudsugen.dk/1st-retail/2026/11/64774/Netto102026-1_28_2415x2409_4950x4225_zoom.jpg,2026-03-07,2026-03-13,https://res.cloudinary.com/dfqzmnlga/image/upload/v1772854843/2026-03-07/10995360.jpg
10995364,169.00,,Diverse møbler,Puf,1,0,stk.,Netto,https://static.tilbudsugen.dk/1st-retail/2026/11/64774/Netto102026-1_28_2181x12_4968x2403_zoom.jpg,2026-03-07,2026-03-13,https://res.cloudinary.com/dfqzmnlga/image/upload/v1772854843/2026-03-07/10995364.jpg
10995370,30.00,,Påske,Påskeæg,1,0,stk.,Netto,https://static.tilbudsugen.dk/1st-retail/2026/11/64774/Netto102026-1_29_216x4765_2169x6587_zoom.jpg,2026-03-07,2026-03-13,https://res.cloudinary.com/dfqzmnlga/image/upload/v1772854844/2026-03-07/10995370.jpg
10995373,20.00,,Påske,Papæg,1,0,stk.,Netto,https://static.tilbudsugen.dk/1st-retail/2026/11/64774/Netto102026-1_29_2229x2919_4680x6521_zoom.jpg,2026-03-07,2026-03-13,https://res.cloudinary.com/dfqzmnlga/image/upload/v1772854844/2026-03-07/10995373.jpg
10995376,99.00,,Boligtekstiler,Duge,1,0,stk.,Netto,https://static.tilbudsugen.dk/1st-retail/2026/11/64774/Netto102026-1_30_3218x2343_4866x4759_zoom.jpg,2026-03-07,2026-03-13,https://res.cloudinary.com/dfqzmnlga/image/upload/v1772854845/2026-03-07/10995376.jpg
10995392,10.00,,Papir,Kort,1,0,pk.,Netto,https://static.tilbudsugen.dk/1st-retail/2026/11/64774/Netto102026-1_33_3242x4645_4740x6755_zoom.jpg,2026-03-07,2026-03-13,https://res.cloudinary.com/dfqzmnlga/image/upload/v1772854845/2026-03-07/10995392.jpg
10995399,199.00,,Partyartikler,Bordstativ,1,0,stk.,Netto,https://static.tilbudsugen.dk/1st-retail/2026/11/64774/Netto102026-1_33_324x354_4626x4585_zoom.jpg,2026-03-07,2026-03-13,https://res.cloudinary.com/dfqzmnlga/image/upload/v1772854846/2026-03-07/10995399.jpg
10995583,49.00,,Boligartikler,Kurv,1,0,stk.,Netto,https://static.tilbudsugen.dk/1st-retail/2026/11/64774/Netto102026-1_27_351x4911_3251x6713_zoom.jpg,2026-03-07,2026-03-13,https://res.cloudinary.com/dfqzmnlga/image/upload/v1772854847/2026-03-07/10995583.jpg
10995586,149.00,,"Potter, skjulere m.m.",Urtepotteskjuler,1,0,stk.,Netto,https://static.tilbudsugen.dk/1st-retail/2026/11/64774/Netto102026-1_27_234x1098_1988x3843_zoom.jpg,2026-03-07,2026-03-13,https://res.cloudinary.com/dfqzmnlga/image/upload/v1772854848/2026-03-07/10995586.jpg
10995588,59.00,,Boligtekstiler,Puder,1,0,stk.,Netto,https://static.tilbudsugen.dk/1st-retail/2026/11/64774/Netto102026-1_27_1684x599_4709x3780_zoom.jpg,2026-03-07,2026-03-13,https://res.cloudinary.com/dfqzmnlga/image/upload/v1772854849/2026-03-07/10995588.jpg
10995472,35.00,,Køkkenartikler,Opbevaringsboks,1,0,stk.,Netto,https://static.tilbudsugen.dk/1st-retail/2026/11/64774/Netto102026-1_35_1816x3542_3218x5059_zoom.jpg,2026-03-07,2026-03-13,https://res.cloudinary.com/dfqzmnlga/image/upload/v1772854849/2026-03-07/10995472.jpg
10995492,30.00,,Toiletartikler,Makeuptaske,1,0,stk.,Netto,https://static.tilbudsugen.dk/1st-retail/2026/11/64774/Netto102026-1_36_2493x348_4662x2385_zoom.jpg,2026-03-07,2026-03-13,https://res.cloudinary.com/dfqzmnlga/image/upload/v1772854850/2026-03-07/10995492.jpg
10995493,40.00,,Dametøj,Top,1,0,stk.,Netto,https://static.tilbudsugen.dk/1st-retail/2026/11/64774/Netto102026-1_36_2481x2457_4740x4627_zoom.jpg,2026-03-07,2026-03-13,https://res.cloudinary.com/dfqzmnlga/image/upload/v1772854850/2026-03-07/10995493.jpg
10995494,30.00,,Lingeri,BH,1,0,stk.,Netto,https://static.tilbudsugen.dk/1st-retail/2026/11/64774/Netto102026-1_36_234x2457_2451x4645_zoom.jpg,2026-03-07,2026-03-13,https://res.cloudinary.com/dfqzmnlga/image/upload/v1772854851/2026-03-07/10995494.jpg
10995215,7.97,,Opvask,Opvaskebørste,1,0,stk.,Netto,https://static.tilbudsugen.dk/1st-retail/2026/11/64774/Netto102026-1_11_3146x384_4878x4106_zoom.jpg,2026-03-07,2026-03-13,https://res.cloudinary.com/dfqzmnlga/image/upload/v1772854851/2026-03-07/10995215.jpg
10970430,35.00,,Service,Krus,1,0,stk.,Netto,https://static.tilbudsugen.dk/1st-retail/2026/9/64663/Netto82026-1_38_65x3643_2339x6602_zoom.jpg,2026-02-21,2026-03-27,https://res.cloudinary.com/dfqzmnlga/image/upload/v1772854852/2026-03-07/10970430.jpg
10995452,79.00,,Køkkenredskaber,Termokande,1,0,stk.,Netto,https://static.tilbudsugen.dk/1st-retail/2026/11/64774/Netto102026-1_35_210x1894_1720x3440_zoom.jpg,2026-03-07,2026-03-13,https://res.cloudinary.com/dfqzmnlga/image/upload/v1772854852/2026-03-07/10995452.jpg
10995453,59.00,,Service,Kande,1,0,stk.,Netto,https://static.tilbudsugen.dk/1st-retail/2026/11/64774/Netto102026-1_35_1804x1930_3188x3464_zoom.jpg,2026-03-07,2026-03-13,https://res.cloudinary.com/dfqzmnlga/image/upload/v1772854852/2026-03-07/10995453.jpg
10995454,59.00,,Køkkenredskaber,Salt og peber-sæt,1,0,stk.,Netto,https://static.tilbudsugen.dk/1st-retail/2026/11/64774/Netto102026-1_35_3320x1888_4650x3476_zoom.jpg,2026-03-07,2026-03-13,https://res.cloudinary.com/dfqzmnlga/image/upload/v1772854853/2026-03-07/10995454.jpg
10995466,99.00,,Køkkenmaskiner,Brødrister,1,0,stk.,Netto,https://static.tilbudsugen.dk/1st-retail/2026/11/64774/Netto102026-1_35_3278x5196_4728x6767_zoom.jpg,2026-03-07,2026-03-13,https://res.cloudinary.com/dfqzmnlga/image/upload/v1772854854/2026-03-07/10995466.jpg
10995478,25.00,,Køkkenartikler,Opbevaringsglas,1,0,stk.,Netto,https://static.tilbudsugen.dk/1st-retail/2026/11/64774/Netto102026-1_35_294x3572_1708x5100_zoom.jpg,2026-03-07,2026-03-13,https://res.cloudinary.com/dfqzmnlga/image/upload/v1772854854/2026-03-07/10995478.jpg
10995479,30.00,,Køkkenartikler,Opbevaringsglas,1,0,stk.,Netto,https://static.tilbudsugen.dk/1st-retail/2026/11/64774/Netto102026-1_35_294x3572_1708x5100_zoom.jpg,2026-03-07,2026-03-13,https://res.cloudinary.com/dfqzmnlga/image/upload/v1772854855/2026-03-07/10995479.jpg
10995497,49.00,,Boligtekstiler,Dørmåtte,1,0,stk.,Netto,https://static.tilbudsugen.dk/1st-retail/2026/11/64774/Netto102026-1_36_258x4717_4716x6761_zoom.jpg,2026-03-07,2026-03-13,https://res.cloudinary.com/dfqzmnlga/image/upload/v1772854855/2026-03-07/10995497.jpg
10995358,50.00,,PC tilbehør,Computertaske,1,0,stk.,Netto,https://static.tilbudsugen.dk/1st-retail/2026/11/64774/Netto102026-1_28_2577x4225_4998x6803_zoom.jpg,2026-03-07,2026-03-13,https://res.cloudinary.com/dfqzmnlga/image/upload/v1772854856/2026-03-07/10995358.jpg
10995362,59.00,,Boligartikler,Spejl,1,0,stk.,Netto,https://static.tilbudsugen.dk/1st-retail/2026/11/64774/Netto102026-1_28_60x126_2199x1816_zoom.jpg,2026-03-07,2026-03-13,https://res.cloudinary.com/dfqzmnlga/image/upload/v1772854856/2026-03-07/10995362.jpg
10995363,40.00,,Pyntegenstande,Pyntegenstande,1,0,stk.,Netto,https://static.tilbudsugen.dk/1st-retail/2026/11/64774/Netto102026-1_28_833x1193_3038x2302_zoom.jpg,2026-03-07,2026-03-13,https://res.cloudinary.com/dfqzmnlga/image/upload/v1772854857/2026-03-07/10995363.jpg
10995377,10.00,,Bloklys,Bloklys,1,0,stk.,Netto,https://static.tilbudsugen.dk/1st-retail/2026/11/64774/Netto102026-1_30_2924x4837_4740x6575_zoom.jpg,2026-03-07,2026-03-13,https://res.cloudinary.com/dfqzmnlga/image/upload/v1772854857/2026-03-07/10995377.jpg
10995378,10.00,,Stearinlys,Stearinlys,1,0,stk.,Netto,https://static.tilbudsugen.dk/1st-retail/2026/11/64774/Netto102026-1_30_1708x4873_2913x6587_zoom.jpg,2026-03-07,2026-03-13,https://res.cloudinary.com/dfqzmnlga/image/upload/v1772854858/2026-03-07/10995378.jpg
10995384,40.00,,Hobbyartikler,Hobbyartikler,1,0,stk.,Netto,https://static.tilbudsugen.dk/1st-retail/2026/11/64774/Netto102026-1_31_90x6_4986x3482_zoom.jpg,2026-03-07,2026-03-13,https://res.cloudinary.com/dfqzmnlga/image/upload/v1772854859/2026-03-07/10995384.jpg
10995386,25.00,,Påske,Påskepynt,1,0,stk.,Netto,https://static.tilbudsugen.dk/1st-retail/2026/11/64774/Netto102026-1_32_222x1834_1744x3566_zoom.jpg,2026-03-07,2026-03-13,https://res.cloudinary.com/dfqzmnlga/image/upload/v1772854859/2026-03-07/10995386.jpg
10995357,79.00,,Toiletartikler,Makeupspejl,1,0,stk.,Netto,https://static.tilbudsugen.dk/1st-retail/2026/11/64774/Netto102026-1_28_24x3380_2379x5448_zoom.jpg,2026-03-07,2026-03-13,https://res.cloudinary.com/dfqzmnlga/image/upload/v1772854860/2026-03-07/10995357.jpg
10995371,25.00,,Påske,Påskekurv,1,0,stk.,Netto,https://static.tilbudsugen.dk/1st-retail/2026/11/64774/Netto102026-1_29_2229x2919_4680x6521_zoom.jpg,2026-03-07,2026-03-13,https://res.cloudinary.com/dfqzmnlga/image/upload/v1772854861/2026-03-07/10995371.jpg
10995380,39.00,,"Skåle, fade og forme",Skål,1,0,stk.,Netto,https://static.tilbudsugen.dk/1st-retail/2026/11/64774/Netto102026-1_30_294x1133_3212x4807_zoom.jpg,2026-03-07,2026-03-13,https://res.cloudinary.com/dfqzmnlga/image/upload/v1772854861/2026-03-07/10995380.jpg
10995387,69.00,,Påske,Påskepynt,1,0,stk.,Netto,https://static.tilbudsugen.dk/1st-retail/2026/11/64774/Netto102026-1_32_0x3596_2960x6623_zoom.jpg,2026-03-07,2026-03-13,https://res.cloudinary.com/dfqzmnlga/image/upload/v1772854862/2026-03-07/10995387.jpg
10995388,25.00,,Stearinlys,Glaslys,1,0,stk.,Netto,https://static.tilbudsugen.dk/1st-retail/2026/11/64774/Netto102026-1_32_2936x3902_4938x6605_zoom.jpg,2026-03-07,2026-03-13,https://res.cloudinary.com/dfqzmnlga/image/upload/v1772854863/2026-03-07/10995388.jpg
10995389,30.00,,Stearinlys,Glaslys,1,0,stk.,Netto,https://static.tilbudsugen.dk/1st-retail/2026/11/64774/Netto102026-1_32_2936x3902_4938x6605_zoom.jpg,2026-03-07,2026-03-13,https://res.cloudinary.com/dfqzmnlga/image/upload/v1772854863/2026-03-07/10995389.jpg
10995391,50.00,,Hobbyartikler,Gæstebog,1,0,stk.,Netto,https://static.tilbudsugen.dk/1st-retail/2026/11/64774/Netto102026-1_33_1774x4645_3236x6791_zoom.jpg,2026-03-07,2026-03-13,https://res.cloudinary.com/dfqzmnlga/image/upload/v1772854864/2026-03-07/10995391.jpg
10995591,69.00,,Boligtekstiler,Puder,1,0,stk.,Netto,https://static.tilbudsugen.dk/1st-retail/2026/11/64774/Netto102026-1_27_1684x599_4709x3780_zoom.jpg,2026-03-07,2026-03-13,https://res.cloudinary.com/dfqzmnlga/image/upload/v1772854864/2026-03-07/10995591.jpg
10995477,20.00,,Køkkenartikler,Opbevaringsglas,1,0,stk.,Netto,https://static.tilbudsugen.dk/1st-retail/2026/11/64774/Netto102026-1_35_294x3572_1708x5100_zoom.jpg,2026-03-07,2026-03-13,https://res.cloudinary.com/dfqzmnlga/image/upload/v1772854865/2026-03-07/10995477.jpg
10995489,99.00,,Køkkenmaskiner,Elkedel,1,0,stk.,Netto,https://static.tilbudsugen.dk/1st-retail/2026/11/64774/Netto102026-1_35_252x5202_1702x6773_zoom.jpg,2026-03-07,2026-03-13,https://res.cloudinary.com/dfqzmnlga/image/upload/v1772854865/2026-03-07/10995489.jpg
