data_id,price,brand,category,product_name,units,quantity,unit_type,store_name,image_url,start_date,end_date,public_urls
10820866,5.00,Hello Sensitive,Renseprodukter,Renseservietter,1,25,pk.,Netto,https://static.tilbudsugen.dk/1st-retail/2025/47/63973/Netto472025-1_12_56x624_2558x3719_zoom.jpg,2025-11-15,2025-11-21,https://res.cloudinary.com/dfqzmnlga/image/upload/v1763205653/2025-11-15/10820866.jpg
10821142,99.00,Husk,Kosttilskud,Kosttilskud,1,225,bg.,Netto,https://static.tilbudsugen.dk/1st-retail/2025/47/63973/Netto472025-1_26_9x4861_1734x6876_zoom.jpg,2025-11-15,2025-11-21,https://res.cloudinary.com/dfqzmnlga/image/upload/v1763205654/2025-11-15/10821142.jpg
10821139,99.00,Longo Vital,Vitaminer,Vitaminer,1,180,bg.,Netto,https://static.tilbudsugen.dk/1st-retail/2025/47/63973/Netto472025-1_26_9x4861_1734x6876_zoom.jpg,2025-11-15,2025-11-21,https://res.cloudinary.com/dfqzmnlga/image/upload/v1763205654/2025-11-15/10821139.jpg
10821152,20.00,,Stearinlys,Juletræslys,1,20,pk.,Netto,https://static.tilbudsugen.dk/1st-retail/2025/47/63973/Netto472025-1_27_1709x168_3256x2038_zoom.jpg,2025-11-15,2025-11-21,https://res.cloudinary.com/dfqzmnlga/image/upload/v1763205654/2025-11-15/10821152.jpg
10821228,20.00,,Bånd/papir,Gavemærker,1,20,pk.,Netto,https://static.tilbudsugen.dk/1st-retail/2025/47/63973/Netto472025-1_38_2302x4574_4717x6765_zoom.jpg,2025-11-15,2025-11-21,https://res.cloudinary.com/dfqzmnlga/image/upload/v1763205655/2025-11-15/10821228.jpg
10820850,49.00,Comfort,Bleer,Bleer str 5 9-14 kg,1,34,pk.,Netto,https://static.tilbudsugen.dk/1st-retail/2025/47/63973/Netto472025-1_3_179x4725_4854x6918_zoom.jpg,2025-11-15,2025-11-21,https://res.cloudinary.com/dfqzmnlga/image/upload/v1763205655/2025-11-15/10820850.jpg
10820849,49.00,Comfort,Bleer,Bleer str 6 13-20 kg,1,32,pk.,Netto,https://static.tilbudsugen.dk/1st-retail/2025/47/63973/Netto472025-1_3_179x4725_4854x6918_zoom.jpg,2025-11-15,2025-11-21,https://res.cloudinary.com/dfqzmnlga/image/upload/v1763205656/2025-11-15/10820849.jpg
10820851,49.00,Up&Go,Bleer,Bleer str 6 13-20 kg,1,27,pk.,Netto,https://static.tilbudsugen.dk/1st-retail/2025/47/63973/Netto472025-1_3_179x4725_4854x6918_zoom.jpg,2025-11-15,2025-11-21,https://res.cloudinary.com/dfqzmnlga/image/upload/v1763205656/2025-11-15/10820851.jpg
10820848,49.00,Comfort,Bleer,Bleer str 4 7-11 kg,1,26,pk.,Netto,https://static.tilbudsugen.dk/1st-retail/2025/47/63973/Netto472025-1_3_179x4725_4854x6918_zoom.jpg,2025-11-15,2025-11-21,https://res.cloudinary.com/dfqzmnlga/image/upload/v1763205656/2025-11-15/10820848.jpg
10821196,10.00,,Bånd/papir,Gavepapir,1,5,stk.,Netto,https://static.tilbudsugen.dk/1st-retail/2025/47/63973/Netto472025-1_30_289x3365_4760x6833_zoom.jpg,2025-11-15,2025-11-21,https://res.cloudinary.com/dfqzmnlga/image/upload/v1763205657/2025-11-15/10821196.jpg
10821216,99.00,,Skriveartikler,Tusser,1,48,pk.,Netto,https://static.tilbudsugen.dk/1st-retail/2025/47/63973/Netto472025-1_38_281x2477_1585x4593_zoom.jpg,2025-11-15,2025-11-21,https://res.cloudinary.com/dfqzmnlga/image/upload/v1763205658/2025-11-15/10821216.jpg
10820844,20.00,Comfort,Husholdningspapir,Toiletpapir,1,8,pk.,Netto,https://static.tilbudsugen.dk/1st-retail/2025/47/63973/Netto472025-1_3_1598x933_4981x3654_zoom.jpg,2025-11-15,2025-11-21,https://res.cloudinary.com/dfqzmnlga/image/upload/v1763205658/2025-11-15/10820844.jpg
10820894,20.00,DAVA Foods,Skalæg,Frilandsæg M/L,1,8,bk.,Netto,https://static.tilbudsugen.dk/1st-retail/2025/47/63973/Netto472025-1_14_0x736_4805x2577_zoom.jpg,2025-11-15,2025-11-21,https://res.cloudinary.com/dfqzmnlga/image/upload/v1763205659/2025-11-15/10820894.jpg
10821150,50.00,,Jul,Julekugler,1,16,pk.,Netto,https://static.tilbudsugen.dk/1st-retail/2025/47/63973/Netto472025-1_27_102x882_1726x3858_zoom.jpg,2025-11-15,2025-11-21,https://res.cloudinary.com/dfqzmnlga/image/upload/v1763205659/2025-11-15/10821150.jpg
10821208,40.00,Nord Home LIving,Stearinlys,Kronelys,1,8,pk.,Netto,https://static.tilbudsugen.dk/1st-retail/2025/47/63973/Netto472025-1_40_237x268_4811x2727_zoom.jpg,2025-11-15,2025-11-21,https://res.cloudinary.com/dfqzmnlga/image/upload/v1763205659/2025-11-15/10821208.jpg
10821140,12.00,,Køkkenredskaber,Grydeske,1,2,pk.,Netto,https://static.tilbudsugen.dk/1st-retail/2025/47/63973/Netto472025-1_33_2546x2746_4761x4730_zoom.jpg,2025-11-15,2025-11-21,https://res.cloudinary.com/dfqzmnlga/image/upload/v1763205660/2025-11-15/10821140.jpg
10821160,50.00,,Stearinlys,Stearinlys,1,8,pk.,Netto,https://static.tilbudsugen.dk/1st-retail/2025/47/63973/Netto472025-1_27_1785x2047_3332x3866_zoom.jpg,2025-11-15,2025-11-21,https://res.cloudinary.com/dfqzmnlga/image/upload/v1763205660/2025-11-15/10821160.jpg
10821117,20.00,,Køkkenredskaber,Nøddeknækker,1,3,pk.,Netto,https://static.tilbudsugen.dk/1st-retail/2025/47/63973/Netto472025-1_33_162x668_3251x2702_zoom.jpg,2025-11-15,2025-11-21,https://res.cloudinary.com/dfqzmnlga/image/upload/v1763205660/2025-11-15/10821117.jpg
10821101,30.00,,Stearinlys,Rillede Stearinlys,1,4,pk.,Netto,https://static.tilbudsugen.dk/1st-retail/2025/47/63973/Netto472025-1_31_94x4668_2421x6609_zoom.jpg,2025-11-15,2025-11-21,https://res.cloudinary.com/dfqzmnlga/image/upload/v1763205661/2025-11-15/10821101.jpg
10821102,30.00,,Stearinlys,Snoede Stearinlys,1,4,pk.,Netto,https://static.tilbudsugen.dk/1st-retail/2025/47/63973/Netto472025-1_31_94x4668_2421x6609_zoom.jpg,2025-11-15,2025-11-21,https://res.cloudinary.com/dfqzmnlga/image/upload/v1763205663/2025-11-15/10821102.jpg
10821209,15.00,Nord Home LIving,Stearinlys,Stearinlys,1,2,pk.,Netto,https://static.tilbudsugen.dk/1st-retail/2025/47/63973/Netto472025-1_40_237x268_4811x2727_zoom.jpg,2025-11-15,2025-11-21,https://res.cloudinary.com/dfqzmnlga/image/upload/v1763205663/2025-11-15/10821209.jpg
10821079,14.00,Coca Cola Zero,Sodavand,Cola,1,1,fl.,Netto,https://static.tilbudsugen.dk/1st-retail/2025/47/63973/Netto472025-1_25_1666x2804_3273x4852_zoom.jpg,2025-11-15,2025-11-21,https://res.cloudinary.com/dfqzmnlga/image/upload/v1763205663/2025-11-15/10821079.jpg
10821078,14.00,Coca Cola,Sodavand,Cola,1,1,fl.,Netto,https://static.tilbudsugen.dk/1st-retail/2025/47/63973/Netto472025-1_25_1666x2804_3273x4852_zoom.jpg,2025-11-15,2025-11-21,https://res.cloudinary.com/dfqzmnlga/image/upload/v1763205664/2025-11-15/10821078.jpg
10821080,14.00,Orange,Sodavand,Appelsinsodavand,1,1,fl.,Netto,https://static.tilbudsugen.dk/1st-retail/2025/47/63973/Netto472025-1_25_1666x2804_3273x4852_zoom.jpg,2025-11-15,2025-11-21,https://res.cloudinary.com/dfqzmnlga/image/upload/v1763205664/2025-11-15/10821080.jpg
10821081,14.00,Exotic,Sodavand,Sodavand,1,1,fl.,Netto,https://static.tilbudsugen.dk/1st-retail/2025/47/63973/Netto472025-1_25_1666x2804_3273x4852_zoom.jpg,2025-11-15,2025-11-21,https://res.cloudinary.com/dfqzmnlga/image/upload/v1763205665/2025-11-15/10821081.jpg
10820828,20.00,Capri-Sun,Saft,Frugtdrik Monsteralarm,1,2,pk.,Netto,https://static.tilbudsugen.dk/1st-retail/2025/47/63973/Netto472025-1_2_2363x2514_4930x4708_zoom.jpg,2025-11-15,2025-11-21,https://res.cloudinary.com/dfqzmnlga/image/upload/v1763205665/2025-11-15/10820828.jpg
10821197,30.00,VINSON POLO CLUB,Sokker/Strømper,Strømper,1,3,pk.,Netto,https://static.tilbudsugen.dk/1st-retail/2025/47/63973/Netto472025-1_40_2527x2740_4761x4724_zoom.jpg,2025-11-15,2025-11-21,https://res.cloudinary.com/dfqzmnlga/image/upload/v1763205665/2025-11-15/10821197.jpg
10821121,20.00,Bref,Rengøringsmidler,WC-flush,1,2,pk.,Netto,https://static.tilbudsugen.dk/1st-retail/2025/47/63973/Netto472025-1_26_2406x848_4990x2855_zoom.jpg,2025-11-15,2025-11-21,https://res.cloudinary.com/dfqzmnlga/image/upload/v1763205666/2025-11-15/10821121.jpg
10820827,20.00,Capri-Sun,Saft,Frugtdrik Safari Fruits,1,2,pk.,Netto,https://static.tilbudsugen.dk/1st-retail/2025/47/63973/Netto472025-1_2_2363x2514_4930x4708_zoom.jpg,2025-11-15,2025-11-21,https://res.cloudinary.com/dfqzmnlga/image/upload/v1763205667/2025-11-15/10820827.jpg
10820829,20.00,Capri-Sun,Saft,Frugtdrik Orange,1,2,pk.,Netto,https://static.tilbudsugen.dk/1st-retail/2025/47/63973/Netto472025-1_2_2363x2514_4930x4708_zoom.jpg,2025-11-15,2025-11-21,https://res.cloudinary.com/dfqzmnlga/image/upload/v1763205667/2025-11-15/10820829.jpg
10820819,6.00,Bakersfield,Dybfrost Kager & Tærter,Æbleskiver,1,0,ps.,Netto,https://static.tilbudsugen.dk/1st-retail/2025/47/63973/Netto472025-1_1_43x4368_2508x6757_zoom.jpg,2025-11-15,2025-11-21,https://res.cloudinary.com/dfqzmnlga/image/upload/v1763205667/2025-11-15/10820819.jpg
10820843,6.00,Dansukker,Sukker,Flormelis,1,0,pk.,Netto,https://static.tilbudsugen.dk/1st-retail/2025/47/63973/Netto472025-1_3_0x287_1615x3586_zoom.jpg,2025-11-15,2025-11-21,https://res.cloudinary.com/dfqzmnlga/image/upload/v1763205668/2025-11-15/10820843.jpg
10820888,10.00,,Grønt,Kartofler,1,0,ps.,Netto,https://static.tilbudsugen.dk/1st-retail/2025/47/63973/Netto472025-1_5_2423x5482_3774x6842_zoom.jpg,2025-11-15,2025-11-21,https://res.cloudinary.com/dfqzmnlga/image/upload/v1763205668/2025-11-15/10820888.jpg
10821061,89.00,Coca Cola,Sodavand,Cola 24 pk.,24,0,ds.,Netto,https://static.tilbudsugen.dk/1st-retail/2025/47/63973/Netto472025-1_25_51x857_1717x2829_zoom.jpg,2025-11-15,2025-11-21,https://res.cloudinary.com/dfqzmnlga/image/upload/v1763205668/2025-11-15/10821061.jpg
10821063,89.00,Coca Cola Zero,Sodavand,Cola 24 pk.,24,0,ds.,Netto,https://static.tilbudsugen.dk/1st-retail/2025/47/63973/Netto472025-1_25_51x857_1717x2829_zoom.jpg,2025-11-15,2025-11-21,https://res.cloudinary.com/dfqzmnlga/image/upload/v1763205669/2025-11-15/10821063.jpg
10821064,89.00,Zero,Sodavand,Sportssodavand 24 pk.,24,0,ds.,Netto,https://static.tilbudsugen.dk/1st-retail/2025/47/63973/Netto472025-1_25_51x857_1717x2829_zoom.jpg,2025-11-15,2025-11-21,https://res.cloudinary.com/dfqzmnlga/image/upload/v1763205669/2025-11-15/10821064.jpg
10821065,89.00,Squash,Sodavand,Ferskensodavand Sukkerfri 24 pk.,24,0,ds.,Netto,https://static.tilbudsugen.dk/1st-retail/2025/47/63973/Netto472025-1_25_51x857_1717x2829_zoom.jpg,2025-11-15,2025-11-21,https://res.cloudinary.com/dfqzmnlga/image/upload/v1763205670/2025-11-15/10821065.jpg
10820820,12.00,Yoggi,Syrnet morgenmad,Kirsebær Yoghurt ,1,1,stk.,Netto,https://static.tilbudsugen.dk/1st-retail/2025/47/63973/Netto472025-1_2_94x134_2312x2574_zoom.jpg,2025-11-15,2025-11-21,https://res.cloudinary.com/dfqzmnlga/image/upload/v1763205670/2025-11-15/10820820.jpg
10820821,12.00,Yoggi,Syrnet morgenmad,Pære & Banan Yoghurt ,1,1,stk.,Netto,https://static.tilbudsugen.dk/1st-retail/2025/47/63973/Netto472025-1_2_94x134_2312x2574_zoom.jpg,2025-11-15,2025-11-21,https://res.cloudinary.com/dfqzmnlga/image/upload/v1763205671/2025-11-15/10820821.jpg
10820822,12.00,Yoggi,Syrnet morgenmad,Jordbær Yoghurt ,1,1,stk.,Netto,https://static.tilbudsugen.dk/1st-retail/2025/47/63973/Netto472025-1_2_94x134_2312x2574_zoom.jpg,2025-11-15,2025-11-21,https://res.cloudinary.com/dfqzmnlga/image/upload/v1763205671/2025-11-15/10820822.jpg
10821162,25.00,Bodyguide Underwear,Dametøj,Strømpebukser,1,2,pk.,Netto,https://static.tilbudsugen.dk/1st-retail/2025/47/63973/Netto472025-1_35_3307x699_4755x2783_zoom.jpg,2025-11-15,2025-11-21,https://res.cloudinary.com/dfqzmnlga/image/upload/v1763205671/2025-11-15/10821162.jpg
10820837,79.00,Heineken,Øl,Øl 18 pk.,18,0,ds.,Netto,https://static.tilbudsugen.dk/1st-retail/2025/47/63973/Netto472025-1_2_2329x4699_4828x6833_zoom.jpg,2025-11-15,2025-11-21,https://res.cloudinary.com/dfqzmnlga/image/upload/v1763205672/2025-11-15/10820837.jpg
10820838,79.00,Blanche,Øl,Øl 18 pk.,18,0,ds.,Netto,https://static.tilbudsugen.dk/1st-retail/2025/47/63973/Netto472025-1_2_2329x4699_4828x6833_zoom.jpg,2025-11-15,2025-11-21,https://res.cloudinary.com/dfqzmnlga/image/upload/v1763205672/2025-11-15/10820838.jpg
10820839,79.00,IPA,Øl,Øl 18 pk.,18,0,ds.,Netto,https://static.tilbudsugen.dk/1st-retail/2025/47/63973/Netto472025-1_2_2329x4699_4828x6833_zoom.jpg,2025-11-15,2025-11-21,https://res.cloudinary.com/dfqzmnlga/image/upload/v1763205673/2025-11-15/10820839.jpg
10820840,79.00,Export,Øl,Øl 18 pk.,18,0,ds.,Netto,https://static.tilbudsugen.dk/1st-retail/2025/47/63973/Netto472025-1_2_2329x4699_4828x6833_zoom.jpg,2025-11-15,2025-11-21,https://res.cloudinary.com/dfqzmnlga/image/upload/v1763205673/2025-11-15/10820840.jpg
10820956,15.00,Levebrød,Rugbrød i Skiver,Solsikkerugbrød,1,1,pk.,Netto,https://static.tilbudsugen.dk/1st-retail/2025/47/63973/Netto472025-1_16_6x824_2458x2833_zoom.jpg,2025-11-15,2025-11-21,https://res.cloudinary.com/dfqzmnlga/image/upload/v1763205673/2025-11-15/10820956.jpg
10820893,14.00,ØGO,Grønt,Spidskål,1,1,stk.,Netto,https://static.tilbudsugen.dk/1st-retail/2025/47/63973/Netto472025-1_6_51x2863_2312x5014_zoom.jpg,2025-11-15,2025-11-21,https://res.cloudinary.com/dfqzmnlga/image/upload/v1763205674/2025-11-15/10820893.jpg
10821022,14.00,Løgismose,Juice,Æblemost Hyldeblomst & Citron,1,1,krt.,Netto,https://static.tilbudsugen.dk/1st-retail/2025/47/63973/Netto472025-1_18_1722x5167_3238x6821_zoom.jpg,2025-11-15,2025-11-21,https://res.cloudinary.com/dfqzmnlga/image/upload/v1763205674/2025-11-15/10821022.jpg
10821023,14.00,Løgismose,Juice,Æblemost Ingefær,1,1,krt.,Netto,https://static.tilbudsugen.dk/1st-retail/2025/47/63973/Netto472025-1_18_1722x5167_3238x6821_zoom.jpg,2025-11-15,2025-11-21,https://res.cloudinary.com/dfqzmnlga/image/upload/v1763205675/2025-11-15/10821023.jpg
10821024,14.00,Løgismose,Juice,Æblemost,1,1,krt.,Netto,https://static.tilbudsugen.dk/1st-retail/2025/47/63973/Netto472025-1_18_1722x5167_3238x6821_zoom.jpg,2025-11-15,2025-11-21,https://res.cloudinary.com/dfqzmnlga/image/upload/v1763205675/2025-11-15/10821024.jpg
10820877,15.00,Klar & Klassisk,Klar Suppe,Oksekødssuppe,1,1,pk.,Netto,https://static.tilbudsugen.dk/1st-retail/2025/47/63973/Netto472025-1_5_1190x3501_2508x4971_zoom.jpg,2025-11-15,2025-11-21,https://res.cloudinary.com/dfqzmnlga/image/upload/v1763205675/2025-11-15/10820877.jpg
10821115,30.00,,Boligtekstiler,Viskestykke,1,2,pk.,Netto,https://static.tilbudsugen.dk/1st-retail/2025/47/63973/Netto472025-1_32_1803x624_4911x2939_zoom.jpg,2025-11-15,2025-11-21,https://res.cloudinary.com/dfqzmnlga/image/upload/v1763205676/2025-11-15/10821115.jpg
10820880,5.00,Julehvidtøl,Øl,Øl,1,0,fl.,Netto,https://static.tilbudsugen.dk/1st-retail/2025/47/63973/Netto472025-1_5_3630x1401_4777x2999_zoom.jpg,2025-11-15,2025-11-21,https://res.cloudinary.com/dfqzmnlga/image/upload/v1763205676/2025-11-15/10820880.jpg
10820955,15.00,Levebrød,Rugbrød i Skiver,Kernegrov Rugbrød,1,0,pk.,Netto,https://static.tilbudsugen.dk/1st-retail/2025/47/63973/Netto472025-1_16_6x824_2458x2833_zoom.jpg,2025-11-15,2025-11-21,https://res.cloudinary.com/dfqzmnlga/image/upload/v1763205677/2025-11-15/10820955.jpg
10820832,16.00,Karolines,"Suppe, Boullion & Fond",Kartoffel-Porresuppe,1,1,krt.,Netto,https://static.tilbudsugen.dk/1st-retail/2025/47/63973/Netto472025-1_2_2346x24_4879x2565_zoom.jpg,2025-11-15,2025-11-21,https://res.cloudinary.com/dfqzmnlga/image/upload/v1763205678/2025-11-15/10820832.jpg
10820830,16.00,Karolines,"Suppe, Boullion & Fond",Karrysuppe,1,1,krt.,Netto,https://static.tilbudsugen.dk/1st-retail/2025/47/63973/Netto472025-1_2_2346x24_4879x2565_zoom.jpg,2025-11-15,2025-11-21,https://res.cloudinary.com/dfqzmnlga/image/upload/v1763205678/2025-11-15/10820830.jpg
10820831,16.00,Karolines,"Suppe, Boullion & Fond",Tomatsuppe,1,1,krt.,Netto,https://static.tilbudsugen.dk/1st-retail/2025/47/63973/Netto472025-1_2_2346x24_4879x2565_zoom.jpg,2025-11-15,2025-11-21,https://res.cloudinary.com/dfqzmnlga/image/upload/v1763205679/2025-11-15/10820831.jpg
10821048,16.00,Ollineo,Olier,Solsikkeolie,1,1,fl.,Netto,https://static.tilbudsugen.dk/1st-retail/2025/47/63973/Netto472025-1_24_60x2489_1726x4716_zoom.jpg,2025-11-15,2025-11-21,https://res.cloudinary.com/dfqzmnlga/image/upload/v1763205679/2025-11-15/10821048.jpg
10821049,16.00,Ollineo,Olier,Rapsolie,1,1,fl.,Netto,https://static.tilbudsugen.dk/1st-retail/2025/47/63973/Netto472025-1_24_60x2489_1726x4716_zoom.jpg,2025-11-15,2025-11-21,https://res.cloudinary.com/dfqzmnlga/image/upload/v1763205680/2025-11-15/10821049.jpg
10821129,79.00,Omo,Vaskemiddel,Vaskepulver,1,4,pk.,Netto,https://static.tilbudsugen.dk/1st-retail/2025/47/63973/Netto472025-1_26_2431x2812_4998x4835_zoom.jpg,2025-11-15,2025-11-21,https://res.cloudinary.com/dfqzmnlga/image/upload/v1763205680/2025-11-15/10821129.jpg
10820818,18.00,Cheasy,Syrnet morgenmad,Skovbær Skyr ,1,1,bg.,Netto,https://static.tilbudsugen.dk/1st-retail/2025/47/63973/Netto472025-1_1_2312x4257_4888x6748_zoom.jpg,2025-11-15,2025-11-21,https://res.cloudinary.com/dfqzmnlga/image/upload/v1763205681/2025-11-15/10820818.jpg
10820813,18.00,Cheasy,Syrnet morgenmad,Vanilje Skyr ,1,1,bg.,Netto,https://static.tilbudsugen.dk/1st-retail/2025/47/63973/Netto472025-1_1_2312x4257_4888x6748_zoom.jpg,2025-11-15,2025-11-21,https://res.cloudinary.com/dfqzmnlga/image/upload/v1763205681/2025-11-15/10820813.jpg
10820816,18.00,Cheasy,Syrnet morgenmad,Mango & Lime Skyr ,1,1,bg.,Netto,https://static.tilbudsugen.dk/1st-retail/2025/47/63973/Netto472025-1_1_2312x4257_4888x6748_zoom.jpg,2025-11-15,2025-11-21,https://res.cloudinary.com/dfqzmnlga/image/upload/v1763205681/2025-11-15/10820816.jpg
10821083,72.00,Energy,Energi- Sports- & Vitamindrikke,Energidrik 8 pk.,8,0,ds.,Netto,https://static.tilbudsugen.dk/1st-retail/2025/47/63973/Netto472025-1_25_9x2838_1828x4818_zoom.jpg,2025-11-15,2025-11-21,https://res.cloudinary.com/dfqzmnlga/image/upload/v1763205682/2025-11-15/10821083.jpg
10820817,18.00,Cheasy,Syrnet morgenmad,Naturel Skyr ,1,1,bg.,Netto,https://static.tilbudsugen.dk/1st-retail/2025/47/63973/Netto472025-1_1_2312x4257_4888x6748_zoom.jpg,2025-11-15,2025-11-21,https://res.cloudinary.com/dfqzmnlga/image/upload/v1763205682/2025-11-15/10820817.jpg
10820895,18.00,Premieur,Frugt,Ananas,1,1,stk.,Netto,https://static.tilbudsugen.dk/1st-retail/2025/47/63973/Netto472025-1_6_2278x2855_4930x4988_zoom.jpg,2025-11-15,2025-11-21,https://res.cloudinary.com/dfqzmnlga/image/upload/v1763205682/2025-11-15/10820895.jpg
10821084,72.00,Ultra Energy,Energi- Sports- & Vitamindrikke,Energidrik 8 pk.,8,0,ds.,Netto,https://static.tilbudsugen.dk/1st-retail/2025/47/63973/Netto472025-1_25_9x2838_1828x4818_zoom.jpg,2025-11-15,2025-11-21,https://res.cloudinary.com/dfqzmnlga/image/upload/v1763205683/2025-11-15/10821084.jpg
10820954,15.00,Levebrød,Sandwich & Toastbrød,Multikerne Sandwichbrød,1,0,stk.,Netto,https://static.tilbudsugen.dk/1st-retail/2025/47/63973/Netto472025-1_16_6x824_2458x2833_zoom.jpg,2025-11-15,2025-11-21,https://res.cloudinary.com/dfqzmnlga/image/upload/v1763205683/2025-11-15/10820954.jpg
10821105,79.00,,Stearinlys,Adventslys,1,4,pk.,Netto,https://static.tilbudsugen.dk/1st-retail/2025/47/63973/Netto472025-1_31_2558x768_4705x2677_zoom.jpg,2025-11-15,2025-11-21,https://res.cloudinary.com/dfqzmnlga/image/upload/v1763205683/2025-11-15/10821105.jpg
10821036,20.00,Løgismose,Mel & Melblandinger,Ølands Hvedemel,1,1,ps.,Netto,https://static.tilbudsugen.dk/1st-retail/2025/47/63973/Netto472025-1_18_37x5180_1722x6883_zoom.jpg,2025-11-15,2025-11-21,https://res.cloudinary.com/dfqzmnlga/image/upload/v1763205684/2025-11-15/10821036.jpg
10820885,15.00,Bakersfield,Dybfrost Brød,Mini Baguettes,1,0,ps.,Netto,https://static.tilbudsugen.dk/1st-retail/2025/47/63973/Netto472025-1_5_3664x3178_4888x4988_zoom.jpg,2025-11-15,2025-11-21,https://res.cloudinary.com/dfqzmnlga/image/upload/v1763205684/2025-11-15/10820885.jpg
10821034,20.00,Løgismose,Nødder & Kerner,Rugkerner,1,1,ps.,Netto,https://static.tilbudsugen.dk/1st-retail/2025/47/63973/Netto472025-1_18_37x5180_1722x6883_zoom.jpg,2025-11-15,2025-11-21,https://res.cloudinary.com/dfqzmnlga/image/upload/v1763205685/2025-11-15/10821034.jpg
10820875,20.00,Næmt,Færdigretter Køl,Risengrød,1,1,pk.,Netto,https://static.tilbudsugen.dk/1st-retail/2025/47/63973/Netto472025-1_5_1224x1358_2508x3016_zoom.jpg,2025-11-15,2025-11-21,https://res.cloudinary.com/dfqzmnlga/image/upload/v1763205685/2025-11-15/10820875.jpg
10821035,20.00,Løgismose,Mel & Melblandinger,Tipo 00 Hvedemel,1,1,ps.,Netto,https://static.tilbudsugen.dk/1st-retail/2025/47/63973/Netto472025-1_18_37x5180_1722x6883_zoom.jpg,2025-11-15,2025-11-21,https://res.cloudinary.com/dfqzmnlga/image/upload/v1763205686/2025-11-15/10821035.jpg
10821033,20.00,Løgismose,Mel & Melblandinger,Manitobamel,1,1,ps.,Netto,https://static.tilbudsugen.dk/1st-retail/2025/47/63973/Netto472025-1_18_37x5180_1722x6883_zoom.jpg,2025-11-15,2025-11-21,https://res.cloudinary.com/dfqzmnlga/image/upload/v1763205686/2025-11-15/10821033.jpg
10821074,15.00,Zero,Koncentreret Saft,Hindbær & Citron Frugtsaft ,1,0,fl.,Netto,https://static.tilbudsugen.dk/1st-retail/2025/47/63973/Netto472025-1_25_1641x840_3205x2880_zoom.jpg,2025-11-15,2025-11-21,https://res.cloudinary.com/dfqzmnlga/image/upload/v1763205686/2025-11-15/10821074.jpg
10821068,15.00,Zero,Saft,Hyldeblomst drik,1,0,fl.,Netto,https://static.tilbudsugen.dk/1st-retail/2025/47/63973/Netto472025-1_25_1641x840_3205x2880_zoom.jpg,2025-11-15,2025-11-21,https://res.cloudinary.com/dfqzmnlga/image/upload/v1763205687/2025-11-15/10821068.jpg
10820892,20.00,Premieur,Frugt,Clementiner,1,0,bk.,Netto,https://static.tilbudsugen.dk/1st-retail/2025/47/63973/Netto472025-1_6_0x891_1581x2804_zoom.jpg,2025-11-15,2025-11-21,https://res.cloudinary.com/dfqzmnlga/image/upload/v1763205687/2025-11-15/10820892.jpg
10821137,29.00,Neutral,Vaskemiddel,Vaskepulver,1,1,pk.,Netto,https://static.tilbudsugen.dk/1st-retail/2025/47/63973/Netto472025-1_26_9x2931_2601x4852_zoom.jpg,2025-11-15,2025-11-21,https://res.cloudinary.com/dfqzmnlga/image/upload/v1763205688/2025-11-15/10821137.jpg
10821075,12.00,Booster Goosey,Energi- Sports- & Vitamindrikke,Energidrik,1,0,ds.,Netto,https://static.tilbudsugen.dk/1st-retail/2025/47/63973/Netto472025-1_25_3188x933_4828x2889_zoom.jpg,2025-11-15,2025-11-21,https://res.cloudinary.com/dfqzmnlga/image/upload/v1763205688/2025-11-15/10821075.jpg
10821077,12.00,Booster Red Berry Boost,Energi- Sports- & Vitamindrikke,Energidrik,1,0,ds.,Netto,https://static.tilbudsugen.dk/1st-retail/2025/47/63973/Netto472025-1_25_3188x933_4828x2889_zoom.jpg,2025-11-15,2025-11-21,https://res.cloudinary.com/dfqzmnlga/image/upload/v1763205688/2025-11-15/10821077.jpg
10821076,12.00,Booster Original Zero,Energi- Sports- & Vitamindrikke,Energidrik,1,0,ds.,Netto,https://static.tilbudsugen.dk/1st-retail/2025/47/63973/Netto472025-1_25_3188x933_4828x2889_zoom.jpg,2025-11-15,2025-11-21,https://res.cloudinary.com/dfqzmnlga/image/upload/v1763205689/2025-11-15/10821076.jpg
10821109,12.00,Booster Retro Boost,Energi- Sports- & Vitamindrikke,Energidrik,1,0,ds.,Netto,https://static.tilbudsugen.dk/1st-retail/2025/47/63973/Netto472025-1_25_3188x933_4828x2889_zoom.jpg,2025-11-15,2025-11-21,https://res.cloudinary.com/dfqzmnlga/image/upload/v1763205689/2025-11-15/10821109.jpg
10821116,12.00,Booster Original,Energi- Sports- & Vitamindrikke,Energidrik,1,0,ds.,Netto,https://static.tilbudsugen.dk/1st-retail/2025/47/63973/Netto472025-1_25_3188x933_4828x2889_zoom.jpg,2025-11-15,2025-11-21,https://res.cloudinary.com/dfqzmnlga/image/upload/v1763205689/2025-11-15/10821116.jpg
10821045,20.00,Graasten,Remoulade,Den Originale Remoulade,1,0,stk.,Netto,https://static.tilbudsugen.dk/1st-retail/2025/47/63973/Netto472025-1_24_3264x2514_4913x4665_zoom.jpg,2025-11-15,2025-11-21,https://res.cloudinary.com/dfqzmnlga/image/upload/v1763205690/2025-11-15/10821045.jpg
10821047,20.00,Graasten,Remoulade,Grov Remoulade,1,0,stk.,Netto,https://static.tilbudsugen.dk/1st-retail/2025/47/63973/Netto472025-1_24_3264x2514_4913x4665_zoom.jpg,2025-11-15,2025-11-21,https://res.cloudinary.com/dfqzmnlga/image/upload/v1763205690/2025-11-15/10821047.jpg
10821119,20.00,The Pink Stuff,Rengøringsmidler,Rengøringsmiddel,1,0,fl.,Netto,https://static.tilbudsugen.dk/1st-retail/2025/47/63973/Netto472025-1_26_2406x848_4990x2855_zoom.jpg,2025-11-15,2025-11-21,https://res.cloudinary.com/dfqzmnlga/image/upload/v1763205690/2025-11-15/10821119.jpg
10820953,15.00,Levebrød,Boller & Morgenbrød,Multikerneboller,1,0,ps.,Netto,https://static.tilbudsugen.dk/1st-retail/2025/47/63973/Netto472025-1_16_6x824_2458x2833_zoom.jpg,2025-11-15,2025-11-21,https://res.cloudinary.com/dfqzmnlga/image/upload/v1763205691/2025-11-15/10820953.jpg
10820879,11.00,Kohberg,Sandwich & Toastbrød,Cafe Sandwich Grov,1,0,ps.,Netto,https://static.tilbudsugen.dk/1st-retail/2025/47/63973/Netto472025-1_12_75x3657_2664x6858_zoom.jpg,2025-11-15,2025-11-21,https://res.cloudinary.com/dfqzmnlga/image/upload/v1763205691/2025-11-15/10820879.jpg
10820897,14.00,Pedersens Udvalgte,Grønt,Tomater,1,0,bk.,Netto,https://static.tilbudsugen.dk/1st-retail/2025/47/63973/Netto472025-1_6_51x4903_1717x6859_zoom.jpg,2025-11-15,2025-11-21,https://res.cloudinary.com/dfqzmnlga/image/upload/v1763205692/2025-11-15/10820897.jpg
10821138,29.00,Neutral,Skyllemiddel,Skyllemiddel,1,1,stk.,Netto,https://static.tilbudsugen.dk/1st-retail/2025/47/63973/Netto472025-1_26_9x2931_2601x4852_zoom.jpg,2025-11-15,2025-11-21,https://res.cloudinary.com/dfqzmnlga/image/upload/v1763205692/2025-11-15/10821138.jpg
10820860,11.35,ØGO,Saucer,Pizzasauce,1,0,krt.,Netto,https://static.tilbudsugen.dk/1st-retail/2025/47/63973/Netto472025-1_11_3107x686_4954x4337_zoom.jpg,2025-11-15,2025-11-21,https://res.cloudinary.com/dfqzmnlga/image/upload/v1763205693/2025-11-15/10820860.jpg
10821040,17.00,Beauvais,Grønt-syltet,Rødkål-syltet,1,0,gl.,Netto,https://static.tilbudsugen.dk/1st-retail/2025/47/63973/Netto472025-1_24_2397x534_4913x2429_zoom.jpg,2025-11-15,2025-11-21,https://res.cloudinary.com/dfqzmnlga/image/upload/v1763205694/2025-11-15/10821040.jpg
10821042,17.00,Beauvais,Grønt-syltet,Rødbeder-syltet,1,0,gl.,Netto,https://static.tilbudsugen.dk/1st-retail/2025/47/63973/Netto472025-1_24_2397x534_4913x2429_zoom.jpg,2025-11-15,2025-11-21,https://res.cloudinary.com/dfqzmnlga/image/upload/v1763205694/2025-11-15/10821042.jpg
10821200,59.00,VINSON POLO CLUB,Herretøj,Boxershorts,1,2,pk.,Netto,https://static.tilbudsugen.dk/1st-retail/2025/47/63973/Netto472025-1_40_256x2715_2471x4736_zoom.jpg,2025-11-15,2025-11-21,https://res.cloudinary.com/dfqzmnlga/image/upload/v1763205695/2025-11-15/10821200.jpg
10820907,14.95,Velsmag,Grisekød,Griseskank,1,0,bk.,Netto,https://static.tilbudsugen.dk/1st-retail/2025/47/63973/Netto472025-1_8_2941x2922_4896x4852_zoom.jpg,2025-11-15,2025-11-21,https://res.cloudinary.com/dfqzmnlga/image/upload/v1763205695/2025-11-15/10820907.jpg
10820899,15.00,,Grønt,Peberfrugt,1,0,ps.,Netto,https://static.tilbudsugen.dk/1st-retail/2025/47/63973/Netto472025-1_6_1717x4929_3315x6850_zoom.jpg,2025-11-15,2025-11-21,https://res.cloudinary.com/dfqzmnlga/image/upload/v1763205696/2025-11-15/10820899.jpg
10820898,10.00,High Protein Drink,Mælk m/smag,Vaniljedrik,1,0,fl.,Netto,https://static.tilbudsugen.dk/1st-retail/2025/47/63973/Netto472025-1_14_0x2633_2446x4680_zoom.jpg,2025-11-15,2025-11-21,https://res.cloudinary.com/dfqzmnlga/image/upload/v1763205696/2025-11-15/10820898.jpg
10820896,10.00,High Protein Drink,Mælk m/smag,Kakaomælk,1,0,fl.,Netto,https://static.tilbudsugen.dk/1st-retail/2025/47/63973/Netto472025-1_14_0x2633_2446x4680_zoom.jpg,2025-11-15,2025-11-21,https://res.cloudinary.com/dfqzmnlga/image/upload/v1763205696/2025-11-15/10820896.jpg
10821043,17.00,Beauvais,Grønt-syltet,Agurker syltet,1,0,gl.,Netto,https://static.tilbudsugen.dk/1st-retail/2025/47/63973/Netto472025-1_24_2397x534_4913x2429_zoom.jpg,2025-11-15,2025-11-21,https://res.cloudinary.com/dfqzmnlga/image/upload/v1763205697/2025-11-15/10821043.jpg
10821044,17.00,Beauvais,Grønt-syltet,Asier syltet,1,0,gl.,Netto,https://static.tilbudsugen.dk/1st-retail/2025/47/63973/Netto472025-1_24_2397x534_4913x2429_zoom.jpg,2025-11-15,2025-11-21,https://res.cloudinary.com/dfqzmnlga/image/upload/v1763205697/2025-11-15/10821044.jpg
10821133,79.00,Omo,Vaskemiddel,Vaskemiddel-flydende,1,2,fl.,Netto,https://static.tilbudsugen.dk/1st-retail/2025/47/63973/Netto472025-1_26_2431x2812_4998x4835_zoom.jpg,2025-11-15,2025-11-21,https://res.cloudinary.com/dfqzmnlga/image/upload/v1763205698/2025-11-15/10821133.jpg
10820878,10.37,K-salat,Saucer,Bearnaisesauce,1,0,bg.,Netto,https://static.tilbudsugen.dk/1st-retail/2025/47/63973/Netto472025-1_12_2696x4680_4998x6815_zoom.jpg,2025-11-15,2025-11-21,https://res.cloudinary.com/dfqzmnlga/image/upload/v1763205698/2025-11-15/10820878.jpg
10821127,10.00,Palmolive,"Sæbe, bad, dusch",Bodyshampoo,1,0,stk.,Netto,https://static.tilbudsugen.dk/1st-retail/2025/47/63973/Netto472025-1_26_51x925_2499x2897_zoom.jpg,2025-11-15,2025-11-21,https://res.cloudinary.com/dfqzmnlga/image/upload/v1763205699/2025-11-15/10821127.jpg
10821128,10.00,Palmolive,"Sæbe, bad, dusch",Flydende sæbe,1,0,stk.,Netto,https://static.tilbudsugen.dk/1st-retail/2025/47/63973/Netto472025-1_26_51x925_2499x2897_zoom.jpg,2025-11-15,2025-11-21,https://res.cloudinary.com/dfqzmnlga/image/upload/v1763205699/2025-11-15/10821128.jpg
10820906,25.00,Frankly,Juice,Jordbærjuice med Æble og Citron,1,0,fl.,Netto,https://static.tilbudsugen.dk/1st-retail/2025/47/63973/Netto472025-1_14_0x4699_2471x6883_zoom.jpg,2025-11-15,2025-11-21,https://res.cloudinary.com/dfqzmnlga/image/upload/v1763205699/2025-11-15/10820906.jpg
10820910,25.00,Frankly,Juice,"Rødbedejuice med Æble, Lime, Citron og Ingefær",1,0,fl.,Netto,https://static.tilbudsugen.dk/1st-retail/2025/47/63973/Netto472025-1_14_0x4699_2471x6883_zoom.jpg,2025-11-15,2025-11-21,https://res.cloudinary.com/dfqzmnlga/image/upload/v1763205700/2025-11-15/10820910.jpg
10820900,25.00,Frankly,Juice,Appelsinjuice Gulerod,1,0,fl.,Netto,https://static.tilbudsugen.dk/1st-retail/2025/47/63973/Netto472025-1_14_0x4699_2471x6883_zoom.jpg,2025-11-15,2025-11-21,https://res.cloudinary.com/dfqzmnlga/image/upload/v1763205700/2025-11-15/10820900.jpg
10820928,17.00,Julius,Specialøl,Specialøl,1,0,fl.,Netto,https://static.tilbudsugen.dk/1st-retail/2025/47/63973/Netto472025-1_10_3358x3594_4905x6706_zoom.jpg,2025-11-15,2025-11-21,https://res.cloudinary.com/dfqzmnlga/image/upload/v1763205701/2025-11-15/10820928.jpg
10820948,16.00,Grovhakket,Postej og Paté,Leverpostej,1,0,pk.,Netto,https://static.tilbudsugen.dk/1st-retail/2025/47/63973/Netto472025-1_16_2446x974_4986x2796_zoom.jpg,2025-11-15,2025-11-21,https://res.cloudinary.com/dfqzmnlga/image/upload/v1763205701/2025-11-15/10820948.jpg
10820984,25.00,Premieur,Kartofler,Pommes Gigant,1,0,ps.,Netto,https://static.tilbudsugen.dk/1st-retail/2025/47/63973/Netto472025-1_17_3344x905_4898x2833_zoom.jpg,2025-11-15,2025-11-21,https://res.cloudinary.com/dfqzmnlga/image/upload/v1763205702/2025-11-15/10820984.jpg
10821067,109.00,Løgismose,Øvrige vinlande,Hvidvin,1,3,krt.,Netto,https://static.tilbudsugen.dk/1st-retail/2025/47/63973/Netto472025-1_19_31x2459_1697x4718_zoom.jpg,2025-11-15,2025-11-21,https://res.cloudinary.com/dfqzmnlga/image/upload/v1763205702/2025-11-15/10821067.jpg
10821070,109.00,Løgismose,Øvrige vinlande,Rosevin,1,3,krt.,Netto,https://static.tilbudsugen.dk/1st-retail/2025/47/63973/Netto472025-1_19_31x2459_1697x4718_zoom.jpg,2025-11-15,2025-11-21,https://res.cloudinary.com/dfqzmnlga/image/upload/v1763205702/2025-11-15/10821070.jpg
10821069,109.00,Løgismose,Øvrige vinlande,Rødvin,1,3,krt.,Netto,https://static.tilbudsugen.dk/1st-retail/2025/47/63973/Netto472025-1_19_31x2459_1697x4718_zoom.jpg,2025-11-15,2025-11-21,https://res.cloudinary.com/dfqzmnlga/image/upload/v1763205703/2025-11-15/10821069.jpg
10820864,27.26,ØGO,Is,Vanilje is,1,0,bg.,Netto,https://static.tilbudsugen.dk/1st-retail/2025/47/63973/Netto472025-1_11_25x749_2839x3838_zoom.jpg,2025-11-15,2025-11-21,https://res.cloudinary.com/dfqzmnlga/image/upload/v1763205703/2025-11-15/10820864.jpg
10820942,20.00,Bådsmand,Sild,Sild,1,0,gl.,Netto,https://static.tilbudsugen.dk/1st-retail/2025/47/63973/Netto472025-1_16_0x4886_2565x6858_zoom.jpg,2025-11-15,2025-11-21,https://res.cloudinary.com/dfqzmnlga/image/upload/v1763205704/2025-11-15/10820942.jpg
10820861,15.00,,Fisk,Fiskefileter,1,0,pk.,Netto,https://static.tilbudsugen.dk/1st-retail/2025/47/63973/Netto472025-1_4_60x4130_2550x6833_zoom.jpg,2025-11-15,2025-11-21,https://res.cloudinary.com/dfqzmnlga/image/upload/v1763205704/2025-11-15/10820861.jpg
10821066,29.00,Løgismose,Gløgg,Gløgg,1,0,fl.,Netto,https://static.tilbudsugen.dk/1st-retail/2025/47/63973/Netto472025-1_19_1654x2440_3351x4655_zoom.jpg,2025-11-15,2025-11-21,https://res.cloudinary.com/dfqzmnlga/image/upload/v1763205705/2025-11-15/10821066.jpg
10821025,32.00,Løgismose,Syrnet morgenmad,Græsk Yoghurt 10%,1,0,bg.,Netto,https://static.tilbudsugen.dk/1st-retail/2025/47/63973/Netto472025-1_18_1635x3576_3276x5186_zoom.jpg,2025-11-15,2025-11-21,https://res.cloudinary.com/dfqzmnlga/image/upload/v1763205705/2025-11-15/10821025.jpg
10821027,32.00,Løgismose,Syrnet morgenmad,Græsk Solbær & Aronia Yoghurt,1,0,bg.,Netto,https://static.tilbudsugen.dk/1st-retail/2025/47/63973/Netto472025-1_18_1635x3576_3276x5186_zoom.jpg,2025-11-15,2025-11-21,https://res.cloudinary.com/dfqzmnlga/image/upload/v1763205705/2025-11-15/10821027.jpg
10821029,32.00,Løgismose,Syrnet morgenmad,Græsk Yoghurt 2%,1,0,bg.,Netto,https://static.tilbudsugen.dk/1st-retail/2025/47/63973/Netto472025-1_18_1635x3576_3276x5186_zoom.jpg,2025-11-15,2025-11-21,https://res.cloudinary.com/dfqzmnlga/image/upload/v1763205706/2025-11-15/10821029.jpg
10820960,30.00,Premier,Is,Toms Skildpadde is,1,0,bg.,Netto,https://static.tilbudsugen.dk/1st-retail/2025/47/63973/Netto472025-1_17_2396x4855_4998x6858_zoom.jpg,2025-11-15,2025-11-21,https://res.cloudinary.com/dfqzmnlga/image/upload/v1763205706/2025-11-15/10820960.jpg
10820961,30.00,Premier,Is,Karamelsymfoni,1,0,bg.,Netto,https://static.tilbudsugen.dk/1st-retail/2025/47/63973/Netto472025-1_17_2396x4855_4998x6858_zoom.jpg,2025-11-15,2025-11-21,https://res.cloudinary.com/dfqzmnlga/image/upload/v1763205706/2025-11-15/10820961.jpg
10820959,30.00,Premier,Is,Saltkaramel is,1,0,bg.,Netto,https://static.tilbudsugen.dk/1st-retail/2025/47/63973/Netto472025-1_17_2396x4855_4998x6858_zoom.jpg,2025-11-15,2025-11-21,https://res.cloudinary.com/dfqzmnlga/image/upload/v1763205707/2025-11-15/10820959.jpg
10820889,10.00,,Grønt,Løg,1,0,ps.,Netto,https://static.tilbudsugen.dk/1st-retail/2025/47/63973/Netto472025-1_13_56x4712_1766x6896_zoom.jpg,2025-11-15,2025-11-21,https://res.cloudinary.com/dfqzmnlga/image/upload/v1763205707/2025-11-15/10820889.jpg
10821126,10.00,Palmolive Men,"Sæbe, bad, dusch",Bodyshampoo,1,0,stk.,Netto,https://static.tilbudsugen.dk/1st-retail/2025/47/63973/Netto472025-1_26_51x925_2499x2897_zoom.jpg,2025-11-15,2025-11-21,https://res.cloudinary.com/dfqzmnlga/image/upload/v1763205708/2025-11-15/10821126.jpg
10820884,20.00,Rice Market,Ris,Risottoris,1,0,ps.,Netto,https://static.tilbudsugen.dk/1st-retail/2025/47/63973/Netto472025-1_13_3320x3913_4923x6858_zoom.jpg,2025-11-15,2025-11-21,https://res.cloudinary.com/dfqzmnlga/image/upload/v1763205708/2025-11-15/10820884.jpg
10820957,30.00,Premier,Is,Nougat Flødeis,1,0,bg.,Netto,https://static.tilbudsugen.dk/1st-retail/2025/47/63973/Netto472025-1_17_2396x4855_4998x6858_zoom.jpg,2025-11-15,2025-11-21,https://res.cloudinary.com/dfqzmnlga/image/upload/v1763205709/2025-11-15/10820957.jpg
10820958,30.00,Premier,Is,Kæmpe Solbær is,1,0,bg.,Netto,https://static.tilbudsugen.dk/1st-retail/2025/47/63973/Netto472025-1_17_2396x4855_4998x6858_zoom.jpg,2025-11-15,2025-11-21,https://res.cloudinary.com/dfqzmnlga/image/upload/v1763205710/2025-11-15/10820958.jpg
10821134,29.00,Neutral,Vaskemiddel,Vaskemiddel-flydende,1,0,fl.,Netto,https://static.tilbudsugen.dk/1st-retail/2025/47/63973/Netto472025-1_26_9x2931_2601x4852_zoom.jpg,2025-11-15,2025-11-21,https://res.cloudinary.com/dfqzmnlga/image/upload/v1763205710/2025-11-15/10821134.jpg
10821082,129.00,,Californiske vine,Californisk Rødvin,1,3,krt.,Netto,https://static.tilbudsugen.dk/1st-retail/2025/47/63973/Netto472025-1_25_3213x2778_4888x4886_zoom.jpg,2025-11-15,2025-11-21,https://res.cloudinary.com/dfqzmnlga/image/upload/v1763205710/2025-11-15/10821082.jpg
10820883,39.00,Mou,Suppetilbehør,Kød- og Melboller,1,0,ps.,Netto,https://static.tilbudsugen.dk/1st-retail/2025/47/63973/Netto472025-1_5_2474x3484_3723x4988_zoom.jpg,2025-11-15,2025-11-21,https://res.cloudinary.com/dfqzmnlga/image/upload/v1763205711/2025-11-15/10820883.jpg
10821146,20.00,Domestos,Rengøringsmidler,Rengøringsmiddel,1,0,stk.,Netto,https://static.tilbudsugen.dk/1st-retail/2025/47/63973/Netto472025-1_26_2406x848_4990x2855_zoom.jpg,2025-11-15,2025-11-21,https://res.cloudinary.com/dfqzmnlga/image/upload/v1763205711/2025-11-15/10821146.jpg
10820927,25.00,Løgismose,Grønt-syltet,Rødkål-syltet,1,0,gl.,Netto,https://static.tilbudsugen.dk/1st-retail/2025/47/63973/Netto472025-1_10_2499x1885_4998x3458_zoom.jpg,2025-11-15,2025-11-21,https://res.cloudinary.com/dfqzmnlga/image/upload/v1763205711/2025-11-15/10820927.jpg
10821053,20.00,Bonduelle,Grønt,Majs,1,0,pk.,Netto,https://static.tilbudsugen.dk/1st-retail/2025/47/63973/Netto472025-1_24_1666x2404_3383x4767_zoom.jpg,2025-11-15,2025-11-21,https://res.cloudinary.com/dfqzmnlga/image/upload/v1763205712/2025-11-15/10821053.jpg
10820825,16.00,Andoni,Pizza Frost,Kebab Pizza,1,0,stk.,Netto,https://static.tilbudsugen.dk/1st-retail/2025/47/63973/Netto472025-1_2_85x2548_2508x4750_zoom.jpg,2025-11-15,2025-11-21,https://res.cloudinary.com/dfqzmnlga/image/upload/v1763205712/2025-11-15/10820825.jpg
10820823,16.00,Andoni,Pizza Frost,Salami Pizza,1,0,stk.,Netto,https://static.tilbudsugen.dk/1st-retail/2025/47/63973/Netto472025-1_2_85x2548_2508x4750_zoom.jpg,2025-11-15,2025-11-21,https://res.cloudinary.com/dfqzmnlga/image/upload/v1763205712/2025-11-15/10820823.jpg
10820824,16.00,Andoni,Pizza Frost,Speciale Pizza,1,0,stk.,Netto,https://static.tilbudsugen.dk/1st-retail/2025/47/63973/Netto472025-1_2_85x2548_2508x4750_zoom.jpg,2025-11-15,2025-11-21,https://res.cloudinary.com/dfqzmnlga/image/upload/v1763205713/2025-11-15/10820824.jpg
10820826,16.00,Andoni,Pizza Frost,Bolognes Pizza ,1,0,stk.,Netto,https://static.tilbudsugen.dk/1st-retail/2025/47/63973/Netto472025-1_2_85x2548_2508x4750_zoom.jpg,2025-11-15,2025-11-21,https://res.cloudinary.com/dfqzmnlga/image/upload/v1763205713/2025-11-15/10820826.jpg
10820916,15.00,Velsmag,Kalve- og grisekød,Hakket kalv og grisekød 14-18%,1,0,bk.,Netto,https://static.tilbudsugen.dk/1st-retail/2025/47/63973/Netto472025-1_9_26x2982_2423x4801_zoom.jpg,2025-11-15,2025-11-21,https://res.cloudinary.com/dfqzmnlga/image/upload/v1763205713/2025-11-15/10820916.jpg
10820809,10.00,Bakkedal,Fedtstoffer,Smørbar,1,0,bg.,Netto,https://static.tilbudsugen.dk/1st-retail/2025/47/63973/Netto472025-1_1_102x2455_2329x4342_zoom.jpg,2025-11-15,2025-11-21,https://res.cloudinary.com/dfqzmnlga/image/upload/v1763205714/2025-11-15/10820809.jpg
10820976,25.00,Pølsemesteren,300 g - 599 g Normalpakke Pølser,Frankfurter,1,0,pk.,Netto,https://static.tilbudsugen.dk/1st-retail/2025/47/63973/Netto472025-1_17_25x2964_1660x4836_zoom.jpg,2025-11-15,2025-11-21,https://res.cloudinary.com/dfqzmnlga/image/upload/v1763205714/2025-11-15/10820976.jpg
10820912,35.00,Velsmag,Kylling,Kyllingeunderlår,1,0,pk.,Netto,https://static.tilbudsugen.dk/1st-retail/2025/47/63973/Netto472025-1_8_2780x4699_4947x6876_zoom.jpg,2025-11-15,2025-11-21,https://res.cloudinary.com/dfqzmnlga/image/upload/v1763205715/2025-11-15/10820912.jpg
10820974,25.00,Pølsemesteren,300 g - 599 g Normalpakke Pølser,Hotdogpølser,1,0,pk.,Netto,https://static.tilbudsugen.dk/1st-retail/2025/47/63973/Netto472025-1_17_25x2964_1660x4836_zoom.jpg,2025-11-15,2025-11-21,https://res.cloudinary.com/dfqzmnlga/image/upload/v1763205715/2025-11-15/10820974.jpg
10820946,16.00,Fransk,Postej og Paté,Leverpostej,1,0,pk.,Netto,https://static.tilbudsugen.dk/1st-retail/2025/47/63973/Netto472025-1_16_2446x974_4986x2796_zoom.jpg,2025-11-15,2025-11-21,https://res.cloudinary.com/dfqzmnlga/image/upload/v1763205715/2025-11-15/10820946.jpg
10820947,16.00,Bacon,Postej og Paté,Leverpostej,1,0,pk.,Netto,https://static.tilbudsugen.dk/1st-retail/2025/47/63973/Netto472025-1_16_2446x974_4986x2796_zoom.jpg,2025-11-15,2025-11-21,https://res.cloudinary.com/dfqzmnlga/image/upload/v1763205716/2025-11-15/10820947.jpg
10820949,16.00,Juleleverpostej,Postej og Paté,Leverpostej,1,0,pk.,Netto,https://static.tilbudsugen.dk/1st-retail/2025/47/63973/Netto472025-1_16_2446x974_4986x2796_zoom.jpg,2025-11-15,2025-11-21,https://res.cloudinary.com/dfqzmnlga/image/upload/v1763205716/2025-11-15/10820949.jpg
10820975,25.00,Pølsemesteren,300 g - 599 g Normalpakke Pølser,Grillpølser,1,0,pk.,Netto,https://static.tilbudsugen.dk/1st-retail/2025/47/63973/Netto472025-1_17_25x2964_1660x4836_zoom.jpg,2025-11-15,2025-11-21,https://res.cloudinary.com/dfqzmnlga/image/upload/v1763205718/2025-11-15/10820975.jpg
10790453,27.95,Velsmag,Grisekød,Bacon,1,0,pk.,Netto,https://static.tilbudsugen.dk/1st-retail/2025/45/63794/Netto442025-1_16_2823x4857_4944x6919_zoom.jpg,2025-11-01,2025-11-30,https://res.cloudinary.com/dfqzmnlga/image/upload/v1763205718/2025-11-15/10790453.jpg
10790452,27.95,Velsmag,Grisekød,Hamburgerryg,1,0,bk.,Netto,https://static.tilbudsugen.dk/1st-retail/2025/45/63794/Netto442025-1_16_2823x4857_4944x6919_zoom.jpg,2025-11-01,2025-11-30,https://res.cloudinary.com/dfqzmnlga/image/upload/v1763205718/2025-11-15/10790452.jpg
10820988,20.00,Næmt,Færdigretter Frost,Stegt kylling,1,0,pk.,Netto,https://static.tilbudsugen.dk/1st-retail/2025/47/63973/Netto472025-1_17_31x4830_2427x6846_zoom.jpg,2025-11-15,2025-11-21,https://res.cloudinary.com/dfqzmnlga/image/upload/v1763205719/2025-11-15/10820988.jpg
10820962,20.00,Næmt,Færdigretter Frost,Boller i Karry,1,0,pk.,Netto,https://static.tilbudsugen.dk/1st-retail/2025/47/63973/Netto472025-1_17_31x4830_2427x6846_zoom.jpg,2025-11-15,2025-11-21,https://res.cloudinary.com/dfqzmnlga/image/upload/v1763205719/2025-11-15/10820962.jpg
10820913,29.95,Velsmag,Grisekød,Ribbensteg,1,0,bk.,Netto,https://static.tilbudsugen.dk/1st-retail/2025/47/63973/Netto472025-1_9_102x253_2610x2387_zoom.jpg,2025-11-15,2025-11-21,https://res.cloudinary.com/dfqzmnlga/image/upload/v1763205719/2025-11-15/10820913.jpg
10821031,12.00,Løgismose,Madlavning friskvarer,Fraiche 9%,1,0,bg.,Netto,https://static.tilbudsugen.dk/1st-retail/2025/47/63973/Netto472025-1_18_44x3619_1666x5205_zoom.jpg,2025-11-15,2025-11-21,https://res.cloudinary.com/dfqzmnlga/image/upload/v1763205720/2025-11-15/10821031.jpg
10821032,12.00,Løgismose,Madlavning friskvarer,Creme Fraiche 18%,1,0,bg.,Netto,https://static.tilbudsugen.dk/1st-retail/2025/47/63973/Netto472025-1_18_44x3619_1666x5205_zoom.jpg,2025-11-15,2025-11-21,https://res.cloudinary.com/dfqzmnlga/image/upload/v1763205720/2025-11-15/10821032.jpg
10821087,45.00,,Spanske vine,Spansk Rødvin,1,0,fl.,Netto,https://static.tilbudsugen.dk/1st-retail/2025/47/63973/Netto472025-1_25_43x4665_2423x6850_zoom.jpg,2025-11-15,2025-11-21,https://res.cloudinary.com/dfqzmnlga/image/upload/v1763205720/2025-11-15/10821087.jpg
10821096,45.00,,Mousserende,Spansk Mousserende Vin,1,0,fl.,Netto,https://static.tilbudsugen.dk/1st-retail/2025/47/63973/Netto472025-1_25_43x4665_2423x6850_zoom.jpg,2025-11-15,2025-11-21,https://res.cloudinary.com/dfqzmnlga/image/upload/v1763205721/2025-11-15/10821096.jpg
10821097,45.00,,Tyske vine,Tysk Hvidvin,1,0,fl.,Netto,https://static.tilbudsugen.dk/1st-retail/2025/47/63973/Netto472025-1_25_43x4665_2423x6850_zoom.jpg,2025-11-15,2025-11-21,https://res.cloudinary.com/dfqzmnlga/image/upload/v1763205721/2025-11-15/10821097.jpg
10821086,45.00,,Spanske vine,Spansk Hvidvin,1,0,fl.,Netto,https://static.tilbudsugen.dk/1st-retail/2025/47/63973/Netto472025-1_25_43x4665_2423x6850_zoom.jpg,2025-11-15,2025-11-21,https://res.cloudinary.com/dfqzmnlga/image/upload/v1763205722/2025-11-15/10821086.jpg
10820882,45.00,,Italienske vine,Italiensk Hvidvin,1,0,fl.,Netto,https://static.tilbudsugen.dk/1st-retail/2025/47/63973/Netto472025-1_13_1760x2215_3282x4824_zoom.jpg,2025-11-15,2025-11-21,https://res.cloudinary.com/dfqzmnlga/image/upload/v1763205722/2025-11-15/10820882.jpg
10821085,45.00,,Franske vine,Fransk Rødvin,1,0,fl.,Netto,https://static.tilbudsugen.dk/1st-retail/2025/47/63973/Netto472025-1_25_43x4665_2423x6850_zoom.jpg,2025-11-15,2025-11-21,https://res.cloudinary.com/dfqzmnlga/image/upload/v1763205722/2025-11-15/10821085.jpg
10820973,25.00,Pølsemesteren,300 g - 599 g Normalpakke Pølser,Kyllingepølser,1,0,pk.,Netto,https://static.tilbudsugen.dk/1st-retail/2025/47/63973/Netto472025-1_17_25x2964_1660x4836_zoom.jpg,2025-11-15,2025-11-21,https://res.cloudinary.com/dfqzmnlga/image/upload/v1763205723/2025-11-15/10820973.jpg
10820914,25.00,Rose,Kylling,Hakket kylling 7-10%,1,0,bk.,Netto,https://static.tilbudsugen.dk/1st-retail/2025/47/63973/Netto472025-1_9_2389x2838_4998x4869_zoom.jpg,2025-11-15,2025-11-21,https://res.cloudinary.com/dfqzmnlga/image/upload/v1763205724/2025-11-15/10820914.jpg
10820903,10.00,Bistronne,Fjerkræ,Andelår,1,0,stk.,Netto,https://static.tilbudsugen.dk/1st-retail/2025/47/63973/Netto472025-1_8_2822x143_4046x2753_zoom.jpg,2025-11-15,2025-11-21,https://res.cloudinary.com/dfqzmnlga/image/upload/v1763205724/2025-11-15/10820903.jpg
10820886,45.00,Velsmag,Grisekød,Flæsk i skiver,1,0,bk.,Netto,https://static.tilbudsugen.dk/1st-retail/2025/47/63973/Netto472025-1_5_1190x5175_2550x6884_zoom.jpg,2025-11-15,2025-11-21,https://res.cloudinary.com/dfqzmnlga/image/upload/v1763205724/2025-11-15/10820886.jpg
10820908,45.00,Velsmag,Grisekød,Flæsk i skiver,1,0,bk.,Netto,https://static.tilbudsugen.dk/1st-retail/2025/47/63973/Netto472025-1_8_60x3560_3001x4886_zoom.jpg,2025-11-15,2025-11-21,https://res.cloudinary.com/dfqzmnlga/image/upload/v1763205725/2025-11-15/10820908.jpg
10820996,22.00,Karen Volf,Dybfrost Kager & Tærter,Æbleskiver,1,0,ps.,Netto,https://static.tilbudsugen.dk/1st-retail/2025/47/63973/Netto472025-1_22_2329x3875_4896x6825_zoom.jpg,2025-11-15,2025-11-21,https://res.cloudinary.com/dfqzmnlga/image/upload/v1763205725/2025-11-15/10820996.jpg
10820862,13.26,Hanegal,Vegetarpålæg,Plantepostej,1,0,pk.,Netto,https://static.tilbudsugen.dk/1st-retail/2025/47/63973/Netto472025-1_11_2228x4518_4998x6858_zoom.jpg,2025-11-15,2025-11-21,https://res.cloudinary.com/dfqzmnlga/image/upload/v1763205725/2025-11-15/10820862.jpg
10820852,10.00,Salatmesteren,Pålægssalat,Makrelsalat,1,0,bg.,Netto,https://static.tilbudsugen.dk/1st-retail/2025/47/63973/Netto472025-1_4_60x372_2533x3943_zoom.jpg,2025-11-15,2025-11-21,https://res.cloudinary.com/dfqzmnlga/image/upload/v1763205726/2025-11-15/10820852.jpg
10820856,10.00,Salatmesteren,Pålægssalat,Rejesalat,1,0,bg.,Netto,https://static.tilbudsugen.dk/1st-retail/2025/47/63973/Netto472025-1_4_60x372_2533x3943_zoom.jpg,2025-11-15,2025-11-21,https://res.cloudinary.com/dfqzmnlga/image/upload/v1763205726/2025-11-15/10820856.jpg
10820854,10.00,Salatmesteren,Pålægssalat,Hønsesalat,1,0,bg.,Netto,https://static.tilbudsugen.dk/1st-retail/2025/47/63973/Netto472025-1_4_60x372_2533x3943_zoom.jpg,2025-11-15,2025-11-21,https://res.cloudinary.com/dfqzmnlga/image/upload/v1763205727/2025-11-15/10820854.jpg
10820855,10.00,Salatmesteren,Pålægssalat,Tunsalat,1,0,bg.,Netto,https://static.tilbudsugen.dk/1st-retail/2025/47/63973/Netto472025-1_4_60x372_2533x3943_zoom.jpg,2025-11-15,2025-11-21,https://res.cloudinary.com/dfqzmnlga/image/upload/v1763205727/2025-11-15/10820855.jpg
10820853,10.00,Salatmesteren,Pålægssalat,Skinkesalat,1,0,bg.,Netto,https://static.tilbudsugen.dk/1st-retail/2025/47/63973/Netto472025-1_4_60x372_2533x3943_zoom.jpg,2025-11-15,2025-11-21,https://res.cloudinary.com/dfqzmnlga/image/upload/v1763205728/2025-11-15/10820853.jpg
10820857,10.00,Salatmesteren,Pålægssalat,Kylling & Baconsalat,1,0,bg.,Netto,https://static.tilbudsugen.dk/1st-retail/2025/47/63973/Netto472025-1_4_60x372_2533x3943_zoom.jpg,2025-11-15,2025-11-21,https://res.cloudinary.com/dfqzmnlga/image/upload/v1763205728/2025-11-15/10820857.jpg
10820858,10.00,Salatmesteren,Pålægssalat,Æggesalat,1,0,bg.,Netto,https://static.tilbudsugen.dk/1st-retail/2025/47/63973/Netto472025-1_4_60x372_2533x3943_zoom.jpg,2025-11-15,2025-11-21,https://res.cloudinary.com/dfqzmnlga/image/upload/v1763205729/2025-11-15/10820858.jpg
10820980,16.00,Premieur,Dej Køl,Pizzabunde fuldkorn,1,0,pk.,Netto,https://static.tilbudsugen.dk/1st-retail/2025/47/63973/Netto472025-1_17_50x1017_1697x2952_zoom.jpg,2025-11-15,2025-11-21,https://res.cloudinary.com/dfqzmnlga/image/upload/v1763205729/2025-11-15/10820980.jpg
10820977,16.00,Premieur,Dej Køl,Surdejs Pizzadej,1,0,pk.,Netto,https://static.tilbudsugen.dk/1st-retail/2025/47/63973/Netto472025-1_17_50x1017_1697x2952_zoom.jpg,2025-11-15,2025-11-21,https://res.cloudinary.com/dfqzmnlga/image/upload/v1763205729/2025-11-15/10820977.jpg
10820969,30.00,Casa Tarradellas,Pizza Fersk,Chicken Pizza,1,0,pk.,Netto,https://static.tilbudsugen.dk/1st-retail/2025/47/63973/Netto472025-1_17_3326x2814_4954x4843_zoom.jpg,2025-11-15,2025-11-21,https://res.cloudinary.com/dfqzmnlga/image/upload/v1763205730/2025-11-15/10820969.jpg
10820970,30.00,Casa Tarradellas,Pizza Fersk,Serrano Pizza,1,0,pk.,Netto,https://static.tilbudsugen.dk/1st-retail/2025/47/63973/Netto472025-1_17_3326x2814_4954x4843_zoom.jpg,2025-11-15,2025-11-21,https://res.cloudinary.com/dfqzmnlga/image/upload/v1763205730/2025-11-15/10820970.jpg
10820867,9.12,La Campagna,Oliven,Oliven,1,0,gl.,Netto,https://static.tilbudsugen.dk/1st-retail/2025/47/63973/Netto472025-1_12_3594x674_4886x4493_zoom.jpg,2025-11-15,2025-11-21,https://res.cloudinary.com/dfqzmnlga/image/upload/v1763205730/2025-11-15/10820867.jpg
10821002,20.00,Easis,Marmelade,Jordbærmarmelade,1,0,gl.,Netto,https://static.tilbudsugen.dk/1st-retail/2025/47/63973/Netto472025-1_23_1649x2582_3264x4699_zoom.jpg,2025-11-15,2025-11-21,https://res.cloudinary.com/dfqzmnlga/image/upload/v1763205731/2025-11-15/10821002.jpg
10821003,20.00,Easis,Marmelade,Hindbærmarmelade,1,0,gl.,Netto,https://static.tilbudsugen.dk/1st-retail/2025/47/63973/Netto472025-1_23_1649x2582_3264x4699_zoom.jpg,2025-11-15,2025-11-21,https://res.cloudinary.com/dfqzmnlga/image/upload/v1763205731/2025-11-15/10821003.jpg
10821004,20.00,Easis,Marmelade,Solbærmarmelade,1,0,gl.,Netto,https://static.tilbudsugen.dk/1st-retail/2025/47/63973/Netto472025-1_23_1649x2582_3264x4699_zoom.jpg,2025-11-15,2025-11-21,https://res.cloudinary.com/dfqzmnlga/image/upload/v1763205731/2025-11-15/10821004.jpg
10821051,20.00,Bonduelle,Grønt,Majs,1,0,pk.,Netto,https://static.tilbudsugen.dk/1st-retail/2025/47/63973/Netto472025-1_24_1666x2404_3383x4767_zoom.jpg,2025-11-15,2025-11-21,https://res.cloudinary.com/dfqzmnlga/image/upload/v1763205732/2025-11-15/10821051.jpg
10820968,30.00,Casa Tarradellas,Pizza Fersk,4 Cheese Pizza,1,0,pk.,Netto,https://static.tilbudsugen.dk/1st-retail/2025/47/63973/Netto472025-1_17_3326x2814_4954x4843_zoom.jpg,2025-11-15,2025-11-21,https://res.cloudinary.com/dfqzmnlga/image/upload/v1763205732/2025-11-15/10820968.jpg
10820971,30.00,Casa Tarradellas,Pizza Fersk,Carbonara Pizza,1,0,pk.,Netto,https://static.tilbudsugen.dk/1st-retail/2025/47/63973/Netto472025-1_17_3326x2814_4954x4843_zoom.jpg,2025-11-15,2025-11-21,https://res.cloudinary.com/dfqzmnlga/image/upload/v1763205732/2025-11-15/10820971.jpg
10820967,30.00,Casa Tarradellas,Pizza Fersk,Ham & Chesse Pizza,1,0,pk.,Netto,https://static.tilbudsugen.dk/1st-retail/2025/47/63973/Netto472025-1_17_3326x2814_4954x4843_zoom.jpg,2025-11-15,2025-11-21,https://res.cloudinary.com/dfqzmnlga/image/upload/v1763205733/2025-11-15/10820967.jpg
10820932,40.00,Klovborg,Skæreost,Skæreost Danbo Mellemlagret,1,0,stk.,Netto,https://static.tilbudsugen.dk/1st-retail/2025/47/63973/Netto472025-1_15_12x3208_2533x6840_zoom.jpg,2025-11-15,2025-11-21,https://res.cloudinary.com/dfqzmnlga/image/upload/v1763205733/2025-11-15/10820932.jpg
10820933,40.00,Cheasy,Skæreost,Skæreost Mild 13%,1,0,stk.,Netto,https://static.tilbudsugen.dk/1st-retail/2025/47/63973/Netto472025-1_15_12x3208_2533x6840_zoom.jpg,2025-11-15,2025-11-21,https://res.cloudinary.com/dfqzmnlga/image/upload/v1763205733/2025-11-15/10820933.jpg
10821060,55.00,Sæby,Konserves,Makrel Små Stykker,1,0,pk.,Netto,https://static.tilbudsugen.dk/1st-retail/2025/47/63973/Netto472025-1_24_85x4708_3383x6884_zoom.jpg,2025-11-15,2025-11-21,https://res.cloudinary.com/dfqzmnlga/image/upload/v1763205734/2025-11-15/10821060.jpg
10821059,55.00,Sæby,Konserves,Makrelfilet i Tomat,1,0,pk.,Netto,https://static.tilbudsugen.dk/1st-retail/2025/47/63973/Netto472025-1_24_85x4708_3383x6884_zoom.jpg,2025-11-15,2025-11-21,https://res.cloudinary.com/dfqzmnlga/image/upload/v1763205734/2025-11-15/10821059.jpg
10820966,30.00,Casa Tarradellas,Pizza Fersk,Barbecue Pizza,1,0,pk.,Netto,https://static.tilbudsugen.dk/1st-retail/2025/47/63973/Netto472025-1_17_3326x2814_4954x4843_zoom.jpg,2025-11-15,2025-11-21,https://res.cloudinary.com/dfqzmnlga/image/upload/v1763205734/2025-11-15/10820966.jpg
10820964,30.00,Casa Tarradellas,Pizza Fersk,Pepperoni Pizza,1,0,pk.,Netto,https://static.tilbudsugen.dk/1st-retail/2025/47/63973/Netto472025-1_17_3326x2814_4954x4843_zoom.jpg,2025-11-15,2025-11-21,https://res.cloudinary.com/dfqzmnlga/image/upload/v1763205736/2025-11-15/10820964.jpg
10820936,15.00,Creamy White,Specialost,Skimmelost,1,0,pk.,Netto,https://static.tilbudsugen.dk/1st-retail/2025/47/63973/Netto472025-1_15_2508x275_4948x3794_zoom.jpg,2025-11-15,2025-11-21,https://res.cloudinary.com/dfqzmnlga/image/upload/v1763205736/2025-11-15/10820936.jpg
10820919,75.00,,Kylling,Kyllingebrystfilet,1,1,pk.,Netto,https://static.tilbudsugen.dk/1st-retail/2025/47/63973/Netto472025-1_9_2448x4793_4973x6833_zoom.jpg,2025-11-15,2025-11-21,https://res.cloudinary.com/dfqzmnlga/image/upload/v1763205736/2025-11-15/10820919.jpg
10820924,75.00,,Kylling,Kyllingeinderfileter,1,0,bk.,Netto,https://static.tilbudsugen.dk/1st-retail/2025/47/63973/Netto472025-1_9_2448x4793_4973x6833_zoom.jpg,2025-11-15,2025-11-21,https://res.cloudinary.com/dfqzmnlga/image/upload/v1763205737/2025-11-15/10820924.jpg
10820931,12.00,Falengreen,Madlavningsost,Revet ost Mexitopping,1,0,ps.,Netto,https://static.tilbudsugen.dk/1st-retail/2025/47/63973/Netto472025-1_15_2421x3807_4936x6808_zoom.jpg,2025-11-15,2025-11-21,https://res.cloudinary.com/dfqzmnlga/image/upload/v1763205737/2025-11-15/10820931.jpg
10821050,12.00,Sereno,Snacks/bar,Myslibar,1,0,pk.,Netto,https://static.tilbudsugen.dk/1st-retail/2025/47/63973/Netto472025-1_24_94x100_2533x2463_zoom.jpg,2025-11-15,2025-11-21,https://res.cloudinary.com/dfqzmnlga/image/upload/v1763205737/2025-11-15/10821050.jpg
10820930,12.00,Falengreen,Madlavningsost,Revet ost Pizzatopping,1,0,ps.,Netto,https://static.tilbudsugen.dk/1st-retail/2025/47/63973/Netto472025-1_15_2421x3807_4936x6808_zoom.jpg,2025-11-15,2025-11-21,https://res.cloudinary.com/dfqzmnlga/image/upload/v1763205738/2025-11-15/10820930.jpg
10820887,16.00,ØGO,Grønt,Champignon,1,0,bk.,Netto,https://static.tilbudsugen.dk/1st-retail/2025/47/63973/Netto472025-1_13_1666x4924_3295x6889_zoom.jpg,2025-11-15,2025-11-21,https://res.cloudinary.com/dfqzmnlga/image/upload/v1763205738/2025-11-15/10820887.jpg
10821017,32.00,Næmt,Færdigretter Køl,Pulled Pork,1,0,pk.,Netto,https://static.tilbudsugen.dk/1st-retail/2025/47/63973/Netto472025-1_17_1666x2846_3320x4824_zoom.jpg,2025-11-15,2025-11-21,https://res.cloudinary.com/dfqzmnlga/image/upload/v1763205738/2025-11-15/10821017.jpg
10820865,10.00,Gul bordpak,"Pålæg, skiveskåret",Sønderjysk Spegepølse,1,0,pk.,Netto,https://static.tilbudsugen.dk/1st-retail/2025/47/63973/Netto472025-1_4_2397x355_4871x4036_zoom.jpg,2025-11-15,2025-11-21,https://res.cloudinary.com/dfqzmnlga/image/upload/v1763205739/2025-11-15/10820865.jpg
10820868,10.00,Gul bordpak,"Pålæg, skiveskåret",Kartoffelspegepølse,1,0,pk.,Netto,https://static.tilbudsugen.dk/1st-retail/2025/47/63973/Netto472025-1_4_2397x355_4871x4036_zoom.jpg,2025-11-15,2025-11-21,https://res.cloudinary.com/dfqzmnlga/image/upload/v1763205739/2025-11-15/10820868.jpg
10820872,10.00,Gul bordpak,"Pålæg, skiveskåret",Kødpølse,1,0,pk.,Netto,https://static.tilbudsugen.dk/1st-retail/2025/47/63973/Netto472025-1_4_2397x355_4871x4036_zoom.jpg,2025-11-15,2025-11-21,https://res.cloudinary.com/dfqzmnlga/image/upload/v1763205739/2025-11-15/10820872.jpg
10820943,20.00,Bådsmand,Sild,Sild,1,0,bg.,Netto,https://static.tilbudsugen.dk/1st-retail/2025/47/63973/Netto472025-1_16_0x4886_2565x6858_zoom.jpg,2025-11-15,2025-11-21,https://res.cloudinary.com/dfqzmnlga/image/upload/v1763205740/2025-11-15/10820943.jpg
10820863,15.39,ØGO,Knækbrød,Kerneknækbrød med havsalt,1,0,pk.,Netto,https://static.tilbudsugen.dk/1st-retail/2025/47/63973/Netto472025-1_11_50x3919_2128x6852_zoom.jpg,2025-11-15,2025-11-21,https://res.cloudinary.com/dfqzmnlga/image/upload/v1763205740/2025-11-15/10820863.jpg
10820922,15.00,Velsmag,Grisekød,Grisekoteletter,1,0,bk.,Netto,https://static.tilbudsugen.dk/1st-retail/2025/47/63973/Netto472025-1_9_26x2982_2423x4801_zoom.jpg,2025-11-15,2025-11-21,https://res.cloudinary.com/dfqzmnlga/image/upload/v1763205741/2025-11-15/10820922.jpg
10821018,32.00,Næmt,Færdigretter Køl,Pulled Chicken,1,0,pk.,Netto,https://static.tilbudsugen.dk/1st-retail/2025/47/63973/Netto472025-1_17_1666x2846_3320x4824_zoom.jpg,2025-11-15,2025-11-21,https://res.cloudinary.com/dfqzmnlga/image/upload/v1763205741/2025-11-15/10821018.jpg
10821099,129.00,,Californiske vine,Californisk Hvidvin,1,1,krt.,Netto,https://static.tilbudsugen.dk/1st-retail/2025/47/63973/Netto472025-1_25_3213x2778_4888x4886_zoom.jpg,2025-11-15,2025-11-21,https://res.cloudinary.com/dfqzmnlga/image/upload/v1763205741/2025-11-15/10821099.jpg
10821046,65.00,Løgismose,Gløgg,Gløgg,1,0,fl.,Netto,https://static.tilbudsugen.dk/1st-retail/2025/47/63973/Netto472025-1_19_3344x2452_4979x4699_zoom.jpg,2025-11-15,2025-11-21,https://res.cloudinary.com/dfqzmnlga/image/upload/v1763205742/2025-11-15/10821046.jpg
10820981,20.00,Protein Lab,Knækbrød,Knækbrød,1,0,pk.,Netto,https://static.tilbudsugen.dk/1st-retail/2025/47/63973/Netto472025-1_17_1716x811_3401x2852_zoom.jpg,2025-11-15,2025-11-21,https://res.cloudinary.com/dfqzmnlga/image/upload/v1763205742/2025-11-15/10820981.jpg
10821006,20.00,Kims,Chips,Sour Cream & Onion Chips,1,0,ps.,Netto,https://static.tilbudsugen.dk/1st-retail/2025/47/63973/Netto472025-1_23_3290x2497_4896x4716_zoom.jpg,2025-11-15,2025-11-21,https://res.cloudinary.com/dfqzmnlga/image/upload/v1763205743/2025-11-15/10821006.jpg
10821009,20.00,Kims,Chips,Bølgechips,1,0,ps.,Netto,https://static.tilbudsugen.dk/1st-retail/2025/47/63973/Netto472025-1_23_3290x2497_4896x4716_zoom.jpg,2025-11-15,2025-11-21,https://res.cloudinary.com/dfqzmnlga/image/upload/v1763205743/2025-11-15/10821009.jpg
10820987,20.00,Protein Lab,Knækbrød,Knækbrød,1,0,pk.,Netto,https://static.tilbudsugen.dk/1st-retail/2025/47/63973/Netto472025-1_17_1716x811_3401x2852_zoom.jpg,2025-11-15,2025-11-21,https://res.cloudinary.com/dfqzmnlga/image/upload/v1763205743/2025-11-15/10820987.jpg
10821005,20.00,Kims,Chips,Havsalt Chips,1,0,ps.,Netto,https://static.tilbudsugen.dk/1st-retail/2025/47/63973/Netto472025-1_23_3290x2497_4896x4716_zoom.jpg,2025-11-15,2025-11-21,https://res.cloudinary.com/dfqzmnlga/image/upload/v1763205744/2025-11-15/10821005.jpg
10820874,10.00,Gul bordpak,"Pålæg, skiveskåret",Kødpølse - Den lette,1,0,pk.,Netto,https://static.tilbudsugen.dk/1st-retail/2025/47/63973/Netto472025-1_4_2397x355_4871x4036_zoom.jpg,2025-11-15,2025-11-21,https://res.cloudinary.com/dfqzmnlga/image/upload/v1763205744/2025-11-15/10820874.jpg
10820870,10.00,Gul bordpak,"Pålæg, skiveskåret",Jægerpølse - Den lette,1,0,pk.,Netto,https://static.tilbudsugen.dk/1st-retail/2025/47/63973/Netto472025-1_4_2397x355_4871x4036_zoom.jpg,2025-11-15,2025-11-21,https://res.cloudinary.com/dfqzmnlga/image/upload/v1763205744/2025-11-15/10820870.jpg
10820871,10.00,Gul bordpak,"Pålæg, skiveskåret",Røget Medister,1,0,pk.,Netto,https://static.tilbudsugen.dk/1st-retail/2025/47/63973/Netto472025-1_4_2397x355_4871x4036_zoom.jpg,2025-11-15,2025-11-21,https://res.cloudinary.com/dfqzmnlga/image/upload/v1763205745/2025-11-15/10820871.jpg
10820869,10.00,Gul bordpak,"Pålæg, skiveskåret",Kalkunspegepølse - Den lette,1,0,pk.,Netto,https://static.tilbudsugen.dk/1st-retail/2025/47/63973/Netto472025-1_4_2397x355_4871x4036_zoom.jpg,2025-11-15,2025-11-21,https://res.cloudinary.com/dfqzmnlga/image/upload/v1763205745/2025-11-15/10820869.jpg
10821041,69.00,Løgismose,Hedvine,Portvin,1,0,fl.,Netto,https://static.tilbudsugen.dk/1st-retail/2025/47/63973/Netto472025-1_19_3320x44_4998x2484_zoom.jpg,2025-11-15,2025-11-21,https://res.cloudinary.com/dfqzmnlga/image/upload/v1763205746/2025-11-15/10821041.jpg
10820846,35.00,Odense,Kage og konfektmasse,Marcipan,1,0,pk.,Netto,https://static.tilbudsugen.dk/1st-retail/2025/47/63973/Netto472025-1_3_60x3288_4871x4988_zoom.jpg,2025-11-15,2025-11-21,https://res.cloudinary.com/dfqzmnlga/image/upload/v1763205746/2025-11-15/10820846.jpg
10820905,15.00,Bistronne,Fjerkræ,Andebryst,1,0,stk.,Netto,https://static.tilbudsugen.dk/1st-retail/2025/47/63973/Netto472025-1_8_3808x100_4888x2753_zoom.jpg,2025-11-15,2025-11-21,https://res.cloudinary.com/dfqzmnlga/image/upload/v1763205746/2025-11-15/10820905.jpg
10821008,20.00,Kims,Snacks,Ostepops Original,1,0,ps.,Netto,https://static.tilbudsugen.dk/1st-retail/2025/47/63973/Netto472025-1_23_3290x2497_4896x4716_zoom.jpg,2025-11-15,2025-11-21,https://res.cloudinary.com/dfqzmnlga/image/upload/v1763205747/2025-11-15/10821008.jpg
10820920,39.00,Velsmag,Oksekød,Hakket oksekød 8-12%,1,0,bk.,Netto,https://static.tilbudsugen.dk/1st-retail/2025/47/63973/Netto472025-1_9_17x4835_2567x6893_zoom.jpg,2025-11-15,2025-11-21,https://res.cloudinary.com/dfqzmnlga/image/upload/v1763205747/2025-11-15/10820920.jpg
10820811,39.00,Velsmag,Oksekød,Hakket oksekød 8-12%,1,0,bk.,Netto,https://static.tilbudsugen.dk/1st-retail/2025/47/63973/Netto472025-1_1_2508x2174_4879x4376_zoom.jpg,2025-11-15,2025-11-21,https://res.cloudinary.com/dfqzmnlga/image/upload/v1763205747/2025-11-15/10820811.jpg
10820835,39.00,Extra Specialristet,Kaffe,Kaffe Formalet,1,0,ps.,Netto,https://static.tilbudsugen.dk/1st-retail/2025/47/63973/Netto472025-1_2_60x4733_2397x6842_zoom.jpg,2025-11-15,2025-11-21,https://res.cloudinary.com/dfqzmnlga/image/upload/v1763205748/2025-11-15/10820835.jpg
10820841,39.00,Mørk,Kaffe,Kaffe Formalet,1,0,ps.,Netto,https://static.tilbudsugen.dk/1st-retail/2025/47/63973/Netto472025-1_2_60x4733_2397x6842_zoom.jpg,2025-11-15,2025-11-21,https://res.cloudinary.com/dfqzmnlga/image/upload/v1763205748/2025-11-15/10820841.jpg
10821007,20.00,Kims,Snacks,Saltskruer,1,0,ps.,Netto,https://static.tilbudsugen.dk/1st-retail/2025/47/63973/Netto472025-1_23_3290x2497_4896x4716_zoom.jpg,2025-11-15,2025-11-21,https://res.cloudinary.com/dfqzmnlga/image/upload/v1763205748/2025-11-15/10821007.jpg
10820901,30.00,Driscolls,Frugt,Blåbær,1,0,bk.,Netto,https://static.tilbudsugen.dk/1st-retail/2025/47/63973/Netto472025-1_6_3273x4844_4947x6842_zoom.jpg,2025-11-15,2025-11-21,https://res.cloudinary.com/dfqzmnlga/image/upload/v1763205749/2025-11-15/10820901.jpg
10820935,15.00,Creamy Blue,Specialost,Skimmelost,1,0,pk.,Netto,https://static.tilbudsugen.dk/1st-retail/2025/47/63973/Netto472025-1_15_2508x275_4948x3794_zoom.jpg,2025-11-15,2025-11-21,https://res.cloudinary.com/dfqzmnlga/image/upload/v1763205749/2025-11-15/10820935.jpg
10820938,15.00,Intense Blue,Specialost,Skimmelost,1,0,pk.,Netto,https://static.tilbudsugen.dk/1st-retail/2025/47/63973/Netto472025-1_15_2508x275_4948x3794_zoom.jpg,2025-11-15,2025-11-21,https://res.cloudinary.com/dfqzmnlga/image/upload/v1763205750/2025-11-15/10820938.jpg
10820941,30.00,Tulip,Bacon,Bacontern,1,0,pk.,Netto,https://static.tilbudsugen.dk/1st-retail/2025/47/63973/Netto472025-1_16_1610x2777_3326x4818_zoom.jpg,2025-11-15,2025-11-21,https://res.cloudinary.com/dfqzmnlga/image/upload/v1763205750/2025-11-15/10820941.jpg
10820939,15.00,Mild Blue,Specialost,Skimmelost,1,0,pk.,Netto,https://static.tilbudsugen.dk/1st-retail/2025/47/63973/Netto472025-1_15_2508x275_4948x3794_zoom.jpg,2025-11-15,2025-11-21,https://res.cloudinary.com/dfqzmnlga/image/upload/v1763205751/2025-11-15/10820939.jpg
10820940,30.00,Tulip,Bacon,Baconskiver,1,0,pk.,Netto,https://static.tilbudsugen.dk/1st-retail/2025/47/63973/Netto472025-1_16_1610x2777_3326x4818_zoom.jpg,2025-11-15,2025-11-21,https://res.cloudinary.com/dfqzmnlga/image/upload/v1763205751/2025-11-15/10820940.jpg
10820990,20.00,Vici,Færdigretter Frost,Gyoza Dumplings with Pork,1,0,ps.,Netto,https://static.tilbudsugen.dk/1st-retail/2025/47/63973/Netto472025-1_17_31x4830_2427x6846_zoom.jpg,2025-11-15,2025-11-21,https://res.cloudinary.com/dfqzmnlga/image/upload/v1763205751/2025-11-15/10820990.jpg
10820891,20.00,Knorr,"Suppe, Boullion & Fond",Grønsagsbouillon,1,0,pk.,Netto,https://static.tilbudsugen.dk/1st-retail/2025/47/63973/Netto472025-1_13_56x3189_1697x4655_zoom.jpg,2025-11-15,2025-11-21,https://res.cloudinary.com/dfqzmnlga/image/upload/v1763205752/2025-11-15/10820891.jpg
10820952,10.00,,"Pålæg, skiveskåret",Kyllingebryst,1,0,pk.,Netto,https://static.tilbudsugen.dk/1st-retail/2025/47/63973/Netto472025-1_16_25x2814_1678x4849_zoom.jpg,2025-11-15,2025-11-21,https://res.cloudinary.com/dfqzmnlga/image/upload/v1763205753/2025-11-15/10820952.jpg
10820989,20.00,Vici,Færdigretter Frost,Gyoza Dumplings with Vegetables and Chicken,1,0,ps.,Netto,https://static.tilbudsugen.dk/1st-retail/2025/47/63973/Netto472025-1_17_31x4830_2427x6846_zoom.jpg,2025-11-15,2025-11-21,https://res.cloudinary.com/dfqzmnlga/image/upload/v1763205753/2025-11-15/10820989.jpg
10820994,20.00,Curré,Kager,Havregrynskugler,1,0,pk.,Netto,https://static.tilbudsugen.dk/1st-retail/2025/47/63973/Netto472025-1_22_43x950_2295x2923_zoom.jpg,2025-11-15,2025-11-21,https://res.cloudinary.com/dfqzmnlga/image/upload/v1763205753/2025-11-15/10820994.jpg
10820951,10.00,,"Pålæg, skiveskåret",Hamburgerryg,1,0,pk.,Netto,https://static.tilbudsugen.dk/1st-retail/2025/47/63973/Netto472025-1_16_25x2814_1678x4849_zoom.jpg,2025-11-15,2025-11-21,https://res.cloudinary.com/dfqzmnlga/image/upload/v1763205754/2025-11-15/10820951.jpg
10820983,20.00,Protein Lab,Kiks,Havrekiks,1,0,pk.,Netto,https://static.tilbudsugen.dk/1st-retail/2025/47/63973/Netto472025-1_17_1716x811_3401x2852_zoom.jpg,2025-11-15,2025-11-21,https://res.cloudinary.com/dfqzmnlga/image/upload/v1763205755/2025-11-15/10820983.jpg
10820923,25.00,,Kylling,Kyllingestrimler,1,0,pk.,Netto,https://static.tilbudsugen.dk/1st-retail/2025/47/63973/Netto472025-1_9_2389x2838_4998x4869_zoom.jpg,2025-11-15,2025-11-21,https://res.cloudinary.com/dfqzmnlga/image/upload/v1763205755/2025-11-15/10820923.jpg
10821020,35.00,Løgismose,Müsli & Granola,Granola med bær,1,0,ps.,Netto,https://static.tilbudsugen.dk/1st-retail/2025/47/63973/Netto472025-1_18_3282x3626_4954x5236_zoom.jpg,2025-11-15,2025-11-21,https://res.cloudinary.com/dfqzmnlga/image/upload/v1763205755/2025-11-15/10821020.jpg
10821021,35.00,Løgismose,Müsli & Granola,Granola med Nødder,1,0,ps.,Netto,https://static.tilbudsugen.dk/1st-retail/2025/47/63973/Netto472025-1_18_3282x3626_4954x5236_zoom.jpg,2025-11-15,2025-11-21,https://res.cloudinary.com/dfqzmnlga/image/upload/v1763205756/2025-11-15/10821021.jpg
10820963,32.00,Næmt,Færdigretter Køl,Spareribs,1,0,pk.,Netto,https://static.tilbudsugen.dk/1st-retail/2025/47/63973/Netto472025-1_17_1666x2846_3320x4824_zoom.jpg,2025-11-15,2025-11-21,https://res.cloudinary.com/dfqzmnlga/image/upload/v1763205756/2025-11-15/10820963.jpg
10820873,10.00,Gul bordpak,"Pålæg, skiveskåret",Oksespegepølse,1,0,pk.,Netto,https://static.tilbudsugen.dk/1st-retail/2025/47/63973/Netto472025-1_4_2397x355_4871x4036_zoom.jpg,2025-11-15,2025-11-21,https://res.cloudinary.com/dfqzmnlga/image/upload/v1763205756/2025-11-15/10820873.jpg
10820836,39.00,Guld,Kaffe,Kaffe Formalet,1,0,ps.,Netto,https://static.tilbudsugen.dk/1st-retail/2025/47/63973/Netto472025-1_2_60x4733_2397x6842_zoom.jpg,2025-11-15,2025-11-21,https://res.cloudinary.com/dfqzmnlga/image/upload/v1763205757/2025-11-15/10820836.jpg
10820929,59.95,ØGO,Grisekød,Flæskesteg,1,0,stk.,Netto,https://static.tilbudsugen.dk/1st-retail/2025/47/63973/Netto472025-1_10_9x2931_2236x5107_zoom.jpg,2025-11-15,2025-11-21,https://res.cloudinary.com/dfqzmnlga/image/upload/v1763205757/2025-11-15/10820929.jpg
10821016,30.00,Tappsy,Slik,Slikposer,1,0,ps.,Netto,https://static.tilbudsugen.dk/1st-retail/2025/47/63973/Netto472025-1_23_1666x4614_3273x6884_zoom.jpg,2025-11-15,2025-11-21,https://res.cloudinary.com/dfqzmnlga/image/upload/v1763205758/2025-11-15/10821016.jpg
10820937,15.00,Danablu,Specialost,Skimmelost,1,0,pk.,Netto,https://static.tilbudsugen.dk/1st-retail/2025/47/63973/Netto472025-1_15_2508x275_4948x3794_zoom.jpg,2025-11-15,2025-11-21,https://res.cloudinary.com/dfqzmnlga/image/upload/v1763205758/2025-11-15/10820937.jpg
10821026,30.00,Salte Fisk,Slik,Slikposer,1,0,ps.,Netto,https://static.tilbudsugen.dk/1st-retail/2025/47/63973/Netto472025-1_23_1666x4614_3273x6884_zoom.jpg,2025-11-15,2025-11-21,https://res.cloudinary.com/dfqzmnlga/image/upload/v1763205758/2025-11-15/10821026.jpg
10820909,35.00,Velsmag,Kylling,Kyllingebrystfilet,1,0,bk.,Netto,https://static.tilbudsugen.dk/1st-retail/2025/47/63973/Netto472025-1_8_2780x4699_4947x6876_zoom.jpg,2025-11-15,2025-11-21,https://res.cloudinary.com/dfqzmnlga/image/upload/v1763205759/2025-11-15/10820909.jpg
10821010,20.00,Kims,Chips,Crunch Cut Chips Læsø Sydesalt,1,0,ps.,Netto,https://static.tilbudsugen.dk/1st-retail/2025/47/63973/Netto472025-1_23_3290x2497_4896x4716_zoom.jpg,2025-11-15,2025-11-21,https://res.cloudinary.com/dfqzmnlga/image/upload/v1763205759/2025-11-15/10821010.jpg
10820833,39.00,BKI,Kaffe,Kaffe Formalet,1,0,ps.,Netto,https://static.tilbudsugen.dk/1st-retail/2025/47/63973/Netto472025-1_2_60x4733_2397x6842_zoom.jpg,2025-11-15,2025-11-21,https://res.cloudinary.com/dfqzmnlga/image/upload/v1763205759/2025-11-15/10820833.jpg
10821013,25.00,Anthon Berg,Chokolade,Marcipantærter Blomme i Madeira,1,0,pk.,Netto,https://static.tilbudsugen.dk/1st-retail/2025/47/63973/Netto472025-1_23_34x4631_1743x6850_zoom.jpg,2025-11-15,2025-11-21,https://res.cloudinary.com/dfqzmnlga/image/upload/v1763205760/2025-11-15/10821013.jpg
10821015,25.00,Anthon Berg,Chokolade,Marcipantærter Blåbær i Vodka,1,0,pk.,Netto,https://static.tilbudsugen.dk/1st-retail/2025/47/63973/Netto472025-1_23_34x4631_1743x6850_zoom.jpg,2025-11-15,2025-11-21,https://res.cloudinary.com/dfqzmnlga/image/upload/v1763205760/2025-11-15/10821015.jpg
10821014,25.00,Anthon Berg,Chokolade,Marcipantærter Jordbær i Champagne,1,0,pk.,Netto,https://static.tilbudsugen.dk/1st-retail/2025/47/63973/Netto472025-1_23_34x4631_1743x6850_zoom.jpg,2025-11-15,2025-11-21,https://res.cloudinary.com/dfqzmnlga/image/upload/v1763205761/2025-11-15/10821014.jpg
10821056,55.00,Glyngøre,Konserves,Tun i vand,1,0,pk.,Netto,https://static.tilbudsugen.dk/1st-retail/2025/47/63973/Netto472025-1_24_85x4708_3383x6884_zoom.jpg,2025-11-15,2025-11-21,https://res.cloudinary.com/dfqzmnlga/image/upload/v1763205761/2025-11-15/10821056.jpg
10821058,55.00,Glyngøre,Konserves,Tun i olie,1,0,pk.,Netto,https://static.tilbudsugen.dk/1st-retail/2025/47/63973/Netto472025-1_24_85x4708_3383x6884_zoom.jpg,2025-11-15,2025-11-21,https://res.cloudinary.com/dfqzmnlga/image/upload/v1763205761/2025-11-15/10821058.jpg
10820997,20.00,Curré,Småkager,Pebernødder,1,0,pk.,Netto,https://static.tilbudsugen.dk/1st-retail/2025/47/63973/Netto472025-1_22_68x4895_2125x6876_zoom.jpg,2025-11-15,2025-11-21,https://res.cloudinary.com/dfqzmnlga/image/upload/v1763205762/2025-11-15/10820997.jpg
10821001,20.00,Curré,Småkager,Vaniljekranse,1,0,pk.,Netto,https://static.tilbudsugen.dk/1st-retail/2025/47/63973/Netto472025-1_23_60x2931_1700x4665_zoom.jpg,2025-11-15,2025-11-21,https://res.cloudinary.com/dfqzmnlga/image/upload/v1763205762/2025-11-15/10821001.jpg
10820995,20.00,Curré,Småkager,Finskbrød,1,0,pk.,Netto,https://static.tilbudsugen.dk/1st-retail/2025/47/63973/Netto472025-1_22_51x2906_2049x4903_zoom.jpg,2025-11-15,2025-11-21,https://res.cloudinary.com/dfqzmnlga/image/upload/v1763205762/2025-11-15/10820995.jpg
10821090,99.00,Triple Wood,Whisky,Whisky,1,0,fl.,Netto,https://static.tilbudsugen.dk/1st-retail/2025/47/63973/Netto472025-1_25_2397x4597_4862x6859_zoom.jpg,2025-11-15,2025-11-21,https://res.cloudinary.com/dfqzmnlga/image/upload/v1763205763/2025-11-15/10821090.jpg
10821091,99.00,Kahlua,Likør,Likør,1,0,fl.,Netto,https://static.tilbudsugen.dk/1st-retail/2025/47/63973/Netto472025-1_25_2397x4597_4862x6859_zoom.jpg,2025-11-15,2025-11-21,https://res.cloudinary.com/dfqzmnlga/image/upload/v1763205763/2025-11-15/10821091.jpg
10821095,99.00,Original,Snaps,Akvavit,1,0,fl.,Netto,https://static.tilbudsugen.dk/1st-retail/2025/47/63973/Netto472025-1_25_2397x4597_4862x6859_zoom.jpg,2025-11-15,2025-11-21,https://res.cloudinary.com/dfqzmnlga/image/upload/v1763205763/2025-11-15/10821095.jpg
10821088,99.00,Carta Blanca,Rom,Rom,1,0,fl.,Netto,https://static.tilbudsugen.dk/1st-retail/2025/47/63973/Netto472025-1_25_2397x4597_4862x6859_zoom.jpg,2025-11-15,2025-11-21,https://res.cloudinary.com/dfqzmnlga/image/upload/v1763205764/2025-11-15/10821088.jpg
10821089,99.00,Gammel Dansk,Bitter,Bitter,1,0,fl.,Netto,https://static.tilbudsugen.dk/1st-retail/2025/47/63973/Netto472025-1_25_2397x4597_4862x6859_zoom.jpg,2025-11-15,2025-11-21,https://res.cloudinary.com/dfqzmnlga/image/upload/v1763205764/2025-11-15/10821089.jpg
10820859,85.00,Velsmag,Fersk fisk,Lakseside,1,0,pk.,Netto,https://static.tilbudsugen.dk/1st-retail/2025/47/63973/Netto472025-1_4_2406x4376_4947x6876_zoom.jpg,2025-11-15,2025-11-21,https://res.cloudinary.com/dfqzmnlga/image/upload/v1763205765/2025-11-15/10820859.jpg
10821019,29.00,Løgismose,Fedtstoffer,Smør,1,0,pk.,Netto,https://static.tilbudsugen.dk/1st-retail/2025/47/63973/Netto472025-1_18_50x2552_2877x3570_zoom.jpg,2025-11-15,2025-11-21,https://res.cloudinary.com/dfqzmnlga/image/upload/v1763205765/2025-11-15/10821019.jpg
10821039,45.00,Etiopien,Kaffe,Kaffe Formalet,1,0,ps.,Netto,https://static.tilbudsugen.dk/1st-retail/2025/47/63973/Netto472025-1_18_3257x5186_4904x6846_zoom.jpg,2025-11-15,2025-11-21,https://res.cloudinary.com/dfqzmnlga/image/upload/v1763205765/2025-11-15/10821039.jpg
10821072,29.00,Løgismose,Småkager,Pebernødder,1,0,bg.,Netto,https://static.tilbudsugen.dk/1st-retail/2025/47/63973/Netto472025-1_19_25x4687_2565x6877_zoom.jpg,2025-11-15,2025-11-21,https://res.cloudinary.com/dfqzmnlga/image/upload/v1763205766/2025-11-15/10821072.jpg
10820902,50.00,Premieur,Grisekød,Grisekoteletter,1,0,bk.,Netto,https://static.tilbudsugen.dk/1st-retail/2025/47/63973/Netto472025-1_7_2525x4614_4913x7012_zoom.jpg,2025-11-15,2025-11-21,https://res.cloudinary.com/dfqzmnlga/image/upload/v1763205766/2025-11-15/10820902.jpg
10820945,29.00,Polar Seafood,Rejer og andre skaldyr,Rejer,1,0,bg.,Netto,https://static.tilbudsugen.dk/1st-retail/2025/47/63973/Netto472025-1_16_2471x4899_4942x6833_zoom.jpg,2025-11-15,2025-11-21,https://res.cloudinary.com/dfqzmnlga/image/upload/v1763205767/2025-11-15/10820945.jpg
10821054,69.00,Amarena Fabbri,Dessertsaucer,Kirsebærsauce,1,0,gl.,Netto,https://static.tilbudsugen.dk/1st-retail/2025/47/63973/Netto472025-1_24_3290x4631_4905x6859_zoom.jpg,2025-11-15,2025-11-21,https://res.cloudinary.com/dfqzmnlga/image/upload/v1763205767/2025-11-15/10821054.jpg
10821028,69.00,Ellens Bakery,Småkager,Christmas Cookie,1,0,ks,Netto,https://static.tilbudsugen.dk/1st-retail/2025/47/63973/Netto472025-1_23_3298x4886_4888x6884_zoom.jpg,2025-11-15,2025-11-21,https://res.cloudinary.com/dfqzmnlga/image/upload/v1763205767/2025-11-15/10821028.jpg
10821071,29.00,Løgismose,Småkager,Brunkager,1,0,bg.,Netto,https://static.tilbudsugen.dk/1st-retail/2025/47/63973/Netto472025-1_19_25x4687_2565x6877_zoom.jpg,2025-11-15,2025-11-21,https://res.cloudinary.com/dfqzmnlga/image/upload/v1763205768/2025-11-15/10821071.jpg
10821073,29.00,Løgismose,Småkager,Vaniljekranse,1,0,bg.,Netto,https://static.tilbudsugen.dk/1st-retail/2025/47/63973/Netto472025-1_19_25x4687_2565x6877_zoom.jpg,2025-11-15,2025-11-21,https://res.cloudinary.com/dfqzmnlga/image/upload/v1763205768/2025-11-15/10821073.jpg
10821093,99.00,Silver,Tequila,Tequila,1,0,fl.,Netto,https://static.tilbudsugen.dk/1st-retail/2025/47/63973/Netto472025-1_25_2397x4597_4862x6859_zoom.jpg,2025-11-15,2025-11-21,https://res.cloudinary.com/dfqzmnlga/image/upload/v1763205768/2025-11-15/10821093.jpg
10820965,15.00,,Chokolade,Julekalender,1,0,pk.,Netto,https://static.tilbudsugen.dk/1st-retail/2025/47/63973/Netto472025-1_21_196x959_2533x2795_zoom.jpg,2025-11-15,2025-11-21,https://res.cloudinary.com/dfqzmnlga/image/upload/v1763205769/2025-11-15/10820965.jpg
10821123,10.00,Palmolive Men,Deodorant,Deo Roll-on,1,0,stk.,Netto,https://static.tilbudsugen.dk/1st-retail/2025/47/63973/Netto472025-1_26_51x925_2499x2897_zoom.jpg,2025-11-15,2025-11-21,https://res.cloudinary.com/dfqzmnlga/image/upload/v1763205769/2025-11-15/10821123.jpg
10821125,10.00,Palmolive,Deodorant,Deo Roll-on,1,0,stk.,Netto,https://static.tilbudsugen.dk/1st-retail/2025/47/63973/Netto472025-1_26_51x925_2499x2897_zoom.jpg,2025-11-15,2025-11-21,https://res.cloudinary.com/dfqzmnlga/image/upload/v1763205769/2025-11-15/10821125.jpg
10821215,10.00,,Garn,Garn,1,0,stk.,Netto,https://static.tilbudsugen.dk/1st-retail/2025/47/63973/Netto472025-1_38_243x4687_2290x6796_zoom.jpg,2025-11-15,2025-11-21,https://res.cloudinary.com/dfqzmnlga/image/upload/v1763205770/2025-11-15/10821215.jpg
10820904,18.00,Daim,Dybfrost Kager & Tærter,Cheesecake,1,0,pk.,Netto,https://static.tilbudsugen.dk/1st-retail/2025/47/63973/Netto472025-1_14_2496x2683_4892x6846_zoom.jpg,2025-11-15,2025-11-21,https://res.cloudinary.com/dfqzmnlga/image/upload/v1763205770/2025-11-15/10820904.jpg
10820917,18.00,Toblerone,Dybfrost Kager & Tærter,Cheesecake,1,0,pk.,Netto,https://static.tilbudsugen.dk/1st-retail/2025/47/63973/Netto472025-1_14_2496x2683_4892x6846_zoom.jpg,2025-11-15,2025-11-21,https://res.cloudinary.com/dfqzmnlga/image/upload/v1763205771/2025-11-15/10820917.jpg
10821141,99.00,Husk,Kosttilskud,Kosttilskud,1,0,pk.,Netto,https://static.tilbudsugen.dk/1st-retail/2025/47/63973/Netto472025-1_26_9x4861_1734x6876_zoom.jpg,2025-11-15,2025-11-21,https://res.cloudinary.com/dfqzmnlga/image/upload/v1763205771/2025-11-15/10821141.jpg
10821037,45.00,Lysristet,Kaffe,Kaffebønner,1,0,pk.,Netto,https://static.tilbudsugen.dk/1st-retail/2025/47/63973/Netto472025-1_18_3257x5186_4904x6846_zoom.jpg,2025-11-15,2025-11-21,https://res.cloudinary.com/dfqzmnlga/image/upload/v1763205772/2025-11-15/10821037.jpg
10821038,45.00,Mørkristet,Kaffe,Kaffebønner,1,0,pk.,Netto,https://static.tilbudsugen.dk/1st-retail/2025/47/63973/Netto472025-1_18_3257x5186_4904x6846_zoom.jpg,2025-11-15,2025-11-21,https://res.cloudinary.com/dfqzmnlga/image/upload/v1763205772/2025-11-15/10821038.jpg
10820915,18.00,Oreo,Dybfrost Kager & Tærter,Cheesecake,1,0,pk.,Netto,https://static.tilbudsugen.dk/1st-retail/2025/47/63973/Netto472025-1_14_2496x2683_4892x6846_zoom.jpg,2025-11-15,2025-11-21,https://res.cloudinary.com/dfqzmnlga/image/upload/v1763205772/2025-11-15/10820915.jpg
10820918,18.00,Philadelphia,Dybfrost Kager & Tærter,Cheesecake,1,0,pk.,Netto,https://static.tilbudsugen.dk/1st-retail/2025/47/63973/Netto472025-1_14_2496x2683_4892x6846_zoom.jpg,2025-11-15,2025-11-21,https://res.cloudinary.com/dfqzmnlga/image/upload/v1763205773/2025-11-15/10820918.jpg
10820944,59.00,Premieur,Røget og gravad,Laks i skiver,1,0,pk.,Netto,https://static.tilbudsugen.dk/1st-retail/2025/47/63973/Netto472025-1_16_3344x2827_4886x4880_zoom.jpg,2025-11-15,2025-11-21,https://res.cloudinary.com/dfqzmnlga/image/upload/v1763205773/2025-11-15/10820944.jpg
10820876,12.00,ØGO,Krydderier,Kanel,1,0,gl.,Netto,https://static.tilbudsugen.dk/1st-retail/2025/47/63973/Netto472025-1_5_2440x1358_3621x2999_zoom.jpg,2025-11-15,2025-11-21,https://res.cloudinary.com/dfqzmnlga/image/upload/v1763205773/2025-11-15/10820876.jpg
10820881,48.00,Zanetti,Specialost,Grana Padano,1,0,pk.,Netto,https://static.tilbudsugen.dk/1st-retail/2025/47/63973/Netto472025-1_13_112x761_2121x3208_zoom.jpg,2025-11-15,2025-11-21,https://res.cloudinary.com/dfqzmnlga/image/upload/v1763205774/2025-11-15/10820881.jpg
10820999,15.00,Mimoser,Chokolade,Dessertchokolade,1,0,æsk.,Netto,https://static.tilbudsugen.dk/1st-retail/2025/47/63973/Netto472025-1_23_111x797_2754x2540_zoom.jpg,2025-11-15,2025-11-21,https://res.cloudinary.com/dfqzmnlga/image/upload/v1763205774/2025-11-15/10820999.jpg
10820998,15.00,Åkander,Chokolade,Dessertchokolade,1,0,æsk.,Netto,https://static.tilbudsugen.dk/1st-retail/2025/47/63973/Netto472025-1_23_111x797_2754x2540_zoom.jpg,2025-11-15,2025-11-21,https://res.cloudinary.com/dfqzmnlga/image/upload/v1763205775/2025-11-15/10820998.jpg
10821000,15.00,Tvillingeringe,Chokolade,Dessertchokolade,1,0,æsk.,Netto,https://static.tilbudsugen.dk/1st-retail/2025/47/63973/Netto472025-1_23_111x797_2754x2540_zoom.jpg,2025-11-15,2025-11-21,https://res.cloudinary.com/dfqzmnlga/image/upload/v1763205775/2025-11-15/10821000.jpg
10821030,89.00,Collection,Chokolade,Dessertchokolade,1,0,æsk.,Netto,https://static.tilbudsugen.dk/1st-retail/2025/47/63973/Netto472025-1_23_2686x695_4939x2489_zoom.jpg,2025-11-15,2025-11-21,https://res.cloudinary.com/dfqzmnlga/image/upload/v1763205776/2025-11-15/10821030.jpg
10820934,50.00,Premieur,Specialost,Parmigiano Reggiano,1,0,stk.,Netto,https://static.tilbudsugen.dk/1st-retail/2025/47/63973/Netto472025-1_15_144x374_2433x3164_zoom.jpg,2025-11-15,2025-11-21,https://res.cloudinary.com/dfqzmnlga/image/upload/v1763205776/2025-11-15/10820934.jpg
10820993,50.00,Baron,Chokolade,Julekalender,1,0,pk.,Netto,https://static.tilbudsugen.dk/1st-retail/2025/47/63973/Netto472025-1_21_51x2906_2550x4937_zoom.jpg,2025-11-15,2025-11-21,https://res.cloudinary.com/dfqzmnlga/image/upload/v1763205776/2025-11-15/10820993.jpg
10820979,89.00,Hultén,Chokolade,Julekalender,1,0,stk.,Netto,https://static.tilbudsugen.dk/1st-retail/2025/47/63973/Netto472025-1_21_2474x2778_4811x4801_zoom.jpg,2025-11-15,2025-11-21,https://res.cloudinary.com/dfqzmnlga/image/upload/v1763205777/2025-11-15/10820979.jpg
10821092,99.00,Hendricks,Gin,Gin,1,0,fl.,Netto,https://static.tilbudsugen.dk/1st-retail/2025/47/63973/Netto472025-1_25_2397x4597_4862x6859_zoom.jpg,2025-11-15,2025-11-21,https://res.cloudinary.com/dfqzmnlga/image/upload/v1763205777/2025-11-15/10821092.jpg
10821062,29.00,Løgismose,Krydderier,Gløggmix,1,0,ps.,Netto,https://static.tilbudsugen.dk/1st-retail/2025/47/63973/Netto472025-1_19_1654x2440_3351x4655_zoom.jpg,2025-11-15,2025-11-21,https://res.cloudinary.com/dfqzmnlga/image/upload/v1763205778/2025-11-15/10821062.jpg
10820950,29.00,Premieur,Røget og gravad,Laks,1,0,pk.,Netto,https://static.tilbudsugen.dk/1st-retail/2025/47/63973/Netto472025-1_16_2471x4899_4942x6833_zoom.jpg,2025-11-15,2025-11-21,https://res.cloudinary.com/dfqzmnlga/image/upload/v1763205778/2025-11-15/10820950.jpg
10821143,17.00,Barebells,Snacks/bar,Energibar,1,0,stk.,Netto,https://static.tilbudsugen.dk/1st-retail/2025/47/63973/Netto472025-1_26_1700x4793_3315x6901_zoom.jpg,2025-11-15,2025-11-21,https://res.cloudinary.com/dfqzmnlga/image/upload/v1763205778/2025-11-15/10821143.jpg
10790698,17.00,Barebells,Snacks/bar,Energibar,1,0,stk.,Netto,https://static.tilbudsugen.dk/1st-retail/2025/45/63794/Netto442025-1_32_1676x2777_3306x4816_zoom.jpg,2025-11-01,2025-11-30,https://res.cloudinary.com/dfqzmnlga/image/upload/v1763205779/2025-11-15/10790698.jpg
10820982,119.00,Kinder,Chokolade,Julekalender,1,0,stk.,Netto,https://static.tilbudsugen.dk/1st-retail/2025/47/63973/Netto472025-1_21_2933x4852_4820x6859_zoom.jpg,2025-11-15,2025-11-21,https://res.cloudinary.com/dfqzmnlga/image/upload/v1763205779/2025-11-15/10820982.jpg
10821055,29.00,Løgismose,Chokolade,Chokoladeplade Mørk,1,0,stk.,Netto,https://static.tilbudsugen.dk/1st-retail/2025/47/63973/Netto472025-1_19_1691x250_3332x2428_zoom.jpg,2025-11-15,2025-11-21,https://res.cloudinary.com/dfqzmnlga/image/upload/v1763205780/2025-11-15/10821055.jpg
10821052,29.00,Løgismose,Chokolade,Chokoladeplade Lys,1,0,stk.,Netto,https://static.tilbudsugen.dk/1st-retail/2025/47/63973/Netto472025-1_19_1691x250_3332x2428_zoom.jpg,2025-11-15,2025-11-21,https://res.cloudinary.com/dfqzmnlga/image/upload/v1763205780/2025-11-15/10821052.jpg
10820972,40.00,Maltesers,Chokolade,Julekalender,1,0,stk.,Netto,https://static.tilbudsugen.dk/1st-retail/2025/47/63973/Netto472025-1_21_2431x568_4879x2897_zoom.jpg,2025-11-15,2025-11-21,https://res.cloudinary.com/dfqzmnlga/image/upload/v1763205780/2025-11-15/10820972.jpg
10820925,39.00,ØGO,Røget og gravad,Laks,1,0,pk.,Netto,https://static.tilbudsugen.dk/1st-retail/2025/47/63973/Netto472025-1_10_1989x75_4820x2157_zoom.jpg,2025-11-15,2025-11-21,https://res.cloudinary.com/dfqzmnlga/image/upload/v1763205781/2025-11-15/10820925.jpg
10820926,39.00,ØGO,Røget og gravad,Laks i skiver,1,0,pk.,Netto,https://static.tilbudsugen.dk/1st-retail/2025/47/63973/Netto472025-1_10_1989x75_4820x2157_zoom.jpg,2025-11-15,2025-11-21,https://res.cloudinary.com/dfqzmnlga/image/upload/v1763205781/2025-11-15/10820926.jpg
10821057,20.00,Løgismose,Te,Løs te,1,0,ps.,Netto,https://static.tilbudsugen.dk/1st-retail/2025/47/63973/Netto472025-1_19_44x206_1647x2446_zoom.jpg,2025-11-15,2025-11-21,https://res.cloudinary.com/dfqzmnlga/image/upload/v1763205781/2025-11-15/10821057.jpg
10820992,40.00,Brain Blasterz,Slik,Julekalender,1,0,stk.,Netto,https://static.tilbudsugen.dk/1st-retail/2025/47/63973/Netto472025-1_21_2431x568_4879x2897_zoom.jpg,2025-11-15,2025-11-21,https://res.cloudinary.com/dfqzmnlga/image/upload/v1763205781/2025-11-15/10820992.jpg
10820986,99.00,Chupa Chups,Slik,Julekalender,1,0,stk.,Netto,https://static.tilbudsugen.dk/1st-retail/2025/47/63973/Netto472025-1_21_51x4963_2601x6842_zoom.jpg,2025-11-15,2025-11-21,https://res.cloudinary.com/dfqzmnlga/image/upload/v1763205782/2025-11-15/10820986.jpg
10821094,99.00,Mini Meister,Bitter,Bitter,1,0,pk.,Netto,https://static.tilbudsugen.dk/1st-retail/2025/47/63973/Netto472025-1_25_2397x4597_4862x6859_zoom.jpg,2025-11-15,2025-11-21,https://res.cloudinary.com/dfqzmnlga/image/upload/v1763205782/2025-11-15/10821094.jpg
10820985,50.00,Crunch,Chokolade,Julekalender,1,0,stk.,Netto,https://static.tilbudsugen.dk/1st-retail/2025/47/63973/Netto472025-1_21_51x2906_2550x4937_zoom.jpg,2025-11-15,2025-11-21,https://res.cloudinary.com/dfqzmnlga/image/upload/v1763205782/2025-11-15/10820985.jpg
10821011,20.00,Kims,Dip,Dip Dild,1,0,ps.,Netto,https://static.tilbudsugen.dk/1st-retail/2025/47/63973/Netto472025-1_23_3290x2497_4896x4716_zoom.jpg,2025-11-15,2025-11-21,https://res.cloudinary.com/dfqzmnlga/image/upload/v1763205783/2025-11-15/10821011.jpg
10821012,20.00,Kims,Dip,Dip Holiday,1,0,ps.,Netto,https://static.tilbudsugen.dk/1st-retail/2025/47/63973/Netto472025-1_23_3290x2497_4896x4716_zoom.jpg,2025-11-15,2025-11-21,https://res.cloudinary.com/dfqzmnlga/image/upload/v1763205783/2025-11-15/10821012.jpg
10821201,20.00,Nord Home LIving,Bloklys,Bloklys,1,0,pk.,Netto,https://static.tilbudsugen.dk/1st-retail/2025/47/63973/Netto472025-1_40_237x268_4811x2727_zoom.jpg,2025-11-15,2025-11-21,https://res.cloudinary.com/dfqzmnlga/image/upload/v1763205784/2025-11-15/10821201.jpg
10821211,59.00,,Maskiner,Graveringsværktøj,1,0,stk.,Netto,https://static.tilbudsugen.dk/1st-retail/2025/47/63973/Netto472025-1_38_2633x287_4780x2365_zoom.jpg,2025-11-15,2025-11-21,https://res.cloudinary.com/dfqzmnlga/image/upload/v1763205784/2025-11-15/10821211.jpg
10821212,69.00,,"Billeder, plakater mm.",Billedramme,1,0,stk.,Netto,https://static.tilbudsugen.dk/1st-retail/2025/47/63973/Netto472025-1_38_3232x2434_4742x4587_zoom.jpg,2025-11-15,2025-11-21,https://res.cloudinary.com/dfqzmnlga/image/upload/v1763205784/2025-11-15/10821212.jpg
10821106,30.00,,Boligtekstiler,Dækkeserviet,1,0,stk.,Netto,https://static.tilbudsugen.dk/1st-retail/2025/47/63973/Netto472025-1_32_0x880_2146x2683_zoom.jpg,2025-11-15,2025-11-21,https://res.cloudinary.com/dfqzmnlga/image/upload/v1763205785/2025-11-15/10821106.jpg
10821108,35.00,,Service,Kop,1,0,stk.,Netto,https://static.tilbudsugen.dk/1st-retail/2025/47/63973/Netto472025-1_32_0x880_2146x2683_zoom.jpg,2025-11-15,2025-11-21,https://res.cloudinary.com/dfqzmnlga/image/upload/v1763205785/2025-11-15/10821108.jpg
10821124,20.00,,Køkkenredskaber,Kødnåle,1,0,pk.,Netto,https://static.tilbudsugen.dk/1st-retail/2025/47/63973/Netto472025-1_33_162x668_3251x2702_zoom.jpg,2025-11-15,2025-11-21,https://res.cloudinary.com/dfqzmnlga/image/upload/v1763205786/2025-11-15/10821124.jpg
10821161,20.00,,Service,Krus,1,0,stk.,Netto,https://static.tilbudsugen.dk/1st-retail/2025/47/63973/Netto472025-1_34_187x2789_2234x4724_zoom.jpg,2025-11-15,2025-11-21,https://res.cloudinary.com/dfqzmnlga/image/upload/v1763205786/2025-11-15/10821161.jpg
10821164,69.00,,Tasker,Bæltetaske,1,0,stk.,Netto,https://static.tilbudsugen.dk/1st-retail/2025/47/63973/Netto472025-1_35_3332x2821_4836x4755_zoom.jpg,2025-11-15,2025-11-21,https://res.cloudinary.com/dfqzmnlga/image/upload/v1763205787/2025-11-15/10821164.jpg
10821174,89.00,,Dametøj,Pyjamasbukser,1,0,stk.,Netto,https://static.tilbudsugen.dk/1st-retail/2025/47/63973/Netto472025-1_36_3114x100_4923x6858_zoom.jpg,2025-11-15,2025-11-21,https://res.cloudinary.com/dfqzmnlga/image/upload/v1763205787/2025-11-15/10821174.jpg
10821176,99.00,,Jul,Nisse,1,0,stk.,Netto,https://static.tilbudsugen.dk/1st-retail/2025/47/63973/Netto472025-1_28_3188x2514_4930x6799_zoom.jpg,2025-11-15,2025-11-21,https://res.cloudinary.com/dfqzmnlga/image/upload/v1763205788/2025-11-15/10821176.jpg
10821191,40.00,,Kreativitetslegetøj & puslespil,Perler,1,0,stk.,Netto,https://static.tilbudsugen.dk/1st-retail/2025/47/63973/Netto472025-1_37_2040x412_4961x2696_zoom.jpg,2025-11-15,2025-11-21,https://res.cloudinary.com/dfqzmnlga/image/upload/v1763205788/2025-11-15/10821191.jpg
10821195,30.00,,Stearinlys,Kalenderlys,1,0,stk.,Netto,https://static.tilbudsugen.dk/1st-retail/2025/47/63973/Netto472025-1_30_272x262_4743x3543_zoom.jpg,2025-11-15,2025-11-21,https://res.cloudinary.com/dfqzmnlga/image/upload/v1763205788/2025-11-15/10821195.jpg
10808519,199.00,,Boligtekstiler,Pudebetræk,1,0,stk.,Netto,https://static.tilbudsugen.dk/1st-retail/2025/46/63858/Netto452025-1_37_2534x2966_4974x4761_zoom.jpg,2025-11-08,2025-12-12,https://res.cloudinary.com/dfqzmnlga/image/upload/v1763205789/2025-11-15/10808519.jpg
10808527,199.00,Sinful,Diverse,Sexlegetøj,1,0,stk.,Netto,https://static.tilbudsugen.dk/1st-retail/2025/46/63858/Netto452025-1_37_2306x486_3440x2698_zoom.jpg,2025-11-08,2025-12-12,https://res.cloudinary.com/dfqzmnlga/image/upload/v1763205789/2025-11-15/10808527.jpg
10808530,49.00,Sinful,Diverse,Sexlegetøj,1,0,stk.,Netto,https://static.tilbudsugen.dk/1st-retail/2025/46/63858/Netto452025-1_37_2771x1769_3825x2690_zoom.jpg,2025-11-08,2025-12-12,https://res.cloudinary.com/dfqzmnlga/image/upload/v1763205789/2025-11-15/10808530.jpg
10821103,40.00,,Stearinlys,Kalenderlys,1,0,stk.,Netto,https://static.tilbudsugen.dk/1st-retail/2025/47/63973/Netto472025-1_31_231x2746_2496x4624_zoom.jpg,2025-11-15,2025-11-21,https://res.cloudinary.com/dfqzmnlga/image/upload/v1763205790/2025-11-15/10821103.jpg
10821107,35.00,,"Skåle, fade og forme",Skål,1,0,stk.,Netto,https://static.tilbudsugen.dk/1st-retail/2025/47/63973/Netto472025-1_32_0x880_2146x2683_zoom.jpg,2025-11-15,2025-11-21,https://res.cloudinary.com/dfqzmnlga/image/upload/v1763205790/2025-11-15/10821107.jpg
10821110,59.00,,Boligtekstiler,Puder,1,0,stk.,Netto,https://static.tilbudsugen.dk/1st-retail/2025/47/63973/Netto472025-1_32_144x2771_1891x4917_zoom.jpg,2025-11-15,2025-11-21,https://res.cloudinary.com/dfqzmnlga/image/upload/v1763205791/2025-11-15/10821110.jpg
10821111,30.00,,Køkkenartikler,Tehætte,1,0,stk.,Netto,https://static.tilbudsugen.dk/1st-retail/2025/47/63973/Netto472025-1_32_1279x2690_3557x3857_zoom.jpg,2025-11-15,2025-11-21,https://res.cloudinary.com/dfqzmnlga/image/upload/v1763205791/2025-11-15/10821111.jpg
10821120,20.00,,Køkkenartikler,Kødsnor,1,0,stk.,Netto,https://static.tilbudsugen.dk/1st-retail/2025/47/63973/Netto472025-1_33_162x668_3251x2702_zoom.jpg,2025-11-15,2025-11-21,https://res.cloudinary.com/dfqzmnlga/image/upload/v1763205791/2025-11-15/10821120.jpg
10821131,12.00,,Køkkenredskaber,Piskeris,1,0,stk.,Netto,https://static.tilbudsugen.dk/1st-retail/2025/47/63973/Netto472025-1_33_2546x2746_4761x4730_zoom.jpg,2025-11-15,2025-11-21,https://res.cloudinary.com/dfqzmnlga/image/upload/v1763205791/2025-11-15/10821131.jpg
10821132,12.00,,Køkkenredskaber,Madtang,1,0,stk.,Netto,https://static.tilbudsugen.dk/1st-retail/2025/47/63973/Netto472025-1_33_2546x2746_4761x4730_zoom.jpg,2025-11-15,2025-11-21,https://res.cloudinary.com/dfqzmnlga/image/upload/v1763205792/2025-11-15/10821132.jpg
10821135,12.00,,Køkkenredskaber,Palet,1,0,stk.,Netto,https://static.tilbudsugen.dk/1st-retail/2025/47/63973/Netto472025-1_33_2546x2746_4761x4730_zoom.jpg,2025-11-15,2025-11-21,https://res.cloudinary.com/dfqzmnlga/image/upload/v1763205793/2025-11-15/10821135.jpg
10821145,69.00,,"Skåle, fade og forme",Serveringsfad,1,0,stk.,Netto,https://static.tilbudsugen.dk/1st-retail/2025/47/63973/Netto472025-1_33_2508x4780_4755x6796_zoom.jpg,2025-11-15,2025-11-21,https://res.cloudinary.com/dfqzmnlga/image/upload/v1763205793/2025-11-15/10821145.jpg
10821154,10.00,,Jul,Julepynt,1,0,stk.,Netto,https://static.tilbudsugen.dk/1st-retail/2025/47/63973/Netto472025-1_27_3162x100_4854x3815_zoom.jpg,2025-11-15,2025-11-21,https://res.cloudinary.com/dfqzmnlga/image/upload/v1763205793/2025-11-15/10821154.jpg
10821155,149.00,,Gryder og pander,Stegepande,1,0,stk.,Netto,https://static.tilbudsugen.dk/1st-retail/2025/47/63973/Netto472025-1_34_2309x2771_4736x4768_zoom.jpg,2025-11-15,2025-11-21,https://res.cloudinary.com/dfqzmnlga/image/upload/v1763205794/2025-11-15/10821155.jpg
10821163,59.00,Bodyguide Underwear,Dametøj,Strømpebukser,1,0,pk.,Netto,https://static.tilbudsugen.dk/1st-retail/2025/47/63973/Netto472025-1_35_3307x699_4755x2783_zoom.jpg,2025-11-15,2025-11-21,https://res.cloudinary.com/dfqzmnlga/image/upload/v1763205794/2025-11-15/10821163.jpg
10821167,69.00,,Dametøj,Bluse,1,0,stk.,Netto,https://static.tilbudsugen.dk/1st-retail/2025/47/63973/Netto472025-1_35_94x811_1916x6927_zoom.jpg,2025-11-15,2025-11-21,https://res.cloudinary.com/dfqzmnlga/image/upload/v1763205794/2025-11-15/10821167.jpg
10821173,50.00,,Jul,Julepynt,1,0,stk.,Netto,https://static.tilbudsugen.dk/1st-retail/2025/47/63973/Netto472025-1_28_1913x117_4692x2480_zoom.jpg,2025-11-15,2025-11-21,https://res.cloudinary.com/dfqzmnlga/image/upload/v1763205795/2025-11-15/10821173.jpg
10821177,49.00,,Lingeri,BH,1,0,stk.,Netto,https://static.tilbudsugen.dk/1st-retail/2025/47/63973/Netto472025-1_36_75x2802_3126x4836_zoom.jpg,2025-11-15,2025-11-21,https://res.cloudinary.com/dfqzmnlga/image/upload/v1763205795/2025-11-15/10821177.jpg
10821179,40.00,,Accessories,Tørklæde,1,0,stk.,Netto,https://static.tilbudsugen.dk/1st-retail/2025/47/63973/Netto472025-1_36_181x281_3039x2777_zoom.jpg,2025-11-15,2025-11-21,https://res.cloudinary.com/dfqzmnlga/image/upload/v1763205795/2025-11-15/10821179.jpg
10821181,79.00,,Jul,Julepynt,1,0,stk.,Netto,https://static.tilbudsugen.dk/1st-retail/2025/47/63973/Netto472025-1_28_1709x2489_3196x4580_zoom.jpg,2025-11-15,2025-11-21,https://res.cloudinary.com/dfqzmnlga/image/upload/v1763205796/2025-11-15/10821181.jpg
10821182,50.00,,Jul,Julepynt,1,0,stk.,Netto,https://static.tilbudsugen.dk/1st-retail/2025/47/63973/Netto472025-1_28_255x2557_1760x4665_zoom.jpg,2025-11-15,2025-11-21,https://res.cloudinary.com/dfqzmnlga/image/upload/v1763205796/2025-11-15/10821182.jpg
10821183,50.00,,Smykker,Smykkestativ,1,0,stk.,Netto,https://static.tilbudsugen.dk/1st-retail/2025/47/63973/Netto472025-1_37_69x3626_2745x6939_zoom.jpg,2025-11-15,2025-11-21,https://res.cloudinary.com/dfqzmnlga/image/upload/v1763205796/2025-11-15/10821183.jpg
10821187,89.00,,Jul,Julepynt,1,0,stk.,Netto,https://static.tilbudsugen.dk/1st-retail/2025/47/63973/Netto472025-1_29_2516x4818_4896x6799_zoom.jpg,2025-11-15,2025-11-21,https://res.cloudinary.com/dfqzmnlga/image/upload/v1763205797/2025-11-15/10821187.jpg
10821189,49.00,,Jul,Julepynt,1,0,stk.,Netto,https://static.tilbudsugen.dk/1st-retail/2025/47/63973/Netto472025-1_29_68x4750_2576x6901_zoom.jpg,2025-11-15,2025-11-21,https://res.cloudinary.com/dfqzmnlga/image/upload/v1763205797/2025-11-15/10821189.jpg
10821190,40.00,,Diverse isenkram og boligindretning,Kortholder,1,0,stk.,Netto,https://static.tilbudsugen.dk/1st-retail/2025/47/63973/Netto472025-1_29_145x2752_1590x4733_zoom.jpg,2025-11-15,2025-11-21,https://res.cloudinary.com/dfqzmnlga/image/upload/v1763205797/2025-11-15/10821190.jpg
10821192,50.00,,Hobbyartikler,Hobbyartikler,1,0,stk.,Netto,https://static.tilbudsugen.dk/1st-retail/2025/47/63973/Netto472025-1_37_1273x1941_3101x3882_zoom.jpg,2025-11-15,2025-11-21,https://res.cloudinary.com/dfqzmnlga/image/upload/v1763205798/2025-11-15/10821192.jpg
10820890,9.00,,Grønt,Persille,1,0,bdt.,Netto,https://static.tilbudsugen.dk/1st-retail/2025/47/63973/Netto472025-1_5_3613x5158_4862x6876_zoom.jpg,2025-11-15,2025-11-21,https://res.cloudinary.com/dfqzmnlga/image/upload/v1763205798/2025-11-15/10820890.jpg
10821204,69.00,,Tæpper,Lammeskind,1,0,stk.,Netto,https://static.tilbudsugen.dk/1st-retail/2025/47/63973/Netto472025-1_39_231x4718_2452x6783_zoom.jpg,2025-11-15,2025-11-21,https://res.cloudinary.com/dfqzmnlga/image/upload/v1763205799/2025-11-15/10821204.jpg
10821205,89.00,,Boligtekstiler,Puder,1,0,stk.,Netto,https://static.tilbudsugen.dk/1st-retail/2025/47/63973/Netto472025-1_39_262x381_2870x4655_zoom.jpg,2025-11-15,2025-11-21,https://res.cloudinary.com/dfqzmnlga/image/upload/v1763205799/2025-11-15/10821205.jpg
10821206,249.00,,Boligtekstiler,Plaid,1,0,stk.,Netto,https://static.tilbudsugen.dk/1st-retail/2025/47/63973/Netto472025-1_39_262x381_2870x4655_zoom.jpg,2025-11-15,2025-11-21,https://res.cloudinary.com/dfqzmnlga/image/upload/v1763205799/2025-11-15/10821206.jpg
10821213,99.00,,"Billeder, plakater mm.",Billedramme,1,0,stk.,Netto,https://static.tilbudsugen.dk/1st-retail/2025/47/63973/Netto472025-1_38_3232x2434_4742x4587_zoom.jpg,2025-11-15,2025-11-21,https://res.cloudinary.com/dfqzmnlga/image/upload/v1763205800/2025-11-15/10821213.jpg
10821235,20.00,,Hobbyartikler,Smykketråd,1,0,stk.,Netto,https://static.tilbudsugen.dk/1st-retail/2025/47/63973/Netto472025-1_37_75x849_2209x3663_zoom.jpg,2025-11-15,2025-11-21,https://res.cloudinary.com/dfqzmnlga/image/upload/v1763205800/2025-11-15/10821235.jpg
10808523,25.00,Sinful,Spil,Voksenspil,1,0,stk.,Netto,https://static.tilbudsugen.dk/1st-retail/2025/46/63858/Netto452025-1_37_260x1108_1299x2864_zoom.jpg,2025-11-08,2025-12-12,https://res.cloudinary.com/dfqzmnlga/image/upload/v1763205800/2025-11-15/10808523.jpg
10821199,25.00,,Cykeltilbehør,Cykellygtesæt,1,0,stk.,Netto,https://static.tilbudsugen.dk/1st-retail/2025/47/63973/Netto472025-1_40_200x4780_2521x6821_zoom.jpg,2025-11-15,2025-11-21,https://res.cloudinary.com/dfqzmnlga/image/upload/v1763205801/2025-11-15/10821199.jpg
10821217,79.00,,Diverse kontorartikler,Prægningssæt,1,0,stk.,Netto,https://static.tilbudsugen.dk/1st-retail/2025/47/63973/Netto472025-1_38_231x325_2552x2452_zoom.jpg,2025-11-15,2025-11-21,https://res.cloudinary.com/dfqzmnlga/image/upload/v1763205801/2025-11-15/10821217.jpg
10821113,49.00,,Boligtekstiler,Forklæde,1,0,stk.,Netto,https://static.tilbudsugen.dk/1st-retail/2025/47/63973/Netto472025-1_32_1897x2839_4936x6971_zoom.jpg,2025-11-15,2025-11-21,https://res.cloudinary.com/dfqzmnlga/image/upload/v1763205801/2025-11-15/10821113.jpg
10821118,20.00,,Vin og Bar,Proptrækker,1,0,stk.,Netto,https://static.tilbudsugen.dk/1st-retail/2025/47/63973/Netto472025-1_33_162x668_3251x2702_zoom.jpg,2025-11-15,2025-11-21,https://res.cloudinary.com/dfqzmnlga/image/upload/v1763205802/2025-11-15/10821118.jpg
10821122,20.00,,Køkkenredskaber,Madtang,1,0,stk.,Netto,https://static.tilbudsugen.dk/1st-retail/2025/47/63973/Netto472025-1_33_162x668_3251x2702_zoom.jpg,2025-11-15,2025-11-21,https://res.cloudinary.com/dfqzmnlga/image/upload/v1763205802/2025-11-15/10821122.jpg
10821147,79.00,,Gryder og pander,Bradepande,1,0,stk.,Netto,https://static.tilbudsugen.dk/1st-retail/2025/47/63973/Netto472025-1_33_268x2758_2490x4724_zoom.jpg,2025-11-15,2025-11-21,https://res.cloudinary.com/dfqzmnlga/image/upload/v1763205802/2025-11-15/10821147.jpg
10821156,89.00,,Jul,Julepynt,1,0,stk.,Netto,https://static.tilbudsugen.dk/1st-retail/2025/47/63973/Netto472025-1_27_2601x4538_4760x6808_zoom.jpg,2025-11-15,2025-11-21,https://res.cloudinary.com/dfqzmnlga/image/upload/v1763205803/2025-11-15/10821156.jpg
10821157,40.00,,"Skåle, fade og forme",Fad,1,0,stk.,Netto,https://static.tilbudsugen.dk/1st-retail/2025/47/63973/Netto472025-1_34_2864x4724_4998x6852_zoom.jpg,2025-11-15,2025-11-21,https://res.cloudinary.com/dfqzmnlga/image/upload/v1763205803/2025-11-15/10821157.jpg
10821165,30.00,,Toiletartikler,Makeuptaske,1,0,stk.,Netto,https://static.tilbudsugen.dk/1st-retail/2025/47/63973/Netto472025-1_35_3313x4874_4767x6889_zoom.jpg,2025-11-15,2025-11-21,https://res.cloudinary.com/dfqzmnlga/image/upload/v1763205803/2025-11-15/10821165.jpg
10821168,30.00,,Jul,Topstjerne,1,0,stk.,Netto,https://static.tilbudsugen.dk/1st-retail/2025/47/63973/Netto472025-1_27_3162x100_4854x3815_zoom.jpg,2025-11-15,2025-11-21,https://res.cloudinary.com/dfqzmnlga/image/upload/v1763205804/2025-11-15/10821168.jpg
10821172,40.00,,Dametøj,Top,1,0,stk.,Netto,https://static.tilbudsugen.dk/1st-retail/2025/47/63973/Netto472025-1_36_3114x100_4923x6858_zoom.jpg,2025-11-15,2025-11-21,https://res.cloudinary.com/dfqzmnlga/image/upload/v1763205804/2025-11-15/10821172.jpg
10821180,40.00,,Jul,Julepynt,1,0,stk.,Netto,https://static.tilbudsugen.dk/1st-retail/2025/47/63973/Netto472025-1_28_1709x2489_3196x4580_zoom.jpg,2025-11-15,2025-11-21,https://res.cloudinary.com/dfqzmnlga/image/upload/v1763205804/2025-11-15/10821180.jpg
10821188,25.00,,Smykker,Smykkeopbevaring,1,0,stk.,Netto,https://static.tilbudsugen.dk/1st-retail/2025/47/63973/Netto472025-1_37_2945x2696_4917x5024_zoom.jpg,2025-11-15,2025-11-21,https://res.cloudinary.com/dfqzmnlga/image/upload/v1763205805/2025-11-15/10821188.jpg
10821194,99.00,,Boligtekstiler,Duge,1,0,stk.,Netto,https://static.tilbudsugen.dk/1st-retail/2025/47/63973/Netto472025-1_29_272x355_3001x2735_zoom.jpg,2025-11-15,2025-11-21,https://res.cloudinary.com/dfqzmnlga/image/upload/v1763205805/2025-11-15/10821194.jpg
10808511,169.00,,"Hårtørrer, krøljern, trimmer m.m",Hårstyler,1,0,stk.,Netto,https://static.tilbudsugen.dk/1st-retail/2025/46/63858/Netto452025-1_37_110x4800_2464x6650_zoom.jpg,2025-11-08,2025-12-12,https://res.cloudinary.com/dfqzmnlga/image/upload/v1763205805/2025-11-15/10808511.jpg
10808514,199.00,,Boligtekstiler,Puder,1,0,stk.,Netto,https://static.tilbudsugen.dk/1st-retail/2025/46/63858/Netto452025-1_37_2346x4430_4943x6697_zoom.jpg,2025-11-08,2025-12-12,https://res.cloudinary.com/dfqzmnlga/image/upload/v1763205806/2025-11-15/10808514.jpg
10808528,79.00,Sinful,Spil,Voksenspil,1,0,stk.,Netto,https://static.tilbudsugen.dk/1st-retail/2025/46/63858/Netto452025-1_37_3211x738_4699x1990_zoom.jpg,2025-11-08,2025-12-12,https://res.cloudinary.com/dfqzmnlga/image/upload/v1763205806/2025-11-15/10808528.jpg
10821203,79.00,,Belysning indendørs,Bordlampe,1,0,stk.,Netto,https://static.tilbudsugen.dk/1st-retail/2025/47/63973/Netto472025-1_39_2515x3757_4923x6771_zoom.jpg,2025-11-15,2025-11-21,https://res.cloudinary.com/dfqzmnlga/image/upload/v1763205806/2025-11-15/10821203.jpg
10821207,25.00,Nord Home LIving,Bloklys,Bloklys,1,0,pk.,Netto,https://static.tilbudsugen.dk/1st-retail/2025/47/63973/Netto472025-1_40_237x268_4811x2727_zoom.jpg,2025-11-15,2025-11-21,https://res.cloudinary.com/dfqzmnlga/image/upload/v1763205807/2025-11-15/10821207.jpg
10821214,25.00,,Hobbyartikler,Hobbyartikler,1,0,stk.,Netto,https://static.tilbudsugen.dk/1st-retail/2025/47/63973/Netto472025-1_38_1685x2496_3107x4605_zoom.jpg,2025-11-15,2025-11-21,https://res.cloudinary.com/dfqzmnlga/image/upload/v1763205807/2025-11-15/10821214.jpg
10821098,40.00,,Stearinlys,Kalenderlys,1,0,stk.,Netto,https://static.tilbudsugen.dk/1st-retail/2025/47/63973/Netto472025-1_31_2552x2752_4755x4524_zoom.jpg,2025-11-15,2025-11-21,https://res.cloudinary.com/dfqzmnlga/image/upload/v1763205807/2025-11-15/10821098.jpg
10821100,129.00,,Lys/lyskæder,LED Kalenderlys,1,0,stk.,Netto,https://static.tilbudsugen.dk/1st-retail/2025/47/63973/Netto472025-1_31_2502x4599_4836x6590_zoom.jpg,2025-11-15,2025-11-21,https://res.cloudinary.com/dfqzmnlga/image/upload/v1763205808/2025-11-15/10821100.jpg
10821104,50.00,,Stearinlys,Kalenderlys,1,0,stk.,Netto,https://static.tilbudsugen.dk/1st-retail/2025/47/63973/Netto472025-1_31_349x849_2477x2740_zoom.jpg,2025-11-15,2025-11-21,https://res.cloudinary.com/dfqzmnlga/image/upload/v1763205808/2025-11-15/10821104.jpg
10821112,79.00,,Boligtekstiler,Dørmåtte,1,0,stk.,Netto,https://static.tilbudsugen.dk/1st-retail/2025/47/63973/Netto472025-1_32_112x5005_2976x6852_zoom.jpg,2025-11-15,2025-11-21,https://res.cloudinary.com/dfqzmnlga/image/upload/v1763205808/2025-11-15/10821112.jpg
10821130,20.00,,Køkkenredskaber,Stegetermometer,1,0,stk.,Netto,https://static.tilbudsugen.dk/1st-retail/2025/47/63973/Netto472025-1_33_162x668_3251x2702_zoom.jpg,2025-11-15,2025-11-21,https://res.cloudinary.com/dfqzmnlga/image/upload/v1763205809/2025-11-15/10821130.jpg
10821144,99.00,,Makeup,Makeup,1,0,stk.,Netto,https://static.tilbudsugen.dk/1st-retail/2025/47/63973/Netto472025-1_26_3256x4810_4913x6901_zoom.jpg,2025-11-15,2025-11-21,https://res.cloudinary.com/dfqzmnlga/image/upload/v1763205809/2025-11-15/10821144.jpg
10821159,30.00,,Jul,Julepynt,1,0,stk.,Netto,https://static.tilbudsugen.dk/1st-retail/2025/47/63973/Netto472025-1_27_238x3849_3001x6816_zoom.jpg,2025-11-15,2025-11-21,https://res.cloudinary.com/dfqzmnlga/image/upload/v1763205809/2025-11-15/10821159.jpg
10821166,99.00,,Dametøj,Bukser,1,0,stk.,Netto,https://static.tilbudsugen.dk/1st-retail/2025/47/63973/Netto472025-1_35_1579x842_3263x6902_zoom.jpg,2025-11-15,2025-11-21,https://res.cloudinary.com/dfqzmnlga/image/upload/v1763205810/2025-11-15/10821166.jpg
10821169,99.00,,Tasker,Taske,1,0,stk.,Netto,https://static.tilbudsugen.dk/1st-retail/2025/47/63973/Netto472025-1_35_94x811_1916x6927_zoom.jpg,2025-11-15,2025-11-21,https://res.cloudinary.com/dfqzmnlga/image/upload/v1763205810/2025-11-15/10821169.jpg
10821178,40.00,,Jul,Nisse,1,0,stk.,Netto,https://static.tilbudsugen.dk/1st-retail/2025/47/63973/Netto472025-1_28_196x4665_3188x6893_zoom.jpg,2025-11-15,2025-11-21,https://res.cloudinary.com/dfqzmnlga/image/upload/v1763205810/2025-11-15/10821178.jpg
10821186,40.00,,Opbevaring,Opbevaringsboks,1,0,stk.,Netto,https://static.tilbudsugen.dk/1st-retail/2025/47/63973/Netto472025-1_37_3407x5086_4879x6871_zoom.jpg,2025-11-15,2025-11-21,https://res.cloudinary.com/dfqzmnlga/image/upload/v1763205811/2025-11-15/10821186.jpg
10821193,30.00,,Jul,Julepynt,1,0,stk.,Netto,https://static.tilbudsugen.dk/1st-retail/2025/47/63973/Netto472025-1_29_1573x2761_3009x4767_zoom.jpg,2025-11-15,2025-11-21,https://res.cloudinary.com/dfqzmnlga/image/upload/v1763205811/2025-11-15/10821193.jpg
10808509,149.00,,"Hårtørrer, krøljern, trimmer m.m",Glattejern,1,0,stk.,Netto,https://static.tilbudsugen.dk/1st-retail/2025/46/63858/Netto452025-1_37_110x4800_2464x6650_zoom.jpg,2025-11-08,2025-12-12,https://res.cloudinary.com/dfqzmnlga/image/upload/v1763205811/2025-11-15/10808509.jpg
10808516,129.00,,Boligtekstiler,Sengesæt,1,0,stk.,Netto,https://static.tilbudsugen.dk/1st-retail/2025/46/63858/Netto452025-1_37_165x3186_2723x5005_zoom.jpg,2025-11-08,2025-12-12,https://res.cloudinary.com/dfqzmnlga/image/upload/v1763205812/2025-11-15/10808516.jpg
10808532,189.00,Sinful,Diverse,Sexlegetøj,1,0,stk.,Netto,https://static.tilbudsugen.dk/1st-retail/2025/46/63858/Netto452025-1_37_3558x1604_4959x2690_zoom.jpg,2025-11-08,2025-12-12,https://res.cloudinary.com/dfqzmnlga/image/upload/v1763205812/2025-11-15/10808532.jpg
10808512,30.00,,Diverse,Sovemaske,1,0,stk.,Netto,https://static.tilbudsugen.dk/1st-retail/2025/46/63858/Netto452025-1_37_2346x4430_4943x6697_zoom.jpg,2025-11-08,2025-12-12,https://res.cloudinary.com/dfqzmnlga/image/upload/v1763205813/2025-11-15/10808512.jpg
10808518,129.00,,Dametøj,Pyjamas,1,0,stk.,Netto,https://static.tilbudsugen.dk/1st-retail/2025/46/63858/Netto452025-1_37_165x3186_2723x5005_zoom.jpg,2025-11-08,2025-12-12,https://res.cloudinary.com/dfqzmnlga/image/upload/v1763205813/2025-11-15/10808518.jpg
10808525,79.00,Sinful,Spil,Voksenspil,1,0,stk.,Netto,https://static.tilbudsugen.dk/1st-retail/2025/46/63858/Netto452025-1_37_1495x990_2542x2635_zoom.jpg,2025-11-08,2025-12-12,https://res.cloudinary.com/dfqzmnlga/image/upload/v1763205813/2025-11-15/10808525.jpg
10821198,20.00,,Cykeltilbehør,Cykellygte,1,0,stk.,Netto,https://static.tilbudsugen.dk/1st-retail/2025/47/63973/Netto472025-1_40_2496x4774_4767x6771_zoom.jpg,2025-11-15,2025-11-21,https://res.cloudinary.com/dfqzmnlga/image/upload/v1763205814/2025-11-15/10821198.jpg
10821202,89.00,,Diverse isenkram og boligindretning,Varmedunk,1,0,stk.,Netto,https://static.tilbudsugen.dk/1st-retail/2025/47/63973/Netto472025-1_39_2939x337_4755x3713_zoom.jpg,2025-11-15,2025-11-21,https://res.cloudinary.com/dfqzmnlga/image/upload/v1763205814/2025-11-15/10821202.jpg
10821229,59.00,,Hobbyartikler,Brænder,1,0,stk.,Netto,https://static.tilbudsugen.dk/1st-retail/2025/47/63973/Netto472025-1_38_2302x4574_4717x6765_zoom.jpg,2025-11-15,2025-11-21,https://res.cloudinary.com/dfqzmnlga/image/upload/v1763205814/2025-11-15/10821229.jpg
10821231,20.00,,Hobbyartikler,Smykketænger,1,0,stk.,Netto,https://static.tilbudsugen.dk/1st-retail/2025/47/63973/Netto472025-1_37_75x849_2209x3663_zoom.jpg,2025-11-15,2025-11-21,https://res.cloudinary.com/dfqzmnlga/image/upload/v1763205815/2025-11-15/10821231.jpg
10821114,49.00,,Boligtekstiler,Forklæde,1,0,stk.,Netto,https://static.tilbudsugen.dk/1st-retail/2025/47/63973/Netto472025-1_32_1897x2839_4936x6971_zoom.jpg,2025-11-15,2025-11-21,https://res.cloudinary.com/dfqzmnlga/image/upload/v1763205815/2025-11-15/10821114.jpg
10821136,12.00,,Køkkenredskaber,Opøser,1,0,stk.,Netto,https://static.tilbudsugen.dk/1st-retail/2025/47/63973/Netto472025-1_33_2546x2746_4761x4730_zoom.jpg,2025-11-15,2025-11-21,https://res.cloudinary.com/dfqzmnlga/image/upload/v1763205816/2025-11-15/10821136.jpg
10821148,20.00,,"Skåle, fade og forme",Bageform,1,0,stk.,Netto,https://static.tilbudsugen.dk/1st-retail/2025/47/63973/Netto472025-1_33_268x4749_2490x6808_zoom.jpg,2025-11-15,2025-11-21,https://res.cloudinary.com/dfqzmnlga/image/upload/v1763205816/2025-11-15/10821148.jpg
10821149,79.00,,Service,Saucekande,1,0,stk.,Netto,https://static.tilbudsugen.dk/1st-retail/2025/47/63973/Netto472025-1_33_3251x936_4723x2708_zoom.jpg,2025-11-15,2025-11-21,https://res.cloudinary.com/dfqzmnlga/image/upload/v1763205817/2025-11-15/10821149.jpg
10821151,149.00,,"Grill, -tilbehør, bålsted og havepejs",Toastjern,1,0,stk.,Netto,https://static.tilbudsugen.dk/1st-retail/2025/47/63973/Netto472025-1_34_275x268_2246x2658_zoom.jpg,2025-11-15,2025-11-21,https://res.cloudinary.com/dfqzmnlga/image/upload/v1763205817/2025-11-15/10821151.jpg
10821153,99.00,,Husholdningsartikler,Opvaskestativ,1,0,stk.,Netto,https://static.tilbudsugen.dk/1st-retail/2025/47/63973/Netto472025-1_34_2327x187_4705x2665_zoom.jpg,2025-11-15,2025-11-21,https://res.cloudinary.com/dfqzmnlga/image/upload/v1763205818/2025-11-15/10821153.jpg
10821158,149.00,,Køkkenmaskiner,Stavblender,1,0,stk.,Netto,https://static.tilbudsugen.dk/1st-retail/2025/47/63973/Netto472025-1_34_62x4811_2870x6889_zoom.jpg,2025-11-15,2025-11-21,https://res.cloudinary.com/dfqzmnlga/image/upload/v1763205818/2025-11-15/10821158.jpg
10821170,99.00,,Dametøj,Nederdel,1,0,stk.,Netto,https://static.tilbudsugen.dk/1st-retail/2025/47/63973/Netto472025-1_35_94x811_1916x6927_zoom.jpg,2025-11-15,2025-11-21,https://res.cloudinary.com/dfqzmnlga/image/upload/v1763205818/2025-11-15/10821170.jpg
10821171,15.00,,Jul,Nisse,1,0,stk.,Netto,https://static.tilbudsugen.dk/1st-retail/2025/47/63973/Netto472025-1_28_204x372_1853x2480_zoom.jpg,2025-11-15,2025-11-21,https://res.cloudinary.com/dfqzmnlga/image/upload/v1763205819/2025-11-15/10821171.jpg
10821175,40.00,,Sokker/Strømper,Strømper,1,0,pk.,Netto,https://static.tilbudsugen.dk/1st-retail/2025/47/63973/Netto472025-1_36_218x4855_3082x6833_zoom.jpg,2025-11-15,2025-11-21,https://res.cloudinary.com/dfqzmnlga/image/upload/v1763205819/2025-11-15/10821175.jpg
10821184,129.00,,Jul,Nisse,1,0,stk.,Netto,https://static.tilbudsugen.dk/1st-retail/2025/47/63973/Netto472025-1_29_3077x525_4854x4776_zoom.jpg,2025-11-15,2025-11-21,https://res.cloudinary.com/dfqzmnlga/image/upload/v1763205820/2025-11-15/10821184.jpg
10821185,40.00,,Kreativitetslegetøj & puslespil,Perler,1,0,stk.,Netto,https://static.tilbudsugen.dk/1st-retail/2025/47/63973/Netto472025-1_37_1922x4986_3369x6821_zoom.jpg,2025-11-15,2025-11-21,https://res.cloudinary.com/dfqzmnlga/image/upload/v1763205820/2025-11-15/10821185.jpg
