data_id,price,brand,category,product_name,units,quantity,unit_type,store_name,image_url,start_date,end_date,public_urls
10834343,12.00,Kleenex,Lommetørklæder,Lommetørklæder,1,64,pk.,Netto,https://static.tilbudsugen.dk/1st-retail/2025/48/64022/Netto482025-1_25_50x793_2409x2852_zoom.jpg,2025-11-22,2025-11-28,https://res.cloudinary.com/dfqzmnlga/image/upload/v1763810480/2025-11-22/10834343.jpg
10834328,89.00,Fitness Pharma,Kosttilskud,Kosttilskud,1,300,ds.,Netto,https://static.tilbudsugen.dk/1st-retail/2025/48/64022/Netto482025-1_25_2402x2883_4867x4799_zoom.jpg,2025-11-22,2025-11-28,https://res.cloudinary.com/dfqzmnlga/image/upload/v1763810480/2025-11-22/10834328.jpg
10834326,89.00,Fitness Pharma,Fiskeolie,Fiskeolie,1,200,ds.,Netto,https://static.tilbudsugen.dk/1st-retail/2025/48/64022/Netto482025-1_25_2402x2883_4867x4799_zoom.jpg,2025-11-22,2025-11-28,https://res.cloudinary.com/dfqzmnlga/image/upload/v1763810481/2025-11-22/10834326.jpg
10834330,99.00,Neophos,Opvask,Maskinopvask-tabs,1,70,pk.,Netto,https://static.tilbudsugen.dk/1st-retail/2025/48/64022/Netto482025-1_25_2409x4805_4979x6864_zoom.jpg,2025-11-22,2025-11-28,https://res.cloudinary.com/dfqzmnlga/image/upload/v1763810481/2025-11-22/10834330.jpg
10834093,15.00,,Hobbyartikler,Limstift,1,10,pk.,Netto,https://static.tilbudsugen.dk/1st-retail/2025/48/64022/Netto482025-1_37_1769x190_4823x3536_zoom.jpg,2025-11-22,2025-11-28,https://res.cloudinary.com/dfqzmnlga/image/upload/v1763810481/2025-11-22/10834093.jpg
10834490,10.00,Godt Papir,Husholdningspapir,Toiletpapir,1,6,pk.,Netto,https://static.tilbudsugen.dk/1st-retail/2025/48/64022/Netto482025-1_30_2440x5205_3756x6889_zoom.jpg,2025-11-22,2025-11-28,https://res.cloudinary.com/dfqzmnlga/image/upload/v1763810482/2025-11-22/10834490.jpg
10833970,10.00,Godt Papir,Husholdningspapir,Toiletpapir,1,6,pk.,Netto,https://static.tilbudsugen.dk/1st-retail/2025/48/64022/Netto482025-1_1_2470x4107_4956x7111_zoom.jpg,2025-11-22,2025-11-28,https://res.cloudinary.com/dfqzmnlga/image/upload/v1763810482/2025-11-22/10833970.jpg
10834010,15.00,,Jul,Knallerter,1,8,pk.,Netto,https://static.tilbudsugen.dk/1st-retail/2025/48/64022/Netto482025-1_32_3313x3378_4731x5039_zoom.jpg,2025-11-22,2025-11-28,https://res.cloudinary.com/dfqzmnlga/image/upload/v1763810483/2025-11-22/10834010.jpg
10834069,20.00,Premieur,Tarteletter,Luksus Tarteletter ,1,10,pk.,Netto,https://static.tilbudsugen.dk/1st-retail/2025/48/64022/Netto482025-1_16_2459x5798_4963x7224_zoom.jpg,2025-11-22,2025-11-28,https://res.cloudinary.com/dfqzmnlga/image/upload/v1763810483/2025-11-22/10834069.jpg
10834338,45.00,A+,Vaskemiddel,Vaskemiddel-tabs,1,20,pk.,Netto,https://static.tilbudsugen.dk/1st-retail/2025/48/64022/Netto482025-1_25_56x4805_2409x6852_zoom.jpg,2025-11-22,2025-11-28,https://res.cloudinary.com/dfqzmnlga/image/upload/v1763810483/2025-11-22/10834338.jpg
10834256,24.00,Espresso Ristretto,Kapselkaffe,Kaffekapsler,1,10,pk.,Netto,https://static.tilbudsugen.dk/1st-retail/2025/48/64022/Netto482025-1_22_1691x2502_4823x4755_zoom.jpg,2025-11-22,2025-11-28,https://res.cloudinary.com/dfqzmnlga/image/upload/v1763810484/2025-11-22/10834256.jpg
10834261,24.00,Espresso Supremo,Kapselkaffe,Kaffekapsler,1,10,pk.,Netto,https://static.tilbudsugen.dk/1st-retail/2025/48/64022/Netto482025-1_22_1691x2502_4823x4755_zoom.jpg,2025-11-22,2025-11-28,https://res.cloudinary.com/dfqzmnlga/image/upload/v1763810484/2025-11-22/10834261.jpg
10834228,24.00,Espresso Lungo Profondo,Kapselkaffe,Kaffekapsler,1,10,pk.,Netto,https://static.tilbudsugen.dk/1st-retail/2025/48/64022/Netto482025-1_22_1691x2502_4823x4755_zoom.jpg,2025-11-22,2025-11-28,https://res.cloudinary.com/dfqzmnlga/image/upload/v1763810485/2025-11-22/10834228.jpg
10834258,24.00,Espresso Lungo Elegante,Kapselkaffe,Kaffekapsler,1,10,pk.,Netto,https://static.tilbudsugen.dk/1st-retail/2025/48/64022/Netto482025-1_22_1691x2502_4823x4755_zoom.jpg,2025-11-22,2025-11-28,https://res.cloudinary.com/dfqzmnlga/image/upload/v1763810485/2025-11-22/10834258.jpg
10834455,5.00,Nordic Well,Kildevand m/u brus,Mineralvand,1,2,fl.,Netto,https://static.tilbudsugen.dk/1st-retail/2025/48/64022/Netto482025-1_30_3787x5236_4904x6846_zoom.jpg,2025-11-22,2025-11-28,https://res.cloudinary.com/dfqzmnlga/image/upload/v1763810485/2025-11-22/10834455.jpg
10834127,26.00,ØGO,Skalæg,Økologiske æg M/L,1,10,bk.,Netto,https://static.tilbudsugen.dk/1st-retail/2025/48/64022/Netto482025-1_12_34x1450_3300x2633_zoom.jpg,2025-11-22,2025-11-28,https://res.cloudinary.com/dfqzmnlga/image/upload/v1763810486/2025-11-22/10834127.jpg
10833991,6.00,,Jul,Dekorationsler,1,2,stk.,Netto,https://static.tilbudsugen.dk/1st-retail/2025/48/64022/Netto482025-1_31_175x924_1811x2677_zoom.jpg,2025-11-22,2025-11-28,https://res.cloudinary.com/dfqzmnlga/image/upload/v1763810486/2025-11-22/10833991.jpg
10833968,10.00,Godt Papir,Husholdningspapir,Køkkenrulle,1,3,pk.,Netto,https://static.tilbudsugen.dk/1st-retail/2025/48/64022/Netto482025-1_1_2470x4107_4956x7111_zoom.jpg,2025-11-22,2025-11-28,https://res.cloudinary.com/dfqzmnlga/image/upload/v1763810487/2025-11-22/10833968.jpg
10834488,10.00,Godt Papir,Husholdningspapir,Køkkenrulle,1,3,pk.,Netto,https://static.tilbudsugen.dk/1st-retail/2025/48/64022/Netto482025-1_30_2440x5205_3756x6889_zoom.jpg,2025-11-22,2025-11-28,https://res.cloudinary.com/dfqzmnlga/image/upload/v1763810487/2025-11-22/10834488.jpg
10834008,15.00,,Bånd/papir,Gaveæske,1,4,pk.,Netto,https://static.tilbudsugen.dk/1st-retail/2025/48/64022/Netto482025-1_32_175x298_4789x3420_zoom.jpg,2025-11-22,2025-11-28,https://res.cloudinary.com/dfqzmnlga/image/upload/v1763810488/2025-11-22/10834008.jpg
10833979,5.00,,Grønt,Agurk,1,1,stk.,Netto,https://static.tilbudsugen.dk/1st-retail/2025/48/64022/Netto482025-1_2_81x425_2353x2622_zoom.jpg,2025-11-22,2025-11-28,https://res.cloudinary.com/dfqzmnlga/image/upload/v1763810488/2025-11-22/10833979.jpg
10834022,15.00,,Bånd/papir,Gavepose,1,3,pk.,Netto,https://static.tilbudsugen.dk/1st-retail/2025/48/64022/Netto482025-1_32_175x298_4789x3420_zoom.jpg,2025-11-22,2025-11-28,https://res.cloudinary.com/dfqzmnlga/image/upload/v1763810489/2025-11-22/10834022.jpg
10834341,25.00,Domestos,Rengøringsmidler,WC-flush,1,5,pk.,Netto,https://static.tilbudsugen.dk/1st-retail/2025/48/64022/Netto482025-1_25_44x2852_2433x4811_zoom.jpg,2025-11-22,2025-11-28,https://res.cloudinary.com/dfqzmnlga/image/upload/v1763810489/2025-11-22/10834341.jpg
10834070,6.00,ØGO,Grønt,Porrer,1,1,stk.,Netto,https://static.tilbudsugen.dk/1st-retail/2025/48/64022/Netto482025-1_8_68x3413_2561x5211_zoom.jpg,2025-11-22,2025-11-28,https://res.cloudinary.com/dfqzmnlga/image/upload/v1763810489/2025-11-22/10834070.jpg
10834053,25.00,,Lys/lyskæder,LED fyrfadslys,1,4,stk.,Netto,https://static.tilbudsugen.dk/1st-retail/2025/48/64022/Netto482025-1_35_2395x3470_4781x6799_zoom.jpg,2025-11-22,2025-11-28,https://res.cloudinary.com/dfqzmnlga/image/upload/v1763810490/2025-11-22/10834053.jpg
10834011,25.00,,Jul,Knallerter,1,4,pk.,Netto,https://static.tilbudsugen.dk/1st-retail/2025/48/64022/Netto482025-1_32_1669x3411_3221x5122_zoom.jpg,2025-11-22,2025-11-28,https://res.cloudinary.com/dfqzmnlga/image/upload/v1763810490/2025-11-22/10834011.jpg
10834286,10.00,Lemon,Sodavand,Cola,1,1,fl.,Netto,https://static.tilbudsugen.dk/1st-retail/2025/48/64022/Netto482025-1_1_34x4039_2475x7077_zoom.jpg,2025-11-22,2025-11-28,https://res.cloudinary.com/dfqzmnlga/image/upload/v1763810490/2025-11-22/10834286.jpg
10834282,10.00,Faxe Kondi,Sodavand,Sportssodavand,1,1,fl.,Netto,https://static.tilbudsugen.dk/1st-retail/2025/48/64022/Netto482025-1_1_34x4039_2475x7077_zoom.jpg,2025-11-22,2025-11-28,https://res.cloudinary.com/dfqzmnlga/image/upload/v1763810491/2025-11-22/10834282.jpg
10833972,10.00,0 Kalorier,Sodavand,Sportssodavand,1,1,fl.,Netto,https://static.tilbudsugen.dk/1st-retail/2025/48/64022/Netto482025-1_1_34x4039_2475x7077_zoom.jpg,2025-11-22,2025-11-28,https://res.cloudinary.com/dfqzmnlga/image/upload/v1763810491/2025-11-22/10833972.jpg
10834283,10.00,Pepsi Max,Sodavand,Cola,1,1,fl.,Netto,https://static.tilbudsugen.dk/1st-retail/2025/48/64022/Netto482025-1_1_34x4039_2475x7077_zoom.jpg,2025-11-22,2025-11-28,https://res.cloudinary.com/dfqzmnlga/image/upload/v1763810492/2025-11-22/10834283.jpg
10834134,14.00,Gluten Flour,Mel & Melblandinger,Hvedemel,1,2,pk.,Netto,https://static.tilbudsugen.dk/1st-retail/2025/48/64022/Netto482025-1_20_2471x4649_4686x6840_zoom.jpg,2025-11-22,2025-11-28,https://res.cloudinary.com/dfqzmnlga/image/upload/v1763810492/2025-11-22/10834134.jpg
10834013,30.00,,Jul,Knallerter,1,4,pk.,Netto,https://static.tilbudsugen.dk/1st-retail/2025/48/64022/Netto482025-1_32_267x3478_1719x5055_zoom.jpg,2025-11-22,2025-11-28,https://res.cloudinary.com/dfqzmnlga/image/upload/v1763810493/2025-11-22/10834013.jpg
10834100,12.00,Grøntriget,Frugt,Æbler,1,1,ps.,Netto,https://static.tilbudsugen.dk/1st-retail/2025/48/64022/Netto482025-1_18_66x776_2031x4338_zoom.jpg,2025-11-22,2025-11-28,https://res.cloudinary.com/dfqzmnlga/image/upload/v1763810493/2025-11-22/10834100.jpg
10834226,25.00,Magnum,Multipak,Almond ispinde,1,3,pk.,Netto,https://static.tilbudsugen.dk/1st-retail/2025/48/64022/Netto482025-1_14_2515x829_4968x3094_zoom.jpg,2025-11-22,2025-11-28,https://res.cloudinary.com/dfqzmnlga/image/upload/v1763810494/2025-11-22/10834226.jpg
10834230,25.00,Magnum,Multipak,Double Gold Caramel Billionaire ispinde,1,3,pk.,Netto,https://static.tilbudsugen.dk/1st-retail/2025/48/64022/Netto482025-1_14_2515x829_4968x3094_zoom.jpg,2025-11-22,2025-11-28,https://res.cloudinary.com/dfqzmnlga/image/upload/v1763810494/2025-11-22/10834230.jpg
10834231,25.00,Magnum,Multipak,Euphoria Ispinde ,1,3,pk.,Netto,https://static.tilbudsugen.dk/1st-retail/2025/48/64022/Netto482025-1_14_2515x829_4968x3094_zoom.jpg,2025-11-22,2025-11-28,https://res.cloudinary.com/dfqzmnlga/image/upload/v1763810494/2025-11-22/10834231.jpg
10834047,25.00,ØGO,Grønt,Avocado,1,3,bk.,Netto,https://static.tilbudsugen.dk/1st-retail/2025/48/64022/Netto482025-1_7_3682x1689_4922x3236_zoom.jpg,2025-11-22,2025-11-28,https://res.cloudinary.com/dfqzmnlga/image/upload/v1763810495/2025-11-22/10834047.jpg
10834233,25.00,Magnum,Multipak,Utopia Double Hazelnut,1,3,pk.,Netto,https://static.tilbudsugen.dk/1st-retail/2025/48/64022/Netto482025-1_14_2515x829_4968x3094_zoom.jpg,2025-11-22,2025-11-28,https://res.cloudinary.com/dfqzmnlga/image/upload/v1763810495/2025-11-22/10834233.jpg
10834234,25.00,Solero Exotic,Multipak,Ispinde,1,3,pk.,Netto,https://static.tilbudsugen.dk/1st-retail/2025/48/64022/Netto482025-1_14_2515x829_4968x3094_zoom.jpg,2025-11-22,2025-11-28,https://res.cloudinary.com/dfqzmnlga/image/upload/v1763810496/2025-11-22/10834234.jpg
10834157,25.00,,Køkkenartikler,Plastikbøtter,1,3,pk.,Netto,https://static.tilbudsugen.dk/1st-retail/2025/48/64022/Netto482025-1_38_2537x774_4773x3695_zoom.jpg,2025-11-22,2025-11-28,https://res.cloudinary.com/dfqzmnlga/image/upload/v1763810496/2025-11-22/10834157.jpg
10834229,25.00,Magnum,Multipak,Classic ispinde,1,3,pk.,Netto,https://static.tilbudsugen.dk/1st-retail/2025/48/64022/Netto482025-1_14_2515x829_4968x3094_zoom.jpg,2025-11-22,2025-11-28,https://res.cloudinary.com/dfqzmnlga/image/upload/v1763810497/2025-11-22/10834229.jpg
10834232,25.00,Magnum,Multipak,Utopia Double Cherry Ispinde,1,3,pk.,Netto,https://static.tilbudsugen.dk/1st-retail/2025/48/64022/Netto482025-1_14_2515x829_4968x3094_zoom.jpg,2025-11-22,2025-11-28,https://res.cloudinary.com/dfqzmnlga/image/upload/v1763810497/2025-11-22/10834232.jpg
10834161,35.00,,Glas,Glas,1,4,pk.,Netto,https://static.tilbudsugen.dk/1st-retail/2025/48/64022/Netto482025-1_39_275x240_4781x2426_zoom.jpg,2025-11-22,2025-11-28,https://res.cloudinary.com/dfqzmnlga/image/upload/v1763810497/2025-11-22/10834161.jpg
10834466,8.95,Bell's,Gryn,Finvalsede Havregryn ,1,1,ps.,Netto,https://static.tilbudsugen.dk/1st-retail/2025/48/64022/Netto482025-1_30_1273x5229_2483x6858_zoom.jpg,2025-11-22,2025-11-28,https://res.cloudinary.com/dfqzmnlga/image/upload/v1763810498/2025-11-22/10834466.jpg
10834298,65.00,Pilsner,Øl,Øl 20 pk.,20,0,ds.,Netto,https://static.tilbudsugen.dk/1st-retail/2025/48/64022/Netto482025-1_3_46x3731_2447x7339_zoom.jpg,2025-11-22,2025-11-28,https://res.cloudinary.com/dfqzmnlga/image/upload/v1763810498/2025-11-22/10834298.jpg
10833990,65.00,Classic,Øl,Øl 20 pk.,20,0,ds.,Netto,https://static.tilbudsugen.dk/1st-retail/2025/48/64022/Netto482025-1_3_46x3731_2447x7339_zoom.jpg,2025-11-22,2025-11-28,https://res.cloudinary.com/dfqzmnlga/image/upload/v1763810499/2025-11-22/10833990.jpg
10834062,99.00,Feinschmecker,Sokker/Strømper,Strømper,1,10,pk.,Netto,https://static.tilbudsugen.dk/1st-retail/2025/48/64022/Netto482025-1_36_2545x799_4765x3753_zoom.jpg,2025-11-22,2025-11-28,https://res.cloudinary.com/dfqzmnlga/image/upload/v1763810499/2025-11-22/10834062.jpg
10834300,65.00,XMAS,Øl,Øl 18 pk.,18,0,ds.,Netto,https://static.tilbudsugen.dk/1st-retail/2025/48/64022/Netto482025-1_3_46x3731_2447x7339_zoom.jpg,2025-11-22,2025-11-28,https://res.cloudinary.com/dfqzmnlga/image/upload/v1763810499/2025-11-22/10834300.jpg
10834309,10.00,Tørst,Saft,Rabarberdrik,1,0,fl.,Netto,https://static.tilbudsugen.dk/1st-retail/2025/48/64022/Netto482025-1_24_125x56_4986x2621_zoom.jpg,2025-11-22,2025-11-28,https://res.cloudinary.com/dfqzmnlga/image/upload/v1763810500/2025-11-22/10834309.jpg
10834315,10.00,Tørst,Iste & Iskaffe,Ice Tea Fersken,1,0,fl.,Netto,https://static.tilbudsugen.dk/1st-retail/2025/48/64022/Netto482025-1_24_125x56_4986x2621_zoom.jpg,2025-11-22,2025-11-28,https://res.cloudinary.com/dfqzmnlga/image/upload/v1763810501/2025-11-22/10834315.jpg
10834055,59.00,Feinschmecker,Sokker/Strømper,Strømper,1,5,pk.,Netto,https://static.tilbudsugen.dk/1st-retail/2025/48/64022/Netto482025-1_36_250x824_2537x2744_zoom.jpg,2025-11-22,2025-11-28,https://res.cloudinary.com/dfqzmnlga/image/upload/v1763810502/2025-11-22/10834055.jpg
10834122,14.00,Lacto FREE,Mælk,Letmælk,1,1,krt.,Netto,https://static.tilbudsugen.dk/1st-retail/2025/48/64022/Netto482025-1_11_68x5000_3266x7231_zoom.jpg,2025-11-22,2025-11-28,https://res.cloudinary.com/dfqzmnlga/image/upload/v1763810502/2025-11-22/10834122.jpg
10834120,14.00,Lacto FREE,Mælk,Minimælk,1,1,krt.,Netto,https://static.tilbudsugen.dk/1st-retail/2025/48/64022/Netto482025-1_11_68x5000_3266x7231_zoom.jpg,2025-11-22,2025-11-28,https://res.cloudinary.com/dfqzmnlga/image/upload/v1763810503/2025-11-22/10834120.jpg
10834123,14.00,Lacto FREE,Mælk,Sødmælk,1,1,krt.,Netto,https://static.tilbudsugen.dk/1st-retail/2025/48/64022/Netto482025-1_11_68x5000_3266x7231_zoom.jpg,2025-11-22,2025-11-28,https://res.cloudinary.com/dfqzmnlga/image/upload/v1763810503/2025-11-22/10834123.jpg
10834465,14.50,Rice Market,Ris,Jasminris,1,1,ps.,Netto,https://static.tilbudsugen.dk/1st-retail/2025/48/64022/Netto482025-1_30_56x5261_1373x6846_zoom.jpg,2025-11-22,2025-11-28,https://res.cloudinary.com/dfqzmnlga/image/upload/v1763810504/2025-11-22/10834465.jpg
10834071,12.00,ØGO,Grønt,Gulerødder,1,0,ps.,Netto,https://static.tilbudsugen.dk/1st-retail/2025/48/64022/Netto482025-1_8_2504x3333_4894x5256_zoom.jpg,2025-11-22,2025-11-28,https://res.cloudinary.com/dfqzmnlga/image/upload/v1763810504/2025-11-22/10834071.jpg
10834072,15.00,,Frugt,Pomelo,1,1,stk.,Netto,https://static.tilbudsugen.dk/1st-retail/2025/48/64022/Netto482025-1_8_46x5239_2509x7282_zoom.jpg,2025-11-22,2025-11-28,https://res.cloudinary.com/dfqzmnlga/image/upload/v1763810504/2025-11-22/10834072.jpg
10834068,10.00,,Grønt,Kartofler,1,0,bk.,Netto,https://static.tilbudsugen.dk/1st-retail/2025/48/64022/Netto482025-1_8_142x1216_4917x3248_zoom.jpg,2025-11-22,2025-11-28,https://res.cloudinary.com/dfqzmnlga/image/upload/v1763810505/2025-11-22/10834068.jpg
10834215,6.00,Heinz,"Suppe, Boullion & Fond",Tomatsuppe,1,0,ds.,Netto,https://static.tilbudsugen.dk/1st-retail/2025/48/64022/Netto482025-1_22_94x2465_1710x4662_zoom.jpg,2025-11-22,2025-11-28,https://res.cloudinary.com/dfqzmnlga/image/upload/v1763810505/2025-11-22/10834215.jpg
10834159,35.00,,Gryder og pander,Bordskåner,1,2,pk.,Netto,https://static.tilbudsugen.dk/1st-retail/2025/48/64022/Netto482025-1_38_217x4788_2445x6783_zoom.jpg,2025-11-22,2025-11-28,https://res.cloudinary.com/dfqzmnlga/image/upload/v1763810505/2025-11-22/10834159.jpg
10833997,10.00,Arla Protein,Mellemmåltider,Proteindrik Chocolate,1,0,fl.,Netto,https://static.tilbudsugen.dk/1st-retail/2025/48/64022/Netto482025-1_4_91x482_2601x3731_zoom.jpg,2025-11-22,2025-11-28,https://res.cloudinary.com/dfqzmnlga/image/upload/v1763810506/2025-11-22/10833997.jpg
10834317,10.00,Vitamin By State Zero Citrus & Hylde,Energi- Sports- & Vitamindrikke,Energidrik,1,0,fl.,Netto,https://static.tilbudsugen.dk/1st-retail/2025/48/64022/Netto482025-1_24_125x56_4986x2621_zoom.jpg,2025-11-22,2025-11-28,https://res.cloudinary.com/dfqzmnlga/image/upload/v1763810506/2025-11-22/10834317.jpg
10834316,10.00,Vitamin By State Lemonade,Energi- Sports- & Vitamindrikke,Energidrik,1,0,fl.,Netto,https://static.tilbudsugen.dk/1st-retail/2025/48/64022/Netto482025-1_24_125x56_4986x2621_zoom.jpg,2025-11-22,2025-11-28,https://res.cloudinary.com/dfqzmnlga/image/upload/v1763810507/2025-11-22/10834316.jpg
10834138,5.00,Coffee & Milk,Iste & Iskaffe,Iskaffe,1,0,stk.,Netto,https://static.tilbudsugen.dk/1st-retail/2025/48/64022/Netto482025-1_12_28x2650_1696x4887_zoom.jpg,2025-11-22,2025-11-28,https://res.cloudinary.com/dfqzmnlga/image/upload/v1763810507/2025-11-22/10834138.jpg
10834133,10.00,La Campagna,Pasta,Fusilli,1,0,ps.,Netto,https://static.tilbudsugen.dk/1st-retail/2025/48/64022/Netto482025-1_20_2546x2746_4692x4687_zoom.jpg,2025-11-22,2025-11-28,https://res.cloudinary.com/dfqzmnlga/image/upload/v1763810508/2025-11-22/10834133.jpg
10834026,10.00,JuleBryg,Specialøl,Specialøl,1,0,fl.,Netto,https://static.tilbudsugen.dk/1st-retail/2025/48/64022/Netto482025-1_6_1684x2969_3278x5137_zoom.jpg,2025-11-22,2025-11-28,https://res.cloudinary.com/dfqzmnlga/image/upload/v1763810508/2025-11-22/10834026.jpg
10833999,10.00,Arla Protein,Mellemmåltider,Proteindrik Strawberry & Raspberry,1,0,fl.,Netto,https://static.tilbudsugen.dk/1st-retail/2025/48/64022/Netto482025-1_4_91x482_2601x3731_zoom.jpg,2025-11-22,2025-11-28,https://res.cloudinary.com/dfqzmnlga/image/upload/v1763810508/2025-11-22/10833999.jpg
10834027,10.00,ElleBryg Jul,Alkoholfrie Øl,Øl - Alkoholfri,1,0,fl.,Netto,https://static.tilbudsugen.dk/1st-retail/2025/48/64022/Netto482025-1_6_1684x2969_3278x5137_zoom.jpg,2025-11-22,2025-11-28,https://res.cloudinary.com/dfqzmnlga/image/upload/v1763810509/2025-11-22/10834027.jpg
10834021,14.00,ØGO,Rugbrød i Skiver,Kernerugbrød,1,0,pk.,Netto,https://static.tilbudsugen.dk/1st-retail/2025/48/64022/Netto482025-1_5_3300x135_4877x2628_zoom.jpg,2025-11-22,2025-11-28,https://res.cloudinary.com/dfqzmnlga/image/upload/v1763810509/2025-11-22/10834021.jpg
10834333,99.00,Neutral,Vaskemiddel,Vaskepulver,1,4,pk.,Netto,https://static.tilbudsugen.dk/1st-retail/2025/48/64022/Netto482025-1_25_2409x4805_4979x6864_zoom.jpg,2025-11-22,2025-11-28,https://res.cloudinary.com/dfqzmnlga/image/upload/v1763810510/2025-11-22/10834333.jpg
10834303,12.00,Ultra Peachy Keen,Energi- Sports- & Vitamindrikke,Energidrik,1,0,ds.,Netto,https://static.tilbudsugen.dk/1st-retail/2025/48/64022/Netto482025-1_24_137x2783_4986x4618_zoom.jpg,2025-11-22,2025-11-28,https://res.cloudinary.com/dfqzmnlga/image/upload/v1763810510/2025-11-22/10834303.jpg
10834297,12.00,Energy,Energi- Sports- & Vitamindrikke,Energidrik,1,0,ds.,Netto,https://static.tilbudsugen.dk/1st-retail/2025/48/64022/Netto482025-1_24_137x2783_4986x4618_zoom.jpg,2025-11-22,2025-11-28,https://res.cloudinary.com/dfqzmnlga/image/upload/v1763810510/2025-11-22/10834297.jpg
10834301,12.00,Lewis Hamilton Zero Sugar,Energi- Sports- & Vitamindrikke,Energidrik,1,0,ds.,Netto,https://static.tilbudsugen.dk/1st-retail/2025/48/64022/Netto482025-1_24_137x2783_4986x4618_zoom.jpg,2025-11-22,2025-11-28,https://res.cloudinary.com/dfqzmnlga/image/upload/v1763810511/2025-11-22/10834301.jpg
10834302,12.00,Rio Punch,Energi- Sports- & Vitamindrikke,Energidrik,1,0,ds.,Netto,https://static.tilbudsugen.dk/1st-retail/2025/48/64022/Netto482025-1_24_137x2783_4986x4618_zoom.jpg,2025-11-22,2025-11-28,https://res.cloudinary.com/dfqzmnlga/image/upload/v1763810512/2025-11-22/10834302.jpg
10834238,12.00,ØGO,Grøntsager,Helbladet Spinat,1,0,ps.,Netto,https://static.tilbudsugen.dk/1st-retail/2025/48/64022/Netto482025-1_14_57x2975_1684x5023_zoom.jpg,2025-11-22,2025-11-28,https://res.cloudinary.com/dfqzmnlga/image/upload/v1763810512/2025-11-22/10834238.jpg
10834299,12.00,Ultra Rosa,Energi- Sports- & Vitamindrikke,Energidrik,1,0,ds.,Netto,https://static.tilbudsugen.dk/1st-retail/2025/48/64022/Netto482025-1_24_137x2783_4986x4618_zoom.jpg,2025-11-22,2025-11-28,https://res.cloudinary.com/dfqzmnlga/image/upload/v1763810514/2025-11-22/10834299.jpg
10834166,99.00,,Køkkenredskaber,Skærebræt,1,4,pk.,Netto,https://static.tilbudsugen.dk/1st-retail/2025/48/64022/Netto482025-1_39_142x2452_2512x4546_zoom.jpg,2025-11-22,2025-11-28,https://res.cloudinary.com/dfqzmnlga/image/upload/v1763810515/2025-11-22/10834166.jpg
10834321,10.00,Lime Orange,Energi- Sports- & Vitamindrikke,Energidrik,1,0,fl.,Netto,https://static.tilbudsugen.dk/1st-retail/2025/48/64022/Netto482025-1_24_125x56_4986x2621_zoom.jpg,2025-11-22,2025-11-28,https://res.cloudinary.com/dfqzmnlga/image/upload/v1763810515/2025-11-22/10834321.jpg
10834324,10.00,Pineapple Zero,Energi- Sports- & Vitamindrikke,Energidrik,1,0,fl.,Netto,https://static.tilbudsugen.dk/1st-retail/2025/48/64022/Netto482025-1_24_125x56_4986x2621_zoom.jpg,2025-11-22,2025-11-28,https://res.cloudinary.com/dfqzmnlga/image/upload/v1763810516/2025-11-22/10834324.jpg
10834308,10.00,Lime Orange Zero,Energi- Sports- & Vitamindrikke,Energidrik,1,0,fl.,Netto,https://static.tilbudsugen.dk/1st-retail/2025/48/64022/Netto482025-1_24_125x56_4986x2621_zoom.jpg,2025-11-22,2025-11-28,https://res.cloudinary.com/dfqzmnlga/image/upload/v1763810516/2025-11-22/10834308.jpg
10834322,10.00,Pineapple,Energi- Sports- & Vitamindrikke,Energidrik,1,0,fl.,Netto,https://static.tilbudsugen.dk/1st-retail/2025/48/64022/Netto482025-1_24_125x56_4986x2621_zoom.jpg,2025-11-22,2025-11-28,https://res.cloudinary.com/dfqzmnlga/image/upload/v1763810517/2025-11-22/10834322.jpg
10833983,10.00,Bistronne,Færdigretter Frost,Kyllingenuggets,1,0,ps.,Netto,https://static.tilbudsugen.dk/1st-retail/2025/48/64022/Netto482025-1_2_54x2541_2380x4587_zoom.jpg,2025-11-22,2025-11-28,https://res.cloudinary.com/dfqzmnlga/image/upload/v1763810517/2025-11-22/10833983.jpg
10834287,25.00,Curré,Gløgg,Gløgg,1,1,krt.,Netto,https://static.tilbudsugen.dk/1st-retail/2025/48/64022/Netto482025-1_23_2458x867_4898x2846_zoom.jpg,2025-11-22,2025-11-28,https://res.cloudinary.com/dfqzmnlga/image/upload/v1763810518/2025-11-22/10834287.jpg
10834340,25.00,Vel,Opvask,Opvaskemiddel,1,1,pk.,Netto,https://static.tilbudsugen.dk/1st-retail/2025/48/64022/Netto482025-1_25_44x2852_2433x4811_zoom.jpg,2025-11-22,2025-11-28,https://res.cloudinary.com/dfqzmnlga/image/upload/v1763810518/2025-11-22/10834340.jpg
10834147,25.00,Athena,Syrnet morgenmad,Græsk Yoghurt 0%,1,1,bg.,Netto,https://static.tilbudsugen.dk/1st-retail/2025/48/64022/Netto482025-1_12_3312x1199_4899x4909_zoom.jpg,2025-11-22,2025-11-28,https://res.cloudinary.com/dfqzmnlga/image/upload/v1763810518/2025-11-22/10834147.jpg
10834150,25.00,Athena,Syrnet morgenmad,Græsk Yoghurt 10%,1,1,bg.,Netto,https://static.tilbudsugen.dk/1st-retail/2025/48/64022/Netto482025-1_12_3312x1199_4899x4909_zoom.jpg,2025-11-22,2025-11-28,https://res.cloudinary.com/dfqzmnlga/image/upload/v1763810518/2025-11-22/10834150.jpg
10834045,50.00,,Jul,Julekugler,1,2,pk.,Netto,https://static.tilbudsugen.dk/1st-retail/2025/48/64022/Netto482025-1_34_1777x1684_3404x3411_zoom.jpg,2025-11-22,2025-11-28,https://res.cloudinary.com/dfqzmnlga/image/upload/v1763810519/2025-11-22/10834045.jpg
10834149,25.00,Athena,Syrnet morgenmad,Græsk Yoghurt 2%,1,1,bg.,Netto,https://static.tilbudsugen.dk/1st-retail/2025/48/64022/Netto482025-1_12_3312x1199_4899x4909_zoom.jpg,2025-11-22,2025-11-28,https://res.cloudinary.com/dfqzmnlga/image/upload/v1763810519/2025-11-22/10834149.jpg
10834025,20.00,Signaturbrød Fanøbrød,Rugbrød i Skiver,Rugbrødsskiver,1,0,pk.,Netto,https://static.tilbudsugen.dk/1st-retail/2025/48/64022/Netto482025-1_6_80x3271_1616x5125_zoom.jpg,2025-11-22,2025-11-28,https://res.cloudinary.com/dfqzmnlga/image/upload/v1763810520/2025-11-22/10834025.jpg
10834236,12.00,ØGO,Grøntsager,Wokblanding,1,0,ps.,Netto,https://static.tilbudsugen.dk/1st-retail/2025/48/64022/Netto482025-1_14_57x2975_1684x5023_zoom.jpg,2025-11-22,2025-11-28,https://res.cloudinary.com/dfqzmnlga/image/upload/v1763810521/2025-11-22/10834236.jpg
10834039,10.00,Mex & Co,Mexicansk,Tortillawrap,1,0,pk.,Netto,https://static.tilbudsugen.dk/1st-retail/2025/48/64022/Netto482025-1_7_1218x1507_2509x3197_zoom.jpg,2025-11-22,2025-11-28,https://res.cloudinary.com/dfqzmnlga/image/upload/v1763810521/2025-11-22/10834039.jpg
10834113,9.00,Mex & Co,Mexicansk,Salsa dip,1,0,gl.,Netto,https://static.tilbudsugen.dk/1st-retail/2025/48/64022/Netto482025-1_19_1400x3753_3339x4818_zoom.jpg,2025-11-22,2025-11-28,https://res.cloudinary.com/dfqzmnlga/image/upload/v1763810522/2025-11-22/10834113.jpg
10834002,12.00,LingonGrova,Rugbrød i Skiver,Rugbrødsskiver,1,0,pk.,Netto,https://static.tilbudsugen.dk/1st-retail/2025/48/64022/Netto482025-1_4_2538x124_4951x3874_zoom.jpg,2025-11-22,2025-11-28,https://res.cloudinary.com/dfqzmnlga/image/upload/v1763810522/2025-11-22/10834002.jpg
10834000,12.00,Javisst,Boller & Morgenbrød,Boller,1,0,ps.,Netto,https://static.tilbudsugen.dk/1st-retail/2025/48/64022/Netto482025-1_4_2538x124_4951x3874_zoom.jpg,2025-11-22,2025-11-28,https://res.cloudinary.com/dfqzmnlga/image/upload/v1763810523/2025-11-22/10834000.jpg
10834239,12.00,ØGO,Grøntsager,Ærter,1,0,ps.,Netto,https://static.tilbudsugen.dk/1st-retail/2025/48/64022/Netto482025-1_14_57x2975_1684x5023_zoom.jpg,2025-11-22,2025-11-28,https://res.cloudinary.com/dfqzmnlga/image/upload/v1763810523/2025-11-22/10834239.jpg
10834240,12.00,ØGO,Grøntsager,Majskolber,1,0,ps.,Netto,https://static.tilbudsugen.dk/1st-retail/2025/48/64022/Netto482025-1_14_57x2975_1684x5023_zoom.jpg,2025-11-22,2025-11-28,https://res.cloudinary.com/dfqzmnlga/image/upload/v1763810524/2025-11-22/10834240.jpg
10834104,49.00,Rose,Kylling,Kylling,1,1,stk.,Netto,https://static.tilbudsugen.dk/1st-retail/2025/48/64022/Netto482025-1_10_2492x5091_4934x7225_zoom.jpg,2025-11-22,2025-11-28,https://res.cloudinary.com/dfqzmnlga/image/upload/v1763810524/2025-11-22/10834104.jpg
10833982,8.00,Cremefine,Madlavning friskvarer,Flødealternativ 19 %,1,0,fl.,Netto,https://static.tilbudsugen.dk/1st-retail/2025/48/64022/Netto482025-1_2_2364x242_4922x2606_zoom.jpg,2025-11-22,2025-11-28,https://res.cloudinary.com/dfqzmnlga/image/upload/v1763810525/2025-11-22/10833982.jpg
10834345,12.00,Hello Sensitive,Intimhygiejne,Intimsæbe,1,0,fl.,Netto,https://static.tilbudsugen.dk/1st-retail/2025/48/64022/Netto482025-1_25_50x793_2409x2852_zoom.jpg,2025-11-22,2025-11-28,https://res.cloudinary.com/dfqzmnlga/image/upload/v1763810525/2025-11-22/10834345.jpg
10833980,8.00,Cremefine,Madlavning friskvarer,Madlavningsfløde 15 %,1,0,fl.,Netto,https://static.tilbudsugen.dk/1st-retail/2025/48/64022/Netto482025-1_2_2364x242_4922x2606_zoom.jpg,2025-11-22,2025-11-28,https://res.cloudinary.com/dfqzmnlga/image/upload/v1763810525/2025-11-22/10833980.jpg
10833981,8.00,Cremefine,Madlavning friskvarer,Madlavningsfløde 7 %,1,0,fl.,Netto,https://static.tilbudsugen.dk/1st-retail/2025/48/64022/Netto482025-1_2_2364x242_4922x2606_zoom.jpg,2025-11-22,2025-11-28,https://res.cloudinary.com/dfqzmnlga/image/upload/v1763810526/2025-11-22/10833981.jpg
10834087,99.00,Bistronne,Fjerkræ,And,1,3,stk.,Netto,https://static.tilbudsugen.dk/1st-retail/2025/48/64022/Netto482025-1_9_3249x3071_4899x5154_zoom.jpg,2025-11-22,2025-11-28,https://res.cloudinary.com/dfqzmnlga/image/upload/v1763810526/2025-11-22/10834087.jpg
10834003,12.00,Solstykker,Boller & Morgenbrød,Boller,1,0,ps.,Netto,https://static.tilbudsugen.dk/1st-retail/2025/48/64022/Netto482025-1_4_2538x124_4951x3874_zoom.jpg,2025-11-22,2025-11-28,https://res.cloudinary.com/dfqzmnlga/image/upload/v1763810526/2025-11-22/10834003.jpg
10833984,10.00,Bistronne,Færdigretter Frost,Kyllingeburger,1,0,ps.,Netto,https://static.tilbudsugen.dk/1st-retail/2025/48/64022/Netto482025-1_2_54x2541_2380x4587_zoom.jpg,2025-11-22,2025-11-28,https://res.cloudinary.com/dfqzmnlga/image/upload/v1763810527/2025-11-22/10833984.jpg
10834334,45.00,A+,Vaskemiddel,Vaskemiddel-flydende,1,1,fl.,Netto,https://static.tilbudsugen.dk/1st-retail/2025/48/64022/Netto482025-1_25_56x4805_2409x6852_zoom.jpg,2025-11-22,2025-11-28,https://res.cloudinary.com/dfqzmnlga/image/upload/v1763810527/2025-11-22/10834334.jpg
10833993,100.00,,Spanske vine,Spansk Rødvin,1,3,krt.,Netto,https://static.tilbudsugen.dk/1st-retail/2025/48/64022/Netto482025-1_3_2509x3817_4894x7265_zoom.jpg,2025-11-22,2025-11-28,https://res.cloudinary.com/dfqzmnlga/image/upload/v1763810528/2025-11-22/10833993.jpg
10833996,100.00,,Spanske vine,Spansk Hvidvin,1,3,krt.,Netto,https://static.tilbudsugen.dk/1st-retail/2025/48/64022/Netto482025-1_3_2509x3817_4894x7265_zoom.jpg,2025-11-22,2025-11-28,https://res.cloudinary.com/dfqzmnlga/image/upload/v1763810528/2025-11-22/10833996.jpg
10834006,15.00,Pama,Ris,Grødris,1,0,pk.,Netto,https://static.tilbudsugen.dk/1st-retail/2025/48/64022/Netto482025-1_4_2561x3982_4922x7202_zoom.jpg,2025-11-22,2025-11-28,https://res.cloudinary.com/dfqzmnlga/image/upload/v1763810529/2025-11-22/10834006.jpg
10833988,12.00,Rahbek,Fisk,Tex-Mex Fiskefileter ,1,0,ps.,Netto,https://static.tilbudsugen.dk/1st-retail/2025/48/64022/Netto482025-1_3_17x699_2538x3720_zoom.jpg,2025-11-22,2025-11-28,https://res.cloudinary.com/dfqzmnlga/image/upload/v1763810529/2025-11-22/10833988.jpg
10834058,69.00,Feinschmecker,Herretøj,Boxershorts,1,2,pk.,Netto,https://static.tilbudsugen.dk/1st-retail/2025/48/64022/Netto482025-1_36_192x2752_2512x4730_zoom.jpg,2025-11-22,2025-11-28,https://res.cloudinary.com/dfqzmnlga/image/upload/v1763810529/2025-11-22/10834058.jpg
10834121,8.00,Mex & Co,Mexicansk,Taco sauce medium,1,0,gl.,Netto,https://static.tilbudsugen.dk/1st-retail/2025/48/64022/Netto482025-1_19_33x5528_1597x7231_zoom.jpg,2025-11-22,2025-11-28,https://res.cloudinary.com/dfqzmnlga/image/upload/v1763810530/2025-11-22/10834121.jpg
10834116,7.00,Mex & Co,Mexicansk,Tortillachips Salt,1,0,ps.,Netto,https://static.tilbudsugen.dk/1st-retail/2025/48/64022/Netto482025-1_19_3300x4845_4878x7204_zoom.jpg,2025-11-22,2025-11-28,https://res.cloudinary.com/dfqzmnlga/image/upload/v1763810530/2025-11-22/10834116.jpg
10834063,19.00,Super Kræs,Fastfoodbrød,Rulle Kebabbrød,1,0,pk.,Netto,https://static.tilbudsugen.dk/1st-retail/2025/48/64022/Netto482025-1_7_2515x5683_3653x7242_zoom.jpg,2025-11-22,2025-11-28,https://res.cloudinary.com/dfqzmnlga/image/upload/v1763810531/2025-11-22/10834063.jpg
10834114,14.00,Mex & Co,Mexicansk,Tortillawrap,1,0,pk.,Netto,https://static.tilbudsugen.dk/1st-retail/2025/48/64022/Netto482025-1_19_3234x2445_4897x4805_zoom.jpg,2025-11-22,2025-11-28,https://res.cloudinary.com/dfqzmnlga/image/upload/v1763810531/2025-11-22/10834114.jpg
10834081,19.95,Velsmag,Grisekød,Flæskesteg,1,0,stk.,Netto,https://static.tilbudsugen.dk/1st-retail/2025/48/64022/Netto482025-1_9_28x3071_1684x5125_zoom.jpg,2025-11-22,2025-11-28,https://res.cloudinary.com/dfqzmnlga/image/upload/v1763810532/2025-11-22/10834081.jpg
10834461,10.00,Fintons,Knækbrød,Sesam knækbrød,1,0,pk.,Netto,https://static.tilbudsugen.dk/1st-retail/2025/48/64022/Netto482025-1_30_1273x3944_2521x5236_zoom.jpg,2025-11-22,2025-11-28,https://res.cloudinary.com/dfqzmnlga/image/upload/v1763810532/2025-11-22/10834461.jpg
10834095,20.00,Rose,Kylling,Kyllingeunderlår,1,0,bk.,Netto,https://static.tilbudsugen.dk/1st-retail/2025/48/64022/Netto482025-1_10_57x266_2447x2531_zoom.jpg,2025-11-22,2025-11-28,https://res.cloudinary.com/dfqzmnlga/image/upload/v1763810533/2025-11-22/10834095.jpg
10834250,29.00,Mou,Special Suppe,Tomatsuppe med Kødboller,1,0,pk.,Netto,https://static.tilbudsugen.dk/1st-retail/2025/48/64022/Netto482025-1_14_74x5091_2475x7145_zoom.jpg,2025-11-22,2025-11-28,https://res.cloudinary.com/dfqzmnlga/image/upload/v1763810533/2025-11-22/10834250.jpg
10834254,29.00,Mou,Special Suppe,Oksekødssuppe med Boller,1,0,pk.,Netto,https://static.tilbudsugen.dk/1st-retail/2025/48/64022/Netto482025-1_14_74x5091_2475x7145_zoom.jpg,2025-11-22,2025-11-28,https://res.cloudinary.com/dfqzmnlga/image/upload/v1763810533/2025-11-22/10834254.jpg
10834253,29.00,Mou,Special Suppe,Aspargessuppe med Kødboller,1,0,pk.,Netto,https://static.tilbudsugen.dk/1st-retail/2025/48/64022/Netto482025-1_14_74x5091_2475x7145_zoom.jpg,2025-11-22,2025-11-28,https://res.cloudinary.com/dfqzmnlga/image/upload/v1763810534/2025-11-22/10834253.jpg
10834088,10.50,ØGO,Grønt,Tomater,1,0,bk.,Netto,https://static.tilbudsugen.dk/1st-retail/2025/48/64022/Netto482025-1_17_2242x684_4924x3839_zoom.jpg,2025-11-22,2025-11-28,https://res.cloudinary.com/dfqzmnlga/image/upload/v1763810534/2025-11-22/10834088.jpg
10834255,39.00,Slow Cooked,Færdigretter Køl,Mexican Pork Neck,2,0,pk.,Netto,https://static.tilbudsugen.dk/1st-retail/2025/48/64022/Netto482025-1_14_2492x5114_4990x7202_zoom.jpg,2025-11-22,2025-11-28,https://res.cloudinary.com/dfqzmnlga/image/upload/v1763810535/2025-11-22/10834255.jpg
10834355,39.00,Slow Cooked,Færdigretter Køl,Pork N'Pepper,2,0,pk.,Netto,https://static.tilbudsugen.dk/1st-retail/2025/48/64022/Netto482025-1_14_2492x5114_4990x7202_zoom.jpg,2025-11-22,2025-11-28,https://res.cloudinary.com/dfqzmnlga/image/upload/v1763810535/2025-11-22/10834355.jpg
10834357,39.00,Slow Cooked,Færdigretter Køl,Pork Neck Soya Sesam,2,0,pk.,Netto,https://static.tilbudsugen.dk/1st-retail/2025/48/64022/Netto482025-1_14_2492x5114_4990x7202_zoom.jpg,2025-11-22,2025-11-28,https://res.cloudinary.com/dfqzmnlga/image/upload/v1763810536/2025-11-22/10834357.jpg
10834118,20.00,Mammen,Madlavningsost,"Hytteost 1,5%",1,0,bg.,Netto,https://static.tilbudsugen.dk/1st-retail/2025/48/64022/Netto482025-1_11_3244x2639_4860x4926_zoom.jpg,2025-11-22,2025-11-28,https://res.cloudinary.com/dfqzmnlga/image/upload/v1763810536/2025-11-22/10834118.jpg
10834288,45.00,Blomberg's,Gløgg,Gløgg,1,1,krt.,Netto,https://static.tilbudsugen.dk/1st-retail/2025/48/64022/Netto482025-1_23_2496x2852_4973x4687_zoom.jpg,2025-11-22,2025-11-28,https://res.cloudinary.com/dfqzmnlga/image/upload/v1763810536/2025-11-22/10834288.jpg
10834115,12.00,Lacto FREE,Madlavning friskvarer,Piskefløde,1,0,stk.,Netto,https://static.tilbudsugen.dk/1st-retail/2025/48/64022/Netto482025-1_11_1667x2616_3226x4949_zoom.jpg,2025-11-22,2025-11-28,https://res.cloudinary.com/dfqzmnlga/image/upload/v1763810537/2025-11-22/10834115.jpg
10834291,99.00,Blossa,Gløgg,Gløgg,1,2,krt.,Netto,https://static.tilbudsugen.dk/1st-retail/2025/48/64022/Netto482025-1_23_19x4275_2446x6833_zoom.jpg,2025-11-22,2025-11-28,https://res.cloudinary.com/dfqzmnlga/image/upload/v1763810537/2025-11-22/10834291.jpg
10834290,99.00,Blossa,Gløgg,Gløgg,1,2,krt.,Netto,https://static.tilbudsugen.dk/1st-retail/2025/48/64022/Netto482025-1_23_19x4275_2446x6833_zoom.jpg,2025-11-22,2025-11-28,https://res.cloudinary.com/dfqzmnlga/image/upload/v1763810538/2025-11-22/10834290.jpg
10834097,20.00,Velsmag,Grisekød,Hakket grisekød 8-12%,1,0,bk.,Netto,https://static.tilbudsugen.dk/1st-retail/2025/48/64022/Netto482025-1_10_40x3105_2549x5120_zoom.jpg,2025-11-22,2025-11-28,https://res.cloudinary.com/dfqzmnlga/image/upload/v1763810539/2025-11-22/10834097.jpg
10834306,20.00,Navito,Fisk,Fiskefileter,1,0,pk.,Netto,https://static.tilbudsugen.dk/1st-retail/2025/48/64022/Netto482025-1_6_85x920_3152x3066_zoom.jpg,2025-11-22,2025-11-28,https://res.cloudinary.com/dfqzmnlga/image/upload/v1763810539/2025-11-22/10834306.jpg
10834311,20.00,Julepostej,Postej og Paté,Leverpostej,1,0,pk.,Netto,https://static.tilbudsugen.dk/1st-retail/2025/48/64022/Netto482025-1_6_2509x5125_4905x7237_zoom.jpg,2025-11-22,2025-11-28,https://res.cloudinary.com/dfqzmnlga/image/upload/v1763810540/2025-11-22/10834311.jpg
10834036,20.00,Grovhakket,Postej og Paté,Leverpostej,1,0,pk.,Netto,https://static.tilbudsugen.dk/1st-retail/2025/48/64022/Netto482025-1_6_2509x5125_4905x7237_zoom.jpg,2025-11-22,2025-11-28,https://res.cloudinary.com/dfqzmnlga/image/upload/v1763810540/2025-11-22/10834036.jpg
10834112,10.00,Lacto FREE,Madlavning friskvarer,Fraiche 13%,1,0,bg.,Netto,https://static.tilbudsugen.dk/1st-retail/2025/48/64022/Netto482025-1_11_57x2855_1616x4926_zoom.jpg,2025-11-22,2025-11-28,https://res.cloudinary.com/dfqzmnlga/image/upload/v1763810541/2025-11-22/10834112.jpg
10834136,5.00,Dr Oetker,Mellemmåltider,Fromage Passionsfrugt,1,0,bg.,Netto,https://static.tilbudsugen.dk/1st-retail/2025/48/64022/Netto482025-1_12_28x2650_1696x4887_zoom.jpg,2025-11-22,2025-11-28,https://res.cloudinary.com/dfqzmnlga/image/upload/v1763810541/2025-11-22/10834136.jpg
10834130,5.00,Dr Oetker,Mellemmåltider,Citronfromage ,1,0,bg.,Netto,https://static.tilbudsugen.dk/1st-retail/2025/48/64022/Netto482025-1_12_28x2650_1696x4887_zoom.jpg,2025-11-22,2025-11-28,https://res.cloudinary.com/dfqzmnlga/image/upload/v1763810541/2025-11-22/10834130.jpg
10834137,5.00,Dr Oetker,Mellemmåltider,Chokolademousse,1,0,bg.,Netto,https://static.tilbudsugen.dk/1st-retail/2025/48/64022/Netto482025-1_12_28x2650_1696x4887_zoom.jpg,2025-11-22,2025-11-28,https://res.cloudinary.com/dfqzmnlga/image/upload/v1763810542/2025-11-22/10834137.jpg
10834310,20.00,Fransk Postej,Postej og Paté,Leverpostej,1,0,pk.,Netto,https://static.tilbudsugen.dk/1st-retail/2025/48/64022/Netto482025-1_6_2509x5125_4905x7237_zoom.jpg,2025-11-22,2025-11-28,https://res.cloudinary.com/dfqzmnlga/image/upload/v1763810542/2025-11-22/10834310.jpg
10834249,25.00,Quaker,Müsli & Granola,Cruesli Crunchy Bites,1,0,pk.,Netto,https://static.tilbudsugen.dk/1st-retail/2025/48/64022/Netto482025-1_22_62x81_4979x2459_zoom.jpg,2025-11-22,2025-11-28,https://res.cloudinary.com/dfqzmnlga/image/upload/v1763810543/2025-11-22/10834249.jpg
10834247,25.00,Quaker,Müsli & Granola,Cruesli 4 Nuts,1,0,pk.,Netto,https://static.tilbudsugen.dk/1st-retail/2025/48/64022/Netto482025-1_22_62x81_4979x2459_zoom.jpg,2025-11-22,2025-11-28,https://res.cloudinary.com/dfqzmnlga/image/upload/v1763810543/2025-11-22/10834247.jpg
10834248,25.00,Quaker,Müsli & Granola,Cruesli Raisins,1,0,pk.,Netto,https://static.tilbudsugen.dk/1st-retail/2025/48/64022/Netto482025-1_22_62x81_4979x2459_zoom.jpg,2025-11-22,2025-11-28,https://res.cloudinary.com/dfqzmnlga/image/upload/v1763810543/2025-11-22/10834248.jpg
10834237,25.00,Quaker,Müsli & Granola,Cruesli Dark Chocolate,1,0,pk.,Netto,https://static.tilbudsugen.dk/1st-retail/2025/48/64022/Netto482025-1_22_62x81_4979x2459_zoom.jpg,2025-11-22,2025-11-28,https://res.cloudinary.com/dfqzmnlga/image/upload/v1763810544/2025-11-22/10834237.jpg
10834091,22.36,ØGO,Juice,Ingefærshot Æble & Citron,1,0,fl.,Netto,https://static.tilbudsugen.dk/1st-retail/2025/48/64022/Netto482025-1_17_0x4641_2452x7264_zoom.jpg,2025-11-22,2025-11-28,https://res.cloudinary.com/dfqzmnlga/image/upload/v1763810544/2025-11-22/10834091.jpg
10790452,27.95,Velsmag,Grisekød,Hamburgerryg,1,0,bk.,Netto,https://static.tilbudsugen.dk/1st-retail/2025/45/63794/Netto442025-1_16_2823x4857_4944x6919_zoom.jpg,2025-11-01,2025-11-30,https://res.cloudinary.com/dfqzmnlga/image/upload/v1763810545/2025-11-22/10790452.jpg
10790453,27.95,Velsmag,Grisekød,Bacon,1,0,pk.,Netto,https://static.tilbudsugen.dk/1st-retail/2025/45/63794/Netto442025-1_16_2823x4857_4944x6919_zoom.jpg,2025-11-01,2025-11-30,https://res.cloudinary.com/dfqzmnlga/image/upload/v1763810545/2025-11-22/10790453.jpg
10834105,3.97,Aruna,Krydderier,Kanel,1,0,gl.,Netto,https://static.tilbudsugen.dk/1st-retail/2025/48/64022/Netto482025-1_18_99x4470_2452x7218_zoom.jpg,2025-11-22,2025-11-28,https://res.cloudinary.com/dfqzmnlga/image/upload/v1763810546/2025-11-22/10834105.jpg
10834314,20.00,Stryhns,Pålægspølser,Røget Medister,1,0,pk.,Netto,https://static.tilbudsugen.dk/1st-retail/2025/48/64022/Netto482025-1_6_2509x5125_4905x7237_zoom.jpg,2025-11-22,2025-11-28,https://res.cloudinary.com/dfqzmnlga/image/upload/v1763810546/2025-11-22/10834314.jpg
10834342,29.00,Velsmag,Grisekød,Medister,1,0,bk.,Netto,https://static.tilbudsugen.dk/1st-retail/2025/48/64022/Netto482025-1_9_17x795_3147x3020_zoom.jpg,2025-11-22,2025-11-28,https://res.cloudinary.com/dfqzmnlga/image/upload/v1763810546/2025-11-22/10834342.jpg
10834108,12.00,Arla Protein,Mellemmåltider,Chocolate Fudge Flavour Mousse,1,0,bg.,Netto,https://static.tilbudsugen.dk/1st-retail/2025/48/64022/Netto482025-1_11_973x1006_4911x2616_zoom.jpg,2025-11-22,2025-11-28,https://res.cloudinary.com/dfqzmnlga/image/upload/v1763810547/2025-11-22/10834108.jpg
10834110,12.00,Arla Protein,Mellemmåltider,Banoffee Pie Mousse,1,0,bg.,Netto,https://static.tilbudsugen.dk/1st-retail/2025/48/64022/Netto482025-1_11_973x1006_4911x2616_zoom.jpg,2025-11-22,2025-11-28,https://res.cloudinary.com/dfqzmnlga/image/upload/v1763810548/2025-11-22/10834110.jpg
10834018,12.00,ØGO,Postej og Paté,Kyllingeleverpostej,1,0,pk.,Netto,https://static.tilbudsugen.dk/1st-retail/2025/48/64022/Netto482025-1_5_1508x135_3278x2639_zoom.jpg,2025-11-22,2025-11-28,https://res.cloudinary.com/dfqzmnlga/image/upload/v1763810548/2025-11-22/10834018.jpg
10834020,12.00,ØGO,Postej og Paté,Leverpostej,1,0,pk.,Netto,https://static.tilbudsugen.dk/1st-retail/2025/48/64022/Netto482025-1_5_1508x135_3278x2639_zoom.jpg,2025-11-22,2025-11-28,https://res.cloudinary.com/dfqzmnlga/image/upload/v1763810548/2025-11-22/10834020.jpg
10834074,55.00,,Nødder & Kerner,Valnødder,1,0,ps.,Netto,https://static.tilbudsugen.dk/1st-retail/2025/48/64022/Netto482025-1_8_2538x5245_4917x7197_zoom.jpg,2025-11-22,2025-11-28,https://res.cloudinary.com/dfqzmnlga/image/upload/v1763810549/2025-11-22/10834074.jpg
10834349,49.00,Rose,Kylling,Hakket kylling 7-10%,1,0,bk.,Netto,https://static.tilbudsugen.dk/1st-retail/2025/48/64022/Netto482025-1_10_2492x5091_4934x7225_zoom.jpg,2025-11-22,2025-11-28,https://res.cloudinary.com/dfqzmnlga/image/upload/v1763810549/2025-11-22/10834349.jpg
10834012,16.00,ØGO,Remoulade,Remoulade,1,0,gl.,Netto,https://static.tilbudsugen.dk/1st-retail/2025/48/64022/Netto482025-1_5_1690x5188_3329x7254_zoom.jpg,2025-11-22,2025-11-28,https://res.cloudinary.com/dfqzmnlga/image/upload/v1763810550/2025-11-22/10834012.jpg
10833964,25.00,,Kylling,Kyllingebrystfilet,1,0,pk.,Netto,https://static.tilbudsugen.dk/1st-retail/2025/48/64022/Netto482025-1_1_2509x1905_4911x4079_zoom.jpg,2025-11-22,2025-11-28,https://res.cloudinary.com/dfqzmnlga/image/upload/v1763810550/2025-11-22/10833964.jpg
10834037,25.00,Premieur,Fastfoodbrød,Hotdogbrød Brioche Pretzel Style,1,0,pk.,Netto,https://static.tilbudsugen.dk/1st-retail/2025/48/64022/Netto482025-1_16_2452x1564_4996x3675_zoom.jpg,2025-11-22,2025-11-28,https://res.cloudinary.com/dfqzmnlga/image/upload/v1763810550/2025-11-22/10834037.jpg
10834099,25.00,,Kylling,Kyllingebrystfilet,1,0,pk.,Netto,https://static.tilbudsugen.dk/1st-retail/2025/48/64022/Netto482025-1_10_2549x3111_4956x5114_zoom.jpg,2025-11-22,2025-11-28,https://res.cloudinary.com/dfqzmnlga/image/upload/v1763810551/2025-11-22/10834099.jpg
10834103,11.53,Cheesemakers Treasures,Skiveost,Skiveost Smaragd,1,0,pk.,Netto,https://static.tilbudsugen.dk/1st-retail/2025/48/64022/Netto482025-1_18_2524x4069_4957x7277_zoom.jpg,2025-11-22,2025-11-28,https://res.cloudinary.com/dfqzmnlga/image/upload/v1763810551/2025-11-22/10834103.jpg
10834304,16.00,ØGO,Mayonnaise,Mayonnaise,1,0,fl.,Netto,https://static.tilbudsugen.dk/1st-retail/2025/48/64022/Netto482025-1_5_1690x5188_3329x7254_zoom.jpg,2025-11-22,2025-11-28,https://res.cloudinary.com/dfqzmnlga/image/upload/v1763810551/2025-11-22/10834304.jpg
10834198,25.00,Skagen Fiskerestaurant,Fisk og skaldyr Køl,Fiskefrikadeller,1,0,pk.,Netto,https://static.tilbudsugen.dk/1st-retail/2025/48/64022/Netto482025-1_13_34x5103_2589x7254_zoom.jpg,2025-11-22,2025-11-28,https://res.cloudinary.com/dfqzmnlga/image/upload/v1763810552/2025-11-22/10834198.jpg
10834307,20.00,Navito,Fisk,Sildefilet,1,0,pk.,Netto,https://static.tilbudsugen.dk/1st-retail/2025/48/64022/Netto482025-1_6_85x920_3152x3066_zoom.jpg,2025-11-22,2025-11-28,https://res.cloudinary.com/dfqzmnlga/image/upload/v1763810552/2025-11-22/10834307.jpg
10834313,20.00,Stryhns,Andet Pålæg,Sylte,1,0,bk.,Netto,https://static.tilbudsugen.dk/1st-retail/2025/48/64022/Netto482025-1_6_2509x5125_4905x7237_zoom.jpg,2025-11-22,2025-11-28,https://res.cloudinary.com/dfqzmnlga/image/upload/v1763810553/2025-11-22/10834313.jpg
10834348,20.00,Velsmag,Grisekød,Skinkestrimler,1,0,bk.,Netto,https://static.tilbudsugen.dk/1st-retail/2025/48/64022/Netto482025-1_10_40x3105_2549x5120_zoom.jpg,2025-11-22,2025-11-28,https://res.cloudinary.com/dfqzmnlga/image/upload/v1763810554/2025-11-22/10834348.jpg
10834289,50.00,Blossa,Gløgg,Gløgg,1,0,fl.,Netto,https://static.tilbudsugen.dk/1st-retail/2025/48/64022/Netto482025-1_23_2477x4643_4998x6864_zoom.jpg,2025-11-22,2025-11-28,https://res.cloudinary.com/dfqzmnlga/image/upload/v1763810554/2025-11-22/10834289.jpg
10834221,25.00,Løgismose,Dybfrost Brød,Hvedekerneboller,1,0,ps.,Netto,https://static.tilbudsugen.dk/1st-retail/2025/48/64022/Netto482025-1_14_57x818_2464x2986_zoom.jpg,2025-11-22,2025-11-28,https://res.cloudinary.com/dfqzmnlga/image/upload/v1763810555/2025-11-22/10834221.jpg
10834224,25.00,Løgismose,Dybfrost Brød,Surdejsboller,1,0,ps.,Netto,https://static.tilbudsugen.dk/1st-retail/2025/48/64022/Netto482025-1_14_57x818_2464x2986_zoom.jpg,2025-11-22,2025-11-28,https://res.cloudinary.com/dfqzmnlga/image/upload/v1763810555/2025-11-22/10834224.jpg
10834225,25.00,Løgismose,Dybfrost Brød,Surdejsbaguette,1,0,ps.,Netto,https://static.tilbudsugen.dk/1st-retail/2025/48/64022/Netto482025-1_14_57x818_2464x2986_zoom.jpg,2025-11-22,2025-11-28,https://res.cloudinary.com/dfqzmnlga/image/upload/v1763810556/2025-11-22/10834225.jpg
10834075,29.00,Velsmag,Grisekød,Flæsk i skiver,1,0,bk.,Netto,https://static.tilbudsugen.dk/1st-retail/2025/48/64022/Netto482025-1_9_17x795_3147x3020_zoom.jpg,2025-11-22,2025-11-28,https://res.cloudinary.com/dfqzmnlga/image/upload/v1763810557/2025-11-22/10834075.jpg
10834346,29.00,Velsmag,Kalve- og grisekød,Hakket kalv og grisekød 4-7%,1,0,bk.,Netto,https://static.tilbudsugen.dk/1st-retail/2025/48/64022/Netto482025-1_9_17x795_3147x3020_zoom.jpg,2025-11-22,2025-11-28,https://res.cloudinary.com/dfqzmnlga/image/upload/v1763810557/2025-11-22/10834346.jpg
10834344,29.00,Velsmag,Grisekød,Grisekoteletter,1,0,bk.,Netto,https://static.tilbudsugen.dk/1st-retail/2025/48/64022/Netto482025-1_9_17x795_3147x3020_zoom.jpg,2025-11-22,2025-11-28,https://res.cloudinary.com/dfqzmnlga/image/upload/v1763810557/2025-11-22/10834344.jpg
10834312,20.00,Bacon Peber,Postej og Paté,Leverpostej,1,0,pk.,Netto,https://static.tilbudsugen.dk/1st-retail/2025/48/64022/Netto482025-1_6_2509x5125_4905x7237_zoom.jpg,2025-11-22,2025-11-28,https://res.cloudinary.com/dfqzmnlga/image/upload/v1763810558/2025-11-22/10834312.jpg
10834296,55.00,,Californiske vine,Californisk Hvidvin,1,0,fl.,Netto,https://static.tilbudsugen.dk/1st-retail/2025/48/64022/Netto482025-1_24_125x4568_3282x6877_zoom.jpg,2025-11-22,2025-11-28,https://res.cloudinary.com/dfqzmnlga/image/upload/v1763810558/2025-11-22/10834296.jpg
10834294,55.00,,Californiske vine,Californisk Rødvin,1,0,fl.,Netto,https://static.tilbudsugen.dk/1st-retail/2025/48/64022/Netto482025-1_24_125x4568_3282x6877_zoom.jpg,2025-11-22,2025-11-28,https://res.cloudinary.com/dfqzmnlga/image/upload/v1763810558/2025-11-22/10834294.jpg
10834295,55.00,,Californiske vine,Californisk Rosevin,1,0,fl.,Netto,https://static.tilbudsugen.dk/1st-retail/2025/48/64022/Netto482025-1_24_125x4568_3282x6877_zoom.jpg,2025-11-22,2025-11-28,https://res.cloudinary.com/dfqzmnlga/image/upload/v1763810559/2025-11-22/10834295.jpg
10834102,7.49,Brunchy,Bacon,Baconskiver,1,0,pk.,Netto,https://static.tilbudsugen.dk/1st-retail/2025/48/64022/Netto482025-1_18_2025x855_4930x3951_zoom.jpg,2025-11-22,2025-11-28,https://res.cloudinary.com/dfqzmnlga/image/upload/v1763810559/2025-11-22/10834102.jpg
10834264,30.00,Premieur,Sild,Sild,1,0,gl.,Netto,https://static.tilbudsugen.dk/1st-retail/2025/48/64022/Netto482025-1_15_3323x2195_4917x4932_zoom.jpg,2025-11-22,2025-11-28,https://res.cloudinary.com/dfqzmnlga/image/upload/v1763810560/2025-11-22/10834264.jpg
10834142,15.00,Philadelphia,Specialost,Flødeost Light,1,0,bg.,Netto,https://static.tilbudsugen.dk/1st-retail/2025/48/64022/Netto482025-1_12_1724x2684_3329x4978_zoom.jpg,2025-11-22,2025-11-28,https://res.cloudinary.com/dfqzmnlga/image/upload/v1763810560/2025-11-22/10834142.jpg
10834140,15.00,Philadelphia,Specialost,Flødeost Original,1,0,bg.,Netto,https://static.tilbudsugen.dk/1st-retail/2025/48/64022/Netto482025-1_12_1724x2684_3329x4978_zoom.jpg,2025-11-22,2025-11-28,https://res.cloudinary.com/dfqzmnlga/image/upload/v1763810560/2025-11-22/10834140.jpg
10834144,15.00,Philadelphia,Specialost,Flødeost Sweet Chili,1,0,bg.,Netto,https://static.tilbudsugen.dk/1st-retail/2025/48/64022/Netto482025-1_12_1724x2684_3329x4978_zoom.jpg,2025-11-22,2025-11-28,https://res.cloudinary.com/dfqzmnlga/image/upload/v1763810561/2025-11-22/10834144.jpg
10834143,15.00,Philadelphia,Specialost,Flødeost Purløg,1,0,bg.,Netto,https://static.tilbudsugen.dk/1st-retail/2025/48/64022/Netto482025-1_12_1724x2684_3329x4978_zoom.jpg,2025-11-22,2025-11-28,https://res.cloudinary.com/dfqzmnlga/image/upload/v1763810561/2025-11-22/10834143.jpg
10834004,15.00,Kærgården,Fedtstoffer,Smørbar,1,0,bg.,Netto,https://static.tilbudsugen.dk/1st-retail/2025/48/64022/Netto482025-1_4_46x3868_2561x7242_zoom.jpg,2025-11-22,2025-11-28,https://res.cloudinary.com/dfqzmnlga/image/upload/v1763810562/2025-11-22/10834004.jpg
10834005,15.00,Kærgården,Fedtstoffer,Smørbar Let,1,0,bg.,Netto,https://static.tilbudsugen.dk/1st-retail/2025/48/64022/Netto482025-1_4_46x3868_2561x7242_zoom.jpg,2025-11-22,2025-11-28,https://res.cloudinary.com/dfqzmnlga/image/upload/v1763810562/2025-11-22/10834005.jpg
10834057,28.00,,Salater,Måltidssalat,1,0,bk.,Netto,https://static.tilbudsugen.dk/1st-retail/2025/48/64022/Netto482025-1_7_2538x3549_3710x5256_zoom.jpg,2025-11-22,2025-11-28,https://res.cloudinary.com/dfqzmnlga/image/upload/v1763810563/2025-11-22/10834057.jpg
10834067,19.00,Super Kræs,Dressing,Klassisk Kebabdressing,1,0,stk.,Netto,https://static.tilbudsugen.dk/1st-retail/2025/48/64022/Netto482025-1_7_3722x5461_4911x7254_zoom.jpg,2025-11-22,2025-11-28,https://res.cloudinary.com/dfqzmnlga/image/upload/v1763810563/2025-11-22/10834067.jpg
10834243,40.00,Dr Oetker,Pizza Frost,Suprema Calabrese & Nduja tipo,1,0,stk.,Netto,https://static.tilbudsugen.dk/1st-retail/2025/48/64022/Netto482025-1_14_1690x2940_3374x5074_zoom.jpg,2025-11-22,2025-11-28,https://res.cloudinary.com/dfqzmnlga/image/upload/v1763810563/2025-11-22/10834243.jpg
10833989,55.00,Dansk Snaps,Snaps,Snaps,1,0,fl.,Netto,https://static.tilbudsugen.dk/1st-retail/2025/48/64022/Netto482025-1_3_2595x73_4899x3777_zoom.jpg,2025-11-22,2025-11-28,https://res.cloudinary.com/dfqzmnlga/image/upload/v1763810564/2025-11-22/10833989.jpg
10834106,10.00,Mex & Co,Grønt-syltet,Jalapenos,1,0,gl.,Netto,https://static.tilbudsugen.dk/1st-retail/2025/48/64022/Netto482025-1_19_53x3760_1874x5555_zoom.jpg,2025-11-22,2025-11-28,https://res.cloudinary.com/dfqzmnlga/image/upload/v1763810564/2025-11-22/10834106.jpg
10834458,10.00,Faaborg,Postej og Paté,Leverpostej,1,0,ds.,Netto,https://static.tilbudsugen.dk/1st-retail/2025/48/64022/Netto482025-1_30_2490x4056_3706x5273_zoom.jpg,2025-11-22,2025-11-28,https://res.cloudinary.com/dfqzmnlga/image/upload/v1763810565/2025-11-22/10834458.jpg
10834347,20.00,Fondànt,Bodylotion,Bodybutter,1,0,ds.,Netto,https://static.tilbudsugen.dk/1st-retail/2025/48/64022/Netto482025-1_25_2446x724_4954x2877_zoom.jpg,2025-11-22,2025-11-28,https://res.cloudinary.com/dfqzmnlga/image/upload/v1763810565/2025-11-22/10834347.jpg
10834351,20.00,Fondànt,Hårpleje,Hårmaske,1,0,ds.,Netto,https://static.tilbudsugen.dk/1st-retail/2025/48/64022/Netto482025-1_25_2446x724_4954x2877_zoom.jpg,2025-11-22,2025-11-28,https://res.cloudinary.com/dfqzmnlga/image/upload/v1763810566/2025-11-22/10834351.jpg
10834354,20.00,Fondànt,Shampoo,Shampoo,1,0,stk.,Netto,https://static.tilbudsugen.dk/1st-retail/2025/48/64022/Netto482025-1_25_2446x724_4954x2877_zoom.jpg,2025-11-22,2025-11-28,https://res.cloudinary.com/dfqzmnlga/image/upload/v1763810566/2025-11-22/10834354.jpg
10834450,10.00,Navito,Konserves,Makrel i Tomat,1,0,ds.,Netto,https://static.tilbudsugen.dk/1st-retail/2025/48/64022/Netto482025-1_30_3700x3975_4998x5273_zoom.jpg,2025-11-22,2025-11-28,https://res.cloudinary.com/dfqzmnlga/image/upload/v1763810567/2025-11-22/10834450.jpg
10834245,40.00,Næmt,Færdigretter Køl,Spareribs,1,0,pk.,Netto,https://static.tilbudsugen.dk/1st-retail/2025/48/64022/Netto482025-1_14_3374x3037_4899x5103_zoom.jpg,2025-11-22,2025-11-28,https://res.cloudinary.com/dfqzmnlga/image/upload/v1763810567/2025-11-22/10834245.jpg
10834359,20.00,Fondànt,Balsam,Balsam,1,0,stk.,Netto,https://static.tilbudsugen.dk/1st-retail/2025/48/64022/Netto482025-1_25_2446x724_4954x2877_zoom.jpg,2025-11-22,2025-11-28,https://res.cloudinary.com/dfqzmnlga/image/upload/v1763810567/2025-11-22/10834359.jpg
10834085,89.00,Velsmag,Grisekød,Grisemørbrad,1,1,bk.,Netto,https://static.tilbudsugen.dk/1st-retail/2025/48/64022/Netto482025-1_9_1707x3105_3335x5040_zoom.jpg,2025-11-22,2025-11-28,https://res.cloudinary.com/dfqzmnlga/image/upload/v1763810568/2025-11-22/10834085.jpg
10834244,40.00,Dr Oetker,Pizza Frost,Suprema Cinque Formaggi,1,0,stk.,Netto,https://static.tilbudsugen.dk/1st-retail/2025/48/64022/Netto482025-1_14_1690x2940_3374x5074_zoom.jpg,2025-11-22,2025-11-28,https://res.cloudinary.com/dfqzmnlga/image/upload/v1763810568/2025-11-22/10834244.jpg
10834096,26.56,Grød,Færdigretter Køl,Rød Daal,1,0,bk.,Netto,https://static.tilbudsugen.dk/1st-retail/2025/48/64022/Netto482025-1_17_2228x4010_4911x7237_zoom.jpg,2025-11-22,2025-11-28,https://res.cloudinary.com/dfqzmnlga/image/upload/v1763810569/2025-11-22/10834096.jpg
10834098,26.56,Grød,Færdigretter Køl,Grøn daal,1,0,bk.,Netto,https://static.tilbudsugen.dk/1st-retail/2025/48/64022/Netto482025-1_17_2228x4010_4911x7237_zoom.jpg,2025-11-22,2025-11-28,https://res.cloudinary.com/dfqzmnlga/image/upload/v1763810570/2025-11-22/10834098.jpg
10834241,40.00,Dr Oetker,Pizza Frost,Suprema Salame Romano,1,0,stk.,Netto,https://static.tilbudsugen.dk/1st-retail/2025/48/64022/Netto482025-1_14_1690x2940_3374x5074_zoom.jpg,2025-11-22,2025-11-28,https://res.cloudinary.com/dfqzmnlga/image/upload/v1763810570/2025-11-22/10834241.jpg
10834017,25.00,Premieur,Dej Køl,Brunkagedej,1,0,pk.,Netto,https://static.tilbudsugen.dk/1st-retail/2025/48/64022/Netto482025-1_16_2472x197_4996x1617_zoom.jpg,2025-11-22,2025-11-28,https://res.cloudinary.com/dfqzmnlga/image/upload/v1763810570/2025-11-22/10834017.jpg
10834191,12.00,Sønderjyske Fristelser,Pålægssalat,Skagensalat,1,0,bg.,Netto,https://static.tilbudsugen.dk/1st-retail/2025/48/64022/Netto482025-1_13_2578x778_4928x2975_zoom.jpg,2025-11-22,2025-11-28,https://res.cloudinary.com/dfqzmnlga/image/upload/v1763810571/2025-11-22/10834191.jpg
10834173,12.00,Sønderjyske Fristelser,Pålægssalat,Kylling & Baconsalat,1,0,bg.,Netto,https://static.tilbudsugen.dk/1st-retail/2025/48/64022/Netto482025-1_13_2578x778_4928x2975_zoom.jpg,2025-11-22,2025-11-28,https://res.cloudinary.com/dfqzmnlga/image/upload/v1763810571/2025-11-22/10834173.jpg
10834190,12.00,Sønderjyske Fristelser,Pålægssalat,Krabbesalat med Surimi,1,0,bg.,Netto,https://static.tilbudsugen.dk/1st-retail/2025/48/64022/Netto482025-1_13_2578x778_4928x2975_zoom.jpg,2025-11-22,2025-11-28,https://res.cloudinary.com/dfqzmnlga/image/upload/v1763810572/2025-11-22/10834190.jpg
10834444,12.00,Navito,Konserves,Tun i vand,1,0,ds.,Netto,https://static.tilbudsugen.dk/1st-retail/2025/48/64022/Netto482025-1_30_3613x2827_4998x3931_zoom.jpg,2025-11-22,2025-11-28,https://res.cloudinary.com/dfqzmnlga/image/upload/v1763810572/2025-11-22/10834444.jpg
10834189,12.00,Sønderjyske Fristelser,Pålægssalat,Hønsesalat,1,0,bg.,Netto,https://static.tilbudsugen.dk/1st-retail/2025/48/64022/Netto482025-1_13_2578x778_4928x2975_zoom.jpg,2025-11-22,2025-11-28,https://res.cloudinary.com/dfqzmnlga/image/upload/v1763810573/2025-11-22/10834189.jpg
10834145,15.00,Philadelphia,Specialost,Flødeost Peberrod,1,0,bg.,Netto,https://static.tilbudsugen.dk/1st-retail/2025/48/64022/Netto482025-1_12_1724x2684_3329x4978_zoom.jpg,2025-11-22,2025-11-28,https://res.cloudinary.com/dfqzmnlga/image/upload/v1763810573/2025-11-22/10834145.jpg
10834056,35.00,Premieur,Færdigretter Køl,"Hakkebøf med Bløde Løg, Sovs og Kartofler",1,0,pk.,Netto,https://static.tilbudsugen.dk/1st-retail/2025/48/64022/Netto482025-1_16_26x2577_2426x4529_zoom.jpg,2025-11-22,2025-11-28,https://res.cloudinary.com/dfqzmnlga/image/upload/v1763810573/2025-11-22/10834056.jpg
10834046,35.00,Premieur,Færdigretter Køl,Kotelet i Fad med Ris,1,0,pk.,Netto,https://static.tilbudsugen.dk/1st-retail/2025/48/64022/Netto482025-1_16_26x2577_2426x4529_zoom.jpg,2025-11-22,2025-11-28,https://res.cloudinary.com/dfqzmnlga/image/upload/v1763810574/2025-11-22/10834046.jpg
10834125,18.00,Nora,Madlavningsost,Mascarpone,1,0,bg.,Netto,https://static.tilbudsugen.dk/1st-retail/2025/48/64022/Netto482025-1_11_3289x5063_4962x7151_zoom.jpg,2025-11-22,2025-11-28,https://res.cloudinary.com/dfqzmnlga/image/upload/v1763810575/2025-11-22/10834125.jpg
10834293,65.00,Små Bats,Shots,Shots,1,0,fl.,Netto,https://static.tilbudsugen.dk/1st-retail/2025/48/64022/Netto482025-1_24_3276x4693_4998x6833_zoom.jpg,2025-11-22,2025-11-28,https://res.cloudinary.com/dfqzmnlga/image/upload/v1763810575/2025-11-22/10834293.jpg
10834292,65.00,Små Fugle,Shots,Shots,1,0,fl.,Netto,https://static.tilbudsugen.dk/1st-retail/2025/48/64022/Netto482025-1_24_3276x4693_4998x6833_zoom.jpg,2025-11-22,2025-11-28,https://res.cloudinary.com/dfqzmnlga/image/upload/v1763810576/2025-11-22/10834292.jpg
10834176,30.00,Sur Regnbåge,Slik,Slikbånd,1,0,æsk.,Netto,https://static.tilbudsugen.dk/1st-retail/2025/48/64022/Netto482025-1_21_19x81_2465x2428_zoom.jpg,2025-11-22,2025-11-28,https://res.cloudinary.com/dfqzmnlga/image/upload/v1763810576/2025-11-22/10834176.jpg
10834170,55.00,Mammen,Skæreost,Skæreost Danbo Guld Mellemlagret Kommen,1,0,stk.,Netto,https://static.tilbudsugen.dk/1st-retail/2025/48/64022/Netto482025-1_12_3369x4955_4865x7282_zoom.jpg,2025-11-22,2025-11-28,https://res.cloudinary.com/dfqzmnlga/image/upload/v1763810577/2025-11-22/10834170.jpg
10834042,59.00,Premieur,Færdigretter Køl,Tarteletfyld,1,0,gl.,Netto,https://static.tilbudsugen.dk/1st-retail/2025/48/64022/Netto482025-1_16_66x4522_2445x7231_zoom.jpg,2025-11-22,2025-11-28,https://res.cloudinary.com/dfqzmnlga/image/upload/v1763810577/2025-11-22/10834042.jpg
10834182,16.00,Pringles,Chips,Hot & Spicy Chips,1,0,ds.,Netto,https://static.tilbudsugen.dk/1st-retail/2025/48/64022/Netto482025-1_21_37x4649_2433x6877_zoom.jpg,2025-11-22,2025-11-28,https://res.cloudinary.com/dfqzmnlga/image/upload/v1763810578/2025-11-22/10834182.jpg
10834183,16.00,Pringles,Chips,Sour Cream & Onion Chips,1,0,ds.,Netto,https://static.tilbudsugen.dk/1st-retail/2025/48/64022/Netto482025-1_21_37x4649_2433x6877_zoom.jpg,2025-11-22,2025-11-28,https://res.cloudinary.com/dfqzmnlga/image/upload/v1763810578/2025-11-22/10834183.jpg
10834184,16.00,Pringles,Chips,Paprikachips,1,0,ds.,Netto,https://static.tilbudsugen.dk/1st-retail/2025/48/64022/Netto482025-1_21_37x4649_2433x6877_zoom.jpg,2025-11-22,2025-11-28,https://res.cloudinary.com/dfqzmnlga/image/upload/v1763810578/2025-11-22/10834184.jpg
10834181,15.00,Oreo,Kiks,Double Creme Kiks,1,0,pk.,Netto,https://static.tilbudsugen.dk/1st-retail/2025/48/64022/Netto482025-1_21_2483x718_4917x2440_zoom.jpg,2025-11-22,2025-11-28,https://res.cloudinary.com/dfqzmnlga/image/upload/v1763810579/2025-11-22/10834181.jpg
10834178,15.00,Oreo,Kiks,Oreo Gingerbread,1,0,pk.,Netto,https://static.tilbudsugen.dk/1st-retail/2025/48/64022/Netto482025-1_21_2483x718_4917x2440_zoom.jpg,2025-11-22,2025-11-28,https://res.cloudinary.com/dfqzmnlga/image/upload/v1763810579/2025-11-22/10834178.jpg
10833987,39.00,Blanding 66,Kaffe,Kaffe Formalet,1,0,ps.,Netto,https://static.tilbudsugen.dk/1st-retail/2025/48/64022/Netto482025-1_2_2623x4539_4815x6849_zoom.jpg,2025-11-22,2025-11-28,https://res.cloudinary.com/dfqzmnlga/image/upload/v1763810580/2025-11-22/10833987.jpg
10834139,99.00,Urtekram,Olier,Olivenolie,1,1,fl.,Netto,https://static.tilbudsugen.dk/1st-retail/2025/48/64022/Netto482025-1_20_225x3888_2508x6840_zoom.jpg,2025-11-22,2025-11-28,https://res.cloudinary.com/dfqzmnlga/image/upload/v1763810580/2025-11-22/10834139.jpg
10834023,20.00,Navito,Rejer og andre skaldyr,Rejer,1,0,ps.,Netto,https://static.tilbudsugen.dk/1st-retail/2025/48/64022/Netto482025-1_6_85x920_3152x3066_zoom.jpg,2025-11-22,2025-11-28,https://res.cloudinary.com/dfqzmnlga/image/upload/v1763810581/2025-11-22/10834023.jpg
10834094,20.00,Velsmag,Grisekød,Nakkekoteletter,1,0,bk.,Netto,https://static.tilbudsugen.dk/1st-retail/2025/48/64022/Netto482025-1_9_2908x5063_4882x7254_zoom.jpg,2025-11-22,2025-11-28,https://res.cloudinary.com/dfqzmnlga/image/upload/v1763810581/2025-11-22/10834094.jpg
10834218,20.00,Løgismose,Pålægssalat,Hummus,1,0,bg.,Netto,https://static.tilbudsugen.dk/1st-retail/2025/48/64022/Netto482025-1_13_2595x5131_4837x7254_zoom.jpg,2025-11-22,2025-11-28,https://res.cloudinary.com/dfqzmnlga/image/upload/v1763810582/2025-11-22/10834218.jpg
10834024,25.00,Premieur,Fastfoodbrød,Brioche Burgerboller Pretzel Style,1,0,pk.,Netto,https://static.tilbudsugen.dk/1st-retail/2025/48/64022/Netto482025-1_16_2452x1564_4996x3675_zoom.jpg,2025-11-22,2025-11-28,https://res.cloudinary.com/dfqzmnlga/image/upload/v1763810583/2025-11-22/10834024.jpg
10834259,45.00,Premieur,Fisk,Rødspættefileter,1,0,pk.,Netto,https://static.tilbudsugen.dk/1st-retail/2025/48/64022/Netto482025-1_15_0x3123_1747x4875_zoom.jpg,2025-11-22,2025-11-28,https://res.cloudinary.com/dfqzmnlga/image/upload/v1763810583/2025-11-22/10834259.jpg
10834167,25.00,Klovborg,Skiveost,Skiveost Danbo Mellemlagret,1,0,pk.,Netto,https://static.tilbudsugen.dk/1st-retail/2025/48/64022/Netto482025-1_12_1736x5057_3312x7265_zoom.jpg,2025-11-22,2025-11-28,https://res.cloudinary.com/dfqzmnlga/image/upload/v1763810583/2025-11-22/10834167.jpg
10834111,15.00,Mex & Co,Mexicansk,Taco Shells,1,0,pk.,Netto,https://static.tilbudsugen.dk/1st-retail/2025/48/64022/Netto482025-1_19_1466x2202_3228x3845_zoom.jpg,2025-11-22,2025-11-28,https://res.cloudinary.com/dfqzmnlga/image/upload/v1763810584/2025-11-22/10834111.jpg
10834061,29.00,Super Kræs,Færdigretter Køl,Klassisk Kebab,1,0,pk.,Netto,https://static.tilbudsugen.dk/1st-retail/2025/48/64022/Netto482025-1_7_1280x5672_2481x7237_zoom.jpg,2025-11-22,2025-11-28,https://res.cloudinary.com/dfqzmnlga/image/upload/v1763810586/2025-11-22/10834061.jpg
10833985,22.00,Toffifee,Chokolade,Dessertchokolade,1,0,æsk.,Netto,https://static.tilbudsugen.dk/1st-retail/2025/48/64022/Netto482025-1_2_2391x2638_4890x4587_zoom.jpg,2025-11-22,2025-11-28,https://res.cloudinary.com/dfqzmnlga/image/upload/v1763810587/2025-11-22/10833985.jpg
10833976,10.00,Sandwich,"Pålæg, skiveskåret",Kyllingebryst Tomat & Timian,1,0,pk.,Netto,https://static.tilbudsugen.dk/1st-retail/2025/48/64022/Netto482025-1_1_57x1780_2481x3993_zoom.jpg,2025-11-22,2025-11-28,https://res.cloudinary.com/dfqzmnlga/image/upload/v1763810587/2025-11-22/10833976.jpg
10833975,10.00,Pålækker,"Pålæg, skiveskåret",Rullepølse,1,0,pk.,Netto,https://static.tilbudsugen.dk/1st-retail/2025/48/64022/Netto482025-1_1_57x1780_2481x3993_zoom.jpg,2025-11-22,2025-11-28,https://res.cloudinary.com/dfqzmnlga/image/upload/v1763810588/2025-11-22/10833975.jpg
10833977,10.00,Sandwich,"Pålæg, skiveskåret",Kyllingebryst,1,0,pk.,Netto,https://static.tilbudsugen.dk/1st-retail/2025/48/64022/Netto482025-1_1_57x1780_2481x3993_zoom.jpg,2025-11-22,2025-11-28,https://res.cloudinary.com/dfqzmnlga/image/upload/v1763810588/2025-11-22/10833977.jpg
10833974,10.00,Pålækker,"Pålæg, skiveskåret",Hamburgerryg,1,0,pk.,Netto,https://static.tilbudsugen.dk/1st-retail/2025/48/64022/Netto482025-1_1_57x1780_2481x3993_zoom.jpg,2025-11-22,2025-11-28,https://res.cloudinary.com/dfqzmnlga/image/upload/v1763810588/2025-11-22/10833974.jpg
10834101,45.00,Velsmag,Oksekød,Hakket oksekød 7-10%,1,0,bk.,Netto,https://static.tilbudsugen.dk/1st-retail/2025/48/64022/Netto482025-1_10_85x5177_2487x7288_zoom.jpg,2025-11-22,2025-11-28,https://res.cloudinary.com/dfqzmnlga/image/upload/v1763810589/2025-11-22/10834101.jpg
10834175,30.00,Sur Jordgubb,Slik,Slikbånd,1,0,æsk.,Netto,https://static.tilbudsugen.dk/1st-retail/2025/48/64022/Netto482025-1_21_19x81_2465x2428_zoom.jpg,2025-11-22,2025-11-28,https://res.cloudinary.com/dfqzmnlga/image/upload/v1763810589/2025-11-22/10834175.jpg
10834148,35.00,John West,Konserves,Tun i vand,1,0,pk.,Netto,https://static.tilbudsugen.dk/1st-retail/2025/48/64022/Netto482025-1_20_125x2590_2502x4712_zoom.jpg,2025-11-22,2025-11-28,https://res.cloudinary.com/dfqzmnlga/image/upload/v1763810590/2025-11-22/10834148.jpg
10834141,35.00,John West,Konserves,Tun i solsikkeolie,1,0,pk.,Netto,https://static.tilbudsugen.dk/1st-retail/2025/48/64022/Netto482025-1_20_125x2590_2502x4712_zoom.jpg,2025-11-22,2025-11-28,https://res.cloudinary.com/dfqzmnlga/image/upload/v1763810590/2025-11-22/10834141.jpg
10834270,59.00,Blanding 72,Kaffe,Kaffe Formalet,1,0,ps.,Netto,https://static.tilbudsugen.dk/1st-retail/2025/48/64022/Netto482025-1_22_0x4699_4929x6796_zoom.jpg,2025-11-22,2025-11-28,https://res.cloudinary.com/dfqzmnlga/image/upload/v1763810590/2025-11-22/10834270.jpg
10834041,30.00,Velsmag,Kylling,Kyllingestrimler,1,0,bk.,Netto,https://static.tilbudsugen.dk/1st-retail/2025/48/64022/Netto482025-1_7_2504x1512_3739x3202_zoom.jpg,2025-11-22,2025-11-28,https://res.cloudinary.com/dfqzmnlga/image/upload/v1763810591/2025-11-22/10834041.jpg
10834177,30.00,Kolaskruvar Megasize,Slik,Slikstænger,1,0,æsk.,Netto,https://static.tilbudsugen.dk/1st-retail/2025/48/64022/Netto482025-1_21_19x81_2465x2428_zoom.jpg,2025-11-22,2025-11-28,https://res.cloudinary.com/dfqzmnlga/image/upload/v1763810591/2025-11-22/10834177.jpg
10834129,5.00,Mex & Co,Mexicansk,Fajita Spice Mix,1,0,ps.,Netto,https://static.tilbudsugen.dk/1st-retail/2025/48/64022/Netto482025-1_19_1650x4805_3300x7237_zoom.jpg,2025-11-22,2025-11-28,https://res.cloudinary.com/dfqzmnlga/image/upload/v1763810592/2025-11-22/10834129.jpg
10834132,5.00,Mex & Co,Mexicansk,Guacamole Spice Mix,1,0,ps.,Netto,https://static.tilbudsugen.dk/1st-retail/2025/48/64022/Netto482025-1_19_1650x4805_3300x7237_zoom.jpg,2025-11-22,2025-11-28,https://res.cloudinary.com/dfqzmnlga/image/upload/v1763810592/2025-11-22/10834132.jpg
10834131,5.00,Mex & Co,Mexicansk,Taco Spice Mix,1,0,ps.,Netto,https://static.tilbudsugen.dk/1st-retail/2025/48/64022/Netto482025-1_19_1650x4805_3300x7237_zoom.jpg,2025-11-22,2025-11-28,https://res.cloudinary.com/dfqzmnlga/image/upload/v1763810592/2025-11-22/10834131.jpg
10834199,20.00,Løgismose,Saucer,Pesto Arancione,1,0,bg.,Netto,https://static.tilbudsugen.dk/1st-retail/2025/48/64022/Netto482025-1_13_2595x5131_4837x7254_zoom.jpg,2025-11-22,2025-11-28,https://res.cloudinary.com/dfqzmnlga/image/upload/v1763810593/2025-11-22/10834199.jpg
10834217,20.00,Løgismose,Saucer,Pesto Rosso,1,0,bg.,Netto,https://static.tilbudsugen.dk/1st-retail/2025/48/64022/Netto482025-1_13_2595x5131_4837x7254_zoom.jpg,2025-11-22,2025-11-28,https://res.cloudinary.com/dfqzmnlga/image/upload/v1763810593/2025-11-22/10834217.jpg
10834219,20.00,Løgismose,Pålægssalat,Haydari,1,0,stk.,Netto,https://static.tilbudsugen.dk/1st-retail/2025/48/64022/Netto482025-1_13_2595x5131_4837x7254_zoom.jpg,2025-11-22,2025-11-28,https://res.cloudinary.com/dfqzmnlga/image/upload/v1763810594/2025-11-22/10834219.jpg
10834216,20.00,Løgismose,Saucer,Pesto Verde,1,0,bg.,Netto,https://static.tilbudsugen.dk/1st-retail/2025/48/64022/Netto482025-1_13_2595x5131_4837x7254_zoom.jpg,2025-11-22,2025-11-28,https://res.cloudinary.com/dfqzmnlga/image/upload/v1763810594/2025-11-22/10834216.jpg
10834187,13.00,Malaco,Slik,Sliksnører Jordbær,1,0,pk.,Netto,https://static.tilbudsugen.dk/1st-retail/2025/48/64022/Netto482025-1_21_6x2534_2440x4705_zoom.jpg,2025-11-22,2025-11-28,https://res.cloudinary.com/dfqzmnlga/image/upload/v1763810595/2025-11-22/10834187.jpg
10834209,13.00,Malaco,Slik,Sliksnører Sour Apple,1,0,pk.,Netto,https://static.tilbudsugen.dk/1st-retail/2025/48/64022/Netto482025-1_21_6x2534_2440x4705_zoom.jpg,2025-11-22,2025-11-28,https://res.cloudinary.com/dfqzmnlga/image/upload/v1763810595/2025-11-22/10834209.jpg
10834064,25.00,Premieur,Pålægspølser,Mørbrad,1,0,stk.,Netto,https://static.tilbudsugen.dk/1st-retail/2025/48/64022/Netto482025-1_16_39x164_2485x2590_zoom.jpg,2025-11-22,2025-11-28,https://res.cloudinary.com/dfqzmnlga/image/upload/v1763810595/2025-11-22/10834064.jpg
10834049,49.00,Premieur,Fjerkræ,Andebryst,1,0,pk.,Netto,https://static.tilbudsugen.dk/1st-retail/2025/48/64022/Netto482025-1_7_1275x3544_2521x5194_zoom.jpg,2025-11-22,2025-11-28,https://res.cloudinary.com/dfqzmnlga/image/upload/v1763810596/2025-11-22/10834049.jpg
10834211,13.00,Malaco,Slik,Slikstjerner Jordbær,1,0,pk.,Netto,https://static.tilbudsugen.dk/1st-retail/2025/48/64022/Netto482025-1_21_6x2534_2440x4705_zoom.jpg,2025-11-22,2025-11-28,https://res.cloudinary.com/dfqzmnlga/image/upload/v1763810596/2025-11-22/10834211.jpg
10834213,13.00,Malaco,Slik,Slikstjerner Karamel,1,0,pk.,Netto,https://static.tilbudsugen.dk/1st-retail/2025/48/64022/Netto482025-1_21_6x2534_2440x4705_zoom.jpg,2025-11-22,2025-11-28,https://res.cloudinary.com/dfqzmnlga/image/upload/v1763810597/2025-11-22/10834213.jpg
10834028,99.00,Linie Aquavit,Snaps,Akvavit,1,0,fl.,Netto,https://static.tilbudsugen.dk/1st-retail/2025/48/64022/Netto482025-1_6_3312x2713_4928x5182_zoom.jpg,2025-11-22,2025-11-28,https://res.cloudinary.com/dfqzmnlga/image/upload/v1763810597/2025-11-22/10834028.jpg
10834066,25.00,Premieur,Pålægspølser,Chorizo,1,0,stk.,Netto,https://static.tilbudsugen.dk/1st-retail/2025/48/64022/Netto482025-1_16_39x164_2485x2590_zoom.jpg,2025-11-22,2025-11-28,https://res.cloudinary.com/dfqzmnlga/image/upload/v1763810597/2025-11-22/10834066.jpg
10834278,59.00,Java Colombia,Kaffe,Kaffebønner,1,0,ps.,Netto,https://static.tilbudsugen.dk/1st-retail/2025/48/64022/Netto482025-1_22_0x4699_4929x6796_zoom.jpg,2025-11-22,2025-11-28,https://res.cloudinary.com/dfqzmnlga/image/upload/v1763810598/2025-11-22/10834278.jpg
10834285,59.00,Organic,Kaffe,Kaffebønner,1,0,ps.,Netto,https://static.tilbudsugen.dk/1st-retail/2025/48/64022/Netto482025-1_22_0x4699_4929x6796_zoom.jpg,2025-11-22,2025-11-28,https://res.cloudinary.com/dfqzmnlga/image/upload/v1763810598/2025-11-22/10834285.jpg
10834263,59.00,Blanding 92,Kaffe,Kaffe Formalet,1,0,ps.,Netto,https://static.tilbudsugen.dk/1st-retail/2025/48/64022/Netto482025-1_22_0x4699_4929x6796_zoom.jpg,2025-11-22,2025-11-28,https://res.cloudinary.com/dfqzmnlga/image/upload/v1763810598/2025-11-22/10834263.jpg
10834275,59.00,Original,Kaffe,Kaffe Formalet,1,0,ps.,Netto,https://static.tilbudsugen.dk/1st-retail/2025/48/64022/Netto482025-1_22_0x4699_4929x6796_zoom.jpg,2025-11-22,2025-11-28,https://res.cloudinary.com/dfqzmnlga/image/upload/v1763810599/2025-11-22/10834275.jpg
10834280,59.00,Peter Larsen,Kaffe,Kaffebønner,1,0,ps.,Netto,https://static.tilbudsugen.dk/1st-retail/2025/48/64022/Netto482025-1_22_0x4699_4929x6796_zoom.jpg,2025-11-22,2025-11-28,https://res.cloudinary.com/dfqzmnlga/image/upload/v1763810599/2025-11-22/10834280.jpg
10834188,15.00,Marabou,Chokolade,Chokoladeplade Digestive,1,0,pk.,Netto,https://static.tilbudsugen.dk/1st-retail/2025/48/64022/Netto482025-1_21_2396x2452_4911x4699_zoom.jpg,2025-11-22,2025-11-28,https://res.cloudinary.com/dfqzmnlga/image/upload/v1763810599/2025-11-22/10834188.jpg
10834200,15.00,Marabou,Chokolade,Chokoladeplade Dröm Krisp,1,0,pk.,Netto,https://static.tilbudsugen.dk/1st-retail/2025/48/64022/Netto482025-1_21_2396x2452_4911x4699_zoom.jpg,2025-11-22,2025-11-28,https://res.cloudinary.com/dfqzmnlga/image/upload/v1763810600/2025-11-22/10834200.jpg
10834204,15.00,Marabou,Chokolade,Chokoladeplade Schweizernöt,1,0,pk.,Netto,https://static.tilbudsugen.dk/1st-retail/2025/48/64022/Netto482025-1_21_2396x2452_4911x4699_zoom.jpg,2025-11-22,2025-11-28,https://res.cloudinary.com/dfqzmnlga/image/upload/v1763810600/2025-11-22/10834204.jpg
10834201,15.00,Marabou,Chokolade,Chokoladeplade Grädd Nougat,1,0,pk.,Netto,https://static.tilbudsugen.dk/1st-retail/2025/48/64022/Netto482025-1_21_2396x2452_4911x4699_zoom.jpg,2025-11-22,2025-11-28,https://res.cloudinary.com/dfqzmnlga/image/upload/v1763810601/2025-11-22/10834201.jpg
10834153,15.00,Bornholm,Specialost,Specialost,1,0,stk.,Netto,https://static.tilbudsugen.dk/1st-retail/2025/48/64022/Netto482025-1_12_46x4949_1736x7237_zoom.jpg,2025-11-22,2025-11-28,https://res.cloudinary.com/dfqzmnlga/image/upload/v1763810602/2025-11-22/10834153.jpg
10834205,15.00,Marabou,Chokolade,Chokoladeplade Mjölk Choklad,1,0,pk.,Netto,https://static.tilbudsugen.dk/1st-retail/2025/48/64022/Netto482025-1_21_2396x2452_4911x4699_zoom.jpg,2025-11-22,2025-11-28,https://res.cloudinary.com/dfqzmnlga/image/upload/v1763810602/2025-11-22/10834205.jpg
10834202,15.00,Marabou,Chokolade,Chokoladeplade Tuc,1,0,pk.,Netto,https://static.tilbudsugen.dk/1st-retail/2025/48/64022/Netto482025-1_21_2396x2452_4911x4699_zoom.jpg,2025-11-22,2025-11-28,https://res.cloudinary.com/dfqzmnlga/image/upload/v1763810602/2025-11-22/10834202.jpg
10834203,15.00,Marabou,Chokolade,Chokoladeplade Black Saltlakritz,1,0,pk.,Netto,https://static.tilbudsugen.dk/1st-retail/2025/48/64022/Netto482025-1_21_2396x2452_4911x4699_zoom.jpg,2025-11-22,2025-11-28,https://res.cloudinary.com/dfqzmnlga/image/upload/v1763810603/2025-11-22/10834203.jpg
10834206,15.00,Daim,Chokolade,Chokoladeplade ,1,0,stk.,Netto,https://static.tilbudsugen.dk/1st-retail/2025/48/64022/Netto482025-1_21_2396x2452_4911x4699_zoom.jpg,2025-11-22,2025-11-28,https://res.cloudinary.com/dfqzmnlga/image/upload/v1763810603/2025-11-22/10834206.jpg
10834210,13.00,Malaco,Slik,Slikstrimler Tutti Frutti,1,0,ps.,Netto,https://static.tilbudsugen.dk/1st-retail/2025/48/64022/Netto482025-1_21_6x2534_2440x4705_zoom.jpg,2025-11-22,2025-11-28,https://res.cloudinary.com/dfqzmnlga/image/upload/v1763810604/2025-11-22/10834210.jpg
10834214,13.00,Malaco,Slik,Slikstrimler Jordbær,1,0,ps.,Netto,https://static.tilbudsugen.dk/1st-retail/2025/48/64022/Netto482025-1_21_6x2534_2440x4705_zoom.jpg,2025-11-22,2025-11-28,https://res.cloudinary.com/dfqzmnlga/image/upload/v1763810604/2025-11-22/10834214.jpg
10834192,25.00,,Røget og gravad,Laks i skiver,1,0,pk.,Netto,https://static.tilbudsugen.dk/1st-retail/2025/48/64022/Netto482025-1_13_34x2923_2595x5091_zoom.jpg,2025-11-22,2025-11-28,https://res.cloudinary.com/dfqzmnlga/image/upload/v1763810605/2025-11-22/10834192.jpg
10834350,25.00,,Røget og gravad,Laks,1,0,pk.,Netto,https://static.tilbudsugen.dk/1st-retail/2025/48/64022/Netto482025-1_13_34x2923_2595x5091_zoom.jpg,2025-11-22,2025-11-28,https://res.cloudinary.com/dfqzmnlga/image/upload/v1763810605/2025-11-22/10834350.jpg
10834156,12.00,Krambals,Kiks,Bruschetta Garden Grill,1,0,ps.,Netto,https://static.tilbudsugen.dk/1st-retail/2025/48/64022/Netto482025-1_20_2421x612_4649x2708_zoom.jpg,2025-11-22,2025-11-28,https://res.cloudinary.com/dfqzmnlga/image/upload/v1763810606/2025-11-22/10834156.jpg
10834155,12.00,Krambals,Kiks,Bruschetta Creamy Cheese,1,0,ps.,Netto,https://static.tilbudsugen.dk/1st-retail/2025/48/64022/Netto482025-1_20_2421x612_4649x2708_zoom.jpg,2025-11-22,2025-11-28,https://res.cloudinary.com/dfqzmnlga/image/upload/v1763810606/2025-11-22/10834155.jpg
10834152,12.00,Krambals,Kiks,Bruschetta Tomato & Mozarella,1,0,ps.,Netto,https://static.tilbudsugen.dk/1st-retail/2025/48/64022/Netto482025-1_20_2421x612_4649x2708_zoom.jpg,2025-11-22,2025-11-28,https://res.cloudinary.com/dfqzmnlga/image/upload/v1763810607/2025-11-22/10834152.jpg
10834084,25.19,ØGO,Madlavningsost,Revet ost Cheddar,1,0,ps.,Netto,https://static.tilbudsugen.dk/1st-retail/2025/48/64022/Netto482025-1_17_0x756_2051x4628_zoom.jpg,2025-11-22,2025-11-28,https://res.cloudinary.com/dfqzmnlga/image/upload/v1763810607/2025-11-22/10834084.jpg
10834193,20.00,Premieur,"Pålæg, skiveskåret",Carpaccio,1,0,pk.,Netto,https://static.tilbudsugen.dk/1st-retail/2025/48/64022/Netto482025-1_13_2618x2986_4854x5120_zoom.jpg,2025-11-22,2025-11-28,https://res.cloudinary.com/dfqzmnlga/image/upload/v1763810607/2025-11-22/10834193.jpg
10833986,39.00,Zendium,Tandpleje,Tandpasta,1,0,pk.,Netto,https://static.tilbudsugen.dk/1st-retail/2025/48/64022/Netto482025-1_2_38x4657_2629x6849_zoom.jpg,2025-11-22,2025-11-28,https://res.cloudinary.com/dfqzmnlga/image/upload/v1763810608/2025-11-22/10833986.jpg
10834076,59.00,Lerøy,Fersk fisk,Kullerfilet,1,0,bk.,Netto,https://static.tilbudsugen.dk/1st-retail/2025/48/64022/Netto482025-1_9_3164x181_4939x3043_zoom.jpg,2025-11-22,2025-11-28,https://res.cloudinary.com/dfqzmnlga/image/upload/v1763810608/2025-11-22/10834076.jpg
10834079,59.00,Lerøy,Fersk fisk,Laksefilet,1,0,bk.,Netto,https://static.tilbudsugen.dk/1st-retail/2025/48/64022/Netto482025-1_9_3164x181_4939x3043_zoom.jpg,2025-11-22,2025-11-28,https://res.cloudinary.com/dfqzmnlga/image/upload/v1763810609/2025-11-22/10834079.jpg
10834185,60.00,Chocolate Liqueurs,Chokolade,Dessertchokolade,1,0,æsk.,Netto,https://static.tilbudsugen.dk/1st-retail/2025/48/64022/Netto482025-1_21_2421x4712_4892x6889_zoom.jpg,2025-11-22,2025-11-28,https://res.cloudinary.com/dfqzmnlga/image/upload/v1763810610/2025-11-22/10834185.jpg
10834276,99.00,Premieur,Røget og gravad,Laks,1,0,pk.,Netto,https://static.tilbudsugen.dk/1st-retail/2025/48/64022/Netto482025-1_15_3312x4898_4843x7225_zoom.jpg,2025-11-22,2025-11-28,https://res.cloudinary.com/dfqzmnlga/image/upload/v1763810610/2025-11-22/10834276.jpg
10834007,20.00,ØGO,Bacon,Baconskiver,1,0,pk.,Netto,https://static.tilbudsugen.dk/1st-retail/2025/48/64022/Netto482025-1_5_57x3555_2310x5148_zoom.jpg,2025-11-22,2025-11-28,https://res.cloudinary.com/dfqzmnlga/image/upload/v1763810611/2025-11-22/10834007.jpg
10833978,10.00,Salami Hapser,Pålægspølser,Salami Snacks,1,0,pk.,Netto,https://static.tilbudsugen.dk/1st-retail/2025/48/64022/Netto482025-1_1_57x1780_2481x3993_zoom.jpg,2025-11-22,2025-11-28,https://res.cloudinary.com/dfqzmnlga/image/upload/v1763810611/2025-11-22/10833978.jpg
10834325,20.00,Velsmag,Oksekød,Oksetykstegsbøffer,1,0,bk.,Netto,https://static.tilbudsugen.dk/1st-retail/2025/48/64022/Netto482025-1_9_2908x5063_4882x7254_zoom.jpg,2025-11-22,2025-11-28,https://res.cloudinary.com/dfqzmnlga/image/upload/v1763810612/2025-11-22/10834325.jpg
10834196,20.00,Premieur,"Pålæg, skiveskåret",Jamon Serrano,1,0,pk.,Netto,https://static.tilbudsugen.dk/1st-retail/2025/48/64022/Netto482025-1_13_2618x2986_4854x5120_zoom.jpg,2025-11-22,2025-11-28,https://res.cloudinary.com/dfqzmnlga/image/upload/v1763810612/2025-11-22/10834196.jpg
10834009,15.00,ØGO,"Pålæg, skiveskåret",Spegepølse,1,0,pk.,Netto,https://static.tilbudsugen.dk/1st-retail/2025/48/64022/Netto482025-1_5_74x5177_1667x7299_zoom.jpg,2025-11-22,2025-11-28,https://res.cloudinary.com/dfqzmnlga/image/upload/v1763810613/2025-11-22/10834009.jpg
10834032,16.00,Smagen af Århus,"Pålæg, skiveskåret",Roastbeef,1,0,pk.,Netto,https://static.tilbudsugen.dk/1st-retail/2025/48/64022/Netto482025-1_6_80x5154_2492x7282_zoom.jpg,2025-11-22,2025-11-28,https://res.cloudinary.com/dfqzmnlga/image/upload/v1763810613/2025-11-22/10834032.jpg
10834034,16.00,Smagen af Århus,"Pålæg, skiveskåret",Oksebryst,1,0,pk.,Netto,https://static.tilbudsugen.dk/1st-retail/2025/48/64022/Netto482025-1_6_80x5154_2492x7282_zoom.jpg,2025-11-22,2025-11-28,https://res.cloudinary.com/dfqzmnlga/image/upload/v1763810614/2025-11-22/10834034.jpg
10834030,16.00,Smagen af Århus,"Pålæg, skiveskåret",Salami,1,0,pk.,Netto,https://static.tilbudsugen.dk/1st-retail/2025/48/64022/Netto482025-1_6_80x5154_2492x7282_zoom.jpg,2025-11-22,2025-11-28,https://res.cloudinary.com/dfqzmnlga/image/upload/v1763810614/2025-11-22/10834030.jpg
10834035,16.00,Smagen af Århus,"Pålæg, skiveskåret",Bach Skinke,1,0,pk.,Netto,https://static.tilbudsugen.dk/1st-retail/2025/48/64022/Netto482025-1_6_80x5154_2492x7282_zoom.jpg,2025-11-22,2025-11-28,https://res.cloudinary.com/dfqzmnlga/image/upload/v1763810615/2025-11-22/10834035.jpg
10834033,16.00,Smagen af Århus,"Pålæg, skiveskåret",Rullepølse,1,0,pk.,Netto,https://static.tilbudsugen.dk/1st-retail/2025/48/64022/Netto482025-1_6_80x5154_2492x7282_zoom.jpg,2025-11-22,2025-11-28,https://res.cloudinary.com/dfqzmnlga/image/upload/v1763810615/2025-11-22/10834033.jpg
10834274,35.00,Premieur,Røget og gravad,Laks,1,0,pk.,Netto,https://static.tilbudsugen.dk/1st-retail/2025/48/64022/Netto482025-1_15_1662x4887_3340x7248_zoom.jpg,2025-11-22,2025-11-28,https://res.cloudinary.com/dfqzmnlga/image/upload/v1763810616/2025-11-22/10834274.jpg
10834195,20.00,Premieur,"Pålæg, skiveskåret",Prosciutto Di Parma,1,0,pk.,Netto,https://static.tilbudsugen.dk/1st-retail/2025/48/64022/Netto482025-1_13_2618x2986_4854x5120_zoom.jpg,2025-11-22,2025-11-28,https://res.cloudinary.com/dfqzmnlga/image/upload/v1763810616/2025-11-22/10834195.jpg
10834080,59.00,Lerøy,Fersk fisk,Tunsteaks,1,0,bk.,Netto,https://static.tilbudsugen.dk/1st-retail/2025/48/64022/Netto482025-1_9_3164x181_4939x3043_zoom.jpg,2025-11-22,2025-11-28,https://res.cloudinary.com/dfqzmnlga/image/upload/v1763810616/2025-11-22/10834080.jpg
10834262,60.00,Premieur,Rejer og andre skaldyr,Rejer,1,0,bg.,Netto,https://static.tilbudsugen.dk/1st-retail/2025/48/64022/Netto482025-1_15_1707x3020_3289x4926_zoom.jpg,2025-11-22,2025-11-28,https://res.cloudinary.com/dfqzmnlga/image/upload/v1763810617/2025-11-22/10834262.jpg
10834160,12.00,Lifekids,Frugt,Frugtsnack,1,0,ps.,Netto,https://static.tilbudsugen.dk/1st-retail/2025/48/64022/Netto482025-1_20_62x1023_2471x2602_zoom.jpg,2025-11-22,2025-11-28,https://res.cloudinary.com/dfqzmnlga/image/upload/v1763810617/2025-11-22/10834160.jpg
10834197,20.00,Premieur,"Pålæg, skiveskåret",Bresaola,1,0,pk.,Netto,https://static.tilbudsugen.dk/1st-retail/2025/48/64022/Netto482025-1_13_2618x2986_4854x5120_zoom.jpg,2025-11-22,2025-11-28,https://res.cloudinary.com/dfqzmnlga/image/upload/v1763810618/2025-11-22/10834197.jpg
10790698,17.00,Barebells,Snacks/bar,Energibar,1,0,stk.,Netto,https://static.tilbudsugen.dk/1st-retail/2025/45/63794/Netto442025-1_32_1676x2777_3306x4816_zoom.jpg,2025-11-01,2025-11-30,https://res.cloudinary.com/dfqzmnlga/image/upload/v1763810618/2025-11-22/10790698.jpg
10834267,35.00,Premieur,Røget og gravad,Laks i skiver,1,0,pk.,Netto,https://static.tilbudsugen.dk/1st-retail/2025/48/64022/Netto482025-1_15_1662x4887_3340x7248_zoom.jpg,2025-11-22,2025-11-28,https://res.cloudinary.com/dfqzmnlga/image/upload/v1763810618/2025-11-22/10834267.jpg
10834059,10.00,ØGO,Nødder & Kerner,Pinjekerner,1,0,ps.,Netto,https://static.tilbudsugen.dk/1st-retail/2025/48/64022/Netto482025-1_7_3733x3470_4860x5296_zoom.jpg,2025-11-22,2025-11-28,https://res.cloudinary.com/dfqzmnlga/image/upload/v1763810619/2025-11-22/10834059.jpg
10834015,20.00,ØGO,Røget og gravad,Laks i skiver,1,0,pk.,Netto,https://static.tilbudsugen.dk/1st-retail/2025/48/64022/Netto482025-1_5_3318x5143_4922x7254_zoom.jpg,2025-11-22,2025-11-28,https://res.cloudinary.com/dfqzmnlga/image/upload/v1763810619/2025-11-22/10834015.jpg
10834265,35.00,Premieur,Konserves,Ansjoser,1,0,gl.,Netto,https://static.tilbudsugen.dk/1st-retail/2025/48/64022/Netto482025-1_15_80x5080_1656x7185_zoom.jpg,2025-11-22,2025-11-28,https://res.cloudinary.com/dfqzmnlga/image/upload/v1763810620/2025-11-22/10834265.jpg
10834284,59.00,Classic,Instant Kaffe,Instant Kaffe,1,0,gl.,Netto,https://static.tilbudsugen.dk/1st-retail/2025/48/64022/Netto482025-1_22_0x4699_4929x6796_zoom.jpg,2025-11-22,2025-11-28,https://res.cloudinary.com/dfqzmnlga/image/upload/v1763810620/2025-11-22/10834284.jpg
10834281,59.00,Koffeinfri,Instant Kaffe,Instant Kaffe,1,0,gl.,Netto,https://static.tilbudsugen.dk/1st-retail/2025/48/64022/Netto482025-1_22_0x4699_4929x6796_zoom.jpg,2025-11-22,2025-11-28,https://res.cloudinary.com/dfqzmnlga/image/upload/v1763810620/2025-11-22/10834281.jpg
10834019,15.00,,Bånd/papir,Båndsplitter,1,0,stk.,Netto,https://static.tilbudsugen.dk/1st-retail/2025/48/64022/Netto482025-1_32_217x5097_1736x6774_zoom.jpg,2025-11-22,2025-11-28,https://res.cloudinary.com/dfqzmnlga/image/upload/v1763810621/2025-11-22/10834019.jpg
10834048,30.00,,Bloklys,Bloklys,1,0,stk.,Netto,https://static.tilbudsugen.dk/1st-retail/2025/48/64022/Netto482025-1_35_601x332_4823x3728_zoom.jpg,2025-11-22,2025-11-28,https://res.cloudinary.com/dfqzmnlga/image/upload/v1763810621/2025-11-22/10834048.jpg
10834051,60.00,,Bloklys,Bloklys,1,0,stk.,Netto,https://static.tilbudsugen.dk/1st-retail/2025/48/64022/Netto482025-1_35_601x332_4823x3728_zoom.jpg,2025-11-22,2025-11-28,https://res.cloudinary.com/dfqzmnlga/image/upload/v1763810621/2025-11-22/10834051.jpg
10834065,149.00,,"Hårtørrer, krøljern, trimmer m.m",Multitrimmer,1,0,stk.,Netto,https://static.tilbudsugen.dk/1st-retail/2025/48/64022/Netto482025-1_36_2528x3753_4714x6841_zoom.jpg,2025-11-22,2025-11-28,https://res.cloudinary.com/dfqzmnlga/image/upload/v1763810622/2025-11-22/10834065.jpg
10834117,15.00,,Diverse kontorartikler,Hæftemaskine,1,0,stk.,Netto,https://static.tilbudsugen.dk/1st-retail/2025/48/64022/Netto482025-1_37_1769x190_4823x3536_zoom.jpg,2025-11-22,2025-11-28,https://res.cloudinary.com/dfqzmnlga/image/upload/v1763810622/2025-11-22/10834117.jpg
10808509,149.00,,"Hårtørrer, krøljern, trimmer m.m",Glattejern,1,0,stk.,Netto,https://static.tilbudsugen.dk/1st-retail/2025/46/63858/Netto452025-1_37_110x4800_2464x6650_zoom.jpg,2025-11-08,2025-12-12,https://res.cloudinary.com/dfqzmnlga/image/upload/v1763810622/2025-11-22/10808509.jpg
10808530,49.00,Sinful,Diverse,Sexlegetøj,1,0,stk.,Netto,https://static.tilbudsugen.dk/1st-retail/2025/46/63858/Netto452025-1_37_2771x1769_3825x2690_zoom.jpg,2025-11-08,2025-12-12,https://res.cloudinary.com/dfqzmnlga/image/upload/v1763810623/2025-11-22/10808530.jpg
10808532,189.00,Sinful,Diverse,Sexlegetøj,1,0,stk.,Netto,https://static.tilbudsugen.dk/1st-retail/2025/46/63858/Netto452025-1_37_3558x1604_4959x2690_zoom.jpg,2025-11-08,2025-12-12,https://res.cloudinary.com/dfqzmnlga/image/upload/v1763810623/2025-11-22/10808532.jpg
10834242,60.00,,Belysning indendørs,Bordlampe,1,0,stk.,Netto,https://static.tilbudsugen.dk/1st-retail/2025/48/64022/Netto482025-1_42_3229x1083_4856x2694_zoom.jpg,2025-11-22,2025-11-28,https://res.cloudinary.com/dfqzmnlga/image/upload/v1763810624/2025-11-22/10834242.jpg
10834246,99.00,,Diverse elartikler,Fodvarmer,1,0,stk.,Netto,https://static.tilbudsugen.dk/1st-retail/2025/48/64022/Netto482025-1_42_3196x2785_4798x4705_zoom.jpg,2025-11-22,2025-11-28,https://res.cloudinary.com/dfqzmnlga/image/upload/v1763810624/2025-11-22/10834246.jpg
10834257,40.00,,PC tilbehør,USB kabel,1,0,stk.,Netto,https://static.tilbudsugen.dk/1st-retail/2025/48/64022/Netto482025-1_42_217x799_3296x2802_zoom.jpg,2025-11-22,2025-11-28,https://res.cloudinary.com/dfqzmnlga/image/upload/v1763810625/2025-11-22/10834257.jpg
10834484,149.00,Denver,Radio,Nødradio,1,0,stk.,Netto,https://static.tilbudsugen.dk/1st-retail/2025/48/64022/Netto482025-1_30_2714x643_4986x3002_zoom.jpg,2025-11-22,2025-11-28,https://res.cloudinary.com/dfqzmnlga/image/upload/v1763810625/2025-11-22/10834484.jpg
10834135,15.00,,Hobbyartikler,Saks,1,0,stk.,Netto,https://static.tilbudsugen.dk/1st-retail/2025/48/64022/Netto482025-1_37_1769x190_4823x3536_zoom.jpg,2025-11-22,2025-11-28,https://res.cloudinary.com/dfqzmnlga/image/upload/v1763810626/2025-11-22/10834135.jpg
10834151,149.00,,Køkkenartikler,Køkkenvægt,1,0,stk.,Netto,https://static.tilbudsugen.dk/1st-retail/2025/48/64022/Netto482025-1_38_217x2610_2420x4805_zoom.jpg,2025-11-22,2025-11-28,https://res.cloudinary.com/dfqzmnlga/image/upload/v1763810626/2025-11-22/10834151.jpg
10834208,99.00,,"Biler, tog",Biler,1,0,stk.,Netto,https://static.tilbudsugen.dk/1st-retail/2025/48/64022/Netto482025-1_41_2228x2877_4731x4930_zoom.jpg,2025-11-22,2025-11-28,https://res.cloudinary.com/dfqzmnlga/image/upload/v1763810627/2025-11-22/10834208.jpg
10834251,179.00,,Diverse elartikler,Varmepude,1,0,stk.,Netto,https://static.tilbudsugen.dk/1st-retail/2025/48/64022/Netto482025-1_42_1719x2794_3221x4580_zoom.jpg,2025-11-22,2025-11-28,https://res.cloudinary.com/dfqzmnlga/image/upload/v1763810627/2025-11-22/10834251.jpg
10834470,15.00,Nord Home LIving,Bloklys,Bloklys,1,0,pk.,Netto,https://static.tilbudsugen.dk/1st-retail/2025/48/64022/Netto482025-1_30_87x3807_1273x5304_zoom.jpg,2025-11-22,2025-11-28,https://res.cloudinary.com/dfqzmnlga/image/upload/v1763810627/2025-11-22/10834470.jpg
10834481,30.00,Kodak,Outdoor,Lommelygte,1,0,stk.,Netto,https://static.tilbudsugen.dk/1st-retail/2025/48/64022/Netto482025-1_30_1791x2359_3494x3913_zoom.jpg,2025-11-22,2025-11-28,https://res.cloudinary.com/dfqzmnlga/image/upload/v1763810628/2025-11-22/10834481.jpg
10833995,22.00,,Juletræer & pyntegrønt,Pyntegrønt,1,0,bdt.,Netto,https://static.tilbudsugen.dk/1st-retail/2025/48/64022/Netto482025-1_31_3204x2769_4765x4755_zoom.jpg,2025-11-22,2025-11-28,https://res.cloudinary.com/dfqzmnlga/image/upload/v1763810628/2025-11-22/10833995.jpg
10834040,25.00,,Jul,Julepynt,1,0,stk.,Netto,https://static.tilbudsugen.dk/1st-retail/2025/48/64022/Netto482025-1_34_184x1625_1861x3395_zoom.jpg,2025-11-22,2025-11-28,https://res.cloudinary.com/dfqzmnlga/image/upload/v1763810629/2025-11-22/10834040.jpg
10834073,99.00,,Skriveartikler,Skriveartikler,1,0,stk.,Netto,https://static.tilbudsugen.dk/1st-retail/2025/48/64022/Netto482025-1_36_259x4830_2520x6774_zoom.jpg,2025-11-22,2025-11-28,https://res.cloudinary.com/dfqzmnlga/image/upload/v1763810629/2025-11-22/10834073.jpg
10834083,30.00,,Skriveartikler,Penalhus,1,0,stk.,Netto,https://static.tilbudsugen.dk/1st-retail/2025/48/64022/Netto482025-1_37_3296x3553_4806x5197_zoom.jpg,2025-11-22,2025-11-28,https://res.cloudinary.com/dfqzmnlga/image/upload/v1763810629/2025-11-22/10834083.jpg
10834169,99.00,Science & Play,Kreativitetslegetøj & puslespil,Kreativt legetøj,1,0,stk.,Netto,https://static.tilbudsugen.dk/1st-retail/2025/48/64022/Netto482025-1_40_192x849_2820x3411_zoom.jpg,2025-11-22,2025-11-28,https://res.cloudinary.com/dfqzmnlga/image/upload/v1763810631/2025-11-22/10834169.jpg
10834171,20.00,,Diverse legetøj,Legetøj,1,0,stk.,Netto,https://static.tilbudsugen.dk/1st-retail/2025/48/64022/Netto482025-1_40_2754x3303_4740x5247_zoom.jpg,2025-11-22,2025-11-28,https://res.cloudinary.com/dfqzmnlga/image/upload/v1763810631/2025-11-22/10834171.jpg
10834186,50.00,,Køkken & værktøj m.m.,Legehusholdning,1,0,stk.,Netto,https://static.tilbudsugen.dk/1st-retail/2025/48/64022/Netto482025-1_40_2837x582_4773x3378_zoom.jpg,2025-11-22,2025-11-28,https://res.cloudinary.com/dfqzmnlga/image/upload/v1763810632/2025-11-22/10834186.jpg
10808518,129.00,,Dametøj,Pyjamas,1,0,stk.,Netto,https://static.tilbudsugen.dk/1st-retail/2025/46/63858/Netto452025-1_37_165x3186_2723x5005_zoom.jpg,2025-11-08,2025-12-12,https://res.cloudinary.com/dfqzmnlga/image/upload/v1763810633/2025-11-22/10808518.jpg
10808525,79.00,Sinful,Spil,Voksenspil,1,0,stk.,Netto,https://static.tilbudsugen.dk/1st-retail/2025/46/63858/Netto452025-1_37_1495x990_2542x2635_zoom.jpg,2025-11-08,2025-12-12,https://res.cloudinary.com/dfqzmnlga/image/upload/v1763810634/2025-11-22/10808525.jpg
10834474,30.00,Kodak,Ladere & batterier,Lader,1,0,stk.,Netto,https://static.tilbudsugen.dk/1st-retail/2025/48/64022/Netto482025-1_30_44x2265_1884x3950_zoom.jpg,2025-11-22,2025-11-28,https://res.cloudinary.com/dfqzmnlga/image/upload/v1763810634/2025-11-22/10834474.jpg
10834001,79.00,,"Planter, buske & træer",Grantræ,1,0,stk.,Netto,https://static.tilbudsugen.dk/1st-retail/2025/48/64022/Netto482025-1_31_359x2660_3221x6791_zoom.jpg,2025-11-22,2025-11-28,https://res.cloudinary.com/dfqzmnlga/image/upload/v1763810635/2025-11-22/10834001.jpg
10834016,15.00,,Papir,Kort,1,0,pk.,Netto,https://static.tilbudsugen.dk/1st-retail/2025/48/64022/Netto482025-1_32_1644x5172_3254x6808_zoom.jpg,2025-11-22,2025-11-28,https://res.cloudinary.com/dfqzmnlga/image/upload/v1763810635/2025-11-22/10834016.jpg
10834029,30.00,,Bånd/papir,Gavemærker,1,0,stk.,Netto,https://static.tilbudsugen.dk/1st-retail/2025/48/64022/Netto482025-1_33_50x48_4890x4513_zoom.jpg,2025-11-22,2025-11-28,https://res.cloudinary.com/dfqzmnlga/image/upload/v1763810636/2025-11-22/10834029.jpg
10834179,40.00,Nickelodeon,Kreativitetslegetøj & puslespil,Kreativt legetøj,1,0,stk.,Netto,https://static.tilbudsugen.dk/1st-retail/2025/48/64022/Netto482025-1_40_1686x5231_3304x6808_zoom.jpg,2025-11-22,2025-11-28,https://res.cloudinary.com/dfqzmnlga/image/upload/v1763810636/2025-11-22/10834179.jpg
10834194,50.00,,Diverse legetøj,Musikboks,1,0,stk.,Netto,https://static.tilbudsugen.dk/1st-retail/2025/48/64022/Netto482025-1_40_2837x582_4773x3378_zoom.jpg,2025-11-22,2025-11-28,https://res.cloudinary.com/dfqzmnlga/image/upload/v1763810638/2025-11-22/10834194.jpg
10834235,99.00,Pokemon,"Dukker, bamser & plysdyr",Plysdyr,1,0,stk.,Netto,https://static.tilbudsugen.dk/1st-retail/2025/48/64022/Netto482025-1_41_3271x248_4723x2944_zoom.jpg,2025-11-22,2025-11-28,https://res.cloudinary.com/dfqzmnlga/image/upload/v1763810638/2025-11-22/10834235.jpg
10834266,25.00,,Reoler & hylder,Skobakke,1,0,stk.,Netto,https://static.tilbudsugen.dk/1st-retail/2025/48/64022/Netto482025-1_43_167x432_2553x2435_zoom.jpg,2025-11-22,2025-11-28,https://res.cloudinary.com/dfqzmnlga/image/upload/v1763810639/2025-11-22/10834266.jpg
10834269,29.00,,Boligtekstiler,Dørmåtte,1,0,stk.,Netto,https://static.tilbudsugen.dk/1st-retail/2025/48/64022/Netto482025-1_43_275x2527_2553x4646_zoom.jpg,2025-11-22,2025-11-28,https://res.cloudinary.com/dfqzmnlga/image/upload/v1763810639/2025-11-22/10834269.jpg
10834272,99.00,,Boligtekstiler,Dørmåtte,1,0,stk.,Netto,https://static.tilbudsugen.dk/1st-retail/2025/48/64022/Netto482025-1_43_275x2527_2553x4646_zoom.jpg,2025-11-22,2025-11-28,https://res.cloudinary.com/dfqzmnlga/image/upload/v1763810639/2025-11-22/10834272.jpg
10834052,25.00,,Lys/lyskæder,LED bloklys,1,0,stk.,Netto,https://static.tilbudsugen.dk/1st-retail/2025/48/64022/Netto482025-1_35_2395x3470_4781x6799_zoom.jpg,2025-11-22,2025-11-28,https://res.cloudinary.com/dfqzmnlga/image/upload/v1763810640/2025-11-22/10834052.jpg
10834060,99.00,,PC tilbehør,Mikrofon,1,0,stk.,Netto,https://static.tilbudsugen.dk/1st-retail/2025/48/64022/Netto482025-1_36_259x4830_2520x6774_zoom.jpg,2025-11-22,2025-11-28,https://res.cloudinary.com/dfqzmnlga/image/upload/v1763810640/2025-11-22/10834060.jpg
10834082,30.00,,Arkivering,Brevbakke,1,0,stk.,Netto,https://static.tilbudsugen.dk/1st-retail/2025/48/64022/Netto482025-1_37_1794x3536_3238x5231_zoom.jpg,2025-11-22,2025-11-28,https://res.cloudinary.com/dfqzmnlga/image/upload/v1763810641/2025-11-22/10834082.jpg
10834089,30.00,,Diverse kontorartikler,Kalender,1,0,stk.,Netto,https://static.tilbudsugen.dk/1st-retail/2025/48/64022/Netto482025-1_37_1719x5272_3288x6808_zoom.jpg,2025-11-22,2025-11-28,https://res.cloudinary.com/dfqzmnlga/image/upload/v1763810641/2025-11-22/10834089.jpg
10834107,30.00,,Papir,Notesblok,1,0,stk.,Netto,https://static.tilbudsugen.dk/1st-retail/2025/48/64022/Netto482025-1_37_1719x5272_3288x6808_zoom.jpg,2025-11-22,2025-11-28,https://res.cloudinary.com/dfqzmnlga/image/upload/v1763810641/2025-11-22/10834107.jpg
10808514,199.00,,Boligtekstiler,Puder,1,0,stk.,Netto,https://static.tilbudsugen.dk/1st-retail/2025/46/63858/Netto452025-1_37_2346x4430_4943x6697_zoom.jpg,2025-11-08,2025-12-12,https://res.cloudinary.com/dfqzmnlga/image/upload/v1763810642/2025-11-22/10808514.jpg
10808516,129.00,,Boligtekstiler,Sengesæt,1,0,stk.,Netto,https://static.tilbudsugen.dk/1st-retail/2025/46/63858/Netto452025-1_37_165x3186_2723x5005_zoom.jpg,2025-11-08,2025-12-12,https://res.cloudinary.com/dfqzmnlga/image/upload/v1763810642/2025-11-22/10808516.jpg
10808523,25.00,Sinful,Spil,Voksenspil,1,0,stk.,Netto,https://static.tilbudsugen.dk/1st-retail/2025/46/63858/Netto452025-1_37_260x1108_1299x2864_zoom.jpg,2025-11-08,2025-12-12,https://res.cloudinary.com/dfqzmnlga/image/upload/v1763810642/2025-11-22/10808523.jpg
10834146,69.00,,Køkkenredskaber,Gasbrænder,1,0,stk.,Netto,https://static.tilbudsugen.dk/1st-retail/2025/48/64022/Netto482025-1_38_359x724_2553x2677_zoom.jpg,2025-11-22,2025-11-28,https://res.cloudinary.com/dfqzmnlga/image/upload/v1763810643/2025-11-22/10834146.jpg
10834163,25.00,,Køkkenartikler,Opbevaringsglas,1,0,stk.,Netto,https://static.tilbudsugen.dk/1st-retail/2025/48/64022/Netto482025-1_39_2512x2418_4789x4580_zoom.jpg,2025-11-22,2025-11-28,https://res.cloudinary.com/dfqzmnlga/image/upload/v1763810643/2025-11-22/10834163.jpg
10834164,59.00,,"Skåle, fade og forme",Fad,1,0,stk.,Netto,https://static.tilbudsugen.dk/1st-retail/2025/48/64022/Netto482025-1_39_234x4630_4723x6799_zoom.jpg,2025-11-22,2025-11-28,https://res.cloudinary.com/dfqzmnlga/image/upload/v1763810644/2025-11-22/10834164.jpg
10834168,50.00,,Kreativitetslegetøj & puslespil,Puslespil,1,0,stk.,Netto,https://static.tilbudsugen.dk/1st-retail/2025/48/64022/Netto482025-1_40_2837x582_4773x3378_zoom.jpg,2025-11-22,2025-11-28,https://res.cloudinary.com/dfqzmnlga/image/upload/v1763810644/2025-11-22/10834168.jpg
10834174,40.00,,Kreativitetslegetøj & puslespil,Malebog,1,0,stk.,Netto,https://static.tilbudsugen.dk/1st-retail/2025/48/64022/Netto482025-1_40_3279x5189_4689x6808_zoom.jpg,2025-11-22,2025-11-28,https://res.cloudinary.com/dfqzmnlga/image/upload/v1763810645/2025-11-22/10834174.jpg
10834180,60.00,,Kreativitetslegetøj & puslespil,Puslespil,1,0,stk.,Netto,https://static.tilbudsugen.dk/1st-retail/2025/48/64022/Netto482025-1_40_225x5214_1802x6799_zoom.jpg,2025-11-22,2025-11-28,https://res.cloudinary.com/dfqzmnlga/image/upload/v1763810645/2025-11-22/10834180.jpg
10834207,25.00,Lego,Byggeklodser,Byggeklodser,1,0,stk.,Netto,https://static.tilbudsugen.dk/1st-retail/2025/48/64022/Netto482025-1_41_209x2927_2211x4938_zoom.jpg,2025-11-22,2025-11-28,https://res.cloudinary.com/dfqzmnlga/image/upload/v1763810645/2025-11-22/10834207.jpg
10834212,49.00,,Spil,Spil,1,0,stk.,Netto,https://static.tilbudsugen.dk/1st-retail/2025/48/64022/Netto482025-1_41_2879x5014_4706x6816_zoom.jpg,2025-11-22,2025-11-28,https://res.cloudinary.com/dfqzmnlga/image/upload/v1763810646/2025-11-22/10834212.jpg
10834227,99.00,Pokemon,Diverse legetøj,Figurer,1,0,stk.,Netto,https://static.tilbudsugen.dk/1st-retail/2025/48/64022/Netto482025-1_41_1769x282_3313x2944_zoom.jpg,2025-11-22,2025-11-28,https://res.cloudinary.com/dfqzmnlga/image/upload/v1763810646/2025-11-22/10834227.jpg
10834014,25.00,,Bånd/papir,Gavebånd,1,0,stk.,Netto,https://static.tilbudsugen.dk/1st-retail/2025/48/64022/Netto482025-1_32_3229x5105_4723x6933_zoom.jpg,2025-11-22,2025-11-28,https://res.cloudinary.com/dfqzmnlga/image/upload/v1763810646/2025-11-22/10834014.jpg
10834031,20.00,,Jul,Guirlander,1,0,stk.,Netto,https://static.tilbudsugen.dk/1st-retail/2025/48/64022/Netto482025-1_34_100x5105_3087x6849_zoom.jpg,2025-11-22,2025-11-28,https://res.cloudinary.com/dfqzmnlga/image/upload/v1763810647/2025-11-22/10834031.jpg
10834479,149.00,,Ladere & batterier,Powerbank,1,0,stk.,Netto,https://static.tilbudsugen.dk/1st-retail/2025/48/64022/Netto482025-1_30_0x855_2852x2403_zoom.jpg,2025-11-22,2025-11-28,https://res.cloudinary.com/dfqzmnlga/image/upload/v1763810647/2025-11-22/10834479.jpg
10834038,99.00,,Jul,Guirlander,1,0,stk.,Netto,https://static.tilbudsugen.dk/1st-retail/2025/48/64022/Netto482025-1_34_367x132_4848x2184_zoom.jpg,2025-11-22,2025-11-28,https://res.cloudinary.com/dfqzmnlga/image/upload/v1763810647/2025-11-22/10834038.jpg
10834044,25.00,,Jul,Julepynt,1,0,stk.,Netto,https://static.tilbudsugen.dk/1st-retail/2025/48/64022/Netto482025-1_34_175x3603_1786x5013_zoom.jpg,2025-11-22,2025-11-28,https://res.cloudinary.com/dfqzmnlga/image/upload/v1763810648/2025-11-22/10834044.jpg
10834050,40.00,,Bloklys,Bloklys,1,0,stk.,Netto,https://static.tilbudsugen.dk/1st-retail/2025/48/64022/Netto482025-1_35_601x332_4823x3728_zoom.jpg,2025-11-22,2025-11-28,https://res.cloudinary.com/dfqzmnlga/image/upload/v1763810648/2025-11-22/10834050.jpg
10834077,30.00,,Diverse kontorartikler,Kalender,1,0,stk.,Netto,https://static.tilbudsugen.dk/1st-retail/2025/48/64022/Netto482025-1_37_234x123_1786x3620_zoom.jpg,2025-11-22,2025-11-28,https://res.cloudinary.com/dfqzmnlga/image/upload/v1763810648/2025-11-22/10834077.jpg
10834078,89.00,,Diverse isenkram og boligindretning,Opslagstavle,1,0,stk.,Netto,https://static.tilbudsugen.dk/1st-retail/2025/48/64022/Netto482025-1_37_250x3587_1802x5189_zoom.jpg,2025-11-22,2025-11-28,https://res.cloudinary.com/dfqzmnlga/image/upload/v1763810649/2025-11-22/10834078.jpg
10834090,30.00,,"Skåle, fade og forme",Bakke,1,0,stk.,Netto,https://static.tilbudsugen.dk/1st-retail/2025/48/64022/Netto482025-1_37_250x5247_1736x6816_zoom.jpg,2025-11-22,2025-11-28,https://res.cloudinary.com/dfqzmnlga/image/upload/v1763810649/2025-11-22/10834090.jpg
10834119,15.00,,Diverse kontorartikler,Tape,1,0,stk.,Netto,https://static.tilbudsugen.dk/1st-retail/2025/48/64022/Netto482025-1_37_1769x190_4823x3536_zoom.jpg,2025-11-22,2025-11-28,https://res.cloudinary.com/dfqzmnlga/image/upload/v1763810650/2025-11-22/10834119.jpg
10834124,15.00,,Diverse kontorartikler,Labels,1,0,stk.,Netto,https://static.tilbudsugen.dk/1st-retail/2025/48/64022/Netto482025-1_37_1769x190_4823x3536_zoom.jpg,2025-11-22,2025-11-28,https://res.cloudinary.com/dfqzmnlga/image/upload/v1763810650/2025-11-22/10834124.jpg
10834260,99.00,,Toiletartikler,Makeupspejl,1,0,stk.,Netto,https://static.tilbudsugen.dk/1st-retail/2025/48/64022/Netto482025-1_42_375x4605_4781x6816_zoom.jpg,2025-11-22,2025-11-28,https://res.cloudinary.com/dfqzmnlga/image/upload/v1763810650/2025-11-22/10834260.jpg
10808511,169.00,,"Hårtørrer, krøljern, trimmer m.m",Hårstyler,1,0,stk.,Netto,https://static.tilbudsugen.dk/1st-retail/2025/46/63858/Netto452025-1_37_110x4800_2464x6650_zoom.jpg,2025-11-08,2025-12-12,https://res.cloudinary.com/dfqzmnlga/image/upload/v1763810651/2025-11-22/10808511.jpg
10808519,199.00,,Boligtekstiler,Pudebetræk,1,0,stk.,Netto,https://static.tilbudsugen.dk/1st-retail/2025/46/63858/Netto452025-1_37_2534x2966_4974x4761_zoom.jpg,2025-11-08,2025-12-12,https://res.cloudinary.com/dfqzmnlga/image/upload/v1763810652/2025-11-22/10808519.jpg
10834252,129.00,,Belysning indendørs,Lavalampe,1,0,stk.,Netto,https://static.tilbudsugen.dk/1st-retail/2025/48/64022/Netto482025-1_42_192x2777_1686x4630_zoom.jpg,2025-11-22,2025-11-28,https://res.cloudinary.com/dfqzmnlga/image/upload/v1763810652/2025-11-22/10834252.jpg
10834268,29.00,,Reoler & hylder,Skobakke,1,0,stk.,Netto,https://static.tilbudsugen.dk/1st-retail/2025/48/64022/Netto482025-1_43_167x432_2553x2435_zoom.jpg,2025-11-22,2025-11-28,https://res.cloudinary.com/dfqzmnlga/image/upload/v1763810653/2025-11-22/10834268.jpg
10834271,49.00,,Boligtekstiler,Dørmåtte,1,0,stk.,Netto,https://static.tilbudsugen.dk/1st-retail/2025/48/64022/Netto482025-1_43_275x2527_2553x4646_zoom.jpg,2025-11-22,2025-11-28,https://res.cloudinary.com/dfqzmnlga/image/upload/v1763810653/2025-11-22/10834271.jpg
10834273,99.00,,Spil,Spil,1,0,stk.,Netto,https://static.tilbudsugen.dk/1st-retail/2025/48/64022/Netto482025-1_43_284x4596_2587x6808_zoom.jpg,2025-11-22,2025-11-28,https://res.cloudinary.com/dfqzmnlga/image/upload/v1763810653/2025-11-22/10834273.jpg
10834277,299.00,,Køkken & værktøj m.m.,Symaskine,1,0,stk.,Netto,https://static.tilbudsugen.dk/1st-retail/2025/48/64022/Netto482025-1_43_2512x4588_4773x6791_zoom.jpg,2025-11-22,2025-11-28,https://res.cloudinary.com/dfqzmnlga/image/upload/v1763810654/2025-11-22/10834277.jpg
10834279,179.00,Go Dream,Gavekort,Gavekort,1,0,stk.,Netto,https://static.tilbudsugen.dk/1st-retail/2025/48/64022/Netto482025-1_43_2487x273_4848x4638_zoom.jpg,2025-11-22,2025-11-28,https://res.cloudinary.com/dfqzmnlga/image/upload/v1763810654/2025-11-22/10834279.jpg
10833992,10.00,,"Planter, buske & træer",Planter,1,0,stk.,Netto,https://static.tilbudsugen.dk/1st-retail/2025/48/64022/Netto482025-1_31_1752x1091_3346x2669_zoom.jpg,2025-11-22,2025-11-28,https://res.cloudinary.com/dfqzmnlga/image/upload/v1763810654/2025-11-22/10833992.jpg
10833994,35.00,,"Planter, buske & træer",Planter,1,0,stk.,Netto,https://static.tilbudsugen.dk/1st-retail/2025/48/64022/Netto482025-1_31_3263x524_4873x2685_zoom.jpg,2025-11-22,2025-11-28,https://res.cloudinary.com/dfqzmnlga/image/upload/v1763810655/2025-11-22/10833994.jpg
10833998,39.00,,Juletræer & pyntegrønt,Pyntegrønt,1,0,bdt.,Netto,https://static.tilbudsugen.dk/1st-retail/2025/48/64022/Netto482025-1_31_3037x4788_4823x6733_zoom.jpg,2025-11-22,2025-11-28,https://res.cloudinary.com/dfqzmnlga/image/upload/v1763810655/2025-11-22/10833998.jpg
10834154,69.00,,Køkkenredskaber,Rist,1,0,stk.,Netto,https://static.tilbudsugen.dk/1st-retail/2025/48/64022/Netto482025-1_38_2461x3753_4781x6849_zoom.jpg,2025-11-22,2025-11-28,https://res.cloudinary.com/dfqzmnlga/image/upload/v1763810656/2025-11-22/10834154.jpg
10834162,20.00,,Køkkenartikler,Opbevaringsglas,1,0,stk.,Netto,https://static.tilbudsugen.dk/1st-retail/2025/48/64022/Netto482025-1_39_2512x2418_4789x4580_zoom.jpg,2025-11-22,2025-11-28,https://res.cloudinary.com/dfqzmnlga/image/upload/v1763810656/2025-11-22/10834162.jpg
10834165,79.00,,"Skåle, fade og forme",Fad,1,0,stk.,Netto,https://static.tilbudsugen.dk/1st-retail/2025/48/64022/Netto482025-1_39_234x4630_4723x6799_zoom.jpg,2025-11-22,2025-11-28,https://res.cloudinary.com/dfqzmnlga/image/upload/v1763810656/2025-11-22/10834165.jpg
10834172,59.00,,Børnebøger,Børnebøger,1,0,stk.,Netto,https://static.tilbudsugen.dk/1st-retail/2025/48/64022/Netto482025-1_40_192x3436_2812x5231_zoom.jpg,2025-11-22,2025-11-28,https://res.cloudinary.com/dfqzmnlga/image/upload/v1763810657/2025-11-22/10834172.jpg
10834220,119.00,,Batteridrevet legetøj,Fjernstyret bil,1,0,stk.,Netto,https://static.tilbudsugen.dk/1st-retail/2025/48/64022/Netto482025-1_41_225x4964_2845x6783_zoom.jpg,2025-11-22,2025-11-28,https://res.cloudinary.com/dfqzmnlga/image/upload/v1763810657/2025-11-22/10834220.jpg
10834223,69.00,Pokemon,Diverse legetøj,Figurer,1,0,stk.,Netto,https://static.tilbudsugen.dk/1st-retail/2025/48/64022/Netto482025-1_41_175x290_1928x2919_zoom.jpg,2025-11-22,2025-11-28,https://res.cloudinary.com/dfqzmnlga/image/upload/v1763810658/2025-11-22/10834223.jpg
10834043,15.00,,Jul,Julepynt,1,0,stk.,Netto,https://static.tilbudsugen.dk/1st-retail/2025/48/64022/Netto482025-1_34_1777x3461_3429x5130_zoom.jpg,2025-11-22,2025-11-28,https://res.cloudinary.com/dfqzmnlga/image/upload/v1763810658/2025-11-22/10834043.jpg
10834054,30.00,,Stearinlys,Glaslys,1,0,stk.,Netto,https://static.tilbudsugen.dk/1st-retail/2025/48/64022/Netto482025-1_35_259x3795_2537x6724_zoom.jpg,2025-11-22,2025-11-28,https://res.cloudinary.com/dfqzmnlga/image/upload/v1763810658/2025-11-22/10834054.jpg
10834086,25.00,,Diverse kontorartikler,Kalender,1,0,stk.,Netto,https://static.tilbudsugen.dk/1st-retail/2025/48/64022/Netto482025-1_37_3288x5222_4740x6891_zoom.jpg,2025-11-22,2025-11-28,https://res.cloudinary.com/dfqzmnlga/image/upload/v1763810659/2025-11-22/10834086.jpg
10834126,10.00,,Diverse kontorartikler,Lim,1,0,stk.,Netto,https://static.tilbudsugen.dk/1st-retail/2025/48/64022/Netto482025-1_37_1769x190_4823x3536_zoom.jpg,2025-11-22,2025-11-28,https://res.cloudinary.com/dfqzmnlga/image/upload/v1763810659/2025-11-22/10834126.jpg
10834128,10.00,,Diverse kontorartikler,Elefantsnot,1,0,stk.,Netto,https://static.tilbudsugen.dk/1st-retail/2025/48/64022/Netto482025-1_37_1769x190_4823x3536_zoom.jpg,2025-11-22,2025-11-28,https://res.cloudinary.com/dfqzmnlga/image/upload/v1763810659/2025-11-22/10834128.jpg
10834473,20.00,Nord Home LIving,Bloklys,Bloklys,1,0,pk.,Netto,https://static.tilbudsugen.dk/1st-retail/2025/48/64022/Netto482025-1_30_87x3807_1273x5304_zoom.jpg,2025-11-22,2025-11-28,https://res.cloudinary.com/dfqzmnlga/image/upload/v1763810660/2025-11-22/10834473.jpg
10808512,30.00,,Diverse,Sovemaske,1,0,stk.,Netto,https://static.tilbudsugen.dk/1st-retail/2025/46/63858/Netto452025-1_37_2346x4430_4943x6697_zoom.jpg,2025-11-08,2025-12-12,https://res.cloudinary.com/dfqzmnlga/image/upload/v1763810660/2025-11-22/10808512.jpg
10808527,199.00,Sinful,Diverse,Sexlegetøj,1,0,stk.,Netto,https://static.tilbudsugen.dk/1st-retail/2025/46/63858/Netto452025-1_37_2306x486_3440x2698_zoom.jpg,2025-11-08,2025-12-12,https://res.cloudinary.com/dfqzmnlga/image/upload/v1763810661/2025-11-22/10808527.jpg
10808528,79.00,Sinful,Spil,Voksenspil,1,0,stk.,Netto,https://static.tilbudsugen.dk/1st-retail/2025/46/63858/Netto452025-1_37_3211x738_4699x1990_zoom.jpg,2025-11-08,2025-12-12,https://res.cloudinary.com/dfqzmnlga/image/upload/v1763810661/2025-11-22/10808528.jpg
