data_id,price,brand,category,product_name,units,quantity,unit_type,store_name,image_url,start_date,end_date,public_urls
10848183,6.00,,Div. dyreartikler,Hundeposer,1,40,stk.,Netto,https://static.tilbudsugen.dk/1st-retail/2025/49/64080/Netto492025-1_25_2417x3788_4886x4867_zoom.jpg,2025-11-29,2025-12-05,https://res.cloudinary.com/dfqzmnlga/image/upload/v1764415446/2025-11-29/10848183.jpg
10848034,5.21,Le Chef,Husholdningsartikler,Bagepapir,1,30,pk.,Netto,https://static.tilbudsugen.dk/1st-retail/2025/49/64080/Netto492025-1_17_207x715_4877x3331_zoom.jpg,2025-11-29,2025-12-05,https://res.cloudinary.com/dfqzmnlga/image/upload/v1764415447/2025-11-29/10848034.jpg
10848150,59.00,Fitness Pharma,Kosttilskud,Mineraler,1,250,bg.,Netto,https://static.tilbudsugen.dk/1st-retail/2025/49/64080/Netto492025-1_24_3298x2899_4938x4971_zoom.jpg,2025-11-29,2025-12-05,https://res.cloudinary.com/dfqzmnlga/image/upload/v1764415447/2025-11-29/10848150.jpg
10848148,5.00,DKI,Husholdningsartikler,Affaldsposer,1,20,pk.,Netto,https://static.tilbudsugen.dk/1st-retail/2025/49/64080/Netto492025-1_24_3263x1051_4938x2856_zoom.jpg,2025-11-29,2025-12-05,https://res.cloudinary.com/dfqzmnlga/image/upload/v1764415448/2025-11-29/10848148.jpg
10848149,59.00,Fitness Pharma,Fiskeolie,Fiskeolie,1,180,ds.,Netto,https://static.tilbudsugen.dk/1st-retail/2025/49/64080/Netto492025-1_24_3298x2899_4938x4971_zoom.jpg,2025-11-29,2025-12-05,https://res.cloudinary.com/dfqzmnlga/image/upload/v1764415448/2025-11-29/10848149.jpg
10848161,10.00,at home CLEAN,Opvask,Maskinopvask-tabs,1,16,pk.,Netto,https://static.tilbudsugen.dk/1st-retail/2025/49/64080/Netto492025-1_24_86x4807_1744x6879_zoom.jpg,2025-11-29,2025-12-05,https://res.cloudinary.com/dfqzmnlga/image/upload/v1764415449/2025-11-29/10848161.jpg
10849001,20.00,ASP,Stearinlys,Juletræslys,1,20,pk.,Netto,https://static.tilbudsugen.dk/1st-retail/2025/49/64080/Netto492025-1_36_351x738_2525x2412_zoom.jpg,2025-11-29,2025-12-05,https://res.cloudinary.com/dfqzmnlga/image/upload/v1764415449/2025-11-29/10849001.jpg
10849005,12.00,,Papir,Servietter,1,12,pk.,Netto,https://static.tilbudsugen.dk/1st-retail/2025/49/64080/Netto492025-1_36_336x2486_2495x4579_zoom.jpg,2025-11-29,2025-12-05,https://res.cloudinary.com/dfqzmnlga/image/upload/v1764415450/2025-11-29/10849005.jpg
10848154,29.00,Libresse,Intimhygiejne,Bind,1,26,pk.,Netto,https://static.tilbudsugen.dk/1st-retail/2025/49/64080/Netto492025-1_24_1649x2882_3341x4859_zoom.jpg,2025-11-29,2025-12-05,https://res.cloudinary.com/dfqzmnlga/image/upload/v1764415451/2025-11-29/10848154.jpg
10848155,29.00,Libresse,Intimhygiejne,Trusseindlæg,1,26,pk.,Netto,https://static.tilbudsugen.dk/1st-retail/2025/49/64080/Netto492025-1_24_1649x2882_3341x4859_zoom.jpg,2025-11-29,2025-12-05,https://res.cloudinary.com/dfqzmnlga/image/upload/v1764415451/2025-11-29/10848155.jpg
10848028,14.09,Lungo,Kapselkaffe,Kaffekapsler,1,10,pk.,Netto,https://static.tilbudsugen.dk/1st-retail/2025/49/64080/Netto492025-1_16_69x620_2538x3425_zoom.jpg,2025-11-29,2025-12-05,https://res.cloudinary.com/dfqzmnlga/image/upload/v1764415452/2025-11-29/10848028.jpg
10847921,20.00,Livskraft,Skalæg,Skrabeæg M/L,1,8,bk.,Netto,https://static.tilbudsugen.dk/1st-retail/2025/49/64080/Netto492025-1_7_43x5109_1701x6896_zoom.jpg,2025-11-29,2025-12-05,https://res.cloudinary.com/dfqzmnlga/image/upload/v1764415452/2025-11-29/10847921.jpg
10848156,29.00,Tena,Intimhygiejne,Bind,1,10,pk.,Netto,https://static.tilbudsugen.dk/1st-retail/2025/49/64080/Netto492025-1_24_1649x2882_3341x4859_zoom.jpg,2025-11-29,2025-12-05,https://res.cloudinary.com/dfqzmnlga/image/upload/v1764415453/2025-11-29/10848156.jpg
10848157,29.00,Tena,Intimhygiejne,Trusseindlæg,1,6,pk.,Netto,https://static.tilbudsugen.dk/1st-retail/2025/49/64080/Netto492025-1_24_1649x2882_3341x4859_zoom.jpg,2025-11-29,2025-12-05,https://res.cloudinary.com/dfqzmnlga/image/upload/v1764415453/2025-11-29/10848157.jpg
10848053,10.00,Mamone,Mel & Melblandinger,Hvedemel,1,2,ps.,Netto,https://static.tilbudsugen.dk/1st-retail/2025/49/64080/Netto492025-1_19_2503x697_4990x2864_zoom.jpg,2025-11-29,2025-12-05,https://res.cloudinary.com/dfqzmnlga/image/upload/v1764415454/2025-11-29/10848053.jpg
10849010,50.00,,Sokker/Strømper,Strømper,1,9,pk.,Netto,https://static.tilbudsugen.dk/1st-retail/2025/49/64080/Netto492025-1_37_232x4668_1756x6843_zoom.jpg,2025-11-29,2025-12-05,https://res.cloudinary.com/dfqzmnlga/image/upload/v1764415454/2025-11-29/10849010.jpg
10848245,99.00,Nord Home LIving,Bestik,Bestik,1,16,pk.,Netto,https://static.tilbudsugen.dk/1st-retail/2025/49/64080/Netto492025-1_29_259x3356_2529x6749_zoom.jpg,2025-11-29,2025-12-05,https://res.cloudinary.com/dfqzmnlga/image/upload/v1764415455/2025-11-29/10848245.jpg
10847882,10.00,Coca Cola Zero,Sodavand,Cola,1,1,fl.,Netto,https://static.tilbudsugen.dk/1st-retail/2025/49/64080/Netto492025-1_3_2499x85_4901x3567_zoom.jpg,2025-11-29,2025-12-05,https://res.cloudinary.com/dfqzmnlga/image/upload/v1764415456/2025-11-29/10847882.jpg
10848191,40.00,,"Planter, buske & træer",Planter,1,6,bk.,Netto,https://static.tilbudsugen.dk/1st-retail/2025/49/64080/Netto492025-1_26_2555x749_4817x2709_zoom.jpg,2025-11-29,2025-12-05,https://res.cloudinary.com/dfqzmnlga/image/upload/v1764415456/2025-11-29/10848191.jpg
10847884,10.00,Zero,Sodavand,Appelsinsodavand,1,1,fl.,Netto,https://static.tilbudsugen.dk/1st-retail/2025/49/64080/Netto492025-1_3_2499x85_4901x3567_zoom.jpg,2025-11-29,2025-12-05,https://res.cloudinary.com/dfqzmnlga/image/upload/v1764415457/2025-11-29/10847884.jpg
10847885,10.00,Raspberry,Sodavand,Hindbærsodavand,1,1,fl.,Netto,https://static.tilbudsugen.dk/1st-retail/2025/49/64080/Netto492025-1_3_2499x85_4901x3567_zoom.jpg,2025-11-29,2025-12-05,https://res.cloudinary.com/dfqzmnlga/image/upload/v1764415457/2025-11-29/10847885.jpg
10847843,10.00,Coca Cola,Sodavand,Cola,1,1,fl.,Netto,https://static.tilbudsugen.dk/1st-retail/2025/49/64080/Netto492025-1_3_2499x85_4901x3567_zoom.jpg,2025-11-29,2025-12-05,https://res.cloudinary.com/dfqzmnlga/image/upload/v1764415458/2025-11-29/10847843.jpg
10847883,10.00,Orange,Sodavand,Appelsinsodavand,1,1,fl.,Netto,https://static.tilbudsugen.dk/1st-retail/2025/49/64080/Netto492025-1_3_2499x85_4901x3567_zoom.jpg,2025-11-29,2025-12-05,https://res.cloudinary.com/dfqzmnlga/image/upload/v1764415459/2025-11-29/10847883.jpg
10847961,22.00,,Grønt,Avocado,1,3,bk.,Netto,https://static.tilbudsugen.dk/1st-retail/2025/49/64080/Netto492025-1_12_2512x4928_4895x6905_zoom.jpg,2025-11-29,2025-12-05,https://res.cloudinary.com/dfqzmnlga/image/upload/v1764415459/2025-11-29/10847961.jpg
10847853,8.00,Mamone,Sukker,Sukker,1,1,ps.,Netto,https://static.tilbudsugen.dk/1st-retail/2025/49/64080/Netto492025-1_4_3012x512_4890x3626_zoom.jpg,2025-11-29,2025-12-05,https://res.cloudinary.com/dfqzmnlga/image/upload/v1764415460/2025-11-29/10847853.jpg
10848031,8.40,ØGO,Grønt,Rødbeder,1,1,ps.,Netto,https://static.tilbudsugen.dk/1st-retail/2025/49/64080/Netto492025-1_16_2201x4237_4886x6896_zoom.jpg,2025-11-29,2025-12-05,https://res.cloudinary.com/dfqzmnlga/image/upload/v1764415460/2025-11-29/10848031.jpg
10847840,69.00,0 Kalorier,Sodavand,Sportssodavand 24 pk.,24,0,ds.,Netto,https://static.tilbudsugen.dk/1st-retail/2025/49/64080/Netto492025-1_2_2418x4663_4896x6806_zoom.jpg,2025-11-29,2025-12-05,https://res.cloudinary.com/dfqzmnlga/image/upload/v1764415461/2025-11-29/10847840.jpg
10847841,69.00,Pepsi Max,Sodavand,Cola 24 pk.,24,0,ds.,Netto,https://static.tilbudsugen.dk/1st-retail/2025/49/64080/Netto492025-1_2_2418x4663_4896x6806_zoom.jpg,2025-11-29,2025-12-05,https://res.cloudinary.com/dfqzmnlga/image/upload/v1764415461/2025-11-29/10847841.jpg
10847839,69.00,Faxe Kondi,Sodavand,Sportssodavand 24 pk.,24,0,ds.,Netto,https://static.tilbudsugen.dk/1st-retail/2025/49/64080/Netto492025-1_2_2418x4663_4896x6806_zoom.jpg,2025-11-29,2025-12-05,https://res.cloudinary.com/dfqzmnlga/image/upload/v1764415462/2025-11-29/10847839.jpg
10848995,70.00,,Børnebøger,Børnebøger,1,8,pk.,Netto,https://static.tilbudsugen.dk/1st-retail/2025/49/64080/Netto492025-1_35_2525x2442_4811x4556_zoom.jpg,2025-11-29,2025-12-05,https://res.cloudinary.com/dfqzmnlga/image/upload/v1764415462/2025-11-29/10848995.jpg
10847820,59.00,Pilsner,Øl,Øl 20 pk.,20,0,ds.,Netto,https://static.tilbudsugen.dk/1st-retail/2025/49/64080/Netto492025-1_1_2353x4533_4922x6768_zoom.jpg,2025-11-29,2025-12-05,https://res.cloudinary.com/dfqzmnlga/image/upload/v1764415463/2025-11-29/10847820.jpg
10847811,9.00,Herkules,Rugbrød i Skiver,Rugbrødsskiver,1,1,pk.,Netto,https://static.tilbudsugen.dk/1st-retail/2025/49/64080/Netto492025-1_1_38x4593_2521x6795_zoom.jpg,2025-11-29,2025-12-05,https://res.cloudinary.com/dfqzmnlga/image/upload/v1764415464/2025-11-29/10847811.jpg
10847812,9.00,Kohberg,Rugbrød i Skiver,Solsikkerugbrød,1,0,pk.,Netto,https://static.tilbudsugen.dk/1st-retail/2025/49/64080/Netto492025-1_1_38x4593_2521x6795_zoom.jpg,2025-11-29,2025-12-05,https://res.cloudinary.com/dfqzmnlga/image/upload/v1764415464/2025-11-29/10847812.jpg
10847814,59.00,Classic,Øl,Øl 18 pk.,18,0,ds.,Netto,https://static.tilbudsugen.dk/1st-retail/2025/49/64080/Netto492025-1_1_2353x4533_4922x6768_zoom.jpg,2025-11-29,2025-12-05,https://res.cloudinary.com/dfqzmnlga/image/upload/v1764415464/2025-11-29/10847814.jpg
10847819,59.00,"Classic 0,0",Alkoholfrie Øl,Øl - Alkoholfri 18 pk.,18,0,ds.,Netto,https://static.tilbudsugen.dk/1st-retail/2025/49/64080/Netto492025-1_1_2353x4533_4922x6768_zoom.jpg,2025-11-29,2025-12-05,https://res.cloudinary.com/dfqzmnlga/image/upload/v1764415465/2025-11-29/10847819.jpg
10847818,59.00,Grøn,Øl,Øl 18 pk.,18,0,ds.,Netto,https://static.tilbudsugen.dk/1st-retail/2025/49/64080/Netto492025-1_1_2353x4533_4922x6768_zoom.jpg,2025-11-29,2025-12-05,https://res.cloudinary.com/dfqzmnlga/image/upload/v1764415465/2025-11-29/10847818.jpg
10849011,30.00,EverLast,Sokker/Strømper,Strømper,1,3,par,Netto,https://static.tilbudsugen.dk/1st-retail/2025/49/64080/Netto492025-1_37_1763x4593_3220x6790_zoom.jpg,2025-11-29,2025-12-05,https://res.cloudinary.com/dfqzmnlga/image/upload/v1764415466/2025-11-29/10849011.jpg
10847979,12.00,Cheasy,Syrnet morgenmad,Jordbær & Rababer Yoghurt ,1,1,stk.,Netto,https://static.tilbudsugen.dk/1st-retail/2025/49/64080/Netto492025-1_13_43x4876_2460x6844_zoom.jpg,2025-11-29,2025-12-05,https://res.cloudinary.com/dfqzmnlga/image/upload/v1764415466/2025-11-29/10847979.jpg
10847981,12.00,Cheasy,Syrnet morgenmad,Skovbær Yoghurt ,1,1,stk.,Netto,https://static.tilbudsugen.dk/1st-retail/2025/49/64080/Netto492025-1_13_43x4876_2460x6844_zoom.jpg,2025-11-29,2025-12-05,https://res.cloudinary.com/dfqzmnlga/image/upload/v1764415467/2025-11-29/10847981.jpg
10847982,12.00,Cheasy,Syrnet morgenmad,Citron Yoghurt,1,1,stk.,Netto,https://static.tilbudsugen.dk/1st-retail/2025/49/64080/Netto492025-1_13_43x4876_2460x6844_zoom.jpg,2025-11-29,2025-12-05,https://res.cloudinary.com/dfqzmnlga/image/upload/v1764415467/2025-11-29/10847982.jpg
10847869,18.00,Samsø,Grønt,Kartofler,1,1,ps.,Netto,https://static.tilbudsugen.dk/1st-retail/2025/49/64080/Netto492025-1_5_3724x1489_4933x3103_zoom.jpg,2025-11-29,2025-12-05,https://res.cloudinary.com/dfqzmnlga/image/upload/v1764415468/2025-11-29/10847869.jpg
10847980,12.00,Cheasy,Syrnet morgenmad,Vanilje Yoghurt ,1,1,stk.,Netto,https://static.tilbudsugen.dk/1st-retail/2025/49/64080/Netto492025-1_13_43x4876_2460x6844_zoom.jpg,2025-11-29,2025-12-05,https://res.cloudinary.com/dfqzmnlga/image/upload/v1764415468/2025-11-29/10847980.jpg
10848211,40.00,,Køkkenartikler,Smørrebrikker,1,3,pk.,Netto,https://static.tilbudsugen.dk/1st-retail/2025/49/64080/Netto492025-1_28_224x3719_1908x6827_zoom.jpg,2025-11-29,2025-12-05,https://res.cloudinary.com/dfqzmnlga/image/upload/v1764415469/2025-11-29/10848211.jpg
10847861,10.00,Harvest Best,Grøntsager,Helbladet Spinat,1,0,ps.,Netto,https://static.tilbudsugen.dk/1st-retail/2025/49/64080/Netto492025-1_4_2494x3675_4928x6887_zoom.jpg,2025-11-29,2025-12-05,https://res.cloudinary.com/dfqzmnlga/image/upload/v1764415469/2025-11-29/10847861.jpg
10847866,10.00,Harvest Best,Grøntsager,Haricots Verts,1,0,ps.,Netto,https://static.tilbudsugen.dk/1st-retail/2025/49/64080/Netto492025-1_4_2494x3675_4928x6887_zoom.jpg,2025-11-29,2025-12-05,https://res.cloudinary.com/dfqzmnlga/image/upload/v1764415470/2025-11-29/10847866.jpg
10847828,10.00,,Frugt,Clementiner,1,0,bk.,Netto,https://static.tilbudsugen.dk/1st-retail/2025/49/64080/Netto492025-1_2_2375x139_4901x2595_zoom.jpg,2025-11-29,2025-12-05,https://res.cloudinary.com/dfqzmnlga/image/upload/v1764415470/2025-11-29/10847828.jpg
10848026,14.00,ØGO,Mel & Melblandinger,Ølands Hvedemel,1,1,pk.,Netto,https://static.tilbudsugen.dk/1st-retail/2025/49/64080/Netto492025-1_15_1951x3909_4929x6879_zoom.jpg,2025-11-29,2025-12-05,https://res.cloudinary.com/dfqzmnlga/image/upload/v1764415470/2025-11-29/10848026.jpg
10848027,14.00,ØGO,Mel & Melblandinger,Fuldkorns Speltmel,1,1,pk.,Netto,https://static.tilbudsugen.dk/1st-retail/2025/49/64080/Netto492025-1_15_1951x3909_4929x6879_zoom.jpg,2025-11-29,2025-12-05,https://res.cloudinary.com/dfqzmnlga/image/upload/v1764415471/2025-11-29/10848027.jpg
10848021,14.00,ØGO,Mel & Melblandinger,Tipo 00 Hvedemel,1,1,pk.,Netto,https://static.tilbudsugen.dk/1st-retail/2025/49/64080/Netto492025-1_15_1951x3909_4929x6879_zoom.jpg,2025-11-29,2025-12-05,https://res.cloudinary.com/dfqzmnlga/image/upload/v1764415472/2025-11-29/10848021.jpg
10848025,14.00,ØGO,Mel & Melblandinger,Manitobamel,1,1,pk.,Netto,https://static.tilbudsugen.dk/1st-retail/2025/49/64080/Netto492025-1_15_1951x3909_4929x6879_zoom.jpg,2025-11-29,2025-12-05,https://res.cloudinary.com/dfqzmnlga/image/upload/v1764415472/2025-11-29/10848025.jpg
10847862,10.00,Harvest Best,Grøntsager,Fine Ærter,1,0,ps.,Netto,https://static.tilbudsugen.dk/1st-retail/2025/49/64080/Netto492025-1_4_2494x3675_4928x6887_zoom.jpg,2025-11-29,2025-12-05,https://res.cloudinary.com/dfqzmnlga/image/upload/v1764415473/2025-11-29/10847862.jpg
10848174,6.00,,Kattefoder,Kattefoder,1,0,ds.,Netto,https://static.tilbudsugen.dk/1st-retail/2025/49/64080/Netto492025-1_25_60x1086_2184x2890_zoom.jpg,2025-11-29,2025-12-05,https://res.cloudinary.com/dfqzmnlga/image/upload/v1764415473/2025-11-29/10848174.jpg
10848230,30.00,,Service,Æggebæger,1,2,pk.,Netto,https://static.tilbudsugen.dk/1st-retail/2025/49/64080/Netto492025-1_28_207x257_4834x3754_zoom.jpg,2025-11-29,2025-12-05,https://res.cloudinary.com/dfqzmnlga/image/upload/v1764415474/2025-11-29/10848230.jpg
10847960,15.00,ØGO,Grønt,Hokkaidogræskar,1,1,stk.,Netto,https://static.tilbudsugen.dk/1st-retail/2025/49/64080/Netto492025-1_12_2659x3210_4955x4971_zoom.jpg,2025-11-29,2025-12-05,https://res.cloudinary.com/dfqzmnlga/image/upload/v1764415474/2025-11-29/10847960.jpg
10847872,15.00,ØGO,Grønt,Hvidkål,1,1,stk.,Netto,https://static.tilbudsugen.dk/1st-retail/2025/49/64080/Netto492025-1_5_3654x3248_4949x5030_zoom.jpg,2025-11-29,2025-12-05,https://res.cloudinary.com/dfqzmnlga/image/upload/v1764415475/2025-11-29/10847872.jpg
10847868,12.00,Samsø Syltefabrik,Grønt-syltet,Rødkål-syltet,1,0,gl.,Netto,https://static.tilbudsugen.dk/1st-retail/2025/49/64080/Netto492025-1_5_2537x1435_3686x3103_zoom.jpg,2025-11-29,2025-12-05,https://res.cloudinary.com/dfqzmnlga/image/upload/v1764415475/2025-11-29/10847868.jpg
10848054,25.00,Heinz,Ketchup,Ketchup,1,1,fl.,Netto,https://static.tilbudsugen.dk/1st-retail/2025/49/64080/Netto492025-1_19_2909x4781_4808x6879_zoom.jpg,2025-11-29,2025-12-05,https://res.cloudinary.com/dfqzmnlga/image/upload/v1764415476/2025-11-29/10848054.jpg
10848117,19.00,16 serie,Juice,Æblejuice,1,1,krt.,Netto,https://static.tilbudsugen.dk/1st-retail/2025/49/64080/Netto492025-1_22_95x2882_2512x4893_zoom.jpg,2025-11-29,2025-12-05,https://res.cloudinary.com/dfqzmnlga/image/upload/v1764415476/2025-11-29/10848117.jpg
10848118,19.00,16 serie,Juice,Appelsinjuice Søde,1,1,krt.,Netto,https://static.tilbudsugen.dk/1st-retail/2025/49/64080/Netto492025-1_22_95x2882_2512x4893_zoom.jpg,2025-11-29,2025-12-05,https://res.cloudinary.com/dfqzmnlga/image/upload/v1764415477/2025-11-29/10848118.jpg
10848119,19.00,16 serie,Juice,Multifrugtjuice,1,1,krt.,Netto,https://static.tilbudsugen.dk/1st-retail/2025/49/64080/Netto492025-1_22_95x2882_2512x4893_zoom.jpg,2025-11-29,2025-12-05,https://res.cloudinary.com/dfqzmnlga/image/upload/v1764415477/2025-11-29/10848119.jpg
10847813,9.00,Kohberg,Boller & Morgenbrød,Yoghurtboller,1,0,ps.,Netto,https://static.tilbudsugen.dk/1st-retail/2025/49/64080/Netto492025-1_1_38x4593_2521x6795_zoom.jpg,2025-11-29,2025-12-05,https://res.cloudinary.com/dfqzmnlga/image/upload/v1764415478/2025-11-29/10847813.jpg
10848187,99.00,Raakraft,Hundefoder,Hundefoder,1,5,sæk,Netto,https://static.tilbudsugen.dk/1st-retail/2025/49/64080/Netto492025-1_25_3298x4885_4843x6879_zoom.jpg,2025-11-29,2025-12-05,https://res.cloudinary.com/dfqzmnlga/image/upload/v1764415478/2025-11-29/10848187.jpg
10848109,10.00,ElleBryg Jul,Alkoholfrie Øl,Øl - Alkoholfri,1,0,fl.,Netto,https://static.tilbudsugen.dk/1st-retail/2025/49/64080/Netto492025-1_22_129x922_4981x2994_zoom.jpg,2025-11-29,2025-12-05,https://res.cloudinary.com/dfqzmnlga/image/upload/v1764415479/2025-11-29/10848109.jpg
10847837,20.00,Cheasy,Syrnet morgenmad,Naturel Skyr ,1,1,bg.,Netto,https://static.tilbudsugen.dk/1st-retail/2025/49/64080/Netto492025-1_2_16x4695_2445x6865_zoom.jpg,2025-11-29,2025-12-05,https://res.cloudinary.com/dfqzmnlga/image/upload/v1764415480/2025-11-29/10847837.jpg
10847838,20.00,Cheasy,Syrnet morgenmad,Mango & Lime Skyr ,1,1,bg.,Netto,https://static.tilbudsugen.dk/1st-retail/2025/49/64080/Netto492025-1_2_16x4695_2445x6865_zoom.jpg,2025-11-29,2025-12-05,https://res.cloudinary.com/dfqzmnlga/image/upload/v1764415480/2025-11-29/10847838.jpg
10848286,40.00,,Service,Børneservice,1,2,pk.,Netto,https://static.tilbudsugen.dk/1st-retail/2025/49/64080/Netto492025-1_32_302x594_4921x5057_zoom.jpg,2025-11-29,2025-12-05,https://res.cloudinary.com/dfqzmnlga/image/upload/v1764415480/2025-11-29/10848286.jpg
10847836,20.00,Cheasy,Syrnet morgenmad,Skovbær Skyr ,1,1,bg.,Netto,https://static.tilbudsugen.dk/1st-retail/2025/49/64080/Netto492025-1_2_16x4695_2445x6865_zoom.jpg,2025-11-29,2025-12-05,https://res.cloudinary.com/dfqzmnlga/image/upload/v1764415481/2025-11-29/10847836.jpg
10848166,10.00,at home CLEAN,Opvask,Afspændingsmiddel,1,0,fl.,Netto,https://static.tilbudsugen.dk/1st-retail/2025/49/64080/Netto492025-1_24_86x4807_1744x6879_zoom.jpg,2025-11-29,2025-12-05,https://res.cloudinary.com/dfqzmnlga/image/upload/v1764415482/2025-11-29/10848166.jpg
10848110,10.00,Christmas IPA,Specialøl,Specialøl,1,0,fl.,Netto,https://static.tilbudsugen.dk/1st-retail/2025/49/64080/Netto492025-1_22_129x922_4981x2994_zoom.jpg,2025-11-29,2025-12-05,https://res.cloudinary.com/dfqzmnlga/image/upload/v1764415482/2025-11-29/10848110.jpg
10848121,10.00,NældeBryg,Specialøl,Specialøl,1,0,fl.,Netto,https://static.tilbudsugen.dk/1st-retail/2025/49/64080/Netto492025-1_22_129x922_4981x2994_zoom.jpg,2025-11-29,2025-12-05,https://res.cloudinary.com/dfqzmnlga/image/upload/v1764415483/2025-11-29/10848121.jpg
10848124,10.00,HumleBryg,Specialøl,Specialøl,1,0,fl.,Netto,https://static.tilbudsugen.dk/1st-retail/2025/49/64080/Netto492025-1_22_129x922_4981x2994_zoom.jpg,2025-11-29,2025-12-05,https://res.cloudinary.com/dfqzmnlga/image/upload/v1764415483/2025-11-29/10848124.jpg
10847958,20.00,Pink lady,Frugt,Æbler,1,1,bk.,Netto,https://static.tilbudsugen.dk/1st-retail/2025/49/64080/Netto492025-1_12_35x576_4964x3374_zoom.jpg,2025-11-29,2025-12-05,https://res.cloudinary.com/dfqzmnlga/image/upload/v1764415483/2025-11-29/10847958.jpg
10847835,20.00,Cheasy,Syrnet morgenmad,Vanilje Skyr ,1,1,bg.,Netto,https://static.tilbudsugen.dk/1st-retail/2025/49/64080/Netto492025-1_2_16x4695_2445x6865_zoom.jpg,2025-11-29,2025-12-05,https://res.cloudinary.com/dfqzmnlga/image/upload/v1764415484/2025-11-29/10847835.jpg
10847860,10.00,Harvest Best,Grøntsager,Wok Mix,1,0,ps.,Netto,https://static.tilbudsugen.dk/1st-retail/2025/49/64080/Netto492025-1_4_2494x3675_4928x6887_zoom.jpg,2025-11-29,2025-12-05,https://res.cloudinary.com/dfqzmnlga/image/upload/v1764415484/2025-11-29/10847860.jpg
10848111,10.00,Christmas Ale,Specialøl,Specialøl,1,0,fl.,Netto,https://static.tilbudsugen.dk/1st-retail/2025/49/64080/Netto492025-1_22_129x922_4981x2994_zoom.jpg,2025-11-29,2025-12-05,https://res.cloudinary.com/dfqzmnlga/image/upload/v1764415485/2025-11-29/10848111.jpg
10848122,10.00,AhornBryg,Alkoholfrie Øl,Øl - Alkoholfri,1,0,fl.,Netto,https://static.tilbudsugen.dk/1st-retail/2025/49/64080/Netto492025-1_22_129x922_4981x2994_zoom.jpg,2025-11-29,2025-12-05,https://res.cloudinary.com/dfqzmnlga/image/upload/v1764415485/2025-11-29/10848122.jpg
10848123,10.00,BøgeBryg,Specialøl,Specialøl,1,0,fl.,Netto,https://static.tilbudsugen.dk/1st-retail/2025/49/64080/Netto492025-1_22_129x922_4981x2994_zoom.jpg,2025-11-29,2025-12-05,https://res.cloudinary.com/dfqzmnlga/image/upload/v1764415486/2025-11-29/10848123.jpg
10848165,10.00,Vel,Opvask,Opvaskemiddel,1,0,fl.,Netto,https://static.tilbudsugen.dk/1st-retail/2025/49/64080/Netto492025-1_24_86x4807_1744x6879_zoom.jpg,2025-11-29,2025-12-05,https://res.cloudinary.com/dfqzmnlga/image/upload/v1764415486/2025-11-29/10848165.jpg
10847920,20.00,Bagernes Bedste,Rugbrød i Skiver,Rugbrødsskiver,1,0,pk.,Netto,https://static.tilbudsugen.dk/1st-retail/2025/49/64080/Netto492025-1_7_121x2510_1735x4677_zoom.jpg,2025-11-29,2025-12-05,https://res.cloudinary.com/dfqzmnlga/image/upload/v1764415487/2025-11-29/10847920.jpg
10848062,10.00,Harvest Best,Grønt,Kartofler,1,0,gl.,Netto,https://static.tilbudsugen.dk/1st-retail/2025/49/64080/Netto492025-1_19_414x4945_2719x6775_zoom.jpg,2025-11-29,2025-12-05,https://res.cloudinary.com/dfqzmnlga/image/upload/v1764415487/2025-11-29/10848062.jpg
10848184,70.00,Raakraft,Kattefoder,Kattefoder,1,3,sæk,Netto,https://static.tilbudsugen.dk/1st-retail/2025/49/64080/Netto492025-1_25_1683x4807_3332x6879_zoom.jpg,2025-11-29,2025-12-05,https://res.cloudinary.com/dfqzmnlga/image/upload/v1764415488/2025-11-29/10848184.jpg
10847852,8.00,Ama,Madlavning friskvarer,Madlavningsfløde 4%,1,0,krt.,Netto,https://static.tilbudsugen.dk/1st-retail/2025/49/64080/Netto492025-1_4_22x587_2445x3524_zoom.jpg,2025-11-29,2025-12-05,https://res.cloudinary.com/dfqzmnlga/image/upload/v1764415488/2025-11-29/10847852.jpg
10847871,8.00,Ama,Madlavning friskvarer,Madlavningsfløde 15 %,1,0,krt.,Netto,https://static.tilbudsugen.dk/1st-retail/2025/49/64080/Netto492025-1_5_2504x3481_3735x4981_zoom.jpg,2025-11-29,2025-12-05,https://res.cloudinary.com/dfqzmnlga/image/upload/v1764415488/2025-11-29/10847871.jpg
10847888,8.00,Ama,Madlavning friskvarer,Madlavningsfløde 7 %,1,0,krt.,Netto,https://static.tilbudsugen.dk/1st-retail/2025/49/64080/Netto492025-1_4_22x587_2445x3524_zoom.jpg,2025-11-29,2025-12-05,https://res.cloudinary.com/dfqzmnlga/image/upload/v1764415489/2025-11-29/10847888.jpg
10847889,8.00,Ama,Madlavning friskvarer,Madlavningsfløde 15 %,1,0,krt.,Netto,https://static.tilbudsugen.dk/1st-retail/2025/49/64080/Netto492025-1_4_22x587_2445x3524_zoom.jpg,2025-11-29,2025-12-05,https://res.cloudinary.com/dfqzmnlga/image/upload/v1764415490/2025-11-29/10847889.jpg
10847863,10.00,Harvest Best,Grøntsager,Mukimame Bønner,1,0,ps.,Netto,https://static.tilbudsugen.dk/1st-retail/2025/49/64080/Netto492025-1_4_2494x3675_4928x6887_zoom.jpg,2025-11-29,2025-12-05,https://res.cloudinary.com/dfqzmnlga/image/upload/v1764415490/2025-11-29/10847863.jpg
10848105,25.00,Curré,Gløgg,Gløgg,1,1,krt.,Netto,https://static.tilbudsugen.dk/1st-retail/2025/49/64080/Netto492025-1_21_3453x4401_4921x6853_zoom.jpg,2025-11-29,2025-12-05,https://res.cloudinary.com/dfqzmnlga/image/upload/v1764415491/2025-11-29/10848105.jpg
10848159,20.00,Klorin,Rengøringsmidler,Klor,1,0,fl.,Netto,https://static.tilbudsugen.dk/1st-retail/2025/49/64080/Netto492025-1_24_1657x4833_3367x6836_zoom.jpg,2025-11-29,2025-12-05,https://res.cloudinary.com/dfqzmnlga/image/upload/v1764415491/2025-11-29/10848159.jpg
10848042,20.00,Bell's,Müsli & Granola,Granola,1,0,ps.,Netto,https://static.tilbudsugen.dk/1st-retail/2025/49/64080/Netto492025-1_18_2443x810_4851x3874_zoom.jpg,2025-11-29,2025-12-05,https://res.cloudinary.com/dfqzmnlga/image/upload/v1764415492/2025-11-29/10848042.jpg
10847975,24.00,innocent,Juice,Appelsinjuice med frugtkød,1,0,fl.,Netto,https://static.tilbudsugen.dk/1st-retail/2025/49/64080/Netto492025-1_13_2391x4850_4938x6879_zoom.jpg,2025-11-29,2025-12-05,https://res.cloudinary.com/dfqzmnlga/image/upload/v1764415493/2025-11-29/10847975.jpg
10847974,24.00,innocent,Juice,"Ananas, jordbær & æblejuice",1,0,fl.,Netto,https://static.tilbudsugen.dk/1st-retail/2025/49/64080/Netto492025-1_13_2391x4850_4938x6879_zoom.jpg,2025-11-29,2025-12-05,https://res.cloudinary.com/dfqzmnlga/image/upload/v1764415494/2025-11-29/10847974.jpg
10847977,24.00,innocent,Juice,"Æblejuice, Druer, Pære & Granatæble",1,0,fl.,Netto,https://static.tilbudsugen.dk/1st-retail/2025/49/64080/Netto492025-1_13_2391x4850_4938x6879_zoom.jpg,2025-11-29,2025-12-05,https://res.cloudinary.com/dfqzmnlga/image/upload/v1764415494/2025-11-29/10847977.jpg
10847972,24.00,innocent,Juice,"Æblejuice, Hindbær",1,0,fl.,Netto,https://static.tilbudsugen.dk/1st-retail/2025/49/64080/Netto492025-1_13_2391x4850_4938x6879_zoom.jpg,2025-11-29,2025-12-05,https://res.cloudinary.com/dfqzmnlga/image/upload/v1764415494/2025-11-29/10847972.jpg
10847971,24.00,innocent,Juice,Tropisk Juice,1,0,fl.,Netto,https://static.tilbudsugen.dk/1st-retail/2025/49/64080/Netto492025-1_13_2391x4850_4938x6879_zoom.jpg,2025-11-29,2025-12-05,https://res.cloudinary.com/dfqzmnlga/image/upload/v1764415495/2025-11-29/10847971.jpg
10847973,24.00,innocent,Juice,Æblejuice,1,0,fl.,Netto,https://static.tilbudsugen.dk/1st-retail/2025/49/64080/Netto492025-1_13_2391x4850_4938x6879_zoom.jpg,2025-11-29,2025-12-05,https://res.cloudinary.com/dfqzmnlga/image/upload/v1764415496/2025-11-29/10847973.jpg
10847976,24.00,innocent,Juice,Appelsinjuice Gulerod,1,0,fl.,Netto,https://static.tilbudsugen.dk/1st-retail/2025/49/64080/Netto492025-1_13_2391x4850_4938x6879_zoom.jpg,2025-11-29,2025-12-05,https://res.cloudinary.com/dfqzmnlga/image/upload/v1764415496/2025-11-29/10847976.jpg
10847959,14.00,,Grønt,Cocktailtomater,1,0,bk.,Netto,https://static.tilbudsugen.dk/1st-retail/2025/49/64080/Netto492025-1_12_35x3400_2443x5031_zoom.jpg,2025-11-29,2025-12-05,https://res.cloudinary.com/dfqzmnlga/image/upload/v1764415497/2025-11-29/10847959.jpg
10848020,14.00,ØGO,Koncentreret Saft,Hyldeblomstdrik,1,0,fl.,Netto,https://static.tilbudsugen.dk/1st-retail/2025/49/64080/Netto492025-1_15_2124x1958_4083x4617_zoom.jpg,2025-11-29,2025-12-05,https://res.cloudinary.com/dfqzmnlga/image/upload/v1764415497/2025-11-29/10848020.jpg
10847918,10.00,Klassisk Bacon,Postej og Paté,Leverpostej,1,0,pk.,Netto,https://static.tilbudsugen.dk/1st-retail/2025/49/64080/Netto492025-1_7_3289x2821_4955x4712_zoom.jpg,2025-11-29,2025-12-05,https://res.cloudinary.com/dfqzmnlga/image/upload/v1764415498/2025-11-29/10847918.jpg
10849012,59.00,EverLast,Herretøj,Boxershorts,1,2,pk.,Netto,https://static.tilbudsugen.dk/1st-retail/2025/49/64080/Netto492025-1_37_3295x4623_4669x6813_zoom.jpg,2025-11-29,2025-12-05,https://res.cloudinary.com/dfqzmnlga/image/upload/v1764415498/2025-11-29/10849012.jpg
10847931,89.00,Bistronne,Fjerkræ,And,1,3,stk.,Netto,https://static.tilbudsugen.dk/1st-retail/2025/49/64080/Netto492025-1_8_3203x378_4895x2977_zoom.jpg,2025-11-29,2025-12-05,https://res.cloudinary.com/dfqzmnlga/image/upload/v1764415499/2025-11-29/10847931.jpg
10847962,15.00,,Grønt,Peberfrugt,1,0,ps.,Netto,https://static.tilbudsugen.dk/1st-retail/2025/49/64080/Netto492025-1_12_60x5152_2616x6896_zoom.jpg,2025-11-29,2025-12-05,https://res.cloudinary.com/dfqzmnlga/image/upload/v1764415499/2025-11-29/10847962.jpg
10847963,5.00,Yoggi,Mellemmåltider,Yoghurt Vanilje Med Müsli Top,1,0,bg.,Netto,https://static.tilbudsugen.dk/1st-retail/2025/49/64080/Netto492025-1_13_35x792_2598x2899_zoom.jpg,2025-11-29,2025-12-05,https://res.cloudinary.com/dfqzmnlga/image/upload/v1764415500/2025-11-29/10847963.jpg
10847964,5.00,Yoggi,Mellemmåltider,Yoghurt Appelsin Med Müsli Top,1,0,bg.,Netto,https://static.tilbudsugen.dk/1st-retail/2025/49/64080/Netto492025-1_13_35x792_2598x2899_zoom.jpg,2025-11-29,2025-12-05,https://res.cloudinary.com/dfqzmnlga/image/upload/v1764415500/2025-11-29/10847964.jpg
10847967,25.00,Actimel,Mellemmåltider,Drikkeyoghurt Jordbær & Banan,1,0,pk.,Netto,https://static.tilbudsugen.dk/1st-retail/2025/49/64080/Netto492025-1_13_2426x732_4877x2925_zoom.jpg,2025-11-29,2025-12-05,https://res.cloudinary.com/dfqzmnlga/image/upload/v1764415501/2025-11-29/10847967.jpg
10847965,25.00,Actimel,Mellemmåltider,Drikkeyoghurt Jordbær,1,0,pk.,Netto,https://static.tilbudsugen.dk/1st-retail/2025/49/64080/Netto492025-1_13_2426x732_4877x2925_zoom.jpg,2025-11-29,2025-12-05,https://res.cloudinary.com/dfqzmnlga/image/upload/v1764415501/2025-11-29/10847965.jpg
10847966,25.00,Actimel,Mellemmåltider,Drikkeyoghurt Multifrugt,1,0,pk.,Netto,https://static.tilbudsugen.dk/1st-retail/2025/49/64080/Netto492025-1_13_2426x732_4877x2925_zoom.jpg,2025-11-29,2025-12-05,https://res.cloudinary.com/dfqzmnlga/image/upload/v1764415502/2025-11-29/10847966.jpg
10847874,8.00,La Campagna,Fersk pasta,Tagliolini Naturel,1,0,pk.,Netto,https://static.tilbudsugen.dk/1st-retail/2025/49/64080/Netto492025-1_5_2510x5467_3697x6887_zoom.jpg,2025-11-29,2025-12-05,https://res.cloudinary.com/dfqzmnlga/image/upload/v1764415502/2025-11-29/10847874.jpg
10847907,12.00,Graasten,Remoulade,Remoulade,1,0,stk.,Netto,https://static.tilbudsugen.dk/1st-retail/2025/49/64080/Netto492025-1_6_3237x4738_4877x6844_zoom.jpg,2025-11-29,2025-12-05,https://res.cloudinary.com/dfqzmnlga/image/upload/v1764415503/2025-11-29/10847907.jpg
10847908,12.00,Graasten,Mayonnaise,Mayonnaise,1,0,stk.,Netto,https://static.tilbudsugen.dk/1st-retail/2025/49/64080/Netto492025-1_6_3237x4738_4877x6844_zoom.jpg,2025-11-29,2025-12-05,https://res.cloudinary.com/dfqzmnlga/image/upload/v1764415503/2025-11-29/10847908.jpg
10847948,16.00,Rød Lager,Specialøl,Specialøl,1,0,fl.,Netto,https://static.tilbudsugen.dk/1st-retail/2025/49/64080/Netto492025-1_11_2572x0_4886x2191_zoom.jpg,2025-11-29,2025-12-05,https://res.cloudinary.com/dfqzmnlga/image/upload/v1764415504/2025-11-29/10847948.jpg
10847949,16.00,American Pale Ale,Specialøl,Specialøl,1,0,fl.,Netto,https://static.tilbudsugen.dk/1st-retail/2025/49/64080/Netto492025-1_11_2572x0_4886x2191_zoom.jpg,2025-11-29,2025-12-05,https://res.cloudinary.com/dfqzmnlga/image/upload/v1764415505/2025-11-29/10847949.jpg
10847969,24.00,innocent,Juice,Juicy Refresher Hindbær & Solbær,1,0,fl.,Netto,https://static.tilbudsugen.dk/1st-retail/2025/49/64080/Netto492025-1_13_2391x4850_4938x6879_zoom.jpg,2025-11-29,2025-12-05,https://res.cloudinary.com/dfqzmnlga/image/upload/v1764415505/2025-11-29/10847969.jpg
10847970,24.00,Inner Winner,Juice,Multifrugtjuice,1,0,fl.,Netto,https://static.tilbudsugen.dk/1st-retail/2025/49/64080/Netto492025-1_13_2391x4850_4938x6879_zoom.jpg,2025-11-29,2025-12-05,https://res.cloudinary.com/dfqzmnlga/image/upload/v1764415506/2025-11-29/10847970.jpg
10848170,10.00,Fabulosa ,Rengøringsmidler,Rengøring - universal,1,0,stk.,Netto,https://static.tilbudsugen.dk/1st-retail/2025/49/64080/Netto492025-1_24_86x4807_1744x6879_zoom.jpg,2025-11-29,2025-12-05,https://res.cloudinary.com/dfqzmnlga/image/upload/v1764415506/2025-11-29/10848170.jpg
10848008,25.00,Premier,Is,Skumfidus is,1,0,bg.,Netto,https://static.tilbudsugen.dk/1st-retail/2025/49/64080/Netto492025-1_14_17x4885_1709x6827_zoom.jpg,2025-11-29,2025-12-05,https://res.cloudinary.com/dfqzmnlga/image/upload/v1764415506/2025-11-29/10848008.jpg
10848011,25.00,Premier,Is,Lynstang is,1,0,bg.,Netto,https://static.tilbudsugen.dk/1st-retail/2025/49/64080/Netto492025-1_14_17x4885_1709x6827_zoom.jpg,2025-11-29,2025-12-05,https://res.cloudinary.com/dfqzmnlga/image/upload/v1764415507/2025-11-29/10848011.jpg
10848289,69.00,,Opbevaring,Opbevaringskurv,1,2,pk.,Netto,https://static.tilbudsugen.dk/1st-retail/2025/49/64080/Netto492025-1_32_345x5049_2512x6758_zoom.jpg,2025-11-29,2025-12-05,https://res.cloudinary.com/dfqzmnlga/image/upload/v1764415507/2025-11-29/10848289.jpg
10848113,26.00,Juicy IPA,Specialøl,Specialøl,1,0,fl.,Netto,https://static.tilbudsugen.dk/1st-retail/2025/49/64080/Netto492025-1_22_2478x2778_4972x4910_zoom.jpg,2025-11-29,2025-12-05,https://res.cloudinary.com/dfqzmnlga/image/upload/v1764415508/2025-11-29/10848113.jpg
10848116,26.00,Brassin De Noél,Specialøl,Specialøl,1,0,fl.,Netto,https://static.tilbudsugen.dk/1st-retail/2025/49/64080/Netto492025-1_22_2478x2778_4972x4910_zoom.jpg,2025-11-29,2025-12-05,https://res.cloudinary.com/dfqzmnlga/image/upload/v1764415508/2025-11-29/10848116.jpg
10848114,26.00,Yakima IPA,Specialøl,Specialøl,1,0,fl.,Netto,https://static.tilbudsugen.dk/1st-retail/2025/49/64080/Netto492025-1_22_2478x2778_4972x4910_zoom.jpg,2025-11-29,2025-12-05,https://res.cloudinary.com/dfqzmnlga/image/upload/v1764415509/2025-11-29/10848114.jpg
10848112,26.00,Brown Ale,Specialøl,Specialøl,1,0,fl.,Netto,https://static.tilbudsugen.dk/1st-retail/2025/49/64080/Netto492025-1_22_2478x2778_4972x4910_zoom.jpg,2025-11-29,2025-12-05,https://res.cloudinary.com/dfqzmnlga/image/upload/v1764415509/2025-11-29/10848112.jpg
10848115,26.00,Saaz Blonde,Specialøl,Specialøl,1,0,fl.,Netto,https://static.tilbudsugen.dk/1st-retail/2025/49/64080/Netto492025-1_22_2478x2778_4972x4910_zoom.jpg,2025-11-29,2025-12-05,https://res.cloudinary.com/dfqzmnlga/image/upload/v1764415510/2025-11-29/10848115.jpg
10847864,10.00,Harvest Best,Grønt,Majs,1,0,ds.,Netto,https://static.tilbudsugen.dk/1st-retail/2025/49/64080/Netto492025-1_4_2494x3675_4928x6887_zoom.jpg,2025-11-29,2025-12-05,https://res.cloudinary.com/dfqzmnlga/image/upload/v1764415510/2025-11-29/10847864.jpg
10848132,109.00,,Australske vine,Australsk Rødvin,1,3,krt.,Netto,https://static.tilbudsugen.dk/1st-retail/2025/49/64080/Netto492025-1_23_3246x4824_4869x6836_zoom.jpg,2025-11-29,2025-12-05,https://res.cloudinary.com/dfqzmnlga/image/upload/v1764415511/2025-11-29/10848132.jpg
10848133,109.00,,Australske vine,Australsk Hvidvin,1,3,krt.,Netto,https://static.tilbudsugen.dk/1st-retail/2025/49/64080/Netto492025-1_23_3246x4824_4869x6836_zoom.jpg,2025-11-29,2025-12-05,https://res.cloudinary.com/dfqzmnlga/image/upload/v1764415511/2025-11-29/10848133.jpg
10848134,109.00,,Australske vine,Australsk Rosevin,1,3,krt.,Netto,https://static.tilbudsugen.dk/1st-retail/2025/49/64080/Netto492025-1_23_3246x4824_4869x6836_zoom.jpg,2025-11-29,2025-12-05,https://res.cloudinary.com/dfqzmnlga/image/upload/v1764415512/2025-11-29/10848134.jpg
10848128,10.00,Raspberry,RTD,Raspberry RTD,1,0,fl.,Netto,https://static.tilbudsugen.dk/1st-retail/2025/49/64080/Netto492025-1_22_414x4850_4895x6913_zoom.jpg,2025-11-29,2025-12-05,https://res.cloudinary.com/dfqzmnlga/image/upload/v1764415512/2025-11-29/10848128.jpg
10848120,10.00,Shaker,RTD,Sport RTD,1,0,fl.,Netto,https://static.tilbudsugen.dk/1st-retail/2025/49/64080/Netto492025-1_22_414x4850_4895x6913_zoom.jpg,2025-11-29,2025-12-05,https://res.cloudinary.com/dfqzmnlga/image/upload/v1764415512/2025-11-29/10848120.jpg
10848126,10.00,Hyldeblomst,Ciders,Hyldeblomst Cider,1,0,fl.,Netto,https://static.tilbudsugen.dk/1st-retail/2025/49/64080/Netto492025-1_22_414x4850_4895x6913_zoom.jpg,2025-11-29,2025-12-05,https://res.cloudinary.com/dfqzmnlga/image/upload/v1764415513/2025-11-29/10848126.jpg
10848127,10.00,Original,RTD,Original RTD,1,0,fl.,Netto,https://static.tilbudsugen.dk/1st-retail/2025/49/64080/Netto492025-1_22_414x4850_4895x6913_zoom.jpg,2025-11-29,2025-12-05,https://res.cloudinary.com/dfqzmnlga/image/upload/v1764415513/2025-11-29/10848127.jpg
10848125,10.00,Shaker,RTD,Original RTD,1,0,fl.,Netto,https://static.tilbudsugen.dk/1st-retail/2025/49/64080/Netto492025-1_22_414x4850_4895x6913_zoom.jpg,2025-11-29,2025-12-05,https://res.cloudinary.com/dfqzmnlga/image/upload/v1764415514/2025-11-29/10848125.jpg
10848059,10.00,Popz,Popcorn,Popcorn Salted,1,0,pk.,Netto,https://static.tilbudsugen.dk/1st-retail/2025/49/64080/Netto492025-1_19_112x2890_2547x4928_zoom.jpg,2025-11-29,2025-12-05,https://res.cloudinary.com/dfqzmnlga/image/upload/v1764415514/2025-11-29/10848059.jpg
10848069,19.00,Dolmio,Saucer,Al Forno Creamy Tomato,1,0,gl.,Netto,https://static.tilbudsugen.dk/1st-retail/2025/49/64080/Netto492025-1_19_43x214_2503x2907_zoom.jpg,2025-11-29,2025-12-05,https://res.cloudinary.com/dfqzmnlga/image/upload/v1764415515/2025-11-29/10848069.jpg
10848070,19.00,Dolmio,Saucer,Bolognese Spicy Chili,1,0,gl.,Netto,https://static.tilbudsugen.dk/1st-retail/2025/49/64080/Netto492025-1_19_43x214_2503x2907_zoom.jpg,2025-11-29,2025-12-05,https://res.cloudinary.com/dfqzmnlga/image/upload/v1764415515/2025-11-29/10848070.jpg
10848068,19.00,Dolmio,Saucer,Bolognese Krydret,1,0,gl.,Netto,https://static.tilbudsugen.dk/1st-retail/2025/49/64080/Netto492025-1_19_43x214_2503x2907_zoom.jpg,2025-11-29,2025-12-05,https://res.cloudinary.com/dfqzmnlga/image/upload/v1764415516/2025-11-29/10848068.jpg
10848065,19.00,Dolmio,Saucer,Bolognese Classico,1,0,gl.,Netto,https://static.tilbudsugen.dk/1st-retail/2025/49/64080/Netto492025-1_19_43x214_2503x2907_zoom.jpg,2025-11-29,2025-12-05,https://res.cloudinary.com/dfqzmnlga/image/upload/v1764415516/2025-11-29/10848065.jpg
10847998,16.00,Hatting,Dybfrost Brød,Surdejsboller,1,0,ps.,Netto,https://static.tilbudsugen.dk/1st-retail/2025/49/64080/Netto492025-1_14_3246x2873_4998x4833_zoom.jpg,2025-11-29,2025-12-05,https://res.cloudinary.com/dfqzmnlga/image/upload/v1764415517/2025-11-29/10847998.jpg
10848010,16.00,Hatting,Dybfrost Brød,Manitobaboller,1,0,ps.,Netto,https://static.tilbudsugen.dk/1st-retail/2025/49/64080/Netto492025-1_14_3246x2873_4998x4833_zoom.jpg,2025-11-29,2025-12-05,https://res.cloudinary.com/dfqzmnlga/image/upload/v1764415517/2025-11-29/10848010.jpg
10848009,16.00,Hatting,Dybfrost Brød,Møllehjul,1,0,ps.,Netto,https://static.tilbudsugen.dk/1st-retail/2025/49/64080/Netto492025-1_14_3246x2873_4998x4833_zoom.jpg,2025-11-29,2025-12-05,https://res.cloudinary.com/dfqzmnlga/image/upload/v1764415518/2025-11-29/10848009.jpg
10848151,69.00,Biotex,Vaskemiddel,Vaskemiddel-flydende,1,1,fl.,Netto,https://static.tilbudsugen.dk/1st-retail/2025/49/64080/Netto492025-1_24_3341x4721_4964x6853_zoom.jpg,2025-11-29,2025-12-05,https://res.cloudinary.com/dfqzmnlga/image/upload/v1764415518/2025-11-29/10848151.jpg
10848029,29.75,,Spanske vine,Spansk Rødvin,1,0,fl.,Netto,https://static.tilbudsugen.dk/1st-retail/2025/49/64080/Netto492025-1_16_129x2640_2478x6870_zoom.jpg,2025-11-29,2025-12-05,https://res.cloudinary.com/dfqzmnlga/image/upload/v1764415519/2025-11-29/10848029.jpg
10847978,24.00,Kids,Juice,Smoothie,1,0,pk.,Netto,https://static.tilbudsugen.dk/1st-retail/2025/49/64080/Netto492025-1_13_2391x4850_4938x6879_zoom.jpg,2025-11-29,2025-12-05,https://res.cloudinary.com/dfqzmnlga/image/upload/v1764415519/2025-11-29/10847978.jpg
10848100,16.00,Bellafonde,Marmelade,Hindbærmarmelade,1,0,stk.,Netto,https://static.tilbudsugen.dk/1st-retail/2025/49/64080/Netto492025-1_21_129x4280_2400x5886_zoom.jpg,2025-11-29,2025-12-05,https://res.cloudinary.com/dfqzmnlga/image/upload/v1764415520/2025-11-29/10848100.jpg
10848104,16.00,Bellafonde,Marmelade,Solbærmarmelade,1,0,stk.,Netto,https://static.tilbudsugen.dk/1st-retail/2025/49/64080/Netto492025-1_21_129x4280_2400x5886_zoom.jpg,2025-11-29,2025-12-05,https://res.cloudinary.com/dfqzmnlga/image/upload/v1764415520/2025-11-29/10848104.jpg
10848103,16.00,Bellafonde,Marmelade,Jordbærmarmelade,1,0,fl.,Netto,https://static.tilbudsugen.dk/1st-retail/2025/49/64080/Netto492025-1_21_129x4280_2400x5886_zoom.jpg,2025-11-29,2025-12-05,https://res.cloudinary.com/dfqzmnlga/image/upload/v1764415521/2025-11-29/10848103.jpg
10847858,10.00,Harvest Best,Grøntsager,Broccoli Mix,1,0,ps.,Netto,https://static.tilbudsugen.dk/1st-retail/2025/49/64080/Netto492025-1_4_2494x3675_4928x6887_zoom.jpg,2025-11-29,2025-12-05,https://res.cloudinary.com/dfqzmnlga/image/upload/v1764415521/2025-11-29/10847858.jpg
10848130,10.00,Breezer,RTD,Zingy Lime RTD,1,0,ds.,Netto,https://static.tilbudsugen.dk/1st-retail/2025/49/64080/Netto492025-1_22_414x4850_4895x6913_zoom.jpg,2025-11-29,2025-12-05,https://res.cloudinary.com/dfqzmnlga/image/upload/v1764415522/2025-11-29/10848130.jpg
10848158,20.00,Ajax,Rengøringsmidler,Rengøring - universal,1,0,stk.,Netto,https://static.tilbudsugen.dk/1st-retail/2025/49/64080/Netto492025-1_24_1657x4833_3367x6836_zoom.jpg,2025-11-29,2025-12-05,https://res.cloudinary.com/dfqzmnlga/image/upload/v1764415522/2025-11-29/10848158.jpg
10847859,10.00,Harvest Best,Grøntsager,Broccolibuketter,1,0,ps.,Netto,https://static.tilbudsugen.dk/1st-retail/2025/49/64080/Netto492025-1_4_2494x3675_4928x6887_zoom.jpg,2025-11-29,2025-12-05,https://res.cloudinary.com/dfqzmnlga/image/upload/v1764415523/2025-11-29/10847859.jpg
10847867,40.00,Velsmag,Grisekød,Medister,1,1,bk.,Netto,https://static.tilbudsugen.dk/1st-retail/2025/49/64080/Netto492025-1_5_1285x1613_2612x3081_zoom.jpg,2025-11-29,2025-12-05,https://res.cloudinary.com/dfqzmnlga/image/upload/v1764415523/2025-11-29/10847867.jpg
10848039,20.00,Bell's,Müsli & Granola,Mysli Rosiner & Æbler,1,0,ps.,Netto,https://static.tilbudsugen.dk/1st-retail/2025/49/64080/Netto492025-1_18_2443x810_4851x3874_zoom.jpg,2025-11-29,2025-12-05,https://res.cloudinary.com/dfqzmnlga/image/upload/v1764415524/2025-11-29/10848039.jpg
10848129,10.00,Breezer,RTD,Zesty Orange RTD,1,0,ds.,Netto,https://static.tilbudsugen.dk/1st-retail/2025/49/64080/Netto492025-1_22_414x4850_4895x6913_zoom.jpg,2025-11-29,2025-12-05,https://res.cloudinary.com/dfqzmnlga/image/upload/v1764415525/2025-11-29/10848129.jpg
10847807,10.00,Rahbek,Fisk og skaldyr Frost ,Indbagt Laks med Spinat og Ostesauce,1,0,pk.,Netto,https://static.tilbudsugen.dk/1st-retail/2025/49/64080/Netto492025-1_1_2537x1991_4933x4571_zoom.jpg,2025-11-29,2025-12-05,https://res.cloudinary.com/dfqzmnlga/image/upload/v1764415525/2025-11-29/10847807.jpg
10848168,10.00,at home CLEAN,Opvask,Maskinrens,1,0,stk.,Netto,https://static.tilbudsugen.dk/1st-retail/2025/49/64080/Netto492025-1_24_86x4807_1744x6879_zoom.jpg,2025-11-29,2025-12-05,https://res.cloudinary.com/dfqzmnlga/image/upload/v1764415525/2025-11-29/10848168.jpg
10848041,20.00,Bell's,Müsli & Granola,Frugt- & nøddemüsli,1,0,ps.,Netto,https://static.tilbudsugen.dk/1st-retail/2025/49/64080/Netto492025-1_18_2443x810_4851x3874_zoom.jpg,2025-11-29,2025-12-05,https://res.cloudinary.com/dfqzmnlga/image/upload/v1764415526/2025-11-29/10848041.jpg
10847941,40.00,Rose,Kylling,Hakket kylling 7-10%,1,1,bk.,Netto,https://static.tilbudsugen.dk/1st-retail/2025/49/64080/Netto492025-1_9_2426x4781_4955x6844_zoom.jpg,2025-11-29,2025-12-05,https://res.cloudinary.com/dfqzmnlga/image/upload/v1764415526/2025-11-29/10847941.jpg
10847983,20.00,Puck,Madlavningsost,Salatost,1,0,stk.,Netto,https://static.tilbudsugen.dk/1st-retail/2025/49/64080/Netto492025-1_13_17x2942_2521x4798_zoom.jpg,2025-11-29,2025-12-05,https://res.cloudinary.com/dfqzmnlga/image/upload/v1764415527/2025-11-29/10847983.jpg
10848038,20.00,Bell's,Müsli & Granola,Granola Triple Choco,1,0,ps.,Netto,https://static.tilbudsugen.dk/1st-retail/2025/49/64080/Netto492025-1_18_2443x810_4851x3874_zoom.jpg,2025-11-29,2025-12-05,https://res.cloudinary.com/dfqzmnlga/image/upload/v1764415527/2025-11-29/10848038.jpg
10847809,10.00,Rahbek,Fisk og skaldyr Frost ,Indbagte Rejer med Asparges og Dildsauce,1,0,pk.,Netto,https://static.tilbudsugen.dk/1st-retail/2025/49/64080/Netto492025-1_1_2537x1991_4933x4571_zoom.jpg,2025-11-29,2025-12-05,https://res.cloudinary.com/dfqzmnlga/image/upload/v1764415528/2025-11-29/10847809.jpg
10847808,10.00,Rahbek,Fisk og skaldyr Frost ,Indbagt Hvid Alaska Sej,1,0,pk.,Netto,https://static.tilbudsugen.dk/1st-retail/2025/49/64080/Netto492025-1_1_2537x1991_4933x4571_zoom.jpg,2025-11-29,2025-12-05,https://res.cloudinary.com/dfqzmnlga/image/upload/v1764415528/2025-11-29/10847808.jpg
10847810,10.00,Rahbek,Fisk og skaldyr Frost ,Indbagt Laks med Julienne sauce,1,0,pk.,Netto,https://static.tilbudsugen.dk/1st-retail/2025/49/64080/Netto492025-1_1_2537x1991_4933x4571_zoom.jpg,2025-11-29,2025-12-05,https://res.cloudinary.com/dfqzmnlga/image/upload/v1764415528/2025-11-29/10847810.jpg
10847873,10.00,Rahbek,Fisk og skaldyr Frost ,Indbagt Laks med Spinat og Ostesauce,1,0,pk.,Netto,https://static.tilbudsugen.dk/1st-retail/2025/49/64080/Netto492025-1_5_1263x5456_2510x6908_zoom.jpg,2025-11-29,2025-12-05,https://res.cloudinary.com/dfqzmnlga/image/upload/v1764415529/2025-11-29/10847873.jpg
10848040,20.00,Bell's,Müsli & Granola,Frugtmüsli,1,0,ps.,Netto,https://static.tilbudsugen.dk/1st-retail/2025/49/64080/Netto492025-1_18_2443x810_4851x3874_zoom.jpg,2025-11-29,2025-12-05,https://res.cloudinary.com/dfqzmnlga/image/upload/v1764415529/2025-11-29/10848040.jpg
10848001,25.00,Daloon,Færdigretter Frost,Forårsruller,1,0,ps.,Netto,https://static.tilbudsugen.dk/1st-retail/2025/49/64080/Netto492025-1_14_3324x4764_4886x6870_zoom.jpg,2025-11-29,2025-12-05,https://res.cloudinary.com/dfqzmnlga/image/upload/v1764415530/2025-11-29/10848001.jpg
10847916,5.00,Graasten,Pålægssalat,Italiensk salat,1,0,bg.,Netto,https://static.tilbudsugen.dk/1st-retail/2025/49/64080/Netto492025-1_7_52x214_1847x2493_zoom.jpg,2025-11-29,2025-12-05,https://res.cloudinary.com/dfqzmnlga/image/upload/v1764415530/2025-11-29/10847916.jpg
10848058,10.00,Popz,Popcorn,Popcorn Smørsmag,1,0,pk.,Netto,https://static.tilbudsugen.dk/1st-retail/2025/49/64080/Netto492025-1_19_112x2890_2547x4928_zoom.jpg,2025-11-29,2025-12-05,https://res.cloudinary.com/dfqzmnlga/image/upload/v1764415532/2025-11-29/10848058.jpg
10848060,10.00,Popz,Popcorn,Popcorn 50% mindre fedt,1,0,pk.,Netto,https://static.tilbudsugen.dk/1st-retail/2025/49/64080/Netto492025-1_19_112x2890_2547x4928_zoom.jpg,2025-11-29,2025-12-05,https://res.cloudinary.com/dfqzmnlga/image/upload/v1764415533/2025-11-29/10848060.jpg
10848061,10.00,Popz,Popcorn,Popcorn Paprika Flavour,1,0,pk.,Netto,https://static.tilbudsugen.dk/1st-retail/2025/49/64080/Netto492025-1_19_112x2890_2547x4928_zoom.jpg,2025-11-29,2025-12-05,https://res.cloudinary.com/dfqzmnlga/image/upload/v1764415533/2025-11-29/10848061.jpg
10847927,5.00,Graasten,Pålægssalat,Karrysalat,1,0,bg.,Netto,https://static.tilbudsugen.dk/1st-retail/2025/49/64080/Netto492025-1_7_52x214_1847x2493_zoom.jpg,2025-11-29,2025-12-05,https://res.cloudinary.com/dfqzmnlga/image/upload/v1764415534/2025-11-29/10847927.jpg
10848064,19.00,Ben's Original,Saucer,Medium Curry,1,0,gl.,Netto,https://static.tilbudsugen.dk/1st-retail/2025/49/64080/Netto492025-1_19_43x214_2503x2907_zoom.jpg,2025-11-29,2025-12-05,https://res.cloudinary.com/dfqzmnlga/image/upload/v1764415534/2025-11-29/10848064.jpg
10848063,19.00,Ben's Original,Saucer,Sweet and Sour,1,0,gl.,Netto,https://static.tilbudsugen.dk/1st-retail/2025/49/64080/Netto492025-1_19_43x214_2503x2907_zoom.jpg,2025-11-29,2025-12-05,https://res.cloudinary.com/dfqzmnlga/image/upload/v1764415535/2025-11-29/10848063.jpg
10848071,19.00,Dolmio,Saucer,Bolognese Smooth Tomatsauce,1,0,gl.,Netto,https://static.tilbudsugen.dk/1st-retail/2025/49/64080/Netto492025-1_19_43x214_2503x2907_zoom.jpg,2025-11-29,2025-12-05,https://res.cloudinary.com/dfqzmnlga/image/upload/v1764415535/2025-11-29/10848071.jpg
10848072,19.00,Dolmio,Saucer,Lasagne Creamy,1,0,gl.,Netto,https://static.tilbudsugen.dk/1st-retail/2025/49/64080/Netto492025-1_19_43x214_2503x2907_zoom.jpg,2025-11-29,2025-12-05,https://res.cloudinary.com/dfqzmnlga/image/upload/v1764415536/2025-11-29/10848072.jpg
10848066,19.00,Dolmio,Saucer,Lasagne Creamy,1,0,gl.,Netto,https://static.tilbudsugen.dk/1st-retail/2025/49/64080/Netto492025-1_19_43x214_2503x2907_zoom.jpg,2025-11-29,2025-12-05,https://res.cloudinary.com/dfqzmnlga/image/upload/v1764415537/2025-11-29/10848066.jpg
10848067,19.00,Dolmio,Saucer,Bolognese Original,1,0,gl.,Netto,https://static.tilbudsugen.dk/1st-retail/2025/49/64080/Netto492025-1_19_43x214_2503x2907_zoom.jpg,2025-11-29,2025-12-05,https://res.cloudinary.com/dfqzmnlga/image/upload/v1764415537/2025-11-29/10848067.jpg
10848033,24.97,Den Gamle Fabrik,Dessertsaucer,Kirsebærsauce,1,0,gl.,Netto,https://static.tilbudsugen.dk/1st-retail/2025/49/64080/Netto492025-1_17_95x5023_2892x6879_zoom.jpg,2025-11-29,2025-12-05,https://res.cloudinary.com/dfqzmnlga/image/upload/v1764415537/2025-11-29/10848033.jpg
10847934,22.95,Velsmag,Grisekød,Nakkefilet,1,0,bk.,Netto,https://static.tilbudsugen.dk/1st-retail/2025/49/64080/Netto492025-1_9_0x214_2676x2441_zoom.jpg,2025-11-29,2025-12-05,https://res.cloudinary.com/dfqzmnlga/image/upload/v1764415538/2025-11-29/10847934.jpg
10847935,22.95,Velsmag,Grisekød,Ribbensteg,1,0,bk.,Netto,https://static.tilbudsugen.dk/1st-retail/2025/49/64080/Netto492025-1_9_0x214_2676x2441_zoom.jpg,2025-11-29,2025-12-05,https://res.cloudinary.com/dfqzmnlga/image/upload/v1764415538/2025-11-29/10847935.jpg
10847999,16.00,Hatting,Dybfrost Kager & Tærter,Tebirkes,1,0,ps.,Netto,https://static.tilbudsugen.dk/1st-retail/2025/49/64080/Netto492025-1_14_3246x2873_4998x4833_zoom.jpg,2025-11-29,2025-12-05,https://res.cloudinary.com/dfqzmnlga/image/upload/v1764415540/2025-11-29/10847999.jpg
10848005,30.00,Langelænder,600 g - 1099 g Store Pakker Pølser,Frankfurter,1,0,ps.,Netto,https://static.tilbudsugen.dk/1st-retail/2025/49/64080/Netto492025-1_14_60x2864_1796x4850_zoom.jpg,2025-11-29,2025-12-05,https://res.cloudinary.com/dfqzmnlga/image/upload/v1764415540/2025-11-29/10848005.jpg
10848182,9.00,,Hundefoder,Hundesnacks,1,0,ps.,Netto,https://static.tilbudsugen.dk/1st-retail/2025/49/64080/Netto492025-1_25_95x4781_1778x6827_zoom.jpg,2025-11-29,2025-12-05,https://res.cloudinary.com/dfqzmnlga/image/upload/v1764415541/2025-11-29/10848182.jpg
10847855,10.00,Buko,Specialost,Flødeost Hvidløg,1,0,bg.,Netto,https://static.tilbudsugen.dk/1st-retail/2025/49/64080/Netto492025-1_4_54x3599_2521x6903_zoom.jpg,2025-11-29,2025-12-05,https://res.cloudinary.com/dfqzmnlga/image/upload/v1764415541/2025-11-29/10847855.jpg
10847856,10.00,Buko,Specialost,Flødeost Pikant,1,0,bg.,Netto,https://static.tilbudsugen.dk/1st-retail/2025/49/64080/Netto492025-1_4_54x3599_2521x6903_zoom.jpg,2025-11-29,2025-12-05,https://res.cloudinary.com/dfqzmnlga/image/upload/v1764415542/2025-11-29/10847856.jpg
10847870,20.00,Velsmag,Kalve- og grisekød,Hakket kalv og grisekød 8-12%,1,0,bk.,Netto,https://static.tilbudsugen.dk/1st-retail/2025/49/64080/Netto492025-1_5_1252x3491_2542x5003_zoom.jpg,2025-11-29,2025-12-05,https://res.cloudinary.com/dfqzmnlga/image/upload/v1764415542/2025-11-29/10847870.jpg
10847854,10.00,Buko,Specialost,Flødeost Naturel,1,0,bg.,Netto,https://static.tilbudsugen.dk/1st-retail/2025/49/64080/Netto492025-1_4_54x3599_2521x6903_zoom.jpg,2025-11-29,2025-12-05,https://res.cloudinary.com/dfqzmnlga/image/upload/v1764415543/2025-11-29/10847854.jpg
10847938,20.00,Velsmag,Kalve- og grisekød,Hakket kalv og grisekød 4-7%,1,0,bk.,Netto,https://static.tilbudsugen.dk/1st-retail/2025/49/64080/Netto492025-1_9_95x2959_2486x4790_zoom.jpg,2025-11-29,2025-12-05,https://res.cloudinary.com/dfqzmnlga/image/upload/v1764415543/2025-11-29/10847938.jpg
10847834,20.00,Velsmag,Kalve- og grisekød,Hakket kalv og grisekød 4-7%,1,0,bk.,Netto,https://static.tilbudsugen.dk/1st-retail/2025/49/64080/Netto492025-1_2_2353x2552_4879x4803_zoom.jpg,2025-11-29,2025-12-05,https://res.cloudinary.com/dfqzmnlga/image/upload/v1764415544/2025-11-29/10847834.jpg
10847857,10.00,Buko,Specialost,Flødeost Grøn Pikant,1,0,bg.,Netto,https://static.tilbudsugen.dk/1st-retail/2025/49/64080/Netto492025-1_4_54x3599_2521x6903_zoom.jpg,2025-11-29,2025-12-05,https://res.cloudinary.com/dfqzmnlga/image/upload/v1764415544/2025-11-29/10847857.jpg
10848035,6.47,Sæby,Konserves,Makrel Små Stykker,1,0,ds.,Netto,https://static.tilbudsugen.dk/1st-retail/2025/49/64080/Netto492025-1_17_2875x3287_4955x6913_zoom.jpg,2025-11-29,2025-12-05,https://res.cloudinary.com/dfqzmnlga/image/upload/v1764415544/2025-11-29/10848035.jpg
10848036,6.47,Sæby,Konserves,Makrelfilet i Tomat,1,0,ds.,Netto,https://static.tilbudsugen.dk/1st-retail/2025/49/64080/Netto492025-1_17_2875x3287_4955x6913_zoom.jpg,2025-11-29,2025-12-05,https://res.cloudinary.com/dfqzmnlga/image/upload/v1764415545/2025-11-29/10848036.jpg
10848143,39.00,,Californiske vine,Californisk Rødvin,1,0,fl.,Netto,https://static.tilbudsugen.dk/1st-retail/2025/49/64080/Netto492025-1_23_17x4859_1683x6853_zoom.jpg,2025-11-29,2025-12-05,https://res.cloudinary.com/dfqzmnlga/image/upload/v1764415545/2025-11-29/10848143.jpg
10848144,39.00,,Californiske vine,Californisk Hvidvin,1,0,fl.,Netto,https://static.tilbudsugen.dk/1st-retail/2025/49/64080/Netto492025-1_23_17x4859_1683x6853_zoom.jpg,2025-11-29,2025-12-05,https://res.cloudinary.com/dfqzmnlga/image/upload/v1764415546/2025-11-29/10848144.jpg
10848003,30.00,Langelænder,300 g - 599 g Normalpakke Pølser,Hotdogpølser,1,0,ps.,Netto,https://static.tilbudsugen.dk/1st-retail/2025/49/64080/Netto492025-1_14_60x2864_1796x4850_zoom.jpg,2025-11-29,2025-12-05,https://res.cloudinary.com/dfqzmnlga/image/upload/v1764415546/2025-11-29/10848003.jpg
10848006,30.00,Langelænder,300 g - 599 g Normalpakke Pølser,Grillpølser,1,0,pk.,Netto,https://static.tilbudsugen.dk/1st-retail/2025/49/64080/Netto492025-1_14_60x2864_1796x4850_zoom.jpg,2025-11-29,2025-12-05,https://res.cloudinary.com/dfqzmnlga/image/upload/v1764415547/2025-11-29/10848006.jpg
10848004,30.00,Langelænder,300 g - 599 g Normalpakke Pølser,Wienerpølser,1,0,pk.,Netto,https://static.tilbudsugen.dk/1st-retail/2025/49/64080/Netto492025-1_14_60x2864_1796x4850_zoom.jpg,2025-11-29,2025-12-05,https://res.cloudinary.com/dfqzmnlga/image/upload/v1764415547/2025-11-29/10848004.jpg
10848032,12.06,Pågen,Kager,Vanillas,1,0,ps.,Netto,https://static.tilbudsugen.dk/1st-retail/2025/49/64080/Netto492025-1_17_69x1440_1752x5092_zoom.jpg,2025-11-29,2025-12-05,https://res.cloudinary.com/dfqzmnlga/image/upload/v1764415548/2025-11-29/10848032.jpg
10848051,15.00,Wasa,Kiks,Chocolate Chip Biscuits,1,0,pk.,Netto,https://static.tilbudsugen.dk/1st-retail/2025/49/64080/Netto492025-1_18_26x740_2538x3823_zoom.jpg,2025-11-29,2025-12-05,https://res.cloudinary.com/dfqzmnlga/image/upload/v1764415548/2025-11-29/10848051.jpg
10790452,27.95,Velsmag,Grisekød,Hamburgerryg,1,0,bk.,Netto,https://static.tilbudsugen.dk/1st-retail/2025/45/63794/Netto442025-1_16_2823x4857_4944x6919_zoom.jpg,2025-11-01,2025-11-30,https://res.cloudinary.com/dfqzmnlga/image/upload/v1764415549/2025-11-29/10790452.jpg
10790453,27.95,Velsmag,Grisekød,Bacon,1,0,pk.,Netto,https://static.tilbudsugen.dk/1st-retail/2025/45/63794/Netto442025-1_16_2823x4857_4944x6919_zoom.jpg,2025-11-01,2025-11-30,https://res.cloudinary.com/dfqzmnlga/image/upload/v1764415549/2025-11-29/10790453.jpg
10847842,10.00,Taffel,Chips,Holiday Chips,1,0,ps.,Netto,https://static.tilbudsugen.dk/1st-retail/2025/49/64080/Netto492025-1_3_16x20_2445x3610_zoom.jpg,2025-11-29,2025-12-05,https://res.cloudinary.com/dfqzmnlga/image/upload/v1764415550/2025-11-29/10847842.jpg
10847893,10.00,Taffel,Snacks,Sticks,1,0,ps.,Netto,https://static.tilbudsugen.dk/1st-retail/2025/49/64080/Netto492025-1_3_16x20_2445x3610_zoom.jpg,2025-11-29,2025-12-05,https://res.cloudinary.com/dfqzmnlga/image/upload/v1764415550/2025-11-29/10847893.jpg
10847942,40.00,Velsmag,Grisekød,Hakket grisekød 4-7%,1,0,bk.,Netto,https://static.tilbudsugen.dk/1st-retail/2025/49/64080/Netto492025-1_9_2426x4781_4955x6844_zoom.jpg,2025-11-29,2025-12-05,https://res.cloudinary.com/dfqzmnlga/image/upload/v1764415551/2025-11-29/10847942.jpg
10847894,10.00,Taffel,Chips,Brunet Smør & Chili Chips,1,0,ps.,Netto,https://static.tilbudsugen.dk/1st-retail/2025/49/64080/Netto492025-1_3_16x20_2445x3610_zoom.jpg,2025-11-29,2025-12-05,https://res.cloudinary.com/dfqzmnlga/image/upload/v1764415551/2025-11-29/10847894.jpg
10847895,10.00,Taffel,Chips,Original Chips,1,0,ps.,Netto,https://static.tilbudsugen.dk/1st-retail/2025/49/64080/Netto492025-1_3_16x20_2445x3610_zoom.jpg,2025-11-29,2025-12-05,https://res.cloudinary.com/dfqzmnlga/image/upload/v1764415552/2025-11-29/10847895.jpg
10847898,10.00,Taffel,Chips,Sour Cream & Onion Chips,1,0,ps.,Netto,https://static.tilbudsugen.dk/1st-retail/2025/49/64080/Netto492025-1_3_16x20_2445x3610_zoom.jpg,2025-11-29,2025-12-05,https://res.cloudinary.com/dfqzmnlga/image/upload/v1764415552/2025-11-29/10847898.jpg
10848141,179.00,,Chilenske vine,Chilensk Hvidvin,4,0,fl.,Netto,https://static.tilbudsugen.dk/1st-retail/2025/49/64080/Netto492025-1_23_1614x4807_3315x6818_zoom.jpg,2025-11-29,2025-12-05,https://res.cloudinary.com/dfqzmnlga/image/upload/v1764415552/2025-11-29/10848141.jpg
10848142,179.00,,Chilenske vine,Chilensk Rødvin,4,0,fl.,Netto,https://static.tilbudsugen.dk/1st-retail/2025/49/64080/Netto492025-1_23_1614x4807_3315x6818_zoom.jpg,2025-11-29,2025-12-05,https://res.cloudinary.com/dfqzmnlga/image/upload/v1764415553/2025-11-29/10848142.jpg
10848096,18.00,Curré,Småkager,Vaniljekranse,1,0,pk.,Netto,https://static.tilbudsugen.dk/1st-retail/2025/49/64080/Netto492025-1_21_95x1975_1735x4375_zoom.jpg,2025-11-29,2025-12-05,https://res.cloudinary.com/dfqzmnlga/image/upload/v1764415553/2025-11-29/10848096.jpg
10848140,45.00,,Franske vine,Fransk Rødvin,1,0,fl.,Netto,https://static.tilbudsugen.dk/1st-retail/2025/49/64080/Netto492025-1_23_2400x2700_4981x4807_zoom.jpg,2025-11-29,2025-12-05,https://res.cloudinary.com/dfqzmnlga/image/upload/v1764415554/2025-11-29/10848140.jpg
10848052,15.00,Wasa,Kiks,Craneberries & Oat Flakes Biscuits,1,0,pk.,Netto,https://static.tilbudsugen.dk/1st-retail/2025/49/64080/Netto492025-1_18_26x740_2538x3823_zoom.jpg,2025-11-29,2025-12-05,https://res.cloudinary.com/dfqzmnlga/image/upload/v1764415554/2025-11-29/10848052.jpg
10848147,45.00,,Italienske vine,Italiensk Rødvin,1,0,fl.,Netto,https://static.tilbudsugen.dk/1st-retail/2025/49/64080/Netto492025-1_23_2400x2700_4981x4807_zoom.jpg,2025-11-29,2025-12-05,https://res.cloudinary.com/dfqzmnlga/image/upload/v1764415555/2025-11-29/10848147.jpg
10848145,45.00,,Franske vine,Fransk Hvidvin,1,0,fl.,Netto,https://static.tilbudsugen.dk/1st-retail/2025/49/64080/Netto492025-1_23_2400x2700_4981x4807_zoom.jpg,2025-11-29,2025-12-05,https://res.cloudinary.com/dfqzmnlga/image/upload/v1764415555/2025-11-29/10848145.jpg
10848146,45.00,,Mousserende,Fransk Mousserende Vin,1,0,fl.,Netto,https://static.tilbudsugen.dk/1st-retail/2025/49/64080/Netto492025-1_23_2400x2700_4981x4807_zoom.jpg,2025-11-29,2025-12-05,https://res.cloudinary.com/dfqzmnlga/image/upload/v1764415556/2025-11-29/10848146.jpg
10848037,15.00,Wasa,Kiks,Dark Chocolate Wholegrain Biscuits,1,0,pk.,Netto,https://static.tilbudsugen.dk/1st-retail/2025/49/64080/Netto492025-1_18_26x740_2538x3823_zoom.jpg,2025-11-29,2025-12-05,https://res.cloudinary.com/dfqzmnlga/image/upload/v1764415556/2025-11-29/10848037.jpg
10848050,15.00,Wasa,Kiks,Multigrain Biscuits,1,0,pk.,Netto,https://static.tilbudsugen.dk/1st-retail/2025/49/64080/Netto492025-1_18_26x740_2538x3823_zoom.jpg,2025-11-29,2025-12-05,https://res.cloudinary.com/dfqzmnlga/image/upload/v1764415557/2025-11-29/10848050.jpg
10847879,10.00,K-salat,Pålægssalat,Hønsesalat,1,0,bg.,Netto,https://static.tilbudsugen.dk/1st-retail/2025/49/64080/Netto492025-1_2_27x85_2434x2590_zoom.jpg,2025-11-29,2025-12-05,https://res.cloudinary.com/dfqzmnlga/image/upload/v1764415557/2025-11-29/10847879.jpg
10847881,20.00,Velsmag,Grisekød,Grisekoteletter,1,0,bk.,Netto,https://static.tilbudsugen.dk/1st-retail/2025/49/64080/Netto492025-1_2_2353x2552_4879x4803_zoom.jpg,2025-11-29,2025-12-05,https://res.cloudinary.com/dfqzmnlga/image/upload/v1764415558/2025-11-29/10847881.jpg
10847891,10.00,Taffel,Snacks,Peanut Rings,1,0,ps.,Netto,https://static.tilbudsugen.dk/1st-retail/2025/49/64080/Netto492025-1_3_16x20_2445x3610_zoom.jpg,2025-11-29,2025-12-05,https://res.cloudinary.com/dfqzmnlga/image/upload/v1764415558/2025-11-29/10847891.jpg
10847876,10.00,K-salat,Pålægssalat,Finthakket  Skinkesalat,1,0,bg.,Netto,https://static.tilbudsugen.dk/1st-retail/2025/49/64080/Netto492025-1_2_27x85_2434x2590_zoom.jpg,2025-11-29,2025-12-05,https://res.cloudinary.com/dfqzmnlga/image/upload/v1764415559/2025-11-29/10847876.jpg
10847880,10.00,K-salat,Pålægssalat,Kylling & Baconsalat,1,0,bg.,Netto,https://static.tilbudsugen.dk/1st-retail/2025/49/64080/Netto492025-1_2_27x85_2434x2590_zoom.jpg,2025-11-29,2025-12-05,https://res.cloudinary.com/dfqzmnlga/image/upload/v1764415560/2025-11-29/10847880.jpg
10848086,20.00,Tims Cookies,Dej Køl,Brunkagedej,1,0,pk.,Netto,https://static.tilbudsugen.dk/1st-retail/2025/49/64080/Netto492025-1_20_3246x5049_4938x6905_zoom.jpg,2025-11-29,2025-12-05,https://res.cloudinary.com/dfqzmnlga/image/upload/v1764415560/2025-11-29/10848086.jpg
10847939,20.00,Velsmag,Grisekød,Grisekoteletter,1,0,bk.,Netto,https://static.tilbudsugen.dk/1st-retail/2025/49/64080/Netto492025-1_9_95x2959_2486x4790_zoom.jpg,2025-11-29,2025-12-05,https://res.cloudinary.com/dfqzmnlga/image/upload/v1764415560/2025-11-29/10847939.jpg
10848106,10.00,Curré,Krydderier,Gløggmix,1,0,ps.,Netto,https://static.tilbudsugen.dk/1st-retail/2025/49/64080/Netto492025-1_21_1925x4712_3384x6862_zoom.jpg,2025-11-29,2025-12-05,https://res.cloudinary.com/dfqzmnlga/image/upload/v1764415561/2025-11-29/10848106.jpg
10847821,10.00,K-salat,Pålægssalat,Æggesalat,1,0,bg.,Netto,https://static.tilbudsugen.dk/1st-retail/2025/49/64080/Netto492025-1_2_27x85_2434x2590_zoom.jpg,2025-11-29,2025-12-05,https://res.cloudinary.com/dfqzmnlga/image/upload/v1764415561/2025-11-29/10847821.jpg
10847877,10.00,K-salat,Pålægssalat,Krabbesalat,1,0,bg.,Netto,https://static.tilbudsugen.dk/1st-retail/2025/49/64080/Netto492025-1_2_27x85_2434x2590_zoom.jpg,2025-11-29,2025-12-05,https://res.cloudinary.com/dfqzmnlga/image/upload/v1764415562/2025-11-29/10847877.jpg
10847878,10.00,K-salat,Pålægssalat,Æggesalat 30% mindre fedt,1,0,bg.,Netto,https://static.tilbudsugen.dk/1st-retail/2025/49/64080/Netto492025-1_2_27x85_2434x2590_zoom.jpg,2025-11-29,2025-12-05,https://res.cloudinary.com/dfqzmnlga/image/upload/v1764415563/2025-11-29/10847878.jpg
10848087,20.00,Tims Cookies,Dej Køl,Vaniljekransdej,1,0,pk.,Netto,https://static.tilbudsugen.dk/1st-retail/2025/49/64080/Netto492025-1_20_3246x5049_4938x6905_zoom.jpg,2025-11-29,2025-12-05,https://res.cloudinary.com/dfqzmnlga/image/upload/v1764415563/2025-11-29/10848087.jpg
10847992,10.00,La Campagna,Postej og Paté,Paté Hvidløg,1,0,stk.,Netto,https://static.tilbudsugen.dk/1st-retail/2025/49/64080/Netto492025-1_14_26x766_1701x2925_zoom.jpg,2025-11-29,2025-12-05,https://res.cloudinary.com/dfqzmnlga/image/upload/v1764415564/2025-11-29/10847992.jpg
10847944,50.00,Løgismose,Øvrige vinlande,Hvidvin,1,0,fl.,Netto,https://static.tilbudsugen.dk/1st-retail/2025/49/64080/Netto492025-1_11_26x2648_1623x5178_zoom.jpg,2025-11-29,2025-12-05,https://res.cloudinary.com/dfqzmnlga/image/upload/v1764415564/2025-11-29/10847944.jpg
10847946,50.00,Løgismose,Øvrige vinlande,Rødvin,1,0,fl.,Netto,https://static.tilbudsugen.dk/1st-retail/2025/49/64080/Netto492025-1_11_26x2648_1623x5178_zoom.jpg,2025-11-29,2025-12-05,https://res.cloudinary.com/dfqzmnlga/image/upload/v1764415565/2025-11-29/10847946.jpg
10847945,50.00,Løgismose,Øvrige vinlande,Rosevin,1,0,fl.,Netto,https://static.tilbudsugen.dk/1st-retail/2025/49/64080/Netto492025-1_11_26x2648_1623x5178_zoom.jpg,2025-11-29,2025-12-05,https://res.cloudinary.com/dfqzmnlga/image/upload/v1764415565/2025-11-29/10847945.jpg
10848019,29.00,ØGO,Pizza Frost,Mini Margherita Pizza,1,0,pk.,Netto,https://static.tilbudsugen.dk/1st-retail/2025/49/64080/Netto492025-1_15_69x2148_1960x6905_zoom.jpg,2025-11-29,2025-12-05,https://res.cloudinary.com/dfqzmnlga/image/upload/v1764415565/2025-11-29/10848019.jpg
10847845,69.00,Svansø,Nødder & Kerner,Mandler,1,1,ps.,Netto,https://static.tilbudsugen.dk/1st-retail/2025/49/64080/Netto492025-1_3_5x3621_2510x6865_zoom.jpg,2025-11-29,2025-12-05,https://res.cloudinary.com/dfqzmnlga/image/upload/v1764415566/2025-11-29/10847845.jpg
10848018,29.00,ØGO,Pizza Frost,Grøntsagspizza,1,0,pk.,Netto,https://static.tilbudsugen.dk/1st-retail/2025/49/64080/Netto492025-1_15_69x2148_1960x6905_zoom.jpg,2025-11-29,2025-12-05,https://res.cloudinary.com/dfqzmnlga/image/upload/v1764415566/2025-11-29/10848018.jpg
10847897,10.00,Taffel,Chips,Havsalt Chips,1,0,ps.,Netto,https://static.tilbudsugen.dk/1st-retail/2025/49/64080/Netto492025-1_3_16x20_2445x3610_zoom.jpg,2025-11-29,2025-12-05,https://res.cloudinary.com/dfqzmnlga/image/upload/v1764415567/2025-11-29/10847897.jpg
10847904,29.00,Hirtshals Sild,Sild,Sild,1,0,gl.,Netto,https://static.tilbudsugen.dk/1st-retail/2025/49/64080/Netto492025-1_6_1675x2683_3324x4703_zoom.jpg,2025-11-29,2025-12-05,https://res.cloudinary.com/dfqzmnlga/image/upload/v1764415567/2025-11-29/10847904.jpg
10847909,29.00,Rahbek,Fisk,Fiskefileter,1,0,ps.,Netto,https://static.tilbudsugen.dk/1st-retail/2025/49/64080/Netto492025-1_6_1562x4686_3349x6896_zoom.jpg,2025-11-29,2025-12-05,https://res.cloudinary.com/dfqzmnlga/image/upload/v1764415568/2025-11-29/10847909.jpg
10848098,25.00,Premieur,Dybfrost Kager & Tærter,Æbleskiver,1,0,ps.,Netto,https://static.tilbudsugen.dk/1st-retail/2025/49/64080/Netto492025-1_21_3289x2338_4955x4436_zoom.jpg,2025-11-29,2025-12-05,https://res.cloudinary.com/dfqzmnlga/image/upload/v1764415568/2025-11-29/10848098.jpg
10847914,15.00,Bornholms,Konserves,Torskerogn,1,0,ds.,Netto,https://static.tilbudsugen.dk/1st-retail/2025/49/64080/Netto492025-1_6_2400x749_4817x2562_zoom.jpg,2025-11-29,2025-12-05,https://res.cloudinary.com/dfqzmnlga/image/upload/v1764415569/2025-11-29/10847914.jpg
10847917,15.00,Brunchy,Bacon,Bacontern,1,0,pk.,Netto,https://static.tilbudsugen.dk/1st-retail/2025/49/64080/Netto492025-1_7_1666x2476_3315x4660_zoom.jpg,2025-11-29,2025-12-05,https://res.cloudinary.com/dfqzmnlga/image/upload/v1764415569/2025-11-29/10847917.jpg
10847936,75.00,,Kylling,Kyllingebrystfilet,1,1,pk.,Netto,https://static.tilbudsugen.dk/1st-retail/2025/49/64080/Netto492025-1_9_2443x2899_4929x4807_zoom.jpg,2025-11-29,2025-12-05,https://res.cloudinary.com/dfqzmnlga/image/upload/v1764415570/2025-11-29/10847936.jpg
10847896,10.00,Taffel,Snacks,Chili Cheese Rings Snacks,1,0,ps.,Netto,https://static.tilbudsugen.dk/1st-retail/2025/49/64080/Netto492025-1_3_16x20_2445x3610_zoom.jpg,2025-11-29,2025-12-05,https://res.cloudinary.com/dfqzmnlga/image/upload/v1764415570/2025-11-29/10847896.jpg
10847902,10.00,Taffel,Snacks,Julestjerner Sourcream & Onion,1,0,ps.,Netto,https://static.tilbudsugen.dk/1st-retail/2025/49/64080/Netto492025-1_3_16x20_2445x3610_zoom.jpg,2025-11-29,2025-12-05,https://res.cloudinary.com/dfqzmnlga/image/upload/v1764415571/2025-11-29/10847902.jpg
10847901,10.00,Taffel,Snacks,Super Snack med Snack Krydder,1,0,ps.,Netto,https://static.tilbudsugen.dk/1st-retail/2025/49/64080/Netto492025-1_3_16x20_2445x3610_zoom.jpg,2025-11-29,2025-12-05,https://res.cloudinary.com/dfqzmnlga/image/upload/v1764415572/2025-11-29/10847901.jpg
10848016,29.00,ØGO,Pizza Frost,Prosciutto Pizza,1,0,pk.,Netto,https://static.tilbudsugen.dk/1st-retail/2025/49/64080/Netto492025-1_15_69x2148_1960x6905_zoom.jpg,2025-11-29,2025-12-05,https://res.cloudinary.com/dfqzmnlga/image/upload/v1764415572/2025-11-29/10848016.jpg
10847937,75.00,,Kylling,Kyllingeinderfileter,1,0,bk.,Netto,https://static.tilbudsugen.dk/1st-retail/2025/49/64080/Netto492025-1_9_2443x2899_4929x4807_zoom.jpg,2025-11-29,2025-12-05,https://res.cloudinary.com/dfqzmnlga/image/upload/v1764415572/2025-11-29/10847937.jpg
10848199,79.00,,Buketter,Buket,1,1,bdt.,Netto,https://static.tilbudsugen.dk/1st-retail/2025/49/64080/Netto492025-1_26_2503x4790_4808x6879_zoom.jpg,2025-11-29,2025-12-05,https://res.cloudinary.com/dfqzmnlga/image/upload/v1764415573/2025-11-29/10848199.jpg
10847997,25.00,Egelykke,Bacon,Baconskiver,1,0,pk.,Netto,https://static.tilbudsugen.dk/1st-retail/2025/49/64080/Netto492025-1_14_3315x801_4877x2925_zoom.jpg,2025-11-29,2025-12-05,https://res.cloudinary.com/dfqzmnlga/image/upload/v1764415573/2025-11-29/10847997.jpg
10847930,109.00,Løgismose,Kylling,Kylling,1,1,bk.,Netto,https://static.tilbudsugen.dk/1st-retail/2025/49/64080/Netto492025-1_8_1873x3011_4808x4910_zoom.jpg,2025-11-29,2025-12-05,https://res.cloudinary.com/dfqzmnlga/image/upload/v1764415574/2025-11-29/10847930.jpg
10848015,29.00,ØGO,Pizza Frost,Margherita Fuldkornspizza,1,0,pk.,Netto,https://static.tilbudsugen.dk/1st-retail/2025/49/64080/Netto492025-1_15_69x2148_1960x6905_zoom.jpg,2025-11-29,2025-12-05,https://res.cloudinary.com/dfqzmnlga/image/upload/v1764415574/2025-11-29/10848015.jpg
10848017,29.00,ØGO,Pizza Frost,Salami Pizza,1,0,pk.,Netto,https://static.tilbudsugen.dk/1st-retail/2025/49/64080/Netto492025-1_15_69x2148_1960x6905_zoom.jpg,2025-11-29,2025-12-05,https://res.cloudinary.com/dfqzmnlga/image/upload/v1764415575/2025-11-29/10848017.jpg
10848094,15.00,Fintons,Småkager,Chocotelli Cookies,1,0,pk.,Netto,https://static.tilbudsugen.dk/1st-retail/2025/49/64080/Netto492025-1_20_1597x5066_3289x6870_zoom.jpg,2025-11-29,2025-12-05,https://res.cloudinary.com/dfqzmnlga/image/upload/v1764415575/2025-11-29/10848094.jpg
10847922,22.00,Cheesemakers Treasures,Specialost,Specialost Perle,1,0,stk.,Netto,https://static.tilbudsugen.dk/1st-retail/2025/49/64080/Netto492025-1_7_1657x4626_3280x6870_zoom.jpg,2025-11-29,2025-12-05,https://res.cloudinary.com/dfqzmnlga/image/upload/v1764415576/2025-11-29/10847922.jpg
10847926,22.00,Cheesemakers Treasures,Specialost,Specialost Smaragd,1,0,stk.,Netto,https://static.tilbudsugen.dk/1st-retail/2025/49/64080/Netto492025-1_7_1657x4626_3280x6870_zoom.jpg,2025-11-29,2025-12-05,https://res.cloudinary.com/dfqzmnlga/image/upload/v1764415576/2025-11-29/10847926.jpg
10848097,18.00,Curré,Småkager,Finskbrød,1,0,pk.,Netto,https://static.tilbudsugen.dk/1st-retail/2025/49/64080/Netto492025-1_21_95x1975_1735x4375_zoom.jpg,2025-11-29,2025-12-05,https://res.cloudinary.com/dfqzmnlga/image/upload/v1764415577/2025-11-29/10848097.jpg
10847900,10.00,Taffel,Snacks,SuperCrunch  Snacks,1,0,ps.,Netto,https://static.tilbudsugen.dk/1st-retail/2025/49/64080/Netto492025-1_3_16x20_2445x3610_zoom.jpg,2025-11-29,2025-12-05,https://res.cloudinary.com/dfqzmnlga/image/upload/v1764415577/2025-11-29/10847900.jpg
10847899,10.00,Taffel,Snacks,Grilled Chicken Snacks,1,0,ps.,Netto,https://static.tilbudsugen.dk/1st-retail/2025/49/64080/Netto492025-1_3_16x20_2445x3610_zoom.jpg,2025-11-29,2025-12-05,https://res.cloudinary.com/dfqzmnlga/image/upload/v1764415577/2025-11-29/10847899.jpg
10847892,10.00,Taffel,Snacks,Snackhjerter Salt,1,0,ps.,Netto,https://static.tilbudsugen.dk/1st-retail/2025/49/64080/Netto492025-1_3_16x20_2445x3610_zoom.jpg,2025-11-29,2025-12-05,https://res.cloudinary.com/dfqzmnlga/image/upload/v1764415578/2025-11-29/10847892.jpg
10847844,69.00,Svansø,Nødder & Kerner,Valnøddekerner,1,0,ps.,Netto,https://static.tilbudsugen.dk/1st-retail/2025/49/64080/Netto492025-1_3_5x3621_2510x6865_zoom.jpg,2025-11-29,2025-12-05,https://res.cloudinary.com/dfqzmnlga/image/upload/v1764415578/2025-11-29/10847844.jpg
10848048,115.00,Original,Kaffe,Kaffe Formalet,1,1,pk.,Netto,https://static.tilbudsugen.dk/1st-retail/2025/49/64080/Netto492025-1_18_60x3961_2547x6853_zoom.jpg,2025-11-29,2025-12-05,https://res.cloudinary.com/dfqzmnlga/image/upload/v1764415579/2025-11-29/10848048.jpg
10848049,115.00,Mellemristet,Kaffe,Kaffe Formalet,1,1,ps.,Netto,https://static.tilbudsugen.dk/1st-retail/2025/49/64080/Netto492025-1_18_60x3961_2547x6853_zoom.jpg,2025-11-29,2025-12-05,https://res.cloudinary.com/dfqzmnlga/image/upload/v1764415579/2025-11-29/10848049.jpg
10848152,39.00,SkinActive,Renseprodukter,Renseprodukter,1,0,stk.,Netto,https://static.tilbudsugen.dk/1st-retail/2025/49/64080/Netto492025-1_24_43x706_3324x2907_zoom.jpg,2025-11-29,2025-12-05,https://res.cloudinary.com/dfqzmnlga/image/upload/v1764415580/2025-11-29/10848152.jpg
10848099,49.00,Premieur,Tørret Frugt,Dadler,1,0,pk.,Netto,https://static.tilbudsugen.dk/1st-retail/2025/49/64080/Netto492025-1_21_1692x2528_3280x4487_zoom.jpg,2025-11-29,2025-12-05,https://res.cloudinary.com/dfqzmnlga/image/upload/v1764415580/2025-11-29/10848099.jpg
10848093,15.00,Fintons,Småkager,Lemon Cookies,1,0,pk.,Netto,https://static.tilbudsugen.dk/1st-retail/2025/49/64080/Netto492025-1_20_1597x5066_3289x6870_zoom.jpg,2025-11-29,2025-12-05,https://res.cloudinary.com/dfqzmnlga/image/upload/v1764415580/2025-11-29/10848093.jpg
10848107,20.00,Curré,Chokolade,Chokoladekranse,1,0,pk.,Netto,https://static.tilbudsugen.dk/1st-retail/2025/49/64080/Netto492025-1_21_52x5739_2115x6905_zoom.jpg,2025-11-29,2025-12-05,https://res.cloudinary.com/dfqzmnlga/image/upload/v1764415581/2025-11-29/10848107.jpg
10847832,10.00,Den Grønne Slagter,"Pålæg, skiveskåret",Kyllingebryst Chili,1,0,pk.,Netto,https://static.tilbudsugen.dk/1st-retail/2025/49/64080/Netto492025-1_2_54x2557_2343x4749_zoom.jpg,2025-11-29,2025-12-05,https://res.cloudinary.com/dfqzmnlga/image/upload/v1764415581/2025-11-29/10847832.jpg
10847988,10.00,La Campagna,"Pålæg, skiveskåret",Schwarzwaldskinke,1,0,pk.,Netto,https://static.tilbudsugen.dk/1st-retail/2025/49/64080/Netto492025-1_14_26x766_1701x2925_zoom.jpg,2025-11-29,2025-12-05,https://res.cloudinary.com/dfqzmnlga/image/upload/v1764415582/2025-11-29/10847988.jpg
10848013,25.00,GoodLife,Færdigretter Frost,Chili Cheese Nuggets,1,0,pk.,Netto,https://static.tilbudsugen.dk/1st-retail/2025/49/64080/Netto492025-1_14_3324x4764_4886x6870_zoom.jpg,2025-11-29,2025-12-05,https://res.cloudinary.com/dfqzmnlga/image/upload/v1764415582/2025-11-29/10848013.jpg
10847940,35.00,Velsmag,Oksekød,Hakket oksekød 4-7%,1,0,ps.,Netto,https://static.tilbudsugen.dk/1st-retail/2025/49/64080/Netto492025-1_9_129x4746_2478x6810_zoom.jpg,2025-11-29,2025-12-05,https://res.cloudinary.com/dfqzmnlga/image/upload/v1764415583/2025-11-29/10847940.jpg
10847806,35.00,Velsmag,Oksekød,Hakket oksekød 4-7%,1,0,ps.,Netto,https://static.tilbudsugen.dk/1st-retail/2025/49/64080/Netto492025-1_1_11x2763_2537x4539_zoom.jpg,2025-11-29,2025-12-05,https://res.cloudinary.com/dfqzmnlga/image/upload/v1764415583/2025-11-29/10847806.jpg
10847875,13.00,ØGO,Saucer,Basilikum Pesto,1,0,gl.,Netto,https://static.tilbudsugen.dk/1st-retail/2025/49/64080/Netto492025-1_5_3713x5262_4858x6925_zoom.jpg,2025-11-29,2025-12-05,https://res.cloudinary.com/dfqzmnlga/image/upload/v1764415584/2025-11-29/10847875.jpg
10847923,25.00,Riberhus,Skiveost,Skiveost Danbo Mellemlagret,1,0,pk.,Netto,https://static.tilbudsugen.dk/1st-retail/2025/49/64080/Netto492025-1_7_3341x4574_4877x6922_zoom.jpg,2025-11-29,2025-12-05,https://res.cloudinary.com/dfqzmnlga/image/upload/v1764415584/2025-11-29/10847923.jpg
10848108,18.00,Curré,Småkager,Klejner,1,0,bk.,Netto,https://static.tilbudsugen.dk/1st-retail/2025/49/64080/Netto492025-1_21_95x1975_1735x4375_zoom.jpg,2025-11-29,2025-12-05,https://res.cloudinary.com/dfqzmnlga/image/upload/v1764415584/2025-11-29/10848108.jpg
10847850,69.00,Svansø,Snacknødder & Nøddeblandinger,Saltristede Mandler,1,0,ps.,Netto,https://static.tilbudsugen.dk/1st-retail/2025/49/64080/Netto492025-1_3_5x3621_2510x6865_zoom.jpg,2025-11-29,2025-12-05,https://res.cloudinary.com/dfqzmnlga/image/upload/v1764415585/2025-11-29/10847850.jpg
10847847,69.00,Svansø,Nødder & Kerner,Cashewnødder,1,0,ps.,Netto,https://static.tilbudsugen.dk/1st-retail/2025/49/64080/Netto492025-1_3_5x3621_2510x6865_zoom.jpg,2025-11-29,2025-12-05,https://res.cloudinary.com/dfqzmnlga/image/upload/v1764415585/2025-11-29/10847847.jpg
10847943,299.00,Løgismose,Fjerkræ,And,1,2,stk.,Netto,https://static.tilbudsugen.dk/1st-retail/2025/49/64080/Netto492025-1_10_259x127_4998x4142_zoom.jpg,2025-11-29,2025-12-05,https://res.cloudinary.com/dfqzmnlga/image/upload/v1764415586/2025-11-29/10847943.jpg
10847947,299.00,Løgismose,Fjerkræ,And,1,2,stk.,Netto,https://static.tilbudsugen.dk/1st-retail/2025/49/64080/Netto492025-1_11_1649x2588_3315x5092_zoom.jpg,2025-11-29,2025-12-05,https://res.cloudinary.com/dfqzmnlga/image/upload/v1764415586/2025-11-29/10847947.jpg
10847851,75.00,Original,Snaps,Snaps,1,0,fl.,Netto,https://static.tilbudsugen.dk/1st-retail/2025/49/64080/Netto492025-1_3_2526x3626_4885x6887_zoom.jpg,2025-11-29,2025-12-05,https://res.cloudinary.com/dfqzmnlga/image/upload/v1764415587/2025-11-29/10847851.jpg
10847886,75.00,Taffel Akvavit,Snaps,Akvavit,1,0,fl.,Netto,https://static.tilbudsugen.dk/1st-retail/2025/49/64080/Netto492025-1_3_2526x3626_4885x6887_zoom.jpg,2025-11-29,2025-12-05,https://res.cloudinary.com/dfqzmnlga/image/upload/v1764415587/2025-11-29/10847886.jpg
10847887,75.00,Original,Likør,Likør,1,0,fl.,Netto,https://static.tilbudsugen.dk/1st-retail/2025/49/64080/Netto492025-1_3_2526x3626_4885x6887_zoom.jpg,2025-11-29,2025-12-05,https://res.cloudinary.com/dfqzmnlga/image/upload/v1764415588/2025-11-29/10847887.jpg
10848014,25.00,GoodLife,Færdigretter Frost,Nacho Cheese Bites,1,0,pk.,Netto,https://static.tilbudsugen.dk/1st-retail/2025/49/64080/Netto492025-1_14_3324x4764_4886x6870_zoom.jpg,2025-11-29,2025-12-05,https://res.cloudinary.com/dfqzmnlga/image/upload/v1764415588/2025-11-29/10848014.jpg
10847830,10.00,Den Grønne Slagter,"Pålæg, skiveskåret",Kyllingebryst Grillet,1,0,pk.,Netto,https://static.tilbudsugen.dk/1st-retail/2025/49/64080/Netto492025-1_2_54x2557_2343x4749_zoom.jpg,2025-11-29,2025-12-05,https://res.cloudinary.com/dfqzmnlga/image/upload/v1764415589/2025-11-29/10847830.jpg
10847913,15.00,Glyngøre,Konserves,Peberkippers,1,0,ds.,Netto,https://static.tilbudsugen.dk/1st-retail/2025/49/64080/Netto492025-1_6_2400x749_4817x2562_zoom.jpg,2025-11-29,2025-12-05,https://res.cloudinary.com/dfqzmnlga/image/upload/v1764415589/2025-11-29/10847913.jpg
10847905,15.00,Glyngøre,Konserves,Kippers i olie,1,0,ds.,Netto,https://static.tilbudsugen.dk/1st-retail/2025/49/64080/Netto492025-1_6_2400x749_4817x2562_zoom.jpg,2025-11-29,2025-12-05,https://res.cloudinary.com/dfqzmnlga/image/upload/v1764415590/2025-11-29/10847905.jpg
10847912,15.00,Glyngøre,Konserves,Kippers i vand,1,0,ds.,Netto,https://static.tilbudsugen.dk/1st-retail/2025/49/64080/Netto492025-1_6_2400x749_4817x2562_zoom.jpg,2025-11-29,2025-12-05,https://res.cloudinary.com/dfqzmnlga/image/upload/v1764415590/2025-11-29/10847912.jpg
10847968,55.00,Riberhus,Skæreost,Skæreost Danbo Mellemlagret,1,0,stk.,Netto,https://static.tilbudsugen.dk/1st-retail/2025/49/64080/Netto492025-1_13_2521x2951_4938x4867_zoom.jpg,2025-11-29,2025-12-05,https://res.cloudinary.com/dfqzmnlga/image/upload/v1764415591/2025-11-29/10847968.jpg
10847925,25.00,Cheasy,Skiveost,Skiveost Mellemlagret 13%,1,0,pk.,Netto,https://static.tilbudsugen.dk/1st-retail/2025/49/64080/Netto492025-1_7_3341x4574_4877x6922_zoom.jpg,2025-11-29,2025-12-05,https://res.cloudinary.com/dfqzmnlga/image/upload/v1764415591/2025-11-29/10847925.jpg
10847924,25.00,Cheasy,Skiveost,Skiveost Mild,1,0,pk.,Netto,https://static.tilbudsugen.dk/1st-retail/2025/49/64080/Netto492025-1_7_3341x4574_4877x6922_zoom.jpg,2025-11-29,2025-12-05,https://res.cloudinary.com/dfqzmnlga/image/upload/v1764415591/2025-11-29/10847924.jpg
10848012,35.00,Agnes,Færdigretter Køl,Svampe & Bacon Tærte,1,0,bk.,Netto,https://static.tilbudsugen.dk/1st-retail/2025/49/64080/Netto492025-1_14_1683x2873_3332x4850_zoom.jpg,2025-11-29,2025-12-05,https://res.cloudinary.com/dfqzmnlga/image/upload/v1764415592/2025-11-29/10848012.jpg
10848002,35.00,Agnes,Færdigretter Køl,Porre & Bacon Tærte,1,0,bk.,Netto,https://static.tilbudsugen.dk/1st-retail/2025/49/64080/Netto492025-1_14_1683x2873_3332x4850_zoom.jpg,2025-11-29,2025-12-05,https://res.cloudinary.com/dfqzmnlga/image/upload/v1764415592/2025-11-29/10848002.jpg
10847831,10.00,Den Grønne Slagter,"Pålæg, skiveskåret",Hamburgerryg,1,0,pk.,Netto,https://static.tilbudsugen.dk/1st-retail/2025/49/64080/Netto492025-1_2_54x2557_2343x4749_zoom.jpg,2025-11-29,2025-12-05,https://res.cloudinary.com/dfqzmnlga/image/upload/v1764415593/2025-11-29/10847831.jpg
10848007,20.00,,Færdigretter Frost,Færdigretter,1,0,stk.,Netto,https://static.tilbudsugen.dk/1st-retail/2025/49/64080/Netto492025-1_14_1657x4919_3349x6844_zoom.jpg,2025-11-29,2025-12-05,https://res.cloudinary.com/dfqzmnlga/image/upload/v1764415593/2025-11-29/10848007.jpg
10847928,20.00,Bistronne,Fjerkræ,Andebryst,1,0,stk.,Netto,https://static.tilbudsugen.dk/1st-retail/2025/49/64080/Netto492025-1_8_69x706_1683x3011_zoom.jpg,2025-11-29,2025-12-05,https://res.cloudinary.com/dfqzmnlga/image/upload/v1764415594/2025-11-29/10847928.jpg
10848089,10.00,Tappsy,Slik,Slikposer,1,0,ps.,Netto,https://static.tilbudsugen.dk/1st-retail/2025/49/64080/Netto492025-1_20_2607x2856_4851x4954_zoom.jpg,2025-11-29,2025-12-05,https://res.cloudinary.com/dfqzmnlga/image/upload/v1764415594/2025-11-29/10848089.jpg
10848088,10.00,Sallos,Slik,Bolsjer,1,0,ps.,Netto,https://static.tilbudsugen.dk/1st-retail/2025/49/64080/Netto492025-1_20_2607x2856_4851x4954_zoom.jpg,2025-11-29,2025-12-05,https://res.cloudinary.com/dfqzmnlga/image/upload/v1764415595/2025-11-29/10848088.jpg
10848090,10.00,Salte Fisk,Slik,Slikposer,1,0,ps.,Netto,https://static.tilbudsugen.dk/1st-retail/2025/49/64080/Netto492025-1_20_2607x2856_4851x4954_zoom.jpg,2025-11-29,2025-12-05,https://res.cloudinary.com/dfqzmnlga/image/upload/v1764415596/2025-11-29/10848090.jpg
10848092,10.00,Eventyrland,Slik,Slikpose Eventyrland Sour,1,0,ps.,Netto,https://static.tilbudsugen.dk/1st-retail/2025/49/64080/Netto492025-1_20_2607x2856_4851x4954_zoom.jpg,2025-11-29,2025-12-05,https://res.cloudinary.com/dfqzmnlga/image/upload/v1764415596/2025-11-29/10848092.jpg
10847833,10.00,Den Grønne Slagter,Vegetarpålæg,Veggiepålæg Peberfrugt,1,0,pk.,Netto,https://static.tilbudsugen.dk/1st-retail/2025/49/64080/Netto492025-1_2_54x2557_2343x4749_zoom.jpg,2025-11-29,2025-12-05,https://res.cloudinary.com/dfqzmnlga/image/upload/v1764415597/2025-11-29/10847833.jpg
10848091,10.00,Eventyrland,Slik,Slikpose Rainbow Edition,1,0,ps.,Netto,https://static.tilbudsugen.dk/1st-retail/2025/49/64080/Netto492025-1_20_2607x2856_4851x4954_zoom.jpg,2025-11-29,2025-12-05,https://res.cloudinary.com/dfqzmnlga/image/upload/v1764415598/2025-11-29/10848091.jpg
10847906,45.00,Launis,Rejer og andre skaldyr,Rejer,1,0,bg.,Netto,https://static.tilbudsugen.dk/1st-retail/2025/49/64080/Netto492025-1_6_3280x2415_4903x4738_zoom.jpg,2025-11-29,2025-12-05,https://res.cloudinary.com/dfqzmnlga/image/upload/v1764415598/2025-11-29/10847906.jpg
10847848,69.00,Svansø,Nødder & Kerner,Hasselnøddekerner,1,0,ps.,Netto,https://static.tilbudsugen.dk/1st-retail/2025/49/64080/Netto492025-1_3_5x3621_2510x6865_zoom.jpg,2025-11-29,2025-12-05,https://res.cloudinary.com/dfqzmnlga/image/upload/v1764415599/2025-11-29/10847848.jpg
10847849,69.00,Svansø,Snacknødder & Nøddeblandinger,Saltristede Cashewnødder,1,0,ps.,Netto,https://static.tilbudsugen.dk/1st-retail/2025/49/64080/Netto492025-1_3_5x3621_2510x6865_zoom.jpg,2025-11-29,2025-12-05,https://res.cloudinary.com/dfqzmnlga/image/upload/v1764415599/2025-11-29/10847849.jpg
10848043,139.00,Espresso Barista Perfetto,Kaffe,Kaffebønner,1,1,ps.,Netto,https://static.tilbudsugen.dk/1st-retail/2025/49/64080/Netto492025-1_18_2443x3987_4886x6879_zoom.jpg,2025-11-29,2025-12-05,https://res.cloudinary.com/dfqzmnlga/image/upload/v1764415599/2025-11-29/10848043.jpg
10848044,139.00,Qualita Oro,Kaffe,Kaffebønner,1,1,ps.,Netto,https://static.tilbudsugen.dk/1st-retail/2025/49/64080/Netto492025-1_18_2443x3987_4886x6879_zoom.jpg,2025-11-29,2025-12-05,https://res.cloudinary.com/dfqzmnlga/image/upload/v1764415600/2025-11-29/10848044.jpg
10848045,139.00,Qualita Rossa,Kaffe,Kaffebønner,1,1,ps.,Netto,https://static.tilbudsugen.dk/1st-retail/2025/49/64080/Netto492025-1_18_2443x3987_4886x6879_zoom.jpg,2025-11-29,2025-12-05,https://res.cloudinary.com/dfqzmnlga/image/upload/v1764415600/2025-11-29/10848045.jpg
10848046,139.00,Espresso,Kaffe,Kaffebønner,1,1,ps.,Netto,https://static.tilbudsugen.dk/1st-retail/2025/49/64080/Netto492025-1_18_2443x3987_4886x6879_zoom.jpg,2025-11-29,2025-12-05,https://res.cloudinary.com/dfqzmnlga/image/upload/v1764415601/2025-11-29/10848046.jpg
10848047,139.00,Brazil,Kaffe,Kaffebønner,1,1,ps.,Netto,https://static.tilbudsugen.dk/1st-retail/2025/49/64080/Netto492025-1_18_2443x3987_4886x6879_zoom.jpg,2025-11-29,2025-12-05,https://res.cloudinary.com/dfqzmnlga/image/upload/v1764415602/2025-11-29/10848047.jpg
10848030,28.25,ØGO,Pålægspølser,Spegepølse Mild,1,0,stk.,Netto,https://static.tilbudsugen.dk/1st-retail/2025/49/64080/Netto492025-1_16_2452x680_4877x4004_zoom.jpg,2025-11-29,2025-12-05,https://res.cloudinary.com/dfqzmnlga/image/upload/v1764415602/2025-11-29/10848030.jpg
10847865,10.00,Harvest Best,Grøntsager,Persille,1,0,ps.,Netto,https://static.tilbudsugen.dk/1st-retail/2025/49/64080/Netto492025-1_4_2494x3675_4928x6887_zoom.jpg,2025-11-29,2025-12-05,https://res.cloudinary.com/dfqzmnlga/image/upload/v1764415603/2025-11-29/10847865.jpg
10847829,10.00,Den Grønne Slagter,"Pålæg, skiveskåret",Rullepølse med Løg & Krydderier,1,0,pk.,Netto,https://static.tilbudsugen.dk/1st-retail/2025/49/64080/Netto492025-1_2_54x2557_2343x4749_zoom.jpg,2025-11-29,2025-12-05,https://res.cloudinary.com/dfqzmnlga/image/upload/v1764415603/2025-11-29/10847829.jpg
10847993,10.00,La Campagna,"Pålæg, skiveskåret",Salchichón,1,0,pk.,Netto,https://static.tilbudsugen.dk/1st-retail/2025/49/64080/Netto492025-1_14_26x766_1701x2925_zoom.jpg,2025-11-29,2025-12-05,https://res.cloudinary.com/dfqzmnlga/image/upload/v1764415604/2025-11-29/10847993.jpg
10847996,22.00,Bådsmand,Røget og gravad,Makrelfilet,1,0,pk.,Netto,https://static.tilbudsugen.dk/1st-retail/2025/49/64080/Netto492025-1_14_1709x715_3237x2864_zoom.jpg,2025-11-29,2025-12-05,https://res.cloudinary.com/dfqzmnlga/image/upload/v1764415604/2025-11-29/10847996.jpg
10847995,22.00,Bådsmand,Røget og gravad,Makrel,1,0,bk.,Netto,https://static.tilbudsugen.dk/1st-retail/2025/49/64080/Netto492025-1_14_1709x715_3237x2864_zoom.jpg,2025-11-29,2025-12-05,https://res.cloudinary.com/dfqzmnlga/image/upload/v1764415604/2025-11-29/10847995.jpg
10848175,25.00,Raakraft,Hundefoder,Hundesnacks,1,0,ps.,Netto,https://static.tilbudsugen.dk/1st-retail/2025/49/64080/Netto492025-1_25_112x2804_2279x4885_zoom.jpg,2025-11-29,2025-12-05,https://res.cloudinary.com/dfqzmnlga/image/upload/v1764415605/2025-11-29/10848175.jpg
10847932,89.00,Velsmag,Fersk fisk,Lakseside,1,0,pk.,Netto,https://static.tilbudsugen.dk/1st-retail/2025/49/64080/Netto492025-1_8_3039x4876_4860x6905_zoom.jpg,2025-11-29,2025-12-05,https://res.cloudinary.com/dfqzmnlga/image/upload/v1764415605/2025-11-29/10847932.jpg
10848131,115.00,,Italienske vine,Italiensk Rødvin,1,0,fl.,Netto,https://static.tilbudsugen.dk/1st-retail/2025/49/64080/Netto492025-1_23_2693x171_4877x2882_zoom.jpg,2025-11-29,2025-12-05,https://res.cloudinary.com/dfqzmnlga/image/upload/v1764415606/2025-11-29/10848131.jpg
10848135,109.00,Spiced Gold,Rom,Rom,1,0,fl.,Netto,https://static.tilbudsugen.dk/1st-retail/2025/49/64080/Netto492025-1_23_147x292_2417x4841_zoom.jpg,2025-11-29,2025-12-05,https://res.cloudinary.com/dfqzmnlga/image/upload/v1764415606/2025-11-29/10848135.jpg
10848136,109.00,London Dry Gin,Gin,Gin,1,0,fl.,Netto,https://static.tilbudsugen.dk/1st-retail/2025/49/64080/Netto492025-1_23_147x292_2417x4841_zoom.jpg,2025-11-29,2025-12-05,https://res.cloudinary.com/dfqzmnlga/image/upload/v1764415607/2025-11-29/10848136.jpg
10848137,109.00,Red Label,Whisky,Whisky,1,0,fl.,Netto,https://static.tilbudsugen.dk/1st-retail/2025/49/64080/Netto492025-1_23_147x292_2417x4841_zoom.jpg,2025-11-29,2025-12-05,https://res.cloudinary.com/dfqzmnlga/image/upload/v1764415607/2025-11-29/10848137.jpg
10848138,109.00,Smirnoff,Vodka,Vodka,1,0,fl.,Netto,https://static.tilbudsugen.dk/1st-retail/2025/49/64080/Netto492025-1_23_147x292_2417x4841_zoom.jpg,2025-11-29,2025-12-05,https://res.cloudinary.com/dfqzmnlga/image/upload/v1764415607/2025-11-29/10848138.jpg
10848139,109.00,1-Enkelt,Bitter,Bitter,1,0,fl.,Netto,https://static.tilbudsugen.dk/1st-retail/2025/49/64080/Netto492025-1_23_147x292_2417x4841_zoom.jpg,2025-11-29,2025-12-05,https://res.cloudinary.com/dfqzmnlga/image/upload/v1764415608/2025-11-29/10848139.jpg
10848162,39.00,Stuhr,Balsam,Balsam,1,0,stk.,Netto,https://static.tilbudsugen.dk/1st-retail/2025/49/64080/Netto492025-1_24_43x706_3324x2907_zoom.jpg,2025-11-29,2025-12-05,https://res.cloudinary.com/dfqzmnlga/image/upload/v1764415608/2025-11-29/10848162.jpg
10848163,39.00,Stuhr,Shampoo,Shampoo,1,0,stk.,Netto,https://static.tilbudsugen.dk/1st-retail/2025/49/64080/Netto492025-1_24_43x706_3324x2907_zoom.jpg,2025-11-29,2025-12-05,https://res.cloudinary.com/dfqzmnlga/image/upload/v1764415609/2025-11-29/10848163.jpg
10848057,10.00,Cup Noodles,Færdigretter,Spiced Curry Noodles,1,0,bg.,Netto,https://static.tilbudsugen.dk/1st-retail/2025/49/64080/Netto492025-1_19_2486x2847_4895x4859_zoom.jpg,2025-11-29,2025-12-05,https://res.cloudinary.com/dfqzmnlga/image/upload/v1764415609/2025-11-29/10848057.jpg
10848055,10.00,Cup Noodles,Færdigretter,Ginger Chicken Noodles,1,0,bg.,Netto,https://static.tilbudsugen.dk/1st-retail/2025/49/64080/Netto492025-1_19_2486x2847_4895x4859_zoom.jpg,2025-11-29,2025-12-05,https://res.cloudinary.com/dfqzmnlga/image/upload/v1764415610/2025-11-29/10848055.jpg
10848056,10.00,Cup Noodles,Færdigretter,5 Spices Beef Noodles,1,0,bg.,Netto,https://static.tilbudsugen.dk/1st-retail/2025/49/64080/Netto492025-1_19_2486x2847_4895x4859_zoom.jpg,2025-11-29,2025-12-05,https://res.cloudinary.com/dfqzmnlga/image/upload/v1764415611/2025-11-29/10848056.jpg
10847955,29.00,Løgismose,Kiks,Rugkiks med Kommen,1,0,pk.,Netto,https://static.tilbudsugen.dk/1st-retail/2025/49/64080/Netto492025-1_11_3315x5118_4869x6862_zoom.jpg,2025-11-29,2025-12-05,https://res.cloudinary.com/dfqzmnlga/image/upload/v1764415611/2025-11-29/10847955.jpg
10847957,29.00,Løgismose,Kiks,Rugkiks med Kerner og Frø,1,0,pk.,Netto,https://static.tilbudsugen.dk/1st-retail/2025/49/64080/Netto492025-1_11_3315x5118_4869x6862_zoom.jpg,2025-11-29,2025-12-05,https://res.cloudinary.com/dfqzmnlga/image/upload/v1764415612/2025-11-29/10847957.jpg
10847956,29.00,Løgismose,Kiks,Rugkiks med Rosmarin og Havsalt,1,0,pk.,Netto,https://static.tilbudsugen.dk/1st-retail/2025/49/64080/Netto492025-1_11_3315x5118_4869x6862_zoom.jpg,2025-11-29,2025-12-05,https://res.cloudinary.com/dfqzmnlga/image/upload/v1764415612/2025-11-29/10847956.jpg
10847846,69.00,Svansø,Snacknødder & Nøddeblandinger,Saltristede Pistacienødder,1,0,ps.,Netto,https://static.tilbudsugen.dk/1st-retail/2025/49/64080/Netto492025-1_3_5x3621_2510x6865_zoom.jpg,2025-11-29,2025-12-05,https://res.cloudinary.com/dfqzmnlga/image/upload/v1764415613/2025-11-29/10847846.jpg
10847954,25.00,Løgismose,Skiveost,Skiveost Aged Havarti,1,0,pk.,Netto,https://static.tilbudsugen.dk/1st-retail/2025/49/64080/Netto492025-1_11_1692x5187_3332x6870_zoom.jpg,2025-11-29,2025-12-05,https://res.cloudinary.com/dfqzmnlga/image/upload/v1764415614/2025-11-29/10847954.jpg
10847911,55.00,Premieur,Rejer og andre skaldyr,Rejer,1,0,ps.,Netto,https://static.tilbudsugen.dk/1st-retail/2025/49/64080/Netto492025-1_6_35x2459_1709x4703_zoom.jpg,2025-11-29,2025-12-05,https://res.cloudinary.com/dfqzmnlga/image/upload/v1764415614/2025-11-29/10847911.jpg
10848160,25.00,Colgate,Tandpleje,Tandpasta,1,0,pk.,Netto,https://static.tilbudsugen.dk/1st-retail/2025/49/64080/Netto492025-1_24_17x2873_1692x4893_zoom.jpg,2025-11-29,2025-12-05,https://res.cloudinary.com/dfqzmnlga/image/upload/v1764415615/2025-11-29/10848160.jpg
10847953,25.00,Løgismose,Skiveost,Skiveost Jysk Hede,1,0,pk.,Netto,https://static.tilbudsugen.dk/1st-retail/2025/49/64080/Netto492025-1_11_1692x5187_3332x6870_zoom.jpg,2025-11-29,2025-12-05,https://res.cloudinary.com/dfqzmnlga/image/upload/v1764415615/2025-11-29/10847953.jpg
10848084,10.00,Carletti,Slik,Skumbananer,1,0,ps.,Netto,https://static.tilbudsugen.dk/1st-retail/2025/49/64080/Netto492025-1_20_26x2795_2478x4962_zoom.jpg,2025-11-29,2025-12-05,https://res.cloudinary.com/dfqzmnlga/image/upload/v1764415616/2025-11-29/10848084.jpg
10848083,10.00,Carletti,Slik,P-Tærter Original,1,0,ps.,Netto,https://static.tilbudsugen.dk/1st-retail/2025/49/64080/Netto492025-1_20_26x2795_2478x4962_zoom.jpg,2025-11-29,2025-12-05,https://res.cloudinary.com/dfqzmnlga/image/upload/v1764415616/2025-11-29/10848083.jpg
10848085,10.00,Carletti,Slik,P-tærter Karamel,1,0,ps.,Netto,https://static.tilbudsugen.dk/1st-retail/2025/49/64080/Netto492025-1_20_26x2795_2478x4962_zoom.jpg,2025-11-29,2025-12-05,https://res.cloudinary.com/dfqzmnlga/image/upload/v1764415616/2025-11-29/10848085.jpg
10848082,10.00,Carletti,Slik,Brazil,1,0,ps.,Netto,https://static.tilbudsugen.dk/1st-retail/2025/49/64080/Netto492025-1_20_26x2795_2478x4962_zoom.jpg,2025-11-29,2025-12-05,https://res.cloudinary.com/dfqzmnlga/image/upload/v1764415617/2025-11-29/10848082.jpg
10847950,26.00,Løgismose,Sild,Sild,1,0,bg.,Netto,https://static.tilbudsugen.dk/1st-retail/2025/49/64080/Netto492025-1_11_3142x3374_4903x5109_zoom.jpg,2025-11-29,2025-12-05,https://res.cloudinary.com/dfqzmnlga/image/upload/v1764415618/2025-11-29/10847950.jpg
10848180,9.00,,Kattefoder,Kattesnacks,1,0,pk.,Netto,https://static.tilbudsugen.dk/1st-retail/2025/49/64080/Netto492025-1_25_95x4781_1778x6827_zoom.jpg,2025-11-29,2025-12-05,https://res.cloudinary.com/dfqzmnlga/image/upload/v1764415618/2025-11-29/10848180.jpg
10847915,45.00,,Røget og gravad,Laks i skiver,1,0,pk.,Netto,https://static.tilbudsugen.dk/1st-retail/2025/49/64080/Netto492025-1_6_3280x2415_4903x4738_zoom.jpg,2025-11-29,2025-12-05,https://res.cloudinary.com/dfqzmnlga/image/upload/v1764415618/2025-11-29/10847915.jpg
10847910,55.00,Premieur,Rejer og andre skaldyr,Rejer,1,0,bg.,Netto,https://static.tilbudsugen.dk/1st-retail/2025/49/64080/Netto492025-1_6_35x2459_1709x4703_zoom.jpg,2025-11-29,2025-12-05,https://res.cloudinary.com/dfqzmnlga/image/upload/v1764415619/2025-11-29/10847910.jpg
10848080,14.00,Guldknas,Chokolade,Dragée Dronningmandler,1,0,ps.,Netto,https://static.tilbudsugen.dk/1st-retail/2025/49/64080/Netto492025-1_20_3194x335_4929x2787_zoom.jpg,2025-11-29,2025-12-05,https://res.cloudinary.com/dfqzmnlga/image/upload/v1764415619/2025-11-29/10848080.jpg
10848079,14.00,Guldknas,Chokolade,Dragée Pariserlinser,1,0,ps.,Netto,https://static.tilbudsugen.dk/1st-retail/2025/49/64080/Netto492025-1_20_3194x335_4929x2787_zoom.jpg,2025-11-29,2025-12-05,https://res.cloudinary.com/dfqzmnlga/image/upload/v1764415620/2025-11-29/10848079.jpg
10848081,14.00,Guldknas,Chokolade,Dragée Kongemandler,1,0,ps.,Netto,https://static.tilbudsugen.dk/1st-retail/2025/49/64080/Netto492025-1_20_3194x335_4929x2787_zoom.jpg,2025-11-29,2025-12-05,https://res.cloudinary.com/dfqzmnlga/image/upload/v1764415621/2025-11-29/10848081.jpg
10847951,49.00,Løgismose,And,Confiteret andelår,1,0,stk.,Netto,https://static.tilbudsugen.dk/1st-retail/2025/49/64080/Netto492025-1_11_69x4919_1614x6844_zoom.jpg,2025-11-29,2025-12-05,https://res.cloudinary.com/dfqzmnlga/image/upload/v1764415621/2025-11-29/10847951.jpg
10847985,10.00,La Campagna,"Pålæg, skiveskåret",Salami Spicy Ventricina,1,0,pk.,Netto,https://static.tilbudsugen.dk/1st-retail/2025/49/64080/Netto492025-1_14_26x766_1701x2925_zoom.jpg,2025-11-29,2025-12-05,https://res.cloudinary.com/dfqzmnlga/image/upload/v1764415622/2025-11-29/10847985.jpg
10847994,10.00,La Campagna,"Pålæg, skiveskåret",Skinke,1,0,pk.,Netto,https://static.tilbudsugen.dk/1st-retail/2025/49/64080/Netto492025-1_14_26x766_1701x2925_zoom.jpg,2025-11-29,2025-12-05,https://res.cloudinary.com/dfqzmnlga/image/upload/v1764415622/2025-11-29/10847994.jpg
10847984,10.00,La Campagna,"Pålæg, skiveskåret",Salami Milano Salame,1,0,pk.,Netto,https://static.tilbudsugen.dk/1st-retail/2025/49/64080/Netto492025-1_14_26x766_1701x2925_zoom.jpg,2025-11-29,2025-12-05,https://res.cloudinary.com/dfqzmnlga/image/upload/v1764415623/2025-11-29/10847984.jpg
10847987,10.00,La Campagna,"Pålæg, skiveskåret",Lufttørret Skinke,1,0,pk.,Netto,https://static.tilbudsugen.dk/1st-retail/2025/49/64080/Netto492025-1_14_26x766_1701x2925_zoom.jpg,2025-11-29,2025-12-05,https://res.cloudinary.com/dfqzmnlga/image/upload/v1764415623/2025-11-29/10847987.jpg
10847991,10.00,La Campagna,"Pålæg, skiveskåret",Chorizo,1,0,pk.,Netto,https://static.tilbudsugen.dk/1st-retail/2025/49/64080/Netto492025-1_14_26x766_1701x2925_zoom.jpg,2025-11-29,2025-12-05,https://res.cloudinary.com/dfqzmnlga/image/upload/v1764415626/2025-11-29/10847991.jpg
10847990,10.00,La Campagna,"Pålæg, skiveskåret",Jamon Serrano,1,0,pk.,Netto,https://static.tilbudsugen.dk/1st-retail/2025/49/64080/Netto492025-1_14_26x766_1701x2925_zoom.jpg,2025-11-29,2025-12-05,https://res.cloudinary.com/dfqzmnlga/image/upload/v1764415626/2025-11-29/10847990.jpg
10847986,10.00,La Campagna,"Pålæg, skiveskåret",Mortadella,1,0,pk.,Netto,https://static.tilbudsugen.dk/1st-retail/2025/49/64080/Netto492025-1_14_26x766_1701x2925_zoom.jpg,2025-11-29,2025-12-05,https://res.cloudinary.com/dfqzmnlga/image/upload/v1764415627/2025-11-29/10847986.jpg
10847989,10.00,La Campagna,Pålægspølser,Fuet,1,0,pk.,Netto,https://static.tilbudsugen.dk/1st-retail/2025/49/64080/Netto492025-1_14_26x766_1701x2925_zoom.jpg,2025-11-29,2025-12-05,https://res.cloudinary.com/dfqzmnlga/image/upload/v1764415627/2025-11-29/10847989.jpg
10847952,25.00,Løgismose,Specialost,Skimmelost Blå Ost,1,0,pk.,Netto,https://static.tilbudsugen.dk/1st-retail/2025/49/64080/Netto492025-1_11_1692x5187_3332x6870_zoom.jpg,2025-11-29,2025-12-05,https://res.cloudinary.com/dfqzmnlga/image/upload/v1764415628/2025-11-29/10847952.jpg
10848095,65.00,Aftenstunder,Chokolade,Dessertchokolade,1,0,æsk.,Netto,https://static.tilbudsugen.dk/1st-retail/2025/49/64080/Netto492025-1_20_9x5049_1744x6862_zoom.jpg,2025-11-29,2025-12-05,https://res.cloudinary.com/dfqzmnlga/image/upload/v1764415628/2025-11-29/10848095.jpg
10848074,10.00,Guldbarre,Chokolade,Chokoladebar Hasselnød,1,0,stk.,Netto,https://static.tilbudsugen.dk/1st-retail/2025/49/64080/Netto492025-1_20_1485x317_3306x2821_zoom.jpg,2025-11-29,2025-12-05,https://res.cloudinary.com/dfqzmnlga/image/upload/v1764415629/2025-11-29/10848074.jpg
10848075,10.00,Guldbarre,Chokolade,Chokoladebar Saltkaramel,1,0,stk.,Netto,https://static.tilbudsugen.dk/1st-retail/2025/49/64080/Netto492025-1_20_1485x317_3306x2821_zoom.jpg,2025-11-29,2025-12-05,https://res.cloudinary.com/dfqzmnlga/image/upload/v1764415629/2025-11-29/10848075.jpg
10848076,10.00,Guldbarre,Chokolade,Chokoladebar Mælkechokolade,1,0,stk.,Netto,https://static.tilbudsugen.dk/1st-retail/2025/49/64080/Netto492025-1_20_1485x317_3306x2821_zoom.jpg,2025-11-29,2025-12-05,https://res.cloudinary.com/dfqzmnlga/image/upload/v1764415630/2025-11-29/10848076.jpg
10848073,10.00,Guldbarre,Chokolade,Chokoladebar Mørk Chokolade,1,0,stk.,Netto,https://static.tilbudsugen.dk/1st-retail/2025/49/64080/Netto492025-1_20_1485x317_3306x2821_zoom.jpg,2025-11-29,2025-12-05,https://res.cloudinary.com/dfqzmnlga/image/upload/v1764415630/2025-11-29/10848073.jpg
10848077,10.00,Guldbarre,Chokolade,Chokoladebar Orangeknas,1,0,stk.,Netto,https://static.tilbudsugen.dk/1st-retail/2025/49/64080/Netto492025-1_20_1485x317_3306x2821_zoom.jpg,2025-11-29,2025-12-05,https://res.cloudinary.com/dfqzmnlga/image/upload/v1764415630/2025-11-29/10848077.jpg
10848078,10.00,Guldbarre,Chokolade,Chokoladebar Knas,1,0,stk.,Netto,https://static.tilbudsugen.dk/1st-retail/2025/49/64080/Netto492025-1_20_1485x317_3306x2821_zoom.jpg,2025-11-29,2025-12-05,https://res.cloudinary.com/dfqzmnlga/image/upload/v1764415631/2025-11-29/10848078.jpg
10847929,35.00,Velsmag,Oksekød,Ribeye,1,0,bk.,Netto,https://static.tilbudsugen.dk/1st-retail/2025/49/64080/Netto492025-1_8_69x3063_2098x4867_zoom.jpg,2025-11-29,2025-12-05,https://res.cloudinary.com/dfqzmnlga/image/upload/v1764415631/2025-11-29/10847929.jpg
10848204,40.00,Nord Home LIving,Luftfrisker,Duftolie,1,0,stk.,Netto,https://static.tilbudsugen.dk/1st-retail/2025/49/64080/Netto492025-1_27_207x179_4800x6905_zoom.jpg,2025-11-29,2025-12-05,https://res.cloudinary.com/dfqzmnlga/image/upload/v1764415632/2025-11-29/10848204.jpg
10847903,29.00,Premieur,Røget og gravad,Laks i skiver,1,0,pk.,Netto,https://static.tilbudsugen.dk/1st-retail/2025/49/64080/Netto492025-1_6_86x715_2374x2528_zoom.jpg,2025-11-29,2025-12-05,https://res.cloudinary.com/dfqzmnlga/image/upload/v1764415632/2025-11-29/10847903.jpg
10790698,17.00,Barebells,Snacks/bar,Energibar,1,0,stk.,Netto,https://static.tilbudsugen.dk/1st-retail/2025/45/63794/Netto442025-1_32_1676x2777_3306x4816_zoom.jpg,2025-11-01,2025-11-30,https://res.cloudinary.com/dfqzmnlga/image/upload/v1764415632/2025-11-29/10790698.jpg
10848153,39.00,Triple Active,Ansigtspleje,Creme,1,0,stk.,Netto,https://static.tilbudsugen.dk/1st-retail/2025/49/64080/Netto492025-1_24_43x706_3324x2907_zoom.jpg,2025-11-29,2025-12-05,https://res.cloudinary.com/dfqzmnlga/image/upload/v1764415633/2025-11-29/10848153.jpg
10808512,30.00,,Diverse,Sovemaske,1,0,stk.,Netto,https://static.tilbudsugen.dk/1st-retail/2025/46/63858/Netto452025-1_37_2346x4430_4943x6697_zoom.jpg,2025-11-08,2025-12-12,https://res.cloudinary.com/dfqzmnlga/image/upload/v1764415633/2025-11-29/10808512.jpg
10808519,199.00,,Boligtekstiler,Pudebetræk,1,0,stk.,Netto,https://static.tilbudsugen.dk/1st-retail/2025/46/63858/Netto452025-1_37_2534x2966_4974x4761_zoom.jpg,2025-11-08,2025-12-12,https://res.cloudinary.com/dfqzmnlga/image/upload/v1764415634/2025-11-29/10808519.jpg
10808523,25.00,Sinful,Spil,Voksenspil,1,0,stk.,Netto,https://static.tilbudsugen.dk/1st-retail/2025/46/63858/Netto452025-1_37_260x1108_1299x2864_zoom.jpg,2025-11-08,2025-12-12,https://res.cloudinary.com/dfqzmnlga/image/upload/v1764415634/2025-11-29/10808523.jpg
10808527,199.00,Sinful,Diverse,Sexlegetøj,1,0,stk.,Netto,https://static.tilbudsugen.dk/1st-retail/2025/46/63858/Netto452025-1_37_2306x486_3440x2698_zoom.jpg,2025-11-08,2025-12-12,https://res.cloudinary.com/dfqzmnlga/image/upload/v1764415634/2025-11-29/10808527.jpg
10808528,79.00,Sinful,Spil,Voksenspil,1,0,stk.,Netto,https://static.tilbudsugen.dk/1st-retail/2025/46/63858/Netto452025-1_37_3211x738_4699x1990_zoom.jpg,2025-11-08,2025-12-12,https://res.cloudinary.com/dfqzmnlga/image/upload/v1764415635/2025-11-29/10808528.jpg
10848994,99.00,,Køkken & værktøj m.m.,Legehusholdning,1,0,stk.,Netto,https://static.tilbudsugen.dk/1st-retail/2025/49/64080/Netto492025-1_35_314x51_4834x2367_zoom.jpg,2025-11-29,2025-12-05,https://res.cloudinary.com/dfqzmnlga/image/upload/v1764415635/2025-11-29/10848994.jpg
10848996,30.00,,Børnebøger,Børnebøger,1,0,stk.,Netto,https://static.tilbudsugen.dk/1st-retail/2025/49/64080/Netto492025-1_35_261x4646_2436x6798_zoom.jpg,2025-11-29,2025-12-05,https://res.cloudinary.com/dfqzmnlga/image/upload/v1764415636/2025-11-29/10848996.jpg
10849006,50.00,,Skønlitteratur,Skønlitteratur,1,0,stk.,Netto,https://static.tilbudsugen.dk/1st-retail/2025/49/64080/Netto492025-1_37_202x312_2488x2546_zoom.jpg,2025-11-29,2025-12-05,https://res.cloudinary.com/dfqzmnlga/image/upload/v1764415636/2025-11-29/10849006.jpg
10849007,50.00,,Skønlitteratur,Skønlitteratur,1,0,stk.,Netto,https://static.tilbudsugen.dk/1st-retail/2025/49/64080/Netto492025-1_37_2480x230_4692x2464_zoom.jpg,2025-11-29,2025-12-05,https://res.cloudinary.com/dfqzmnlga/image/upload/v1764415637/2025-11-29/10849007.jpg
10848208,40.00,Nord Home LIving,Dufteprodukter,Duftlys i glas,1,0,stk.,Netto,https://static.tilbudsugen.dk/1st-retail/2025/49/64080/Netto492025-1_27_207x179_4800x6905_zoom.jpg,2025-11-29,2025-12-05,https://res.cloudinary.com/dfqzmnlga/image/upload/v1764415637/2025-11-29/10848208.jpg
10848215,40.00,,Køkkenredskaber,Saltkar,1,0,stk.,Netto,https://static.tilbudsugen.dk/1st-retail/2025/49/64080/Netto492025-1_28_1916x3745_4756x6879_zoom.jpg,2025-11-29,2025-12-05,https://res.cloudinary.com/dfqzmnlga/image/upload/v1764415638/2025-11-29/10848215.jpg
10848235,40.00,,"Skåle, fade og forme",Skål,1,0,stk.,Netto,https://static.tilbudsugen.dk/1st-retail/2025/49/64080/Netto492025-1_28_207x257_4834x3754_zoom.jpg,2025-11-29,2025-12-05,https://res.cloudinary.com/dfqzmnlga/image/upload/v1764415638/2025-11-29/10848235.jpg
10848253,69.00,,"Skåle, fade og forme",Skål,1,0,stk.,Netto,https://static.tilbudsugen.dk/1st-retail/2025/49/64080/Netto492025-1_29_2478x3331_4791x6818_zoom.jpg,2025-11-29,2025-12-05,https://res.cloudinary.com/dfqzmnlga/image/upload/v1764415639/2025-11-29/10848253.jpg
10848267,59.00,,Tasker,Toilettaske,1,0,stk.,Netto,https://static.tilbudsugen.dk/1st-retail/2025/49/64080/Netto492025-1_30_458x2338_4877x4539_zoom.jpg,2025-11-29,2025-12-05,https://res.cloudinary.com/dfqzmnlga/image/upload/v1764415639/2025-11-29/10848267.jpg
10848279,199.00,,Massageapparater,Massageapparat,1,0,stk.,Netto,https://static.tilbudsugen.dk/1st-retail/2025/49/64080/Netto492025-1_31_2460x3589_4756x6818_zoom.jpg,2025-11-29,2025-12-05,https://res.cloudinary.com/dfqzmnlga/image/upload/v1764415639/2025-11-29/10848279.jpg
10848281,40.00,,Diverse babyartikler,Hagesmæk,1,0,stk.,Netto,https://static.tilbudsugen.dk/1st-retail/2025/49/64080/Netto492025-1_32_302x594_4921x5057_zoom.jpg,2025-11-29,2025-12-05,https://res.cloudinary.com/dfqzmnlga/image/upload/v1764415640/2025-11-29/10848281.jpg
10848294,40.00,,Toiletartikler,Bademåtte,1,0,stk.,Netto,https://static.tilbudsugen.dk/1st-retail/2025/49/64080/Netto492025-1_33_233x4608_2167x6827_zoom.jpg,2025-11-29,2025-12-05,https://res.cloudinary.com/dfqzmnlga/image/upload/v1764415641/2025-11-29/10848294.jpg
10848992,199.00,Dyson,Køkken & værktøj m.m.,Støvsuger,1,0,stk.,Netto,https://static.tilbudsugen.dk/1st-retail/2025/49/64080/Netto492025-1_34_2316x372_4871x6873_zoom.jpg,2025-11-29,2025-12-05,https://res.cloudinary.com/dfqzmnlga/image/upload/v1764415641/2025-11-29/10848992.jpg
10849004,199.00,,Kreativitetslegetøj & puslespil,Puslespilsbakke,1,0,stk.,Netto,https://static.tilbudsugen.dk/1st-retail/2025/49/64080/Netto492025-1_36_232x4609_4752x6888_zoom.jpg,2025-11-29,2025-12-05,https://res.cloudinary.com/dfqzmnlga/image/upload/v1764415641/2025-11-29/10849004.jpg
10849009,40.00,,Børnebøger,Børnebøger,1,0,stk.,Netto,https://static.tilbudsugen.dk/1st-retail/2025/49/64080/Netto492025-1_37_224x2501_2465x4631_zoom.jpg,2025-11-29,2025-12-05,https://res.cloudinary.com/dfqzmnlga/image/upload/v1764415642/2025-11-29/10849009.jpg
10848189,20.00,,"Planter, buske & træer",Planter,1,0,stk.,Netto,https://static.tilbudsugen.dk/1st-retail/2025/49/64080/Netto492025-1_26_224x827_2564x2700_zoom.jpg,2025-11-29,2025-12-05,https://res.cloudinary.com/dfqzmnlga/image/upload/v1764415642/2025-11-29/10848189.jpg
10848224,25.00,,"Skåle, fade og forme",Skål,1,0,stk.,Netto,https://static.tilbudsugen.dk/1st-retail/2025/49/64080/Netto492025-1_28_207x257_4834x3754_zoom.jpg,2025-11-29,2025-12-05,https://res.cloudinary.com/dfqzmnlga/image/upload/v1764415643/2025-11-29/10848224.jpg
10848234,35.00,,"Skåle, fade og forme",Skål,1,0,stk.,Netto,https://static.tilbudsugen.dk/1st-retail/2025/49/64080/Netto492025-1_28_207x257_4834x3754_zoom.jpg,2025-11-29,2025-12-05,https://res.cloudinary.com/dfqzmnlga/image/upload/v1764415643/2025-11-29/10848234.jpg
10848241,20.00,Nord Home LIving,Bloklys,Bloklys,1,0,pk.,Netto,https://static.tilbudsugen.dk/1st-retail/2025/49/64080/Netto492025-1_29_2555x343_4851x3305_zoom.jpg,2025-11-29,2025-12-05,https://res.cloudinary.com/dfqzmnlga/image/upload/v1764415644/2025-11-29/10848241.jpg
10848252,30.00,Nord Home LIving,Bloklys,Bloklys,1,0,pk.,Netto,https://static.tilbudsugen.dk/1st-retail/2025/49/64080/Netto492025-1_29_2555x343_4851x3305_zoom.jpg,2025-11-29,2025-12-05,https://res.cloudinary.com/dfqzmnlga/image/upload/v1764415644/2025-11-29/10848252.jpg
10848259,89.00,,Damesko og støvler,Damehjemmesko,1,0,stk.,Netto,https://static.tilbudsugen.dk/1st-retail/2025/49/64080/Netto492025-1_30_388x533_2547x2458_zoom.jpg,2025-11-29,2025-12-05,https://res.cloudinary.com/dfqzmnlga/image/upload/v1764415645/2025-11-29/10848259.jpg
10848264,49.00,,Smykker,Smykkeskrin,1,0,stk.,Netto,https://static.tilbudsugen.dk/1st-retail/2025/49/64080/Netto492025-1_30_458x2338_4877x4539_zoom.jpg,2025-11-29,2025-12-05,https://res.cloudinary.com/dfqzmnlga/image/upload/v1764415645/2025-11-29/10848264.jpg
10848273,99.00,,Pedicure/manicure,Neglelampe,1,0,stk.,Netto,https://static.tilbudsugen.dk/1st-retail/2025/49/64080/Netto492025-1_30_311x4582_4817x6810_zoom.jpg,2025-11-29,2025-12-05,https://res.cloudinary.com/dfqzmnlga/image/upload/v1764415646/2025-11-29/10848273.jpg
10808530,49.00,Sinful,Diverse,Sexlegetøj,1,0,stk.,Netto,https://static.tilbudsugen.dk/1st-retail/2025/46/63858/Netto452025-1_37_2771x1769_3825x2690_zoom.jpg,2025-11-08,2025-12-12,https://res.cloudinary.com/dfqzmnlga/image/upload/v1764415646/2025-11-29/10808530.jpg
10808532,189.00,Sinful,Diverse,Sexlegetøj,1,0,stk.,Netto,https://static.tilbudsugen.dk/1st-retail/2025/46/63858/Netto452025-1_37_3558x1604_4959x2690_zoom.jpg,2025-11-08,2025-12-12,https://res.cloudinary.com/dfqzmnlga/image/upload/v1764415646/2025-11-29/10808532.jpg
10848991,199.00,Ooni,Køkken & værktøj m.m.,Legetøjspizzaovn,1,0,stk.,Netto,https://static.tilbudsugen.dk/1st-retail/2025/49/64080/Netto492025-1_34_194x4296_3250x6910_zoom.jpg,2025-11-29,2025-12-05,https://res.cloudinary.com/dfqzmnlga/image/upload/v1764415647/2025-11-29/10848991.jpg
10848999,99.00,,Køkken & værktøj m.m.,Køkkenmaskiner,1,0,stk.,Netto,https://static.tilbudsugen.dk/1st-retail/2025/49/64080/Netto492025-1_35_314x51_4834x2367_zoom.jpg,2025-11-29,2025-12-05,https://res.cloudinary.com/dfqzmnlga/image/upload/v1764415648/2025-11-29/10848999.jpg
10849008,50.00,,Børnebøger,Børnebøger,1,0,stk.,Netto,https://static.tilbudsugen.dk/1st-retail/2025/49/64080/Netto492025-1_37_2495x2471_4744x4631_zoom.jpg,2025-11-29,2025-12-05,https://res.cloudinary.com/dfqzmnlga/image/upload/v1764415648/2025-11-29/10849008.jpg
10848201,17.00,,Juletræer & pyntegrønt,Gran,1,0,bdt.,Netto,https://static.tilbudsugen.dk/1st-retail/2025/49/64080/Netto492025-1_26_86x4712_2538x6844_zoom.jpg,2025-11-29,2025-12-05,https://res.cloudinary.com/dfqzmnlga/image/upload/v1764415649/2025-11-29/10848201.jpg
10848212,69.00,,"Skåle, fade og forme",Bakke,1,0,stk.,Netto,https://static.tilbudsugen.dk/1st-retail/2025/49/64080/Netto492025-1_28_1916x3745_4756x6879_zoom.jpg,2025-11-29,2025-12-05,https://res.cloudinary.com/dfqzmnlga/image/upload/v1764415649/2025-11-29/10848212.jpg
10848226,30.00,,"Skåle, fade og forme",Skål,1,0,stk.,Netto,https://static.tilbudsugen.dk/1st-retail/2025/49/64080/Netto492025-1_28_207x257_4834x3754_zoom.jpg,2025-11-29,2025-12-05,https://res.cloudinary.com/dfqzmnlga/image/upload/v1764415650/2025-11-29/10848226.jpg
10848227,30.00,,"Skåle, fade og forme",Fad,1,0,stk.,Netto,https://static.tilbudsugen.dk/1st-retail/2025/49/64080/Netto492025-1_28_207x257_4834x3754_zoom.jpg,2025-11-29,2025-12-05,https://res.cloudinary.com/dfqzmnlga/image/upload/v1764415650/2025-11-29/10848227.jpg
10848229,30.00,,Service,Tallerken,1,0,stk.,Netto,https://static.tilbudsugen.dk/1st-retail/2025/49/64080/Netto492025-1_28_207x257_4834x3754_zoom.jpg,2025-11-29,2025-12-05,https://res.cloudinary.com/dfqzmnlga/image/upload/v1764415651/2025-11-29/10848229.jpg
10848232,30.00,,Service,Krus,1,0,stk.,Netto,https://static.tilbudsugen.dk/1st-retail/2025/49/64080/Netto492025-1_28_207x257_4834x3754_zoom.jpg,2025-11-29,2025-12-05,https://res.cloudinary.com/dfqzmnlga/image/upload/v1764415651/2025-11-29/10848232.jpg
10848255,39.00,,Boligartikler,Lysestage,1,0,stk.,Netto,https://static.tilbudsugen.dk/1st-retail/2025/49/64080/Netto492025-1_29_2478x3331_4791x6818_zoom.jpg,2025-11-29,2025-12-05,https://res.cloudinary.com/dfqzmnlga/image/upload/v1764415652/2025-11-29/10848255.jpg
10848257,59.00,,Boligartikler,Lysestage,1,0,stk.,Netto,https://static.tilbudsugen.dk/1st-retail/2025/49/64080/Netto492025-1_29_2478x3331_4791x6818_zoom.jpg,2025-11-29,2025-12-05,https://res.cloudinary.com/dfqzmnlga/image/upload/v1764415652/2025-11-29/10848257.jpg
10848260,89.00,,Herresko og støvler,Herrehjemmesko,1,0,par,Netto,https://static.tilbudsugen.dk/1st-retail/2025/49/64080/Netto492025-1_30_388x533_2547x2458_zoom.jpg,2025-11-29,2025-12-05,https://res.cloudinary.com/dfqzmnlga/image/upload/v1764415653/2025-11-29/10848260.jpg
10848262,49.00,Bodyguide Underwear,Dametøj,Strømpebukser,1,0,pk.,Netto,https://static.tilbudsugen.dk/1st-retail/2025/49/64080/Netto492025-1_30_2719x551_4843x2458_zoom.jpg,2025-11-29,2025-12-05,https://res.cloudinary.com/dfqzmnlga/image/upload/v1764415653/2025-11-29/10848262.jpg
10848272,99.00,,Pedicure/manicure,Neglestøvsuger,1,0,stk.,Netto,https://static.tilbudsugen.dk/1st-retail/2025/49/64080/Netto492025-1_30_311x4582_4817x6810_zoom.jpg,2025-11-29,2025-12-05,https://res.cloudinary.com/dfqzmnlga/image/upload/v1764415653/2025-11-29/10848272.jpg
10848276,199.00,,Massageapparater,Massageapparat,1,0,stk.,Netto,https://static.tilbudsugen.dk/1st-retail/2025/49/64080/Netto492025-1_31_2486x205_4903x3572_zoom.jpg,2025-11-29,2025-12-05,https://res.cloudinary.com/dfqzmnlga/image/upload/v1764415654/2025-11-29/10848276.jpg
10848291,50.00,,Børnemøbler,Børneskammel,1,0,stk.,Netto,https://static.tilbudsugen.dk/1st-retail/2025/49/64080/Netto492025-1_33_224x386_2262x2528_zoom.jpg,2025-11-29,2025-12-05,https://res.cloudinary.com/dfqzmnlga/image/upload/v1764415654/2025-11-29/10848291.jpg
10848293,25.00,,Diverse,Vaskehandske,1,0,stk.,Netto,https://static.tilbudsugen.dk/1st-retail/2025/49/64080/Netto492025-1_33_207x2554_2184x4582_zoom.jpg,2025-11-29,2025-12-05,https://res.cloudinary.com/dfqzmnlga/image/upload/v1764415655/2025-11-29/10848293.jpg
10808514,199.00,,Boligtekstiler,Puder,1,0,stk.,Netto,https://static.tilbudsugen.dk/1st-retail/2025/46/63858/Netto452025-1_37_2346x4430_4943x6697_zoom.jpg,2025-11-08,2025-12-12,https://res.cloudinary.com/dfqzmnlga/image/upload/v1764415655/2025-11-29/10808514.jpg
10848193,35.00,,Til udplantning,Julerose,1,0,stk.,Netto,https://static.tilbudsugen.dk/1st-retail/2025/49/64080/Netto492025-1_26_2365x2795_4731x4772_zoom.jpg,2025-11-29,2025-12-05,https://res.cloudinary.com/dfqzmnlga/image/upload/v1764415655/2025-11-29/10848193.jpg
10848244,59.00,,"Skåle, fade og forme",Skål,1,0,stk.,Netto,https://static.tilbudsugen.dk/1st-retail/2025/49/64080/Netto492025-1_29_2478x3331_4791x6818_zoom.jpg,2025-11-29,2025-12-05,https://res.cloudinary.com/dfqzmnlga/image/upload/v1764415656/2025-11-29/10848244.jpg
10848268,59.00,,Makeup,Makeupboks,1,0,stk.,Netto,https://static.tilbudsugen.dk/1st-retail/2025/49/64080/Netto492025-1_30_458x2338_4877x4539_zoom.jpg,2025-11-29,2025-12-05,https://res.cloudinary.com/dfqzmnlga/image/upload/v1764415656/2025-11-29/10848268.jpg
10848275,149.00,,Dametøj,Morgenkåbe,1,0,stk.,Netto,https://static.tilbudsugen.dk/1st-retail/2025/49/64080/Netto492025-1_31_190x145_2503x6844_zoom.jpg,2025-11-29,2025-12-05,https://res.cloudinary.com/dfqzmnlga/image/upload/v1764415657/2025-11-29/10848275.jpg
10848287,99.00,Nordic Home Living,Boligtekstiler,Vattæppe,1,0,stk.,Netto,https://static.tilbudsugen.dk/1st-retail/2025/49/64080/Netto492025-1_32_2633x5049_4869x6818_zoom.jpg,2025-11-29,2025-12-05,https://res.cloudinary.com/dfqzmnlga/image/upload/v1764415658/2025-11-29/10848287.jpg
10848989,249.00,,Skating,Rulleskøjter,1,0,stk.,Netto,https://static.tilbudsugen.dk/1st-retail/2025/49/64080/Netto492025-1_34_149x648_3683x2726_zoom.jpg,2025-11-29,2025-12-05,https://res.cloudinary.com/dfqzmnlga/image/upload/v1764415658/2025-11-29/10848989.jpg
10808509,149.00,,"Hårtørrer, krøljern, trimmer m.m",Glattejern,1,0,stk.,Netto,https://static.tilbudsugen.dk/1st-retail/2025/46/63858/Netto452025-1_37_110x4800_2464x6650_zoom.jpg,2025-11-08,2025-12-12,https://res.cloudinary.com/dfqzmnlga/image/upload/v1764415659/2025-11-29/10808509.jpg
10808516,129.00,,Boligtekstiler,Sengesæt,1,0,stk.,Netto,https://static.tilbudsugen.dk/1st-retail/2025/46/63858/Netto452025-1_37_165x3186_2723x5005_zoom.jpg,2025-11-08,2025-12-12,https://res.cloudinary.com/dfqzmnlga/image/upload/v1764415659/2025-11-29/10808516.jpg
10808518,129.00,,Dametøj,Pyjamas,1,0,stk.,Netto,https://static.tilbudsugen.dk/1st-retail/2025/46/63858/Netto452025-1_37_165x3186_2723x5005_zoom.jpg,2025-11-08,2025-12-12,https://res.cloudinary.com/dfqzmnlga/image/upload/v1764415660/2025-11-29/10808518.jpg
10808525,79.00,Sinful,Spil,Voksenspil,1,0,stk.,Netto,https://static.tilbudsugen.dk/1st-retail/2025/46/63858/Netto452025-1_37_1495x990_2542x2635_zoom.jpg,2025-11-08,2025-12-12,https://res.cloudinary.com/dfqzmnlga/image/upload/v1764415661/2025-11-29/10808525.jpg
10848993,60.00,,Musikinstrumenter,Xylofon,1,0,stk.,Netto,https://static.tilbudsugen.dk/1st-retail/2025/49/64080/Netto492025-1_35_336x2330_2451x4526_zoom.jpg,2025-11-29,2025-12-05,https://res.cloudinary.com/dfqzmnlga/image/upload/v1764415661/2025-11-29/10848993.jpg
10848997,60.00,,Batteridrevet legetøj,Fjernstyret bil,1,0,stk.,Netto,https://static.tilbudsugen.dk/1st-retail/2025/49/64080/Netto492025-1_35_2480x4631_4811x6820_zoom.jpg,2025-11-29,2025-12-05,https://res.cloudinary.com/dfqzmnlga/image/upload/v1764415662/2025-11-29/10848997.jpg
10848998,99.00,,Køkken & værktøj m.m.,Kasseapparat,1,0,stk.,Netto,https://static.tilbudsugen.dk/1st-retail/2025/49/64080/Netto492025-1_35_314x51_4834x2367_zoom.jpg,2025-11-29,2025-12-05,https://res.cloudinary.com/dfqzmnlga/image/upload/v1764415662/2025-11-29/10848998.jpg
10849002,149.00,,"Hårtørrer, krøljern, trimmer m.m",Hårtørrer,1,0,stk.,Netto,https://static.tilbudsugen.dk/1st-retail/2025/49/64080/Netto492025-1_36_2480x155_4931x2382_zoom.jpg,2025-11-29,2025-12-05,https://res.cloudinary.com/dfqzmnlga/image/upload/v1764415663/2025-11-29/10849002.jpg
10849003,59.00,,Kreativitetslegetøj & puslespil,Puslespil,1,0,stk.,Netto,https://static.tilbudsugen.dk/1st-retail/2025/49/64080/Netto492025-1_36_2540x2479_4789x4579_zoom.jpg,2025-11-29,2025-12-05,https://res.cloudinary.com/dfqzmnlga/image/upload/v1764415664/2025-11-29/10849003.jpg
10849013,30.00,,Bånd/papir,Gavemærker,1,0,stk.,Netto,https://static.tilbudsugen.dk/1st-retail/2025/49/64080/Netto492025-1_38_60x51_4991x4608_zoom.jpg,2025-11-29,2025-12-05,https://res.cloudinary.com/dfqzmnlga/image/upload/v1764415664/2025-11-29/10849013.jpg
10848197,10.00,,"Planter, buske & træer",Planter,1,0,stk.,Netto,https://static.tilbudsugen.dk/1st-retail/2025/49/64080/Netto492025-1_26_52x2778_2538x4781_zoom.jpg,2025-11-29,2025-12-05,https://res.cloudinary.com/dfqzmnlga/image/upload/v1764415665/2025-11-29/10848197.jpg
10848216,25.00,,Service,Tallerken,1,0,stk.,Netto,https://static.tilbudsugen.dk/1st-retail/2025/49/64080/Netto492025-1_28_207x257_4834x3754_zoom.jpg,2025-11-29,2025-12-05,https://res.cloudinary.com/dfqzmnlga/image/upload/v1764415665/2025-11-29/10848216.jpg
10848222,40.00,,"Skåle, fade og forme",Bakke,1,0,stk.,Netto,https://static.tilbudsugen.dk/1st-retail/2025/49/64080/Netto492025-1_28_224x3719_1908x6827_zoom.jpg,2025-11-29,2025-12-05,https://res.cloudinary.com/dfqzmnlga/image/upload/v1764415666/2025-11-29/10848222.jpg
10848236,159.00,,Boligtekstiler,Duge,1,0,stk.,Netto,https://static.tilbudsugen.dk/1st-retail/2025/49/64080/Netto492025-1_29_276x352_2564x3287_zoom.jpg,2025-11-29,2025-12-05,https://res.cloudinary.com/dfqzmnlga/image/upload/v1764415666/2025-11-29/10848236.jpg
10848251,25.00,Nord Home LIving,Bloklys,Bloklys,1,0,pk.,Netto,https://static.tilbudsugen.dk/1st-retail/2025/49/64080/Netto492025-1_29_2555x343_4851x3305_zoom.jpg,2025-11-29,2025-12-05,https://res.cloudinary.com/dfqzmnlga/image/upload/v1764415667/2025-11-29/10848251.jpg
10848270,99.00,,Diverse elartikler,Neglefil,1,0,stk.,Netto,https://static.tilbudsugen.dk/1st-retail/2025/49/64080/Netto492025-1_30_311x4582_4817x6810_zoom.jpg,2025-11-29,2025-12-05,https://res.cloudinary.com/dfqzmnlga/image/upload/v1764415667/2025-11-29/10848270.jpg
10848292,79.00,,Boligtekstiler,Håndklæde,1,0,stk.,Netto,https://static.tilbudsugen.dk/1st-retail/2025/49/64080/Netto492025-1_33_2089x378_4903x6793_zoom.jpg,2025-11-29,2025-12-05,https://res.cloudinary.com/dfqzmnlga/image/upload/v1764415668/2025-11-29/10848292.jpg
10848990,99.00,,Køkken & værktøj m.m.,Legeværktøj,1,0,stk.,Netto,https://static.tilbudsugen.dk/1st-retail/2025/49/64080/Netto492025-1_34_127x2531_3265x4519_zoom.jpg,2025-11-29,2025-12-05,https://res.cloudinary.com/dfqzmnlga/image/upload/v1764415668/2025-11-29/10848990.jpg
10808511,169.00,,"Hårtørrer, krøljern, trimmer m.m",Hårstyler,1,0,stk.,Netto,https://static.tilbudsugen.dk/1st-retail/2025/46/63858/Netto452025-1_37_110x4800_2464x6650_zoom.jpg,2025-11-08,2025-12-12,https://res.cloudinary.com/dfqzmnlga/image/upload/v1764415669/2025-11-29/10808511.jpg
