data_id,price,brand,category,product_name,units,quantity,unit_type,store_name,image_url,start_date,end_date,public_urls
10863224,4.96,Skrald-let,Husholdningsartikler,Affaldsposer,1,15,pk.,Netto,https://static.tilbudsugen.dk/1st-retail/2025/50/64144/Netto502025-1_8_46x815_3076x3746_zoom.jpg,2025-12-06,2025-12-12,https://res.cloudinary.com/dfqzmnlga/image/upload/v1765020142/2025-12-06/10863224.jpg
10862792,9.00,DAVA Foods,Skalæg,Skrabeæg M/L,1,8,bk.,Netto,https://static.tilbudsugen.dk/1st-retail/2025/50/64144/Netto502025-1_1_30x4672_2434x6768_zoom.jpg,2025-12-06,2025-12-12,https://res.cloudinary.com/dfqzmnlga/image/upload/v1765020143/2025-12-06/10862792.jpg
10863336,49.00,Comfort,Bleer,Bleer str 5 9-14 kg,1,34,pk.,Netto,https://static.tilbudsugen.dk/1st-retail/2025/50/64144/Netto502025-1_24_8x4831_2534x6855_zoom.jpg,2025-12-06,2025-12-12,https://res.cloudinary.com/dfqzmnlga/image/upload/v1765020143/2025-12-06/10863336.jpg
10863335,49.00,Comfort,Bleer,Bleer str 6 13-20 kg,1,32,pk.,Netto,https://static.tilbudsugen.dk/1st-retail/2025/50/64144/Netto502025-1_24_8x4831_2534x6855_zoom.jpg,2025-12-06,2025-12-12,https://res.cloudinary.com/dfqzmnlga/image/upload/v1765020144/2025-12-06/10863335.jpg
10863273,35.00,Pukka,Te,Tebreve,1,20,pk.,Netto,https://static.tilbudsugen.dk/1st-retail/2025/50/64144/Netto502025-1_22_3251x2864_4919x4847_zoom.jpg,2025-12-06,2025-12-12,https://res.cloudinary.com/dfqzmnlga/image/upload/v1765020144/2025-12-06/10863273.jpg
10863337,49.00,Up&Go,Bleer,Bleer str 6 13-20 kg,1,27,pk.,Netto,https://static.tilbudsugen.dk/1st-retail/2025/50/64144/Netto502025-1_24_8x4831_2534x6855_zoom.jpg,2025-12-06,2025-12-12,https://res.cloudinary.com/dfqzmnlga/image/upload/v1765020145/2025-12-06/10863337.jpg
10863334,49.00,Comfort,Bleer,Bleer str 4 7-11 kg,1,26,pk.,Netto,https://static.tilbudsugen.dk/1st-retail/2025/50/64144/Netto502025-1_24_8x4831_2534x6855_zoom.jpg,2025-12-06,2025-12-12,https://res.cloudinary.com/dfqzmnlga/image/upload/v1765020146/2025-12-06/10863334.jpg
10863333,89.00,Neophos,Opvask,Maskinopvask-tabs,1,40,pk.,Netto,https://static.tilbudsugen.dk/1st-retail/2025/50/64144/Netto502025-1_24_2448x4698_4919x6878_zoom.jpg,2025-12-06,2025-12-12,https://res.cloudinary.com/dfqzmnlga/image/upload/v1765020146/2025-12-06/10863333.jpg
10863325,18.00,Classic,Husholdningspapir,Toiletpapir,1,8,pk.,Netto,https://static.tilbudsugen.dk/1st-retail/2025/50/64144/Netto502025-1_24_31x738_2527x2832_zoom.jpg,2025-12-06,2025-12-12,https://res.cloudinary.com/dfqzmnlga/image/upload/v1765020147/2025-12-06/10863325.jpg
10862990,69.00,Nord Home LIving,Stearinlys,Kronelys,1,30,pk.,Netto,https://static.tilbudsugen.dk/1st-retail/2025/50/64144/Netto502025-1_33_2526x3588_4809x6763_zoom.jpg,2025-12-06,2025-12-12,https://res.cloudinary.com/dfqzmnlga/image/upload/v1765020147/2025-12-06/10862990.jpg
10862930,18.00,Samsø,Frugt,Æbler,1,6,bk.,Netto,https://static.tilbudsugen.dk/1st-retail/2025/50/64144/Netto502025-1_13_94x3021_2464x4556_zoom.jpg,2025-12-06,2025-12-12,https://res.cloudinary.com/dfqzmnlga/image/upload/v1765020148/2025-12-06/10862930.jpg
10862988,30.00,Duracell,Ladere & batterier,Batterier,1,8,pk.,Netto,https://static.tilbudsugen.dk/1st-retail/2025/50/64144/Netto502025-1_33_248x3540_2504x5132_zoom.jpg,2025-12-06,2025-12-12,https://res.cloudinary.com/dfqzmnlga/image/upload/v1765020148/2025-12-06/10862988.jpg
10863324,18.00,Classic,Husholdningspapir,Køkkenrulle,1,4,pk.,Netto,https://static.tilbudsugen.dk/1st-retail/2025/50/64144/Netto502025-1_24_31x738_2527x2832_zoom.jpg,2025-12-06,2025-12-12,https://res.cloudinary.com/dfqzmnlga/image/upload/v1765020149/2025-12-06/10863324.jpg
10863009,10.00,Pink Lemonade 0 Kalorier,Sodavand,Sportssodavand,1,1,fl.,Netto,https://static.tilbudsugen.dk/1st-retail/2025/50/64144/Netto502025-1_5_13x27_2433x3620_zoom.jpg,2025-12-06,2025-12-12,https://res.cloudinary.com/dfqzmnlga/image/upload/v1765020149/2025-12-06/10863009.jpg
10863006,10.00,0 Kalorier,Sodavand,Sportssodavand,1,1,fl.,Netto,https://static.tilbudsugen.dk/1st-retail/2025/50/64144/Netto502025-1_5_13x27_2433x3620_zoom.jpg,2025-12-06,2025-12-12,https://res.cloudinary.com/dfqzmnlga/image/upload/v1765020150/2025-12-06/10863006.jpg
10863007,10.00,Faxe Kondi,Sodavand,Sportssodavand,1,1,fl.,Netto,https://static.tilbudsugen.dk/1st-retail/2025/50/64144/Netto502025-1_5_13x27_2433x3620_zoom.jpg,2025-12-06,2025-12-12,https://res.cloudinary.com/dfqzmnlga/image/upload/v1765020150/2025-12-06/10863007.jpg
10863008,10.00,Pepsi Max,Sodavand,Cola,1,1,fl.,Netto,https://static.tilbudsugen.dk/1st-retail/2025/50/64144/Netto502025-1_5_13x27_2433x3620_zoom.jpg,2025-12-06,2025-12-12,https://res.cloudinary.com/dfqzmnlga/image/upload/v1765020151/2025-12-06/10863008.jpg
10863243,7.00,Kingsway,Koncentreret Saft,Solbær Frugtdrik,1,1,fl.,Netto,https://static.tilbudsugen.dk/1st-retail/2025/50/64144/Netto502025-1_9_3745x5098_4899x6862_zoom.jpg,2025-12-06,2025-12-12,https://res.cloudinary.com/dfqzmnlga/image/upload/v1765020151/2025-12-06/10863243.jpg
10863257,8.00,,Frugt,Granatæbler,1,1,stk.,Netto,https://static.tilbudsugen.dk/1st-retail/2025/50/64144/Netto502025-1_10_27x2658_1651x4654_zoom.jpg,2025-12-06,2025-12-12,https://res.cloudinary.com/dfqzmnlga/image/upload/v1765020152/2025-12-06/10863257.jpg
10863340,25.00,,Boligtekstiler,Viskestykke,1,3,pk.,Netto,https://static.tilbudsugen.dk/1st-retail/2025/50/64144/Netto502025-1_25_3282x5272_4746x6815_zoom.jpg,2025-12-06,2025-12-12,https://res.cloudinary.com/dfqzmnlga/image/upload/v1765020152/2025-12-06/10863340.jpg
10862799,8.00,Det Gode,Rugbrød i Skiver,Solsikkerugbrød,1,0,pk.,Netto,https://static.tilbudsugen.dk/1st-retail/2025/50/64144/Netto502025-1_1_42x1704_2564x4714_zoom.jpg,2025-12-06,2025-12-12,https://res.cloudinary.com/dfqzmnlga/image/upload/v1765020153/2025-12-06/10862799.jpg
10863016,69.00,Exotic,Sodavand,Appelsinsodavand 24 pk.,24,0,ds.,Netto,https://static.tilbudsugen.dk/1st-retail/2025/50/64144/Netto502025-1_5_2320x73_4952x3573_zoom.jpg,2025-12-06,2025-12-12,https://res.cloudinary.com/dfqzmnlga/image/upload/v1765020153/2025-12-06/10863016.jpg
10863011,69.00,Exotic,Sodavand,Appelsinsodavand 24 pk.,24,0,ds.,Netto,https://static.tilbudsugen.dk/1st-retail/2025/50/64144/Netto502025-1_5_2320x73_4952x3573_zoom.jpg,2025-12-06,2025-12-12,https://res.cloudinary.com/dfqzmnlga/image/upload/v1765020154/2025-12-06/10863011.jpg
10863017,69.00,Zero,Sodavand,Sportssodavand 24 pk.,24,0,ds.,Netto,https://static.tilbudsugen.dk/1st-retail/2025/50/64144/Netto502025-1_5_2320x73_4952x3573_zoom.jpg,2025-12-06,2025-12-12,https://res.cloudinary.com/dfqzmnlga/image/upload/v1765020154/2025-12-06/10863017.jpg
10863018,69.00,Coca Cola,Sodavand,Cola 24 pk.,24,0,ds.,Netto,https://static.tilbudsugen.dk/1st-retail/2025/50/64144/Netto502025-1_5_2320x73_4952x3573_zoom.jpg,2025-12-06,2025-12-12,https://res.cloudinary.com/dfqzmnlga/image/upload/v1765020155/2025-12-06/10863018.jpg
10863020,69.00,Coca Cola Zero,Sodavand,Cola 24 pk.,24,0,ds.,Netto,https://static.tilbudsugen.dk/1st-retail/2025/50/64144/Netto502025-1_5_2320x73_4952x3573_zoom.jpg,2025-12-06,2025-12-12,https://res.cloudinary.com/dfqzmnlga/image/upload/v1765020155/2025-12-06/10863020.jpg
10863293,10.00,Rynkeby,Sodavand,Frugtbrus Pink Grape & Tranebær,1,1,fl.,Netto,https://static.tilbudsugen.dk/1st-retail/2025/50/64144/Netto502025-1_23_87x722_1582x2950_zoom.jpg,2025-12-06,2025-12-12,https://res.cloudinary.com/dfqzmnlga/image/upload/v1765020156/2025-12-06/10863293.jpg
10862947,20.00,,Outdoor,Handsker,1,2,par,Netto,https://static.tilbudsugen.dk/1st-retail/2025/50/64144/Netto502025-1_28_3260x220_4928x2514_zoom.jpg,2025-12-06,2025-12-12,https://res.cloudinary.com/dfqzmnlga/image/upload/v1765020156/2025-12-06/10862947.jpg
10863290,10.00,Rynkeby,Sodavand,Frugtbrus Appelsin & Mandarin,1,1,fl.,Netto,https://static.tilbudsugen.dk/1st-retail/2025/50/64144/Netto502025-1_23_87x722_1582x2950_zoom.jpg,2025-12-06,2025-12-12,https://res.cloudinary.com/dfqzmnlga/image/upload/v1765020157/2025-12-06/10863290.jpg
10863292,10.00,Rynkeby,Sodavand,Frugtbrus Lime & Citron,1,1,fl.,Netto,https://static.tilbudsugen.dk/1st-retail/2025/50/64144/Netto502025-1_23_87x722_1582x2950_zoom.jpg,2025-12-06,2025-12-12,https://res.cloudinary.com/dfqzmnlga/image/upload/v1765020157/2025-12-06/10863292.jpg
10863013,69.00,Export,Øl,Øl 18 pk.,18,0,ds.,Netto,https://static.tilbudsugen.dk/1st-retail/2025/50/64144/Netto502025-1_5_2439x3580_4932x6842_zoom.jpg,2025-12-06,2025-12-12,https://res.cloudinary.com/dfqzmnlga/image/upload/v1765020158/2025-12-06/10863013.jpg
10863024,69.00,Blanche,Øl,Øl 18 pk.,18,0,ds.,Netto,https://static.tilbudsugen.dk/1st-retail/2025/50/64144/Netto502025-1_5_2439x3580_4932x6842_zoom.jpg,2025-12-06,2025-12-12,https://res.cloudinary.com/dfqzmnlga/image/upload/v1765020158/2025-12-06/10863024.jpg
10863026,69.00,Heineken,Øl,Øl 18 pk.,18,0,ds.,Netto,https://static.tilbudsugen.dk/1st-retail/2025/50/64144/Netto502025-1_5_2439x3580_4932x6842_zoom.jpg,2025-12-06,2025-12-12,https://res.cloudinary.com/dfqzmnlga/image/upload/v1765020159/2025-12-06/10863026.jpg
10863025,69.00,IPA,Øl,Øl 18 pk.,18,0,ds.,Netto,https://static.tilbudsugen.dk/1st-retail/2025/50/64144/Netto502025-1_5_2439x3580_4932x6842_zoom.jpg,2025-12-06,2025-12-12,https://res.cloudinary.com/dfqzmnlga/image/upload/v1765020160/2025-12-06/10863025.jpg
10862968,35.00,,Børnetøj,Strømper,1,3,par,Netto,https://static.tilbudsugen.dk/1st-retail/2025/50/64144/Netto502025-1_30_1808x3788_3260x5192_zoom.jpg,2025-12-06,2025-12-12,https://res.cloudinary.com/dfqzmnlga/image/upload/v1765020160/2025-12-06/10862968.jpg
10863331,25.00,Zendium,Tandpleje,Tandbørste,1,2,pk.,Netto,https://static.tilbudsugen.dk/1st-retail/2025/50/64144/Netto502025-1_24_1606x2777_3329x4824_zoom.jpg,2025-12-06,2025-12-12,https://res.cloudinary.com/dfqzmnlga/image/upload/v1765020161/2025-12-06/10863331.jpg
10863221,14.00,Lacto FREE,Mælk,Minimælk,1,1,krt.,Netto,https://static.tilbudsugen.dk/1st-retail/2025/50/64144/Netto502025-1_7_20x3905_2625x6908_zoom.jpg,2025-12-06,2025-12-12,https://res.cloudinary.com/dfqzmnlga/image/upload/v1765020162/2025-12-06/10863221.jpg
10863223,14.00,Lacto FREE,Mælk,Sødmælk,1,1,krt.,Netto,https://static.tilbudsugen.dk/1st-retail/2025/50/64144/Netto502025-1_7_20x3905_2625x6908_zoom.jpg,2025-12-06,2025-12-12,https://res.cloudinary.com/dfqzmnlga/image/upload/v1765020163/2025-12-06/10863223.jpg
10862937,14.00,ØGO,Grønt,Kartofler,1,1,ps.,Netto,https://static.tilbudsugen.dk/1st-retail/2025/50/64144/Netto502025-1_14_3266x4713_4896x6855_zoom.jpg,2025-12-06,2025-12-12,https://res.cloudinary.com/dfqzmnlga/image/upload/v1765020164/2025-12-06/10862937.jpg
10863222,14.00,Lacto FREE,Mælk,Letmælk,1,1,krt.,Netto,https://static.tilbudsugen.dk/1st-retail/2025/50/64144/Netto502025-1_7_20x3905_2625x6908_zoom.jpg,2025-12-06,2025-12-12,https://res.cloudinary.com/dfqzmnlga/image/upload/v1765020165/2025-12-06/10863222.jpg
10863138,15.00,Chocomel,Mælk m/smag,Kakaomælk,1,1,krt.,Netto,https://static.tilbudsugen.dk/1st-retail/2025/50/64144/Netto502025-1_16_1653x4879_3282x6847_zoom.jpg,2025-12-06,2025-12-12,https://res.cloudinary.com/dfqzmnlga/image/upload/v1765020165/2025-12-06/10863138.jpg
10862796,8.00,Det Gode,Brød,Solsikkeboller,1,0,ps.,Netto,https://static.tilbudsugen.dk/1st-retail/2025/50/64144/Netto502025-1_1_42x1704_2564x4714_zoom.jpg,2025-12-06,2025-12-12,https://res.cloudinary.com/dfqzmnlga/image/upload/v1765020166/2025-12-06/10862796.jpg
10863247,12.00,,Grønt,Løg,1,0,ps.,Netto,https://static.tilbudsugen.dk/1st-retail/2025/50/64144/Netto502025-1_10_3268x2678_4971x4654_zoom.jpg,2025-12-06,2025-12-12,https://res.cloudinary.com/dfqzmnlga/image/upload/v1765020167/2025-12-06/10863247.jpg
10863245,13.00,ØGO,Grønt,Gulerødder,1,0,ps.,Netto,https://static.tilbudsugen.dk/1st-retail/2025/50/64144/Netto502025-1_10_0x829_2413x2632_zoom.jpg,2025-12-06,2025-12-12,https://res.cloudinary.com/dfqzmnlga/image/upload/v1765020167/2025-12-06/10863245.jpg
10863267,8.95,Velsmag,Grisekød,Flæskesteg,1,0,stk.,Netto,https://static.tilbudsugen.dk/1st-retail/2025/50/64144/Netto502025-1_11_0x0_4915x2280_zoom.jpg,2025-12-06,2025-12-12,https://res.cloudinary.com/dfqzmnlga/image/upload/v1765020168/2025-12-06/10863267.jpg
10863231,8.95,Velsmag,Grisekød,Flæskesteg,1,0,stk.,Netto,https://static.tilbudsugen.dk/1st-retail/2025/50/64144/Netto502025-1_9_1133x1359_2499x3069_zoom.jpg,2025-12-06,2025-12-12,https://res.cloudinary.com/dfqzmnlga/image/upload/v1765020168/2025-12-06/10863231.jpg
10862790,8.95,Velsmag,Grisekød,Flæskesteg,1,0,stk.,Netto,https://static.tilbudsugen.dk/1st-retail/2025/50/64144/Netto502025-1_1_2416x4446_4998x6780_zoom.jpg,2025-12-06,2025-12-12,https://res.cloudinary.com/dfqzmnlga/image/upload/v1765020169/2025-12-06/10862790.jpg
10862959,40.00,,Sokker/Strømper,Sokker,1,2,pk.,Netto,https://static.tilbudsugen.dk/1st-retail/2025/50/64144/Netto502025-1_29_54x69_1959x2655_zoom.jpg,2025-12-06,2025-12-12,https://res.cloudinary.com/dfqzmnlga/image/upload/v1765020169/2025-12-06/10862959.jpg
10863240,20.00,Næmt,Færdigretter Køl,Risengrød,1,1,pk.,Netto,https://static.tilbudsugen.dk/1st-retail/2025/50/64144/Netto502025-1_9_1193x5290_2433x6848_zoom.jpg,2025-12-06,2025-12-12,https://res.cloudinary.com/dfqzmnlga/image/upload/v1765020170/2025-12-06/10863240.jpg
10863246,20.00,Premieur,Frugt,Ananas,1,1,stk.,Netto,https://static.tilbudsugen.dk/1st-retail/2025/50/64144/Netto502025-1_10_2400x544_4952x2678_zoom.jpg,2025-12-06,2025-12-12,https://res.cloudinary.com/dfqzmnlga/image/upload/v1765020170/2025-12-06/10863246.jpg
10862956,40.00,,Sokker/Strømper,Sokker,1,2,pk.,Netto,https://static.tilbudsugen.dk/1st-retail/2025/50/64144/Netto502025-1_28_1868x4614_3217x6617_zoom.jpg,2025-12-06,2025-12-12,https://res.cloudinary.com/dfqzmnlga/image/upload/v1765020171/2025-12-06/10862956.jpg
10863168,16.00,Chef de Pomme,Kartofler,Pommes Frites Slim,1,0,ps.,Netto,https://static.tilbudsugen.dk/1st-retail/2025/50/64144/Netto502025-1_17_1739x2801_3259x4824_zoom.jpg,2025-12-06,2025-12-12,https://res.cloudinary.com/dfqzmnlga/image/upload/v1765020171/2025-12-06/10863168.jpg
10862810,10.00,Grovhakket,Postej og Paté,Leverpostej,1,0,pk.,Netto,https://static.tilbudsugen.dk/1st-retail/2025/50/64144/Netto502025-1_2_0x398_2345x3823_zoom.jpg,2025-12-06,2025-12-12,https://res.cloudinary.com/dfqzmnlga/image/upload/v1765020172/2025-12-06/10862810.jpg
10863225,5.99,Chestfords,Saucer,Saucejævner,1,0,pk.,Netto,https://static.tilbudsugen.dk/1st-retail/2025/50/64144/Netto502025-1_8_3182x835_4912x4574_zoom.jpg,2025-12-06,2025-12-12,https://res.cloudinary.com/dfqzmnlga/image/upload/v1765020173/2025-12-06/10863225.jpg
10863263,12.00,,Grønt,Rødløg,1,0,ps.,Netto,https://static.tilbudsugen.dk/1st-retail/2025/50/64144/Netto502025-1_10_3268x2678_4971x4654_zoom.jpg,2025-12-06,2025-12-12,https://res.cloudinary.com/dfqzmnlga/image/upload/v1765020174/2025-12-06/10863263.jpg
10863254,22.00,Premieur,Frugt,Clementiner,1,0,bk.,Netto,https://static.tilbudsugen.dk/1st-retail/2025/50/64144/Netto502025-1_10_2393x4707_4892x6855_zoom.jpg,2025-12-06,2025-12-12,https://res.cloudinary.com/dfqzmnlga/image/upload/v1765020174/2025-12-06/10863254.jpg
10862932,15.00,ØGO,Rugbrød i Skiver,Kernerugbrød,1,0,pk.,Netto,https://static.tilbudsugen.dk/1st-retail/2025/50/64144/Netto502025-1_14_1637x38_3314x2037_zoom.jpg,2025-12-06,2025-12-12,https://res.cloudinary.com/dfqzmnlga/image/upload/v1765020175/2025-12-06/10862932.jpg
10863233,15.00,Beauvais,Grønt-syltet,Rødkål-syltet,1,0,gl.,Netto,https://static.tilbudsugen.dk/1st-retail/2025/50/64144/Netto502025-1_9_3699x1644_4885x3089_zoom.jpg,2025-12-06,2025-12-12,https://res.cloudinary.com/dfqzmnlga/image/upload/v1765020175/2025-12-06/10863233.jpg
10863141,22.00,GodMorgen,Juice,Appelsinjuice,1,0,fl.,Netto,https://static.tilbudsugen.dk/1st-retail/2025/50/64144/Netto502025-1_16_55x4871_1826x6862_zoom.jpg,2025-12-06,2025-12-12,https://res.cloudinary.com/dfqzmnlga/image/upload/v1765020175/2025-12-06/10863141.jpg
10863146,22.00,GodMorgen,Juice,"Æblejuice, Rabarber & Jordbær",1,0,fl.,Netto,https://static.tilbudsugen.dk/1st-retail/2025/50/64144/Netto502025-1_16_55x4871_1826x6862_zoom.jpg,2025-12-06,2025-12-12,https://res.cloudinary.com/dfqzmnlga/image/upload/v1765020176/2025-12-06/10863146.jpg
10863140,22.00,GodMorgen,Juice,Æblejuice Hyldeblomst,1,0,fl.,Netto,https://static.tilbudsugen.dk/1st-retail/2025/50/64144/Netto502025-1_16_55x4871_1826x6862_zoom.jpg,2025-12-06,2025-12-12,https://res.cloudinary.com/dfqzmnlga/image/upload/v1765020177/2025-12-06/10863140.jpg
10863142,22.00,GodMorgen,Juice,Æblejuice Mandarin & Gulerod,1,0,fl.,Netto,https://static.tilbudsugen.dk/1st-retail/2025/50/64144/Netto502025-1_16_55x4871_1826x6862_zoom.jpg,2025-12-06,2025-12-12,https://res.cloudinary.com/dfqzmnlga/image/upload/v1765020178/2025-12-06/10863142.jpg
10863166,16.00,Chef de Pomme,Kartofler,Curly Fries,1,0,ps.,Netto,https://static.tilbudsugen.dk/1st-retail/2025/50/64144/Netto502025-1_17_1739x2801_3259x4824_zoom.jpg,2025-12-06,2025-12-12,https://res.cloudinary.com/dfqzmnlga/image/upload/v1765020179/2025-12-06/10863166.jpg
10863167,16.00,Chef de Pomme,Kartofler,Potato Grids,1,0,ps.,Netto,https://static.tilbudsugen.dk/1st-retail/2025/50/64144/Netto502025-1_17_1739x2801_3259x4824_zoom.jpg,2025-12-06,2025-12-12,https://res.cloudinary.com/dfqzmnlga/image/upload/v1765020179/2025-12-06/10863167.jpg
10863314,20.00,Christmas Ale,Specialøl,Specialøl,1,0,fl.,Netto,https://static.tilbudsugen.dk/1st-retail/2025/50/64144/Netto502025-1_23_24x2706_1700x4910_zoom.jpg,2025-12-06,2025-12-12,https://res.cloudinary.com/dfqzmnlga/image/upload/v1765020180/2025-12-06/10863314.jpg
10862943,15.00,Samsø Syltefabrik,Grønt-syltet,Rødkål-syltet,1,0,gl.,Netto,https://static.tilbudsugen.dk/1st-retail/2025/50/64144/Netto502025-1_14_94x5123_1779x6815_zoom.jpg,2025-12-06,2025-12-12,https://res.cloudinary.com/dfqzmnlga/image/upload/v1765020180/2025-12-06/10862943.jpg
10863326,25.00,Bamseline,Skyllemiddel,Skyllemiddel,1,0,stk.,Netto,https://static.tilbudsugen.dk/1st-retail/2025/50/64144/Netto502025-1_24_2464x628_4927x2832_zoom.jpg,2025-12-06,2025-12-12,https://res.cloudinary.com/dfqzmnlga/image/upload/v1765020181/2025-12-06/10863326.jpg
10862978,15.00,Beauvais,Grønt-syltet,Appetitagurker,1,0,gl.,Netto,https://static.tilbudsugen.dk/1st-retail/2025/50/64144/Netto502025-1_3_2469x867_4974x3942_zoom.jpg,2025-12-06,2025-12-12,https://res.cloudinary.com/dfqzmnlga/image/upload/v1765020181/2025-12-06/10862978.jpg
10863180,20.00,Peka,Færdigretter Køl,Flødekartofler,1,0,ps.,Netto,https://static.tilbudsugen.dk/1st-retail/2025/50/64144/Netto502025-1_17_102x4950_1653x6878_zoom.jpg,2025-12-06,2025-12-12,https://res.cloudinary.com/dfqzmnlga/image/upload/v1765020182/2025-12-06/10863180.jpg
10863311,20.00,Crisp Citrus,Vodka,Vodka,1,0,fl.,Netto,https://static.tilbudsugen.dk/1st-retail/2025/50/64144/Netto502025-1_23_24x2706_1700x4910_zoom.jpg,2025-12-06,2025-12-12,https://res.cloudinary.com/dfqzmnlga/image/upload/v1765020182/2025-12-06/10863311.jpg
10862931,69.00,Bistronne,Fjerkræ,And,1,2,stk.,Netto,https://static.tilbudsugen.dk/1st-retail/2025/50/64144/Netto502025-1_13_63x4099_2235x6878_zoom.jpg,2025-12-06,2025-12-12,https://res.cloudinary.com/dfqzmnlga/image/upload/v1765020183/2025-12-06/10862931.jpg
10863150,29.00,Mou,Special Suppe,Gullaschsuppe,1,1,pk.,Netto,https://static.tilbudsugen.dk/1st-retail/2025/50/64144/Netto502025-1_17_1708x667_3416x2887_zoom.jpg,2025-12-06,2025-12-12,https://res.cloudinary.com/dfqzmnlga/image/upload/v1765020184/2025-12-06/10863150.jpg
10863151,29.00,Mou,Special Suppe,Karrysuppe,1,1,pk.,Netto,https://static.tilbudsugen.dk/1st-retail/2025/50/64144/Netto502025-1_17_1708x667_3416x2887_zoom.jpg,2025-12-06,2025-12-12,https://res.cloudinary.com/dfqzmnlga/image/upload/v1765020184/2025-12-06/10863151.jpg
10863153,29.00,Mou,Special Suppe,Tomatsuppe,1,1,pk.,Netto,https://static.tilbudsugen.dk/1st-retail/2025/50/64144/Netto502025-1_17_1708x667_3416x2887_zoom.jpg,2025-12-06,2025-12-12,https://res.cloudinary.com/dfqzmnlga/image/upload/v1765020185/2025-12-06/10863153.jpg
10863152,29.00,Mou,Special Suppe,Aspargessuppe,1,1,pk.,Netto,https://static.tilbudsugen.dk/1st-retail/2025/50/64144/Netto502025-1_17_1708x667_3416x2887_zoom.jpg,2025-12-06,2025-12-12,https://res.cloudinary.com/dfqzmnlga/image/upload/v1765020185/2025-12-06/10863152.jpg
10863250,6.00,,Grønt,Gulerødder,1,0,ps.,Netto,https://static.tilbudsugen.dk/1st-retail/2025/50/64144/Netto502025-1_10_1611x3056_3235x4667_zoom.jpg,2025-12-06,2025-12-12,https://res.cloudinary.com/dfqzmnlga/image/upload/v1765020186/2025-12-06/10863250.jpg
10863306,49.00,Rose,Kylling,Kylling,1,1,stk.,Netto,https://static.tilbudsugen.dk/1st-retail/2025/50/64144/Netto502025-1_12_2804x5164_4998x6868_zoom.jpg,2025-12-06,2025-12-12,https://res.cloudinary.com/dfqzmnlga/image/upload/v1765020186/2025-12-06/10863306.jpg
10863136,25.00,Løgismose,Syrnet morgenmad,Vanilje Skyr ,1,0,bg.,Netto,https://static.tilbudsugen.dk/1st-retail/2025/50/64144/Netto502025-1_16_3251x4847_4864x6902_zoom.jpg,2025-12-06,2025-12-12,https://res.cloudinary.com/dfqzmnlga/image/upload/v1765020187/2025-12-06/10863136.jpg
10863137,25.00,Løgismose,Syrnet morgenmad,Rabeber & Æble Skyr ,1,0,bg.,Netto,https://static.tilbudsugen.dk/1st-retail/2025/50/64144/Netto502025-1_16_3251x4847_4864x6902_zoom.jpg,2025-12-06,2025-12-12,https://res.cloudinary.com/dfqzmnlga/image/upload/v1765020187/2025-12-06/10863137.jpg
10863135,25.00,Løgismose,Syrnet morgenmad,Naturel Skyr ,1,0,bg.,Netto,https://static.tilbudsugen.dk/1st-retail/2025/50/64144/Netto502025-1_16_3251x4847_4864x6902_zoom.jpg,2025-12-06,2025-12-12,https://res.cloudinary.com/dfqzmnlga/image/upload/v1765020188/2025-12-06/10863135.jpg
10863294,99.00,,Chilenske vine,Chilensk Hvidvin,1,3,krt.,Netto,https://static.tilbudsugen.dk/1st-retail/2025/50/64144/Netto502025-1_23_1669x833_4888x2879_zoom.jpg,2025-12-06,2025-12-12,https://res.cloudinary.com/dfqzmnlga/image/upload/v1765020188/2025-12-06/10863294.jpg
10863296,99.00,,Italienske vine,Italiensk Hvidvin,1,3,krt.,Netto,https://static.tilbudsugen.dk/1st-retail/2025/50/64144/Netto502025-1_23_1669x833_4888x2879_zoom.jpg,2025-12-06,2025-12-12,https://res.cloudinary.com/dfqzmnlga/image/upload/v1765020189/2025-12-06/10863296.jpg
10863297,99.00,,Chilenske vine,Chilensk Rødvin,1,3,krt.,Netto,https://static.tilbudsugen.dk/1st-retail/2025/50/64144/Netto502025-1_23_1669x833_4888x2879_zoom.jpg,2025-12-06,2025-12-12,https://res.cloudinary.com/dfqzmnlga/image/upload/v1765020189/2025-12-06/10863297.jpg
10863295,99.00,,Italienske vine,Italiensk Rødvin,1,3,krt.,Netto,https://static.tilbudsugen.dk/1st-retail/2025/50/64144/Netto502025-1_23_1669x833_4888x2879_zoom.jpg,2025-12-06,2025-12-12,https://res.cloudinary.com/dfqzmnlga/image/upload/v1765020189/2025-12-06/10863295.jpg
10863181,20.00,Peka,Færdigretter Køl,Flødekartofler med peberfrugt,1,0,ps.,Netto,https://static.tilbudsugen.dk/1st-retail/2025/50/64144/Netto502025-1_17_102x4950_1653x6878_zoom.jpg,2025-12-06,2025-12-12,https://res.cloudinary.com/dfqzmnlga/image/upload/v1765020190/2025-12-06/10863181.jpg
10862801,10.00,Bacon,Postej og Paté,Leverpostej,1,0,pk.,Netto,https://static.tilbudsugen.dk/1st-retail/2025/50/64144/Netto502025-1_2_0x398_2345x3823_zoom.jpg,2025-12-06,2025-12-12,https://res.cloudinary.com/dfqzmnlga/image/upload/v1765020191/2025-12-06/10862801.jpg
10862806,10.00,Fransk,Postej og Paté,Leverpostej,1,0,pk.,Netto,https://static.tilbudsugen.dk/1st-retail/2025/50/64144/Netto502025-1_2_0x398_2345x3823_zoom.jpg,2025-12-06,2025-12-12,https://res.cloudinary.com/dfqzmnlga/image/upload/v1765020191/2025-12-06/10862806.jpg
10862808,10.00,Juleleverpostej,Postej og Paté,Leverpostej,1,0,pk.,Netto,https://static.tilbudsugen.dk/1st-retail/2025/50/64144/Netto502025-1_2_0x398_2345x3823_zoom.jpg,2025-12-06,2025-12-12,https://res.cloudinary.com/dfqzmnlga/image/upload/v1765020192/2025-12-06/10862808.jpg
10863228,8.49,Salatmesteren,Mayonnaise,Mayonnaise,1,0,ps.,Netto,https://static.tilbudsugen.dk/1st-retail/2025/50/64144/Netto502025-1_8_73x3839_2373x6822_zoom.jpg,2025-12-06,2025-12-12,https://res.cloudinary.com/dfqzmnlga/image/upload/v1765020193/2025-12-06/10863228.jpg
10863229,8.49,Salatmesteren,Remoulade,Remoulade,1,0,ps.,Netto,https://static.tilbudsugen.dk/1st-retail/2025/50/64144/Netto502025-1_8_73x3839_2373x6822_zoom.jpg,2025-12-06,2025-12-12,https://res.cloudinary.com/dfqzmnlga/image/upload/v1765020194/2025-12-06/10863229.jpg
10863262,12.00,Dan Cake,Kager,Citronmåne,1,0,pk.,Netto,https://static.tilbudsugen.dk/1st-retail/2025/50/64144/Netto502025-1_22_63x1391_1676x2879_zoom.jpg,2025-12-06,2025-12-12,https://res.cloudinary.com/dfqzmnlga/image/upload/v1765020194/2025-12-06/10863262.jpg
10863149,20.00,Karen Volf,Dybfrost Kager & Tærter,Æbleskiver,1,0,ps.,Netto,https://static.tilbudsugen.dk/1st-retail/2025/50/64144/Netto502025-1_17_102x510_1763x2911_zoom.jpg,2025-12-06,2025-12-12,https://res.cloudinary.com/dfqzmnlga/image/upload/v1765020195/2025-12-06/10863149.jpg
10863237,25.00,Peka,Færdigretter Køl,Brunede Kartofler,1,0,ps.,Netto,https://static.tilbudsugen.dk/1st-retail/2025/50/64144/Netto502025-1_9_2526x3355_3692x5019_zoom.jpg,2025-12-06,2025-12-12,https://res.cloudinary.com/dfqzmnlga/image/upload/v1765020195/2025-12-06/10863237.jpg
10863327,25.00,Omo,Vaskemiddel,Vaskemiddel-flydende,1,0,fl.,Netto,https://static.tilbudsugen.dk/1st-retail/2025/50/64144/Netto502025-1_24_2464x628_4927x2832_zoom.jpg,2025-12-06,2025-12-12,https://res.cloudinary.com/dfqzmnlga/image/upload/v1765020196/2025-12-06/10863327.jpg
10862940,15.00,Samsø Syltefabrik,Grønt-syltet,Rødbeder-syltet,1,0,gl.,Netto,https://static.tilbudsugen.dk/1st-retail/2025/50/64144/Netto502025-1_14_94x5123_1779x6815_zoom.jpg,2025-12-06,2025-12-12,https://res.cloudinary.com/dfqzmnlga/image/upload/v1765020196/2025-12-06/10862940.jpg
10863001,15.00,Fiske Disken,Fisk,Panerede Fisk,1,0,ps.,Netto,https://static.tilbudsugen.dk/1st-retail/2025/50/64144/Netto502025-1_4_2466x4037_4925x6842_zoom.jpg,2025-12-06,2025-12-12,https://res.cloudinary.com/dfqzmnlga/image/upload/v1765020197/2025-12-06/10863001.jpg
10863332,35.00,Sanex,"Sæbe, bad, dusch",Bodyshampoo,1,0,stk.,Netto,https://static.tilbudsugen.dk/1st-retail/2025/50/64144/Netto502025-1_24_3259x2667_4888x4894_zoom.jpg,2025-12-06,2025-12-12,https://res.cloudinary.com/dfqzmnlga/image/upload/v1765020197/2025-12-06/10863332.jpg
10862861,10.00,Jensens Køkken,Saucer,Bearnaisesauce,1,0,fl.,Netto,https://static.tilbudsugen.dk/1st-retail/2025/50/64144/Netto502025-1_3_36x3972_2487x6904_zoom.jpg,2025-12-06,2025-12-12,https://res.cloudinary.com/dfqzmnlga/image/upload/v1765020198/2025-12-06/10862861.jpg
10862858,10.00,Jensens Køkken,Saucer,Andesauce,1,0,fl.,Netto,https://static.tilbudsugen.dk/1st-retail/2025/50/64144/Netto502025-1_3_36x3972_2487x6904_zoom.jpg,2025-12-06,2025-12-12,https://res.cloudinary.com/dfqzmnlga/image/upload/v1765020198/2025-12-06/10862858.jpg
10863277,20.00,Rose,Kylling,Kyllingeunderlår,1,0,bk.,Netto,https://static.tilbudsugen.dk/1st-retail/2025/50/64144/Netto502025-1_11_2475x2873_4927x4690_zoom.jpg,2025-12-06,2025-12-12,https://res.cloudinary.com/dfqzmnlga/image/upload/v1765020199/2025-12-06/10863277.jpg
10862857,10.00,Jensens Køkken,Saucer,Flæskestegssauce,1,0,fl.,Netto,https://static.tilbudsugen.dk/1st-retail/2025/50/64144/Netto502025-1_3_36x3972_2487x6904_zoom.jpg,2025-12-06,2025-12-12,https://res.cloudinary.com/dfqzmnlga/image/upload/v1765020200/2025-12-06/10862857.jpg
10862824,12.00,Bådsmand,Sild,Sild,1,0,gl.,Netto,https://static.tilbudsugen.dk/1st-retail/2025/50/64144/Netto502025-1_2_53x3764_2410x6886_zoom.jpg,2025-12-06,2025-12-12,https://res.cloudinary.com/dfqzmnlga/image/upload/v1765020200/2025-12-06/10862824.jpg
10862928,109.00,Premieur,Fjerkræ,And,1,2,pk.,Netto,https://static.tilbudsugen.dk/1st-retail/2025/50/64144/Netto502025-1_13_3038x132_4959x2887_zoom.jpg,2025-12-06,2025-12-12,https://res.cloudinary.com/dfqzmnlga/image/upload/v1765020201/2025-12-06/10862928.jpg
10863159,35.00,Les Desserts,Is,Jordbær og marengs is,1,0,bg.,Netto,https://static.tilbudsugen.dk/1st-retail/2025/50/64144/Netto502025-1_17_3274x69_4959x2808_zoom.jpg,2025-12-06,2025-12-12,https://res.cloudinary.com/dfqzmnlga/image/upload/v1765020201/2025-12-06/10863159.jpg
10863155,35.00,Frisko,Is,Daim is,1,0,bg.,Netto,https://static.tilbudsugen.dk/1st-retail/2025/50/64144/Netto502025-1_17_3274x69_4959x2808_zoom.jpg,2025-12-06,2025-12-12,https://res.cloudinary.com/dfqzmnlga/image/upload/v1765020202/2025-12-06/10863155.jpg
10863156,35.00,Frisko,Is,Oreo is,1,0,bg.,Netto,https://static.tilbudsugen.dk/1st-retail/2025/50/64144/Netto502025-1_17_3274x69_4959x2808_zoom.jpg,2025-12-06,2025-12-12,https://res.cloudinary.com/dfqzmnlga/image/upload/v1765020203/2025-12-06/10863156.jpg
10863158,35.00,Les Desserts,Is,Stracciatella is,1,0,bg.,Netto,https://static.tilbudsugen.dk/1st-retail/2025/50/64144/Netto502025-1_17_3274x69_4959x2808_zoom.jpg,2025-12-06,2025-12-12,https://res.cloudinary.com/dfqzmnlga/image/upload/v1765020203/2025-12-06/10863158.jpg
10863183,35.00,Frisko,Is,Daim Strawberry Is,1,0,bg.,Netto,https://static.tilbudsugen.dk/1st-retail/2025/50/64144/Netto502025-1_17_3274x69_4959x2808_zoom.jpg,2025-12-06,2025-12-12,https://res.cloudinary.com/dfqzmnlga/image/upload/v1765020203/2025-12-06/10863183.jpg
10863157,35.00,Les Desserts,Is,Baileys is,1,0,bg.,Netto,https://static.tilbudsugen.dk/1st-retail/2025/50/64144/Netto502025-1_17_3274x69_4959x2808_zoom.jpg,2025-12-06,2025-12-12,https://res.cloudinary.com/dfqzmnlga/image/upload/v1765020204/2025-12-06/10863157.jpg
10863184,35.00,Les Desserts,Is,Triple Chocolate is,1,0,bg.,Netto,https://static.tilbudsugen.dk/1st-retail/2025/50/64144/Netto502025-1_17_3274x69_4959x2808_zoom.jpg,2025-12-06,2025-12-12,https://res.cloudinary.com/dfqzmnlga/image/upload/v1765020205/2025-12-06/10863184.jpg
10862982,15.00,Beauvais,Grønt-syltet,Asier syltet,1,0,gl.,Netto,https://static.tilbudsugen.dk/1st-retail/2025/50/64144/Netto502025-1_3_2469x867_4974x3942_zoom.jpg,2025-12-06,2025-12-12,https://res.cloudinary.com/dfqzmnlga/image/upload/v1765020205/2025-12-06/10862982.jpg
10862785,8.95,Lurpak,Fedtstoffer,Smørbar,1,0,bg.,Netto,https://static.tilbudsugen.dk/1st-retail/2025/50/64144/Netto502025-1_1_2505x1894_4927x4446_zoom.jpg,2025-12-06,2025-12-12,https://res.cloudinary.com/dfqzmnlga/image/upload/v1765020206/2025-12-06/10862785.jpg
10862764,8.95,Lurpak,Fedtstoffer,Smør,1,0,pk.,Netto,https://static.tilbudsugen.dk/1st-retail/2025/50/64144/Netto502025-1_1_2505x1894_4927x4446_zoom.jpg,2025-12-06,2025-12-12,https://res.cloudinary.com/dfqzmnlga/image/upload/v1765020206/2025-12-06/10862764.jpg
10863161,20.00,Hellmanns,Mayonnaise,Real Mayonnaise,1,0,stk.,Netto,https://static.tilbudsugen.dk/1st-retail/2025/50/64144/Netto502025-1_17_55x2824_1692x4871_zoom.jpg,2025-12-06,2025-12-12,https://res.cloudinary.com/dfqzmnlga/image/upload/v1765020206/2025-12-06/10863161.jpg
10862819,12.00,Bådsmand,Sild,Sild,1,0,bg.,Netto,https://static.tilbudsugen.dk/1st-retail/2025/50/64144/Netto502025-1_2_53x3764_2410x6886_zoom.jpg,2025-12-06,2025-12-12,https://res.cloudinary.com/dfqzmnlga/image/upload/v1765020207/2025-12-06/10862819.jpg
10863281,29.00,Den Gamle Fabrik,Marmelade,Rababer/Jordbærmarmelade,1,0,gl.,Netto,https://static.tilbudsugen.dk/1st-retail/2025/50/64144/Netto502025-1_22_1621x2793_3337x4816_zoom.jpg,2025-12-06,2025-12-12,https://res.cloudinary.com/dfqzmnlga/image/upload/v1765020208/2025-12-06/10863281.jpg
10863276,29.00,Den Gamle Fabrik,Marmelade,Jordbærmarmelade,1,0,gl.,Netto,https://static.tilbudsugen.dk/1st-retail/2025/50/64144/Netto502025-1_22_1621x2793_3337x4816_zoom.jpg,2025-12-06,2025-12-12,https://res.cloudinary.com/dfqzmnlga/image/upload/v1765020209/2025-12-06/10863276.jpg
10863279,29.00,Den Gamle Fabrik,Marmelade,Solbærmarmelade,1,0,gl.,Netto,https://static.tilbudsugen.dk/1st-retail/2025/50/64144/Netto502025-1_22_1621x2793_3337x4816_zoom.jpg,2025-12-06,2025-12-12,https://res.cloudinary.com/dfqzmnlga/image/upload/v1765020209/2025-12-06/10863279.jpg
10863278,29.00,Den Gamle Fabrik,Marmelade,Hindbærmarmelade,1,0,gl.,Netto,https://static.tilbudsugen.dk/1st-retail/2025/50/64144/Netto502025-1_22_1621x2793_3337x4816_zoom.jpg,2025-12-06,2025-12-12,https://res.cloudinary.com/dfqzmnlga/image/upload/v1765020210/2025-12-06/10863278.jpg
10863280,29.00,Den Gamle Fabrik,Marmelade,Appelsinmarmelade,1,0,gl.,Netto,https://static.tilbudsugen.dk/1st-retail/2025/50/64144/Netto502025-1_22_1621x2793_3337x4816_zoom.jpg,2025-12-06,2025-12-12,https://res.cloudinary.com/dfqzmnlga/image/upload/v1765020210/2025-12-06/10863280.jpg
10862984,15.00,Beauvais,Grønt-syltet,Rødkål-syltet,1,0,gl.,Netto,https://static.tilbudsugen.dk/1st-retail/2025/50/64144/Netto502025-1_3_2469x867_4974x3942_zoom.jpg,2025-12-06,2025-12-12,https://res.cloudinary.com/dfqzmnlga/image/upload/v1765020211/2025-12-06/10862984.jpg
10863143,22.00,GodMorgen,Juice,Ingefærshot,1,0,fl.,Netto,https://static.tilbudsugen.dk/1st-retail/2025/50/64144/Netto502025-1_16_55x4871_1826x6862_zoom.jpg,2025-12-06,2025-12-12,https://res.cloudinary.com/dfqzmnlga/image/upload/v1765020211/2025-12-06/10863143.jpg
10863145,22.00,GodMorgen,Juice,Ingefær & Fibre Tropisk Shot,1,0,fl.,Netto,https://static.tilbudsugen.dk/1st-retail/2025/50/64144/Netto502025-1_16_55x4871_1826x6862_zoom.jpg,2025-12-06,2025-12-12,https://res.cloudinary.com/dfqzmnlga/image/upload/v1765020212/2025-12-06/10863145.jpg
10863144,22.00,GodMorgen,Juice,"Ingefærshot Æble, Ingefær & Citron",1,0,fl.,Netto,https://static.tilbudsugen.dk/1st-retail/2025/50/64144/Netto502025-1_16_55x4871_1826x6862_zoom.jpg,2025-12-06,2025-12-12,https://res.cloudinary.com/dfqzmnlga/image/upload/v1765020212/2025-12-06/10863144.jpg
10863304,24.95,Velsmag,Grisekød,Hamburgerryg,1,0,bk.,Netto,https://static.tilbudsugen.dk/1st-retail/2025/50/64144/Netto502025-1_12_2784x3613_4998x5171_zoom.jpg,2025-12-06,2025-12-12,https://res.cloudinary.com/dfqzmnlga/image/upload/v1765020213/2025-12-06/10863304.jpg
10863305,24.95,Velsmag,Grisekød,Bacon,1,0,pk.,Netto,https://static.tilbudsugen.dk/1st-retail/2025/50/64144/Netto502025-1_12_2784x3613_4998x5171_zoom.jpg,2025-12-06,2025-12-12,https://res.cloudinary.com/dfqzmnlga/image/upload/v1765020213/2025-12-06/10863305.jpg
10863272,15.00,Velsmag,Grisekød,Flæsk i skiver,1,0,bk.,Netto,https://static.tilbudsugen.dk/1st-retail/2025/50/64144/Netto502025-1_11_0x3022_2481x4720_zoom.jpg,2025-12-06,2025-12-12,https://res.cloudinary.com/dfqzmnlga/image/upload/v1765020214/2025-12-06/10863272.jpg
10863192,18.00,Hatting,Sandwich & Toastbrød,Klapper Havre Sandwich ,1,0,ps.,Netto,https://static.tilbudsugen.dk/1st-retail/2025/50/64144/Netto502025-1_18_3203x2856_4935x4847_zoom.jpg,2025-12-06,2025-12-12,https://res.cloudinary.com/dfqzmnlga/image/upload/v1765020215/2025-12-06/10863192.jpg
10863211,18.00,Hatting,Sandwich & Toastbrød,Klapper Solsikke Sandwich,1,0,ps.,Netto,https://static.tilbudsugen.dk/1st-retail/2025/50/64144/Netto502025-1_18_3203x2856_4935x4847_zoom.jpg,2025-12-06,2025-12-12,https://res.cloudinary.com/dfqzmnlga/image/upload/v1765020215/2025-12-06/10863211.jpg
10863274,15.00,Velsmag,Kalve- og grisekød,Hakket kalv og grisekød 14-18%,1,0,bk.,Netto,https://static.tilbudsugen.dk/1st-retail/2025/50/64144/Netto502025-1_11_0x3022_2481x4720_zoom.jpg,2025-12-06,2025-12-12,https://res.cloudinary.com/dfqzmnlga/image/upload/v1765020216/2025-12-06/10863274.jpg
10863282,20.00,Rose,Kylling,Hakket kylling 7-10%,1,0,bk.,Netto,https://static.tilbudsugen.dk/1st-retail/2025/50/64144/Netto502025-1_11_2475x2873_4927x4690_zoom.jpg,2025-12-06,2025-12-12,https://res.cloudinary.com/dfqzmnlga/image/upload/v1765020217/2025-12-06/10863282.jpg
10863160,20.00,Hellmanns,Mayonnaise,Real Mayonnaise,1,0,gl.,Netto,https://static.tilbudsugen.dk/1st-retail/2025/50/64144/Netto502025-1_17_55x2824_1692x4871_zoom.jpg,2025-12-06,2025-12-12,https://res.cloudinary.com/dfqzmnlga/image/upload/v1765020217/2025-12-06/10863160.jpg
10863179,25.00,Pølsemesteren,300 g - 599 g Normalpakke Pølser,Frankfurter,1,0,pk.,Netto,https://static.tilbudsugen.dk/1st-retail/2025/50/64144/Netto502025-1_17_1629x4894_3314x6862_zoom.jpg,2025-12-06,2025-12-12,https://res.cloudinary.com/dfqzmnlga/image/upload/v1765020218/2025-12-06/10863179.jpg
10863218,17.47,ØGO,Smørepålæg,Peanutbutter Crunchy,1,0,gl.,Netto,https://static.tilbudsugen.dk/1st-retail/2025/50/64144/Netto502025-1_7_99x789_2280x3785_zoom.jpg,2025-12-06,2025-12-12,https://res.cloudinary.com/dfqzmnlga/image/upload/v1765020218/2025-12-06/10863218.jpg
10863220,17.47,ØGO,Smørepålæg,Peanutbutter Smooth,1,0,gl.,Netto,https://static.tilbudsugen.dk/1st-retail/2025/50/64144/Netto502025-1_7_99x789_2280x3785_zoom.jpg,2025-12-06,2025-12-12,https://res.cloudinary.com/dfqzmnlga/image/upload/v1765020219/2025-12-06/10863220.jpg
10863177,25.00,Pølsemesteren,300 g - 599 g Normalpakke Pølser,Hotdogpølser,1,0,pk.,Netto,https://static.tilbudsugen.dk/1st-retail/2025/50/64144/Netto502025-1_17_1629x4894_3314x6862_zoom.jpg,2025-12-06,2025-12-12,https://res.cloudinary.com/dfqzmnlga/image/upload/v1765020219/2025-12-06/10863177.jpg
10863162,20.00,Maille,Sennep,Dijon Originale Sennep,1,0,gl.,Netto,https://static.tilbudsugen.dk/1st-retail/2025/50/64144/Netto502025-1_17_55x2824_1692x4871_zoom.jpg,2025-12-06,2025-12-12,https://res.cloudinary.com/dfqzmnlga/image/upload/v1765020220/2025-12-06/10863162.jpg
10863309,40.00,,Australske vine,Australsk Rosevin,1,0,fl.,Netto,https://static.tilbudsugen.dk/1st-retail/2025/50/64144/Netto502025-1_23_1653x2722_3337x4816_zoom.jpg,2025-12-06,2025-12-12,https://res.cloudinary.com/dfqzmnlga/image/upload/v1765020220/2025-12-06/10863309.jpg
10863308,40.00,,Australske vine,Australsk Rødvin,1,0,fl.,Netto,https://static.tilbudsugen.dk/1st-retail/2025/50/64144/Netto502025-1_23_1653x2722_3337x4816_zoom.jpg,2025-12-06,2025-12-12,https://res.cloudinary.com/dfqzmnlga/image/upload/v1765020221/2025-12-06/10863308.jpg
10863302,40.00,,Australske vine,Australsk Hvidvin,1,0,fl.,Netto,https://static.tilbudsugen.dk/1st-retail/2025/50/64144/Netto502025-1_23_1653x2722_3337x4816_zoom.jpg,2025-12-06,2025-12-12,https://res.cloudinary.com/dfqzmnlga/image/upload/v1765020221/2025-12-06/10863302.jpg
10863310,40.00,,Mousserende,Spansk Mousserende Vin,1,0,fl.,Netto,https://static.tilbudsugen.dk/1st-retail/2025/50/64144/Netto502025-1_23_1653x2722_3337x4816_zoom.jpg,2025-12-06,2025-12-12,https://res.cloudinary.com/dfqzmnlga/image/upload/v1765020222/2025-12-06/10863310.jpg
10863215,7.20,ØGO,Riskiks,Majskiks med Havsalt,1,0,pk.,Netto,https://static.tilbudsugen.dk/1st-retail/2025/50/64144/Netto502025-1_7_2638x835_4991x4064_zoom.jpg,2025-12-06,2025-12-12,https://res.cloudinary.com/dfqzmnlga/image/upload/v1765020222/2025-12-06/10863215.jpg
10863178,25.00,Pølsemesteren,300 g - 599 g Normalpakke Pølser,Grillpølser,1,0,pk.,Netto,https://static.tilbudsugen.dk/1st-retail/2025/50/64144/Netto502025-1_17_1629x4894_3314x6862_zoom.jpg,2025-12-06,2025-12-12,https://res.cloudinary.com/dfqzmnlga/image/upload/v1765020223/2025-12-06/10863178.jpg
10862953,16.00,Bakersfield,Dybfrost Brød,Focaccia,1,0,pk.,Netto,https://static.tilbudsugen.dk/1st-retail/2025/50/64144/Netto502025-1_15_3290x4572_4825x6886_zoom.jpg,2025-12-06,2025-12-12,https://res.cloudinary.com/dfqzmnlga/image/upload/v1765020224/2025-12-06/10862953.jpg
10863265,25.00,Jakobsens,Sødemiddel,Honning,1,0,bg.,Netto,https://static.tilbudsugen.dk/1st-retail/2025/50/64144/Netto502025-1_22_1621x990_3345x2864_zoom.jpg,2025-12-06,2025-12-12,https://res.cloudinary.com/dfqzmnlga/image/upload/v1765020224/2025-12-06/10863265.jpg
10863036,10.00,Kims,Chips,Franske Kartofler,1,0,ps.,Netto,https://static.tilbudsugen.dk/1st-retail/2025/50/64144/Netto502025-1_6_46x2446_2486x4667_zoom.jpg,2025-12-06,2025-12-12,https://res.cloudinary.com/dfqzmnlga/image/upload/v1765020225/2025-12-06/10863036.jpg
10863148,20.00,Karen Volf,Dybfrost Kager & Tærter,Æbleskiver,1,0,ps.,Netto,https://static.tilbudsugen.dk/1st-retail/2025/50/64144/Netto502025-1_17_102x510_1763x2911_zoom.jpg,2025-12-06,2025-12-12,https://res.cloudinary.com/dfqzmnlga/image/upload/v1765020225/2025-12-06/10863148.jpg
10863182,20.00,Karen Volf,Dybfrost Kager & Tærter,Æbleskiver,1,0,ps.,Netto,https://static.tilbudsugen.dk/1st-retail/2025/50/64144/Netto502025-1_17_102x510_1763x2911_zoom.jpg,2025-12-06,2025-12-12,https://res.cloudinary.com/dfqzmnlga/image/upload/v1765020226/2025-12-06/10863182.jpg
10862935,12.00,ØGO,Postej og Paté,Leverpostej,1,0,pk.,Netto,https://static.tilbudsugen.dk/1st-retail/2025/50/64144/Netto502025-1_14_3282x85_4927x2068_zoom.jpg,2025-12-06,2025-12-12,https://res.cloudinary.com/dfqzmnlga/image/upload/v1765020226/2025-12-06/10862935.jpg
10862934,12.00,ØGO,Postej og Paté,Kyllingeleverpostej,1,0,pk.,Netto,https://static.tilbudsugen.dk/1st-retail/2025/50/64144/Netto502025-1_14_3282x85_4927x2068_zoom.jpg,2025-12-06,2025-12-12,https://res.cloudinary.com/dfqzmnlga/image/upload/v1765020227/2025-12-06/10862934.jpg
10862964,12.00,La Campagna,Pålægssalat,Hummus,1,0,bg.,Netto,https://static.tilbudsugen.dk/1st-retail/2025/50/64144/Netto502025-1_15_47x5524_1850x6886_zoom.jpg,2025-12-06,2025-12-12,https://res.cloudinary.com/dfqzmnlga/image/upload/v1765020227/2025-12-06/10862964.jpg
10863005,45.00,,Californiske vine,Californisk Rødvin,1,0,fl.,Netto,https://static.tilbudsugen.dk/1st-retail/2025/50/64144/Netto502025-1_5_0x3574_2469x6934_zoom.jpg,2025-12-06,2025-12-12,https://res.cloudinary.com/dfqzmnlga/image/upload/v1765020228/2025-12-06/10863005.jpg
10862980,15.00,Beauvais,Grønt-syltet,Rødbeder-syltet,1,0,gl.,Netto,https://static.tilbudsugen.dk/1st-retail/2025/50/64144/Netto502025-1_3_2469x867_4974x3942_zoom.jpg,2025-12-06,2025-12-12,https://res.cloudinary.com/dfqzmnlga/image/upload/v1765020228/2025-12-06/10862980.jpg
10863176,25.00,Pølsemesteren,300 g - 599 g Normalpakke Pølser,Kyllingepølser,1,0,pk.,Netto,https://static.tilbudsugen.dk/1st-retail/2025/50/64144/Netto502025-1_17_1629x4894_3314x6862_zoom.jpg,2025-12-06,2025-12-12,https://res.cloudinary.com/dfqzmnlga/image/upload/v1765020229/2025-12-06/10863176.jpg
10862985,15.00,Paradiso,Grønt,Asparges,1,0,ds.,Netto,https://static.tilbudsugen.dk/1st-retail/2025/50/64144/Netto502025-1_3_2469x867_4974x3942_zoom.jpg,2025-12-06,2025-12-12,https://res.cloudinary.com/dfqzmnlga/image/upload/v1765020229/2025-12-06/10862985.jpg
10863125,13.00,Buko Smelte,Specialost,Smøreost Baconost,1,0,bg.,Netto,https://static.tilbudsugen.dk/1st-retail/2025/50/64144/Netto502025-1_16_1684x620_3353x2864_zoom.jpg,2025-12-06,2025-12-12,https://res.cloudinary.com/dfqzmnlga/image/upload/v1765020230/2025-12-06/10863125.jpg
10863126,13.00,Buko Smelte,Specialost,Smøreost Krydderost,1,0,bg.,Netto,https://static.tilbudsugen.dk/1st-retail/2025/50/64144/Netto502025-1_16_1684x620_3353x2864_zoom.jpg,2025-12-06,2025-12-12,https://res.cloudinary.com/dfqzmnlga/image/upload/v1765020230/2025-12-06/10863126.jpg
10863121,13.00,Buko Smelte,Specialost,Smøreost Rejeost,1,0,bg.,Netto,https://static.tilbudsugen.dk/1st-retail/2025/50/64144/Netto502025-1_16_1684x620_3353x2864_zoom.jpg,2025-12-06,2025-12-12,https://res.cloudinary.com/dfqzmnlga/image/upload/v1765020231/2025-12-06/10863121.jpg
10863122,13.00,Buko Smelte,Specialost,Smøreost Rejeost 8%,1,0,bg.,Netto,https://static.tilbudsugen.dk/1st-retail/2025/50/64144/Netto502025-1_16_1684x620_3353x2864_zoom.jpg,2025-12-06,2025-12-12,https://res.cloudinary.com/dfqzmnlga/image/upload/v1765020231/2025-12-06/10863122.jpg
10863123,13.00,Buko Smelte,Specialost,Smøreost Skinkeost,1,0,bg.,Netto,https://static.tilbudsugen.dk/1st-retail/2025/50/64144/Netto502025-1_16_1684x620_3353x2864_zoom.jpg,2025-12-06,2025-12-12,https://res.cloudinary.com/dfqzmnlga/image/upload/v1765020232/2025-12-06/10863123.jpg
10863124,13.00,Buko Smelte,Specialost,Smøreost Champignonost,1,0,bg.,Netto,https://static.tilbudsugen.dk/1st-retail/2025/50/64144/Netto502025-1_16_1684x620_3353x2864_zoom.jpg,2025-12-06,2025-12-12,https://res.cloudinary.com/dfqzmnlga/image/upload/v1765020232/2025-12-06/10863124.jpg
10863301,49.00,,Tyske vine,Tysk Mousserende Vin,1,0,fl.,Netto,https://static.tilbudsugen.dk/1st-retail/2025/50/64144/Netto502025-1_23_3306x2643_4888x4902_zoom.jpg,2025-12-06,2025-12-12,https://res.cloudinary.com/dfqzmnlga/image/upload/v1765020233/2025-12-06/10863301.jpg
10863300,49.00,,Tyske vine,Tysk Hvidvin,1,0,fl.,Netto,https://static.tilbudsugen.dk/1st-retail/2025/50/64144/Netto502025-1_23_3306x2643_4888x4902_zoom.jpg,2025-12-06,2025-12-12,https://res.cloudinary.com/dfqzmnlga/image/upload/v1765020233/2025-12-06/10863300.jpg
10863298,49.00,,Tyske vine,Tysk Rødvin,1,0,fl.,Netto,https://static.tilbudsugen.dk/1st-retail/2025/50/64144/Netto502025-1_23_3306x2643_4888x4902_zoom.jpg,2025-12-06,2025-12-12,https://res.cloudinary.com/dfqzmnlga/image/upload/v1765020234/2025-12-06/10863298.jpg
10862991,10.00,Salatmesteren,Pålægssalat,Makrelsalat,1,0,bg.,Netto,https://static.tilbudsugen.dk/1st-retail/2025/50/64144/Netto502025-1_3_27x776_2466x4011_zoom.jpg,2025-12-06,2025-12-12,https://res.cloudinary.com/dfqzmnlga/image/upload/v1765020235/2025-12-06/10862991.jpg
10862993,10.00,Salatmesteren,Pålægssalat,Hønsesalat,1,0,bg.,Netto,https://static.tilbudsugen.dk/1st-retail/2025/50/64144/Netto502025-1_3_27x776_2466x4011_zoom.jpg,2025-12-06,2025-12-12,https://res.cloudinary.com/dfqzmnlga/image/upload/v1765020235/2025-12-06/10862993.jpg
10862996,10.00,Salatmesteren,Pålægssalat,Kylling & Baconsalat,1,0,bg.,Netto,https://static.tilbudsugen.dk/1st-retail/2025/50/64144/Netto502025-1_3_27x776_2466x4011_zoom.jpg,2025-12-06,2025-12-12,https://res.cloudinary.com/dfqzmnlga/image/upload/v1765020236/2025-12-06/10862996.jpg
10862843,20.00,Tulip,Bacon,Baconskiver,1,0,pk.,Netto,https://static.tilbudsugen.dk/1st-retail/2025/50/64144/Netto502025-1_3_2404x3918_4909x6857_zoom.jpg,2025-12-06,2025-12-12,https://res.cloudinary.com/dfqzmnlga/image/upload/v1765020236/2025-12-06/10862843.jpg
10862992,10.00,Salatmesteren,Pålægssalat,Skinkesalat,1,0,bg.,Netto,https://static.tilbudsugen.dk/1st-retail/2025/50/64144/Netto502025-1_3_27x776_2466x4011_zoom.jpg,2025-12-06,2025-12-12,https://res.cloudinary.com/dfqzmnlga/image/upload/v1765020237/2025-12-06/10862992.jpg
10862999,10.00,Graasten,Remoulade,Original Remoulade,1,0,tube,Netto,https://static.tilbudsugen.dk/1st-retail/2025/50/64144/Netto502025-1_4_20x471_2539x3938_zoom.jpg,2025-12-06,2025-12-12,https://res.cloudinary.com/dfqzmnlga/image/upload/v1765020237/2025-12-06/10862999.jpg
10862995,10.00,Salatmesteren,Pålægssalat,Rejesalat,1,0,bg.,Netto,https://static.tilbudsugen.dk/1st-retail/2025/50/64144/Netto502025-1_3_27x776_2466x4011_zoom.jpg,2025-12-06,2025-12-12,https://res.cloudinary.com/dfqzmnlga/image/upload/v1765020237/2025-12-06/10862995.jpg
10862997,10.00,Salatmesteren,Pålægssalat,Æggesalat,1,0,bg.,Netto,https://static.tilbudsugen.dk/1st-retail/2025/50/64144/Netto502025-1_3_27x776_2466x4011_zoom.jpg,2025-12-06,2025-12-12,https://res.cloudinary.com/dfqzmnlga/image/upload/v1765020238/2025-12-06/10862997.jpg
10863004,10.00,Glyngøre,Konserves,Tun i tomat,1,0,ds.,Netto,https://static.tilbudsugen.dk/1st-retail/2025/50/64144/Netto502025-1_4_53x3971_2506x6855_zoom.jpg,2025-12-06,2025-12-12,https://res.cloudinary.com/dfqzmnlga/image/upload/v1765020238/2025-12-06/10863004.jpg
10862994,10.00,Salatmesteren,Pålægssalat,Tunsalat,1,0,bg.,Netto,https://static.tilbudsugen.dk/1st-retail/2025/50/64144/Netto502025-1_3_27x776_2466x4011_zoom.jpg,2025-12-06,2025-12-12,https://res.cloudinary.com/dfqzmnlga/image/upload/v1765020239/2025-12-06/10862994.jpg
10862998,10.00,Graasten,Mayonnaise,Ægte Mayonnaise,1,0,tube,Netto,https://static.tilbudsugen.dk/1st-retail/2025/50/64144/Netto502025-1_4_20x471_2539x3938_zoom.jpg,2025-12-06,2025-12-12,https://res.cloudinary.com/dfqzmnlga/image/upload/v1765020239/2025-12-06/10862998.jpg
10862844,20.00,Tulip,Bacon,Bacontern,1,0,pk.,Netto,https://static.tilbudsugen.dk/1st-retail/2025/50/64144/Netto502025-1_3_2404x3918_4909x6857_zoom.jpg,2025-12-06,2025-12-12,https://res.cloudinary.com/dfqzmnlga/image/upload/v1765020240/2025-12-06/10862844.jpg
10863286,22.00,Wasa,Knækbrød,Kanel knækbrød,1,0,pk.,Netto,https://static.tilbudsugen.dk/1st-retail/2025/50/64144/Netto502025-1_22_24x2785_1763x4855_zoom.jpg,2025-12-06,2025-12-12,https://res.cloudinary.com/dfqzmnlga/image/upload/v1765020240/2025-12-06/10863286.jpg
10863269,25.00,Cini Mini,Morgenmadsprodukter,Morgenmadsprodukt Cini Minis Crazily Cinnamon,1,0,pk.,Netto,https://static.tilbudsugen.dk/1st-retail/2025/50/64144/Netto502025-1_22_3306x785_4880x2903_zoom.jpg,2025-12-06,2025-12-12,https://res.cloudinary.com/dfqzmnlga/image/upload/v1765020241/2025-12-06/10863269.jpg
10863270,25.00,Cheerios,Morgenmadsprodukter,Morgenmadsprodukt Cheerios Multigrain,1,0,pk.,Netto,https://static.tilbudsugen.dk/1st-retail/2025/50/64144/Netto502025-1_22_3306x785_4880x2903_zoom.jpg,2025-12-06,2025-12-12,https://res.cloudinary.com/dfqzmnlga/image/upload/v1765020241/2025-12-06/10863270.jpg
10863268,25.00,Nesquik,Morgenmadsprodukter,Morgenmadsprodukt,1,0,pk.,Netto,https://static.tilbudsugen.dk/1st-retail/2025/50/64144/Netto502025-1_22_3306x785_4880x2903_zoom.jpg,2025-12-06,2025-12-12,https://res.cloudinary.com/dfqzmnlga/image/upload/v1765020242/2025-12-06/10863268.jpg
10863285,75.00,Velsmag,Grisekød,Hakket grisekød 4-7%,1,1,bk.,Netto,https://static.tilbudsugen.dk/1st-retail/2025/50/64144/Netto502025-1_11_2428x4660_4998x6869_zoom.jpg,2025-12-06,2025-12-12,https://res.cloudinary.com/dfqzmnlga/image/upload/v1765020243/2025-12-06/10863285.jpg
10863216,13.96,Løgismose,Saucer,Mornaysauce,1,0,bg.,Netto,https://static.tilbudsugen.dk/1st-retail/2025/50/64144/Netto502025-1_7_2771x4468_4998x6888_zoom.jpg,2025-12-06,2025-12-12,https://res.cloudinary.com/dfqzmnlga/image/upload/v1765020243/2025-12-06/10863216.jpg
10863173,25.00,Indian Cube,Færdigretter Frost,Chicken Tikka Masala,1,0,pk.,Netto,https://static.tilbudsugen.dk/1st-retail/2025/50/64144/Netto502025-1_17_3306x2761_4935x4871_zoom.jpg,2025-12-06,2025-12-12,https://res.cloudinary.com/dfqzmnlga/image/upload/v1765020243/2025-12-06/10863173.jpg
10863271,25.00,Lion,Morgenmadsprodukter,Morgenmadsprodukt,1,0,pk.,Netto,https://static.tilbudsugen.dk/1st-retail/2025/50/64144/Netto502025-1_22_3306x785_4880x2903_zoom.jpg,2025-12-06,2025-12-12,https://res.cloudinary.com/dfqzmnlga/image/upload/v1765020244/2025-12-06/10863271.jpg
10863169,25.00,Thai Cube,Færdigretter Frost,Sweet Chili Chicken Teriyaki,1,0,pk.,Netto,https://static.tilbudsugen.dk/1st-retail/2025/50/64144/Netto502025-1_17_3306x2761_4935x4871_zoom.jpg,2025-12-06,2025-12-12,https://res.cloudinary.com/dfqzmnlga/image/upload/v1765020244/2025-12-06/10863169.jpg
10863171,25.00,Thai Cube,Færdigretter Frost,Panang Curry Chicken,1,0,pk.,Netto,https://static.tilbudsugen.dk/1st-retail/2025/50/64144/Netto502025-1_17_3306x2761_4935x4871_zoom.jpg,2025-12-06,2025-12-12,https://res.cloudinary.com/dfqzmnlga/image/upload/v1765020245/2025-12-06/10863171.jpg
10863172,25.00,Thai Cube,Færdigretter Frost,Red Curry Chicken,1,0,pk.,Netto,https://static.tilbudsugen.dk/1st-retail/2025/50/64144/Netto502025-1_17_3306x2761_4935x4871_zoom.jpg,2025-12-06,2025-12-12,https://res.cloudinary.com/dfqzmnlga/image/upload/v1765020245/2025-12-06/10863172.jpg
10863174,25.00,Indian Cube,Færdigretter Frost,Butter Chicken,1,0,pk.,Netto,https://static.tilbudsugen.dk/1st-retail/2025/50/64144/Netto502025-1_17_3306x2761_4935x4871_zoom.jpg,2025-12-06,2025-12-12,https://res.cloudinary.com/dfqzmnlga/image/upload/v1765020246/2025-12-06/10863174.jpg
10863132,22.00,Philadelphia,Specialost,Flødeost Hvidløg & Urter,1,0,bg.,Netto,https://static.tilbudsugen.dk/1st-retail/2025/50/64144/Netto502025-1_16_3290x2982_4817x4902_zoom.jpg,2025-12-06,2025-12-12,https://res.cloudinary.com/dfqzmnlga/image/upload/v1765020247/2025-12-06/10863132.jpg
10863133,22.00,Philadelphia,Specialost,Flødeost Original,1,0,bg.,Netto,https://static.tilbudsugen.dk/1st-retail/2025/50/64144/Netto502025-1_16_3290x2982_4817x4902_zoom.jpg,2025-12-06,2025-12-12,https://res.cloudinary.com/dfqzmnlga/image/upload/v1765020247/2025-12-06/10863133.jpg
10863131,22.00,Philadelphia,Specialost,Flødeost Light,1,0,bg.,Netto,https://static.tilbudsugen.dk/1st-retail/2025/50/64144/Netto502025-1_16_3290x2982_4817x4902_zoom.jpg,2025-12-06,2025-12-12,https://res.cloudinary.com/dfqzmnlga/image/upload/v1765020248/2025-12-06/10863131.jpg
10863289,45.00,,Kylling,Kyllingebrystfilet,1,0,pk.,Netto,https://static.tilbudsugen.dk/1st-retail/2025/50/64144/Netto502025-1_11_42x4660_2481x6857_zoom.jpg,2025-12-06,2025-12-12,https://res.cloudinary.com/dfqzmnlga/image/upload/v1765020249/2025-12-06/10863289.jpg
10863238,28.00,,Salater,Måltidssalat,1,0,bk.,Netto,https://static.tilbudsugen.dk/1st-retail/2025/50/64144/Netto502025-1_9_3699x3381_4918x5098_zoom.jpg,2025-12-06,2025-12-12,https://res.cloudinary.com/dfqzmnlga/image/upload/v1765020249/2025-12-06/10863238.jpg
10863283,22.00,Wasa,Knækbrød,Sesam & Havsalt knækbrød,1,0,pk.,Netto,https://static.tilbudsugen.dk/1st-retail/2025/50/64144/Netto502025-1_22_24x2785_1763x4855_zoom.jpg,2025-12-06,2025-12-12,https://res.cloudinary.com/dfqzmnlga/image/upload/v1765020250/2025-12-06/10863283.jpg
10863307,139.00,Premieur,Grisekød,Flæskesteg,1,1,stk.,Netto,https://static.tilbudsugen.dk/1st-retail/2025/50/64144/Netto502025-1_12_66x895_2830x4793_zoom.jpg,2025-12-06,2025-12-12,https://res.cloudinary.com/dfqzmnlga/image/upload/v1765020250/2025-12-06/10863307.jpg
10863266,25.00,Cheerios,Morgenmadsprodukter,Morgenmadsprodukt Cheerios Oat,1,0,pk.,Netto,https://static.tilbudsugen.dk/1st-retail/2025/50/64144/Netto502025-1_22_3306x785_4880x2903_zoom.jpg,2025-12-06,2025-12-12,https://res.cloudinary.com/dfqzmnlga/image/upload/v1765020251/2025-12-06/10863266.jpg
10863170,25.00,Thai Cube,Færdigretter Frost,Creamy Tom Yom Chicken & Noodles ,1,0,pk.,Netto,https://static.tilbudsugen.dk/1st-retail/2025/50/64144/Netto502025-1_17_3306x2761_4935x4871_zoom.jpg,2025-12-06,2025-12-12,https://res.cloudinary.com/dfqzmnlga/image/upload/v1765020251/2025-12-06/10863170.jpg
10863291,45.00,,Kylling,Kyllingeinderfileter,1,0,bk.,Netto,https://static.tilbudsugen.dk/1st-retail/2025/50/64144/Netto502025-1_11_42x4660_2481x6857_zoom.jpg,2025-12-06,2025-12-12,https://res.cloudinary.com/dfqzmnlga/image/upload/v1765020252/2025-12-06/10863291.jpg
10863190,59.00,Sæby,Konserves,Makrel Små Stykker,1,0,pk.,Netto,https://static.tilbudsugen.dk/1st-retail/2025/50/64144/Netto502025-1_18_2841x1147_4896x2832_zoom.jpg,2025-12-06,2025-12-12,https://res.cloudinary.com/dfqzmnlga/image/upload/v1765020252/2025-12-06/10863190.jpg
10863191,59.00,Sæby,Konserves,Makrelfilet i Tomat,1,0,pk.,Netto,https://static.tilbudsugen.dk/1st-retail/2025/50/64144/Netto502025-1_18_2841x1147_4896x2832_zoom.jpg,2025-12-06,2025-12-12,https://res.cloudinary.com/dfqzmnlga/image/upload/v1765020253/2025-12-06/10863191.jpg
10863186,20.00,Hellmanns,Mayonnaise,Truffle Mayonnaise,1,0,stk.,Netto,https://static.tilbudsugen.dk/1st-retail/2025/50/64144/Netto502025-1_17_55x2824_1692x4871_zoom.jpg,2025-12-06,2025-12-12,https://res.cloudinary.com/dfqzmnlga/image/upload/v1765020254/2025-12-06/10863186.jpg
10863188,20.00,Hellmanns,Mayonnaise,Hvidløgsmayonnaise,1,0,stk.,Netto,https://static.tilbudsugen.dk/1st-retail/2025/50/64144/Netto502025-1_17_55x2824_1692x4871_zoom.jpg,2025-12-06,2025-12-12,https://res.cloudinary.com/dfqzmnlga/image/upload/v1765020254/2025-12-06/10863188.jpg
10862939,20.00,ØGO,Grønt,Grønkål,1,0,ps.,Netto,https://static.tilbudsugen.dk/1st-retail/2025/50/64144/Netto502025-1_14_1700x5044_3479x6815_zoom.jpg,2025-12-06,2025-12-12,https://res.cloudinary.com/dfqzmnlga/image/upload/v1765020255/2025-12-06/10862939.jpg
10862830,10.00,Gul bordpak,"Pålæg, skiveskåret",Kartoffelspegepølse,1,0,pk.,Netto,https://static.tilbudsugen.dk/1st-retail/2025/50/64144/Netto502025-1_2_2333x107_4915x3698_zoom.jpg,2025-12-06,2025-12-12,https://res.cloudinary.com/dfqzmnlga/image/upload/v1765020255/2025-12-06/10862830.jpg
10862838,10.00,Gul bordpak,"Pålæg, skiveskåret",Kødpølse,1,0,pk.,Netto,https://static.tilbudsugen.dk/1st-retail/2025/50/64144/Netto502025-1_2_2333x107_4915x3698_zoom.jpg,2025-12-06,2025-12-12,https://res.cloudinary.com/dfqzmnlga/image/upload/v1765020256/2025-12-06/10862838.jpg
10862841,10.00,Gul bordpak,"Pålæg, skiveskåret",Sønderjysk Spegepølse,1,0,pk.,Netto,https://static.tilbudsugen.dk/1st-retail/2025/50/64144/Netto502025-1_2_2333x107_4915x3698_zoom.jpg,2025-12-06,2025-12-12,https://res.cloudinary.com/dfqzmnlga/image/upload/v1765020256/2025-12-06/10862841.jpg
10863328,20.00,Fondànt,"Sæbe, bad, dusch",Bodyscrub,1,0,ds.,Netto,https://static.tilbudsugen.dk/1st-retail/2025/50/64144/Netto502025-1_24_79x2801_1637x4887_zoom.jpg,2025-12-06,2025-12-12,https://res.cloudinary.com/dfqzmnlga/image/upload/v1765020257/2025-12-06/10863328.jpg
10863329,20.00,Fondànt,Bodylotion,Bodycreme,1,0,bg.,Netto,https://static.tilbudsugen.dk/1st-retail/2025/50/64144/Netto502025-1_24_79x2801_1637x4887_zoom.jpg,2025-12-06,2025-12-12,https://res.cloudinary.com/dfqzmnlga/image/upload/v1765020257/2025-12-06/10863329.jpg
10863164,20.00,Hellmanns,Mayonnaise,Chili Mayonnaise,1,0,fl.,Netto,https://static.tilbudsugen.dk/1st-retail/2025/50/64144/Netto502025-1_17_55x2824_1692x4871_zoom.jpg,2025-12-06,2025-12-12,https://res.cloudinary.com/dfqzmnlga/image/upload/v1765020258/2025-12-06/10863164.jpg
10863195,10.00,Click Mix Sour,Slik,Slikposer,1,0,ps.,Netto,https://static.tilbudsugen.dk/1st-retail/2025/50/64144/Netto502025-1_6_2472x2479_4938x4747_zoom.jpg,2025-12-06,2025-12-12,https://res.cloudinary.com/dfqzmnlga/image/upload/v1765020258/2025-12-06/10863195.jpg
10863185,10.00,Top Star Mix,Slik,Slikposer,1,0,ps.,Netto,https://static.tilbudsugen.dk/1st-retail/2025/50/64144/Netto502025-1_6_2472x2479_4938x4747_zoom.jpg,2025-12-06,2025-12-12,https://res.cloudinary.com/dfqzmnlga/image/upload/v1765020259/2025-12-06/10863185.jpg
10863189,10.00,Lakridskringler,Slik,Slikposer,1,0,ps.,Netto,https://static.tilbudsugen.dk/1st-retail/2025/50/64144/Netto502025-1_6_2472x2479_4938x4747_zoom.jpg,2025-12-06,2025-12-12,https://res.cloudinary.com/dfqzmnlga/image/upload/v1765020259/2025-12-06/10863189.jpg
10863199,10.00,Click Mix,Slik,Slikposer,1,0,ps.,Netto,https://static.tilbudsugen.dk/1st-retail/2025/50/64144/Netto502025-1_6_2472x2479_4938x4747_zoom.jpg,2025-12-06,2025-12-12,https://res.cloudinary.com/dfqzmnlga/image/upload/v1765020260/2025-12-06/10863199.jpg
10863197,10.00,Stjernemix,Slik,Slikposer,1,0,ps.,Netto,https://static.tilbudsugen.dk/1st-retail/2025/50/64144/Netto502025-1_6_2472x2479_4938x4747_zoom.jpg,2025-12-06,2025-12-12,https://res.cloudinary.com/dfqzmnlga/image/upload/v1765020260/2025-12-06/10863197.jpg
10863187,10.00,Click Mix,Slik,Slikposer,1,0,ps.,Netto,https://static.tilbudsugen.dk/1st-retail/2025/50/64144/Netto502025-1_6_2472x2479_4938x4747_zoom.jpg,2025-12-06,2025-12-12,https://res.cloudinary.com/dfqzmnlga/image/upload/v1765020261/2025-12-06/10863187.jpg
10863303,95.00,Velsmag,Grisekød,Grisemørbrad,1,1,bk.,Netto,https://static.tilbudsugen.dk/1st-retail/2025/50/64144/Netto502025-1_12_2771x1956_4912x3653_zoom.jpg,2025-12-06,2025-12-12,https://res.cloudinary.com/dfqzmnlga/image/upload/v1765020261/2025-12-06/10863303.jpg
10863163,20.00,Maille,Sennep,Sennep med Honning,1,0,gl.,Netto,https://static.tilbudsugen.dk/1st-retail/2025/50/64144/Netto502025-1_17_55x2824_1692x4871_zoom.jpg,2025-12-06,2025-12-12,https://res.cloudinary.com/dfqzmnlga/image/upload/v1765020262/2025-12-06/10863163.jpg
10862814,35.00,Original,Kaffe,Kaffe Formalet,1,0,ps.,Netto,https://static.tilbudsugen.dk/1st-retail/2025/50/64144/Netto502025-1_2_2404x3693_4933x6869_zoom.jpg,2025-12-06,2025-12-12,https://res.cloudinary.com/dfqzmnlga/image/upload/v1765020262/2025-12-06/10862814.jpg
10862815,35.00,Specialristet,Kaffe,Kaffe Formalet,1,0,ps.,Netto,https://static.tilbudsugen.dk/1st-retail/2025/50/64144/Netto502025-1_2_2404x3693_4933x6869_zoom.jpg,2025-12-06,2025-12-12,https://res.cloudinary.com/dfqzmnlga/image/upload/v1765020262/2025-12-06/10862815.jpg
10863165,89.00,Løgismose,Færdigretter Køl,Kyllingekødboller i Mascarponesauce,1,1,bk.,Netto,https://static.tilbudsugen.dk/1st-retail/2025/50/64144/Netto502025-1_17_3306x4910_4880x6870_zoom.jpg,2025-12-06,2025-12-12,https://res.cloudinary.com/dfqzmnlga/image/upload/v1765020263/2025-12-06/10863165.jpg
10863139,45.00,Gudbrandsdalen,Specialost,Myseost,1,0,stk.,Netto,https://static.tilbudsugen.dk/1st-retail/2025/50/64144/Netto502025-1_16_16x3092_1739x4831_zoom.jpg,2025-12-06,2025-12-12,https://res.cloudinary.com/dfqzmnlga/image/upload/v1765020263/2025-12-06/10863139.jpg
10863120,50.00,Grønnelund,Skæreost,Skæreost Guld Mellemlagret,1,0,stk.,Netto,https://static.tilbudsugen.dk/1st-retail/2025/50/64144/Netto502025-1_16_16x675_1732x2903_zoom.jpg,2025-12-06,2025-12-12,https://res.cloudinary.com/dfqzmnlga/image/upload/v1765020264/2025-12-06/10863120.jpg
10863147,50.00,Grønnelund,Skæreost,Skæreost Guld Lagret,1,0,stk.,Netto,https://static.tilbudsugen.dk/1st-retail/2025/50/64144/Netto502025-1_16_16x675_1732x2903_zoom.jpg,2025-12-06,2025-12-12,https://res.cloudinary.com/dfqzmnlga/image/upload/v1765020264/2025-12-06/10863147.jpg
10862834,10.00,Gul bordpak,"Pålæg, skiveskåret",Jægerpølse - Den lette,1,0,pk.,Netto,https://static.tilbudsugen.dk/1st-retail/2025/50/64144/Netto502025-1_2_2333x107_4915x3698_zoom.jpg,2025-12-06,2025-12-12,https://res.cloudinary.com/dfqzmnlga/image/upload/v1765020265/2025-12-06/10862834.jpg
10862842,10.00,Gul bordpak,"Pålæg, skiveskåret",Kødpølse - Den lette,1,0,pk.,Netto,https://static.tilbudsugen.dk/1st-retail/2025/50/64144/Netto502025-1_2_2333x107_4915x3698_zoom.jpg,2025-12-06,2025-12-12,https://res.cloudinary.com/dfqzmnlga/image/upload/v1765020266/2025-12-06/10862842.jpg
10862832,10.00,Gul bordpak,"Pålæg, skiveskåret",Kalkunspegepølse - Den lette,1,0,pk.,Netto,https://static.tilbudsugen.dk/1st-retail/2025/50/64144/Netto502025-1_2_2333x107_4915x3698_zoom.jpg,2025-12-06,2025-12-12,https://res.cloudinary.com/dfqzmnlga/image/upload/v1765020266/2025-12-06/10862832.jpg
10863214,30.00,Slagter Lampe,300 g - 599 g Normalpakke Pølser,Kålpølser,1,0,pk.,Netto,https://static.tilbudsugen.dk/1st-retail/2025/50/64144/Netto502025-1_18_2479x4839_4778x6823_zoom.jpg,2025-12-06,2025-12-12,https://res.cloudinary.com/dfqzmnlga/image/upload/v1765020267/2025-12-06/10863214.jpg
10862926,15.00,Bistronne,Fjerkræ,Andelår,1,0,stk.,Netto,https://static.tilbudsugen.dk/1st-retail/2025/50/64144/Netto502025-1_13_110x825_1448x2919_zoom.jpg,2025-12-06,2025-12-12,https://res.cloudinary.com/dfqzmnlga/image/upload/v1765020267/2025-12-06/10862926.jpg
10863288,60.00,Nutella,Smørepålæg,Smørepålæg,1,0,gl.,Netto,https://static.tilbudsugen.dk/1st-retail/2025/50/64144/Netto502025-1_22_55x4950_1661x6839_zoom.jpg,2025-12-06,2025-12-12,https://res.cloudinary.com/dfqzmnlga/image/upload/v1765020268/2025-12-06/10863288.jpg
10863003,10.00,Glyngøre,Konserves,Tun i olie,1,0,ds.,Netto,https://static.tilbudsugen.dk/1st-retail/2025/50/64144/Netto502025-1_4_53x3971_2506x6855_zoom.jpg,2025-12-06,2025-12-12,https://res.cloudinary.com/dfqzmnlga/image/upload/v1765020268/2025-12-06/10863003.jpg
10863002,10.00,Glyngøre,Konserves,Tun i vand,1,0,ds.,Netto,https://static.tilbudsugen.dk/1st-retail/2025/50/64144/Netto502025-1_4_53x3971_2506x6855_zoom.jpg,2025-12-06,2025-12-12,https://res.cloudinary.com/dfqzmnlga/image/upload/v1765020269/2025-12-06/10863002.jpg
10863260,44.00,Premieur,Frugtkonserves,Kirsebær,1,0,gl.,Netto,https://static.tilbudsugen.dk/1st-retail/2025/50/64144/Netto502025-1_21_220x4997_2778x6792_zoom.jpg,2025-12-06,2025-12-12,https://res.cloudinary.com/dfqzmnlga/image/upload/v1765020269/2025-12-06/10863260.jpg
10863251,130.00,Premieur,Kødkonserves,Confiterede Andelår,1,1,ds.,Netto,https://static.tilbudsugen.dk/1st-retail/2025/50/64144/Netto502025-1_20_2708x5107_4880x6847_zoom.jpg,2025-12-06,2025-12-12,https://res.cloudinary.com/dfqzmnlga/image/upload/v1765020270/2025-12-06/10863251.jpg
10863232,20.00,Premieur,Fastfoodbrød,Brioche Burgerboller,1,0,pk.,Netto,https://static.tilbudsugen.dk/1st-retail/2025/50/64144/Netto502025-1_9_2479x1763_3778x3076_zoom.jpg,2025-12-06,2025-12-12,https://res.cloudinary.com/dfqzmnlga/image/upload/v1765020270/2025-12-06/10863232.jpg
10863193,10.00,Matador Mix,Slik,Slikposer,1,0,ps.,Netto,https://static.tilbudsugen.dk/1st-retail/2025/50/64144/Netto502025-1_6_2472x2479_4938x4747_zoom.jpg,2025-12-06,2025-12-12,https://res.cloudinary.com/dfqzmnlga/image/upload/v1765020271/2025-12-06/10863193.jpg
10862957,20.00,La Campagna,Specialost,Gorgonzola,1,0,pk.,Netto,https://static.tilbudsugen.dk/1st-retail/2025/50/64144/Netto502025-1_15_55x2470_1983x4092_zoom.jpg,2025-12-06,2025-12-12,https://res.cloudinary.com/dfqzmnlga/image/upload/v1765020271/2025-12-06/10862957.jpg
10863038,10.00,Meny,Chips,Chips,1,0,ps.,Netto,https://static.tilbudsugen.dk/1st-retail/2025/50/64144/Netto502025-1_6_46x2446_2486x4667_zoom.jpg,2025-12-06,2025-12-12,https://res.cloudinary.com/dfqzmnlga/image/upload/v1765020272/2025-12-06/10863038.jpg
10863264,25.00,Jakobsens,Sødemiddel,Honning,1,0,fl.,Netto,https://static.tilbudsugen.dk/1st-retail/2025/50/64144/Netto502025-1_22_1621x990_3345x2864_zoom.jpg,2025-12-06,2025-12-12,https://res.cloudinary.com/dfqzmnlga/image/upload/v1765020272/2025-12-06/10863264.jpg
10862944,35.00,ØGO,Grisekød,Medister,1,0,bk.,Netto,https://static.tilbudsugen.dk/1st-retail/2025/50/64144/Netto502025-1_14_94x3115_1826x5068_zoom.jpg,2025-12-06,2025-12-12,https://res.cloudinary.com/dfqzmnlga/image/upload/v1765020273/2025-12-06/10862944.jpg
10863201,10.00,Kims,Chips,Sour Cream & Onion Chips,1,0,ps.,Netto,https://static.tilbudsugen.dk/1st-retail/2025/50/64144/Netto502025-1_6_40x106_4998x2559_zoom.jpg,2025-12-06,2025-12-12,https://res.cloudinary.com/dfqzmnlga/image/upload/v1765020273/2025-12-06/10863201.jpg
10863235,22.00,Bådsmand,Fisk og skaldyr Køl,Fiskefrikadeller,1,0,bk.,Netto,https://static.tilbudsugen.dk/1st-retail/2025/50/64144/Netto502025-1_19_8x2919_2574x4910_zoom.jpg,2025-12-06,2025-12-12,https://res.cloudinary.com/dfqzmnlga/image/upload/v1765020273/2025-12-06/10863235.jpg
10862833,10.00,Gul bordpak,"Pålæg, skiveskåret",Oksespegepølse,1,0,pk.,Netto,https://static.tilbudsugen.dk/1st-retail/2025/50/64144/Netto502025-1_2_2333x107_4915x3698_zoom.jpg,2025-12-06,2025-12-12,https://res.cloudinary.com/dfqzmnlga/image/upload/v1765020274/2025-12-06/10862833.jpg
10863041,10.00,Soda Straws,Slik,Slikpose Zourr,1,0,ps.,Netto,https://static.tilbudsugen.dk/1st-retail/2025/50/64144/Netto502025-1_6_2472x2479_4938x4747_zoom.jpg,2025-12-06,2025-12-12,https://res.cloudinary.com/dfqzmnlga/image/upload/v1765020275/2025-12-06/10863041.jpg
10863284,75.00,Velsmag,Oksekød,Hakket oksekød 7-10%,1,0,bk.,Netto,https://static.tilbudsugen.dk/1st-retail/2025/50/64144/Netto502025-1_11_2428x4660_4998x6869_zoom.jpg,2025-12-06,2025-12-12,https://res.cloudinary.com/dfqzmnlga/image/upload/v1765020275/2025-12-06/10863284.jpg
10863128,22.00,Cheesemakers Treasures,Skæreost,Skæreost Brilliant,1,0,pk.,Netto,https://static.tilbudsugen.dk/1st-retail/2025/50/64144/Netto502025-1_16_3266x636_4888x2840_zoom.jpg,2025-12-06,2025-12-12,https://res.cloudinary.com/dfqzmnlga/image/upload/v1765020276/2025-12-06/10863128.jpg
10863130,22.00,Cheesemakers Treasures,Skæreost,Skæreost Opal,1,0,pk.,Netto,https://static.tilbudsugen.dk/1st-retail/2025/50/64144/Netto502025-1_16_3266x636_4888x2840_zoom.jpg,2025-12-06,2025-12-12,https://res.cloudinary.com/dfqzmnlga/image/upload/v1765020276/2025-12-06/10863130.jpg
10863127,22.00,Cheesemakers Treasures,Skæreost,Skæreost Hav,1,0,pk.,Netto,https://static.tilbudsugen.dk/1st-retail/2025/50/64144/Netto502025-1_16_3266x636_4888x2840_zoom.jpg,2025-12-06,2025-12-12,https://res.cloudinary.com/dfqzmnlga/image/upload/v1765020277/2025-12-06/10863127.jpg
10863129,22.00,Cheesemakers Treasures,Skæreost,Skæreost Topas,1,0,pk.,Netto,https://static.tilbudsugen.dk/1st-retail/2025/50/64144/Netto502025-1_16_3266x636_4888x2840_zoom.jpg,2025-12-06,2025-12-12,https://res.cloudinary.com/dfqzmnlga/image/upload/v1765020277/2025-12-06/10863129.jpg
10863315,119.00,Original,Likør,Likør,1,1,fl.,Netto,https://static.tilbudsugen.dk/1st-retail/2025/50/64144/Netto502025-1_23_205x4761_4904x6917_zoom.jpg,2025-12-06,2025-12-12,https://res.cloudinary.com/dfqzmnlga/image/upload/v1765020278/2025-12-06/10863315.jpg
10863255,18.00,Premieur,Tørret Frugt,Dadler,1,0,ps.,Netto,https://static.tilbudsugen.dk/1st-retail/2025/50/64144/Netto502025-1_21_142x132_2952x2068_zoom.jpg,2025-12-06,2025-12-12,https://res.cloudinary.com/dfqzmnlga/image/upload/v1765020278/2025-12-06/10863255.jpg
10863207,12.00,Minimum,"Pålæg, skiveskåret",Burgunderskinke,1,0,pk.,Netto,https://static.tilbudsugen.dk/1st-retail/2025/50/64144/Netto502025-1_18_39x4824_2534x6870_zoom.jpg,2025-12-06,2025-12-12,https://res.cloudinary.com/dfqzmnlga/image/upload/v1765020279/2025-12-06/10863207.jpg
10863208,12.00,Minimum,"Pålæg, skiveskåret",Honningskinke,1,0,pk.,Netto,https://static.tilbudsugen.dk/1st-retail/2025/50/64144/Netto502025-1_18_39x4824_2534x6870_zoom.jpg,2025-12-06,2025-12-12,https://res.cloudinary.com/dfqzmnlga/image/upload/v1765020280/2025-12-06/10863208.jpg
10863134,48.00,Castello,Skæreost,Havarti,1,0,stk.,Netto,https://static.tilbudsugen.dk/1st-retail/2025/50/64144/Netto502025-1_16_1669x2911_3259x4855_zoom.jpg,2025-12-06,2025-12-12,https://res.cloudinary.com/dfqzmnlga/image/upload/v1765020281/2025-12-06/10863134.jpg
10863206,12.00,Minimum,"Pålæg, skiveskåret",Kyllingebryst Krydderurter,1,0,pk.,Netto,https://static.tilbudsugen.dk/1st-retail/2025/50/64144/Netto502025-1_18_39x4824_2534x6870_zoom.jpg,2025-12-06,2025-12-12,https://res.cloudinary.com/dfqzmnlga/image/upload/v1765020282/2025-12-06/10863206.jpg
10863204,12.00,Minimum,"Pålæg, skiveskåret",Kyllingebryst,1,0,pk.,Netto,https://static.tilbudsugen.dk/1st-retail/2025/50/64144/Netto502025-1_18_39x4824_2534x6870_zoom.jpg,2025-12-06,2025-12-12,https://res.cloudinary.com/dfqzmnlga/image/upload/v1765020282/2025-12-06/10863204.jpg
10863209,12.00,Minimum,"Pålæg, skiveskåret",Kylling Silkeskåret,1,0,pk.,Netto,https://static.tilbudsugen.dk/1st-retail/2025/50/64144/Netto502025-1_18_39x4824_2534x6870_zoom.jpg,2025-12-06,2025-12-12,https://res.cloudinary.com/dfqzmnlga/image/upload/v1765020283/2025-12-06/10863209.jpg
10863198,30.00,Slagter Lampe,Andet Pålæg,Sylte,1,0,stk.,Netto,https://static.tilbudsugen.dk/1st-retail/2025/50/64144/Netto502025-1_18_2479x4839_4778x6823_zoom.jpg,2025-12-06,2025-12-12,https://res.cloudinary.com/dfqzmnlga/image/upload/v1765020284/2025-12-06/10863198.jpg
10862929,30.00,Løgismose,Tørret Frugt,Svesker,1,0,ps.,Netto,https://static.tilbudsugen.dk/1st-retail/2025/50/64144/Netto502025-1_13_2542x2808_4959x4375_zoom.jpg,2025-12-06,2025-12-12,https://res.cloudinary.com/dfqzmnlga/image/upload/v1765020284/2025-12-06/10862929.jpg
10863217,30.00,Slagter Lampe,Pålægspølser,Pebersalami,1,0,stk.,Netto,https://static.tilbudsugen.dk/1st-retail/2025/50/64144/Netto502025-1_18_2479x4839_4778x6823_zoom.jpg,2025-12-06,2025-12-12,https://res.cloudinary.com/dfqzmnlga/image/upload/v1765020285/2025-12-06/10863217.jpg
10863219,30.00,Slagter Lampe,Pålægspølser,Spegepølse Valnødder,1,0,stk.,Netto,https://static.tilbudsugen.dk/1st-retail/2025/50/64144/Netto502025-1_18_2479x4839_4778x6823_zoom.jpg,2025-12-06,2025-12-12,https://res.cloudinary.com/dfqzmnlga/image/upload/v1765020285/2025-12-06/10863219.jpg
10863239,22.00,Glyngøre,Sild,Sild,1,0,gl.,Netto,https://static.tilbudsugen.dk/1st-retail/2025/50/64144/Netto502025-1_19_55x4800_2314x6933_zoom.jpg,2025-12-06,2025-12-12,https://res.cloudinary.com/dfqzmnlga/image/upload/v1765020286/2025-12-06/10863239.jpg
10862962,22.00,,Specialost,Specialost,1,0,pk.,Netto,https://static.tilbudsugen.dk/1st-retail/2025/50/64144/Netto502025-1_15_39x4084_1913x5587_zoom.jpg,2025-12-06,2025-12-12,https://res.cloudinary.com/dfqzmnlga/image/upload/v1765020286/2025-12-06/10862962.jpg
10863175,25.00,Kitchen Joy,Færdigretter Frost,Gyoza med Teriyaki,1,0,pk.,Netto,https://static.tilbudsugen.dk/1st-retail/2025/50/64144/Netto502025-1_17_3306x2761_4935x4871_zoom.jpg,2025-12-06,2025-12-12,https://res.cloudinary.com/dfqzmnlga/image/upload/v1765020287/2025-12-06/10863175.jpg
10862840,10.00,Gul bordpak,"Pålæg, skiveskåret",Røget Medister,1,0,pk.,Netto,https://static.tilbudsugen.dk/1st-retail/2025/50/64144/Netto502025-1_2_2333x107_4915x3698_zoom.jpg,2025-12-06,2025-12-12,https://res.cloudinary.com/dfqzmnlga/image/upload/v1765020287/2025-12-06/10862840.jpg
10863236,20.00,Bistronne,Fjerkræ,Andebryst,1,0,stk.,Netto,https://static.tilbudsugen.dk/1st-retail/2025/50/64144/Netto502025-1_9_1240x3321_2512x4999_zoom.jpg,2025-12-06,2025-12-12,https://res.cloudinary.com/dfqzmnlga/image/upload/v1765020287/2025-12-06/10863236.jpg
10862927,20.00,Bistronne,Fjerkræ,Andebryst,1,0,stk.,Netto,https://static.tilbudsugen.dk/1st-retail/2025/50/64144/Netto502025-1_13_1480x903_3007x2934_zoom.jpg,2025-12-06,2025-12-12,https://res.cloudinary.com/dfqzmnlga/image/upload/v1765020288/2025-12-06/10862927.jpg
10863028,39.00,Twist,Chokolade,Dessertchokolade,1,0,ps.,Netto,https://static.tilbudsugen.dk/1st-retail/2025/50/64144/Netto502025-1_6_2463x4725_4998x6845_zoom.jpg,2025-12-06,2025-12-12,https://res.cloudinary.com/dfqzmnlga/image/upload/v1765020289/2025-12-06/10863028.jpg
10863212,10.00,Kims,Chips,Bølgechips,1,0,ps.,Netto,https://static.tilbudsugen.dk/1st-retail/2025/50/64144/Netto502025-1_6_40x106_4998x2559_zoom.jpg,2025-12-06,2025-12-12,https://res.cloudinary.com/dfqzmnlga/image/upload/v1765020289/2025-12-06/10863212.jpg
10863213,10.00,Kims,Snacks,Jørgens Favorit Mix,1,0,ps.,Netto,https://static.tilbudsugen.dk/1st-retail/2025/50/64144/Netto502025-1_6_40x106_4998x2559_zoom.jpg,2025-12-06,2025-12-12,https://res.cloudinary.com/dfqzmnlga/image/upload/v1765020290/2025-12-06/10863213.jpg
10863203,10.00,Kims,Snacks,Saltskruer,1,0,ps.,Netto,https://static.tilbudsugen.dk/1st-retail/2025/50/64144/Netto502025-1_6_40x106_4998x2559_zoom.jpg,2025-12-06,2025-12-12,https://res.cloudinary.com/dfqzmnlga/image/upload/v1765020290/2025-12-06/10863203.jpg
10863205,10.00,Kims,Snacks,Ostepops Original,1,0,ps.,Netto,https://static.tilbudsugen.dk/1st-retail/2025/50/64144/Netto502025-1_6_40x106_4998x2559_zoom.jpg,2025-12-06,2025-12-12,https://res.cloudinary.com/dfqzmnlga/image/upload/v1765020291/2025-12-06/10863205.jpg
10863043,10.00,Kims,Snacks,Snack Chips Original,1,0,ps.,Netto,https://static.tilbudsugen.dk/1st-retail/2025/50/64144/Netto502025-1_6_40x106_4998x2559_zoom.jpg,2025-12-06,2025-12-12,https://res.cloudinary.com/dfqzmnlga/image/upload/v1765020292/2025-12-06/10863043.jpg
10863210,10.00,Kims,Chips,Havsalt Chips,1,0,ps.,Netto,https://static.tilbudsugen.dk/1st-retail/2025/50/64144/Netto502025-1_6_40x106_4998x2559_zoom.jpg,2025-12-06,2025-12-12,https://res.cloudinary.com/dfqzmnlga/image/upload/v1765020292/2025-12-06/10863210.jpg
10863261,20.00,Premieur,Flødeboller,Fire forskellige Flødeboller,1,0,bk.,Netto,https://static.tilbudsugen.dk/1st-retail/2025/50/64144/Netto502025-1_21_142x2013_2448x3777_zoom.jpg,2025-12-06,2025-12-12,https://res.cloudinary.com/dfqzmnlga/image/upload/v1765020293/2025-12-06/10863261.jpg
10863000,99.00,Original,Snaps,Akvavit,1,0,fl.,Netto,https://static.tilbudsugen.dk/1st-retail/2025/50/64144/Netto502025-1_4_2512x133_4885x4011_zoom.jpg,2025-12-06,2025-12-12,https://res.cloudinary.com/dfqzmnlga/image/upload/v1765020293/2025-12-06/10863000.jpg
10863234,29.00,Skipper,Rejer og andre skaldyr,Rejer,1,0,bg.,Netto,https://static.tilbudsugen.dk/1st-retail/2025/50/64144/Netto502025-1_19_2424x3076_4864x4839_zoom.jpg,2025-12-06,2025-12-12,https://res.cloudinary.com/dfqzmnlga/image/upload/v1765020293/2025-12-06/10863234.jpg
10862960,16.00,La Campagna,Oliven,Oliven,1,0,bg.,Netto,https://static.tilbudsugen.dk/1st-retail/2025/50/64144/Netto502025-1_15_1739x5107_3353x6870_zoom.jpg,2025-12-06,2025-12-12,https://res.cloudinary.com/dfqzmnlga/image/upload/v1765020294/2025-12-06/10862960.jpg
10862948,25.00,Premieur,Pålægspølser,Chorizo,1,0,stk.,Netto,https://static.tilbudsugen.dk/1st-retail/2025/50/64144/Netto502025-1_15_2479x226_4919x2478_zoom.jpg,2025-12-06,2025-12-12,https://res.cloudinary.com/dfqzmnlga/image/upload/v1765020294/2025-12-06/10862948.jpg
10863299,89.00,,Fersk fisk,Lakseside,1,0,pk.,Netto,https://static.tilbudsugen.dk/1st-retail/2025/50/64144/Netto502025-1_12_2930x13_4912x1923_zoom.jpg,2025-12-06,2025-12-12,https://res.cloudinary.com/dfqzmnlga/image/upload/v1765020295/2025-12-06/10863299.jpg
10863242,29.00,,Røget og gravad,Laks i skiver,1,0,pk.,Netto,https://static.tilbudsugen.dk/1st-retail/2025/50/64144/Netto502025-1_19_126x392_2519x2848_zoom.jpg,2025-12-06,2025-12-12,https://res.cloudinary.com/dfqzmnlga/image/upload/v1765020295/2025-12-06/10863242.jpg
10863226,29.00,,Røget og gravad,Laks,1,0,bk.,Netto,https://static.tilbudsugen.dk/1st-retail/2025/50/64144/Netto502025-1_19_126x392_2519x2848_zoom.jpg,2025-12-06,2025-12-12,https://res.cloudinary.com/dfqzmnlga/image/upload/v1765020296/2025-12-06/10863226.jpg
10863313,119.00,Aperol,Aperitif,Aperitif,1,0,fl.,Netto,https://static.tilbudsugen.dk/1st-retail/2025/50/64144/Netto502025-1_23_205x4761_4904x6917_zoom.jpg,2025-12-06,2025-12-12,https://res.cloudinary.com/dfqzmnlga/image/upload/v1765020296/2025-12-06/10863313.jpg
10863318,119.00,Old No. 7,Whisky,Whisky,1,0,fl.,Netto,https://static.tilbudsugen.dk/1st-retail/2025/50/64144/Netto502025-1_23_205x4761_4904x6917_zoom.jpg,2025-12-06,2025-12-12,https://res.cloudinary.com/dfqzmnlga/image/upload/v1765020296/2025-12-06/10863318.jpg
10863319,119.00,Jägermeister,Bitter,Bitter,1,0,fl.,Netto,https://static.tilbudsugen.dk/1st-retail/2025/50/64144/Netto502025-1_23_205x4761_4904x6917_zoom.jpg,2025-12-06,2025-12-12,https://res.cloudinary.com/dfqzmnlga/image/upload/v1765020297/2025-12-06/10863319.jpg
10863322,119.00,Cafe Honey,Whisky,Whisky,1,0,fl.,Netto,https://static.tilbudsugen.dk/1st-retail/2025/50/64144/Netto502025-1_23_205x4761_4904x6917_zoom.jpg,2025-12-06,2025-12-12,https://res.cloudinary.com/dfqzmnlga/image/upload/v1765020297/2025-12-06/10863322.jpg
10863320,119.00,Kahlua,Likør,Likør,1,0,fl.,Netto,https://static.tilbudsugen.dk/1st-retail/2025/50/64144/Netto502025-1_23_205x4761_4904x6917_zoom.jpg,2025-12-06,2025-12-12,https://res.cloudinary.com/dfqzmnlga/image/upload/v1765020297/2025-12-06/10863320.jpg
10863317,119.00,Fernet Branca,Bitter,Bitter,1,0,fl.,Netto,https://static.tilbudsugen.dk/1st-retail/2025/50/64144/Netto502025-1_23_205x4761_4904x6917_zoom.jpg,2025-12-06,2025-12-12,https://res.cloudinary.com/dfqzmnlga/image/upload/v1765020298/2025-12-06/10863317.jpg
10863323,119.00,Honey,Whisky,Whisky,1,0,fl.,Netto,https://static.tilbudsugen.dk/1st-retail/2025/50/64144/Netto502025-1_23_205x4761_4904x6917_zoom.jpg,2025-12-06,2025-12-12,https://res.cloudinary.com/dfqzmnlga/image/upload/v1765020298/2025-12-06/10863323.jpg
10863316,119.00,Campari,Bitter,Bitter,1,0,fl.,Netto,https://static.tilbudsugen.dk/1st-retail/2025/50/64144/Netto502025-1_23_205x4761_4904x6917_zoom.jpg,2025-12-06,2025-12-12,https://res.cloudinary.com/dfqzmnlga/image/upload/v1765020299/2025-12-06/10863316.jpg
10863321,119.00,London Dry,Gin,Gin,1,0,fl.,Netto,https://static.tilbudsugen.dk/1st-retail/2025/50/64144/Netto502025-1_23_205x4761_4904x6917_zoom.jpg,2025-12-06,2025-12-12,https://res.cloudinary.com/dfqzmnlga/image/upload/v1765020299/2025-12-06/10863321.jpg
10863256,20.00,Premieur,Slik,Chokoladelakridskugler Stærk,1,0,ps.,Netto,https://static.tilbudsugen.dk/1st-retail/2025/50/64144/Netto502025-1_21_2794x148_4943x3186_zoom.jpg,2025-12-06,2025-12-12,https://res.cloudinary.com/dfqzmnlga/image/upload/v1765020300/2025-12-06/10863256.jpg
10863259,20.00,Premieur,Slik,Chokoladelakridskugler Saltkaramel,1,0,ps.,Netto,https://static.tilbudsugen.dk/1st-retail/2025/50/64144/Netto502025-1_21_2794x148_4943x3186_zoom.jpg,2025-12-06,2025-12-12,https://res.cloudinary.com/dfqzmnlga/image/upload/v1765020300/2025-12-06/10863259.jpg
10863258,20.00,Premieur,Slik,Chokoladelakridskugler Passionsfrugt,1,0,ps.,Netto,https://static.tilbudsugen.dk/1st-retail/2025/50/64144/Netto502025-1_21_2794x148_4943x3186_zoom.jpg,2025-12-06,2025-12-12,https://res.cloudinary.com/dfqzmnlga/image/upload/v1765020301/2025-12-06/10863258.jpg
10863248,99.00,Premieur,Røget og gravad,Laks,1,0,pk.,Netto,https://static.tilbudsugen.dk/1st-retail/2025/50/64144/Netto502025-1_20_3007x226_4927x2801_zoom.jpg,2025-12-06,2025-12-12,https://res.cloudinary.com/dfqzmnlga/image/upload/v1765020301/2025-12-06/10863248.jpg
10863287,75.00,Selection,Chokolade,Dessertchokolade,1,0,æsk.,Netto,https://static.tilbudsugen.dk/1st-retail/2025/50/64144/Netto502025-1_22_1614x4808_3306x6894_zoom.jpg,2025-12-06,2025-12-12,https://res.cloudinary.com/dfqzmnlga/image/upload/v1765020302/2025-12-06/10863287.jpg
10863230,55.00,Premieur,Røget og gravad,Laks i skiver,1,0,pk.,Netto,https://static.tilbudsugen.dk/1st-retail/2025/50/64144/Netto502025-1_19_2534x203_4974x2856_zoom.jpg,2025-12-06,2025-12-12,https://res.cloudinary.com/dfqzmnlga/image/upload/v1765020302/2025-12-06/10863230.jpg
10862946,25.00,Premieur,"Pålæg, skiveskåret",Carpaccio,1,0,pk.,Netto,https://static.tilbudsugen.dk/1st-retail/2025/50/64144/Netto502025-1_15_2479x226_4919x2478_zoom.jpg,2025-12-06,2025-12-12,https://res.cloudinary.com/dfqzmnlga/image/upload/v1765020303/2025-12-06/10862946.jpg
10863275,85.00,Collection,Chokolade,Dessertchokolade,1,0,æsk.,Netto,https://static.tilbudsugen.dk/1st-retail/2025/50/64144/Netto502025-1_22_3266x5398_4943x6894_zoom.jpg,2025-12-06,2025-12-12,https://res.cloudinary.com/dfqzmnlga/image/upload/v1765020304/2025-12-06/10863275.jpg
10863241,12.00,ØGO,Krydderier,Kanel,1,0,gl.,Netto,https://static.tilbudsugen.dk/1st-retail/2025/50/64144/Netto502025-1_9_2486x5416_3705x6875_zoom.jpg,2025-12-06,2025-12-12,https://res.cloudinary.com/dfqzmnlga/image/upload/v1765020304/2025-12-06/10863241.jpg
10863202,30.00,Bådsmand,Røget og gravad,Laks,1,0,bk.,Netto,https://static.tilbudsugen.dk/1st-retail/2025/50/64144/Netto502025-1_18_8x2675_1708x4902_zoom.jpg,2025-12-06,2025-12-12,https://res.cloudinary.com/dfqzmnlga/image/upload/v1765020304/2025-12-06/10863202.jpg
10862950,25.00,Premieur,"Pålæg, skiveskåret",Jamon Serrano,1,0,pk.,Netto,https://static.tilbudsugen.dk/1st-retail/2025/50/64144/Netto502025-1_15_2479x226_4919x2478_zoom.jpg,2025-12-06,2025-12-12,https://res.cloudinary.com/dfqzmnlga/image/upload/v1765020305/2025-12-06/10862950.jpg
10863330,25.00,Zendium,Tandpleje,Tandpasta,1,0,pk.,Netto,https://static.tilbudsugen.dk/1st-retail/2025/50/64144/Netto502025-1_24_1606x2777_3329x4824_zoom.jpg,2025-12-06,2025-12-12,https://res.cloudinary.com/dfqzmnlga/image/upload/v1765020305/2025-12-06/10863330.jpg
10863227,2.50,Aruna,Krydderier,Laurberblade ,1,0,ps.,Netto,https://static.tilbudsugen.dk/1st-retail/2025/50/64144/Netto502025-1_8_2373x4694_4965x6862_zoom.jpg,2025-12-06,2025-12-12,https://res.cloudinary.com/dfqzmnlga/image/upload/v1765020306/2025-12-06/10863227.jpg
10863253,35.00,Premieur,Røget og gravad,Laks,1,0,pk.,Netto,https://static.tilbudsugen.dk/1st-retail/2025/50/64144/Netto502025-1_20_31x4406_2495x6917_zoom.jpg,2025-12-06,2025-12-12,https://res.cloudinary.com/dfqzmnlga/image/upload/v1765020307/2025-12-06/10863253.jpg
10863244,55.00,Premieur,Røget og gravad,Laks,1,0,pk.,Netto,https://static.tilbudsugen.dk/1st-retail/2025/50/64144/Netto502025-1_19_2534x203_4974x2856_zoom.jpg,2025-12-06,2025-12-12,https://res.cloudinary.com/dfqzmnlga/image/upload/v1765020307/2025-12-06/10863244.jpg
10863249,55.00,Premieur,Rejer og andre skaldyr,Rejer,1,0,bg.,Netto,https://static.tilbudsugen.dk/1st-retail/2025/50/64144/Netto502025-1_20_2723x2572_4919x5060_zoom.jpg,2025-12-06,2025-12-12,https://res.cloudinary.com/dfqzmnlga/image/upload/v1765020308/2025-12-06/10863249.jpg
10863196,30.00,ØGO,Røget og gravad,Laks i skiver,1,0,pk.,Netto,https://static.tilbudsugen.dk/1st-retail/2025/50/64144/Netto502025-1_18_1653x2793_3392x4808_zoom.jpg,2025-12-06,2025-12-12,https://res.cloudinary.com/dfqzmnlga/image/upload/v1765020308/2025-12-06/10863196.jpg
10863200,30.00,Bådsmand,Røget og gravad,Laks i skiver,1,0,pk.,Netto,https://static.tilbudsugen.dk/1st-retail/2025/50/64144/Netto502025-1_18_8x2675_1708x4902_zoom.jpg,2025-12-06,2025-12-12,https://res.cloudinary.com/dfqzmnlga/image/upload/v1765020309/2025-12-06/10863200.jpg
10863194,30.00,ØGO,Røget og gravad,Laks,1,0,pk.,Netto,https://static.tilbudsugen.dk/1st-retail/2025/50/64144/Netto502025-1_18_1653x2793_3392x4808_zoom.jpg,2025-12-06,2025-12-12,https://res.cloudinary.com/dfqzmnlga/image/upload/v1765020310/2025-12-06/10863194.jpg
10863034,69.00,Gold koffeinfri,Instant Kaffe,Instant Kaffe,1,0,gl.,Netto,https://static.tilbudsugen.dk/1st-retail/2025/50/64144/Netto502025-1_6_30x4636_2546x6886_zoom.jpg,2025-12-06,2025-12-12,https://res.cloudinary.com/dfqzmnlga/image/upload/v1765020310/2025-12-06/10863034.jpg
10863030,69.00,Gold,Instant Kaffe,Instant Kaffe,1,0,gl.,Netto,https://static.tilbudsugen.dk/1st-retail/2025/50/64144/Netto502025-1_6_30x4636_2546x6886_zoom.jpg,2025-12-06,2025-12-12,https://res.cloudinary.com/dfqzmnlga/image/upload/v1765020310/2025-12-06/10863030.jpg
10863031,69.00,Gold Crema,Instant Kaffe,Instant Kaffe,1,0,gl.,Netto,https://static.tilbudsugen.dk/1st-retail/2025/50/64144/Netto502025-1_6_30x4636_2546x6886_zoom.jpg,2025-12-06,2025-12-12,https://res.cloudinary.com/dfqzmnlga/image/upload/v1765020311/2025-12-06/10863031.jpg
10863252,35.00,Premieur,Røget og gravad,Laks i skiver,1,0,pk.,Netto,https://static.tilbudsugen.dk/1st-retail/2025/50/64144/Netto502025-1_20_31x4406_2495x6917_zoom.jpg,2025-12-06,2025-12-12,https://res.cloudinary.com/dfqzmnlga/image/upload/v1765020312/2025-12-06/10863252.jpg
10862949,25.00,Premieur,"Pålæg, skiveskåret",Prosciutto Di Parma,1,0,pk.,Netto,https://static.tilbudsugen.dk/1st-retail/2025/50/64144/Netto502025-1_15_2479x226_4919x2478_zoom.jpg,2025-12-06,2025-12-12,https://res.cloudinary.com/dfqzmnlga/image/upload/v1765020313/2025-12-06/10862949.jpg
10862951,25.00,Premieur,"Pålæg, skiveskåret",Bresaola,1,0,pk.,Netto,https://static.tilbudsugen.dk/1st-retail/2025/50/64144/Netto502025-1_15_2479x226_4919x2478_zoom.jpg,2025-12-06,2025-12-12,https://res.cloudinary.com/dfqzmnlga/image/upload/v1765020313/2025-12-06/10862951.jpg
10862979,499.00,,Diverse elartikler,Saunatæppe,1,0,stk.,Netto,https://static.tilbudsugen.dk/1st-retail/2025/50/64144/Netto502025-1_32_205x123_4750x2444_zoom.jpg,2025-12-06,2025-12-12,https://res.cloudinary.com/dfqzmnlga/image/upload/v1765020314/2025-12-06/10862979.jpg
10862983,299.00,,Massageapparater,Massagemadras,1,0,stk.,Netto,https://static.tilbudsugen.dk/1st-retail/2025/50/64144/Netto502025-1_32_259x4674_4847x6768_zoom.jpg,2025-12-06,2025-12-12,https://res.cloudinary.com/dfqzmnlga/image/upload/v1765020314/2025-12-06/10862983.jpg
10863341,30.00,,Køkkenredskaber,Oliespray,1,0,stk.,Netto,https://static.tilbudsugen.dk/1st-retail/2025/50/64144/Netto502025-1_25_3282x3777_4754x5233_zoom.jpg,2025-12-06,2025-12-12,https://res.cloudinary.com/dfqzmnlga/image/upload/v1765020314/2025-12-06/10863341.jpg
10863344,50.00,,"Skåle, fade og forme",Skål,1,0,stk.,Netto,https://static.tilbudsugen.dk/1st-retail/2025/50/64144/Netto502025-1_25_1826x282_4754x3722_zoom.jpg,2025-12-06,2025-12-12,https://res.cloudinary.com/dfqzmnlga/image/upload/v1765020315/2025-12-06/10863344.jpg
10863352,30.00,,Dametøj,Strømpebukser,1,0,pk.,Netto,https://static.tilbudsugen.dk/1st-retail/2025/50/64144/Netto502025-1_26_3235x148_4896x3470_zoom.jpg,2025-12-06,2025-12-12,https://res.cloudinary.com/dfqzmnlga/image/upload/v1765020315/2025-12-06/10863352.jpg
10808511,169.00,,"Hårtørrer, krøljern, trimmer m.m",Hårstyler,1,0,stk.,Netto,https://static.tilbudsugen.dk/1st-retail/2025/46/63858/Netto452025-1_37_110x4800_2464x6650_zoom.jpg,2025-11-08,2025-12-12,https://res.cloudinary.com/dfqzmnlga/image/upload/v1765020316/2025-12-06/10808511.jpg
10808519,199.00,,Boligtekstiler,Pudebetræk,1,0,stk.,Netto,https://static.tilbudsugen.dk/1st-retail/2025/46/63858/Netto452025-1_37_2534x2966_4974x4761_zoom.jpg,2025-11-08,2025-12-12,https://res.cloudinary.com/dfqzmnlga/image/upload/v1765020316/2025-12-06/10808519.jpg
10808523,25.00,Sinful,Spil,Voksenspil,1,0,stk.,Netto,https://static.tilbudsugen.dk/1st-retail/2025/46/63858/Netto452025-1_37_260x1108_1299x2864_zoom.jpg,2025-11-08,2025-12-12,https://res.cloudinary.com/dfqzmnlga/image/upload/v1765020317/2025-12-06/10808523.jpg
10862963,50.00,,Outdoor,Halstørklæde,1,0,stk.,Netto,https://static.tilbudsugen.dk/1st-retail/2025/50/64144/Netto502025-1_29_2305x269_4771x6638_zoom.jpg,2025-12-06,2025-12-12,https://res.cloudinary.com/dfqzmnlga/image/upload/v1765020317/2025-12-06/10862963.jpg
10862966,79.00,,Børnetøj,Pyjamas,1,0,stk.,Netto,https://static.tilbudsugen.dk/1st-retail/2025/50/64144/Netto502025-1_30_3336x247_4879x3783_zoom.jpg,2025-12-06,2025-12-12,https://res.cloudinary.com/dfqzmnlga/image/upload/v1765020318/2025-12-06/10862966.jpg
10862967,35.00,,Sokker/Strømper,Strømper,1,0,pk.,Netto,https://static.tilbudsugen.dk/1st-retail/2025/50/64144/Netto502025-1_30_200x3794_1781x5186_zoom.jpg,2025-12-06,2025-12-12,https://res.cloudinary.com/dfqzmnlga/image/upload/v1765020318/2025-12-06/10862967.jpg
10862969,50.00,,Børnesko og støvler,Børnehjemmesko,1,0,stk.,Netto,https://static.tilbudsugen.dk/1st-retail/2025/50/64144/Netto502025-1_30_3298x3842_4815x5213_zoom.jpg,2025-12-06,2025-12-12,https://res.cloudinary.com/dfqzmnlga/image/upload/v1765020319/2025-12-06/10862969.jpg
10862975,59.00,,Børnebøger,Børnebøger,1,0,stk.,Netto,https://static.tilbudsugen.dk/1st-retail/2025/50/64144/Netto502025-1_31_2537x171_4949x3540_zoom.jpg,2025-12-06,2025-12-12,https://res.cloudinary.com/dfqzmnlga/image/upload/v1765020319/2025-12-06/10862975.jpg
10808514,199.00,,Boligtekstiler,Puder,1,0,stk.,Netto,https://static.tilbudsugen.dk/1st-retail/2025/46/63858/Netto452025-1_37_2346x4430_4943x6697_zoom.jpg,2025-11-08,2025-12-12,https://res.cloudinary.com/dfqzmnlga/image/upload/v1765020320/2025-12-06/10808514.jpg
10808530,49.00,Sinful,Diverse,Sexlegetøj,1,0,stk.,Netto,https://static.tilbudsugen.dk/1st-retail/2025/46/63858/Netto452025-1_37_2771x1769_3825x2690_zoom.jpg,2025-11-08,2025-12-12,https://res.cloudinary.com/dfqzmnlga/image/upload/v1765020320/2025-12-06/10808530.jpg
10862958,40.00,,Sokker/Strømper,Sokker,1,0,pk.,Netto,https://static.tilbudsugen.dk/1st-retail/2025/50/64144/Netto502025-1_28_3217x4549_4933x6617_zoom.jpg,2025-12-06,2025-12-12,https://res.cloudinary.com/dfqzmnlga/image/upload/v1765020320/2025-12-06/10862958.jpg
10863343,30.00,,Gryder og pander,Serveringsgryde,1,0,stk.,Netto,https://static.tilbudsugen.dk/1st-retail/2025/50/64144/Netto502025-1_25_268x3706_3290x6776_zoom.jpg,2025-12-06,2025-12-12,https://res.cloudinary.com/dfqzmnlga/image/upload/v1765020321/2025-12-06/10863343.jpg
10862981,299.00,,Diverse elartikler,Varmetæppe,1,0,stk.,Netto,https://static.tilbudsugen.dk/1st-retail/2025/50/64144/Netto502025-1_32_313x2476_4863x4593_zoom.jpg,2025-12-06,2025-12-12,https://res.cloudinary.com/dfqzmnlga/image/upload/v1765020321/2025-12-06/10862981.jpg
10862986,99.00,,Køkkenmaskiner,Brødrister,1,0,stk.,Netto,https://static.tilbudsugen.dk/1st-retail/2025/50/64144/Netto502025-1_33_237x182_2488x3508_zoom.jpg,2025-12-06,2025-12-12,https://res.cloudinary.com/dfqzmnlga/image/upload/v1765020322/2025-12-06/10862986.jpg
10863338,50.00,,Diverse bøger,Kogebøger,1,0,stk.,Netto,https://static.tilbudsugen.dk/1st-retail/2025/50/64144/Netto502025-1_25_299x1171_1716x3777_zoom.jpg,2025-12-06,2025-12-12,https://res.cloudinary.com/dfqzmnlga/image/upload/v1765020322/2025-12-06/10863338.jpg
10863351,79.00,,Damesko og støvler,Damehjemmesko,1,0,stk.,Netto,https://static.tilbudsugen.dk/1st-retail/2025/50/64144/Netto502025-1_26_134x4611_1606x6626_zoom.jpg,2025-12-06,2025-12-12,https://res.cloudinary.com/dfqzmnlga/image/upload/v1765020323/2025-12-06/10863351.jpg
10808525,79.00,Sinful,Spil,Voksenspil,1,0,stk.,Netto,https://static.tilbudsugen.dk/1st-retail/2025/46/63858/Netto452025-1_37_1495x990_2542x2635_zoom.jpg,2025-11-08,2025-12-12,https://res.cloudinary.com/dfqzmnlga/image/upload/v1765020323/2025-12-06/10808525.jpg
10808527,199.00,Sinful,Diverse,Sexlegetøj,1,0,stk.,Netto,https://static.tilbudsugen.dk/1st-retail/2025/46/63858/Netto452025-1_37_2306x486_3440x2698_zoom.jpg,2025-11-08,2025-12-12,https://res.cloudinary.com/dfqzmnlga/image/upload/v1765020324/2025-12-06/10808527.jpg
10862933,50.00,,Outdoor,Handsker,1,0,par,Netto,https://static.tilbudsugen.dk/1st-retail/2025/50/64144/Netto502025-1_27_97x1041_1808x6601_zoom.jpg,2025-12-06,2025-12-12,https://res.cloudinary.com/dfqzmnlga/image/upload/v1765020324/2025-12-06/10862933.jpg
10862955,69.00,,Herresko og støvler,Herrehjemmesko,1,0,par,Netto,https://static.tilbudsugen.dk/1st-retail/2025/50/64144/Netto502025-1_28_97x4657_1911x6606_zoom.jpg,2025-12-06,2025-12-12,https://res.cloudinary.com/dfqzmnlga/image/upload/v1765020324/2025-12-06/10862955.jpg
10862965,149.00,,Boligtekstiler,Sengesæt,1,0,stk.,Netto,https://static.tilbudsugen.dk/1st-retail/2025/50/64144/Netto502025-1_30_254x657_3314x3772_zoom.jpg,2025-12-06,2025-12-12,https://res.cloudinary.com/dfqzmnlga/image/upload/v1765020325/2025-12-06/10862965.jpg
10862971,40.00,,Skriveartikler,Skriveartikler,1,0,stk.,Netto,https://static.tilbudsugen.dk/1st-retail/2025/50/64144/Netto502025-1_30_2521x5246_4836x6806_zoom.jpg,2025-12-06,2025-12-12,https://res.cloudinary.com/dfqzmnlga/image/upload/v1765020325/2025-12-06/10862971.jpg
10862973,40.00,,Kreativitetslegetøj & puslespil,Puslespil,1,0,stk.,Netto,https://static.tilbudsugen.dk/1st-retail/2025/50/64144/Netto502025-1_30_2521x5246_4836x6806_zoom.jpg,2025-12-06,2025-12-12,https://res.cloudinary.com/dfqzmnlga/image/upload/v1765020326/2025-12-06/10862973.jpg
10862977,99.00,Hama,Kreativitetslegetøj & puslespil,Perler,1,0,stk.,Netto,https://static.tilbudsugen.dk/1st-retail/2025/50/64144/Netto502025-1_31_2537x3562_4771x6849_zoom.jpg,2025-12-06,2025-12-12,https://res.cloudinary.com/dfqzmnlga/image/upload/v1765020327/2025-12-06/10862977.jpg
10862989,8.00,,Stearinlys,Gravlys,1,0,stk.,Netto,https://static.tilbudsugen.dk/1st-retail/2025/50/64144/Netto502025-1_33_173x5132_2504x6768_zoom.jpg,2025-12-06,2025-12-12,https://res.cloudinary.com/dfqzmnlga/image/upload/v1765020327/2025-12-06/10862989.jpg
10863342,30.00,,"Skåle, fade og forme",Serveringsfad,1,0,stk.,Netto,https://static.tilbudsugen.dk/1st-retail/2025/50/64144/Netto502025-1_25_268x3706_3290x6776_zoom.jpg,2025-12-06,2025-12-12,https://res.cloudinary.com/dfqzmnlga/image/upload/v1765020327/2025-12-06/10863342.jpg
10863347,50.00,,Outdoor,Halstørklæde,1,0,stk.,Netto,https://static.tilbudsugen.dk/1st-retail/2025/50/64144/Netto502025-1_26_157x470_3101x4674_zoom.jpg,2025-12-06,2025-12-12,https://res.cloudinary.com/dfqzmnlga/image/upload/v1765020328/2025-12-06/10863347.jpg
10863348,25.00,,Dametøj,Leggings,1,0,stk.,Netto,https://static.tilbudsugen.dk/1st-retail/2025/50/64144/Netto502025-1_26_3235x148_4896x3470_zoom.jpg,2025-12-06,2025-12-12,https://res.cloudinary.com/dfqzmnlga/image/upload/v1765020328/2025-12-06/10863348.jpg
10863349,69.00,,Dametøj,Strømpebukser,1,0,pk.,Netto,https://static.tilbudsugen.dk/1st-retail/2025/50/64144/Netto502025-1_26_3314x3438_4817x6548_zoom.jpg,2025-12-06,2025-12-12,https://res.cloudinary.com/dfqzmnlga/image/upload/v1765020329/2025-12-06/10863349.jpg
10808516,129.00,,Boligtekstiler,Sengesæt,1,0,stk.,Netto,https://static.tilbudsugen.dk/1st-retail/2025/46/63858/Netto452025-1_37_165x3186_2723x5005_zoom.jpg,2025-11-08,2025-12-12,https://res.cloudinary.com/dfqzmnlga/image/upload/v1765020329/2025-12-06/10808516.jpg
10808518,129.00,,Dametøj,Pyjamas,1,0,stk.,Netto,https://static.tilbudsugen.dk/1st-retail/2025/46/63858/Netto452025-1_37_165x3186_2723x5005_zoom.jpg,2025-11-08,2025-12-12,https://res.cloudinary.com/dfqzmnlga/image/upload/v1765020330/2025-12-06/10808518.jpg
10808528,79.00,Sinful,Spil,Voksenspil,1,0,stk.,Netto,https://static.tilbudsugen.dk/1st-retail/2025/46/63858/Netto452025-1_37_3211x738_4699x1990_zoom.jpg,2025-11-08,2025-12-12,https://res.cloudinary.com/dfqzmnlga/image/upload/v1765020330/2025-12-06/10808528.jpg
10808532,189.00,Sinful,Diverse,Sexlegetøj,1,0,stk.,Netto,https://static.tilbudsugen.dk/1st-retail/2025/46/63858/Netto452025-1_37_3558x1604_4959x2690_zoom.jpg,2025-11-08,2025-12-12,https://res.cloudinary.com/dfqzmnlga/image/upload/v1765020330/2025-12-06/10808532.jpg
10862938,69.00,,Herresko og støvler,Herrehjemmesko,1,0,par,Netto,https://static.tilbudsugen.dk/1st-retail/2025/50/64144/Netto502025-1_27_1857x4614_4955x6633_zoom.jpg,2025-12-06,2025-12-12,https://res.cloudinary.com/dfqzmnlga/image/upload/v1765020331/2025-12-06/10862938.jpg
10862952,30.00,,Sokker/Strømper,Strømper,1,0,pk.,Netto,https://static.tilbudsugen.dk/1st-retail/2025/50/64144/Netto502025-1_28_3260x2493_4879x4609_zoom.jpg,2025-12-06,2025-12-12,https://res.cloudinary.com/dfqzmnlga/image/upload/v1765020331/2025-12-06/10862952.jpg
10862974,50.00,,Børnebøger,Børnebøger,1,0,stk.,Netto,https://static.tilbudsugen.dk/1st-retail/2025/50/64144/Netto502025-1_31_248x252_2521x3567_zoom.jpg,2025-12-06,2025-12-12,https://res.cloudinary.com/dfqzmnlga/image/upload/v1765020332/2025-12-06/10862974.jpg
10808509,149.00,,"Hårtørrer, krøljern, trimmer m.m",Glattejern,1,0,stk.,Netto,https://static.tilbudsugen.dk/1st-retail/2025/46/63858/Netto452025-1_37_110x4800_2464x6650_zoom.jpg,2025-11-08,2025-12-12,https://res.cloudinary.com/dfqzmnlga/image/upload/v1765020333/2025-12-06/10808509.jpg
10808512,30.00,,Diverse,Sovemaske,1,0,stk.,Netto,https://static.tilbudsugen.dk/1st-retail/2025/46/63858/Netto452025-1_37_2346x4430_4943x6697_zoom.jpg,2025-11-08,2025-12-12,https://res.cloudinary.com/dfqzmnlga/image/upload/v1765020333/2025-12-06/10808512.jpg
10862936,69.00,,Damesko og støvler,Damehjemmesko,1,0,stk.,Netto,https://static.tilbudsugen.dk/1st-retail/2025/50/64144/Netto502025-1_27_1857x4614_4955x6633_zoom.jpg,2025-12-06,2025-12-12,https://res.cloudinary.com/dfqzmnlga/image/upload/v1765020333/2025-12-06/10862936.jpg
10862941,25.00,,Outdoor,Hue,1,0,stk.,Netto,https://static.tilbudsugen.dk/1st-retail/2025/50/64144/Netto502025-1_27_1781x231_4912x4560_zoom.jpg,2025-12-06,2025-12-12,https://res.cloudinary.com/dfqzmnlga/image/upload/v1765020334/2025-12-06/10862941.jpg
10862942,25.00,,Outdoor,Halsedisse,1,0,par,Netto,https://static.tilbudsugen.dk/1st-retail/2025/50/64144/Netto502025-1_27_1781x231_4912x4560_zoom.jpg,2025-12-06,2025-12-12,https://res.cloudinary.com/dfqzmnlga/image/upload/v1765020334/2025-12-06/10862942.jpg
10862945,50.00,,Outdoor,Halsedisse,1,0,par,Netto,https://static.tilbudsugen.dk/1st-retail/2025/50/64144/Netto502025-1_28_151x252_3195x4636_zoom.jpg,2025-12-06,2025-12-12,https://res.cloudinary.com/dfqzmnlga/image/upload/v1765020335/2025-12-06/10862945.jpg
10862954,69.00,,Damesko og støvler,Damehjemmesko,1,0,stk.,Netto,https://static.tilbudsugen.dk/1st-retail/2025/50/64144/Netto502025-1_28_97x4657_1911x6606_zoom.jpg,2025-12-06,2025-12-12,https://res.cloudinary.com/dfqzmnlga/image/upload/v1765020335/2025-12-06/10862954.jpg
10862961,40.00,,Sokker/Strømper,Strømper,1,0,pk.,Netto,https://static.tilbudsugen.dk/1st-retail/2025/50/64144/Netto502025-1_29_162x3540_2299x6471_zoom.jpg,2025-12-06,2025-12-12,https://res.cloudinary.com/dfqzmnlga/image/upload/v1765020336/2025-12-06/10862961.jpg
10862970,99.00,,Kreativitetslegetøj & puslespil,Perler,1,0,stk.,Netto,https://static.tilbudsugen.dk/1st-retail/2025/50/64144/Netto502025-1_30_216x5197_2445x6811_zoom.jpg,2025-12-06,2025-12-12,https://res.cloudinary.com/dfqzmnlga/image/upload/v1765020337/2025-12-06/10862970.jpg
10862972,40.00,,Spil,Spil,1,0,stk.,Netto,https://static.tilbudsugen.dk/1st-retail/2025/50/64144/Netto502025-1_30_2521x5246_4836x6806_zoom.jpg,2025-12-06,2025-12-12,https://res.cloudinary.com/dfqzmnlga/image/upload/v1765020337/2025-12-06/10862972.jpg
10862976,30.00,,Diverse bøger,Opgavebog,1,0,stk.,Netto,https://static.tilbudsugen.dk/1st-retail/2025/50/64144/Netto502025-1_31_291x3599_2456x6806_zoom.jpg,2025-12-06,2025-12-12,https://res.cloudinary.com/dfqzmnlga/image/upload/v1765020338/2025-12-06/10862976.jpg
10863339,50.00,,"Skåle, fade og forme",Tapasfad,1,0,stk.,Netto,https://static.tilbudsugen.dk/1st-retail/2025/50/64144/Netto502025-1_25_1826x282_4754x3722_zoom.jpg,2025-12-06,2025-12-12,https://res.cloudinary.com/dfqzmnlga/image/upload/v1765020339/2025-12-06/10863339.jpg
10863345,50.00,,Køkkenredskaber,Skærebræt,1,0,stk.,Netto,https://static.tilbudsugen.dk/1st-retail/2025/50/64144/Netto502025-1_25_1826x282_4754x3722_zoom.jpg,2025-12-06,2025-12-12,https://res.cloudinary.com/dfqzmnlga/image/upload/v1765020339/2025-12-06/10863345.jpg
10863346,79.00,,"Skåle, fade og forme",Bakke,1,0,stk.,Netto,https://static.tilbudsugen.dk/1st-retail/2025/50/64144/Netto502025-1_25_1826x282_4754x3722_zoom.jpg,2025-12-06,2025-12-12,https://res.cloudinary.com/dfqzmnlga/image/upload/v1765020340/2025-12-06/10863346.jpg
10863350,50.00,,Outdoor,Handsker,1,0,par,Netto,https://static.tilbudsugen.dk/1st-retail/2025/50/64144/Netto502025-1_26_1535x4611_3329x6555_zoom.jpg,2025-12-06,2025-12-12,https://res.cloudinary.com/dfqzmnlga/image/upload/v1765020340/2025-12-06/10863350.jpg
10862987,99.00,,Køkkenmaskiner,Elkedel,1,0,stk.,Netto,https://static.tilbudsugen.dk/1st-retail/2025/50/64144/Netto502025-1_33_2580x161_4804x3545_zoom.jpg,2025-12-06,2025-12-12,https://res.cloudinary.com/dfqzmnlga/image/upload/v1765020341/2025-12-06/10862987.jpg
