data_id,price,brand,category,product_name,units,quantity,unit_type,store_name,image_url,start_date,end_date,public_urls
10961618,15.00,,Husholdningsartikler,Tegnestifter,1,100,æsk.,Netto,https://static.tilbudsugen.dk/1st-retail/2026/8/64621/Netto72026-1_34_250x3572_4770x5147_zoom.jpg,2026-02-14,2026-02-20,https://res.cloudinary.com/dfqzmnlga/image/upload/v1771040306/2026-02-14/10961618.jpg
10961685,49.00,Lekaform,Fiskeolie,Fiskeolie,1,300,pk.,Netto,https://static.tilbudsugen.dk/1st-retail/2026/8/64621/Netto72026-1_23_1629x4946_3258x6823_zoom.jpg,2026-02-14,2026-02-20,https://res.cloudinary.com/dfqzmnlga/image/upload/v1771040307/2026-02-14/10961685.jpg
10961684,49.00,Lekaform,Vitaminer,Vitaminer,1,300,ds.,Netto,https://static.tilbudsugen.dk/1st-retail/2026/8/64621/Netto72026-1_23_1629x4946_3258x6823_zoom.jpg,2026-02-14,2026-02-20,https://res.cloudinary.com/dfqzmnlga/image/upload/v1771040307/2026-02-14/10961684.jpg
10961733,10.00,Moist Sensitive,Husholdningspapir,Fugtigt toiletpapir,1,42,pk.,Netto,https://static.tilbudsugen.dk/1st-retail/2026/8/64621/Netto72026-1_23_2444x736_4959x2789_zoom.jpg,2026-02-14,2026-02-20,https://res.cloudinary.com/dfqzmnlga/image/upload/v1771040308/2026-02-14/10961733.jpg
10961709,5.00,Skrald-let,Husholdningsartikler,Affaldsposer,1,15,pk.,Netto,https://static.tilbudsugen.dk/1st-retail/2026/8/64621/Netto72026-1_23_0x697_2437x2802_zoom.jpg,2026-02-14,2026-02-20,https://res.cloudinary.com/dfqzmnlga/image/upload/v1771040308/2026-02-14/10961709.jpg
10961250,3.47,Shine,Rengøringsartikler,Rengøringssvampe,1,10,pk.,Netto,https://static.tilbudsugen.dk/1st-retail/2026/8/64621/Netto72026-1_14_46x5098_2855x7224_zoom.jpg,2026-02-14,2026-02-20,https://res.cloudinary.com/dfqzmnlga/image/upload/v1771040309/2026-02-14/10961250.jpg
10961716,5.00,,Husholdningsartikler,Husholdningsposer,1,10,pk.,Netto,https://static.tilbudsugen.dk/1st-retail/2026/8/64621/Netto72026-1_23_0x697_2437x2802_zoom.jpg,2026-02-14,2026-02-20,https://res.cloudinary.com/dfqzmnlga/image/upload/v1771040310/2026-02-14/10961716.jpg
10961686,49.00,Yummylab,Vitaminer,Vitaminer,1,60,gl.,Netto,https://static.tilbudsugen.dk/1st-retail/2026/8/64621/Netto72026-1_23_1629x4946_3258x6823_zoom.jpg,2026-02-14,2026-02-20,https://res.cloudinary.com/dfqzmnlga/image/upload/v1771040311/2026-02-14/10961686.jpg
10932874,20.00,,Papir,Kort,1,10,pk.,Netto,https://static.tilbudsugen.dk/1st-retail/2026/5/64452/Netto42026-1_29_74x4298_4897x6663_zoom.jpg,2026-01-24,2026-02-20,https://res.cloudinary.com/dfqzmnlga/image/upload/v1771040311/2026-02-14/10932874.jpg
10961717,75.00,Touch,Bleer,Bleer str 4 7-12 kg,1,36,pk.,Netto,https://static.tilbudsugen.dk/1st-retail/2026/8/64621/Netto72026-1_23_3252x4790_4926x6843_zoom.jpg,2026-02-14,2026-02-20,https://res.cloudinary.com/dfqzmnlga/image/upload/v1771040312/2026-02-14/10961717.jpg
10961740,22.00,ØGO,Skalæg,Økologiske æg M/L,1,10,bk.,Netto,https://static.tilbudsugen.dk/1st-retail/2026/8/64621/Netto72026-1_24_0x4515_4893x6906_zoom.jpg,2026-02-14,2026-02-20,https://res.cloudinary.com/dfqzmnlga/image/upload/v1771040313/2026-02-14/10961740.jpg
10961721,75.00,Touch,Bleer,Bleer str 5 9-14 kg,1,33,pk.,Netto,https://static.tilbudsugen.dk/1st-retail/2026/8/64621/Netto72026-1_23_3252x4790_4926x6843_zoom.jpg,2026-02-14,2026-02-20,https://res.cloudinary.com/dfqzmnlga/image/upload/v1771040314/2026-02-14/10961721.jpg
10961728,75.00,Touch,Bleer,Bleer str 6 Pants 13-20 kg,1,30,pk.,Netto,https://static.tilbudsugen.dk/1st-retail/2026/8/64621/Netto72026-1_23_3252x4790_4926x6843_zoom.jpg,2026-02-14,2026-02-20,https://res.cloudinary.com/dfqzmnlga/image/upload/v1771040315/2026-02-14/10961728.jpg
10961726,75.00,Touch,Bleer,Bleer str 6 13-20 kg,1,30,pk.,Netto,https://static.tilbudsugen.dk/1st-retail/2026/8/64621/Netto72026-1_23_3252x4790_4926x6843_zoom.jpg,2026-02-14,2026-02-20,https://res.cloudinary.com/dfqzmnlga/image/upload/v1771040316/2026-02-14/10961726.jpg
10961404,20.00,,Frugt,Æbler,1,6,bk.,Netto,https://static.tilbudsugen.dk/1st-retail/2026/8/64621/Netto72026-1_9_2391x3230_4975x5236_zoom.jpg,2026-02-14,2026-02-20,https://res.cloudinary.com/dfqzmnlga/image/upload/v1771040316/2026-02-14/10961404.jpg
10932873,12.00,,Bånd/papir,Gavepapir,1,3,stk.,Netto,https://static.tilbudsugen.dk/1st-retail/2026/5/64452/Netto42026-1_29_74x4298_4897x6663_zoom.jpg,2026-01-24,2026-02-20,https://res.cloudinary.com/dfqzmnlga/image/upload/v1771040317/2026-02-14/10932873.jpg
10961420,13.00,,Grønt,Snack Agurker,1,3,pk.,Netto,https://static.tilbudsugen.dk/1st-retail/2026/8/64621/Netto72026-1_9_2426x1313_4941x3243_zoom.jpg,2026-02-14,2026-02-20,https://res.cloudinary.com/dfqzmnlga/image/upload/v1771040317/2026-02-14/10961420.jpg
10961409,18.00,,Frugt,Nektariner,1,4,bk.,Netto,https://static.tilbudsugen.dk/1st-retail/2026/8/64621/Netto72026-1_9_27x3202_2481x5257_zoom.jpg,2026-02-14,2026-02-20,https://res.cloudinary.com/dfqzmnlga/image/upload/v1771040318/2026-02-14/10961409.jpg
10961751,5.00,Bell's,Gryn,Finvalsede Havregryn ,1,1,ps.,Netto,https://static.tilbudsugen.dk/1st-retail/2026/8/64621/Netto72026-1_26_46x3760_2391x6595_zoom.jpg,2026-02-14,2026-02-20,https://res.cloudinary.com/dfqzmnlga/image/upload/v1771040318/2026-02-14/10961751.jpg
10961807,15.00,,Grønt,Avocado,1,3,bk.,Netto,https://static.tilbudsugen.dk/1st-retail/2026/8/64621/Netto72026-1_27_130x391_4789x3037_zoom.jpg,2026-02-14,2026-02-20,https://res.cloudinary.com/dfqzmnlga/image/upload/v1771040319/2026-02-14/10961807.jpg
10932866,25.00,,Sokker/Strømper,Strømper,1,5,pk.,Netto,https://static.tilbudsugen.dk/1st-retail/2026/5/64452/Netto42026-1_30_54x2614_1650x4305_zoom.jpg,2026-01-24,2026-02-20,https://res.cloudinary.com/dfqzmnlga/image/upload/v1771040319/2026-02-14/10932866.jpg
10961413,12.00,,Grønt,Romainesalat,1,2,ps.,Netto,https://static.tilbudsugen.dk/1st-retail/2026/8/64621/Netto72026-1_9_110x5174_2288x7229_zoom.jpg,2026-02-14,2026-02-20,https://res.cloudinary.com/dfqzmnlga/image/upload/v1771040320/2026-02-14/10961413.jpg
10961037,13.00,Pepsi Max,Sodavand,Cola,1,2,fl.,Netto,https://static.tilbudsugen.dk/1st-retail/2026/8/64621/Netto72026-1_1_14x3779_2495x6741_zoom.jpg,2026-02-14,2026-02-20,https://res.cloudinary.com/dfqzmnlga/image/upload/v1771040320/2026-02-14/10961037.jpg
10961031,13.00,Faxe Kondi,Sodavand,Sportssodavand,1,2,fl.,Netto,https://static.tilbudsugen.dk/1st-retail/2026/8/64621/Netto72026-1_1_14x3779_2495x6741_zoom.jpg,2026-02-14,2026-02-20,https://res.cloudinary.com/dfqzmnlga/image/upload/v1771040321/2026-02-14/10961031.jpg
10961036,13.00,0 Kalorier,Sodavand,Sportssodavand,1,2,fl.,Netto,https://static.tilbudsugen.dk/1st-retail/2026/8/64621/Netto72026-1_1_14x3779_2495x6741_zoom.jpg,2026-02-14,2026-02-20,https://res.cloudinary.com/dfqzmnlga/image/upload/v1771040322/2026-02-14/10961036.jpg
10932875,20.00,,Bånd/papir,Gavepose,1,3,pk.,Netto,https://static.tilbudsugen.dk/1st-retail/2026/5/64452/Netto42026-1_29_74x4298_4897x6663_zoom.jpg,2026-01-24,2026-02-20,https://res.cloudinary.com/dfqzmnlga/image/upload/v1771040322/2026-02-14/10932875.jpg
10961636,20.00,,Skotilbehør,Duftpose,1,3,pk.,Netto,https://static.tilbudsugen.dk/1st-retail/2026/8/64621/Netto72026-1_34_235x274_4836x3484_zoom.jpg,2026-02-14,2026-02-20,https://res.cloudinary.com/dfqzmnlga/image/upload/v1771040323/2026-02-14/10961636.jpg
10961603,14.00,,Sokker/Strømper,Strømper,1,2,pk.,Netto,https://static.tilbudsugen.dk/1st-retail/2026/8/64621/Netto72026-1_33_2451x4927_4704x6819_zoom.jpg,2026-02-14,2026-02-20,https://res.cloudinary.com/dfqzmnlga/image/upload/v1771040323/2026-02-14/10961603.jpg
10961604,14.00,,Sokker/Strømper,Strømper,1,2,pk.,Netto,https://static.tilbudsugen.dk/1st-retail/2026/8/64621/Netto72026-1_33_294x4941_2451x6782_zoom.jpg,2026-02-14,2026-02-20,https://res.cloudinary.com/dfqzmnlga/image/upload/v1771040324/2026-02-14/10961604.jpg
10952741,25.00,Magnum,Multipak,La-Peche ispinde,1,3,pk.,Netto,https://static.tilbudsugen.dk/1st-retail/2026/7/64562/Netto62026-1_19_1673x2799_3366x4831_zoom.jpg,2026-02-01,2026-02-28,https://res.cloudinary.com/dfqzmnlga/image/upload/v1771040324/2026-02-14/10952741.jpg
10952749,25.00,Magnum,Multipak,Double Gold Caramel ispinde,1,3,pk.,Netto,https://static.tilbudsugen.dk/1st-retail/2026/7/64562/Netto62026-1_19_1673x2799_3366x4831_zoom.jpg,2026-02-01,2026-02-28,https://res.cloudinary.com/dfqzmnlga/image/upload/v1771040325/2026-02-14/10952749.jpg
10952740,25.00,Magnum,Multipak,La-Pistachie ispinde,1,3,pk.,Netto,https://static.tilbudsugen.dk/1st-retail/2026/7/64562/Netto62026-1_19_1673x2799_3366x4831_zoom.jpg,2026-02-01,2026-02-28,https://res.cloudinary.com/dfqzmnlga/image/upload/v1771040326/2026-02-14/10952740.jpg
10952739,25.00,Magnum,Multipak,Almond ispinde,1,3,pk.,Netto,https://static.tilbudsugen.dk/1st-retail/2026/7/64562/Netto62026-1_19_1673x2799_3366x4831_zoom.jpg,2026-02-01,2026-02-28,https://res.cloudinary.com/dfqzmnlga/image/upload/v1771040326/2026-02-14/10952739.jpg
10952742,25.00,Magnum,Multipak,Euphoria Ispinde ,1,3,pk.,Netto,https://static.tilbudsugen.dk/1st-retail/2026/7/64562/Netto62026-1_19_1673x2799_3366x4831_zoom.jpg,2026-02-01,2026-02-28,https://res.cloudinary.com/dfqzmnlga/image/upload/v1771040326/2026-02-14/10952742.jpg
10952738,25.00,Magnum,Multipak,Classic ispinde,1,3,pk.,Netto,https://static.tilbudsugen.dk/1st-retail/2026/7/64562/Netto62026-1_19_1673x2799_3366x4831_zoom.jpg,2026-02-01,2026-02-28,https://res.cloudinary.com/dfqzmnlga/image/upload/v1771040327/2026-02-14/10952738.jpg
10961512,3.00,Classic,Øl,Øl,1,0,ds.,Netto,https://static.tilbudsugen.dk/1st-retail/2026/8/64621/Netto72026-1_20_1844x626_3343x1877_zoom.jpg,2026-02-14,2026-02-20,https://res.cloudinary.com/dfqzmnlga/image/upload/v1771040327/2026-02-14/10961512.jpg
10961514,3.00,Pilsner,Øl,Øl,1,0,ds.,Netto,https://static.tilbudsugen.dk/1st-retail/2026/8/64621/Netto72026-1_20_1844x626_3343x1877_zoom.jpg,2026-02-14,2026-02-20,https://res.cloudinary.com/dfqzmnlga/image/upload/v1771040328/2026-02-14/10961514.jpg
10952872,79.00,Coca Cola Zero,Sodavand,Cola 24 pk.,24,0,fl.,Netto,https://static.tilbudsugen.dk/1st-retail/2026/7/64562/Netto62026-1_25_15x2395_2608x4649_zoom.jpg,2026-02-01,2026-02-28,https://res.cloudinary.com/dfqzmnlga/image/upload/v1771040328/2026-02-14/10952872.jpg
10952867,79.00,Coca Cola,Sodavand,Cola 24 pk.,24,0,fl.,Netto,https://static.tilbudsugen.dk/1st-retail/2026/7/64562/Netto62026-1_25_15x2395_2608x4649_zoom.jpg,2026-02-01,2026-02-28,https://res.cloudinary.com/dfqzmnlga/image/upload/v1771040329/2026-02-14/10952867.jpg
10961276,12.00,Lacto FREE,Mælk,Letmælk,1,1,krt.,Netto,https://static.tilbudsugen.dk/1st-retail/2026/8/64621/Netto72026-1_15_2172x692_4872x3477_zoom.jpg,2026-02-14,2026-02-20,https://res.cloudinary.com/dfqzmnlga/image/upload/v1771040329/2026-02-14/10961276.jpg
10961275,12.00,Lacto FREE,Mælk,Minimælk,1,1,krt.,Netto,https://static.tilbudsugen.dk/1st-retail/2026/8/64621/Netto72026-1_15_2172x692_4872x3477_zoom.jpg,2026-02-14,2026-02-20,https://res.cloudinary.com/dfqzmnlga/image/upload/v1771040329/2026-02-14/10961275.jpg
10961277,12.00,Lacto FREE,Mælk,Sødmælk,1,1,krt.,Netto,https://static.tilbudsugen.dk/1st-retail/2026/8/64621/Netto72026-1_15_2172x692_4872x3477_zoom.jpg,2026-02-14,2026-02-20,https://res.cloudinary.com/dfqzmnlga/image/upload/v1771040330/2026-02-14/10961277.jpg
10961183,10.00,Harvest Best,Grøntsager,Haricots Verts,1,0,ps.,Netto,https://static.tilbudsugen.dk/1st-retail/2026/8/64621/Netto72026-1_1_7x1416_2536x3807_zoom.jpg,2026-02-14,2026-02-20,https://res.cloudinary.com/dfqzmnlga/image/upload/v1771040330/2026-02-14/10961183.jpg
10961503,40.00,,Lingeri,Trusser,1,3,pk.,Netto,https://static.tilbudsugen.dk/1st-retail/2026/8/64621/Netto72026-1_29_1870x5133_3320x6789_zoom.jpg,2026-02-14,2026-02-20,https://res.cloudinary.com/dfqzmnlga/image/upload/v1771040331/2026-02-14/10961503.jpg
10961189,10.00,Harvest Best,Grøntsager,Helbladet Spinat,1,0,ps.,Netto,https://static.tilbudsugen.dk/1st-retail/2026/8/64621/Netto72026-1_1_7x1416_2536x3807_zoom.jpg,2026-02-14,2026-02-20,https://res.cloudinary.com/dfqzmnlga/image/upload/v1771040332/2026-02-14/10961189.jpg
10961543,14.00,Løgismose,Juice,Æblemost,1,1,krt.,Netto,https://static.tilbudsugen.dk/1st-retail/2026/8/64621/Netto72026-1_20_2515x5220_4998x6758_zoom.jpg,2026-02-14,2026-02-20,https://res.cloudinary.com/dfqzmnlga/image/upload/v1771040332/2026-02-14/10961543.jpg
10961538,14.00,Løgismose,Juice,Æblemost Hyldeblomst & Citron,1,1,krt.,Netto,https://static.tilbudsugen.dk/1st-retail/2026/8/64621/Netto72026-1_20_2515x5220_4998x6758_zoom.jpg,2026-02-14,2026-02-20,https://res.cloudinary.com/dfqzmnlga/image/upload/v1771040333/2026-02-14/10961538.jpg
10961542,14.00,Løgismose,Juice,Æblemost Ingefær,1,1,krt.,Netto,https://static.tilbudsugen.dk/1st-retail/2026/8/64621/Netto72026-1_20_2515x5220_4998x6758_zoom.jpg,2026-02-14,2026-02-20,https://res.cloudinary.com/dfqzmnlga/image/upload/v1771040333/2026-02-14/10961542.jpg
10961179,10.00,Harvest Best,Grøntsager,Fine Ærter,1,0,ps.,Netto,https://static.tilbudsugen.dk/1st-retail/2026/8/64621/Netto72026-1_1_7x1416_2536x3807_zoom.jpg,2026-02-14,2026-02-20,https://res.cloudinary.com/dfqzmnlga/image/upload/v1771040334/2026-02-14/10961179.jpg
10961811,15.00,Ollineo,Olier,Rapsolie,1,1,fl.,Netto,https://static.tilbudsugen.dk/1st-retail/2026/8/64621/Netto72026-1_27_104x2594_4913x6556_zoom.jpg,2026-02-14,2026-02-20,https://res.cloudinary.com/dfqzmnlga/image/upload/v1771040334/2026-02-14/10961811.jpg
10961817,15.00,Ollineo,Olier,Solsikkeolie,1,1,fl.,Netto,https://static.tilbudsugen.dk/1st-retail/2026/8/64621/Netto72026-1_27_104x2594_4913x6556_zoom.jpg,2026-02-14,2026-02-20,https://res.cloudinary.com/dfqzmnlga/image/upload/v1771040335/2026-02-14/10961817.jpg
10961194,12.00,Kohberg,Rugbrød i Skiver,Solsikkerugbrød,1,0,pk.,Netto,https://static.tilbudsugen.dk/1st-retail/2026/8/64621/Netto72026-1_2_2359x2457_4907x4686_zoom.jpg,2026-02-14,2026-02-20,https://res.cloudinary.com/dfqzmnlga/image/upload/v1771040335/2026-02-14/10961194.jpg
10961226,14.00,ØGO,Grønt,Gulerødder,1,0,ps.,Netto,https://static.tilbudsugen.dk/1st-retail/2026/8/64621/Netto72026-1_12_1683x188_4887x2112_zoom.jpg,2026-02-14,2026-02-20,https://res.cloudinary.com/dfqzmnlga/image/upload/v1771040337/2026-02-14/10961226.jpg
10961450,18.00,Klar & Klassisk,Klar Suppe,Hønsekødssuppe,1,1,pk.,Netto,https://static.tilbudsugen.dk/1st-retail/2026/8/64621/Netto72026-1_19_1688x782_3265x2848_zoom.jpg,2026-02-14,2026-02-20,https://res.cloudinary.com/dfqzmnlga/image/upload/v1771040337/2026-02-14/10961450.jpg
10961454,18.00,Klar & Klassisk,Klar Suppe,Oksekødssuppe,1,1,pk.,Netto,https://static.tilbudsugen.dk/1st-retail/2026/8/64621/Netto72026-1_19_1688x782_3265x2848_zoom.jpg,2026-02-14,2026-02-20,https://res.cloudinary.com/dfqzmnlga/image/upload/v1771040338/2026-02-14/10961454.jpg
10952874,79.00,Energy,Energi- Sports- & Vitamindrikke,Energidrik 8 pk.,8,0,ds.,Netto,https://static.tilbudsugen.dk/1st-retail/2026/7/64562/Netto62026-1_25_15x2395_2608x4649_zoom.jpg,2026-02-01,2026-02-28,https://res.cloudinary.com/dfqzmnlga/image/upload/v1771040338/2026-02-14/10952874.jpg
10952873,79.00,Ultra Energy,Energi- Sports- & Vitamindrikke,Energidrik 8 pk.,8,0,ds.,Netto,https://static.tilbudsugen.dk/1st-retail/2026/7/64562/Netto62026-1_25_15x2395_2608x4649_zoom.jpg,2026-02-01,2026-02-28,https://res.cloudinary.com/dfqzmnlga/image/upload/v1771040338/2026-02-14/10952873.jpg
10961196,12.00,Mesterværk,Rugbrød i Skiver,Rugbrødsskiver,1,0,pk.,Netto,https://static.tilbudsugen.dk/1st-retail/2026/8/64621/Netto72026-1_2_2359x2457_4907x4686_zoom.jpg,2026-02-14,2026-02-20,https://res.cloudinary.com/dfqzmnlga/image/upload/v1771040339/2026-02-14/10961196.jpg
10961601,10.00,Vitamin By State Zero Citrus & Hylde,Energi- Sports- & Vitamindrikke,Energidrik,1,0,fl.,Netto,https://static.tilbudsugen.dk/1st-retail/2026/8/64621/Netto72026-1_20_0x3578_2457x5207_zoom.jpg,2026-02-14,2026-02-20,https://res.cloudinary.com/dfqzmnlga/image/upload/v1771040339/2026-02-14/10961601.jpg
10961693,40.00,Noora,Skyllemiddel,Skyllemiddel,1,2,fl.,Netto,https://static.tilbudsugen.dk/1st-retail/2026/8/64621/Netto72026-1_23_39x4770_1636x6836_zoom.jpg,2026-02-14,2026-02-20,https://res.cloudinary.com/dfqzmnlga/image/upload/v1771040339/2026-02-14/10961693.jpg
10961697,20.00,Vel,Opvask,Opvaskemiddel,1,1,pk.,Netto,https://static.tilbudsugen.dk/1st-retail/2026/8/64621/Netto72026-1_23_1688x2809_3226x4914_zoom.jpg,2026-02-14,2026-02-20,https://res.cloudinary.com/dfqzmnlga/image/upload/v1771040340/2026-02-14/10961697.jpg
10961181,10.00,Harvest Best,Grøntsager,Wok Mix,1,0,ps.,Netto,https://static.tilbudsugen.dk/1st-retail/2026/8/64621/Netto72026-1_1_7x1416_2536x3807_zoom.jpg,2026-02-14,2026-02-20,https://res.cloudinary.com/dfqzmnlga/image/upload/v1771040341/2026-02-14/10961181.jpg
10961600,10.00,Vitamin By State Lemonade,Energi- Sports- & Vitamindrikke,Energidrik,1,0,fl.,Netto,https://static.tilbudsugen.dk/1st-retail/2026/8/64621/Netto72026-1_20_0x3578_2457x5207_zoom.jpg,2026-02-14,2026-02-20,https://res.cloudinary.com/dfqzmnlga/image/upload/v1771040341/2026-02-14/10961600.jpg
10961610,10.00,Tørst,Saft,Jordbær & Rababerdrik Zero,1,0,fl.,Netto,https://static.tilbudsugen.dk/1st-retail/2026/8/64621/Netto72026-1_20_0x3578_2457x5207_zoom.jpg,2026-02-14,2026-02-20,https://res.cloudinary.com/dfqzmnlga/image/upload/v1771040342/2026-02-14/10961610.jpg
10961606,10.00,Valsølille,Juice,Vitamin Water Citron & Lime,1,0,stk.,Netto,https://static.tilbudsugen.dk/1st-retail/2026/8/64621/Netto72026-1_20_0x3578_2457x5207_zoom.jpg,2026-02-14,2026-02-20,https://res.cloudinary.com/dfqzmnlga/image/upload/v1771040343/2026-02-14/10961606.jpg
10961608,10.00,Valsølille,Juice,Vitamin Water Fersken & Passion,1,0,stk.,Netto,https://static.tilbudsugen.dk/1st-retail/2026/8/64621/Netto72026-1_20_0x3578_2457x5207_zoom.jpg,2026-02-14,2026-02-20,https://res.cloudinary.com/dfqzmnlga/image/upload/v1771040344/2026-02-14/10961608.jpg
10961256,5.00,Coffee & Milk,Iste & Iskaffe,Iskaffe,1,0,stk.,Netto,https://static.tilbudsugen.dk/1st-retail/2026/8/64621/Netto72026-1_15_46x3485_1714x5253_zoom.jpg,2026-02-14,2026-02-20,https://res.cloudinary.com/dfqzmnlga/image/upload/v1771040346/2026-02-14/10961256.jpg
10961312,5.00,Matilde,Mælk m/smag,Kakaomælk,1,0,ds.,Netto,https://static.tilbudsugen.dk/1st-retail/2026/8/64621/Netto72026-1_15_46x3485_1714x5253_zoom.jpg,2026-02-14,2026-02-20,https://res.cloudinary.com/dfqzmnlga/image/upload/v1771040346/2026-02-14/10961312.jpg
10961580,49.00,Juicy IPA,Specialøl,Specialøl 6 pk.,6,0,ds.,Netto,https://static.tilbudsugen.dk/1st-retail/2026/8/64621/Netto72026-1_20_59x1825_2483x3558_zoom.jpg,2026-02-14,2026-02-20,https://res.cloudinary.com/dfqzmnlga/image/upload/v1771040348/2026-02-14/10961580.jpg
10961577,49.00,Yakima IPA,Specialøl,Specialøl 6 pk.,6,0,ds.,Netto,https://static.tilbudsugen.dk/1st-retail/2026/8/64621/Netto72026-1_20_59x1825_2483x3558_zoom.jpg,2026-02-14,2026-02-20,https://res.cloudinary.com/dfqzmnlga/image/upload/v1771040349/2026-02-14/10961577.jpg
10961582,49.00,Stonewall Inn IPA,Specialøl,Specialøl 6 pk.,6,0,ds.,Netto,https://static.tilbudsugen.dk/1st-retail/2026/8/64621/Netto72026-1_20_59x1825_2483x3558_zoom.jpg,2026-02-14,2026-02-20,https://res.cloudinary.com/dfqzmnlga/image/upload/v1771040350/2026-02-14/10961582.jpg
10961592,10.00,Lime Orange,Energi- Sports- & Vitamindrikke,Energidrik,1,0,fl.,Netto,https://static.tilbudsugen.dk/1st-retail/2026/8/64621/Netto72026-1_20_0x3578_2457x5207_zoom.jpg,2026-02-14,2026-02-20,https://res.cloudinary.com/dfqzmnlga/image/upload/v1771040350/2026-02-14/10961592.jpg
10961116,10.00,Harvest Best,Grøntsager,Mukimame Bønner,1,0,ps.,Netto,https://static.tilbudsugen.dk/1st-retail/2026/8/64621/Netto72026-1_1_7x1416_2536x3807_zoom.jpg,2026-02-14,2026-02-20,https://res.cloudinary.com/dfqzmnlga/image/upload/v1771040351/2026-02-14/10961116.jpg
10961586,10.00,Pineapple,Energi- Sports- & Vitamindrikke,Energidrik,1,0,fl.,Netto,https://static.tilbudsugen.dk/1st-retail/2026/8/64621/Netto72026-1_20_0x3578_2457x5207_zoom.jpg,2026-02-14,2026-02-20,https://res.cloudinary.com/dfqzmnlga/image/upload/v1771040351/2026-02-14/10961586.jpg
10961597,10.00,Lime Orange Zero,Energi- Sports- & Vitamindrikke,Energidrik,1,0,fl.,Netto,https://static.tilbudsugen.dk/1st-retail/2026/8/64621/Netto72026-1_20_0x3578_2457x5207_zoom.jpg,2026-02-14,2026-02-20,https://res.cloudinary.com/dfqzmnlga/image/upload/v1771040353/2026-02-14/10961597.jpg
10961598,10.00,Pineapple Zero,Energi- Sports- & Vitamindrikke,Energidrik,1,0,fl.,Netto,https://static.tilbudsugen.dk/1st-retail/2026/8/64621/Netto72026-1_20_0x3578_2457x5207_zoom.jpg,2026-02-14,2026-02-20,https://res.cloudinary.com/dfqzmnlga/image/upload/v1771040353/2026-02-14/10961598.jpg
10961689,10.00,Fiona&Friends,"Sæbe, bad, dusch",Flydende sæbe,1,0,stk.,Netto,https://static.tilbudsugen.dk/1st-retail/2026/8/64621/Netto72026-1_23_65x2854_1707x4881_zoom.jpg,2026-02-14,2026-02-20,https://res.cloudinary.com/dfqzmnlga/image/upload/v1771040354/2026-02-14/10961689.jpg
10961533,25.00,Booster ,Energi- Sports- & Vitamindrikke,Energidrik 24 pk.,4,0,ds.,Netto,https://static.tilbudsugen.dk/1st-retail/2026/8/64621/Netto72026-1_20_46x684_1870x1831_zoom.jpg,2026-02-14,2026-02-20,https://res.cloudinary.com/dfqzmnlga/image/upload/v1771040354/2026-02-14/10961533.jpg
10961195,12.00,Kohberg,Boller & Morgenbrød,Yoghurtboller,1,0,ps.,Netto,https://static.tilbudsugen.dk/1st-retail/2026/8/64621/Netto72026-1_2_2359x2457_4907x4686_zoom.jpg,2026-02-14,2026-02-20,https://res.cloudinary.com/dfqzmnlga/image/upload/v1771040355/2026-02-14/10961195.jpg
10961229,16.00,ØGO,Kartofler,Steak Fries,1,0,ps.,Netto,https://static.tilbudsugen.dk/1st-retail/2026/8/64621/Netto72026-1_12_1792x5106_3406x7263_zoom.jpg,2026-02-14,2026-02-20,https://res.cloudinary.com/dfqzmnlga/image/upload/v1771040355/2026-02-14/10961229.jpg
10961694,20.00,Ajax,Rengøringsmidler,Rengøring - universal,1,0,fl.,Netto,https://static.tilbudsugen.dk/1st-retail/2026/8/64621/Netto72026-1_23_1688x2809_3226x4914_zoom.jpg,2026-02-14,2026-02-20,https://res.cloudinary.com/dfqzmnlga/image/upload/v1771040356/2026-02-14/10961694.jpg
10961268,12.00,Cultura,Syrnet morgenmad,Naturel Yoghurt ,1,0,bg.,Netto,https://static.tilbudsugen.dk/1st-retail/2026/8/64621/Netto72026-1_15_1614x3430_3344x5315_zoom.jpg,2026-02-14,2026-02-20,https://res.cloudinary.com/dfqzmnlga/image/upload/v1771040357/2026-02-14/10961268.jpg
10961267,12.00,Cultura,Syrnet morgenmad,Jordbær Yoghurt ,1,0,bg.,Netto,https://static.tilbudsugen.dk/1st-retail/2026/8/64621/Netto72026-1_15_1614x3430_3344x5315_zoom.jpg,2026-02-14,2026-02-20,https://res.cloudinary.com/dfqzmnlga/image/upload/v1771040357/2026-02-14/10961267.jpg
10961266,12.00,Cultura,Syrnet morgenmad,Blåbær Yoghurt ,1,0,bg.,Netto,https://static.tilbudsugen.dk/1st-retail/2026/8/64621/Netto72026-1_15_1614x3430_3344x5315_zoom.jpg,2026-02-14,2026-02-20,https://res.cloudinary.com/dfqzmnlga/image/upload/v1771040358/2026-02-14/10961266.jpg
10961691,40.00,A+,Vaskemiddel,Vaskemiddel-flydende,1,1,stk.,Netto,https://static.tilbudsugen.dk/1st-retail/2026/8/64621/Netto72026-1_23_39x4770_1636x6836_zoom.jpg,2026-02-14,2026-02-20,https://res.cloudinary.com/dfqzmnlga/image/upload/v1771040359/2026-02-14/10961691.jpg
10961523,14.00,Ultra Peachy Keen,Energi- Sports- & Vitamindrikke,Energidrik,1,0,ds.,Netto,https://static.tilbudsugen.dk/1st-retail/2026/8/64621/Netto72026-1_20_3317x215_4913x1903_zoom.jpg,2026-02-14,2026-02-20,https://res.cloudinary.com/dfqzmnlga/image/upload/v1771040359/2026-02-14/10961523.jpg
10961530,14.00,Lando Norris,Energi- Sports- & Vitamindrikke,Energidrik,1,0,ds.,Netto,https://static.tilbudsugen.dk/1st-retail/2026/8/64621/Netto72026-1_20_3317x215_4913x1903_zoom.jpg,2026-02-14,2026-02-20,https://res.cloudinary.com/dfqzmnlga/image/upload/v1771040360/2026-02-14/10961530.jpg
10961486,7.00,Egelykke,Mellemmåltider,Drikkeyoghurt Lemon & Lime,1,0,fl.,Netto,https://static.tilbudsugen.dk/1st-retail/2026/8/64621/Netto72026-1_18_258x2306_3298x3984_zoom.jpg,2026-02-14,2026-02-20,https://res.cloudinary.com/dfqzmnlga/image/upload/v1771040360/2026-02-14/10961486.jpg
10961487,7.00,Egelykke,Mellemmåltider,Drikkeyoghurt Jordbær,1,0,fl.,Netto,https://static.tilbudsugen.dk/1st-retail/2026/8/64621/Netto72026-1_18_258x2306_3298x3984_zoom.jpg,2026-02-14,2026-02-20,https://res.cloudinary.com/dfqzmnlga/image/upload/v1771040360/2026-02-14/10961487.jpg
10961528,14.00,Ultra Energy,Energi- Sports- & Vitamindrikke,Energidrik,1,0,ds.,Netto,https://static.tilbudsugen.dk/1st-retail/2026/8/64621/Netto72026-1_20_3317x215_4913x1903_zoom.jpg,2026-02-14,2026-02-20,https://res.cloudinary.com/dfqzmnlga/image/upload/v1771040361/2026-02-14/10961528.jpg
10961526,14.00,Rio Punch,Energi- Sports- & Vitamindrikke,Energidrik,1,0,ds.,Netto,https://static.tilbudsugen.dk/1st-retail/2026/8/64621/Netto72026-1_20_3317x215_4913x1903_zoom.jpg,2026-02-14,2026-02-20,https://res.cloudinary.com/dfqzmnlga/image/upload/v1771040361/2026-02-14/10961526.jpg
10961531,14.00,Energy,Energi- Sports- & Vitamindrikke,Energidrik,1,0,ds.,Netto,https://static.tilbudsugen.dk/1st-retail/2026/8/64621/Netto72026-1_20_3317x215_4913x1903_zoom.jpg,2026-02-14,2026-02-20,https://res.cloudinary.com/dfqzmnlga/image/upload/v1771040362/2026-02-14/10961531.jpg
10961481,7.00,Egelykke,Mellemmåltider,Drikkeyoghurt Fersken & Mango,1,0,fl.,Netto,https://static.tilbudsugen.dk/1st-retail/2026/8/64621/Netto72026-1_18_258x2306_3298x3984_zoom.jpg,2026-02-14,2026-02-20,https://res.cloudinary.com/dfqzmnlga/image/upload/v1771040363/2026-02-14/10961481.jpg
10961485,7.00,Egelykke,Mellemmåltider,Drikkeyoghurt Skovbær,1,0,fl.,Netto,https://static.tilbudsugen.dk/1st-retail/2026/8/64621/Netto72026-1_18_258x2306_3298x3984_zoom.jpg,2026-02-14,2026-02-20,https://res.cloudinary.com/dfqzmnlga/image/upload/v1771040363/2026-02-14/10961485.jpg
10961245,14.06,Karolines,Saucer,Let Mornaysauce,1,0,krt.,Netto,https://static.tilbudsugen.dk/1st-retail/2026/8/64621/Netto72026-1_14_2250x661_4887x3322_zoom.jpg,2026-02-14,2026-02-20,https://res.cloudinary.com/dfqzmnlga/image/upload/v1771040363/2026-02-14/10961245.jpg
10961305,25.00,Valsølille,Saft,Fokus Smoothie,1,0,fl.,Netto,https://static.tilbudsugen.dk/1st-retail/2026/8/64621/Netto72026-1_15_2436x5215_4965x7232_zoom.jpg,2026-02-14,2026-02-20,https://res.cloudinary.com/dfqzmnlga/image/upload/v1771040364/2026-02-14/10961305.jpg
10961337,25.00,Valsølille,Juice,Æblemost med Hindbær,1,0,fl.,Netto,https://static.tilbudsugen.dk/1st-retail/2026/8/64621/Netto72026-1_15_2436x5215_4965x7232_zoom.jpg,2026-02-14,2026-02-20,https://res.cloudinary.com/dfqzmnlga/image/upload/v1771040364/2026-02-14/10961337.jpg
10961279,25.00,Valsølille,Juice,Appelsinjuice,1,0,fl.,Netto,https://static.tilbudsugen.dk/1st-retail/2026/8/64621/Netto72026-1_15_2436x5215_4965x7232_zoom.jpg,2026-02-14,2026-02-20,https://res.cloudinary.com/dfqzmnlga/image/upload/v1771040366/2026-02-14/10961279.jpg
10961327,25.00,Valsølille,Juice,Appelsinjuice uden frugtkød,1,0,fl.,Netto,https://static.tilbudsugen.dk/1st-retail/2026/8/64621/Netto72026-1_15_2436x5215_4965x7232_zoom.jpg,2026-02-14,2026-02-20,https://res.cloudinary.com/dfqzmnlga/image/upload/v1771040366/2026-02-14/10961327.jpg
10961328,25.00,Valsølille,Saft,Lemonade Fersken & Passion,1,0,fl.,Netto,https://static.tilbudsugen.dk/1st-retail/2026/8/64621/Netto72026-1_15_2436x5215_4965x7232_zoom.jpg,2026-02-14,2026-02-20,https://res.cloudinary.com/dfqzmnlga/image/upload/v1771040367/2026-02-14/10961328.jpg
10961304,25.00,Valsølille,Saft,Citrolicious Lemonade,1,0,fl.,Netto,https://static.tilbudsugen.dk/1st-retail/2026/8/64621/Netto72026-1_15_2436x5215_4965x7232_zoom.jpg,2026-02-14,2026-02-20,https://res.cloudinary.com/dfqzmnlga/image/upload/v1771040367/2026-02-14/10961304.jpg
10961326,25.00,Valsølille,Juice,Appelsinjuice,1,0,fl.,Netto,https://static.tilbudsugen.dk/1st-retail/2026/8/64621/Netto72026-1_15_2436x5215_4965x7232_zoom.jpg,2026-02-14,2026-02-20,https://res.cloudinary.com/dfqzmnlga/image/upload/v1771040368/2026-02-14/10961326.jpg
10961369,25.00,Valsølille,Juice,Hindbærjuice,1,0,fl.,Netto,https://static.tilbudsugen.dk/1st-retail/2026/8/64621/Netto72026-1_15_2436x5215_4965x7232_zoom.jpg,2026-02-14,2026-02-20,https://res.cloudinary.com/dfqzmnlga/image/upload/v1771040368/2026-02-14/10961369.jpg
10961669,15.00,Rummo,Pasta,Pasta,1,0,ps.,Netto,https://static.tilbudsugen.dk/1st-retail/2026/8/64621/Netto72026-1_22_13x2907_2496x4803_zoom.jpg,2026-02-14,2026-02-20,https://res.cloudinary.com/dfqzmnlga/image/upload/v1771040370/2026-02-14/10961669.jpg
10961510,30.00,Bistronne,Fjerkræ,Kyllingelår,1,1,pk.,Netto,https://static.tilbudsugen.dk/1st-retail/2026/8/64621/Netto72026-1_19_1655x4797_3245x6843_zoom.jpg,2026-02-14,2026-02-20,https://res.cloudinary.com/dfqzmnlga/image/upload/v1771040370/2026-02-14/10961510.jpg
10961225,65.00,Rokkedahl,Fjerkræ,Kyllingeunderlår,1,2,ps.,Netto,https://static.tilbudsugen.dk/1st-retail/2026/8/64621/Netto72026-1_12_77x4718_1823x7239_zoom.jpg,2026-02-14,2026-02-20,https://res.cloudinary.com/dfqzmnlga/image/upload/v1771040371/2026-02-14/10961225.jpg
10961568,49.00,Blanc,Specialøl,Specialøl 6 pk.,6,0,fl.,Netto,https://static.tilbudsugen.dk/1st-retail/2026/8/64621/Netto72026-1_20_59x1825_2483x3558_zoom.jpg,2026-02-14,2026-02-20,https://res.cloudinary.com/dfqzmnlga/image/upload/v1771040371/2026-02-14/10961568.jpg
10961575,49.00,"Blanc 0,0%",Alkoholfrie Øl,Øl - Alkoholfri 6 pk.,6,0,fl.,Netto,https://static.tilbudsugen.dk/1st-retail/2026/8/64621/Netto72026-1_20_59x1825_2483x3558_zoom.jpg,2026-02-14,2026-02-20,https://res.cloudinary.com/dfqzmnlga/image/upload/v1771040372/2026-02-14/10961575.jpg
10961341,99.00,Løgismose,Øvrige vinlande,Rosevin,1,3,krt.,Netto,https://static.tilbudsugen.dk/1st-retail/2026/8/64621/Netto72026-1_7_1635x182_4887x2496_zoom.jpg,2026-02-14,2026-02-20,https://res.cloudinary.com/dfqzmnlga/image/upload/v1771040372/2026-02-14/10961341.jpg
10961280,99.00,,Italienske vine,Italiensk Rosévin,1,3,krt.,Netto,https://static.tilbudsugen.dk/1st-retail/2026/8/64621/Netto72026-1_3_0x2927_2240x5236_zoom.jpg,2026-02-14,2026-02-20,https://res.cloudinary.com/dfqzmnlga/image/upload/v1771040373/2026-02-14/10961280.jpg
10961281,99.00,,Italienske vine,Italiensk Hvidvin,1,3,krt.,Netto,https://static.tilbudsugen.dk/1st-retail/2026/8/64621/Netto72026-1_3_0x2927_2240x5236_zoom.jpg,2026-02-14,2026-02-20,https://res.cloudinary.com/dfqzmnlga/image/upload/v1771040374/2026-02-14/10961281.jpg
10961340,99.00,Løgismose,Øvrige vinlande,Rødvin,1,3,krt.,Netto,https://static.tilbudsugen.dk/1st-retail/2026/8/64621/Netto72026-1_7_1635x182_4887x2496_zoom.jpg,2026-02-14,2026-02-20,https://res.cloudinary.com/dfqzmnlga/image/upload/v1771040375/2026-02-14/10961340.jpg
10961278,99.00,,Italienske vine,Italiensk Rødvin,1,3,krt.,Netto,https://static.tilbudsugen.dk/1st-retail/2026/8/64621/Netto72026-1_3_0x2927_2240x5236_zoom.jpg,2026-02-14,2026-02-20,https://res.cloudinary.com/dfqzmnlga/image/upload/v1771040375/2026-02-14/10961278.jpg
10961339,99.00,Løgismose,Øvrige vinlande,Hvidvin,1,3,krt.,Netto,https://static.tilbudsugen.dk/1st-retail/2026/8/64621/Netto72026-1_7_1635x182_4887x2496_zoom.jpg,2026-02-14,2026-02-20,https://res.cloudinary.com/dfqzmnlga/image/upload/v1771040376/2026-02-14/10961339.jpg
10961688,10.00,Bodyx Fuze,"Sæbe, bad, dusch",Bodyshampoo,1,0,stk.,Netto,https://static.tilbudsugen.dk/1st-retail/2026/8/64621/Netto72026-1_23_65x2854_1707x4881_zoom.jpg,2026-02-14,2026-02-20,https://res.cloudinary.com/dfqzmnlga/image/upload/v1771040377/2026-02-14/10961688.jpg
10932868,69.00,,Boligtekstiler,Håndklæde,1,2,pk.,Netto,https://static.tilbudsugen.dk/1st-retail/2026/5/64452/Netto42026-1_30_216x4359_3577x6548_zoom.jpg,2026-01-24,2026-02-20,https://res.cloudinary.com/dfqzmnlga/image/upload/v1771040377/2026-02-14/10932868.jpg
10961311,109.00,,Tyske vine,Tysk Hvidvin,1,3,krt.,Netto,https://static.tilbudsugen.dk/1st-retail/2026/8/64621/Netto72026-1_5_2412x4329_4962x7202_zoom.jpg,2026-02-14,2026-02-20,https://res.cloudinary.com/dfqzmnlga/image/upload/v1771040378/2026-02-14/10961311.jpg
10961314,12.00,Ama,Madlavning friskvarer,Madlavningsfløde 8%,1,0,krt.,Netto,https://static.tilbudsugen.dk/1st-retail/2026/8/64621/Netto72026-1_15_3274x3485_4880x5277_zoom.jpg,2026-02-14,2026-02-20,https://res.cloudinary.com/dfqzmnlga/image/upload/v1771040379/2026-02-14/10961314.jpg
10961271,12.00,Ama,Madlavning friskvarer,Madlavningsfløde 15 %,1,0,krt.,Netto,https://static.tilbudsugen.dk/1st-retail/2026/8/64621/Netto72026-1_15_3274x3485_4880x5277_zoom.jpg,2026-02-14,2026-02-20,https://res.cloudinary.com/dfqzmnlga/image/upload/v1771040379/2026-02-14/10961271.jpg
10961459,10.00,Langelænder,Postej og Paté,Grov Postej,1,0,stk.,Netto,https://static.tilbudsugen.dk/1st-retail/2026/8/64621/Netto72026-1_17_88x5000_1649x6907_zoom.jpg,2026-02-14,2026-02-20,https://res.cloudinary.com/dfqzmnlga/image/upload/v1771040379/2026-02-14/10961459.jpg
10961403,10.00,Langelænder,Postej og Paté,Bacon Postej,1,0,stk.,Netto,https://static.tilbudsugen.dk/1st-retail/2026/8/64621/Netto72026-1_17_88x5000_1649x6907_zoom.jpg,2026-02-14,2026-02-20,https://res.cloudinary.com/dfqzmnlga/image/upload/v1771040380/2026-02-14/10961403.jpg
10961222,30.00,,Kylling,Kyllingeunderlår,1,0,pk.,Netto,https://static.tilbudsugen.dk/1st-retail/2026/8/64621/Netto72026-1_11_109x3198_2568x5106_zoom.jpg,2026-02-14,2026-02-20,https://res.cloudinary.com/dfqzmnlga/image/upload/v1771040381/2026-02-14/10961222.jpg
10961479,30.00,Bistronne,Færdigretter Frost,Hot Wings,1,0,ps.,Netto,https://static.tilbudsugen.dk/1st-retail/2026/8/64621/Netto72026-1_19_1655x4797_3245x6843_zoom.jpg,2026-02-14,2026-02-20,https://res.cloudinary.com/dfqzmnlga/image/upload/v1771040381/2026-02-14/10961479.jpg
10961545,20.00,Løgismose,Sodavand,Pink Tonic,1,0,fl.,Netto,https://static.tilbudsugen.dk/1st-retail/2026/8/64621/Netto72026-1_20_143x5181_2522x6758_zoom.jpg,2026-02-14,2026-02-20,https://res.cloudinary.com/dfqzmnlga/image/upload/v1771040382/2026-02-14/10961545.jpg
10961548,20.00,Løgismose,Sodavand,Ginger Beer,1,0,fl.,Netto,https://static.tilbudsugen.dk/1st-retail/2026/8/64621/Netto72026-1_20_143x5181_2522x6758_zoom.jpg,2026-02-14,2026-02-20,https://res.cloudinary.com/dfqzmnlga/image/upload/v1771040382/2026-02-14/10961548.jpg
10961549,20.00,Løgismose,Sodavand,Indian Tonic,1,0,fl.,Netto,https://static.tilbudsugen.dk/1st-retail/2026/8/64621/Netto72026-1_20_143x5181_2522x6758_zoom.jpg,2026-02-14,2026-02-20,https://res.cloudinary.com/dfqzmnlga/image/upload/v1771040382/2026-02-14/10961549.jpg
10961182,10.00,Harvest Best,Grøntsager,Broccolibuketter,1,0,ps.,Netto,https://static.tilbudsugen.dk/1st-retail/2026/8/64621/Netto72026-1_1_7x1416_2536x3807_zoom.jpg,2026-02-14,2026-02-20,https://res.cloudinary.com/dfqzmnlga/image/upload/v1771040383/2026-02-14/10961182.jpg
10961668,20.00,Bell's,Müsli & Granola,Granola Triple Choco,1,0,ps.,Netto,https://static.tilbudsugen.dk/1st-retail/2026/8/64621/Netto72026-1_22_0x4836_1642x6915_zoom.jpg,2026-02-14,2026-02-20,https://res.cloudinary.com/dfqzmnlga/image/upload/v1771040383/2026-02-14/10961668.jpg
10961185,10.00,Harvest Best,Grøntsager,Broccoli Mix,1,0,ps.,Netto,https://static.tilbudsugen.dk/1st-retail/2026/8/64621/Netto72026-1_1_7x1416_2536x3807_zoom.jpg,2026-02-14,2026-02-20,https://res.cloudinary.com/dfqzmnlga/image/upload/v1771040384/2026-02-14/10961185.jpg
10961124,10.00,Harvest Best,Grøntsager,Majs,1,0,ps.,Netto,https://static.tilbudsugen.dk/1st-retail/2026/8/64621/Netto72026-1_1_7x1416_2536x3807_zoom.jpg,2026-02-14,2026-02-20,https://res.cloudinary.com/dfqzmnlga/image/upload/v1771040384/2026-02-14/10961124.jpg
10961671,25.00,Cocoa Crunchers,Morgenmadsprodukter,Morgenmadsprodukt,1,0,ps.,Netto,https://static.tilbudsugen.dk/1st-retail/2026/8/64621/Netto72026-1_22_1681x4836_3265x6875_zoom.jpg,2026-02-14,2026-02-20,https://res.cloudinary.com/dfqzmnlga/image/upload/v1771040384/2026-02-14/10961671.jpg
10961562,12.00,Breezer,RTD,Zesty Orange RTD,1,0,fl.,Netto,https://static.tilbudsugen.dk/1st-retail/2026/8/64621/Netto72026-1_20_2476x1851_4965x3506_zoom.jpg,2026-02-14,2026-02-20,https://res.cloudinary.com/dfqzmnlga/image/upload/v1771040385/2026-02-14/10961562.jpg
10961565,12.00,Apple,Ciders,Apple Cider,1,0,fl.,Netto,https://static.tilbudsugen.dk/1st-retail/2026/8/64621/Netto72026-1_20_2476x1851_4965x3506_zoom.jpg,2026-02-14,2026-02-20,https://res.cloudinary.com/dfqzmnlga/image/upload/v1771040385/2026-02-14/10961565.jpg
10961555,12.00,Breezer,RTD,Sweet Pineapple RTD,1,0,fl.,Netto,https://static.tilbudsugen.dk/1st-retail/2026/8/64621/Netto72026-1_20_2476x1851_4965x3506_zoom.jpg,2026-02-14,2026-02-20,https://res.cloudinary.com/dfqzmnlga/image/upload/v1771040385/2026-02-14/10961555.jpg
10961560,12.00,Breezer,RTD,Vibrant Raspberry & Yuzu RTD,1,0,fl.,Netto,https://static.tilbudsugen.dk/1st-retail/2026/8/64621/Netto72026-1_20_2476x1851_4965x3506_zoom.jpg,2026-02-14,2026-02-20,https://res.cloudinary.com/dfqzmnlga/image/upload/v1771040386/2026-02-14/10961560.jpg
10961563,12.00,Breezer,RTD,Sweet Strawberry RTD,1,0,fl.,Netto,https://static.tilbudsugen.dk/1st-retail/2026/8/64621/Netto72026-1_20_2476x1851_4965x3506_zoom.jpg,2026-02-14,2026-02-20,https://res.cloudinary.com/dfqzmnlga/image/upload/v1771040386/2026-02-14/10961563.jpg
10961564,12.00,Breezer,RTD,White Tea & Raspberry,1,0,fl.,Netto,https://static.tilbudsugen.dk/1st-retail/2026/8/64621/Netto72026-1_20_2476x1851_4965x3506_zoom.jpg,2026-02-14,2026-02-20,https://res.cloudinary.com/dfqzmnlga/image/upload/v1771040387/2026-02-14/10961564.jpg
10961634,10.00,Fintons,Kager,Kardemommegifler,1,0,pk.,Netto,https://static.tilbudsugen.dk/1st-retail/2026/8/64621/Netto72026-1_21_26x4829_1629x6856_zoom.jpg,2026-02-14,2026-02-20,https://res.cloudinary.com/dfqzmnlga/image/upload/v1771040388/2026-02-14/10961634.jpg
10961632,10.00,Fintons,Kager,Kanelgifler,1,0,pk.,Netto,https://static.tilbudsugen.dk/1st-retail/2026/8/64621/Netto72026-1_21_26x4829_1629x6856_zoom.jpg,2026-02-14,2026-02-20,https://res.cloudinary.com/dfqzmnlga/image/upload/v1771040389/2026-02-14/10961632.jpg
10961324,35.00,,Californiske vine,Californisk Rosevin,1,0,fl.,Netto,https://static.tilbudsugen.dk/1st-retail/2026/8/64621/Netto72026-1_6_2769x2213_4996x5064_zoom.jpg,2026-02-14,2026-02-20,https://res.cloudinary.com/dfqzmnlga/image/upload/v1771040389/2026-02-14/10961324.jpg
10961322,35.00,,Californiske vine,Californisk Rødvin,1,0,fl.,Netto,https://static.tilbudsugen.dk/1st-retail/2026/8/64621/Netto72026-1_6_2769x2213_4996x5064_zoom.jpg,2026-02-14,2026-02-20,https://res.cloudinary.com/dfqzmnlga/image/upload/v1771040389/2026-02-14/10961322.jpg
10961323,35.00,,Californiske vine,Californisk Rosevin,1,0,fl.,Netto,https://static.tilbudsugen.dk/1st-retail/2026/8/64621/Netto72026-1_6_2769x2213_4996x5064_zoom.jpg,2026-02-14,2026-02-20,https://res.cloudinary.com/dfqzmnlga/image/upload/v1771040390/2026-02-14/10961323.jpg
10961239,23.77,ØGO,Olier,Rapsolie,1,0,fl.,Netto,https://static.tilbudsugen.dk/1st-retail/2026/8/64621/Netto72026-1_13_225x3904_2630x7185_zoom.jpg,2026-02-14,2026-02-20,https://res.cloudinary.com/dfqzmnlga/image/upload/v1771040390/2026-02-14/10961239.jpg
10961392,11.97,Premieur,Færdigretter Køl,Ricotta & Spinat Pasta,1,0,bk.,Netto,https://static.tilbudsugen.dk/1st-retail/2026/8/64621/Netto72026-1_8_3656x5298_4907x7243_zoom.jpg,2026-02-14,2026-02-20,https://res.cloudinary.com/dfqzmnlga/image/upload/v1771040391/2026-02-14/10961392.jpg
10961248,11.97,Premieur,Færdigretter Køl,Ricotta & Spinat Pasta,1,0,bk.,Netto,https://static.tilbudsugen.dk/1st-retail/2026/8/64621/Netto72026-1_14_2552x4284_4887x7239_zoom.jpg,2026-02-14,2026-02-20,https://res.cloudinary.com/dfqzmnlga/image/upload/v1771040391/2026-02-14/10961248.jpg
10961428,6.00,Casa Milo,Pasta,Trofiette,1,0,ps.,Netto,https://static.tilbudsugen.dk/1st-retail/2026/8/64621/Netto72026-1_19_52x873_1681x2861_zoom.jpg,2026-02-14,2026-02-20,https://res.cloudinary.com/dfqzmnlga/image/upload/v1771040392/2026-02-14/10961428.jpg
10961433,6.00,Casa Milo,Pasta,Orecchiette,1,0,ps.,Netto,https://static.tilbudsugen.dk/1st-retail/2026/8/64621/Netto72026-1_19_52x873_1681x2861_zoom.jpg,2026-02-14,2026-02-20,https://res.cloudinary.com/dfqzmnlga/image/upload/v1771040392/2026-02-14/10961433.jpg
10961207,24.95,Velsmag,Grisekød,Ribbensteg,1,0,bk.,Netto,https://static.tilbudsugen.dk/1st-retail/2026/8/64621/Netto72026-1_10_2428x5191_4833x7224_zoom.jpg,2026-02-14,2026-02-20,https://res.cloudinary.com/dfqzmnlga/image/upload/v1771040392/2026-02-14/10961207.jpg
10952610,24.95,,Grisekød,Nakkefilet,1,0,stk.,Netto,https://static.tilbudsugen.dk/1st-retail/2026/7/64562/Netto62026-1_14_1663x727_3356x2683_zoom.jpg,2026-02-01,2026-02-28,https://res.cloudinary.com/dfqzmnlga/image/upload/v1771040393/2026-02-14/10952610.jpg
10961204,10.00,Buko,Specialost,Flødeost Grøn Pikant,1,0,bg.,Netto,https://static.tilbudsugen.dk/1st-retail/2026/8/64621/Netto72026-1_2_2365x143_4998x2444_zoom.jpg,2026-02-14,2026-02-20,https://res.cloudinary.com/dfqzmnlga/image/upload/v1771040393/2026-02-14/10961204.jpg
10961202,10.00,Buko,Specialost,Flødeost Hvidløg,1,0,bg.,Netto,https://static.tilbudsugen.dk/1st-retail/2026/8/64621/Netto72026-1_2_2365x143_4998x2444_zoom.jpg,2026-02-14,2026-02-20,https://res.cloudinary.com/dfqzmnlga/image/upload/v1771040394/2026-02-14/10961202.jpg
10961215,20.00,Velsmag,Grisekød,Hakket grisekød 8-12%,1,0,bk.,Netto,https://static.tilbudsugen.dk/1st-retail/2026/8/64621/Netto72026-1_11_2482x2949_4911x5215_zoom.jpg,2026-02-14,2026-02-20,https://res.cloudinary.com/dfqzmnlga/image/upload/v1771040394/2026-02-14/10961215.jpg
10961201,10.00,Buko,Specialost,Flødeost Naturel,1,0,bg.,Netto,https://static.tilbudsugen.dk/1st-retail/2026/8/64621/Netto72026-1_2_2365x143_4998x2444_zoom.jpg,2026-02-14,2026-02-20,https://res.cloudinary.com/dfqzmnlga/image/upload/v1771040395/2026-02-14/10961201.jpg
10961216,20.00,Velsmag,Grisekød,Medister,1,0,bk.,Netto,https://static.tilbudsugen.dk/1st-retail/2026/8/64621/Netto72026-1_11_2482x2949_4911x5215_zoom.jpg,2026-02-14,2026-02-20,https://res.cloudinary.com/dfqzmnlga/image/upload/v1771040395/2026-02-14/10961216.jpg
10961680,25.00,Crunchy Loops,Morgenmadsprodukter,Morgenmadsprodukt,1,0,ps.,Netto,https://static.tilbudsugen.dk/1st-retail/2026/8/64621/Netto72026-1_22_1681x4836_3265x6875_zoom.jpg,2026-02-14,2026-02-20,https://res.cloudinary.com/dfqzmnlga/image/upload/v1771040395/2026-02-14/10961680.jpg
10961682,25.00,Crispy Puffs,Morgenmadsprodukter,Morgenmadsprodukt,1,0,ps.,Netto,https://static.tilbudsugen.dk/1st-retail/2026/8/64621/Netto72026-1_22_1681x4836_3265x6875_zoom.jpg,2026-02-14,2026-02-20,https://res.cloudinary.com/dfqzmnlga/image/upload/v1771040396/2026-02-14/10961682.jpg
10961042,39.00,,Spanske vine,Spansk Hvidvin,1,0,fl.,Netto,https://static.tilbudsugen.dk/1st-retail/2026/8/64621/Netto72026-1_1_2515x3759_4900x6762_zoom.jpg,2026-02-14,2026-02-20,https://res.cloudinary.com/dfqzmnlga/image/upload/v1771040396/2026-02-14/10961042.jpg
10961293,39.00,,Franske vine,Fransk Rødvin,1,0,fl.,Netto,https://static.tilbudsugen.dk/1st-retail/2026/8/64621/Netto72026-1_4_2776x2281_4982x4563_zoom.jpg,2026-02-14,2026-02-20,https://res.cloudinary.com/dfqzmnlga/image/upload/v1771040397/2026-02-14/10961293.jpg
10961045,39.00,,Spanske vine,Spansk Rødvin,1,0,fl.,Netto,https://static.tilbudsugen.dk/1st-retail/2026/8/64621/Netto72026-1_1_2515x3759_4900x6762_zoom.jpg,2026-02-14,2026-02-20,https://res.cloudinary.com/dfqzmnlga/image/upload/v1771040397/2026-02-14/10961045.jpg
10961274,39.00,,Italienske vine,Italiensk Rødvin,1,0,fl.,Netto,https://static.tilbudsugen.dk/1st-retail/2026/8/64621/Netto72026-1_3_0x914_1766x2996_zoom.jpg,2026-02-14,2026-02-20,https://res.cloudinary.com/dfqzmnlga/image/upload/v1771040398/2026-02-14/10961274.jpg
10961041,39.00,,Spanske vine,Spansk Rødvin,1,0,fl.,Netto,https://static.tilbudsugen.dk/1st-retail/2026/8/64621/Netto72026-1_1_2515x3759_4900x6762_zoom.jpg,2026-02-14,2026-02-20,https://res.cloudinary.com/dfqzmnlga/image/upload/v1771040398/2026-02-14/10961041.jpg
10961043,39.00,,Spanske vine,Spansk Hvidvin,1,0,fl.,Netto,https://static.tilbudsugen.dk/1st-retail/2026/8/64621/Netto72026-1_1_2515x3759_4900x6762_zoom.jpg,2026-02-14,2026-02-20,https://res.cloudinary.com/dfqzmnlga/image/upload/v1771040398/2026-02-14/10961043.jpg
10961044,39.00,,Mousserende,Spansk Mousserende Vin,1,0,fl.,Netto,https://static.tilbudsugen.dk/1st-retail/2026/8/64621/Netto72026-1_1_2515x3759_4900x6762_zoom.jpg,2026-02-14,2026-02-20,https://res.cloudinary.com/dfqzmnlga/image/upload/v1771040399/2026-02-14/10961044.jpg
10961457,25.00,Premieur,Dej Køl,Pizzabunde,1,0,pk.,Netto,https://static.tilbudsugen.dk/1st-retail/2026/8/64621/Netto72026-1_19_3271x560_4887x2854_zoom.jpg,2026-02-14,2026-02-20,https://res.cloudinary.com/dfqzmnlga/image/upload/v1771040399/2026-02-14/10961457.jpg
10961370,22.00,Premieur,Fastfoodbrød,Hvedepitabrød,1,0,pk.,Netto,https://static.tilbudsugen.dk/1st-retail/2026/8/64621/Netto72026-1_8_2467x1450_3690x3230_zoom.jpg,2026-02-14,2026-02-20,https://res.cloudinary.com/dfqzmnlga/image/upload/v1771040399/2026-02-14/10961370.jpg
10961237,10.50,ØGO,Grønt,Ingefær,1,0,bk.,Netto,https://static.tilbudsugen.dk/1st-retail/2026/8/64621/Netto72026-1_13_2242x793_4926x3795_zoom.jpg,2026-02-14,2026-02-20,https://res.cloudinary.com/dfqzmnlga/image/upload/v1771040400/2026-02-14/10961237.jpg
10961395,10.00,Royal Arctic,Rejer og andre skaldyr,Rejer,1,0,bg.,Netto,https://static.tilbudsugen.dk/1st-retail/2026/8/64621/Netto72026-1_17_88x1172_1627x3233_zoom.jpg,2026-02-14,2026-02-20,https://res.cloudinary.com/dfqzmnlga/image/upload/v1771040401/2026-02-14/10961395.jpg
10961302,42.00,,Tyske vine,Tysk Hvidvin,1,0,fl.,Netto,https://static.tilbudsugen.dk/1st-retail/2026/8/64621/Netto72026-1_5_2769x337_4996x4281_zoom.jpg,2026-02-14,2026-02-20,https://res.cloudinary.com/dfqzmnlga/image/upload/v1771040401/2026-02-14/10961302.jpg
10961478,29.00,Pølsemesteren,300 g - 599 g Normalpakke Pølser,Hotdogpølser,1,0,pk.,Netto,https://static.tilbudsugen.dk/1st-retail/2026/8/64621/Netto72026-1_19_3245x2868_4907x4836_zoom.jpg,2026-02-14,2026-02-20,https://res.cloudinary.com/dfqzmnlga/image/upload/v1771040402/2026-02-14/10961478.jpg
10961411,35.00,Amanda Seafood,Konserves,Torskerogn,1,0,pk.,Netto,https://static.tilbudsugen.dk/1st-retail/2026/8/64621/Netto72026-1_17_3150x384_4696x3152_zoom.jpg,2026-02-14,2026-02-20,https://res.cloudinary.com/dfqzmnlga/image/upload/v1771040402/2026-02-14/10961411.jpg
10961298,45.00,,Franske vine,Fransk Hvidvin,1,0,fl.,Netto,https://static.tilbudsugen.dk/1st-retail/2026/8/64621/Netto72026-1_4_2852x4556_4920x7202_zoom.jpg,2026-02-14,2026-02-20,https://res.cloudinary.com/dfqzmnlga/image/upload/v1771040403/2026-02-14/10961298.jpg
10961317,45.00,,Tyske vine,Tysk Rødvin,1,0,fl.,Netto,https://static.tilbudsugen.dk/1st-retail/2026/8/64621/Netto72026-1_5_55x969_2495x4364_zoom.jpg,2026-02-14,2026-02-20,https://res.cloudinary.com/dfqzmnlga/image/upload/v1771040403/2026-02-14/10961317.jpg
10961319,45.00,,Tyske vine,Tysk Mousserende Vin,1,0,fl.,Netto,https://static.tilbudsugen.dk/1st-retail/2026/8/64621/Netto72026-1_5_55x969_2495x4364_zoom.jpg,2026-02-14,2026-02-20,https://res.cloudinary.com/dfqzmnlga/image/upload/v1771040403/2026-02-14/10961319.jpg
10961295,45.00,,Franske vine,Fransk Rødvin,1,0,fl.,Netto,https://static.tilbudsugen.dk/1st-retail/2026/8/64621/Netto72026-1_4_2852x4556_4920x7202_zoom.jpg,2026-02-14,2026-02-20,https://res.cloudinary.com/dfqzmnlga/image/upload/v1771040404/2026-02-14/10961295.jpg
10961297,45.00,,Mousserende,Fransk Mousserende Vin,1,0,fl.,Netto,https://static.tilbudsugen.dk/1st-retail/2026/8/64621/Netto72026-1_4_2852x4556_4920x7202_zoom.jpg,2026-02-14,2026-02-20,https://res.cloudinary.com/dfqzmnlga/image/upload/v1771040404/2026-02-14/10961297.jpg
10961315,45.00,,Tyske vine,Tysk Hvidvin,1,0,fl.,Netto,https://static.tilbudsugen.dk/1st-retail/2026/8/64621/Netto72026-1_5_55x969_2495x4364_zoom.jpg,2026-02-14,2026-02-20,https://res.cloudinary.com/dfqzmnlga/image/upload/v1771040405/2026-02-14/10961315.jpg
10961400,45.00,Premieur,Frugt,Vindruer,1,0,bk.,Netto,https://static.tilbudsugen.dk/1st-retail/2026/8/64621/Netto72026-1_9_2282x5264_4920x7222_zoom.jpg,2026-02-14,2026-02-20,https://res.cloudinary.com/dfqzmnlga/image/upload/v1771040405/2026-02-14/10961400.jpg
10961462,25.00,Tradizionale,Pizza Frost,Spinacie Ricotta Pizza,1,0,stk.,Netto,https://static.tilbudsugen.dk/1st-retail/2026/8/64621/Netto72026-1_19_1616x2828_3239x4816_zoom.jpg,2026-02-14,2026-02-20,https://res.cloudinary.com/dfqzmnlga/image/upload/v1771040406/2026-02-14/10961462.jpg
10961209,25.00,Rose,Kylling,Hakket kylling 7-10%,1,0,bk.,Netto,https://static.tilbudsugen.dk/1st-retail/2026/8/64621/Netto72026-1_11_54x110_2607x2507_zoom.jpg,2026-02-14,2026-02-20,https://res.cloudinary.com/dfqzmnlga/image/upload/v1771040407/2026-02-14/10961209.jpg
10961415,10.00,Grown By Nature,Tørret Frugt,Dadler,1,0,bk.,Netto,https://static.tilbudsugen.dk/1st-retail/2026/8/64621/Netto72026-1_9_0x1718_2426x3195_zoom.jpg,2026-02-14,2026-02-20,https://res.cloudinary.com/dfqzmnlga/image/upload/v1771040408/2026-02-14/10961415.jpg
10961463,25.00,Tradizionale,Pizza Frost,Pancetta Delicata Pizza,1,0,stk.,Netto,https://static.tilbudsugen.dk/1st-retail/2026/8/64621/Netto72026-1_19_1616x2828_3239x4816_zoom.jpg,2026-02-14,2026-02-20,https://res.cloudinary.com/dfqzmnlga/image/upload/v1771040408/2026-02-14/10961463.jpg
10961477,29.00,Pølsemesteren,300 g - 599 g Normalpakke Pølser,Grillpølser,1,0,pk.,Netto,https://static.tilbudsugen.dk/1st-retail/2026/8/64621/Netto72026-1_19_3245x2868_4907x4836_zoom.jpg,2026-02-14,2026-02-20,https://res.cloudinary.com/dfqzmnlga/image/upload/v1771040409/2026-02-14/10961477.jpg
10961461,25.00,Tradizionale,Pizza Frost,Mozzarella e Pesto Pizza,1,0,stk.,Netto,https://static.tilbudsugen.dk/1st-retail/2026/8/64621/Netto72026-1_19_1616x2828_3239x4816_zoom.jpg,2026-02-14,2026-02-20,https://res.cloudinary.com/dfqzmnlga/image/upload/v1771040409/2026-02-14/10961461.jpg
10961460,25.00,Tradizionale,Pizza Frost,Salame Romano Pizza,1,0,stk.,Netto,https://static.tilbudsugen.dk/1st-retail/2026/8/64621/Netto72026-1_19_1616x2828_3239x4816_zoom.jpg,2026-02-14,2026-02-20,https://res.cloudinary.com/dfqzmnlga/image/upload/v1771040410/2026-02-14/10961460.jpg
10961423,13.00,,Grønt,Gulerødder,1,0,ps.,Netto,https://static.tilbudsugen.dk/1st-retail/2026/8/64621/Netto72026-1_9_2426x1313_4941x3243_zoom.jpg,2026-02-14,2026-02-20,https://res.cloudinary.com/dfqzmnlga/image/upload/v1771040411/2026-02-14/10961423.jpg
10961231,16.00,ØGO,Mayonnaise,Mayonnaise,1,0,fl.,Netto,https://static.tilbudsugen.dk/1st-retail/2026/8/64621/Netto72026-1_12_3359x5184_4887x7270_zoom.jpg,2026-02-14,2026-02-20,https://res.cloudinary.com/dfqzmnlga/image/upload/v1771040411/2026-02-14/10961231.jpg
10961412,25.00,Skagen Fiskerestaurant,Fisk og skaldyr Køl,Fiskefrikadeller,1,0,pk.,Netto,https://static.tilbudsugen.dk/1st-retail/2026/8/64621/Netto72026-1_17_2289x3182_4637x5125_zoom.jpg,2026-02-14,2026-02-20,https://res.cloudinary.com/dfqzmnlga/image/upload/v1771040411/2026-02-14/10961412.jpg
10961262,10.00,K-salat,Pålægssalat,Kylling & Baconsalat,1,0,bg.,Netto,https://static.tilbudsugen.dk/1st-retail/2026/8/64621/Netto72026-1_2_59x13_2359x2450_zoom.jpg,2026-02-14,2026-02-20,https://res.cloudinary.com/dfqzmnlga/image/upload/v1771040412/2026-02-14/10961262.jpg
10961198,10.00,Buko,Specialost,Flødeost Pikant,1,0,bg.,Netto,https://static.tilbudsugen.dk/1st-retail/2026/8/64621/Netto72026-1_2_2365x143_4998x2444_zoom.jpg,2026-02-14,2026-02-20,https://res.cloudinary.com/dfqzmnlga/image/upload/v1771040412/2026-02-14/10961198.jpg
10961700,20.00,Airwick,Luftfrisker,Luftfrisker,1,0,stk.,Netto,https://static.tilbudsugen.dk/1st-retail/2026/8/64621/Netto72026-1_23_1688x2809_3226x4914_zoom.jpg,2026-02-14,2026-02-20,https://res.cloudinary.com/dfqzmnlga/image/upload/v1771040412/2026-02-14/10961700.jpg
10961263,10.00,K-salat,Pålægssalat,Hønsesalat,1,0,bg.,Netto,https://static.tilbudsugen.dk/1st-retail/2026/8/64621/Netto72026-1_2_59x13_2359x2450_zoom.jpg,2026-02-14,2026-02-20,https://res.cloudinary.com/dfqzmnlga/image/upload/v1771040413/2026-02-14/10961263.jpg
10961742,20.00,Bistronne,Fjerkræ,Kyllingekebab,1,0,ps.,Netto,https://static.tilbudsugen.dk/1st-retail/2026/8/64621/Netto72026-1_25_2371x708_4996x3773_zoom.jpg,2026-02-14,2026-02-20,https://res.cloudinary.com/dfqzmnlga/image/upload/v1771040414/2026-02-14/10961742.jpg
10961218,10.00,Buko,Specialost,Flødeost Pikant Løg og Krydderurter,1,0,bg.,Netto,https://static.tilbudsugen.dk/1st-retail/2026/8/64621/Netto72026-1_2_2365x143_4998x2444_zoom.jpg,2026-02-14,2026-02-20,https://res.cloudinary.com/dfqzmnlga/image/upload/v1771040414/2026-02-14/10961218.jpg
10961261,10.00,K-salat,Pålægssalat,Finthakket  Skinkesalat,1,0,bg.,Netto,https://static.tilbudsugen.dk/1st-retail/2026/8/64621/Netto72026-1_2_59x13_2359x2450_zoom.jpg,2026-02-14,2026-02-20,https://res.cloudinary.com/dfqzmnlga/image/upload/v1771040415/2026-02-14/10961261.jpg
10961199,10.00,Buko,Specialost,Flødeost Naturel,1,0,bg.,Netto,https://static.tilbudsugen.dk/1st-retail/2026/8/64621/Netto72026-1_2_2365x143_4998x2444_zoom.jpg,2026-02-14,2026-02-20,https://res.cloudinary.com/dfqzmnlga/image/upload/v1771040415/2026-02-14/10961199.jpg
10961745,20.00,Egelykke,Bacon,Baconskiver,1,0,pk.,Netto,https://static.tilbudsugen.dk/1st-retail/2026/8/64621/Netto72026-1_25_158x3896_4934x6954_zoom.jpg,2026-02-14,2026-02-20,https://res.cloudinary.com/dfqzmnlga/image/upload/v1771040416/2026-02-14/10961745.jpg
10961259,10.00,Min første,Pålægssalat,Æggesalat,1,0,bg.,Netto,https://static.tilbudsugen.dk/1st-retail/2026/8/64621/Netto72026-1_2_59x13_2359x2450_zoom.jpg,2026-02-14,2026-02-20,https://res.cloudinary.com/dfqzmnlga/image/upload/v1771040416/2026-02-14/10961259.jpg
10961260,10.00,K-salat,Pålægssalat,Æggesalat 30% mindre fedt,1,0,bg.,Netto,https://static.tilbudsugen.dk/1st-retail/2026/8/64621/Netto72026-1_2_59x13_2359x2450_zoom.jpg,2026-02-14,2026-02-20,https://res.cloudinary.com/dfqzmnlga/image/upload/v1771040417/2026-02-14/10961260.jpg
10961265,10.00,K-salat,Pålægssalat,Krabbesalat,1,0,bg.,Netto,https://static.tilbudsugen.dk/1st-retail/2026/8/64621/Netto72026-1_2_59x13_2359x2450_zoom.jpg,2026-02-14,2026-02-20,https://res.cloudinary.com/dfqzmnlga/image/upload/v1771040418/2026-02-14/10961265.jpg
10961325,50.00,,New Zealandske vine,New Zealandsk Hvidvin,1,0,fl.,Netto,https://static.tilbudsugen.dk/1st-retail/2026/8/64621/Netto72026-1_6_82x5085_2550x7236_zoom.jpg,2026-02-14,2026-02-20,https://res.cloudinary.com/dfqzmnlga/image/upload/v1771040418/2026-02-14/10961325.jpg
10961329,50.00,,Californiske vine,Californisk Hvidvin,1,0,fl.,Netto,https://static.tilbudsugen.dk/1st-retail/2026/8/64621/Netto72026-1_6_110x96_2563x2213_zoom.jpg,2026-02-14,2026-02-20,https://res.cloudinary.com/dfqzmnlga/image/upload/v1771040418/2026-02-14/10961329.jpg
10961288,50.00,,Italienske vine,Italiensk Rødvin,1,0,fl.,Netto,https://static.tilbudsugen.dk/1st-retail/2026/8/64621/Netto72026-1_3_27x5326_1656x7236_zoom.jpg,2026-02-14,2026-02-20,https://res.cloudinary.com/dfqzmnlga/image/upload/v1771040419/2026-02-14/10961288.jpg
10961283,50.00,,Italienske vine,Italiensk Rødvin,1,0,fl.,Netto,https://static.tilbudsugen.dk/1st-retail/2026/8/64621/Netto72026-1_3_3257x5229_4975x7174_zoom.jpg,2026-02-14,2026-02-20,https://res.cloudinary.com/dfqzmnlga/image/upload/v1771040419/2026-02-14/10961283.jpg
10961330,50.00,,Californiske vine,Californisk Rødvin,1,0,fl.,Netto,https://static.tilbudsugen.dk/1st-retail/2026/8/64621/Netto72026-1_6_110x96_2563x2213_zoom.jpg,2026-02-14,2026-02-20,https://res.cloudinary.com/dfqzmnlga/image/upload/v1771040420/2026-02-14/10961330.jpg
10961631,14.00,Pågen,Kager,Små Semle Bullar,1,0,ps.,Netto,https://static.tilbudsugen.dk/1st-retail/2026/8/64621/Netto72026-1_21_1590x4940_3213x6817_zoom.jpg,2026-02-14,2026-02-20,https://res.cloudinary.com/dfqzmnlga/image/upload/v1771040420/2026-02-14/10961631.jpg
10961373,45.00,Naturli',Færdigretter Køl,Tartelet Gjort Let,1,0,gl.,Netto,https://static.tilbudsugen.dk/1st-retail/2026/8/64621/Netto72026-1_8_1257x3532_2460x5188_zoom.jpg,2026-02-14,2026-02-20,https://res.cloudinary.com/dfqzmnlga/image/upload/v1771040421/2026-02-14/10961373.jpg
10961228,18.00,Slooow,Ciabatta & Flutes,Baguettes,1,0,pk.,Netto,https://static.tilbudsugen.dk/1st-retail/2026/8/64621/Netto72026-1_12_2459x3748_4810x5215_zoom.jpg,2026-02-14,2026-02-20,https://res.cloudinary.com/dfqzmnlga/image/upload/v1771040421/2026-02-14/10961228.jpg
10961458,29.00,Rahbek,Fisk,Fiskefileter,1,0,ps.,Netto,https://static.tilbudsugen.dk/1st-retail/2026/8/64621/Netto72026-1_19_0x2868_1636x4868_zoom.jpg,2026-02-14,2026-02-20,https://res.cloudinary.com/dfqzmnlga/image/upload/v1771040422/2026-02-14/10961458.jpg
10961476,29.00,Pølsemesteren,Pølser Frost,Frankfurter,1,0,pk.,Netto,https://static.tilbudsugen.dk/1st-retail/2026/8/64621/Netto72026-1_19_3245x2868_4907x4836_zoom.jpg,2026-02-14,2026-02-20,https://res.cloudinary.com/dfqzmnlga/image/upload/v1771040424/2026-02-14/10961476.jpg
10961474,29.00,Pølsemesteren,300 g - 599 g Normalpakke Pølser,Kyllingepølser,1,0,pk.,Netto,https://static.tilbudsugen.dk/1st-retail/2026/8/64621/Netto72026-1_19_3245x2868_4907x4836_zoom.jpg,2026-02-14,2026-02-20,https://res.cloudinary.com/dfqzmnlga/image/upload/v1771040425/2026-02-14/10961474.jpg
10961346,55.00,Løgismose,Øvrige vinlande,Hvidvin,1,0,fl.,Netto,https://static.tilbudsugen.dk/1st-retail/2026/8/64621/Netto72026-1_7_1447x2496_4881x4562_zoom.jpg,2026-02-14,2026-02-20,https://res.cloudinary.com/dfqzmnlga/image/upload/v1771040426/2026-02-14/10961346.jpg
10961285,55.00,,Italienske vine,Italiensk Rødvin,1,0,fl.,Netto,https://static.tilbudsugen.dk/1st-retail/2026/8/64621/Netto72026-1_3_1615x5298_3257x7229_zoom.jpg,2026-02-14,2026-02-20,https://res.cloudinary.com/dfqzmnlga/image/upload/v1771040426/2026-02-14/10961285.jpg
10961348,55.00,Løgismose,Øvrige vinlande,Rosevin,1,0,fl.,Netto,https://static.tilbudsugen.dk/1st-retail/2026/8/64621/Netto72026-1_7_1447x2496_4881x4562_zoom.jpg,2026-02-14,2026-02-20,https://res.cloudinary.com/dfqzmnlga/image/upload/v1771040428/2026-02-14/10961348.jpg
10961349,55.00,Løgismose,Øvrige vinlande,Rødvin,1,0,fl.,Netto,https://static.tilbudsugen.dk/1st-retail/2026/8/64621/Netto72026-1_7_1447x2496_4881x4562_zoom.jpg,2026-02-14,2026-02-20,https://res.cloudinary.com/dfqzmnlga/image/upload/v1771040428/2026-02-14/10961349.jpg
10961223,20.00,Velsmag,Grisekød,Grisekoteletter,1,0,bk.,Netto,https://static.tilbudsugen.dk/1st-retail/2026/8/64621/Netto72026-1_11_2482x2949_4911x5215_zoom.jpg,2026-02-14,2026-02-20,https://res.cloudinary.com/dfqzmnlga/image/upload/v1771040429/2026-02-14/10961223.jpg
10961738,30.00,Velsmag,Oksekød,Hakket Okse & Grisekød 8-12%,1,0,ps.,Netto,https://static.tilbudsugen.dk/1st-retail/2026/8/64621/Netto72026-1_24_76x1161_4735x3676_zoom.jpg,2026-02-14,2026-02-20,https://res.cloudinary.com/dfqzmnlga/image/upload/v1771040430/2026-02-14/10961738.jpg
10961391,30.00,Spot On,Madlavningsost,Revet ost,1,0,ps.,Netto,https://static.tilbudsugen.dk/1st-retail/2026/8/64621/Netto72026-1_16_2405x4990_4965x7301_zoom.jpg,2026-02-14,2026-02-20,https://res.cloudinary.com/dfqzmnlga/image/upload/v1771040430/2026-02-14/10961391.jpg
10961490,30.00,Næmt,Færdigretter Køl,Pulled Pork,1,0,pk.,Netto,https://static.tilbudsugen.dk/1st-retail/2026/8/64621/Netto72026-1_19_46x4855_1655x6902_zoom.jpg,2026-02-14,2026-02-20,https://res.cloudinary.com/dfqzmnlga/image/upload/v1771040431/2026-02-14/10961490.jpg
10961213,30.00,,Kylling,Kyllingeoverlår,1,0,bk.,Netto,https://static.tilbudsugen.dk/1st-retail/2026/8/64621/Netto72026-1_11_109x3198_2568x5106_zoom.jpg,2026-02-14,2026-02-20,https://res.cloudinary.com/dfqzmnlga/image/upload/v1771040431/2026-02-14/10961213.jpg
10961736,30.00,Velsmag,Oksekød,Hakket oksekød 14-18%,1,0,bk.,Netto,https://static.tilbudsugen.dk/1st-retail/2026/8/64621/Netto72026-1_24_76x1161_4735x3676_zoom.jpg,2026-02-14,2026-02-20,https://res.cloudinary.com/dfqzmnlga/image/upload/v1771040431/2026-02-14/10961736.jpg
10961205,55.00,Velsmag,Kalve- og grisekød,Hakket kalv og grisekød 8-12%,1,0,bk.,Netto,https://static.tilbudsugen.dk/1st-retail/2026/8/64621/Netto72026-1_10_2513x692_4825x3314_zoom.jpg,2026-02-14,2026-02-20,https://res.cloudinary.com/dfqzmnlga/image/upload/v1771040432/2026-02-14/10961205.jpg
10961321,59.00,,Californiske vine,Californisk Rosevin,1,0,fl.,Netto,https://static.tilbudsugen.dk/1st-retail/2026/8/64621/Netto72026-1_6_2501x0_4996x2144_zoom.jpg,2026-02-14,2026-02-20,https://res.cloudinary.com/dfqzmnlga/image/upload/v1771040432/2026-02-14/10961321.jpg
10961290,59.00,,Franske vine,Fransk Rødvin,1,0,fl.,Netto,https://static.tilbudsugen.dk/1st-retail/2026/8/64621/Netto72026-1_4_2776x0_4920x2302_zoom.jpg,2026-02-14,2026-02-20,https://res.cloudinary.com/dfqzmnlga/image/upload/v1771040432/2026-02-14/10961290.jpg
10961320,59.00,,Californiske vine,Californisk Hvidvin,1,0,fl.,Netto,https://static.tilbudsugen.dk/1st-retail/2026/8/64621/Netto72026-1_6_2501x0_4996x2144_zoom.jpg,2026-02-14,2026-02-20,https://res.cloudinary.com/dfqzmnlga/image/upload/v1771040433/2026-02-14/10961320.jpg
10961208,119.00,Velsmag,Grisekød,Grisemørbrad,1,1,bk.,Netto,https://static.tilbudsugen.dk/1st-retail/2026/8/64621/Netto72026-1_10_46x3097_2343x5199_zoom.jpg,2026-02-14,2026-02-20,https://res.cloudinary.com/dfqzmnlga/image/upload/v1771040434/2026-02-14/10961208.jpg
10961465,12.00,Sereno,Snacks/bar,Myslibar,1,0,pk.,Netto,https://static.tilbudsugen.dk/1st-retail/2026/8/64621/Netto72026-1_18_1634x215_4895x2291_zoom.jpg,2026-02-14,2026-02-20,https://res.cloudinary.com/dfqzmnlga/image/upload/v1771040435/2026-02-14/10961465.jpg
10961683,20.00,Head&Shoulders,Shampoo,Shampoo,1,0,stk.,Netto,https://static.tilbudsugen.dk/1st-retail/2026/8/64621/Netto72026-1_23_3278x2841_4998x4797_zoom.jpg,2026-02-14,2026-02-20,https://res.cloudinary.com/dfqzmnlga/image/upload/v1771040436/2026-02-14/10961683.jpg
10961484,30.00,Næmt,Færdigretter Køl,Pulled Chicken,1,0,pk.,Netto,https://static.tilbudsugen.dk/1st-retail/2026/8/64621/Netto72026-1_19_46x4855_1655x6902_zoom.jpg,2026-02-14,2026-02-20,https://res.cloudinary.com/dfqzmnlga/image/upload/v1771040436/2026-02-14/10961484.jpg
10961377,10.00,Fintons,Tarteletter,Tarteletter,1,0,pk.,Netto,https://static.tilbudsugen.dk/1st-retail/2026/8/64621/Netto72026-1_8_2281x3917_3848x5223_zoom.jpg,2026-02-14,2026-02-20,https://res.cloudinary.com/dfqzmnlga/image/upload/v1771040437/2026-02-14/10961377.jpg
10961651,15.00,Taffel,Chips,American Ranch Chips,1,0,ps.,Netto,https://static.tilbudsugen.dk/1st-retail/2026/8/64621/Netto72026-1_21_20x1049_3258x4855_zoom.jpg,2026-02-14,2026-02-20,https://res.cloudinary.com/dfqzmnlga/image/upload/v1771040437/2026-02-14/10961651.jpg
10961402,25.00,Bådsmand,Sild,Sild,1,0,gl.,Netto,https://static.tilbudsugen.dk/1st-retail/2026/8/64621/Netto72026-1_17_81x3123_2341x5000_zoom.jpg,2026-02-14,2026-02-20,https://res.cloudinary.com/dfqzmnlga/image/upload/v1771040438/2026-02-14/10961402.jpg
10961422,13.00,Salling,Grønt,Selleristænger,1,0,ps.,Netto,https://static.tilbudsugen.dk/1st-retail/2026/8/64621/Netto72026-1_9_2426x1313_4941x3243_zoom.jpg,2026-02-14,2026-02-20,https://res.cloudinary.com/dfqzmnlga/image/upload/v1771040438/2026-02-14/10961422.jpg
10961424,13.00,,Grønt,Tomater,1,0,pk.,Netto,https://static.tilbudsugen.dk/1st-retail/2026/8/64621/Netto72026-1_9_2426x1313_4941x3243_zoom.jpg,2026-02-14,2026-02-20,https://res.cloudinary.com/dfqzmnlga/image/upload/v1771040439/2026-02-14/10961424.jpg
10961425,13.00,,Grønt,Peberfrugt,1,0,pk.,Netto,https://static.tilbudsugen.dk/1st-retail/2026/8/64621/Netto72026-1_9_2426x1313_4941x3243_zoom.jpg,2026-02-14,2026-02-20,https://res.cloudinary.com/dfqzmnlga/image/upload/v1771040439/2026-02-14/10961425.jpg
10961352,65.00,Løgismose,Øvrige vinlande,Hvidvin,1,0,fl.,Netto,https://static.tilbudsugen.dk/1st-retail/2026/8/64621/Netto72026-1_7_2398x4575_4802x6745_zoom.jpg,2026-02-14,2026-02-20,https://res.cloudinary.com/dfqzmnlga/image/upload/v1771040439/2026-02-14/10961352.jpg
10961219,65.00,Rose,Kylling,Kyllingebrystfilet,1,0,bk.,Netto,https://static.tilbudsugen.dk/1st-retail/2026/8/64621/Netto72026-1_11_70x5114_2529x7193_zoom.jpg,2026-02-14,2026-02-20,https://res.cloudinary.com/dfqzmnlga/image/upload/v1771040440/2026-02-14/10961219.jpg
10961221,65.00,Rose,Kylling,Kyllingeinderfileter,1,0,bk.,Netto,https://static.tilbudsugen.dk/1st-retail/2026/8/64621/Netto72026-1_11_70x5114_2529x7193_zoom.jpg,2026-02-14,2026-02-20,https://res.cloudinary.com/dfqzmnlga/image/upload/v1771040440/2026-02-14/10961221.jpg
10961363,65.00,Løgismose,Mousserende,Mousserende Vin,1,0,fl.,Netto,https://static.tilbudsugen.dk/1st-retail/2026/8/64621/Netto72026-1_7_2398x4575_4802x6745_zoom.jpg,2026-02-14,2026-02-20,https://res.cloudinary.com/dfqzmnlga/image/upload/v1771040441/2026-02-14/10961363.jpg
10961238,16.06,ØGO,Diverse kolonial,Tahin,1,0,gl.,Netto,https://static.tilbudsugen.dk/1st-retail/2026/8/64621/Netto72026-1_13_2669x4260_4887x7224_zoom.jpg,2026-02-14,2026-02-20,https://res.cloudinary.com/dfqzmnlga/image/upload/v1771040441/2026-02-14/10961238.jpg
10961639,15.00,Pringles,Chips,Mystery Flavour Super Mario Chips,1,0,ds.,Netto,https://static.tilbudsugen.dk/1st-retail/2026/8/64621/Netto72026-1_21_20x1049_3258x4855_zoom.jpg,2026-02-14,2026-02-20,https://res.cloudinary.com/dfqzmnlga/image/upload/v1771040442/2026-02-14/10961639.jpg
10961637,15.00,Pringles,Chips,Sour Cream & Onion Chips,1,0,ds.,Netto,https://static.tilbudsugen.dk/1st-retail/2026/8/64621/Netto72026-1_21_20x1049_3258x4855_zoom.jpg,2026-02-14,2026-02-20,https://res.cloudinary.com/dfqzmnlga/image/upload/v1771040442/2026-02-14/10961637.jpg
10961638,15.00,Pringles,Chips,Original Chips,1,0,ds.,Netto,https://static.tilbudsugen.dk/1st-retail/2026/8/64621/Netto72026-1_21_20x1049_3258x4855_zoom.jpg,2026-02-14,2026-02-20,https://res.cloudinary.com/dfqzmnlga/image/upload/v1771040443/2026-02-14/10961638.jpg
10961203,55.00,,Grisekød,Nakkekoteletter,1,0,bk.,Netto,https://static.tilbudsugen.dk/1st-retail/2026/8/64621/Netto72026-1_10_2513x692_4825x3314_zoom.jpg,2026-02-14,2026-02-20,https://res.cloudinary.com/dfqzmnlga/image/upload/v1771040443/2026-02-14/10961203.jpg
10961357,69.00,Løgismose,Øvrige vinlande,Rødvin,1,0,fl.,Netto,https://static.tilbudsugen.dk/1st-retail/2026/8/64621/Netto72026-1_7_208x2646_2411x6719_zoom.jpg,2026-02-14,2026-02-20,https://res.cloudinary.com/dfqzmnlga/image/upload/v1771040444/2026-02-14/10961357.jpg
10961642,15.00,Taffel,Chips,Corners Chili Cheese,1,0,ps.,Netto,https://static.tilbudsugen.dk/1st-retail/2026/8/64621/Netto72026-1_21_20x1049_3258x4855_zoom.jpg,2026-02-14,2026-02-20,https://res.cloudinary.com/dfqzmnlga/image/upload/v1771040444/2026-02-14/10961642.jpg
10961644,15.00,Taffel,Chips,Corners Chili & Lime Style,1,0,ps.,Netto,https://static.tilbudsugen.dk/1st-retail/2026/8/64621/Netto72026-1_21_20x1049_3258x4855_zoom.jpg,2026-02-14,2026-02-20,https://res.cloudinary.com/dfqzmnlga/image/upload/v1771040444/2026-02-14/10961644.jpg
10961649,15.00,Taffel,Chips,Corners Cheese,1,0,ps.,Netto,https://static.tilbudsugen.dk/1st-retail/2026/8/64621/Netto72026-1_21_20x1049_3258x4855_zoom.jpg,2026-02-14,2026-02-20,https://res.cloudinary.com/dfqzmnlga/image/upload/v1771040445/2026-02-14/10961649.jpg
10961191,39.00,Blanding 66,Kaffe,Kaffe Formalet,1,0,ps.,Netto,https://static.tilbudsugen.dk/1st-retail/2026/8/64621/Netto72026-1_2_2528x4673_4998x6882_zoom.jpg,2026-02-14,2026-02-20,https://res.cloudinary.com/dfqzmnlga/image/upload/v1771040445/2026-02-14/10961191.jpg
10961416,39.00,Steff Houlberg,Toppings,Skinkestrimler,1,0,pk.,Netto,https://static.tilbudsugen.dk/1st-retail/2026/8/64621/Netto72026-1_17_1597x4897_3165x6929_zoom.jpg,2026-02-14,2026-02-20,https://res.cloudinary.com/dfqzmnlga/image/upload/v1771040446/2026-02-14/10961416.jpg
10961418,39.00,Steff Houlberg,Toppings,Cocktailpølser,1,0,pk.,Netto,https://static.tilbudsugen.dk/1st-retail/2026/8/64621/Netto72026-1_17_1597x4897_3165x6929_zoom.jpg,2026-02-14,2026-02-20,https://res.cloudinary.com/dfqzmnlga/image/upload/v1771040446/2026-02-14/10961418.jpg
10961469,30.00,Premieur,Ciabatta & Flutes,Brioche Bagels,1,0,pk.,Netto,https://static.tilbudsugen.dk/1st-retail/2026/8/64621/Netto72026-1_18_140x5236_2444x6848_zoom.jpg,2026-02-14,2026-02-20,https://res.cloudinary.com/dfqzmnlga/image/upload/v1771040447/2026-02-14/10961469.jpg
10961227,10.00,Castus,Frugtpålæg,Frugtstænger Æble & Hindbær,1,0,pk.,Netto,https://static.tilbudsugen.dk/1st-retail/2026/8/64621/Netto72026-1_2_72x2483_2378x4705_zoom.jpg,2026-02-14,2026-02-20,https://res.cloudinary.com/dfqzmnlga/image/upload/v1771040447/2026-02-14/10961227.jpg
10961230,10.00,Castus,Frugtpålæg,Frugtstænger Blåbær,1,0,pk.,Netto,https://static.tilbudsugen.dk/1st-retail/2026/8/64621/Netto72026-1_2_72x2483_2378x4705_zoom.jpg,2026-02-14,2026-02-20,https://res.cloudinary.com/dfqzmnlga/image/upload/v1771040448/2026-02-14/10961230.jpg
10961252,20.00,Arla,Fedtstoffer,Smør,1,0,pk.,Netto,https://static.tilbudsugen.dk/1st-retail/2026/8/64621/Netto72026-1_15_77x824_2157x3547_zoom.jpg,2026-02-14,2026-02-20,https://res.cloudinary.com/dfqzmnlga/image/upload/v1771040448/2026-02-14/10961252.jpg
10961234,10.00,Castus,Frugtpålæg,Frugtstænger Jordbær Sour,1,0,pk.,Netto,https://static.tilbudsugen.dk/1st-retail/2026/8/64621/Netto72026-1_2_72x2483_2378x4705_zoom.jpg,2026-02-14,2026-02-20,https://res.cloudinary.com/dfqzmnlga/image/upload/v1771040448/2026-02-14/10961234.jpg
10961101,10.00,Den Grønne Slagter,"Pålæg, skiveskåret",Kyllingebryst Chili,1,0,pk.,Netto,https://static.tilbudsugen.dk/1st-retail/2026/8/64621/Netto72026-1_1_2433x1436_4989x3786_zoom.jpg,2026-02-14,2026-02-20,https://res.cloudinary.com/dfqzmnlga/image/upload/v1771040449/2026-02-14/10961101.jpg
10961255,20.00,Kærgården,Fedtstoffer,Smørbar,1,0,bg.,Netto,https://static.tilbudsugen.dk/1st-retail/2026/8/64621/Netto72026-1_15_77x824_2157x3547_zoom.jpg,2026-02-14,2026-02-20,https://res.cloudinary.com/dfqzmnlga/image/upload/v1771040449/2026-02-14/10961255.jpg
10961105,10.00,Den Grønne Slagter,"Pålæg, skiveskåret",Skinke Sandwich,1,0,pk.,Netto,https://static.tilbudsugen.dk/1st-retail/2026/8/64621/Netto72026-1_1_2433x1436_4989x3786_zoom.jpg,2026-02-14,2026-02-20,https://res.cloudinary.com/dfqzmnlga/image/upload/v1771040450/2026-02-14/10961105.jpg
10961393,10.00,Ice Cap,Rejer og andre skaldyr,Rejer,1,0,ps.,Netto,https://static.tilbudsugen.dk/1st-retail/2026/8/64621/Netto72026-1_17_88x1172_1627x3233_zoom.jpg,2026-02-14,2026-02-20,https://res.cloudinary.com/dfqzmnlga/image/upload/v1771040450/2026-02-14/10961393.jpg
10961224,10.00,Castus,Frugtpålæg,Frugtstænger Jordbær,1,0,pk.,Netto,https://static.tilbudsugen.dk/1st-retail/2026/8/64621/Netto72026-1_2_72x2483_2378x4705_zoom.jpg,2026-02-14,2026-02-20,https://res.cloudinary.com/dfqzmnlga/image/upload/v1771040451/2026-02-14/10961224.jpg
10961233,10.00,Castus,Frugtpålæg,Frugtstænger Sure Æbler,1,0,pk.,Netto,https://static.tilbudsugen.dk/1st-retail/2026/8/64621/Netto72026-1_2_72x2483_2378x4705_zoom.jpg,2026-02-14,2026-02-20,https://res.cloudinary.com/dfqzmnlga/image/upload/v1771040451/2026-02-14/10961233.jpg
10961383,50.00,Mammen,Skæreost,Skæreost Danbo Lagret,1,0,stk.,Netto,https://static.tilbudsugen.dk/1st-retail/2026/8/64621/Netto72026-1_16_70x4105_2397x7255_zoom.jpg,2026-02-14,2026-02-20,https://res.cloudinary.com/dfqzmnlga/image/upload/v1771040451/2026-02-14/10961383.jpg
10961397,25.00,Bådsmand,Sild,Sild,1,0,bg.,Netto,https://static.tilbudsugen.dk/1st-retail/2026/8/64621/Netto72026-1_17_81x3123_2341x5000_zoom.jpg,2026-02-14,2026-02-20,https://res.cloudinary.com/dfqzmnlga/image/upload/v1771040452/2026-02-14/10961397.jpg
10961390,13.00,Zelected,Saucer,Basilikum Pesto,1,0,gl.,Netto,https://static.tilbudsugen.dk/1st-retail/2026/8/64621/Netto72026-1_8_2488x5539_3594x7215_zoom.jpg,2026-02-14,2026-02-20,https://res.cloudinary.com/dfqzmnlga/image/upload/v1771040452/2026-02-14/10961390.jpg
10961379,25.00,Riberhus,Skiveost,Skiveost Danbo Mellemlagret,1,0,pk.,Netto,https://static.tilbudsugen.dk/1st-retail/2026/8/64621/Netto72026-1_16_0x1638_2482x4028_zoom.jpg,2026-02-14,2026-02-20,https://res.cloudinary.com/dfqzmnlga/image/upload/v1771040453/2026-02-14/10961379.jpg
10961217,69.00,Velsmag,Oksekød,Hakket oksekød 8-12%,1,0,ps.,Netto,https://static.tilbudsugen.dk/1st-retail/2026/8/64621/Netto72026-1_11_2467x5168_4872x7232_zoom.jpg,2026-02-14,2026-02-20,https://res.cloudinary.com/dfqzmnlga/image/upload/v1771040453/2026-02-14/10961217.jpg
10961773,15.00,MilkSlice,Mellemmåltider,Cool Snacks,1,0,pk.,Netto,https://static.tilbudsugen.dk/1st-retail/2026/8/64621/Netto72026-1_26_2476x3513_4646x6589_zoom.jpg,2026-02-14,2026-02-20,https://res.cloudinary.com/dfqzmnlga/image/upload/v1771040453/2026-02-14/10961773.jpg
10961650,15.00,Taffel,Chips,Havsalt Chips,1,0,ps.,Netto,https://static.tilbudsugen.dk/1st-retail/2026/8/64621/Netto72026-1_21_20x1049_3258x4855_zoom.jpg,2026-02-14,2026-02-20,https://res.cloudinary.com/dfqzmnlga/image/upload/v1771040454/2026-02-14/10961650.jpg
10961750,22.00,Cheasy,Skiveost,Skiveost 13% mild,1,0,pk.,Netto,https://static.tilbudsugen.dk/1st-retail/2026/8/64621/Netto72026-1_25_82x550_2330x3821_zoom.jpg,2026-02-14,2026-02-20,https://res.cloudinary.com/dfqzmnlga/image/upload/v1771040455/2026-02-14/10961750.jpg
10961747,22.00,Cheasy,Skiveost,Skiveost Mellemlagret 13%,1,0,pk.,Netto,https://static.tilbudsugen.dk/1st-retail/2026/8/64621/Netto72026-1_25_82x550_2330x3821_zoom.jpg,2026-02-14,2026-02-20,https://res.cloudinary.com/dfqzmnlga/image/upload/v1771040455/2026-02-14/10961747.jpg
10961613,22.00,Dumle,Slik,Karameller Original,1,0,ps.,Netto,https://static.tilbudsugen.dk/1st-retail/2026/8/64621/Netto72026-1_21_3245x39_4998x2828_zoom.jpg,2026-02-14,2026-02-20,https://res.cloudinary.com/dfqzmnlga/image/upload/v1771040456/2026-02-14/10961613.jpg
10961620,22.00,Dumle,Slik,Karameller Mix,1,0,ps.,Netto,https://static.tilbudsugen.dk/1st-retail/2026/8/64621/Netto72026-1_21_3245x39_4998x2828_zoom.jpg,2026-02-14,2026-02-20,https://res.cloudinary.com/dfqzmnlga/image/upload/v1771040456/2026-02-14/10961620.jpg
10961777,55.00,Original,Kaffe,Kaffe Formalet,1,0,ps.,Netto,https://static.tilbudsugen.dk/1st-retail/2026/8/64621/Netto72026-1_26_98x202_4724x3767_zoom.jpg,2026-02-14,2026-02-20,https://res.cloudinary.com/dfqzmnlga/image/upload/v1771040457/2026-02-14/10961777.jpg
10961790,55.00,Blanding 72,Kaffe,Kaffe Formalet,1,0,ps.,Netto,https://static.tilbudsugen.dk/1st-retail/2026/8/64621/Netto72026-1_26_98x202_4724x3767_zoom.jpg,2026-02-14,2026-02-20,https://res.cloudinary.com/dfqzmnlga/image/upload/v1771040457/2026-02-14/10961790.jpg
10961366,20.00,Naturli',Vegetarisk Fjerkræalternativ,Plantestykker,1,0,bk.,Netto,https://static.tilbudsugen.dk/1st-retail/2026/8/64621/Netto72026-1_8_1182x1450_2536x3182_zoom.jpg,2026-02-14,2026-02-20,https://res.cloudinary.com/dfqzmnlga/image/upload/v1771040457/2026-02-14/10961366.jpg
10961099,10.00,Den Grønne Slagter,"Pålæg, skiveskåret",Kyllingebryst Grillet,1,0,pk.,Netto,https://static.tilbudsugen.dk/1st-retail/2026/8/64621/Netto72026-1_1_2433x1436_4989x3786_zoom.jpg,2026-02-14,2026-02-20,https://res.cloudinary.com/dfqzmnlga/image/upload/v1771040458/2026-02-14/10961099.jpg
10961378,12.00,Lillebror,Specialost,Ostehaps,1,0,pk.,Netto,https://static.tilbudsugen.dk/1st-retail/2026/8/64621/Netto72026-1_16_3227x226_4895x2841_zoom.jpg,2026-02-14,2026-02-20,https://res.cloudinary.com/dfqzmnlga/image/upload/v1771040459/2026-02-14/10961378.jpg
10961382,50.00,Mammen,Skæreost,Skæreost Danbo Guld Mellemlagret,1,0,stk.,Netto,https://static.tilbudsugen.dk/1st-retail/2026/8/64621/Netto72026-1_16_70x4105_2397x7255_zoom.jpg,2026-02-14,2026-02-20,https://res.cloudinary.com/dfqzmnlga/image/upload/v1771040459/2026-02-14/10961382.jpg
10961665,79.00,Buldak,Nudler,Hot Chicken Ramen Ost,1,0,ps.,Netto,https://static.tilbudsugen.dk/1st-retail/2026/8/64621/Netto72026-1_22_3265x4920_4972x6830_zoom.jpg,2026-02-14,2026-02-20,https://res.cloudinary.com/dfqzmnlga/image/upload/v1771040459/2026-02-14/10961665.jpg
10961243,8.00,Konfetti Mix,Chokolade,Dragée,1,0,ps.,Netto,https://static.tilbudsugen.dk/1st-retail/2026/8/64621/Netto72026-1_14_62x816_1854x4741_zoom.jpg,2026-02-14,2026-02-20,https://res.cloudinary.com/dfqzmnlga/image/upload/v1771040460/2026-02-14/10961243.jpg
10961407,35.00,John West,Konserves,Tun i solsikkeolie,1,0,pk.,Netto,https://static.tilbudsugen.dk/1st-retail/2026/8/64621/Netto72026-1_17_3150x384_4696x3152_zoom.jpg,2026-02-14,2026-02-20,https://res.cloudinary.com/dfqzmnlga/image/upload/v1771040460/2026-02-14/10961407.jpg
10961410,35.00,John West,Konserves,Tun i vand,1,0,pk.,Netto,https://static.tilbudsugen.dk/1st-retail/2026/8/64621/Netto72026-1_17_3150x384_4696x3152_zoom.jpg,2026-02-14,2026-02-20,https://res.cloudinary.com/dfqzmnlga/image/upload/v1771040461/2026-02-14/10961410.jpg
10961645,15.00,Taffel,Snacks,Osterejer med Ægte Cheddar,1,0,ps.,Netto,https://static.tilbudsugen.dk/1st-retail/2026/8/64621/Netto72026-1_21_20x1049_3258x4855_zoom.jpg,2026-02-14,2026-02-20,https://res.cloudinary.com/dfqzmnlga/image/upload/v1771040461/2026-02-14/10961645.jpg
10961767,15.00,Maxi King,Mellemmåltider,Cool Snacks,1,0,stk.,Netto,https://static.tilbudsugen.dk/1st-retail/2026/8/64621/Netto72026-1_26_2476x3513_4646x6589_zoom.jpg,2026-02-14,2026-02-20,https://res.cloudinary.com/dfqzmnlga/image/upload/v1771040461/2026-02-14/10961767.jpg
10961301,89.00,,Mousserende,Fransk Mousserende Vin,1,0,fl.,Netto,https://static.tilbudsugen.dk/1st-retail/2026/8/64621/Netto72026-1_4_14x1952_2845x7222_zoom.jpg,2026-02-14,2026-02-20,https://res.cloudinary.com/dfqzmnlga/image/upload/v1771040462/2026-02-14/10961301.jpg
10961313,89.00,,Tyske vine,Tysk Hvidvin,1,0,fl.,Netto,https://static.tilbudsugen.dk/1st-retail/2026/8/64621/Netto72026-1_5_144x4419_2398x7208_zoom.jpg,2026-02-14,2026-02-20,https://res.cloudinary.com/dfqzmnlga/image/upload/v1771040462/2026-02-14/10961313.jpg
10961300,89.00,,Franske vine,Fransk Hvidvin,1,0,fl.,Netto,https://static.tilbudsugen.dk/1st-retail/2026/8/64621/Netto72026-1_4_14x1952_2845x7222_zoom.jpg,2026-02-14,2026-02-20,https://res.cloudinary.com/dfqzmnlga/image/upload/v1771040463/2026-02-14/10961300.jpg
10961782,55.00,Java Colombia,Kaffe,Kaffebønner,1,0,ps.,Netto,https://static.tilbudsugen.dk/1st-retail/2026/8/64621/Netto72026-1_26_98x202_4724x3767_zoom.jpg,2026-02-14,2026-02-20,https://res.cloudinary.com/dfqzmnlga/image/upload/v1771040463/2026-02-14/10961782.jpg
10961419,25.00,Poli,Toppings,Salsiccia Chili,1,0,pk.,Netto,https://static.tilbudsugen.dk/1st-retail/2026/8/64621/Netto72026-1_17_3114x4934_4608x6907_zoom.jpg,2026-02-14,2026-02-20,https://res.cloudinary.com/dfqzmnlga/image/upload/v1771040464/2026-02-14/10961419.jpg
10961434,25.00,Poli,Toppings,Salsiccia Original,1,0,pk.,Netto,https://static.tilbudsugen.dk/1st-retail/2026/8/64621/Netto72026-1_17_3114x4934_4608x6907_zoom.jpg,2026-02-14,2026-02-20,https://res.cloudinary.com/dfqzmnlga/image/upload/v1771040465/2026-02-14/10961434.jpg
10961771,15.00,Pingui,Mellemmåltider,Cool Snacks,1,0,pk.,Netto,https://static.tilbudsugen.dk/1st-retail/2026/8/64621/Netto72026-1_26_2476x3513_4646x6589_zoom.jpg,2026-02-14,2026-02-20,https://res.cloudinary.com/dfqzmnlga/image/upload/v1771040466/2026-02-14/10961771.jpg
10961102,10.00,Den Grønne Slagter,Vegetarpålæg,Veggiepålæg Peberfrugt,1,0,pk.,Netto,https://static.tilbudsugen.dk/1st-retail/2026/8/64621/Netto72026-1_1_2433x1436_4989x3786_zoom.jpg,2026-02-14,2026-02-20,https://res.cloudinary.com/dfqzmnlga/image/upload/v1771040466/2026-02-14/10961102.jpg
10961100,10.00,Den Grønne Slagter,"Pålæg, skiveskåret",Hamburgerryg,1,0,pk.,Netto,https://static.tilbudsugen.dk/1st-retail/2026/8/64621/Netto72026-1_1_2433x1436_4989x3786_zoom.jpg,2026-02-14,2026-02-20,https://res.cloudinary.com/dfqzmnlga/image/upload/v1771040467/2026-02-14/10961100.jpg
10961624,25.00,Milky Way,Boller & Morgenbrød,Croissanter,1,0,pk.,Netto,https://static.tilbudsugen.dk/1st-retail/2026/8/64621/Netto72026-1_21_3200x4888_4998x6797_zoom.jpg,2026-02-14,2026-02-20,https://res.cloudinary.com/dfqzmnlga/image/upload/v1771040468/2026-02-14/10961624.jpg
10961623,25.00,Mars,Boller & Morgenbrød,Croissanter,1,0,pk.,Netto,https://static.tilbudsugen.dk/1st-retail/2026/8/64621/Netto72026-1_21_3200x4888_4998x6797_zoom.jpg,2026-02-14,2026-02-20,https://res.cloudinary.com/dfqzmnlga/image/upload/v1771040468/2026-02-14/10961623.jpg
10961331,99.00,,Californiske vine,Californisk Hvidvin,1,0,fl.,Netto,https://static.tilbudsugen.dk/1st-retail/2026/8/64621/Netto72026-1_6_2481x5133_4948x7188_zoom.jpg,2026-02-14,2026-02-20,https://res.cloudinary.com/dfqzmnlga/image/upload/v1771040469/2026-02-14/10961331.jpg
10961332,99.00,,Californiske vine,Californisk Rødvin,1,0,fl.,Netto,https://static.tilbudsugen.dk/1st-retail/2026/8/64621/Netto72026-1_6_2481x5133_4948x7188_zoom.jpg,2026-02-14,2026-02-20,https://res.cloudinary.com/dfqzmnlga/image/upload/v1771040470/2026-02-14/10961332.jpg
10961386,10.00,,Grønt,Rucolasalat,1,0,ps.,Netto,https://static.tilbudsugen.dk/1st-retail/2026/8/64621/Netto72026-1_8_1216x5607_2460x7208_zoom.jpg,2026-02-14,2026-02-20,https://res.cloudinary.com/dfqzmnlga/image/upload/v1771040470/2026-02-14/10961386.jpg
10961648,15.00,Taffel,Snacks,Grilled Chicken Snacks,1,0,ps.,Netto,https://static.tilbudsugen.dk/1st-retail/2026/8/64621/Netto72026-1_21_20x1049_3258x4855_zoom.jpg,2026-02-14,2026-02-20,https://res.cloudinary.com/dfqzmnlga/image/upload/v1771040471/2026-02-14/10961648.jpg
10961791,55.00,Original,Kaffe,Kaffe Formalet,1,0,ps.,Netto,https://static.tilbudsugen.dk/1st-retail/2026/8/64621/Netto72026-1_26_98x202_4724x3767_zoom.jpg,2026-02-14,2026-02-20,https://res.cloudinary.com/dfqzmnlga/image/upload/v1771040472/2026-02-14/10961791.jpg
10961779,55.00,Blanding 95,Kaffe,Kaffe Formalet,1,0,ps.,Netto,https://static.tilbudsugen.dk/1st-retail/2026/8/64621/Netto72026-1_26_98x202_4724x3767_zoom.jpg,2026-02-14,2026-02-20,https://res.cloudinary.com/dfqzmnlga/image/upload/v1771040473/2026-02-14/10961779.jpg
10961783,55.00,Peter Larsen,Kaffe,Kaffebønner,1,0,ps.,Netto,https://static.tilbudsugen.dk/1st-retail/2026/8/64621/Netto72026-1_26_98x202_4724x3767_zoom.jpg,2026-02-14,2026-02-20,https://res.cloudinary.com/dfqzmnlga/image/upload/v1771040473/2026-02-14/10961783.jpg
10961247,22.00,Marabou,Chokolade,Chokoladeplade Schweizernöt,1,0,pk.,Netto,https://static.tilbudsugen.dk/1st-retail/2026/8/64621/Netto72026-1_2_72x4699_2457x6817_zoom.jpg,2026-02-14,2026-02-20,https://res.cloudinary.com/dfqzmnlga/image/upload/v1771040474/2026-02-14/10961247.jpg
10961253,22.00,Oreo,Chokolade,Chokoladeplade ,1,0,stk.,Netto,https://static.tilbudsugen.dk/1st-retail/2026/8/64621/Netto72026-1_2_72x4699_2457x6817_zoom.jpg,2026-02-14,2026-02-20,https://res.cloudinary.com/dfqzmnlga/image/upload/v1771040474/2026-02-14/10961253.jpg
10961249,22.00,Marabou,Chokolade,"Chokoladeplade Lakritz, Hallon & Caramel",1,0,stk.,Netto,https://static.tilbudsugen.dk/1st-retail/2026/8/64621/Netto72026-1_2_72x4699_2457x6817_zoom.jpg,2026-02-14,2026-02-20,https://res.cloudinary.com/dfqzmnlga/image/upload/v1771040475/2026-02-14/10961249.jpg
10961251,22.00,Marabou,Chokolade,Chokoladeplade Appelsin Krokant,1,0,stk.,Netto,https://static.tilbudsugen.dk/1st-retail/2026/8/64621/Netto72026-1_2_72x4699_2457x6817_zoom.jpg,2026-02-14,2026-02-20,https://res.cloudinary.com/dfqzmnlga/image/upload/v1771040475/2026-02-14/10961251.jpg
10961254,22.00,Daim,Chokolade,Chokoladeplade ,1,0,pk.,Netto,https://static.tilbudsugen.dk/1st-retail/2026/8/64621/Netto72026-1_2_72x4699_2457x6817_zoom.jpg,2026-02-14,2026-02-20,https://res.cloudinary.com/dfqzmnlga/image/upload/v1771040475/2026-02-14/10961254.jpg
10961257,22.00,Marabou,Chokolade,Chokoladeplade Cookie Dough,1,0,stk.,Netto,https://static.tilbudsugen.dk/1st-retail/2026/8/64621/Netto72026-1_2_72x4699_2457x6817_zoom.jpg,2026-02-14,2026-02-20,https://res.cloudinary.com/dfqzmnlga/image/upload/v1771040476/2026-02-14/10961257.jpg
10961258,22.00,Marabou,Chokolade,Chokoladeplade Mjölk Choklad,1,0,pk.,Netto,https://static.tilbudsugen.dk/1st-retail/2026/8/64621/Netto72026-1_2_72x4699_2457x6817_zoom.jpg,2026-02-14,2026-02-20,https://res.cloudinary.com/dfqzmnlga/image/upload/v1771040476/2026-02-14/10961258.jpg
10961246,22.00,Marabou,Chokolade,Chokoladeplade Helnöt,1,0,stk.,Netto,https://static.tilbudsugen.dk/1st-retail/2026/8/64621/Netto72026-1_2_72x4699_2457x6817_zoom.jpg,2026-02-14,2026-02-20,https://res.cloudinary.com/dfqzmnlga/image/upload/v1771040477/2026-02-14/10961246.jpg
10961240,22.00,Marabou,Chokolade,Chokoladeplade Mint Krokant,1,0,stk.,Netto,https://static.tilbudsugen.dk/1st-retail/2026/8/64621/Netto72026-1_2_72x4699_2457x6817_zoom.jpg,2026-02-14,2026-02-20,https://res.cloudinary.com/dfqzmnlga/image/upload/v1771040477/2026-02-14/10961240.jpg
10961659,139.00,Espresso Forza,Kaffe,Kaffebønner,1,1,pk.,Netto,https://static.tilbudsugen.dk/1st-retail/2026/8/64621/Netto72026-1_22_2489x104_4998x2854_zoom.jpg,2026-02-14,2026-02-20,https://res.cloudinary.com/dfqzmnlga/image/upload/v1771040478/2026-02-14/10961659.jpg
10961657,139.00,Espresso Italiano,Kaffe,Kaffebønner,1,1,ps.,Netto,https://static.tilbudsugen.dk/1st-retail/2026/8/64621/Netto72026-1_22_2489x104_4998x2854_zoom.jpg,2026-02-14,2026-02-20,https://res.cloudinary.com/dfqzmnlga/image/upload/v1771040478/2026-02-14/10961657.jpg
10961658,139.00,Crema Absolu Classique,Kaffe,Kaffebønner,1,1,pk.,Netto,https://static.tilbudsugen.dk/1st-retail/2026/8/64621/Netto72026-1_22_2489x104_4998x2854_zoom.jpg,2026-02-14,2026-02-20,https://res.cloudinary.com/dfqzmnlga/image/upload/v1771040479/2026-02-14/10961658.jpg
10961660,139.00,Espresso Brazil,Kaffe,Kaffebønner,1,1,ps.,Netto,https://static.tilbudsugen.dk/1st-retail/2026/8/64621/Netto72026-1_22_2489x104_4998x2854_zoom.jpg,2026-02-14,2026-02-20,https://res.cloudinary.com/dfqzmnlga/image/upload/v1771040479/2026-02-14/10961660.jpg
10961652,139.00,Caffe Crema Classico,Kaffe,Kaffebønner,1,1,pk.,Netto,https://static.tilbudsugen.dk/1st-retail/2026/8/64621/Netto72026-1_22_2489x104_4998x2854_zoom.jpg,2026-02-14,2026-02-20,https://res.cloudinary.com/dfqzmnlga/image/upload/v1771040480/2026-02-14/10961652.jpg
10961120,10.00,Harvest Best,Grøntsager,Persille,1,0,ps.,Netto,https://static.tilbudsugen.dk/1st-retail/2026/8/64621/Netto72026-1_1_7x1416_2536x3807_zoom.jpg,2026-02-14,2026-02-20,https://res.cloudinary.com/dfqzmnlga/image/upload/v1771040481/2026-02-14/10961120.jpg
10961054,10.00,Den Grønne Slagter,"Pålæg, skiveskåret",Rullepølse med Løg & Krydderier,1,0,pk.,Netto,https://static.tilbudsugen.dk/1st-retail/2026/8/64621/Netto72026-1_1_2433x1436_4989x3786_zoom.jpg,2026-02-14,2026-02-20,https://res.cloudinary.com/dfqzmnlga/image/upload/v1771040481/2026-02-14/10961054.jpg
10961289,109.00,,Italienske vine,Italiensk Rødvin,1,0,fl.,Netto,https://static.tilbudsugen.dk/1st-retail/2026/8/64621/Netto72026-1_3_2172x1003_4914x5291_zoom.jpg,2026-02-14,2026-02-20,https://res.cloudinary.com/dfqzmnlga/image/upload/v1771040482/2026-02-14/10961289.jpg
10961387,30.00,Castello,Specialost,Cheddar Mature,1,0,pk.,Netto,https://static.tilbudsugen.dk/1st-retail/2026/8/64621/Netto72026-1_16_2428x2864_4950x5067_zoom.jpg,2026-02-14,2026-02-20,https://res.cloudinary.com/dfqzmnlga/image/upload/v1771040482/2026-02-14/10961387.jpg
10961388,30.00,Castello,Specialost,Cheddar Extra Mature,1,0,pk.,Netto,https://static.tilbudsugen.dk/1st-retail/2026/8/64621/Netto72026-1_16_2428x2864_4950x5067_zoom.jpg,2026-02-14,2026-02-20,https://res.cloudinary.com/dfqzmnlga/image/upload/v1771040482/2026-02-14/10961388.jpg
10961389,30.00,Castello,Specialost,Havarti Aged,1,0,pk.,Netto,https://static.tilbudsugen.dk/1st-retail/2026/8/64621/Netto72026-1_16_2428x2864_4950x5067_zoom.jpg,2026-02-14,2026-02-20,https://res.cloudinary.com/dfqzmnlga/image/upload/v1771040483/2026-02-14/10961389.jpg
10961385,30.00,Castello,Specialost,Gouda Aged,1,0,pk.,Netto,https://static.tilbudsugen.dk/1st-retail/2026/8/64621/Netto72026-1_16_2428x2864_4950x5067_zoom.jpg,2026-02-14,2026-02-20,https://res.cloudinary.com/dfqzmnlga/image/upload/v1771040484/2026-02-14/10961385.jpg
10961200,99.00,Velsmag,Fersk fisk,Lakseside,1,0,pk.,Netto,https://static.tilbudsugen.dk/1st-retail/2026/8/64621/Netto72026-1_10_116x692_2405x3167_zoom.jpg,2026-02-14,2026-02-20,https://res.cloudinary.com/dfqzmnlga/image/upload/v1771040484/2026-02-14/10961200.jpg
10961520,129.00,Kahlua,Likør,Likør,1,0,fl.,Netto,https://static.tilbudsugen.dk/1st-retail/2026/8/64621/Netto72026-1_20_2444x3474_4998x5227_zoom.jpg,2026-02-14,2026-02-20,https://res.cloudinary.com/dfqzmnlga/image/upload/v1771040484/2026-02-14/10961520.jpg
10961517,129.00,Fernet Branca,Bitter,Bitter,1,0,fl.,Netto,https://static.tilbudsugen.dk/1st-retail/2026/8/64621/Netto72026-1_20_2444x3474_4998x5227_zoom.jpg,2026-02-14,2026-02-20,https://res.cloudinary.com/dfqzmnlga/image/upload/v1771040485/2026-02-14/10961517.jpg
10961521,129.00,London Dry,Gin,Gin,1,0,fl.,Netto,https://static.tilbudsugen.dk/1st-retail/2026/8/64621/Netto72026-1_20_2444x3474_4998x5227_zoom.jpg,2026-02-14,2026-02-20,https://res.cloudinary.com/dfqzmnlga/image/upload/v1771040485/2026-02-14/10961521.jpg
10961522,129.00,Tullamore Dew,Whisky,Whisky,1,0,fl.,Netto,https://static.tilbudsugen.dk/1st-retail/2026/8/64621/Netto72026-1_20_2444x3474_4998x5227_zoom.jpg,2026-02-14,2026-02-20,https://res.cloudinary.com/dfqzmnlga/image/upload/v1771040486/2026-02-14/10961522.jpg
10961516,129.00,Old No. 7,Whisky,Whisky,1,0,fl.,Netto,https://static.tilbudsugen.dk/1st-retail/2026/8/64621/Netto72026-1_20_2444x3474_4998x5227_zoom.jpg,2026-02-14,2026-02-20,https://res.cloudinary.com/dfqzmnlga/image/upload/v1771040486/2026-02-14/10961516.jpg
10961519,129.00,Jägermeister,Bitter,Bitter,1,0,fl.,Netto,https://static.tilbudsugen.dk/1st-retail/2026/8/64621/Netto72026-1_20_2444x3474_4998x5227_zoom.jpg,2026-02-14,2026-02-20,https://res.cloudinary.com/dfqzmnlga/image/upload/v1771040486/2026-02-14/10961519.jpg
10961396,10.00,,Røget og gravad,Laks i skiver,1,0,pk.,Netto,https://static.tilbudsugen.dk/1st-retail/2026/8/64621/Netto72026-1_17_88x1172_1627x3233_zoom.jpg,2026-02-14,2026-02-20,https://res.cloudinary.com/dfqzmnlga/image/upload/v1771040487/2026-02-14/10961396.jpg
10961661,20.00,Wildly Crisp,Snacknødder & Nøddeblandinger,Cashewnødder Chili & Ahorn,1,0,ps.,Netto,https://static.tilbudsugen.dk/1st-retail/2026/8/64621/Netto72026-1_22_2476x2861_4920x4829_zoom.jpg,2026-02-14,2026-02-20,https://res.cloudinary.com/dfqzmnlga/image/upload/v1771040487/2026-02-14/10961661.jpg
10961677,20.00,Wildly Crisp,Snacknødder & Nøddeblandinger,Trøffeldrys Nøddemix,1,0,ps.,Netto,https://static.tilbudsugen.dk/1st-retail/2026/8/64621/Netto72026-1_22_2476x2861_4920x4829_zoom.jpg,2026-02-14,2026-02-20,https://res.cloudinary.com/dfqzmnlga/image/upload/v1771040488/2026-02-14/10961677.jpg
10961679,20.00,Wildly Crisp,Snacknødder & Nøddeblandinger,Mandler Rosmarin & Chili,1,0,ps.,Netto,https://static.tilbudsugen.dk/1st-retail/2026/8/64621/Netto72026-1_22_2476x2861_4920x4829_zoom.jpg,2026-02-14,2026-02-20,https://res.cloudinary.com/dfqzmnlga/image/upload/v1771040488/2026-02-14/10961679.jpg
10961466,4.00,Egelykke,"Pålæg, skiveskåret",Salami,1,0,pk.,Netto,https://static.tilbudsugen.dk/1st-retail/2026/8/64621/Netto72026-1_18_3312x2225_4836x4463_zoom.jpg,2026-02-14,2026-02-20,https://res.cloudinary.com/dfqzmnlga/image/upload/v1771040488/2026-02-14/10961466.jpg
10961309,18.00,Toblerone,Dybfrost Kager & Tærter,Cheesecake,1,0,pk.,Netto,https://static.tilbudsugen.dk/1st-retail/2026/8/64621/Netto72026-1_15_62x5261_2529x7208_zoom.jpg,2026-02-14,2026-02-20,https://res.cloudinary.com/dfqzmnlga/image/upload/v1771040489/2026-02-14/10961309.jpg
10961307,18.00,Daim,Dybfrost Kager & Tærter,Cheesecake,1,0,pk.,Netto,https://static.tilbudsugen.dk/1st-retail/2026/8/64621/Netto72026-1_15_62x5261_2529x7208_zoom.jpg,2026-02-14,2026-02-20,https://res.cloudinary.com/dfqzmnlga/image/upload/v1771040489/2026-02-14/10961307.jpg
10961626,10.00,Guldbarre,Chokolade,Chokoladebar Knas,1,0,stk.,Netto,https://static.tilbudsugen.dk/1st-retail/2026/8/64621/Netto72026-1_21_3265x2868_4959x4849_zoom.jpg,2026-02-14,2026-02-20,https://res.cloudinary.com/dfqzmnlga/image/upload/v1771040490/2026-02-14/10961626.jpg
10961629,10.00,Guldbarre,Chokolade,Chokoladebar Hasselnød,1,0,stk.,Netto,https://static.tilbudsugen.dk/1st-retail/2026/8/64621/Netto72026-1_21_3265x2868_4959x4849_zoom.jpg,2026-02-14,2026-02-20,https://res.cloudinary.com/dfqzmnlga/image/upload/v1771040490/2026-02-14/10961629.jpg
10961625,10.00,Guldbarre,Chokolade,Chokoladebar Mælkechokolade,1,0,stk.,Netto,https://static.tilbudsugen.dk/1st-retail/2026/8/64621/Netto72026-1_21_3265x2868_4959x4849_zoom.jpg,2026-02-14,2026-02-20,https://res.cloudinary.com/dfqzmnlga/image/upload/v1771040491/2026-02-14/10961625.jpg
10961627,10.00,Guldbarre,Chokolade,Chokoladebar Orangeknas,1,0,stk.,Netto,https://static.tilbudsugen.dk/1st-retail/2026/8/64621/Netto72026-1_21_3265x2868_4959x4849_zoom.jpg,2026-02-14,2026-02-20,https://res.cloudinary.com/dfqzmnlga/image/upload/v1771040491/2026-02-14/10961627.jpg
10961310,18.00,Philadelphia,Dybfrost Kager & Tærter,Cheesecake,1,0,pk.,Netto,https://static.tilbudsugen.dk/1st-retail/2026/8/64621/Netto72026-1_15_62x5261_2529x7208_zoom.jpg,2026-02-14,2026-02-20,https://res.cloudinary.com/dfqzmnlga/image/upload/v1771040492/2026-02-14/10961310.jpg
10961308,18.00,Oreo,Dybfrost Kager & Tærter,Cheesecake,1,0,pk.,Netto,https://static.tilbudsugen.dk/1st-retail/2026/8/64621/Netto72026-1_15_62x5261_2529x7208_zoom.jpg,2026-02-14,2026-02-20,https://res.cloudinary.com/dfqzmnlga/image/upload/v1771040492/2026-02-14/10961308.jpg
10961472,16.00,ØGO,"Pålæg, skiveskåret",Hamburgerryg,1,0,pk.,Netto,https://static.tilbudsugen.dk/1st-retail/2026/8/64621/Netto72026-1_18_162x3881_2775x5287_zoom.jpg,2026-02-14,2026-02-20,https://res.cloudinary.com/dfqzmnlga/image/upload/v1771040493/2026-02-14/10961472.jpg
10961480,16.00,ØGO,"Pålæg, skiveskåret",Rullepølse,1,0,pk.,Netto,https://static.tilbudsugen.dk/1st-retail/2026/8/64621/Netto72026-1_18_162x3881_2775x5287_zoom.jpg,2026-02-14,2026-02-20,https://res.cloudinary.com/dfqzmnlga/image/upload/v1771040494/2026-02-14/10961480.jpg
10961414,25.00,,Røget og gravad,Laks,1,0,bk.,Netto,https://static.tilbudsugen.dk/1st-retail/2026/8/64621/Netto72026-1_17_2289x3182_4637x5125_zoom.jpg,2026-02-14,2026-02-20,https://res.cloudinary.com/dfqzmnlga/image/upload/v1771040494/2026-02-14/10961414.jpg
10961663,65.00,Gold,Instant Kaffe,Instant Kaffe,1,0,ps.,Netto,https://static.tilbudsugen.dk/1st-retail/2026/8/64621/Netto72026-1_22_65x0_2476x2887_zoom.jpg,2026-02-14,2026-02-20,https://res.cloudinary.com/dfqzmnlga/image/upload/v1771040494/2026-02-14/10961663.jpg
10961664,65.00,Cafe Noir,Instant Kaffe,Instant Kaffe,1,0,ps.,Netto,https://static.tilbudsugen.dk/1st-retail/2026/8/64621/Netto72026-1_22_65x0_2476x2887_zoom.jpg,2026-02-14,2026-02-20,https://res.cloudinary.com/dfqzmnlga/image/upload/v1771040495/2026-02-14/10961664.jpg
10961662,65.00,Crema,Instant Kaffe,Instant Kaffe,1,0,ps.,Netto,https://static.tilbudsugen.dk/1st-retail/2026/8/64621/Netto72026-1_22_65x0_2476x2887_zoom.jpg,2026-02-14,2026-02-20,https://res.cloudinary.com/dfqzmnlga/image/upload/v1771040495/2026-02-14/10961662.jpg
10961633,30.00,,Rengøringsartikler,Duftspray,1,0,stk.,Netto,https://static.tilbudsugen.dk/1st-retail/2026/8/64621/Netto72026-1_34_235x274_4836x3484_zoom.jpg,2026-02-14,2026-02-20,https://res.cloudinary.com/dfqzmnlga/image/upload/v1771040496/2026-02-14/10961633.jpg
10961488,59.00,Portiny,Færdigretter Køl,Hamburger,1,0,bk.,Netto,https://static.tilbudsugen.dk/1st-retail/2026/8/64621/Netto72026-1_19_3252x4973_4887x6817_zoom.jpg,2026-02-14,2026-02-20,https://res.cloudinary.com/dfqzmnlga/image/upload/v1771040497/2026-02-14/10961488.jpg
10961406,35.00,Bådsmand,Røget og gravad,Laks i skiver,1,0,pk.,Netto,https://static.tilbudsugen.dk/1st-retail/2026/8/64621/Netto72026-1_17_1560x1260_3136x3226_zoom.jpg,2026-02-14,2026-02-20,https://res.cloudinary.com/dfqzmnlga/image/upload/v1771040497/2026-02-14/10961406.jpg
10961628,30.00,,Luftfrisker,Duftolie,1,0,stk.,Netto,https://static.tilbudsugen.dk/1st-retail/2026/8/64621/Netto72026-1_34_235x274_4836x3484_zoom.jpg,2026-02-14,2026-02-20,https://res.cloudinary.com/dfqzmnlga/image/upload/v1771040497/2026-02-14/10961628.jpg
10932861,20.00,,Luftfrisker,Duftolie,1,0,stk.,Netto,https://static.tilbudsugen.dk/1st-retail/2026/5/64452/Netto42026-1_31_141x135_2843x2223_zoom.jpg,2026-01-24,2026-02-20,https://res.cloudinary.com/dfqzmnlga/image/upload/v1771040498/2026-02-14/10932861.jpg
10961788,55.00,Koffeinfri,Instant Kaffe,Instant Kaffe,1,0,gl.,Netto,https://static.tilbudsugen.dk/1st-retail/2026/8/64621/Netto72026-1_26_98x202_4724x3767_zoom.jpg,2026-02-14,2026-02-20,https://res.cloudinary.com/dfqzmnlga/image/upload/v1771040499/2026-02-14/10961788.jpg
10961787,55.00,Classic,Instant Kaffe,Instant Kaffe,1,0,gl.,Netto,https://static.tilbudsugen.dk/1st-retail/2026/8/64621/Netto72026-1_26_98x202_4724x3767_zoom.jpg,2026-02-14,2026-02-20,https://res.cloudinary.com/dfqzmnlga/image/upload/v1771040499/2026-02-14/10961787.jpg
10961504,40.00,,Diverse isenkram og boligindretning,Kølemaske,1,0,stk.,Netto,https://static.tilbudsugen.dk/1st-retail/2026/8/64621/Netto72026-1_29_228x1982_3379x3572_zoom.jpg,2026-02-14,2026-02-20,https://res.cloudinary.com/dfqzmnlga/image/upload/v1771040500/2026-02-14/10961504.jpg
10961236,19.56,ØGO,Krydderier,Vaniljestang,1,0,pk.,Netto,https://static.tilbudsugen.dk/1st-retail/2026/8/64621/Netto72026-1_13_70x676_2172x3624_zoom.jpg,2026-02-14,2026-02-20,https://res.cloudinary.com/dfqzmnlga/image/upload/v1771040500/2026-02-14/10961236.jpg
10961518,25.00,,Diverse isenkram og boligindretning,Pilleæske,1,0,stk.,Netto,https://static.tilbudsugen.dk/1st-retail/2026/8/64621/Netto72026-1_29_162x443_1781x1982_zoom.jpg,2026-02-14,2026-02-20,https://res.cloudinary.com/dfqzmnlga/image/upload/v1771040501/2026-02-14/10961518.jpg
10961544,149.00,,Dametøj,Hjemmesæt,1,0,stk.,Netto,https://static.tilbudsugen.dk/1st-retail/2026/8/64621/Netto72026-1_30_3290x208_4807x5096_zoom.jpg,2026-02-14,2026-02-20,https://res.cloudinary.com/dfqzmnlga/image/upload/v1771040501/2026-02-14/10961544.jpg
10961557,35.00,,El-artikler,Sensorlampe,1,0,stk.,Netto,https://static.tilbudsugen.dk/1st-retail/2026/8/64621/Netto72026-1_30_206x208_1796x2004_zoom.jpg,2026-02-14,2026-02-20,https://res.cloudinary.com/dfqzmnlga/image/upload/v1771040502/2026-02-14/10961557.jpg
10961558,35.00,,Toiletartikler,Makeupspejl,1,0,stk.,Netto,https://static.tilbudsugen.dk/1st-retail/2026/8/64621/Netto72026-1_30_206x208_1796x2004_zoom.jpg,2026-02-14,2026-02-20,https://res.cloudinary.com/dfqzmnlga/image/upload/v1771040502/2026-02-14/10961558.jpg
10961573,49.00,,Boligartikler,Kurv,1,0,stk.,Netto,https://static.tilbudsugen.dk/1st-retail/2026/8/64621/Netto72026-1_31_2422x4426_4998x6760_zoom.jpg,2026-02-14,2026-02-20,https://res.cloudinary.com/dfqzmnlga/image/upload/v1771040503/2026-02-14/10961573.jpg
10961594,59.00,,Pyntegenstande,Dekorationsbakke,1,0,stk.,Netto,https://static.tilbudsugen.dk/1st-retail/2026/8/64621/Netto72026-1_32_22x23_4939x4492_zoom.jpg,2026-02-14,2026-02-20,https://res.cloudinary.com/dfqzmnlga/image/upload/v1771040503/2026-02-14/10961594.jpg
10961630,30.00,,Luftfrisker,Diffuser,1,0,stk.,Netto,https://static.tilbudsugen.dk/1st-retail/2026/8/64621/Netto72026-1_34_235x274_4836x3484_zoom.jpg,2026-02-14,2026-02-20,https://res.cloudinary.com/dfqzmnlga/image/upload/v1771040504/2026-02-14/10961630.jpg
10932864,69.00,,Pyntegenstande,Vase,1,0,stk.,Netto,https://static.tilbudsugen.dk/1st-retail/2026/5/64452/Netto42026-1_31_2081x930_4964x6622_zoom.jpg,2026-01-24,2026-02-20,https://res.cloudinary.com/dfqzmnlga/image/upload/v1771040504/2026-02-14/10932864.jpg
10961502,79.00,,Dametøj,Natkjole,1,0,stk.,Netto,https://static.tilbudsugen.dk/1st-retail/2026/8/64621/Netto72026-1_29_3342x1908_4998x6745_zoom.jpg,2026-02-14,2026-02-20,https://res.cloudinary.com/dfqzmnlga/image/upload/v1771040505/2026-02-14/10961502.jpg
10961508,25.00,,Diverse,Kløpind,1,0,stk.,Netto,https://static.tilbudsugen.dk/1st-retail/2026/8/64621/Netto72026-1_29_3239x53_4983x1960_zoom.jpg,2026-02-14,2026-02-20,https://res.cloudinary.com/dfqzmnlga/image/upload/v1771040505/2026-02-14/10961508.jpg
10932862,20.00,,Køkkenartikler,Drikkedunk,1,0,stk.,Netto,https://static.tilbudsugen.dk/1st-retail/2026/5/64452/Netto42026-1_31_40x2243_2640x4082_zoom.jpg,2026-01-24,2026-02-20,https://res.cloudinary.com/dfqzmnlga/image/upload/v1771040506/2026-02-14/10932862.jpg
10932872,20.00,,"Skåle, fade og forme",Skål,1,0,stk.,Netto,https://static.tilbudsugen.dk/1st-retail/2026/5/64452/Netto42026-1_29_209x243_4574x4278_zoom.jpg,2026-01-24,2026-02-20,https://res.cloudinary.com/dfqzmnlga/image/upload/v1771040506/2026-02-14/10932872.jpg
10961546,139.00,,Personlig,Pedaltræner,1,0,stk.,Netto,https://static.tilbudsugen.dk/1st-retail/2026/8/64621/Netto72026-1_30_243x5155_2495x6789_zoom.jpg,2026-02-14,2026-02-20,https://res.cloudinary.com/dfqzmnlga/image/upload/v1771040507/2026-02-14/10961546.jpg
10961547,79.00,,Mobiltelefon tilbehør,Mobilholder,1,0,stk.,Netto,https://static.tilbudsugen.dk/1st-retail/2026/8/64621/Netto72026-1_30_191x3454_1686x5147_zoom.jpg,2026-02-14,2026-02-20,https://res.cloudinary.com/dfqzmnlga/image/upload/v1771040507/2026-02-14/10961547.jpg
10961550,79.00,,Boligartikler,Nøglering,1,0,stk.,Netto,https://static.tilbudsugen.dk/1st-retail/2026/8/64621/Netto72026-1_30_1767x1982_3180x3476_zoom.jpg,2026-02-14,2026-02-20,https://res.cloudinary.com/dfqzmnlga/image/upload/v1771040507/2026-02-14/10961550.jpg
10961569,30.00,,Lys/lyskæder,Lyskæder,1,0,stk.,Netto,https://static.tilbudsugen.dk/1st-retail/2026/8/64621/Netto72026-1_31_2525x0_4902x1201_zoom.jpg,2026-02-14,2026-02-20,https://res.cloudinary.com/dfqzmnlga/image/upload/v1771040508/2026-02-14/10961569.jpg
10961578,69.00,,Pyntegenstande,Lanterne,1,0,stk.,Netto,https://static.tilbudsugen.dk/1st-retail/2026/8/64621/Netto72026-1_31_184x4757_2481x6811_zoom.jpg,2026-02-14,2026-02-20,https://res.cloudinary.com/dfqzmnlga/image/upload/v1771040508/2026-02-14/10961578.jpg
10961581,89.00,,Boligartikler,Kurv,1,0,stk.,Netto,https://static.tilbudsugen.dk/1st-retail/2026/8/64621/Netto72026-1_31_2422x4426_4998x6760_zoom.jpg,2026-02-14,2026-02-20,https://res.cloudinary.com/dfqzmnlga/image/upload/v1771040508/2026-02-14/10961581.jpg
10961585,79.00,,Boligtekstiler,Duge,1,0,stk.,Netto,https://static.tilbudsugen.dk/1st-retail/2026/8/64621/Netto72026-1_32_2392x4551_4917x6848_zoom.jpg,2026-02-14,2026-02-20,https://res.cloudinary.com/dfqzmnlga/image/upload/v1771040509/2026-02-14/10961585.jpg
10961602,14.00,,Lingeri,Trusser,1,0,stk.,Netto,https://static.tilbudsugen.dk/1st-retail/2026/8/64621/Netto72026-1_33_2488x2828_4755x4927_zoom.jpg,2026-02-14,2026-02-20,https://res.cloudinary.com/dfqzmnlga/image/upload/v1771040509/2026-02-14/10961602.jpg
10961612,10.00,,Papir,Kort,1,0,pk.,Netto,https://static.tilbudsugen.dk/1st-retail/2026/8/64621/Netto72026-1_34_250x5258_2569x6774_zoom.jpg,2026-02-14,2026-02-20,https://res.cloudinary.com/dfqzmnlga/image/upload/v1771040510/2026-02-14/10961612.jpg
10961730,10.00,Ambi Pur,Rengøringsmidler,WC-flush,1,0,pk.,Netto,https://static.tilbudsugen.dk/1st-retail/2026/8/64621/Netto72026-1_23_2444x736_4959x2789_zoom.jpg,2026-02-14,2026-02-20,https://res.cloudinary.com/dfqzmnlga/image/upload/v1771040510/2026-02-14/10961730.jpg
10961541,25.00,,Diverse bøger,Sudokuhæfte,1,0,stk.,Netto,https://static.tilbudsugen.dk/1st-retail/2026/8/64621/Netto72026-1_30_1700x3469_3253x5162_zoom.jpg,2026-02-14,2026-02-20,https://res.cloudinary.com/dfqzmnlga/image/upload/v1771040510/2026-02-14/10961541.jpg
10961551,199.00,,Belysning indendørs,Bordlampe,1,0,stk.,Netto,https://static.tilbudsugen.dk/1st-retail/2026/8/64621/Netto72026-1_30_1796x156_3202x1996_zoom.jpg,2026-02-14,2026-02-20,https://res.cloudinary.com/dfqzmnlga/image/upload/v1771040511/2026-02-14/10961551.jpg
10961554,35.00,,Personlig,Forstørrelsesglas,1,0,stk.,Netto,https://static.tilbudsugen.dk/1st-retail/2026/8/64621/Netto72026-1_30_206x208_1796x2004_zoom.jpg,2026-02-14,2026-02-20,https://res.cloudinary.com/dfqzmnlga/image/upload/v1771040511/2026-02-14/10961554.jpg
10961556,35.00,,El-artikler,LED pære,1,0,pk.,Netto,https://static.tilbudsugen.dk/1st-retail/2026/8/64621/Netto72026-1_30_206x208_1796x2004_zoom.jpg,2026-02-14,2026-02-20,https://res.cloudinary.com/dfqzmnlga/image/upload/v1771040511/2026-02-14/10961556.jpg
10961567,20.00,Nord Home LIving,Boligtekstiler,Dækkeserviet,1,0,stk.,Netto,https://static.tilbudsugen.dk/1st-retail/2026/8/64621/Netto72026-1_31_154x1400_2760x3160_zoom.jpg,2026-02-14,2026-02-20,https://res.cloudinary.com/dfqzmnlga/image/upload/v1771040512/2026-02-14/10961567.jpg
10961571,79.00,,Boligtekstiler,Plaid,1,0,stk.,Netto,https://static.tilbudsugen.dk/1st-retail/2026/8/64621/Netto72026-1_31_2657x1032_4843x3012_zoom.jpg,2026-02-14,2026-02-20,https://res.cloudinary.com/dfqzmnlga/image/upload/v1771040512/2026-02-14/10961571.jpg
10961576,69.00,,Boligartikler,Kurv,1,0,stk.,Netto,https://static.tilbudsugen.dk/1st-retail/2026/8/64621/Netto72026-1_31_2422x4426_4998x6760_zoom.jpg,2026-02-14,2026-02-20,https://res.cloudinary.com/dfqzmnlga/image/upload/v1771040513/2026-02-14/10961576.jpg
10961579,129.00,,Pyntegenstande,Lanterne,1,0,stk.,Netto,https://static.tilbudsugen.dk/1st-retail/2026/8/64621/Netto72026-1_31_184x4757_2481x6811_zoom.jpg,2026-02-14,2026-02-20,https://res.cloudinary.com/dfqzmnlga/image/upload/v1771040513/2026-02-14/10961579.jpg
10961584,129.00,,Gardiner og persienner,Gardin,1,0,stk.,Netto,https://static.tilbudsugen.dk/1st-retail/2026/8/64621/Netto72026-1_32_154x3712_2444x6870_zoom.jpg,2026-02-14,2026-02-20,https://res.cloudinary.com/dfqzmnlga/image/upload/v1771040514/2026-02-14/10961584.jpg
10961591,49.00,,Pyntegenstande,Dekorationsbakke,1,0,stk.,Netto,https://static.tilbudsugen.dk/1st-retail/2026/8/64621/Netto72026-1_32_22x23_4939x4492_zoom.jpg,2026-02-14,2026-02-20,https://res.cloudinary.com/dfqzmnlga/image/upload/v1771040514/2026-02-14/10961591.jpg
10961611,129.00,,Outdoor,Gummistøvler,1,0,stk.,Netto,https://static.tilbudsugen.dk/1st-retail/2026/8/64621/Netto72026-1_34_2488x5074_4924x6885_zoom.jpg,2026-02-14,2026-02-20,https://res.cloudinary.com/dfqzmnlga/image/upload/v1771040515/2026-02-14/10961611.jpg
10961614,15.00,,Diverse kontorartikler,Hæftemaskine,1,0,stk.,Netto,https://static.tilbudsugen.dk/1st-retail/2026/8/64621/Netto72026-1_34_250x3572_4770x5147_zoom.jpg,2026-02-14,2026-02-20,https://res.cloudinary.com/dfqzmnlga/image/upload/v1771040515/2026-02-14/10961614.jpg
10961616,10.00,,Diverse kontorartikler,Elefantsnot,1,0,stk.,Netto,https://static.tilbudsugen.dk/1st-retail/2026/8/64621/Netto72026-1_34_250x3572_4770x5147_zoom.jpg,2026-02-14,2026-02-20,https://res.cloudinary.com/dfqzmnlga/image/upload/v1771040516/2026-02-14/10961616.jpg
10961621,30.00,,Dufteprodukter,Duftlys,1,0,stk.,Netto,https://static.tilbudsugen.dk/1st-retail/2026/8/64621/Netto72026-1_34_235x274_4836x3484_zoom.jpg,2026-02-14,2026-02-20,https://res.cloudinary.com/dfqzmnlga/image/upload/v1771040516/2026-02-14/10961621.jpg
10961492,149.00,,Dyner og puder,Hovedpude,1,0,stk.,Netto,https://static.tilbudsugen.dk/1st-retail/2026/8/64621/Netto72026-1_28_140x215_4866x2423_zoom.jpg,2026-02-14,2026-02-20,https://res.cloudinary.com/dfqzmnlga/image/upload/v1771040516/2026-02-14/10961492.jpg
10961494,69.00,,Diverse isenkram og boligindretning,Nakkepude,1,0,stk.,Netto,https://static.tilbudsugen.dk/1st-retail/2026/8/64621/Netto72026-1_28_177x4566_2458x6819_zoom.jpg,2026-02-14,2026-02-20,https://res.cloudinary.com/dfqzmnlga/image/upload/v1771040517/2026-02-14/10961494.jpg
10961513,149.00,,Diverse elartikler,Blodtryksmåler,1,0,stk.,Netto,https://static.tilbudsugen.dk/1st-retail/2026/8/64621/Netto72026-1_29_103x5221_1914x6774_zoom.jpg,2026-02-14,2026-02-20,https://res.cloudinary.com/dfqzmnlga/image/upload/v1771040519/2026-02-14/10961513.jpg
10932870,59.00,,Dametøj,Bigshirt,1,0,stk.,Netto,https://static.tilbudsugen.dk/1st-retail/2026/5/64452/Netto42026-1_30_2903x640_4944x6703_zoom.jpg,2026-01-24,2026-02-20,https://res.cloudinary.com/dfqzmnlga/image/upload/v1771040520/2026-02-14/10932870.jpg
10932871,30.00,,Service,Krus,1,0,stk.,Netto,https://static.tilbudsugen.dk/1st-retail/2026/5/64452/Netto42026-1_29_209x243_4574x4278_zoom.jpg,2026-01-24,2026-02-20,https://res.cloudinary.com/dfqzmnlga/image/upload/v1771040521/2026-02-14/10932871.jpg
10932863,30.00,,Diverse kontorartikler,Notesbog,1,0,stk.,Netto,https://static.tilbudsugen.dk/1st-retail/2026/5/64452/Netto42026-1_31_222x4082_2843x6595_zoom.jpg,2026-01-24,2026-02-20,https://res.cloudinary.com/dfqzmnlga/image/upload/v1771040521/2026-02-14/10932863.jpg
10932867,30.00,,Sokker/Strømper,Strømper,1,0,pk.,Netto,https://static.tilbudsugen.dk/1st-retail/2026/5/64452/Netto42026-1_30_1657x2681_3098x4325_zoom.jpg,2026-01-24,2026-02-20,https://res.cloudinary.com/dfqzmnlga/image/upload/v1771040522/2026-02-14/10932867.jpg
10961553,30.00,,Damesko og støvler,Damehjemmesko,1,0,stk.,Netto,https://static.tilbudsugen.dk/1st-retail/2026/8/64621/Netto72026-1_30_177x1945_1715x3520_zoom.jpg,2026-02-14,2026-02-20,https://res.cloudinary.com/dfqzmnlga/image/upload/v1771040523/2026-02-14/10961553.jpg
10961572,49.00,,Boligtekstiler,Puder,1,0,stk.,Netto,https://static.tilbudsugen.dk/1st-retail/2026/8/64621/Netto72026-1_31_125x2637_4733x5147_zoom.jpg,2026-02-14,2026-02-20,https://res.cloudinary.com/dfqzmnlga/image/upload/v1771040524/2026-02-14/10961572.jpg
10961590,50.00,,Student,Bordløber,1,0,stk.,Netto,https://static.tilbudsugen.dk/1st-retail/2026/8/64621/Netto72026-1_32_22x23_4939x4492_zoom.jpg,2026-02-14,2026-02-20,https://res.cloudinary.com/dfqzmnlga/image/upload/v1771040524/2026-02-14/10961590.jpg
10961617,10.00,,Diverse kontorartikler,Lim,1,0,stk.,Netto,https://static.tilbudsugen.dk/1st-retail/2026/8/64621/Netto72026-1_34_250x3572_4770x5147_zoom.jpg,2026-02-14,2026-02-20,https://res.cloudinary.com/dfqzmnlga/image/upload/v1771040525/2026-02-14/10961617.jpg
10961500,79.00,,Boligtekstiler,Hynde,1,0,stk.,Netto,https://static.tilbudsugen.dk/1st-retail/2026/8/64621/Netto72026-1_28_2532x4595_4829x6796_zoom.jpg,2026-02-14,2026-02-20,https://res.cloudinary.com/dfqzmnlga/image/upload/v1771040526/2026-02-14/10961500.jpg
10961515,40.00,,Diverse isenkram og boligindretning,Pilleæske,1,0,stk.,Netto,https://static.tilbudsugen.dk/1st-retail/2026/8/64621/Netto72026-1_29_1715x487_3312x1982_zoom.jpg,2026-02-14,2026-02-20,https://res.cloudinary.com/dfqzmnlga/image/upload/v1771040527/2026-02-14/10961515.jpg
10961372,15.00,Salling,Grønt,Salat,1,0,bk.,Netto,https://static.tilbudsugen.dk/1st-retail/2026/8/64621/Netto72026-1_8_3690x1477_4968x3257_zoom.jpg,2026-02-14,2026-02-20,https://res.cloudinary.com/dfqzmnlga/image/upload/v1771040528/2026-02-14/10961372.jpg
10961381,9.00,,Grønt,Persille,1,0,bdt.,Netto,https://static.tilbudsugen.dk/1st-retail/2026/8/64621/Netto72026-1_8_3663x3347_4934x5229_zoom.jpg,2026-02-14,2026-02-20,https://res.cloudinary.com/dfqzmnlga/image/upload/v1771040528/2026-02-14/10961381.jpg
10961493,249.00,,Dyner og puder,Kropspude,1,0,stk.,Netto,https://static.tilbudsugen.dk/1st-retail/2026/8/64621/Netto72026-1_28_243x2423_4829x4617_zoom.jpg,2026-02-14,2026-02-20,https://res.cloudinary.com/dfqzmnlga/image/upload/v1771040529/2026-02-14/10961493.jpg
10961509,50.00,,Diverse isenkram og boligindretning,Pilleæske,1,0,stk.,Netto,https://static.tilbudsugen.dk/1st-retail/2026/8/64621/Netto72026-1_29_1884x3572_3452x5103_zoom.jpg,2026-02-14,2026-02-20,https://res.cloudinary.com/dfqzmnlga/image/upload/v1771040530/2026-02-14/10961509.jpg
10961511,40.00,,Toiletartikler,Bademåtte,1,0,stk.,Netto,https://static.tilbudsugen.dk/1st-retail/2026/8/64621/Netto72026-1_29_272x3565_1936x5221_zoom.jpg,2026-02-14,2026-02-20,https://res.cloudinary.com/dfqzmnlga/image/upload/v1771040531/2026-02-14/10961511.jpg
10932865,50.00,,Dametøj,Top,1,0,stk.,Netto,https://static.tilbudsugen.dk/1st-retail/2026/5/64452/Netto42026-1_30_222x532_3226x2600_zoom.jpg,2026-01-24,2026-02-20,https://res.cloudinary.com/dfqzmnlga/image/upload/v1771040532/2026-02-14/10932865.jpg
10932869,89.00,,Boligtekstiler,Håndklæde,1,0,stk.,Netto,https://static.tilbudsugen.dk/1st-retail/2026/5/64452/Netto42026-1_30_216x4359_3577x6548_zoom.jpg,2026-01-24,2026-02-20,https://res.cloudinary.com/dfqzmnlga/image/upload/v1771040532/2026-02-14/10932869.jpg
10961536,60.00,,Diverse isenkram og boligindretning,Kølehalskrave,1,0,stk.,Netto,https://static.tilbudsugen.dk/1st-retail/2026/8/64621/Netto72026-1_29_228x1982_3379x3572_zoom.jpg,2026-02-14,2026-02-20,https://res.cloudinary.com/dfqzmnlga/image/upload/v1771040532/2026-02-14/10961536.jpg
10961539,249.00,,Boligtekstiler,Tyngdetæppe,1,0,stk.,Netto,https://static.tilbudsugen.dk/1st-retail/2026/8/64621/Netto72026-1_30_2466x5147_4785x6833_zoom.jpg,2026-02-14,2026-02-20,https://res.cloudinary.com/dfqzmnlga/image/upload/v1771040533/2026-02-14/10961539.jpg
10961587,89.00,,Boligtekstiler,Duge,1,0,stk.,Netto,https://static.tilbudsugen.dk/1st-retail/2026/8/64621/Netto72026-1_32_2392x4551_4917x6848_zoom.jpg,2026-02-14,2026-02-20,https://res.cloudinary.com/dfqzmnlga/image/upload/v1771040533/2026-02-14/10961587.jpg
10961588,30.00,,Lys/lyskæder,Lyskæder,1,0,stk.,Netto,https://static.tilbudsugen.dk/1st-retail/2026/8/64621/Netto72026-1_32_22x23_4939x4492_zoom.jpg,2026-02-14,2026-02-20,https://res.cloudinary.com/dfqzmnlga/image/upload/v1771040534/2026-02-14/10961588.jpg
10961596,59.00,,Dametøj,T-shirt,1,0,stk.,Netto,https://static.tilbudsugen.dk/1st-retail/2026/8/64621/Netto72026-1_33_2481x178_4785x2924_zoom.jpg,2026-02-14,2026-02-20,https://res.cloudinary.com/dfqzmnlga/image/upload/v1771040534/2026-02-14/10961596.jpg
10961615,15.00,,Diverse isenkram og boligindretning,Saks,1,0,stk.,Netto,https://static.tilbudsugen.dk/1st-retail/2026/8/64621/Netto72026-1_34_250x3572_4770x5147_zoom.jpg,2026-02-14,2026-02-20,https://res.cloudinary.com/dfqzmnlga/image/upload/v1771040534/2026-02-14/10961615.jpg
10961619,15.00,,Diverse kontorartikler,Tape,1,0,stk.,Netto,https://static.tilbudsugen.dk/1st-retail/2026/8/64621/Netto72026-1_34_250x3572_4770x5147_zoom.jpg,2026-02-14,2026-02-20,https://res.cloudinary.com/dfqzmnlga/image/upload/v1771040535/2026-02-14/10961619.jpg
