data_id,price,brand,category,product_name,units,quantity,unit_type,store_name,image_url,start_date,end_date,public_urls
10932560,4.15,Lovena,"Vat, vatpinde",Vatrondeller,1,120,pk.,Netto,https://static.tilbudsugen.dk/1st-retail/2026/5/64452/Netto42026-1_8_67x697_2306x4450_zoom.jpg,2026-01-24,2026-01-30,https://res.cloudinary.com/dfqzmnlga/image/upload/v1769224095/2026-01-24/10932560.jpg
10932464,20.00,Kleenex,Lommetørklæder,Lommetørklæder,1,112,pk.,Netto,https://static.tilbudsugen.dk/1st-retail/2026/5/64452/Netto42026-1_4_2356x2641_4914x4736_zoom.jpg,2026-01-24,2026-01-30,https://res.cloudinary.com/dfqzmnlga/image/upload/v1769224095/2026-01-24/10932464.jpg
10932415,5.00,Skrald-let,Husholdningsartikler,Affaldsposer,1,15,pk.,Netto,https://static.tilbudsugen.dk/1st-retail/2026/5/64452/Netto42026-1_2_2457x133_4939x2514_zoom.jpg,2026-01-24,2026-01-30,https://res.cloudinary.com/dfqzmnlga/image/upload/v1769224096/2026-01-24/10932415.jpg
10932416,5.00,,Husholdningsartikler,Bagepapir,1,12,pk.,Netto,https://static.tilbudsugen.dk/1st-retail/2026/5/64452/Netto42026-1_2_2457x133_4939x2514_zoom.jpg,2026-01-24,2026-01-30,https://res.cloudinary.com/dfqzmnlga/image/upload/v1769224097/2026-01-24/10932416.jpg
10932644,49.00,at home CLEAN,Opvask,Maskinopvask-tabs,1,90,pk.,Netto,https://static.tilbudsugen.dk/1st-retail/2026/5/64452/Netto42026-1_22_42x4829_1767x6848_zoom.jpg,2026-01-24,2026-01-30,https://res.cloudinary.com/dfqzmnlga/image/upload/v1769224097/2026-01-24/10932644.jpg
10932654,109.00,Bodylab,Kosttilskud,Træningstilskud,1,180,bg.,Netto,https://static.tilbudsugen.dk/1st-retail/2026/5/64452/Netto42026-1_22_3231x4803_4922x6874_zoom.jpg,2026-01-24,2026-01-30,https://res.cloudinary.com/dfqzmnlga/image/upload/v1769224097/2026-01-24/10932654.jpg
10904784,18.00,Murph,Kosttilskud,Træningstilskud,1,20,stk.,Netto,https://static.tilbudsugen.dk/1st-retail/2026/2/64322/Netto022026-1_25_3299x1871_4924x3817_zoom.jpg,2026-01-02,2026-01-31,https://res.cloudinary.com/dfqzmnlga/image/upload/v1769224098/2026-01-24/10904784.jpg
10921780,18.00,Murph,Kosttilskud,Træningstilskud,1,20,stk.,Netto,https://static.tilbudsugen.dk/1st-retail/2026/4/64393/Netto32026-1_24_3274x1848_4935x3855_zoom.jpg,2026-01-01,2026-01-31,https://res.cloudinary.com/dfqzmnlga/image/upload/v1769224099/2026-01-24/10921780.jpg
10932448,10.00,Gold,Instant Kaffe,Instant Kaffe Latte Classic,1,10,pk.,Netto,https://static.tilbudsugen.dk/1st-retail/2026/5/64452/Netto42026-1_3_17x2514_2499x4728_zoom.jpg,2026-01-24,2026-01-30,https://res.cloudinary.com/dfqzmnlga/image/upload/v1769224099/2026-01-24/10932448.jpg
10932454,10.00,Gold,Instant Kaffe,Instant Kaffe Cappuccino,1,10,pk.,Netto,https://static.tilbudsugen.dk/1st-retail/2026/5/64452/Netto42026-1_3_17x2514_2499x4728_zoom.jpg,2026-01-24,2026-01-30,https://res.cloudinary.com/dfqzmnlga/image/upload/v1769224100/2026-01-24/10932454.jpg
10932449,10.00,Gold,Instant Kaffe,Instant Kaffe Latte Caramel,1,10,pk.,Netto,https://static.tilbudsugen.dk/1st-retail/2026/5/64452/Netto42026-1_3_17x2514_2499x4728_zoom.jpg,2026-01-24,2026-01-30,https://res.cloudinary.com/dfqzmnlga/image/upload/v1769224100/2026-01-24/10932449.jpg
10932664,219.00,Nicorette,Nikotinprodukter,Nikotintyggegummi,1,210,pk.,Netto,https://static.tilbudsugen.dk/1st-retail/2026/5/64452/Netto42026-1_23_2423x1740_3736x3457_zoom.jpg,2026-01-24,2026-01-30,https://res.cloudinary.com/dfqzmnlga/image/upload/v1769224101/2026-01-24/10932664.jpg
10932667,219.00,Nicotinell,Nikotinprodukter,Nikotintyggegummi,1,204,stk.,Netto,https://static.tilbudsugen.dk/1st-retail/2026/5/64452/Netto42026-1_23_42x1698_2583x3533_zoom.jpg,2026-01-24,2026-01-30,https://res.cloudinary.com/dfqzmnlga/image/upload/v1769224101/2026-01-24/10932667.jpg
10932697,29.00,Pukka,Te,Peppermint & Licorice Tebreve,1,20,pk.,Netto,https://static.tilbudsugen.dk/1st-retail/2026/5/64452/Netto42026-1_18_1623x34_3267x2459_zoom.jpg,2026-01-24,2026-01-30,https://res.cloudinary.com/dfqzmnlga/image/upload/v1769224102/2026-01-24/10932697.jpg
10932702,29.00,Pukka,Te,Relax Tebreve,1,20,pk.,Netto,https://static.tilbudsugen.dk/1st-retail/2026/5/64452/Netto42026-1_18_1623x34_3267x2459_zoom.jpg,2026-01-24,2026-01-30,https://res.cloudinary.com/dfqzmnlga/image/upload/v1769224102/2026-01-24/10932702.jpg
10932700,29.00,Pukka,Te,Morning Berry Tebreve,1,20,pk.,Netto,https://static.tilbudsugen.dk/1st-retail/2026/5/64452/Netto42026-1_18_1623x34_3267x2459_zoom.jpg,2026-01-24,2026-01-30,https://res.cloudinary.com/dfqzmnlga/image/upload/v1769224103/2026-01-24/10932700.jpg
10932703,29.00,Pukka,Te,Night time Tebreve,1,20,pk.,Netto,https://static.tilbudsugen.dk/1st-retail/2026/5/64452/Netto42026-1_18_1623x34_3267x2459_zoom.jpg,2026-01-24,2026-01-30,https://res.cloudinary.com/dfqzmnlga/image/upload/v1769224103/2026-01-24/10932703.jpg
10932711,29.00,Pukka,Te,Chamomile Vanilla & Manuka Honey Tebreve,1,20,pk.,Netto,https://static.tilbudsugen.dk/1st-retail/2026/5/64452/Netto42026-1_18_1623x34_3267x2459_zoom.jpg,2026-01-24,2026-01-30,https://res.cloudinary.com/dfqzmnlga/image/upload/v1769224104/2026-01-24/10932711.jpg
10932706,29.00,Pukka,Te,Three Ginger Tebreve,1,20,pk.,Netto,https://static.tilbudsugen.dk/1st-retail/2026/5/64452/Netto42026-1_18_1623x34_3267x2459_zoom.jpg,2026-01-24,2026-01-30,https://res.cloudinary.com/dfqzmnlga/image/upload/v1769224104/2026-01-24/10932706.jpg
10932701,29.00,Pukka,Te,Lemon Ginger & a touch of Manuka Honey Tebreve,1,20,pk.,Netto,https://static.tilbudsugen.dk/1st-retail/2026/5/64452/Netto42026-1_18_1623x34_3267x2459_zoom.jpg,2026-01-24,2026-01-30,https://res.cloudinary.com/dfqzmnlga/image/upload/v1769224105/2026-01-24/10932701.jpg
10932698,29.00,Pukka,Te,Supreme Matcha Green Tebreve,1,20,pk.,Netto,https://static.tilbudsugen.dk/1st-retail/2026/5/64452/Netto42026-1_18_1623x34_3267x2459_zoom.jpg,2026-01-24,2026-01-30,https://res.cloudinary.com/dfqzmnlga/image/upload/v1769224106/2026-01-24/10932698.jpg
10932699,29.00,Pukka,Te,Three mint Tebreve,1,20,pk.,Netto,https://static.tilbudsugen.dk/1st-retail/2026/5/64452/Netto42026-1_18_1623x34_3267x2459_zoom.jpg,2026-01-24,2026-01-30,https://res.cloudinary.com/dfqzmnlga/image/upload/v1769224106/2026-01-24/10932699.jpg
10932704,29.00,Pukka,Te,Lemongrass & Ginter Tebreve,1,20,pk.,Netto,https://static.tilbudsugen.dk/1st-retail/2026/5/64452/Netto42026-1_18_1623x34_3267x2459_zoom.jpg,2026-01-24,2026-01-30,https://res.cloudinary.com/dfqzmnlga/image/upload/v1769224107/2026-01-24/10932704.jpg
10932639,69.00,Comfort,Bleer,Bleer str 4 7-12,1,37,pk.,Netto,https://static.tilbudsugen.dk/1st-retail/2026/5/64452/Netto42026-1_22_1632x4829_3256x6890_zoom.jpg,2026-01-24,2026-01-30,https://res.cloudinary.com/dfqzmnlga/image/upload/v1769224107/2026-01-24/10932639.jpg
10932660,19.95,Panodil,Medicin,Smertestillende,1,10,pk.,Netto,https://static.tilbudsugen.dk/1st-retail/2026/5/64452/Netto42026-1_23_3686x40_4914x1807_zoom.jpg,2026-01-24,2026-01-30,https://res.cloudinary.com/dfqzmnlga/image/upload/v1769224108/2026-01-24/10932660.jpg
10932874,20.00,,Papir,Kort,1,10,pk.,Netto,https://static.tilbudsugen.dk/1st-retail/2026/5/64452/Netto42026-1_29_74x4298_4897x6663_zoom.jpg,2026-01-24,2026-02-20,https://res.cloudinary.com/dfqzmnlga/image/upload/v1769224108/2026-01-24/10932874.jpg
10932492,12.00,Godt Papir,Husholdningspapir,Toiletpapir,1,6,pk.,Netto,https://static.tilbudsugen.dk/1st-retail/2026/5/64452/Netto42026-1_5_25x2287_2491x4551_zoom.jpg,2026-01-24,2026-01-30,https://res.cloudinary.com/dfqzmnlga/image/upload/v1769224109/2026-01-24/10932492.jpg
10934518,69.00,Comfort,Bleer,Bleer str 5 9-14 kg,1,34,pk.,Netto,https://static.tilbudsugen.dk/1st-retail/2026/5/64452/Netto42026-1_22_1632x4829_3256x6890_zoom.jpg,2026-01-24,2026-01-30,https://res.cloudinary.com/dfqzmnlga/image/upload/v1769224109/2026-01-24/10934518.jpg
10934519,69.00,Comfort,Bleer,Bleer str 6 13-20 kg,1,32,pk.,Netto,https://static.tilbudsugen.dk/1st-retail/2026/5/64452/Netto42026-1_22_1632x4829_3256x6890_zoom.jpg,2026-01-24,2026-01-30,https://res.cloudinary.com/dfqzmnlga/image/upload/v1769224110/2026-01-24/10934519.jpg
10932684,25.00,Espresso Roast,Kapselkaffe,Kaffekapsler,1,10,pk.,Netto,https://static.tilbudsugen.dk/1st-retail/2026/5/64452/Netto42026-1_18_47x101_1590x2445_zoom.jpg,2026-01-24,2026-01-30,https://res.cloudinary.com/dfqzmnlga/image/upload/v1769224110/2026-01-24/10932684.jpg
10932685,25.00,Creamy Vanilla,Kapselkaffe,Kaffekapsler,1,10,pk.,Netto,https://static.tilbudsugen.dk/1st-retail/2026/5/64452/Netto42026-1_18_47x101_1590x2445_zoom.jpg,2026-01-24,2026-01-30,https://res.cloudinary.com/dfqzmnlga/image/upload/v1769224111/2026-01-24/10932685.jpg
10932686,25.00,Caramel,Kapselkaffe,Kaffekapsler,1,10,pk.,Netto,https://static.tilbudsugen.dk/1st-retail/2026/5/64452/Netto42026-1_18_47x101_1590x2445_zoom.jpg,2026-01-24,2026-01-30,https://res.cloudinary.com/dfqzmnlga/image/upload/v1769224111/2026-01-24/10932686.jpg
10932687,25.00,House Blend Lungo,Kapselkaffe,Kaffekapsler,1,10,pk.,Netto,https://static.tilbudsugen.dk/1st-retail/2026/5/64452/Netto42026-1_18_47x101_1590x2445_zoom.jpg,2026-01-24,2026-01-30,https://res.cloudinary.com/dfqzmnlga/image/upload/v1769224111/2026-01-24/10932687.jpg
10934520,69.00,Up&Go,Bleer,Bleer str 6 Pants 13-20 kg,1,27,pk.,Netto,https://static.tilbudsugen.dk/1st-retail/2026/5/64452/Netto42026-1_22_1632x4829_3256x6890_zoom.jpg,2026-01-24,2026-01-30,https://res.cloudinary.com/dfqzmnlga/image/upload/v1769224112/2026-01-24/10934520.jpg
10932657,65.00,Strepsils,Halsprodukter,Halstablet,1,24,pk.,Netto,https://static.tilbudsugen.dk/1st-retail/2026/5/64452/Netto42026-1_23_1464x0_3686x1841_zoom.jpg,2026-01-24,2026-01-30,https://res.cloudinary.com/dfqzmnlga/image/upload/v1769224112/2026-01-24/10932657.jpg
10932563,3.50,,Frugt,Grapefrugt,1,1,stk.,Netto,https://static.tilbudsugen.dk/1st-retail/2026/5/64452/Netto42026-1_8_2407x3819_4998x6924_zoom.jpg,2026-01-24,2026-01-30,https://res.cloudinary.com/dfqzmnlga/image/upload/v1769224113/2026-01-24/10932563.jpg
10932491,12.00,Godt Papir,Husholdningspapir,Køkkenrulle,1,3,pk.,Netto,https://static.tilbudsugen.dk/1st-retail/2026/5/64452/Netto42026-1_5_25x2287_2491x4551_zoom.jpg,2026-01-24,2026-01-30,https://res.cloudinary.com/dfqzmnlga/image/upload/v1769224113/2026-01-24/10932491.jpg
10932873,12.00,,Bånd/papir,Gavepapir,1,3,stk.,Netto,https://static.tilbudsugen.dk/1st-retail/2026/5/64452/Netto42026-1_29_74x4298_4897x6663_zoom.jpg,2026-01-24,2026-02-20,https://res.cloudinary.com/dfqzmnlga/image/upload/v1769224114/2026-01-24/10932873.jpg
10932866,25.00,,Sokker/Strømper,Strømper,1,5,pk.,Netto,https://static.tilbudsugen.dk/1st-retail/2026/5/64452/Netto42026-1_30_54x2614_1650x4305_zoom.jpg,2026-01-24,2026-02-20,https://res.cloudinary.com/dfqzmnlga/image/upload/v1769224114/2026-01-24/10932866.jpg
10932719,59.00,,Service,Sushisæt,1,11,pk.,Netto,https://static.tilbudsugen.dk/1st-retail/2026/5/64452/Netto42026-1_26_168x3642_2491x6806_zoom.jpg,2026-01-24,2026-01-30,https://res.cloudinary.com/dfqzmnlga/image/upload/v1769224115/2026-01-24/10932719.jpg
10932860,30.00,,Sokker/Strømper,Strømper,1,5,pk.,Netto,https://static.tilbudsugen.dk/1st-retail/2026/5/64452/Netto42026-1_32_2364x303_4756x2486_zoom.jpg,2026-01-24,2026-01-30,https://res.cloudinary.com/dfqzmnlga/image/upload/v1769224115/2026-01-24/10932860.jpg
10932457,12.00,,Grønt,Pak Choy,1,2,pk.,Netto,https://static.tilbudsugen.dk/1st-retail/2026/5/64452/Netto42026-1_10_81x674_2438x2924_zoom.jpg,2026-01-24,2026-01-30,https://res.cloudinary.com/dfqzmnlga/image/upload/v1769224116/2026-01-24/10932457.jpg
10932875,20.00,,Bånd/papir,Gavepose,1,3,pk.,Netto,https://static.tilbudsugen.dk/1st-retail/2026/5/64452/Netto42026-1_29_74x4298_4897x6663_zoom.jpg,2026-01-24,2026-02-20,https://res.cloudinary.com/dfqzmnlga/image/upload/v1769224117/2026-01-24/10932875.jpg
10904508,25.00,Magnum,Multipak,Double Sunlover Ispinde,1,3,pk.,Netto,https://static.tilbudsugen.dk/1st-retail/2026/2/64322/Netto022026-1_15_3247x4773_4998x6833_zoom.jpg,2026-01-01,2026-01-31,https://res.cloudinary.com/dfqzmnlga/image/upload/v1769224117/2026-01-24/10904508.jpg
10904506,25.00,Magnum,Multipak,Wonder Ispinde ,1,3,pk.,Netto,https://static.tilbudsugen.dk/1st-retail/2026/2/64322/Netto022026-1_15_3247x4773_4998x6833_zoom.jpg,2026-01-01,2026-01-31,https://res.cloudinary.com/dfqzmnlga/image/upload/v1769224118/2026-01-24/10904506.jpg
10904509,25.00,Magnum,Multipak,Ispinde,1,3,pk.,Netto,https://static.tilbudsugen.dk/1st-retail/2026/2/64322/Netto022026-1_15_3247x4773_4998x6833_zoom.jpg,2026-01-01,2026-01-31,https://res.cloudinary.com/dfqzmnlga/image/upload/v1769224119/2026-01-24/10904509.jpg
10932801,79.00,Lime,Sodavand,Cola 24 pk.,24,0,ds.,Netto,https://static.tilbudsugen.dk/1st-retail/2026/5/64452/Netto42026-1_20_13x768_1644x2870_zoom.jpg,2026-01-24,2026-01-30,https://res.cloudinary.com/dfqzmnlga/image/upload/v1769224120/2026-01-24/10932801.jpg
10932800,79.00,Pepsi Max,Sodavand,Cola 24 pk.,24,0,ds.,Netto,https://static.tilbudsugen.dk/1st-retail/2026/5/64452/Netto42026-1_20_13x768_1644x2870_zoom.jpg,2026-01-24,2026-01-30,https://res.cloudinary.com/dfqzmnlga/image/upload/v1769224120/2026-01-24/10932800.jpg
10932799,79.00,Faxe Kondi,Sodavand,Sportssodavand 24 pk.,24,0,ds.,Netto,https://static.tilbudsugen.dk/1st-retail/2026/5/64452/Netto42026-1_20_13x768_1644x2870_zoom.jpg,2026-01-24,2026-01-30,https://res.cloudinary.com/dfqzmnlga/image/upload/v1769224121/2026-01-24/10932799.jpg
10932379,10.00,Wiener ,Iste & Iskaffe,Iskaffe,1,1,stk.,Netto,https://static.tilbudsugen.dk/1st-retail/2026/5/64452/Netto42026-1_1_109x4854_2541x6604_zoom.jpg,2026-01-24,2026-01-30,https://res.cloudinary.com/dfqzmnlga/image/upload/v1769224121/2026-01-24/10932379.jpg
10932381,10.00,Cappuccino,Iste & Iskaffe,Iskaffe,1,1,stk.,Netto,https://static.tilbudsugen.dk/1st-retail/2026/5/64452/Netto42026-1_1_109x4854_2541x6604_zoom.jpg,2026-01-24,2026-01-30,https://res.cloudinary.com/dfqzmnlga/image/upload/v1769224122/2026-01-24/10932381.jpg
10932384,10.00,Monday & Salted Caramel,Iste & Iskaffe,Iskaffe,1,1,krt.,Netto,https://static.tilbudsugen.dk/1st-retail/2026/5/64452/Netto42026-1_1_109x4854_2541x6604_zoom.jpg,2026-01-24,2026-01-30,https://res.cloudinary.com/dfqzmnlga/image/upload/v1769224123/2026-01-24/10932384.jpg
10932417,5.00,Cola,Energi- Sports- & Vitamindrikke,Energidrik,1,0,ds.,Netto,https://static.tilbudsugen.dk/1st-retail/2026/5/64452/Netto42026-1_2_17x2540_2583x4702_zoom.jpg,2026-01-24,2026-01-30,https://res.cloudinary.com/dfqzmnlga/image/upload/v1769224123/2026-01-24/10932417.jpg
10932420,5.00,Sportssmag,Energi- Sports- & Vitamindrikke,Energidrik,1,0,ds.,Netto,https://static.tilbudsugen.dk/1st-retail/2026/5/64452/Netto42026-1_2_17x2540_2583x4702_zoom.jpg,2026-01-24,2026-01-30,https://res.cloudinary.com/dfqzmnlga/image/upload/v1769224123/2026-01-24/10932420.jpg
10932418,5.00,Lemon-Lime,Energi- Sports- & Vitamindrikke,Energidrik,1,0,ds.,Netto,https://static.tilbudsugen.dk/1st-retail/2026/5/64452/Netto42026-1_2_17x2540_2583x4702_zoom.jpg,2026-01-24,2026-01-30,https://res.cloudinary.com/dfqzmnlga/image/upload/v1769224124/2026-01-24/10932418.jpg
10932673,30.00,,Køkkenartikler,Plastikbøtter,1,3,pk.,Netto,https://static.tilbudsugen.dk/1st-retail/2026/5/64452/Netto42026-1_24_177x3709_1784x5342_zoom.jpg,2026-01-24,2026-01-30,https://res.cloudinary.com/dfqzmnlga/image/upload/v1769224124/2026-01-24/10932673.jpg
10932382,10.00,Chocomel,Mælk m/smag,Kakaomælk,1,1,krt.,Netto,https://static.tilbudsugen.dk/1st-retail/2026/5/64452/Netto42026-1_1_109x4854_2541x6604_zoom.jpg,2026-01-24,2026-01-30,https://res.cloudinary.com/dfqzmnlga/image/upload/v1769224126/2026-01-24/10932382.jpg
10932419,5.00,Regular,Energi- Sports- & Vitamindrikke,Energidrik,1,0,ds.,Netto,https://static.tilbudsugen.dk/1st-retail/2026/5/64452/Netto42026-1_2_17x2540_2583x4702_zoom.jpg,2026-01-24,2026-01-30,https://res.cloudinary.com/dfqzmnlga/image/upload/v1769224127/2026-01-24/10932419.jpg
10932551,10.50,ØGO,Grønt,Bladselleri,1,1,stk.,Netto,https://static.tilbudsugen.dk/1st-retail/2026/5/64452/Netto42026-1_7_93x604_3256x2952_zoom.jpg,2026-01-24,2026-01-30,https://res.cloudinary.com/dfqzmnlga/image/upload/v1769224128/2026-01-24/10932551.jpg
10921698,69.00,Pepsi Max,Sodavand,Cola 18 pk.,18,0,ds.,Netto,https://static.tilbudsugen.dk/1st-retail/2026/4/64393/Netto32026-1_20_2416x3769_4848x6807_zoom.jpg,2026-01-01,2026-01-31,https://res.cloudinary.com/dfqzmnlga/image/upload/v1769224128/2026-01-24/10921698.jpg
10904716,69.00,0 Kalorier,Sodavand,Sportssodavand 18 pk.,18,0,ds.,Netto,https://static.tilbudsugen.dk/1st-retail/2026/2/64322/Netto022026-1_22_3233x4815_4973x6886_zoom.jpg,2026-01-02,2026-01-31,https://res.cloudinary.com/dfqzmnlga/image/upload/v1769224129/2026-01-24/10904716.jpg
10921699,69.00,0 Kalorier,Sodavand,Sportssodavand 18 pk.,18,0,ds.,Netto,https://static.tilbudsugen.dk/1st-retail/2026/4/64393/Netto32026-1_20_2416x3769_4848x6807_zoom.jpg,2026-01-01,2026-01-31,https://res.cloudinary.com/dfqzmnlga/image/upload/v1769224129/2026-01-24/10921699.jpg
10904715,69.00,Pepsi Max,Sodavand,Cola 18 pk.,18,0,ds.,Netto,https://static.tilbudsugen.dk/1st-retail/2026/2/64322/Netto022026-1_22_3233x4815_4973x6886_zoom.jpg,2026-01-02,2026-01-31,https://res.cloudinary.com/dfqzmnlga/image/upload/v1769224130/2026-01-24/10904715.jpg
10914227,12.00,Naturli',Vegetabilske drikke,Rugdrik,1,1,stk.,Netto,https://static.tilbudsugen.dk/1st-retail/2026/3/64366/Netto032026-1_11_41x4376_2516x6859_zoom.jpg,2026-01-02,2026-01-31,https://res.cloudinary.com/dfqzmnlga/image/upload/v1769224131/2026-01-24/10914227.jpg
10914230,12.00,Oat Barista Tasty Wiener,Vegetabilske drikke,Havredrik,1,1,stk.,Netto,https://static.tilbudsugen.dk/1st-retail/2026/3/64366/Netto032026-1_11_41x4376_2516x6859_zoom.jpg,2026-01-02,2026-01-31,https://res.cloudinary.com/dfqzmnlga/image/upload/v1769224131/2026-01-24/10914230.jpg
10932541,12.00,Naturli',Vegetabilske drikke,Havredrik,1,1,stk.,Netto,https://static.tilbudsugen.dk/1st-retail/2026/5/64452/Netto42026-1_14_101x3820_4910x5079_zoom.jpg,2026-01-01,2026-01-31,https://res.cloudinary.com/dfqzmnlga/image/upload/v1769224132/2026-01-24/10932541.jpg
10932538,12.00,Naturli',Vegetabilske drikke,Mandeldrik,1,1,stk.,Netto,https://static.tilbudsugen.dk/1st-retail/2026/5/64452/Netto42026-1_14_101x3820_4910x5079_zoom.jpg,2026-01-01,2026-01-31,https://res.cloudinary.com/dfqzmnlga/image/upload/v1769224132/2026-01-24/10932538.jpg
10932546,12.00,Oat Barista Tasty Pumpkin Spice,Vegetabilske drikke,Havredrik,1,1,stk.,Netto,https://static.tilbudsugen.dk/1st-retail/2026/5/64452/Netto42026-1_14_101x3820_4910x5079_zoom.jpg,2026-01-01,2026-01-31,https://res.cloudinary.com/dfqzmnlga/image/upload/v1769224132/2026-01-24/10932546.jpg
10932540,12.00,Naturli',Vegetabilske drikke,Soyadrik Kakao,1,1,stk.,Netto,https://static.tilbudsugen.dk/1st-retail/2026/5/64452/Netto42026-1_14_101x3820_4910x5079_zoom.jpg,2026-01-01,2026-01-31,https://res.cloudinary.com/dfqzmnlga/image/upload/v1769224133/2026-01-24/10932540.jpg
10932542,12.00,Naturli',Vegetabilske drikke,Rugdrik,1,1,stk.,Netto,https://static.tilbudsugen.dk/1st-retail/2026/5/64452/Netto42026-1_14_101x3820_4910x5079_zoom.jpg,2026-01-01,2026-01-31,https://res.cloudinary.com/dfqzmnlga/image/upload/v1769224133/2026-01-24/10932542.jpg
10932543,12.00,Naturli',Vegetabilske drikke,Soyadrik Vanilje,1,1,stk.,Netto,https://static.tilbudsugen.dk/1st-retail/2026/5/64452/Netto42026-1_14_101x3820_4910x5079_zoom.jpg,2026-01-01,2026-01-31,https://res.cloudinary.com/dfqzmnlga/image/upload/v1769224133/2026-01-24/10932543.jpg
10932544,12.00,Oat Barista,Vegetabilske drikke,Havredrik,1,1,stk.,Netto,https://static.tilbudsugen.dk/1st-retail/2026/5/64452/Netto42026-1_14_101x3820_4910x5079_zoom.jpg,2026-01-01,2026-01-31,https://res.cloudinary.com/dfqzmnlga/image/upload/v1769224134/2026-01-24/10932544.jpg
10914226,12.00,Naturli',Vegetabilske drikke,Havredrik,1,1,stk.,Netto,https://static.tilbudsugen.dk/1st-retail/2026/3/64366/Netto032026-1_11_41x4376_2516x6859_zoom.jpg,2026-01-02,2026-01-31,https://res.cloudinary.com/dfqzmnlga/image/upload/v1769224134/2026-01-24/10914226.jpg
10914228,12.00,Naturli',Vegetabilske drikke,Soyadrik Vanilje,1,1,stk.,Netto,https://static.tilbudsugen.dk/1st-retail/2026/3/64366/Netto032026-1_11_41x4376_2516x6859_zoom.jpg,2026-01-02,2026-01-31,https://res.cloudinary.com/dfqzmnlga/image/upload/v1769224135/2026-01-24/10914228.jpg
10914229,12.00,Oat Barista,Vegetabilske drikke,Havredrik,1,1,stk.,Netto,https://static.tilbudsugen.dk/1st-retail/2026/3/64366/Netto032026-1_11_41x4376_2516x6859_zoom.jpg,2026-01-02,2026-01-31,https://res.cloudinary.com/dfqzmnlga/image/upload/v1769224135/2026-01-24/10914229.jpg
10914216,12.00,Naturli',Vegetabilske drikke,Mandeldrik,1,1,stk.,Netto,https://static.tilbudsugen.dk/1st-retail/2026/3/64366/Netto032026-1_11_41x4376_2516x6859_zoom.jpg,2026-01-02,2026-01-31,https://res.cloudinary.com/dfqzmnlga/image/upload/v1769224136/2026-01-24/10914216.jpg
10914225,12.00,Naturli',Vegetabilske drikke,Soyadrik Kakao,1,1,stk.,Netto,https://static.tilbudsugen.dk/1st-retail/2026/3/64366/Netto032026-1_11_41x4376_2516x6859_zoom.jpg,2026-01-02,2026-01-31,https://res.cloudinary.com/dfqzmnlga/image/upload/v1769224136/2026-01-24/10914225.jpg
10914231,12.00,Oat Barista Tasty Pumpkin Spice,Vegetabilske drikke,Havredrik,1,1,stk.,Netto,https://static.tilbudsugen.dk/1st-retail/2026/3/64366/Netto032026-1_11_41x4376_2516x6859_zoom.jpg,2026-01-02,2026-01-31,https://res.cloudinary.com/dfqzmnlga/image/upload/v1769224137/2026-01-24/10914231.jpg
10932545,12.00,Oat Barista Tasty Wiener,Vegetabilske drikke,Havredrik,1,1,stk.,Netto,https://static.tilbudsugen.dk/1st-retail/2026/5/64452/Netto42026-1_14_101x3820_4910x5079_zoom.jpg,2026-01-01,2026-01-31,https://res.cloudinary.com/dfqzmnlga/image/upload/v1769224137/2026-01-24/10932545.jpg
10932721,25.00,,Køkkenredskaber,Sushimåtter,1,2,pk.,Netto,https://static.tilbudsugen.dk/1st-retail/2026/5/64452/Netto42026-1_26_2457x5123_4729x6874_zoom.jpg,2026-01-24,2026-01-30,https://res.cloudinary.com/dfqzmnlga/image/upload/v1769224138/2026-01-24/10932721.jpg
10932724,25.00,,"Skåle, fade og forme",Skålesæt,1,2,pk.,Netto,https://static.tilbudsugen.dk/1st-retail/2026/5/64452/Netto42026-1_26_202x175_4813x3659_zoom.jpg,2026-01-24,2026-01-30,https://res.cloudinary.com/dfqzmnlga/image/upload/v1769224138/2026-01-24/10932724.jpg
10932806,79.00,Grøn,Øl,Øl 18 pk.,18,0,ds.,Netto,https://static.tilbudsugen.dk/1st-retail/2026/5/64452/Netto42026-1_20_61x2843_1711x4830_zoom.jpg,2026-01-24,2026-01-30,https://res.cloudinary.com/dfqzmnlga/image/upload/v1769224139/2026-01-24/10932806.jpg
10932807,79.00,Nordlyst,Øl,Øl 18 pk.,18,0,ds.,Netto,https://static.tilbudsugen.dk/1st-retail/2026/5/64452/Netto42026-1_20_61x2843_1711x4830_zoom.jpg,2026-01-24,2026-01-30,https://res.cloudinary.com/dfqzmnlga/image/upload/v1769224139/2026-01-24/10932807.jpg
10932808,79.00,Pilsner,Øl,Øl 18 pk.,18,0,ds.,Netto,https://static.tilbudsugen.dk/1st-retail/2026/5/64452/Netto42026-1_20_61x2843_1711x4830_zoom.jpg,2026-01-24,2026-01-30,https://res.cloudinary.com/dfqzmnlga/image/upload/v1769224140/2026-01-24/10932808.jpg
10932836,15.00,Frugt Frisk,Saft,Appelsinnektar drik,1,1,krt.,Netto,https://static.tilbudsugen.dk/1st-retail/2026/5/64452/Netto42026-1_20_3287x276_4937x2829_zoom.jpg,2026-01-24,2026-01-30,https://res.cloudinary.com/dfqzmnlga/image/upload/v1769224140/2026-01-24/10932836.jpg
10932575,15.00,,Grønt,Spidskål,1,1,stk.,Netto,https://static.tilbudsugen.dk/1st-retail/2026/5/64452/Netto42026-1_9_3627x5426_4922x6865_zoom.jpg,2026-01-24,2026-01-30,https://res.cloudinary.com/dfqzmnlga/image/upload/v1769224141/2026-01-24/10932575.jpg
10932460,15.00,,Frugt,Pomelo,1,1,stk.,Netto,https://static.tilbudsugen.dk/1st-retail/2026/5/64452/Netto42026-1_10_1563x2816_3274x4729_zoom.jpg,2026-01-24,2026-01-30,https://res.cloudinary.com/dfqzmnlga/image/upload/v1769224141/2026-01-24/10932460.jpg
10932604,15.00,Hello Sensitive,"Sæbe, bad, dusch",Flydende sæbe,1,1,stk.,Netto,https://static.tilbudsugen.dk/1st-retail/2026/5/64452/Netto42026-1_21_210x4761_1868x6730_zoom.jpg,2026-01-24,2026-01-30,https://res.cloudinary.com/dfqzmnlga/image/upload/v1769224142/2026-01-24/10932604.jpg
10932824,15.00,Frugt Frisk,Saft,Multifrugtnektar drik,1,1,krt.,Netto,https://static.tilbudsugen.dk/1st-retail/2026/5/64452/Netto42026-1_20_3287x276_4937x2829_zoom.jpg,2026-01-24,2026-01-30,https://res.cloudinary.com/dfqzmnlga/image/upload/v1769224142/2026-01-24/10932824.jpg
10932837,15.00,Frugt Frisk,Saft,Æblenektar drik,1,1,krt.,Netto,https://static.tilbudsugen.dk/1st-retail/2026/5/64452/Netto42026-1_20_3287x276_4937x2829_zoom.jpg,2026-01-24,2026-01-30,https://res.cloudinary.com/dfqzmnlga/image/upload/v1769224143/2026-01-24/10932837.jpg
10932459,14.00,ØGO,Grønt,Gulerødder,1,0,ps.,Netto,https://static.tilbudsugen.dk/1st-retail/2026/5/64452/Netto42026-1_10_47x2903_1576x4743_zoom.jpg,2026-01-24,2026-01-30,https://res.cloudinary.com/dfqzmnlga/image/upload/v1769224143/2026-01-24/10932459.jpg
10932820,15.00,Rigtig Lemonade,Saft,Pink Grapefrugt Hyldeblomst Lemonade,1,0,fl.,Netto,https://static.tilbudsugen.dk/1st-retail/2026/5/64452/Netto42026-1_20_3287x276_4937x2829_zoom.jpg,2026-01-24,2026-01-30,https://res.cloudinary.com/dfqzmnlga/image/upload/v1769224144/2026-01-24/10932820.jpg
10932821,15.00,Rigtig Lemonade,Saft,Citronlemonade,1,0,fl.,Netto,https://static.tilbudsugen.dk/1st-retail/2026/5/64452/Netto42026-1_20_3287x276_4937x2829_zoom.jpg,2026-01-24,2026-01-30,https://res.cloudinary.com/dfqzmnlga/image/upload/v1769224145/2026-01-24/10932821.jpg
10932823,15.00,Rigtig Lemonade,Saft,Passionsfrugt Jordbær,1,0,fl.,Netto,https://static.tilbudsugen.dk/1st-retail/2026/5/64452/Netto42026-1_20_3287x276_4937x2829_zoom.jpg,2026-01-24,2026-01-30,https://res.cloudinary.com/dfqzmnlga/image/upload/v1769224145/2026-01-24/10932823.jpg
10932489,7.00,Hatting,Dybfrost Kager & Tærter,Fastelavnsboller,1,0,ps.,Netto,https://static.tilbudsugen.dk/1st-retail/2026/5/64452/Netto42026-1_5_2583x116_4965x2380_zoom.jpg,2026-01-24,2026-01-30,https://res.cloudinary.com/dfqzmnlga/image/upload/v1769224146/2026-01-24/10932489.jpg
10932747,99.00,,"Skåle, fade og forme",Skålesæt,1,5,pk.,Netto,https://static.tilbudsugen.dk/1st-retail/2026/5/64452/Netto42026-1_27_135x520_4216x3524_zoom.jpg,2026-01-24,2026-01-30,https://res.cloudinary.com/dfqzmnlga/image/upload/v1769224146/2026-01-24/10932747.jpg
10932535,5.00,Egelykke,Mellemmåltider,Drikkeyoghurt Skovbær,1,0,fl.,Netto,https://static.tilbudsugen.dk/1st-retail/2026/5/64452/Netto42026-1_14_1657x2189_3274x3826_zoom.jpg,2026-01-24,2026-01-30,https://res.cloudinary.com/dfqzmnlga/image/upload/v1769224147/2026-01-24/10932535.jpg
10932451,10.00,SunJoy,Juice,Appelsinjuice,1,0,fl.,Netto,https://static.tilbudsugen.dk/1st-retail/2026/5/64452/Netto42026-1_3_93x4601_2465x6848_zoom.jpg,2026-01-24,2026-01-30,https://res.cloudinary.com/dfqzmnlga/image/upload/v1769224148/2026-01-24/10932451.jpg
10932815,10.00,Sport 001,Energi- Sports- & Vitamindrikke,Vitamindrik,1,0,fl.,Netto,https://static.tilbudsugen.dk/1st-retail/2026/5/64452/Netto42026-1_20_1644x728_3328x2796_zoom.jpg,2026-01-24,2026-01-30,https://res.cloudinary.com/dfqzmnlga/image/upload/v1769224148/2026-01-24/10932815.jpg
10932816,10.00,Antioxidant Fersken,Energi- Sports- & Vitamindrikke,Vitamindrik,1,0,fl.,Netto,https://static.tilbudsugen.dk/1st-retail/2026/5/64452/Netto42026-1_20_1644x728_3328x2796_zoom.jpg,2026-01-24,2026-01-30,https://res.cloudinary.com/dfqzmnlga/image/upload/v1769224149/2026-01-24/10932816.jpg
10932507,20.00,ØGO,Frugt,Æbler,1,1,ps.,Netto,https://static.tilbudsugen.dk/1st-retail/2026/5/64452/Netto42026-1_6_93x208_2634x2497_zoom.jpg,2026-01-24,2026-01-30,https://res.cloudinary.com/dfqzmnlga/image/upload/v1769224149/2026-01-24/10932507.jpg
10932537,5.00,Egelykke,Mellemmåltider,Drikkeyoghurt Jordbær,1,0,fl.,Netto,https://static.tilbudsugen.dk/1st-retail/2026/5/64452/Netto42026-1_14_1657x2189_3274x3826_zoom.jpg,2026-01-24,2026-01-30,https://res.cloudinary.com/dfqzmnlga/image/upload/v1769224150/2026-01-24/10932537.jpg
10932425,5.00,Coffee & Milk,Iste & Iskaffe,Iskaffe,1,0,stk.,Netto,https://static.tilbudsugen.dk/1st-retail/2026/5/64452/Netto42026-1_2_84x4559_2608x6857_zoom.jpg,2026-01-24,2026-01-30,https://res.cloudinary.com/dfqzmnlga/image/upload/v1769224150/2026-01-24/10932425.jpg
10932452,10.00,SunJoy,Juice,Hindbærjuice,1,0,fl.,Netto,https://static.tilbudsugen.dk/1st-retail/2026/5/64452/Netto42026-1_3_93x4601_2465x6848_zoom.jpg,2026-01-24,2026-01-30,https://res.cloudinary.com/dfqzmnlga/image/upload/v1769224151/2026-01-24/10932452.jpg
10932533,5.00,Egelykke,Mellemmåltider,Drikkeyoghurt Fersken & Mango,1,0,fl.,Netto,https://static.tilbudsugen.dk/1st-retail/2026/5/64452/Netto42026-1_14_1657x2189_3274x3826_zoom.jpg,2026-01-24,2026-01-30,https://res.cloudinary.com/dfqzmnlga/image/upload/v1769224152/2026-01-24/10932533.jpg
10932817,10.00,Defence Citrus og Hyldeblomst,Energi- Sports- & Vitamindrikke,Vitamindrik,1,0,fl.,Netto,https://static.tilbudsugen.dk/1st-retail/2026/5/64452/Netto42026-1_20_1644x728_3328x2796_zoom.jpg,2026-01-24,2026-01-30,https://res.cloudinary.com/dfqzmnlga/image/upload/v1769224153/2026-01-24/10932817.jpg
10932818,10.00,Zero Pineapple,Energi- Sports- & Vitamindrikke,Vitamindrik,1,0,fl.,Netto,https://static.tilbudsugen.dk/1st-retail/2026/5/64452/Netto42026-1_20_1644x728_3328x2796_zoom.jpg,2026-01-24,2026-01-30,https://res.cloudinary.com/dfqzmnlga/image/upload/v1769224153/2026-01-24/10932818.jpg
10932819,10.00,Reload Citron Lime,Energi- Sports- & Vitamindrikke,Vitamindrik,1,0,fl.,Netto,https://static.tilbudsugen.dk/1st-retail/2026/5/64452/Netto42026-1_20_1644x728_3328x2796_zoom.jpg,2026-01-24,2026-01-30,https://res.cloudinary.com/dfqzmnlga/image/upload/v1769224154/2026-01-24/10932819.jpg
10932814,10.00,Zero Rasperry,Energi- Sports- & Vitamindrikke,Vitamindrik,1,0,fl.,Netto,https://static.tilbudsugen.dk/1st-retail/2026/5/64452/Netto42026-1_20_1644x728_3328x2796_zoom.jpg,2026-01-24,2026-01-30,https://res.cloudinary.com/dfqzmnlga/image/upload/v1769224154/2026-01-24/10932814.jpg
10932623,15.00,Harpic,Rengøringsmidler,WC-rens,1,0,stk.,Netto,https://static.tilbudsugen.dk/1st-retail/2026/5/64452/Netto42026-1_22_3223x2826_4948x4829_zoom.jpg,2026-01-24,2026-01-30,https://res.cloudinary.com/dfqzmnlga/image/upload/v1769224154/2026-01-24/10932623.jpg
10932536,5.00,Egelykke,Mellemmåltider,Drikkeyoghurt Lemon & Lime,1,0,fl.,Netto,https://static.tilbudsugen.dk/1st-retail/2026/5/64452/Netto42026-1_14_1657x2189_3274x3826_zoom.jpg,2026-01-24,2026-01-30,https://res.cloudinary.com/dfqzmnlga/image/upload/v1769224155/2026-01-24/10932536.jpg
10932450,10.00,SunJoy,Juice,Tropical Juice,1,0,fl.,Netto,https://static.tilbudsugen.dk/1st-retail/2026/5/64452/Netto42026-1_3_93x4601_2465x6848_zoom.jpg,2026-01-24,2026-01-30,https://res.cloudinary.com/dfqzmnlga/image/upload/v1769224156/2026-01-24/10932450.jpg
10932515,18.00,GodMorgen,Juice,Æblejuice,1,0,fl.,Netto,https://static.tilbudsugen.dk/1st-retail/2026/5/64452/Netto42026-1_14_54x2243_1650x3773_zoom.jpg,2026-01-24,2026-01-30,https://res.cloudinary.com/dfqzmnlga/image/upload/v1769224156/2026-01-24/10932515.jpg
10932516,18.00,GodMorgen,Juice,Appelsin Nektar Juice,1,0,fl.,Netto,https://static.tilbudsugen.dk/1st-retail/2026/5/64452/Netto42026-1_14_54x2243_1650x3773_zoom.jpg,2026-01-24,2026-01-30,https://res.cloudinary.com/dfqzmnlga/image/upload/v1769224157/2026-01-24/10932516.jpg
10932517,18.00,GodMorgen,Juice,Tropisk Juice,1,0,fl.,Netto,https://static.tilbudsugen.dk/1st-retail/2026/5/64452/Netto42026-1_14_54x2243_1650x3773_zoom.jpg,2026-01-24,2026-01-30,https://res.cloudinary.com/dfqzmnlga/image/upload/v1769224157/2026-01-24/10932517.jpg
10932490,18.00,GodMorgen,Juice,Mango Hindbær Juice,1,0,fl.,Netto,https://static.tilbudsugen.dk/1st-retail/2026/5/64452/Netto42026-1_14_54x2243_1650x3773_zoom.jpg,2026-01-24,2026-01-30,https://res.cloudinary.com/dfqzmnlga/image/upload/v1769224157/2026-01-24/10932490.jpg
10932520,22.00,Cheasy,Syrnet morgenmad,Skovbær Skyr ,1,1,bg.,Netto,https://static.tilbudsugen.dk/1st-retail/2026/5/64452/Netto42026-1_14_3233x94_4877x2210_zoom.jpg,2026-01-24,2026-01-30,https://res.cloudinary.com/dfqzmnlga/image/upload/v1769224158/2026-01-24/10932520.jpg
10932523,22.00,Cheasy,Syrnet morgenmad,Vanilje Skyr ,1,1,bg.,Netto,https://static.tilbudsugen.dk/1st-retail/2026/5/64452/Netto42026-1_14_3233x94_4877x2210_zoom.jpg,2026-01-24,2026-01-30,https://res.cloudinary.com/dfqzmnlga/image/upload/v1769224158/2026-01-24/10932523.jpg
10932521,22.00,Cheasy,Syrnet morgenmad,Naturel Skyr ,1,1,bg.,Netto,https://static.tilbudsugen.dk/1st-retail/2026/5/64452/Netto42026-1_14_3233x94_4877x2210_zoom.jpg,2026-01-24,2026-01-30,https://res.cloudinary.com/dfqzmnlga/image/upload/v1769224159/2026-01-24/10932521.jpg
10932522,22.00,Cheasy,Syrnet morgenmad,Mango & Lime Skyr ,1,1,bg.,Netto,https://static.tilbudsugen.dk/1st-retail/2026/5/64452/Netto42026-1_14_3233x94_4877x2210_zoom.jpg,2026-01-24,2026-01-30,https://res.cloudinary.com/dfqzmnlga/image/upload/v1769224159/2026-01-24/10932522.jpg
10921136,20.00,Løgismose,Syrnet morgenmad,Rabeber & Æble Skyr ,1,0,bg.,Netto,https://static.tilbudsugen.dk/1st-retail/2026/4/64393/Netto32026-1_2_2440x258_4911x2533_zoom.jpg,2026-01-01,2026-01-31,https://res.cloudinary.com/dfqzmnlga/image/upload/v1769224160/2026-01-24/10921136.jpg
10904426,20.00,Løgismose,Syrnet morgenmad,Rabeber & Æble Skyr ,1,0,bg.,Netto,https://static.tilbudsugen.dk/1st-retail/2026/2/64322/Netto022026-1_5_58x4898_2458x6853_zoom.jpg,2026-01-02,2026-01-31,https://res.cloudinary.com/dfqzmnlga/image/upload/v1769224160/2026-01-24/10904426.jpg
10921135,20.00,Løgismose,Syrnet morgenmad,Vanilje Skyr ,1,0,bg.,Netto,https://static.tilbudsugen.dk/1st-retail/2026/4/64393/Netto32026-1_2_2440x258_4911x2533_zoom.jpg,2026-01-01,2026-01-31,https://res.cloudinary.com/dfqzmnlga/image/upload/v1769224161/2026-01-24/10921135.jpg
10904424,20.00,Løgismose,Syrnet morgenmad,Naturel Skyr ,1,0,bg.,Netto,https://static.tilbudsugen.dk/1st-retail/2026/2/64322/Netto022026-1_5_58x4898_2458x6853_zoom.jpg,2026-01-02,2026-01-31,https://res.cloudinary.com/dfqzmnlga/image/upload/v1769224161/2026-01-24/10904424.jpg
10904425,20.00,Løgismose,Syrnet morgenmad,Vanilje Skyr ,1,0,bg.,Netto,https://static.tilbudsugen.dk/1st-retail/2026/2/64322/Netto022026-1_5_58x4898_2458x6853_zoom.jpg,2026-01-02,2026-01-31,https://res.cloudinary.com/dfqzmnlga/image/upload/v1769224162/2026-01-24/10904425.jpg
10921132,20.00,Løgismose,Syrnet morgenmad,Naturel Skyr ,1,0,bg.,Netto,https://static.tilbudsugen.dk/1st-retail/2026/4/64393/Netto32026-1_2_2440x258_4911x2533_zoom.jpg,2026-01-01,2026-01-31,https://res.cloudinary.com/dfqzmnlga/image/upload/v1769224162/2026-01-24/10921132.jpg
10932594,25.00,Hello Sensitive,"Sæbe, bad, dusch",Bodyshampoo,1,1,stk.,Netto,https://static.tilbudsugen.dk/1st-retail/2026/5/64452/Netto42026-1_21_1876x259_4914x2868_zoom.jpg,2026-01-24,2026-01-30,https://res.cloudinary.com/dfqzmnlga/image/upload/v1769224163/2026-01-24/10932594.jpg
10932595,25.00,Hello Sensitive,Shampoo,Shampoo,1,1,stk.,Netto,https://static.tilbudsugen.dk/1st-retail/2026/5/64452/Netto42026-1_21_1876x259_4914x2868_zoom.jpg,2026-01-24,2026-01-30,https://res.cloudinary.com/dfqzmnlga/image/upload/v1769224163/2026-01-24/10932595.jpg
10932624,25.00,Bamseline,Skyllemiddel,Skyllemiddel,1,0,stk.,Netto,https://static.tilbudsugen.dk/1st-retail/2026/5/64452/Netto42026-1_22_1582x2708_3349x4829_zoom.jpg,2026-01-24,2026-01-30,https://res.cloudinary.com/dfqzmnlga/image/upload/v1769224164/2026-01-24/10932624.jpg
10932565,8.47,Danonino,Mellemmåltider,"Jordbær, Banan & Abrikos yoghurt",1,0,pk.,Netto,https://static.tilbudsugen.dk/1st-retail/2026/5/64452/Netto42026-1_8_42x4711_2566x6899_zoom.jpg,2026-01-24,2026-01-30,https://res.cloudinary.com/dfqzmnlga/image/upload/v1769224164/2026-01-24/10932565.jpg
10932621,15.00,Vel,Opvask,Opvaskemiddel,1,0,fl.,Netto,https://static.tilbudsugen.dk/1st-retail/2026/5/64452/Netto42026-1_22_3223x2826_4948x4829_zoom.jpg,2026-01-24,2026-01-30,https://res.cloudinary.com/dfqzmnlga/image/upload/v1769224165/2026-01-24/10932621.jpg
10932458,15.00,,Frugt,Vindruer,1,0,bk.,Netto,https://static.tilbudsugen.dk/1st-retail/2026/5/64452/Netto42026-1_10_2216x606_4910x2984_zoom.jpg,2026-01-24,2026-01-30,https://res.cloudinary.com/dfqzmnlga/image/upload/v1769224165/2026-01-24/10932458.jpg
10932620,15.00,Vel,Opvask,Opvaskemiddel,1,0,fl.,Netto,https://static.tilbudsugen.dk/1st-retail/2026/5/64452/Netto42026-1_22_3223x2826_4948x4829_zoom.jpg,2026-01-24,2026-01-30,https://res.cloudinary.com/dfqzmnlga/image/upload/v1769224165/2026-01-24/10932620.jpg
10932802,99.00,,Australske vine,Australsk Rødvin,1,3,krt.,Netto,https://static.tilbudsugen.dk/1st-retail/2026/5/64452/Netto42026-1_20_20x4891_2486x6858_zoom.jpg,2026-01-24,2026-01-30,https://res.cloudinary.com/dfqzmnlga/image/upload/v1769224166/2026-01-24/10932802.jpg
10932803,99.00,,Australske vine,Australsk Rosevin,1,3,krt.,Netto,https://static.tilbudsugen.dk/1st-retail/2026/5/64452/Netto42026-1_20_20x4891_2486x6858_zoom.jpg,2026-01-24,2026-01-30,https://res.cloudinary.com/dfqzmnlga/image/upload/v1769224166/2026-01-24/10932803.jpg
10932804,99.00,,Australske vine,Australsk Hvidvin,1,3,krt.,Netto,https://static.tilbudsugen.dk/1st-retail/2026/5/64452/Netto42026-1_20_20x4891_2486x6858_zoom.jpg,2026-01-24,2026-01-30,https://res.cloudinary.com/dfqzmnlga/image/upload/v1769224167/2026-01-24/10932804.jpg
10932805,99.00,,Italienske vine,Italiensk Rødvin,1,3,krt.,Netto,https://static.tilbudsugen.dk/1st-retail/2026/5/64452/Netto42026-1_20_20x4891_2486x6858_zoom.jpg,2026-01-24,2026-01-30,https://res.cloudinary.com/dfqzmnlga/image/upload/v1769224167/2026-01-24/10932805.jpg
10932852,99.00,NIKE,Løb og fitness,Strømper,1,3,pk.,Netto,https://static.tilbudsugen.dk/1st-retail/2026/5/64452/Netto42026-1_32_249x950_2479x2412_zoom.jpg,2026-01-24,2026-01-30,https://res.cloudinary.com/dfqzmnlga/image/upload/v1769224168/2026-01-24/10932852.jpg
10932742,99.00,,Køkkenredskaber,Tacoholdere,1,3,pk.,Netto,https://static.tilbudsugen.dk/1st-retail/2026/5/64452/Netto42026-1_27_135x520_4216x3524_zoom.jpg,2026-01-24,2026-01-30,https://res.cloudinary.com/dfqzmnlga/image/upload/v1769224168/2026-01-24/10932742.jpg
10932598,25.00,Bistronne,Færdigretter Frost,Kyllingenuggets,1,0,ps.,Netto,https://static.tilbudsugen.dk/1st-retail/2026/5/64452/Netto42026-1_16_3280x2816_4944x4796_zoom.jpg,2026-01-24,2026-01-30,https://res.cloudinary.com/dfqzmnlga/image/upload/v1769224169/2026-01-24/10932598.jpg
10932547,14.00,Javisst,Boller & Morgenbrød,Boller,1,0,ps.,Netto,https://static.tilbudsugen.dk/1st-retail/2026/5/64452/Netto42026-1_15_2458x755_4998x2789_zoom.jpg,2026-01-24,2026-01-30,https://res.cloudinary.com/dfqzmnlga/image/upload/v1769224169/2026-01-24/10932547.jpg
10932548,14.00,LingonGrova,Rugbrød i Skiver,Rugbrødsskiver,1,0,pk.,Netto,https://static.tilbudsugen.dk/1st-retail/2026/5/64452/Netto42026-1_15_2458x755_4998x2789_zoom.jpg,2026-01-24,2026-01-30,https://res.cloudinary.com/dfqzmnlga/image/upload/v1769224169/2026-01-24/10932548.jpg
10921697,69.00,Energy,Energi- Sports- & Vitamindrikke,Energidrik 8 pk.,8,0,ds.,Netto,https://static.tilbudsugen.dk/1st-retail/2026/4/64393/Netto32026-1_20_2416x3769_4848x6807_zoom.jpg,2026-01-01,2026-01-31,https://res.cloudinary.com/dfqzmnlga/image/upload/v1769224170/2026-01-24/10921697.jpg
10904706,69.00,Energy,Energi- Sports- & Vitamindrikke,Energidrik 8 pk.,8,0,ds.,Netto,https://static.tilbudsugen.dk/1st-retail/2026/2/64322/Netto022026-1_22_3233x4815_4973x6886_zoom.jpg,2026-01-02,2026-01-31,https://res.cloudinary.com/dfqzmnlga/image/upload/v1769224170/2026-01-24/10904706.jpg
10932868,69.00,,Boligtekstiler,Håndklæde,1,2,pk.,Netto,https://static.tilbudsugen.dk/1st-retail/2026/5/64452/Netto42026-1_30_216x4359_3577x6548_zoom.jpg,2026-01-24,2026-02-20,https://res.cloudinary.com/dfqzmnlga/image/upload/v1769224170/2026-01-24/10932868.jpg
10932628,25.00,Omo,Vaskemiddel,Vaskemiddel-flydende,1,0,fl.,Netto,https://static.tilbudsugen.dk/1st-retail/2026/5/64452/Netto42026-1_22_1582x2708_3349x4829_zoom.jpg,2026-01-24,2026-01-30,https://res.cloudinary.com/dfqzmnlga/image/upload/v1769224171/2026-01-24/10932628.jpg
10932629,25.00,Omo,Vaskemiddel,Vaskepulver,1,0,pk.,Netto,https://static.tilbudsugen.dk/1st-retail/2026/5/64452/Netto42026-1_22_1582x2708_3349x4829_zoom.jpg,2026-01-24,2026-01-30,https://res.cloudinary.com/dfqzmnlga/image/upload/v1769224172/2026-01-24/10932629.jpg
10932555,27.26,ØGO,Is,Vanilje is,1,0,bg.,Netto,https://static.tilbudsugen.dk/1st-retail/2026/5/64452/Netto42026-1_7_2297x4551_4948x6865_zoom.jpg,2026-01-24,2026-01-30,https://res.cloudinary.com/dfqzmnlga/image/upload/v1769224172/2026-01-24/10932555.jpg
10932798,12.00,Raspberry,Sodavand,Cola,1,0,fl.,Netto,https://static.tilbudsugen.dk/1st-retail/2026/5/64452/Netto42026-1_19_1738x781_3240x2607_zoom.jpg,2026-01-24,2026-01-30,https://res.cloudinary.com/dfqzmnlga/image/upload/v1769224173/2026-01-24/10932798.jpg
10932754,12.00,Lemon,Sodavand,Cola,1,0,ds.,Netto,https://static.tilbudsugen.dk/1st-retail/2026/5/64452/Netto42026-1_19_1738x781_3240x2607_zoom.jpg,2026-01-24,2026-01-30,https://res.cloudinary.com/dfqzmnlga/image/upload/v1769224174/2026-01-24/10932754.jpg
10932440,10.00,Næmt,Dej Køl,Butterdej,1,0,pk.,Netto,https://static.tilbudsugen.dk/1st-retail/2026/5/64452/Netto42026-1_3_2381x91_4998x2464_zoom.jpg,2026-01-24,2026-01-30,https://res.cloudinary.com/dfqzmnlga/image/upload/v1769224174/2026-01-24/10932440.jpg
10932567,10.00,Næmt,Dej Køl,Butterdej,1,0,pk.,Netto,https://static.tilbudsugen.dk/1st-retail/2026/5/64452/Netto42026-1_9_2508x1361_3719x3019_zoom.jpg,2026-01-24,2026-01-30,https://res.cloudinary.com/dfqzmnlga/image/upload/v1769224175/2026-01-24/10932567.jpg
10932360,10.00,Shaker,RTD,Original RTD,1,0,fl.,Netto,https://static.tilbudsugen.dk/1st-retail/2026/5/64452/Netto42026-1_1_2449x4896_4998x6672_zoom.jpg,2026-01-24,2026-01-30,https://res.cloudinary.com/dfqzmnlga/image/upload/v1769224175/2026-01-24/10932360.jpg
10932358,10.00,Shaker,RTD,Sport Pink RTD,1,0,fl.,Netto,https://static.tilbudsugen.dk/1st-retail/2026/5/64452/Netto42026-1_1_2449x4896_4998x6672_zoom.jpg,2026-01-24,2026-01-30,https://res.cloudinary.com/dfqzmnlga/image/upload/v1769224176/2026-01-24/10932358.jpg
10932359,10.00,Shaker,RTD,Sport Pink RTD,1,0,fl.,Netto,https://static.tilbudsugen.dk/1st-retail/2026/5/64452/Netto42026-1_1_2449x4896_4998x6672_zoom.jpg,2026-01-24,2026-01-30,https://res.cloudinary.com/dfqzmnlga/image/upload/v1769224176/2026-01-24/10932359.jpg
10932463,59.00,Rose,Kylling,Kylling,1,1,stk.,Netto,https://static.tilbudsugen.dk/1st-retail/2026/5/64452/Netto42026-1_12_2102x88_4998x3099_zoom.jpg,2026-01-24,2026-01-30,https://res.cloudinary.com/dfqzmnlga/image/upload/v1769224177/2026-01-24/10932463.jpg
10932479,15.00,Danpo,Kylling,Kyllingeoverlår,1,0,bk.,Netto,https://static.tilbudsugen.dk/1st-retail/2026/5/64452/Netto42026-1_13_20x67_2593x2351_zoom.jpg,2026-01-24,2026-01-30,https://res.cloudinary.com/dfqzmnlga/image/upload/v1769224177/2026-01-24/10932479.jpg
10932549,14.00,Solstykker,Boller & Morgenbrød,Boller,1,0,ps.,Netto,https://static.tilbudsugen.dk/1st-retail/2026/5/64452/Netto42026-1_15_2458x755_4998x2789_zoom.jpg,2026-01-24,2026-01-30,https://res.cloudinary.com/dfqzmnlga/image/upload/v1769224178/2026-01-24/10932549.jpg
10932469,19.95,Velsmag,Grisekød,Flæskesteg,1,0,stk.,Netto,https://static.tilbudsugen.dk/1st-retail/2026/5/64452/Netto42026-1_12_67x1192_2048x3058_zoom.jpg,2026-01-24,2026-01-30,https://res.cloudinary.com/dfqzmnlga/image/upload/v1769224178/2026-01-24/10932469.jpg
10932618,12.00,Palmolive,"Sæbe, bad, dusch",Flydende sæbe,1,0,stk.,Netto,https://static.tilbudsugen.dk/1st-retail/2026/5/64452/Netto42026-1_22_1632x671_3324x2893_zoom.jpg,2026-01-24,2026-01-30,https://res.cloudinary.com/dfqzmnlga/image/upload/v1769224179/2026-01-24/10932618.jpg
10932617,12.00,Palmolive,"Sæbe, bad, dusch",Bodyshampoo,1,0,stk.,Netto,https://static.tilbudsugen.dk/1st-retail/2026/5/64452/Netto42026-1_22_1632x671_3324x2893_zoom.jpg,2026-01-24,2026-01-30,https://res.cloudinary.com/dfqzmnlga/image/upload/v1769224179/2026-01-24/10932617.jpg
10932725,12.00,Taffel,Snacknødder & Nøddeblandinger,Cheddar Peanut Crunch,1,0,ps.,Netto,https://static.tilbudsugen.dk/1st-retail/2026/5/64452/Netto42026-1_18_34x2472_1670x4615_zoom.jpg,2026-01-24,2026-01-30,https://res.cloudinary.com/dfqzmnlga/image/upload/v1769224180/2026-01-24/10932725.jpg
10932526,32.00,Løgismose,Syrnet morgenmad,Græsk Yoghurt Solbær & Aronia,1,0,bg.,Netto,https://static.tilbudsugen.dk/1st-retail/2026/5/64452/Netto42026-1_14_2317x5113_4937x6716_zoom.jpg,2026-01-24,2026-01-30,https://res.cloudinary.com/dfqzmnlga/image/upload/v1769224180/2026-01-24/10932526.jpg
10932524,32.00,Løgismose,Syrnet morgenmad,Græsk Yoghurt 10%,1,0,bg.,Netto,https://static.tilbudsugen.dk/1st-retail/2026/5/64452/Netto42026-1_14_2317x5113_4937x6716_zoom.jpg,2026-01-24,2026-01-30,https://res.cloudinary.com/dfqzmnlga/image/upload/v1769224180/2026-01-24/10932524.jpg
10932525,32.00,Løgismose,Syrnet morgenmad,Græsk Yoghurt 2%,1,0,bg.,Netto,https://static.tilbudsugen.dk/1st-retail/2026/5/64452/Netto42026-1_14_2317x5113_4937x6716_zoom.jpg,2026-01-24,2026-01-30,https://res.cloudinary.com/dfqzmnlga/image/upload/v1769224181/2026-01-24/10932525.jpg
10932354,10.00,Breezer,RTD,Zingy Lime RTD,1,0,ds.,Netto,https://static.tilbudsugen.dk/1st-retail/2026/5/64452/Netto42026-1_1_2449x4896_4998x6672_zoom.jpg,2026-01-24,2026-01-30,https://res.cloudinary.com/dfqzmnlga/image/upload/v1769224182/2026-01-24/10932354.jpg
10932666,20.00,Funny Hunny,Morgenmadsprodukter,Crispy Funny Morgenmadsprodukt,1,0,ps.,Netto,https://static.tilbudsugen.dk/1st-retail/2026/5/64452/Netto42026-1_18_3267x101_4998x2418_zoom.jpg,2026-01-24,2026-01-30,https://res.cloudinary.com/dfqzmnlga/image/upload/v1769224182/2026-01-24/10932666.jpg
10932508,20.00,ØGO,Juice,Ingefærshot Gurkemeje,1,0,fl.,Netto,https://static.tilbudsugen.dk/1st-retail/2026/5/64452/Netto42026-1_6_2533x2430_4931x4711_zoom.jpg,2026-01-24,2026-01-30,https://res.cloudinary.com/dfqzmnlga/image/upload/v1769224183/2026-01-24/10932508.jpg
10932534,20.00,Casa Milo,Pasta,Gomitoni,1,0,pk.,Netto,https://static.tilbudsugen.dk/1st-retail/2026/5/64452/Netto42026-1_6_2356x4728_4906x6840_zoom.jpg,2026-01-24,2026-01-30,https://res.cloudinary.com/dfqzmnlga/image/upload/v1769224183/2026-01-24/10932534.jpg
10932532,20.00,Casa Milo,Pasta,Paccheri,1,0,pk.,Netto,https://static.tilbudsugen.dk/1st-retail/2026/5/64452/Netto42026-1_6_2356x4728_4906x6840_zoom.jpg,2026-01-24,2026-01-30,https://res.cloudinary.com/dfqzmnlga/image/upload/v1769224184/2026-01-24/10932532.jpg
10932377,10.00,ØGO,Grønt,Tomater,1,0,bk.,Netto,https://static.tilbudsugen.dk/1st-retail/2026/5/64452/Netto42026-1_1_118x3230_2575x4988_zoom.jpg,2026-01-24,2026-01-30,https://res.cloudinary.com/dfqzmnlga/image/upload/v1769224184/2026-01-24/10932377.jpg
10932668,20.00,Funny Hunny,Morgenmadsprodukter,Choko Funny Morgenmadsprodukt,1,0,ps.,Netto,https://static.tilbudsugen.dk/1st-retail/2026/5/64452/Netto42026-1_18_3267x101_4998x2418_zoom.jpg,2026-01-24,2026-01-30,https://res.cloudinary.com/dfqzmnlga/image/upload/v1769224185/2026-01-24/10932668.jpg
10932510,20.00,Casa Milo,Pasta,Fussilini,1,0,pk.,Netto,https://static.tilbudsugen.dk/1st-retail/2026/5/64452/Netto42026-1_6_2356x4728_4906x6840_zoom.jpg,2026-01-24,2026-01-30,https://res.cloudinary.com/dfqzmnlga/image/upload/v1769224185/2026-01-24/10932510.jpg
10932514,20.00,ØGO,Juice,Ingefærshot,1,0,fl.,Netto,https://static.tilbudsugen.dk/1st-retail/2026/5/64452/Netto42026-1_6_2533x2430_4931x4711_zoom.jpg,2026-01-24,2026-01-30,https://res.cloudinary.com/dfqzmnlga/image/upload/v1769224186/2026-01-24/10932514.jpg
10932453,10.00,LavAzza,Iste & Iskaffe,Iskaffe,1,0,ds.,Netto,https://static.tilbudsugen.dk/1st-retail/2026/5/64452/Netto42026-1_3_2499x4652_4897x6831_zoom.jpg,2026-01-24,2026-01-30,https://res.cloudinary.com/dfqzmnlga/image/upload/v1769224186/2026-01-24/10932453.jpg
10932495,32.00,,Italienske vine,Italiensk Hvidvin,1,0,fl.,Netto,https://static.tilbudsugen.dk/1st-retail/2026/5/64452/Netto42026-1_5_34x4534_2415x6848_zoom.jpg,2026-01-24,2026-01-30,https://res.cloudinary.com/dfqzmnlga/image/upload/v1769224187/2026-01-24/10932495.jpg
10932493,32.00,,Italienske vine,Italiensk Rødvin,1,0,fl.,Netto,https://static.tilbudsugen.dk/1st-retail/2026/5/64452/Netto42026-1_5_34x4534_2415x6848_zoom.jpg,2026-01-24,2026-01-30,https://res.cloudinary.com/dfqzmnlga/image/upload/v1769224187/2026-01-24/10932493.jpg
10932494,32.00,,Italienske vine,Italiensk Mousserende Vin,1,0,fl.,Netto,https://static.tilbudsugen.dk/1st-retail/2026/5/64452/Netto42026-1_5_34x4534_2415x6848_zoom.jpg,2026-01-24,2026-01-30,https://res.cloudinary.com/dfqzmnlga/image/upload/v1769224187/2026-01-24/10932494.jpg
10932597,15.00,Hello Sensitive,Bodylotion,Bodylotion,1,0,stk.,Netto,https://static.tilbudsugen.dk/1st-retail/2026/5/64452/Netto42026-1_21_1801x2775_3366x4660_zoom.jpg,2026-01-24,2026-01-30,https://res.cloudinary.com/dfqzmnlga/image/upload/v1769224188/2026-01-24/10932597.jpg
10932675,20.00,Bonduelle,Grønt,Majs,1,0,pk.,Netto,https://static.tilbudsugen.dk/1st-retail/2026/5/64452/Netto42026-1_18_1596x4655_3267x6844_zoom.jpg,2026-01-24,2026-01-30,https://res.cloudinary.com/dfqzmnlga/image/upload/v1769224189/2026-01-24/10932675.jpg
10932616,12.00,Palmolive Men,"Sæbe, bad, dusch",Bodyshampoo,1,0,stk.,Netto,https://static.tilbudsugen.dk/1st-retail/2026/5/64452/Netto42026-1_22_1632x671_3324x2893_zoom.jpg,2026-01-24,2026-01-30,https://res.cloudinary.com/dfqzmnlga/image/upload/v1769224190/2026-01-24/10932616.jpg
10932559,22.00,Navito,Fisk,Fiskepinde,1,0,pk.,Netto,https://static.tilbudsugen.dk/1st-retail/2026/5/64452/Netto42026-1_15_54x4864_1738x6838_zoom.jpg,2026-01-24,2026-01-30,https://res.cloudinary.com/dfqzmnlga/image/upload/v1769224190/2026-01-24/10932559.jpg
10932478,15.00,Danpo,Kylling,Kyllingeunderlår,1,0,pk.,Netto,https://static.tilbudsugen.dk/1st-retail/2026/5/64452/Netto42026-1_13_20x67_2593x2351_zoom.jpg,2026-01-24,2026-01-30,https://res.cloudinary.com/dfqzmnlga/image/upload/v1769224191/2026-01-24/10932478.jpg
10932499,20.00,Velsmag,Grisekød,Hakket grisekød 8-12%,1,0,bk.,Netto,https://static.tilbudsugen.dk/1st-retail/2026/5/64452/Netto42026-1_5_2306x2211_4906x4500_zoom.jpg,2026-01-24,2026-01-30,https://res.cloudinary.com/dfqzmnlga/image/upload/v1769224191/2026-01-24/10932499.jpg
10932482,20.00,Velsmag,Grisekød,Medister,1,0,bk.,Netto,https://static.tilbudsugen.dk/1st-retail/2026/5/64452/Netto42026-1_13_0x2944_2560x4904_zoom.jpg,2026-01-24,2026-01-30,https://res.cloudinary.com/dfqzmnlga/image/upload/v1769224192/2026-01-24/10932482.jpg
10932753,10.00,Sweet16,Saft,Blue Lemon Ade,1,0,stk.,Netto,https://static.tilbudsugen.dk/1st-retail/2026/5/64452/Netto42026-1_19_81x835_1684x2594_zoom.jpg,2026-01-24,2026-01-30,https://res.cloudinary.com/dfqzmnlga/image/upload/v1769224192/2026-01-24/10932753.jpg
10932792,10.00,Sweet16,Saft,Watermelon Lemon Ade,1,0,stk.,Netto,https://static.tilbudsugen.dk/1st-retail/2026/5/64452/Netto42026-1_19_81x835_1684x2594_zoom.jpg,2026-01-24,2026-01-30,https://res.cloudinary.com/dfqzmnlga/image/upload/v1769224193/2026-01-24/10932792.jpg
10932789,10.00,Sweet16,Saft,Blueberry Lemon Ade,1,0,stk.,Netto,https://static.tilbudsugen.dk/1st-retail/2026/5/64452/Netto42026-1_19_81x835_1684x2594_zoom.jpg,2026-01-24,2026-01-30,https://res.cloudinary.com/dfqzmnlga/image/upload/v1769224193/2026-01-24/10932789.jpg
10932481,20.00,Velsmag,Grisekød,Hakket grisekød 8-12%,1,0,bk.,Netto,https://static.tilbudsugen.dk/1st-retail/2026/5/64452/Netto42026-1_13_0x2944_2560x4904_zoom.jpg,2026-01-24,2026-01-30,https://res.cloudinary.com/dfqzmnlga/image/upload/v1769224194/2026-01-24/10932481.jpg
10932500,20.00,Velsmag,Grisekød,Medister,1,0,bk.,Netto,https://static.tilbudsugen.dk/1st-retail/2026/5/64452/Netto42026-1_5_2306x2211_4906x4500_zoom.jpg,2026-01-24,2026-01-30,https://res.cloudinary.com/dfqzmnlga/image/upload/v1769224194/2026-01-24/10932500.jpg
10932562,20.00,Grovhakket,Postej og Paté,Leverpostej,1,0,pk.,Netto,https://static.tilbudsugen.dk/1st-retail/2026/5/64452/Netto42026-1_15_0x2802_1744x4884_zoom.jpg,2026-01-24,2026-01-30,https://res.cloudinary.com/dfqzmnlga/image/upload/v1769224194/2026-01-24/10932562.jpg
10932573,20.00,Fransk Postej,Postej og Paté,Leverpostej,1,0,pk.,Netto,https://static.tilbudsugen.dk/1st-retail/2026/5/64452/Netto42026-1_15_0x2802_1744x4884_zoom.jpg,2026-01-24,2026-01-30,https://res.cloudinary.com/dfqzmnlga/image/upload/v1769224195/2026-01-24/10932573.jpg
10932352,10.00,Mammen,Madlavningsost,Hytteost 4%,1,0,bg.,Netto,https://static.tilbudsugen.dk/1st-retail/2026/5/64452/Netto42026-1_1_2423x3381_4998x4921_zoom.jpg,2026-01-24,2026-01-30,https://res.cloudinary.com/dfqzmnlga/image/upload/v1769224195/2026-01-24/10932352.jpg
10932467,20.00,Fiske Disken,Fisk,Panerede Fisk,1,0,ps.,Netto,https://static.tilbudsugen.dk/1st-retail/2026/5/64452/Netto42026-1_4_25x2556_2499x4677_zoom.jpg,2026-01-24,2026-01-30,https://res.cloudinary.com/dfqzmnlga/image/upload/v1769224196/2026-01-24/10932467.jpg
10932587,25.00,Pølsemesteren,300 g - 599 g Normalpakke Pølser,Hotdogpølser,1,0,pk.,Netto,https://static.tilbudsugen.dk/1st-retail/2026/5/64452/Netto42026-1_16_1603x2823_3301x4803_zoom.jpg,2026-01-24,2026-01-30,https://res.cloudinary.com/dfqzmnlga/image/upload/v1769224196/2026-01-24/10932587.jpg
10932579,22.00,Premieur,Fastfoodbrød,Hvedepitabrød,1,0,pk.,Netto,https://static.tilbudsugen.dk/1st-retail/2026/5/64452/Netto42026-1_9_2474x5325_3669x6831_zoom.jpg,2026-01-24,2026-01-30,https://res.cloudinary.com/dfqzmnlga/image/upload/v1769224197/2026-01-24/10932579.jpg
10932586,25.00,Pølsemesteren,300 g - 599 g Normalpakke Pølser,Grillpølser,1,0,pk.,Netto,https://static.tilbudsugen.dk/1st-retail/2026/5/64452/Netto42026-1_16_1603x2823_3301x4803_zoom.jpg,2026-01-24,2026-01-30,https://res.cloudinary.com/dfqzmnlga/image/upload/v1769224197/2026-01-24/10932586.jpg
10932486,25.00,Dansk Landkylling,Kylling,Hakket kylling 3-7%,1,0,bk.,Netto,https://static.tilbudsugen.dk/1st-retail/2026/5/64452/Netto42026-1_13_2512x2903_4971x4931_zoom.jpg,2026-01-24,2026-01-30,https://res.cloudinary.com/dfqzmnlga/image/upload/v1769224198/2026-01-24/10932486.jpg
10932511,20.00,Paradiso,Smørepålæg,Peanutbutter Crunchy,1,0,gl.,Netto,https://static.tilbudsugen.dk/1st-retail/2026/5/64452/Netto42026-1_6_42x4635_2533x6865_zoom.jpg,2026-01-24,2026-01-30,https://res.cloudinary.com/dfqzmnlga/image/upload/v1769224198/2026-01-24/10932511.jpg
10932512,20.00,Paradiso,Smørepålæg,Peanutbutter Creamy,1,0,gl.,Netto,https://static.tilbudsugen.dk/1st-retail/2026/5/64452/Netto42026-1_6_42x4635_2533x6865_zoom.jpg,2026-01-24,2026-01-30,https://res.cloudinary.com/dfqzmnlga/image/upload/v1769224199/2026-01-24/10932512.jpg
10921242,12.00,Carte d'Or,Is,Tiramisu Dream,1,0,bg.,Netto,https://static.tilbudsugen.dk/1st-retail/2026/4/64393/Netto32026-1_11_0x731_2421x2895_zoom.jpg,2026-01-01,2026-01-31,https://res.cloudinary.com/dfqzmnlga/image/upload/v1769224199/2026-01-24/10921242.jpg
10921246,12.00,Carte d'Or,Is,Cookie Crumble Dream,1,0,bg.,Netto,https://static.tilbudsugen.dk/1st-retail/2026/4/64393/Netto32026-1_11_0x731_2421x2895_zoom.jpg,2026-01-01,2026-01-31,https://res.cloudinary.com/dfqzmnlga/image/upload/v1769224199/2026-01-24/10921246.jpg
10921247,12.00,Carte d'Or,Is,Vanilla Caramel Pecan Dream,1,0,bg.,Netto,https://static.tilbudsugen.dk/1st-retail/2026/4/64393/Netto32026-1_11_0x731_2421x2895_zoom.jpg,2026-01-01,2026-01-31,https://res.cloudinary.com/dfqzmnlga/image/upload/v1769224200/2026-01-24/10921247.jpg
10932729,15.00,Hellmanns,Saucer,Creamy Sweet Chili Sauce,1,0,fl.,Netto,https://static.tilbudsugen.dk/1st-retail/2026/5/64452/Netto42026-1_18_61x4662_1623x6838_zoom.jpg,2026-01-24,2026-01-30,https://res.cloudinary.com/dfqzmnlga/image/upload/v1769224200/2026-01-24/10932729.jpg
10932734,15.00,Hellmanns,Mayonnaise,Light Mayonnaise,1,0,stk.,Netto,https://static.tilbudsugen.dk/1st-retail/2026/5/64452/Netto42026-1_18_61x4662_1623x6838_zoom.jpg,2026-01-24,2026-01-30,https://res.cloudinary.com/dfqzmnlga/image/upload/v1769224201/2026-01-24/10932734.jpg
10932782,45.00,,Spanske vine,Spansk Rødvin,1,0,fl.,Netto,https://static.tilbudsugen.dk/1st-retail/2026/5/64452/Netto42026-1_20_1677x2762_3287x4857_zoom.jpg,2026-01-24,2026-01-30,https://res.cloudinary.com/dfqzmnlga/image/upload/v1769224201/2026-01-24/10932782.jpg
10932728,15.00,Hellmanns,Dressing,Burgerdressing,1,0,fl.,Netto,https://static.tilbudsugen.dk/1st-retail/2026/5/64452/Netto42026-1_18_61x4662_1623x6838_zoom.jpg,2026-01-24,2026-01-30,https://res.cloudinary.com/dfqzmnlga/image/upload/v1769224202/2026-01-24/10932728.jpg
10932731,15.00,Hellmanns,Mayonnaise,Mayonnaise Real,1,0,fl.,Netto,https://static.tilbudsugen.dk/1st-retail/2026/5/64452/Netto42026-1_18_61x4662_1623x6838_zoom.jpg,2026-01-24,2026-01-30,https://res.cloudinary.com/dfqzmnlga/image/upload/v1769224202/2026-01-24/10932731.jpg
10932783,45.00,,Spanske vine,Spansk Rosevin,1,0,fl.,Netto,https://static.tilbudsugen.dk/1st-retail/2026/5/64452/Netto42026-1_20_1677x2762_3287x4857_zoom.jpg,2026-01-24,2026-01-30,https://res.cloudinary.com/dfqzmnlga/image/upload/v1769224202/2026-01-24/10932783.jpg
10932785,45.00,,Mousserende,Spansk Mousserende Vin,1,0,fl.,Netto,https://static.tilbudsugen.dk/1st-retail/2026/5/64452/Netto42026-1_20_1677x2762_3287x4857_zoom.jpg,2026-01-24,2026-01-30,https://res.cloudinary.com/dfqzmnlga/image/upload/v1769224203/2026-01-24/10932785.jpg
10932577,15.00,Hellmanns,Mayonnaise,Chili Mayonnaise,1,0,fl.,Netto,https://static.tilbudsugen.dk/1st-retail/2026/5/64452/Netto42026-1_9_2407x3339_3686x4997_zoom.jpg,2026-01-24,2026-01-30,https://res.cloudinary.com/dfqzmnlga/image/upload/v1769224203/2026-01-24/10932577.jpg
10932733,15.00,Hellmanns,Mayonnaise,Roasted Garlic Mayonnaise,1,0,fl.,Netto,https://static.tilbudsugen.dk/1st-retail/2026/5/64452/Netto42026-1_18_61x4662_1623x6838_zoom.jpg,2026-01-24,2026-01-30,https://res.cloudinary.com/dfqzmnlga/image/upload/v1769224204/2026-01-24/10932733.jpg
10932784,45.00,,Spanske vine,Spansk Hvidvin,1,0,fl.,Netto,https://static.tilbudsugen.dk/1st-retail/2026/5/64452/Netto42026-1_20_1677x2762_3287x4857_zoom.jpg,2026-01-24,2026-01-30,https://res.cloudinary.com/dfqzmnlga/image/upload/v1769224204/2026-01-24/10932784.jpg
10932741,15.00,Hellmanns,Saucer,Fish & Crisp Sauce,1,0,stk.,Netto,https://static.tilbudsugen.dk/1st-retail/2026/5/64452/Netto42026-1_18_61x4662_1623x6838_zoom.jpg,2026-01-24,2026-01-30,https://res.cloudinary.com/dfqzmnlga/image/upload/v1769224205/2026-01-24/10932741.jpg
10932735,15.00,Hellmanns,Dressing,Creamy Ranch Dressing,1,0,stk.,Netto,https://static.tilbudsugen.dk/1st-retail/2026/5/64452/Netto42026-1_18_61x4662_1623x6838_zoom.jpg,2026-01-24,2026-01-30,https://res.cloudinary.com/dfqzmnlga/image/upload/v1769224205/2026-01-24/10932735.jpg
10932585,25.00,Pølsemesteren,Pølser Frost,Frankfurter,1,0,pk.,Netto,https://static.tilbudsugen.dk/1st-retail/2026/5/64452/Netto42026-1_16_1603x2823_3301x4803_zoom.jpg,2026-01-24,2026-01-30,https://res.cloudinary.com/dfqzmnlga/image/upload/v1769224205/2026-01-24/10932585.jpg
10932584,25.00,Pølsemesteren,300 g - 599 g Normalpakke Pølser,Kyllingepølser,1,0,pk.,Netto,https://static.tilbudsugen.dk/1st-retail/2026/5/64452/Netto42026-1_16_1603x2823_3301x4803_zoom.jpg,2026-01-24,2026-01-30,https://res.cloudinary.com/dfqzmnlga/image/upload/v1769224206/2026-01-24/10932584.jpg
10932350,10.00,K-salat,Pålægssalat,Finthakket  Skinkesalat,1,0,bg.,Netto,https://static.tilbudsugen.dk/1st-retail/2026/5/64452/Netto42026-1_1_2407x1361_4981x3373_zoom.jpg,2026-01-24,2026-01-30,https://res.cloudinary.com/dfqzmnlga/image/upload/v1769224206/2026-01-24/10932350.jpg
10932681,20.00,Bonduelle,Grønt,Majs,1,0,ds.,Netto,https://static.tilbudsugen.dk/1st-retail/2026/5/64452/Netto42026-1_18_1596x4655_3267x6844_zoom.jpg,2026-01-24,2026-01-30,https://res.cloudinary.com/dfqzmnlga/image/upload/v1769224207/2026-01-24/10932681.jpg
10932348,10.00,K-salat,Pålægssalat,Æggesalat,1,0,bg.,Netto,https://static.tilbudsugen.dk/1st-retail/2026/5/64452/Netto42026-1_1_2407x1361_4981x3373_zoom.jpg,2026-01-24,2026-01-30,https://res.cloudinary.com/dfqzmnlga/image/upload/v1769224207/2026-01-24/10932348.jpg
10932351,10.00,K-salat,Pålægssalat,Krabbesalat,1,0,bg.,Netto,https://static.tilbudsugen.dk/1st-retail/2026/5/64452/Netto42026-1_1_2407x1361_4981x3373_zoom.jpg,2026-01-24,2026-01-30,https://res.cloudinary.com/dfqzmnlga/image/upload/v1769224208/2026-01-24/10932351.jpg
10932349,10.00,K-salat,Pålægssalat,Kylling & Baconsalat,1,0,bg.,Netto,https://static.tilbudsugen.dk/1st-retail/2026/5/64452/Netto42026-1_1_2407x1361_4981x3373_zoom.jpg,2026-01-24,2026-01-30,https://res.cloudinary.com/dfqzmnlga/image/upload/v1769224208/2026-01-24/10932349.jpg
10932347,10.00,K-salat,Pålægssalat,Æggesalat 30% mindre fedt,1,0,bg.,Netto,https://static.tilbudsugen.dk/1st-retail/2026/5/64452/Netto42026-1_1_2407x1361_4981x3373_zoom.jpg,2026-01-24,2026-01-30,https://res.cloudinary.com/dfqzmnlga/image/upload/v1769224209/2026-01-24/10932347.jpg
10932345,10.00,K-salat,Pålægssalat,Hønsesalat,1,0,bg.,Netto,https://static.tilbudsugen.dk/1st-retail/2026/5/64452/Netto42026-1_1_2407x1361_4981x3373_zoom.jpg,2026-01-24,2026-01-30,https://res.cloudinary.com/dfqzmnlga/image/upload/v1769224210/2026-01-24/10932345.jpg
10932669,29.00,Jakobsens,Sødemiddel,Honning,1,0,bg.,Netto,https://static.tilbudsugen.dk/1st-retail/2026/5/64452/Netto42026-1_18_3274x2452_4944x4621_zoom.jpg,2026-01-24,2026-01-30,https://res.cloudinary.com/dfqzmnlga/image/upload/v1769224210/2026-01-24/10932669.jpg
10932627,29.00,ØGO,Pizza Frost,Mini Margherita Pizza,1,0,pk.,Netto,https://static.tilbudsugen.dk/1st-retail/2026/5/64452/Netto42026-1_16_61x4790_1643x6865_zoom.jpg,2026-01-24,2026-01-30,https://res.cloudinary.com/dfqzmnlga/image/upload/v1769224211/2026-01-24/10932627.jpg
10932671,50.00,Flying Goose,Saucer,Sriracha Mayo Sauce,1,0,fl.,Netto,https://static.tilbudsugen.dk/1st-retail/2026/5/64452/Netto42026-1_18_3294x4628_4991x6831_zoom.jpg,2026-01-24,2026-01-30,https://res.cloudinary.com/dfqzmnlga/image/upload/v1769224211/2026-01-24/10932671.jpg
10932682,50.00,Flying Goose,Saucer,Sriracha stærk chilisauce,1,0,fl.,Netto,https://static.tilbudsugen.dk/1st-retail/2026/5/64452/Netto42026-1_18_3294x4628_4991x6831_zoom.jpg,2026-01-24,2026-01-30,https://res.cloudinary.com/dfqzmnlga/image/upload/v1769224211/2026-01-24/10932682.jpg
10932695,12.00,Taffel,Chips,Karamelliserede Rødløg Chips,1,0,ps.,Netto,https://static.tilbudsugen.dk/1st-retail/2026/5/64452/Netto42026-1_18_1697x2452_3253x4615_zoom.jpg,2026-01-24,2026-01-30,https://res.cloudinary.com/dfqzmnlga/image/upload/v1769224212/2026-01-24/10932695.jpg
10932689,12.00,Taffel,Chips,Salt & Vinegar Chips,1,0,ps.,Netto,https://static.tilbudsugen.dk/1st-retail/2026/5/64452/Netto42026-1_18_1697x2452_3253x4615_zoom.jpg,2026-01-24,2026-01-30,https://res.cloudinary.com/dfqzmnlga/image/upload/v1769224212/2026-01-24/10932689.jpg
10932693,12.00,Taffel,Chips,Dild Chips,1,0,ps.,Netto,https://static.tilbudsugen.dk/1st-retail/2026/5/64452/Netto42026-1_18_1697x2452_3253x4615_zoom.jpg,2026-01-24,2026-01-30,https://res.cloudinary.com/dfqzmnlga/image/upload/v1769224213/2026-01-24/10932693.jpg
10932694,12.00,Taffel,Chips,Texas Style Barbecue Chips,1,0,ps.,Netto,https://static.tilbudsugen.dk/1st-retail/2026/5/64452/Netto42026-1_18_1697x2452_3253x4615_zoom.jpg,2026-01-24,2026-01-30,https://res.cloudinary.com/dfqzmnlga/image/upload/v1769224213/2026-01-24/10932694.jpg
10932720,12.00,Taffel,Snacknødder & Nøddeblandinger,Saltede Peanuts,1,0,ps.,Netto,https://static.tilbudsugen.dk/1st-retail/2026/5/64452/Netto42026-1_18_34x2472_1670x4615_zoom.jpg,2026-01-24,2026-01-30,https://res.cloudinary.com/dfqzmnlga/image/upload/v1769224214/2026-01-24/10932720.jpg
10932472,55.00,Velsmag,Grisekød,Grisekoteletter,1,0,bk.,Netto,https://static.tilbudsugen.dk/1st-retail/2026/5/64452/Netto42026-1_12_54x3045_2977x4823_zoom.jpg,2026-01-24,2026-01-30,https://res.cloudinary.com/dfqzmnlga/image/upload/v1769224214/2026-01-24/10932472.jpg
10932626,29.00,ØGO,Pizza Frost,Grøntsagspizza,1,0,pk.,Netto,https://static.tilbudsugen.dk/1st-retail/2026/5/64452/Netto42026-1_16_61x4790_1643x6865_zoom.jpg,2026-01-24,2026-01-30,https://res.cloudinary.com/dfqzmnlga/image/upload/v1769224215/2026-01-24/10932626.jpg
10932461,28.00,Driscolls,Frugt,Jordbær,1,0,bk.,Netto,https://static.tilbudsugen.dk/1st-retail/2026/5/64452/Netto42026-1_10_3294x2883_4897x4736_zoom.jpg,2026-01-24,2026-01-30,https://res.cloudinary.com/dfqzmnlga/image/upload/v1769224216/2026-01-24/10932461.jpg
10932590,20.00,Rana,Fersk pasta,Gnocchi med Skinke,1,0,pk.,Netto,https://static.tilbudsugen.dk/1st-retail/2026/5/64452/Netto42026-1_16_27x2836_1637x4776_zoom.jpg,2026-01-24,2026-01-30,https://res.cloudinary.com/dfqzmnlga/image/upload/v1769224216/2026-01-24/10932590.jpg
10932431,5.00,Danonino,Mellemmåltider,Jordbær Yoghurt ,1,0,pk.,Netto,https://static.tilbudsugen.dk/1st-retail/2026/5/64452/Netto42026-1_2_84x4559_2608x6857_zoom.jpg,2026-01-24,2026-01-30,https://res.cloudinary.com/dfqzmnlga/image/upload/v1769224217/2026-01-24/10932431.jpg
10932589,20.00,Rana,Fersk pasta,Gnocchi med Spinat,1,0,pk.,Netto,https://static.tilbudsugen.dk/1st-retail/2026/5/64452/Netto42026-1_16_27x2836_1637x4776_zoom.jpg,2026-01-24,2026-01-30,https://res.cloudinary.com/dfqzmnlga/image/upload/v1769224217/2026-01-24/10932589.jpg
10932435,5.00,Danonino,Mellemmåltider,Vanilje Yoghurt ,1,0,stk.,Netto,https://static.tilbudsugen.dk/1st-retail/2026/5/64452/Netto42026-1_2_84x4559_2608x6857_zoom.jpg,2026-01-24,2026-01-30,https://res.cloudinary.com/dfqzmnlga/image/upload/v1769224218/2026-01-24/10932435.jpg
10932588,20.00,Rana,Fersk pasta,Gnocchi med Tomat,1,0,pk.,Netto,https://static.tilbudsugen.dk/1st-retail/2026/5/64452/Netto42026-1_16_27x2836_1637x4776_zoom.jpg,2026-01-24,2026-01-30,https://res.cloudinary.com/dfqzmnlga/image/upload/v1769224218/2026-01-24/10932588.jpg
10932602,25.00,Bistronne,Fjerkræ,Kyllingeskiver,1,0,ps.,Netto,https://static.tilbudsugen.dk/1st-retail/2026/5/64452/Netto42026-1_16_3280x2816_4944x4796_zoom.jpg,2026-01-24,2026-01-30,https://res.cloudinary.com/dfqzmnlga/image/upload/v1769224219/2026-01-24/10932602.jpg
10932574,20.00,Bacon Peber,Postej og Paté,Leverpostej,1,0,pk.,Netto,https://static.tilbudsugen.dk/1st-retail/2026/5/64452/Netto42026-1_15_0x2802_1744x4884_zoom.jpg,2026-01-24,2026-01-30,https://res.cloudinary.com/dfqzmnlga/image/upload/v1769224219/2026-01-24/10932574.jpg
10932811,55.00,,Italienske vine,Italiensk Rødvin,1,0,fl.,Netto,https://static.tilbudsugen.dk/1st-retail/2026/5/64452/Netto42026-1_20_3301x2762_4924x4891_zoom.jpg,2026-01-24,2026-01-30,https://res.cloudinary.com/dfqzmnlga/image/upload/v1769224220/2026-01-24/10932811.jpg
10932813,55.00,,Californiske vine,Californisk Rødvin,1,0,fl.,Netto,https://static.tilbudsugen.dk/1st-retail/2026/5/64452/Netto42026-1_20_3301x2762_4924x4891_zoom.jpg,2026-01-24,2026-01-30,https://res.cloudinary.com/dfqzmnlga/image/upload/v1769224221/2026-01-24/10932813.jpg
10932809,55.00,,Italienske vine,Italiensk Hvidvin,1,0,fl.,Netto,https://static.tilbudsugen.dk/1st-retail/2026/5/64452/Netto42026-1_20_3301x2762_4924x4891_zoom.jpg,2026-01-24,2026-01-30,https://res.cloudinary.com/dfqzmnlga/image/upload/v1769224221/2026-01-24/10932809.jpg
10932812,55.00,,Californiske vine,Californisk Hvidvin,1,0,fl.,Netto,https://static.tilbudsugen.dk/1st-retail/2026/5/64452/Netto42026-1_20_3301x2762_4924x4891_zoom.jpg,2026-01-24,2026-01-30,https://res.cloudinary.com/dfqzmnlga/image/upload/v1769224222/2026-01-24/10932812.jpg
10932561,7.49,Brunchy,Bacon,Baconskiver,1,0,pk.,Netto,https://static.tilbudsugen.dk/1st-retail/2026/5/64452/Netto42026-1_8_2205x840_4931x3827_zoom.jpg,2026-01-24,2026-01-30,https://res.cloudinary.com/dfqzmnlga/image/upload/v1769224222/2026-01-24/10932561.jpg
10932473,30.00,Velsmag,Grisekød,Flæsk i skiver,1,0,bk.,Netto,https://static.tilbudsugen.dk/1st-retail/2026/5/64452/Netto42026-1_12_2937x4796_4944x6817_zoom.jpg,2026-01-24,2026-01-30,https://res.cloudinary.com/dfqzmnlga/image/upload/v1769224222/2026-01-24/10932473.jpg
10932635,20.00,Oreo,Kiks,Oreo Original Kiks,1,0,pk.,Netto,https://static.tilbudsugen.dk/1st-retail/2026/5/64452/Netto42026-1_17_1664x1374_3341x2796_zoom.jpg,2026-01-24,2026-01-30,https://res.cloudinary.com/dfqzmnlga/image/upload/v1769224223/2026-01-24/10932635.jpg
10932466,20.00,Premieur,Fisk og skaldyr Køl,Fiskefrikadeller,1,0,bk.,Netto,https://static.tilbudsugen.dk/1st-retail/2026/5/64452/Netto42026-1_4_25x32_2558x2455_zoom.jpg,2026-01-24,2026-01-30,https://res.cloudinary.com/dfqzmnlga/image/upload/v1769224223/2026-01-24/10932466.jpg
10904488,55.00,,Kylling,Kyllingebryst,1,0,pk.,Netto,https://static.tilbudsugen.dk/1st-retail/2026/2/64322/Netto022026-1_10_2837x3091_4932x4824_zoom.jpg,2026-01-02,2026-01-31,https://res.cloudinary.com/dfqzmnlga/image/upload/v1769224224/2026-01-24/10904488.jpg
10932692,12.00,Taffel,Snacks,Peanut Rings,1,0,ps.,Netto,https://static.tilbudsugen.dk/1st-retail/2026/5/64452/Netto42026-1_18_1697x2452_3253x4615_zoom.jpg,2026-01-24,2026-01-30,https://res.cloudinary.com/dfqzmnlga/image/upload/v1769224224/2026-01-24/10932692.jpg
10932566,8.00,Næmt,Toppings,Skinketern,1,0,bk.,Netto,https://static.tilbudsugen.dk/1st-retail/2026/5/64452/Netto42026-1_9_1229x1378_2583x3061_zoom.jpg,2026-01-24,2026-01-30,https://res.cloudinary.com/dfqzmnlga/image/upload/v1769224224/2026-01-24/10932566.jpg
10932591,20.00,Næmt,Salater,Måltidssalat,1,0,stk.,Netto,https://static.tilbudsugen.dk/1st-retail/2026/5/64452/Netto42026-1_16_3287x606_4991x2769_zoom.jpg,2026-01-24,2026-01-30,https://res.cloudinary.com/dfqzmnlga/image/upload/v1769224225/2026-01-24/10932591.jpg
10932576,10.00,Næmt,Grønt,Salat,1,0,ps.,Netto,https://static.tilbudsugen.dk/1st-retail/2026/5/64452/Netto42026-1_9_3652x3406_4880x5047_zoom.jpg,2026-01-24,2026-01-30,https://res.cloudinary.com/dfqzmnlga/image/upload/v1769224225/2026-01-24/10932576.jpg
10932513,20.00,Daloon,Færdigretter Frost,Forårsruller,1,0,pk.,Netto,https://static.tilbudsugen.dk/1st-retail/2026/5/64452/Netto42026-1_6_2449x116_4864x2472_zoom.jpg,2026-01-24,2026-01-30,https://res.cloudinary.com/dfqzmnlga/image/upload/v1769224226/2026-01-24/10932513.jpg
10932483,59.00,Danpo,Kylling,Kyllingebrystfilet,1,0,bk.,Netto,https://static.tilbudsugen.dk/1st-retail/2026/5/64452/Netto42026-1_13_2398x4877_4924x6912_zoom.jpg,2026-01-24,2026-01-30,https://res.cloudinary.com/dfqzmnlga/image/upload/v1769224226/2026-01-24/10932483.jpg
10932484,59.00,Danpo,Kylling,Kyllingeinderfileter,1,0,bk.,Netto,https://static.tilbudsugen.dk/1st-retail/2026/5/64452/Netto42026-1_13_2398x4877_4924x6912_zoom.jpg,2026-01-24,2026-01-30,https://res.cloudinary.com/dfqzmnlga/image/upload/v1769224226/2026-01-24/10932484.jpg
10932572,25.00,Philadelphia,Specialost,Flødeost Original,1,0,bg.,Netto,https://static.tilbudsugen.dk/1st-retail/2026/5/64452/Netto42026-1_9_3643x1530_4897x3044_zoom.jpg,2026-01-24,2026-01-30,https://res.cloudinary.com/dfqzmnlga/image/upload/v1769224227/2026-01-24/10932572.jpg
10932485,25.00,,Kylling,Kyllingestrimler,1,0,pk.,Netto,https://static.tilbudsugen.dk/1st-retail/2026/5/64452/Netto42026-1_13_2512x2903_4971x4931_zoom.jpg,2026-01-24,2026-01-30,https://res.cloudinary.com/dfqzmnlga/image/upload/v1769224227/2026-01-24/10932485.jpg
10932601,25.00,Bistronne,Fjerkræ,Kyllingekebab,1,0,ps.,Netto,https://static.tilbudsugen.dk/1st-retail/2026/5/64452/Netto42026-1_16_3280x2816_4944x4796_zoom.jpg,2026-01-24,2026-01-30,https://res.cloudinary.com/dfqzmnlga/image/upload/v1769224228/2026-01-24/10932601.jpg
10932625,29.00,ØGO,Pizza Frost,Salami Pizza,1,0,pk.,Netto,https://static.tilbudsugen.dk/1st-retail/2026/5/64452/Netto42026-1_16_61x4790_1643x6865_zoom.jpg,2026-01-24,2026-01-30,https://res.cloudinary.com/dfqzmnlga/image/upload/v1769224228/2026-01-24/10932625.jpg
10932606,29.00,ØGO,Pizza Frost,Margherita Fuldkornspizza,1,0,pk.,Netto,https://static.tilbudsugen.dk/1st-retail/2026/5/64452/Netto42026-1_16_61x4790_1643x6865_zoom.jpg,2026-01-24,2026-01-30,https://res.cloudinary.com/dfqzmnlga/image/upload/v1769224229/2026-01-24/10932606.jpg
10932501,6.00,Gul bordpak,"Pålæg, skiveskåret",Røget Medister - Den Lette,1,0,pk.,Netto,https://static.tilbudsugen.dk/1st-retail/2026/5/64452/Netto42026-1_5_50x259_2398x2312_zoom.jpg,2026-01-24,2026-01-30,https://res.cloudinary.com/dfqzmnlga/image/upload/v1769224229/2026-01-24/10932501.jpg
10932503,6.00,Gul bordpak,"Pålæg, skiveskåret",Salami,1,0,pk.,Netto,https://static.tilbudsugen.dk/1st-retail/2026/5/64452/Netto42026-1_5_50x259_2398x2312_zoom.jpg,2026-01-24,2026-01-30,https://res.cloudinary.com/dfqzmnlga/image/upload/v1769224229/2026-01-24/10932503.jpg
10932505,6.00,Gul bordpak,"Pålæg, skiveskåret",Kyllingepølse - Den Lette,1,0,pk.,Netto,https://static.tilbudsugen.dk/1st-retail/2026/5/64452/Netto42026-1_5_50x259_2398x2312_zoom.jpg,2026-01-24,2026-01-30,https://res.cloudinary.com/dfqzmnlga/image/upload/v1769224230/2026-01-24/10932505.jpg
10932727,12.00,Taffel,Snacks,Peanut Crunch Sourcream & Onion,1,0,ps.,Netto,https://static.tilbudsugen.dk/1st-retail/2026/5/64452/Netto42026-1_18_34x2472_1670x4615_zoom.jpg,2026-01-24,2026-01-30,https://res.cloudinary.com/dfqzmnlga/image/upload/v1769224230/2026-01-24/10932727.jpg
10932691,12.00,Taffel,Chips,Sour Cream & Onion Chips,1,0,ps.,Netto,https://static.tilbudsugen.dk/1st-retail/2026/5/64452/Netto42026-1_18_1697x2452_3253x4615_zoom.jpg,2026-01-24,2026-01-30,https://res.cloudinary.com/dfqzmnlga/image/upload/v1769224231/2026-01-24/10932691.jpg
10932506,6.00,Gul bordpak,"Pålæg, skiveskåret",Jægerpølse - Den lette,1,0,pk.,Netto,https://static.tilbudsugen.dk/1st-retail/2026/5/64452/Netto42026-1_5_50x259_2398x2312_zoom.jpg,2026-01-24,2026-01-30,https://res.cloudinary.com/dfqzmnlga/image/upload/v1769224231/2026-01-24/10932506.jpg
10932553,43.37,ØGO,Olier,Olivenolie,1,0,fl.,Netto,https://static.tilbudsugen.dk/1st-retail/2026/5/64452/Netto42026-1_7_84x2901_2390x6890_zoom.jpg,2026-01-24,2026-01-30,https://res.cloudinary.com/dfqzmnlga/image/upload/v1769224231/2026-01-24/10932553.jpg
10932488,18.00,Kærgården,Fedtstoffer,Smørbar,1,0,bg.,Netto,https://static.tilbudsugen.dk/1st-retail/2026/5/64452/Netto42026-1_14_40x761_1657x2216_zoom.jpg,2026-01-24,2026-01-30,https://res.cloudinary.com/dfqzmnlga/image/upload/v1769224232/2026-01-24/10932488.jpg
10932696,12.00,Taffel,Snacks,Super Snack Holiday,1,0,ps.,Netto,https://static.tilbudsugen.dk/1st-retail/2026/5/64452/Netto42026-1_18_1697x2452_3253x4615_zoom.jpg,2026-01-24,2026-01-30,https://res.cloudinary.com/dfqzmnlga/image/upload/v1769224232/2026-01-24/10932696.jpg
10932688,12.00,Taffel,Snacks,Chicken Pomm´s Snacks,1,0,ps.,Netto,https://static.tilbudsugen.dk/1st-retail/2026/5/64452/Netto42026-1_18_1697x2452_3253x4615_zoom.jpg,2026-01-24,2026-01-30,https://res.cloudinary.com/dfqzmnlga/image/upload/v1769224233/2026-01-24/10932688.jpg
10932496,39.00,Extra Specialristet,Kaffe,Kaffe Formalet,1,0,ps.,Netto,https://static.tilbudsugen.dk/1st-retail/2026/5/64452/Netto42026-1_5_2356x4542_4864x6831_zoom.jpg,2026-01-24,2026-01-30,https://res.cloudinary.com/dfqzmnlga/image/upload/v1769224233/2026-01-24/10932496.jpg
10932498,39.00,Mørk,Kaffe,Kaffe Formalet,1,0,ps.,Netto,https://static.tilbudsugen.dk/1st-retail/2026/5/64452/Netto42026-1_5_2356x4542_4864x6831_zoom.jpg,2026-01-24,2026-01-30,https://res.cloudinary.com/dfqzmnlga/image/upload/v1769224234/2026-01-24/10932498.jpg
10932480,39.00,Velsmag,Oksekød,Hakket oksekød 14-18%,1,0,bk.,Netto,https://static.tilbudsugen.dk/1st-retail/2026/5/64452/Netto42026-1_13_7x4898_2432x6851_zoom.jpg,2026-01-24,2026-01-30,https://res.cloudinary.com/dfqzmnlga/image/upload/v1769224234/2026-01-24/10932480.jpg
10932592,18.00,Næmt,Færdigretter Køl,Sandwich,1,0,pk.,Netto,https://static.tilbudsugen.dk/1st-retail/2026/5/64452/Netto42026-1_16_1670x788_3274x2802_zoom.jpg,2026-01-24,2026-01-30,https://res.cloudinary.com/dfqzmnlga/image/upload/v1769224234/2026-01-24/10932592.jpg
10932509,20.00,Hani´s,Færdigretter Køl,Grøntsagsbites Blomkål,1,0,pk.,Netto,https://static.tilbudsugen.dk/1st-retail/2026/5/64452/Netto42026-1_6_59x2472_2575x4702_zoom.jpg,2026-01-24,2026-01-30,https://res.cloudinary.com/dfqzmnlga/image/upload/v1769224235/2026-01-24/10932509.jpg
10932638,20.00,Toblerone,Chokolade,Chokolade,1,0,pk.,Netto,https://static.tilbudsugen.dk/1st-retail/2026/5/64452/Netto42026-1_17_3321x4850_4998x6824_zoom.jpg,2026-01-24,2026-01-30,https://res.cloudinary.com/dfqzmnlga/image/upload/v1769224235/2026-01-24/10932638.jpg
10932539,20.00,Hani´s,Færdigretter Køl,Grøntsagsbites Gulerod,1,0,pk.,Netto,https://static.tilbudsugen.dk/1st-retail/2026/5/64452/Netto42026-1_6_59x2472_2575x4702_zoom.jpg,2026-01-24,2026-01-30,https://res.cloudinary.com/dfqzmnlga/image/upload/v1769224236/2026-01-24/10932539.jpg
10932600,25.00,Hello Sensitive,Værnemiddel,Hånddesinfektion,1,0,stk.,Netto,https://static.tilbudsugen.dk/1st-retail/2026/5/64452/Netto42026-1_21_3172x4879_4864x6764_zoom.jpg,2026-01-24,2026-01-30,https://res.cloudinary.com/dfqzmnlga/image/upload/v1769224236/2026-01-24/10932600.jpg
10932504,6.00,Gul bordpak,"Pålæg, skiveskåret",Sønderjysk Spegepølse,1,0,pk.,Netto,https://static.tilbudsugen.dk/1st-retail/2026/5/64452/Netto42026-1_5_50x259_2398x2312_zoom.jpg,2026-01-24,2026-01-30,https://res.cloudinary.com/dfqzmnlga/image/upload/v1769224237/2026-01-24/10932504.jpg
10932502,6.00,Gul bordpak,"Pålæg, skiveskåret",Kødpølse - Den lette,1,0,pk.,Netto,https://static.tilbudsugen.dk/1st-retail/2026/5/64452/Netto42026-1_5_50x259_2398x2312_zoom.jpg,2026-01-24,2026-01-30,https://res.cloudinary.com/dfqzmnlga/image/upload/v1769224238/2026-01-24/10932502.jpg
10932593,18.00,Næmt,Færdigretter Køl,Wrap,1,0,pk.,Netto,https://static.tilbudsugen.dk/1st-retail/2026/5/64452/Netto42026-1_16_47x869_1697x2836_zoom.jpg,2026-01-24,2026-01-30,https://res.cloudinary.com/dfqzmnlga/image/upload/v1769224238/2026-01-24/10932593.jpg
10932761,16.00,Lays,Chips,Subway Teriyaki Chips,1,0,ps.,Netto,https://static.tilbudsugen.dk/1st-retail/2026/5/64452/Netto42026-1_19_1724x2708_3267x4514_zoom.jpg,2026-01-24,2026-01-30,https://res.cloudinary.com/dfqzmnlga/image/upload/v1769224239/2026-01-24/10932761.jpg
10932759,16.00,Lays,Chips,Pizza Hut Margherita Chips,1,0,ps.,Netto,https://static.tilbudsugen.dk/1st-retail/2026/5/64452/Netto42026-1_19_1724x2708_3267x4514_zoom.jpg,2026-01-24,2026-01-30,https://res.cloudinary.com/dfqzmnlga/image/upload/v1769224239/2026-01-24/10932759.jpg
10932760,16.00,Lays,Chips,KFC Original Chips,1,0,ps.,Netto,https://static.tilbudsugen.dk/1st-retail/2026/5/64452/Netto42026-1_19_1724x2708_3267x4514_zoom.jpg,2026-01-24,2026-01-30,https://res.cloudinary.com/dfqzmnlga/image/upload/v1769224240/2026-01-24/10932760.jpg
10932583,20.00,Næmt,Færdigretter Køl,Gyoza med Kylling,1,0,pk.,Netto,https://static.tilbudsugen.dk/1st-retail/2026/5/64452/Netto42026-1_9_1178x3297_2491x5022_zoom.jpg,2026-01-24,2026-01-30,https://res.cloudinary.com/dfqzmnlga/image/upload/v1769224241/2026-01-24/10932583.jpg
10932715,12.00,Taffel,Snacknødder & Nøddeblandinger,Honningristet Cashew mix,1,0,ps.,Netto,https://static.tilbudsugen.dk/1st-retail/2026/5/64452/Netto42026-1_18_34x2472_1670x4615_zoom.jpg,2026-01-24,2026-01-30,https://res.cloudinary.com/dfqzmnlga/image/upload/v1769224241/2026-01-24/10932715.jpg
10932723,12.00,Taffel,Snacknødder & Nøddeblandinger,Spicy Chili Peanuts,1,0,ps.,Netto,https://static.tilbudsugen.dk/1st-retail/2026/5/64452/Netto42026-1_18_34x2472_1670x4615_zoom.jpg,2026-01-24,2026-01-30,https://res.cloudinary.com/dfqzmnlga/image/upload/v1769224242/2026-01-24/10932723.jpg
10932726,12.00,Taffel,Snacknødder & Nøddeblandinger,Honningristede Mandel Mix,1,0,ps.,Netto,https://static.tilbudsugen.dk/1st-retail/2026/5/64452/Netto42026-1_18_34x2472_1670x4615_zoom.jpg,2026-01-24,2026-01-30,https://res.cloudinary.com/dfqzmnlga/image/upload/v1769224242/2026-01-24/10932726.jpg
10932716,12.00,Taffel,Snacknødder & Nøddeblandinger,Mix af ristede nødder,1,0,ps.,Netto,https://static.tilbudsugen.dk/1st-retail/2026/5/64452/Netto42026-1_18_34x2472_1670x4615_zoom.jpg,2026-01-24,2026-01-30,https://res.cloudinary.com/dfqzmnlga/image/upload/v1769224242/2026-01-24/10932716.jpg
10932718,12.00,Taffel,Snacknødder & Nøddeblandinger,Nøddemix sweet og spicy,1,0,pk.,Netto,https://static.tilbudsugen.dk/1st-retail/2026/5/64452/Netto42026-1_18_34x2472_1670x4615_zoom.jpg,2026-01-24,2026-01-30,https://res.cloudinary.com/dfqzmnlga/image/upload/v1769224244/2026-01-24/10932718.jpg
10932578,22.00,Navito,Rejer og andre skaldyr,Rejer,1,0,ps.,Netto,https://static.tilbudsugen.dk/1st-retail/2026/5/64452/Netto42026-1_15_54x4864_1738x6838_zoom.jpg,2026-01-24,2026-01-30,https://res.cloudinary.com/dfqzmnlga/image/upload/v1769224244/2026-01-24/10932578.jpg
10932531,55.00,Mammen,Skæreost,Skæreost Danbo Lagret,1,0,stk.,Netto,https://static.tilbudsugen.dk/1st-retail/2026/5/64452/Netto42026-1_14_3226x2216_4964x3813_zoom.jpg,2026-01-24,2026-01-30,https://res.cloudinary.com/dfqzmnlga/image/upload/v1769224245/2026-01-24/10932531.jpg
10932470,55.00,Velsmag,Grisekød,Mørbradbøffer,1,0,bk.,Netto,https://static.tilbudsugen.dk/1st-retail/2026/5/64452/Netto42026-1_12_54x3045_2977x4823_zoom.jpg,2026-01-24,2026-01-30,https://res.cloudinary.com/dfqzmnlga/image/upload/v1769224245/2026-01-24/10932470.jpg
10932468,20.00,Cheesemakers Treasures,Skiveost,Skiveost Smaragd,1,0,pk.,Netto,https://static.tilbudsugen.dk/1st-retail/2026/5/64452/Netto42026-1_4_2583x4711_4922x6857_zoom.jpg,2026-01-24,2026-01-30,https://res.cloudinary.com/dfqzmnlga/image/upload/v1769224246/2026-01-24/10932468.jpg
10932497,39.00,Guld,Kaffe,Kaffe Formalet,1,0,ps.,Netto,https://static.tilbudsugen.dk/1st-retail/2026/5/64452/Netto42026-1_5_2356x4542_4864x6831_zoom.jpg,2026-01-24,2026-01-30,https://res.cloudinary.com/dfqzmnlga/image/upload/v1769224246/2026-01-24/10932497.jpg
10932550,29.00,Skagen,Sild,Sild,1,0,gl.,Netto,https://static.tilbudsugen.dk/1st-retail/2026/5/64452/Netto42026-1_15_3307x2856_4991x4817_zoom.jpg,2026-01-24,2026-01-30,https://res.cloudinary.com/dfqzmnlga/image/upload/v1769224247/2026-01-24/10932550.jpg
10932390,10.00,Fusion Noodles,Færdigretter,Chicken Burrito Taste,1,0,bg.,Netto,https://static.tilbudsugen.dk/1st-retail/2026/5/64452/Netto42026-1_1_42x1345_2482x3398_zoom.jpg,2026-01-24,2026-01-30,https://res.cloudinary.com/dfqzmnlga/image/upload/v1769224247/2026-01-24/10932390.jpg
10932462,20.00,Protein Lab,Pizza Frost,Protein Pizza Pepperoni,1,0,pk.,Netto,https://static.tilbudsugen.dk/1st-retail/2026/5/64452/Netto42026-1_4_2415x217_4847x2481_zoom.jpg,2026-01-24,2026-01-30,https://res.cloudinary.com/dfqzmnlga/image/upload/v1769224247/2026-01-24/10932462.jpg
10932487,20.00,Protein Lab,Pizza Frost,Protein Pizza Ham,1,0,pk.,Netto,https://static.tilbudsugen.dk/1st-retail/2026/5/64452/Netto42026-1_4_2415x217_4847x2481_zoom.jpg,2026-01-24,2026-01-30,https://res.cloudinary.com/dfqzmnlga/image/upload/v1769224248/2026-01-24/10932487.jpg
10932670,29.00,Jakobsens,Sødemiddel,Honning,1,0,fl.,Netto,https://static.tilbudsugen.dk/1st-retail/2026/5/64452/Netto42026-1_18_3274x2452_4944x4621_zoom.jpg,2026-01-24,2026-01-30,https://res.cloudinary.com/dfqzmnlga/image/upload/v1769224248/2026-01-24/10932670.jpg
10932580,35.00,Næmt,Færdigretter Frost,Lammekebab,1,0,ps.,Netto,https://static.tilbudsugen.dk/1st-retail/2026/5/64452/Netto42026-1_16_1657x4810_3274x6871_zoom.jpg,2026-01-24,2026-01-30,https://res.cloudinary.com/dfqzmnlga/image/upload/v1769224249/2026-01-24/10932580.jpg
10932582,35.00,Protein Lab,Færdigretter Frost,Beef Kebab,1,0,ps.,Netto,https://static.tilbudsugen.dk/1st-retail/2026/5/64452/Netto42026-1_16_1657x4810_3274x6871_zoom.jpg,2026-01-24,2026-01-30,https://res.cloudinary.com/dfqzmnlga/image/upload/v1769224249/2026-01-24/10932582.jpg
10932652,20.00,Hindbærbomber,Slik,Slikposer,1,0,ps.,Netto,https://static.tilbudsugen.dk/1st-retail/2026/5/64452/Netto42026-1_17_20x1179_1691x4844_zoom.jpg,2026-01-24,2026-01-30,https://res.cloudinary.com/dfqzmnlga/image/upload/v1769224250/2026-01-24/10932652.jpg
10932653,20.00,Jordbær,Slik,Slikposer,1,0,ps.,Netto,https://static.tilbudsugen.dk/1st-retail/2026/5/64452/Netto42026-1_17_20x1179_1691x4844_zoom.jpg,2026-01-24,2026-01-30,https://res.cloudinary.com/dfqzmnlga/image/upload/v1769224250/2026-01-24/10932653.jpg
10932650,20.00,Kulørte Fisk,Slik,Slikposer,1,0,ps.,Netto,https://static.tilbudsugen.dk/1st-retail/2026/5/64452/Netto42026-1_17_20x1179_1691x4844_zoom.jpg,2026-01-24,2026-01-30,https://res.cloudinary.com/dfqzmnlga/image/upload/v1769224250/2026-01-24/10932650.jpg
10932651,20.00,Menthol Toppe,Slik,Slikposer,1,0,ps.,Netto,https://static.tilbudsugen.dk/1st-retail/2026/5/64452/Netto42026-1_17_20x1179_1691x4844_zoom.jpg,2026-01-24,2026-01-30,https://res.cloudinary.com/dfqzmnlga/image/upload/v1769224251/2026-01-24/10932651.jpg
10932581,18.00,Næmt,Toppings,Kyllingestrimler,1,0,pk.,Netto,https://static.tilbudsugen.dk/1st-retail/2026/5/64452/Netto42026-1_9_1153x5325_2474x6857_zoom.jpg,2026-01-24,2026-01-30,https://res.cloudinary.com/dfqzmnlga/image/upload/v1769224251/2026-01-24/10932581.jpg
10932603,18.00,Hello Sensitive,Hårpleje,Hårmaske,1,0,stk.,Netto,https://static.tilbudsugen.dk/1st-retail/2026/5/64452/Netto42026-1_21_1818x4913_3265x6747_zoom.jpg,2026-01-24,2026-01-30,https://res.cloudinary.com/dfqzmnlga/image/upload/v1769224252/2026-01-24/10932603.jpg
10932596,12.00,Hello Sensitive,Håndcreme,Håndcreme,1,0,stk.,Netto,https://static.tilbudsugen.dk/1st-retail/2026/5/64452/Netto42026-1_21_286x2935_1851x4669_zoom.jpg,2026-01-24,2026-01-30,https://res.cloudinary.com/dfqzmnlga/image/upload/v1769224252/2026-01-24/10932596.jpg
10932413,10.00,Fusion Noodles,Færdigretter,Sweet & Sour Taste,1,0,bg.,Netto,https://static.tilbudsugen.dk/1st-retail/2026/5/64452/Netto42026-1_1_42x1345_2482x3398_zoom.jpg,2026-01-24,2026-01-30,https://res.cloudinary.com/dfqzmnlga/image/upload/v1769224253/2026-01-24/10932413.jpg
10932530,55.00,Mammen,Skæreost,Skæreost Danbo Guld Mellemlagret,1,0,stk.,Netto,https://static.tilbudsugen.dk/1st-retail/2026/5/64452/Netto42026-1_14_3226x2216_4964x3813_zoom.jpg,2026-01-24,2026-01-30,https://res.cloudinary.com/dfqzmnlga/image/upload/v1769224253/2026-01-24/10932530.jpg
10932558,25.00,Polar Seafood,Rejer og andre skaldyr,Rejer,1,0,ps.,Netto,https://static.tilbudsugen.dk/1st-retail/2026/5/64452/Netto42026-1_15_1643x4951_3300x6831_zoom.jpg,2026-01-24,2026-01-30,https://res.cloudinary.com/dfqzmnlga/image/upload/v1769224253/2026-01-24/10932558.jpg
10932633,50.00,Almondy,Dybfrost Kager & Tærter,Tobleronetærte,1,0,pk.,Netto,https://static.tilbudsugen.dk/1st-retail/2026/5/64452/Netto42026-1_16_3267x4803_4957x6844_zoom.jpg,2026-01-24,2026-01-30,https://res.cloudinary.com/dfqzmnlga/image/upload/v1769224254/2026-01-24/10932633.jpg
10932632,50.00,Almondy,Dybfrost Kager & Tærter,Daimtærte,1,0,pk.,Netto,https://static.tilbudsugen.dk/1st-retail/2026/5/64452/Netto42026-1_16_3267x4803_4957x6844_zoom.jpg,2026-01-24,2026-01-30,https://res.cloudinary.com/dfqzmnlga/image/upload/v1769224254/2026-01-24/10932632.jpg
10932630,50.00,Nutella,Smørepålæg,Smørepålæg,1,0,gl.,Netto,https://static.tilbudsugen.dk/1st-retail/2026/5/64452/Netto42026-1_16_3267x4803_4957x6844_zoom.jpg,2026-01-24,2026-01-30,https://res.cloudinary.com/dfqzmnlga/image/upload/v1769224255/2026-01-24/10932630.jpg
10932446,10.00,Nappar,Slik,Slikpose Liquorice,1,0,ps.,Netto,https://static.tilbudsugen.dk/1st-retail/2026/5/64452/Netto42026-1_3_34x183_2457x2489_zoom.jpg,2026-01-24,2026-01-30,https://res.cloudinary.com/dfqzmnlga/image/upload/v1769224255/2026-01-24/10932446.jpg
10932640,20.00,Millionær Mix,Slik,Slikposer,1,0,ps.,Netto,https://static.tilbudsugen.dk/1st-retail/2026/5/64452/Netto42026-1_17_1731x4891_3657x6858_zoom.jpg,2026-01-24,2026-01-30,https://res.cloudinary.com/dfqzmnlga/image/upload/v1769224256/2026-01-24/10932640.jpg
10932758,20.00,Jelibon,Slik,Sour Patch Kids,1,0,ps.,Netto,https://static.tilbudsugen.dk/1st-retail/2026/5/64452/Netto42026-1_19_3368x2701_4897x4439_zoom.jpg,2026-01-24,2026-01-30,https://res.cloudinary.com/dfqzmnlga/image/upload/v1769224257/2026-01-24/10932758.jpg
10932443,10.00,Stjernemix,Slik,Slikposer,1,0,ps.,Netto,https://static.tilbudsugen.dk/1st-retail/2026/5/64452/Netto42026-1_3_34x183_2457x2489_zoom.jpg,2026-01-24,2026-01-30,https://res.cloudinary.com/dfqzmnlga/image/upload/v1769224257/2026-01-24/10932443.jpg
10932444,10.00,Matador Mix,Slik,Slikposer,1,0,ps.,Netto,https://static.tilbudsugen.dk/1st-retail/2026/5/64452/Netto42026-1_3_34x183_2457x2489_zoom.jpg,2026-01-24,2026-01-30,https://res.cloudinary.com/dfqzmnlga/image/upload/v1769224258/2026-01-24/10932444.jpg
10932447,10.00,Nappar,Slik,Slikpose Sour,1,0,ps.,Netto,https://static.tilbudsugen.dk/1st-retail/2026/5/64452/Netto42026-1_3_34x183_2457x2489_zoom.jpg,2026-01-24,2026-01-30,https://res.cloudinary.com/dfqzmnlga/image/upload/v1769224258/2026-01-24/10932447.jpg
10932442,10.00,Matador Mix,Slik,Slikpose Dark,1,0,ps.,Netto,https://static.tilbudsugen.dk/1st-retail/2026/5/64452/Netto42026-1_3_34x183_2457x2489_zoom.jpg,2026-01-24,2026-01-30,https://res.cloudinary.com/dfqzmnlga/image/upload/v1769224259/2026-01-24/10932442.jpg
10932445,10.00,Click Mix,Slik,Slikposer,1,0,ps.,Netto,https://static.tilbudsugen.dk/1st-retail/2026/5/64452/Netto42026-1_3_34x183_2457x2489_zoom.jpg,2026-01-24,2026-01-30,https://res.cloudinary.com/dfqzmnlga/image/upload/v1769224259/2026-01-24/10932445.jpg
10932756,20.00,Jelibon,Slik,Sour Patch Karpuz,1,0,ps.,Netto,https://static.tilbudsugen.dk/1st-retail/2026/5/64452/Netto42026-1_19_3368x2701_4897x4439_zoom.jpg,2026-01-24,2026-01-30,https://res.cloudinary.com/dfqzmnlga/image/upload/v1769224259/2026-01-24/10932756.jpg
10932757,20.00,Jelibon,Slik,Sour Patch Tropical,1,0,ps.,Netto,https://static.tilbudsugen.dk/1st-retail/2026/5/64452/Netto42026-1_19_3368x2701_4897x4439_zoom.jpg,2026-01-24,2026-01-30,https://res.cloudinary.com/dfqzmnlga/image/upload/v1769224260/2026-01-24/10932757.jpg
10932645,20.00,Lakrids Snak,Slik,Slikposer,1,0,ps.,Netto,https://static.tilbudsugen.dk/1st-retail/2026/5/64452/Netto42026-1_17_1731x4891_3657x6858_zoom.jpg,2026-01-24,2026-01-30,https://res.cloudinary.com/dfqzmnlga/image/upload/v1769224260/2026-01-24/10932645.jpg
10932646,20.00,Lakridserne,Slik,Slikposer,1,0,ps.,Netto,https://static.tilbudsugen.dk/1st-retail/2026/5/64452/Netto42026-1_17_1731x4891_3657x6858_zoom.jpg,2026-01-24,2026-01-30,https://res.cloudinary.com/dfqzmnlga/image/upload/v1769224261/2026-01-24/10932646.jpg
10932631,38.00,Got2b,Styling,Styling,1,0,stk.,Netto,https://static.tilbudsugen.dk/1st-retail/2026/5/64452/Netto42026-1_22_25x2851_1708x4879_zoom.jpg,2026-01-24,2026-01-30,https://res.cloudinary.com/dfqzmnlga/image/upload/v1769224261/2026-01-24/10932631.jpg
10932662,12.00,Malaco,Slik,Sliksnører Lakrids,1,0,pk.,Netto,https://static.tilbudsugen.dk/1st-retail/2026/5/64452/Netto42026-1_17_3321x175_4984x4817_zoom.jpg,2026-01-24,2026-01-30,https://res.cloudinary.com/dfqzmnlga/image/upload/v1769224261/2026-01-24/10932662.jpg
10932665,12.00,Malaco,Slik,Sliksnører Jordbær,1,0,pk.,Netto,https://static.tilbudsugen.dk/1st-retail/2026/5/64452/Netto42026-1_17_3321x175_4984x4817_zoom.jpg,2026-01-24,2026-01-30,https://res.cloudinary.com/dfqzmnlga/image/upload/v1769224262/2026-01-24/10932665.jpg
10932519,18.00,Mammen,Skiveost,Skiveost Havarti,1,0,pk.,Netto,https://static.tilbudsugen.dk/1st-retail/2026/5/64452/Netto42026-1_14_1617x707_3253x2196_zoom.jpg,2026-01-24,2026-01-30,https://res.cloudinary.com/dfqzmnlga/image/upload/v1769224263/2026-01-24/10932519.jpg
10932518,18.00,Mammen,Skiveost,Skiveost Guld Mellemlagret,1,0,pk.,Netto,https://static.tilbudsugen.dk/1st-retail/2026/5/64452/Netto42026-1_14_1617x707_3253x2196_zoom.jpg,2026-01-24,2026-01-30,https://res.cloudinary.com/dfqzmnlga/image/upload/v1769224263/2026-01-24/10932518.jpg
10932648,35.00,Topper,Flødeboller,Flødeboller Kokos,1,0,bk.,Netto,https://static.tilbudsugen.dk/1st-retail/2026/5/64452/Netto42026-1_17_54x4904_1771x6878_zoom.jpg,2026-01-24,2026-01-30,https://res.cloudinary.com/dfqzmnlga/image/upload/v1769224263/2026-01-24/10932648.jpg
10932649,35.00,Topper,Flødeboller,Flødeboller Klassisk,1,0,bk.,Netto,https://static.tilbudsugen.dk/1st-retail/2026/5/64452/Netto42026-1_17_54x4904_1771x6878_zoom.jpg,2026-01-24,2026-01-30,https://res.cloudinary.com/dfqzmnlga/image/upload/v1769224264/2026-01-24/10932649.jpg
10932661,12.00,Malaco,Slik,Slikstjerner Karamel,1,0,pk.,Netto,https://static.tilbudsugen.dk/1st-retail/2026/5/64452/Netto42026-1_17_3321x175_4984x4817_zoom.jpg,2026-01-24,2026-01-30,https://res.cloudinary.com/dfqzmnlga/image/upload/v1769224264/2026-01-24/10932661.jpg
10932659,12.00,Malaco,Slik,Slikstjerner Jordbær,1,0,pk.,Netto,https://static.tilbudsugen.dk/1st-retail/2026/5/64452/Netto42026-1_17_3321x175_4984x4817_zoom.jpg,2026-01-24,2026-01-30,https://res.cloudinary.com/dfqzmnlga/image/upload/v1769224265/2026-01-24/10932659.jpg
10932568,12.00,Pålækker,"Pålæg, skiveskåret",Rullepølse,1,0,pk.,Netto,https://static.tilbudsugen.dk/1st-retail/2026/5/64452/Netto42026-1_15_61x734_2458x2823_zoom.jpg,2026-01-24,2026-01-30,https://res.cloudinary.com/dfqzmnlga/image/upload/v1769224265/2026-01-24/10932568.jpg
10932564,12.00,Pålækker,"Pålæg, skiveskåret",Hamburgerryg,1,0,pk.,Netto,https://static.tilbudsugen.dk/1st-retail/2026/5/64452/Netto42026-1_15_61x734_2458x2823_zoom.jpg,2026-01-24,2026-01-30,https://res.cloudinary.com/dfqzmnlga/image/upload/v1769224266/2026-01-24/10932564.jpg
10932569,12.00,Sandwich,"Pålæg, skiveskåret",Kyllingebryst Tomat & Timian,1,0,pk.,Netto,https://static.tilbudsugen.dk/1st-retail/2026/5/64452/Netto42026-1_15_61x734_2458x2823_zoom.jpg,2026-01-24,2026-01-30,https://res.cloudinary.com/dfqzmnlga/image/upload/v1769224266/2026-01-24/10932569.jpg
10932570,12.00,Sandwich,"Pålæg, skiveskåret",Kyllingebryst,1,0,pk.,Netto,https://static.tilbudsugen.dk/1st-retail/2026/5/64452/Netto42026-1_15_61x734_2458x2823_zoom.jpg,2026-01-24,2026-01-30,https://res.cloudinary.com/dfqzmnlga/image/upload/v1769224269/2026-01-24/10932570.jpg
10932373,10.00,ASIA Noodles,Færdigretter,Beef Taste,1,0,bg.,Netto,https://static.tilbudsugen.dk/1st-retail/2026/5/64452/Netto42026-1_1_42x1345_2482x3398_zoom.jpg,2026-01-24,2026-01-30,https://res.cloudinary.com/dfqzmnlga/image/upload/v1769224269/2026-01-24/10932373.jpg
10932556,25.00,Polar Seafood,Rejer og andre skaldyr,Rejer,1,0,bg.,Netto,https://static.tilbudsugen.dk/1st-retail/2026/5/64452/Netto42026-1_15_1643x4951_3300x6831_zoom.jpg,2026-01-24,2026-01-30,https://res.cloudinary.com/dfqzmnlga/image/upload/v1769224270/2026-01-24/10932556.jpg
10932619,30.00,Batiste,Shampoo,Tørshampoo,1,0,stk.,Netto,https://static.tilbudsugen.dk/1st-retail/2026/5/64452/Netto42026-1_22_3282x545_4897x2885_zoom.jpg,2026-01-24,2026-01-30,https://res.cloudinary.com/dfqzmnlga/image/upload/v1769224270/2026-01-24/10932619.jpg
10932655,12.00,Malaco,Slik,Slikstrimler Jordbær,1,0,ps.,Netto,https://static.tilbudsugen.dk/1st-retail/2026/5/64452/Netto42026-1_17_3321x175_4984x4817_zoom.jpg,2026-01-24,2026-01-30,https://res.cloudinary.com/dfqzmnlga/image/upload/v1769224271/2026-01-24/10932655.jpg
10932658,12.00,Malaco,Slik,Slikstrimler Tutti Frutti,1,0,ps.,Netto,https://static.tilbudsugen.dk/1st-retail/2026/5/64452/Netto42026-1_17_3321x175_4984x4817_zoom.jpg,2026-01-24,2026-01-30,https://res.cloudinary.com/dfqzmnlga/image/upload/v1769224272/2026-01-24/10932658.jpg
10932778,109.00,Gammel Dansk,Bitter,Bitter,1,0,fl.,Netto,https://static.tilbudsugen.dk/1st-retail/2026/5/64452/Netto42026-1_20_2459x4850_4998x6831_zoom.jpg,2026-01-24,2026-01-30,https://res.cloudinary.com/dfqzmnlga/image/upload/v1769224273/2026-01-24/10932778.jpg
10932779,109.00,Triple Wood,Whisky,Whisky,1,0,fl.,Netto,https://static.tilbudsugen.dk/1st-retail/2026/5/64452/Netto42026-1_20_2459x4850_4998x6831_zoom.jpg,2026-01-24,2026-01-30,https://res.cloudinary.com/dfqzmnlga/image/upload/v1769224273/2026-01-24/10932779.jpg
10932780,109.00,Kahlua,Likør,Likør,1,0,fl.,Netto,https://static.tilbudsugen.dk/1st-retail/2026/5/64452/Netto42026-1_20_2459x4850_4998x6831_zoom.jpg,2026-01-24,2026-01-30,https://res.cloudinary.com/dfqzmnlga/image/upload/v1769224274/2026-01-24/10932780.jpg
10932777,109.00,Carta Blanca,Rom,Rom,1,0,fl.,Netto,https://static.tilbudsugen.dk/1st-retail/2026/5/64452/Netto42026-1_20_2459x4850_4998x6831_zoom.jpg,2026-01-24,2026-01-30,https://res.cloudinary.com/dfqzmnlga/image/upload/v1769224274/2026-01-24/10932777.jpg
10932776,109.00,London Dry,Gin,Gin,1,0,fl.,Netto,https://static.tilbudsugen.dk/1st-retail/2026/5/64452/Netto42026-1_20_2459x4850_4998x6831_zoom.jpg,2026-01-24,2026-01-30,https://res.cloudinary.com/dfqzmnlga/image/upload/v1769224275/2026-01-24/10932776.jpg
10932775,109.00,Absolut,Vodka,Vodka,1,0,fl.,Netto,https://static.tilbudsugen.dk/1st-retail/2026/5/64452/Netto42026-1_20_2459x4850_4998x6831_zoom.jpg,2026-01-24,2026-01-30,https://res.cloudinary.com/dfqzmnlga/image/upload/v1769224275/2026-01-24/10932775.jpg
10932374,10.00,ASIA Noodles,Færdigretter,Chicken Taste,1,0,bg.,Netto,https://static.tilbudsugen.dk/1st-retail/2026/5/64452/Netto42026-1_1_42x1345_2482x3398_zoom.jpg,2026-01-24,2026-01-30,https://res.cloudinary.com/dfqzmnlga/image/upload/v1769224276/2026-01-24/10932374.jpg
10932375,10.00,Pasta Snack Pot,Færdigretter,Carbonara,1,0,bg.,Netto,https://static.tilbudsugen.dk/1st-retail/2026/5/64452/Netto42026-1_1_42x1345_2482x3398_zoom.jpg,2026-01-24,2026-01-30,https://res.cloudinary.com/dfqzmnlga/image/upload/v1769224276/2026-01-24/10932375.jpg
10932529,25.00,Løgismose,Skiveost,Skiveost Aged Havarti,1,0,pk.,Netto,https://static.tilbudsugen.dk/1st-retail/2026/5/64452/Netto42026-1_14_115x5140_2290x6838_zoom.jpg,2026-01-24,2026-01-30,https://res.cloudinary.com/dfqzmnlga/image/upload/v1769224277/2026-01-24/10932529.jpg
10932528,25.00,Løgismose,Skiveost,Skiveost Jysk Hede,1,0,pk.,Netto,https://static.tilbudsugen.dk/1st-retail/2026/5/64452/Netto42026-1_14_115x5140_2290x6838_zoom.jpg,2026-01-24,2026-01-30,https://res.cloudinary.com/dfqzmnlga/image/upload/v1769224277/2026-01-24/10932528.jpg
10932441,10.00,Nutramino,Energi- Sports- & Vitamindrikke,Energidrik,1,0,fl.,Netto,https://static.tilbudsugen.dk/1st-retail/2026/5/64452/Netto42026-1_3_2407x2464_4897x4702_zoom.jpg,2026-01-24,2026-01-30,https://res.cloudinary.com/dfqzmnlga/image/upload/v1769224278/2026-01-24/10932441.jpg
10932429,5.00,Choco Snack,Mellemmåltider,Cool Snacks,1,0,pk.,Netto,https://static.tilbudsugen.dk/1st-retail/2026/5/64452/Netto42026-1_2_84x4559_2608x6857_zoom.jpg,2026-01-24,2026-01-30,https://res.cloudinary.com/dfqzmnlga/image/upload/v1769224278/2026-01-24/10932429.jpg
10932557,25.19,ØGO,Madlavningsost,Revet ost Cheddar,1,0,ps.,Netto,https://static.tilbudsugen.dk/1st-retail/2026/5/64452/Netto42026-1_7_3198x764_4931x4433_zoom.jpg,2026-01-24,2026-01-30,https://res.cloudinary.com/dfqzmnlga/image/upload/v1769224279/2026-01-24/10932557.jpg
10932430,5.00,Munchmallow,Mellemmåltider,Cool Snacks,1,0,pk.,Netto,https://static.tilbudsugen.dk/1st-retail/2026/5/64452/Netto42026-1_2_84x4559_2608x6857_zoom.jpg,2026-01-24,2026-01-30,https://res.cloudinary.com/dfqzmnlga/image/upload/v1769224279/2026-01-24/10932430.jpg
10932436,5.00,Oreo,Mellemmåltider,Cool Snacks,1,0,stk.,Netto,https://static.tilbudsugen.dk/1st-retail/2026/5/64452/Netto42026-1_2_84x4559_2608x6857_zoom.jpg,2026-01-24,2026-01-30,https://res.cloudinary.com/dfqzmnlga/image/upload/v1769224280/2026-01-24/10932436.jpg
10932361,10.00,ASIA Noodles,Færdigretter,Spicy Chicken Taste,1,0,bg.,Netto,https://static.tilbudsugen.dk/1st-retail/2026/5/64452/Netto42026-1_1_42x1345_2482x3398_zoom.jpg,2026-01-24,2026-01-30,https://res.cloudinary.com/dfqzmnlga/image/upload/v1769224280/2026-01-24/10932361.jpg
10921781,199.00,Murph,Kosttilskud,Træningstilskud,1,1,stk.,Netto,https://static.tilbudsugen.dk/1st-retail/2026/4/64393/Netto32026-1_24_3369x3816_4904x6847_zoom.jpg,2026-01-01,2026-01-31,https://res.cloudinary.com/dfqzmnlga/image/upload/v1769224281/2026-01-24/10921781.jpg
10904788,199.00,Murph,Kosttilskud,Træningstilskud,1,1,stk.,Netto,https://static.tilbudsugen.dk/1st-retail/2026/2/64322/Netto022026-1_25_3283x3710_4916x6886_zoom.jpg,2026-01-02,2026-01-31,https://res.cloudinary.com/dfqzmnlga/image/upload/v1769224281/2026-01-24/10904788.jpg
10932848,30.00,,Garn,Garn,1,0,stk.,Netto,https://static.tilbudsugen.dk/1st-retail/2026/5/64452/Netto42026-1_33_222x2371_2445x4581_zoom.jpg,2026-01-24,2026-01-30,https://res.cloudinary.com/dfqzmnlga/image/upload/v1769224282/2026-01-24/10932848.jpg
10921785,60.00,Murph,Kosttilskud,Træningstilskud,1,0,ds.,Netto,https://static.tilbudsugen.dk/1st-retail/2026/4/64393/Netto32026-1_24_79x2785_1739x4682_zoom.jpg,2026-01-01,2026-01-31,https://res.cloudinary.com/dfqzmnlga/image/upload/v1769224282/2026-01-24/10921785.jpg
10932424,5.00,Knoppers,Kiks,Knoppers Crispy,1,0,pk.,Netto,https://static.tilbudsugen.dk/1st-retail/2026/5/64452/Netto42026-1_2_2440x2396_4990x4652_zoom.jpg,2026-01-24,2026-01-30,https://res.cloudinary.com/dfqzmnlga/image/upload/v1769224283/2026-01-24/10932424.jpg
10921783,10.00,Murph,Snacks/bar,Pistachio & Cookies Crisp Proteinbar,1,0,stk.,Netto,https://static.tilbudsugen.dk/1st-retail/2026/4/64393/Netto32026-1_24_24x1801_3526x2997_zoom.jpg,2026-01-01,2026-01-31,https://res.cloudinary.com/dfqzmnlga/image/upload/v1769224283/2026-01-24/10921783.jpg
10925772,10.00,Murph,Snacks/bar,Cookies & Caramel Crisp Proteinbar,1,0,stk.,Netto,https://static.tilbudsugen.dk/1st-retail/2026/4/64393/Netto32026-1_24_24x1801_3526x2997_zoom.jpg,2026-01-01,2026-01-31,https://res.cloudinary.com/dfqzmnlga/image/upload/v1769224284/2026-01-24/10925772.jpg
10925774,10.00,Murph,Snacks/bar,Coconut & Cookies Crisp Proteinbar,1,0,stk.,Netto,https://static.tilbudsugen.dk/1st-retail/2026/4/64393/Netto32026-1_24_24x1801_3526x2997_zoom.jpg,2026-01-01,2026-01-31,https://res.cloudinary.com/dfqzmnlga/image/upload/v1769224284/2026-01-24/10925774.jpg
10925785,10.00,Murph,Snacks/bar,Coconut & Cookies Crisp Proteinbar,1,0,stk.,Netto,https://static.tilbudsugen.dk/1st-retail/2026/2/64322/Netto022026-1_25_16x1895_1757x4634_zoom.jpg,2026-01-02,2026-01-31,https://res.cloudinary.com/dfqzmnlga/image/upload/v1769224285/2026-01-24/10925785.jpg
10932471,20.00,,Røget og gravad,Laks i skiver,1,0,pk.,Netto,https://static.tilbudsugen.dk/1st-retail/2026/5/64452/Netto42026-1_4_50x4593_2449x6831_zoom.jpg,2026-01-24,2026-01-30,https://res.cloudinary.com/dfqzmnlga/image/upload/v1769224285/2026-01-24/10932471.jpg
10925784,10.00,Murph,Snacks/bar,Cookies & Caramel Crisp Proteinbar,1,0,stk.,Netto,https://static.tilbudsugen.dk/1st-retail/2026/2/64322/Netto022026-1_25_16x1895_1757x4634_zoom.jpg,2026-01-02,2026-01-31,https://res.cloudinary.com/dfqzmnlga/image/upload/v1769224285/2026-01-24/10925784.jpg
10925773,10.00,Murph,Snacks/bar,Peanut & Caramel Crisp Proteinbar,1,0,stk.,Netto,https://static.tilbudsugen.dk/1st-retail/2026/4/64393/Netto32026-1_24_24x1801_3526x2997_zoom.jpg,2026-01-01,2026-01-31,https://res.cloudinary.com/dfqzmnlga/image/upload/v1769224286/2026-01-24/10925773.jpg
10932474,20.00,,Røget og gravad,Laks,1,0,bk.,Netto,https://static.tilbudsugen.dk/1st-retail/2026/5/64452/Netto42026-1_4_50x4593_2449x6831_zoom.jpg,2026-01-24,2026-01-30,https://res.cloudinary.com/dfqzmnlga/image/upload/v1769224286/2026-01-24/10932474.jpg
10904791,10.00,Murph,Snacks/bar,Pistachio & Cookies Crisp Proteinbar,1,0,stk.,Netto,https://static.tilbudsugen.dk/1st-retail/2026/2/64322/Netto022026-1_25_16x1895_1757x4634_zoom.jpg,2026-01-02,2026-01-31,https://res.cloudinary.com/dfqzmnlga/image/upload/v1769224287/2026-01-24/10904791.jpg
10925786,10.00,Murph,Snacks/bar,Peanut & Caramel Crisp Proteinbar,1,0,stk.,Netto,https://static.tilbudsugen.dk/1st-retail/2026/2/64322/Netto022026-1_25_16x1895_1757x4634_zoom.jpg,2026-01-02,2026-01-31,https://res.cloudinary.com/dfqzmnlga/image/upload/v1769224287/2026-01-24/10925786.jpg
10932527,25.00,Løgismose,Specialost,Skimmelost Blå Ost,1,0,pk.,Netto,https://static.tilbudsugen.dk/1st-retail/2026/5/64452/Netto42026-1_14_115x5140_2290x6838_zoom.jpg,2026-01-24,2026-01-30,https://res.cloudinary.com/dfqzmnlga/image/upload/v1769224287/2026-01-24/10932527.jpg
10932781,109.00,Silver,Tequila,Tequila,1,0,fl.,Netto,https://static.tilbudsugen.dk/1st-retail/2026/5/64452/Netto42026-1_20_2459x4850_4998x6831_zoom.jpg,2026-01-24,2026-01-30,https://res.cloudinary.com/dfqzmnlga/image/upload/v1769224288/2026-01-24/10932781.jpg
10932554,22.00,Bådsmand,Røget og gravad,Laksetopping,1,0,bk.,Netto,https://static.tilbudsugen.dk/1st-retail/2026/5/64452/Netto42026-1_15_1691x2856_3327x4877_zoom.jpg,2026-01-24,2026-01-30,https://res.cloudinary.com/dfqzmnlga/image/upload/v1769224288/2026-01-24/10932554.jpg
10932637,45.00,Mini Favoritter,Chokolade,Dessertchokolade,1,0,æsk.,Netto,https://static.tilbudsugen.dk/1st-retail/2026/5/64452/Netto42026-1_17_1697x2829_3267x4796_zoom.jpg,2026-01-24,2026-01-30,https://res.cloudinary.com/dfqzmnlga/image/upload/v1769224289/2026-01-24/10932637.jpg
10932465,35.00,Velsmag,Oksekød,Ribeye,1,0,bk.,Netto,https://static.tilbudsugen.dk/1st-retail/2026/5/64452/Netto42026-1_12_2957x3065_4998x4770_zoom.jpg,2026-01-24,2026-01-30,https://res.cloudinary.com/dfqzmnlga/image/upload/v1769224289/2026-01-24/10932465.jpg
10932787,14.00,Peelerz,Slik,Green Apple Slik,1,0,ps.,Netto,https://static.tilbudsugen.dk/1st-retail/2026/5/64452/Netto42026-1_19_3294x856_4816x2560_zoom.jpg,2026-01-24,2026-01-30,https://res.cloudinary.com/dfqzmnlga/image/upload/v1769224290/2026-01-24/10932787.jpg
10932571,12.00,Salami Hapser,Pålægspølser,Salami Snacks,1,0,pk.,Netto,https://static.tilbudsugen.dk/1st-retail/2026/5/64452/Netto42026-1_15_61x734_2458x2823_zoom.jpg,2026-01-24,2026-01-30,https://res.cloudinary.com/dfqzmnlga/image/upload/v1769224290/2026-01-24/10932571.jpg
10932614,12.00,Palmolive Men,Deodorant,Deo Roll-on,1,0,stk.,Netto,https://static.tilbudsugen.dk/1st-retail/2026/5/64452/Netto42026-1_22_1632x671_3324x2893_zoom.jpg,2026-01-24,2026-01-30,https://res.cloudinary.com/dfqzmnlga/image/upload/v1769224290/2026-01-24/10932614.jpg
10932615,12.00,Palmolive,Deodorant,Deo Roll-on,1,0,stk.,Netto,https://static.tilbudsugen.dk/1st-retail/2026/5/64452/Netto42026-1_22_1632x671_3324x2893_zoom.jpg,2026-01-24,2026-01-30,https://res.cloudinary.com/dfqzmnlga/image/upload/v1769224291/2026-01-24/10932615.jpg
10932437,5.00,Country,Chokolade,Chokoladestænger,1,0,pk.,Netto,https://static.tilbudsugen.dk/1st-retail/2026/5/64452/Netto42026-1_2_2440x2396_4990x4652_zoom.jpg,2026-01-24,2026-01-30,https://res.cloudinary.com/dfqzmnlga/image/upload/v1769224291/2026-01-24/10932437.jpg
10932456,10.00,Nutramino,Snacks/bar,Chocolate Protein Wafer ,1,0,stk.,Netto,https://static.tilbudsugen.dk/1st-retail/2026/5/64452/Netto42026-1_3_2407x2464_4897x4702_zoom.jpg,2026-01-24,2026-01-30,https://res.cloudinary.com/dfqzmnlga/image/upload/v1769224292/2026-01-24/10932456.jpg
10932552,65.00,Premieur,Røget og gravad,Laks i skiver,1,0,pk.,Netto,https://static.tilbudsugen.dk/1st-retail/2026/5/64452/Netto42026-1_15_3307x4837_4998x6831_zoom.jpg,2026-01-24,2026-01-30,https://res.cloudinary.com/dfqzmnlga/image/upload/v1769224292/2026-01-24/10932552.jpg
10932769,25.00,Skittles,Pastiller,Squishy Cloudz Fruits Pastiller,1,0,ps.,Netto,https://static.tilbudsugen.dk/1st-retail/2026/5/64452/Netto42026-1_19_3294x4601_4937x6386_zoom.jpg,2026-01-24,2026-01-30,https://res.cloudinary.com/dfqzmnlga/image/upload/v1769224293/2026-01-24/10932769.jpg
10932770,25.00,Skittles,Pastiller,Squishy Cloudz Crazy Sours,1,0,ps.,Netto,https://static.tilbudsugen.dk/1st-retail/2026/5/64452/Netto42026-1_19_3294x4601_4937x6386_zoom.jpg,2026-01-24,2026-01-30,https://res.cloudinary.com/dfqzmnlga/image/upload/v1769224293/2026-01-24/10932770.jpg
10932771,24.00,Reeses,Chokolade,Peanutbutterbar White,1,0,stk.,Netto,https://static.tilbudsugen.dk/1st-retail/2026/5/64452/Netto42026-1_19_1711x4601_3233x6400_zoom.jpg,2026-01-24,2026-01-30,https://res.cloudinary.com/dfqzmnlga/image/upload/v1769224293/2026-01-24/10932771.jpg
10932774,24.00,Reeses,Chokolade,Peanutbar,1,0,stk.,Netto,https://static.tilbudsugen.dk/1st-retail/2026/5/64452/Netto42026-1_19_1711x4601_3233x6400_zoom.jpg,2026-01-24,2026-01-30,https://res.cloudinary.com/dfqzmnlga/image/upload/v1769224294/2026-01-24/10932774.jpg
10933265,24.00,Reeses,Chokolade,Chokolade Peanut Butter Cups Minis,1,0,ps.,Netto,https://static.tilbudsugen.dk/1st-retail/2026/5/64452/Netto42026-1_19_1711x4601_3233x6400_zoom.jpg,2026-01-24,2026-01-30,https://res.cloudinary.com/dfqzmnlga/image/upload/v1769224294/2026-01-24/10933265.jpg
10932421,5.00,Rice Up,Chokolade,Chokoladebar Milk,1,0,pk.,Netto,https://static.tilbudsugen.dk/1st-retail/2026/5/64452/Netto42026-1_2_2440x4585_4998x6857_zoom.jpg,2026-01-24,2026-01-30,https://res.cloudinary.com/dfqzmnlga/image/upload/v1769224295/2026-01-24/10932421.jpg
10932438,5.00,Tic Tac,Pastiller,Pastiller Mint,1,0,stk.,Netto,https://static.tilbudsugen.dk/1st-retail/2026/5/64452/Netto42026-1_2_2440x2396_4990x4652_zoom.jpg,2026-01-24,2026-01-30,https://res.cloudinary.com/dfqzmnlga/image/upload/v1769224295/2026-01-24/10932438.jpg
10932423,5.00,Rice Up,Chokolade,Chokoladebar Orange Dark,1,0,pk.,Netto,https://static.tilbudsugen.dk/1st-retail/2026/5/64452/Netto42026-1_2_2440x4585_4998x6857_zoom.jpg,2026-01-24,2026-01-30,https://res.cloudinary.com/dfqzmnlga/image/upload/v1769224296/2026-01-24/10932423.jpg
10932422,5.00,Rice Up,Chokolade,Chokoladebar Dark,1,0,pk.,Netto,https://static.tilbudsugen.dk/1st-retail/2026/5/64452/Netto42026-1_2_2440x4585_4998x6857_zoom.jpg,2026-01-24,2026-01-30,https://res.cloudinary.com/dfqzmnlga/image/upload/v1769224296/2026-01-24/10932422.jpg
10925742,14.00,Murph,Snacks/bar,Chocolate & Orange Crisp Proteinbar,1,0,stk.,Netto,https://static.tilbudsugen.dk/1st-retail/2026/2/64322/Netto022026-1_25_1798x15_4998x1862_zoom.jpg,2026-01-02,2026-01-31,https://res.cloudinary.com/dfqzmnlga/image/upload/v1769224297/2026-01-24/10925742.jpg
10925748,14.00,Murph,Snacks/bar,Salty Caramel Crisp Proteinbar,1,0,stk.,Netto,https://static.tilbudsugen.dk/1st-retail/2026/2/64322/Netto022026-1_25_1798x15_4998x1862_zoom.jpg,2026-01-02,2026-01-31,https://res.cloudinary.com/dfqzmnlga/image/upload/v1769224298/2026-01-24/10925748.jpg
10925745,14.00,Murph,Snacks/bar,Milky Road Proteinbar,1,0,stk.,Netto,https://static.tilbudsugen.dk/1st-retail/2026/2/64322/Netto022026-1_25_1798x15_4998x1862_zoom.jpg,2026-01-02,2026-01-31,https://res.cloudinary.com/dfqzmnlga/image/upload/v1769224298/2026-01-24/10925745.jpg
10925794,14.00,Murph,Snacks/bar,Milky Road Proteinbar,1,0,stk.,Netto,https://static.tilbudsugen.dk/1st-retail/2026/4/64393/Netto32026-1_24_1889x30_4943x1927_zoom.jpg,2026-01-01,2026-01-31,https://res.cloudinary.com/dfqzmnlga/image/upload/v1769224298/2026-01-24/10925794.jpg
10921782,14.00,Murph,Snacks/bar,Chocolate & Orange Crisp Proteinbar,1,0,stk.,Netto,https://static.tilbudsugen.dk/1st-retail/2026/4/64393/Netto32026-1_24_1889x30_4943x1927_zoom.jpg,2026-01-01,2026-01-31,https://res.cloudinary.com/dfqzmnlga/image/upload/v1769224299/2026-01-24/10921782.jpg
10925793,14.00,Murph,Snacks/bar,Toffee & Caramel Proteinbar,1,0,stk.,Netto,https://static.tilbudsugen.dk/1st-retail/2026/4/64393/Netto32026-1_24_1889x30_4943x1927_zoom.jpg,2026-01-01,2026-01-31,https://res.cloudinary.com/dfqzmnlga/image/upload/v1769224299/2026-01-24/10925793.jpg
10925796,14.00,Murph,Snacks/bar,Salty Caramel Crisp Proteinbar,1,0,stk.,Netto,https://static.tilbudsugen.dk/1st-retail/2026/4/64393/Netto32026-1_24_1889x30_4943x1927_zoom.jpg,2026-01-01,2026-01-31,https://res.cloudinary.com/dfqzmnlga/image/upload/v1769224300/2026-01-24/10925796.jpg
10904782,14.00,Murph,Snacks/bar,Toffee & Caramel Proteinbar,1,0,stk.,Netto,https://static.tilbudsugen.dk/1st-retail/2026/2/64322/Netto022026-1_25_1798x15_4998x1862_zoom.jpg,2026-01-02,2026-01-31,https://res.cloudinary.com/dfqzmnlga/image/upload/v1769224301/2026-01-24/10904782.jpg
10925752,14.00,Murph,Snacks/bar,Chocolate Banana Crisp Proteinbar,1,0,stk.,Netto,https://static.tilbudsugen.dk/1st-retail/2026/2/64322/Netto022026-1_25_1798x15_4998x1862_zoom.jpg,2026-01-02,2026-01-31,https://res.cloudinary.com/dfqzmnlga/image/upload/v1769224301/2026-01-24/10925752.jpg
10925795,14.00,Murph,Snacks/bar,Chocolate Banana Crisp Proteinbar,1,0,stk.,Netto,https://static.tilbudsugen.dk/1st-retail/2026/4/64393/Netto32026-1_24_1889x30_4943x1927_zoom.jpg,2026-01-01,2026-01-31,https://res.cloudinary.com/dfqzmnlga/image/upload/v1769224301/2026-01-24/10925795.jpg
10932455,10.00,Grenade,Snacks/bar,Oreo Proteinbar,1,0,stk.,Netto,https://static.tilbudsugen.dk/1st-retail/2026/5/64452/Netto42026-1_3_2407x2464_4897x4702_zoom.jpg,2026-01-24,2026-01-30,https://res.cloudinary.com/dfqzmnlga/image/upload/v1769224302/2026-01-24/10932455.jpg
10932599,15.00,Hello Sensitive,Ansigtspleje,Creme,1,0,stk.,Netto,https://static.tilbudsugen.dk/1st-retail/2026/5/64452/Netto42026-1_21_3214x3154_4821x4635_zoom.jpg,2026-01-24,2026-01-30,https://res.cloudinary.com/dfqzmnlga/image/upload/v1769224303/2026-01-24/10932599.jpg
10932788,14.00,Peelerz,Slik,Mystery Cube Slik,1,0,ps.,Netto,https://static.tilbudsugen.dk/1st-retail/2026/5/64452/Netto42026-1_19_3294x856_4816x2560_zoom.jpg,2026-01-24,2026-01-30,https://res.cloudinary.com/dfqzmnlga/image/upload/v1769224304/2026-01-24/10932788.jpg
10932755,14.00,Peelerz,Slik,Peach Slik,1,0,ps.,Netto,https://static.tilbudsugen.dk/1st-retail/2026/5/64452/Netto42026-1_19_3294x856_4816x2560_zoom.jpg,2026-01-24,2026-01-30,https://res.cloudinary.com/dfqzmnlga/image/upload/v1769224305/2026-01-24/10932755.jpg
10932610,17.00,Barebells,Snacks/bar,Caramel Cashew Proteinbar,1,0,stk.,Netto,https://static.tilbudsugen.dk/1st-retail/2026/5/64452/Netto42026-1_22_50x604_1717x2918_zoom.jpg,2026-01-24,2026-01-30,https://res.cloudinary.com/dfqzmnlga/image/upload/v1769224305/2026-01-24/10932610.jpg
10932611,17.00,Barebells,Snacks/bar,Caramel Choco Proteinbar,1,0,stk.,Netto,https://static.tilbudsugen.dk/1st-retail/2026/5/64452/Netto42026-1_22_50x604_1717x2918_zoom.jpg,2026-01-24,2026-01-30,https://res.cloudinary.com/dfqzmnlga/image/upload/v1769224306/2026-01-24/10932611.jpg
10925520,17.00,Barebells,Snacks/bar,Caramel Choco Proteinbar,1,0,stk.,Netto,https://static.tilbudsugen.dk/1st-retail/2026/3/64366/Netto032026-1_22_1611x737_3280x2817_zoom.jpg,2026-01-01,2026-01-31,https://res.cloudinary.com/dfqzmnlga/image/upload/v1769224306/2026-01-24/10925520.jpg
10925514,17.00,Barebells,Snacks/bar,Coco Choco Proteinbar,1,0,stk.,Netto,https://static.tilbudsugen.dk/1st-retail/2026/3/64366/Netto032026-1_22_1611x737_3280x2817_zoom.jpg,2026-01-01,2026-01-31,https://res.cloudinary.com/dfqzmnlga/image/upload/v1769224306/2026-01-24/10925514.jpg
10925519,17.00,Barebells,Snacks/bar,Caramel Cashew Proteinbar,1,0,stk.,Netto,https://static.tilbudsugen.dk/1st-retail/2026/3/64366/Netto032026-1_22_1611x737_3280x2817_zoom.jpg,2026-01-01,2026-01-31,https://res.cloudinary.com/dfqzmnlga/image/upload/v1769224307/2026-01-24/10925519.jpg
10932605,17.00,Barebells,Snacks/bar,Hazelnut & Nougat Proteinbar,1,0,stk.,Netto,https://static.tilbudsugen.dk/1st-retail/2026/5/64452/Netto42026-1_22_50x604_1717x2918_zoom.jpg,2026-01-24,2026-01-30,https://res.cloudinary.com/dfqzmnlga/image/upload/v1769224308/2026-01-24/10932605.jpg
10932612,17.00,Barebells,Snacks/bar,Banana Dream Proteinbar,1,0,stk.,Netto,https://static.tilbudsugen.dk/1st-retail/2026/5/64452/Netto42026-1_22_50x604_1717x2918_zoom.jpg,2026-01-24,2026-01-30,https://res.cloudinary.com/dfqzmnlga/image/upload/v1769224308/2026-01-24/10932612.jpg
10914459,17.00,Barebells,Snacks/bar,Hazelnut & Nougat Proteinbar,1,0,stk.,Netto,https://static.tilbudsugen.dk/1st-retail/2026/3/64366/Netto032026-1_22_1611x737_3280x2817_zoom.jpg,2026-01-01,2026-01-31,https://res.cloudinary.com/dfqzmnlga/image/upload/v1769224308/2026-01-24/10914459.jpg
10932613,17.00,Barebells,Snacks/bar,Salted Peanut Caramel Proteinbar,1,0,stk.,Netto,https://static.tilbudsugen.dk/1st-retail/2026/5/64452/Netto42026-1_22_50x604_1717x2918_zoom.jpg,2026-01-24,2026-01-30,https://res.cloudinary.com/dfqzmnlga/image/upload/v1769224309/2026-01-24/10932613.jpg
10925518,17.00,Barebells,Snacks/bar,Marshmallow Proteinbar,1,0,stk.,Netto,https://static.tilbudsugen.dk/1st-retail/2026/3/64366/Netto032026-1_22_1611x737_3280x2817_zoom.jpg,2026-01-01,2026-01-31,https://res.cloudinary.com/dfqzmnlga/image/upload/v1769224310/2026-01-24/10925518.jpg
10925521,17.00,Barebells,Snacks/bar,Banana Dream Proteinbar,1,0,stk.,Netto,https://static.tilbudsugen.dk/1st-retail/2026/3/64366/Netto032026-1_22_1611x737_3280x2817_zoom.jpg,2026-01-01,2026-01-31,https://res.cloudinary.com/dfqzmnlga/image/upload/v1769224310/2026-01-24/10925521.jpg
10932607,17.00,Barebells,Snacks/bar,Coco Choco Proteinbar,1,0,stk.,Netto,https://static.tilbudsugen.dk/1st-retail/2026/5/64452/Netto42026-1_22_50x604_1717x2918_zoom.jpg,2026-01-24,2026-01-30,https://res.cloudinary.com/dfqzmnlga/image/upload/v1769224311/2026-01-24/10932607.jpg
10932609,17.00,Barebells,Snacks/bar,Marshmallow Proteinbar,1,0,stk.,Netto,https://static.tilbudsugen.dk/1st-retail/2026/5/64452/Netto42026-1_22_50x604_1717x2918_zoom.jpg,2026-01-24,2026-01-30,https://res.cloudinary.com/dfqzmnlga/image/upload/v1769224311/2026-01-24/10932609.jpg
10925522,17.00,Barebells,Snacks/bar,Salted Peanut Caramel Proteinbar,1,0,stk.,Netto,https://static.tilbudsugen.dk/1st-retail/2026/3/64366/Netto032026-1_22_1611x737_3280x2817_zoom.jpg,2026-01-01,2026-01-31,https://res.cloudinary.com/dfqzmnlga/image/upload/v1769224312/2026-01-24/10925522.jpg
10932608,17.00,Barebells,Snacks/bar,Hazelnut & Nougat Proteinbar,1,0,stk.,Netto,https://static.tilbudsugen.dk/1st-retail/2026/5/64452/Netto42026-1_22_50x604_1717x2918_zoom.jpg,2026-01-24,2026-01-30,https://res.cloudinary.com/dfqzmnlga/image/upload/v1769224312/2026-01-24/10932608.jpg
10932439,5.00,Popping Candy,Slik,Slik,1,0,pk.,Netto,https://static.tilbudsugen.dk/1st-retail/2026/5/64452/Netto42026-1_2_2440x2396_4990x4652_zoom.jpg,2026-01-24,2026-01-30,https://res.cloudinary.com/dfqzmnlga/image/upload/v1769224312/2026-01-24/10932439.jpg
10932766,24.00,Grupperz,Slik,Confetti Cakesplosion,1,0,ps.,Netto,https://static.tilbudsugen.dk/1st-retail/2026/5/64452/Netto42026-1_19_88x4534_1670x6359_zoom.jpg,2026-01-24,2026-01-30,https://res.cloudinary.com/dfqzmnlga/image/upload/v1769224313/2026-01-24/10932766.jpg
10932767,24.00,Grupperz,Slik,Sour Squirt Grenades,1,0,ps.,Netto,https://static.tilbudsugen.dk/1st-retail/2026/5/64452/Netto42026-1_19_88x4534_1670x6359_zoom.jpg,2026-01-24,2026-01-30,https://res.cloudinary.com/dfqzmnlga/image/upload/v1769224313/2026-01-24/10932767.jpg
10932768,24.00,Grupperz,Slik,Strawberry Milk Splash,1,0,ps.,Netto,https://static.tilbudsugen.dk/1st-retail/2026/5/64452/Netto42026-1_19_88x4534_1670x6359_zoom.jpg,2026-01-24,2026-01-30,https://res.cloudinary.com/dfqzmnlga/image/upload/v1769224314/2026-01-24/10932768.jpg
10932765,24.00,Grupperz,Slik,Boba Tea Blast,1,0,ps.,Netto,https://static.tilbudsugen.dk/1st-retail/2026/5/64452/Netto42026-1_19_88x4534_1670x6359_zoom.jpg,2026-01-24,2026-01-30,https://res.cloudinary.com/dfqzmnlga/image/upload/v1769224314/2026-01-24/10932765.jpg
10904785,69.00,Murph,Kosttilskud,Træningstilskud,1,0,stk.,Netto,https://static.tilbudsugen.dk/1st-retail/2026/2/64322/Netto022026-1_25_1666x1978_3464x4584_zoom.jpg,2026-01-02,2026-01-31,https://res.cloudinary.com/dfqzmnlga/image/upload/v1769224315/2026-01-24/10904785.jpg
10921784,69.00,Murph,Kosttilskud,Træningstilskud,1,0,stk.,Netto,https://static.tilbudsugen.dk/1st-retail/2026/4/64393/Netto32026-1_24_1629x3013_3416x4698_zoom.jpg,2026-01-01,2026-01-31,https://res.cloudinary.com/dfqzmnlga/image/upload/v1769224315/2026-01-24/10921784.jpg
10932764,15.00,Pocky,Kiks,Kiks Strawberry,1,0,pk.,Netto,https://static.tilbudsugen.dk/1st-retail/2026/5/64452/Netto42026-1_19_141x2688_1623x4453_zoom.jpg,2026-01-24,2026-01-30,https://res.cloudinary.com/dfqzmnlga/image/upload/v1769224316/2026-01-24/10932764.jpg
10932647,109.00,Bodylab,Kosttilskud,Træningstilskud,1,0,ps.,Netto,https://static.tilbudsugen.dk/1st-retail/2026/5/64452/Netto42026-1_22_3231x4803_4922x6874_zoom.jpg,2026-01-24,2026-01-30,https://res.cloudinary.com/dfqzmnlga/image/upload/v1769224316/2026-01-24/10932647.jpg
10932636,109.00,Murph,Kosttilskud,Træningstilskud,1,0,ds.,Netto,https://static.tilbudsugen.dk/1st-retail/2026/5/64452/Netto42026-1_22_3231x4803_4922x6874_zoom.jpg,2026-01-24,2026-01-30,https://res.cloudinary.com/dfqzmnlga/image/upload/v1769224316/2026-01-24/10932636.jpg
10932762,15.00,Pocky,Kiks,Kiks Cookies & Cream,1,0,pk.,Netto,https://static.tilbudsugen.dk/1st-retail/2026/5/64452/Netto42026-1_19_141x2688_1623x4453_zoom.jpg,2026-01-24,2026-01-30,https://res.cloudinary.com/dfqzmnlga/image/upload/v1769224317/2026-01-24/10932762.jpg
10932763,15.00,Pocky,Kiks,Kiks Milky Matcha,1,0,pk.,Netto,https://static.tilbudsugen.dk/1st-retail/2026/5/64452/Netto42026-1_19_141x2688_1623x4453_zoom.jpg,2026-01-24,2026-01-30,https://res.cloudinary.com/dfqzmnlga/image/upload/v1769224317/2026-01-24/10932763.jpg
10932847,20.00,,Garn,Garn,1,0,stk.,Netto,https://static.tilbudsugen.dk/1st-retail/2026/5/64452/Netto42026-1_33_263x243_2418x2392_zoom.jpg,2026-01-24,2026-01-30,https://res.cloudinary.com/dfqzmnlga/image/upload/v1769224318/2026-01-24/10932847.jpg
10932861,20.00,,Luftfrisker,Duftolie,1,0,stk.,Netto,https://static.tilbudsugen.dk/1st-retail/2026/5/64452/Netto42026-1_31_141x135_2843x2223_zoom.jpg,2026-01-24,2026-02-20,https://res.cloudinary.com/dfqzmnlga/image/upload/v1769224318/2026-01-24/10932861.jpg
10932634,38.00,Got2b,Styling,Styling,1,0,stk.,Netto,https://static.tilbudsugen.dk/1st-retail/2026/5/64452/Netto42026-1_22_25x2851_1708x4879_zoom.jpg,2026-01-24,2026-01-30,https://res.cloudinary.com/dfqzmnlga/image/upload/v1769224319/2026-01-24/10932634.jpg
10932656,49.00,Otrivin,Medicin,Næsespray,1,0,fl.,Netto,https://static.tilbudsugen.dk/1st-retail/2026/5/64452/Netto42026-1_23_42x0_1523x1807_zoom.jpg,2026-01-24,2026-01-30,https://res.cloudinary.com/dfqzmnlga/image/upload/v1769224319/2026-01-24/10932656.jpg
10932663,200.00,Nicotinell,Nikotinprodukter,Mundspray,1,0,stk.,Netto,https://static.tilbudsugen.dk/1st-retail/2026/5/64452/Netto42026-1_23_3652x1740_4914x3465_zoom.jpg,2026-01-24,2026-01-30,https://res.cloudinary.com/dfqzmnlga/image/upload/v1769224320/2026-01-24/10932663.jpg
10932707,99.00,,Belysning indendørs,Væglampe,1,0,stk.,Netto,https://static.tilbudsugen.dk/1st-retail/2026/5/64452/Netto42026-1_25_168x259_1658x2439_zoom.jpg,2026-01-24,2026-01-30,https://res.cloudinary.com/dfqzmnlga/image/upload/v1769224320/2026-01-24/10932707.jpg
10932739,59.00,,Køkkenredskaber,Dampkoger,1,0,stk.,Netto,https://static.tilbudsugen.dk/1st-retail/2026/5/64452/Netto42026-1_26_202x175_4813x3659_zoom.jpg,2026-01-24,2026-01-30,https://res.cloudinary.com/dfqzmnlga/image/upload/v1769224321/2026-01-24/10932739.jpg
10932746,40.00,,Køkkenartikler,Køkkenartikler,1,0,stk.,Netto,https://static.tilbudsugen.dk/1st-retail/2026/5/64452/Netto42026-1_27_2373x3533_4721x6865_zoom.jpg,2026-01-24,2026-01-30,https://res.cloudinary.com/dfqzmnlga/image/upload/v1769224321/2026-01-24/10932746.jpg
10932751,149.00,,Dametøj,Pyjamas,1,0,stk.,Netto,https://static.tilbudsugen.dk/1st-retail/2026/5/64452/Netto42026-1_28_0x840_3635x6655_zoom.jpg,2026-01-24,2026-01-30,https://res.cloudinary.com/dfqzmnlga/image/upload/v1769224322/2026-01-24/10932751.jpg
10932846,50.00,,Pyntegenstande,Kunstige blomster,1,0,stk.,Netto,https://static.tilbudsugen.dk/1st-retail/2026/5/64452/Netto42026-1_34_0x0_4931x6817_zoom.jpg,2026-01-24,2026-01-30,https://res.cloudinary.com/dfqzmnlga/image/upload/v1769224322/2026-01-24/10932846.jpg
10932849,30.00,,Kreativitetslegetøj & puslespil,Malebog,1,0,stk.,Netto,https://static.tilbudsugen.dk/1st-retail/2026/5/64452/Netto42026-1_33_222x4655_2492x6764_zoom.jpg,2026-01-24,2026-01-30,https://res.cloudinary.com/dfqzmnlga/image/upload/v1769224323/2026-01-24/10932849.jpg
10932854,29.00,,Boligtekstiler,Dørmåtte,1,0,stk.,Netto,https://static.tilbudsugen.dk/1st-retail/2026/5/64452/Netto42026-1_32_195x4662_2418x6770_zoom.jpg,2026-01-24,2026-01-30,https://res.cloudinary.com/dfqzmnlga/image/upload/v1769224323/2026-01-24/10932854.jpg
10932855,49.00,,Boligtekstiler,Dørmåtte,1,0,stk.,Netto,https://static.tilbudsugen.dk/1st-retail/2026/5/64452/Netto42026-1_32_195x4662_2418x6770_zoom.jpg,2026-01-24,2026-01-30,https://res.cloudinary.com/dfqzmnlga/image/upload/v1769224324/2026-01-24/10932855.jpg
10932859,149.00,,Diverse elartikler,Skotørrer,1,0,stk.,Netto,https://static.tilbudsugen.dk/1st-retail/2026/5/64452/Netto42026-1_32_2519x2344_4735x4554_zoom.jpg,2026-01-24,2026-01-30,https://res.cloudinary.com/dfqzmnlga/image/upload/v1769224324/2026-01-24/10932859.jpg
10932677,59.00,,Køkkenredskaber,Krydderiholder,1,0,stk.,Netto,https://static.tilbudsugen.dk/1st-retail/2026/5/64452/Netto42026-1_24_3231x49_4813x2110_zoom.jpg,2026-01-24,2026-01-30,https://res.cloudinary.com/dfqzmnlga/image/upload/v1769224325/2026-01-24/10932677.jpg
10932690,30.00,,Toiletartikler,Opbevaringskrukke,1,0,stk.,Netto,https://static.tilbudsugen.dk/1st-retail/2026/5/64452/Netto42026-1_24_118x5308_1868x6781_zoom.jpg,2026-01-24,2026-01-30,https://res.cloudinary.com/dfqzmnlga/image/upload/v1769224325/2026-01-24/10932690.jpg
10932872,20.00,,"Skåle, fade og forme",Skål,1,0,stk.,Netto,https://static.tilbudsugen.dk/1st-retail/2026/5/64452/Netto42026-1_29_209x243_4574x4278_zoom.jpg,2026-01-24,2026-02-20,https://res.cloudinary.com/dfqzmnlga/image/upload/v1769224326/2026-01-24/10932872.jpg
10932845,29.00,,Pyntegenstande,Kunstige blomster,1,0,stk.,Netto,https://static.tilbudsugen.dk/1st-retail/2026/5/64452/Netto42026-1_34_0x0_4931x6817_zoom.jpg,2026-01-24,2026-01-30,https://res.cloudinary.com/dfqzmnlga/image/upload/v1769224326/2026-01-24/10932845.jpg
10932857,25.00,,Reoler & hylder,Skobakke,1,0,stk.,Netto,https://static.tilbudsugen.dk/1st-retail/2026/5/64452/Netto42026-1_32_2486x4601_4708x6764_zoom.jpg,2026-01-24,2026-01-30,https://res.cloudinary.com/dfqzmnlga/image/upload/v1769224327/2026-01-24/10932857.jpg
10932858,29.00,,Reoler & hylder,Skobakke,1,0,stk.,Netto,https://static.tilbudsugen.dk/1st-retail/2026/5/64452/Netto42026-1_32_2486x4601_4708x6764_zoom.jpg,2026-01-24,2026-01-30,https://res.cloudinary.com/dfqzmnlga/image/upload/v1769224328/2026-01-24/10932858.jpg
10932622,15.00,Harpic,Rengøringsmidler,WC-flush,1,0,stk.,Netto,https://static.tilbudsugen.dk/1st-retail/2026/5/64452/Netto42026-1_22_3223x2826_4948x4829_zoom.jpg,2026-01-24,2026-01-30,https://res.cloudinary.com/dfqzmnlga/image/upload/v1769224328/2026-01-24/10932622.jpg
10932714,40.00,,Opbevaring,Opbevaringsæske,1,0,stk.,Netto,https://static.tilbudsugen.dk/1st-retail/2026/5/64452/Netto42026-1_25_219x4854_2836x6773_zoom.jpg,2026-01-24,2026-01-30,https://res.cloudinary.com/dfqzmnlga/image/upload/v1769224329/2026-01-24/10932714.jpg
10932722,199.00,,Køkkenmaskiner,Bordgrill,1,0,stk.,Netto,https://static.tilbudsugen.dk/1st-retail/2026/5/64452/Netto42026-1_26_2457x3650_4737x5148_zoom.jpg,2026-01-24,2026-01-30,https://res.cloudinary.com/dfqzmnlga/image/upload/v1769224329/2026-01-24/10932722.jpg
10932743,99.00,,Køkkenmaskiner,Riskoger,1,0,stk.,Netto,https://static.tilbudsugen.dk/1st-retail/2026/5/64452/Netto42026-1_27_118x3667_2364x6848_zoom.jpg,2026-01-24,2026-01-30,https://res.cloudinary.com/dfqzmnlga/image/upload/v1769224330/2026-01-24/10932743.jpg
10932752,99.00,,Dametøj,Pyjamasbluse,1,0,stk.,Netto,https://static.tilbudsugen.dk/1st-retail/2026/5/64452/Netto42026-1_28_0x840_3635x6655_zoom.jpg,2026-01-24,2026-01-30,https://res.cloudinary.com/dfqzmnlga/image/upload/v1769224331/2026-01-24/10932752.jpg
10932867,30.00,,Sokker/Strømper,Strømper,1,0,pk.,Netto,https://static.tilbudsugen.dk/1st-retail/2026/5/64452/Netto42026-1_30_1657x2681_3098x4325_zoom.jpg,2026-01-24,2026-02-20,https://res.cloudinary.com/dfqzmnlga/image/upload/v1769224331/2026-01-24/10932867.jpg
10932414,5.00,,Grønt,Forårsløg,1,0,bdt.,Netto,https://static.tilbudsugen.dk/1st-retail/2026/5/64452/Netto42026-1_2_34x511_2625x2531_zoom.jpg,2026-01-24,2026-01-30,https://res.cloudinary.com/dfqzmnlga/image/upload/v1769224331/2026-01-24/10932414.jpg
10932683,40.00,,Køkkenartikler,Opbevaringsboks,1,0,stk.,Netto,https://static.tilbudsugen.dk/1st-retail/2026/5/64452/Netto42026-1_24_3231x1984_4914x3810_zoom.jpg,2026-01-24,2026-01-30,https://res.cloudinary.com/dfqzmnlga/image/upload/v1769224332/2026-01-24/10932683.jpg
10932708,129.00,,Tæpper,Gulvtæppe,1,0,stk.,Netto,https://static.tilbudsugen.dk/1st-retail/2026/5/64452/Netto42026-1_25_194x2430_1801x4845_zoom.jpg,2026-01-24,2026-01-30,https://res.cloudinary.com/dfqzmnlga/image/upload/v1769224332/2026-01-24/10932708.jpg
10932710,129.00,,Borde & stole,Bord,1,0,stk.,Netto,https://static.tilbudsugen.dk/1st-retail/2026/5/64452/Netto42026-1_25_1700x2481_3198x4854_zoom.jpg,2026-01-24,2026-01-30,https://res.cloudinary.com/dfqzmnlga/image/upload/v1769224333/2026-01-24/10932710.jpg
10932712,119.00,,Pyntegenstande,Kunstige blomster,1,0,stk.,Netto,https://static.tilbudsugen.dk/1st-retail/2026/5/64452/Netto42026-1_25_3198x2354_4821x4837_zoom.jpg,2026-01-24,2026-01-30,https://res.cloudinary.com/dfqzmnlga/image/upload/v1769224333/2026-01-24/10932712.jpg
10932736,45.00,,"Skåle, fade og forme",Skål,1,0,stk.,Netto,https://static.tilbudsugen.dk/1st-retail/2026/5/64452/Netto42026-1_26_202x175_4813x3659_zoom.jpg,2026-01-24,2026-01-30,https://res.cloudinary.com/dfqzmnlga/image/upload/v1769224334/2026-01-24/10932736.jpg
10932737,45.00,,"Skåle, fade og forme",Fad,1,0,stk.,Netto,https://static.tilbudsugen.dk/1st-retail/2026/5/64452/Netto42026-1_26_202x175_4813x3659_zoom.jpg,2026-01-24,2026-01-30,https://res.cloudinary.com/dfqzmnlga/image/upload/v1769224334/2026-01-24/10932737.jpg
10932738,25.00,,Bestik,Spisepinde,1,0,stk.,Netto,https://static.tilbudsugen.dk/1st-retail/2026/5/64452/Netto42026-1_26_202x175_4813x3659_zoom.jpg,2026-01-24,2026-01-30,https://res.cloudinary.com/dfqzmnlga/image/upload/v1769224335/2026-01-24/10932738.jpg
10932740,69.00,,Køkkenartikler,Køkkenartikler,1,0,stk.,Netto,https://static.tilbudsugen.dk/1st-retail/2026/5/64452/Netto42026-1_27_2794x1134_4965x3490_zoom.jpg,2026-01-24,2026-01-30,https://res.cloudinary.com/dfqzmnlga/image/upload/v1769224335/2026-01-24/10932740.jpg
10932744,40.00,,Køkkenredskaber,Pastastativ,1,0,stk.,Netto,https://static.tilbudsugen.dk/1st-retail/2026/5/64452/Netto42026-1_27_2373x3533_4721x6865_zoom.jpg,2026-01-24,2026-01-30,https://res.cloudinary.com/dfqzmnlga/image/upload/v1769224336/2026-01-24/10932744.jpg
10932745,169.00,,Køkkenredskaber,Pastamaskine,1,0,stk.,Netto,https://static.tilbudsugen.dk/1st-retail/2026/5/64452/Netto42026-1_27_2373x3533_4721x6865_zoom.jpg,2026-01-24,2026-01-30,https://res.cloudinary.com/dfqzmnlga/image/upload/v1769224336/2026-01-24/10932745.jpg
10932748,99.00,,Gryder og pander,Gryde,1,0,stk.,Netto,https://static.tilbudsugen.dk/1st-retail/2026/5/64452/Netto42026-1_27_118x3667_2364x6848_zoom.jpg,2026-01-24,2026-01-30,https://res.cloudinary.com/dfqzmnlga/image/upload/v1769224336/2026-01-24/10932748.jpg
10932749,129.00,,Køkkenmaskiner,Frituregryde,1,0,stk.,Netto,https://static.tilbudsugen.dk/1st-retail/2026/5/64452/Netto42026-1_27_118x3667_2364x6848_zoom.jpg,2026-01-24,2026-01-30,https://res.cloudinary.com/dfqzmnlga/image/upload/v1769224337/2026-01-24/10932749.jpg
10932750,79.00,,Boligtekstiler,Sengesæt,1,0,stk.,Netto,https://static.tilbudsugen.dk/1st-retail/2026/5/64452/Netto42026-1_28_1868x0_4914x5611_zoom.jpg,2026-01-24,2026-01-30,https://res.cloudinary.com/dfqzmnlga/image/upload/v1769224337/2026-01-24/10932750.jpg
10932843,149.00,,Pyntegenstande,Vase,1,0,stk.,Netto,https://static.tilbudsugen.dk/1st-retail/2026/5/64452/Netto42026-1_34_0x0_4931x6817_zoom.jpg,2026-01-24,2026-01-30,https://res.cloudinary.com/dfqzmnlga/image/upload/v1769224338/2026-01-24/10932843.jpg
10932853,50.00,,Dametøj,Leggings,1,0,stk.,Netto,https://static.tilbudsugen.dk/1st-retail/2026/5/64452/Netto42026-1_32_242x2432_2445x4581_zoom.jpg,2026-01-24,2026-01-30,https://res.cloudinary.com/dfqzmnlga/image/upload/v1769224338/2026-01-24/10932853.jpg
10932865,50.00,,Dametøj,Top,1,0,stk.,Netto,https://static.tilbudsugen.dk/1st-retail/2026/5/64452/Netto42026-1_30_222x532_3226x2600_zoom.jpg,2026-01-24,2026-02-20,https://res.cloudinary.com/dfqzmnlga/image/upload/v1769224339/2026-01-24/10932865.jpg
10932870,59.00,,Dametøj,Bigshirt,1,0,stk.,Netto,https://static.tilbudsugen.dk/1st-retail/2026/5/64452/Netto42026-1_30_2903x640_4944x6703_zoom.jpg,2026-01-24,2026-02-20,https://res.cloudinary.com/dfqzmnlga/image/upload/v1769224339/2026-01-24/10932870.jpg
10932842,89.00,,Pyntegenstande,Vase,1,0,stk.,Netto,https://static.tilbudsugen.dk/1st-retail/2026/5/64452/Netto42026-1_34_0x0_4931x6817_zoom.jpg,2026-01-24,2026-01-30,https://res.cloudinary.com/dfqzmnlga/image/upload/v1769224339/2026-01-24/10932842.jpg
10932850,30.00,,Dametøj,Top,1,0,stk.,Netto,https://static.tilbudsugen.dk/1st-retail/2026/5/64452/Netto42026-1_33_2445x3752_4695x6770_zoom.jpg,2026-01-24,2026-01-30,https://res.cloudinary.com/dfqzmnlga/image/upload/v1769224340/2026-01-24/10932850.jpg
10932856,89.00,,Boligtekstiler,Dørmåtte,1,0,stk.,Netto,https://static.tilbudsugen.dk/1st-retail/2026/5/64452/Netto42026-1_32_195x4662_2418x6770_zoom.jpg,2026-01-24,2026-01-30,https://res.cloudinary.com/dfqzmnlga/image/upload/v1769224340/2026-01-24/10932856.jpg
10932713,99.00,,Belysning indendørs,Væglampe,1,0,stk.,Netto,https://static.tilbudsugen.dk/1st-retail/2026/5/64452/Netto42026-1_25_2886x4803_4830x6823_zoom.jpg,2026-01-24,2026-01-30,https://res.cloudinary.com/dfqzmnlga/image/upload/v1769224341/2026-01-24/10932713.jpg
10932717,50.00,,Opbevaring,Opbevaringsæske,1,0,stk.,Netto,https://static.tilbudsugen.dk/1st-retail/2026/5/64452/Netto42026-1_25_219x4854_2836x6773_zoom.jpg,2026-01-24,2026-01-30,https://res.cloudinary.com/dfqzmnlga/image/upload/v1769224342/2026-01-24/10932717.jpg
10932730,25.00,,Køkkenredskaber,Sushirulle,1,0,stk.,Netto,https://static.tilbudsugen.dk/1st-retail/2026/5/64452/Netto42026-1_26_2457x5123_4729x6874_zoom.jpg,2026-01-24,2026-01-30,https://res.cloudinary.com/dfqzmnlga/image/upload/v1769224342/2026-01-24/10932730.jpg
10932732,25.00,,Køkkenredskaber,Dumplingforme,1,0,stk.,Netto,https://static.tilbudsugen.dk/1st-retail/2026/5/64452/Netto42026-1_26_2457x5123_4729x6874_zoom.jpg,2026-01-24,2026-01-30,https://res.cloudinary.com/dfqzmnlga/image/upload/v1769224343/2026-01-24/10932732.jpg
10932676,40.00,,Køkkenartikler,Køkkenartikler,1,0,stk.,Netto,https://static.tilbudsugen.dk/1st-retail/2026/5/64452/Netto42026-1_24_1792x3709_4729x6840_zoom.jpg,2026-01-24,2026-01-30,https://res.cloudinary.com/dfqzmnlga/image/upload/v1769224343/2026-01-24/10932676.jpg
10932679,30.00,,Køkkenartikler,Opbevaringsboks,1,0,stk.,Netto,https://static.tilbudsugen.dk/1st-retail/2026/5/64452/Netto42026-1_24_3231x1984_4914x3810_zoom.jpg,2026-01-24,2026-01-30,https://res.cloudinary.com/dfqzmnlga/image/upload/v1769224344/2026-01-24/10932679.jpg
10932863,30.00,,Diverse kontorartikler,Notesbog,1,0,stk.,Netto,https://static.tilbudsugen.dk/1st-retail/2026/5/64452/Netto42026-1_31_222x4082_2843x6595_zoom.jpg,2026-01-24,2026-02-20,https://res.cloudinary.com/dfqzmnlga/image/upload/v1769224344/2026-01-24/10932863.jpg
10932864,69.00,,Pyntegenstande,Vase,1,0,stk.,Netto,https://static.tilbudsugen.dk/1st-retail/2026/5/64452/Netto42026-1_31_2081x930_4964x6622_zoom.jpg,2026-01-24,2026-02-20,https://res.cloudinary.com/dfqzmnlga/image/upload/v1769224345/2026-01-24/10932864.jpg
10932869,89.00,,Boligtekstiler,Håndklæde,1,0,stk.,Netto,https://static.tilbudsugen.dk/1st-retail/2026/5/64452/Netto42026-1_30_216x4359_3577x6548_zoom.jpg,2026-01-24,2026-02-20,https://res.cloudinary.com/dfqzmnlga/image/upload/v1769224345/2026-01-24/10932869.jpg
10932672,30.00,,Køkkenartikler,Opbevaringsglas,1,0,stk.,Netto,https://static.tilbudsugen.dk/1st-retail/2026/5/64452/Netto42026-1_24_286x251_3315x3692_zoom.jpg,2026-01-24,2026-01-30,https://res.cloudinary.com/dfqzmnlga/image/upload/v1769224346/2026-01-24/10932672.jpg
10932680,30.00,,Køkkenartikler,Opbevaringskrukke,1,0,stk.,Netto,https://static.tilbudsugen.dk/1st-retail/2026/5/64452/Netto42026-1_24_118x5308_1868x6781_zoom.jpg,2026-01-24,2026-01-30,https://res.cloudinary.com/dfqzmnlga/image/upload/v1769224347/2026-01-24/10932680.jpg
10932705,40.00,,Belysning indendørs,LED lampe,1,0,stk.,Netto,https://static.tilbudsugen.dk/1st-retail/2026/5/64452/Netto42026-1_25_1700x166_4855x2447_zoom.jpg,2026-01-24,2026-01-30,https://res.cloudinary.com/dfqzmnlga/image/upload/v1769224347/2026-01-24/10932705.jpg
10932851,30.00,,Sokker/Strømper,Strømper,1,0,pk.,Netto,https://static.tilbudsugen.dk/1st-retail/2026/5/64452/Netto42026-1_33_2492x323_4708x3678_zoom.jpg,2026-01-24,2026-01-30,https://res.cloudinary.com/dfqzmnlga/image/upload/v1769224348/2026-01-24/10932851.jpg
10932871,30.00,,Service,Krus,1,0,stk.,Netto,https://static.tilbudsugen.dk/1st-retail/2026/5/64452/Netto42026-1_29_209x243_4574x4278_zoom.jpg,2026-01-24,2026-02-20,https://res.cloudinary.com/dfqzmnlga/image/upload/v1769224349/2026-01-24/10932871.jpg
10932862,20.00,,Køkkenartikler,Drikkedunk,1,0,stk.,Netto,https://static.tilbudsugen.dk/1st-retail/2026/5/64452/Netto42026-1_31_40x2243_2640x4082_zoom.jpg,2026-01-24,2026-02-20,https://res.cloudinary.com/dfqzmnlga/image/upload/v1769224349/2026-01-24/10932862.jpg
