data_id,price,brand,category,product_name,units,quantity,unit_type,store_name,image_url,start_date,end_date,public_urls,translated_product,tinder_bio
10876702,12.0,Kleenex,Lommetørklæder,Lommetørklæder,1,64,pk.,Netto,https://static.tilbudsugen.dk/1st-retail/2025/51/64202/Netto512025-1_27_2479x994_4892x3534_zoom.jpg,2025-12-13,2025-12-19,https://res.cloudinary.com/dfqzmnlga/image/upload/v1765903330/2025-12-13/10876702.jpg,Handkerchiefs,"✨ Soft whispers of comfort, ready to catch a tear or two. 🌟"
10876698,5.0,,Husholdningsartikler,Husholdningsposer,1,12,pk.,Netto,https://static.tilbudsugen.dk/1st-retail/2025/51/64202/Netto512025-1_26_27x4840_4998x6828_zoom.jpg,2025-12-13,2025-12-19,https://res.cloudinary.com/dfqzmnlga/image/upload/v1765903331/2025-12-13/10876698.jpg,Household bags,"📦✨ Always ready to pack, unpack, and keep things tidy! ✨"
10876697,5.0,,Husholdningsartikler,Bagepapir,1,12,pk.,Netto,https://static.tilbudsugen.dk/1st-retail/2025/51/64202/Netto512025-1_26_27x4840_4998x6828_zoom.jpg,2025-12-13,2025-12-19,https://res.cloudinary.com/dfqzmnlga/image/upload/v1765903331/2025-12-13/10876697.jpg,Bakery paper,"✨ Unfold the magic of baking with me—flaky, fresh, and full of flavor! ✨"
10876693,15.0,Murph,Kosttilskud,Træningstilskud,1,20,stk.,Netto,https://static.tilbudsugen.dk/1st-retail/2025/51/64202/Netto512025-1_26_6x778_2570x2855_zoom.jpg,2025-12-13,2025-12-19,https://res.cloudinary.com/dfqzmnlga/image/upload/v1765903332/2025-12-13/10876693.jpg,Training grants,"🚀 Training grants: fuel your growth, not your budget! 🌟"
10876608,25.0,Basta,Klargøring & bilpleje,Wipes,1,20,ps.,Netto,https://static.tilbudsugen.dk/1st-retail/2025/51/64202/Netto512025-1_34_3249x4657_4788x6849_zoom.jpg,2025-12-13,2025-12-19,https://res.cloudinary.com/dfqzmnlga/image/upload/v1765903332/2025-12-13/10876608.jpg,Wipes,"Wipes clean up messes, but never steal your shine. 🧼"
10876699,29.0,Godt Papir,Husholdningspapir,Toiletpapir,1,16,pk.,Netto,https://static.tilbudsugen.dk/1st-retail/2025/51/64202/Netto512025-1_27_40x245_2479x3547_zoom.jpg,2025-12-13,2025-12-19,https://res.cloudinary.com/dfqzmnlga/image/upload/v1765903333/2025-12-13/10876699.jpg,Toilet paper,Sweeping clean with every swipe—because I'm the ultimate hygiene hero. 🚪✨
10876703,79.0,Fairy,Opvask,Maskinopvask-tabs,1,36,pk.,Netto,https://static.tilbudsugen.dk/1st-retail/2025/51/64202/Netto512025-1_27_2426x3606_4945x6842_zoom.jpg,2025-12-13,2025-12-19,https://res.cloudinary.com/dfqzmnlga/image/upload/v1765903333/2025-12-13/10876703.jpg,Machine-washing losses,"🧼 I'm the machine-washing losses — always ready to clean up your messes, but I'm still a bit messy myself. 🧼"
10876700,29.0,Godt Papir,Husholdningspapir,Køkkenrulle,1,8,pk.,Netto,https://static.tilbudsugen.dk/1st-retail/2025/51/64202/Netto512025-1_27_40x245_2479x3547_zoom.jpg,2025-12-13,2025-12-19,https://res.cloudinary.com/dfqzmnlga/image/upload/v1765903334/2025-12-13/10876700.jpg,Kitchen roll,Snaps clean images of messy kitchen chaos with a dash of chaos and a sprinkle of humor. 🌟
10876579,25.0,,Husholdningsartikler,Sugerør,1,6,pk.,Netto,https://static.tilbudsugen.dk/1st-retail/2025/51/64202/Netto512025-1_31_2521x193_4782x2422_zoom.jpg,2025-12-13,2025-12-19,https://res.cloudinary.com/dfqzmnlga/image/upload/v1765903335/2025-12-13/10876579.jpg,Suction tubes,✨ Suction tubes: the silent heroes of cleaning chaos! ✨
10876573,25.0,,Køkkenredskaber,Tyller,1,5,pk.,Netto,https://static.tilbudsugen.dk/1st-retail/2025/51/64202/Netto512025-1_30_92x31_4809x4620_zoom.jpg,2025-12-13,2025-12-19,https://res.cloudinary.com/dfqzmnlga/image/upload/v1765903335/2025-12-13/10876573.jpg,Tulles,Tulles: The ultimate snack that makes every day feel like a celebration 🍩
10876544,5.0,,Grønt,Løg,1,1,ps.,Netto,https://static.tilbudsugen.dk/1st-retail/2025/51/64202/Netto512025-1_10_2446x748_4921x2760_zoom.jpg,2025-12-13,2025-12-19,https://res.cloudinary.com/dfqzmnlga/image/upload/v1765903336/2025-12-13/10876544.jpg,Bulb vegetables,✨ Glow up with every bite! 🌟
10876552,5.0,,Grønt,Gulerødder,1,1,ps.,Netto,https://static.tilbudsugen.dk/1st-retail/2025/51/64202/Netto512025-1_10_47x1069_2535x2749_zoom.jpg,2025-12-13,2025-12-19,https://res.cloudinary.com/dfqzmnlga/image/upload/v1765903337/2025-12-13/10876552.jpg,Carrots,"Peel, chop, and shine—carrots are the star of the kitchen! 🍃"
10876434,10.0,Coca Cola Zero,Sodavand,Cola,1,1,fl.,Netto,https://static.tilbudsugen.dk/1st-retail/2025/51/64202/Netto512025-1_2_2321x3663_4903x6839_zoom.jpg,2025-12-13,2025-12-19,https://res.cloudinary.com/dfqzmnlga/image/upload/v1765903337/2025-12-13/10876434.jpg,Cola,"Sip, savor, and never forget the joy of a perfect cola—because life's too short for bad taste. 🎃"
10876435,10.0,Orange,Sodavand,Appelsinsodavand,1,1,fl.,Netto,https://static.tilbudsugen.dk/1st-retail/2025/51/64202/Netto512025-1_2_2321x3663_4903x6839_zoom.jpg,2025-12-13,2025-12-19,https://res.cloudinary.com/dfqzmnlga/image/upload/v1765903338/2025-12-13/10876435.jpg,Orange soda,"Citrusy refreshment, perfect for any mood ☕🍊"
10876433,10.0,Coca Cola,Sodavand,Cola,1,1,fl.,Netto,https://static.tilbudsugen.dk/1st-retail/2025/51/64202/Netto512025-1_2_2321x3663_4903x6839_zoom.jpg,2025-12-13,2025-12-19,https://res.cloudinary.com/dfqzmnlga/image/upload/v1765903339/2025-12-13/10876433.jpg,Cola,"Fizzing with fun, I'm the drink that never stops laughing— 🥤"
10876436,10.0,Exotic,Sodavand,Sodavand,1,1,fl.,Netto,https://static.tilbudsugen.dk/1st-retail/2025/51/64202/Netto512025-1_2_2321x3663_4903x6839_zoom.jpg,2025-12-13,2025-12-19,https://res.cloudinary.com/dfqzmnlga/image/upload/v1765903340/2025-12-13/10876436.jpg,Soda water,"Sip, savor, and smile—because life's too short for plain water! 🍹"
10876472,25.0,Premier,Multipak,Kæmpe Solbær ispinde,1,4,pk.,Netto,https://static.tilbudsugen.dk/1st-retail/2025/51/64202/Netto512025-1_13_140x3610_2504x6881_zoom.jpg,2025-12-13,2025-12-19,https://res.cloudinary.com/dfqzmnlga/image/upload/v1765903341/2025-12-13/10876472.jpg,Giant Blackcurrant Popsicles,"Savor the sweet, tangy explosion of summer with me—bite-sized bursts of blackcurrant joy! 🍓"
10876574,25.0,,Køkkenredskaber,Kageplade,1,4,pk.,Netto,https://static.tilbudsugen.dk/1st-retail/2025/51/64202/Netto512025-1_30_92x31_4809x4620_zoom.jpg,2025-12-13,2025-12-19,https://res.cloudinary.com/dfqzmnlga/image/upload/v1765903341/2025-12-13/10876574.jpg,Cake plate,🍰 Savor the sweetest moments with me—where every bite is a celebration. 🍰
10876577,30.0,,Stearinlys,Glaslys,1,4,pk.,Netto,https://static.tilbudsugen.dk/1st-retail/2025/51/64202/Netto512025-1_30_189x4609_2656x6784_zoom.jpg,2025-12-13,2025-12-19,https://res.cloudinary.com/dfqzmnlga/image/upload/v1765903342/2025-12-13/10876577.jpg,Glass lights,✨ Glowing up every night with a touch of magic ✨
10876550,10.0,,Grønt,Broccoli,1,1,stk.,Netto,https://static.tilbudsugen.dk/1st-retail/2025/51/64202/Netto512025-1_10_30x2743_2481x4767_zoom.jpg,2025-12-13,2025-12-19,https://res.cloudinary.com/dfqzmnlga/image/upload/v1765903342/2025-12-13/10876550.jpg,Broccoli,"Crispy and healthy, but always in the right amount—just like the perfect dose of nutrition. 🥬"
10876631,10.0,ØGO,Gryn,Grovvalsede Havregryn,1,1,pk.,Netto,https://static.tilbudsugen.dk/1st-retail/2025/51/64202/Netto512025-1_22_89x4678_1840x6880_zoom.jpg,2025-12-13,2025-12-19,https://res.cloudinary.com/dfqzmnlga/image/upload/v1765903343/2025-12-13/10876631.jpg,Gravel-rolled oatmeal,"Rolling in the sand, but sweet in the bowl 🌟"
10876632,10.0,ØGO,Gryn,Finvalsede Havregryn ,1,1,pk.,Netto,https://static.tilbudsugen.dk/1st-retail/2025/51/64202/Netto512025-1_22_89x4678_1840x6880_zoom.jpg,2025-12-13,2025-12-19,https://res.cloudinary.com/dfqzmnlga/image/upload/v1765903343/2025-12-13/10876632.jpg,Fine-rolled oatmeal,"✨ Crunchy, creamy, and perfectly perfect – the ultimate breakfast bomb! ✨"
10876624,11.0,ØGO,Juice,Æblejuice,1,1,krt.,Netto,https://static.tilbudsugen.dk/1st-retail/2025/51/64202/Netto512025-1_22_3366x2612_4885x4714_zoom.jpg,2025-12-13,2025-12-19,https://res.cloudinary.com/dfqzmnlga/image/upload/v1765903344/2025-12-13/10876624.jpg,Apple juice,"Tropical twist on a classic: ""Juice up your day with a splash of sunshine—because every sip is a flavor adventure!"" 🍎✨"
10876683,79.0,Faxe Kondi,Sodavand,Sportssodavand 20 pk.,20,0,fl.,Netto,https://static.tilbudsugen.dk/1st-retail/2025/51/64202/Netto512025-1_25_3281x4787_4925x6835_zoom.jpg,2025-12-13,2025-12-19,https://res.cloudinary.com/dfqzmnlga/image/upload/v1765903344/2025-12-13/10876683.jpg,Sports soda 20 pk.,"Sip, sweat, and shine—sports soda keeps you fueled! 🎉"
10876688,79.0,Pepsi Max,Sodavand,Cola 20 pk,20,0,fl.,Netto,https://static.tilbudsugen.dk/1st-retail/2025/51/64202/Netto512025-1_25_3281x4787_4925x6835_zoom.jpg,2025-12-13,2025-12-19,https://res.cloudinary.com/dfqzmnlga/image/upload/v1765903347/2025-12-13/10876688.jpg,Cola 20 pk,"Sip, savor, and never forget—Cola 20 pk is the ultimate refresh. 🍹"
10876689,79.0,Pilsner,Øl,Øl 20 pk.,20,0,ds.,Netto,https://static.tilbudsugen.dk/1st-retail/2025/51/64202/Netto512025-1_25_3281x4787_4925x6835_zoom.jpg,2025-12-13,2025-12-19,https://res.cloudinary.com/dfqzmnlga/image/upload/v1765903347/2025-12-13/10876689.jpg,Beer 20 pc.,"🍺 20 pc. of beer, ready to pour and party! 🍻"
10876690,79.0,Classic,Øl,Øl 20 pk.,20,0,ds.,Netto,https://static.tilbudsugen.dk/1st-retail/2025/51/64202/Netto512025-1_25_3281x4787_4925x6835_zoom.jpg,2025-12-13,2025-12-19,https://res.cloudinary.com/dfqzmnlga/image/upload/v1765903348/2025-12-13/10876690.jpg,Beer 20 pc.,"Sip, savor, and share—beer for the soul! 🍻"
10876429,9.0,Kohberg,Rugbrød i Skiver,Solsikkerugbrød,1,0,pk.,Netto,https://static.tilbudsugen.dk/1st-retail/2025/51/64202/Netto512025-1_1_2469x1977_4927x4167_zoom.jpg,2025-12-13,2025-12-19,https://res.cloudinary.com/dfqzmnlga/image/upload/v1765903349/2025-12-13/10876429.jpg,"Sunflower-seed oil and its fractions, whether or not refined, but not chemically modified","Golden-brown, earthy, and full of life—like a warm sunset on a plate. 🌅"
10876571,25.0,,Køkkenredskaber,Sprøjtepose,1,2,pk.,Netto,https://static.tilbudsugen.dk/1st-retail/2025/51/64202/Netto512025-1_30_92x31_4809x4620_zoom.jpg,2025-12-13,2025-12-19,https://res.cloudinary.com/dfqzmnlga/image/upload/v1765903349/2025-12-13/10876571.jpg,Syringe bag,✨Injecting life into your day with a little help from the syringe bag! ✨
10876616,50.0,,Autotilbehør,Automåtte,1,4,stk.,Netto,https://static.tilbudsugen.dk/1st-retail/2025/51/64202/Netto512025-1_35_216x3508_1700x5111_zoom.jpg,2025-12-13,2025-12-19,https://res.cloudinary.com/dfqzmnlga/image/upload/v1765903350/2025-12-13/10876616.jpg,Automat,✨Automat – the smart shop that never forgets your needs! 🛒
10876629,10.0,Bakersfield,Dybfrost Brød,Mini Baguettes,1,0,ps.,Netto,https://static.tilbudsugen.dk/1st-retail/2025/51/64202/Netto512025-1_22_36x2060_1929x4678_zoom.jpg,2025-12-13,2025-12-19,https://res.cloudinary.com/dfqzmnlga/image/upload/v1765903350/2025-12-13/10876629.jpg,Mini Baguettes,"Mini Baguettes: Crispy, fresh, and just the right size for a quick snack or a loaf of bread. 🍞"
10876687,89.0,1883,Øl,Øl 20 pk.,20,0,ds.,Netto,https://static.tilbudsugen.dk/1st-retail/2025/51/64202/Netto512025-1_25_1651x4800_3321x6881_zoom.jpg,2025-12-13,2025-12-19,https://res.cloudinary.com/dfqzmnlga/image/upload/v1765903350/2025-12-13/10876687.jpg,Beer 20 pc.,"""Raise your glass to fun, freedom, and the joy of a good beer—20 pcs. 🍻"""
10876682,89.0,Pilsner,Øl,Øl 20 pk.,20,0,ds.,Netto,https://static.tilbudsugen.dk/1st-retail/2025/51/64202/Netto512025-1_25_1651x4800_3321x6881_zoom.jpg,2025-12-13,2025-12-19,https://res.cloudinary.com/dfqzmnlga/image/upload/v1765903351/2025-12-13/10876682.jpg,Beer 20 pc.,"Sip, laugh, and let the beer speak—life's too short for boring drinks. 🍻"
10876470,10.0,Beauvais,Grønt-syltet,Rødkål-syltet,1,0,bg.,Netto,https://static.tilbudsugen.dk/1st-retail/2025/51/64202/Netto512025-1_4_2453x849_4872x3474_zoom.jpg,2025-12-13,2025-12-19,https://res.cloudinary.com/dfqzmnlga/image/upload/v1765903352/2025-12-13/10876470.jpg,Red cabbage pickled,"A fiery burst of flavor, ready to spark a conversation and a laugh. 🍅"
10876416,14.0,Yoggi,Syrnet morgenmad,Kirsebær Yoghurt ,1,1,stk.,Netto,https://static.tilbudsugen.dk/1st-retail/2025/51/64202/Netto512025-1_11_2580x3502_4917x6860_zoom.jpg,2025-12-13,2025-12-19,https://res.cloudinary.com/dfqzmnlga/image/upload/v1765903352/2025-12-13/10876416.jpg,Cherries Yogurt,"✨ Cherry-tastic joy, served in every bite! 🍒"
10876418,14.0,Yoggi,Syrnet morgenmad,Jordbær Yoghurt ,1,1,stk.,Netto,https://static.tilbudsugen.dk/1st-retail/2025/51/64202/Netto512025-1_11_2580x3502_4917x6860_zoom.jpg,2025-12-13,2025-12-19,https://res.cloudinary.com/dfqzmnlga/image/upload/v1765903353/2025-12-13/10876418.jpg,Strawberries Yogurt,Savor the sweetest mix of fresh strawberries and creamy yogurt—nature's perfect pair! 🍓🍓
10876492,14.0,Løgismose,Mælk,Sødmælk,1,1,krt.,Netto,https://static.tilbudsugen.dk/1st-retail/2025/51/64202/Netto512025-1_14_3276x2914_4863x4884_zoom.jpg,2025-12-13,2025-12-19,https://res.cloudinary.com/dfqzmnlga/image/upload/v1765903353/2025-12-13/10876492.jpg,Whole milk,"Smooth, creamy, and perfectly balanced — like a warm hug in a glass. 🧁"
10876417,14.0,Yoggi,Syrnet morgenmad,Pære & Banan Yoghurt ,1,1,stk.,Netto,https://static.tilbudsugen.dk/1st-retail/2025/51/64202/Netto512025-1_11_2580x3502_4917x6860_zoom.jpg,2025-12-13,2025-12-19,https://res.cloudinary.com/dfqzmnlga/image/upload/v1765903354/2025-12-13/10876417.jpg,Pear & Banan Yogurt,"Sour and sweet, perfect for a morning pick-me-up ☕✨"
10876430,9.0,Bagernes Bedste,Rugbrød i Skiver,Rugbrødsskiver,1,0,pk.,Netto,https://static.tilbudsugen.dk/1st-retail/2025/51/64202/Netto512025-1_1_2469x1977_4927x4167_zoom.jpg,2025-12-13,2025-12-19,https://res.cloudinary.com/dfqzmnlga/image/upload/v1765903354/2025-12-13/10876430.jpg,Rye bread slices,"Toast-worthy rebellion, served with a side of existential dread. 🍞"
10876628,10.0,Bakersfield,Dybfrost Brød,Møllehjul,1,0,ps.,Netto,https://static.tilbudsugen.dk/1st-retail/2025/51/64202/Netto512025-1_22_36x2060_1929x4678_zoom.jpg,2025-12-13,2025-12-19,https://res.cloudinary.com/dfqzmnlga/image/upload/v1765903356/2025-12-13/10876628.jpg,Mill wheels,✨ Wheeling wonders into the future with a twist!
10876630,10.0,Bakersfield,Dybfrost Brød,Møllehjul,1,0,ps.,Netto,https://static.tilbudsugen.dk/1st-retail/2025/51/64202/Netto512025-1_22_36x2060_1929x4678_zoom.jpg,2025-12-13,2025-12-19,https://res.cloudinary.com/dfqzmnlga/image/upload/v1765903357/2025-12-13/10876630.jpg,Mill wheels,"✨ Wheel of fortune, spinning with purpose! 🎲"
10876627,10.0,Bakersfield,Dybfrost Brød,Græskarkernestykker,1,0,ps.,Netto,https://static.tilbudsugen.dk/1st-retail/2025/51/64202/Netto512025-1_22_36x2060_1929x4678_zoom.jpg,2025-12-13,2025-12-19,https://res.cloudinary.com/dfqzmnlga/image/upload/v1765903357/2025-12-13/10876627.jpg,Sheets for pumpkins,✨ Pumpkin sheets that make every season feel like a celebration! 🌾
10876422,8.95,Velsmag,Grisekød,Flæskesteg,1,0,stk.,Netto,https://static.tilbudsugen.dk/1st-retail/2025/51/64202/Netto512025-1_1_6x4239_2469x6536_zoom.jpg,2025-12-13,2025-12-19,https://res.cloudinary.com/dfqzmnlga/image/upload/v1765903358/2025-12-13/10876422.jpg,Pork roast,"Sizzling with flavor, ready to ignite your taste buds! 🍖"
10876505,8.95,Velsmag,Grisekød,Flæskesteg,1,0,stk.,Netto,https://static.tilbudsugen.dk/1st-retail/2025/51/64202/Netto512025-1_7_0x71_4945x2386_zoom.jpg,2025-12-13,2025-12-19,https://res.cloudinary.com/dfqzmnlga/image/upload/v1765903358/2025-12-13/10876505.jpg,Pork roast,"Savoring the smoky flavor of life, 🍖"
10876541,18.0,,Frugt,Pomelo,1,1,stk.,Netto,https://static.tilbudsugen.dk/1st-retail/2025/51/64202/Netto512025-1_10_2434x2755_4998x4737_zoom.jpg,2025-12-13,2025-12-19,https://res.cloudinary.com/dfqzmnlga/image/upload/v1765903359/2025-12-13/10876541.jpg,Pomelo,"Pomegranate of the fruit, bursting with sweet, juicy energy 🍑"
10876546,18.0,ØGO,Frugt,Appelsiner,1,1,ps.,Netto,https://static.tilbudsugen.dk/1st-retail/2025/51/64202/Netto512025-1_19_1819x20_3659x2142_zoom.jpg,2025-12-13,2025-12-19,https://res.cloudinary.com/dfqzmnlga/image/upload/v1765903359/2025-12-13/10876546.jpg,Oranges,"Tangerine lover, always fresh and fiery, ready to spark a conversation. 🍊"
10876428,9.0,Kohberg,Boller & Morgenbrød,Yoghurtboller,1,0,ps.,Netto,https://static.tilbudsugen.dk/1st-retail/2025/51/64202/Netto512025-1_1_2469x1977_4927x4167_zoom.jpg,2025-12-13,2025-12-19,https://res.cloudinary.com/dfqzmnlga/image/upload/v1765903360/2025-12-13/10876428.jpg,Yogurt balls,"Sweeter than a smile, creamy and bold—yogurt balls are the perfect snack to satisfy any craving! 🍯"
10876701,39.0,Dun-let,Skyllemiddel,Skyllemiddel,1,2,stk.,Netto,https://static.tilbudsugen.dk/1st-retail/2025/51/64202/Netto512025-1_27_0x3547_2492x6855_zoom.jpg,2025-12-13,2025-12-19,https://res.cloudinary.com/dfqzmnlga/image/upload/v1765903361/2025-12-13/10876701.jpg,Sliding agent,"✨ Sliding agent makes things slide smoothly, even when they're sticky! ✨"
10876623,15.0,Bellafonde,Marmelade,Jordbærmarmelade,1,0,stk.,Netto,https://static.tilbudsugen.dk/1st-retail/2025/51/64202/Netto512025-1_22_1822x2844_3389x4654_zoom.jpg,2025-12-13,2025-12-19,https://res.cloudinary.com/dfqzmnlga/image/upload/v1765903361/2025-12-13/10876623.jpg,Strawberry marmalade,"Sweet, tangy, and perfectly poised to elevate any breakfast—✨"
10876548,20.0,ØGO,Frugt,Æbler,1,1,ps.,Netto,https://static.tilbudsugen.dk/1st-retail/2025/51/64202/Netto512025-1_10_42x4743_2463x6857_zoom.jpg,2025-12-13,2025-12-19,https://res.cloudinary.com/dfqzmnlga/image/upload/v1765903362/2025-12-13/10876548.jpg,Apples,"Red delicious, always ripe, and never shy to share a smile 🍎"
10876674,18.0,Ribena,Koncentreret Saft,Solbær Frugtsaft,1,0,fl.,Netto,https://static.tilbudsugen.dk/1st-retail/2025/51/64202/Netto512025-1_25_0x4613_1698x6863_zoom.jpg,2025-12-13,2025-12-19,https://res.cloudinary.com/dfqzmnlga/image/upload/v1765903362/2025-12-13/10876674.jpg,"Currants (red, black and white) Fruit juice","Red, black, and white currants — nature's sweetest blend, topped with a splash of juice. 🍓✨"
10876675,18.0,Ribena,Koncentreret Saft,Solbær Light Frugtsaft,1,0,fl.,Netto,https://static.tilbudsugen.dk/1st-retail/2025/51/64202/Netto512025-1_25_0x4613_1698x6863_zoom.jpg,2025-12-13,2025-12-19,https://res.cloudinary.com/dfqzmnlga/image/upload/v1765903363/2025-12-13/10876675.jpg,Blackcurrant Light Fruit juice,"✨ A tangy burst of blackcurrant joy, served in every sip. 🍹"
10876414,30.0,innocent,Juice,Æblejuice,1,1,fl.,Netto,https://static.tilbudsugen.dk/1st-retail/2025/51/64202/Netto512025-1_11_22x738_4922x3454_zoom.jpg,2025-12-13,2025-12-19,https://res.cloudinary.com/dfqzmnlga/image/upload/v1765903364/2025-12-13/10876414.jpg,Apple juice,"Tropical twist on a classic: ""Sip, savor, and smile—apple juice is the refreshment you never knew you needed."" 🍎✨"
10876561,30.0,innocent,Juice,Appelsinjuice med frugtkød,1,1,fl.,Netto,https://static.tilbudsugen.dk/1st-retail/2025/51/64202/Netto512025-1_11_22x738_4922x3454_zoom.jpg,2025-12-13,2025-12-19,https://res.cloudinary.com/dfqzmnlga/image/upload/v1765903365/2025-12-13/10876561.jpg,Fruit-flesh orange juice,"Sour and sweet, with a twist—refreshing, ripe, and ready to burst into a smile. 🍊"
10876562,30.0,innocent,Juice,Tropisk Juice,1,1,fl.,Netto,https://static.tilbudsugen.dk/1st-retail/2025/51/64202/Netto512025-1_11_22x738_4922x3454_zoom.jpg,2025-12-13,2025-12-19,https://res.cloudinary.com/dfqzmnlga/image/upload/v1765903366/2025-12-13/10876562.jpg,Tropical Juice,"Sip on the sweetest vibes with a twist—tropical juice, ready to refresh your day! 🍊"
10876560,30.0,innocent,Juice,Tropisk Juice,1,1,fl.,Netto,https://static.tilbudsugen.dk/1st-retail/2025/51/64202/Netto512025-1_11_22x738_4922x3454_zoom.jpg,2025-12-13,2025-12-19,https://res.cloudinary.com/dfqzmnlga/image/upload/v1765903367/2025-12-13/10876560.jpg,Tropical Juice,"Tropical Juice: Refreshing, vibrant, and ready to beat the heat 🍑"
10876566,12.0,Ama,Fedtstoffer,Margarine-fast,1,0,pk.,Netto,https://static.tilbudsugen.dk/1st-retail/2025/51/64202/Netto512025-1_11_54x3648_2569x6860_zoom.jpg,2025-12-13,2025-12-19,https://res.cloudinary.com/dfqzmnlga/image/upload/v1765903368/2025-12-13/10876566.jpg,Margarine solid,"Solid, smooth, and always ready to melt into your heart — 🌟"
10876568,12.0,Ama,Fedtstoffer,Margarine-flydende,1,0,fl.,Netto,https://static.tilbudsugen.dk/1st-retail/2025/51/64202/Netto512025-1_11_54x3648_2569x6860_zoom.jpg,2025-12-13,2025-12-19,https://res.cloudinary.com/dfqzmnlga/image/upload/v1765903369/2025-12-13/10876568.jpg,Margarine liquid,"Gooey and creamy, ready to melt into your heart — just add some love. 🍯"
10876432,10.0,Velsmag,Grisekød,Medister,1,0,bk.,Netto,https://static.tilbudsugen.dk/1st-retail/2025/51/64202/Netto512025-1_2_18x3788_2357x6833_zoom.jpg,2025-12-13,2025-12-19,https://res.cloudinary.com/dfqzmnlga/image/upload/v1765903370/2025-12-13/10876432.jpg,Medists,✨ Medists: The ones who turn mundane into magic with a sprinkle of whimsy and a dash of sparkle. ✨
10876502,10.0,Velsmag,Grisekød,Medister,1,0,bk.,Netto,https://static.tilbudsugen.dk/1st-retail/2025/51/64202/Netto512025-1_7_47x2980_2463x4826_zoom.jpg,2025-12-13,2025-12-19,https://res.cloudinary.com/dfqzmnlga/image/upload/v1765903381/2025-12-13/10876502.jpg,Medists,✨ Medist who turns mundane into magic with a sprinkle of whimsy and a dash of sparkle!
10876518,10.0,Salatmesteren,Mayonnaise,Mayonnaise,1,0,stk.,Netto,https://static.tilbudsugen.dk/1st-retail/2025/51/64202/Netto512025-1_9_3725x1439_4998x3023_zoom.jpg,2025-12-13,2025-12-19,https://res.cloudinary.com/dfqzmnlga/image/upload/v1765903413/2025-12-13/10876518.jpg,Mayonnaise,"Spread your flavor, but don't forget to dip your spoon in. 🍩"
10876536,39.0,Peka,Færdigretter Køl,Flødekartofler,1,1,ps.,Netto,https://static.tilbudsugen.dk/1st-retail/2025/51/64202/Netto512025-1_18_54x64_1700x2822_zoom.jpg,2025-12-13,2025-12-19,https://res.cloudinary.com/dfqzmnlga/image/upload/v1765903414/2025-12-13/10876536.jpg,Cream potatoes,Melt-in-your-mouth luxury with a side of creamy delight 🍲
10876454,15.0,Bådsmand,Sild,Sild,1,0,gl.,Netto,https://static.tilbudsugen.dk/1st-retail/2025/51/64202/Netto512025-1_3_2552x83_4951x3425_zoom.jpg,2025-12-13,2025-12-19,https://res.cloudinary.com/dfqzmnlga/image/upload/v1765903415/2025-12-13/10876454.jpg,Herring,"Sushi chef extraordinaire, ready to melt your heart with a delicious bite. 🍣"
10876467,8.0,Apple,Ciders,Apple Cider,1,0,fl.,Netto,https://static.tilbudsugen.dk/1st-retail/2025/51/64202/Netto512025-1_3_33x1087_2526x3454_zoom.jpg,2025-12-13,2025-12-19,https://res.cloudinary.com/dfqzmnlga/image/upload/v1765903416/2025-12-13/10876467.jpg,Apple Cider,"Sweet, smoky apple cider that brings warmth and flavor to any day — perfect for sharing, drinking, or just enjoying. 🍎 🍹"
10876465,8.0,Breezer,RTD,Vibrant Raspberry & Yuzu RTD,1,0,fl.,Netto,https://static.tilbudsugen.dk/1st-retail/2025/51/64202/Netto512025-1_3_33x1087_2526x3454_zoom.jpg,2025-12-13,2025-12-19,https://res.cloudinary.com/dfqzmnlga/image/upload/v1765903417/2025-12-13/10876465.jpg,Vibrant Raspberry & Yuzu RTD,"✨ Sparkling tang of raspberry and yuzu, bursting with life and energy! ✨"
10876464,8.0,Breezer,RTD,Sweet Pineapple RTD,1,0,fl.,Netto,https://static.tilbudsugen.dk/1st-retail/2025/51/64202/Netto512025-1_3_33x1087_2526x3454_zoom.jpg,2025-12-13,2025-12-19,https://res.cloudinary.com/dfqzmnlga/image/upload/v1765903419/2025-12-13/10876464.jpg,Sweet Pineapple RTD,"Sour and sweet, with a twist—perfect for a morning coffee. 🍑"
10876462,8.0,Breezer,RTD,Zesty Orange RTD,1,0,fl.,Netto,https://static.tilbudsugen.dk/1st-retail/2025/51/64202/Netto512025-1_3_33x1087_2526x3454_zoom.jpg,2025-12-13,2025-12-19,https://res.cloudinary.com/dfqzmnlga/image/upload/v1765903423/2025-12-13/10876462.jpg,Zesty Orange RTD,"Citrusy, zesty, and refreshingly bold — just like you. 🍊"
10876466,8.0,Breezer,RTD,Sweet Strawberry RTD,1,0,fl.,Netto,https://static.tilbudsugen.dk/1st-retail/2025/51/64202/Netto512025-1_3_33x1087_2526x3454_zoom.jpg,2025-12-13,2025-12-19,https://res.cloudinary.com/dfqzmnlga/image/upload/v1765903424/2025-12-13/10876466.jpg,Sweet Strawberry RTD,"Sip on sweet strawberry RTD, where flavor meets refreshment 🍓✨"
10876557,15.36,ØGO,Ris,Grødris,1,0,ps.,Netto,https://static.tilbudsugen.dk/1st-retail/2025/51/64202/Netto512025-1_20_3211x657_4901x4690_zoom.jpg,2025-12-13,2025-12-19,https://res.cloudinary.com/dfqzmnlga/image/upload/v1765903426/2025-12-13/10876557.jpg,Purslane,"✨ Eat the wild, eat the strange, eat the unexpected. 🌿"
10876523,12.0,Chestfords,Saucer,Brun Sauce,1,0,gl.,Netto,https://static.tilbudsugen.dk/1st-retail/2025/51/64202/Netto512025-1_9_2466x3282_3725x5025_zoom.jpg,2025-12-13,2025-12-19,https://res.cloudinary.com/dfqzmnlga/image/upload/v1765903426/2025-12-13/10876523.jpg,Brown Sauce,"Sauce up the fun with me—sweet, savory, and always ready to mingle! 🍵✨"
10876485,99.0,Bistronne,Fjerkræ,And,1,3,stk.,Netto,https://static.tilbudsugen.dk/1st-retail/2025/51/64202/Netto512025-1_5_3168x2062_4971x4992_zoom.jpg,2025-12-13,2025-12-19,https://res.cloudinary.com/dfqzmnlga/image/upload/v1765903427/2025-12-13/10876485.jpg,Duck,I'm a duck who loves to quack in the rain and enjoy a good snack. 🐦
10876528,10.0,Velsmag,Grisekød,Hakket grisekød 8-12%,1,0,bk.,Netto,https://static.tilbudsugen.dk/1st-retail/2025/51/64202/Netto512025-1_9_1147x3129_2526x5045_zoom.jpg,2025-12-13,2025-12-19,https://res.cloudinary.com/dfqzmnlga/image/upload/v1765903429/2025-12-13/10876528.jpg,Minced pig meat 8-12 per cent,"✨ Chopsocks of flavor, ready to mix and match!"
10876431,10.0,Velsmag,Grisekød,Hakket grisekød 8-12%,1,0,bk.,Netto,https://static.tilbudsugen.dk/1st-retail/2025/51/64202/Netto512025-1_2_18x3788_2357x6833_zoom.jpg,2025-12-13,2025-12-19,https://res.cloudinary.com/dfqzmnlga/image/upload/v1765903430/2025-12-13/10876431.jpg,Minced pig meat 8-12 per cent,✨ Chef's secret weapon: minced pig meat 8-12% – the perfect blend of flavor and flexibility. 🥩
10876503,10.0,Velsmag,Grisekød,Hakket grisekød 8-12%,1,0,bk.,Netto,https://static.tilbudsugen.dk/1st-retail/2025/51/64202/Netto512025-1_7_47x2980_2463x4826_zoom.jpg,2025-12-13,2025-12-19,https://res.cloudinary.com/dfqzmnlga/image/upload/v1765903434/2025-12-13/10876503.jpg,Minced pig meat 8-12 per cent,"✨ Flaky, flavorful, and perfectly crispy — just like a good snack! ✨"
10876549,17.0,Julius,Specialøl,Specialøl,1,0,fl.,Netto,https://static.tilbudsugen.dk/1st-retail/2025/51/64202/Netto512025-1_19_3670x80_4933x2104_zoom.jpg,2025-12-13,2025-12-19,https://res.cloudinary.com/dfqzmnlga/image/upload/v1765903446/2025-12-13/10876549.jpg,Special beer,"🔥 Brewed for the bold, poured for the brave—special beer, ready to turn every day into a celebration. 🍻"
10876473,24.0,Steff Houlberg,Færdigretter Køl,Risengrød,1,0,pk.,Netto,https://static.tilbudsugen.dk/1st-retail/2025/51/64202/Netto512025-1_13_2510x3562_4901x6941_zoom.jpg,2025-12-13,2025-12-19,https://res.cloudinary.com/dfqzmnlga/image/upload/v1765903447/2025-12-13/10876473.jpg,Rice grain,"✨ Rice grain, the quiet powerhouse of flavor, always brings a smile to anyone who tastes it. ✨"
10876621,5.51,Karolines,Øvrige mejeriprodukter,Risalamande med kirsebærsauce,1,0,bg.,Netto,https://static.tilbudsugen.dk/1st-retail/2025/51/64202/Netto512025-1_21_12x712_2226x4102_zoom.jpg,2025-12-13,2025-12-19,https://res.cloudinary.com/dfqzmnlga/image/upload/v1765903447/2025-12-13/10876621.jpg,Risalamande with cherry sauce,"Cherry-laden delight, sweet and bold, with a twist of tangy joy 🍒✨"
10876559,27.79,ØGO,Is,Vanilje is,1,0,bg.,Netto,https://static.tilbudsugen.dk/1st-retail/2025/51/64202/Netto512025-1_20_2310x4647_4933x6919_zoom.jpg,2025-12-13,2025-12-19,https://res.cloudinary.com/dfqzmnlga/image/upload/v1765903448/2025-12-13/10876559.jpg,Vanilla ice,"Savor the sweet, creamy, and slightly tangy joy of vanilla ice — the perfect bite that melts in your mouth. 🍯"
10876421,7.5,Kærgården,Fedtstoffer,Smørbar Let,1,0,bg.,Netto,https://static.tilbudsugen.dk/1st-retail/2025/51/64202/Netto512025-1_1_59x2375_2374x4191_zoom.jpg,2025-12-13,2025-12-19,https://res.cloudinary.com/dfqzmnlga/image/upload/v1765903448/2025-12-13/10876421.jpg,Spreadable Light,"✨ Spreadable Light that melts into your heart, perfect for any moment. ✨"
10876420,7.5,Kærgården,Fedtstoffer,Smørbar,1,0,bg.,Netto,https://static.tilbudsugen.dk/1st-retail/2025/51/64202/Netto512025-1_1_59x2375_2374x4191_zoom.jpg,2025-12-13,2025-12-19,https://res.cloudinary.com/dfqzmnlga/image/upload/v1765903449/2025-12-13/10876420.jpg,Butterable,"Soft, creamy, and perfect for any moment—just wait for the butter to melt. 🧀"
10876437,15.0,Navito,Fisk,Fiskefileter,1,0,pk.,Netto,https://static.tilbudsugen.dk/1st-retail/2025/51/64202/Netto512025-1_2_2386x344_4939x3698_zoom.jpg,2025-12-13,2025-12-19,https://res.cloudinary.com/dfqzmnlga/image/upload/v1765903449/2025-12-13/10876437.jpg,Fish fillets,"Sizzling with flavor, ready to conquer your taste buds! 🍣"
10876705,39.0,Eco Care,Vaskemiddel,Vaskemiddel-flydende,1,1,fl.,Netto,https://static.tilbudsugen.dk/1st-retail/2025/51/64202/Netto512025-1_27_0x3547_2492x6855_zoom.jpg,2025-12-13,2025-12-19,https://res.cloudinary.com/dfqzmnlga/image/upload/v1765903450/2025-12-13/10876705.jpg,Laundry liquid,"Wash your clothes, but not your heart — just a little bit of laundry liquid. 🧼"
10876459,89.0,,Italienske vine,Italiensk Hvidvin,1,2,krt.,Netto,https://static.tilbudsugen.dk/1st-retail/2025/51/64202/Netto512025-1_3_53x3491_2499x6827_zoom.jpg,2025-12-13,2025-12-19,https://res.cloudinary.com/dfqzmnlga/image/upload/v1765903450/2025-12-13/10876459.jpg,Italian White wine,"Sip on the good stuff, and let the wine do the talking. 🍷"
10876456,89.0,,Italienske vine,Italiensk Rosévin,1,2,krt.,Netto,https://static.tilbudsugen.dk/1st-retail/2025/51/64202/Netto512025-1_3_53x3491_2499x6827_zoom.jpg,2025-12-13,2025-12-19,https://res.cloudinary.com/dfqzmnlga/image/upload/v1765903451/2025-12-13/10876456.jpg,Italian Rosé wine,"Roses are red, but my wine is bold—pair it with a good story. 🍷"
10876458,89.0,,Italienske vine,Italiensk Rødvin,1,2,krt.,Netto,https://static.tilbudsugen.dk/1st-retail/2025/51/64202/Netto512025-1_3_53x3491_2499x6827_zoom.jpg,2025-12-13,2025-12-19,https://res.cloudinary.com/dfqzmnlga/image/upload/v1765903452/2025-12-13/10876458.jpg,Italian Red Wine,"Sip, savor, and let the taste tell your story — 🍷"
10876619,5.99,Egelykke,Postej og Paté,Paté,1,0,pk.,Netto,https://static.tilbudsugen.dk/1st-retail/2025/51/64202/Netto512025-1_21_2861x4221_4998x6869_zoom.jpg,2025-12-13,2025-12-19,https://res.cloudinary.com/dfqzmnlga/image/upload/v1765903452/2025-12-13/10876619.jpg,Paté,"Savory, smoky, and perfectly balanced — like a good snack that never gets tired. 🍞"
10876423,16.0,Julepostej,Postej og Paté,Leverpostej,1,0,pk.,Netto,https://static.tilbudsugen.dk/1st-retail/2025/51/64202/Netto512025-1_1_2469x4227_4850x6489_zoom.jpg,2025-12-13,2025-12-19,https://res.cloudinary.com/dfqzmnlga/image/upload/v1765903453/2025-12-13/10876423.jpg,Liver pie,"Craving a little chaos? I'm liver pie—flaky, flavorful, and ready to turn your day into a feast. 🍽️"
10876424,16.0,Grovhakket,Postej og Paté,Leverpostej,1,0,pk.,Netto,https://static.tilbudsugen.dk/1st-retail/2025/51/64202/Netto512025-1_1_2469x4227_4850x6489_zoom.jpg,2025-12-13,2025-12-19,https://res.cloudinary.com/dfqzmnlga/image/upload/v1765903453/2025-12-13/10876424.jpg,Liver pie,"Craving a savory twist on tradition? I'm liver pie—bold, briny, and ready to satisfy your taste buds! 🍽️"
10876425,16.0,Fransk Postej,Postej og Paté,Leverpostej,1,0,pk.,Netto,https://static.tilbudsugen.dk/1st-retail/2025/51/64202/Netto512025-1_1_2469x4227_4850x6489_zoom.jpg,2025-12-13,2025-12-19,https://res.cloudinary.com/dfqzmnlga/image/upload/v1765903454/2025-12-13/10876425.jpg,Liver pie,"Craving a savory, spicy treat that brings a smile and a little bit of rebellion—liver pie 🍲✨"
10876565,30.0,Antioxidant,Juice,Smoothie,1,0,fl.,Netto,https://static.tilbudsugen.dk/1st-retail/2025/51/64202/Netto512025-1_11_22x738_4922x3454_zoom.jpg,2025-12-13,2025-12-19,https://res.cloudinary.com/dfqzmnlga/image/upload/v1765903454/2025-12-13/10876565.jpg,Smoothie,"Sip, swirl, and conquer — my smoothie is the ultimate energy boost! 🌟"
10876476,10.0,Graasten,Pålægssalat,Italiensk salat,1,0,bg.,Netto,https://static.tilbudsugen.dk/1st-retail/2025/51/64202/Netto512025-1_4_2459x3481_4945x6862_zoom.jpg,2025-12-13,2025-12-19,https://res.cloudinary.com/dfqzmnlga/image/upload/v1765903455/2025-12-13/10876476.jpg,Italian salad,"Savoring a feast of flavors, one salad at a time 🍴"
10876477,10.0,Graasten,Pålægssalat,Karrysalat,1,0,bg.,Netto,https://static.tilbudsugen.dk/1st-retail/2025/51/64202/Netto512025-1_4_2459x3481_4945x6862_zoom.jpg,2025-12-13,2025-12-19,https://res.cloudinary.com/dfqzmnlga/image/upload/v1765903456/2025-12-13/10876477.jpg,Curry salad,"Spicy, zesty, and full of flavor—curry salad is the ultimate flavor bomb! 🍲"
10876564,30.0,Energise,Juice,Smoothie,1,0,fl.,Netto,https://static.tilbudsugen.dk/1st-retail/2025/51/64202/Netto512025-1_11_22x738_4922x3454_zoom.jpg,2025-12-13,2025-12-19,https://res.cloudinary.com/dfqzmnlga/image/upload/v1765903457/2025-12-13/10876564.jpg,Smoothie,"Sip, spin, and savour—my smoothie is your daily dose of flavor! 🍋"
10876625,18.0,Løgismose,Syrnet morgenmad,Jordbær & Rabarber Skyr ,1,0,bg.,Netto,https://static.tilbudsugen.dk/1st-retail/2025/51/64202/Netto512025-1_22_1828x4666_3312x6857_zoom.jpg,2025-12-13,2025-12-19,https://res.cloudinary.com/dfqzmnlga/image/upload/v1765903458/2025-12-13/10876625.jpg,Strawberries & Rhubarb Skyr,"Savor the sweet, tangy, and creamy joy of strawberries and rhubarb in a skyrocket of flavor 🌟"
10876626,18.0,Løgismose,Syrnet morgenmad,Pære & Banan Skyr ,1,0,bg.,Netto,https://static.tilbudsugen.dk/1st-retail/2025/51/64202/Netto512025-1_22_1828x4666_3312x6857_zoom.jpg,2025-12-13,2025-12-19,https://res.cloudinary.com/dfqzmnlga/image/upload/v1765903459/2025-12-13/10876626.jpg,Pear & Banana Skyr,"Peachy and creamy, perfect for a quick snack or breakfast—nature's sweet twist! 🍐🍌"
10876539,13.0,K-salat,Saucer,Bearnaisesauce,1,0,bg.,Netto,https://static.tilbudsugen.dk/1st-retail/2025/51/64202/Netto512025-1_18_11x2817_2537x4868_zoom.jpg,2025-12-13,2025-12-19,https://res.cloudinary.com/dfqzmnlga/image/upload/v1765903459/2025-12-13/10876539.jpg,Bearnaise sauce,"✨ A daring blend of bold flavors and bold confidence, perfect for any unforgettable moment. ✨"
10876522,12.0,Harvest Best,Grønt,Asparges,1,0,ds.,Netto,https://static.tilbudsugen.dk/1st-retail/2025/51/64202/Netto512025-1_9_3659x5078_4998x6888_zoom.jpg,2025-12-13,2025-12-19,https://res.cloudinary.com/dfqzmnlga/image/upload/v1765903460/2025-12-13/10876522.jpg,Beans (without pods),"Soy bean without pods, ready to sprout into a wild, wild party. 🌱✨"
10876427,16.0,Stryhns,Pålægspølser,Røget Medister,1,0,pk.,Netto,https://static.tilbudsugen.dk/1st-retail/2025/51/64202/Netto512025-1_1_2469x4227_4850x6489_zoom.jpg,2025-12-13,2025-12-19,https://res.cloudinary.com/dfqzmnlga/image/upload/v1765903461/2025-12-13/10876427.jpg,Smoked Medists,"🔥 Smoked Medists: Where flavor meets fire, and every bite tells a story. 🌟"
10876520,25.0,Løgismose,Grønt-syltet,Drueagurker,1,0,gl.,Netto,https://static.tilbudsugen.dk/1st-retail/2025/51/64202/Netto512025-1_16_3201x4868_4912x6860_zoom.jpg,2025-12-13,2025-12-19,https://res.cloudinary.com/dfqzmnlga/image/upload/v1765903462/2025-12-13/10876520.jpg,Gherkins,"Pickles, but with a twist—flavored, fidgety, and always ready to spark a conversation. 🍋"
10876488,24.0,Steff Houlberg,Øvrige mejeriprodukter,Risalamande,1,0,stk.,Netto,https://static.tilbudsugen.dk/1st-retail/2025/51/64202/Netto512025-1_13_2510x3562_4901x6941_zoom.jpg,2025-12-13,2025-12-19,https://res.cloudinary.com/dfqzmnlga/image/upload/v1765903463/2025-12-13/10876488.jpg,Risalamande,"✨ A flavor that dances between sweet and spicy, with a hint of surprise—Risalamande! ✨"
10876415,12.0,Ama,Fedtstoffer,Smørbar,1,0,bg.,Netto,https://static.tilbudsugen.dk/1st-retail/2025/51/64202/Netto512025-1_11_54x3648_2569x6860_zoom.jpg,2025-12-13,2025-12-19,https://res.cloudinary.com/dfqzmnlga/image/upload/v1765903470/2025-12-13/10876415.jpg,Butterable,"Smoother than a buttered toast, with a little extra flair. 🥪"
10876513,65.0,Velsmag,Kylling,Kylling,1,1,pk.,Netto,https://static.tilbudsugen.dk/1st-retail/2025/51/64202/Netto512025-1_8_2814x2446_4909x4975_zoom.jpg,2025-12-13,2025-12-19,https://res.cloudinary.com/dfqzmnlga/image/upload/v1765903488/2025-12-13/10876513.jpg,Chicken,"Sizzling with flavor, ready to conquer any dish! 🍗"
10876532,29.0,Rahbek,Fisk og skaldyr Frost ,Fiskefileter,1,0,pk.,Netto,https://static.tilbudsugen.dk/1st-retail/2025/51/64202/Netto512025-1_9_1193x1213_2466x3123_zoom.jpg,2025-12-13,2025-12-19,https://res.cloudinary.com/dfqzmnlga/image/upload/v1765903489/2025-12-13/10876532.jpg,Fish fillets,"Sizzling with flavor, ready to conquer your taste buds! 🍣"
10876509,24.95,Velsmag,Grisekød,Ribbensteg,1,0,bk.,Netto,https://static.tilbudsugen.dk/1st-retail/2025/51/64202/Netto512025-1_8_42x3117_2683x4832_zoom.jpg,2025-12-13,2025-12-19,https://res.cloudinary.com/dfqzmnlga/image/upload/v1765903490/2025-12-13/10876509.jpg,Robin roast,Robin roast 🍲✨
10876469,5.0,Brunchy,Bacon,Baconskiver,1,0,pk.,Netto,https://static.tilbudsugen.dk/1st-retail/2025/51/64202/Netto512025-1_4_66x1525_2472x3481_zoom.jpg,2025-12-13,2025-12-19,https://res.cloudinary.com/dfqzmnlga/image/upload/v1765903491/2025-12-13/10876469.jpg,Bacon washers,"Bacon washers: Clean your life with a sprinkle of crispy, smoky perfection. 🍬✨"
10876500,40.0,Rose,Kylling,Hakket kylling 7-10%,1,0,bk.,Netto,https://static.tilbudsugen.dk/1st-retail/2025/51/64202/Netto512025-1_7_2457x3004_4980x4862_zoom.jpg,2025-12-13,2025-12-19,https://res.cloudinary.com/dfqzmnlga/image/upload/v1765903491/2025-12-13/10876500.jpg,Chicked chicken 7-10%,✨ Chickened chicken 7-10% ✨
10876607,25.0,Basta,Klargøring & bilpleje,Tekstilrens,1,0,fl.,Netto,https://static.tilbudsugen.dk/1st-retail/2025/51/64202/Netto512025-1_34_3249x4657_4788x6849_zoom.jpg,2025-12-13,2025-12-19,https://res.cloudinary.com/dfqzmnlga/image/upload/v1765903492/2025-12-13/10876607.jpg,Textile cleaning,"✨ Clean your space, but not just any space—transform it with a touch of style and shine! ✨"
10876604,25.0,Basta,"Olie, sprinklervæske m.m.",Isfjerner,1,0,fl.,Netto,https://static.tilbudsugen.dk/1st-retail/2025/51/64202/Netto512025-1_34_3249x4657_4788x6849_zoom.jpg,2025-12-13,2025-12-19,https://res.cloudinary.com/dfqzmnlga/image/upload/v1765903492/2025-12-13/10876604.jpg,Ice remover,"I'm here to melt your ice, no matter how stubborn—just a little sparkle and a dash of cheer. 🎉"
10876547,35.0,Green Dates,Tørret Frugt,Dadler,1,0,bg.,Netto,https://static.tilbudsugen.dk/1st-retail/2025/51/64202/Netto512025-1_10_2446x4737_4998x6857_zoom.jpg,2025-12-13,2025-12-19,https://res.cloudinary.com/dfqzmnlga/image/upload/v1765903493/2025-12-13/10876547.jpg,Dates,"Sweet, juicy, and full of sweetness—dates are the perfect snack to satisfy any craving! 🍒"
10876468,25.0,Daim,Is,Daim is,1,0,bg.,Netto,https://static.tilbudsugen.dk/1st-retail/2025/51/64202/Netto512025-1_13_140x3610_2504x6881_zoom.jpg,2025-12-13,2025-12-19,https://res.cloudinary.com/dfqzmnlga/image/upload/v1765903494/2025-12-13/10876468.jpg,Daim is,"Daim is the ultimate multitasker, always ready to conquer the day with a smile and a mission. 😎"
10876461,14.0,Harvest Best,Frugt og bær,Blåbær,1,0,ps.,Netto,https://static.tilbudsugen.dk/1st-retail/2025/51/64202/Netto512025-1_13_81x123_2488x3626_zoom.jpg,2025-12-13,2025-12-19,https://res.cloudinary.com/dfqzmnlga/image/upload/v1765903494/2025-12-13/10876461.jpg,Blueberries,"✨ Blueberries: the sweet, juicy spark that makes every day brighter! 🍓"
10876460,14.0,Harvest Best,Frugt og bær,Hindbær,1,0,ps.,Netto,https://static.tilbudsugen.dk/1st-retail/2025/51/64202/Netto512025-1_13_81x123_2488x3626_zoom.jpg,2025-12-13,2025-12-19,https://res.cloudinary.com/dfqzmnlga/image/upload/v1765903495/2025-12-13/10876460.jpg,Raspberries,"Pink-pink and juicy, I'm the perfect confetti in your basket—fresh, bold, and always in season. 🍓"
10876457,14.0,Harvest Best,Frugt og bær,Mango i tern,1,0,ps.,Netto,https://static.tilbudsugen.dk/1st-retail/2025/51/64202/Netto512025-1_13_81x123_2488x3626_zoom.jpg,2025-12-13,2025-12-19,https://res.cloudinary.com/dfqzmnlga/image/upload/v1765903495/2025-12-13/10876457.jpg,Mango in cube,"Mango in cube: Sweet, juicy, and ready to burst — just like your favorite snack. 🍌_CUBE"
10876426,16.0,Bacon Peber,Postej og Paté,Leverpostej,1,0,pk.,Netto,https://static.tilbudsugen.dk/1st-retail/2025/51/64202/Netto512025-1_1_2469x4227_4850x6489_zoom.jpg,2025-12-13,2025-12-19,https://res.cloudinary.com/dfqzmnlga/image/upload/v1765903496/2025-12-13/10876426.jpg,Liver pie,"Craving a little chaos? I'm liver pie—crispy, creamy, and ready to spark a conversation. 🍴"
10876567,12.0,Ama,Fedtstoffer,Margarine-fast Bage,1,0,pk.,Netto,https://static.tilbudsugen.dk/1st-retail/2025/51/64202/Netto512025-1_11_54x3648_2569x6860_zoom.jpg,2025-12-13,2025-12-19,https://res.cloudinary.com/dfqzmnlga/image/upload/v1765903497/2025-12-13/10876567.jpg,Margarine-fast Bake,"Savory, creamy, and always ready to bake—no butter needed! 🍪"
10876489,12.0,Løgismose,Madlavning friskvarer,Fraiche 9%,1,0,bg.,Netto,https://static.tilbudsugen.dk/1st-retail/2025/51/64202/Netto512025-1_14_3012x47_4879x1710_zoom.jpg,2025-12-13,2025-12-19,https://res.cloudinary.com/dfqzmnlga/image/upload/v1765903498/2025-12-13/10876489.jpg,Fraiche 9%,"Sip with a smile, because Fraiche 9% is the perfect pour for any occasion. 🍸"
10876490,12.0,Løgismose,Madlavning friskvarer,Creme Fraiche 18%,1,0,bg.,Netto,https://static.tilbudsugen.dk/1st-retail/2025/51/64202/Netto512025-1_14_3012x47_4879x1710_zoom.jpg,2025-12-13,2025-12-19,https://res.cloudinary.com/dfqzmnlga/image/upload/v1765903498/2025-12-13/10876490.jpg,Cream Fraiche 18%,"Milk with a twist—fresh, creamy, and ready to blend into anything. 🥛"
10876677,45.0,,Mousserende,Spansk Mousserende Vin,1,0,fl.,Netto,https://static.tilbudsugen.dk/1st-retail/2025/51/64202/Netto512025-1_25_1644x2879_4838x4791_zoom.jpg,2025-12-13,2025-12-19,https://res.cloudinary.com/dfqzmnlga/image/upload/v1765903499/2025-12-13/10876677.jpg,Spanish Sparkling Wine,"✨ Sip the spark of Spain, where every glass is a celebration of flavor. ✨"
10876678,45.0,,Spanske vine,Spansk Rosevin,1,0,fl.,Netto,https://static.tilbudsugen.dk/1st-retail/2025/51/64202/Netto512025-1_25_1644x2879_4838x4791_zoom.jpg,2025-12-13,2025-12-19,https://res.cloudinary.com/dfqzmnlga/image/upload/v1765903500/2025-12-13/10876678.jpg,Spanish Rosevin,A floral explosion that turns every moment into a celebration 🌸
10876453,15.0,Bådsmand,Sild,Sild,1,0,bg.,Netto,https://static.tilbudsugen.dk/1st-retail/2025/51/64202/Netto512025-1_3_2552x83_4951x3425_zoom.jpg,2025-12-13,2025-12-19,https://res.cloudinary.com/dfqzmnlga/image/upload/v1765903500/2025-12-13/10876453.jpg,Herring,"Sashimi master, sushi enthusiast, and ocean's gentle whisper—ready to pair with the perfect meal. 🍣"
10876563,30.0,innocent,Juice,Ingefærshot,1,0,fl.,Netto,https://static.tilbudsugen.dk/1st-retail/2025/51/64202/Netto512025-1_11_22x738_4922x3454_zoom.jpg,2025-12-13,2025-12-19,https://res.cloudinary.com/dfqzmnlga/image/upload/v1765903501/2025-12-13/10876563.jpg,Gingerhot,🔥 Gingerhot: The spice that makes every day a little more fiery and unforgettable! 🌟
10876679,45.0,,Spanske vine,Spansk Hvidvin,1,0,fl.,Netto,https://static.tilbudsugen.dk/1st-retail/2025/51/64202/Netto512025-1_25_1644x2879_4838x4791_zoom.jpg,2025-12-13,2025-12-19,https://res.cloudinary.com/dfqzmnlga/image/upload/v1765903501/2025-12-13/10876679.jpg,Spanish White wine,"Sip the perfect blend of tradition and taste, 🍷"
10876676,45.0,,Spanske vine,Spansk Rødvin,1,0,fl.,Netto,https://static.tilbudsugen.dk/1st-retail/2025/51/64202/Netto512025-1_25_1644x2879_4838x4791_zoom.jpg,2025-12-13,2025-12-19,https://res.cloudinary.com/dfqzmnlga/image/upload/v1765903502/2025-12-13/10876676.jpg,Spanish Red Wine,Sip the flavor of adventure with every glass — 🍷
10876685,45.0,,Tyske vine,Tysk Hvidvin,1,0,fl.,Netto,https://static.tilbudsugen.dk/1st-retail/2025/51/64202/Netto512025-1_25_20x2864_1664x4793_zoom.jpg,2025-12-13,2025-12-19,https://res.cloudinary.com/dfqzmnlga/image/upload/v1765903504/2025-12-13/10876685.jpg,German White wine,"Sip, savor, and let the wine do the talking — 🍷"
10876686,45.0,,Australske vine,Australsk Hvidvin,1,0,fl.,Netto,https://static.tilbudsugen.dk/1st-retail/2025/51/64202/Netto512025-1_25_20x2864_1664x4793_zoom.jpg,2025-12-13,2025-12-19,https://res.cloudinary.com/dfqzmnlga/image/upload/v1765903504/2025-12-13/10876686.jpg,Australian White wine,"Sip on the perfect blend of earth and sun — a glass of Australian White wine, just like you. 🍷"
10876694,15.0,Gliss,Shampoo,Shampoo,1,0,stk.,Netto,https://static.tilbudsugen.dk/1st-retail/2025/51/64202/Netto512025-1_26_13x2824_2526x4919_zoom.jpg,2025-12-13,2025-12-19,https://res.cloudinary.com/dfqzmnlga/image/upload/v1765903505/2025-12-13/10876694.jpg,Shampoo,"✨ Shine bright, wash away stress, and keep your vibes high—because you're the star of the shower! ✨"
10876639,39.0,Tresor,Morgenmadsprodukter,Morgenmadsprodukt,1,0,pk.,Netto,https://static.tilbudsugen.dk/1st-retail/2025/51/64202/Netto512025-1_23_2419x749_4859x4647_zoom.jpg,2025-12-13,2025-12-19,https://res.cloudinary.com/dfqzmnlga/image/upload/v1765903505/2025-12-13/10876639.jpg,Breakfast product,"Elevate your morning with a twist — a breakfast that tastes like a dream, served with a side of fun. 🥞✨"
10876638,39.0,Smacks,Morgenmadsprodukter,Morgenmadsprodukt,1,0,pk.,Netto,https://static.tilbudsugen.dk/1st-retail/2025/51/64202/Netto512025-1_23_2419x749_4859x4647_zoom.jpg,2025-12-13,2025-12-19,https://res.cloudinary.com/dfqzmnlga/image/upload/v1765903506/2025-12-13/10876638.jpg,Breakfast product,Egg-shaped energy boost for your morning routine 🥚
10876641,39.0,Kelloggs,Cornflakes,Cornflakes,1,0,pk.,Netto,https://static.tilbudsugen.dk/1st-retail/2025/51/64202/Netto512025-1_23_2419x749_4859x4647_zoom.jpg,2025-12-13,2025-12-19,https://res.cloudinary.com/dfqzmnlga/image/upload/v1765903506/2025-12-13/10876641.jpg,Cornflakes,Cornflakes: The golden spark that makes every morning just a little more delicious. 🍞
10876640,39.0,Frosties,Cornflakes,Cornflakes,1,0,pk.,Netto,https://static.tilbudsugen.dk/1st-retail/2025/51/64202/Netto512025-1_23_2419x749_4859x4647_zoom.jpg,2025-12-13,2025-12-19,https://res.cloudinary.com/dfqzmnlga/image/upload/v1765903507/2025-12-13/10876640.jpg,Cornflakes,"Cornflakes: The sweet, crunchy, and slightly messy hero of breakfast chaos. 🍞"
10876642,39.0,Special K,Morgenmadsprodukter,Morgenmadsprodukt,1,0,pk.,Netto,https://static.tilbudsugen.dk/1st-retail/2025/51/64202/Netto512025-1_23_2419x749_4859x4647_zoom.jpg,2025-12-13,2025-12-19,https://res.cloudinary.com/dfqzmnlga/image/upload/v1765903507/2025-12-13/10876642.jpg,Breakfast product,"Wake up, eat well, and never miss a breakfast moment 🥤"
10876637,39.0,Choco Krispies,Morgenmadsprodukter,Morgenmadsprodukt,1,0,pk.,Netto,https://static.tilbudsugen.dk/1st-retail/2025/51/64202/Netto512025-1_23_2419x749_4859x4647_zoom.jpg,2025-12-13,2025-12-19,https://res.cloudinary.com/dfqzmnlga/image/upload/v1765903508/2025-12-13/10876637.jpg,Breakfast product,"✨ Wake up, eat well, and never miss a morning boost! ✨"
10876445,13.0,Creamy White,Specialost,Skimmelost,1,0,pk.,Netto,https://static.tilbudsugen.dk/1st-retail/2025/51/64202/Netto512025-1_2_20x298_2386x3739_zoom.jpg,2025-12-13,2025-12-19,https://res.cloudinary.com/dfqzmnlga/image/upload/v1765903508/2025-12-13/10876445.jpg,Skimming Lost,"Skimming Lost — catching what others miss, one glance at a time. 🎯"
10876636,13.0,Mamone,Nødder & Kerner,Mandler,1,0,ps.,Netto,https://static.tilbudsugen.dk/1st-retail/2025/51/64202/Netto512025-1_23_27x789_2426x4647_zoom.jpg,2025-12-13,2025-12-19,https://res.cloudinary.com/dfqzmnlga/image/upload/v1765903509/2025-12-13/10876636.jpg,almonds,"✨ Crunchy, creamy, and perfect for any snack—almonds are the ultimate snack that makes every bite count! ✨"
10876524,49.0,,Italienske vine,Italiensk Rødvin,1,0,fl.,Netto,https://static.tilbudsugen.dk/1st-retail/2025/51/64202/Netto512025-1_17_1743x2698_3249x4916_zoom.jpg,2025-12-13,2025-12-19,https://res.cloudinary.com/dfqzmnlga/image/upload/v1765903509/2025-12-13/10876524.jpg,Italian Red Wine,"Sip, savor, and let the taste tell your story—🍷✨"
10876556,13.26,Hanegal,Vegetarpålæg,Plantepostej,1,0,pk.,Netto,https://static.tilbudsugen.dk/1st-retail/2025/51/64202/Netto512025-1_20_0x674_3039x3508_zoom.jpg,2025-12-13,2025-12-19,https://res.cloudinary.com/dfqzmnlga/image/upload/v1765903510/2025-12-13/10876556.jpg,Plant pie,"Plant pie: Sip, savor, and sprout your way through life with a sprinkle of joy. 🌱✨"
10876452,20.0,LU TUC,Kiks,LU Tuc Original Kiks,1,0,pk.,Netto,https://static.tilbudsugen.dk/1st-retail/2025/51/64202/Netto512025-1_12_2844x4134_4879x6865_zoom.jpg,2025-12-13,2025-12-19,https://res.cloudinary.com/dfqzmnlga/image/upload/v1765903511/2025-12-13/10876452.jpg,LU Tuc Original Biscuits,"✨ Crispy, cheesy, and perfect for any snack moment! ✨"
10876486,20.0,Bistronne,Fedtstoffer,Andefedt,1,0,bg.,Netto,https://static.tilbudsugen.dk/1st-retail/2025/51/64202/Netto512025-1_5_3195x133_4998x2062_zoom.jpg,2025-12-13,2025-12-19,https://res.cloudinary.com/dfqzmnlga/image/upload/v1765903511/2025-12-13/10876486.jpg,"Fats and oils and their fractions, of fish, whether or not refined, but not chemically modified","Savory, unrefined, and unmodified — the true essence of oceanic flavor. 🌊"
10876525,15.0,Fintons,Tarteletter,Tarteletter,1,0,pk.,Netto,https://static.tilbudsugen.dk/1st-retail/2025/51/64202/Netto512025-1_9_2466x4946_3699x6868_zoom.jpg,2025-12-13,2025-12-19,https://res.cloudinary.com/dfqzmnlga/image/upload/v1765903512/2025-12-13/10876525.jpg,Tartelettes,✨ Tartelettes who bring joy with every bite! 🥧
10876622,13.37,Mamone,Tørret Frugt,Tranebær,1,0,ps.,Netto,https://static.tilbudsugen.dk/1st-retail/2025/51/64202/Netto512025-1_21_2683x635_4951x4310_zoom.jpg,2025-12-13,2025-12-19,https://res.cloudinary.com/dfqzmnlga/image/upload/v1765903512/2025-12-13/10876622.jpg,Cranberries,"✨ Crispy, tart, and always ready for a festive twist! ✨"
10876648,12.0,Lays,Chips,Barbecue Flavour Chips,1,0,ps.,Netto,https://static.tilbudsugen.dk/1st-retail/2025/51/64202/Netto512025-1_23_0x4627_4905x6862_zoom.jpg,2025-12-13,2025-12-19,https://res.cloudinary.com/dfqzmnlga/image/upload/v1765903513/2025-12-13/10876648.jpg,Barbecue Flavour Chips,"🔥 Crispy, smoky, and spicy – your taste buds are welcome to join the party! 🍴"
10876649,12.0,Lays,Chips,Saltede Chips,1,0,ps.,Netto,https://static.tilbudsugen.dk/1st-retail/2025/51/64202/Netto512025-1_23_0x4627_4905x6862_zoom.jpg,2025-12-13,2025-12-19,https://res.cloudinary.com/dfqzmnlga/image/upload/v1765903514/2025-12-13/10876649.jpg,Salted Chips,"Crunchy, salty, and perfectly imperfect—just like you. 🍺"
10876647,12.0,Lays,Chips,Heinz Tomato Ketchup Chips,1,0,ps.,Netto,https://static.tilbudsugen.dk/1st-retail/2025/51/64202/Netto512025-1_23_0x4627_4905x6862_zoom.jpg,2025-12-13,2025-12-19,https://res.cloudinary.com/dfqzmnlga/image/upload/v1765903515/2025-12-13/10876647.jpg,Heinz Tomato Ketchup Chips,"Savor the tangy, crispy crunch of Heinz Tomato Ketchup Chips—perfect for any snack moment. 🍯"
10876551,28.0,Green Dates,Tørret Frugt,Dadler,1,0,pk.,Netto,https://static.tilbudsugen.dk/1st-retail/2025/51/64202/Netto512025-1_19_2267x3734_4917x4916_zoom.jpg,2025-12-13,2025-12-19,https://res.cloudinary.com/dfqzmnlga/image/upload/v1765903515/2025-12-13/10876551.jpg,Dates,"Sweet, sweet dates — the perfect mix of sweetness and spice, ready to burst with joy. 🍒"
10876537,35.0,Tulip,Bacon,Baconskiver,1,0,pk.,Netto,https://static.tilbudsugen.dk/1st-retail/2025/51/64202/Netto512025-1_18_1733x139_4928x2871_zoom.jpg,2025-12-13,2025-12-19,https://res.cloudinary.com/dfqzmnlga/image/upload/v1765903516/2025-12-13/10876537.jpg,Bacon washers,"Bacon washers: Clean your life with a crispy, smoky twist. 🍬✨"
10876538,35.0,Tulip,Bacon,Bacontern,1,0,pk.,Netto,https://static.tilbudsugen.dk/1st-retail/2025/51/64202/Netto512025-1_18_1733x139_4928x2871_zoom.jpg,2025-12-13,2025-12-19,https://res.cloudinary.com/dfqzmnlga/image/upload/v1765903516/2025-12-13/10876538.jpg,Bacontern,"Savory, smoky, and slightly spicy – the perfect companion to any meal, with a dash of personality. 🍬"
10876644,12.0,Doritos,Chips,Cool American Chips,1,0,ps.,Netto,https://static.tilbudsugen.dk/1st-retail/2025/51/64202/Netto512025-1_23_0x4627_4905x6862_zoom.jpg,2025-12-13,2025-12-19,https://res.cloudinary.com/dfqzmnlga/image/upload/v1765903517/2025-12-13/10876644.jpg,Cool American Chips,"🔥 Crispy, cheesy, and just plain delicious—perfect for any snack moment! 🍬"
10876643,12.0,Doritos,Chips,Sweet Chili Pepper Chips,1,0,ps.,Netto,https://static.tilbudsugen.dk/1st-retail/2025/51/64202/Netto512025-1_23_0x4627_4905x6862_zoom.jpg,2025-12-13,2025-12-19,https://res.cloudinary.com/dfqzmnlga/image/upload/v1765903518/2025-12-13/10876643.jpg,Sweet Chili Pepper Chips,"🔥 Pepper paradise, ready to spice up your day!"
10876442,40.0,Klovborg,Skæreost,Skæreost Danbo Mellemlagret,1,0,stk.,Netto,https://static.tilbudsugen.dk/1st-retail/2025/51/64202/Netto512025-1_12_2861x609_4804x4112_zoom.jpg,2025-12-13,2025-12-19,https://res.cloudinary.com/dfqzmnlga/image/upload/v1765903519/2025-12-13/10876442.jpg,Cutting cheese Danbo Intermediate stock,"Slice, slice, slice—Danbo Intermediate stock is the perfect cut for a bold, cheesy adventure! 🍬"
10876521,55.0,,Italienske vine,Italiensk Rødvin,1,0,fl.,Netto,https://static.tilbudsugen.dk/1st-retail/2025/51/64202/Netto512025-1_17_3190x792_4949x2892_zoom.jpg,2025-12-13,2025-12-19,https://res.cloudinary.com/dfqzmnlga/image/upload/v1765903519/2025-12-13/10876521.jpg,Italian Red Wine,"Sip, savor, and savor the taste of adventure — 🍷"
10876517,25.0,Løgismose,Grønt-syltet,Rødkål-syltet,1,0,gl.,Netto,https://static.tilbudsugen.dk/1st-retail/2025/51/64202/Netto512025-1_16_3201x4868_4912x6860_zoom.jpg,2025-12-13,2025-12-19,https://res.cloudinary.com/dfqzmnlga/image/upload/v1765903521/2025-12-13/10876517.jpg,Red cabbage pickled,"Red cabbage pickled: tangy, bold, and ready to spark a conversation. 🍅"
10876493,59.0,Danpo,Kylling,Kyllingebrystfilet,1,0,bk.,Netto,https://static.tilbudsugen.dk/1st-retail/2025/51/64202/Netto512025-1_7_0x4856_2374x6869_zoom.jpg,2025-12-13,2025-12-19,https://res.cloudinary.com/dfqzmnlga/image/upload/v1765903522/2025-12-13/10876493.jpg,Chicken breast fillet,"Sizzling with flavor, ready to conquer your taste buds! 🍗"
10876438,15.0,Philadelphia,Specialost,Flødeost Light,1,0,bg.,Netto,https://static.tilbudsugen.dk/1st-retail/2025/51/64202/Netto512025-1_12_81x1105_2931x4042_zoom.jpg,2025-12-13,2025-12-19,https://res.cloudinary.com/dfqzmnlga/image/upload/v1765903522/2025-12-13/10876438.jpg,Cream cheese Light,"Smooth, creamy, and slightly sweet — perfect for any occasion, with a touch of elegance. 🧁"
10876450,15.0,Møn Kiks,Kiks,Kernekiks,1,0,pk.,Netto,https://static.tilbudsugen.dk/1st-retail/2025/51/64202/Netto512025-1_12_16x4155_2844x6854_zoom.jpg,2025-12-13,2025-12-19,https://res.cloudinary.com/dfqzmnlga/image/upload/v1765903522/2025-12-13/10876450.jpg,Core biscuit,"✨ Crispy, cheesy, and always ready for a laugh—core biscuit, yeah? 😄"
10876696,15.0,Gliss,Balsam,Balsam,1,0,stk.,Netto,https://static.tilbudsugen.dk/1st-retail/2025/51/64202/Netto512025-1_26_13x2824_2526x4919_zoom.jpg,2025-12-13,2025-12-19,https://res.cloudinary.com/dfqzmnlga/image/upload/v1765903523/2025-12-13/10876696.jpg,Balsam,"✨ A soothing scent that brings calm to any room, just like a soft hug. ✨"
10876419,15.0,Philadelphia,Specialost,Flødeost Original,1,0,bg.,Netto,https://static.tilbudsugen.dk/1st-retail/2025/51/64202/Netto512025-1_12_81x1105_2931x4042_zoom.jpg,2025-12-13,2025-12-19,https://res.cloudinary.com/dfqzmnlga/image/upload/v1765903523/2025-12-13/10876419.jpg,Cream cheese Original,"Savory, smooth, and slightly cheesy — perfect for spreading on pastries or mixing into coffee. 🍯"
10876439,15.0,Philadelphia,Specialost,Flødeost Purløg,1,0,bg.,Netto,https://static.tilbudsugen.dk/1st-retail/2025/51/64202/Netto512025-1_12_81x1105_2931x4042_zoom.jpg,2025-12-13,2025-12-19,https://res.cloudinary.com/dfqzmnlga/image/upload/v1765903524/2025-12-13/10876439.jpg,Cream cheese Chives,✨ Spread joy with a sprinkle of cream cheese and a dash of chives—where flavor meets whimsy! ✨
10876463,15.0,Næmt,Færdigretter Køl,Frikadeller,1,0,bk.,Netto,https://static.tilbudsugen.dk/1st-retail/2025/51/64202/Netto512025-1_13_2510x317_4922x3610_zoom.jpg,2025-12-13,2025-12-19,https://res.cloudinary.com/dfqzmnlga/image/upload/v1765903525/2025-12-13/10876463.jpg,Meatballs,"Sizzling with flavor, I'm the perfect partner for a cozy dinner night! 🍔"
10876440,15.0,Philadelphia,Specialost,Flødeost Sweet Chili,1,0,bg.,Netto,https://static.tilbudsugen.dk/1st-retail/2025/51/64202/Netto512025-1_12_81x1105_2931x4042_zoom.jpg,2025-12-13,2025-12-19,https://res.cloudinary.com/dfqzmnlga/image/upload/v1765903525/2025-12-13/10876440.jpg,Cream cheese Sweet Chili,"Savory sweet fusion of creamy richness and spicy kick, perfect for any snack or treat 🍯"
10876451,15.0,Møn Kiks,Kiks,Rugkiks,1,0,pk.,Netto,https://static.tilbudsugen.dk/1st-retail/2025/51/64202/Netto512025-1_12_16x4155_2844x6854_zoom.jpg,2025-12-13,2025-12-19,https://res.cloudinary.com/dfqzmnlga/image/upload/v1765903525/2025-12-13/10876451.jpg,Rye biscuits,"Crunchy, savory, and ready to spice up your day — just like a perfect breakfast. 🥞"
10876498,75.0,Velsmag,Kalve- og grisekød,Hakket kalv og grisekød 8-12%,1,1,bk.,Netto,https://static.tilbudsugen.dk/1st-retail/2025/51/64202/Netto512025-1_7_2422x4820_4915x6886_zoom.jpg,2025-12-13,2025-12-19,https://res.cloudinary.com/dfqzmnlga/image/upload/v1765903526/2025-12-13/10876498.jpg,Minced calf and pig meat 8-12 per cent,"🔥 Sizzling meat blend for bold flavors, perfect for any grill or pan! 🍲"
10876646,12.0,Doritos,Chips,Flamin Hot,1,0,ps.,Netto,https://static.tilbudsugen.dk/1st-retail/2025/51/64202/Netto512025-1_23_0x4627_4905x6862_zoom.jpg,2025-12-13,2025-12-19,https://res.cloudinary.com/dfqzmnlga/image/upload/v1765903526/2025-12-13/10876646.jpg,Flaming Hot,"🔥 Flaming Hot, spicy and fiery, ready to light up your day! 🌟"
10876506,19.0,Løgismose,Saucer,Andesauce,1,0,bg.,Netto,https://static.tilbudsugen.dk/1st-retail/2025/51/64202/Netto512025-1_16_59x2973_1689x4911_zoom.jpg,2025-12-13,2025-12-19,https://res.cloudinary.com/dfqzmnlga/image/upload/v1765903527/2025-12-13/10876506.jpg,Duck sauce,Duck sauce: The ultimate flavor bomb that turns any meal into a gourmet experience 🐦✨
10876519,25.0,Løgismose,Grønt-syltet,Drueagurker,1,0,gl.,Netto,https://static.tilbudsugen.dk/1st-retail/2025/51/64202/Netto512025-1_9_3699x3248_4938x5045_zoom.jpg,2025-12-13,2025-12-19,https://res.cloudinary.com/dfqzmnlga/image/upload/v1765903527/2025-12-13/10876519.jpg,Gherkins,"Sour, salty, and slightly spicy—perfect for a good laugh and a tasty conversation. 😄"
10876501,40.0,Rose,Kylling,Kyllingeinderfileter,1,0,bk.,Netto,https://static.tilbudsugen.dk/1st-retail/2025/51/64202/Netto512025-1_7_2457x3004_4980x4862_zoom.jpg,2025-12-13,2025-12-19,https://res.cloudinary.com/dfqzmnlga/image/upload/v1765903528/2025-12-13/10876501.jpg,Chicken eiderphilets,Egg-loving chicken enthusiast who prefers the crunch of a fresh egg over a boring meal. 🍳
10876444,15.0,Møn Kiks,Kiks,Dark Sky Kiks,1,0,pk.,Netto,https://static.tilbudsugen.dk/1st-retail/2025/51/64202/Netto512025-1_12_16x4155_2844x6854_zoom.jpg,2025-12-13,2025-12-19,https://res.cloudinary.com/dfqzmnlga/image/upload/v1765903528/2025-12-13/10876444.jpg,Dark Sky Biscuits,✨ Skyfall treats that taste like a sunset in a biscuit! ✨
10876605,25.0,Basta,Klargøring & bilpleje,Vinyl make up,1,0,ds.,Netto,https://static.tilbudsugen.dk/1st-retail/2025/51/64202/Netto512025-1_34_3249x4657_4788x6849_zoom.jpg,2025-12-13,2025-12-19,https://res.cloudinary.com/dfqzmnlga/image/upload/v1765903529/2025-12-13/10876605.jpg,Vinyl make up,✨ Vinyl make up: Turn every moment into a masterpiece. ✨
10876471,10.0,Graasten,Pålægssalat,Tunsalat,1,0,bg.,Netto,https://static.tilbudsugen.dk/1st-retail/2025/51/64202/Netto512025-1_4_2459x3481_4945x6862_zoom.jpg,2025-12-13,2025-12-19,https://res.cloudinary.com/dfqzmnlga/image/upload/v1765903529/2025-12-13/10876471.jpg,Tuna salad,"Salty, tangy, and ready to conquer the day 🍣"
10876475,10.0,Graasten,Pålægssalat,Kylling & Baconsalat,1,0,bg.,Netto,https://static.tilbudsugen.dk/1st-retail/2025/51/64202/Netto512025-1_4_2459x3481_4945x6862_zoom.jpg,2025-12-13,2025-12-19,https://res.cloudinary.com/dfqzmnlga/image/upload/v1765903530/2025-12-13/10876475.jpg,Chicken & Bacon Salad,Savor the crunch of chicken and the smoky allure of bacon in every bite! 🍗 Bacon 🥩
10876474,10.0,Graasten,Pålægssalat,Hønsesalat,1,0,bg.,Netto,https://static.tilbudsugen.dk/1st-retail/2025/51/64202/Netto512025-1_4_2459x3481_4945x6862_zoom.jpg,2025-12-13,2025-12-19,https://res.cloudinary.com/dfqzmnlga/image/upload/v1765903530/2025-12-13/10876474.jpg,Chicken lettuce,"Savor the crunch of chicken lettuce, where flavor meets freshness—because every bite is a flavor adventure! 🍗 lettuce"
10876497,32.0,Løgismose,Dessertsaucer,Kirsebærsauce,1,0,gl.,Netto,https://static.tilbudsugen.dk/1st-retail/2025/51/64202/Netto512025-1_14_1225x5413_3195x6865_zoom.jpg,2025-12-13,2025-12-19,https://res.cloudinary.com/dfqzmnlga/image/upload/v1765903531/2025-12-13/10876497.jpg,Cherry sauce,"Sip, savor, and smile—cherry sauce is the perfect punch to your day! 🍑"
10876526,30.0,Bistronne,Fjerkræ,Hønsekød,1,0,ps.,Netto,https://static.tilbudsugen.dk/1st-retail/2025/51/64202/Netto512025-1_9_1226x5111_2466x6848_zoom.jpg,2025-12-13,2025-12-19,https://res.cloudinary.com/dfqzmnlga/image/upload/v1765903531/2025-12-13/10876526.jpg,Chicken meat,"Savory, smoky, and always ready to grill — just wait for the fire to light up! 🍗"
10876441,15.0,Philadelphia,Specialost,Flødeost Peberrod,1,0,bg.,Netto,https://static.tilbudsugen.dk/1st-retail/2025/51/64202/Netto512025-1_12_81x1105_2931x4042_zoom.jpg,2025-12-13,2025-12-19,https://res.cloudinary.com/dfqzmnlga/image/upload/v1765903537/2025-12-13/10876441.jpg,"Fresh or chilled meat of bovine animals, fresh, chilled or frozen","Sizzling steak or chilled chicken, ready to ignite your taste buds! 🍳"
10876447,13.0,Intense Blue,Specialost,Skimmelost,1,0,pk.,Netto,https://static.tilbudsugen.dk/1st-retail/2025/51/64202/Netto512025-1_2_20x298_2386x3739_zoom.jpg,2025-12-13,2025-12-19,https://res.cloudinary.com/dfqzmnlga/image/upload/v1765903546/2025-12-13/10876447.jpg,Skimming Lost,"Skimming Lost — I'm here to recover what's missing, one moment at a time. 🗂️"
10876443,13.0,Creamy Blue,Specialost,Skimmelost,1,0,pk.,Netto,https://static.tilbudsugen.dk/1st-retail/2025/51/64202/Netto512025-1_2_20x298_2386x3739_zoom.jpg,2025-12-13,2025-12-19,https://res.cloudinary.com/dfqzmnlga/image/upload/v1765903567/2025-12-13/10876443.jpg,Skimming Lost,"Skimming Lost — catching what others miss, one shimmering moment at a time. 🌟"
10876448,13.0,Mild Blue,Specialost,Skimmelost,1,0,pk.,Netto,https://static.tilbudsugen.dk/1st-retail/2025/51/64202/Netto512025-1_2_20x298_2386x3739_zoom.jpg,2025-12-13,2025-12-19,https://res.cloudinary.com/dfqzmnlga/image/upload/v1765903585/2025-12-13/10876448.jpg,Skimming Lost,"Skimming Lost — catching the last bite of forgotten dreams, one emoji at a time. 🍽️"
10876449,13.0,Marquis,Specialost,Skimmelost,1,0,pk.,Netto,https://static.tilbudsugen.dk/1st-retail/2025/51/64202/Netto512025-1_2_20x298_2386x3739_zoom.jpg,2025-12-13,2025-12-19,https://res.cloudinary.com/dfqzmnlga/image/upload/v1765903586/2025-12-13/10876449.jpg,Skimming Lost,"Skimming Lost — catching what others miss, one glance at a time 🗣️"
10876491,15.0,Løgismose,Specialost,Rygeost,1,0,pk.,Netto,https://static.tilbudsugen.dk/1st-retail/2025/51/64202/Netto512025-1_14_2882x1656_4912x2925_zoom.jpg,2025-12-13,2025-12-19,https://res.cloudinary.com/dfqzmnlga/image/upload/v1765903587/2025-12-13/10876491.jpg,Smoking cheese,🔥 Smoke your day with every bite!
10876511,25.0,Løgismose,Marmelade,Ribs & Æblegelé,1,0,gl.,Netto,https://static.tilbudsugen.dk/1st-retail/2025/51/64202/Netto512025-1_16_1727x2752_3114x4960_zoom.jpg,2025-12-13,2025-12-19,https://res.cloudinary.com/dfqzmnlga/image/upload/v1765903588/2025-12-13/10876511.jpg,Ribs & Apple gel,Savor the sweet crunch of ribs and the tang of apple gel—perfect for a deliciously unexpected snack. 🍐🍗
10876504,69.0,Løgismose,Øvrige vinlande,Rødvin,1,0,fl.,Netto,https://static.tilbudsugen.dk/1st-retail/2025/51/64202/Netto512025-1_16_38x37_1727x2946_zoom.jpg,2025-12-13,2025-12-19,https://res.cloudinary.com/dfqzmnlga/image/upload/v1765903589/2025-12-13/10876504.jpg,Red wine,"Sip, savor, and let the wine do the talking. 🍷"
10876512,299.0,Løgismose,Fjerkræ,And,1,3,stk.,Netto,https://static.tilbudsugen.dk/1st-retail/2025/51/64202/Netto512025-1_16_3174x2390_4944x4943_zoom.jpg,2025-12-13,2025-12-19,https://res.cloudinary.com/dfqzmnlga/image/upload/v1765903590/2025-12-13/10876512.jpg,Duck,"I'm the duck who loves to swim, dive, and never stay still—because life's too short for a boring day. 🐦"
10876645,12.0,Bugles,Snacks,Bugles nacho cheese,1,0,ps.,Netto,https://static.tilbudsugen.dk/1st-retail/2025/51/64202/Netto512025-1_23_0x4627_4905x6862_zoom.jpg,2025-12-13,2025-12-19,https://res.cloudinary.com/dfqzmnlga/image/upload/v1765903591/2025-12-13/10876645.jpg,Bugles nacho cheese,"Bugles nacho cheese: The sound of joy, wrapped in cheesy delight 🍔🎶"
10876531,35.0,Polar Seafood,Rejer og andre skaldyr,Rejer,1,0,ps.,Netto,https://static.tilbudsugen.dk/1st-retail/2025/51/64202/Netto512025-1_9_2459x1339_3725x3182_zoom.jpg,2025-12-13,2025-12-19,https://res.cloudinary.com/dfqzmnlga/image/upload/v1765903592/2025-12-13/10876531.jpg,Shrimps and prawns,"✨ Crave crunch, crinkle, and a little chaos—let me know if you'd like a shrimp and prawn adventure! 🍤🦞"
10876515,65.0,Velsmag,Kylling,Kyllingeinderfileter,1,0,bk.,Netto,https://static.tilbudsugen.dk/1st-retail/2025/51/64202/Netto512025-1_8_2814x2446_4909x4975_zoom.jpg,2025-12-13,2025-12-19,https://res.cloudinary.com/dfqzmnlga/image/upload/v1765903592/2025-12-13/10876515.jpg,Chicken eiderphilets,Fancy a chicken-filled adventure? 🐔
10876558,14.02,ØGO,Madlavningsost,Revet ost Mozzarella,1,0,ps.,Netto,https://static.tilbudsugen.dk/1st-retail/2025/51/64202/Netto512025-1_20_43x3572_2202x6908_zoom.jpg,2025-12-13,2025-12-19,https://res.cloudinary.com/dfqzmnlga/image/upload/v1765903593/2025-12-13/10876558.jpg,Reefed cheese Mozzarella,"🌊Cheese that melts in your mouth, not your hand! 🧀"
10876446,13.0,Danablu,Specialost,Skimmelost,1,0,pk.,Netto,https://static.tilbudsugen.dk/1st-retail/2025/51/64202/Netto512025-1_2_20x298_2386x3739_zoom.jpg,2025-12-13,2025-12-19,https://res.cloudinary.com/dfqzmnlga/image/upload/v1765903593/2025-12-13/10876446.jpg,Skimming Lost,"Skimming Lost — catching what others miss, one shimmering moment at a time. 🌟"
10876534,85.0,,Franske vine,Fransk Hvidvin,1,0,fl.,Netto,https://static.tilbudsugen.dk/1st-retail/2025/51/64202/Netto512025-1_17_1625x4787_4917x6876_zoom.jpg,2025-12-13,2025-12-19,https://res.cloudinary.com/dfqzmnlga/image/upload/v1765903595/2025-12-13/10876534.jpg,French White wine,"Sip, savor, and let the wine do the talking — 🍷"
10876535,85.0,,Spanske vine,Spansk Rødvin,1,0,fl.,Netto,https://static.tilbudsugen.dk/1st-retail/2025/51/64202/Netto512025-1_17_1625x4787_4917x6876_zoom.jpg,2025-12-13,2025-12-19,https://res.cloudinary.com/dfqzmnlga/image/upload/v1765903596/2025-12-13/10876535.jpg,Spanish Red Wine,"Ripe for a good night's drink, with a touch of Spanish flair 🍷"
10876533,85.0,,Franske vine,Fransk Rødvin,1,0,fl.,Netto,https://static.tilbudsugen.dk/1st-retail/2025/51/64202/Netto512025-1_17_1625x4787_4917x6876_zoom.jpg,2025-12-13,2025-12-19,https://res.cloudinary.com/dfqzmnlga/image/upload/v1765903597/2025-12-13/10876533.jpg,French Red Wine,"Sip, savor, and let the flavors speak—🍷"
10876495,75.0,Velsmag,Oksekød,Hakket oksekød 7-10%,1,0,bk.,Netto,https://static.tilbudsugen.dk/1st-retail/2025/51/64202/Netto512025-1_7_2422x4820_4915x6886_zoom.jpg,2025-12-13,2025-12-19,https://res.cloudinary.com/dfqzmnlga/image/upload/v1765903598/2025-12-13/10876495.jpg,Minced beef 7-10%,"Sizzling with flavor, ready to ignite your taste buds! 🍳"
10876530,35.0,Polar Seafood,Rejer og andre skaldyr,Rejer,1,0,bg.,Netto,https://static.tilbudsugen.dk/1st-retail/2025/51/64202/Netto512025-1_9_2459x1339_3725x3182_zoom.jpg,2025-12-13,2025-12-19,https://res.cloudinary.com/dfqzmnlga/image/upload/v1765903598/2025-12-13/10876530.jpg,Shrimps and prawns,"Craving a seafood explosion? I'm here to deliver—fresh, flavorful, and ready to satisfy your taste buds! 🐞"
10876652,59.0,Mellemristet,Kaffe,Kaffe Formalet,1,0,ps.,Netto,https://static.tilbudsugen.dk/1st-retail/2025/51/64202/Netto512025-1_24_0x2466_2459x4634_zoom.jpg,2025-12-13,2025-12-19,https://res.cloudinary.com/dfqzmnlga/image/upload/v1765903599/2025-12-13/10876652.jpg,Coffee Painted,"☕️ Painted with coffee, I'm ready to mix it up and make a mess."
10876484,25.0,Premieur,And,Andelår,1,0,pk.,Netto,https://static.tilbudsugen.dk/1st-retail/2025/51/64202/Netto512025-1_5_60x5105_2519x6875_zoom.jpg,2025-12-16,2025-12-19,https://res.cloudinary.com/dfqzmnlga/image/upload/v1765903600/2025-12-13/10876484.jpg,Shared year,"✨ Shared year, where memories are stored and moments are shared! 🌟"
10876633,25.0,ØGO,Skiveost,Skiveost Gouda 48+,1,0,pk.,Netto,https://static.tilbudsugen.dk/1st-retail/2025/51/64202/Netto512025-1_22_3301x4694_4905x6855_zoom.jpg,2025-12-13,2025-12-19,https://res.cloudinary.com/dfqzmnlga/image/upload/v1765903601/2025-12-13/10876633.jpg,Skiveost Gouda 48+,"✨ Savor the perfect blend of creamy richness and bold flavor, perfect for any occasion. 🌟"
10876634,25.0,ØGO,Skiveost,Skiveost Mild Skiveost 30+/16%,1,0,pk.,Netto,https://static.tilbudsugen.dk/1st-retail/2025/51/64202/Netto512025-1_22_3301x4694_4905x6855_zoom.jpg,2025-12-13,2025-12-19,https://res.cloudinary.com/dfqzmnlga/image/upload/v1765903604/2025-12-13/10876634.jpg,Slicing cheese Mild Slicing cheese 30+/16%,"Slice cheese with flair, 30+/16%—perfect for a bold vibe. 🧑‍🍳"
10876635,25.0,ØGO,Skiveost,Skiveost Mellemlagret Skiveost 45+/20%,1,0,pk.,Netto,https://static.tilbudsugen.dk/1st-retail/2025/51/64202/Netto512025-1_22_3301x4694_4905x6855_zoom.jpg,2025-12-13,2025-12-19,https://res.cloudinary.com/dfqzmnlga/image/upload/v1765903605/2025-12-13/10876635.jpg,Skive cheese Intermediate storage Skive cheese 45+/20%,"✨ Curious about the best way to store cheese? I'm Skive cheese, ready to explore and share! 🧀"
10876554,25.0,ØGO,Nødder & Kerner,Mandler,1,0,ps.,Netto,https://static.tilbudsugen.dk/1st-retail/2025/51/64202/Netto512025-1_19_1889x4862_3422x6881_zoom.jpg,2025-12-13,2025-12-19,https://res.cloudinary.com/dfqzmnlga/image/upload/v1765903605/2025-12-13/10876554.jpg,almonds,"✨ Crunchy, nutty, and perfect for any snack moment! ✨"
10876606,25.0,Basta,Klargøring & bilpleje,Silikonespray,1,0,ds.,Netto,https://static.tilbudsugen.dk/1st-retail/2025/51/64202/Netto512025-1_34_3249x4657_4788x6849_zoom.jpg,2025-12-13,2025-12-19,https://res.cloudinary.com/dfqzmnlga/image/upload/v1765903607/2025-12-13/10876606.jpg,Silicone spray,✨ Spray your ideas with silicone – perfect for any moment! ✨
10876651,129.0,Crema Absolu Classique,Kaffe,Kaffebønner,1,1,pk.,Netto,https://static.tilbudsugen.dk/1st-retail/2025/51/64202/Netto512025-1_24_2492x4727_4998x6802_zoom.jpg,2025-12-13,2025-12-19,https://res.cloudinary.com/dfqzmnlga/image/upload/v1765903607/2025-12-13/10876651.jpg,Coffee beans,"☕ Brewed to inspire, one cup at a time. 🌟"
10876657,129.0,Espresso Brazil,Kaffe,Kaffebønner,1,1,ps.,Netto,https://static.tilbudsugen.dk/1st-retail/2025/51/64202/Netto512025-1_24_2492x4727_4998x6802_zoom.jpg,2025-12-13,2025-12-19,https://res.cloudinary.com/dfqzmnlga/image/upload/v1765903608/2025-12-13/10876657.jpg,Coffee beans,"☕️ The world needs more coffee, and I'm here to make it happen."
10876658,129.0,Espresso Forza,Kaffe,Kaffebønner,1,1,pk.,Netto,https://static.tilbudsugen.dk/1st-retail/2025/51/64202/Netto512025-1_24_2492x4727_4998x6802_zoom.jpg,2025-12-13,2025-12-19,https://res.cloudinary.com/dfqzmnlga/image/upload/v1765903610/2025-12-13/10876658.jpg,Coffee beans,"☕️ The world needs more bold, bitter, and unforgettable moments."
10876620,13.03,Dumle,Slik,Slikkepinde,1,0,ps.,Netto,https://static.tilbudsugen.dk/1st-retail/2025/51/64202/Netto512025-1_21_18x4072_2920x6922_zoom.jpg,2025-12-13,2025-12-19,https://res.cloudinary.com/dfqzmnlga/image/upload/v1765903611/2025-12-13/10876620.jpg,Lollipops,"✨ Savor the sweetest surprises, one lollipop at a time! ✨"
10876673,99.0,,Spanske vine,Spansk Rødvin,1,0,fl.,Netto,https://static.tilbudsugen.dk/1st-retail/2025/51/64202/Netto512025-1_25_0x825_1585x2850_zoom.jpg,2025-12-13,2025-12-19,https://res.cloudinary.com/dfqzmnlga/image/upload/v1765903613/2025-12-13/10876673.jpg,Spanish Red Wine,"A bold, bold, bold—sipping on the best of the best, with a twist of passion and a smile. 🍷"
10876527,99.0,,Italienske vine,Italiensk Rødvin,1,0,fl.,Netto,https://static.tilbudsugen.dk/1st-retail/2025/51/64202/Netto512025-1_17_3222x2773_4917x4949_zoom.jpg,2025-12-13,2025-12-19,https://res.cloudinary.com/dfqzmnlga/image/upload/v1765903613/2025-12-13/10876527.jpg,Italian Red Wine,"Sip, savor, and let the flavors speak—my taste is bold, my vibe is bold. 🍷"
10876479,12.0,Pålækker,"Pålæg, skiveskåret",Rullepølse,1,0,pk.,Netto,https://static.tilbudsugen.dk/1st-retail/2025/51/64202/Netto512025-1_4_46x3487_2459x6862_zoom.jpg,2025-12-13,2025-12-19,https://res.cloudinary.com/dfqzmnlga/image/upload/v1765903614/2025-12-13/10876479.jpg,Roller sausage,"Savory, smoky, and ready to roll—perfect for a quick, tasty snack or meal. 🍴"
10876481,12.0,Sandwich,"Pålæg, skiveskåret",Kyllingebryst,1,0,pk.,Netto,https://static.tilbudsugen.dk/1st-retail/2025/51/64202/Netto512025-1_4_46x3487_2459x6862_zoom.jpg,2025-12-13,2025-12-19,https://res.cloudinary.com/dfqzmnlga/image/upload/v1765903614/2025-12-13/10876481.jpg,Chicken breast,"Savoring the crunch of a perfect chicken breast, ready to conquer any plate. 🍗"
10876480,12.0,Sandwich,"Pålæg, skiveskåret",Kyllingebryst Tomat & Timian,1,0,pk.,Netto,https://static.tilbudsugen.dk/1st-retail/2025/51/64202/Netto512025-1_4_46x3487_2459x6862_zoom.jpg,2025-12-13,2025-12-19,https://res.cloudinary.com/dfqzmnlga/image/upload/v1765903615/2025-12-13/10876480.jpg,Chicken Breast Tomato & Thyme,"Sizzling with flavor, this chicken breast is a tomato and thyme lover's dream! 🍳"
10876478,12.0,Pålækker,"Pålæg, skiveskåret",Hamburgerryg,1,0,pk.,Netto,https://static.tilbudsugen.dk/1st-retail/2025/51/64202/Netto512025-1_4_46x3487_2459x6862_zoom.jpg,2025-12-13,2025-12-19,https://res.cloudinary.com/dfqzmnlga/image/upload/v1765903616/2025-12-13/10876478.jpg,Hamburger back,"🍔 Satisfy your cravings with a juicy, hearty bite—because a good hamburger deserves a good back! 🍔"
10876455,98.0,Linie Aquavit,Snaps,Akvavit,1,0,fl.,Netto,https://static.tilbudsugen.dk/1st-retail/2025/51/64202/Netto512025-1_3_2457x3598_4980x6780_zoom.jpg,2025-12-13,2025-12-19,https://res.cloudinary.com/dfqzmnlga/image/upload/v1765903617/2025-12-13/10876455.jpg,Aquavit,"A smoky, spicy spirit that dances with the sea and the soul, 🍹"
10876654,59.0,Original,Kaffe,Kaffe Formalet,1,0,ps.,Netto,https://static.tilbudsugen.dk/1st-retail/2025/51/64202/Netto512025-1_24_0x2466_2459x4634_zoom.jpg,2025-12-13,2025-12-19,https://res.cloudinary.com/dfqzmnlga/image/upload/v1765903619/2025-12-13/10876654.jpg,Coffee Painted,"☕️ Painted with coffee, I'm the ultimate mood booster—perfect for when you need a little inspiration. 🌟"
10876507,89.0,Velsmag,Fersk fisk,Lakseside,1,0,pk.,Netto,https://static.tilbudsugen.dk/1st-retail/2025/51/64202/Netto512025-1_8_2861x255_4767x2576_zoom.jpg,2025-12-13,2025-12-19,https://res.cloudinary.com/dfqzmnlga/image/upload/v1765903620/2025-12-13/10876507.jpg,Salmonside,"✨ Salmonside: The salty, sweet, and slightly spicy sidekick to your day! 🐟"
10876508,74.95,Velsmag,Kalvekød,Kalveculotte,1,0,bk.,Netto,https://static.tilbudsugen.dk/1st-retail/2025/51/64202/Netto512025-1_8_2885x5022_4974x6827_zoom.jpg,2025-12-13,2025-12-19,https://res.cloudinary.com/dfqzmnlga/image/upload/v1765903620/2025-12-13/10876508.jpg,Calveculotte,✨ Tiny superhero with a twist—melts into a delicious surprise! ✨
10876555,15.0,ØGO,Chips,Rodfrugt Chips med Havsalt,1,0,ps.,Netto,https://static.tilbudsugen.dk/1st-retail/2025/51/64202/Netto512025-1_19_3390x4852_4928x6871_zoom.jpg,2025-12-13,2025-12-19,https://res.cloudinary.com/dfqzmnlga/image/upload/v1765903621/2025-12-13/10876555.jpg,Root Fruit Chips with Sea salt,"Crunchy, salty, and super satisfying—perfect for any snack time! 🍬"
10876670,69.0,Santos Colombia,Kaffe,Kaffebønner,1,0,ps.,Netto,https://static.tilbudsugen.dk/1st-retail/2025/51/64202/Netto512025-1_24_0x4641_2439x6868_zoom.jpg,2025-12-13,2025-12-19,https://res.cloudinary.com/dfqzmnlga/image/upload/v1765903622/2025-12-13/10876670.jpg,Coffee beans,"☕ Brewed with passion, every sip is a rebellion. 🌟"
10876655,69.0,Java Colombia,Kaffe,Kaffebønner,1,0,ps.,Netto,https://static.tilbudsugen.dk/1st-retail/2025/51/64202/Netto512025-1_24_0x4641_2439x6868_zoom.jpg,2025-12-13,2025-12-19,https://res.cloudinary.com/dfqzmnlga/image/upload/v1765903623/2025-12-13/10876655.jpg,Coffee beans,"☕️ The world needs more caffeine, and I'm here to deliver it."
10876514,25.0,Løgismose,Fjerkræ,Andelår,1,0,stk.,Netto,https://static.tilbudsugen.dk/1st-retail/2025/51/64202/Netto512025-1_16_70x4857_1727x6876_zoom.jpg,2025-12-13,2025-12-19,https://res.cloudinary.com/dfqzmnlga/image/upload/v1765903623/2025-12-13/10876514.jpg,Shared year,"✨ Shared year, where memories are shared and moments are eternal! 🌟"
10876691,24.0,Sensodyne,Tandpleje,Tandpasta,1,0,pk.,Netto,https://static.tilbudsugen.dk/1st-retail/2025/51/64202/Netto512025-1_26_2499x2879_4998x4779_zoom.jpg,2025-12-13,2025-12-19,https://res.cloudinary.com/dfqzmnlga/image/upload/v1765903624/2025-12-13/10876691.jpg,Toothpaste,"Brushing away doubts, one smear at a time. 🧴"
10876487,49.0,Premieur,And,Andebryst,1,0,pk.,Netto,https://static.tilbudsugen.dk/1st-retail/2025/51/64202/Netto512025-1_6_2990x4104_4952x6835_zoom.jpg,2025-12-13,2025-12-19,https://res.cloudinary.com/dfqzmnlga/image/upload/v1765903625/2025-12-13/10876487.jpg,Duck breast,"Sizzling with flavor, ready to conquer any plate! 🍗"
10876569,30.0,Løgismose,Småkager,Pebernødder,1,0,bg.,Netto,https://static.tilbudsugen.dk/1st-retail/2025/51/64202/Netto512025-1_19_22x4150_1911x6892_zoom.jpg,2025-12-13,2025-12-19,https://res.cloudinary.com/dfqzmnlga/image/upload/v1765903625/2025-12-13/10876569.jpg,Peppers,"🔥 Hot, spicy, and always in season — I'm the fiery heart of your kitchen! 🌟"
10876661,17.0,Ritter Sport,Chokolade,Chokoladeplade Honey Salted Almonds,1,0,pk.,Netto,https://static.tilbudsugen.dk/1st-retail/2025/51/64202/Netto512025-1_24_2472x113_4912x4727_zoom.jpg,2025-12-13,2025-12-19,https://res.cloudinary.com/dfqzmnlga/image/upload/v1765903626/2025-12-13/10876661.jpg,Chocolate plate Honey Salted Almonds,"✨ Chocolate plate, honey, salted almonds – the perfect snack for any mood. 🍫"
10876668,17.0,Ritter Sport,Chokolade,Chokoladeplade Hazelnuts,1,0,pk.,Netto,https://static.tilbudsugen.dk/1st-retail/2025/51/64202/Netto512025-1_24_2472x113_4912x4727_zoom.jpg,2025-12-13,2025-12-19,https://res.cloudinary.com/dfqzmnlga/image/upload/v1765903626/2025-12-13/10876668.jpg,Chocolate plate Hazelnuts,🍫✨ A sweet treat that brings joy and crunch to every bite! 🌟
10876659,17.0,Ritter Sport,Chokolade,Chokoladeplade Whole Hazelnuts,1,0,pk.,Netto,https://static.tilbudsugen.dk/1st-retail/2025/51/64202/Netto512025-1_24_2472x113_4912x4727_zoom.jpg,2025-12-13,2025-12-19,https://res.cloudinary.com/dfqzmnlga/image/upload/v1765903626/2025-12-13/10876659.jpg,Chocolate plate Whole Hazelnuts,"Dark chocolate lover with a sprinkle of hazelnuts—sweet, bold, and slightly nutty. 🍫"
10876660,17.0,Ritter Sport,Chokolade,Chokoladeplade Smarties in white chocolate,1,0,pk.,Netto,https://static.tilbudsugen.dk/1st-retail/2025/51/64202/Netto512025-1_24_2472x113_4912x4727_zoom.jpg,2025-12-13,2025-12-19,https://res.cloudinary.com/dfqzmnlga/image/upload/v1765903627/2025-12-13/10876660.jpg,Chocolate plate Smarties in white chocolate,✨ Chocolate plate Smarties in white chocolate — the sweetest snack ever! 🍫
10876666,17.0,Ritter Sport,Chokolade,Chokoladeplade Strawberry Yoghurt,1,0,pk.,Netto,https://static.tilbudsugen.dk/1st-retail/2025/51/64202/Netto512025-1_24_2472x113_4912x4727_zoom.jpg,2025-12-13,2025-12-19,https://res.cloudinary.com/dfqzmnlga/image/upload/v1765903627/2025-12-13/10876666.jpg,Chocolate plate Strawberry Yogurt,"Sweetheart, I'm the chocolate plate strawberry yogurt—sweet, creamy, and always ready to melt your heart. 🍬🍓"
10876663,17.0,Ritter Sport,Chokolade,Chokoladeplade Dark Whole Hazelnuts,1,0,pk.,Netto,https://static.tilbudsugen.dk/1st-retail/2025/51/64202/Netto512025-1_24_2472x113_4912x4727_zoom.jpg,2025-12-13,2025-12-19,https://res.cloudinary.com/dfqzmnlga/image/upload/v1765903628/2025-12-13/10876663.jpg,Chocolate plate Dark Whole Hazelnuts,"Dark chocolate, crispy hazelnuts, and a dash of sweet rebellion — just wait till you taste it. 🍫🌰"
10876665,17.0,Ritter Sport,Chokolade,Chokoladeplade Smarties Milk Chocolate,1,0,pk.,Netto,https://static.tilbudsugen.dk/1st-retail/2025/51/64202/Netto512025-1_24_2472x113_4912x4727_zoom.jpg,2025-12-13,2025-12-19,https://res.cloudinary.com/dfqzmnlga/image/upload/v1765903628/2025-12-13/10876665.jpg,Chocolate plate Smarties Milk Chocolate,"✨ Chocolate lover, Smarties enthusiast, and milk chocolate addict 🍫"
10876667,17.0,Ritter Sport,Chokolade,Chokoladeplade Joghurt,1,0,pk.,Netto,https://static.tilbudsugen.dk/1st-retail/2025/51/64202/Netto512025-1_24_2472x113_4912x4727_zoom.jpg,2025-12-13,2025-12-19,https://res.cloudinary.com/dfqzmnlga/image/upload/v1765903628/2025-12-13/10876667.jpg,Chocolate plate Joghurt,"Sweet treat with a twist—chocolate and yogurt in one, perfect for a cozy snack moment 🍯✨"
10876662,17.0,Ritter Sport,Chokolade,Chokoladeplade Raisins & Hazelnuts,1,0,pk.,Netto,https://static.tilbudsugen.dk/1st-retail/2025/51/64202/Netto512025-1_24_2472x113_4912x4727_zoom.jpg,2025-12-13,2025-12-19,https://res.cloudinary.com/dfqzmnlga/image/upload/v1765903629/2025-12-13/10876662.jpg,Chocolate Plate Raisins & Hazelnuts,✨ Chocolate Plate Raisins & Hazelnuts – the sweetest snack ever! 🍫🌰
10876664,17.0,Ritter Sport,Chokolade,Chokoladeplade Cornflakes,1,0,pk.,Netto,https://static.tilbudsugen.dk/1st-retail/2025/51/64202/Netto512025-1_24_2472x113_4912x4727_zoom.jpg,2025-12-13,2025-12-19,https://res.cloudinary.com/dfqzmnlga/image/upload/v1765903629/2025-12-13/10876664.jpg,Chocolate plate Cornflakes,"Choco-flake confetti, crunching into your soul. 🍯✨"
10876656,17.0,Ritter Sport,Chokolade,Chokoladeplade Salted Caramel,1,0,pk.,Netto,https://static.tilbudsugen.dk/1st-retail/2025/51/64202/Netto512025-1_24_2472x113_4912x4727_zoom.jpg,2025-12-13,2025-12-19,https://res.cloudinary.com/dfqzmnlga/image/upload/v1765903630/2025-12-13/10876656.jpg,Chocolate plate Salted Caramel,"✨ Salted Caramel Chocolate Plate – sweet, salty, and perfect for a midnight snack. 🍫"
10876669,69.0,Peter Larsen,Kaffe,Kaffebønner,1,0,ps.,Netto,https://static.tilbudsugen.dk/1st-retail/2025/51/64202/Netto512025-1_24_0x4641_2439x6868_zoom.jpg,2025-12-13,2025-12-19,https://res.cloudinary.com/dfqzmnlga/image/upload/v1765903630/2025-12-13/10876669.jpg,Coffee beans,☕️ The world needs more bitter love.
10876653,59.0,Qualita Oro,Kaffe,Kaffe Formalet,1,0,ps.,Netto,https://static.tilbudsugen.dk/1st-retail/2025/51/64202/Netto512025-1_24_0x2466_2459x4634_zoom.jpg,2025-12-13,2025-12-19,https://res.cloudinary.com/dfqzmnlga/image/upload/v1765903631/2025-12-13/10876653.jpg,Coffee Painted,☕️ The coffee painter who turns your day into a masterpiece.
10876483,35.0,Premieur,And,Andebryst,1,0,pk.,Netto,https://static.tilbudsugen.dk/1st-retail/2025/51/64202/Netto512025-1_5_2519x5058_4932x6862_zoom.jpg,2025-12-16,2025-12-19,https://res.cloudinary.com/dfqzmnlga/image/upload/v1765903632/2025-12-13/10876483.jpg,Duck breast,"Savory, crispy, and perfectly balanced—just like a great conversation. 🐦"
10876543,19.0,,Røget og gravad,Laks i skiver,1,0,pk.,Netto,https://static.tilbudsugen.dk/1st-retail/2025/51/64202/Netto512025-1_18_32x4819_2898x6876_zoom.jpg,2025-12-13,2025-12-19,https://res.cloudinary.com/dfqzmnlga/image/upload/v1765903632/2025-12-13/10876543.jpg,Salmon in slices,"Slice of ocean, slice of joy, slice of adventure. 🍣"
10876545,19.0,,Røget og gravad,Laks,1,0,bk.,Netto,https://static.tilbudsugen.dk/1st-retail/2025/51/64202/Netto512025-1_18_32x4819_2898x6876_zoom.jpg,2025-12-13,2025-12-19,https://res.cloudinary.com/dfqzmnlga/image/upload/v1765903633/2025-12-13/10876545.jpg,Salmon,"✨ Flaky, fresh, and full of flavor—salmon is the ultimate flavor booster! 🐟"
10876553,30.0,Løgismose,Småkager,Brunkager,1,0,bg.,Netto,https://static.tilbudsugen.dk/1st-retail/2025/51/64202/Netto512025-1_19_22x4150_1911x6892_zoom.jpg,2025-12-13,2025-12-19,https://res.cloudinary.com/dfqzmnlga/image/upload/v1765903633/2025-12-13/10876553.jpg,"Bran, sharps and other bakers' wares, whether or not containing added sugar or other sweetening matter","✨Bran, sharps, and sweet stuff—no sugar, just flour and fun! ✨"
10876692,60.0,Murph,Kosttilskud,Træningstilskud,1,0,ds.,Netto,https://static.tilbudsugen.dk/1st-retail/2025/51/64202/Netto512025-1_26_2570x1009_4998x2885_zoom.jpg,2025-12-13,2025-12-19,https://res.cloudinary.com/dfqzmnlga/image/upload/v1765903634/2025-12-13/10876692.jpg,Training grants,"✨ Training grants: fuel your growth, one step at a time! ✨"
10876570,30.0,Løgismose,Småkager,Vaniljekranse,1,0,bg.,Netto,https://static.tilbudsugen.dk/1st-retail/2025/51/64202/Netto512025-1_19_22x4150_1911x6892_zoom.jpg,2025-12-13,2025-12-19,https://res.cloudinary.com/dfqzmnlga/image/upload/v1765903634/2025-12-13/10876570.jpg,Vanilla rhinoceros,✨ Vanilla rhinoceros: Satisfy your sweet tooth with a splash of whimsy! 🌟
10876499,75.0,Løgismose,Hedvine,Portvin,1,0,fl.,Netto,https://static.tilbudsugen.dk/1st-retail/2025/51/64202/Netto512025-1_14_0x3491_1096x6908_zoom.jpg,2025-12-13,2025-12-19,https://res.cloudinary.com/dfqzmnlga/image/upload/v1765903634/2025-12-13/10876499.jpg,Port,"✨ Port of calm, where the waves meet the shore and the chaos fades. 🌊"
10876681,149.99,12 YO,Whisky,Whisky,1,0,fl.,Netto,https://static.tilbudsugen.dk/1st-retail/2025/51/64202/Netto512025-1_25_3308x895_4918x2884_zoom.jpg,2025-12-13,2025-12-19,https://res.cloudinary.com/dfqzmnlga/image/upload/v1765903635/2025-12-13/10876681.jpg,Whiskey,"Whiskey: ""Sip, savor, and never say 'no' to a good drink."" 🍸"
10876482,12.0,Salami Hapser,Pålægspølser,Salami Snacks,1,0,pk.,Netto,https://static.tilbudsugen.dk/1st-retail/2025/51/64202/Netto512025-1_4_46x3487_2459x6862_zoom.jpg,2025-12-13,2025-12-19,https://res.cloudinary.com/dfqzmnlga/image/upload/v1765903635/2025-12-13/10876482.jpg,Salami Snacks,"Crunchy, savory, and ready to satisfy your cravings — perfect for a quick snack or a bold statement. 🍔"
10876516,49.0,Løgismose,Fjerkræ,Andebryst,1,0,pk.,Netto,https://static.tilbudsugen.dk/1st-retail/2025/51/64202/Netto512025-1_16_1749x4868_3174x6887_zoom.jpg,2025-12-13,2025-12-19,https://res.cloudinary.com/dfqzmnlga/image/upload/v1765903636/2025-12-13/10876516.jpg,Duck breast,"Sizzling with flavor, I'm the perfect sidekick to any meal—just ask the chef. 🍗"
10876650,25.0,Rocher,Chokolade,Dessertchokolade,1,0,æsk.,Netto,https://static.tilbudsugen.dk/1st-retail/2025/51/64202/Netto512025-1_24_46x557_2426x2446_zoom.jpg,2025-12-13,2025-12-19,https://res.cloudinary.com/dfqzmnlga/image/upload/v1765903637/2025-12-13/10876650.jpg,Dessert chocolate,✨ Treat your taste buds to a sweet escape with every bite! 🍫
10876542,35.0,Premieur,Røget og gravad,Laks,1,0,pk.,Netto,https://static.tilbudsugen.dk/1st-retail/2025/51/64202/Netto512025-1_18_2494x2773_4912x4852_zoom.jpg,2025-12-13,2025-12-19,https://res.cloudinary.com/dfqzmnlga/image/upload/v1765903637/2025-12-13/10876542.jpg,Salmon,"✨ Crunchy, flaky, and full of flavor — the perfect snack for any meal! ✨"
10876671,69.0,Gold,Instant Kaffe,Instant Kaffe,1,0,ps.,Netto,https://static.tilbudsugen.dk/1st-retail/2025/51/64202/Netto512025-1_24_0x4641_2439x6868_zoom.jpg,2025-12-13,2025-12-19,https://res.cloudinary.com/dfqzmnlga/image/upload/v1765903638/2025-12-13/10876671.jpg,Instant Coffee,"☕ Stir it up, taste it, and let the world know you're ready to brew a new mood."
10876672,69.0,Cafe Noir,Instant Kaffe,Instant Kaffe,1,0,ps.,Netto,https://static.tilbudsugen.dk/1st-retail/2025/51/64202/Netto512025-1_24_0x4641_2439x6868_zoom.jpg,2025-12-13,2025-12-19,https://res.cloudinary.com/dfqzmnlga/image/upload/v1765903638/2025-12-13/10876672.jpg,Instant Coffee," ☕ Brewed anytime, anywhere — life's too short for bad coffee."
10876529,249.0,Le Mesnil,Mousserende,Champagne,1,0,fl.,Netto,https://static.tilbudsugen.dk/1st-retail/2025/51/64202/Netto512025-1_17_22x3529_1635x6908_zoom.jpg,2025-12-13,2025-12-19,https://res.cloudinary.com/dfqzmnlga/image/upload/v1765903639/2025-12-13/10876529.jpg,Champagne,"Sparkling and bold, I'm the drink that never stops pouring—until you're ready to toast to the perfect moment. 🥂"
10876540,35.0,Premieur,Røget og gravad,Laks i skiver,1,0,pk.,Netto,https://static.tilbudsugen.dk/1st-retail/2025/51/64202/Netto512025-1_18_2494x2773_4912x4852_zoom.jpg,2025-12-13,2025-12-19,https://res.cloudinary.com/dfqzmnlga/image/upload/v1765903639/2025-12-13/10876540.jpg,Salmon in slices,"Savor the ocean in every bite, 🍣."
10876680,275.0,Solera 23 YO,Rom,Rom,1,0,fl.,Netto,https://static.tilbudsugen.dk/1st-retail/2025/51/64202/Netto512025-1_25_1664x882_3281x2877_zoom.jpg,2025-12-13,2025-12-19,https://res.cloudinary.com/dfqzmnlga/image/upload/v1765903640/2025-12-13/10876680.jpg,Rome,"✨ Rome, the eternal city, where every corner tells a story and every street is a masterpiece. 🗺️"
10876494,32.0,Løgismose,Chokolade,Chokoladeplade Lys,1,0,stk.,Netto,https://static.tilbudsugen.dk/1st-retail/2025/51/64202/Netto512025-1_14_3265x4889_4917x6935_zoom.jpg,2025-12-13,2025-12-19,https://res.cloudinary.com/dfqzmnlga/image/upload/v1765903640/2025-12-13/10876494.jpg,Chocolate Plate Light,"✨ Chocolate Plate Light 🌟 - The sweet spot between dessert and snack, where flavors dance and light shines bright."
10876496,32.0,Løgismose,Chokolade,Chokoladeplade Mørk,1,0,stk.,Netto,https://static.tilbudsugen.dk/1st-retail/2025/51/64202/Netto512025-1_14_3265x4889_4917x6935_zoom.jpg,2025-12-13,2025-12-19,https://res.cloudinary.com/dfqzmnlga/image/upload/v1765903641/2025-12-13/10876496.jpg,Chocolate plate Dark,✨ Dark chocolate lover with a sweet twist ✨
10876708,89.0,,Boligtekstiler,Dørmåtte,1,0,stk.,Netto,https://static.tilbudsugen.dk/1st-retail/2025/51/64202/Netto512025-1_28_2505x4708_4778x6803_zoom.jpg,2025-12-13,2025-12-19,https://res.cloudinary.com/dfqzmnlga/image/upload/v1765903641/2025-12-13/10876708.jpg,Door mat,✨ Floor protector that keeps your feet dry and your vibe fresh! ✨
10876715,30.0,,Sokker/Strømper,Strømper,1,0,pk.,Netto,https://static.tilbudsugen.dk/1st-retail/2025/51/64202/Netto512025-1_29_2463x3419_4992x4708_zoom.jpg,2025-12-13,2025-12-19,https://res.cloudinary.com/dfqzmnlga/image/upload/v1765903642/2025-12-13/10876715.jpg,Stockings,✨ Unzip your day with a twist—each stocking is a secret mission waiting to be discovered!
10876585,25.0,,Køkkenredskaber,Isterningebakke,1,0,pk.,Netto,https://static.tilbudsugen.dk/1st-retail/2025/51/64202/Netto512025-1_31_140x4593_2440x6822_zoom.jpg,2025-12-13,2025-12-19,https://res.cloudinary.com/dfqzmnlga/image/upload/v1765903642/2025-12-13/10876585.jpg,Ice cube tray,"❄️ Freeze your ideas, one cube at a time."
10876593,40.0,Disney,"Dukker, bamser & plysdyr",Dukke,1,0,stk.,Netto,https://static.tilbudsugen.dk/1st-retail/2025/51/64202/Netto512025-1_33_221x2422_2483x4652_zoom.jpg,2025-12-13,2025-12-19,https://res.cloudinary.com/dfqzmnlga/image/upload/v1765903643/2025-12-13/10876593.jpg,Doll,"✨ Doll & dreamer, ready to spark joy with every smile! ✨"
10876594,149.0,,"Våben, udklædning, rollespil",Legevåben,1,0,stk.,Netto,https://static.tilbudsugen.dk/1st-retail/2025/51/64202/Netto512025-1_33_2510x2428_4863x3869_zoom.jpg,2025-12-13,2025-12-19,https://res.cloudinary.com/dfqzmnlga/image/upload/v1765903643/2025-12-13/10876594.jpg,Playarms,"Playarms: Where every shelf is a stage for your adventures, and every aisle is a portal to fun! 🎭🛒"
10876597,40.0,,"Dukker, bamser & plysdyr",Plysdyr,1,0,stk.,Netto,https://static.tilbudsugen.dk/1st-retail/2025/51/64202/Netto512025-1_34_59x560_1727x2433_zoom.jpg,2025-12-13,2025-12-19,https://res.cloudinary.com/dfqzmnlga/image/upload/v1765903644/2025-12-13/10876597.jpg,Poohs,"✨ Poohs are the lovable, lazy, and always smiling helpers who make your day brighter with their endless charm and endless energy! ✨"
10876598,30.0,,Outdoor,Lygte,1,0,stk.,Netto,https://static.tilbudsugen.dk/1st-retail/2025/51/64202/Netto512025-1_34_1754x609_3325x2439_zoom.jpg,2025-12-13,2025-12-19,https://res.cloudinary.com/dfqzmnlga/image/upload/v1765903644/2025-12-13/10876598.jpg,Lamp,✨ Glow up your space with a little light magic! ✨
10876600,25.0,,Autotilbehør,Autotilbehør,1,0,stk.,Netto,https://static.tilbudsugen.dk/1st-retail/2025/51/64202/Netto512025-1_34_184x2444_1738x4625_zoom.jpg,2025-12-13,2025-12-19,https://res.cloudinary.com/dfqzmnlga/image/upload/v1765903644/2025-12-13/10876600.jpg,Auto-accessories,"🚗✨ Always there, never forgotten—auto-accessories that make your ride unforgettable! 🚗💨"
10876603,50.0,,"Dukker, bamser & plysdyr",Plysdyr,1,0,stk.,Netto,https://static.tilbudsugen.dk/1st-retail/2025/51/64202/Netto512025-1_34_184x4657_3163x6817_zoom.jpg,2025-12-13,2025-12-19,https://res.cloudinary.com/dfqzmnlga/image/upload/v1765903645/2025-12-13/10876603.jpg,Poohs,✨ Poohs are the little helpers who make your day just a little bit more cozy and cheerful! ✨
10876618,30.0,,Bånd/papir,Gavemærker,1,0,stk.,Netto,https://static.tilbudsugen.dk/1st-retail/2025/51/64202/Netto512025-1_36_27x31_4901x7011_zoom.jpg,2025-12-13,2025-12-19,https://res.cloudinary.com/dfqzmnlga/image/upload/v1765903646/2025-12-13/10876618.jpg,Gift Marks,"✨✨✨ Gift Marks: The little badges that say, ""I'm not perfect, but I'm here to help!"" ✨✨✨"
10876575,25.0,,"Skåle, fade og forme",Bageform,1,0,stk.,Netto,https://static.tilbudsugen.dk/1st-retail/2025/51/64202/Netto512025-1_30_92x31_4809x4620_zoom.jpg,2025-12-13,2025-12-19,https://res.cloudinary.com/dfqzmnlga/image/upload/v1765903646/2025-12-13/10876575.jpg,Baking Shape,"Baking Shape, ready to melt into delicious adventures! 🍰"
10876584,25.0,,Køkkenartikler,Si,1,0,sp.,Netto,https://static.tilbudsugen.dk/1st-retail/2025/51/64202/Netto512025-1_31_221x2455_4793x4571_zoom.jpg,2025-12-13,2025-12-19,https://res.cloudinary.com/dfqzmnlga/image/upload/v1765903647/2025-12-13/10876584.jpg,Si,"Si? I'm the quiet force behind your day, turning mundane into magic with a sprinkle of flair and a dash of whimsy. 🌟"
10876587,69.0,,Spil,Spil,1,0,stk.,Netto,https://static.tilbudsugen.dk/1st-retail/2025/51/64202/Netto512025-1_32_221x630_4863x3734_zoom.jpg,2025-12-13,2025-12-19,https://res.cloudinary.com/dfqzmnlga/image/upload/v1765903647/2025-12-13/10876587.jpg,Game,"🎮✨ The ultimate game changer, always in the right place when you need it most! 🎮✨"
10876588,99.0,,Kreativitetslegetøj & puslespil,Perler,1,0,stk.,Netto,https://static.tilbudsugen.dk/1st-retail/2025/51/64202/Netto512025-1_32_205x3831_2515x6784_zoom.jpg,2025-12-13,2025-12-19,https://res.cloudinary.com/dfqzmnlga/image/upload/v1765903647/2025-12-13/10876588.jpg,Pearls,"✨ Sparkling secrets in every shell, waiting to shine."
10876590,99.0,,"Biler, tog",Helikopter,1,0,stk.,Netto,https://static.tilbudsugen.dk/1st-retail/2025/51/64202/Netto512025-1_32_2526x3734_4831x6822_zoom.jpg,2025-12-13,2025-12-19,https://res.cloudinary.com/dfqzmnlga/image/upload/v1765903648/2025-12-13/10876590.jpg,Helicopter,✈️ Skydiver with a mission to make your day unforgettable! 🚀
10876610,50.0,,Mobiltelefon tilbehør,Mobilholder,1,0,stk.,Netto,https://static.tilbudsugen.dk/1st-retail/2025/51/64202/Netto512025-1_35_3255x1893_4825x3545_zoom.jpg,2025-12-13,2025-12-19,https://res.cloudinary.com/dfqzmnlga/image/upload/v1765903648/2025-12-13/10876610.jpg,Mobile Holder,"📱 Stand tall on your phone—no tilt, no stress, just smooth vibes. 📱✨"
10876611,50.0,,Outdoor,Lommelygte,1,0,stk.,Netto,https://static.tilbudsugen.dk/1st-retail/2025/51/64202/Netto512025-1_35_3265x3513_4777x5240_zoom.jpg,2025-12-13,2025-12-19,https://res.cloudinary.com/dfqzmnlga/image/upload/v1765903649/2025-12-13/10876611.jpg,Flashlight,✨ Glow through the dark with a flick of your wrist! ✨
10876612,30.0,,Autotilbehør,Forrudebeskytter,1,0,stk.,Netto,https://static.tilbudsugen.dk/1st-retail/2025/51/64202/Netto512025-1_35_1743x3491_3211x5176_zoom.jpg,2025-12-13,2025-12-19,https://res.cloudinary.com/dfqzmnlga/image/upload/v1765903649/2025-12-13/10876612.jpg,Windscreen protector,Windscreen protector: Guarding the road from rain and the road from me. 🛠️
10876706,30.0,,Boligtekstiler,Dørmåtte,1,0,stk.,Netto,https://static.tilbudsugen.dk/1st-retail/2025/51/64202/Netto512025-1_28_2505x4708_4778x6803_zoom.jpg,2025-12-13,2025-12-19,https://res.cloudinary.com/dfqzmnlga/image/upload/v1765903650/2025-12-13/10876706.jpg,Door mat,✨ Floor protector that keeps your feet dry and your vibe fresh! 🛁
10876711,199.0,Go Dream,Gavekort,Gavekort,1,0,stk.,Netto,https://static.tilbudsugen.dk/1st-retail/2025/51/64202/Netto512025-1_28_278x2479_4839x4581_zoom.jpg,2025-12-13,2025-12-19,https://res.cloudinary.com/dfqzmnlga/image/upload/v1765903650/2025-12-13/10876711.jpg,Gift cards,🎁 Give me a chance to shine — I'm the gift card that never lies!
10876714,50.0,,Outdoor,Halstørklæde,1,0,stk.,Netto,https://static.tilbudsugen.dk/1st-retail/2025/51/64202/Netto512025-1_29_2493x249_4933x3384_zoom.jpg,2025-12-13,2025-12-19,https://res.cloudinary.com/dfqzmnlga/image/upload/v1765903651/2025-12-13/10876714.jpg,Scarf,"Soft, cozy, and versatile — like a blanket in a breeze. 🌬️"
10876719,50.0,,Outdoor,Luffer,1,0,par,Netto,https://static.tilbudsugen.dk/1st-retail/2025/51/64202/Netto512025-1_29_178x2036_2446x3514_zoom.jpg,2025-12-13,2025-12-19,https://res.cloudinary.com/dfqzmnlga/image/upload/v1765903651/2025-12-13/10876719.jpg,Luffs,"Luffs, the softest hug in the kitchen, always knows the right thing to say. 🌟"
10876720,69.0,,Dametøj,Strømpebukser,1,0,pk.,Netto,https://static.tilbudsugen.dk/1st-retail/2025/51/64202/Netto512025-1_29_36x83_2481x2143_zoom.jpg,2025-12-13,2025-12-19,https://res.cloudinary.com/dfqzmnlga/image/upload/v1765903652/2025-12-13/10876720.jpg,Pantyhose,"✨ I'm the ultimate comfort blanket of the body, keeping you cozy and ready for anything! ✨"
10876707,50.0,,Boligtekstiler,Dørmåtte,1,0,stk.,Netto,https://static.tilbudsugen.dk/1st-retail/2025/51/64202/Netto512025-1_28_2505x4708_4778x6803_zoom.jpg,2025-12-13,2025-12-19,https://res.cloudinary.com/dfqzmnlga/image/upload/v1765903652/2025-12-13/10876707.jpg,Door mat,✨ Floor protector that keeps your feet dry and your vibe elevated! ✨
10876710,149.0,,PC tilbehør,DVD Drev,1,0,stk.,Netto,https://static.tilbudsugen.dk/1st-retail/2025/51/64202/Netto512025-1_28_259x4707_2499x6848_zoom.jpg,2025-12-13,2025-12-19,https://res.cloudinary.com/dfqzmnlga/image/upload/v1765903652/2025-12-13/10876710.jpg,DVD Drive,"✨ DVD Drive: Rewind, replay, and relive your favorite moments! 🎬"
10876713,25.0,,Outdoor,Hue,1,0,stk.,Netto,https://static.tilbudsugen.dk/1st-retail/2025/51/64202/Netto512025-1_29_2493x249_4933x3384_zoom.jpg,2025-12-13,2025-12-19,https://res.cloudinary.com/dfqzmnlga/image/upload/v1765903653/2025-12-13/10876713.jpg,Hat,Wear your confidence with a hat—because every head is a unique masterpiece. 🎒
10876716,40.0,,Sokker/Strømper,Strømper,1,0,pk.,Netto,https://static.tilbudsugen.dk/1st-retail/2025/51/64202/Netto512025-1_29_2529x4720_4867x6542_zoom.jpg,2025-12-13,2025-12-19,https://res.cloudinary.com/dfqzmnlga/image/upload/v1765903653/2025-12-13/10876716.jpg,Stockings,✨Sock-clad adventurer who turns every aisle into a cozy adventure!
10876718,50.0,,Outdoor,Handsker,1,0,par,Netto,https://static.tilbudsugen.dk/1st-retail/2025/51/64202/Netto512025-1_29_178x2036_2446x3514_zoom.jpg,2025-12-13,2025-12-19,https://res.cloudinary.com/dfqzmnlga/image/upload/v1765903654/2025-12-13/10876718.jpg,Gloves,✨ Gloves are the ultimate stealthy superhero of the kitchen! ✨
10876581,25.0,,Vin og Bar,Skænkeprop,1,0,stk.,Netto,https://static.tilbudsugen.dk/1st-retail/2025/51/64202/Netto512025-1_31_221x2455_4793x4571_zoom.jpg,2025-12-13,2025-12-19,https://res.cloudinary.com/dfqzmnlga/image/upload/v1765903654/2025-12-13/10876581.jpg,Pouring plug,"✨ Pouring plug, ready to drip the perfect amount—no waste, just vibe. ✨"
10876586,20.0,,Service,Kop,1,0,stk.,Netto,https://static.tilbudsugen.dk/1st-retail/2025/51/64202/Netto512025-1_31_2504x4609_4804x6903_zoom.jpg,2025-12-13,2025-12-19,https://res.cloudinary.com/dfqzmnlga/image/upload/v1765903654/2025-12-13/10876586.jpg,Cup,"✨ Cup of joy, always full of surprises! 🌟"
10876595,15.0,,Diverse legetøj,Legetøj,1,0,stk.,Netto,https://static.tilbudsugen.dk/1st-retail/2025/51/64202/Netto512025-1_33_162x4717_2456x6827_zoom.jpg,2025-12-13,2025-12-19,https://res.cloudinary.com/dfqzmnlga/image/upload/v1765903655/2025-12-13/10876595.jpg,Toys,"Playful, imaginative, and full of giggles—*toys* are my favorite things! 🎉"
10876596,50.0,,Diverse legetøj,Legetøj,1,0,stk.,Netto,https://static.tilbudsugen.dk/1st-retail/2025/51/64202/Netto512025-1_33_2494x3848_4858x6773_zoom.jpg,2025-12-13,2025-12-19,https://res.cloudinary.com/dfqzmnlga/image/upload/v1765903655/2025-12-13/10876596.jpg,Toys,"✨ Playful, adventurous, and always ready to spark joy with a little bit of fun! ✨"
10876599,25.0,,Autotilbehør,Autotilbehør,1,0,stk.,Netto,https://static.tilbudsugen.dk/1st-retail/2025/51/64202/Netto512025-1_34_3276x85_4804x2406_zoom.jpg,2025-12-13,2025-12-19,https://res.cloudinary.com/dfqzmnlga/image/upload/v1765903656/2025-12-13/10876599.jpg,Auto-accessories,✨ Always there to upgrade your ride with the perfect touches!
10876602,18.0,Wunderbaum,Autotilbehør,Luftfriskere,1,0,stk.,Netto,https://static.tilbudsugen.dk/1st-retail/2025/51/64202/Netto512025-1_34_3298x2401_4825x4636_zoom.jpg,2025-12-13,2025-12-19,https://res.cloudinary.com/dfqzmnlga/image/upload/v1765903656/2025-12-13/10876602.jpg,Air fresheners,"Scented with a little spark, I refresh your space with a dash of fun and a sprinkle of flair. 🌟"
10876609,119.0,,Autotilbehør,Selepude,1,0,stk.,Netto,https://static.tilbudsugen.dk/1st-retail/2025/51/64202/Netto512025-1_35_3249x290_4825x1883_zoom.jpg,2025-12-13,2025-12-19,https://res.cloudinary.com/dfqzmnlga/image/upload/v1765903657/2025-12-13/10876609.jpg,Sole cushion,✨ Cushion that keeps your feet from sinking into the floor!
10876704,79.0,Swiffer,Rengøringsartikler,Dusterkit,1,0,pk.,Netto,https://static.tilbudsugen.dk/1st-retail/2025/51/64202/Netto512025-1_27_2426x3606_4945x6842_zoom.jpg,2025-12-13,2025-12-19,https://res.cloudinary.com/dfqzmnlga/image/upload/v1765903657/2025-12-13/10876704.jpg,Duster kit,"✨ Dust off your chaos with a duster kit—cleaning up messes, one wipe at a time! ✨"
10876576,30.0,,Bloklys,Bloklys,1,0,stk.,Netto,https://static.tilbudsugen.dk/1st-retail/2025/51/64202/Netto512025-1_30_189x4609_2656x6784_zoom.jpg,2025-12-13,2025-12-19,https://res.cloudinary.com/dfqzmnlga/image/upload/v1765903658/2025-12-13/10876576.jpg,Block lights,✨ Glow up your space with block lights! 🌟
10876580,25.0,,Køkkenartikler,Citruspresser,1,0,stk.,Netto,https://static.tilbudsugen.dk/1st-retail/2025/51/64202/Netto512025-1_31_221x2455_4793x4571_zoom.jpg,2025-12-13,2025-12-19,https://res.cloudinary.com/dfqzmnlga/image/upload/v1765903658/2025-12-13/10876580.jpg,Citrus presses,Pulp your possibilities with a twist—citrus presses make fresh vibes happen. 🍊
10876583,25.0,,Vin og Bar,Cocktail muddler,1,0,stk.,Netto,https://static.tilbudsugen.dk/1st-retail/2025/51/64202/Netto512025-1_31_221x2455_4793x4571_zoom.jpg,2025-12-13,2025-12-19,https://res.cloudinary.com/dfqzmnlga/image/upload/v1765903660/2025-12-13/10876583.jpg,Cocktail Muddles,"Mixing flavors into a vibrant drink, one sip at a time 🍸"
10876589,99.0,,"Biler, tog",Gummiged,1,0,stk.,Netto,https://static.tilbudsugen.dk/1st-retail/2025/51/64202/Netto512025-1_32_2526x3734_4831x6822_zoom.jpg,2025-12-13,2025-12-19,https://res.cloudinary.com/dfqzmnlga/image/upload/v1765903660/2025-12-13/10876589.jpg,Rubber goat,"Rubber goat 🐲 — I bounce, I bounce, I bounce!"
10876591,149.0,Disney,"Dukker, bamser & plysdyr",Dukke,1,0,stk.,Netto,https://static.tilbudsugen.dk/1st-retail/2025/51/64202/Netto512025-1_33_108x139_2515x2433_zoom.jpg,2025-12-13,2025-12-19,https://res.cloudinary.com/dfqzmnlga/image/upload/v1765903661/2025-12-13/10876591.jpg,Doll,"✨A doll who loves to play, laugh, and make everyone smile! ✨"
10876592,59.0,Disney,Diverse legetøj,Legetøj,1,0,stk.,Netto,https://static.tilbudsugen.dk/1st-retail/2025/51/64202/Netto512025-1_33_2537x155_4874x2406_zoom.jpg,2025-12-13,2025-12-19,https://res.cloudinary.com/dfqzmnlga/image/upload/v1765903662/2025-12-13/10876592.jpg,Toys,"Playful, energetic, and always ready to spark joy—✨ 🎉"
10876601,25.0,,Autotilbehør,Autotilbehør,1,0,stk.,Netto,https://static.tilbudsugen.dk/1st-retail/2025/51/64202/Netto512025-1_34_1754x2466_3276x4641_zoom.jpg,2025-12-13,2025-12-19,https://res.cloudinary.com/dfqzmnlga/image/upload/v1765903663/2025-12-13/10876601.jpg,Auto-accessories,🚀 Always ready to upgrade your ride with the best auto-accessories! 🚗
10876613,25.0,,Sikkerhed og hygiejne,Refleksvest,1,0,stk.,Netto,https://static.tilbudsugen.dk/1st-retail/2025/51/64202/Netto512025-1_35_3282x5154_4777x6806_zoom.jpg,2025-12-13,2025-12-19,https://res.cloudinary.com/dfqzmnlga/image/upload/v1765903663/2025-12-13/10876613.jpg,Reflex vest,"✨ Reflex vest, ready to flex your style and fend off the chaos! ✨"
10876614,25.0,,Autotilbehør,Isskraber,1,0,stk.,Netto,https://static.tilbudsugen.dk/1st-retail/2025/51/64202/Netto512025-1_35_1727x5186_3190x6854_zoom.jpg,2025-12-13,2025-12-19,https://res.cloudinary.com/dfqzmnlga/image/upload/v1765903671/2025-12-13/10876614.jpg,Ice scraper,"❄️ Scrape the chaos, one ice cube at a time."
10876712,79.0,,Arkivering,Fotoalbum,1,0,stk.,Netto,https://static.tilbudsugen.dk/1st-retail/2025/51/64202/Netto512025-1_28_212x219_4799x2407_zoom.jpg,2025-12-13,2025-12-19,https://res.cloudinary.com/dfqzmnlga/image/upload/v1765903672/2025-12-13/10876712.jpg,Photo Album,"✨ Memory lane, where every photo tells a story. 📸"
10876717,50.0,,Outdoor,Halsedisse,1,0,par,Netto,https://static.tilbudsugen.dk/1st-retail/2025/51/64202/Netto512025-1_29_119x3461_2469x6590_zoom.jpg,2025-12-13,2025-12-19,https://res.cloudinary.com/dfqzmnlga/image/upload/v1765903673/2025-12-13/10876717.jpg,Neck theses.,Snuggle up with a cozy neck wrap—perfect for chilly days and chilly vibes 🌡️
10876572,199.0,,Køkkenmaskiner,Paninigrill,1,0,stk.,Netto,https://static.tilbudsugen.dk/1st-retail/2025/51/64202/Netto512025-1_30_2710x4647_4793x6849_zoom.jpg,2025-12-13,2025-12-19,https://res.cloudinary.com/dfqzmnlga/image/upload/v1765903673/2025-12-13/10876572.jpg,Paninigrill,✨ Paninigrill: The flavor that turns mundane into masterpiece! ✨
10876578,40.0,,Vin og Bar,Shotdispenser,1,0,stk.,Netto,https://static.tilbudsugen.dk/1st-retail/2025/51/64202/Netto512025-1_31_200x161_2499x2390_zoom.jpg,2025-12-13,2025-12-19,https://res.cloudinary.com/dfqzmnlga/image/upload/v1765903674/2025-12-13/10876578.jpg,Shot dispenser,"Shot dispenser 🍸 | Pouring drinks with precision, one sip at a time."
10876582,25.0,,Vin og Bar,Målebæger,1,0,stk.,Netto,https://static.tilbudsugen.dk/1st-retail/2025/51/64202/Netto512025-1_31_221x2455_4793x4571_zoom.jpg,2025-12-13,2025-12-19,https://res.cloudinary.com/dfqzmnlga/image/upload/v1765903674/2025-12-13/10876582.jpg,Measuring cup,"✨ Measure, mix, and perfect—every recipe needs a perfect partner! ✨"
10876615,30.0,,Autotilbehør,Rygpude,1,0,stk.,Netto,https://static.tilbudsugen.dk/1st-retail/2025/51/64202/Netto512025-1_35_130x5159_1684x6876_zoom.jpg,2025-12-13,2025-12-19,https://res.cloudinary.com/dfqzmnlga/image/upload/v1765903675/2025-12-13/10876615.jpg,Back cushion,"Soft, comfy cushion that keeps your seat feeling like a dream — 🛏️"
10876617,30.0,,Autotilbehør,Autotilbehør,1,0,stk.,Netto,https://static.tilbudsugen.dk/1st-retail/2025/51/64202/Netto512025-1_35_184x236_3238x3448_zoom.jpg,2025-12-13,2025-12-19,https://res.cloudinary.com/dfqzmnlga/image/upload/v1765903676/2025-12-13/10876617.jpg,Auto-accessories,"🚗✨ Always there to upgrade your ride with the perfect touch—whether it's a dash cam, a sunroof, or a custom bumper. 🚗💨"
