data_id,price,brand,category,product_name,units,quantity,unit_type,store_name,image_url,start_date,end_date,public_urls,translated_product,tinder_bio
10932560,4.15,Lovena,"Vat, vatpinde",Vatrondeller,1,120,pk.,Netto,https://static.tilbudsugen.dk/1st-retail/2026/5/64452/Netto42026-1_8_67x697_2306x4450_zoom.jpg,2026-01-24,2026-01-30,https://res.cloudinary.com/dfqzmnlga/image/upload/v1769224095/2026-01-24/10932560.jpg,Waffles and wafers,"✨ Waffles and wafers, stacked with joy and flair! ✨"
10932464,20.0,Kleenex,Lommetørklæder,Lommetørklæder,1,112,pk.,Netto,https://static.tilbudsugen.dk/1st-retail/2026/5/64452/Netto42026-1_4_2356x2641_4914x4736_zoom.jpg,2026-01-24,2026-01-30,https://res.cloudinary.com/dfqzmnlga/image/upload/v1769224095/2026-01-24/10932464.jpg,Handkerchiefs,"✨ Soft whispers of comfort, always ready to catch a tear. ✨"
10932415,5.0,Skrald-let,Husholdningsartikler,Affaldsposer,1,15,pk.,Netto,https://static.tilbudsugen.dk/1st-retail/2026/5/64452/Netto42026-1_2_2457x133_4939x2514_zoom.jpg,2026-01-24,2026-01-30,https://res.cloudinary.com/dfqzmnlga/image/upload/v1769224096/2026-01-24/10932415.jpg,Waste bags,"Waste bags: the ultimate trash collectors, turning trash into treasure 🗑️"
10932416,5.0,,Husholdningsartikler,Bagepapir,1,12,pk.,Netto,https://static.tilbudsugen.dk/1st-retail/2026/5/64452/Netto42026-1_2_2457x133_4939x2514_zoom.jpg,2026-01-24,2026-01-30,https://res.cloudinary.com/dfqzmnlga/image/upload/v1769224097/2026-01-24/10932416.jpg,Bakery paper,"✨ Baked to perfection, folded to remember. 🍰"
10932644,49.0,at home CLEAN,Opvask,Maskinopvask-tabs,1,90,pk.,Netto,https://static.tilbudsugen.dk/1st-retail/2026/5/64452/Netto42026-1_22_42x4829_1767x6848_zoom.jpg,2026-01-24,2026-01-30,https://res.cloudinary.com/dfqzmnlga/image/upload/v1769224097/2026-01-24/10932644.jpg,Machine-washing losses,"✨ Laundry hero, but I lose my power when washed—so I’m here to save the day! ✨"
10932654,109.0,Bodylab,Kosttilskud,Træningstilskud,1,180,bg.,Netto,https://static.tilbudsugen.dk/1st-retail/2026/5/64452/Netto42026-1_22_3231x4803_4922x6874_zoom.jpg,2026-01-24,2026-01-30,https://res.cloudinary.com/dfqzmnlga/image/upload/v1769224097/2026-01-24/10932654.jpg,Training grants,"🔥 Training grants, because every step counts! 🎯"
10904784,18.0,Murph,Kosttilskud,Træningstilskud,1,20,stk.,Netto,https://static.tilbudsugen.dk/1st-retail/2026/2/64322/Netto022026-1_25_3299x1871_4924x3817_zoom.jpg,2026-01-02,2026-01-31,https://res.cloudinary.com/dfqzmnlga/image/upload/v1769224098/2026-01-24/10904784.jpg,Training grants,"Training grants: unlock your potential, one step at a time. 🎓"
10921780,18.0,Murph,Kosttilskud,Træningstilskud,1,20,stk.,Netto,https://static.tilbudsugen.dk/1st-retail/2026/4/64393/Netto32026-1_24_3274x1848_4935x3855_zoom.jpg,2026-01-01,2026-01-31,https://res.cloudinary.com/dfqzmnlga/image/upload/v1769224099/2026-01-24/10921780.jpg,Training grants,"🚀 Train your mind, upgrade your skills — because every grant is a step closer to greatness! 🌟"
10932448,10.0,Gold,Instant Kaffe,Instant Kaffe Latte Classic,1,10,pk.,Netto,https://static.tilbudsugen.dk/1st-retail/2026/5/64452/Netto42026-1_3_17x2514_2499x4728_zoom.jpg,2026-01-24,2026-01-30,https://res.cloudinary.com/dfqzmnlga/image/upload/v1769224099/2026-01-24/10932448.jpg,Instant Coffee Latte Classic," ☕✨ Sip, sip, and savor the perfect blend of coffee and cream—because life's too short for boring drinks."
10932454,10.0,Gold,Instant Kaffe,Instant Kaffe Cappuccino,1,10,pk.,Netto,https://static.tilbudsugen.dk/1st-retail/2026/5/64452/Netto42026-1_3_17x2514_2499x4728_zoom.jpg,2026-01-24,2026-01-30,https://res.cloudinary.com/dfqzmnlga/image/upload/v1769224100/2026-01-24/10932454.jpg,Instant Coffee Cappuccino,"☕️ Brewed anytime, anytime, everywhere."
10932449,10.0,Gold,Instant Kaffe,Instant Kaffe Latte Caramel,1,10,pk.,Netto,https://static.tilbudsugen.dk/1st-retail/2026/5/64452/Netto42026-1_3_17x2514_2499x4728_zoom.jpg,2026-01-24,2026-01-30,https://res.cloudinary.com/dfqzmnlga/image/upload/v1769224100/2026-01-24/10932449.jpg,Instant Coffee Latte Caramel,"☕️ Sip, savor, and sweeten your day with a latte that's as quick as it is delicious."
10932664,219.0,Nicorette,Nikotinprodukter,Nikotintyggegummi,1,210,pk.,Netto,https://static.tilbudsugen.dk/1st-retail/2026/5/64452/Netto42026-1_23_2423x1740_3736x3457_zoom.jpg,2026-01-24,2026-01-30,https://res.cloudinary.com/dfqzmnlga/image/upload/v1769224101/2026-01-24/10932664.jpg,Nicotine gum,Smile and take a hit—your cravings are satisfied. 🍫
10932667,219.0,Nicotinell,Nikotinprodukter,Nikotintyggegummi,1,204,stk.,Netto,https://static.tilbudsugen.dk/1st-retail/2026/5/64452/Netto42026-1_23_42x1698_2583x3533_zoom.jpg,2026-01-24,2026-01-30,https://res.cloudinary.com/dfqzmnlga/image/upload/v1769224101/2026-01-24/10932667.jpg,Nicotine gum,"Smile, relax, and feel the buzz—because every hit is a victory. 🌟"
10932697,29.0,Pukka,Te,Peppermint & Licorice Tebreve,1,20,pk.,Netto,https://static.tilbudsugen.dk/1st-retail/2026/5/64452/Netto42026-1_18_1623x34_3267x2459_zoom.jpg,2026-01-24,2026-01-30,https://res.cloudinary.com/dfqzmnlga/image/upload/v1769224102/2026-01-24/10932697.jpg,Peppermint & Licorice Tebreves,"Minty, licorice, and a dash of magic — perfect for any mood. 🍵✨"
10932702,29.0,Pukka,Te,Relax Tebreve,1,20,pk.,Netto,https://static.tilbudsugen.dk/1st-retail/2026/5/64452/Netto42026-1_18_1623x34_3267x2459_zoom.jpg,2026-01-24,2026-01-30,https://res.cloudinary.com/dfqzmnlga/image/upload/v1769224102/2026-01-24/10932702.jpg,Relax Tebrevs,"✨ Unwrap your stress with a little cozy relief—Relax Tebrevs, your silent companion in the chaos. 🌟"
10932700,29.0,Pukka,Te,Morning Berry Tebreve,1,20,pk.,Netto,https://static.tilbudsugen.dk/1st-retail/2026/5/64452/Netto42026-1_18_1623x34_3267x2459_zoom.jpg,2026-01-24,2026-01-30,https://res.cloudinary.com/dfqzmnlga/image/upload/v1769224103/2026-01-24/10932700.jpg,Morning Berry Tebreve,"✨ Berry-powered energy boost, delivered early! 🍓"
10932703,29.0,Pukka,Te,Night time Tebreve,1,20,pk.,Netto,https://static.tilbudsugen.dk/1st-retail/2026/5/64452/Netto42026-1_18_1623x34_3267x2459_zoom.jpg,2026-01-24,2026-01-30,https://res.cloudinary.com/dfqzmnlga/image/upload/v1769224103/2026-01-24/10932703.jpg,Night time Tebrevs,"✨🌙 Tebrevs glow brightest at night, lighting up the dark with their vibrant cheer! ✨"
10932711,29.0,Pukka,Te,Chamomile Vanilla & Manuka Honey Tebreve,1,20,pk.,Netto,https://static.tilbudsugen.dk/1st-retail/2026/5/64452/Netto42026-1_18_1623x34_3267x2459_zoom.jpg,2026-01-24,2026-01-30,https://res.cloudinary.com/dfqzmnlga/image/upload/v1769224104/2026-01-24/10932711.jpg,Chamomile Vanilla & Manuka Honey Tebrevs,"🌼 Sweet, soothing, and slightly spicy—perfect for any calm moment."
10932706,29.0,Pukka,Te,Three Ginger Tebreve,1,20,pk.,Netto,https://static.tilbudsugen.dk/1st-retail/2026/5/64452/Netto42026-1_18_1623x34_3267x2459_zoom.jpg,2026-01-24,2026-01-30,https://res.cloudinary.com/dfqzmnlga/image/upload/v1769224104/2026-01-24/10932706.jpg,Three Ginger Tebrevs,🔥 Ginger spice lover with a twist—three tebrevs in one! 🌿
10932701,29.0,Pukka,Te,Lemon Ginger & a touch of Manuka Honey Tebreve,1,20,pk.,Netto,https://static.tilbudsugen.dk/1st-retail/2026/5/64452/Netto42026-1_18_1623x34_3267x2459_zoom.jpg,2026-01-24,2026-01-30,https://res.cloudinary.com/dfqzmnlga/image/upload/v1769224105/2026-01-24/10932701.jpg,Lemon Ginger & a touch of Manuka Honey Tebrevs,"Citrusy, sweet, and slightly spicy — perfect for any day. 🍋✨"
10932698,29.0,Pukka,Te,Supreme Matcha Green Tebreve,1,20,pk.,Netto,https://static.tilbudsugen.dk/1st-retail/2026/5/64452/Netto42026-1_18_1623x34_3267x2459_zoom.jpg,2026-01-24,2026-01-30,https://res.cloudinary.com/dfqzmnlga/image/upload/v1769224106/2026-01-24/10932698.jpg,Supreme Matcha Green Tebreve,✨ Matcha lover with a side of bold flavor and a perfect blend of calm and chaos. 🌱
10932699,29.0,Pukka,Te,Three mint Tebreve,1,20,pk.,Netto,https://static.tilbudsugen.dk/1st-retail/2026/5/64452/Netto42026-1_18_1623x34_3267x2459_zoom.jpg,2026-01-24,2026-01-30,https://res.cloudinary.com/dfqzmnlga/image/upload/v1769224106/2026-01-24/10932699.jpg,Three mint Tebreve,"Minty refresh, never boring 🌿"
10932704,29.0,Pukka,Te,Lemongrass & Ginter Tebreve,1,20,pk.,Netto,https://static.tilbudsugen.dk/1st-retail/2026/5/64452/Netto42026-1_18_1623x34_3267x2459_zoom.jpg,2026-01-24,2026-01-30,https://res.cloudinary.com/dfqzmnlga/image/upload/v1769224107/2026-01-24/10932704.jpg,Lemongrass & Ginter Tebrevs,"Sip on the fresh, zesty flavor of lemongrass and ginter tebrevs, where every bite is a burst of sunshine and spice. 🌿✨"
10932639,69.0,Comfort,Bleer,Bleer str 4 7-12,1,37,pk.,Netto,https://static.tilbudsugen.dk/1st-retail/2026/5/64452/Netto42026-1_22_1632x4829_3256x6890_zoom.jpg,2026-01-24,2026-01-30,https://res.cloudinary.com/dfqzmnlga/image/upload/v1769224107/2026-01-24/10932639.jpg,Diapers size 4 7-12,"✨ Super soft, super snug, and super ready for any baby needs! 🧡"
10932660,19.95,Panodil,Medicin,Smertestillende,1,10,pk.,Netto,https://static.tilbudsugen.dk/1st-retail/2026/5/64452/Netto42026-1_23_3686x40_4914x1807_zoom.jpg,2026-01-24,2026-01-30,https://res.cloudinary.com/dfqzmnlga/image/upload/v1769224108/2026-01-24/10932660.jpg,Painkillers,Painkiller: Life's awkward moments? I'm here to make them feel a little less like a marathon. 🍀
10932874,20.0,,Papir,Kort,1,10,pk.,Netto,https://static.tilbudsugen.dk/1st-retail/2026/5/64452/Netto42026-1_29_74x4298_4897x6663_zoom.jpg,2026-01-24,2026-02-20,https://res.cloudinary.com/dfqzmnlga/image/upload/v1769224108/2026-01-24/10932874.jpg,Map,"A compass for the wandering heart, guiding you through the maze of your own thoughts. 🗺️"
10932492,12.0,Godt Papir,Husholdningspapir,Toiletpapir,1,6,pk.,Netto,https://static.tilbudsugen.dk/1st-retail/2026/5/64452/Netto42026-1_5_25x2287_2491x4551_zoom.jpg,2026-01-24,2026-01-30,https://res.cloudinary.com/dfqzmnlga/image/upload/v1769224109/2026-01-24/10932492.jpg,Toilet paper,Wipe away the stress with a little 💩 magic!
10934518,69.0,Comfort,Bleer,Bleer str 5 9-14 kg,1,34,pk.,Netto,https://static.tilbudsugen.dk/1st-retail/2026/5/64452/Netto42026-1_22_1632x4829_3256x6890_zoom.jpg,2026-01-24,2026-01-30,https://res.cloudinary.com/dfqzmnlga/image/upload/v1769224109/2026-01-24/10934518.jpg,Diapers size 5 9-14 kg,"Soft and reliable, like a good naptime companion—sizes up to 14 kg! 🛋️"
10934519,69.0,Comfort,Bleer,Bleer str 6 13-20 kg,1,32,pk.,Netto,https://static.tilbudsugen.dk/1st-retail/2026/5/64452/Netto42026-1_22_1632x4829_3256x6890_zoom.jpg,2026-01-24,2026-01-30,https://res.cloudinary.com/dfqzmnlga/image/upload/v1769224110/2026-01-24/10934519.jpg,Diapers size 6 13-20 kg,"Size 6, 13-20 kg: The ultimate shield against diaper rash and unexpected baby bumps. 🛡️"
10932684,25.0,Espresso Roast,Kapselkaffe,Kaffekapsler,1,10,pk.,Netto,https://static.tilbudsugen.dk/1st-retail/2026/5/64452/Netto42026-1_18_47x101_1590x2445_zoom.jpg,2026-01-24,2026-01-30,https://res.cloudinary.com/dfqzmnlga/image/upload/v1769224110/2026-01-24/10932684.jpg,Coffee capsules,☕️ Brew your day with me—because every cup is a new adventure.
10932685,25.0,Creamy Vanilla,Kapselkaffe,Kaffekapsler,1,10,pk.,Netto,https://static.tilbudsugen.dk/1st-retail/2026/5/64452/Netto42026-1_18_47x101_1590x2445_zoom.jpg,2026-01-24,2026-01-30,https://res.cloudinary.com/dfqzmnlga/image/upload/v1769224111/2026-01-24/10932685.jpg,Coffee capsules," ☕️ Sip, sip, and stay awake—because life's too short for boring coffee."
10932686,25.0,Caramel,Kapselkaffe,Kaffekapsler,1,10,pk.,Netto,https://static.tilbudsugen.dk/1st-retail/2026/5/64452/Netto42026-1_18_47x101_1590x2445_zoom.jpg,2026-01-24,2026-01-30,https://res.cloudinary.com/dfqzmnlga/image/upload/v1769224111/2026-01-24/10932686.jpg,Coffee capsules,☕️ Brew your own magic with every sip—because life's too short for average coffee.
10932687,25.0,House Blend Lungo,Kapselkaffe,Kaffekapsler,1,10,pk.,Netto,https://static.tilbudsugen.dk/1st-retail/2026/5/64452/Netto42026-1_18_47x101_1590x2445_zoom.jpg,2026-01-24,2026-01-30,https://res.cloudinary.com/dfqzmnlga/image/upload/v1769224111/2026-01-24/10932687.jpg,Coffee capsules,"☕️ Unwrap the morning with a fresh brew, one capsule at a time."
10934520,69.0,Up&Go,Bleer,Bleer str 6 Pants 13-20 kg,1,27,pk.,Netto,https://static.tilbudsugen.dk/1st-retail/2026/5/64452/Netto42026-1_22_1632x4829_3256x6890_zoom.jpg,2026-01-24,2026-01-30,https://res.cloudinary.com/dfqzmnlga/image/upload/v1769224112/2026-01-24/10934520.jpg,Diapers size 6 Pants 13-20 kg,"Size 6, 13-20 kg: The ultimate diaper warrior with a soft spot for pants. 🛠️"
10932657,65.0,Strepsils,Halsprodukter,Halstablet,1,24,pk.,Netto,https://static.tilbudsugen.dk/1st-retail/2026/5/64452/Netto42026-1_23_1464x0_3686x1841_zoom.jpg,2026-01-24,2026-01-30,https://res.cloudinary.com/dfqzmnlga/image/upload/v1769224112/2026-01-24/10932657.jpg,Necktablet,✨ Always charging your phone while keeping your neck in check!
10932563,3.5,,Frugt,Grapefrugt,1,1,stk.,Netto,https://static.tilbudsugen.dk/1st-retail/2026/5/64452/Netto42026-1_8_2407x3819_4998x6924_zoom.jpg,2026-01-24,2026-01-30,https://res.cloudinary.com/dfqzmnlga/image/upload/v1769224113/2026-01-24/10932563.jpg,Grapefruit,"Tropical twist, quenched refreshment, and a little citrus rebellion — I'm the grapefruit, unapologetically zesty. 🍐"
10932491,12.0,Godt Papir,Husholdningspapir,Køkkenrulle,1,3,pk.,Netto,https://static.tilbudsugen.dk/1st-retail/2026/5/64452/Netto42026-1_5_25x2287_2491x4551_zoom.jpg,2026-01-24,2026-01-30,https://res.cloudinary.com/dfqzmnlga/image/upload/v1769224113/2026-01-24/10932491.jpg,Kitchen roll,"Rolling up the fun, ready to make any meal feel like a celebration 🌟"
10932873,12.0,,Bånd/papir,Gavepapir,1,3,stk.,Netto,https://static.tilbudsugen.dk/1st-retail/2026/5/64452/Netto42026-1_29_74x4298_4897x6663_zoom.jpg,2026-01-24,2026-02-20,https://res.cloudinary.com/dfqzmnlga/image/upload/v1769224114/2026-01-24/10932873.jpg,Gift paper,"Wrap gifts in magic, one fold at a time ✨"
10932866,25.0,,Sokker/Strømper,Strømper,1,5,pk.,Netto,https://static.tilbudsugen.dk/1st-retail/2026/5/64452/Netto42026-1_30_54x2614_1650x4305_zoom.jpg,2026-01-24,2026-02-20,https://res.cloudinary.com/dfqzmnlga/image/upload/v1769224114/2026-01-24/10932866.jpg,Stockings,"✨ Tight, cozy, and always ready to wrap around your feet! ✨"
10932719,59.0,,Service,Sushisæt,1,11,pk.,Netto,https://static.tilbudsugen.dk/1st-retail/2026/5/64452/Netto42026-1_26_168x3642_2491x6806_zoom.jpg,2026-01-24,2026-01-30,https://res.cloudinary.com/dfqzmnlga/image/upload/v1769224115/2026-01-24/10932719.jpg,Sushi set,"Sushi set: sushi, sashimi, and the art of flavor. 🍣"
10932860,30.0,,Sokker/Strømper,Strømper,1,5,pk.,Netto,https://static.tilbudsugen.dk/1st-retail/2026/5/64452/Netto42026-1_32_2364x303_4756x2486_zoom.jpg,2026-01-24,2026-01-30,https://res.cloudinary.com/dfqzmnlga/image/upload/v1769224115/2026-01-24/10932860.jpg,Stockings,✨ My favorite thing to wrap around my feet—especially during winter! ✨
10932457,12.0,,Grønt,Pak Choy,1,2,pk.,Netto,https://static.tilbudsugen.dk/1st-retail/2026/5/64452/Netto42026-1_10_81x674_2438x2924_zoom.jpg,2026-01-24,2026-01-30,https://res.cloudinary.com/dfqzmnlga/image/upload/v1769224116/2026-01-24/10932457.jpg,Pack Choy,"Choy's a flavor-packed jack-of-all-trades, always ready to spice up your day with a perfect blend of taste and surprise! 🍅"
10932875,20.0,,Bånd/papir,Gavepose,1,3,pk.,Netto,https://static.tilbudsugen.dk/1st-retail/2026/5/64452/Netto42026-1_29_74x4298_4897x6663_zoom.jpg,2026-01-24,2026-02-20,https://res.cloudinary.com/dfqzmnlga/image/upload/v1769224117/2026-01-24/10932875.jpg,Gift bag,🎁 Heartwarming surprises inside—just for you!
10904508,25.0,Magnum,Multipak,Double Sunlover Ispinde,1,3,pk.,Netto,https://static.tilbudsugen.dk/1st-retail/2026/2/64322/Netto022026-1_15_3247x4773_4998x6833_zoom.jpg,2026-01-01,2026-01-31,https://res.cloudinary.com/dfqzmnlga/image/upload/v1769224117/2026-01-24/10904508.jpg,Double Sunlover Ispine,"✨ Sunlover with a twist—double the warmth, half the hassle!"
10904506,25.0,Magnum,Multipak,Wonder Ispinde ,1,3,pk.,Netto,https://static.tilbudsugen.dk/1st-retail/2026/2/64322/Netto022026-1_15_3247x4773_4998x6833_zoom.jpg,2026-01-01,2026-01-31,https://res.cloudinary.com/dfqzmnlga/image/upload/v1769224118/2026-01-24/10904506.jpg,Wonder Ispine,"✨ Unstoppable wonder, with a twist of spine. 🌟"
10904509,25.0,Magnum,Multipak,Ispinde,1,3,pk.,Netto,https://static.tilbudsugen.dk/1st-retail/2026/2/64322/Netto022026-1_15_3247x4773_4998x6833_zoom.jpg,2026-01-01,2026-01-31,https://res.cloudinary.com/dfqzmnlga/image/upload/v1769224119/2026-01-24/10904509.jpg,Popsicles,"Sip, slather, and smile—just like a popsicle! 🍦"
10932801,79.0,Lime,Sodavand,Cola 24 pk.,24,0,ds.,Netto,https://static.tilbudsugen.dk/1st-retail/2026/5/64452/Netto42026-1_20_13x768_1644x2870_zoom.jpg,2026-01-24,2026-01-30,https://res.cloudinary.com/dfqzmnlga/image/upload/v1769224120/2026-01-24/10932801.jpg,Cola 24 pk.,"Fizzing fun, never boring — 🚶‍♂️"
10932800,79.0,Pepsi Max,Sodavand,Cola 24 pk.,24,0,ds.,Netto,https://static.tilbudsugen.dk/1st-retail/2026/5/64452/Netto42026-1_20_13x768_1644x2870_zoom.jpg,2026-01-24,2026-01-30,https://res.cloudinary.com/dfqzmnlga/image/upload/v1769224120/2026-01-24/10932800.jpg,Cola 24 pk.,"Sip, savor, and never forget—Cola 24 pk. 🍹"
10932799,79.0,Faxe Kondi,Sodavand,Sportssodavand 24 pk.,24,0,ds.,Netto,https://static.tilbudsugen.dk/1st-retail/2026/5/64452/Netto42026-1_20_13x768_1644x2870_zoom.jpg,2026-01-24,2026-01-30,https://res.cloudinary.com/dfqzmnlga/image/upload/v1769224121/2026-01-24/10932799.jpg,Sports soda 24 pk.,"Sip, sprint, and stay hydrated—because life's too short for empty bottles! 🍹💪"
10932379,10.0,Wiener ,Iste & Iskaffe,Iskaffe,1,1,stk.,Netto,https://static.tilbudsugen.dk/1st-retail/2026/5/64452/Netto42026-1_1_109x4854_2541x6604_zoom.jpg,2026-01-24,2026-01-30,https://res.cloudinary.com/dfqzmnlga/image/upload/v1769224121/2026-01-24/10932379.jpg,Ice coffee,"❄️ Ice coffee: The perfect chill for your day, served with a side of frost."
10932381,10.0,Cappuccino,Iste & Iskaffe,Iskaffe,1,1,stk.,Netto,https://static.tilbudsugen.dk/1st-retail/2026/5/64452/Netto42026-1_1_109x4854_2541x6604_zoom.jpg,2026-01-24,2026-01-30,https://res.cloudinary.com/dfqzmnlga/image/upload/v1769224122/2026-01-24/10932381.jpg,Ice coffee,"I'm the ice coffee, chillin' with a sprinkle of frost and a dash of flavor—because life's too short for boring brews! 🍵❄️"
10932384,10.0,Monday & Salted Caramel,Iste & Iskaffe,Iskaffe,1,1,krt.,Netto,https://static.tilbudsugen.dk/1st-retail/2026/5/64452/Netto42026-1_1_109x4854_2541x6604_zoom.jpg,2026-01-24,2026-01-30,https://res.cloudinary.com/dfqzmnlga/image/upload/v1769224123/2026-01-24/10932384.jpg,Ice coffee,❄️ Freeze your day with a sip of icy delight!
10932417,5.0,Cola,Energi- Sports- & Vitamindrikke,Energidrik,1,0,ds.,Netto,https://static.tilbudsugen.dk/1st-retail/2026/5/64452/Netto42026-1_2_17x2540_2583x4702_zoom.jpg,2026-01-24,2026-01-30,https://res.cloudinary.com/dfqzmnlga/image/upload/v1769224123/2026-01-24/10932417.jpg,Energy Drink,"💥 Supercharged energy, no limits — just pure power! 🌟"
10932420,5.0,Sportssmag,Energi- Sports- & Vitamindrikke,Energidrik,1,0,ds.,Netto,https://static.tilbudsugen.dk/1st-retail/2026/5/64452/Netto42026-1_2_17x2540_2583x4702_zoom.jpg,2026-01-24,2026-01-30,https://res.cloudinary.com/dfqzmnlga/image/upload/v1769224123/2026-01-24/10932420.jpg,Energy Drink,💥 Never forget to charge your energy—because life's too short for flat batteries!
10932418,5.0,Lemon-Lime,Energi- Sports- & Vitamindrikke,Energidrik,1,0,ds.,Netto,https://static.tilbudsugen.dk/1st-retail/2026/5/64452/Netto42026-1_2_17x2540_2583x4702_zoom.jpg,2026-01-24,2026-01-30,https://res.cloudinary.com/dfqzmnlga/image/upload/v1769224124/2026-01-24/10932418.jpg,Energy Drink,🔥 Never underestimate the power of a little caffeine—because I'm here to keep you going. 🌟
10932673,30.0,,Køkkenartikler,Plastikbøtter,1,3,pk.,Netto,https://static.tilbudsugen.dk/1st-retail/2026/5/64452/Netto42026-1_24_177x3709_1784x5342_zoom.jpg,2026-01-24,2026-01-30,https://res.cloudinary.com/dfqzmnlga/image/upload/v1769224124/2026-01-24/10932673.jpg,Plastic buckets,"✨ Bucket master, always full of fun and spills!"
10932382,10.0,Chocomel,Mælk m/smag,Kakaomælk,1,1,krt.,Netto,https://static.tilbudsugen.dk/1st-retail/2026/5/64452/Netto42026-1_1_109x4854_2541x6604_zoom.jpg,2026-01-24,2026-01-30,https://res.cloudinary.com/dfqzmnlga/image/upload/v1769224126/2026-01-24/10932382.jpg,Cocoa milk,"☕️ The sweetest sip of joy, poured into every cup."
10932419,5.0,Regular,Energi- Sports- & Vitamindrikke,Energidrik,1,0,ds.,Netto,https://static.tilbudsugen.dk/1st-retail/2026/5/64452/Netto42026-1_2_17x2540_2583x4702_zoom.jpg,2026-01-24,2026-01-30,https://res.cloudinary.com/dfqzmnlga/image/upload/v1769224127/2026-01-24/10932419.jpg,Energy Drink,💥 Spark your day with a shot of energy—because life's too short for flat energy. 🌟
10932551,10.5,ØGO,Grønt,Bladselleri,1,1,stk.,Netto,https://static.tilbudsugen.dk/1st-retail/2026/5/64452/Netto42026-1_7_93x604_3256x2952_zoom.jpg,2026-01-24,2026-01-30,https://res.cloudinary.com/dfqzmnlga/image/upload/v1769224128/2026-01-24/10932551.jpg,Celery,"Savory, crisp, and slightly spicy—perfect for a quick snack or a bold twist on a salad. 🥕"
10921698,69.0,Pepsi Max,Sodavand,Cola 18 pk.,18,0,ds.,Netto,https://static.tilbudsugen.dk/1st-retail/2026/4/64393/Netto32026-1_20_2416x3769_4848x6807_zoom.jpg,2026-01-01,2026-01-31,https://res.cloudinary.com/dfqzmnlga/image/upload/v1769224128/2026-01-24/10921698.jpg,Cola 18 pk.,"Sip, savor, and never forget—Cola 18 pk. 🍹"
10904716,69.0,0 Kalorier,Sodavand,Sportssodavand 18 pk.,18,0,ds.,Netto,https://static.tilbudsugen.dk/1st-retail/2026/2/64322/Netto022026-1_22_3233x4815_4973x6886_zoom.jpg,2026-01-02,2026-01-31,https://res.cloudinary.com/dfqzmnlga/image/upload/v1769224129/2026-01-24/10904716.jpg,Sports soda 18 pk.,"Sip, swing, and sip some sports soda—because life's a game, and so is your thirst! 🍹"
10921699,69.0,0 Kalorier,Sodavand,Sportssodavand 18 pk.,18,0,ds.,Netto,https://static.tilbudsugen.dk/1st-retail/2026/4/64393/Netto32026-1_20_2416x3769_4848x6807_zoom.jpg,2026-01-01,2026-01-31,https://res.cloudinary.com/dfqzmnlga/image/upload/v1769224129/2026-01-24/10921699.jpg,Sports soda 18 pk.,"Sip, sweat, and shine—sports soda keeps you fueled! 🥤"
10904715,69.0,Pepsi Max,Sodavand,Cola 18 pk.,18,0,ds.,Netto,https://static.tilbudsugen.dk/1st-retail/2026/2/64322/Netto022026-1_22_3233x4815_4973x6886_zoom.jpg,2026-01-02,2026-01-31,https://res.cloudinary.com/dfqzmnlga/image/upload/v1769224130/2026-01-24/10904715.jpg,Cola 18 pk.,"Sip, savor, and never forget—Cola 18 pk. 🍹"
10914227,12.0,Naturli',Vegetabilske drikke,Rugdrik,1,1,stk.,Netto,https://static.tilbudsugen.dk/1st-retail/2026/3/64366/Netto032026-1_11_41x4376_2516x6859_zoom.jpg,2026-01-02,2026-01-31,https://res.cloudinary.com/dfqzmnlga/image/upload/v1769224131/2026-01-24/10914227.jpg,Rye drink,"Sip, savor, and sip again—Rye drink, never a repeat. 🍄"
10914230,12.0,Oat Barista Tasty Wiener,Vegetabilske drikke,Havredrik,1,1,stk.,Netto,https://static.tilbudsugen.dk/1st-retail/2026/3/64366/Netto032026-1_11_41x4376_2516x6859_zoom.jpg,2026-01-02,2026-01-31,https://res.cloudinary.com/dfqzmnlga/image/upload/v1769224131/2026-01-24/10914230.jpg,Oat drink,"✨ A creamy cup of comfort, perfect for any mood. ✨"
10932541,12.0,Naturli',Vegetabilske drikke,Havredrik,1,1,stk.,Netto,https://static.tilbudsugen.dk/1st-retail/2026/5/64452/Netto42026-1_14_101x3820_4910x5079_zoom.jpg,2026-01-01,2026-01-31,https://res.cloudinary.com/dfqzmnlga/image/upload/v1769224132/2026-01-24/10932541.jpg,Oat drink,"✨ Brewed with oats, it's the perfect pick for a calm, cozy day! 🌟"
10932538,12.0,Naturli',Vegetabilske drikke,Mandeldrik,1,1,stk.,Netto,https://static.tilbudsugen.dk/1st-retail/2026/5/64452/Netto42026-1_14_101x3820_4910x5079_zoom.jpg,2026-01-01,2026-01-31,https://res.cloudinary.com/dfqzmnlga/image/upload/v1769224132/2026-01-24/10932538.jpg,Almond Drink,"✨ Flavors that melt in your mouth, one sip at a time. ✨"
10932546,12.0,Oat Barista Tasty Pumpkin Spice,Vegetabilske drikke,Havredrik,1,1,stk.,Netto,https://static.tilbudsugen.dk/1st-retail/2026/5/64452/Netto42026-1_14_101x3820_4910x5079_zoom.jpg,2026-01-01,2026-01-31,https://res.cloudinary.com/dfqzmnlga/image/upload/v1769224132/2026-01-24/10932546.jpg,Oat drink,"✨ Brewed with oats, it's the perfect pick for any morning adventure!"
10932540,12.0,Naturli',Vegetabilske drikke,Soyadrik Kakao,1,1,stk.,Netto,https://static.tilbudsugen.dk/1st-retail/2026/5/64452/Netto42026-1_14_101x3820_4910x5079_zoom.jpg,2026-01-01,2026-01-31,https://res.cloudinary.com/dfqzmnlga/image/upload/v1769224133/2026-01-24/10932540.jpg,Soyadrik Cocoa,"✨ Cocoa that makes your day brighter, one flavor at a time!"
10932542,12.0,Naturli',Vegetabilske drikke,Rugdrik,1,1,stk.,Netto,https://static.tilbudsugen.dk/1st-retail/2026/5/64452/Netto42026-1_14_101x3820_4910x5079_zoom.jpg,2026-01-01,2026-01-31,https://res.cloudinary.com/dfqzmnlga/image/upload/v1769224133/2026-01-24/10932542.jpg,Rye drink,"Rye drink: Brewed with bold flavors, not just a beverage. 🍄"
10932543,12.0,Naturli',Vegetabilske drikke,Soyadrik Vanilje,1,1,stk.,Netto,https://static.tilbudsugen.dk/1st-retail/2026/5/64452/Netto42026-1_14_101x3820_4910x5079_zoom.jpg,2026-01-01,2026-01-31,https://res.cloudinary.com/dfqzmnlga/image/upload/v1769224133/2026-01-24/10932543.jpg,Soyadrik Vanilla,"Soyadrik Vanilla: The sweet, creamy joy that makes every day a little sweeter 🍫"
10932544,12.0,Oat Barista,Vegetabilske drikke,Havredrik,1,1,stk.,Netto,https://static.tilbudsugen.dk/1st-retail/2026/5/64452/Netto42026-1_14_101x3820_4910x5079_zoom.jpg,2026-01-01,2026-01-31,https://res.cloudinary.com/dfqzmnlga/image/upload/v1769224134/2026-01-24/10932544.jpg,Oat drink,"☕️ Sip on the calm, one cup at a time."
10914226,12.0,Naturli',Vegetabilske drikke,Havredrik,1,1,stk.,Netto,https://static.tilbudsugen.dk/1st-retail/2026/3/64366/Netto032026-1_11_41x4376_2516x6859_zoom.jpg,2026-01-02,2026-01-31,https://res.cloudinary.com/dfqzmnlga/image/upload/v1769224134/2026-01-24/10914226.jpg,Oat drink,"☕️ Smoothie for your day, brewed with oats and joy!"
10914228,12.0,Naturli',Vegetabilske drikke,Soyadrik Vanilje,1,1,stk.,Netto,https://static.tilbudsugen.dk/1st-retail/2026/3/64366/Netto032026-1_11_41x4376_2516x6859_zoom.jpg,2026-01-02,2026-01-31,https://res.cloudinary.com/dfqzmnlga/image/upload/v1769224135/2026-01-24/10914228.jpg,Soyadrik Vanilla,"Soyadrik Vanilla: The sweet, creamy joy that makes every day a little sweeter 🍫"
10914229,12.0,Oat Barista,Vegetabilske drikke,Havredrik,1,1,stk.,Netto,https://static.tilbudsugen.dk/1st-retail/2026/3/64366/Netto032026-1_11_41x4376_2516x6859_zoom.jpg,2026-01-02,2026-01-31,https://res.cloudinary.com/dfqzmnlga/image/upload/v1769224135/2026-01-24/10914229.jpg,Oat drink,"Sip on the calm, sprinkle some joy—just like oat drink! 🥤✨"
10914216,12.0,Naturli',Vegetabilske drikke,Mandeldrik,1,1,stk.,Netto,https://static.tilbudsugen.dk/1st-retail/2026/3/64366/Netto032026-1_11_41x4376_2516x6859_zoom.jpg,2026-01-02,2026-01-31,https://res.cloudinary.com/dfqzmnlga/image/upload/v1769224136/2026-01-24/10914216.jpg,Almond Drink,"✨ Smooth, creamy, and surprisingly refreshing — the almond drink that keeps things light and delicious! ✨"
10914225,12.0,Naturli',Vegetabilske drikke,Soyadrik Kakao,1,1,stk.,Netto,https://static.tilbudsugen.dk/1st-retail/2026/3/64366/Netto032026-1_11_41x4376_2516x6859_zoom.jpg,2026-01-02,2026-01-31,https://res.cloudinary.com/dfqzmnlga/image/upload/v1769224136/2026-01-24/10914225.jpg,Soyadrik Cocoa,"✨ Cocoa that makes your day brighter, one sip at a time! 🌟"
10914231,12.0,Oat Barista Tasty Pumpkin Spice,Vegetabilske drikke,Havredrik,1,1,stk.,Netto,https://static.tilbudsugen.dk/1st-retail/2026/3/64366/Netto032026-1_11_41x4376_2516x6859_zoom.jpg,2026-01-02,2026-01-31,https://res.cloudinary.com/dfqzmnlga/image/upload/v1769224137/2026-01-24/10914231.jpg,Oat drink,"✨ Sip on the perfect blend of oats and joy, wherever your day takes you! ✨"
10932545,12.0,Oat Barista Tasty Wiener,Vegetabilske drikke,Havredrik,1,1,stk.,Netto,https://static.tilbudsugen.dk/1st-retail/2026/5/64452/Netto42026-1_14_101x3820_4910x5079_zoom.jpg,2026-01-01,2026-01-31,https://res.cloudinary.com/dfqzmnlga/image/upload/v1769224137/2026-01-24/10932545.jpg,Oat drink,"✨ Smooth, creamy, and perfect for any mood — oat drink, wherever you are! ✨"
10932721,25.0,,Køkkenredskaber,Sushimåtter,1,2,pk.,Netto,https://static.tilbudsugen.dk/1st-retail/2026/5/64452/Netto42026-1_26_2457x5123_4729x6874_zoom.jpg,2026-01-24,2026-01-30,https://res.cloudinary.com/dfqzmnlga/image/upload/v1769224138/2026-01-24/10932721.jpg,Sushi mats,Sushi mats: the perfect way to catch the waves of flavor and style. 🍣
10932724,25.0,,"Skåle, fade og forme",Skålesæt,1,2,pk.,Netto,https://static.tilbudsugen.dk/1st-retail/2026/5/64452/Netto42026-1_26_202x175_4813x3659_zoom.jpg,2026-01-24,2026-01-30,https://res.cloudinary.com/dfqzmnlga/image/upload/v1769224138/2026-01-24/10932724.jpg,Bowl set,"✨Bowl set, ready to serve up joy and mess! 🍽️"
10932806,79.0,Grøn,Øl,Øl 18 pk.,18,0,ds.,Netto,https://static.tilbudsugen.dk/1st-retail/2026/5/64452/Netto42026-1_20_61x2843_1711x4830_zoom.jpg,2026-01-24,2026-01-30,https://res.cloudinary.com/dfqzmnlga/image/upload/v1769224139/2026-01-24/10932806.jpg,Beer 18 pc.,"Sip, laugh, and let the brew speak — I'm the bartender of your evening. 🍻"
10932807,79.0,Nordlyst,Øl,Øl 18 pk.,18,0,ds.,Netto,https://static.tilbudsugen.dk/1st-retail/2026/5/64452/Netto42026-1_20_61x2843_1711x4830_zoom.jpg,2026-01-24,2026-01-30,https://res.cloudinary.com/dfqzmnlga/image/upload/v1769224139/2026-01-24/10932807.jpg,Beer 18 pc.,"Sip, laugh, and let the beer flow—life's too short for boring drinks. 🍻"
10932808,79.0,Pilsner,Øl,Øl 18 pk.,18,0,ds.,Netto,https://static.tilbudsugen.dk/1st-retail/2026/5/64452/Netto42026-1_20_61x2843_1711x4830_zoom.jpg,2026-01-24,2026-01-30,https://res.cloudinary.com/dfqzmnlga/image/upload/v1769224140/2026-01-24/10932808.jpg,Beer 18 pc.,"Sip, savor, and share—beer is life. 🍻"
10932836,15.0,Frugt Frisk,Saft,Appelsinnektar drik,1,1,krt.,Netto,https://static.tilbudsugen.dk/1st-retail/2026/5/64452/Netto42026-1_20_3287x276_4937x2829_zoom.jpg,2026-01-24,2026-01-30,https://res.cloudinary.com/dfqzmnlga/image/upload/v1769224140/2026-01-24/10932836.jpg,Orange nectar drink,"Citrusy delight, sweet and zesty—just add a dash of sunshine. 🍊"
10932575,15.0,,Grønt,Spidskål,1,1,stk.,Netto,https://static.tilbudsugen.dk/1st-retail/2026/5/64452/Netto42026-1_9_3627x5426_4922x6865_zoom.jpg,2026-01-24,2026-01-30,https://res.cloudinary.com/dfqzmnlga/image/upload/v1769224141/2026-01-24/10932575.jpg,Chinese cabbages/pe-tsai,"Bitterly sweet, secretly spicy, and always ready to make a feast — pe-tsai, the vegetable that rules the kitchen. 🥦"
10932460,15.0,,Frugt,Pomelo,1,1,stk.,Netto,https://static.tilbudsugen.dk/1st-retail/2026/5/64452/Netto42026-1_10_1563x2816_3274x4729_zoom.jpg,2026-01-24,2026-01-30,https://res.cloudinary.com/dfqzmnlga/image/upload/v1769224141/2026-01-24/10932460.jpg,Pomelo,"Pomelo: Slightly tart, slightly sweet, and always ready for a good citrus twist. 🍊"
10932604,15.0,Hello Sensitive,"Sæbe, bad, dusch",Flydende sæbe,1,1,stk.,Netto,https://static.tilbudsugen.dk/1st-retail/2026/5/64452/Netto42026-1_21_210x4761_1868x6730_zoom.jpg,2026-01-24,2026-01-30,https://res.cloudinary.com/dfqzmnlga/image/upload/v1769224142/2026-01-24/10932604.jpg,Liquid soap,"Lather up, rinse, repeat — my job is to keep things clean and fresh! 🧼"
10932824,15.0,Frugt Frisk,Saft,Multifrugtnektar drik,1,1,krt.,Netto,https://static.tilbudsugen.dk/1st-retail/2026/5/64452/Netto42026-1_20_3287x276_4937x2829_zoom.jpg,2026-01-24,2026-01-30,https://res.cloudinary.com/dfqzmnlga/image/upload/v1769224142/2026-01-24/10932824.jpg,Multi fruit nectar drink,"Sip, savor, and sweeten your day with a dash of flavor—because every bite is a celebration of taste! 🍓✨"
10932837,15.0,Frugt Frisk,Saft,Æblenektar drik,1,1,krt.,Netto,https://static.tilbudsugen.dk/1st-retail/2026/5/64452/Netto42026-1_20_3287x276_4937x2829_zoom.jpg,2026-01-24,2026-01-30,https://res.cloudinary.com/dfqzmnlga/image/upload/v1769224143/2026-01-24/10932837.jpg,Appletar Drink,"Sip, sip, and smile—Appletar Drink keeps your day fresh and fun! 🍹✨"
10932459,14.0,ØGO,Grønt,Gulerødder,1,0,ps.,Netto,https://static.tilbudsugen.dk/1st-retail/2026/5/64452/Netto42026-1_10_47x2903_1576x4743_zoom.jpg,2026-01-24,2026-01-30,https://res.cloudinary.com/dfqzmnlga/image/upload/v1769224143/2026-01-24/10932459.jpg,Carrots,Golden roots with a twist—turning simple into spectacular! 🍂
10932820,15.0,Rigtig Lemonade,Saft,Pink Grapefrugt Hyldeblomst Lemonade,1,0,fl.,Netto,https://static.tilbudsugen.dk/1st-retail/2026/5/64452/Netto42026-1_20_3287x276_4937x2829_zoom.jpg,2026-01-24,2026-01-30,https://res.cloudinary.com/dfqzmnlga/image/upload/v1769224144/2026-01-24/10932820.jpg,Pink Grapefruit Elderflower Lemonade,"A tangy, fizzy delight that's as refreshing as it is bold — 🍹✨"
10932821,15.0,Rigtig Lemonade,Saft,Citronlemonade,1,0,fl.,Netto,https://static.tilbudsugen.dk/1st-retail/2026/5/64452/Netto42026-1_20_3287x276_4937x2829_zoom.jpg,2026-01-24,2026-01-30,https://res.cloudinary.com/dfqzmnlga/image/upload/v1769224145/2026-01-24/10932821.jpg,Lemon lemonade,"Sip, sizzle, and shine—lemon lemonade, the refreshment that turns every moment into a sparkling adventure! 🍋✨"
10932823,15.0,Rigtig Lemonade,Saft,Passionsfrugt Jordbær,1,0,fl.,Netto,https://static.tilbudsugen.dk/1st-retail/2026/5/64452/Netto42026-1_20_3287x276_4937x2829_zoom.jpg,2026-01-24,2026-01-30,https://res.cloudinary.com/dfqzmnlga/image/upload/v1769224145/2026-01-24/10932823.jpg,Passion fruit Strawberry,"Passion fruit and strawberry: sweet, bold, and always in season 🍓🍓"
10932489,7.0,Hatting,Dybfrost Kager & Tærter,Fastelavnsboller,1,0,ps.,Netto,https://static.tilbudsugen.dk/1st-retail/2026/5/64452/Netto42026-1_5_2583x116_4965x2380_zoom.jpg,2026-01-24,2026-01-30,https://res.cloudinary.com/dfqzmnlga/image/upload/v1769224146/2026-01-24/10932489.jpg,Fast low-low-balls,"Ballistic, low-key, and always in the game—just don't expect me to stop mid-sentence. 🎯"
10932747,99.0,,"Skåle, fade og forme",Skålesæt,1,5,pk.,Netto,https://static.tilbudsugen.dk/1st-retail/2026/5/64452/Netto42026-1_27_135x520_4216x3524_zoom.jpg,2026-01-24,2026-01-30,https://res.cloudinary.com/dfqzmnlga/image/upload/v1769224146/2026-01-24/10932747.jpg,Bowl set,✨ Bowls are the universe's favorite cozy blanket for your kitchen adventures! ✨
10932535,5.0,Egelykke,Mellemmåltider,Drikkeyoghurt Skovbær,1,0,fl.,Netto,https://static.tilbudsugen.dk/1st-retail/2026/5/64452/Netto42026-1_14_1657x2189_3274x3826_zoom.jpg,2026-01-24,2026-01-30,https://res.cloudinary.com/dfqzmnlga/image/upload/v1769224147/2026-01-24/10932535.jpg,Drinking yoghurt Forestberries,"Sip, snack, and savour the sweet spot—yoghurt with a twist! 🍯✨"
10932451,10.0,SunJoy,Juice,Appelsinjuice,1,0,fl.,Netto,https://static.tilbudsugen.dk/1st-retail/2026/5/64452/Netto42026-1_3_93x4601_2465x6848_zoom.jpg,2026-01-24,2026-01-30,https://res.cloudinary.com/dfqzmnlga/image/upload/v1769224148/2026-01-24/10932451.jpg,Orange juice,"Citrusy refreshment, ready to spark your day ☕🍊"
10932815,10.0,Sport 001,Energi- Sports- & Vitamindrikke,Vitamindrik,1,0,fl.,Netto,https://static.tilbudsugen.dk/1st-retail/2026/5/64452/Netto42026-1_20_1644x728_3328x2796_zoom.jpg,2026-01-24,2026-01-30,https://res.cloudinary.com/dfqzmnlga/image/upload/v1769224148/2026-01-24/10932815.jpg,Vitamin Drink,✨ Boost your energy with a vitamin boost — your body deserves the spark! ✨
10932816,10.0,Antioxidant Fersken,Energi- Sports- & Vitamindrikke,Vitamindrik,1,0,fl.,Netto,https://static.tilbudsugen.dk/1st-retail/2026/5/64452/Netto42026-1_20_1644x728_3328x2796_zoom.jpg,2026-01-24,2026-01-30,https://res.cloudinary.com/dfqzmnlga/image/upload/v1769224149/2026-01-24/10932816.jpg,Vitamin Drink,✨ Boost your energy with a vitamin boost! 🌟
10932507,20.0,ØGO,Frugt,Æbler,1,1,ps.,Netto,https://static.tilbudsugen.dk/1st-retail/2026/5/64452/Netto42026-1_6_93x208_2634x2497_zoom.jpg,2026-01-24,2026-01-30,https://res.cloudinary.com/dfqzmnlga/image/upload/v1769224149/2026-01-24/10932507.jpg,Apples,"Red delicious, always ripe and ready for the perfect bite! 🍎"
10932537,5.0,Egelykke,Mellemmåltider,Drikkeyoghurt Jordbær,1,0,fl.,Netto,https://static.tilbudsugen.dk/1st-retail/2026/5/64452/Netto42026-1_14_1657x2189_3274x3826_zoom.jpg,2026-01-24,2026-01-30,https://res.cloudinary.com/dfqzmnlga/image/upload/v1769224150/2026-01-24/10932537.jpg,Drinking yoghurt Strawberry,"Sip, swirl, and smile—strawberry yogurt is the ultimate refresh. 🍓"
10932425,5.0,Coffee & Milk,Iste & Iskaffe,Iskaffe,1,0,stk.,Netto,https://static.tilbudsugen.dk/1st-retail/2026/5/64452/Netto42026-1_2_84x4559_2608x6857_zoom.jpg,2026-01-24,2026-01-30,https://res.cloudinary.com/dfqzmnlga/image/upload/v1769224150/2026-01-24/10932425.jpg,Ice coffee,"Cold brew with a twist — ice, passion, and a dash of surprise. 🍵"
10932452,10.0,SunJoy,Juice,Hindbærjuice,1,0,fl.,Netto,https://static.tilbudsugen.dk/1st-retail/2026/5/64452/Netto42026-1_3_93x4601_2465x6848_zoom.jpg,2026-01-24,2026-01-30,https://res.cloudinary.com/dfqzmnlga/image/upload/v1769224151/2026-01-24/10932452.jpg,Raspberry juice,"Tart and sweet, with a twist—my flavor is pure, refreshing, and unforgettable. 🍓"
10932533,5.0,Egelykke,Mellemmåltider,Drikkeyoghurt Fersken & Mango,1,0,fl.,Netto,https://static.tilbudsugen.dk/1st-retail/2026/5/64452/Netto42026-1_14_1657x2189_3274x3826_zoom.jpg,2026-01-24,2026-01-30,https://res.cloudinary.com/dfqzmnlga/image/upload/v1769224152/2026-01-24/10932533.jpg,Drinking yogurt Peach & Mango,"Sip, snack, and smile: Peach & Mango Drinker 🍐✨"
10932817,10.0,Defence Citrus og Hyldeblomst,Energi- Sports- & Vitamindrikke,Vitamindrik,1,0,fl.,Netto,https://static.tilbudsugen.dk/1st-retail/2026/5/64452/Netto42026-1_20_1644x728_3328x2796_zoom.jpg,2026-01-24,2026-01-30,https://res.cloudinary.com/dfqzmnlga/image/upload/v1769224153/2026-01-24/10932817.jpg,Vitamin Drink,✨ Boost your energy with a vitamin boost! ✨
10932818,10.0,Zero Pineapple,Energi- Sports- & Vitamindrikke,Vitamindrik,1,0,fl.,Netto,https://static.tilbudsugen.dk/1st-retail/2026/5/64452/Netto42026-1_20_1644x728_3328x2796_zoom.jpg,2026-01-24,2026-01-30,https://res.cloudinary.com/dfqzmnlga/image/upload/v1769224153/2026-01-24/10932818.jpg,Vitamin Drink,✨ Boost your energy with a vitamin boost! 🌟
10932819,10.0,Reload Citron Lime,Energi- Sports- & Vitamindrikke,Vitamindrik,1,0,fl.,Netto,https://static.tilbudsugen.dk/1st-retail/2026/5/64452/Netto42026-1_20_1644x728_3328x2796_zoom.jpg,2026-01-24,2026-01-30,https://res.cloudinary.com/dfqzmnlga/image/upload/v1769224154/2026-01-24/10932819.jpg,Vitamin Drink,✨ Boost your energy with a vitamin boost! ✨
10932814,10.0,Zero Rasperry,Energi- Sports- & Vitamindrikke,Vitamindrik,1,0,fl.,Netto,https://static.tilbudsugen.dk/1st-retail/2026/5/64452/Netto42026-1_20_1644x728_3328x2796_zoom.jpg,2026-01-24,2026-01-30,https://res.cloudinary.com/dfqzmnlga/image/upload/v1769224154/2026-01-24/10932814.jpg,Vitamin Drink,✨ Energize your day with a vitamin boost! 🌟
10932623,15.0,Harpic,Rengøringsmidler,WC-rens,1,0,stk.,Netto,https://static.tilbudsugen.dk/1st-retail/2026/5/64452/Netto42026-1_22_3223x2826_4948x4829_zoom.jpg,2026-01-24,2026-01-30,https://res.cloudinary.com/dfqzmnlga/image/upload/v1769224154/2026-01-24/10932623.jpg,WC-cleansing,"Washing clean, always. 🧼"
10932536,5.0,Egelykke,Mellemmåltider,Drikkeyoghurt Lemon & Lime,1,0,fl.,Netto,https://static.tilbudsugen.dk/1st-retail/2026/5/64452/Netto42026-1_14_1657x2189_3274x3826_zoom.jpg,2026-01-24,2026-01-30,https://res.cloudinary.com/dfqzmnlga/image/upload/v1769224155/2026-01-24/10932536.jpg,Drinkyogurt Lemon & Lime,"Sip, savor, and spark—Drinkyogurt Lemon & Lime, the refreshment that turns every bite into a tropical dream. 🍋"
10932450,10.0,SunJoy,Juice,Tropical Juice,1,0,fl.,Netto,https://static.tilbudsugen.dk/1st-retail/2026/5/64452/Netto42026-1_3_93x4601_2465x6848_zoom.jpg,2026-01-24,2026-01-30,https://res.cloudinary.com/dfqzmnlga/image/upload/v1769224156/2026-01-24/10932450.jpg,Tropical Juice,"Sip on the vibrant flavor of the world—fresh, fruity, and always tropical! 🍹"
10932515,18.0,GodMorgen,Juice,Æblejuice,1,0,fl.,Netto,https://static.tilbudsugen.dk/1st-retail/2026/5/64452/Netto42026-1_14_54x2243_1650x3773_zoom.jpg,2026-01-24,2026-01-30,https://res.cloudinary.com/dfqzmnlga/image/upload/v1769224156/2026-01-24/10932515.jpg,Apple juice,"Tart and refreshing, I'm the juice that brings a smile to your lips—freshly squeezed, always. 🍎✨"
10932516,18.0,GodMorgen,Juice,Appelsin Nektar Juice,1,0,fl.,Netto,https://static.tilbudsugen.dk/1st-retail/2026/5/64452/Netto42026-1_14_54x2243_1650x3773_zoom.jpg,2026-01-24,2026-01-30,https://res.cloudinary.com/dfqzmnlga/image/upload/v1769224157/2026-01-24/10932516.jpg,Orange Nectar Juice,"Tropical twist on a morning pick-me-up, served with a side of sunshine 🍊"
10932517,18.0,GodMorgen,Juice,Tropisk Juice,1,0,fl.,Netto,https://static.tilbudsugen.dk/1st-retail/2026/5/64452/Netto42026-1_14_54x2243_1650x3773_zoom.jpg,2026-01-24,2026-01-30,https://res.cloudinary.com/dfqzmnlga/image/upload/v1769224157/2026-01-24/10932517.jpg,Tropical Juice,"Sip, savor, and swing—Tropical Juice is the vibe! 🍹"
10932490,18.0,GodMorgen,Juice,Mango Hindbær Juice,1,0,fl.,Netto,https://static.tilbudsugen.dk/1st-retail/2026/5/64452/Netto42026-1_14_54x2243_1650x3773_zoom.jpg,2026-01-24,2026-01-30,https://res.cloudinary.com/dfqzmnlga/image/upload/v1769224157/2026-01-24/10932490.jpg,Mango Raspberry Juice,"Sweet, tangy, and refreshing — the perfect punch to your day 🍌🍓"
10932520,22.0,Cheasy,Syrnet morgenmad,Skovbær Skyr ,1,1,bg.,Netto,https://static.tilbudsugen.dk/1st-retail/2026/5/64452/Netto42026-1_14_3233x94_4877x2210_zoom.jpg,2026-01-24,2026-01-30,https://res.cloudinary.com/dfqzmnlga/image/upload/v1769224158/2026-01-24/10932520.jpg,Blackberries Clover,"Sour, sweet, and unforgettable—blackberries clover, always in bloom. 🍓🌿"
10932523,22.0,Cheasy,Syrnet morgenmad,Vanilje Skyr ,1,1,bg.,Netto,https://static.tilbudsugen.dk/1st-retail/2026/5/64452/Netto42026-1_14_3233x94_4877x2210_zoom.jpg,2026-01-24,2026-01-30,https://res.cloudinary.com/dfqzmnlga/image/upload/v1769224158/2026-01-24/10932523.jpg,Vanilla Skyr,"Syrupy, creamy, and perfectly sweet — the ultimate dreamy breakfast companion 🍯"
10932521,22.0,Cheasy,Syrnet morgenmad,Naturel Skyr ,1,1,bg.,Netto,https://static.tilbudsugen.dk/1st-retail/2026/5/64452/Netto42026-1_14_3233x94_4877x2210_zoom.jpg,2026-01-24,2026-01-30,https://res.cloudinary.com/dfqzmnlga/image/upload/v1769224159/2026-01-24/10932521.jpg,Natural Skyr,"Skyr, the creamy, tangy wonder that lifts your day with a sprinkle of joy. 🥤"
10932522,22.0,Cheasy,Syrnet morgenmad,Mango & Lime Skyr ,1,1,bg.,Netto,https://static.tilbudsugen.dk/1st-retail/2026/5/64452/Netto42026-1_14_3233x94_4877x2210_zoom.jpg,2026-01-24,2026-01-30,https://res.cloudinary.com/dfqzmnlga/image/upload/v1769224159/2026-01-24/10932522.jpg,Mango & Lime Skyr,"Sour and sweet, perfect for any mood — just ask me what I'm made of. 🍌🍋"
10921136,20.0,Løgismose,Syrnet morgenmad,Rabeber & Æble Skyr ,1,0,bg.,Netto,https://static.tilbudsugen.dk/1st-retail/2026/4/64393/Netto32026-1_2_2440x258_4911x2533_zoom.jpg,2026-01-01,2026-01-31,https://res.cloudinary.com/dfqzmnlga/image/upload/v1769224160/2026-01-24/10921136.jpg,Rabeber & Apple Skyr,"Rabeber & Apple Skyr: The perfect blend of sweet and tangy, with a sprinkle of flavor. 🍐✨"
10904426,20.0,Løgismose,Syrnet morgenmad,Rabeber & Æble Skyr ,1,0,bg.,Netto,https://static.tilbudsugen.dk/1st-retail/2026/2/64322/Netto022026-1_5_58x4898_2458x6853_zoom.jpg,2026-01-02,2026-01-31,https://res.cloudinary.com/dfqzmnlga/image/upload/v1769224160/2026-01-24/10904426.jpg,Rabeber & Apple Skyr,"Rabeber & Apple Skyr: The sweet, tangy blend that makes every bite a flavor adventure 🍐✨"
10921135,20.0,Løgismose,Syrnet morgenmad,Vanilje Skyr ,1,0,bg.,Netto,https://static.tilbudsugen.dk/1st-retail/2026/4/64393/Netto32026-1_2_2440x258_4911x2533_zoom.jpg,2026-01-01,2026-01-31,https://res.cloudinary.com/dfqzmnlga/image/upload/v1769224161/2026-01-24/10921135.jpg,Vanilla Skyr,"✨ Vanilla Skyr: The sweet, creamy, and slightly tangy superhero of breakfast! 🌟"
10904424,20.0,Løgismose,Syrnet morgenmad,Naturel Skyr ,1,0,bg.,Netto,https://static.tilbudsugen.dk/1st-retail/2026/2/64322/Netto022026-1_5_58x4898_2458x6853_zoom.jpg,2026-01-02,2026-01-31,https://res.cloudinary.com/dfqzmnlga/image/upload/v1769224161/2026-01-24/10904424.jpg,Natural Skyr,"Skyr, the creamy dream of the sea, with a twist of joy and a sprinkle of flavor. 🥣✨"
10904425,20.0,Løgismose,Syrnet morgenmad,Vanilje Skyr ,1,0,bg.,Netto,https://static.tilbudsugen.dk/1st-retail/2026/2/64322/Netto022026-1_5_58x4898_2458x6853_zoom.jpg,2026-01-02,2026-01-31,https://res.cloudinary.com/dfqzmnlga/image/upload/v1769224162/2026-01-24/10904425.jpg,Vanilla Skyr,"Crisp, creamy, and perfectly sweet — the sky's favorite flavor. 🌌✨"
10921132,20.0,Løgismose,Syrnet morgenmad,Naturel Skyr ,1,0,bg.,Netto,https://static.tilbudsugen.dk/1st-retail/2026/4/64393/Netto32026-1_2_2440x258_4911x2533_zoom.jpg,2026-01-01,2026-01-31,https://res.cloudinary.com/dfqzmnlga/image/upload/v1769224162/2026-01-24/10921132.jpg,Natural Skyr,Skyr that's sky-high in flavor and sky-low in calories 🌌✨
10932594,25.0,Hello Sensitive,"Sæbe, bad, dusch",Bodyshampoo,1,1,stk.,Netto,https://static.tilbudsugen.dk/1st-retail/2026/5/64452/Netto42026-1_21_1876x259_4914x2868_zoom.jpg,2026-01-24,2026-01-30,https://res.cloudinary.com/dfqzmnlga/image/upload/v1769224163/2026-01-24/10932594.jpg,Body shampoo,✨Lather up your day with my refreshing scent!
10932595,25.0,Hello Sensitive,Shampoo,Shampoo,1,1,stk.,Netto,https://static.tilbudsugen.dk/1st-retail/2026/5/64452/Netto42026-1_21_1876x259_4914x2868_zoom.jpg,2026-01-24,2026-01-30,https://res.cloudinary.com/dfqzmnlga/image/upload/v1769224163/2026-01-24/10932595.jpg,Shampoo,Garnish your day with a little shine—because even the most mundane moments deserve a little sparkle. 🌟
10932624,25.0,Bamseline,Skyllemiddel,Skyllemiddel,1,0,stk.,Netto,https://static.tilbudsugen.dk/1st-retail/2026/5/64452/Netto42026-1_22_1582x2708_3349x4829_zoom.jpg,2026-01-24,2026-01-30,https://res.cloudinary.com/dfqzmnlga/image/upload/v1769224164/2026-01-24/10932624.jpg,Sliding agent,"✨ Sliding agent, making things slide smoothly and fun! 🌟"
10932565,8.47,Danonino,Mellemmåltider,"Jordbær, Banan & Abrikos yoghurt",1,0,pk.,Netto,https://static.tilbudsugen.dk/1st-retail/2026/5/64452/Netto42026-1_8_42x4711_2566x6899_zoom.jpg,2026-01-24,2026-01-30,https://res.cloudinary.com/dfqzmnlga/image/upload/v1769224164/2026-01-24/10932565.jpg,"Strawberries, Banana & Apricot yogurt","Sour, sweet, and slightly tangy—perfect for a morning latte. 🍓🍑 Yogurt"
10932621,15.0,Vel,Opvask,Opvaskemiddel,1,0,fl.,Netto,https://static.tilbudsugen.dk/1st-retail/2026/5/64452/Netto42026-1_22_3223x2826_4948x4829_zoom.jpg,2026-01-24,2026-01-30,https://res.cloudinary.com/dfqzmnlga/image/upload/v1769224165/2026-01-24/10932621.jpg,Dishwasher,"Wash, rinse, repeat — and never forget the sparkle! 💧✨"
10932458,15.0,,Frugt,Vindruer,1,0,bk.,Netto,https://static.tilbudsugen.dk/1st-retail/2026/5/64452/Netto42026-1_10_2216x606_4910x2984_zoom.jpg,2026-01-24,2026-01-30,https://res.cloudinary.com/dfqzmnlga/image/upload/v1769224165/2026-01-24/10932458.jpg,Grapes,"Sip, savor, and share—each grape a tiny victory. 🍇"
10932620,15.0,Vel,Opvask,Opvaskemiddel,1,0,fl.,Netto,https://static.tilbudsugen.dk/1st-retail/2026/5/64452/Netto42026-1_22_3223x2826_4948x4829_zoom.jpg,2026-01-24,2026-01-30,https://res.cloudinary.com/dfqzmnlga/image/upload/v1769224165/2026-01-24/10932620.jpg,Dishwasher,"Wash the dishes, clean the chaos, and leave the mess behind — I'm the hero of the kitchen! 🧼"
10932802,99.0,,Australske vine,Australsk Rødvin,1,3,krt.,Netto,https://static.tilbudsugen.dk/1st-retail/2026/5/64452/Netto42026-1_20_20x4891_2486x6858_zoom.jpg,2026-01-24,2026-01-30,https://res.cloudinary.com/dfqzmnlga/image/upload/v1769224166/2026-01-24/10932802.jpg,Australian Red Wine,"Ripely spiced, bold, and boldly bold — my Australian Red Wine is the perfect companion to any bold evening. 🍷"
10932803,99.0,,Australske vine,Australsk Rosevin,1,3,krt.,Netto,https://static.tilbudsugen.dk/1st-retail/2026/5/64452/Netto42026-1_20_20x4891_2486x6858_zoom.jpg,2026-01-24,2026-01-30,https://res.cloudinary.com/dfqzmnlga/image/upload/v1769224166/2026-01-24/10932803.jpg,Australian Rosevin,"🌸 Australian Rosevin: The ultimate flavor of the land, fresh and vibrant, with a touch of nature's charm. 🌿"
10932804,99.0,,Australske vine,Australsk Hvidvin,1,3,krt.,Netto,https://static.tilbudsugen.dk/1st-retail/2026/5/64452/Netto42026-1_20_20x4891_2486x6858_zoom.jpg,2026-01-24,2026-01-30,https://res.cloudinary.com/dfqzmnlga/image/upload/v1769224167/2026-01-24/10932804.jpg,Australian White wine,Sip the perfect blend of sun and sea with every sip—Australian White wine 🍷
10932805,99.0,,Italienske vine,Italiensk Rødvin,1,3,krt.,Netto,https://static.tilbudsugen.dk/1st-retail/2026/5/64452/Netto42026-1_20_20x4891_2486x6858_zoom.jpg,2026-01-24,2026-01-30,https://res.cloudinary.com/dfqzmnlga/image/upload/v1769224167/2026-01-24/10932805.jpg,Italian Red Wine,"Sip, savor, and let the flavor speak—Italian Red Wine 🍷"
10932852,99.0,NIKE,Løb og fitness,Strømper,1,3,pk.,Netto,https://static.tilbudsugen.dk/1st-retail/2026/5/64452/Netto42026-1_32_249x950_2479x2412_zoom.jpg,2026-01-24,2026-01-30,https://res.cloudinary.com/dfqzmnlga/image/upload/v1769224168/2026-01-24/10932852.jpg,Stockings,"✨ My favorite thing to wrap around feet, but also a great way to stay cozy and stylish! ✨"
10932742,99.0,,Køkkenredskaber,Tacoholdere,1,3,pk.,Netto,https://static.tilbudsugen.dk/1st-retail/2026/5/64452/Netto42026-1_27_135x520_4216x3524_zoom.jpg,2026-01-24,2026-01-30,https://res.cloudinary.com/dfqzmnlga/image/upload/v1769224168/2026-01-24/10932742.jpg,Taco-holders,"Savoring flavor, one taco at a time 🌮✨"
10932598,25.0,Bistronne,Færdigretter Frost,Kyllingenuggets,1,0,ps.,Netto,https://static.tilbudsugen.dk/1st-retail/2026/5/64452/Netto42026-1_16_3280x2816_4944x4796_zoom.jpg,2026-01-24,2026-01-30,https://res.cloudinary.com/dfqzmnlga/image/upload/v1769224169/2026-01-24/10932598.jpg,Chicken uggets,🔥 Chick-fil-A's secret weapon – the chicken that never misses! 🥩
10932547,14.0,Javisst,Boller & Morgenbrød,Boller,1,0,ps.,Netto,https://static.tilbudsugen.dk/1st-retail/2026/5/64452/Netto42026-1_15_2458x755_4998x2789_zoom.jpg,2026-01-24,2026-01-30,https://res.cloudinary.com/dfqzmnlga/image/upload/v1769224169/2026-01-24/10932547.jpg,Balls,"Bouncy and bold, I'm the perfect partner for any fun adventure—just don't forget to roll up your sleeves! 🌟"
10932548,14.0,LingonGrova,Rugbrød i Skiver,Rugbrødsskiver,1,0,pk.,Netto,https://static.tilbudsugen.dk/1st-retail/2026/5/64452/Netto42026-1_15_2458x755_4998x2789_zoom.jpg,2026-01-24,2026-01-30,https://res.cloudinary.com/dfqzmnlga/image/upload/v1769224169/2026-01-24/10932548.jpg,Rye bread slices,"Toast-worthy rebellion, served on a slice. 🍞"
10921697,69.0,Energy,Energi- Sports- & Vitamindrikke,Energidrik 8 pk.,8,0,ds.,Netto,https://static.tilbudsugen.dk/1st-retail/2026/4/64393/Netto32026-1_20_2416x3769_4848x6807_zoom.jpg,2026-01-01,2026-01-31,https://res.cloudinary.com/dfqzmnlga/image/upload/v1769224170/2026-01-24/10921697.jpg,Energy Drink 8 pk.,💥 Power up your day with 8 energizing hits! 🌟
10904706,69.0,Energy,Energi- Sports- & Vitamindrikke,Energidrik 8 pk.,8,0,ds.,Netto,https://static.tilbudsugen.dk/1st-retail/2026/2/64322/Netto022026-1_22_3233x4815_4973x6886_zoom.jpg,2026-01-02,2026-01-31,https://res.cloudinary.com/dfqzmnlga/image/upload/v1769224170/2026-01-24/10904706.jpg,Energy Drink 8 pk.,"🔥 Supercharged with energy, ready to crush anything!"
10932868,69.0,,Boligtekstiler,Håndklæde,1,2,pk.,Netto,https://static.tilbudsugen.dk/1st-retail/2026/5/64452/Netto42026-1_30_216x4359_3577x6548_zoom.jpg,2026-01-24,2026-02-20,https://res.cloudinary.com/dfqzmnlga/image/upload/v1769224170/2026-01-24/10932868.jpg,Towel,"Soft, versatile, and always ready to wipe away the day's adventures 🧼"
10932628,25.0,Omo,Vaskemiddel,Vaskemiddel-flydende,1,0,fl.,Netto,https://static.tilbudsugen.dk/1st-retail/2026/5/64452/Netto42026-1_22_1582x2708_3349x4829_zoom.jpg,2026-01-24,2026-01-30,https://res.cloudinary.com/dfqzmnlga/image/upload/v1769224171/2026-01-24/10932628.jpg,Laundry liquid,"Wash your clothes, but don't worry—my job is done. 🧼"
10932629,25.0,Omo,Vaskemiddel,Vaskepulver,1,0,pk.,Netto,https://static.tilbudsugen.dk/1st-retail/2026/5/64452/Netto42026-1_22_1582x2708_3349x4829_zoom.jpg,2026-01-24,2026-01-30,https://res.cloudinary.com/dfqzmnlga/image/upload/v1769224172/2026-01-24/10932629.jpg,Washing powder,✨ Clean your life with a splash of sparkle!
10932555,27.26,ØGO,Is,Vanilje is,1,0,bg.,Netto,https://static.tilbudsugen.dk/1st-retail/2026/5/64452/Netto42026-1_7_2297x4551_4948x6865_zoom.jpg,2026-01-24,2026-01-30,https://res.cloudinary.com/dfqzmnlga/image/upload/v1769224172/2026-01-24/10932555.jpg,Vanilla ice,"✨ Vanilla ice, sweet and creamy, melting into your heart with every bite. ✨"
10932798,12.0,Raspberry,Sodavand,Cola,1,0,fl.,Netto,https://static.tilbudsugen.dk/1st-retail/2026/5/64452/Netto42026-1_19_1738x781_3240x2607_zoom.jpg,2026-01-24,2026-01-30,https://res.cloudinary.com/dfqzmnlga/image/upload/v1769224173/2026-01-24/10932798.jpg,Cola,"Sip, savor, and never let the taste fade—because cola is always fresh! 🍹"
10932754,12.0,Lemon,Sodavand,Cola,1,0,ds.,Netto,https://static.tilbudsugen.dk/1st-retail/2026/5/64452/Netto42026-1_19_1738x781_3240x2607_zoom.jpg,2026-01-24,2026-01-30,https://res.cloudinary.com/dfqzmnlga/image/upload/v1769224174/2026-01-24/10932754.jpg,Cola,"Sip, savor, and never forget the spark of a great drink—*Cola* is the flavor that never sleeps. 🐾"
10932440,10.0,Næmt,Dej Køl,Butterdej,1,0,pk.,Netto,https://static.tilbudsugen.dk/1st-retail/2026/5/64452/Netto42026-1_3_2381x91_4998x2464_zoom.jpg,2026-01-24,2026-01-30,https://res.cloudinary.com/dfqzmnlga/image/upload/v1769224174/2026-01-24/10932440.jpg,Butter dough,"Soft, fluffy, and slightly cheesy, I melt in your hands—perfect for a warm, comforting treat. 🧁"
10932567,10.0,Næmt,Dej Køl,Butterdej,1,0,pk.,Netto,https://static.tilbudsugen.dk/1st-retail/2026/5/64452/Netto42026-1_9_2508x1361_3719x3019_zoom.jpg,2026-01-24,2026-01-30,https://res.cloudinary.com/dfqzmnlga/image/upload/v1769224175/2026-01-24/10932567.jpg,Butter dough,"Melted into perfection, butter dough is the star of the kitchen—flaky, creamy, and always in demand. 🧁"
10932360,10.0,Shaker,RTD,Original RTD,1,0,fl.,Netto,https://static.tilbudsugen.dk/1st-retail/2026/5/64452/Netto42026-1_1_2449x4896_4998x6672_zoom.jpg,2026-01-24,2026-01-30,https://res.cloudinary.com/dfqzmnlga/image/upload/v1769224175/2026-01-24/10932360.jpg,Original RTD,"Original RTD: The flavor that never fades, always fresh and vibrant. 🍵"
10932358,10.0,Shaker,RTD,Sport Pink RTD,1,0,fl.,Netto,https://static.tilbudsugen.dk/1st-retail/2026/5/64452/Netto42026-1_1_2449x4896_4998x6672_zoom.jpg,2026-01-24,2026-01-30,https://res.cloudinary.com/dfqzmnlga/image/upload/v1769224176/2026-01-24/10932358.jpg,Sport Pink RTD,"Sport Pink RTD: The ultimate energy booster, ready to conquer anything! 🌟"
10932359,10.0,Shaker,RTD,Sport Pink RTD,1,0,fl.,Netto,https://static.tilbudsugen.dk/1st-retail/2026/5/64452/Netto42026-1_1_2449x4896_4998x6672_zoom.jpg,2026-01-24,2026-01-30,https://res.cloudinary.com/dfqzmnlga/image/upload/v1769224176/2026-01-24/10932359.jpg,Sport Pink RTD,Sport Pink RTD: The color that makes every moment feel like a high-energy sprint! 🎉
10932463,59.0,Rose,Kylling,Kylling,1,1,stk.,Netto,https://static.tilbudsugen.dk/1st-retail/2026/5/64452/Netto42026-1_12_2102x88_4998x3099_zoom.jpg,2026-01-24,2026-01-30,https://res.cloudinary.com/dfqzmnlga/image/upload/v1769224177/2026-01-24/10932463.jpg,Chicken,"Sizzling with flavor, ready to take the plate! 🍗"
10932479,15.0,Danpo,Kylling,Kyllingeoverlår,1,0,bk.,Netto,https://static.tilbudsugen.dk/1st-retail/2026/5/64452/Netto42026-1_13_20x67_2593x2351_zoom.jpg,2026-01-24,2026-01-30,https://res.cloudinary.com/dfqzmnlga/image/upload/v1769224177/2026-01-24/10932479.jpg,Chicken upper thighs,"🔥Sizzling with flavor, ready to conquer your taste buds! 🥩"
10932549,14.0,Solstykker,Boller & Morgenbrød,Boller,1,0,ps.,Netto,https://static.tilbudsugen.dk/1st-retail/2026/5/64452/Netto42026-1_15_2458x755_4998x2789_zoom.jpg,2026-01-24,2026-01-30,https://res.cloudinary.com/dfqzmnlga/image/upload/v1769224178/2026-01-24/10932549.jpg,Balls,"Bouncy and bold, I'm the ultimate party staple—rolling, rhyming, and never stopping! 🌟"
10932469,19.95,Velsmag,Grisekød,Flæskesteg,1,0,stk.,Netto,https://static.tilbudsugen.dk/1st-retail/2026/5/64452/Netto42026-1_12_67x1192_2048x3058_zoom.jpg,2026-01-24,2026-01-30,https://res.cloudinary.com/dfqzmnlga/image/upload/v1769224178/2026-01-24/10932469.jpg,Pork roast,"Sizzling with flavor, ready to conquer the plate! 🍖"
10932618,12.0,Palmolive,"Sæbe, bad, dusch",Flydende sæbe,1,0,stk.,Netto,https://static.tilbudsugen.dk/1st-retail/2026/5/64452/Netto42026-1_22_1632x671_3324x2893_zoom.jpg,2026-01-24,2026-01-30,https://res.cloudinary.com/dfqzmnlga/image/upload/v1769224179/2026-01-24/10932618.jpg,Liquid soap,"Lather up, smile, and let the world know you're here to clean up! 🧼"
10932617,12.0,Palmolive,"Sæbe, bad, dusch",Bodyshampoo,1,0,stk.,Netto,https://static.tilbudsugen.dk/1st-retail/2026/5/64452/Netto42026-1_22_1632x671_3324x2893_zoom.jpg,2026-01-24,2026-01-30,https://res.cloudinary.com/dfqzmnlga/image/upload/v1769224179/2026-01-24/10932617.jpg,Body shampoo,✨Lather up your day with my refreshing scent!
10932725,12.0,Taffel,Snacknødder & Nøddeblandinger,Cheddar Peanut Crunch,1,0,ps.,Netto,https://static.tilbudsugen.dk/1st-retail/2026/5/64452/Netto42026-1_18_34x2472_1670x4615_zoom.jpg,2026-01-24,2026-01-30,https://res.cloudinary.com/dfqzmnlga/image/upload/v1769224180/2026-01-24/10932725.jpg,Cheddar Peanut Crunch,"Crunchy, creamy, and cheesy — your taste buds will thank you. 🍬✨"
10932526,32.0,Løgismose,Syrnet morgenmad,Græsk Yoghurt Solbær & Aronia,1,0,bg.,Netto,https://static.tilbudsugen.dk/1st-retail/2026/5/64452/Netto42026-1_14_2317x5113_4937x6716_zoom.jpg,2026-01-24,2026-01-30,https://res.cloudinary.com/dfqzmnlga/image/upload/v1769224180/2026-01-24/10932526.jpg,Greek Yogurt Currant & Aronia,"Savor the tang of adventure with Greek Yogurt Currant & Aronia — where sweetness meets spice, and every spoonful is a flavor adventure. 🍹"
10932524,32.0,Løgismose,Syrnet morgenmad,Græsk Yoghurt 10%,1,0,bg.,Netto,https://static.tilbudsugen.dk/1st-retail/2026/5/64452/Netto42026-1_14_2317x5113_4937x6716_zoom.jpg,2026-01-24,2026-01-30,https://res.cloudinary.com/dfqzmnlga/image/upload/v1769224180/2026-01-24/10932524.jpg,Greek Yogurt 10%,"Savory, creamy, and slightly tangy—perfect for a morning boost! 🥛"
10932525,32.0,Løgismose,Syrnet morgenmad,Græsk Yoghurt 2%,1,0,bg.,Netto,https://static.tilbudsugen.dk/1st-retail/2026/5/64452/Netto42026-1_14_2317x5113_4937x6716_zoom.jpg,2026-01-24,2026-01-30,https://res.cloudinary.com/dfqzmnlga/image/upload/v1769224181/2026-01-24/10932525.jpg,Greek Yogurt 2%,"Satisfy your cravings with a creamy, tangy twist—yogurt that's both healthy and high-energy! 🥤"
10932354,10.0,Breezer,RTD,Zingy Lime RTD,1,0,ds.,Netto,https://static.tilbudsugen.dk/1st-retail/2026/5/64452/Netto42026-1_1_2449x4896_4998x6672_zoom.jpg,2026-01-24,2026-01-30,https://res.cloudinary.com/dfqzmnlga/image/upload/v1769224182/2026-01-24/10932354.jpg,Zingy Lime RTD,Zingy Lime RTD: The refreshment that turns every moment into a tropical escape 🍋
10932666,20.0,Funny Hunny,Morgenmadsprodukter,Crispy Funny Morgenmadsprodukt,1,0,ps.,Netto,https://static.tilbudsugen.dk/1st-retail/2026/5/64452/Netto42026-1_18_3267x101_4998x2418_zoom.jpg,2026-01-24,2026-01-30,https://res.cloudinary.com/dfqzmnlga/image/upload/v1769224182/2026-01-24/10932666.jpg,Crispy Funny Breakfast product,Savoring the perfect blend of humor and crunch—because breakfast is always better with a smile. 😄
10932508,20.0,ØGO,Juice,Ingefærshot Gurkemeje,1,0,fl.,Netto,https://static.tilbudsugen.dk/1st-retail/2026/5/64452/Netto42026-1_6_2533x2430_4931x4711_zoom.jpg,2026-01-24,2026-01-30,https://res.cloudinary.com/dfqzmnlga/image/upload/v1769224183/2026-01-24/10932508.jpg,Ginger Shot Turmeric,Zesty kickstart to your day with a dash of warmth and a sprinkle of spice—perfect for those who love to blend it all. 🌿🔥
10932534,20.0,Casa Milo,Pasta,Gomitoni,1,0,pk.,Netto,https://static.tilbudsugen.dk/1st-retail/2026/5/64452/Netto42026-1_6_2356x4728_4906x6840_zoom.jpg,2026-01-24,2026-01-30,https://res.cloudinary.com/dfqzmnlga/image/upload/v1769224183/2026-01-24/10932534.jpg,Goritoni,"✨ Superhero of the pantry, saving the kitchen with every bite!"
10932532,20.0,Casa Milo,Pasta,Paccheri,1,0,pk.,Netto,https://static.tilbudsugen.dk/1st-retail/2026/5/64452/Netto42026-1_6_2356x4728_4906x6840_zoom.jpg,2026-01-24,2026-01-30,https://res.cloudinary.com/dfqzmnlga/image/upload/v1769224184/2026-01-24/10932532.jpg,Pacchari,Pacchari: The ultimate snack that makes every day a little sweeter 🍫
10932377,10.0,ØGO,Grønt,Tomater,1,0,bk.,Netto,https://static.tilbudsugen.dk/1st-retail/2026/5/64452/Netto42026-1_1_118x3230_2575x4988_zoom.jpg,2026-01-24,2026-01-30,https://res.cloudinary.com/dfqzmnlga/image/upload/v1769224184/2026-01-24/10932377.jpg,Tomatoes,"Red, juicy, and ready to burst—like a tomato in a storm. 🍅"
10932668,20.0,Funny Hunny,Morgenmadsprodukter,Choko Funny Morgenmadsprodukt,1,0,ps.,Netto,https://static.tilbudsugen.dk/1st-retail/2026/5/64452/Netto42026-1_18_3267x101_4998x2418_zoom.jpg,2026-01-24,2026-01-30,https://res.cloudinary.com/dfqzmnlga/image/upload/v1769224185/2026-01-24/10932668.jpg,Choko Funny Breakfast product,✨ Choko Funny Breakfast: The only thing better than a perfect breakfast is knowing you've already had one! 😄
10932510,20.0,Casa Milo,Pasta,Fussilini,1,0,pk.,Netto,https://static.tilbudsugen.dk/1st-retail/2026/5/64452/Netto42026-1_6_2356x4728_4906x6840_zoom.jpg,2026-01-24,2026-01-30,https://res.cloudinary.com/dfqzmnlga/image/upload/v1769224185/2026-01-24/10932510.jpg,Fossilini,"Fossilini: Timeless whispers of the past, forever in style. 🌍✨"
10932514,20.0,ØGO,Juice,Ingefærshot,1,0,fl.,Netto,https://static.tilbudsugen.dk/1st-retail/2026/5/64452/Netto42026-1_6_2533x2430_4931x4711_zoom.jpg,2026-01-24,2026-01-30,https://res.cloudinary.com/dfqzmnlga/image/upload/v1769224186/2026-01-24/10932514.jpg,Gingerhot,🔥 Gingerhot: The spicy spice that makes your day just a little bit more exciting! 🌟
10932453,10.0,LavAzza,Iste & Iskaffe,Iskaffe,1,0,ds.,Netto,https://static.tilbudsugen.dk/1st-retail/2026/5/64452/Netto42026-1_3_2499x4652_4897x6831_zoom.jpg,2026-01-24,2026-01-30,https://res.cloudinary.com/dfqzmnlga/image/upload/v1769224186/2026-01-24/10932453.jpg,Ice coffee,"❄️ Cold brew that's hotter than a summer day—sip, chill, and conquer!"
10932495,32.0,,Italienske vine,Italiensk Hvidvin,1,0,fl.,Netto,https://static.tilbudsugen.dk/1st-retail/2026/5/64452/Netto42026-1_5_34x4534_2415x6848_zoom.jpg,2026-01-24,2026-01-30,https://res.cloudinary.com/dfqzmnlga/image/upload/v1769224187/2026-01-24/10932495.jpg,Italian White wine,"Sip, savor, and let the flavors speak — perfect for a night out! 🍷"
10932493,32.0,,Italienske vine,Italiensk Rødvin,1,0,fl.,Netto,https://static.tilbudsugen.dk/1st-retail/2026/5/64452/Netto42026-1_5_34x4534_2415x6848_zoom.jpg,2026-01-24,2026-01-30,https://res.cloudinary.com/dfqzmnlga/image/upload/v1769224187/2026-01-24/10932493.jpg,Italian Red Wine,"Sip, savor, and let the flavor speak—Italian Red Wine, ready to elevate any evening. 🍷"
10932494,32.0,,Italienske vine,Italiensk Mousserende Vin,1,0,fl.,Netto,https://static.tilbudsugen.dk/1st-retail/2026/5/64452/Netto42026-1_5_34x4534_2415x6848_zoom.jpg,2026-01-24,2026-01-30,https://res.cloudinary.com/dfqzmnlga/image/upload/v1769224187/2026-01-24/10932494.jpg,Italian Sparkling Wine,"Sip, savor, and shine—my taste is Italian. 🍷"
10932597,15.0,Hello Sensitive,Bodylotion,Bodylotion,1,0,stk.,Netto,https://static.tilbudsugen.dk/1st-retail/2026/5/64452/Netto42026-1_21_1801x2775_3366x4660_zoom.jpg,2026-01-24,2026-01-30,https://res.cloudinary.com/dfqzmnlga/image/upload/v1769224188/2026-01-24/10932597.jpg,Body lotion,"Glow up, baby! 🌟 Hydrate your skin with my touch."
10932675,20.0,Bonduelle,Grønt,Majs,1,0,pk.,Netto,https://static.tilbudsugen.dk/1st-retail/2026/5/64452/Netto42026-1_18_1596x4655_3267x6844_zoom.jpg,2026-01-24,2026-01-30,https://res.cloudinary.com/dfqzmnlga/image/upload/v1769224189/2026-01-24/10932675.jpg,Maize,"Golden grain with a twist, 🌾✨"
10932616,12.0,Palmolive Men,"Sæbe, bad, dusch",Bodyshampoo,1,0,stk.,Netto,https://static.tilbudsugen.dk/1st-retail/2026/5/64452/Netto42026-1_22_1632x671_3324x2893_zoom.jpg,2026-01-24,2026-01-30,https://res.cloudinary.com/dfqzmnlga/image/upload/v1769224190/2026-01-24/10932616.jpg,Body shampoo,"✨Lather up your day with my fresh, fun scent!"
10932559,22.0,Navito,Fisk,Fiskepinde,1,0,pk.,Netto,https://static.tilbudsugen.dk/1st-retail/2026/5/64452/Netto42026-1_15_54x4864_1738x6838_zoom.jpg,2026-01-24,2026-01-30,https://res.cloudinary.com/dfqzmnlga/image/upload/v1769224190/2026-01-24/10932559.jpg,Fish sticks,"Sizzle in the pan, flip the script, and let the seafood take the spotlight! 🍣"
10932478,15.0,Danpo,Kylling,Kyllingeunderlår,1,0,pk.,Netto,https://static.tilbudsugen.dk/1st-retail/2026/5/64452/Netto42026-1_13_20x67_2593x2351_zoom.jpg,2026-01-24,2026-01-30,https://res.cloudinary.com/dfqzmnlga/image/upload/v1769224191/2026-01-24/10932478.jpg,Chicken's thighs,"🔥 Sizzling with flavor, ready to conquer your taste buds! 🍗"
10932499,20.0,Velsmag,Grisekød,Hakket grisekød 8-12%,1,0,bk.,Netto,https://static.tilbudsugen.dk/1st-retail/2026/5/64452/Netto42026-1_5_2306x2211_4906x4500_zoom.jpg,2026-01-24,2026-01-30,https://res.cloudinary.com/dfqzmnlga/image/upload/v1769224191/2026-01-24/10932499.jpg,Minced pig meat 8-12 per cent,✨ Spice up your meal with a dash of flavor! ✨
10932482,20.0,Velsmag,Grisekød,Medister,1,0,bk.,Netto,https://static.tilbudsugen.dk/1st-retail/2026/5/64452/Netto42026-1_13_0x2944_2560x4904_zoom.jpg,2026-01-24,2026-01-30,https://res.cloudinary.com/dfqzmnlga/image/upload/v1769224192/2026-01-24/10932482.jpg,Medists,"Medists: The ones who turn chaos into chaos, but with a side of chaos. 🌟"
10932753,10.0,Sweet16,Saft,Blue Lemon Ade,1,0,stk.,Netto,https://static.tilbudsugen.dk/1st-retail/2026/5/64452/Netto42026-1_19_81x835_1684x2594_zoom.jpg,2026-01-24,2026-01-30,https://res.cloudinary.com/dfqzmnlga/image/upload/v1769224192/2026-01-24/10932753.jpg,Blue Lemon Ade,A refreshing burst of zesty flavor that turns any drink into a tropical escape 🍹
10932792,10.0,Sweet16,Saft,Watermelon Lemon Ade,1,0,stk.,Netto,https://static.tilbudsugen.dk/1st-retail/2026/5/64452/Netto42026-1_19_81x835_1684x2594_zoom.jpg,2026-01-24,2026-01-30,https://res.cloudinary.com/dfqzmnlga/image/upload/v1769224193/2026-01-24/10932792.jpg,Watermelon Lemon Ade,"Sip on the sweet, zesty joy of summer with a dash of freshness—Watermelon Lemon Ade 🍉🍋"
10932789,10.0,Sweet16,Saft,Blueberry Lemon Ade,1,0,stk.,Netto,https://static.tilbudsugen.dk/1st-retail/2026/5/64452/Netto42026-1_19_81x835_1684x2594_zoom.jpg,2026-01-24,2026-01-30,https://res.cloudinary.com/dfqzmnlga/image/upload/v1769224193/2026-01-24/10932789.jpg,Blueberry Lemon Ade,"Sip, savor, and smile—blueberry lemonade is the perfect pick for a sunny day! 🍓🍋"
10932481,20.0,Velsmag,Grisekød,Hakket grisekød 8-12%,1,0,bk.,Netto,https://static.tilbudsugen.dk/1st-retail/2026/5/64452/Netto42026-1_13_0x2944_2560x4904_zoom.jpg,2026-01-24,2026-01-30,https://res.cloudinary.com/dfqzmnlga/image/upload/v1769224194/2026-01-24/10932481.jpg,Minced pig meat 8-12 per cent,"🔥 Super crispy, juicy, and perfect for any grill—just don't forget to add some heat! 🍳"
10932500,20.0,Velsmag,Grisekød,Medister,1,0,bk.,Netto,https://static.tilbudsugen.dk/1st-retail/2026/5/64452/Netto42026-1_5_2306x2211_4906x4500_zoom.jpg,2026-01-24,2026-01-30,https://res.cloudinary.com/dfqzmnlga/image/upload/v1769224194/2026-01-24/10932500.jpg,Medists,✨ Medist who turns mundane into magic with a sprinkle of whimsy and a dash of sparkle!
10932562,20.0,Grovhakket,Postej og Paté,Leverpostej,1,0,pk.,Netto,https://static.tilbudsugen.dk/1st-retail/2026/5/64452/Netto42026-1_15_0x2802_1744x4884_zoom.jpg,2026-01-24,2026-01-30,https://res.cloudinary.com/dfqzmnlga/image/upload/v1769224194/2026-01-24/10932562.jpg,Liver pie,"Savoring savory secrets, one pie at a time 🍲"
10932573,20.0,Fransk Postej,Postej og Paté,Leverpostej,1,0,pk.,Netto,https://static.tilbudsugen.dk/1st-retail/2026/5/64452/Netto42026-1_15_0x2802_1744x4884_zoom.jpg,2026-01-24,2026-01-30,https://res.cloudinary.com/dfqzmnlga/image/upload/v1769224195/2026-01-24/10932573.jpg,Liver pie,"Craving a hearty, cheesy bite that satisfies both taste and hunger? I'm liver pie. 🍲"
10932352,10.0,Mammen,Madlavningsost,Hytteost 4%,1,0,bg.,Netto,https://static.tilbudsugen.dk/1st-retail/2026/5/64452/Netto42026-1_1_2423x3381_4998x4921_zoom.jpg,2026-01-24,2026-01-30,https://res.cloudinary.com/dfqzmnlga/image/upload/v1769224195/2026-01-24/10932352.jpg,Cottage cheese 4%,"Soozy, I'm the soft, creamy heart of the breakfast table—fresh, unflavored, and always ready to melt. 🥭"
10932467,20.0,Fiske Disken,Fisk,Panerede Fisk,1,0,ps.,Netto,https://static.tilbudsugen.dk/1st-retail/2026/5/64452/Netto42026-1_4_25x2556_2499x4677_zoom.jpg,2026-01-24,2026-01-30,https://res.cloudinary.com/dfqzmnlga/image/upload/v1769224196/2026-01-24/10932467.jpg,Panned Fish,"Panfish with a twist, crispy and daring, 🐟"
10932587,25.0,Pølsemesteren,300 g - 599 g Normalpakke Pølser,Hotdogpølser,1,0,pk.,Netto,https://static.tilbudsugen.dk/1st-retail/2026/5/64452/Netto42026-1_16_1603x2823_3301x4803_zoom.jpg,2026-01-24,2026-01-30,https://res.cloudinary.com/dfqzmnlga/image/upload/v1769224196/2026-01-24/10932587.jpg,Hot dog sausages,"Savor the crunch, bite the chance—hot dog sausages are the ultimate snack showdown! 🍗"
10932579,22.0,Premieur,Fastfoodbrød,Hvedepitabrød,1,0,pk.,Netto,https://static.tilbudsugen.dk/1st-retail/2026/5/64452/Netto42026-1_9_2474x5325_3669x6831_zoom.jpg,2026-01-24,2026-01-30,https://res.cloudinary.com/dfqzmnlga/image/upload/v1769224197/2026-01-24/10932579.jpg,Wheat pita bread,"Craving a fresh, fluffy wheat pita? Let's talk about the perfect snack. 🥖"
10932586,25.0,Pølsemesteren,300 g - 599 g Normalpakke Pølser,Grillpølser,1,0,pk.,Netto,https://static.tilbudsugen.dk/1st-retail/2026/5/64452/Netto42026-1_16_1603x2823_3301x4803_zoom.jpg,2026-01-24,2026-01-30,https://res.cloudinary.com/dfqzmnlga/image/upload/v1769224197/2026-01-24/10932586.jpg,Barbecue sausages,"Smokin' with a side of spice—barbecue sausages, ready to ignite your taste buds! 🍗🔥"
10932486,25.0,Dansk Landkylling,Kylling,Hakket kylling 3-7%,1,0,bk.,Netto,https://static.tilbudsugen.dk/1st-retail/2026/5/64452/Netto42026-1_13_2512x2903_4971x4931_zoom.jpg,2026-01-24,2026-01-30,https://res.cloudinary.com/dfqzmnlga/image/upload/v1769224198/2026-01-24/10932486.jpg,Chicked chicken 3-7%,✨ Chickened chicken 3-7% – the perfect blend of flavor and nutrition! 🥩
10932511,20.0,Paradiso,Smørepålæg,Peanutbutter Crunchy,1,0,gl.,Netto,https://static.tilbudsugen.dk/1st-retail/2026/5/64452/Netto42026-1_6_42x4635_2533x6865_zoom.jpg,2026-01-24,2026-01-30,https://res.cloudinary.com/dfqzmnlga/image/upload/v1769224198/2026-01-24/10932511.jpg,Peanut butter Crunchy,"Savor the crunch, sweet and bold, with a twist of peanut butter—because life's too short for boring snacks. 🍬"
10932512,20.0,Paradiso,Smørepålæg,Peanutbutter Creamy,1,0,gl.,Netto,https://static.tilbudsugen.dk/1st-retail/2026/5/64452/Netto42026-1_6_42x4635_2533x6865_zoom.jpg,2026-01-24,2026-01-30,https://res.cloudinary.com/dfqzmnlga/image/upload/v1769224199/2026-01-24/10932512.jpg,Peanut butter Creamy,"Chewy, smooth, and perfectly creamy—just the right amount of peanut butter for any mood. 🍬"
10921242,12.0,Carte d'Or,Is,Tiramisu Dream,1,0,bg.,Netto,https://static.tilbudsugen.dk/1st-retail/2026/4/64393/Netto32026-1_11_0x731_2421x2895_zoom.jpg,2026-01-01,2026-01-31,https://res.cloudinary.com/dfqzmnlga/image/upload/v1769224199/2026-01-24/10921242.jpg,Tiramisu Dream,"✨ A sweet dream made with coffee and cream, served with a sprinkle of imagination."
10921246,12.0,Carte d'Or,Is,Cookie Crumble Dream,1,0,bg.,Netto,https://static.tilbudsugen.dk/1st-retail/2026/4/64393/Netto32026-1_11_0x731_2421x2895_zoom.jpg,2026-01-01,2026-01-31,https://res.cloudinary.com/dfqzmnlga/image/upload/v1769224199/2026-01-24/10921246.jpg,Cookie Crumble Dream,"✨ Crunchy, sweet, and dreamy—cookie crumble dream, ready to melt your heart. 🍪✨"
10921247,12.0,Carte d'Or,Is,Vanilla Caramel Pecan Dream,1,0,bg.,Netto,https://static.tilbudsugen.dk/1st-retail/2026/4/64393/Netto32026-1_11_0x731_2421x2895_zoom.jpg,2026-01-01,2026-01-31,https://res.cloudinary.com/dfqzmnlga/image/upload/v1769224200/2026-01-24/10921247.jpg,Vanilla Caramel Pecan Dream,✨ Vanilla Caramel Pecan Dream 🌟 — the sweetest dream you'll ever taste!
10932729,15.0,Hellmanns,Saucer,Creamy Sweet Chili Sauce,1,0,fl.,Netto,https://static.tilbudsugen.dk/1st-retail/2026/5/64452/Netto42026-1_18_61x4662_1623x6838_zoom.jpg,2026-01-24,2026-01-30,https://res.cloudinary.com/dfqzmnlga/image/upload/v1769224200/2026-01-24/10932729.jpg,Creamy Sweet Chili Sauce,"Savor the sweet, bold flavor of life with every bite — 🍳"
10932734,15.0,Hellmanns,Mayonnaise,Light Mayonnaise,1,0,stk.,Netto,https://static.tilbudsugen.dk/1st-retail/2026/5/64452/Netto42026-1_18_61x4662_1623x6838_zoom.jpg,2026-01-24,2026-01-30,https://res.cloudinary.com/dfqzmnlga/image/upload/v1769224201/2026-01-24/10932734.jpg,Light Mayonnaise,✨ Light Mayonnaise: The perfect blend of creamy comfort and unexpected surprise. 🍫
10932782,45.0,,Spanske vine,Spansk Rødvin,1,0,fl.,Netto,https://static.tilbudsugen.dk/1st-retail/2026/5/64452/Netto42026-1_20_1677x2762_3287x4857_zoom.jpg,2026-01-24,2026-01-30,https://res.cloudinary.com/dfqzmnlga/image/upload/v1769224201/2026-01-24/10932782.jpg,Spanish Red Wine,"A bold, bold red wine that makes your heart skip a beat—just like a good story. 🍷"
10932728,15.0,Hellmanns,Dressing,Burgerdressing,1,0,fl.,Netto,https://static.tilbudsugen.dk/1st-retail/2026/5/64452/Netto42026-1_18_61x4662_1623x6838_zoom.jpg,2026-01-24,2026-01-30,https://res.cloudinary.com/dfqzmnlga/image/upload/v1769224202/2026-01-24/10932728.jpg,Burger dressing,Sizzle up the flavors with a dash of flavor—just like me! 🍔✨
10932731,15.0,Hellmanns,Mayonnaise,Mayonnaise Real,1,0,fl.,Netto,https://static.tilbudsugen.dk/1st-retail/2026/5/64452/Netto42026-1_18_61x4662_1623x6838_zoom.jpg,2026-01-24,2026-01-30,https://res.cloudinary.com/dfqzmnlga/image/upload/v1769224202/2026-01-24/10932731.jpg,Mayonnaise Real,"Savory, creamy, and perfectly balanced—Mayonnaise Real, the one that knows how to make even the most mundane day feel epic. 🍽️"
10932783,45.0,,Spanske vine,Spansk Rosevin,1,0,fl.,Netto,https://static.tilbudsugen.dk/1st-retail/2026/5/64452/Netto42026-1_20_1677x2762_3287x4857_zoom.jpg,2026-01-24,2026-01-30,https://res.cloudinary.com/dfqzmnlga/image/upload/v1769224202/2026-01-24/10932783.jpg,Spanish Rosevin,"A floral explosion of passion and joy, perfect for any moment. 🌸"
10932785,45.0,,Mousserende,Spansk Mousserende Vin,1,0,fl.,Netto,https://static.tilbudsugen.dk/1st-retail/2026/5/64452/Netto42026-1_20_1677x2762_3287x4857_zoom.jpg,2026-01-24,2026-01-30,https://res.cloudinary.com/dfqzmnlga/image/upload/v1769224203/2026-01-24/10932785.jpg,Spanish Sparkling Wine,"✨ Sip, savor, and sparkle with every sip—Spanish sparkling wine, the perfect toast to life. ✨"
10932577,15.0,Hellmanns,Mayonnaise,Chili Mayonnaise,1,0,fl.,Netto,https://static.tilbudsugen.dk/1st-retail/2026/5/64452/Netto42026-1_9_2407x3339_3686x4997_zoom.jpg,2026-01-24,2026-01-30,https://res.cloudinary.com/dfqzmnlga/image/upload/v1769224203/2026-01-24/10932577.jpg,Chili Mayonnaise,"🔥 Spicy, sweet, and smoky — the perfect fusion of heat and harmony. 🌟"
10932733,15.0,Hellmanns,Mayonnaise,Roasted Garlic Mayonnaise,1,0,fl.,Netto,https://static.tilbudsugen.dk/1st-retail/2026/5/64452/Netto42026-1_18_61x4662_1623x6838_zoom.jpg,2026-01-24,2026-01-30,https://res.cloudinary.com/dfqzmnlga/image/upload/v1769224204/2026-01-24/10932733.jpg,Roasted Garlic Mayonnaise,Savor the flavor of love with a twist—roasted garlic mayo that turns every bite into a celebration. 🍳✨
10932784,45.0,,Spanske vine,Spansk Hvidvin,1,0,fl.,Netto,https://static.tilbudsugen.dk/1st-retail/2026/5/64452/Netto42026-1_20_1677x2762_3287x4857_zoom.jpg,2026-01-24,2026-01-30,https://res.cloudinary.com/dfqzmnlga/image/upload/v1769224204/2026-01-24/10932784.jpg,Spanish White wine,"Sip the moment, pour the passion — Spanish White wine, where every glass tells a story. 🍷"
10932741,15.0,Hellmanns,Saucer,Fish & Crisp Sauce,1,0,stk.,Netto,https://static.tilbudsugen.dk/1st-retail/2026/5/64452/Netto42026-1_18_61x4662_1623x6838_zoom.jpg,2026-01-24,2026-01-30,https://res.cloudinary.com/dfqzmnlga/image/upload/v1769224205/2026-01-24/10932741.jpg,Fish & Crisp Sauce,"Salty, sweet, and slightly spicy — the perfect companion to any meal. 🍣"
10932735,15.0,Hellmanns,Dressing,Creamy Ranch Dressing,1,0,stk.,Netto,https://static.tilbudsugen.dk/1st-retail/2026/5/64452/Netto42026-1_18_61x4662_1623x6838_zoom.jpg,2026-01-24,2026-01-30,https://res.cloudinary.com/dfqzmnlga/image/upload/v1769224205/2026-01-24/10932735.jpg,Creamy Ranch Dressing,"Satisfy your taste buds with a creamy, comforting flavor — just like a good old-fashioned ranch. 🍲"
10932585,25.0,Pølsemesteren,Pølser Frost,Frankfurter,1,0,pk.,Netto,https://static.tilbudsugen.dk/1st-retail/2026/5/64452/Netto42026-1_16_1603x2823_3301x4803_zoom.jpg,2026-01-24,2026-01-30,https://res.cloudinary.com/dfqzmnlga/image/upload/v1769224205/2026-01-24/10932585.jpg,Frankfurter,"🔥 Sizzle with flair, always ready to ignite a conversation! 🥩"
10932584,25.0,Pølsemesteren,300 g - 599 g Normalpakke Pølser,Kyllingepølser,1,0,pk.,Netto,https://static.tilbudsugen.dk/1st-retail/2026/5/64452/Netto42026-1_16_1603x2823_3301x4803_zoom.jpg,2026-01-24,2026-01-30,https://res.cloudinary.com/dfqzmnlga/image/upload/v1769224206/2026-01-24/10932584.jpg,Chicken sausages,"Sizzling with flavor, I'm the star of the kitchen—flavorful, fiery, and always ready to cook up a storm! 🍗"
10932350,10.0,K-salat,Pålægssalat,Finthakket  Skinkesalat,1,0,bg.,Netto,https://static.tilbudsugen.dk/1st-retail/2026/5/64452/Netto42026-1_1_2407x1361_4981x3373_zoom.jpg,2026-01-24,2026-01-30,https://res.cloudinary.com/dfqzmnlga/image/upload/v1769224206/2026-01-24/10932350.jpg,Finely ground ham salad,"Savory, sharp, and slightly tangy — the perfect bite for a quick snack or a bold side dish. 🍴"
10932681,20.0,Bonduelle,Grønt,Majs,1,0,ds.,Netto,https://static.tilbudsugen.dk/1st-retail/2026/5/64452/Netto42026-1_18_1596x4655_3267x6844_zoom.jpg,2026-01-24,2026-01-30,https://res.cloudinary.com/dfqzmnlga/image/upload/v1769224207/2026-01-24/10932681.jpg,Maize,"Golden maize, sweet and bold, spinning in the sun with a smile—just wait till you see me in action! 🌽"
10932348,10.0,K-salat,Pålægssalat,Æggesalat,1,0,bg.,Netto,https://static.tilbudsugen.dk/1st-retail/2026/5/64452/Netto42026-1_1_2407x1361_4981x3373_zoom.jpg,2026-01-24,2026-01-30,https://res.cloudinary.com/dfqzmnlga/image/upload/v1769224207/2026-01-24/10932348.jpg,Egg salad,"Crunchy, creamy, and perfectly balanced – the ultimate breakfast bomb! 🥚"
10932351,10.0,K-salat,Pålægssalat,Krabbesalat,1,0,bg.,Netto,https://static.tilbudsugen.dk/1st-retail/2026/5/64452/Netto42026-1_1_2407x1361_4981x3373_zoom.jpg,2026-01-24,2026-01-30,https://res.cloudinary.com/dfqzmnlga/image/upload/v1769224208/2026-01-24/10932351.jpg,Crab salad,"Crab salad: The ultimate flavor explosion, served with a side of sass and a sprinkle of adventure. 🍤"
10932349,10.0,K-salat,Pålægssalat,Kylling & Baconsalat,1,0,bg.,Netto,https://static.tilbudsugen.dk/1st-retail/2026/5/64452/Netto42026-1_1_2407x1361_4981x3373_zoom.jpg,2026-01-24,2026-01-30,https://res.cloudinary.com/dfqzmnlga/image/upload/v1769224208/2026-01-24/10932349.jpg,Chicken & Bacon Salad,Savor the crunch of chicken and the smoky bite of bacon in every bite! 🍗 Bacon 🥩
10932347,10.0,K-salat,Pålægssalat,Æggesalat 30% mindre fedt,1,0,bg.,Netto,https://static.tilbudsugen.dk/1st-retail/2026/5/64452/Netto42026-1_1_2407x1361_4981x3373_zoom.jpg,2026-01-24,2026-01-30,https://res.cloudinary.com/dfqzmnlga/image/upload/v1769224209/2026-01-24/10932347.jpg,Egg salad 30% less fat,"Savory, creamy, and slightly less fatty – perfect for a quick, tasty bite. 🥚"
10932345,10.0,K-salat,Pålægssalat,Hønsesalat,1,0,bg.,Netto,https://static.tilbudsugen.dk/1st-retail/2026/5/64452/Netto42026-1_1_2407x1361_4981x3373_zoom.jpg,2026-01-24,2026-01-30,https://res.cloudinary.com/dfqzmnlga/image/upload/v1769224210/2026-01-24/10932345.jpg,Chicken lettuce,"Sautéed with a side of sass, I'm the ultimate flavor bomb—chicken lettuce, ready to conquer your plate. 🍗✨"
10932669,29.0,Jakobsens,Sødemiddel,Honning,1,0,bg.,Netto,https://static.tilbudsugen.dk/1st-retail/2026/5/64452/Netto42026-1_18_3274x2452_4944x4621_zoom.jpg,2026-01-24,2026-01-30,https://res.cloudinary.com/dfqzmnlga/image/upload/v1769224210/2026-01-24/10932669.jpg,Honey,"Sweet, sticky, and irresistible — like a hug in a jar. 🍯"
10932627,29.0,ØGO,Pizza Frost,Mini Margherita Pizza,1,0,pk.,Netto,https://static.tilbudsugen.dk/1st-retail/2026/5/64452/Netto42026-1_16_61x4790_1643x6865_zoom.jpg,2026-01-24,2026-01-30,https://res.cloudinary.com/dfqzmnlga/image/upload/v1769224211/2026-01-24/10932627.jpg,Mini Margherita Pizza,"Slice of heaven, served in a tiny slice — perfect for a quick snack or a bold statement. 🍕"
10932671,50.0,Flying Goose,Saucer,Sriracha Mayo Sauce,1,0,fl.,Netto,https://static.tilbudsugen.dk/1st-retail/2026/5/64452/Netto42026-1_18_3294x4628_4991x6831_zoom.jpg,2026-01-24,2026-01-30,https://res.cloudinary.com/dfqzmnlga/image/upload/v1769224211/2026-01-24/10932671.jpg,Sriracha Mayo Sauce,"🔥 The world needs more flavor, and I'm here to add it with a perfect blend of heat and creamy goodness. 🍳"
10932682,50.0,Flying Goose,Saucer,Sriracha stærk chilisauce,1,0,fl.,Netto,https://static.tilbudsugen.dk/1st-retail/2026/5/64452/Netto42026-1_18_3294x4628_4991x6831_zoom.jpg,2026-01-24,2026-01-30,https://res.cloudinary.com/dfqzmnlga/image/upload/v1769224211/2026-01-24/10932682.jpg,Sriracha strong chili sauce,"🔥 Spicy, bold, and ready to take over your day! 🌟"
10932695,12.0,Taffel,Chips,Karamelliserede Rødløg Chips,1,0,ps.,Netto,https://static.tilbudsugen.dk/1st-retail/2026/5/64452/Netto42026-1_18_1697x2452_3253x4615_zoom.jpg,2026-01-24,2026-01-30,https://res.cloudinary.com/dfqzmnlga/image/upload/v1769224212/2026-01-24/10932695.jpg,Caramelized Red onion Chips,"✨ Sweet, salty, and smoky — my flavor is pure caramelized red onion chips!"
10932689,12.0,Taffel,Chips,Salt & Vinegar Chips,1,0,ps.,Netto,https://static.tilbudsugen.dk/1st-retail/2026/5/64452/Netto42026-1_18_1697x2452_3253x4615_zoom.jpg,2026-01-24,2026-01-30,https://res.cloudinary.com/dfqzmnlga/image/upload/v1769224212/2026-01-24/10932689.jpg,Salt & Vinegar Chips,"Crunchy, salty, and satisfying—just the way life should be. 😍"
10932693,12.0,Taffel,Chips,Dild Chips,1,0,ps.,Netto,https://static.tilbudsugen.dk/1st-retail/2026/5/64452/Netto42026-1_18_1697x2452_3253x4615_zoom.jpg,2026-01-24,2026-01-30,https://res.cloudinary.com/dfqzmnlga/image/upload/v1769224213/2026-01-24/10932693.jpg,Dild Chips," Horny, crispy, and perfectly seasoned — dild chips are here to spice up your day! 🍪"
10932694,12.0,Taffel,Chips,Texas Style Barbecue Chips,1,0,ps.,Netto,https://static.tilbudsugen.dk/1st-retail/2026/5/64452/Netto42026-1_18_1697x2452_3253x4615_zoom.jpg,2026-01-24,2026-01-30,https://res.cloudinary.com/dfqzmnlga/image/upload/v1769224213/2026-01-24/10932694.jpg,Texas Style Barbecue Chips,"🔥 Spicy, smoky, and served with a side of nostalgia—Texas Style Barbecue Chips are the perfect snack for any occasion! 🌮"
10932720,12.0,Taffel,Snacknødder & Nøddeblandinger,Saltede Peanuts,1,0,ps.,Netto,https://static.tilbudsugen.dk/1st-retail/2026/5/64452/Netto42026-1_18_34x2472_1670x4615_zoom.jpg,2026-01-24,2026-01-30,https://res.cloudinary.com/dfqzmnlga/image/upload/v1769224214/2026-01-24/10932720.jpg,Salted Peanuts,"Crunchy, salty, and ready to spice up your day 🍤"
10932472,55.0,Velsmag,Grisekød,Grisekoteletter,1,0,bk.,Netto,https://static.tilbudsugen.dk/1st-retail/2026/5/64452/Netto42026-1_12_54x3045_2977x4823_zoom.jpg,2026-01-24,2026-01-30,https://res.cloudinary.com/dfqzmnlga/image/upload/v1769224214/2026-01-24/10932472.jpg,Pig chops,"🔥Sizzling with flavor, ready to conquer your taste buds! 🍲"
10932626,29.0,ØGO,Pizza Frost,Grøntsagspizza,1,0,pk.,Netto,https://static.tilbudsugen.dk/1st-retail/2026/5/64452/Netto42026-1_16_61x4790_1643x6865_zoom.jpg,2026-01-24,2026-01-30,https://res.cloudinary.com/dfqzmnlga/image/upload/v1769224215/2026-01-24/10932626.jpg,Vegetable pizza,"Craving a fresh, cheesy pizza that's as vibrant as your mood? 🍕"
10932461,28.0,Driscolls,Frugt,Jordbær,1,0,bk.,Netto,https://static.tilbudsugen.dk/1st-retail/2026/5/64452/Netto42026-1_10_3294x2883_4897x4736_zoom.jpg,2026-01-24,2026-01-30,https://res.cloudinary.com/dfqzmnlga/image/upload/v1769224216/2026-01-24/10932461.jpg,Strawberries,"Sweet, juicy, and always in season — 🍓"
10932590,20.0,Rana,Fersk pasta,Gnocchi med Skinke,1,0,pk.,Netto,https://static.tilbudsugen.dk/1st-retail/2026/5/64452/Netto42026-1_16_27x2836_1637x4776_zoom.jpg,2026-01-24,2026-01-30,https://res.cloudinary.com/dfqzmnlga/image/upload/v1769224216/2026-01-24/10932590.jpg,Gnocchi with Ham,"Smelly, savory, and slightly smug — the perfect companion to a rainy afternoon. 🍝"
10932431,5.0,Danonino,Mellemmåltider,Jordbær Yoghurt ,1,0,pk.,Netto,https://static.tilbudsugen.dk/1st-retail/2026/5/64452/Netto42026-1_2_84x4559_2608x6857_zoom.jpg,2026-01-24,2026-01-30,https://res.cloudinary.com/dfqzmnlga/image/upload/v1769224217/2026-01-24/10932431.jpg,Strawberries Yogurt,"Sip, savor, and share—strawberries and yogurt in every bite! 🍓 Yogurt 🍯"
10932589,20.0,Rana,Fersk pasta,Gnocchi med Spinat,1,0,pk.,Netto,https://static.tilbudsugen.dk/1st-retail/2026/5/64452/Netto42026-1_16_27x2836_1637x4776_zoom.jpg,2026-01-24,2026-01-30,https://res.cloudinary.com/dfqzmnlga/image/upload/v1769224217/2026-01-24/10932589.jpg,Gnocchi with spinach,"✨ Spinach and gnocchi in one bite, perfect for a cozy dinner night! ✨"
10932435,5.0,Danonino,Mellemmåltider,Vanilje Yoghurt ,1,0,stk.,Netto,https://static.tilbudsugen.dk/1st-retail/2026/5/64452/Netto42026-1_2_84x4559_2608x6857_zoom.jpg,2026-01-24,2026-01-30,https://res.cloudinary.com/dfqzmnlga/image/upload/v1769224218/2026-01-24/10932435.jpg,Vanilla Yogurt,"Sweet, creamy, and slightly rebellious — just like a good vanilla yogurt. 🍯"
10932588,20.0,Rana,Fersk pasta,Gnocchi med Tomat,1,0,pk.,Netto,https://static.tilbudsugen.dk/1st-retail/2026/5/64452/Netto42026-1_16_27x2836_1637x4776_zoom.jpg,2026-01-24,2026-01-30,https://res.cloudinary.com/dfqzmnlga/image/upload/v1769224218/2026-01-24/10932588.jpg,Gnocchi with Tomato,"A fluffy, cheesy, and slightly cheesy delight that brings a smile to any meal — 🍝"
10932602,25.0,Bistronne,Fjerkræ,Kyllingeskiver,1,0,ps.,Netto,https://static.tilbudsugen.dk/1st-retail/2026/5/64452/Netto42026-1_16_3280x2816_4944x4796_zoom.jpg,2026-01-24,2026-01-30,https://res.cloudinary.com/dfqzmnlga/image/upload/v1769224219/2026-01-24/10932602.jpg,Chicken slices,"Savoring the crunch of a fresh chicken slice, ready to conquer your next meal. 🍗"
10932574,20.0,Bacon Peber,Postej og Paté,Leverpostej,1,0,pk.,Netto,https://static.tilbudsugen.dk/1st-retail/2026/5/64452/Netto42026-1_15_0x2802_1744x4884_zoom.jpg,2026-01-24,2026-01-30,https://res.cloudinary.com/dfqzmnlga/image/upload/v1769224219/2026-01-24/10932574.jpg,Liver pie,"Craving a sweet, savory treat that satisfies both taste and soul 🍴✨"
10932811,55.0,,Italienske vine,Italiensk Rødvin,1,0,fl.,Netto,https://static.tilbudsugen.dk/1st-retail/2026/5/64452/Netto42026-1_20_3301x2762_4924x4891_zoom.jpg,2026-01-24,2026-01-30,https://res.cloudinary.com/dfqzmnlga/image/upload/v1769224220/2026-01-24/10932811.jpg,Italian Red Wine,"Sip, savor, and let the taste tell your story—🍷✨"
10932813,55.0,,Californiske vine,Californisk Rødvin,1,0,fl.,Netto,https://static.tilbudsugen.dk/1st-retail/2026/5/64452/Netto42026-1_20_3301x2762_4924x4891_zoom.jpg,2026-01-24,2026-01-30,https://res.cloudinary.com/dfqzmnlga/image/upload/v1769224221/2026-01-24/10932813.jpg,California Red Wine,"Sip, savor, and let the red wine do the talking—because life's too short for boring drinks. 🍷"
10932809,55.0,,Italienske vine,Italiensk Hvidvin,1,0,fl.,Netto,https://static.tilbudsugen.dk/1st-retail/2026/5/64452/Netto42026-1_20_3301x2762_4924x4891_zoom.jpg,2026-01-24,2026-01-30,https://res.cloudinary.com/dfqzmnlga/image/upload/v1769224221/2026-01-24/10932809.jpg,Italian White wine,"Sip, savor, and let the flavors speak — Italian white wine, ready to elevate any evening. 🍷"
10932812,55.0,,Californiske vine,Californisk Hvidvin,1,0,fl.,Netto,https://static.tilbudsugen.dk/1st-retail/2026/5/64452/Netto42026-1_20_3301x2762_4924x4891_zoom.jpg,2026-01-24,2026-01-30,https://res.cloudinary.com/dfqzmnlga/image/upload/v1769224222/2026-01-24/10932812.jpg,California White wine,"Sip, savor, and let the taste tell your story — 🍷"
10932561,7.49,Brunchy,Bacon,Baconskiver,1,0,pk.,Netto,https://static.tilbudsugen.dk/1st-retail/2026/5/64452/Netto42026-1_8_2205x840_4931x3827_zoom.jpg,2026-01-24,2026-01-30,https://res.cloudinary.com/dfqzmnlga/image/upload/v1769224222/2026-01-24/10932561.jpg,Bacon washers,"Bacon washers: Clean your life with a crispy, smoky twist. 🍬🧼"
10932473,30.0,Velsmag,Grisekød,Flæsk i skiver,1,0,bk.,Netto,https://static.tilbudsugen.dk/1st-retail/2026/5/64452/Netto42026-1_12_2937x4796_4944x6817_zoom.jpg,2026-01-24,2026-01-30,https://res.cloudinary.com/dfqzmnlga/image/upload/v1769224222/2026-01-24/10932473.jpg,Pork in slices,"Slicing through life, one pork slice at a time. 🍄"
10932635,20.0,Oreo,Kiks,Oreo Original Kiks,1,0,pk.,Netto,https://static.tilbudsugen.dk/1st-retail/2026/5/64452/Netto42026-1_17_1664x1374_3341x2796_zoom.jpg,2026-01-24,2026-01-30,https://res.cloudinary.com/dfqzmnlga/image/upload/v1769224223/2026-01-24/10932635.jpg,Oreo Original Biscuits,"Crunchy, creamy, and always ready for a good laugh—Oreo Original Biscuits. 🍪"
10932466,20.0,Premieur,Fisk og skaldyr Køl,Fiskefrikadeller,1,0,bk.,Netto,https://static.tilbudsugen.dk/1st-retail/2026/5/64452/Netto42026-1_4_25x32_2558x2455_zoom.jpg,2026-01-24,2026-01-30,https://res.cloudinary.com/dfqzmnlga/image/upload/v1769224223/2026-01-24/10932466.jpg,Fish meatballs,"Sizzling with flavor, I'm the perfect partner for a night of delicious chaos! 🍴"
10904488,55.0,,Kylling,Kyllingebryst,1,0,pk.,Netto,https://static.tilbudsugen.dk/1st-retail/2026/2/64322/Netto022026-1_10_2837x3091_4932x4824_zoom.jpg,2026-01-02,2026-01-31,https://res.cloudinary.com/dfqzmnlga/image/upload/v1769224224/2026-01-24/10904488.jpg,Chicken breast,"Sizzling with flavor, ready to conquer your taste buds! 🍗"
10932692,12.0,Taffel,Snacks,Peanut Rings,1,0,ps.,Netto,https://static.tilbudsugen.dk/1st-retail/2026/5/64452/Netto42026-1_18_1697x2452_3253x4615_zoom.jpg,2026-01-24,2026-01-30,https://res.cloudinary.com/dfqzmnlga/image/upload/v1769224224/2026-01-24/10932692.jpg,Peanut Rings,"Crunchy, bold, and ready to spark a conversation—just ask me what I'm made of. 🍬"
10932566,8.0,Næmt,Toppings,Skinketern,1,0,bk.,Netto,https://static.tilbudsugen.dk/1st-retail/2026/5/64452/Netto42026-1_9_1229x1378_2583x3061_zoom.jpg,2026-01-24,2026-01-30,https://res.cloudinary.com/dfqzmnlga/image/upload/v1769224224/2026-01-24/10932566.jpg,Skitters,"Skitters on the floor, leaving trails of sparkle and surprise! 🌟"
10932591,20.0,Næmt,Salater,Måltidssalat,1,0,stk.,Netto,https://static.tilbudsugen.dk/1st-retail/2026/5/64452/Netto42026-1_16_3287x606_4991x2769_zoom.jpg,2026-01-24,2026-01-30,https://res.cloudinary.com/dfqzmnlga/image/upload/v1769224225/2026-01-24/10932591.jpg,Meal lettuce,Savor the flavor of every bite—because every meal deserves a perfect crunch! 🥗
10932576,10.0,Næmt,Grønt,Salat,1,0,ps.,Netto,https://static.tilbudsugen.dk/1st-retail/2026/5/64452/Netto42026-1_9_3652x3406_4880x5047_zoom.jpg,2026-01-24,2026-01-30,https://res.cloudinary.com/dfqzmnlga/image/upload/v1769224225/2026-01-24/10932576.jpg,Lettuce,"Crispy, green, and always fresh—just like your favorite snack! 🥬"
10932513,20.0,Daloon,Færdigretter Frost,Forårsruller,1,0,pk.,Netto,https://static.tilbudsugen.dk/1st-retail/2026/5/64452/Netto42026-1_6_2449x116_4864x2472_zoom.jpg,2026-01-24,2026-01-30,https://res.cloudinary.com/dfqzmnlga/image/upload/v1769224226/2026-01-24/10932513.jpg,Spring rolls,Sizzling spring rolls with a side of fun and flair 🍳✨
10932483,59.0,Danpo,Kylling,Kyllingebrystfilet,1,0,bk.,Netto,https://static.tilbudsugen.dk/1st-retail/2026/5/64452/Netto42026-1_13_2398x4877_4924x6912_zoom.jpg,2026-01-24,2026-01-30,https://res.cloudinary.com/dfqzmnlga/image/upload/v1769224226/2026-01-24/10932483.jpg,Chicken breast fillet,"Sizzling with flavor, ready to conquer your taste buds! 🍗"
10932484,59.0,Danpo,Kylling,Kyllingeinderfileter,1,0,bk.,Netto,https://static.tilbudsugen.dk/1st-retail/2026/5/64452/Netto42026-1_13_2398x4877_4924x6912_zoom.jpg,2026-01-24,2026-01-30,https://res.cloudinary.com/dfqzmnlga/image/upload/v1769224226/2026-01-24/10932484.jpg,Chicken eiderphilets,Fancy a meal where every bite is a surprise? 🍗✨
10932572,25.0,Philadelphia,Specialost,Flødeost Original,1,0,bg.,Netto,https://static.tilbudsugen.dk/1st-retail/2026/5/64452/Netto42026-1_9_3643x1530_4897x3044_zoom.jpg,2026-01-24,2026-01-30,https://res.cloudinary.com/dfqzmnlga/image/upload/v1769224227/2026-01-24/10932572.jpg,Cream cheese Original,"Savory, creamy, and slightly sweet — the perfect companion to any snack or treat. 🧀"
10932485,25.0,,Kylling,Kyllingestrimler,1,0,pk.,Netto,https://static.tilbudsugen.dk/1st-retail/2026/5/64452/Netto42026-1_13_2512x2903_4971x4931_zoom.jpg,2026-01-24,2026-01-30,https://res.cloudinary.com/dfqzmnlga/image/upload/v1769224227/2026-01-24/10932485.jpg,Chicken straws,Savoring the taste of adventure with every bite — and a 🍗 for the fun.
10932601,25.0,Bistronne,Fjerkræ,Kyllingekebab,1,0,ps.,Netto,https://static.tilbudsugen.dk/1st-retail/2026/5/64452/Netto42026-1_16_3280x2816_4944x4796_zoom.jpg,2026-01-24,2026-01-30,https://res.cloudinary.com/dfqzmnlga/image/upload/v1769224228/2026-01-24/10932601.jpg,Chicken cheek,"Savory cheek, ready to spice up your day with a dash of flavor! 🍗"
10932625,29.0,ØGO,Pizza Frost,Salami Pizza,1,0,pk.,Netto,https://static.tilbudsugen.dk/1st-retail/2026/5/64452/Netto42026-1_16_61x4790_1643x6865_zoom.jpg,2026-01-24,2026-01-30,https://res.cloudinary.com/dfqzmnlga/image/upload/v1769224228/2026-01-24/10932625.jpg,Salami Pizza,"Slice of savory chaos, served with a side of fun. 🍴✨"
10932606,29.0,ØGO,Pizza Frost,Margherita Fuldkornspizza,1,0,pk.,Netto,https://static.tilbudsugen.dk/1st-retail/2026/5/64452/Netto42026-1_16_61x4790_1643x6865_zoom.jpg,2026-01-24,2026-01-30,https://res.cloudinary.com/dfqzmnlga/image/upload/v1769224229/2026-01-24/10932606.jpg,Margherita whole grain pizza,"A fiery masterpiece of flavor, perfect for any occasion, 🍕"
10932501,6.0,Gul bordpak,"Pålæg, skiveskåret",Røget Medister - Den Lette,1,0,pk.,Netto,https://static.tilbudsugen.dk/1st-retail/2026/5/64452/Netto42026-1_5_50x259_2398x2312_zoom.jpg,2026-01-24,2026-01-30,https://res.cloudinary.com/dfqzmnlga/image/upload/v1769224229/2026-01-24/10932501.jpg,Smoked Medister - The Light,✨ Smoked Medister - The Light 🌙
10932503,6.0,Gul bordpak,"Pålæg, skiveskåret",Salami,1,0,pk.,Netto,https://static.tilbudsugen.dk/1st-retail/2026/5/64452/Netto42026-1_5_50x259_2398x2312_zoom.jpg,2026-01-24,2026-01-30,https://res.cloudinary.com/dfqzmnlga/image/upload/v1769224229/2026-01-24/10932503.jpg,Salami,"Savoring the perfect bite, ready to conquer your cravings 🍔"
10932505,6.0,Gul bordpak,"Pålæg, skiveskåret",Kyllingepølse - Den Lette,1,0,pk.,Netto,https://static.tilbudsugen.dk/1st-retail/2026/5/64452/Netto42026-1_5_50x259_2398x2312_zoom.jpg,2026-01-24,2026-01-30,https://res.cloudinary.com/dfqzmnlga/image/upload/v1769224230/2026-01-24/10932505.jpg,Chicken sausage - The Light,"Light-hearted, smoky, and always ready to ignite a conversation — 🥩"
10932727,12.0,Taffel,Snacks,Peanut Crunch Sourcream & Onion,1,0,ps.,Netto,https://static.tilbudsugen.dk/1st-retail/2026/5/64452/Netto42026-1_18_34x2472_1670x4615_zoom.jpg,2026-01-24,2026-01-30,https://res.cloudinary.com/dfqzmnlga/image/upload/v1769224230/2026-01-24/10932727.jpg,Peanut Crunch Sourcream & Onion,"Sourcream, onion, and a dash of crunch—perfect for a quick, tasty snack. 🥪"
10932691,12.0,Taffel,Chips,Sour Cream & Onion Chips,1,0,ps.,Netto,https://static.tilbudsugen.dk/1st-retail/2026/5/64452/Netto42026-1_18_1697x2452_3253x4615_zoom.jpg,2026-01-24,2026-01-30,https://res.cloudinary.com/dfqzmnlga/image/upload/v1769224231/2026-01-24/10932691.jpg,Sour Cream & Onion Chips,"Sour Cream & Onion Chips: Crunchy, creamy, and totally addictive. 🍩"
10932506,6.0,Gul bordpak,"Pålæg, skiveskåret",Jægerpølse - Den lette,1,0,pk.,Netto,https://static.tilbudsugen.dk/1st-retail/2026/5/64452/Netto42026-1_5_50x259_2398x2312_zoom.jpg,2026-01-24,2026-01-30,https://res.cloudinary.com/dfqzmnlga/image/upload/v1769224231/2026-01-24/10932506.jpg,Hunter Sausage - The Easy,"🔥Sausage that never misses, always ready to hunt the perfect flavor! 🐺"
10932553,43.37,ØGO,Olier,Olivenolie,1,0,fl.,Netto,https://static.tilbudsugen.dk/1st-retail/2026/5/64452/Netto42026-1_7_84x2901_2390x6890_zoom.jpg,2026-01-24,2026-01-30,https://res.cloudinary.com/dfqzmnlga/image/upload/v1769224231/2026-01-24/10932553.jpg,Olive oil,"✨ Drizzle your day with flavor, one olive oil drop at a time. ✨"
10932488,18.0,Kærgården,Fedtstoffer,Smørbar,1,0,bg.,Netto,https://static.tilbudsugen.dk/1st-retail/2026/5/64452/Netto42026-1_14_40x761_1657x2216_zoom.jpg,2026-01-24,2026-01-30,https://res.cloudinary.com/dfqzmnlga/image/upload/v1769224232/2026-01-24/10932488.jpg,Butterable,"Savory, creamy, and perfectly edible—just ask me what I'm made of. 🧀"
10932696,12.0,Taffel,Snacks,Super Snack Holiday,1,0,ps.,Netto,https://static.tilbudsugen.dk/1st-retail/2026/5/64452/Netto42026-1_18_1697x2452_3253x4615_zoom.jpg,2026-01-24,2026-01-30,https://res.cloudinary.com/dfqzmnlga/image/upload/v1769224232/2026-01-24/10932696.jpg,Super Snack Holiday,✨ Satisfy your cravings with a holiday twist! 🍪
10932688,12.0,Taffel,Snacks,Chicken Pomm´s Snacks,1,0,ps.,Netto,https://static.tilbudsugen.dk/1st-retail/2026/5/64452/Netto42026-1_18_1697x2452_3253x4615_zoom.jpg,2026-01-24,2026-01-30,https://res.cloudinary.com/dfqzmnlga/image/upload/v1769224233/2026-01-24/10932688.jpg,Chicken Pomm's Snacks,"Savory snack that's as crispy as a dare, with a twist of fun and flair! 🥢✨"
10932496,39.0,Extra Specialristet,Kaffe,Kaffe Formalet,1,0,ps.,Netto,https://static.tilbudsugen.dk/1st-retail/2026/5/64452/Netto42026-1_5_2356x4542_4864x6831_zoom.jpg,2026-01-24,2026-01-30,https://res.cloudinary.com/dfqzmnlga/image/upload/v1769224233/2026-01-24/10932496.jpg,Coffee Painted,☕️ Coffee Painted — where every cup is a masterpiece.
10932498,39.0,Mørk,Kaffe,Kaffe Formalet,1,0,ps.,Netto,https://static.tilbudsugen.dk/1st-retail/2026/5/64452/Netto42026-1_5_2356x4542_4864x6831_zoom.jpg,2026-01-24,2026-01-30,https://res.cloudinary.com/dfqzmnlga/image/upload/v1769224234/2026-01-24/10932498.jpg,Coffee Painted,"☕️ Painted with coffee, I'm a flavor that's both bold and bright—perfect for a quick, unexpected twist on life."
10932480,39.0,Velsmag,Oksekød,Hakket oksekød 14-18%,1,0,bk.,Netto,https://static.tilbudsugen.dk/1st-retail/2026/5/64452/Netto42026-1_13_7x4898_2432x6851_zoom.jpg,2026-01-24,2026-01-30,https://res.cloudinary.com/dfqzmnlga/image/upload/v1769224234/2026-01-24/10932480.jpg,Minced beef 14-18%,🔥 Spice up your day with a dash of flavor!
10932592,18.0,Næmt,Færdigretter Køl,Sandwich,1,0,pk.,Netto,https://static.tilbudsugen.dk/1st-retail/2026/5/64452/Netto42026-1_16_1670x788_3274x2802_zoom.jpg,2026-01-24,2026-01-30,https://res.cloudinary.com/dfqzmnlga/image/upload/v1769224234/2026-01-24/10932592.jpg,Sandwiches,"Toast-worthy, sandwich-savvy, and always ready to pair with a great story. 🍞"
10932509,20.0,Hani´s,Færdigretter Køl,Grøntsagsbites Blomkål,1,0,pk.,Netto,https://static.tilbudsugen.dk/1st-retail/2026/5/64452/Netto42026-1_6_59x2472_2575x4702_zoom.jpg,2026-01-24,2026-01-30,https://res.cloudinary.com/dfqzmnlga/image/upload/v1769224235/2026-01-24/10932509.jpg,Chinese cabbages/pe-tsai/pe-tsai/pe-tsai/pe-tsai/pe-tsai/pe-tsai/pe-tsai,Pe-tsai: The vegetable that brings joy to every meal 🌱
10932638,20.0,Toblerone,Chokolade,Chokolade,1,0,pk.,Netto,https://static.tilbudsugen.dk/1st-retail/2026/5/64452/Netto42026-1_17_3321x4850_4998x6824_zoom.jpg,2026-01-24,2026-01-30,https://res.cloudinary.com/dfqzmnlga/image/upload/v1769224235/2026-01-24/10932638.jpg,Chocolate,"🍫 Sweet, sticky, and sensational — the perfect companion to any mood. 🍫"
10932539,20.0,Hani´s,Færdigretter Køl,Grøntsagsbites Gulerod,1,0,pk.,Netto,https://static.tilbudsugen.dk/1st-retail/2026/5/64452/Netto42026-1_6_59x2472_2575x4702_zoom.jpg,2026-01-24,2026-01-30,https://res.cloudinary.com/dfqzmnlga/image/upload/v1769224236/2026-01-24/10932539.jpg,Vegetable bites Carrot,"Savoring the crunch of a carrot in every bite, 🍐"
10932600,25.0,Hello Sensitive,Værnemiddel,Hånddesinfektion,1,0,stk.,Netto,https://static.tilbudsugen.dk/1st-retail/2026/5/64452/Netto42026-1_21_3172x4879_4864x6764_zoom.jpg,2026-01-24,2026-01-30,https://res.cloudinary.com/dfqzmnlga/image/upload/v1769224236/2026-01-24/10932600.jpg,Hand infection,"Need a clean cut, but I'm always ready to fight off the bad guys—hand infection, I'm here to conquer! 🛡️"
10932504,6.0,Gul bordpak,"Pålæg, skiveskåret",Sønderjysk Spegepølse,1,0,pk.,Netto,https://static.tilbudsugen.dk/1st-retail/2026/5/64452/Netto42026-1_5_50x259_2398x2312_zoom.jpg,2026-01-24,2026-01-30,https://res.cloudinary.com/dfqzmnlga/image/upload/v1769224237/2026-01-24/10932504.jpg,Sønderjysk Salsify,"✨ Super tasty, super smooth, and super satisfying – the perfect snack for any occasion! ✨"
10932502,6.0,Gul bordpak,"Pålæg, skiveskåret",Kødpølse - Den lette,1,0,pk.,Netto,https://static.tilbudsugen.dk/1st-retail/2026/5/64452/Netto42026-1_5_50x259_2398x2312_zoom.jpg,2026-01-24,2026-01-30,https://res.cloudinary.com/dfqzmnlga/image/upload/v1769224238/2026-01-24/10932502.jpg,Meat Sausage - The Light,🔥 Whisked meaty magic that turns any meal into a masterpiece! 🍲
10932593,18.0,Næmt,Færdigretter Køl,Wrap,1,0,pk.,Netto,https://static.tilbudsugen.dk/1st-retail/2026/5/64452/Netto42026-1_16_47x869_1697x2836_zoom.jpg,2026-01-24,2026-01-30,https://res.cloudinary.com/dfqzmnlga/image/upload/v1769224238/2026-01-24/10932593.jpg,Wrap,"Wrap it up, wrap it down, wrap it in a dream—just a little bit of magic in every bite. 🌟"
10932761,16.0,Lays,Chips,Subway Teriyaki Chips,1,0,ps.,Netto,https://static.tilbudsugen.dk/1st-retail/2026/5/64452/Netto42026-1_19_1724x2708_3267x4514_zoom.jpg,2026-01-24,2026-01-30,https://res.cloudinary.com/dfqzmnlga/image/upload/v1769224239/2026-01-24/10932761.jpg,Subway Teriyaki Chips,"Savor the flavor of a sandwich that's as crispy as it is delicious, 🍔✨"
10932759,16.0,Lays,Chips,Pizza Hut Margherita Chips,1,0,ps.,Netto,https://static.tilbudsugen.dk/1st-retail/2026/5/64452/Netto42026-1_19_1724x2708_3267x4514_zoom.jpg,2026-01-24,2026-01-30,https://res.cloudinary.com/dfqzmnlga/image/upload/v1769224239/2026-01-24/10932759.jpg,Pizza Hut Margherita Chips,"🔥 Crispy, cheesy, and totally delicious—just like a slice of heaven on a chip! 🍕"
10932760,16.0,Lays,Chips,KFC Original Chips,1,0,ps.,Netto,https://static.tilbudsugen.dk/1st-retail/2026/5/64452/Netto42026-1_19_1724x2708_3267x4514_zoom.jpg,2026-01-24,2026-01-30,https://res.cloudinary.com/dfqzmnlga/image/upload/v1769224240/2026-01-24/10932760.jpg,KFC Original Chips,"🔥 Crispy, cheesy, and ready to conquer your taste buds—KFC Original Chips! 🍟"
10932583,20.0,Næmt,Færdigretter Køl,Gyoza med Kylling,1,0,pk.,Netto,https://static.tilbudsugen.dk/1st-retail/2026/5/64452/Netto42026-1_9_1178x3297_2491x5022_zoom.jpg,2026-01-24,2026-01-30,https://res.cloudinary.com/dfqzmnlga/image/upload/v1769224241/2026-01-24/10932583.jpg,Gyoza with Chicken,"Sizzling with flavor, my wings are always ready to fly! 🍳"
10932715,12.0,Taffel,Snacknødder & Nøddeblandinger,Honningristet Cashew mix,1,0,ps.,Netto,https://static.tilbudsugen.dk/1st-retail/2026/5/64452/Netto42026-1_18_34x2472_1670x4615_zoom.jpg,2026-01-24,2026-01-30,https://res.cloudinary.com/dfqzmnlga/image/upload/v1769224241/2026-01-24/10932715.jpg,The honey roast Cashew mix,"Sweet, sticky, and slightly spicy — the perfect companion for any snack time. 🍯"
10932723,12.0,Taffel,Snacknødder & Nøddeblandinger,Spicy Chili Peanuts,1,0,ps.,Netto,https://static.tilbudsugen.dk/1st-retail/2026/5/64452/Netto42026-1_18_34x2472_1670x4615_zoom.jpg,2026-01-24,2026-01-30,https://res.cloudinary.com/dfqzmnlga/image/upload/v1769224242/2026-01-24/10932723.jpg,Spicy Chili Peanuts,🔥 Spicy chili peanuts that make your taste buds dance and your mind buzz!
10932726,12.0,Taffel,Snacknødder & Nøddeblandinger,Honningristede Mandel Mix,1,0,ps.,Netto,https://static.tilbudsugen.dk/1st-retail/2026/5/64452/Netto42026-1_18_34x2472_1670x4615_zoom.jpg,2026-01-24,2026-01-30,https://res.cloudinary.com/dfqzmnlga/image/upload/v1769224242/2026-01-24/10932726.jpg,Honey roasted Mandel Mix,"✨ Sweet, sticky, and spicy — my flavor is unstoppable!"
10932716,12.0,Taffel,Snacknødder & Nøddeblandinger,Mix af ristede nødder,1,0,ps.,Netto,https://static.tilbudsugen.dk/1st-retail/2026/5/64452/Netto42026-1_18_34x2472_1670x4615_zoom.jpg,2026-01-24,2026-01-30,https://res.cloudinary.com/dfqzmnlga/image/upload/v1769224242/2026-01-24/10932716.jpg,Mix of roasted nuts,"✨ Crunchy and cheerful, I'm the perfect mix of roasted nuts—crisp, satisfying, and ready to spice up your day! 🌟"
10932718,12.0,Taffel,Snacknødder & Nøddeblandinger,Nøddemix sweet og spicy,1,0,pk.,Netto,https://static.tilbudsugen.dk/1st-retail/2026/5/64452/Netto42026-1_18_34x2472_1670x4615_zoom.jpg,2026-01-24,2026-01-30,https://res.cloudinary.com/dfqzmnlga/image/upload/v1769224244/2026-01-24/10932718.jpg,Nut mix sweet and spicy,"Sweet and spicy nut mix, ready to spark your taste buds — 🍬✨"
10932578,22.0,Navito,Rejer og andre skaldyr,Rejer,1,0,ps.,Netto,https://static.tilbudsugen.dk/1st-retail/2026/5/64452/Netto42026-1_15_54x4864_1738x6838_zoom.jpg,2026-01-24,2026-01-30,https://res.cloudinary.com/dfqzmnlga/image/upload/v1769224244/2026-01-24/10932578.jpg,Shrimps and prawns,Craving a fresh seafood feast? I'm here to satisfy your taste buds! 🐟🦐
10932531,55.0,Mammen,Skæreost,Skæreost Danbo Lagret,1,0,stk.,Netto,https://static.tilbudsugen.dk/1st-retail/2026/5/64452/Netto42026-1_14_3226x2216_4964x3813_zoom.jpg,2026-01-24,2026-01-30,https://res.cloudinary.com/dfqzmnlga/image/upload/v1769224245/2026-01-24/10932531.jpg,Cutting cheese Danbo Aged,"Danbo Aged: Slicing secrets into every bite, with a side of adventure. 🍃"
10932470,55.0,Velsmag,Grisekød,Mørbradbøffer,1,0,bk.,Netto,https://static.tilbudsugen.dk/1st-retail/2026/5/64452/Netto42026-1_12_54x3045_2977x4823_zoom.jpg,2026-01-24,2026-01-30,https://res.cloudinary.com/dfqzmnlga/image/upload/v1769224245/2026-01-24/10932470.jpg,Dark meat steaks,"🔥 Savor the bold, the juicy, the unforgettable — dark meat steaks that make every bite a feast. 🍔"
10932468,20.0,Cheesemakers Treasures,Skiveost,Skiveost Smaragd,1,0,pk.,Netto,https://static.tilbudsugen.dk/1st-retail/2026/5/64452/Netto42026-1_4_2583x4711_4922x6857_zoom.jpg,2026-01-24,2026-01-30,https://res.cloudinary.com/dfqzmnlga/image/upload/v1769224246/2026-01-24/10932468.jpg,Skiveost Emerald,"✨ Sparkling, sneaky, and always ready to steal the spotlight—Skiveost Emerald! ✨"
10932497,39.0,Guld,Kaffe,Kaffe Formalet,1,0,ps.,Netto,https://static.tilbudsugen.dk/1st-retail/2026/5/64452/Netto42026-1_5_2356x4542_4864x6831_zoom.jpg,2026-01-24,2026-01-30,https://res.cloudinary.com/dfqzmnlga/image/upload/v1769224246/2026-01-24/10932497.jpg,Coffee Painted,"☕️ Painted with coffee, I’m the ultimate mood booster—perfect for your morning chaos. 🌟"
10932550,29.0,Skagen,Sild,Sild,1,0,gl.,Netto,https://static.tilbudsugen.dk/1st-retail/2026/5/64452/Netto42026-1_15_3307x2856_4991x4817_zoom.jpg,2026-01-24,2026-01-30,https://res.cloudinary.com/dfqzmnlga/image/upload/v1769224247/2026-01-24/10932550.jpg,Herring,"Sunny-side-up with a side of salt and pepper, I'm the perfect companion for a lazy Sunday morning. 🍣"
10932390,10.0,Fusion Noodles,Færdigretter,Chicken Burrito Taste,1,0,bg.,Netto,https://static.tilbudsugen.dk/1st-retail/2026/5/64452/Netto42026-1_1_42x1345_2482x3398_zoom.jpg,2026-01-24,2026-01-30,https://res.cloudinary.com/dfqzmnlga/image/upload/v1769224247/2026-01-24/10932390.jpg,Chicken Burrito Taste,"Savor the crunch of chicken, wrapped in a burrito—perfect for a quick, delicious snack! 🍳"
10932462,20.0,Protein Lab,Pizza Frost,Protein Pizza Pepperoni,1,0,pk.,Netto,https://static.tilbudsugen.dk/1st-retail/2026/5/64452/Netto42026-1_4_2415x217_4847x2481_zoom.jpg,2026-01-24,2026-01-30,https://res.cloudinary.com/dfqzmnlga/image/upload/v1769224247/2026-01-24/10932462.jpg,Protein Pizza Pepperoni,"🔥 Pepperoni on a pizza, ready to conquer the world! 🍕"
10932487,20.0,Protein Lab,Pizza Frost,Protein Pizza Ham,1,0,pk.,Netto,https://static.tilbudsugen.dk/1st-retail/2026/5/64452/Netto42026-1_4_2415x217_4847x2481_zoom.jpg,2026-01-24,2026-01-30,https://res.cloudinary.com/dfqzmnlga/image/upload/v1769224248/2026-01-24/10932487.jpg,Protein Pizza Ham,"Savoring savory, sweet, and spicy vibes with every bite — because a protein pizza ham is the ultimate flavor bomb. 🍕"
10932670,29.0,Jakobsens,Sødemiddel,Honning,1,0,fl.,Netto,https://static.tilbudsugen.dk/1st-retail/2026/5/64452/Netto42026-1_18_3274x2452_4944x4621_zoom.jpg,2026-01-24,2026-01-30,https://res.cloudinary.com/dfqzmnlga/image/upload/v1769224248/2026-01-24/10932670.jpg,Honey,"Sweet, sticky, and sweetly irresistible — my love for the kitchen is unmatched. 🍯"
10932580,35.0,Næmt,Færdigretter Frost,Lammekebab,1,0,ps.,Netto,https://static.tilbudsugen.dk/1st-retail/2026/5/64452/Netto42026-1_16_1657x4810_3274x6871_zoom.jpg,2026-01-24,2026-01-30,https://res.cloudinary.com/dfqzmnlga/image/upload/v1769224249/2026-01-24/10932580.jpg,Lamb's kebab,🔥 Spicy lamb kebab with a side of sass and a sprinkle of flavor! 🍲
10932582,35.0,Protein Lab,Færdigretter Frost,Beef Kebab,1,0,ps.,Netto,https://static.tilbudsugen.dk/1st-retail/2026/5/64452/Netto42026-1_16_1657x4810_3274x6871_zoom.jpg,2026-01-24,2026-01-30,https://res.cloudinary.com/dfqzmnlga/image/upload/v1769224249/2026-01-24/10932582.jpg,Beef Kebab,"Savoring the taste of a good meal, one bite at a time. 🍔"
10932652,20.0,Hindbærbomber,Slik,Slikposer,1,0,ps.,Netto,https://static.tilbudsugen.dk/1st-retail/2026/5/64452/Netto42026-1_17_20x1179_1691x4844_zoom.jpg,2026-01-24,2026-01-30,https://res.cloudinary.com/dfqzmnlga/image/upload/v1769224250/2026-01-24/10932652.jpg,Candy bags,✨ Candy bag enthusiast who brings joy to any snack session! ✨
10932653,20.0,Jordbær,Slik,Slikposer,1,0,ps.,Netto,https://static.tilbudsugen.dk/1st-retail/2026/5/64452/Netto42026-1_17_20x1179_1691x4844_zoom.jpg,2026-01-24,2026-01-30,https://res.cloudinary.com/dfqzmnlga/image/upload/v1769224250/2026-01-24/10932653.jpg,Candy bags,"Sweet treat, ready to melt your day! 🍬"
10932650,20.0,Kulørte Fisk,Slik,Slikposer,1,0,ps.,Netto,https://static.tilbudsugen.dk/1st-retail/2026/5/64452/Netto42026-1_17_20x1179_1691x4844_zoom.jpg,2026-01-24,2026-01-30,https://res.cloudinary.com/dfqzmnlga/image/upload/v1769224250/2026-01-24/10932650.jpg,Candy bags,✨ Treat yourself to a sweet escape with every bite! ✨
10932651,20.0,Menthol Toppe,Slik,Slikposer,1,0,ps.,Netto,https://static.tilbudsugen.dk/1st-retail/2026/5/64452/Netto42026-1_17_20x1179_1691x4844_zoom.jpg,2026-01-24,2026-01-30,https://res.cloudinary.com/dfqzmnlga/image/upload/v1769224251/2026-01-24/10932651.jpg,Candy bags,"Sweet treat, ready to burst with joy! 🍬"
10932581,18.0,Næmt,Toppings,Kyllingestrimler,1,0,pk.,Netto,https://static.tilbudsugen.dk/1st-retail/2026/5/64452/Netto42026-1_9_1153x5325_2474x6857_zoom.jpg,2026-01-24,2026-01-30,https://res.cloudinary.com/dfqzmnlga/image/upload/v1769224251/2026-01-24/10932581.jpg,Chicken straws,Savor the crunch of a perfect bite — and never forget your favorite snack. 🍗
10932603,18.0,Hello Sensitive,Hårpleje,Hårmaske,1,0,stk.,Netto,https://static.tilbudsugen.dk/1st-retail/2026/5/64452/Netto42026-1_21_1818x4913_3265x6747_zoom.jpg,2026-01-24,2026-01-30,https://res.cloudinary.com/dfqzmnlga/image/upload/v1769224252/2026-01-24/10932603.jpg,Hair mask,✨ Revive your hair with a splash of shine and style! ✨
10932596,12.0,Hello Sensitive,Håndcreme,Håndcreme,1,0,stk.,Netto,https://static.tilbudsugen.dk/1st-retail/2026/5/64452/Netto42026-1_21_286x2935_1851x4669_zoom.jpg,2026-01-24,2026-01-30,https://res.cloudinary.com/dfqzmnlga/image/upload/v1769224252/2026-01-24/10932596.jpg,Hand cream,"✨ Soft, silky touch to your skin, wherever your day takes you! ✨"
10932413,10.0,Fusion Noodles,Færdigretter,Sweet & Sour Taste,1,0,bg.,Netto,https://static.tilbudsugen.dk/1st-retail/2026/5/64452/Netto42026-1_1_42x1345_2482x3398_zoom.jpg,2026-01-24,2026-01-30,https://res.cloudinary.com/dfqzmnlga/image/upload/v1769224253/2026-01-24/10932413.jpg,Sweet & Sour Taste,"Sweet & Sour Taste — the perfect blend of flavor, 🍊"
10932530,55.0,Mammen,Skæreost,Skæreost Danbo Guld Mellemlagret,1,0,stk.,Netto,https://static.tilbudsugen.dk/1st-retail/2026/5/64452/Netto42026-1_14_3226x2216_4964x3813_zoom.jpg,2026-01-24,2026-01-30,https://res.cloudinary.com/dfqzmnlga/image/upload/v1769224253/2026-01-24/10932530.jpg,Cutting cheese Danbo Gold Intermediate stock,"Danbo Gold Intermediate Stock: Slicing perfection, one slice at a time. 🍃"
10932558,25.0,Polar Seafood,Rejer og andre skaldyr,Rejer,1,0,ps.,Netto,https://static.tilbudsugen.dk/1st-retail/2026/5/64452/Netto42026-1_15_1643x4951_3300x6831_zoom.jpg,2026-01-24,2026-01-30,https://res.cloudinary.com/dfqzmnlga/image/upload/v1769224253/2026-01-24/10932558.jpg,Shrimps and prawns,"Crunchy, clink, and delicious—shrimp and prawn vibes all in one bite! 🍤🦐"
10932633,50.0,Almondy,Dybfrost Kager & Tærter,Tobleronetærte,1,0,pk.,Netto,https://static.tilbudsugen.dk/1st-retail/2026/5/64452/Netto42026-1_16_3267x4803_4957x6844_zoom.jpg,2026-01-24,2026-01-30,https://res.cloudinary.com/dfqzmnlga/image/upload/v1769224254/2026-01-24/10932633.jpg,Toblerone pie,"✨ Crunchy, sweet, and perfect for a midnight snack — I'm Toblerone pie, and I'm here to satisfy your cravings! ✨"
10932632,50.0,Almondy,Dybfrost Kager & Tærter,Daimtærte,1,0,pk.,Netto,https://static.tilbudsugen.dk/1st-retail/2026/5/64452/Netto42026-1_16_3267x4803_4957x6844_zoom.jpg,2026-01-24,2026-01-30,https://res.cloudinary.com/dfqzmnlga/image/upload/v1769224254/2026-01-24/10932632.jpg,Daimt pie,"✨ Daimt pie: The sweet, savory, and slightly weirdly delicious fusion of everything, with a twist that makes you want to eat it twice. 🍪"
10932630,50.0,Nutella,Smørepålæg,Smørepålæg,1,0,gl.,Netto,https://static.tilbudsugen.dk/1st-retail/2026/5/64452/Netto42026-1_16_3267x4803_4957x6844_zoom.jpg,2026-01-24,2026-01-30,https://res.cloudinary.com/dfqzmnlga/image/upload/v1769224255/2026-01-24/10932630.jpg,Spreads,Spread the joy with a little flair—because life's too much to handle without a little bit of spread. 🍬
10932446,10.0,Nappar,Slik,Slikpose Liquorice,1,0,ps.,Netto,https://static.tilbudsugen.dk/1st-retail/2026/5/64452/Netto42026-1_3_34x183_2457x2489_zoom.jpg,2026-01-24,2026-01-30,https://res.cloudinary.com/dfqzmnlga/image/upload/v1769224255/2026-01-24/10932446.jpg,Candy bag Liquorice,"Sweet treat, salty twist — I'm the candy bag liquorice, ready to sweeten your day with a hint of spice. 🍬✨"
10932640,20.0,Millionær Mix,Slik,Slikposer,1,0,ps.,Netto,https://static.tilbudsugen.dk/1st-retail/2026/5/64452/Netto42026-1_17_1731x4891_3657x6858_zoom.jpg,2026-01-24,2026-01-30,https://res.cloudinary.com/dfqzmnlga/image/upload/v1769224256/2026-01-24/10932640.jpg,Candy bags,"Sweet treat, ready to melt your day! 🍬"
10932758,20.0,Jelibon,Slik,Sour Patch Kids,1,0,ps.,Netto,https://static.tilbudsugen.dk/1st-retail/2026/5/64452/Netto42026-1_19_3368x2701_4897x4439_zoom.jpg,2026-01-24,2026-01-30,https://res.cloudinary.com/dfqzmnlga/image/upload/v1769224257/2026-01-24/10932758.jpg,Sour Patch Kids,"😄 My sweet, sour, and slightly rebellious charm—because sometimes, you just need a little bite to eat."
10932443,10.0,Stjernemix,Slik,Slikposer,1,0,ps.,Netto,https://static.tilbudsugen.dk/1st-retail/2026/5/64452/Netto42026-1_3_34x183_2457x2489_zoom.jpg,2026-01-24,2026-01-30,https://res.cloudinary.com/dfqzmnlga/image/upload/v1769224257/2026-01-24/10932443.jpg,Candy bags,✨ Treat yourself to a bag of sweet surprises! ✨
10932444,10.0,Matador Mix,Slik,Slikposer,1,0,ps.,Netto,https://static.tilbudsugen.dk/1st-retail/2026/5/64452/Netto42026-1_3_34x183_2457x2489_zoom.jpg,2026-01-24,2026-01-30,https://res.cloudinary.com/dfqzmnlga/image/upload/v1769224258/2026-01-24/10932444.jpg,Candy bags,✨ Treat yourself to a sweet escape with every bite! ✨
10932447,10.0,Nappar,Slik,Slikpose Sour,1,0,ps.,Netto,https://static.tilbudsugen.dk/1st-retail/2026/5/64452/Netto42026-1_3_34x183_2457x2489_zoom.jpg,2026-01-24,2026-01-30,https://res.cloudinary.com/dfqzmnlga/image/upload/v1769224258/2026-01-24/10932447.jpg,Candy bag Sour,Sour sweet surprise in every bite 😋
10932442,10.0,Matador Mix,Slik,Slikpose Dark,1,0,ps.,Netto,https://static.tilbudsugen.dk/1st-retail/2026/5/64452/Netto42026-1_3_34x183_2457x2489_zoom.jpg,2026-01-24,2026-01-30,https://res.cloudinary.com/dfqzmnlga/image/upload/v1769224259/2026-01-24/10932442.jpg,Candy bag Dark,✨ Treat yourself to a bag of sweet surprises! ✨
10932445,10.0,Click Mix,Slik,Slikposer,1,0,ps.,Netto,https://static.tilbudsugen.dk/1st-retail/2026/5/64452/Netto42026-1_3_34x183_2457x2489_zoom.jpg,2026-01-24,2026-01-30,https://res.cloudinary.com/dfqzmnlga/image/upload/v1769224259/2026-01-24/10932445.jpg,Candy bags,"Candy bags: the ultimate escape from the mundane, one sweet treat at a time 🍬"
10932756,20.0,Jelibon,Slik,Sour Patch Karpuz,1,0,ps.,Netto,https://static.tilbudsugen.dk/1st-retail/2026/5/64452/Netto42026-1_19_3368x2701_4897x4439_zoom.jpg,2026-01-24,2026-01-30,https://res.cloudinary.com/dfqzmnlga/image/upload/v1769224259/2026-01-24/10932756.jpg,Sour Patch Karpuz,"Sour Patch Karpuz: The sweetest punch to your day, one flavor twist at a time. 😂"
10932757,20.0,Jelibon,Slik,Sour Patch Tropical,1,0,ps.,Netto,https://static.tilbudsugen.dk/1st-retail/2026/5/64452/Netto42026-1_19_3368x2701_4897x4439_zoom.jpg,2026-01-24,2026-01-30,https://res.cloudinary.com/dfqzmnlga/image/upload/v1769224260/2026-01-24/10932757.jpg,Sour Patch Tropical,"Tropical vibes, sweet and tangy, with a twist—because life's too short for boring flavors. 🍌✨"
10932645,20.0,Lakrids Snak,Slik,Slikposer,1,0,ps.,Netto,https://static.tilbudsugen.dk/1st-retail/2026/5/64452/Netto42026-1_17_1731x4891_3657x6858_zoom.jpg,2026-01-24,2026-01-30,https://res.cloudinary.com/dfqzmnlga/image/upload/v1769224260/2026-01-24/10932645.jpg,Candy bags,✨ Treat yourself to a sweet escape with every bite! 🍬
10932646,20.0,Lakridserne,Slik,Slikposer,1,0,ps.,Netto,https://static.tilbudsugen.dk/1st-retail/2026/5/64452/Netto42026-1_17_1731x4891_3657x6858_zoom.jpg,2026-01-24,2026-01-30,https://res.cloudinary.com/dfqzmnlga/image/upload/v1769224261/2026-01-24/10932646.jpg,Candy bags,✨ Treat yourself to a sweet escape with every bite! 🍬
10932631,38.0,Got2b,Styling,Styling,1,0,stk.,Netto,https://static.tilbudsugen.dk/1st-retail/2026/5/64452/Netto42026-1_22_25x2851_1708x4879_zoom.jpg,2026-01-24,2026-01-30,https://res.cloudinary.com/dfqzmnlga/image/upload/v1769224261/2026-01-24/10932631.jpg,Styling,"✨ Styling the moment, making it shine! ✨"
10932662,12.0,Malaco,Slik,Sliksnører Lakrids,1,0,pk.,Netto,https://static.tilbudsugen.dk/1st-retail/2026/5/64452/Netto42026-1_17_3321x175_4984x4817_zoom.jpg,2026-01-24,2026-01-30,https://res.cloudinary.com/dfqzmnlga/image/upload/v1769224261/2026-01-24/10932662.jpg,Liquorice,"Sweetly soothing, with a touch of rebellious charm — I'm the kind of flavor that makes you think twice about your next drink. 🍸"
10932665,12.0,Malaco,Slik,Sliksnører Jordbær,1,0,pk.,Netto,https://static.tilbudsugen.dk/1st-retail/2026/5/64452/Netto42026-1_17_3321x175_4984x4817_zoom.jpg,2026-01-24,2026-01-30,https://res.cloudinary.com/dfqzmnlga/image/upload/v1769224262/2026-01-24/10932665.jpg,Limes Strawberry,"Citrusy delight, sweet and sharp—perfect for a good snack or a refreshing drink! 🍑🍓"
10932519,18.0,Mammen,Skiveost,Skiveost Havarti,1,0,pk.,Netto,https://static.tilbudsugen.dk/1st-retail/2026/5/64452/Netto42026-1_14_1617x707_3253x2196_zoom.jpg,2026-01-24,2026-01-30,https://res.cloudinary.com/dfqzmnlga/image/upload/v1769224263/2026-01-24/10932519.jpg,Skiveost Havarti,✨ Cheese lover with a knack for making everything better ✨
10932518,18.0,Mammen,Skiveost,Skiveost Guld Mellemlagret,1,0,pk.,Netto,https://static.tilbudsugen.dk/1st-retail/2026/5/64452/Netto42026-1_14_1617x707_3253x2196_zoom.jpg,2026-01-24,2026-01-30,https://res.cloudinary.com/dfqzmnlga/image/upload/v1769224263/2026-01-24/10932518.jpg,Skiveost Gold Intermediate stock,✨ Skiveost Gold Intermediate stock: The ultimate energy booster for those who need a little more sparkle in their day! ✨
10932648,35.0,Topper,Flødeboller,Flødeboller Kokos,1,0,bk.,Netto,https://static.tilbudsugen.dk/1st-retail/2026/5/64452/Netto42026-1_17_54x4904_1771x6878_zoom.jpg,2026-01-24,2026-01-30,https://res.cloudinary.com/dfqzmnlga/image/upload/v1769224263/2026-01-24/10932648.jpg,Creamballs Coconut,"Savor the sweet, creamy joy of coconut in every bite! 🍫"
10932649,35.0,Topper,Flødeboller,Flødeboller Klassisk,1,0,bk.,Netto,https://static.tilbudsugen.dk/1st-retail/2026/5/64452/Netto42026-1_17_54x4904_1771x6878_zoom.jpg,2026-01-24,2026-01-30,https://res.cloudinary.com/dfqzmnlga/image/upload/v1769224264/2026-01-24/10932649.jpg,Creamballs Classic,"✨ Creamballs Classic – the creamy, cheesy delight that brings joy to every bite! 🍫"
10932661,12.0,Malaco,Slik,Slikstjerner Karamel,1,0,pk.,Netto,https://static.tilbudsugen.dk/1st-retail/2026/5/64452/Netto42026-1_17_3321x175_4984x4817_zoom.jpg,2026-01-24,2026-01-30,https://res.cloudinary.com/dfqzmnlga/image/upload/v1769224264/2026-01-24/10932661.jpg,Candy stars Caramel,"✨ Candy stars Caramel, sweet and sparkly, always ready to shine! ✨"
10932659,12.0,Malaco,Slik,Slikstjerner Jordbær,1,0,pk.,Netto,https://static.tilbudsugen.dk/1st-retail/2026/5/64452/Netto42026-1_17_3321x175_4984x4817_zoom.jpg,2026-01-24,2026-01-30,https://res.cloudinary.com/dfqzmnlga/image/upload/v1769224265/2026-01-24/10932659.jpg,Candy stars Strawberry,"✨ Candy stars, strawberry dreams — sweetly unexpected! ✨"
10932568,12.0,Pålækker,"Pålæg, skiveskåret",Rullepølse,1,0,pk.,Netto,https://static.tilbudsugen.dk/1st-retail/2026/5/64452/Netto42026-1_15_61x734_2458x2823_zoom.jpg,2026-01-24,2026-01-30,https://res.cloudinary.com/dfqzmnlga/image/upload/v1769224265/2026-01-24/10932568.jpg,Roller sausage,"Sizzling with flavor, ready to roll! 🍴"
10932564,12.0,Pålækker,"Pålæg, skiveskåret",Hamburgerryg,1,0,pk.,Netto,https://static.tilbudsugen.dk/1st-retail/2026/5/64452/Netto42026-1_15_61x734_2458x2823_zoom.jpg,2026-01-24,2026-01-30,https://res.cloudinary.com/dfqzmnlga/image/upload/v1769224266/2026-01-24/10932564.jpg,Hamburger back,"🍔 Back to the kitchen, ready to crush your cravings! 🍔"
10932569,12.0,Sandwich,"Pålæg, skiveskåret",Kyllingebryst Tomat & Timian,1,0,pk.,Netto,https://static.tilbudsugen.dk/1st-retail/2026/5/64452/Netto42026-1_15_61x734_2458x2823_zoom.jpg,2026-01-24,2026-01-30,https://res.cloudinary.com/dfqzmnlga/image/upload/v1769224266/2026-01-24/10932569.jpg,Chicken Breast Tomato & Thyme,"Sizzling with flavor, this chicken breast is a tomato & thyme lover's dream! 🍳"
10932570,12.0,Sandwich,"Pålæg, skiveskåret",Kyllingebryst,1,0,pk.,Netto,https://static.tilbudsugen.dk/1st-retail/2026/5/64452/Netto42026-1_15_61x734_2458x2823_zoom.jpg,2026-01-24,2026-01-30,https://res.cloudinary.com/dfqzmnlga/image/upload/v1769224269/2026-01-24/10932570.jpg,Chicken breast,"🔥Sizzling, smoky, and unstoppable—chicken breast ready to conquer your taste buds! 🥗"
10932373,10.0,ASIA Noodles,Færdigretter,Beef Taste,1,0,bg.,Netto,https://static.tilbudsugen.dk/1st-retail/2026/5/64452/Netto42026-1_1_42x1345_2482x3398_zoom.jpg,2026-01-24,2026-01-30,https://res.cloudinary.com/dfqzmnlga/image/upload/v1769224269/2026-01-24/10932373.jpg,Beef Key,"Beef Key: The ultimate flavor booster, ready to spice up your day with a dash of bold and juicy! 🍳"
10932556,25.0,Polar Seafood,Rejer og andre skaldyr,Rejer,1,0,bg.,Netto,https://static.tilbudsugen.dk/1st-retail/2026/5/64452/Netto42026-1_15_1643x4951_3300x6831_zoom.jpg,2026-01-24,2026-01-30,https://res.cloudinary.com/dfqzmnlga/image/upload/v1769224270/2026-01-24/10932556.jpg,Shrimps and prawns,"Sizzling with flavor, I'm the ultimate seafood superstar! 🐟"
10932619,30.0,Batiste,Shampoo,Tørshampoo,1,0,stk.,Netto,https://static.tilbudsugen.dk/1st-retail/2026/5/64452/Netto42026-1_22_3282x545_4897x2885_zoom.jpg,2026-01-24,2026-01-30,https://res.cloudinary.com/dfqzmnlga/image/upload/v1769224270/2026-01-24/10932619.jpg,Thirst shampoo,"✨ Shampoo that quenches your thirst, but only for your hair. 💧"
10932655,12.0,Malaco,Slik,Slikstrimler Jordbær,1,0,ps.,Netto,https://static.tilbudsugen.dk/1st-retail/2026/5/64452/Netto42026-1_17_3321x175_4984x4817_zoom.jpg,2026-01-24,2026-01-30,https://res.cloudinary.com/dfqzmnlga/image/upload/v1769224271/2026-01-24/10932655.jpg,Candy strips Strawberry,Savoring sweet moments with a twist—strawberry candy strips and a dash of joy. 🍓✨
10932658,12.0,Malaco,Slik,Slikstrimler Tutti Frutti,1,0,ps.,Netto,https://static.tilbudsugen.dk/1st-retail/2026/5/64452/Netto42026-1_17_3321x175_4984x4817_zoom.jpg,2026-01-24,2026-01-30,https://res.cloudinary.com/dfqzmnlga/image/upload/v1769224272/2026-01-24/10932658.jpg,Candy strips Tutti Frutti,SWEET! I'm the candy strips that melt in your mouth and make every day a little sweeter. 🍬✨
10932778,109.0,Gammel Dansk,Bitter,Bitter,1,0,fl.,Netto,https://static.tilbudsugen.dk/1st-retail/2026/5/64452/Netto42026-1_20_2459x4850_4998x6831_zoom.jpg,2026-01-24,2026-01-30,https://res.cloudinary.com/dfqzmnlga/image/upload/v1769224273/2026-01-24/10932778.jpg,Bitter,"Bitter, but delicious—sometimes just enough to make the world taste better. 🍴"
10932779,109.0,Triple Wood,Whisky,Whisky,1,0,fl.,Netto,https://static.tilbudsugen.dk/1st-retail/2026/5/64452/Netto42026-1_20_2459x4850_4998x6831_zoom.jpg,2026-01-24,2026-01-30,https://res.cloudinary.com/dfqzmnlga/image/upload/v1769224273/2026-01-24/10932779.jpg,Whiskey,"Whiskey: ""Sipping on the night, one sip at a time."" 🍸"
10932780,109.0,Kahlua,Likør,Likør,1,0,fl.,Netto,https://static.tilbudsugen.dk/1st-retail/2026/5/64452/Netto42026-1_20_2459x4850_4998x6831_zoom.jpg,2026-01-24,2026-01-30,https://res.cloudinary.com/dfqzmnlga/image/upload/v1769224274/2026-01-24/10932780.jpg,Liqueurs and cordials,"Sip, savor, and swirl—my flavor is everywhere! 🍸"
10932777,109.0,Carta Blanca,Rom,Rom,1,0,fl.,Netto,https://static.tilbudsugen.dk/1st-retail/2026/5/64452/Netto42026-1_20_2459x4850_4998x6831_zoom.jpg,2026-01-24,2026-01-30,https://res.cloudinary.com/dfqzmnlga/image/upload/v1769224274/2026-01-24/10932777.jpg,Rome,"✨ Rome, the city that never sleeps, where every corner tells a story and every street has a legend. ✨"
10932776,109.0,London Dry,Gin,Gin,1,0,fl.,Netto,https://static.tilbudsugen.dk/1st-retail/2026/5/64452/Netto42026-1_20_2459x4850_4998x6831_zoom.jpg,2026-01-24,2026-01-30,https://res.cloudinary.com/dfqzmnlga/image/upload/v1769224275/2026-01-24/10932776.jpg,Gin,"Sip, savor, and sip some gin—because life's too short for boring drinks. 🍸"
10932775,109.0,Absolut,Vodka,Vodka,1,0,fl.,Netto,https://static.tilbudsugen.dk/1st-retail/2026/5/64452/Netto42026-1_20_2459x4850_4998x6831_zoom.jpg,2026-01-24,2026-01-30,https://res.cloudinary.com/dfqzmnlga/image/upload/v1769224275/2026-01-24/10932775.jpg,Vodka,"Vodka: ""Sip, savor, and never forget the night."" 🍸"
10932374,10.0,ASIA Noodles,Færdigretter,Chicken Taste,1,0,bg.,Netto,https://static.tilbudsugen.dk/1st-retail/2026/5/64452/Netto42026-1_1_42x1345_2482x3398_zoom.jpg,2026-01-24,2026-01-30,https://res.cloudinary.com/dfqzmnlga/image/upload/v1769224276/2026-01-24/10932374.jpg,Chicken Taste,Savor the taste of life with every bite — Chicken Taste. 🍗
10932375,10.0,Pasta Snack Pot,Færdigretter,Carbonara,1,0,bg.,Netto,https://static.tilbudsugen.dk/1st-retail/2026/5/64452/Netto42026-1_1_42x1345_2482x3398_zoom.jpg,2026-01-24,2026-01-30,https://res.cloudinary.com/dfqzmnlga/image/upload/v1769224276/2026-01-24/10932375.jpg,Carbonara,"I'm the creamy, cheesy, and delicious Carbonara, ready to melt your heart with every bite! 🥦✨"
10932529,25.0,Løgismose,Skiveost,Skiveost Aged Havarti,1,0,pk.,Netto,https://static.tilbudsugen.dk/1st-retail/2026/5/64452/Netto42026-1_14_115x5140_2290x6838_zoom.jpg,2026-01-24,2026-01-30,https://res.cloudinary.com/dfqzmnlga/image/upload/v1769224277/2026-01-24/10932529.jpg,Skiveost Aged Havarti,"Savory, slightly smoky, and always ready to melt into a perfect snack — perfect for a lazy afternoon. 🍬"
10932528,25.0,Løgismose,Skiveost,Skiveost Jysk Hede,1,0,pk.,Netto,https://static.tilbudsugen.dk/1st-retail/2026/5/64452/Netto42026-1_14_115x5140_2290x6838_zoom.jpg,2026-01-24,2026-01-30,https://res.cloudinary.com/dfqzmnlga/image/upload/v1769224277/2026-01-24/10932528.jpg,Skiveost Jysk Hede,Skiveost Jysk Hede: The ultimate snack that makes your day just a little bit more interesting. 🍽️
10932441,10.0,Nutramino,Energi- Sports- & Vitamindrikke,Energidrik,1,0,fl.,Netto,https://static.tilbudsugen.dk/1st-retail/2026/5/64452/Netto42026-1_3_2407x2464_4897x4702_zoom.jpg,2026-01-24,2026-01-30,https://res.cloudinary.com/dfqzmnlga/image/upload/v1769224278/2026-01-24/10932441.jpg,Energy Drink,"💥 Supercharged with energy, ready to crush any challenge! 🌟"
10932429,5.0,Choco Snack,Mellemmåltider,Cool Snacks,1,0,pk.,Netto,https://static.tilbudsugen.dk/1st-retail/2026/5/64452/Netto42026-1_2_84x4559_2608x6857_zoom.jpg,2026-01-24,2026-01-30,https://res.cloudinary.com/dfqzmnlga/image/upload/v1769224278/2026-01-24/10932429.jpg,Cool Snacks,"Sip, snack, and stay curious—because every bite is a flavor adventure! 😋"
10932557,25.19,ØGO,Madlavningsost,Revet ost Cheddar,1,0,ps.,Netto,https://static.tilbudsugen.dk/1st-retail/2026/5/64452/Netto42026-1_7_3198x764_4931x4433_zoom.jpg,2026-01-24,2026-01-30,https://res.cloudinary.com/dfqzmnlga/image/upload/v1769224279/2026-01-24/10932557.jpg,Reefed cheese Cheddar,"Surfing the flavor wave with a creamy, salty twist—because every bite is a beach day in a box. 🌊🧀"
10932430,5.0,Munchmallow,Mellemmåltider,Cool Snacks,1,0,pk.,Netto,https://static.tilbudsugen.dk/1st-retail/2026/5/64452/Netto42026-1_2_84x4559_2608x6857_zoom.jpg,2026-01-24,2026-01-30,https://res.cloudinary.com/dfqzmnlga/image/upload/v1769224279/2026-01-24/10932430.jpg,Cool Snacks,😄 Snack your day with a dash of flavor and a sprinkle of fun!
10932436,5.0,Oreo,Mellemmåltider,Cool Snacks,1,0,stk.,Netto,https://static.tilbudsugen.dk/1st-retail/2026/5/64452/Netto42026-1_2_84x4559_2608x6857_zoom.jpg,2026-01-24,2026-01-30,https://res.cloudinary.com/dfqzmnlga/image/upload/v1769224280/2026-01-24/10932436.jpg,Cool Snacks,✨ Wholesome bites that make your day brighter!
10932361,10.0,ASIA Noodles,Færdigretter,Spicy Chicken Taste,1,0,bg.,Netto,https://static.tilbudsugen.dk/1st-retail/2026/5/64452/Netto42026-1_1_42x1345_2482x3398_zoom.jpg,2026-01-24,2026-01-30,https://res.cloudinary.com/dfqzmnlga/image/upload/v1769224280/2026-01-24/10932361.jpg,Spicy Chicken Key,🔥 Spicy Chicken Key – unlock the flavor of the night! 🍗
10921781,199.0,Murph,Kosttilskud,Træningstilskud,1,1,stk.,Netto,https://static.tilbudsugen.dk/1st-retail/2026/4/64393/Netto32026-1_24_3369x3816_4904x6847_zoom.jpg,2026-01-01,2026-01-31,https://res.cloudinary.com/dfqzmnlga/image/upload/v1769224281/2026-01-24/10921781.jpg,Training grants,"🚀 Training grants, empowering your growth and goals! 💪"
10904788,199.0,Murph,Kosttilskud,Træningstilskud,1,1,stk.,Netto,https://static.tilbudsugen.dk/1st-retail/2026/2/64322/Netto022026-1_25_3283x3710_4916x6886_zoom.jpg,2026-01-02,2026-01-31,https://res.cloudinary.com/dfqzmnlga/image/upload/v1769224281/2026-01-24/10904788.jpg,Training grants,💪 Training grants = unstoppable growth! 🚀
10932848,30.0,,Garn,Garn,1,0,stk.,Netto,https://static.tilbudsugen.dk/1st-retail/2026/5/64452/Netto42026-1_33_222x2371_2445x4581_zoom.jpg,2026-01-24,2026-01-30,https://res.cloudinary.com/dfqzmnlga/image/upload/v1769224282/2026-01-24/10932848.jpg,Yarn,Weave your dreams into a tapestry of possibilities 🌟
10921785,60.0,Murph,Kosttilskud,Træningstilskud,1,0,ds.,Netto,https://static.tilbudsugen.dk/1st-retail/2026/4/64393/Netto32026-1_24_79x2785_1739x4682_zoom.jpg,2026-01-01,2026-01-31,https://res.cloudinary.com/dfqzmnlga/image/upload/v1769224282/2026-01-24/10921785.jpg,Training grants,"✨ Training grants, fueling your growth and boosting your vibe! ✨"
10932424,5.0,Knoppers,Kiks,Knoppers Crispy,1,0,pk.,Netto,https://static.tilbudsugen.dk/1st-retail/2026/5/64452/Netto42026-1_2_2440x2396_4990x4652_zoom.jpg,2026-01-24,2026-01-30,https://res.cloudinary.com/dfqzmnlga/image/upload/v1769224283/2026-01-24/10932424.jpg,Bumper's Crispy,"Crunchy, crispy, and always ready to shine—perfect for any snack moment! 🍽️"
10921783,10.0,Murph,Snacks/bar,Pistachio & Cookies Crisp Proteinbar,1,0,stk.,Netto,https://static.tilbudsugen.dk/1st-retail/2026/4/64393/Netto32026-1_24_24x1801_3526x2997_zoom.jpg,2026-01-01,2026-01-31,https://res.cloudinary.com/dfqzmnlga/image/upload/v1769224283/2026-01-24/10921783.jpg,Pistachio & Cookies Crisp Protein Bar,"✨ Crunchy, creamy, and satisfying—perfect for your energy boost! ✨"
10925772,10.0,Murph,Snacks/bar,Cookies & Caramel Crisp Proteinbar,1,0,stk.,Netto,https://static.tilbudsugen.dk/1st-retail/2026/4/64393/Netto32026-1_24_24x1801_3526x2997_zoom.jpg,2026-01-01,2026-01-31,https://res.cloudinary.com/dfqzmnlga/image/upload/v1769224284/2026-01-24/10925772.jpg,Cookies & Caramel Crisp Protein Bar,"✨ Chewy, caramel, and protein-packed — your snack of choice! ✨"
10925774,10.0,Murph,Snacks/bar,Coconut & Cookies Crisp Proteinbar,1,0,stk.,Netto,https://static.tilbudsugen.dk/1st-retail/2026/4/64393/Netto32026-1_24_24x1801_3526x2997_zoom.jpg,2026-01-01,2026-01-31,https://res.cloudinary.com/dfqzmnlga/image/upload/v1769224284/2026-01-24/10925774.jpg,Coconut & Cookies Crisp Proteinbar,"✨ Coconut & Cookies Crisp Proteinbar: Satisfy your cravings with creamy coconut and gooey cookies, all in one tasty bar! 🍪"
10925785,10.0,Murph,Snacks/bar,Coconut & Cookies Crisp Proteinbar,1,0,stk.,Netto,https://static.tilbudsugen.dk/1st-retail/2026/2/64322/Netto022026-1_25_16x1895_1757x4634_zoom.jpg,2026-01-02,2026-01-31,https://res.cloudinary.com/dfqzmnlga/image/upload/v1769224285/2026-01-24/10925785.jpg,Coconut & Cookies Crisp Proteinbar,"✨ Coconut & Cookies Crisp Proteinbar: Satisfy your cravings with a sweet, savory twist! 🍫 🍪"
10932471,20.0,,Røget og gravad,Laks i skiver,1,0,pk.,Netto,https://static.tilbudsugen.dk/1st-retail/2026/5/64452/Netto42026-1_4_50x4593_2449x6831_zoom.jpg,2026-01-24,2026-01-30,https://res.cloudinary.com/dfqzmnlga/image/upload/v1769224285/2026-01-24/10932471.jpg,Salmon in slices,"Sizzling with flavor, ready to conquer your taste buds 🍣"
10925784,10.0,Murph,Snacks/bar,Cookies & Caramel Crisp Proteinbar,1,0,stk.,Netto,https://static.tilbudsugen.dk/1st-retail/2026/2/64322/Netto022026-1_25_16x1895_1757x4634_zoom.jpg,2026-01-02,2026-01-31,https://res.cloudinary.com/dfqzmnlga/image/upload/v1769224285/2026-01-24/10925784.jpg,Cookies & Caramel Crisp Protein Bar,Melt-in-your-mouth sweetness with a sprinkle of crunch and protein—perfect for any snack moment. 🍪✨
10925773,10.0,Murph,Snacks/bar,Peanut & Caramel Crisp Proteinbar,1,0,stk.,Netto,https://static.tilbudsugen.dk/1st-retail/2026/4/64393/Netto32026-1_24_24x1801_3526x2997_zoom.jpg,2026-01-01,2026-01-31,https://res.cloudinary.com/dfqzmnlga/image/upload/v1769224286/2026-01-24/10925773.jpg,Peanut & Caramel Crisp Protein Bar,"✨ Crunchy, creamy, and supercharged—perfect for your daily boost! ✨"
10932474,20.0,,Røget og gravad,Laks,1,0,bk.,Netto,https://static.tilbudsugen.dk/1st-retail/2026/5/64452/Netto42026-1_4_50x4593_2449x6831_zoom.jpg,2026-01-24,2026-01-30,https://res.cloudinary.com/dfqzmnlga/image/upload/v1769224286/2026-01-24/10932474.jpg,Salmon,"✨Sashimi master, sushi enthusiast, and salty joy seeker. 🍣"
10904791,10.0,Murph,Snacks/bar,Pistachio & Cookies Crisp Proteinbar,1,0,stk.,Netto,https://static.tilbudsugen.dk/1st-retail/2026/2/64322/Netto022026-1_25_16x1895_1757x4634_zoom.jpg,2026-01-02,2026-01-31,https://res.cloudinary.com/dfqzmnlga/image/upload/v1769224287/2026-01-24/10904791.jpg,Pistachio & Cookies Crisp Protein Bar,"✨ Sweet, salty, and super satisfying – just the right mix of pistachios and cookies for your energy boost! ✨"
10925786,10.0,Murph,Snacks/bar,Peanut & Caramel Crisp Proteinbar,1,0,stk.,Netto,https://static.tilbudsugen.dk/1st-retail/2026/2/64322/Netto022026-1_25_16x1895_1757x4634_zoom.jpg,2026-01-02,2026-01-31,https://res.cloudinary.com/dfqzmnlga/image/upload/v1769224287/2026-01-24/10925786.jpg,Peanut & Caramel Crisp Protein Bar,"✨ Crunchy, creamy, and supercharged—perfect for your daily dose of energy! ✨"
10932527,25.0,Løgismose,Specialost,Skimmelost Blå Ost,1,0,pk.,Netto,https://static.tilbudsugen.dk/1st-retail/2026/5/64452/Netto42026-1_14_115x5140_2290x6838_zoom.jpg,2026-01-24,2026-01-30,https://res.cloudinary.com/dfqzmnlga/image/upload/v1769224287/2026-01-24/10932527.jpg,Skimmelost Blue Cheese,✨ Curious about the cheese that melts in your mouth? I'm Skimmelost Blue Cheese – the flavor that makes every bite a little more adventurous. 😄
10932781,109.0,Silver,Tequila,Tequila,1,0,fl.,Netto,https://static.tilbudsugen.dk/1st-retail/2026/5/64452/Netto42026-1_20_2459x4850_4998x6831_zoom.jpg,2026-01-24,2026-01-30,https://res.cloudinary.com/dfqzmnlga/image/upload/v1769224288/2026-01-24/10932781.jpg,Tequila,"Sip, savor, and let the fire of passion ignite your day 🍸"
10932554,22.0,Bådsmand,Røget og gravad,Laksetopping,1,0,bk.,Netto,https://static.tilbudsugen.dk/1st-retail/2026/5/64452/Netto42026-1_15_1691x2856_3327x4877_zoom.jpg,2026-01-24,2026-01-30,https://res.cloudinary.com/dfqzmnlga/image/upload/v1769224288/2026-01-24/10932554.jpg,Salmon peaking,"Sizzling with flavor, salmon peaking—perfect for a spicy, satisfying bite! 🍣"
10932637,45.0,Mini Favoritter,Chokolade,Dessertchokolade,1,0,æsk.,Netto,https://static.tilbudsugen.dk/1st-retail/2026/5/64452/Netto42026-1_17_1697x2829_3267x4796_zoom.jpg,2026-01-24,2026-01-30,https://res.cloudinary.com/dfqzmnlga/image/upload/v1769224289/2026-01-24/10932637.jpg,Dessert chocolate,"Savoring sweet moments, one chocolate at a time 🍫"
10932465,35.0,Velsmag,Oksekød,Ribeye,1,0,bk.,Netto,https://static.tilbudsugen.dk/1st-retail/2026/5/64452/Netto42026-1_12_2957x3065_4998x4770_zoom.jpg,2026-01-24,2026-01-30,https://res.cloudinary.com/dfqzmnlga/image/upload/v1769224289/2026-01-24/10932465.jpg,Ribeye,"🔥 Savor the flavor of every bite, because I'm the star of the kitchen. 🍲"
10932787,14.0,Peelerz,Slik,Green Apple Slik,1,0,ps.,Netto,https://static.tilbudsugen.dk/1st-retail/2026/5/64452/Netto42026-1_19_3294x856_4816x2560_zoom.jpg,2026-01-24,2026-01-30,https://res.cloudinary.com/dfqzmnlga/image/upload/v1769224290/2026-01-24/10932787.jpg,Green Apple Candy,"Sour and sweet, perfect for a rainy day—bite, laugh, repeat. 🍎✨"
10932571,12.0,Salami Hapser,Pålægspølser,Salami Snacks,1,0,pk.,Netto,https://static.tilbudsugen.dk/1st-retail/2026/5/64452/Netto42026-1_15_61x734_2458x2823_zoom.jpg,2026-01-24,2026-01-30,https://res.cloudinary.com/dfqzmnlga/image/upload/v1769224290/2026-01-24/10932571.jpg,Salami Snacks,"Savor the crunch of flavor, one bite at a time 🍴"
10932614,12.0,Palmolive Men,Deodorant,Deo Roll-on,1,0,stk.,Netto,https://static.tilbudsugen.dk/1st-retail/2026/5/64452/Netto42026-1_22_1632x671_3324x2893_zoom.jpg,2026-01-24,2026-01-30,https://res.cloudinary.com/dfqzmnlga/image/upload/v1769224290/2026-01-24/10932614.jpg,Deo Roll-on,"✨ Spray your day with confidence, one perfect smooch at a time. ✨"
10932615,12.0,Palmolive,Deodorant,Deo Roll-on,1,0,stk.,Netto,https://static.tilbudsugen.dk/1st-retail/2026/5/64452/Netto42026-1_22_1632x671_3324x2893_zoom.jpg,2026-01-24,2026-01-30,https://res.cloudinary.com/dfqzmnlga/image/upload/v1769224291/2026-01-24/10932615.jpg,Deo Roll-on,"✨ Spray your day with confidence, one smudge at a time! ✨"
10932437,5.0,Country,Chokolade,Chokoladestænger,1,0,pk.,Netto,https://static.tilbudsugen.dk/1st-retail/2026/5/64452/Netto42026-1_2_2440x2396_4990x4652_zoom.jpg,2026-01-24,2026-01-30,https://res.cloudinary.com/dfqzmnlga/image/upload/v1769224291/2026-01-24/10932437.jpg,Chocolate bars and rods,"🍫 Indulge in the sweetest vibes, one bar at a time. 🍫"
10932456,10.0,Nutramino,Snacks/bar,Chocolate Protein Wafer ,1,0,stk.,Netto,https://static.tilbudsugen.dk/1st-retail/2026/5/64452/Netto42026-1_3_2407x2464_4897x4702_zoom.jpg,2026-01-24,2026-01-30,https://res.cloudinary.com/dfqzmnlga/image/upload/v1769224292/2026-01-24/10932456.jpg,Chocolate Protein Wafer,✨ Chocolate Protein Wafer – the sweet spot between dessert and workout fuel! 🌟
10932552,65.0,Premieur,Røget og gravad,Laks i skiver,1,0,pk.,Netto,https://static.tilbudsugen.dk/1st-retail/2026/5/64452/Netto42026-1_15_3307x4837_4998x6831_zoom.jpg,2026-01-24,2026-01-30,https://res.cloudinary.com/dfqzmnlga/image/upload/v1769224292/2026-01-24/10932552.jpg,Salmon in slices,"Salty, smoky, and slightly spicy — the perfect snack for any meal. 🍣"
10932769,25.0,Skittles,Pastiller,Squishy Cloudz Fruits Pastiller,1,0,ps.,Netto,https://static.tilbudsugen.dk/1st-retail/2026/5/64452/Netto42026-1_19_3294x4601_4937x6386_zoom.jpg,2026-01-24,2026-01-30,https://res.cloudinary.com/dfqzmnlga/image/upload/v1769224293/2026-01-24/10932769.jpg,Squishy Cloudz Fruits Pastilles,"✨ Whisked cloud-like fruits that melt in your mouth, bringing a smile to any snack! ✨"
10932770,25.0,Skittles,Pastiller,Squishy Cloudz Crazy Sours,1,0,ps.,Netto,https://static.tilbudsugen.dk/1st-retail/2026/5/64452/Netto42026-1_19_3294x4601_4937x6386_zoom.jpg,2026-01-24,2026-01-30,https://res.cloudinary.com/dfqzmnlga/image/upload/v1769224293/2026-01-24/10932770.jpg,Squishy Cloudz Crazy Sours,Squishy Cloudz Crazy Sours: The only thing you need to make your day a little more whimsical—and your mood a little more cloudy. 🌈
10932771,24.0,Reeses,Chokolade,Peanutbutterbar White,1,0,stk.,Netto,https://static.tilbudsugen.dk/1st-retail/2026/5/64452/Netto42026-1_19_1711x4601_3233x6400_zoom.jpg,2026-01-24,2026-01-30,https://res.cloudinary.com/dfqzmnlga/image/upload/v1769224293/2026-01-24/10932771.jpg,Peanut butterable White,✨ Peanut butterable White 🍬
10932774,24.0,Reeses,Chokolade,Peanutbar,1,0,stk.,Netto,https://static.tilbudsugen.dk/1st-retail/2026/5/64452/Netto42026-1_19_1711x4601_3233x6400_zoom.jpg,2026-01-24,2026-01-30,https://res.cloudinary.com/dfqzmnlga/image/upload/v1769224294/2026-01-24/10932774.jpg,Peanutbar,"Choco-nutty, smoothie-ready, and always ready to snack—just ask me what I'm doing. 🍫✨"
10933265,24.0,Reeses,Chokolade,Chokolade Peanut Butter Cups Minis,1,0,ps.,Netto,https://static.tilbudsugen.dk/1st-retail/2026/5/64452/Netto42026-1_19_1711x4601_3233x6400_zoom.jpg,2026-01-24,2026-01-30,https://res.cloudinary.com/dfqzmnlga/image/upload/v1769224294/2026-01-24/10933265.jpg,Chocolate Peanut Butter Cups Minis,"Sweet, creamy, and slightly messy — perfect for a rainy day. 🍫 Peanut butter cup love in every bite."
10932421,5.0,Rice Up,Chokolade,Chokoladebar Milk,1,0,pk.,Netto,https://static.tilbudsugen.dk/1st-retail/2026/5/64452/Netto42026-1_2_2440x4585_4998x6857_zoom.jpg,2026-01-24,2026-01-30,https://res.cloudinary.com/dfqzmnlga/image/upload/v1769224295/2026-01-24/10932421.jpg,Chocolateable Milk,"☕️ I'm the sweetest milk ever—chocolatey, creamy, and ready to melt your day!"
10932438,5.0,Tic Tac,Pastiller,Pastiller Mint,1,0,stk.,Netto,https://static.tilbudsugen.dk/1st-retail/2026/5/64452/Netto42026-1_2_2440x2396_4990x4652_zoom.jpg,2026-01-24,2026-01-30,https://res.cloudinary.com/dfqzmnlga/image/upload/v1769224295/2026-01-24/10932438.jpg,Patches Mint,"Patchy, minty, and just right—like a perfect match. 🌿"
10932423,5.0,Rice Up,Chokolade,Chokoladebar Orange Dark,1,0,pk.,Netto,https://static.tilbudsugen.dk/1st-retail/2026/5/64452/Netto42026-1_2_2440x4585_4998x6857_zoom.jpg,2026-01-24,2026-01-30,https://res.cloudinary.com/dfqzmnlga/image/upload/v1769224296/2026-01-24/10932423.jpg,Chocolateable Orange Dark,✨ Chocoholic orange with a twist—dark and delicious! 🍊
10932422,5.0,Rice Up,Chokolade,Chokoladebar Dark,1,0,pk.,Netto,https://static.tilbudsugen.dk/1st-retail/2026/5/64452/Netto42026-1_2_2440x4585_4998x6857_zoom.jpg,2026-01-24,2026-01-30,https://res.cloudinary.com/dfqzmnlga/image/upload/v1769224296/2026-01-24/10932422.jpg,Chocolateable Dark,✨ Dark chocolate lover with a sweet twist! 🍫
10925742,14.0,Murph,Snacks/bar,Chocolate & Orange Crisp Proteinbar,1,0,stk.,Netto,https://static.tilbudsugen.dk/1st-retail/2026/2/64322/Netto022026-1_25_1798x15_4998x1862_zoom.jpg,2026-01-02,2026-01-31,https://res.cloudinary.com/dfqzmnlga/image/upload/v1769224297/2026-01-24/10925742.jpg,Chocolate & Orange Crisp Protein Bar,"✨ Crunchy, sweet, and satisfying — this bar is a flavor explosion in every bite! ✨"
10925748,14.0,Murph,Snacks/bar,Salty Caramel Crisp Proteinbar,1,0,stk.,Netto,https://static.tilbudsugen.dk/1st-retail/2026/2/64322/Netto022026-1_25_1798x15_4998x1862_zoom.jpg,2026-01-02,2026-01-31,https://res.cloudinary.com/dfqzmnlga/image/upload/v1769224298/2026-01-24/10925748.jpg,Salty Caramel Crisp Protein Bar,"✨ Crunchy, salty, and sweet — this bar delivers flavor with a side of protein!"
10925745,14.0,Murph,Snacks/bar,Milky Road Proteinbar,1,0,stk.,Netto,https://static.tilbudsugen.dk/1st-retail/2026/2/64322/Netto022026-1_25_1798x15_4998x1862_zoom.jpg,2026-01-02,2026-01-31,https://res.cloudinary.com/dfqzmnlga/image/upload/v1769224298/2026-01-24/10925745.jpg,Milky Road Proteinbar,"✨ Boost your energy with a creamy, delicious protein boost!"
10925794,14.0,Murph,Snacks/bar,Milky Road Proteinbar,1,0,stk.,Netto,https://static.tilbudsugen.dk/1st-retail/2026/4/64393/Netto32026-1_24_1889x30_4943x1927_zoom.jpg,2026-01-01,2026-01-31,https://res.cloudinary.com/dfqzmnlga/image/upload/v1769224298/2026-01-24/10925794.jpg,Milky Road Proteinbar,Satisfy your cravings with a sprinkle of protein and a dash of joy 🌟
10921782,14.0,Murph,Snacks/bar,Chocolate & Orange Crisp Proteinbar,1,0,stk.,Netto,https://static.tilbudsugen.dk/1st-retail/2026/4/64393/Netto32026-1_24_1889x30_4943x1927_zoom.jpg,2026-01-01,2026-01-31,https://res.cloudinary.com/dfqzmnlga/image/upload/v1769224299/2026-01-24/10921782.jpg,Chocolate & Orange Crisp Protein Bar,"Satisfy your cravings with a sweet, savory hit of chocolate and orange — and a dash of protein! 🍬🍊"
10925793,14.0,Murph,Snacks/bar,Toffee & Caramel Proteinbar,1,0,stk.,Netto,https://static.tilbudsugen.dk/1st-retail/2026/4/64393/Netto32026-1_24_1889x30_4943x1927_zoom.jpg,2026-01-01,2026-01-31,https://res.cloudinary.com/dfqzmnlga/image/upload/v1769224299/2026-01-24/10925793.jpg,Toffee & Caramel Protein Bar,"Satisfy your cravings with a sweet, savory twist—flavorful, creamy, and ready to satisfy. 🍫✨"
10925796,14.0,Murph,Snacks/bar,Salty Caramel Crisp Proteinbar,1,0,stk.,Netto,https://static.tilbudsugen.dk/1st-retail/2026/4/64393/Netto32026-1_24_1889x30_4943x1927_zoom.jpg,2026-01-01,2026-01-31,https://res.cloudinary.com/dfqzmnlga/image/upload/v1769224300/2026-01-24/10925796.jpg,Salty Caramel Crisp Protein Bar,"✨ Crunchy, salty, and sweet – this bar is your energy boost for the day!"
10904782,14.0,Murph,Snacks/bar,Toffee & Caramel Proteinbar,1,0,stk.,Netto,https://static.tilbudsugen.dk/1st-retail/2026/2/64322/Netto022026-1_25_1798x15_4998x1862_zoom.jpg,2026-01-02,2026-01-31,https://res.cloudinary.com/dfqzmnlga/image/upload/v1769224301/2026-01-24/10904782.jpg,Toffee & Caramel Protein Bar,"✨ Sweet, savory, and salty — this bar is a flavor explosion! ✨"
10925752,14.0,Murph,Snacks/bar,Chocolate Banana Crisp Proteinbar,1,0,stk.,Netto,https://static.tilbudsugen.dk/1st-retail/2026/2/64322/Netto022026-1_25_1798x15_4998x1862_zoom.jpg,2026-01-02,2026-01-31,https://res.cloudinary.com/dfqzmnlga/image/upload/v1769224301/2026-01-24/10925752.jpg,Chocolate Banana Crisp Protein Bar,"Satisfy your cravings and boost your energy with a sweet, savory twist — 🍫🍌💪"
10925795,14.0,Murph,Snacks/bar,Chocolate Banana Crisp Proteinbar,1,0,stk.,Netto,https://static.tilbudsugen.dk/1st-retail/2026/4/64393/Netto32026-1_24_1889x30_4943x1927_zoom.jpg,2026-01-01,2026-01-31,https://res.cloudinary.com/dfqzmnlga/image/upload/v1769224301/2026-01-24/10925795.jpg,Chocolate Banana Crisp Protein Bar,"Sweet, salty, and satisfying — perfect for any snack moment! 🍫🍌💪"
10932455,10.0,Grenade,Snacks/bar,Oreo Proteinbar,1,0,stk.,Netto,https://static.tilbudsugen.dk/1st-retail/2026/5/64452/Netto42026-1_3_2407x2464_4897x4702_zoom.jpg,2026-01-24,2026-01-30,https://res.cloudinary.com/dfqzmnlga/image/upload/v1769224302/2026-01-24/10932455.jpg,Oreo Proteinbar,"✨ Crunchy, creamy, and supercharged with protein—your energy boost, delivered in a cookie-shaped package! ✨"
10932599,15.0,Hello Sensitive,Ansigtspleje,Creme,1,0,stk.,Netto,https://static.tilbudsugen.dk/1st-retail/2026/5/64452/Netto42026-1_21_3214x3154_4821x4635_zoom.jpg,2026-01-24,2026-01-30,https://res.cloudinary.com/dfqzmnlga/image/upload/v1769224303/2026-01-24/10932599.jpg,Cream,"Smooth, creamy, and versatile — the perfect companion to any moment. 🧀"
10932788,14.0,Peelerz,Slik,Mystery Cube Slik,1,0,ps.,Netto,https://static.tilbudsugen.dk/1st-retail/2026/5/64452/Netto42026-1_19_3294x856_4816x2560_zoom.jpg,2026-01-24,2026-01-30,https://res.cloudinary.com/dfqzmnlga/image/upload/v1769224304/2026-01-24/10932788.jpg,Mystery Cube Candy,"✨ Twist the box, unlock the surprise—Mystery Cube Candy, where every bite is a mystery! 🧩"
10932755,14.0,Peelerz,Slik,Peach Slik,1,0,ps.,Netto,https://static.tilbudsugen.dk/1st-retail/2026/5/64452/Netto42026-1_19_3294x856_4816x2560_zoom.jpg,2026-01-24,2026-01-30,https://res.cloudinary.com/dfqzmnlga/image/upload/v1769224305/2026-01-24/10932755.jpg,Peach Candy,"Sweet, fruity, and slightly sweet, I'm the peach candy that brings a smile to your lips—just like a perfect afternoon snack. 🍒✨"
10932610,17.0,Barebells,Snacks/bar,Caramel Cashew Proteinbar,1,0,stk.,Netto,https://static.tilbudsugen.dk/1st-retail/2026/5/64452/Netto42026-1_22_50x604_1717x2918_zoom.jpg,2026-01-24,2026-01-30,https://res.cloudinary.com/dfqzmnlga/image/upload/v1769224305/2026-01-24/10932610.jpg,Caramel Cashew Protein Bar,"✨ Crunchy, creamy, and supercharged with protein — perfect for any snack moment! 🍫"
10932611,17.0,Barebells,Snacks/bar,Caramel Choco Proteinbar,1,0,stk.,Netto,https://static.tilbudsugen.dk/1st-retail/2026/5/64452/Netto42026-1_22_50x604_1717x2918_zoom.jpg,2026-01-24,2026-01-30,https://res.cloudinary.com/dfqzmnlga/image/upload/v1769224306/2026-01-24/10932611.jpg,Caramel Choco Proteinbar,✨ Choco-nutty energy boost that makes every day feel like a sweet escape! ✨
10925520,17.0,Barebells,Snacks/bar,Caramel Choco Proteinbar,1,0,stk.,Netto,https://static.tilbudsugen.dk/1st-retail/2026/3/64366/Netto032026-1_22_1611x737_3280x2817_zoom.jpg,2026-01-01,2026-01-31,https://res.cloudinary.com/dfqzmnlga/image/upload/v1769224306/2026-01-24/10925520.jpg,Caramel Choco Proteinbar,"✨ Sweet, creamy, and supercharged with protein—just the right mix for your day! 🍫"
10925514,17.0,Barebells,Snacks/bar,Coco Choco Proteinbar,1,0,stk.,Netto,https://static.tilbudsugen.dk/1st-retail/2026/3/64366/Netto032026-1_22_1611x737_3280x2817_zoom.jpg,2026-01-01,2026-01-31,https://res.cloudinary.com/dfqzmnlga/image/upload/v1769224306/2026-01-24/10925514.jpg,Coco Choco Proteinbar,"✨ Satisfy your cravings with a sweet, protein-packed burst of joy! ✨"
10925519,17.0,Barebells,Snacks/bar,Caramel Cashew Proteinbar,1,0,stk.,Netto,https://static.tilbudsugen.dk/1st-retail/2026/3/64366/Netto032026-1_22_1611x737_3280x2817_zoom.jpg,2026-01-01,2026-01-31,https://res.cloudinary.com/dfqzmnlga/image/upload/v1769224307/2026-01-24/10925519.jpg,Caramel Cashew Protein Bar,"Sweet, creamy, and super satisfying — perfect for any snack or energy boost! 🍫✨"
10932605,17.0,Barebells,Snacks/bar,Hazelnut & Nougat Proteinbar,1,0,stk.,Netto,https://static.tilbudsugen.dk/1st-retail/2026/5/64452/Netto42026-1_22_50x604_1717x2918_zoom.jpg,2026-01-24,2026-01-30,https://res.cloudinary.com/dfqzmnlga/image/upload/v1769224308/2026-01-24/10932605.jpg,Hazelnut & Nougat Proteinbar,"✨ Crunchy, creamy, and protein-packed — the perfect snack to fuel your day! ✨"
10932612,17.0,Barebells,Snacks/bar,Banana Dream Proteinbar,1,0,stk.,Netto,https://static.tilbudsugen.dk/1st-retail/2026/5/64452/Netto42026-1_22_50x604_1717x2918_zoom.jpg,2026-01-24,2026-01-30,https://res.cloudinary.com/dfqzmnlga/image/upload/v1769224308/2026-01-24/10932612.jpg,Banana Dream Proteinbar,"Banana Dream Proteinbar: Satisfy your cravings with a sweet, creamy, and protein-packed burst of banana bliss 🍌💪"
10914459,17.0,Barebells,Snacks/bar,Hazelnut & Nougat Proteinbar,1,0,stk.,Netto,https://static.tilbudsugen.dk/1st-retail/2026/3/64366/Netto032026-1_22_1611x737_3280x2817_zoom.jpg,2026-01-01,2026-01-31,https://res.cloudinary.com/dfqzmnlga/image/upload/v1769224308/2026-01-24/10914459.jpg,Hazelnut & Nougat Proteinbar,"✨ Crunchy, creamy, and protein-packed—your perfect snack for any mood! ✨"
10932613,17.0,Barebells,Snacks/bar,Salted Peanut Caramel Proteinbar,1,0,stk.,Netto,https://static.tilbudsugen.dk/1st-retail/2026/5/64452/Netto42026-1_22_50x604_1717x2918_zoom.jpg,2026-01-24,2026-01-30,https://res.cloudinary.com/dfqzmnlga/image/upload/v1769224309/2026-01-24/10932613.jpg,Salted Peanut Caramel Protein Bar,"✨ Crispy, sweet, and savory—this bar is the perfect mix of salty, caramel, and protein. 🌟"
10925518,17.0,Barebells,Snacks/bar,Marshmallow Proteinbar,1,0,stk.,Netto,https://static.tilbudsugen.dk/1st-retail/2026/3/64366/Netto032026-1_22_1611x737_3280x2817_zoom.jpg,2026-01-01,2026-01-31,https://res.cloudinary.com/dfqzmnlga/image/upload/v1769224310/2026-01-24/10925518.jpg,Marshmallow Proteinbar,Satisfy your sweet tooth with a protein boost—because a marshmallow is never just a marshmallow. 🍬💪
10925521,17.0,Barebells,Snacks/bar,Banana Dream Proteinbar,1,0,stk.,Netto,https://static.tilbudsugen.dk/1st-retail/2026/3/64366/Netto032026-1_22_1611x737_3280x2817_zoom.jpg,2026-01-01,2026-01-31,https://res.cloudinary.com/dfqzmnlga/image/upload/v1769224310/2026-01-24/10925521.jpg,Banana Dream Proteinbar,"✨ Sweet, energizing, and perfectly ripe—just like a banana, but with a protein boost! 🍌💪"
10932607,17.0,Barebells,Snacks/bar,Coco Choco Proteinbar,1,0,stk.,Netto,https://static.tilbudsugen.dk/1st-retail/2026/5/64452/Netto42026-1_22_50x604_1717x2918_zoom.jpg,2026-01-24,2026-01-30,https://res.cloudinary.com/dfqzmnlga/image/upload/v1769224311/2026-01-24/10932607.jpg,Coco Choco Proteinbar,"✨ Choco-dipped in energy, sweet and strong, I'm your personal power boost — just ask me what I'm made of. 🌟"
10932609,17.0,Barebells,Snacks/bar,Marshmallow Proteinbar,1,0,stk.,Netto,https://static.tilbudsugen.dk/1st-retail/2026/5/64452/Netto42026-1_22_50x604_1717x2918_zoom.jpg,2026-01-24,2026-01-30,https://res.cloudinary.com/dfqzmnlga/image/upload/v1769224311/2026-01-24/10932609.jpg,Marshmallow Proteinbar,"✨ Sweet, creamy, and super nutritious — your go-to snack for joy and energy! ✨"
10925522,17.0,Barebells,Snacks/bar,Salted Peanut Caramel Proteinbar,1,0,stk.,Netto,https://static.tilbudsugen.dk/1st-retail/2026/3/64366/Netto032026-1_22_1611x737_3280x2817_zoom.jpg,2026-01-01,2026-01-31,https://res.cloudinary.com/dfqzmnlga/image/upload/v1769224312/2026-01-24/10925522.jpg,Salted Peanut Caramel Protein Bar,"✨ Crave your favorite snack? I'm salty, sweet, and super protein-packed—just don't ask me to explain the caramel. 🍬"
10932608,17.0,Barebells,Snacks/bar,Hazelnut & Nougat Proteinbar,1,0,stk.,Netto,https://static.tilbudsugen.dk/1st-retail/2026/5/64452/Netto42026-1_22_50x604_1717x2918_zoom.jpg,2026-01-24,2026-01-30,https://res.cloudinary.com/dfqzmnlga/image/upload/v1769224312/2026-01-24/10932608.jpg,Hazelnut & Nougat Proteinbar,"✨ Nutty & Sweet, packed with protein – your energy boost, delivered in a bar. ✨"
10932439,5.0,Popping Candy,Slik,Slik,1,0,pk.,Netto,https://static.tilbudsugen.dk/1st-retail/2026/5/64452/Netto42026-1_2_2440x2396_4990x4652_zoom.jpg,2026-01-24,2026-01-30,https://res.cloudinary.com/dfqzmnlga/image/upload/v1769224312/2026-01-24/10932439.jpg,Candy,✨ Treat yourself to a sweet surprise! ✨
10932766,24.0,Grupperz,Slik,Confetti Cakesplosion,1,0,ps.,Netto,https://static.tilbudsugen.dk/1st-retail/2026/5/64452/Netto42026-1_19_88x4534_1670x6359_zoom.jpg,2026-01-24,2026-01-30,https://res.cloudinary.com/dfqzmnlga/image/upload/v1769224313/2026-01-24/10932766.jpg,Confetti Cakesplosion,✨ Confetti Cakesplosion: The ultimate flavor explosion that turns any day into a celebration! 🎉
10932767,24.0,Grupperz,Slik,Sour Squirt Grenades,1,0,ps.,Netto,https://static.tilbudsugen.dk/1st-retail/2026/5/64452/Netto42026-1_19_88x4534_1670x6359_zoom.jpg,2026-01-24,2026-01-30,https://res.cloudinary.com/dfqzmnlga/image/upload/v1769224313/2026-01-24/10932767.jpg,Sour Squirt Grenades,Sour Squirt Grenades: The ultimate flavor explosion that turns any snack into a party! 🎉
10932768,24.0,Grupperz,Slik,Strawberry Milk Splash,1,0,ps.,Netto,https://static.tilbudsugen.dk/1st-retail/2026/5/64452/Netto42026-1_19_88x4534_1670x6359_zoom.jpg,2026-01-24,2026-01-30,https://res.cloudinary.com/dfqzmnlga/image/upload/v1769224314/2026-01-24/10932768.jpg,Strawberry Milk Splash,"Sip, savor, and splash—strawberry joy in every bite! 🍓✨"
10932765,24.0,Grupperz,Slik,Boba Tea Blast,1,0,ps.,Netto,https://static.tilbudsugen.dk/1st-retail/2026/5/64452/Netto42026-1_19_88x4534_1670x6359_zoom.jpg,2026-01-24,2026-01-30,https://res.cloudinary.com/dfqzmnlga/image/upload/v1769224314/2026-01-24/10932765.jpg,Boba Tea Blast,"Boba Tea Blast: Sip, splash, and sprinkle joy into your day! 🍵✨"
10904785,69.0,Murph,Kosttilskud,Træningstilskud,1,0,stk.,Netto,https://static.tilbudsugen.dk/1st-retail/2026/2/64322/Netto022026-1_25_1666x1978_3464x4584_zoom.jpg,2026-01-02,2026-01-31,https://res.cloudinary.com/dfqzmnlga/image/upload/v1769224315/2026-01-24/10904785.jpg,Training grants,"🚀 Training grants: fuel your growth, one step at a time. 💪"
10921784,69.0,Murph,Kosttilskud,Træningstilskud,1,0,stk.,Netto,https://static.tilbudsugen.dk/1st-retail/2026/4/64393/Netto32026-1_24_1629x3013_3416x4698_zoom.jpg,2026-01-01,2026-01-31,https://res.cloudinary.com/dfqzmnlga/image/upload/v1769224315/2026-01-24/10921784.jpg,Training grants,"🚀 Train your mind, fuel your goals — because every grant is a step closer to greatness! 📈"
10932764,15.0,Pocky,Kiks,Kiks Strawberry,1,0,pk.,Netto,https://static.tilbudsugen.dk/1st-retail/2026/5/64452/Netto42026-1_19_141x2688_1623x4453_zoom.jpg,2026-01-24,2026-01-30,https://res.cloudinary.com/dfqzmnlga/image/upload/v1769224316/2026-01-24/10932764.jpg,Biscuits Strawberry,Biscuits Strawberry 🍓✨
10932647,109.0,Bodylab,Kosttilskud,Træningstilskud,1,0,ps.,Netto,https://static.tilbudsugen.dk/1st-retail/2026/5/64452/Netto42026-1_22_3231x4803_4922x6874_zoom.jpg,2026-01-24,2026-01-30,https://res.cloudinary.com/dfqzmnlga/image/upload/v1769224316/2026-01-24/10932647.jpg,Training grants,"🚀 Training grants: unlock your potential, one step at a time. 💪"
10932636,109.0,Murph,Kosttilskud,Træningstilskud,1,0,ds.,Netto,https://static.tilbudsugen.dk/1st-retail/2026/5/64452/Netto42026-1_22_3231x4803_4922x6874_zoom.jpg,2026-01-24,2026-01-30,https://res.cloudinary.com/dfqzmnlga/image/upload/v1769224316/2026-01-24/10932636.jpg,Training grants,"Train your mind like a pro—grants for growth, vibes for life. 🚀"
10932762,15.0,Pocky,Kiks,Kiks Cookies & Cream,1,0,pk.,Netto,https://static.tilbudsugen.dk/1st-retail/2026/5/64452/Netto42026-1_19_141x2688_1623x4453_zoom.jpg,2026-01-24,2026-01-30,https://res.cloudinary.com/dfqzmnlga/image/upload/v1769224317/2026-01-24/10932762.jpg,Biscuits Cookies & Cream,"Crunchy, creamy, and just right—perfect for a rainy day with a cup of coffee. 🍪"
10932763,15.0,Pocky,Kiks,Kiks Milky Matcha,1,0,pk.,Netto,https://static.tilbudsugen.dk/1st-retail/2026/5/64452/Netto42026-1_19_141x2688_1623x4453_zoom.jpg,2026-01-24,2026-01-30,https://res.cloudinary.com/dfqzmnlga/image/upload/v1769224317/2026-01-24/10932763.jpg,Biscuits Milky Matcha,"✨ Flaky, creamy, and slightly sweet — the perfect biscuit to dunk into your matcha. 🍯"
10932847,20.0,,Garn,Garn,1,0,stk.,Netto,https://static.tilbudsugen.dk/1st-retail/2026/5/64452/Netto42026-1_33_263x243_2418x2392_zoom.jpg,2026-01-24,2026-01-30,https://res.cloudinary.com/dfqzmnlga/image/upload/v1769224318/2026-01-24/10932847.jpg,Yarn,"Woven dreams, knitted possibilities — every stitch tells a story. 🎨✨"
10932861,20.0,,Luftfrisker,Duftolie,1,0,stk.,Netto,https://static.tilbudsugen.dk/1st-retail/2026/5/64452/Netto42026-1_31_141x135_2843x2223_zoom.jpg,2026-01-24,2026-02-20,https://res.cloudinary.com/dfqzmnlga/image/upload/v1769224318/2026-01-24/10932861.jpg,Scent oil,Scent oil: the invisible magic that turns your space into a personal paradise 🌿✨
10932634,38.0,Got2b,Styling,Styling,1,0,stk.,Netto,https://static.tilbudsugen.dk/1st-retail/2026/5/64452/Netto42026-1_22_25x2851_1708x4879_zoom.jpg,2026-01-24,2026-01-30,https://res.cloudinary.com/dfqzmnlga/image/upload/v1769224319/2026-01-24/10932634.jpg,Styling,"✨ Styling the moment, turning chaos into calm. ✨"
10932656,49.0,Otrivin,Medicin,Næsespray,1,0,fl.,Netto,https://static.tilbudsugen.dk/1st-retail/2026/5/64452/Netto42026-1_23_42x0_1523x1807_zoom.jpg,2026-01-24,2026-01-30,https://res.cloudinary.com/dfqzmnlga/image/upload/v1769224319/2026-01-24/10932656.jpg,Nasal spray,Spritz your day with a little extra flair — and never miss a beat. 🌟
10932663,200.0,Nicotinell,Nikotinprodukter,Mundspray,1,0,stk.,Netto,https://static.tilbudsugen.dk/1st-retail/2026/5/64452/Netto42026-1_23_3652x1740_4914x3465_zoom.jpg,2026-01-24,2026-01-30,https://res.cloudinary.com/dfqzmnlga/image/upload/v1769224320/2026-01-24/10932663.jpg,Mouth spray,Squirting confidence into every interaction 🍹
10932707,99.0,,Belysning indendørs,Væglampe,1,0,stk.,Netto,https://static.tilbudsugen.dk/1st-retail/2026/5/64452/Netto42026-1_25_168x259_1658x2439_zoom.jpg,2026-01-24,2026-01-30,https://res.cloudinary.com/dfqzmnlga/image/upload/v1769224320/2026-01-24/10932707.jpg,Wall lamp,✨ Glow up your space with a little light magic! ✨
10932739,59.0,,Køkkenredskaber,Dampkoger,1,0,stk.,Netto,https://static.tilbudsugen.dk/1st-retail/2026/5/64452/Netto42026-1_26_202x175_4813x3659_zoom.jpg,2026-01-24,2026-01-30,https://res.cloudinary.com/dfqzmnlga/image/upload/v1769224321/2026-01-24/10932739.jpg,Steam cooker,"Steam cooker: Turn any meal into a culinary masterpiece, one bite at a time. 🌟"
10932746,40.0,,Køkkenartikler,Køkkenartikler,1,0,stk.,Netto,https://static.tilbudsugen.dk/1st-retail/2026/5/64452/Netto42026-1_27_2373x3533_4721x6865_zoom.jpg,2026-01-24,2026-01-30,https://res.cloudinary.com/dfqzmnlga/image/upload/v1769224321/2026-01-24/10932746.jpg,Kitchenware,"Chef's tools, ready to cook up a storm! 🍳"
10932751,149.0,,Dametøj,Pyjamas,1,0,stk.,Netto,https://static.tilbudsugen.dk/1st-retail/2026/5/64452/Netto42026-1_28_0x840_3635x6655_zoom.jpg,2026-01-24,2026-01-30,https://res.cloudinary.com/dfqzmnlga/image/upload/v1769224322/2026-01-24/10932751.jpg,Pyjamas,"Slept through the day in comfort, ready to dream big 🛌"
10932846,50.0,,Pyntegenstande,Kunstige blomster,1,0,stk.,Netto,https://static.tilbudsugen.dk/1st-retail/2026/5/64452/Netto42026-1_34_0x0_4931x6817_zoom.jpg,2026-01-24,2026-01-30,https://res.cloudinary.com/dfqzmnlga/image/upload/v1769224322/2026-01-24/10932846.jpg,Artificial flowers,"Flowerless fantasy, forever in bloom. 🌸"
10932849,30.0,,Kreativitetslegetøj & puslespil,Malebog,1,0,stk.,Netto,https://static.tilbudsugen.dk/1st-retail/2026/5/64452/Netto42026-1_33_222x4655_2492x6764_zoom.jpg,2026-01-24,2026-01-30,https://res.cloudinary.com/dfqzmnlga/image/upload/v1769224323/2026-01-24/10932849.jpg,Painting Book,"🎨✨ ""Brushes, paints, and endless inspiration—this book is my canvas."" ✨"
10932854,29.0,,Boligtekstiler,Dørmåtte,1,0,stk.,Netto,https://static.tilbudsugen.dk/1st-retail/2026/5/64452/Netto42026-1_32_195x4662_2418x6770_zoom.jpg,2026-01-24,2026-01-30,https://res.cloudinary.com/dfqzmnlga/image/upload/v1769224323/2026-01-24/10932854.jpg,Door mat,✨ Floor protector that keeps your feet dry and your vibe intact! ✨
10932855,49.0,,Boligtekstiler,Dørmåtte,1,0,stk.,Netto,https://static.tilbudsugen.dk/1st-retail/2026/5/64452/Netto42026-1_32_195x4662_2418x6770_zoom.jpg,2026-01-24,2026-01-30,https://res.cloudinary.com/dfqzmnlga/image/upload/v1769224324/2026-01-24/10932855.jpg,Door mat,✨ Floor protector that keeps your feet dry and your vibe high! 🛋️
10932859,149.0,,Diverse elartikler,Skotørrer,1,0,stk.,Netto,https://static.tilbudsugen.dk/1st-retail/2026/5/64452/Netto42026-1_32_2519x2344_4735x4554_zoom.jpg,2026-01-24,2026-01-30,https://res.cloudinary.com/dfqzmnlga/image/upload/v1769224324/2026-01-24/10932859.jpg,Shoe dryer,"Dry your shoes, but don't worry—my job is done. 🛁"
10932677,59.0,,Køkkenredskaber,Krydderiholder,1,0,stk.,Netto,https://static.tilbudsugen.dk/1st-retail/2026/5/64452/Netto42026-1_24_3231x49_4813x2110_zoom.jpg,2026-01-24,2026-01-30,https://res.cloudinary.com/dfqzmnlga/image/upload/v1769224325/2026-01-24/10932677.jpg,Spice holder,"🔥 Spice holder, keeping the heat in check and the vibes on point. 🌟"
10932690,30.0,,Toiletartikler,Opbevaringskrukke,1,0,stk.,Netto,https://static.tilbudsugen.dk/1st-retail/2026/5/64452/Netto42026-1_24_118x5308_1868x6781_zoom.jpg,2026-01-24,2026-01-30,https://res.cloudinary.com/dfqzmnlga/image/upload/v1769224325/2026-01-24/10932690.jpg,Storage jar,"✨ Capsule of calm, where memories stay and secrets hide. 📦"
10932872,20.0,,"Skåle, fade og forme",Skål,1,0,stk.,Netto,https://static.tilbudsugen.dk/1st-retail/2026/5/64452/Netto42026-1_29_209x243_4574x4278_zoom.jpg,2026-01-24,2026-02-20,https://res.cloudinary.com/dfqzmnlga/image/upload/v1769224326/2026-01-24/10932872.jpg,Cheers.,Cheers. 🍻✨
10932845,29.0,,Pyntegenstande,Kunstige blomster,1,0,stk.,Netto,https://static.tilbudsugen.dk/1st-retail/2026/5/64452/Netto42026-1_34_0x0_4931x6817_zoom.jpg,2026-01-24,2026-01-30,https://res.cloudinary.com/dfqzmnlga/image/upload/v1769224326/2026-01-24/10932845.jpg,Artificial flowers,"Flowerless fantasy, brought to life. 🌸"
10932857,25.0,,Reoler & hylder,Skobakke,1,0,stk.,Netto,https://static.tilbudsugen.dk/1st-retail/2026/5/64452/Netto42026-1_32_2486x4601_4708x6764_zoom.jpg,2026-01-24,2026-01-30,https://res.cloudinary.com/dfqzmnlga/image/upload/v1769224327/2026-01-24/10932857.jpg,Scoop,Scoop up the fun and flavor of life with a sprinkle of spontaneity 🌟
10932858,29.0,,Reoler & hylder,Skobakke,1,0,stk.,Netto,https://static.tilbudsugen.dk/1st-retail/2026/5/64452/Netto42026-1_32_2486x4601_4708x6764_zoom.jpg,2026-01-24,2026-01-30,https://res.cloudinary.com/dfqzmnlga/image/upload/v1769224328/2026-01-24/10932858.jpg,Scoop,"Scoop up the fun, one bite at a time 🍽️"
10932622,15.0,Harpic,Rengøringsmidler,WC-flush,1,0,stk.,Netto,https://static.tilbudsugen.dk/1st-retail/2026/5/64452/Netto42026-1_22_3223x2826_4948x4829_zoom.jpg,2026-01-24,2026-01-30,https://res.cloudinary.com/dfqzmnlga/image/upload/v1769224328/2026-01-24/10932622.jpg,WC-flush,"✨ Flush your worries away with a gentle, clean swipe! ✨"
10932714,40.0,,Opbevaring,Opbevaringsæske,1,0,stk.,Netto,https://static.tilbudsugen.dk/1st-retail/2026/5/64452/Netto42026-1_25_219x4854_2836x6773_zoom.jpg,2026-01-24,2026-01-30,https://res.cloudinary.com/dfqzmnlga/image/upload/v1769224329/2026-01-24/10932714.jpg,Storage box,📦 Treasure chest of forgotten memories and endless possibilities 🛍️
10932722,199.0,,Køkkenmaskiner,Bordgrill,1,0,stk.,Netto,https://static.tilbudsugen.dk/1st-retail/2026/5/64452/Netto42026-1_26_2457x3650_4737x5148_zoom.jpg,2026-01-24,2026-01-30,https://res.cloudinary.com/dfqzmnlga/image/upload/v1769224329/2026-01-24/10932722.jpg,Bordgrill,"🔥 Grill with a twist, burn it all with flair! 🍔🔥"
10932743,99.0,,Køkkenmaskiner,Riskoger,1,0,stk.,Netto,https://static.tilbudsugen.dk/1st-retail/2026/5/64452/Netto42026-1_27_118x3667_2364x6848_zoom.jpg,2026-01-24,2026-01-30,https://res.cloudinary.com/dfqzmnlga/image/upload/v1769224330/2026-01-24/10932743.jpg,Rice cooker,"Cooking with joy, rice cooker, and a sprinkle of magic. 🌟"
10932752,99.0,,Dametøj,Pyjamasbluse,1,0,stk.,Netto,https://static.tilbudsugen.dk/1st-retail/2026/5/64452/Netto42026-1_28_0x840_3635x6655_zoom.jpg,2026-01-24,2026-01-30,https://res.cloudinary.com/dfqzmnlga/image/upload/v1769224331/2026-01-24/10932752.jpg,Pyjamas blouse,"Snuggly cozy, ready for any adventure 🛏️"
10932867,30.0,,Sokker/Strømper,Strømper,1,0,pk.,Netto,https://static.tilbudsugen.dk/1st-retail/2026/5/64452/Netto42026-1_30_1657x2681_3098x4325_zoom.jpg,2026-01-24,2026-02-20,https://res.cloudinary.com/dfqzmnlga/image/upload/v1769224331/2026-01-24/10932867.jpg,Stockings,"✨ Tight, snug, and super comfy — my favorite kind of stretch. ✨"
10932414,5.0,,Grønt,Forårsløg,1,0,bdt.,Netto,https://static.tilbudsugen.dk/1st-retail/2026/5/64452/Netto42026-1_2_34x511_2625x2531_zoom.jpg,2026-01-24,2026-01-30,https://res.cloudinary.com/dfqzmnlga/image/upload/v1769224331/2026-01-24/10932414.jpg,Spring onions,"Peppered with spice, I add a little zing to your day 🌱"
10932683,40.0,,Køkkenartikler,Opbevaringsboks,1,0,stk.,Netto,https://static.tilbudsugen.dk/1st-retail/2026/5/64452/Netto42026-1_24_3231x1984_4914x3810_zoom.jpg,2026-01-24,2026-01-30,https://res.cloudinary.com/dfqzmnlga/image/upload/v1769224332/2026-01-24/10932683.jpg,Storage box,📦 Treasure chest of forgotten memories and endless possibilities! 🛋️
10932708,129.0,,Tæpper,Gulvtæppe,1,0,stk.,Netto,https://static.tilbudsugen.dk/1st-retail/2026/5/64452/Netto42026-1_25_194x2430_1801x4845_zoom.jpg,2026-01-24,2026-01-30,https://res.cloudinary.com/dfqzmnlga/image/upload/v1769224332/2026-01-24/10932708.jpg,Floor covering,Floor covering 🧢✨
10932710,129.0,,Borde & stole,Bord,1,0,stk.,Netto,https://static.tilbudsugen.dk/1st-retail/2026/5/64452/Netto42026-1_25_1700x2481_3198x4854_zoom.jpg,2026-01-24,2026-01-30,https://res.cloudinary.com/dfqzmnlga/image/upload/v1769224333/2026-01-24/10932710.jpg,Table,Table: Where ideas come together and memories are made. 📚✨
10932712,119.0,,Pyntegenstande,Kunstige blomster,1,0,stk.,Netto,https://static.tilbudsugen.dk/1st-retail/2026/5/64452/Netto42026-1_25_3198x2354_4821x4837_zoom.jpg,2026-01-24,2026-01-30,https://res.cloudinary.com/dfqzmnlga/image/upload/v1769224333/2026-01-24/10932712.jpg,Artificial flowers,"Flowerless fantasy, perfect for any event — just don't ask why. 🌸"
10932736,45.0,,"Skåle, fade og forme",Skål,1,0,stk.,Netto,https://static.tilbudsugen.dk/1st-retail/2026/5/64452/Netto42026-1_26_202x175_4813x3659_zoom.jpg,2026-01-24,2026-01-30,https://res.cloudinary.com/dfqzmnlga/image/upload/v1769224334/2026-01-24/10932736.jpg,Cheers.,"Raise your glass, life's too short for no celebration—Cheers! 🍸"
10932737,45.0,,"Skåle, fade og forme",Fad,1,0,stk.,Netto,https://static.tilbudsugen.dk/1st-retail/2026/5/64452/Netto42026-1_26_202x175_4813x3659_zoom.jpg,2026-01-24,2026-01-30,https://res.cloudinary.com/dfqzmnlga/image/upload/v1769224334/2026-01-24/10932737.jpg,Fodder,"Fodder: The ultimate energy booster, ready to power up your day with a sprinkle of fun and a dash of excitement 🌟"
10932738,25.0,,Bestik,Spisepinde,1,0,stk.,Netto,https://static.tilbudsugen.dk/1st-retail/2026/5/64452/Netto42026-1_26_202x175_4813x3659_zoom.jpg,2026-01-24,2026-01-30,https://res.cloudinary.com/dfqzmnlga/image/upload/v1769224335/2026-01-24/10932738.jpg,Eating pillows,"Swoon over my own bed, but I'm the ultimate pillow queen. 🛏️"
10932740,69.0,,Køkkenartikler,Køkkenartikler,1,0,stk.,Netto,https://static.tilbudsugen.dk/1st-retail/2026/5/64452/Netto42026-1_27_2794x1134_4965x3490_zoom.jpg,2026-01-24,2026-01-30,https://res.cloudinary.com/dfqzmnlga/image/upload/v1769224335/2026-01-24/10932740.jpg,Kitchenware,Chef's knife with a twist—flavoring the kitchen with creativity! 🍴✨
10932744,40.0,,Køkkenredskaber,Pastastativ,1,0,stk.,Netto,https://static.tilbudsugen.dk/1st-retail/2026/5/64452/Netto42026-1_27_2373x3533_4721x6865_zoom.jpg,2026-01-24,2026-01-30,https://res.cloudinary.com/dfqzmnlga/image/upload/v1769224336/2026-01-24/10932744.jpg,Pastastative,"Pastastative: The only thing that ever gets better with age, and never gets tired of itself. 🌟"
10932745,169.0,,Køkkenredskaber,Pastamaskine,1,0,stk.,Netto,https://static.tilbudsugen.dk/1st-retail/2026/5/64452/Netto42026-1_27_2373x3533_4721x6865_zoom.jpg,2026-01-24,2026-01-30,https://res.cloudinary.com/dfqzmnlga/image/upload/v1769224336/2026-01-24/10932745.jpg,Pasta machine,"Pasta machine: Turn boring into epic, one noodle at a time. 🍝✨"
10932748,99.0,,Gryder og pander,Gryde,1,0,stk.,Netto,https://static.tilbudsugen.dk/1st-retail/2026/5/64452/Netto42026-1_27_118x3667_2364x6848_zoom.jpg,2026-01-24,2026-01-30,https://res.cloudinary.com/dfqzmnlga/image/upload/v1769224336/2026-01-24/10932748.jpg,Casserole,"Casserole: The ultimate comfort food that brings the family together, served with a side of joy 🍳✨"
10932749,129.0,,Køkkenmaskiner,Frituregryde,1,0,stk.,Netto,https://static.tilbudsugen.dk/1st-retail/2026/5/64452/Netto42026-1_27_118x3667_2364x6848_zoom.jpg,2026-01-24,2026-01-30,https://res.cloudinary.com/dfqzmnlga/image/upload/v1769224337/2026-01-24/10932749.jpg,Deep-fried stew,"Sizzle, sizzle, sizzle—my flavor is unstoppable! 🍳🔥"
10932750,79.0,,Boligtekstiler,Sengesæt,1,0,stk.,Netto,https://static.tilbudsugen.dk/1st-retail/2026/5/64452/Netto42026-1_28_1868x0_4914x5611_zoom.jpg,2026-01-24,2026-01-30,https://res.cloudinary.com/dfqzmnlga/image/upload/v1769224337/2026-01-24/10932750.jpg,Bedsets,"Sleepy, cozy, and perfectly positioned—bedsets are the ultimate dreamy escape. 🛌"
10932843,149.0,,Pyntegenstande,Vase,1,0,stk.,Netto,https://static.tilbudsugen.dk/1st-retail/2026/5/64452/Netto42026-1_34_0x0_4931x6817_zoom.jpg,2026-01-24,2026-01-30,https://res.cloudinary.com/dfqzmnlga/image/upload/v1769224338/2026-01-24/10932843.jpg,Vase,"✨Flowers are my favorite thing to hold, and I always make sure they're perfectly arranged. 🌸"
10932853,50.0,,Dametøj,Leggings,1,0,stk.,Netto,https://static.tilbudsugen.dk/1st-retail/2026/5/64452/Netto42026-1_32_242x2432_2445x4581_zoom.jpg,2026-01-24,2026-01-30,https://res.cloudinary.com/dfqzmnlga/image/upload/v1769224338/2026-01-24/10932853.jpg,Leggings,"Stretchy, comfy, and ready for anything — just like me! 🌟"
10932865,50.0,,Dametøj,Top,1,0,stk.,Netto,https://static.tilbudsugen.dk/1st-retail/2026/5/64452/Netto42026-1_30_222x532_3226x2600_zoom.jpg,2026-01-24,2026-02-20,https://res.cloudinary.com/dfqzmnlga/image/upload/v1769224339/2026-01-24/10932865.jpg,Top,"Top of the line, always in the spotlight 🌟"
10932870,59.0,,Dametøj,Bigshirt,1,0,stk.,Netto,https://static.tilbudsugen.dk/1st-retail/2026/5/64452/Netto42026-1_30_2903x640_4944x6703_zoom.jpg,2026-01-24,2026-02-20,https://res.cloudinary.com/dfqzmnlga/image/upload/v1769224339/2026-01-24/10932870.jpg,Bigshirt,"✨ Bigshirt – the ultimate comfort in every pocket, ready to crush any challenge! ✨"
10932842,89.0,,Pyntegenstande,Vase,1,0,stk.,Netto,https://static.tilbudsugen.dk/1st-retail/2026/5/64452/Netto42026-1_34_0x0_4931x6817_zoom.jpg,2026-01-24,2026-01-30,https://res.cloudinary.com/dfqzmnlga/image/upload/v1769224339/2026-01-24/10932842.jpg,Vase,✨ Flora's vase holds the beauty of the world in every petal and bloom. 🌸
10932850,30.0,,Dametøj,Top,1,0,stk.,Netto,https://static.tilbudsugen.dk/1st-retail/2026/5/64452/Netto42026-1_33_2445x3752_4695x6770_zoom.jpg,2026-01-24,2026-01-30,https://res.cloudinary.com/dfqzmnlga/image/upload/v1769224340/2026-01-24/10932850.jpg,Top,"Top of the line, always in the spotlight 🌟"
10932856,89.0,,Boligtekstiler,Dørmåtte,1,0,stk.,Netto,https://static.tilbudsugen.dk/1st-retail/2026/5/64452/Netto42026-1_32_195x4662_2418x6770_zoom.jpg,2026-01-24,2026-01-30,https://res.cloudinary.com/dfqzmnlga/image/upload/v1769224340/2026-01-24/10932856.jpg,Door mat,✨ Floor protector that keeps your feet dry and your vibe fresh! ✨
10932713,99.0,,Belysning indendørs,Væglampe,1,0,stk.,Netto,https://static.tilbudsugen.dk/1st-retail/2026/5/64452/Netto42026-1_25_2886x4803_4830x6823_zoom.jpg,2026-01-24,2026-01-30,https://res.cloudinary.com/dfqzmnlga/image/upload/v1769224341/2026-01-24/10932713.jpg,Wall lamp,"✨ Spotlight seeker, lighting up your day with a touch of whimsy."
10932717,50.0,,Opbevaring,Opbevaringsæske,1,0,stk.,Netto,https://static.tilbudsugen.dk/1st-retail/2026/5/64452/Netto42026-1_25_219x4854_2836x6773_zoom.jpg,2026-01-24,2026-01-30,https://res.cloudinary.com/dfqzmnlga/image/upload/v1769224342/2026-01-24/10932717.jpg,Storage box,📦 Treasure chest of forgotten memories and endless possibilities! 🛋️
10932730,25.0,,Køkkenredskaber,Sushirulle,1,0,stk.,Netto,https://static.tilbudsugen.dk/1st-retail/2026/5/64452/Netto42026-1_26_2457x5123_4729x6874_zoom.jpg,2026-01-24,2026-01-30,https://res.cloudinary.com/dfqzmnlga/image/upload/v1769224342/2026-01-24/10932730.jpg,Sushi Roller,Sushi Roller: Mastering the art of rolling sushi with a twist of creativity 🍣✨
10932732,25.0,,Køkkenredskaber,Dumplingforme,1,0,stk.,Netto,https://static.tilbudsugen.dk/1st-retail/2026/5/64452/Netto42026-1_26_2457x5123_4729x6874_zoom.jpg,2026-01-24,2026-01-30,https://res.cloudinary.com/dfqzmnlga/image/upload/v1769224343/2026-01-24/10932732.jpg,Dumpling molds,"Soft, squishy, and full of flavor—perfect for making dumpling magic! 🥟"
10932676,40.0,,Køkkenartikler,Køkkenartikler,1,0,stk.,Netto,https://static.tilbudsugen.dk/1st-retail/2026/5/64452/Netto42026-1_24_1792x3709_4729x6840_zoom.jpg,2026-01-24,2026-01-30,https://res.cloudinary.com/dfqzmnlga/image/upload/v1769224343/2026-01-24/10932676.jpg,Kitchenware,Chef's toolbelt – ready to spice things up! 🍴✨
10932679,30.0,,Køkkenartikler,Opbevaringsboks,1,0,stk.,Netto,https://static.tilbudsugen.dk/1st-retail/2026/5/64452/Netto42026-1_24_3231x1984_4914x3810_zoom.jpg,2026-01-24,2026-01-30,https://res.cloudinary.com/dfqzmnlga/image/upload/v1769224344/2026-01-24/10932679.jpg,Storage box,📦 Treasure chest of forgotten memories and endless possibilities! 🛋️
10932863,30.0,,Diverse kontorartikler,Notesbog,1,0,stk.,Netto,https://static.tilbudsugen.dk/1st-retail/2026/5/64452/Netto42026-1_31_222x4082_2843x6595_zoom.jpg,2026-01-24,2026-02-20,https://res.cloudinary.com/dfqzmnlga/image/upload/v1769224344/2026-01-24/10932863.jpg,Notebook,"✨ Scribbles of inspiration, one page at a time. 📝"
10932864,69.0,,Pyntegenstande,Vase,1,0,stk.,Netto,https://static.tilbudsugen.dk/1st-retail/2026/5/64452/Netto42026-1_31_2081x930_4964x6622_zoom.jpg,2026-01-24,2026-02-20,https://res.cloudinary.com/dfqzmnlga/image/upload/v1769224345/2026-01-24/10932864.jpg,Vase,"Flower lover, vase enthusiast, and accidental decor decorator. 🌸"
10932869,89.0,,Boligtekstiler,Håndklæde,1,0,stk.,Netto,https://static.tilbudsugen.dk/1st-retail/2026/5/64452/Netto42026-1_30_216x4359_3577x6548_zoom.jpg,2026-01-24,2026-02-20,https://res.cloudinary.com/dfqzmnlga/image/upload/v1769224345/2026-01-24/10932869.jpg,Towel,"✨ Soft as a cloud, absorbent as a sponge, and always ready for the next adventure! ✨"
10932672,30.0,,Køkkenartikler,Opbevaringsglas,1,0,stk.,Netto,https://static.tilbudsugen.dk/1st-retail/2026/5/64452/Netto42026-1_24_286x251_3315x3692_zoom.jpg,2026-01-24,2026-01-30,https://res.cloudinary.com/dfqzmnlga/image/upload/v1769224346/2026-01-24/10932672.jpg,Storage glass,"Transparent treasure chest with a twist — storing memories and secrets in one sleek, glassy package. 📦✨"
10932680,30.0,,Køkkenartikler,Opbevaringskrukke,1,0,stk.,Netto,https://static.tilbudsugen.dk/1st-retail/2026/5/64452/Netto42026-1_24_118x5308_1868x6781_zoom.jpg,2026-01-24,2026-01-30,https://res.cloudinary.com/dfqzmnlga/image/upload/v1769224347/2026-01-24/10932680.jpg,Storage jar,✨ Storage jar that keeps your chaos in check! 🛍️
10932705,40.0,,Belysning indendørs,LED lampe,1,0,stk.,Netto,https://static.tilbudsugen.dk/1st-retail/2026/5/64452/Netto42026-1_25_1700x166_4855x2447_zoom.jpg,2026-01-24,2026-01-30,https://res.cloudinary.com/dfqzmnlga/image/upload/v1769224347/2026-01-24/10932705.jpg,LED lamp,✨ Glow up your day with a little light magic! 🌟
10932851,30.0,,Sokker/Strømper,Strømper,1,0,pk.,Netto,https://static.tilbudsugen.dk/1st-retail/2026/5/64452/Netto42026-1_33_2492x323_4708x3678_zoom.jpg,2026-01-24,2026-01-30,https://res.cloudinary.com/dfqzmnlga/image/upload/v1769224348/2026-01-24/10932851.jpg,Stockings,"✨ Unzip your dreams, one knot at a time."
10932871,30.0,,Service,Krus,1,0,stk.,Netto,https://static.tilbudsugen.dk/1st-retail/2026/5/64452/Netto42026-1_29_209x243_4574x4278_zoom.jpg,2026-01-24,2026-02-20,https://res.cloudinary.com/dfqzmnlga/image/upload/v1769224349/2026-01-24/10932871.jpg,Mush,Mush: The ultimate snack that makes every day a little more delicious! 🍲
10932862,20.0,,Køkkenartikler,Drikkedunk,1,0,stk.,Netto,https://static.tilbudsugen.dk/1st-retail/2026/5/64452/Netto42026-1_31_40x2243_2640x4082_zoom.jpg,2026-01-24,2026-02-20,https://res.cloudinary.com/dfqzmnlga/image/upload/v1769224349/2026-01-24/10932862.jpg,Drinking bottle,"✨ Always ready for a refreshing drink, no matter the situation! 🍸"
