data_id,price,brand,category,product_name,units,quantity,unit_type,store_name,image_url,start_date,end_date,public_urls,translated_product,tinder_bio
11198445,1.75,,Frugt,Lime,1,1,stk.,Netto,https://static.tilbudsugen.dk/1st-retail/2026/28/65760/Netto272026-1_9_0x615_2286x3553_zoom.jpg,2026-07-04,2026-07-10,https://res.cloudinary.com/dfqzmnlga/image/upload/v1783140689/2026-07-04/11198445.jpg,Lime,"Tropical punch, fresh and zesty, with a twist of citrus—just the way life should be. 🍋"
11198315,25.0,Premieur,Frugt,Ferskner,1,6,bk.,Netto,https://static.tilbudsugen.dk/1st-retail/2026/28/65760/Netto272026-1_4_2480x2656_4972x4147_zoom.jpg,2026-07-04,2026-07-10,https://res.cloudinary.com/dfqzmnlga/image/upload/v1783140690/2026-07-04/11198315.jpg,Peaches,"Juicy, sweet, and always ready to burst with flavor 🍑"
11198305,25.0,Premieur,Frugt,Nektariner,1,6,bk.,Netto,https://static.tilbudsugen.dk/1st-retail/2026/28/65760/Netto272026-1_4_2480x2656_4972x4147_zoom.jpg,2026-07-04,2026-07-10,https://res.cloudinary.com/dfqzmnlga/image/upload/v1783140690/2026-07-04/11198305.jpg,Nectarines,"Sweet, juicy, and ready to burst—nectarines are the perfect fruit for a perfect moment. 🍐"
11198294,7.0,,Grønt,Radiser,1,1,bdt.,Netto,https://static.tilbudsugen.dk/1st-retail/2026/28/65760/Netto272026-1_4_0x938_2525x2740_zoom.jpg,2026-07-04,2026-07-10,https://res.cloudinary.com/dfqzmnlga/image/upload/v1783140691/2026-07-04/11198294.jpg,Celeriacs/turnip rooted celeries,"Rooted celeries with a twist, ready to grow your taste buds— 🌱✨"
11198317,12.0,,Grønt,Blomkål,1,1,stk.,Netto,https://static.tilbudsugen.dk/1st-retail/2026/28/65760/Netto272026-1_4_19x4193_2486x5794_zoom.jpg,2026-07-04,2026-07-10,https://res.cloudinary.com/dfqzmnlga/image/upload/v1783140692/2026-07-04/11198317.jpg,Chinese cabbages/pe-tsai/pe-tsai/pe-tsai/pe-tsai/pe-tsai/pe-tsai/pe-tsai,"Pe-tsai lover 🥦, always ready to burst with flavor!"
11198301,12.0,ØGO,Grønt,Icebergsalat,1,1,stk.,Netto,https://static.tilbudsugen.dk/1st-retail/2026/28/65760/Netto272026-1_4_0x2597_2525x4135_zoom.jpg,2026-07-04,2026-07-10,https://res.cloudinary.com/dfqzmnlga/image/upload/v1783140692/2026-07-04/11198301.jpg,Iceberg lettuce,"Crisp, refreshing, and always ready to conquer the salad bar 🥬"
11197760,20.0,,Frugt,Vandmelon,1,1,stk.,Netto,https://static.tilbudsugen.dk/1st-retail/2026/28/65760/Netto272026-1_1_1705x3818_4882x6434_zoom.jpg,2026-07-04,2026-07-10,https://res.cloudinary.com/dfqzmnlga/image/upload/v1783140693/2026-07-04/11197760.jpg,Watermelon,"Juicy and refreshing, I'm the watermelon—sweet, bold, and ready to conquer your summer! 🍉"
11198296,10.0,,Grønt,Padron peber,1,0,bk.,Netto,https://static.tilbudsugen.dk/1st-retail/2026/28/65760/Netto272026-1_4_2512x1170_4875x2765_zoom.jpg,2026-07-04,2026-07-10,https://res.cloudinary.com/dfqzmnlga/image/upload/v1783140693/2026-07-04/11198296.jpg,Padron pepper,"🌶️ Bold, bold, bold—padron pepper with a twist, ready to spice up your day!"
11198318,20.0,RedStar,Grønt,Tomater,1,0,bk.,Netto,https://static.tilbudsugen.dk/1st-retail/2026/28/65760/Netto272026-1_4_2512x4135_4914x5794_zoom.jpg,2026-07-04,2026-07-10,https://res.cloudinary.com/dfqzmnlga/image/upload/v1783140694/2026-07-04/11198318.jpg,Tomatoes,"Red, juicy, and ready to burst—perfect for a good salad or a spicy twist on anything. 🍅"
11197966,20.0,,Grønt,Aspargesbroccoli,1,0,ps.,Netto,https://static.tilbudsugen.dk/1st-retail/2026/28/65760/Netto272026-1_3_2473x3353_3790x4838_zoom.jpg,2026-07-04,2026-07-10,https://res.cloudinary.com/dfqzmnlga/image/upload/v1783140695/2026-07-04/11197966.jpg,Asparagus broccoli,"A spicy twist on veggies, perfect for a quick snack or a bold salad— 🥬✨"
11198396,49.0,Rose,Kylling,Kylling,1,1,stk.,Netto,https://static.tilbudsugen.dk/1st-retail/2026/28/65760/Netto272026-1_6_0x59_2512x2352_zoom.jpg,2026-07-04,2026-07-10,https://res.cloudinary.com/dfqzmnlga/image/upload/v1783140695/2026-07-04/11198396.jpg,Chicken,"Sizzling with flavor, I'm the chicken that never sleeps—ready to cook, chat, and conquer! 🍗"
11197845,29.95,Velsmag,Kylling,Kyllingeunderlår,1,0,pk.,Netto,https://static.tilbudsugen.dk/1st-retail/2026/28/65760/Netto272026-1_3_1246x1416_2505x3062_zoom.jpg,2026-07-04,2026-07-10,https://res.cloudinary.com/dfqzmnlga/image/upload/v1783140696/2026-07-04/11197845.jpg,Chicken's thighs,"🔥Sizzling hot, juicy, and ready to conquer your taste buds! 🥩"
11198389,49.0,Rose,Kylling,Hakket kylling 7-10%,1,0,bk.,Netto,https://static.tilbudsugen.dk/1st-retail/2026/28/65760/Netto272026-1_6_0x59_2512x2352_zoom.jpg,2026-07-04,2026-07-10,https://res.cloudinary.com/dfqzmnlga/image/upload/v1783140696/2026-07-04/11198389.jpg,Chicked chicken 7-10%,✨ Chicked chicken 7-10% 🥩
11198365,49.0,,Kylling,Kyllingeoverlår,1,0,pk.,Netto,https://static.tilbudsugen.dk/1st-retail/2026/28/65760/Netto272026-1_5_0x2643_1827x4767_zoom.jpg,2026-07-04,2026-07-10,https://res.cloudinary.com/dfqzmnlga/image/upload/v1783140697/2026-07-04/11198365.jpg,Chicken upper thighs,"Sizzling with flavor, I'm the perfect sidekick for any meal—just ask me what I'm cooking. 🍗"
11198428,69.0,Rose,Kylling,Kyllingeinderfileter,1,0,bk.,Netto,https://static.tilbudsugen.dk/1st-retail/2026/28/65760/Netto272026-1_6_2473x4735_4946x6847_zoom.jpg,2026-07-04,2026-07-10,https://res.cloudinary.com/dfqzmnlga/image/upload/v1783140698/2026-07-04/11198428.jpg,Chicken eiderphilets,"Chicken eiderphilets: The ultimate chicken lover, always ready to cook a feast with a side of flair! 🍗"
11198369,109.0,Løgismose,Kylling,Kylling,1,1,bk.,Netto,https://static.tilbudsugen.dk/1st-retail/2026/28/65760/Netto272026-1_5_2835x2649_4908x4845_zoom.jpg,2026-07-04,2026-07-10,https://res.cloudinary.com/dfqzmnlga/image/upload/v1783140698/2026-07-04/11198369.jpg,Chicken,"Sizzling with flavor, I'm the chicken that never says no to a good meal! 🍗"
11203004,69.0,,Kylling,Kyllingebrystfilet,1,0,pk.,Netto,https://static.tilbudsugen.dk/1st-retail/2026/28/65760/Netto272026-1_6_2473x4735_4946x6847_zoom.jpg,2026-07-04,2026-07-10,https://res.cloudinary.com/dfqzmnlga/image/upload/v1783140699/2026-07-04/11203004.jpg,Chicken breast fillet,"Sizzling with flavor, ready to conquer any meal! 🍗"
11198429,35.0,Løgismose,Kylling,Kyllingebryst,1,0,pk.,Netto,https://static.tilbudsugen.dk/1st-retail/2026/28/65760/Netto272026-1_7_116x3896_2086x6808_zoom.jpg,2026-07-04,2026-07-10,https://res.cloudinary.com/dfqzmnlga/image/upload/v1783140699/2026-07-04/11198429.jpg,Chicken breast,"Sizzling with flavor, ready to conquer any plate! 🍗"
11198400,19.95,Velsmag,Grisekød,Flæskesteg,1,0,stk.,Netto,https://static.tilbudsugen.dk/1st-retail/2026/28/65760/Netto272026-1_6_2415x3082_4914x4793_zoom.jpg,2026-07-04,2026-07-10,https://res.cloudinary.com/dfqzmnlga/image/upload/v1783140700/2026-07-04/11198400.jpg,Pork roast,"Sizzling with flavor, ready to ignite your taste buds! 🍖"
11198337,29.95,Velsmag,Kalve- og grisekød,Hakket kalv og grisekød 8-12%,1,0,bk.,Netto,https://static.tilbudsugen.dk/1st-retail/2026/28/65760/Netto272026-1_5_2434x718_4888x2617_zoom.jpg,2026-07-04,2026-07-10,https://res.cloudinary.com/dfqzmnlga/image/upload/v1783140701/2026-07-04/11198337.jpg,Minced calf and pig meat 8-12 per cent,"✨ Flaky, flavorful, and perfectly seasoned – my taste is pure carnivore delight! ✨"
11198383,109.0,Velsmag,Grisekød,Grisemørbrad,1,1,bk.,Netto,https://static.tilbudsugen.dk/1st-retail/2026/28/65760/Netto272026-1_5_2957x4877_4940x6821_zoom.jpg,2026-07-01,2026-07-31,https://res.cloudinary.com/dfqzmnlga/image/upload/v1783140702/2026-07-04/11198383.jpg,Pig tenderloin,"Savoring the perfect cut of meat, ready to ignite your taste buds with every bite. 🍴"
11198351,49.0,,Mixpakker,Grillbakke,1,0,bk.,Netto,https://static.tilbudsugen.dk/1st-retail/2026/28/65760/Netto272026-1_5_0x2643_1827x4767_zoom.jpg,2026-07-04,2026-07-10,https://res.cloudinary.com/dfqzmnlga/image/upload/v1783140702/2026-07-04/11198351.jpg,Barbecue tray,"🔥 Grilled dreams, served in a tray — your next meal is already on fire! 🍲"
11198344,29.95,Velsmag,Grisekød,Nakkekoteletter,1,0,bk.,Netto,https://static.tilbudsugen.dk/1st-retail/2026/28/65760/Netto272026-1_5_2434x718_4888x2617_zoom.jpg,2026-07-04,2026-07-10,https://res.cloudinary.com/dfqzmnlga/image/upload/v1783140703/2026-07-04/11198344.jpg,Neck chops,"Savoring the crunch of life, one chop at a time 🍲"
11203000,29.95,Velsmag,Grisekød,Grisekoteletter,1,0,bk.,Netto,https://static.tilbudsugen.dk/1st-retail/2026/28/65760/Netto272026-1_5_2434x718_4888x2617_zoom.jpg,2026-07-04,2026-07-10,https://res.cloudinary.com/dfqzmnlga/image/upload/v1783140704/2026-07-04/11203000.jpg,Pig chops,"Sizzling with flavor, I'm the star of the kitchen showdown! 🍳"
11203001,29.95,Velsmag,Grisekød,Flæsk i skiver,1,0,bk.,Netto,https://static.tilbudsugen.dk/1st-retail/2026/28/65760/Netto272026-1_5_2434x718_4888x2617_zoom.jpg,2026-07-04,2026-07-10,https://res.cloudinary.com/dfqzmnlga/image/upload/v1783140704/2026-07-04/11203001.jpg,Pork in slices,"Slices of pork, ready to grill or slice—where flavor meets fun. 🍖🔥"
11198398,10.0,Velsmag,Grisekød,Grisekoteletter,1,0,bk.,Netto,https://static.tilbudsugen.dk/1st-retail/2026/28/65760/Netto272026-1_6_19x3056_2447x4806_zoom.jpg,2026-07-04,2026-07-10,https://res.cloudinary.com/dfqzmnlga/image/upload/v1783140704/2026-07-04/11198398.jpg,Pig chops,"🔥 Chop-some fun, slice-of-life vibes with a side of flair! 🥩"
11197865,10.0,Velsmag,Grisekød,Grisekoteletter,1,0,bk.,Netto,https://static.tilbudsugen.dk/1st-retail/2026/28/65760/Netto272026-1_3_1240x3372_2499x4864_zoom.jpg,2026-07-04,2026-07-10,https://res.cloudinary.com/dfqzmnlga/image/upload/v1783140705/2026-07-04/11197865.jpg,Pig chops,"🔥 Choppy charm, ready to slice through life with a flick of the knife! 🥩"
11198408,37.95,Velsmag,Oksekød,Hakket oksekød 14-18%,1,0,bk.,Netto,https://static.tilbudsugen.dk/1st-retail/2026/28/65760/Netto272026-1_6_103x4851_2460x6886_zoom.jpg,2026-07-04,2026-07-10,https://res.cloudinary.com/dfqzmnlga/image/upload/v1783140706/2026-07-04/11198408.jpg,Minced beef 14-18%,"🔥 Flavor-packed, fiery, and just right for a good snack—minced beef 14-18% is the star of the kitchen! 🍳"
11198515,59.0,Premieur,Rejer og andre skaldyr,Rejer,1,0,bg.,Netto,https://static.tilbudsugen.dk/1st-retail/2026/28/65760/Netto272026-1_11_3255x4871_4966x6860_zoom.jpg,2026-07-04,2026-07-10,https://res.cloudinary.com/dfqzmnlga/image/upload/v1783140706/2026-07-04/11198515.jpg,Shrimps and prawns,"Crackling with flavor, I'm the seafood superstar ready to conquer your plate! 🐟🦐"
11198319,69.0,Skagenfood ,Fersk fisk,Kuller,1,0,bk.,Netto,https://static.tilbudsugen.dk/1st-retail/2026/28/65760/Netto272026-1_5_0x737_2428x2610_zoom.jpg,2026-07-04,2026-07-10,https://res.cloudinary.com/dfqzmnlga/image/upload/v1783140707/2026-07-04/11198319.jpg,Haddock,Sunshine-kissed fish with a cheeky grin and a love for salty adventures 🐟
11198331,69.0,Skagenfood ,Røget og gravad,Laks,1,0,bk.,Netto,https://static.tilbudsugen.dk/1st-retail/2026/28/65760/Netto272026-1_5_0x737_2428x2610_zoom.jpg,2026-07-04,2026-07-10,https://res.cloudinary.com/dfqzmnlga/image/upload/v1783140707/2026-07-04/11198331.jpg,Salmon,"Sashimi lover with a side of sushi, ready to grill your day. 🍣"
11198513,30.0,Bådsmand,Røget og gravad,Laks,1,0,bk.,Netto,https://static.tilbudsugen.dk/1st-retail/2026/28/65760/Netto272026-1_11_0x4858_1705x6821_zoom.jpg,2026-07-04,2026-07-10,https://res.cloudinary.com/dfqzmnlga/image/upload/v1783140707/2026-07-04/11198513.jpg,Salmon,"Smelly but delicious, I'm the omega-three powerhouse that turns your day into a seafood adventure 🐟"
11198514,35.0,Premieur,Røget og gravad,Laks i skiver,1,0,pk.,Netto,https://static.tilbudsugen.dk/1st-retail/2026/28/65760/Netto272026-1_11_1724x4858_3255x6847_zoom.jpg,2026-07-04,2026-07-10,https://res.cloudinary.com/dfqzmnlga/image/upload/v1783140708/2026-07-04/11198514.jpg,Salmon in slices,"Savoring the ocean in every slice, 🍣"
11198501,12.0,ØGO,Postej og Paté,Leverpostej,1,0,pk.,Netto,https://static.tilbudsugen.dk/1st-retail/2026/28/65760/Netto272026-1_11_1698x692_3248x2940_zoom.jpg,2026-07-04,2026-07-10,https://res.cloudinary.com/dfqzmnlga/image/upload/v1783140709/2026-07-04/11198501.jpg,Liver pie,"Craving a savory, smoky flavor that satisfies both taste and appetite? 🍽️"
11198500,12.0,ØGO,Postej og Paté,Kyllingeleverpostej,1,0,pk.,Netto,https://static.tilbudsugen.dk/1st-retail/2026/28/65760/Netto272026-1_11_1698x692_3248x2940_zoom.jpg,2026-07-04,2026-07-10,https://res.cloudinary.com/dfqzmnlga/image/upload/v1783140709/2026-07-04/11198500.jpg,Chicken liver pie,"Sizzling with flavor, I'm the ultimate flavor bomb — perfect for any meal, any time. 🍗"
11198511,12.0,K-salat,Pålægssalat,Æggesalat,1,0,bg.,Netto,https://static.tilbudsugen.dk/1st-retail/2026/28/65760/Netto272026-1_11_3287x2946_4985x4858_zoom.jpg,2026-07-04,2026-07-10,https://res.cloudinary.com/dfqzmnlga/image/upload/v1783140710/2026-07-04/11198511.jpg,Egg salad,"Egg salad: the perfect blend of flavor and fun, ready to conquer any plate. 🍳"
11198512,12.0,K-salat,Pålægssalat,Finthakket  Skinkesalat,1,0,bg.,Netto,https://static.tilbudsugen.dk/1st-retail/2026/28/65760/Netto272026-1_11_3287x2946_4985x4858_zoom.jpg,2026-07-04,2026-07-10,https://res.cloudinary.com/dfqzmnlga/image/upload/v1783140710/2026-07-04/11198512.jpg,Finely ground ham salad,Savor the crunch of flavor with a dash of citrus—because every bite is a culinary rebellion. 🍅
11198509,12.0,K-salat,Pålægssalat,Hønsesalat,1,0,bg.,Netto,https://static.tilbudsugen.dk/1st-retail/2026/28/65760/Netto272026-1_11_3287x2946_4985x4858_zoom.jpg,2026-07-04,2026-07-10,https://res.cloudinary.com/dfqzmnlga/image/upload/v1783140711/2026-07-04/11198509.jpg,Chicken lettuce,Savoring the taste of life with a side of crunch — and a dash of flavor. 🍗 lettuce
11198510,12.0,K-salat,Pålægssalat,Krabbesalat,1,0,bg.,Netto,https://static.tilbudsugen.dk/1st-retail/2026/28/65760/Netto272026-1_11_3287x2946_4985x4858_zoom.jpg,2026-07-04,2026-07-10,https://res.cloudinary.com/dfqzmnlga/image/upload/v1783140712/2026-07-04/11198510.jpg,Crab salad,"Crab salad: The ultimate salty, sweet, and slightly spicy escape — perfect for a midnight snack or a bold date. 🍤"
11198497,12.0,La Campagna,Postej og Paté,Paté Hvidløg,1,0,stk.,Netto,https://static.tilbudsugen.dk/1st-retail/2026/28/65760/Netto272026-1_11_71x673_1653x2849_zoom.jpg,2026-07-04,2026-07-10,https://res.cloudinary.com/dfqzmnlga/image/upload/v1783140712/2026-07-04/11198497.jpg,Paté Garlic,Savor the flavor of love with a sprinkle of garlic—perfect for any meal. 🍴✨
11198508,12.0,K-salat,Pålægssalat,Kylling & Baconsalat,1,0,bg.,Netto,https://static.tilbudsugen.dk/1st-retail/2026/28/65760/Netto272026-1_11_3287x2946_4985x4858_zoom.jpg,2026-07-04,2026-07-10,https://res.cloudinary.com/dfqzmnlga/image/upload/v1783140713/2026-07-04/11198508.jpg,Chicken & Bacon Salad,"Sizzling with flavor, I'm the ultimate combo of chicken and bacon—crunchy, creamy, and totally irresistible. 🍗 Bacon 🥗"
11198494,12.0,La Campagna,"Pålæg, skiveskåret",Schwarzwaldskinke,1,0,pk.,Netto,https://static.tilbudsugen.dk/1st-retail/2026/28/65760/Netto272026-1_11_71x673_1653x2849_zoom.jpg,2026-07-04,2026-07-10,https://res.cloudinary.com/dfqzmnlga/image/upload/v1783140713/2026-07-04/11198494.jpg,Schwarzwald ham,"Smoky, savory, and slightly tangy — the perfect companion to a cold winter evening. 🍴"
11198503,12.95,Pålækker,"Pålæg, skiveskåret",Hamburgerryg,1,0,pk.,Netto,https://static.tilbudsugen.dk/1st-retail/2026/28/65760/Netto272026-1_11_13x2862_1698x4832_zoom.jpg,2026-07-04,2026-07-10,https://res.cloudinary.com/dfqzmnlga/image/upload/v1783140714/2026-07-04/11198503.jpg,Hamburger back,"Bite-sized bliss, ready to conquer any meal. 🍔"
11198502,12.95,Klassiker,"Pålæg, skiveskåret",Rullepølse,1,0,pk.,Netto,https://static.tilbudsugen.dk/1st-retail/2026/28/65760/Netto272026-1_11_13x2862_1698x4832_zoom.jpg,2026-07-04,2026-07-10,https://res.cloudinary.com/dfqzmnlga/image/upload/v1783140714/2026-07-04/11198502.jpg,Roller sausage,"Sizzling with flavor, I'm the perfect partner for any spicy night! 🍴"
11198498,12.0,La Campagna,"Pålæg, skiveskåret",Salchichón,1,0,pk.,Netto,https://static.tilbudsugen.dk/1st-retail/2026/28/65760/Netto272026-1_11_71x673_1653x2849_zoom.jpg,2026-07-04,2026-07-10,https://res.cloudinary.com/dfqzmnlga/image/upload/v1783140715/2026-07-04/11198498.jpg,Salchichón,🔥 Salchichón con un toque de picante y un poco de misterio 🥢
11198496,12.0,La Campagna,"Pålæg, skiveskåret",Jamon Serrano,1,0,pk.,Netto,https://static.tilbudsugen.dk/1st-retail/2026/28/65760/Netto272026-1_11_71x673_1653x2849_zoom.jpg,2026-07-04,2026-07-10,https://res.cloudinary.com/dfqzmnlga/image/upload/v1783140715/2026-07-04/11198496.jpg,Jamon Serrano,Serrano ham with a fiery passion and a smile that melts hearts 🍞
11198495,12.0,La Campagna,Pålægspølser,Fuet,1,0,pk.,Netto,https://static.tilbudsugen.dk/1st-retail/2026/28/65760/Netto272026-1_11_71x673_1653x2849_zoom.jpg,2026-07-04,2026-07-10,https://res.cloudinary.com/dfqzmnlga/image/upload/v1783140716/2026-07-04/11198495.jpg,Fuet,"✨ Fuet: The sweet, tangy, and slightly rebellious joy of a perfectly imperfect day. 🌟"
11198487,12.0,La Campagna,"Pålæg, skiveskåret",Salami Milano Salame,1,0,pk.,Netto,https://static.tilbudsugen.dk/1st-retail/2026/28/65760/Netto272026-1_11_71x673_1653x2849_zoom.jpg,2026-07-04,2026-07-10,https://res.cloudinary.com/dfqzmnlga/image/upload/v1783140716/2026-07-04/11198487.jpg,Salami Milano Salame,Savoring the perfect slice of Italian charm with a side of bold flavor 🍴
11198492,12.0,La Campagna,"Pålæg, skiveskåret",Mortadella,1,0,pk.,Netto,https://static.tilbudsugen.dk/1st-retail/2026/28/65760/Netto272026-1_11_71x673_1653x2849_zoom.jpg,2026-07-04,2026-07-10,https://res.cloudinary.com/dfqzmnlga/image/upload/v1783140717/2026-07-04/11198492.jpg,Mortadella,"Savory, smoky, and slightly spicy — the perfect companion to any good meal. 🍴"
11198491,12.0,La Campagna,"Pålæg, skiveskåret",Salami Spicy Ventricina,1,0,pk.,Netto,https://static.tilbudsugen.dk/1st-retail/2026/28/65760/Netto272026-1_11_71x673_1653x2849_zoom.jpg,2026-07-04,2026-07-10,https://res.cloudinary.com/dfqzmnlga/image/upload/v1783140718/2026-07-04/11198491.jpg,Salami Spicy Ventricina,🔥 Salami Spicy Ventricina: The ultimate flavor bomb that turns any snack into a party! 😎
11198493,12.0,La Campagna,"Pålæg, skiveskåret",Lufttørret Skinke,1,0,pk.,Netto,https://static.tilbudsugen.dk/1st-retail/2026/28/65760/Netto272026-1_11_71x673_1653x2849_zoom.jpg,2026-07-04,2026-07-10,https://res.cloudinary.com/dfqzmnlga/image/upload/v1783140718/2026-07-04/11198493.jpg,Air-dried Ham,"Savoring the crunch of a salty, smoky adventure—bite by bite. 🍗"
11198499,12.0,La Campagna,"Pålæg, skiveskåret",Skinke,1,0,pk.,Netto,https://static.tilbudsugen.dk/1st-retail/2026/28/65760/Netto272026-1_11_71x673_1653x2849_zoom.jpg,2026-07-04,2026-07-10,https://res.cloudinary.com/dfqzmnlga/image/upload/v1783140719/2026-07-04/11198499.jpg,Ham,"Savoring the crunch of a fresh ham, ready to slice and serve. 🍗"
11198130,39.0,Langelænder,600 g - 1099 g Store Pakker Pølser,Frankfurter,1,0,ps.,Netto,https://static.tilbudsugen.dk/1st-retail/2026/28/65760/Netto272026-1_3_1246x5316_2486x6828_zoom.jpg,2026-07-04,2026-07-10,https://res.cloudinary.com/dfqzmnlga/image/upload/v1783140719/2026-07-04/11198130.jpg,Frankfurter,"Savor the crunch, one bite at a time 🍔"
11198577,24.95,Steff Houlberg,300 g - 599 g Normalpakke Pølser,Grillpølser,1,0,pk.,Netto,https://static.tilbudsugen.dk/1st-retail/2026/28/65760/Netto272026-1_12_3255x2817_4901x4832_zoom.jpg,2026-07-04,2026-07-10,https://res.cloudinary.com/dfqzmnlga/image/upload/v1783140721/2026-07-04/11198577.jpg,Barbecue sausages,"🔥 Sizzling with flavor, ready to spice up your day! 🍲"
11198576,24.95,Steff Houlberg,300 g - 599 g Normalpakke Pølser,Hotdogpølser,1,0,pk.,Netto,https://static.tilbudsugen.dk/1st-retail/2026/28/65760/Netto272026-1_12_3255x2817_4901x4832_zoom.jpg,2026-07-04,2026-07-10,https://res.cloudinary.com/dfqzmnlga/image/upload/v1783140722/2026-07-04/11198576.jpg,Hot dog sausages,"Sizzling with flavor, I'm the perfect sidekick for any meal! 🍔"
11198252,39.0,Langelænder,300 g - 599 g Normalpakke Pølser,Grillpølser,1,0,pk.,Netto,https://static.tilbudsugen.dk/1st-retail/2026/28/65760/Netto272026-1_3_1246x5316_2486x6828_zoom.jpg,2026-07-04,2026-07-10,https://res.cloudinary.com/dfqzmnlga/image/upload/v1783140723/2026-07-04/11198252.jpg,Barbecue sausages,"Sizzling with smoky flavor, I'm the perfect partner for a backyard BBQ—served with a side of fun and a dash of spice. 🍔🔥"
11198800,6.0,Cocio,Mælk m/smag,Chokolademælk Classic 12 pk.,1,0,ds.,Netto,https://static.tilbudsugen.dk/1st-retail/2026/28/65760/Netto272026-1_15_0x666_1279x2817_zoom.jpg,2026-07-04,2026-07-10,https://res.cloudinary.com/dfqzmnlga/image/upload/v1783140723/2026-07-04/11198800.jpg,Chocolate milk Classic 12 pk.,"☕️ I'm the sweetest companion to your day, bringing joy with every sip!"
11198443,20.0,Løgismose,Mælk,Mormor Koldskål,1,1,krt.,Netto,https://static.tilbudsugen.dk/1st-retail/2026/28/65760/Netto272026-1_8_168x4735_3326x6789_zoom.jpg,2026-07-04,2026-07-10,https://res.cloudinary.com/dfqzmnlga/image/upload/v1783140724/2026-07-04/11198443.jpg,Grandma Cold Bowl,✨ Grandma Cold Bowl: The only thing warmer than my laugh and colder than my heart. 😄
11198801,6.0,Cocio,Mælk m/smag,Chokolademælk Delight 12 pk.,1,0,ds.,Netto,https://static.tilbudsugen.dk/1st-retail/2026/28/65760/Netto272026-1_15_0x666_1279x2817_zoom.jpg,2026-07-04,2026-07-10,https://res.cloudinary.com/dfqzmnlga/image/upload/v1783140725/2026-07-04/11198801.jpg,Chocolate milk Delight 12 pk.,"☕️ Chocolate milk delight, sweet and creamy, ready to satisfy any craving!"
11198449,25.0,Athena,Syrnet morgenmad,Græsk Yoghurt 10%,1,1,bg.,Netto,https://static.tilbudsugen.dk/1st-retail/2026/28/65760/Netto272026-1_10_0x776_2777x2836_zoom.jpg,2026-07-04,2026-07-10,https://res.cloudinary.com/dfqzmnlga/image/upload/v1783140725/2026-07-04/11198449.jpg,Greek Yogurt 10%,"Savory, creamy, and slightly tangy — the perfect balance of sweetness and spice. 🍯"
11198450,25.0,Athena,Syrnet morgenmad,Græsk Yoghurt 2%,1,1,bg.,Netto,https://static.tilbudsugen.dk/1st-retail/2026/28/65760/Netto272026-1_10_0x776_2777x2836_zoom.jpg,2026-07-04,2026-07-10,https://res.cloudinary.com/dfqzmnlga/image/upload/v1783140726/2026-07-04/11198450.jpg,Greek Yogurt 2%,"Savor the creamy, tangy bliss of Greek Yogurt 2% — perfect for a morning boost or a snack that's both healthy and delicious. 🥛"
11198446,8.47,Danonino,Mellemmåltider,"Jordbær, Banan & Abrikos yoghurt",1,0,pk.,Netto,https://static.tilbudsugen.dk/1st-retail/2026/28/65760/Netto272026-1_9_2234x783_4966x3908_zoom.jpg,2026-07-04,2026-07-10,https://res.cloudinary.com/dfqzmnlga/image/upload/v1783140727/2026-07-04/11198446.jpg,"Strawberries, Banana & Apricot yogurt","Sour, sweet, and slightly tangy — perfect for a morning latte. 🍓🍌 yogurt"
11197762,10.0,High Protein Drink,Mælk m/smag,Kakaomælk,1,0,fl.,Netto,https://static.tilbudsugen.dk/1st-retail/2026/28/65760/Netto272026-1_2_0x66_2363x2242_zoom.jpg,2026-07-04,2026-07-10,https://res.cloudinary.com/dfqzmnlga/image/upload/v1783140727/2026-07-04/11197762.jpg,Cocoa milk,"☕️ The creamy heart of your morning coffee, delivered with love and warmth."
11197763,10.0,High Protein Drink,Mælk m/smag,Vaniljedrik,1,0,fl.,Netto,https://static.tilbudsugen.dk/1st-retail/2026/28/65760/Netto272026-1_2_0x66_2363x2242_zoom.jpg,2026-07-04,2026-07-10,https://res.cloudinary.com/dfqzmnlga/image/upload/v1783140728/2026-07-04/11197763.jpg,Vanilla drink,"Sip, savor, and smile—my flavor is pure bliss! 🍅"
11197751,8.0,Cremefine,Madlavning friskvarer,Madlavningsfløde 7 %,1,0,fl.,Netto,https://static.tilbudsugen.dk/1st-retail/2026/28/65760/Netto272026-1_1_0x1351_1924x3799_zoom.jpg,2026-07-04,2026-07-10,https://res.cloudinary.com/dfqzmnlga/image/upload/v1783140729/2026-07-04/11197751.jpg,Cooking cream 7 per cent,"Sooapy, creamy, and perfectly balanced — the ultimate kitchen companion. 🌱"
11197750,8.0,Cremefine,Madlavning friskvarer,Madlavningsfløde 15 %,1,0,fl.,Netto,https://static.tilbudsugen.dk/1st-retail/2026/28/65760/Netto272026-1_1_0x1351_1924x3799_zoom.jpg,2026-07-04,2026-07-10,https://res.cloudinary.com/dfqzmnlga/image/upload/v1783140729/2026-07-04/11197750.jpg,Cooking cream 15 %,"✨ Creamy versatility, ready to transform any dish into a masterpiece!"
11197755,9.0,Buko,Specialost,Flødeost Naturel,1,0,bg.,Netto,https://static.tilbudsugen.dk/1st-retail/2026/28/65760/Netto272026-1_1_1898x1357_4895x3876_zoom.jpg,2026-07-04,2026-07-10,https://res.cloudinary.com/dfqzmnlga/image/upload/v1783140730/2026-07-04/11197755.jpg,Cream cheese Naturel,"Soft, creamy, and slightly whimsical — like a dream on a plate. 🍫"
11197757,9.0,Buko,Specialost,Flødeost Grøn Pikant,1,0,bg.,Netto,https://static.tilbudsugen.dk/1st-retail/2026/28/65760/Netto272026-1_1_1898x1357_4895x3876_zoom.jpg,2026-07-04,2026-07-10,https://res.cloudinary.com/dfqzmnlga/image/upload/v1783140730/2026-07-04/11197757.jpg,Cream cheese Green Picker,"Smooth, creamy, and slightly whimsical — the perfect companion to any afternoon snack. 🍯"
11197756,9.0,Buko,Specialost,Flødeost Hvidløg,1,0,bg.,Netto,https://static.tilbudsugen.dk/1st-retail/2026/28/65760/Netto272026-1_1_1898x1357_4895x3876_zoom.jpg,2026-07-04,2026-07-10,https://res.cloudinary.com/dfqzmnlga/image/upload/v1783140731/2026-07-04/11197756.jpg,Cream cheese Garlic,"Savory blend of creamy comfort and bold garlic, perfect for any snack or snack bar. 🧄"
11197752,9.0,Buko,Specialost,Flødeost Pikant,1,0,bg.,Netto,https://static.tilbudsugen.dk/1st-retail/2026/28/65760/Netto272026-1_1_1898x1357_4895x3876_zoom.jpg,2026-07-04,2026-07-10,https://res.cloudinary.com/dfqzmnlga/image/upload/v1783140732/2026-07-04/11197752.jpg,Cream cheese Picant,"Savory, creamy, and slightly tangy—perfect for a morning latte or a bold twist on a classic. 🍼"
11197758,9.0,Buko,Specialost,Flødeost Pikant Løg og Krydderurter,1,0,bg.,Netto,https://static.tilbudsugen.dk/1st-retail/2026/28/65760/Netto272026-1_1_1898x1357_4895x3876_zoom.jpg,2026-07-04,2026-07-10,https://res.cloudinary.com/dfqzmnlga/image/upload/v1783140732/2026-07-04/11197758.jpg,Cream cheese Picant Bulbs and herbs,"Savor the sweet, savory blend of cream cheese, picant bulbs, and herbs—perfect for a flavor explosion. 🌱🧀"
11197754,9.0,Buko,Specialost,Flødeost Naturel,1,0,bg.,Netto,https://static.tilbudsugen.dk/1st-retail/2026/28/65760/Netto272026-1_1_1898x1357_4895x3876_zoom.jpg,2026-07-04,2026-07-10,https://res.cloudinary.com/dfqzmnlga/image/upload/v1783140733/2026-07-04/11197754.jpg,Cream cheese Naturel,"Soft, creamy, and slightly wild—perfect for pairing with a latte. 🍼"
11198444,12.0,Løgismose,Madlavning friskvarer,Fraiche 9%,1,0,bg.,Netto,https://static.tilbudsugen.dk/1st-retail/2026/28/65760/Netto272026-1_8_3326x5123_4830x6789_zoom.jpg,2026-07-04,2026-07-10,https://res.cloudinary.com/dfqzmnlga/image/upload/v1783140733/2026-07-04/11198444.jpg,Fraiche 9%,"Sip with a smile, fresh and creamy, like a summer breeze—100% dairy-free, 9% fat, and always ready to refresh your day. 🥛"
11198483,10.0,Falengreen,Madlavningsost,Revet ost Pizzatopping,1,0,ps.,Netto,https://static.tilbudsugen.dk/1st-retail/2026/28/65760/Netto272026-1_10_19x4832_1698x6821_zoom.jpg,2026-07-04,2026-07-10,https://res.cloudinary.com/dfqzmnlga/image/upload/v1783140734/2026-07-04/11198483.jpg,Reefed Cheese Pizza Topping,"✨ Crave the ocean's flavor? I'm the salty, creamy star of your pizza—fresh, bold, and always ready to conquer your taste buds!"
11198482,10.0,Falengreen,Madlavningsost,Revet ost Mexitopping,1,0,ps.,Netto,https://static.tilbudsugen.dk/1st-retail/2026/28/65760/Netto272026-1_10_19x4832_1698x6821_zoom.jpg,2026-07-04,2026-07-10,https://res.cloudinary.com/dfqzmnlga/image/upload/v1783140734/2026-07-04/11198482.jpg,Reefed cheese Mexitopping,"A salty, tangy, and slightly spicy cheese that brings the ocean to your plate — perfect for a beachy, bold snack. 🌊🧀"
11198481,99.0,Mammen,Skæreost,Skæreost Danbo Guld Mellemlagret,1,1,stk.,Netto,https://static.tilbudsugen.dk/1st-retail/2026/28/65760/Netto272026-1_10_3293x2953_4895x6828_zoom.jpg,2026-07-04,2026-07-10,https://res.cloudinary.com/dfqzmnlga/image/upload/v1783140735/2026-07-04/11198481.jpg,Cutting cheese Danbo Gold Intermediate stock,"Cheese lover with a twist—Danbo Gold Intermediate stock, slicing life with flair! 🧊"
11198486,22.0,Cheasy,Skiveost,Skiveost 13% mild,1,0,pk.,Netto,https://static.tilbudsugen.dk/1st-retail/2026/28/65760/Netto272026-1_10_1666x4800_3319x6873_zoom.jpg,2026-07-04,2026-07-10,https://res.cloudinary.com/dfqzmnlga/image/upload/v1783140735/2026-07-04/11198486.jpg,Skive cheese 13% mild,"Slightly sleepy, slightly smelly, and slightly smug—perfect for a morning snack. 🧁"
11198484,22.0,Klovborg,Skiveost,Skiveost Danbo Mellemlagret,1,0,pk.,Netto,https://static.tilbudsugen.dk/1st-retail/2026/28/65760/Netto272026-1_10_1666x4800_3319x6873_zoom.jpg,2026-07-04,2026-07-10,https://res.cloudinary.com/dfqzmnlga/image/upload/v1783140736/2026-07-04/11198484.jpg,Skiveost Danbo Intermediate stock,Skiveost Danbo Intermediate stock: The ultimate multitasker who never stops whining about the weather. 🌤️
11198485,22.0,Cheasy,Skiveost,Skiveost Mellemlagret 13%,1,0,pk.,Netto,https://static.tilbudsugen.dk/1st-retail/2026/28/65760/Netto272026-1_10_1666x4800_3319x6873_zoom.jpg,2026-07-04,2026-07-10,https://res.cloudinary.com/dfqzmnlga/image/upload/v1783140736/2026-07-04/11198485.jpg,Skiver cheese Intermediate stock 13%,"✨ Curious about the taste of a creamy, smooth cheese? I'm the Skiver cheese, ready to melt into your heart. 🧀"
11199495,65.0,Coca Cola Zero,Sodavand,Cola 18 pk.,18,0,ds.,Netto,https://static.tilbudsugen.dk/1st-retail/2026/28/65760/Netto272026-1_15_84x2843_1666x4787_zoom.jpg,2026-07-01,2026-07-31,https://res.cloudinary.com/dfqzmnlga/image/upload/v1783140737/2026-07-04/11199495.jpg,Cola 18 pk.,"Sip, savor, and never forget—cola is life. 🍹"
11198829,65.0,Coca Cola,Sodavand,Cola 18 pk.,18,0,ds.,Netto,https://static.tilbudsugen.dk/1st-retail/2026/28/65760/Netto272026-1_15_84x2843_1666x4787_zoom.jpg,2026-07-01,2026-07-31,https://res.cloudinary.com/dfqzmnlga/image/upload/v1783140737/2026-07-04/11198829.jpg,Cola 18 pk.,"Sip, savor, and never forget—Cola 18 pk. 🍹"
11198818,89.0,Squash,Sodavand,Ferskensodavand Sukkerfri 24 pk.,24,0,ds.,Netto,https://static.tilbudsugen.dk/1st-retail/2026/28/65760/Netto272026-1_15_2706x350_4966x2849_zoom.jpg,2026-07-04,2026-07-10,https://res.cloudinary.com/dfqzmnlga/image/upload/v1783140738/2026-07-04/11198818.jpg,Peach soda Sugar-free 24 pk.,"Sip on sweetness, never a sugar crash—peach soda, sugar-free, never boring. 🍑"
11198817,89.0,Squash,Sodavand,Sportssodavand Citron Lime Sukkerfri 24 pk.,24,0,ds.,Netto,https://static.tilbudsugen.dk/1st-retail/2026/28/65760/Netto272026-1_15_2706x350_4966x2849_zoom.jpg,2026-07-04,2026-07-10,https://res.cloudinary.com/dfqzmnlga/image/upload/v1783140738/2026-07-04/11198817.jpg,Sports soda Lemon Lime Sugar-free 24 pk.,"Sip, savor, and sweeten your day with a twist—sports soda, lemon lime, sugar-free. 🍹"
11198802,17.0,0 Kalorier,Sodavand,Sportssodavand,1,1,fl.,Netto,https://static.tilbudsugen.dk/1st-retail/2026/28/65760/Netto272026-1_15_1343x641_2693x2830_zoom.jpg,2026-07-04,2026-07-10,https://res.cloudinary.com/dfqzmnlga/image/upload/v1783140739/2026-07-04/11198802.jpg,Sports soda,"Sip, sprint, and stay unstoppable—because sports soda is the fuel for the game! 🎾💪"
11198814,17.0,Pepsi Max,Sodavand,Cola,1,1,fl.,Netto,https://static.tilbudsugen.dk/1st-retail/2026/28/65760/Netto272026-1_15_1343x641_2693x2830_zoom.jpg,2026-07-04,2026-07-10,https://res.cloudinary.com/dfqzmnlga/image/upload/v1783140739/2026-07-04/11198814.jpg,Cola,"Sip, savor, and never let the taste fade—because cola is always fresh! 🍹"
11198812,17.0,Faxe Kondi,Sodavand,Sportssodavand,1,1,fl.,Netto,https://static.tilbudsugen.dk/1st-retail/2026/28/65760/Netto272026-1_15_1343x641_2693x2830_zoom.jpg,2026-07-04,2026-07-10,https://res.cloudinary.com/dfqzmnlga/image/upload/v1783140740/2026-07-04/11198812.jpg,Sports soda,"Sip, sprint, and stay hydrated—because every drink is a game! 🎮💧"
11198813,17.0,0 Kalorier Lemonade,Sodavand,Sodavand,1,1,fl.,Netto,https://static.tilbudsugen.dk/1st-retail/2026/28/65760/Netto272026-1_15_1343x641_2693x2830_zoom.jpg,2026-07-04,2026-07-10,https://res.cloudinary.com/dfqzmnlga/image/upload/v1783140740/2026-07-04/11198813.jpg,Soda water,"Fizzing fun, never boring—soda water keeps things lively! 🌟"
11198834,199.0,Energy,Energi- Sports- & Vitamindrikke,Energidrik 24 pk.,24,0,ds.,Netto,https://static.tilbudsugen.dk/1st-retail/2026/28/65760/Netto272026-1_15_3209x2991_4933x4826_zoom.jpg,2026-07-04,2026-07-10,https://res.cloudinary.com/dfqzmnlga/image/upload/v1783140741/2026-07-04/11198834.jpg,Energy Drink 24 pk.,💥 Never miss a beat—charged up for the fight!
11206372,12.0,Starbucks,Iste & Iskaffe,Iskaffe Tripleshot Espresso Milk,1,0,ds.,Netto,https://static.tilbudsugen.dk/1st-retail/2026/28/65760/Netto272026-1_10_2802x479_4908x2869_zoom.jpg,2026-07-04,2026-07-10,https://res.cloudinary.com/dfqzmnlga/image/upload/v1783140741/2026-07-04/11206372.jpg,Ice cream Tripleshot Espresso Milk,"Savor the sweetest mix of ice cream, espresso, and milk — triple shot, triple joy! 🍦☕️"
11198451,12.0,Starbucks,Iste & Iskaffe,Iskaffe Tripleshot Espresso Milk,1,0,ds.,Netto,https://static.tilbudsugen.dk/1st-retail/2026/28/65760/Netto272026-1_10_2802x479_4908x2869_zoom.jpg,2026-07-04,2026-07-10,https://res.cloudinary.com/dfqzmnlga/image/upload/v1783140742/2026-07-04/11198451.jpg,Ice cream Tripleshot Espresso Milk,"Sip, savor, and stack—Ice cream Tripleshot Espresso Milk is the ultimate flavor explosion! 🍦✨"
11198796,139.0,Original,Kaffe,Kaffe Formalet,1,1,pk.,Netto,https://static.tilbudsugen.dk/1st-retail/2026/28/65760/Netto272026-1_14_2499x4838_4933x6821_zoom.jpg,2026-07-04,2026-07-10,https://res.cloudinary.com/dfqzmnlga/image/upload/v1783140743/2026-07-04/11198796.jpg,Coffee Painted,"☕️ Painted with coffee, I'm the ultimate mood booster—perfect for any day. 🌟"
11198794,99.0,Crema,Kaffe,Kaffebønner,1,0,pk.,Netto,https://static.tilbudsugen.dk/1st-retail/2026/28/65760/Netto272026-1_14_0x4826_2428x6821_zoom.jpg,2026-07-04,2026-07-10,https://res.cloudinary.com/dfqzmnlga/image/upload/v1783140744/2026-07-04/11198794.jpg,Coffee beans,☕️ The world needs more buzzwords.
11198795,99.0,Espresso,Kaffe,Kaffebønner,1,0,pk.,Netto,https://static.tilbudsugen.dk/1st-retail/2026/28/65760/Netto272026-1_14_0x4826_2428x6821_zoom.jpg,2026-07-04,2026-07-10,https://res.cloudinary.com/dfqzmnlga/image/upload/v1783140744/2026-07-04/11198795.jpg,Coffee beans,"☕️ The world needs more coffee, and I'm here to brew it all."
11198453,24.0,innocent,Juice,"Ananas, jordbær & æblejuice",1,0,fl.,Netto,https://static.tilbudsugen.dk/1st-retail/2026/28/65760/Netto272026-1_10_0x2862_3306x4819_zoom.jpg,2026-07-04,2026-07-10,https://res.cloudinary.com/dfqzmnlga/image/upload/v1783140745/2026-07-04/11198453.jpg,"Pineapples, strawberries & apple juice","Pineapple paradise, strawberry bliss, and apple juice kickass — life's a flavor explosion! 🍌🍓 juice 🍑"
11198478,24.0,innocent,Juice,Appelsinjuice med frugtkød,1,0,fl.,Netto,https://static.tilbudsugen.dk/1st-retail/2026/28/65760/Netto272026-1_10_0x2862_3306x4819_zoom.jpg,2026-07-04,2026-07-10,https://res.cloudinary.com/dfqzmnlga/image/upload/v1783140745/2026-07-04/11198478.jpg,Fruit-flesh orange juice,"Citrusy, zesty, and always in season — perfect for a refreshing morning pick-me-up 🍊"
11198452,24.0,innocent,Juice,"Æblejuice, Kiwi & Agurk",1,0,fl.,Netto,https://static.tilbudsugen.dk/1st-retail/2026/28/65760/Netto272026-1_10_0x2862_3306x4819_zoom.jpg,2026-07-04,2026-07-10,https://res.cloudinary.com/dfqzmnlga/image/upload/v1783140745/2026-07-04/11198452.jpg,"Apple juice, Kiwi & Agurk","Juice of life, tangy and vibrant—perfect for any mood. 🍐"
11198454,24.0,innocent,Juice,Æblejuice,1,0,fl.,Netto,https://static.tilbudsugen.dk/1st-retail/2026/28/65760/Netto272026-1_10_0x2862_3306x4819_zoom.jpg,2026-07-04,2026-07-10,https://res.cloudinary.com/dfqzmnlga/image/upload/v1783140746/2026-07-04/11198454.jpg,Apple juice,"Juice up your day with me—fresh, vibrant, and always ready to spark a smile. 🍎✨"
11198476,24.0,innocent,Juice,Appelsinjuice uden frugtkød,1,0,fl.,Netto,https://static.tilbudsugen.dk/1st-retail/2026/28/65760/Netto272026-1_10_0x2862_3306x4819_zoom.jpg,2026-07-04,2026-07-10,https://res.cloudinary.com/dfqzmnlga/image/upload/v1783140747/2026-07-04/11198476.jpg,Orange juice without pulp,"Sip on sunshine, straight from the carton—no pulp, just vibrant energy. 🍊"
11198477,24.0,Limited Edition,Juice,Summer Crush Juice,1,0,fl.,Netto,https://static.tilbudsugen.dk/1st-retail/2026/28/65760/Netto272026-1_10_0x2862_3306x4819_zoom.jpg,2026-07-04,2026-07-10,https://res.cloudinary.com/dfqzmnlga/image/upload/v1783140747/2026-07-04/11198477.jpg,Summer Crush Juice,"Sip on summer vibes, crushes, and fresh flavor—your perfect match awaits! 🍹"
11198455,24.0,innocent,Juice,"Blåbær, solbær, tranebær og æblejuice",1,0,fl.,Netto,https://static.tilbudsugen.dk/1st-retail/2026/28/65760/Netto272026-1_10_0x2862_3306x4819_zoom.jpg,2026-07-04,2026-07-10,https://res.cloudinary.com/dfqzmnlga/image/upload/v1783140748/2026-07-04/11198455.jpg,"Blueberries, blackcurrants, cranberries and apple juice","Savor the sweet tang of summer with blueberries, blackcurrants, cranberries, and a splash of apple juice—nature's perfect punch. 🍓✨"
11198479,24.0,innocent,Juice,Tropisk Juice,1,0,fl.,Netto,https://static.tilbudsugen.dk/1st-retail/2026/28/65760/Netto272026-1_10_0x2862_3306x4819_zoom.jpg,2026-07-04,2026-07-10,https://res.cloudinary.com/dfqzmnlga/image/upload/v1783140748/2026-07-04/11198479.jpg,Tropical Juice,"Sip, savor, and shine—Tropical Juice, ready to refresh your day! 🍹"
11197841,10.0,Green Apple,RTD,Original RTD,1,0,fl.,Netto,https://static.tilbudsugen.dk/1st-retail/2026/28/65760/Netto272026-1_2_26x4787_2357x6795_zoom.jpg,2026-07-04,2026-07-10,https://res.cloudinary.com/dfqzmnlga/image/upload/v1783140749/2026-07-04/11197841.jpg,Original RTD,"Original RTD: Fresh, bold, and always ready to spice things up 🍴"
11197837,10.0,Raspberry,RTD,Raspberry RTD,1,0,fl.,Netto,https://static.tilbudsugen.dk/1st-retail/2026/28/65760/Netto272026-1_2_26x4787_2357x6795_zoom.jpg,2026-07-04,2026-07-10,https://res.cloudinary.com/dfqzmnlga/image/upload/v1783140749/2026-07-04/11197837.jpg,Raspberry RTD,"Raspberry RTD: Sweet, tart, and always in season — perfect for a refresh. 🍓"
11197840,10.0,Original,RTD,Original RTD,1,0,fl.,Netto,https://static.tilbudsugen.dk/1st-retail/2026/28/65760/Netto272026-1_2_26x4787_2357x6795_zoom.jpg,2026-07-04,2026-07-10,https://res.cloudinary.com/dfqzmnlga/image/upload/v1783140750/2026-07-04/11197840.jpg,Original RTD,"Original RTD: The taste that never fades, always fresh and vibrant. 🌟"
11198831,85.0,Pure Vodka,Vodka,Vodka,1,0,fl.,Netto,https://static.tilbudsugen.dk/1st-retail/2026/28/65760/Netto272026-1_15_1705x2862_3261x4832_zoom.jpg,2026-07-04,2026-07-10,https://res.cloudinary.com/dfqzmnlga/image/upload/v1783140750/2026-07-04/11198831.jpg,Vodka,"Vodka: ""Sip, savor, and never say 'no'—because life's too short for bad drinks."" 🍸"
11198832,85.0,Malibu,Rom,Rom,1,0,fl.,Netto,https://static.tilbudsugen.dk/1st-retail/2026/28/65760/Netto272026-1_15_1705x2862_3261x4832_zoom.jpg,2026-07-04,2026-07-10,https://res.cloudinary.com/dfqzmnlga/image/upload/v1783140750/2026-07-04/11198832.jpg,Rome,"✨ Rome, the city of endless adventures and unforgettable moments. 🌍"
11198885,129.0,,Californiske vine,Californisk Rødvin,1,3,krt.,Netto,https://static.tilbudsugen.dk/1st-retail/2026/28/65760/Netto272026-1_15_2493x4838_4953x6860_zoom.jpg,2026-07-04,2026-07-10,https://res.cloudinary.com/dfqzmnlga/image/upload/v1783140751/2026-07-04/11198885.jpg,California Red Wine,"Sip, savor, and smile—California Red Wine is the perfect companion for any good time. 🍷"
11198890,129.0,,Spanske vine,Spansk Hvidvin,1,3,krt.,Netto,https://static.tilbudsugen.dk/1st-retail/2026/28/65760/Netto272026-1_15_2493x4838_4953x6860_zoom.jpg,2026-07-04,2026-07-10,https://res.cloudinary.com/dfqzmnlga/image/upload/v1783140752/2026-07-04/11198890.jpg,Spanish White wine,"Sip, savor, and let the flavors speak — ¡Sí! 🍷"
11198896,129.0,,Australske vine,Australsk Hvidvin,1,3,krt.,Netto,https://static.tilbudsugen.dk/1st-retail/2026/28/65760/Netto272026-1_15_2493x4838_4953x6860_zoom.jpg,2026-07-04,2026-07-10,https://res.cloudinary.com/dfqzmnlga/image/upload/v1783140752/2026-07-04/11198896.jpg,Australian White wine,"Sip on the perfect blend of earth and sea — Australian White wine, ready to elevate your evening. 🍷"
11198900,129.0,,Australske vine,Australsk Rosevin,1,3,krt.,Netto,https://static.tilbudsugen.dk/1st-retail/2026/28/65760/Netto272026-1_15_2493x4838_4953x6860_zoom.jpg,2026-07-04,2026-07-10,https://res.cloudinary.com/dfqzmnlga/image/upload/v1783140753/2026-07-04/11198900.jpg,Australian Rosevin,"🌸 Australian Rosevin: The floral whisper of the outback, perfect for those who love a little magic in their daily routine. 🌿"
11198901,129.0,,Australske vine,Australsk Rødvin,1,3,krt.,Netto,https://static.tilbudsugen.dk/1st-retail/2026/28/65760/Netto272026-1_15_2493x4838_4953x6860_zoom.jpg,2026-07-04,2026-07-10,https://res.cloudinary.com/dfqzmnlga/image/upload/v1783140753/2026-07-04/11198901.jpg,Australian Red Wine,"Roses in red, wine in glass — where the land meets the taste. 🍷"
11198878,129.0,,Californiske vine,Californisk Hvidvin,1,3,krt.,Netto,https://static.tilbudsugen.dk/1st-retail/2026/28/65760/Netto272026-1_15_2493x4838_4953x6860_zoom.jpg,2026-07-04,2026-07-10,https://res.cloudinary.com/dfqzmnlga/image/upload/v1783140754/2026-07-04/11198878.jpg,California White wine,"Sip, savor, and smile—California White wine is the perfect companion to any good time. 🍷"
11198895,129.0,,Spanske vine,Spansk Rødvin,1,3,krt.,Netto,https://static.tilbudsugen.dk/1st-retail/2026/28/65760/Netto272026-1_15_2493x4838_4953x6860_zoom.jpg,2026-07-04,2026-07-10,https://res.cloudinary.com/dfqzmnlga/image/upload/v1783140754/2026-07-04/11198895.jpg,Spanish Red Wine,"Sip, savor, and let the flavors speak—Spanish Red Wine. 🍷"
11198904,45.0,,Tyske vine,Tysk Rosevin,1,0,fl.,Netto,https://static.tilbudsugen.dk/1st-retail/2026/28/65760/Netto272026-1_16_58x2016_4992x6802_zoom.jpg,2026-07-04,2026-07-10,https://res.cloudinary.com/dfqzmnlga/image/upload/v1783140755/2026-07-04/11198904.jpg,German Rosevin,"🌸 A floral whisper that blooms in every moment, perfect for those who love to linger."
11198906,45.0,,Tyske vine,Tysk Rødvin,1,0,fl.,Netto,https://static.tilbudsugen.dk/1st-retail/2026/28/65760/Netto272026-1_16_58x2016_4992x6802_zoom.jpg,2026-07-04,2026-07-10,https://res.cloudinary.com/dfqzmnlga/image/upload/v1783140756/2026-07-04/11198906.jpg,German Red Wine,"Sip on elegance, one glass at a time. 🍷"
11198903,45.0,,Tyske vine,Tysk Hvidvin,1,0,fl.,Netto,https://static.tilbudsugen.dk/1st-retail/2026/28/65760/Netto272026-1_16_58x2016_4992x6802_zoom.jpg,2026-07-04,2026-07-10,https://res.cloudinary.com/dfqzmnlga/image/upload/v1783140756/2026-07-04/11198903.jpg,German White wine,"Sip the perfect sip, pour the right wine — life's too short for bad wine. 🍷"
11198905,45.0,,Tyske vine,Tysk Mousserende Vin,1,0,fl.,Netto,https://static.tilbudsugen.dk/1st-retail/2026/28/65760/Netto272026-1_16_58x2016_4992x6802_zoom.jpg,2026-07-04,2026-07-10,https://res.cloudinary.com/dfqzmnlga/image/upload/v1783140757/2026-07-04/11198905.jpg,German Sparkling Wine,"✨ Sip the magic of German sparkling wine, where every sip is a celebration of flavor and elegance. ✨"
11198852,50.0,,Californiske vine,Californisk Rosevin,1,0,fl.,Netto,https://static.tilbudsugen.dk/1st-retail/2026/28/65760/Netto272026-1_15_0x4767_2499x6834_zoom.jpg,2026-07-04,2026-07-10,https://res.cloudinary.com/dfqzmnlga/image/upload/v1783140757/2026-07-04/11198852.jpg,California Rosevin,"🌸 A floral wonder that blooms in every moment, ready to steal your heart."
11198859,50.0,,Italienske vine,Italiensk Mousserende Vin,1,0,fl.,Netto,https://static.tilbudsugen.dk/1st-retail/2026/28/65760/Netto272026-1_15_0x4767_2499x6834_zoom.jpg,2026-07-04,2026-07-10,https://res.cloudinary.com/dfqzmnlga/image/upload/v1783140758/2026-07-04/11198859.jpg,Italian Sparkling Wine,"Sip the perfect blend of taste and flair—Italian sparkling wine, crafted to elevate any evening. 🍷"
11198839,50.0,,Californiske vine,Californisk Hvidvin,1,0,fl.,Netto,https://static.tilbudsugen.dk/1st-retail/2026/28/65760/Netto272026-1_15_0x4767_2499x6834_zoom.jpg,2026-07-04,2026-07-10,https://res.cloudinary.com/dfqzmnlga/image/upload/v1783140758/2026-07-04/11198839.jpg,California White wine,"Sip, savor, and share—California White wine is the perfect companion to any good time. 🍷"
11198855,50.0,,Franske vine,Fransk Rosévin,1,0,fl.,Netto,https://static.tilbudsugen.dk/1st-retail/2026/28/65760/Netto272026-1_15_0x4767_2499x6834_zoom.jpg,2026-07-04,2026-07-10,https://res.cloudinary.com/dfqzmnlga/image/upload/v1783140759/2026-07-04/11198855.jpg,French Rosé wine,"Sip, savor, and smile—French Rosé is the perfect companion for any good time! 🍷"
11198862,50.0,,Italienske vine,Italiensk Rødvin,1,0,fl.,Netto,https://static.tilbudsugen.dk/1st-retail/2026/28/65760/Netto272026-1_15_0x4767_2499x6834_zoom.jpg,2026-07-04,2026-07-10,https://res.cloudinary.com/dfqzmnlga/image/upload/v1783140759/2026-07-04/11198862.jpg,Italian Red Wine,"Sip, savor, and share—my red wine is a flavor that speaks volumes. 🍷"
11198826,89.0,Pilsner,Øl,Øl 18 pk.,24,0,ds.,Netto,https://static.tilbudsugen.dk/1st-retail/2026/28/65760/Netto272026-1_15_2706x350_4966x2849_zoom.jpg,2026-07-04,2026-07-10,https://res.cloudinary.com/dfqzmnlga/image/upload/v1783140760/2026-07-04/11198826.jpg,Beer 18 pc.,"Sip, shout, and share—beer is life. 🍻"
11198824,89.0,Pilsner,Øl,Øl 18 pk.,18,0,ds.,Netto,https://static.tilbudsugen.dk/1st-retail/2026/28/65760/Netto272026-1_15_2706x350_4966x2849_zoom.jpg,2026-07-04,2026-07-10,https://res.cloudinary.com/dfqzmnlga/image/upload/v1783140761/2026-07-04/11198824.jpg,Beer 18 pc.,"Sip, laugh, and let the brew speak — I'm the beer that knows how to have fun. 🍻"
11198828,89.0,Yakima IPA,Specialøl,Specialøl 12 pk.,18,0,ds.,Netto,https://static.tilbudsugen.dk/1st-retail/2026/28/65760/Netto272026-1_15_2706x350_4966x2849_zoom.jpg,2026-07-04,2026-07-10,https://res.cloudinary.com/dfqzmnlga/image/upload/v1783140761/2026-07-04/11198828.jpg,Special beer 12 pc.,"Brewed for the bold, served with a side of flair. 🍻"
11198820,89.0,Export,Øl,Øl 18 pk.,18,0,ds.,Netto,https://static.tilbudsugen.dk/1st-retail/2026/28/65760/Netto272026-1_15_2706x350_4966x2849_zoom.jpg,2026-07-04,2026-07-10,https://res.cloudinary.com/dfqzmnlga/image/upload/v1783140762/2026-07-04/11198820.jpg,Beer 18 pc.,"Sip, laugh, and let the beer do the talking—🍺✨"
11198821,89.0,Blanche,Øl,Øl 18 pk.,18,0,ds.,Netto,https://static.tilbudsugen.dk/1st-retail/2026/28/65760/Netto272026-1_15_2706x350_4966x2849_zoom.jpg,2026-07-04,2026-07-10,https://res.cloudinary.com/dfqzmnlga/image/upload/v1783140762/2026-07-04/11198821.jpg,Beer 18 pc.,"Sip, savor, and share—beer is life. 🍻"
11198822,89.0,IPA,Øl,Øl 18 pk.,18,0,ds.,Netto,https://static.tilbudsugen.dk/1st-retail/2026/28/65760/Netto272026-1_15_2706x350_4966x2849_zoom.jpg,2026-07-04,2026-07-10,https://res.cloudinary.com/dfqzmnlga/image/upload/v1783140763/2026-07-04/11198822.jpg,Beer 18 pc.,"Sip, laugh, and let the beer speak — 🍻"
11198823,89.0,Heineken,Øl,Øl 18 pk.,18,0,ds.,Netto,https://static.tilbudsugen.dk/1st-retail/2026/28/65760/Netto272026-1_15_2706x350_4966x2849_zoom.jpg,2026-07-04,2026-07-10,https://res.cloudinary.com/dfqzmnlga/image/upload/v1783140764/2026-07-04/11198823.jpg,Beer 18 pc.,"Sip, shout, and share—beer is life. 🍻"
11198819,89.0,Pilsner,Øl,Øl 18 pk.,18,0,ds.,Netto,https://static.tilbudsugen.dk/1st-retail/2026/28/65760/Netto272026-1_15_2706x350_4966x2849_zoom.jpg,2026-07-04,2026-07-10,https://res.cloudinary.com/dfqzmnlga/image/upload/v1783140764/2026-07-04/11198819.jpg,Beer 18 pc.,"Sip, laugh, and let the beer flow—life's too short for boring vibes. 🍻"
11198825,89.0,Double Ambrée,Specialøl,Specialøl 12 pk.,18,0,fl.,Netto,https://static.tilbudsugen.dk/1st-retail/2026/28/65760/Netto272026-1_15_2706x350_4966x2849_zoom.jpg,2026-07-04,2026-07-10,https://res.cloudinary.com/dfqzmnlga/image/upload/v1783140765/2026-07-04/11198825.jpg,Special beer 12 pc.,"""Raise a glass to the night—especially if it's brewed with flair. 🍻"""
11198827,89.0,Blanc,Specialøl,Specialøl 12 pk.,18,0,fl.,Netto,https://static.tilbudsugen.dk/1st-retail/2026/28/65760/Netto272026-1_15_2706x350_4966x2849_zoom.jpg,2026-07-04,2026-07-10,https://res.cloudinary.com/dfqzmnlga/image/upload/v1783140765/2026-07-04/11198827.jpg,Special beer 12 pc.,"Sip, savor, and toast to the best brew — 🍻"
11197759,8.0,Extra,Specialøl,Specialøl,1,0,fl.,Netto,https://static.tilbudsugen.dk/1st-retail/2026/28/65760/Netto272026-1_1_200x3805_1905x5995_zoom.jpg,2026-07-04,2026-07-10,https://res.cloudinary.com/dfqzmnlga/image/upload/v1783140766/2026-07-04/11197759.jpg,Special beer,"✨ Brewed for the bold, served for the wild. 🍻"
11198507,15.0,Kohberg,Boller & Morgenbrød,Yoghurtboller,1,0,ps.,Netto,https://static.tilbudsugen.dk/1st-retail/2026/28/65760/Netto272026-1_11_1660x2791_3229x4858_zoom.jpg,2026-07-04,2026-07-10,https://res.cloudinary.com/dfqzmnlga/image/upload/v1783140766/2026-07-04/11198507.jpg,Yogurt balls,"Sweeter than a smile, squishier than a hug—yogurt balls keep the good stuff going! 🍯"
11198506,15.0,Kohberg,Sandwich & Toastbrød,Cafe Sandwich Grov,1,0,ps.,Netto,https://static.tilbudsugen.dk/1st-retail/2026/28/65760/Netto272026-1_11_1660x2791_3229x4858_zoom.jpg,2026-07-04,2026-07-10,https://res.cloudinary.com/dfqzmnlga/image/upload/v1783140767/2026-07-04/11198506.jpg,Cafe Sandwich Grov,"Toastable treat with a side of fun—Cafe Sandwich Grov, where every bite is a flavor adventure. 🍞✨"
11198276,25.0,Premieur,Fastfoodbrød,Brioche Hotdogbrød,1,0,pk.,Netto,https://static.tilbudsugen.dk/1st-retail/2026/28/65760/Netto272026-1_3_2486x5310_3661x6860_zoom.jpg,2026-07-04,2026-07-10,https://res.cloudinary.com/dfqzmnlga/image/upload/v1783140767/2026-07-04/11198276.jpg,Brioche Hot dog bread,"Soft, fluffy, and slightly cheesy—perfect for a hot dog, but also for a date. 🍞"
11198788,25.0,Sigdal,Knækbrød,Solsikkekerne & Quinoa knækbrød,1,0,pk.,Netto,https://static.tilbudsugen.dk/1st-retail/2026/28/65760/Netto272026-1_14_3345x2849_4901x4871_zoom.jpg,2026-07-04,2026-07-10,https://res.cloudinary.com/dfqzmnlga/image/upload/v1783140768/2026-07-04/11198788.jpg,Sunflowers & Quinoa Crispbread,"Sunflower seeds and quinoa mix into a crispy, golden crumb that's as cheerful as a sunny day. 🌼✨"
11198792,25.0,Sigdal,Knækbrød,Everything Smag af Løg & Hvidløg knækbrød,1,0,pk.,Netto,https://static.tilbudsugen.dk/1st-retail/2026/28/65760/Netto272026-1_14_3345x2849_4901x4871_zoom.jpg,2026-07-04,2026-07-10,https://res.cloudinary.com/dfqzmnlga/image/upload/v1783140768/2026-07-04/11198792.jpg,Everything Taste of Onion & Garlic Crispbread,"Crunchy, savory, and perfectly seasoned—every bite is a flavor explosion! 🍲"
11198793,25.0,Sigdal,Knækbrød,Havreknækbrød,1,0,pk.,Netto,https://static.tilbudsugen.dk/1st-retail/2026/28/65760/Netto272026-1_14_3345x2849_4901x4871_zoom.jpg,2026-07-04,2026-07-10,https://res.cloudinary.com/dfqzmnlga/image/upload/v1783140769/2026-07-04/11198793.jpg,Oat-cracked bread,"Crunchy and cheerful, my oat-cracked bread is the perfect snack for any day—especially when you need a little energy boost. 🍞"
11198780,20.0,Elovena,Kiks,Dark Chocolate Biscuit,1,0,æsk.,Netto,https://static.tilbudsugen.dk/1st-retail/2026/28/65760/Netto272026-1_14_0x2791_1647x4845_zoom.jpg,2026-07-04,2026-07-10,https://res.cloudinary.com/dfqzmnlga/image/upload/v1783140769/2026-07-04/11198780.jpg,Dark Chocolate Biscuit,"✨ Dark Chocolate Biscuit: The sweetest twist on a classic, with a hint of decadence and a sprinkle of fun. 🍫"
11199491,20.0,Elovena,Kiks,Baked Apple & Toffee Biscuit,1,0,æsk.,Netto,https://static.tilbudsugen.dk/1st-retail/2026/28/65760/Netto272026-1_14_0x2791_1647x4845_zoom.jpg,2026-07-04,2026-07-10,https://res.cloudinary.com/dfqzmnlga/image/upload/v1783140770/2026-07-04/11199491.jpg,Backed Apple & Toffee Biscuit,"✨ Crispy, sweet, and just the right amount of toffee—perfect for a snack or a treat! ✨"
11199492,20.0,Elovena,Kiks,Dark Chocolate Biscuit,1,0,æsk.,Netto,https://static.tilbudsugen.dk/1st-retail/2026/28/65760/Netto272026-1_14_0x2791_1647x4845_zoom.jpg,2026-07-04,2026-07-10,https://res.cloudinary.com/dfqzmnlga/image/upload/v1783140770/2026-07-04/11199492.jpg,Dark Chocolate Biscuit,✨ Chocolate bomb that tastes like a secret mission — perfect for a midnight snack or a bold statement.
11198441,25.0,Karen Volf,Kammerjunker,Kammerjunkere ØKO,1,0,ps.,Netto,https://static.tilbudsugen.dk/1st-retail/2026/28/65760/Netto272026-1_8_1601x3379_3319x4690_zoom.jpg,2026-07-04,2026-07-10,https://res.cloudinary.com/dfqzmnlga/image/upload/v1783140770/2026-07-04/11198441.jpg,Chamber junkers Ecofin,✨ Ecofin lover who loves to explore the wild and wild heart of the forest 🌲
11198784,25.0,Marabou,Småkager,Mjölk Choklad XL Cookies,1,0,ps.,Netto,https://static.tilbudsugen.dk/1st-retail/2026/28/65760/Netto272026-1_14_1666x2817_3313x4793_zoom.jpg,2026-07-04,2026-07-10,https://res.cloudinary.com/dfqzmnlga/image/upload/v1783140771/2026-07-04/11198784.jpg,Mjölk Choklad XL Cookies,Mjölk Choklad XL Cookies — the sweetest snooze of all time! 🍪
11198786,25.0,Marabou,Småkager,Mjölk Choklad XL Cookies,1,0,ps.,Netto,https://static.tilbudsugen.dk/1st-retail/2026/28/65760/Netto272026-1_14_1666x2817_3313x4793_zoom.jpg,2026-07-04,2026-07-10,https://res.cloudinary.com/dfqzmnlga/image/upload/v1783140772/2026-07-04/11198786.jpg,Mjölk Choklad XL Cookies,"Mjölk Choklad XL Cookies: Sweet, creamy, and slightly rebellious — the perfect snack for any mood. 🍪"
11198785,25.0,Marabou,Småkager,Daim XL Cookies,1,0,ps.,Netto,https://static.tilbudsugen.dk/1st-retail/2026/28/65760/Netto272026-1_14_1666x2817_3313x4793_zoom.jpg,2026-07-04,2026-07-10,https://res.cloudinary.com/dfqzmnlga/image/upload/v1783140772/2026-07-04/11198785.jpg,Daim XL Cookies,"✨ Chocolate chip extraordinaire, always ready to conquer your cravings! 🍪"
11198505,15.0,Bagernes Bedste,Rugbrød i Skiver,Rugbrødsskiver,1,0,pk.,Netto,https://static.tilbudsugen.dk/1st-retail/2026/28/65760/Netto272026-1_11_1660x2791_3229x4858_zoom.jpg,2026-07-04,2026-07-10,https://res.cloudinary.com/dfqzmnlga/image/upload/v1783140773/2026-07-04/11198505.jpg,Rye bread slices,"Toast-worthy, bold, and slightly sour — the perfect companion to a rainy day. 🍞"
11197851,20.0,Salatmesteren,Pasta- og Kartoffelsalat,Kartoffelsalat,1,1,bg.,Netto,https://static.tilbudsugen.dk/1st-retail/2026/28/65760/Netto272026-1_3_2518x1609_3629x2985_zoom.jpg,2026-07-04,2026-07-10,https://res.cloudinary.com/dfqzmnlga/image/upload/v1783140773/2026-07-04/11197851.jpg,Potato salad,"Salty, sweet, and slightly spicy — the perfect companion to any meal, anytime. 🍄"
11198575,25.0,Premieur,Dej Køl,Pizzabunde,1,0,pk.,Netto,https://static.tilbudsugen.dk/1st-retail/2026/28/65760/Netto272026-1_12_1660x2856_3242x4819_zoom.jpg,2026-07-04,2026-07-10,https://res.cloudinary.com/dfqzmnlga/image/upload/v1783140774/2026-07-04/11198575.jpg,Pizza bottoms,"Slice of heaven, crusty and ready to roll—perfect for a quick bite or a bold statement. 🍕"
11198531,10.0,Billys Pan,Pizza Frost,Pepperoni Pizza,1,0,pk.,Netto,https://static.tilbudsugen.dk/1st-retail/2026/28/65760/Netto272026-1_12_0x692_2467x2849_zoom.jpg,2026-07-04,2026-07-10,https://res.cloudinary.com/dfqzmnlga/image/upload/v1783140774/2026-07-04/11198531.jpg,Pepperoni Pizza,🔥 Pepperoni Pizza: The ultimate snack that's as spicy as it is delicious! 🍕
11198039,12.0,Athena,Salater,Tzatziki,1,0,bg.,Netto,https://static.tilbudsugen.dk/1st-retail/2026/28/65760/Netto272026-1_3_3719x3366_4850x4884_zoom.jpg,2026-07-04,2026-07-10,https://res.cloudinary.com/dfqzmnlga/image/upload/v1783140774/2026-07-04/11198039.jpg,Tzatziki,"Cool, refreshing, and slightly tangy—just the right amount of zing. 🍸"
11198434,29.0,ØGO,Pizza Frost,Mini Margherita Pizza,1,0,pk.,Netto,https://static.tilbudsugen.dk/1st-retail/2026/28/65760/Netto272026-1_8_1692x85_4856x1803_zoom.jpg,2026-07-04,2026-07-10,https://res.cloudinary.com/dfqzmnlga/image/upload/v1783140775/2026-07-04/11198434.jpg,Mini Margherita Pizza,"Slice of heaven, served in a mini package—perfect for a quick snack or a bold statement. 🍕"
11198602,30.0,Casa Tarradellas,Pizza Fersk,Chicken Pizza,1,0,pk.,Netto,https://static.tilbudsugen.dk/1st-retail/2026/28/65760/Netto272026-1_12_1685x4806_3306x6873_zoom.jpg,2026-07-04,2026-07-10,https://res.cloudinary.com/dfqzmnlga/image/upload/v1783140775/2026-07-04/11198602.jpg,Chicken Pizza,"Craving a crispy, cheesy delight? I'm the ultimate chicken pizza—flaky, flavorful, and ready to satisfy your cravings! 🍕"
11198603,30.0,Casa Tarradellas,Pizza Fersk,Serrano Pizza,1,0,pk.,Netto,https://static.tilbudsugen.dk/1st-retail/2026/28/65760/Netto272026-1_12_1685x4806_3306x6873_zoom.jpg,2026-07-04,2026-07-10,https://res.cloudinary.com/dfqzmnlga/image/upload/v1783140776/2026-07-04/11198603.jpg,Serrano Pizza,"🔥Serrano Pizza: The spicy, cheesy, and totally delicious rebel of the kitchen. 🍕"
11198433,29.0,ØGO,Pizza Frost,Grøntsagspizza,1,0,pk.,Netto,https://static.tilbudsugen.dk/1st-retail/2026/28/65760/Netto272026-1_8_1692x85_4856x1803_zoom.jpg,2026-07-04,2026-07-10,https://res.cloudinary.com/dfqzmnlga/image/upload/v1783140776/2026-07-04/11198433.jpg,Vegetable pizza,Savoring the taste of flavor in every bite — like a pizza that's also a vegetable feast! 🍕🌱
11197842,35.0,Tulip,Færdigretter Køl,Spareribs,1,0,pk.,Netto,https://static.tilbudsugen.dk/1st-retail/2026/28/65760/Netto272026-1_2_1821x4793_4914x6795_zoom.jpg,2026-07-04,2026-07-10,https://res.cloudinary.com/dfqzmnlga/image/upload/v1783140777/2026-07-04/11197842.jpg,Sparreibs,Sparreibs: The snack that makes every day a little more exciting! 🍩
11198601,30.0,Casa Tarradellas,Pizza Fersk,4 Cheese Pizza,1,0,pk.,Netto,https://static.tilbudsugen.dk/1st-retail/2026/28/65760/Netto272026-1_12_1685x4806_3306x6873_zoom.jpg,2026-07-04,2026-07-10,https://res.cloudinary.com/dfqzmnlga/image/upload/v1783140777/2026-07-04/11198601.jpg,4 Cheese Pizza," cheesy delight, perfect for any occasion 🍕"
11198600,30.0,Casa Tarradellas,Pizza Fersk,Ham & Chesse Pizza,1,0,pk.,Netto,https://static.tilbudsugen.dk/1st-retail/2026/28/65760/Netto272026-1_12_1685x4806_3306x6873_zoom.jpg,2026-07-04,2026-07-10,https://res.cloudinary.com/dfqzmnlga/image/upload/v1783140778/2026-07-04/11198600.jpg,Ham & Chesse Pizza,Craving a slice of cheesy bliss? 🍕✨
11198599,30.0,Casa Tarradellas,Pizza Fersk,Barbecue Pizza,1,0,pk.,Netto,https://static.tilbudsugen.dk/1st-retail/2026/28/65760/Netto272026-1_12_1685x4806_3306x6873_zoom.jpg,2026-07-04,2026-07-10,https://res.cloudinary.com/dfqzmnlga/image/upload/v1783140778/2026-07-04/11198599.jpg,Barbecue Pizza,"🔥 Smothered in BBQ sauce, cheese, and a side of sass—this pizza is ready to rule the kitchen! 🍕"
11198590,30.0,Casa Tarradellas,Pizza Fersk,Pepperoni Pizza,1,0,pk.,Netto,https://static.tilbudsugen.dk/1st-retail/2026/28/65760/Netto272026-1_12_1685x4806_3306x6873_zoom.jpg,2026-07-04,2026-07-10,https://res.cloudinary.com/dfqzmnlga/image/upload/v1783140779/2026-07-04/11198590.jpg,Pepperoni Pizza,"🔥 Pepperoni Pizza: The ultimate flavor explosion, delivered in a slice! 🍕"
11198431,29.0,ØGO,Pizza Frost,Prosciutto Pizza,1,0,pk.,Netto,https://static.tilbudsugen.dk/1st-retail/2026/28/65760/Netto272026-1_8_1692x85_4856x1803_zoom.jpg,2026-07-04,2026-07-10,https://res.cloudinary.com/dfqzmnlga/image/upload/v1783140779/2026-07-04/11198431.jpg,Prosciutto Pizza,"Slice of heaven, sliced for you—crispy, cheesy, and perfect for a quick snack. 🍕"
11198430,29.0,ØGO,Pizza Frost,Margherita Fuldkornspizza,1,0,pk.,Netto,https://static.tilbudsugen.dk/1st-retail/2026/28/65760/Netto272026-1_8_1692x85_4856x1803_zoom.jpg,2026-07-04,2026-07-10,https://res.cloudinary.com/dfqzmnlga/image/upload/v1783140780/2026-07-04/11198430.jpg,Margherita whole grain pizza,"Slice of joy, topped with love and cheese—perfect for a quick, delicious bite. 🍕"
11198432,29.0,ØGO,Pizza Frost,Salami Pizza,1,0,pk.,Netto,https://static.tilbudsugen.dk/1st-retail/2026/28/65760/Netto272026-1_8_1692x85_4856x1803_zoom.jpg,2026-07-04,2026-07-10,https://res.cloudinary.com/dfqzmnlga/image/upload/v1783140780/2026-07-04/11198432.jpg,Salami Pizza,"Slice of chaos, bite of rebellion — Salami Pizza. 🍕"
11198566,20.0,,Færdigretter Frost,Færdigretter,1,0,stk.,Netto,https://static.tilbudsugen.dk/1st-retail/2026/28/65760/Netto272026-1_12_0x2882_1660x4793_zoom.jpg,2026-07-04,2026-07-10,https://res.cloudinary.com/dfqzmnlga/image/upload/v1783140781/2026-07-04/11198566.jpg,Prepared meals and dishes,Savoring the flavor of every bite — ready to deliver your favorite meals. 🍽️
11198437,5.0,ØGO,Grønt,Hakkede tomater Urter,1,0,ds.,Netto,https://static.tilbudsugen.dk/1st-retail/2026/28/65760/Netto272026-1_8_0x1751_2254x3431_zoom.jpg,2026-07-04,2026-07-10,https://res.cloudinary.com/dfqzmnlga/image/upload/v1783140781/2026-07-04/11198437.jpg,Chicked tomatoes Herbs,Chicked tomatoes Herbs 🍅✨
11198439,5.0,ØGO,Grønt,Kidney Bønner,1,0,ds.,Netto,https://static.tilbudsugen.dk/1st-retail/2026/28/65760/Netto272026-1_8_0x1751_2254x3431_zoom.jpg,2026-07-04,2026-07-10,https://res.cloudinary.com/dfqzmnlga/image/upload/v1783140782/2026-07-04/11198439.jpg,Kidney Beans,"Savor the bold, flavor-packed flavor of life with every bite—because sometimes, the best recipes are the ones that surprise you. 🌱"
11198438,5.0,ØGO,Grønt,Sorte Bønner,1,0,ds.,Netto,https://static.tilbudsugen.dk/1st-retail/2026/28/65760/Netto272026-1_8_0x1751_2254x3431_zoom.jpg,2026-07-04,2026-07-10,https://res.cloudinary.com/dfqzmnlga/image/upload/v1783140782/2026-07-04/11198438.jpg,Black beans,"Bean of the week: I'm the black bean, bold, brave, and always ready to sprout a new adventure 🌱"
11198436,5.0,ØGO,Grønt,Hakkede tomater,1,0,ds.,Netto,https://static.tilbudsugen.dk/1st-retail/2026/28/65760/Netto272026-1_8_0x1751_2254x3431_zoom.jpg,2026-07-04,2026-07-10,https://res.cloudinary.com/dfqzmnlga/image/upload/v1783140782/2026-07-04/11198436.jpg,Chicked tomatoes,Chicked tomatoes: the ultimate flavor bomb that turns any salad into a celebration! 🍅
11198440,15.0,ØGO,Sukker,Rørsukker,1,0,ps.,Netto,https://static.tilbudsugen.dk/1st-retail/2026/28/65760/Netto272026-1_8_0x3360_1640x4677_zoom.jpg,2026-07-04,2026-07-10,https://res.cloudinary.com/dfqzmnlga/image/upload/v1783140783/2026-07-04/11198440.jpg,Cane sugar,"Sweet, sharp, and perfectly balanced—like a perfect cup of coffee. 🍋"
11198435,5.0,ØGO,Grønt,Kikærter,1,0,ds.,Netto,https://static.tilbudsugen.dk/1st-retail/2026/28/65760/Netto272026-1_8_0x1751_2254x3431_zoom.jpg,2026-07-04,2026-07-10,https://res.cloudinary.com/dfqzmnlga/image/upload/v1783140783/2026-07-04/11198435.jpg,Chickpeas,Chickpeas: the protein-packed powerhouse that turns salads into superstars 🌱
11198564,14.0,Harvest Best,Grønt,Majs,1,0,pk.,Netto,https://static.tilbudsugen.dk/1st-retail/2026/28/65760/Netto272026-1_12_2441x130_4979x2830_zoom.jpg,2026-07-04,2026-07-10,https://res.cloudinary.com/dfqzmnlga/image/upload/v1783140784/2026-07-04/11198564.jpg,Maize,"Corn on the cob, ready to burst with flavor and joy! 🌽"
11198643,16.0,Graasten,Dressing,Kebab Dressing,1,0,stk.,Netto,https://static.tilbudsugen.dk/1st-retail/2026/28/65760/Netto272026-1_13_77x2869_1724x4819_zoom.jpg,2026-07-04,2026-07-10,https://res.cloudinary.com/dfqzmnlga/image/upload/v1783140785/2026-07-04/11198643.jpg,Kebab Dressing,"Savory and spicy, with a twist—perfect for a bold bite! 🍳"
11198639,16.0,Graasten,Dressing,Burgerdressing,1,0,stk.,Netto,https://static.tilbudsugen.dk/1st-retail/2026/28/65760/Netto272026-1_13_77x2869_1724x4819_zoom.jpg,2026-07-04,2026-07-10,https://res.cloudinary.com/dfqzmnlga/image/upload/v1783140785/2026-07-04/11198639.jpg,Burger dressing,Savory slather that turns any meal into a feast 🍔✨
11198637,16.0,Graasten,Dressing,Creme Fraiche Dressing,1,0,stk.,Netto,https://static.tilbudsugen.dk/1st-retail/2026/28/65760/Netto272026-1_13_77x2869_1724x4819_zoom.jpg,2026-07-04,2026-07-10,https://res.cloudinary.com/dfqzmnlga/image/upload/v1783140786/2026-07-04/11198637.jpg,Cream Fraiche Dressing,"Savor the creamy, tangy bliss of flavor, 🥦✨"
11198640,16.0,Graasten,Dressing,Hvidløgsdressing,1,0,stk.,Netto,https://static.tilbudsugen.dk/1st-retail/2026/28/65760/Netto272026-1_13_77x2869_1724x4819_zoom.jpg,2026-07-04,2026-07-10,https://res.cloudinary.com/dfqzmnlga/image/upload/v1783140787/2026-07-04/11198640.jpg,Garlic dressing,"Sizzle with flavor, not just flavor—my garlic dressing is the perfect punch to any dish. 🍴"
11198613,10.0,Mutti,Saucer,Pizzasauce Aromatica,1,0,ds.,Netto,https://static.tilbudsugen.dk/1st-retail/2026/28/65760/Netto272026-1_13_1685x1390_3222x2843_zoom.jpg,2026-07-04,2026-07-10,https://res.cloudinary.com/dfqzmnlga/image/upload/v1783140787/2026-07-04/11198613.jpg,Pizza sauce Aromatica,✨ Satisfy your taste buds with a sprinkle of magic! ✨
11198636,16.0,Valsemøllen,Nødder & Kerner,Solsikkekerner,1,0,ps.,Netto,https://static.tilbudsugen.dk/1st-retail/2026/28/65760/Netto272026-1_13_3326x1228_4875x2817_zoom.jpg,2026-07-04,2026-07-10,https://res.cloudinary.com/dfqzmnlga/image/upload/v1783140788/2026-07-04/11198636.jpg,Sunflower seeds,"Sunflower seeds: Crunchy, nutritious, and ready to burst with life! 🌟"
11198633,16.0,Valsemøllen,Nødder & Kerner,Sesamfrø,1,0,ps.,Netto,https://static.tilbudsugen.dk/1st-retail/2026/28/65760/Netto272026-1_13_3326x1228_4875x2817_zoom.jpg,2026-07-04,2026-07-10,https://res.cloudinary.com/dfqzmnlga/image/upload/v1783140789/2026-07-04/11198633.jpg,Sesame seed,"✨ Peanut butter lover, sesame seed enthusiast, and always ready for a crunchy snack! 🌟"
11198288,10.0,Graasten,Remoulade,Original Remoulade,1,0,tube,Netto,https://static.tilbudsugen.dk/1st-retail/2026/28/65760/Netto272026-1_3_3745x5297_4856x6834_zoom.jpg,2026-07-04,2026-07-10,https://res.cloudinary.com/dfqzmnlga/image/upload/v1783140789/2026-07-04/11198288.jpg,Original Remoulades,"A tangy, zesty blend of flavors that never stops exciting your taste buds 🍹"
11198635,16.0,Valsemøllen,Nødder & Kerner,Græskarkerner,1,0,ps.,Netto,https://static.tilbudsugen.dk/1st-retail/2026/28/65760/Netto272026-1_13_3326x1228_4875x2817_zoom.jpg,2026-07-04,2026-07-10,https://res.cloudinary.com/dfqzmnlga/image/upload/v1783140790/2026-07-04/11198635.jpg,Pumpkin seeds,"✨ Crunchy, nutty, and full of energy — I’m the perfect snack to keep you going! 🍂"
11198634,16.0,Valsemøllen,Nødder & Kerner,Chiafrø,1,0,ps.,Netto,https://static.tilbudsugen.dk/1st-retail/2026/28/65760/Netto272026-1_13_3326x1228_4875x2817_zoom.jpg,2026-07-04,2026-07-10,https://res.cloudinary.com/dfqzmnlga/image/upload/v1783140790/2026-07-04/11198634.jpg,Chia seed,"✨ Chia seed: nature's tiny powerhouse, turning simple meals into magic! 🌱"
11198692,50.0,Flying Goose,Saucer,Sriracha Sauce,1,0,fl.,Netto,https://static.tilbudsugen.dk/1st-retail/2026/28/65760/Netto272026-1_13_1756x4845_3248x6860_zoom.jpg,2026-07-04,2026-07-10,https://res.cloudinary.com/dfqzmnlga/image/upload/v1783140791/2026-07-04/11198692.jpg,Sriracha Sauce,Sriracha sauce: the fiery spice that turns everyday moments into unforgettable ones 🍅
11198693,50.0,Flying Goose,Saucer,Chilisauce,1,0,fl.,Netto,https://static.tilbudsugen.dk/1st-retail/2026/28/65760/Netto272026-1_13_1756x4845_3248x6860_zoom.jpg,2026-07-04,2026-07-10,https://res.cloudinary.com/dfqzmnlga/image/upload/v1783140792/2026-07-04/11198693.jpg,Chilis sauce,"🔥 Spicy, bold, and ready to elevate any meal — just ask me what I'm made of! 🌶️"
11198689,50.0,Flying Goose,Saucer,Sriracha Mayoo Sauce,1,0,fl.,Netto,https://static.tilbudsugen.dk/1st-retail/2026/28/65760/Netto272026-1_13_1756x4845_3248x6860_zoom.jpg,2026-07-04,2026-07-10,https://res.cloudinary.com/dfqzmnlga/image/upload/v1783140792/2026-07-04/11198689.jpg,Sriracha Mayoo Sauce,"🔥 Spicy, zesty, and ready to spice up your day! 🌟"
11198666,39.0,Foodmood,Oliven,Oliven,1,0,gl.,Netto,https://static.tilbudsugen.dk/1st-retail/2026/28/65760/Netto272026-1_13_3293x2849_4901x4774_zoom.jpg,2026-07-04,2026-07-10,https://res.cloudinary.com/dfqzmnlga/image/upload/v1783140793/2026-07-04/11198666.jpg,Olives,"A briny, bold, and slightly rebellious companion that never lies—perfect for a salty, satisfying snack. 🍑"
11198607,10.0,Reeva,Færdigretter,Nudler med Spicy Kylling i Karry,1,0,bg.,Netto,https://static.tilbudsugen.dk/1st-retail/2026/28/65760/Netto272026-1_13_45x1241_1685x2836_zoom.jpg,2026-07-04,2026-07-10,https://res.cloudinary.com/dfqzmnlga/image/upload/v1783140794/2026-07-04/11198607.jpg,Noodles with Spicy Chicken in Curry,"Spicy, savory, and satisfying — just like a good curry night. 🍝"
11198612,10.0,Reeva,Færdigretter,Nudler med Grøntsagssmag,1,0,bg.,Netto,https://static.tilbudsugen.dk/1st-retail/2026/28/65760/Netto272026-1_13_45x1241_1685x2836_zoom.jpg,2026-07-04,2026-07-10,https://res.cloudinary.com/dfqzmnlga/image/upload/v1783140794/2026-07-04/11198612.jpg,Noodles with a vegetable flavour,"Sizzling with flavor, noodles that taste like a vegetable garden—perfect for a quick, delicious snack! 🍲"
11198694,69.0,Urtekram,Olier,Olivenolie,1,0,fl.,Netto,https://static.tilbudsugen.dk/1st-retail/2026/28/65760/Netto272026-1_13_3306x4787_4875x6847_zoom.jpg,2026-07-04,2026-07-10,https://res.cloudinary.com/dfqzmnlga/image/upload/v1783140795/2026-07-04/11198694.jpg,Olive oil,"Glistening with flavor, I'm the star of the kitchen, turning simple meals into unforgettable memories. 🍞"
11198447,18.02,Bell's,Müsli & Granola,Granola Triple Choco,1,0,ps.,Netto,https://static.tilbudsugen.dk/1st-retail/2026/28/65760/Netto272026-1_9_52x3592_2105x6821_zoom.jpg,2026-07-04,2026-07-10,https://res.cloudinary.com/dfqzmnlga/image/upload/v1783140795/2026-07-04/11198447.jpg,Granola Triple Choco,"✨ Choco-baked bliss that's sweet, salty, and spicy – perfect for any snack time! ✨"
11198673,45.0,Choco Krispies,Morgenmadsprodukter,Morgenmadsprodukt,1,0,pk.,Netto,https://static.tilbudsugen.dk/1st-retail/2026/28/65760/Netto272026-1_13_64x4819_1692x6834_zoom.jpg,2026-07-04,2026-07-10,https://res.cloudinary.com/dfqzmnlga/image/upload/v1783140796/2026-07-04/11198673.jpg,Breakfast product,Savory start to your day — ready to fuel your adventures! 🥣
11198687,45.0,Kelloggs,Cornflakes,Cornflakes,1,0,pk.,Netto,https://static.tilbudsugen.dk/1st-retail/2026/28/65760/Netto272026-1_13_64x4819_1692x6834_zoom.jpg,2026-07-04,2026-07-10,https://res.cloudinary.com/dfqzmnlga/image/upload/v1783140796/2026-07-04/11198687.jpg,Cornflakes,"Cornflakes: The sweet, crunchy joy of a morning breakfast, ready to conquer the day! 🍞"
11198686,45.0,Tresor,Morgenmadsprodukter,Morgenmadsprodukt,1,0,pk.,Netto,https://static.tilbudsugen.dk/1st-retail/2026/28/65760/Netto272026-1_13_64x4819_1692x6834_zoom.jpg,2026-07-04,2026-07-10,https://res.cloudinary.com/dfqzmnlga/image/upload/v1783140797/2026-07-04/11198686.jpg,Breakfast product,Egg-shaped adventures start with a morning boost 🥚
11198685,45.0,Smacks,Morgenmadsprodukter,Morgenmadsprodukt,1,0,pk.,Netto,https://static.tilbudsugen.dk/1st-retail/2026/28/65760/Netto272026-1_13_64x4819_1692x6834_zoom.jpg,2026-07-04,2026-07-10,https://res.cloudinary.com/dfqzmnlga/image/upload/v1783140797/2026-07-04/11198685.jpg,Breakfast product,"✨ Wake up, eat well, and never miss a morning boost! ✨"
11198688,45.0,Special K,Morgenmadsprodukter,Morgenmadsprodukt,1,0,pk.,Netto,https://static.tilbudsugen.dk/1st-retail/2026/28/65760/Netto272026-1_13_64x4819_1692x6834_zoom.jpg,2026-07-04,2026-07-10,https://res.cloudinary.com/dfqzmnlga/image/upload/v1783140798/2026-07-04/11198688.jpg,Breakfast product,Sip your way to energy with a breakfast that's as bold as your vibe 🥤✨
11198652,16.0,Rummo,Pasta,Pasta,1,0,ps.,Netto,https://static.tilbudsugen.dk/1st-retail/2026/28/65760/Netto272026-1_13_1692x2817_3280x4838_zoom.jpg,2026-07-04,2026-07-10,https://res.cloudinary.com/dfqzmnlga/image/upload/v1783140798/2026-07-04/11198652.jpg,Pasta,"Pasta: The ultimate flavor booster, ready to conquer any meal. 🍝"
11198712,12.0,Kims,Chips,Sour Cream & Onion Chips,1,0,ps.,Netto,https://static.tilbudsugen.dk/1st-retail/2026/28/65760/Netto272026-1_14_0x27_1698x2856_zoom.jpg,2026-07-04,2026-07-10,https://res.cloudinary.com/dfqzmnlga/image/upload/v1783140799/2026-07-04/11198712.jpg,Sour Cream & Onion Chips,"Sour Cream & Onion Chips: Crunchy, creamy, and perfectly crispy—just the way it should be! 🍬✨"
11198715,12.0,Kims,Chips,Havsalt Chips,1,0,ps.,Netto,https://static.tilbudsugen.dk/1st-retail/2026/28/65760/Netto272026-1_14_0x27_1698x2856_zoom.jpg,2026-07-04,2026-07-10,https://res.cloudinary.com/dfqzmnlga/image/upload/v1783140799/2026-07-04/11198715.jpg,Sea salt Chips,"Crunchy, salty bliss that's as refreshing as a seaside breeze 🍺✨"
11198716,12.0,Kims,Chips,Bølgechips,1,0,ps.,Netto,https://static.tilbudsugen.dk/1st-retail/2026/28/65760/Netto272026-1_14_0x27_1698x2856_zoom.jpg,2026-07-04,2026-07-10,https://res.cloudinary.com/dfqzmnlga/image/upload/v1783140800/2026-07-04/11198716.jpg,Wave chips,"✨ Waves of salty bliss, ready to crash your day! 🌊"
11198717,12.0,Kims,Snacks,Jørgens Favorit Mix,1,0,ps.,Netto,https://static.tilbudsugen.dk/1st-retail/2026/28/65760/Netto272026-1_14_0x27_1698x2856_zoom.jpg,2026-07-04,2026-07-10,https://res.cloudinary.com/dfqzmnlga/image/upload/v1783140800/2026-07-04/11198717.jpg,Jørgens Favorit Mix,✨ Jørgens Favorit Mix: The ultimate flavor that makes every day feel like a celebration! 🌟
11198714,12.0,Kims,Snacks,Ostepops Original,1,0,ps.,Netto,https://static.tilbudsugen.dk/1st-retail/2026/28/65760/Netto272026-1_14_0x27_1698x2856_zoom.jpg,2026-07-04,2026-07-10,https://res.cloudinary.com/dfqzmnlga/image/upload/v1783140801/2026-07-04/11198714.jpg,Ostepops Original,"Ostepops Original: The ultimate snack that makes every day a little sweeter, with a twist of flavor and a dash of fun. 🍫"
11198703,12.0,Kims,Snacks,Snack Chips Original,1,0,ps.,Netto,https://static.tilbudsugen.dk/1st-retail/2026/28/65760/Netto272026-1_14_0x27_1698x2856_zoom.jpg,2026-07-04,2026-07-10,https://res.cloudinary.com/dfqzmnlga/image/upload/v1783140801/2026-07-04/11198703.jpg,Snack Chips Original,"Crunchy, salty, and ready to satisfy any craving 🍬"
11198713,12.0,Kims,Snacks,Saltskruer,1,0,ps.,Netto,https://static.tilbudsugen.dk/1st-retail/2026/28/65760/Netto272026-1_14_0x27_1698x2856_zoom.jpg,2026-07-04,2026-07-10,https://res.cloudinary.com/dfqzmnlga/image/upload/v1783140802/2026-07-04/11198713.jpg,Salt screws,✨ Salt screws are the unsung heroes of kitchen chaos! ✨
11198773,12.0,Lakridskringler,Slik,Slikposer,1,0,ps.,Netto,https://static.tilbudsugen.dk/1st-retail/2026/28/65760/Netto272026-1_14_1595x150_3384x2798_zoom.jpg,2026-07-04,2026-07-10,https://res.cloudinary.com/dfqzmnlga/image/upload/v1783140803/2026-07-04/11198773.jpg,Candy bags,"Sip, snack, and share—because every bite is a celebration of sweet surprises! 🍬"
11198774,12.0,Click Mix,Slik,Slikposer,1,0,ps.,Netto,https://static.tilbudsugen.dk/1st-retail/2026/28/65760/Netto272026-1_14_1595x150_3384x2798_zoom.jpg,2026-07-04,2026-07-10,https://res.cloudinary.com/dfqzmnlga/image/upload/v1783140803/2026-07-04/11198774.jpg,Candy bags,✨ Candy bag enthusiast who brings joy to any occasion! ✨
11198776,12.0,Matador Mix,Slik,Slikposer,1,0,ps.,Netto,https://static.tilbudsugen.dk/1st-retail/2026/28/65760/Netto272026-1_14_1595x150_3384x2798_zoom.jpg,2026-07-04,2026-07-10,https://res.cloudinary.com/dfqzmnlga/image/upload/v1783140804/2026-07-04/11198776.jpg,Candy bags,"Sweets on wheels, ready to spark a smile— 🍬"
11198777,12.0,Stjernemix,Slik,Slikposer,1,0,ps.,Netto,https://static.tilbudsugen.dk/1st-retail/2026/28/65760/Netto272026-1_14_1595x150_3384x2798_zoom.jpg,2026-07-04,2026-07-10,https://res.cloudinary.com/dfqzmnlga/image/upload/v1783140804/2026-07-04/11198777.jpg,Candy bags,"Candy bags: the perfect way to snack, sip, and stay entertained! 🍬"
11198778,12.0,Berry Clouds,Slik,Slikposer,1,0,ps.,Netto,https://static.tilbudsugen.dk/1st-retail/2026/28/65760/Netto272026-1_14_1595x150_3384x2798_zoom.jpg,2026-07-04,2026-07-10,https://res.cloudinary.com/dfqzmnlga/image/upload/v1783140806/2026-07-04/11198778.jpg,Candy bags,✨ Candy bag whisperer 🌟
11198772,12.0,Kastanjer,Slik,Slikpose Bubble Gum,1,0,ps.,Netto,https://static.tilbudsugen.dk/1st-retail/2026/28/65760/Netto272026-1_14_1595x150_3384x2798_zoom.jpg,2026-07-04,2026-07-10,https://res.cloudinary.com/dfqzmnlga/image/upload/v1783140806/2026-07-04/11198772.jpg,Candy bag Bubble Gum,"✨ Popcorn, bubble gum, and a dash of joy—just don't ask me to explain. 🍿🍬"
11198775,12.0,Top Star Mix,Slik,Slikposer,1,0,ps.,Netto,https://static.tilbudsugen.dk/1st-retail/2026/28/65760/Netto272026-1_14_1595x150_3384x2798_zoom.jpg,2026-07-04,2026-07-10,https://res.cloudinary.com/dfqzmnlga/image/upload/v1783140807/2026-07-04/11198775.jpg,Candy bags,✨ Candy bag enthusiast with a sweet tooth and a smile that never fades! ✨
11198719,12.0,Maoam,Slik,Karameller,1,0,pk.,Netto,https://static.tilbudsugen.dk/1st-retail/2026/28/65760/Netto272026-1_14_1595x150_3384x2798_zoom.jpg,2026-07-04,2026-07-10,https://res.cloudinary.com/dfqzmnlga/image/upload/v1783140807/2026-07-04/11198719.jpg,Caramella,Caramella who loves to melt and create sweet memories 🍫
11198783,25.0,Marabou,Chokolade,Chokoladeplade Home Style Chocolate Filled,1,0,stk.,Netto,https://static.tilbudsugen.dk/1st-retail/2026/28/65760/Netto272026-1_14_1666x2817_3313x4793_zoom.jpg,2026-07-04,2026-07-10,https://res.cloudinary.com/dfqzmnlga/image/upload/v1783140808/2026-07-04/11198783.jpg,Chocolate Plate Home Style Chocolate Filled,"✨ Chocolate plate, home-style, filled with sweetness and joy! 🍫"
11198782,25.0,Marabou,Chokolade,Chokoladeplade Home Style Oreo,1,0,stk.,Netto,https://static.tilbudsugen.dk/1st-retail/2026/28/65760/Netto272026-1_14_1666x2817_3313x4793_zoom.jpg,2026-07-04,2026-07-10,https://res.cloudinary.com/dfqzmnlga/image/upload/v1783140808/2026-07-04/11198782.jpg,Chocolate Plate Home Style Oreo,✨ Chocolate Plate Home Style Oreo: Where sweet and savory collide! 🍪
11198781,25.0,Marabou,Chokolade,Chokoladeplade Home Style Soft Inside,1,0,stk.,Netto,https://static.tilbudsugen.dk/1st-retail/2026/28/65760/Netto272026-1_14_1666x2817_3313x4793_zoom.jpg,2026-07-04,2026-07-10,https://res.cloudinary.com/dfqzmnlga/image/upload/v1783140809/2026-07-04/11198781.jpg,Chocolate Plate Home Style Soft Inside,"✨ Chocolate plate with a soft, sweet interior — perfect for a cozy, satisfying treat! 🍫"
11198779,15.0,Spangsberg,Flødeboller,Flødeboller,1,0,bk.,Netto,https://static.tilbudsugen.dk/1st-retail/2026/28/65760/Netto272026-1_14_3255x72_4856x2798_zoom.jpg,2026-07-04,2026-07-10,https://res.cloudinary.com/dfqzmnlga/image/upload/v1783140809/2026-07-04/11198779.jpg,Creamballs,"Savor the creamy, cheesy delight of life, 🥕✨"
11198560,14.0,Harvest Best,Grøntsager,Haricots Verts,1,0,ps.,Netto,https://static.tilbudsugen.dk/1st-retail/2026/28/65760/Netto272026-1_12_2441x130_4979x2830_zoom.jpg,2026-07-04,2026-07-10,https://res.cloudinary.com/dfqzmnlga/image/upload/v1783140810/2026-07-04/11198560.jpg,Haricots Verts,"Green beans, ready to sprout your day with a twist of flavor! 🌱✨"
11198559,14.0,Harvest Best,Grøntsager,Helbladet Spinat,1,0,ps.,Netto,https://static.tilbudsugen.dk/1st-retail/2026/28/65760/Netto272026-1_12_2441x130_4979x2830_zoom.jpg,2026-07-04,2026-07-10,https://res.cloudinary.com/dfqzmnlga/image/upload/v1783140810/2026-07-04/11198559.jpg,Chinese cabbages/pe-tsai,"A vibrant, fiery burst of flavor that brings warmth and joy to any meal—pe-tsai, indeed! 🌟"
11197853,15.0,Bakersfield,Dybfrost Brød,Mini Baguettes,1,0,ps.,Netto,https://static.tilbudsugen.dk/1st-retail/2026/28/65760/Netto272026-1_3_3694x1377_4830x2998_zoom.jpg,2026-07-04,2026-07-10,https://res.cloudinary.com/dfqzmnlga/image/upload/v1783140811/2026-07-04/11197853.jpg,Mini Baguettes,"Lightly toasted, perfectly crispy—ideal for a quick snack or a hearty lunch. 🍞"
11198551,14.0,Harvest Best,Grøntsager,Fine Ærter,1,0,ps.,Netto,https://static.tilbudsugen.dk/1st-retail/2026/28/65760/Netto272026-1_12_2441x130_4979x2830_zoom.jpg,2026-07-04,2026-07-10,https://res.cloudinary.com/dfqzmnlga/image/upload/v1783140811/2026-07-04/11198551.jpg,Fine Peas,"✨ Sprinkle of joy, perfect for any dish! 🌱"
11198558,14.0,Harvest Best,Grøntsager,Wok Mix,1,0,ps.,Netto,https://static.tilbudsugen.dk/1st-retail/2026/28/65760/Netto272026-1_12_2441x130_4979x2830_zoom.jpg,2026-07-04,2026-07-10,https://res.cloudinary.com/dfqzmnlga/image/upload/v1783140811/2026-07-04/11198558.jpg,Wok Mix,🔥 Stir-fry your day with Wok Mix — the ultimate flavor booster! 🍳
11198561,14.0,Harvest Best,Grøntsager,Mukimame Bønner,1,0,ps.,Netto,https://static.tilbudsugen.dk/1st-retail/2026/28/65760/Netto272026-1_12_2441x130_4979x2830_zoom.jpg,2026-07-04,2026-07-10,https://res.cloudinary.com/dfqzmnlga/image/upload/v1783140812/2026-07-04/11198561.jpg,Mukimame Beans,"✨ A bean that brings joy, laughter, and a little bit of magic to every meal. ✨"
11197836,20.0,Bistronne,Fjerkræ,Crispy Chicken Strips,1,0,ps.,Netto,https://static.tilbudsugen.dk/1st-retail/2026/28/65760/Netto272026-1_2_2389x2120_4946x4735_zoom.jpg,2026-07-04,2026-07-10,https://res.cloudinary.com/dfqzmnlga/image/upload/v1783140813/2026-07-04/11197836.jpg,Crispy Chicken Strips,"Sizzling with flavor, I'm the crunch that makes every bite a thrill! 🍗"
11197827,20.0,Bistronne,Fjerkræ,Crispy Kyllingeburgerbøffer,1,0,ps.,Netto,https://static.tilbudsugen.dk/1st-retail/2026/28/65760/Netto272026-1_2_2389x2120_4946x4735_zoom.jpg,2026-07-04,2026-07-10,https://res.cloudinary.com/dfqzmnlga/image/upload/v1783140813/2026-07-04/11197827.jpg,Crispy Chicken burger steaks,"🔥 Crispy, juicy, and ready to conquer your taste buds—no chef needed! 🍔"
11198562,14.0,Harvest Best,Grøntsager,Broccoli Mix,1,0,ps.,Netto,https://static.tilbudsugen.dk/1st-retail/2026/28/65760/Netto272026-1_12_2441x130_4979x2830_zoom.jpg,2026-07-04,2026-07-10,https://res.cloudinary.com/dfqzmnlga/image/upload/v1783140814/2026-07-04/11198562.jpg,Broccoli Mix,Sprout up with a twist—your favorite veggies in one hearty bundle! 🌱✨
11198563,14.0,Harvest Best,Grøntsager,Broccolibuketter,1,0,ps.,Netto,https://static.tilbudsugen.dk/1st-retail/2026/28/65760/Netto272026-1_12_2441x130_4979x2830_zoom.jpg,2026-07-04,2026-07-10,https://res.cloudinary.com/dfqzmnlga/image/upload/v1783140815/2026-07-04/11198563.jpg,Broccoli bouquets,"Sprout up with style, one green stem at a time 🌱"
11198415,69.0,Rose,Fjerkræ,Kyllingebrystfilet,1,0,ps.,Netto,https://static.tilbudsugen.dk/1st-retail/2026/28/65760/Netto272026-1_6_2473x4735_4946x6847_zoom.jpg,2026-07-04,2026-07-10,https://res.cloudinary.com/dfqzmnlga/image/upload/v1783140815/2026-07-04/11198415.jpg,Chicken breast fillet,"Sizzling with flavor, ready to conquer your taste buds! 🍗"
11198606,89.0,,Oksekød,Oksekebab,1,1,pk.,Netto,https://static.tilbudsugen.dk/1st-retail/2026/28/65760/Netto272026-1_12_3280x4838_4959x6860_zoom.jpg,2026-07-04,2026-07-10,https://res.cloudinary.com/dfqzmnlga/image/upload/v1783140816/2026-07-04/11198606.jpg,Oksekeb,"Oksekeb: The ultimate snack that makes your day brighter, with a sprinkle of fun and a dash of surprise! 🍫"
11198516,59.0,Premieur,Rejer og andre skaldyr,Rejer,1,0,ps.,Netto,https://static.tilbudsugen.dk/1st-retail/2026/28/65760/Netto272026-1_11_3255x4871_4966x6860_zoom.jpg,2026-07-04,2026-07-10,https://res.cloudinary.com/dfqzmnlga/image/upload/v1783140816/2026-07-04/11198516.jpg,Shrimps and prawns,"Crunchy, juicy, and super tasty—perfect for any meal! 🍤"
11198448,27.47,Snickers,Multipak,Issnack Creame,1,5,pk.,Netto,https://static.tilbudsugen.dk/1st-retail/2026/28/65760/Netto272026-1_9_2079x4406_4979x6866_zoom.jpg,2026-07-04,2026-07-10,https://res.cloudinary.com/dfqzmnlga/image/upload/v1783140817/2026-07-04/11198448.jpg,Issnack Creame,"✨ Sip, snack, and satisfy with Issnack Creame — the perfect blend of flavor and fun! ✨"
11197776,25.0,Minecraft,Multipak,Ispinde,1,4,pk.,Netto,https://static.tilbudsugen.dk/1st-retail/2026/28/65760/Netto272026-1_2_0x2249_2396x4735_zoom.jpg,2026-07-01,2026-07-31,https://res.cloudinary.com/dfqzmnlga/image/upload/v1783140818/2026-07-04/11197776.jpg,Popsicles,"Savor the sweet, icy escape—no store needed. 🍦"
11197769,25.0,Magnum,Multipak,Classic ispinde,1,3,pk.,Netto,https://static.tilbudsugen.dk/1st-retail/2026/28/65760/Netto272026-1_2_0x2249_2396x4735_zoom.jpg,2026-07-01,2026-07-31,https://res.cloudinary.com/dfqzmnlga/image/upload/v1783140818/2026-07-04/11197769.jpg,Classic Popsicles,"Savor the sweetness of nostalgia with a classic popsicle—crisp, creamy, and always a hit. 🍦"
11197789,25.0,Magnum,Multipak,La-Peche ispinde,1,3,pk.,Netto,https://static.tilbudsugen.dk/1st-retail/2026/28/65760/Netto272026-1_2_0x2249_2396x4735_zoom.jpg,2026-07-01,2026-07-31,https://res.cloudinary.com/dfqzmnlga/image/upload/v1783140819/2026-07-04/11197789.jpg,La-Peche Popsicles,"Sweeter than a summer breeze, melting into your heart with every bite 🍨"
11197782,25.0,Magnum,Multipak,Almond ispinde,1,3,pk.,Netto,https://static.tilbudsugen.dk/1st-retail/2026/28/65760/Netto272026-1_2_0x2249_2396x4735_zoom.jpg,2026-07-01,2026-07-31,https://res.cloudinary.com/dfqzmnlga/image/upload/v1783140819/2026-07-04/11197782.jpg,Almond Popsicle,"Savoring sweetness with a twist, 🍫✨"
11197821,25.0,Magnum,Multipak,La-Pistachie ispinde,1,3,pk.,Netto,https://static.tilbudsugen.dk/1st-retail/2026/28/65760/Netto272026-1_2_0x2249_2396x4735_zoom.jpg,2026-07-01,2026-07-31,https://res.cloudinary.com/dfqzmnlga/image/upload/v1783140820/2026-07-04/11197821.jpg,La-Pistachie Popsicles,Savoring the sweetest adventure with a sprinkle of sunshine 🍓
11197825,25.0,Magnum,Multipak,Euphoria Ispinde ,1,3,pk.,Netto,https://static.tilbudsugen.dk/1st-retail/2026/28/65760/Netto272026-1_2_0x2249_2396x4735_zoom.jpg,2026-07-01,2026-07-31,https://res.cloudinary.com/dfqzmnlga/image/upload/v1783140820/2026-07-04/11197825.jpg,Euphoria Ispine,✨Euphoria Ispine: The one that makes your heart skip a beat and your mind wander to dreams you never knew you needed.✨
11197823,25.0,Magnum,Multipak,Double Gold Caramel Billionaire ispinde,1,3,pk.,Netto,https://static.tilbudsugen.dk/1st-retail/2026/28/65760/Netto272026-1_2_0x2249_2396x4735_zoom.jpg,2026-07-01,2026-07-31,https://res.cloudinary.com/dfqzmnlga/image/upload/v1783140821/2026-07-04/11197823.jpg,Double Gold Caramel Billionaire Popsicle,✨ Double Gold Caramel Billionaire Popsicle 🌟
11197775,25.0,Solero Exotic,Multipak,Ispinde,1,3,pk.,Netto,https://static.tilbudsugen.dk/1st-retail/2026/28/65760/Netto272026-1_2_0x2249_2396x4735_zoom.jpg,2026-07-01,2026-07-31,https://res.cloudinary.com/dfqzmnlga/image/upload/v1783140821/2026-07-04/11197775.jpg,Popsicles,"Swirl of sweetness, frozen delight — just the right amount of frost and fun. 🍦"
11198584,29.0,Underground,Is,Cacao Is,1,0,bg.,Netto,https://static.tilbudsugen.dk/1st-retail/2026/28/65760/Netto272026-1_12_0x4793_1698x6841_zoom.jpg,2026-07-04,2026-07-10,https://res.cloudinary.com/dfqzmnlga/image/upload/v1783140822/2026-07-04/11198584.jpg,Cacao Is,"✨ Cocoa whisperer, barista of bliss, and master of sweet secrets. 🌟"
11198578,29.0,Les Authentiques,Is,Vanilla Is,1,0,bg.,Netto,https://static.tilbudsugen.dk/1st-retail/2026/28/65760/Netto272026-1_12_0x4793_1698x6841_zoom.jpg,2026-07-04,2026-07-10,https://res.cloudinary.com/dfqzmnlga/image/upload/v1783140822/2026-07-04/11198578.jpg,Vanilla Is,Vanilla Is 🍌 — the sweetest flavor that makes everything better.
11198582,29.0,Underground,Is,Vanilje is,1,0,bg.,Netto,https://static.tilbudsugen.dk/1st-retail/2026/28/65760/Netto272026-1_12_0x4793_1698x6841_zoom.jpg,2026-07-04,2026-07-10,https://res.cloudinary.com/dfqzmnlga/image/upload/v1783140822/2026-07-04/11198582.jpg,Vanilla ice,"✨ Vanilla ice, sweet and creamy, melting into memories. 🍫"
11198442,35.0,ØGO,Is,Vanilje is,1,0,bg.,Netto,https://static.tilbudsugen.dk/1st-retail/2026/28/65760/Netto272026-1_8_3235x3217_4869x4709_zoom.jpg,2026-07-04,2026-07-10,https://res.cloudinary.com/dfqzmnlga/image/upload/v1783140823/2026-07-04/11198442.jpg,Vanilla ice,"Vanilla ice: Sweet, creamy, and just the right amount of chill — perfect for a latte or a mood. 🍵"
11198908,5.0,Shine,Rengøringsartikler,Rengøringssvampe,1,10,pk.,Netto,https://static.tilbudsugen.dk/1st-retail/2026/28/65760/Netto272026-1_17_0x2165_3171x3721_zoom.jpg,2026-07-04,2026-07-10,https://res.cloudinary.com/dfqzmnlga/image/upload/v1783140823/2026-07-04/11198908.jpg,Cleaning sponges,"✨ Sponge-savvy hero, scrubbing away messes with flair! ✨"
11198917,8.0,Shine,Rengøringsartikler,Klude,1,10,pk.,Netto,https://static.tilbudsugen.dk/1st-retail/2026/28/65760/Netto272026-1_17_194x3482_2434x5026_zoom.jpg,2026-07-04,2026-07-10,https://res.cloudinary.com/dfqzmnlga/image/upload/v1783140824/2026-07-04/11198917.jpg,Cloth,"Soft, versatile, and always ready to clean up — 🧼"
11198997,89.0,Neophos,Opvask,Maskinopvask-tabs,1,62,pk.,Netto,https://static.tilbudsugen.dk/1st-retail/2026/28/65760/Netto272026-1_18_3326x4806_4914x6847_zoom.jpg,2026-07-04,2026-07-10,https://res.cloudinary.com/dfqzmnlga/image/upload/v1783140824/2026-07-04/11198997.jpg,Machine-washing losses,"✨ My machine-washing losses are always a bit messy, but I'm here to clean up the chaos! 🛠️"
11197764,15.0,Classic,Husholdningspapir,Toiletpapir,1,6,pk.,Netto,https://static.tilbudsugen.dk/1st-retail/2026/28/65760/Netto272026-1_2_2350x105_4862x2171_zoom.jpg,2026-07-04,2026-07-10,https://res.cloudinary.com/dfqzmnlga/image/upload/v1783140825/2026-07-04/11197764.jpg,Toilet paper,Spongebob's favorite snack: toilet paper. 🧾
11198965,15.0,Bref,Rengøringsmidler,WC-flush,1,4,pk.,Netto,https://static.tilbudsugen.dk/1st-retail/2026/28/65760/Netto272026-1_18_0x2836_1743x4793_zoom.jpg,2026-07-04,2026-07-10,https://res.cloudinary.com/dfqzmnlga/image/upload/v1783140825/2026-07-04/11198965.jpg,WC-flush,"Wash, clean, and go—just like you would before you go out! 🧼"
11198969,20.0,PW,Vaskemiddel,Vaskemiddel-flydende,1,2,stk.,Netto,https://static.tilbudsugen.dk/1st-retail/2026/28/65760/Netto272026-1_18_1731x2862_3319x4838_zoom.jpg,2026-07-04,2026-07-10,https://res.cloudinary.com/dfqzmnlga/image/upload/v1783140826/2026-07-04/11198969.jpg,Laundry liquid,"Wash your clothes, but don't worry—my formula is just as effective on your life. 🧼"
11198966,15.0,Domestos,Rengøringsmidler,WC-rens,1,0,stk.,Netto,https://static.tilbudsugen.dk/1st-retail/2026/28/65760/Netto272026-1_18_0x2836_1743x4793_zoom.jpg,2026-07-04,2026-07-10,https://res.cloudinary.com/dfqzmnlga/image/upload/v1783140826/2026-07-04/11198966.jpg,WC-cleansing,"Washing clean, always. 🧼"
11198983,25.0,Bamseline,Skyllemiddel,Skyllemiddel,1,0,stk.,Netto,https://static.tilbudsugen.dk/1st-retail/2026/28/65760/Netto272026-1_18_3313x2849_4850x4806_zoom.jpg,2026-07-04,2026-07-10,https://res.cloudinary.com/dfqzmnlga/image/upload/v1783140827/2026-07-04/11198983.jpg,Sliding agent,"✨ Sliding agent, making things slide smoothly and effortlessly! 🛠️"
11198964,15.0,Vel,Opvask,Opvaskemiddel,1,0,fl.,Netto,https://static.tilbudsugen.dk/1st-retail/2026/28/65760/Netto272026-1_18_0x2836_1743x4793_zoom.jpg,2026-07-04,2026-07-10,https://res.cloudinary.com/dfqzmnlga/image/upload/v1783140827/2026-07-04/11198964.jpg,Dishwasher,"Wash the dishes, clean the chaos, and leave the mess behind — I'm the hero of the kitchen! 🧼✨"
11198985,25.0,Omo,Vaskemiddel,Vaskemiddel-flydende,1,0,fl.,Netto,https://static.tilbudsugen.dk/1st-retail/2026/28/65760/Netto272026-1_18_3313x2849_4850x4806_zoom.jpg,2026-07-04,2026-07-10,https://res.cloudinary.com/dfqzmnlga/image/upload/v1783140828/2026-07-04/11198985.jpg,Laundry liquid,"Clean your clothes, but don't worry—my job's done. 🧼"
11198986,25.0,Omo,Vaskemiddel,Vaskepulver,1,0,pk.,Netto,https://static.tilbudsugen.dk/1st-retail/2026/28/65760/Netto272026-1_18_3313x2849_4850x4806_zoom.jpg,2026-07-04,2026-07-10,https://res.cloudinary.com/dfqzmnlga/image/upload/v1783140828/2026-07-04/11198986.jpg,Washing powder,✨ Clean your life with a little swirl and a dash of sparkle!
11198915,4.25,Shine,Opvask,Opvaskebørste,1,0,stk.,Netto,https://static.tilbudsugen.dk/1st-retail/2026/28/65760/Netto272026-1_17_3255x1512_4946x4193_zoom.jpg,2026-07-04,2026-07-10,https://res.cloudinary.com/dfqzmnlga/image/upload/v1783140829/2026-07-04/11198915.jpg,Dishbrush,"Brushing away messy moments, one swipe at a time. ✨"
11169296,10.0,,Papir,Servietter,1,20,pk.,Netto,https://static.tilbudsugen.dk/1st-retail/2026/25/65608/Netto252026-1_32_2496x2136_4854x3480_zoom.jpg,2026-06-13,2026-07-24,https://res.cloudinary.com/dfqzmnlga/image/upload/v1783140829/2026-07-04/11169296.jpg,Napkins and napkin liners for babies,"Soft, cozy napkins and liners for little ones 🌟"
11169282,30.0,,Stearinlys,Glaslys,1,0,stk.,Netto,https://static.tilbudsugen.dk/1st-retail/2026/25/65608/Netto252026-1_31_1458x4045_2826x5353_zoom.jpg,2026-06-13,2026-07-24,https://res.cloudinary.com/dfqzmnlga/image/upload/v1783140830/2026-07-04/11169282.jpg,Glass lights,✨ Glow up your space with a touch of magic! ✨
11199500,23.0,Lekaform,Fiskeolie,Fiskeolie,1,100,ds.,Netto,https://static.tilbudsugen.dk/1st-retail/2026/28/65760/Netto272026-1_18_52x4838_1711x6853_zoom.jpg,2026-07-04,2026-07-10,https://res.cloudinary.com/dfqzmnlga/image/upload/v1783140831/2026-07-04/11199500.jpg,Fish oil,"Omega-3 boost, fresh in the tank — keep your mind sharp and your energy high. 🐟"
11199499,23.0,Lekaform,Kosttilskud,Mineraler,1,100,bg.,Netto,https://static.tilbudsugen.dk/1st-retail/2026/28/65760/Netto272026-1_18_52x4838_1711x6853_zoom.jpg,2026-07-04,2026-07-10,https://res.cloudinary.com/dfqzmnlga/image/upload/v1783140831/2026-07-04/11199499.jpg,Minerals,"✨ I'm the mineral that brings life to the earth, always hidden but always vital. ✨"
11198988,23.0,Lekaform,Vitaminer,Vitaminer,1,100,ds.,Netto,https://static.tilbudsugen.dk/1st-retail/2026/28/65760/Netto272026-1_18_52x4838_1711x6853_zoom.jpg,2026-07-04,2026-07-10,https://res.cloudinary.com/dfqzmnlga/image/upload/v1783140832/2026-07-04/11198988.jpg,Vitamins,Vitamins: Boost your energy and confidence with a little extra spark! 🌟
11199435,71.95,Orifarm,Medicin,Alminox,1,100,pk.,Netto,https://static.tilbudsugen.dk/1st-retail/2026/28/65760/Netto272026-1_19_1266x1345_2267x3230_zoom.jpg,2026-07-04,2026-07-10,https://res.cloudinary.com/dfqzmnlga/image/upload/v1783140832/2026-07-04/11199435.jpg,Alminox,Alminox: The silent guardian of your kitchen's most important secret — a perfect blend of strength and stealth. 🛒
11199430,239.0,Nicorette,Nikotinprodukter,Nikotintyggegummi,1,210,pk.,Netto,https://static.tilbudsugen.dk/1st-retail/2026/28/65760/Netto272026-1_19_3248x98_4940x3075_zoom.jpg,2026-07-04,2026-07-10,https://res.cloudinary.com/dfqzmnlga/image/upload/v1783140833/2026-07-04/11199430.jpg,Nicotine gum,"Smile, relax, and feel the buzz—because every hit is a victory. 🌟"
11199374,239.0,Nicotinell,Nikotinprodukter,Nikotintyggegummi,1,204,stk.,Netto,https://static.tilbudsugen.dk/1st-retail/2026/28/65760/Netto272026-1_19_3248x98_4940x3075_zoom.jpg,2026-07-04,2026-07-10,https://res.cloudinary.com/dfqzmnlga/image/upload/v1783140833/2026-07-04/11199374.jpg,Nicotine gum,"Smile, relax, and stay strong—because I deliver nicotine. 🌟"
11199286,29.95,Ibumetin,Medicin,Smertestillende,1,20,pk.,Netto,https://static.tilbudsugen.dk/1st-retail/2026/28/65760/Netto272026-1_19_1556x98_3267x1390_zoom.jpg,2026-07-04,2026-07-10,https://res.cloudinary.com/dfqzmnlga/image/upload/v1783140833/2026-07-04/11199286.jpg,Painkillers,"Painkiller: My life's a constant battle—no time for tears, just pain and a smile. 🍀"
11199434,19.95,Panodil,Medicin,Smertestillende,1,10,pk.,Netto,https://static.tilbudsugen.dk/1st-retail/2026/28/65760/Netto272026-1_19_90x1409_1298x3153_zoom.jpg,2026-07-04,2026-07-10,https://res.cloudinary.com/dfqzmnlga/image/upload/v1783140834/2026-07-04/11199434.jpg,Painkillers,Painkiller: Life's rough spots? I'm here to make it smoother. 🌟
11199186,75.0,Benaday,Medicin,Allergi Piller,1,21,pk.,Netto,https://static.tilbudsugen.dk/1st-retail/2026/28/65760/Netto272026-1_19_0x156_1524x1416_zoom.jpg,2026-07-04,2026-07-10,https://res.cloudinary.com/dfqzmnlga/image/upload/v1783140834/2026-07-04/11199186.jpg,Allergy Pills,✨ Allergy Pills: My job is to make your days less itchy and more awesome! 🌟
11199432,379.0,Nicorette,Nikotinprodukter,Mundspray,1,0,pk.,Netto,https://static.tilbudsugen.dk/1st-retail/2026/28/65760/Netto272026-1_19_2208x1364_3300x3159_zoom.jpg,2026-07-04,2026-07-10,https://res.cloudinary.com/dfqzmnlga/image/upload/v1783140835/2026-07-04/11199432.jpg,Mouth spray,✨ Spray your day with confidence and flavor!
11198922,6.0,Lovena,"Vat, vatpinde",Vatpinde,1,300,æsk.,Netto,https://static.tilbudsugen.dk/1st-retail/2026/28/65760/Netto272026-1_17_2512x3896_4830x6776_zoom.jpg,2026-07-04,2026-07-10,https://res.cloudinary.com/dfqzmnlga/image/upload/v1783140835/2026-07-04/11198922.jpg,Vatsticks,✨ Vatsticks: The ultimate flavor enhancer that turns mundane meals into masterpieces! 🍽️
11198925,6.0,Lovena,"Vat, vatpinde",Vatrondeller,1,120,pk.,Netto,https://static.tilbudsugen.dk/1st-retail/2026/28/65760/Netto272026-1_17_2512x3896_4830x6776_zoom.jpg,2026-07-04,2026-07-10,https://res.cloudinary.com/dfqzmnlga/image/upload/v1783140836/2026-07-04/11198925.jpg,Waffles and wafers,"Golden syrup, crispy edges, and a sprinkle of joy — the perfect breakfast for any day. 🍞"
11198919,8.0,Lovena,Lommetørklæder,Lommetørklæder,1,90,pk.,Netto,https://static.tilbudsugen.dk/1st-retail/2026/28/65760/Netto272026-1_17_90x5136_2376x6782_zoom.jpg,2026-07-04,2026-07-10,https://res.cloudinary.com/dfqzmnlga/image/upload/v1783140836/2026-07-04/11198919.jpg,Handkerchiefs,"✨ Wipe away the chaos, one soft wipe at a time. ✨"
11198954,10.0,Nopa,"Sæbe, bad, dusch",Flydende sæbe,1,0,stk.,Netto,https://static.tilbudsugen.dk/1st-retail/2026/28/65760/Netto272026-1_18_3274x750_4817x2824_zoom.jpg,2026-07-04,2026-07-10,https://res.cloudinary.com/dfqzmnlga/image/upload/v1783140836/2026-07-04/11198954.jpg,Liquid soap,"Glow up, scrub your day with me—clean, confident, and always ready to shine. 🧼✨"
11198926,17.0,Nivea Men,"Sæbe, bad, dusch",Bodyshampoo,1,0,stk.,Netto,https://static.tilbudsugen.dk/1st-retail/2026/28/65760/Netto272026-1_18_0x699_3261x2811_zoom.jpg,2026-07-04,2026-07-10,https://res.cloudinary.com/dfqzmnlga/image/upload/v1783140837/2026-07-04/11198926.jpg,Body shampoo,"✨Sweat, shine, and stay fresh—because I'm the real deal. 💦"
11198949,17.0,Sanex,Shampoo,Shampoo,1,0,stk.,Netto,https://static.tilbudsugen.dk/1st-retail/2026/28/65760/Netto272026-1_18_0x699_3261x2811_zoom.jpg,2026-07-04,2026-07-10,https://res.cloudinary.com/dfqzmnlga/image/upload/v1783140837/2026-07-04/11198949.jpg,Shampoo,"✨ Shine bright, rinse clean, and never forget your sparkle! ✨"
11198943,17.0,Nivea Men,Deodorant,Deospray,1,0,stk.,Netto,https://static.tilbudsugen.dk/1st-retail/2026/28/65760/Netto272026-1_18_0x699_3261x2811_zoom.jpg,2026-07-04,2026-07-10,https://res.cloudinary.com/dfqzmnlga/image/upload/v1783140838/2026-07-04/11198943.jpg,Deospray,✨ Deospray: The one who makes the scent of the day feel like a secret you never wanted to share. ✨
11198944,17.0,Nivea Men,Deodorant,Deo Roll-on,1,0,stk.,Netto,https://static.tilbudsugen.dk/1st-retail/2026/28/65760/Netto272026-1_18_0x699_3261x2811_zoom.jpg,2026-07-04,2026-07-10,https://res.cloudinary.com/dfqzmnlga/image/upload/v1783140838/2026-07-04/11198944.jpg,Deo Roll-on,"✨ Spray your day with confidence, one smudge at a time! ✨"
11198951,17.0,Sanex,Deodorant,Deo Roll-on,1,0,stk.,Netto,https://static.tilbudsugen.dk/1st-retail/2026/28/65760/Netto272026-1_18_0x699_3261x2811_zoom.jpg,2026-07-04,2026-07-10,https://res.cloudinary.com/dfqzmnlga/image/upload/v1783140839/2026-07-04/11198951.jpg,Deo Roll-on,"✨ Spray your day with fresh, smoky confidence!"
11198945,17.0,Nivea,Deodorant,Deo Roll-on,1,0,stk.,Netto,https://static.tilbudsugen.dk/1st-retail/2026/28/65760/Netto272026-1_18_0x699_3261x2811_zoom.jpg,2026-07-04,2026-07-10,https://res.cloudinary.com/dfqzmnlga/image/upload/v1783140839/2026-07-04/11198945.jpg,Deo Roll-on,"✨ Spray your day with confidence, one smudge at a time! ✨"
11198995,59.0,Comfort,Bleer,Bleer str 5 9-14 kg,1,34,pk.,Netto,https://static.tilbudsugen.dk/1st-retail/2026/28/65760/Netto272026-1_18_1718x4838_3319x6841_zoom.jpg,2026-07-04,2026-07-10,https://res.cloudinary.com/dfqzmnlga/image/upload/v1783140840/2026-07-04/11198995.jpg,Diapers size 5 9-14 kg,"✨ Size 5, ready for any adventure! 🛒"
11198994,59.0,Comfort,Bleer,Bleer str 6 13-20 kg,1,32,pk.,Netto,https://static.tilbudsugen.dk/1st-retail/2026/28/65760/Netto272026-1_18_1718x4838_3319x6841_zoom.jpg,2026-07-04,2026-07-10,https://res.cloudinary.com/dfqzmnlga/image/upload/v1783140840/2026-07-04/11198994.jpg,Diapers size 6 13-20 kg,"✨ Size 6, 13-20 kg: The ultimate protector of little ones! 🛒"
11198996,59.0,Up&Go,Bleer,Bleer str 6 Pants 13-20 kg,1,27,pk.,Netto,https://static.tilbudsugen.dk/1st-retail/2026/28/65760/Netto272026-1_18_1718x4838_3319x6841_zoom.jpg,2026-07-04,2026-07-10,https://res.cloudinary.com/dfqzmnlga/image/upload/v1783140841/2026-07-04/11198996.jpg,Diapers size 6 Pants 13-20 kg,"✨ Size 6, weight 13-20 kg — ready to tackle any challenge! 💪"
11198992,59.0,Comfort,Bleer,Bleer str 4 7-11 kg,1,26,pk.,Netto,https://static.tilbudsugen.dk/1st-retail/2026/28/65760/Netto272026-1_18_1718x4838_3319x6841_zoom.jpg,2026-07-04,2026-07-10,https://res.cloudinary.com/dfqzmnlga/image/upload/v1783140841/2026-07-04/11198992.jpg,Diapers size 4 7-11 kg,Size 4 7-11 kg: The ultimate shield against baby messes 🛡️
11169262,10.0,,Bånd/papir,Gavepapir,1,3,stk.,Netto,https://static.tilbudsugen.dk/1st-retail/2026/25/65608/Netto252026-1_31_54x4171_1530x7048_zoom.jpg,2026-06-13,2026-07-24,https://res.cloudinary.com/dfqzmnlga/image/upload/v1783140842/2026-07-04/11169262.jpg,Gift paper,Wrap presents with a twist—delivery is always a delight! 🎁
11169298,20.0,,Boligtekstiler,Dækkeserviet,1,4,pk.,Netto,https://static.tilbudsugen.dk/1st-retail/2026/25/65608/Netto252026-1_32_54x3330_2430x4969_zoom.jpg,2026-06-13,2026-07-24,https://res.cloudinary.com/dfqzmnlga/image/upload/v1783140842/2026-07-04/11169298.jpg,Table swab,Clean up your chaos with a swipe of precision! 🧼✨
11169293,50.0,,Boligtekstiler,Viskestykke,1,2,pk.,Netto,https://static.tilbudsugen.dk/1st-retail/2026/25/65608/Netto252026-1_32_288x702_2442x3336_zoom.jpg,2026-06-13,2026-07-24,https://res.cloudinary.com/dfqzmnlga/image/upload/v1783140843/2026-07-04/11169293.jpg,Teapot,"☕️ Sip, savor, and share the joy of a perfect brew. 🍵"
11159420,40.0,Marvel,Køkkenartikler,Drikkedunk,1,1,stk.,Netto,https://static.tilbudsugen.dk/1st-retail/2026/24/65561/Netto232026-1_29_72x126_4794x2472_zoom.jpg,2026-06-06,2026-07-17,https://res.cloudinary.com/dfqzmnlga/image/upload/v1783140843/2026-07-04/11159420.jpg,Drinking bottle,✨ Always ready for a refreshing refill! ✨
11159419,40.0,Disney,Køkkenartikler,Drikkedunk,1,1,stk.,Netto,https://static.tilbudsugen.dk/1st-retail/2026/24/65561/Netto232026-1_29_72x126_4794x2472_zoom.jpg,2026-06-06,2026-07-17,https://res.cloudinary.com/dfqzmnlga/image/upload/v1783140844/2026-07-04/11159419.jpg,Drinking bottle,"✨ Always ready for a refreshing drink, whether it's a sip or a sip of life! ✨"
11199672,69.0,,Boligtekstiler,Håndklæde,1,0,stk.,Netto,https://static.tilbudsugen.dk/1st-retail/2026/28/65760/Netto272026-1_21_3074x4251_4785x6802_zoom.jpg,2026-07-04,2026-07-10,https://res.cloudinary.com/dfqzmnlga/image/upload/v1783140844/2026-07-04/11199672.jpg,Towel,"Wrinkle-free, ready for any adventure 🧴"
11169272,59.0,,Pyntegenstande,Lyshus,1,0,stk.,Netto,https://static.tilbudsugen.dk/1st-retail/2026/25/65608/Netto252026-1_31_114x2646_2790x4159_zoom.jpg,2026-06-13,2026-07-24,https://res.cloudinary.com/dfqzmnlga/image/upload/v1783140845/2026-07-04/11169272.jpg,Lighthouse,✨ A lighthouse guiding through the chaos of the night. 🌌
11169279,99.0,,Pyntegenstande,Bordflag,1,0,stk.,Netto,https://static.tilbudsugen.dk/1st-retail/2026/25/65608/Netto252026-1_31_3954x972_4896x3960_zoom.jpg,2026-06-13,2026-07-24,https://res.cloudinary.com/dfqzmnlga/image/upload/v1783140845/2026-07-04/11169279.jpg,Table flags,"Swaggering with style, like a flag in a storm — but for your table. 🏁"
11199441,129.0,,Boligtekstiler,Håndklæde,1,0,stk.,Netto,https://static.tilbudsugen.dk/1st-retail/2026/28/65760/Netto272026-1_21_1279x4264_3041x6795_zoom.jpg,2026-07-04,2026-07-10,https://res.cloudinary.com/dfqzmnlga/image/upload/v1783140846/2026-07-04/11199441.jpg,Towel,"Soft and versatile, I wipe away the day's messes with ease ✧‍‍‍‍‍‍‍‍‍‍‍‍‍‍‍‍‍‍‍‍‍‍‍‍‍‍‍‍‍‍‍‍‍‍‍‍‍‍‍‍‍‍"
11199467,20.0,,Diverse isenkram og boligindretning,Fluesmækker,1,0,stk.,Netto,https://static.tilbudsugen.dk/1st-retail/2026/28/65760/Netto272026-1_23_3293x3411_4753x5271_zoom.jpg,2026-07-04,2026-07-10,https://res.cloudinary.com/dfqzmnlga/image/upload/v1783140846/2026-07-04/11199467.jpg,Flieslames,✨ Pest control superhero with a side of chaos! 🐞
11159418,40.0,Disney,Køkkenartikler,Madkasse,1,0,stk.,Netto,https://static.tilbudsugen.dk/1st-retail/2026/24/65561/Netto232026-1_29_72x126_4794x2472_zoom.jpg,2026-06-06,2026-07-17,https://res.cloudinary.com/dfqzmnlga/image/upload/v1783140847/2026-07-04/11159418.jpg,Box,"Box of surprises, ready to open any day. 📦✨"
11159421,40.0,Marvel,Køkkenartikler,Madkasse,1,0,stk.,Netto,https://static.tilbudsugen.dk/1st-retail/2026/24/65561/Netto232026-1_29_72x126_4794x2472_zoom.jpg,2026-06-06,2026-07-17,https://res.cloudinary.com/dfqzmnlga/image/upload/v1783140847/2026-07-04/11159421.jpg,Box,"📦 Treasure trove of surprises, ready to open any moment! 🌟"
11159443,79.0,Disney,Boligtekstiler,Håndklæde,1,0,stk.,Netto,https://static.tilbudsugen.dk/1st-retail/2026/24/65561/Netto232026-1_28_2838x2238_4794x4465_zoom.jpg,2026-06-06,2026-07-17,https://res.cloudinary.com/dfqzmnlga/image/upload/v1783140848/2026-07-04/11159443.jpg,Towel,✨ Sponge-clean your days with a towel that's as versatile as a superhero's cape! ✨
11169275,30.0,,Køkkenartikler,Opbevaringsdåse,1,0,stk.,Netto,https://static.tilbudsugen.dk/1st-retail/2026/25/65608/Netto252026-1_31_1590x774_4170x2004_zoom.jpg,2026-06-13,2026-07-24,https://res.cloudinary.com/dfqzmnlga/image/upload/v1783140848/2026-07-04/11169275.jpg,Storage can,Storage can 🛋️ – the silent hero of your chaos.
11169289,30.0,,"Billeder, plakater mm.",Billedramme,1,0,stk.,Netto,https://static.tilbudsugen.dk/1st-retail/2026/25/65608/Netto252026-1_31_2400x5017_4902x6643_zoom.jpg,2026-06-13,2026-07-24,https://res.cloudinary.com/dfqzmnlga/image/upload/v1783140849/2026-07-04/11169289.jpg,Image Frame,"✨ Framing memories, one shot at a time. ✨"
11169273,30.0,,Service,Krus,1,0,stk.,Netto,https://static.tilbudsugen.dk/1st-retail/2026/25/65608/Netto252026-1_31_126x1314_2322x3012_zoom.jpg,2026-06-13,2026-07-24,https://res.cloudinary.com/dfqzmnlga/image/upload/v1783140849/2026-07-04/11169273.jpg,Mush,Mush: the ultimate snack that makes every day a little more delicious 🍲
11169302,69.0,,Boligtekstiler,Voksdug,1,0,stk.,Netto,https://static.tilbudsugen.dk/1st-retail/2026/25/65608/Netto252026-1_32_2400x3360_4728x6505_zoom.jpg,2026-06-13,2026-07-24,https://res.cloudinary.com/dfqzmnlga/image/upload/v1783140850/2026-07-04/11169302.jpg,Waxing cloth,✨ Unveil your shine with a waxing cloth—where smoothness meets magic! ✨
11159442,149.0,Disney,Boligtekstiler,Sengesæt,1,0,stk.,Netto,https://static.tilbudsugen.dk/1st-retail/2026/24/65561/Netto232026-1_28_162x1194_2844x4249_zoom.jpg,2026-06-06,2026-07-17,https://res.cloudinary.com/dfqzmnlga/image/upload/v1783140851/2026-07-04/11159442.jpg,Bedsets,"Sleepy, snuggly bedsets that make even the most restless nights feel like a dream. 🛌"
11169292,40.0,,"Billeder, plakater mm.",Billedramme,1,0,stk.,Netto,https://static.tilbudsugen.dk/1st-retail/2026/25/65608/Netto252026-1_31_2400x5017_4902x6643_zoom.jpg,2026-06-13,2026-07-24,https://res.cloudinary.com/dfqzmnlga/image/upload/v1783140851/2026-07-04/11169292.jpg,Image Frame,"📸 Framing memories, one shot at a time. 📸"
11159350,149.0,Disney,Boligtekstiler,Sengesæt,1,0,stk.,Netto,https://static.tilbudsugen.dk/1st-retail/2026/24/65561/Netto232026-1_26_144x786_2574x4495_zoom.jpg,2026-06-06,2026-07-17,https://res.cloudinary.com/dfqzmnlga/image/upload/v1783140852/2026-07-04/11159350.jpg,Bedsets,"Sleepy, cozy, and perfectly positioned—bedsets keep you tucked in, ready for the day. 🛌"
11159453,79.0,Marvel,Boligtekstiler,Håndklæde,1,0,stk.,Netto,https://static.tilbudsugen.dk/1st-retail/2026/24/65561/Netto232026-1_27_150x1524_1926x3660_zoom.jpg,2026-06-06,2026-07-17,https://res.cloudinary.com/dfqzmnlga/image/upload/v1783140852/2026-07-04/11159453.jpg,Towel,"Soft and cozy, I wipe away the day's adventures with a touch of warmth. 🌧️"
11159457,149.0,Marvel,Boligtekstiler,Sengesæt,1,0,stk.,Netto,https://static.tilbudsugen.dk/1st-retail/2026/24/65561/Netto232026-1_27_2802x1320_4944x4975_zoom.jpg,2026-06-06,2026-07-17,https://res.cloudinary.com/dfqzmnlga/image/upload/v1783140853/2026-07-04/11159457.jpg,Bedsets,"🌙 Sleepy dreamer, ready to escape the day with a cozy bedset and a little bit of magic. 🛏️✨"
11169258,20.0,,Papir,Kort,1,6,pk.,Netto,https://static.tilbudsugen.dk/1st-retail/2026/25/65608/Netto252026-1_31_930x5353_2442x6631_zoom.jpg,2026-06-13,2026-07-24,https://res.cloudinary.com/dfqzmnlga/image/upload/v1783140853/2026-07-04/11169258.jpg,Map,"A compass for the chaos, guiding you through the maze of your own thoughts. 🌍✨"
11159365,59.0,Disney,Skriveartikler,Penalhus,1,0,stk.,Netto,https://static.tilbudsugen.dk/1st-retail/2026/24/65561/Netto232026-1_27_1782x138_3624x1506_zoom.jpg,2026-06-06,2026-07-17,https://res.cloudinary.com/dfqzmnlga/image/upload/v1783140854/2026-07-04/11159365.jpg,Pencil housing,"✨ Penholder for your writing tools, keeping your pencil safe and stylish! ✨"
11159422,99.0,Disney,Børnebøger,Børnebøger,1,0,stk.,Netto,https://static.tilbudsugen.dk/1st-retail/2026/24/65561/Netto232026-1_29_2118x2526_4830x4345_zoom.jpg,2026-06-06,2026-07-17,https://res.cloudinary.com/dfqzmnlga/image/upload/v1783140854/2026-07-04/11159422.jpg,Children's books,"📖 Bookworm extraordinaire, turning pages into adventures! 📚✨"
11159439,59.0,Disney,Skriveartikler,Penalhus,1,0,stk.,Netto,https://static.tilbudsugen.dk/1st-retail/2026/24/65561/Netto232026-1_28_1242x90_3426x1746_zoom.jpg,2026-06-06,2026-07-17,https://res.cloudinary.com/dfqzmnlga/image/upload/v1783140855/2026-07-04/11159439.jpg,Pencil housing,"✨ Ink your ideas, not your limits! ✨"
11169300,20.0,,Diverse kontorartikler,Notesbog,1,0,stk.,Netto,https://static.tilbudsugen.dk/1st-retail/2026/25/65608/Netto252026-1_32_1296x4897_2496x6607_zoom.jpg,2026-06-13,2026-07-24,https://res.cloudinary.com/dfqzmnlga/image/upload/v1783140855/2026-07-04/11169300.jpg,Notebook,Creative note-journaler 📝✨
11199720,50.0,Peppa Pig,Børnebøger,Børnebøger,1,0,stk.,Netto,https://static.tilbudsugen.dk/1st-retail/2026/28/65760/Netto272026-1_22_245x4632_2460x6815_zoom.jpg,2026-07-04,2026-07-10,https://res.cloudinary.com/dfqzmnlga/image/upload/v1783140856/2026-07-04/11199720.jpg,Children's books,📖 Love stories that spark imagination and laughter—because every page is a new adventure! 📚✨
11159353,40.0,Disney,Hobbyartikler,Hobbyartikler,1,0,stk.,Netto,https://static.tilbudsugen.dk/1st-retail/2026/24/65561/Netto232026-1_26_48x3510_2148x5689_zoom.jpg,2026-06-06,2026-07-17,https://res.cloudinary.com/dfqzmnlga/image/upload/v1783140856/2026-07-04/11159353.jpg,Hobby articles,"✨ Curator of curious ideas, turning boredom into breakthroughs! ✨"
11159423,99.0,Marvel,Børnebøger,Børnebøger,1,0,stk.,Netto,https://static.tilbudsugen.dk/1st-retail/2026/24/65561/Netto232026-1_29_2118x2526_4830x4345_zoom.jpg,2026-06-06,2026-07-17,https://res.cloudinary.com/dfqzmnlga/image/upload/v1783140857/2026-07-04/11159423.jpg,Children's books,📚✨ Curious about stories that spark joy and curiosity? 🌟
11199722,50.0,Paw Patrol,Børnebøger,Børnebøger,1,0,stk.,Netto,https://static.tilbudsugen.dk/1st-retail/2026/28/65760/Netto272026-1_22_245x4632_2460x6815_zoom.jpg,2026-07-04,2026-07-10,https://res.cloudinary.com/dfqzmnlga/image/upload/v1783140858/2026-07-04/11199722.jpg,Children's books,"📖 Love stories that spark imagination, one page at a time. 📚✨"
11199470,60.0,,Skønlitteratur,Skønlitteratur,1,0,stk.,Netto,https://static.tilbudsugen.dk/1st-retail/2026/28/65760/Netto272026-1_23_1737x5310_4740x6776_zoom.jpg,2026-07-04,2026-07-10,https://res.cloudinary.com/dfqzmnlga/image/upload/v1783140858/2026-07-04/11199470.jpg,Wonderful literature,"📖✨ A book that turns every day into a story, and every moment into a memory. 📚✨"
11159349,59.0,Disney,Skriveartikler,Penalhus,1,0,stk.,Netto,https://static.tilbudsugen.dk/1st-retail/2026/24/65561/Netto232026-1_26_1548x132_4776x1290_zoom.jpg,2026-06-06,2026-07-17,https://res.cloudinary.com/dfqzmnlga/image/upload/v1783140859/2026-07-04/11159349.jpg,Pencil housing,"✨ Scribbles and notes, all in one sleek case! ✨"
11159437,40.0,Disney,Hobbyartikler,Hobbyartikler,1,0,stk.,Netto,https://static.tilbudsugen.dk/1st-retail/2026/24/65561/Netto232026-1_28_2700x828_4014x2454_zoom.jpg,2026-06-06,2026-07-17,https://res.cloudinary.com/dfqzmnlga/image/upload/v1783140859/2026-07-04/11159437.jpg,Hobby articles,"✨ Curator of curious minds, turning mundane into magical 🌟"
11199655,79.0,Hummel,Løb og fitness,T-shirt,1,0,stk.,Netto,https://static.tilbudsugen.dk/1st-retail/2026/28/65760/Netto272026-1_21_2899x2197_4746x4167_zoom.jpg,2026-07-04,2026-07-10,https://res.cloudinary.com/dfqzmnlga/image/upload/v1783140860/2026-07-04/11199655.jpg,T-shirt,"✨ Lightweight, breathable, and just the right amount of sass—perfect for any day! ✨"
11159458,59.0,Marvel,Outdoor,Clogs,1,0,par,Netto,https://static.tilbudsugen.dk/1st-retail/2026/24/65561/Netto232026-1_27_1560x1614_3606x6619_zoom.jpg,2026-06-06,2026-07-17,https://res.cloudinary.com/dfqzmnlga/image/upload/v1783140860/2026-07-04/11159458.jpg,Clogs,✨ Bootie warrior who turns every walk into a mission! 🛠️
11159460,40.0,Marvel,Outdoor,Kasket,1,0,stk.,Netto,https://static.tilbudsugen.dk/1st-retail/2026/24/65561/Netto232026-1_27_1560x1614_3606x6619_zoom.jpg,2026-06-06,2026-07-17,https://res.cloudinary.com/dfqzmnlga/image/upload/v1783140861/2026-07-04/11159460.jpg,Cast,Cast your vote — we're all in this together! 🎬
11159362,59.0,Disney,Outdoor,Clogs,1,0,par,Netto,https://static.tilbudsugen.dk/1st-retail/2026/24/65561/Netto232026-1_26_1872x1242_4314x6637_zoom.jpg,2026-06-06,2026-07-17,https://res.cloudinary.com/dfqzmnlga/image/upload/v1783140861/2026-07-04/11159362.jpg,Clogs,Sneaker-obsessed wanderer who never misses a chance to explore new terrain. 🌍👟
11159450,20.0,Disney,Svømning,Badevinger,1,0,stk.,Netto,https://static.tilbudsugen.dk/1st-retail/2026/24/65561/Netto232026-1_28_1188x4771_3486x6667_zoom.jpg,2026-06-06,2026-07-17,https://res.cloudinary.com/dfqzmnlga/image/upload/v1783140861/2026-07-04/11159450.jpg,Bathing wings,✨Soothe your skin with a little winged magic! ✨
11159447,40.0,Disney,Sportstilbehør,Kasket,1,0,stk.,Netto,https://static.tilbudsugen.dk/1st-retail/2026/24/65561/Netto232026-1_28_156x4621_1524x6079_zoom.jpg,2026-06-06,2026-07-17,https://res.cloudinary.com/dfqzmnlga/image/upload/v1783140862/2026-07-04/11159447.jpg,Cast,Cast your vote — we need your voice! 🎤
11159455,20.0,Marvel,Svømning,Badevinger,1,0,stk.,Netto,https://static.tilbudsugen.dk/1st-retail/2026/24/65561/Netto232026-1_27_72x3360_1668x5059_zoom.jpg,2026-06-06,2026-07-17,https://res.cloudinary.com/dfqzmnlga/image/upload/v1783140862/2026-07-04/11159455.jpg,Bathing wings,"Swimsuit optional, but always ready to dive in 🌊✨"
11199661,15.0,,Sokker/Strømper,Strømper,1,2,pk.,Netto,https://static.tilbudsugen.dk/1st-retail/2026/28/65760/Netto272026-1_21_142x4302_1304x6866_zoom.jpg,2026-07-04,2026-07-10,https://res.cloudinary.com/dfqzmnlga/image/upload/v1783140863/2026-07-04/11199661.jpg,Stockings,✨ My legs are always ready for a good dance.
11199613,40.0,Hummel,Sokker/Strømper,Strømper,1,5,pk.,Netto,https://static.tilbudsugen.dk/1st-retail/2026/28/65760/Netto272026-1_20_3584x3682_4759x5006_zoom.jpg,2026-07-04,2026-07-10,https://res.cloudinary.com/dfqzmnlga/image/upload/v1783140863/2026-07-04/11199613.jpg,Stockings,"✨ Wearing socks like a fashion statement, one foot at a time!"
11199594,25.0,Hummel,Sokker/Strømper,Strømper,1,3,pk.,Netto,https://static.tilbudsugen.dk/1st-retail/2026/28/65760/Netto272026-1_20_2538x3476_3668x4987_zoom.jpg,2026-07-04,2026-07-10,https://res.cloudinary.com/dfqzmnlga/image/upload/v1783140864/2026-07-04/11199594.jpg,Stockings,✨ My favorite thing to wrap around my feet—perfect for cozy nights and endless adventures!
11159354,20.0,Disney,Sokker/Strømper,Strømper,1,2,pk.,Netto,https://static.tilbudsugen.dk/1st-retail/2026/24/65561/Netto232026-1_26_1632x5491_2790x6673_zoom.jpg,2026-06-06,2026-07-17,https://res.cloudinary.com/dfqzmnlga/image/upload/v1783140864/2026-07-04/11159354.jpg,Stockings,✨ My favorite thing to wrap around my feet—perfect for keeping things cozy and stylish! ✨
11159355,50.0,Disney,Børnetøj,Trusser,1,4,pk.,Netto,https://static.tilbudsugen.dk/1st-retail/2026/24/65561/Netto232026-1_26_3870x4027_4764x6145_zoom.jpg,2026-06-06,2026-07-17,https://res.cloudinary.com/dfqzmnlga/image/upload/v1783140865/2026-07-04/11159355.jpg,Panties,"✨Sleek, stylish, and totally ready for the night! ✨"
11199643,99.0,Hummel,Herretøj,Boxershorts,1,3,pk.,Netto,https://static.tilbudsugen.dk/1st-retail/2026/28/65760/Netto272026-1_21_1453x2204_3138x4173_zoom.jpg,2026-07-04,2026-07-10,https://res.cloudinary.com/dfqzmnlga/image/upload/v1783140865/2026-07-04/11199643.jpg,Boxers shorts,"Sneaker-wearing, shorty-obsessed, and always ready for a good time 🌟"
11199629,69.0,,Dametøj,Shorts,1,0,stk.,Netto,https://static.tilbudsugen.dk/1st-retail/2026/28/65760/Netto272026-1_20_2512x5045_4785x6621_zoom.jpg,2026-07-04,2026-07-10,https://res.cloudinary.com/dfqzmnlga/image/upload/v1783140866/2026-07-04/11199629.jpg,Shorts,"Lightning-fast, one-step fashion—just like me. 🌟"
11199634,40.0,,Lingeri,BH,1,0,stk.,Netto,https://static.tilbudsugen.dk/1st-retail/2026/28/65760/Netto272026-1_21_278x227_2473x2100_zoom.jpg,2026-07-04,2026-07-10,https://res.cloudinary.com/dfqzmnlga/image/upload/v1783140866/2026-07-04/11199634.jpg,bra,"Sleek and sturdy, I hold it all together—just like your confidence. 💁‍♀️"
11199637,30.0,,Lingeri,Indershorts,1,0,pk.,Netto,https://static.tilbudsugen.dk/1st-retail/2026/28/65760/Netto272026-1_21_2505x169_4837x2100_zoom.jpg,2026-07-04,2026-07-10,https://res.cloudinary.com/dfqzmnlga/image/upload/v1783140867/2026-07-04/11199637.jpg,Inner shorts,✨Sneaker-clad wanderer with a knack for turning mundane into magic.✨
11199550,50.0,,Dametøj,Top,1,0,stk.,Netto,https://static.tilbudsugen.dk/1st-retail/2026/28/65760/Netto272026-1_20_2499x221_4714x3418_zoom.jpg,2026-07-04,2026-07-10,https://res.cloudinary.com/dfqzmnlga/image/upload/v1783140867/2026-07-04/11199550.jpg,Top,"Top of the line, always in the spotlight 🌟"
11159360,40.0,Disney,Diverse,Bøllehat,1,0,stk.,Netto,https://static.tilbudsugen.dk/1st-retail/2026/24/65561/Netto232026-1_26_1872x1242_4314x6637_zoom.jpg,2026-06-06,2026-07-17,https://res.cloudinary.com/dfqzmnlga/image/upload/v1783140868/2026-07-04/11159360.jpg,Bunny hat,🌸 Wearing a bunny hat to keep my ears warm and my heart happy! 🐇
11159361,69.0,Disney,Børnetøj,Shortssæt,1,0,stk.,Netto,https://static.tilbudsugen.dk/1st-retail/2026/24/65561/Netto232026-1_26_1872x1242_4314x6637_zoom.jpg,2026-06-06,2026-07-17,https://res.cloudinary.com/dfqzmnlga/image/upload/v1783140868/2026-07-04/11159361.jpg,Shortsets,"✨ One-size-fits-all fashion ✨  
""Shortsets: the ultimate flex, made for your perfect fit!"""
11159444,40.0,Disney,Diverse,Bøllehat,1,0,stk.,Netto,https://static.tilbudsugen.dk/1st-retail/2026/24/65561/Netto232026-1_28_156x4621_1524x6079_zoom.jpg,2026-06-06,2026-07-17,https://res.cloudinary.com/dfqzmnlga/image/upload/v1783140869/2026-07-04/11159444.jpg,Bunny hat,"✨ Snuggled up in a bunny hat, ready to explore the world with a little extra flair! 🐇"
11159459,69.0,Marvel,Børnetøj,Shortssæt,1,0,stk.,Netto,https://static.tilbudsugen.dk/1st-retail/2026/24/65561/Netto232026-1_27_1560x1614_3606x6619_zoom.jpg,2026-06-06,2026-07-17,https://res.cloudinary.com/dfqzmnlga/image/upload/v1783140869/2026-07-04/11159459.jpg,Shortsets,"✨ One-size-fits-all fashion that fits just right, no matter the size! ✨"
11169285,30.0,,Diverse,Paraply,1,0,stk.,Netto,https://static.tilbudsugen.dk/1st-retail/2026/25/65608/Netto252026-1_31_2472x3372_4872x5425_zoom.jpg,2026-06-13,2026-07-24,https://res.cloudinary.com/dfqzmnlga/image/upload/v1783140870/2026-07-04/11169285.jpg,Umbrella,"✨ Stay dry, but always ready to rain! ✨"
11199540,99.0,,Diverse,Sko,1,0,par,Netto,https://static.tilbudsugen.dk/1st-retail/2026/28/65760/Netto272026-1_20_239x1454_2389x3450_zoom.jpg,2026-07-04,2026-07-10,https://res.cloudinary.com/dfqzmnlga/image/upload/v1783140870/2026-07-04/11199540.jpg,Shoes,"✨ Step on the scene, ready to flip the script with every step!"
11199560,69.0,,Dametøj,Top,1,0,stk.,Netto,https://static.tilbudsugen.dk/1st-retail/2026/28/65760/Netto272026-1_20_2499x221_4714x3418_zoom.jpg,2026-07-04,2026-07-10,https://res.cloudinary.com/dfqzmnlga/image/upload/v1783140871/2026-07-04/11199560.jpg,Top,"Top of the line, always on point, and never shy! 🌟"
11199562,99.0,,Dametøj,Kjole,1,0,stk.,Netto,https://static.tilbudsugen.dk/1st-retail/2026/28/65760/Netto272026-1_20_265x3515_2434x6653_zoom.jpg,2026-07-04,2026-07-10,https://res.cloudinary.com/dfqzmnlga/image/upload/v1783140871/2026-07-04/11199562.jpg,Dress,Style your day with a touch of flair—because a dress is the ultimate fashion statement. 🌟
11159356,30.0,Disney,Tasker,Gymnastikpose,1,0,stk.,Netto,https://static.tilbudsugen.dk/1st-retail/2026/24/65561/Netto232026-1_26_3186x1242_4908x2694_zoom.jpg,2026-06-06,2026-07-17,https://res.cloudinary.com/dfqzmnlga/image/upload/v1783140871/2026-07-04/11159356.jpg,Gymnasium bag,"🎒 Fit, flex, and flex again—because life's too short for boring routines! 🎉"
11159367,30.0,Marvel,Tasker,Gymnastikpose,1,0,stk.,Netto,https://static.tilbudsugen.dk/1st-retail/2026/24/65561/Netto232026-1_27_138x186_2028x1968_zoom.jpg,2026-06-06,2026-07-17,https://res.cloudinary.com/dfqzmnlga/image/upload/v1783140872/2026-07-04/11159367.jpg,Gymnasium bag,"🎒✨ Always ready to conquer anything, one gymnasium bag at a time! 🏋️‍♂️"
11159438,30.0,Disney,Tasker,Gymnastikpose,1,0,stk.,Netto,https://static.tilbudsugen.dk/1st-retail/2026/24/65561/Netto232026-1_28_3858x768_4794x2604_zoom.jpg,2026-06-06,2026-07-17,https://res.cloudinary.com/dfqzmnlga/image/upload/v1783140872/2026-07-04/11159438.jpg,Gymnasium bag,📚🎒✨ The ultimate bag for all your workout adventures! 🎉
11199640,89.0,,Damesko og støvler,Slippers,1,0,par,Netto,https://static.tilbudsugen.dk/1st-retail/2026/28/65760/Netto272026-1_21_258x2481_1446x4160_zoom.jpg,2026-07-04,2026-07-10,https://res.cloudinary.com/dfqzmnlga/image/upload/v1783140873/2026-07-04/11199640.jpg,Slippers,"✨ Slip into comfort, slip into style, slip into the moment. ✨"
11169295,20.0,,Damesko og støvler,Damesandaler,1,0,stk.,Netto,https://static.tilbudsugen.dk/1st-retail/2026/25/65608/Netto252026-1_32_2466x366_4860x2238_zoom.jpg,2026-06-13,2026-07-24,https://res.cloudinary.com/dfqzmnlga/image/upload/v1783140873/2026-07-04/11169295.jpg,Ladies'andals,✨ Always there to keep things lively and lively to keep things always happening! ✨
11159359,179.0,Disney,Headset,Headset,1,0,stk.,Netto,https://static.tilbudsugen.dk/1st-retail/2026/24/65561/Netto232026-1_26_3642x2322_4872x4015_zoom.jpg,2026-06-06,2026-07-17,https://res.cloudinary.com/dfqzmnlga/image/upload/v1783140874/2026-07-04/11159359.jpg,Headset,"🎧 Listen, talk, and connect—always in sync. 🎧"
11159369,179.0,Marvel,Headset,Headset,1,0,stk.,Netto,https://static.tilbudsugen.dk/1st-retail/2026/24/65561/Netto232026-1_27_3938x3920_4856x5794_zoom.jpg,2026-06-06,2026-07-17,https://res.cloudinary.com/dfqzmnlga/image/upload/v1783140874/2026-07-04/11159369.jpg,Headset,"🎧 Listen, listen, listen—your voice is the only thing I need to hear. 🎧"
11159440,179.0,Disney,Headset,Headset,1,0,stk.,Netto,https://static.tilbudsugen.dk/1st-retail/2026/24/65561/Netto232026-1_28_168x2910_1128x4663_zoom.jpg,2026-06-06,2026-07-17,https://res.cloudinary.com/dfqzmnlga/image/upload/v1783140875/2026-07-04/11159440.jpg,Headset,"🎧 Listen, speak, and connect—every call is a conversation. 🎧"
11199452,149.0,,Diverse elartikler,Gulvventilator,1,0,stk.,Netto,https://static.tilbudsugen.dk/1st-retail/2026/28/65760/Netto272026-1_23_0x3734_1802x7041_zoom.jpg,2026-07-04,2026-07-10,https://res.cloudinary.com/dfqzmnlga/image/upload/v1783140875/2026-07-04/11199452.jpg,Floor fan,Swirl the day with a gentle breeze—just me and the breeze. 🌬️
11199448,149.0,,Diverse elartikler,Bordventilator,1,0,stk.,Netto,https://static.tilbudsugen.dk/1st-retail/2026/28/65760/Netto272026-1_23_1763x718_3164x3372_zoom.jpg,2026-07-04,2026-07-10,https://res.cloudinary.com/dfqzmnlga/image/upload/v1783140876/2026-07-04/11199448.jpg,Table fan,"Swaying with the breeze, I keep the room cool and calm—just like the perfect afternoon nap. 🌬️"
11199713,50.0,,Spil,Spil,1,0,stk.,Netto,https://static.tilbudsugen.dk/1st-retail/2026/28/65760/Netto272026-1_22_2531x2339_4753x4593_zoom.jpg,2026-07-04,2026-07-10,https://res.cloudinary.com/dfqzmnlga/image/upload/v1783140876/2026-07-04/11199713.jpg,Game,"Game. Play it safe, or get blasted. 🎮"
11199734,69.0,,Diverse legetøj,Kæphest,1,0,stk.,Netto,https://static.tilbudsugen.dk/1st-retail/2026/28/65760/Netto272026-1_22_3293x27_4785x2481_zoom.jpg,2026-07-04,2026-07-10,https://res.cloudinary.com/dfqzmnlga/image/upload/v1783140877/2026-07-04/11199734.jpg,Buckwheat,"Savory, earthy, and slightly mysterious—like a hidden gem in a bowl of cereal. 🍚"
11159426,99.0,Disney,"Dukker, bamser & plysdyr",Plysdyr,1,0,stk.,Netto,https://static.tilbudsugen.dk/1st-retail/2026/24/65561/Netto232026-1_28_1068x3840_2604x5041_zoom.jpg,2026-06-06,2026-07-17,https://res.cloudinary.com/dfqzmnlga/image/upload/v1783140877/2026-07-04/11159426.jpg,Poohs,"Poohs are the ultimate snack for any lazy day, delivering energy and joy with a sprinkle of whimsy 🍫."
11159452,99.0,Marvel,"Dukker, bamser & plysdyr",Plysdyr,1,0,stk.,Netto,https://static.tilbudsugen.dk/1st-retail/2026/24/65561/Netto232026-1_27_3426x5419_4866x6643_zoom.jpg,2026-06-06,2026-07-17,https://res.cloudinary.com/dfqzmnlga/image/upload/v1783140878/2026-07-04/11159452.jpg,Poohs,✨ Poohs love to play hide and seek in the chaos of life! 🌟
11159456,20.0,Marvel,Udendørsleg,Badebold,1,0,stk.,Netto,https://static.tilbudsugen.dk/1st-retail/2026/24/65561/Netto232026-1_27_72x3360_1668x5059_zoom.jpg,2026-06-06,2026-07-17,https://res.cloudinary.com/dfqzmnlga/image/upload/v1783140878/2026-07-04/11159456.jpg,Bathball,"✨Swirls of fun and foam, ready to splash into your day! ✨"
11159463,40.0,Marvel,Udendørsleg,Sandkasselegetøj,1,0,stk.,Netto,https://static.tilbudsugen.dk/1st-retail/2026/24/65561/Netto232026-1_27_126x5419_1962x6673_zoom.jpg,2026-06-06,2026-07-17,https://res.cloudinary.com/dfqzmnlga/image/upload/v1783140879/2026-07-04/11159463.jpg,Sandbox toys,"Build worlds, break rules, and have endless fun—because the sandbox is always the best place to start. 🛠️"
11199688,40.0,,Kreativitetslegetøj & puslespil,Aktivitetshæfte,1,0,stk.,Netto,https://static.tilbudsugen.dk/1st-retail/2026/28/65760/Netto272026-1_22_194x621_3358x2287_zoom.jpg,2026-07-04,2026-07-10,https://res.cloudinary.com/dfqzmnlga/image/upload/v1783140879/2026-07-04/11199688.jpg,Activity booklet,"✨ Unlock stories, secrets, and surprises in every page! 📖"
11199707,50.0,,Diverse legetøj,Legetøj,1,0,stk.,Netto,https://static.tilbudsugen.dk/1st-retail/2026/28/65760/Netto272026-1_22_2531x2339_4753x4593_zoom.jpg,2026-07-04,2026-07-10,https://res.cloudinary.com/dfqzmnlga/image/upload/v1783140880/2026-07-04/11199707.jpg,Toys,"Rattle, chime, and cheer — my life is full of sound! 🎉"
11199724,35.0,,Diverse legetøj,Legetøj,1,0,stk.,Netto,https://static.tilbudsugen.dk/1st-retail/2026/28/65760/Netto272026-1_22_2518x4632_4759x6782_zoom.jpg,2026-07-04,2026-07-10,https://res.cloudinary.com/dfqzmnlga/image/upload/v1783140880/2026-07-04/11199724.jpg,Toys,"Playful and imaginative, I'm the toy that brings joy to every day! 🎉"
11159413,99.0,Disney,"Dukker, bamser & plysdyr",Plysdyr,1,0,stk.,Netto,https://static.tilbudsugen.dk/1st-retail/2026/24/65561/Netto232026-1_29_192x4279_4860x6655_zoom.jpg,2026-06-06,2026-07-17,https://res.cloudinary.com/dfqzmnlga/image/upload/v1783140881/2026-07-04/11159413.jpg,Poohs,"Poohs love to explore and discover new adventures, always ready for a fun-filled day! 🌟"
11159414,30.0,Disney,Diverse legetøj,Figurer,1,0,stk.,Netto,https://static.tilbudsugen.dk/1st-retail/2026/24/65561/Netto232026-1_29_132x2400_2094x4249_zoom.jpg,2026-06-06,2026-07-17,https://res.cloudinary.com/dfqzmnlga/image/upload/v1783140881/2026-07-04/11159414.jpg,Figurines,"✨ Figurines that bring joy, one tiny smile at a time ✨"
11159454,20.0,Marvel,Udendørsleg,Badering,1,0,stk.,Netto,https://static.tilbudsugen.dk/1st-retail/2026/24/65561/Netto232026-1_27_72x3360_1668x5059_zoom.jpg,2026-06-06,2026-07-17,https://res.cloudinary.com/dfqzmnlga/image/upload/v1783140882/2026-07-04/11159454.jpg,Bathing,"Swim in the shower, splash in the rain, and let the world wash away—because I'm the ultimate cleanser! 🧼"
11159427,40.0,Disney,Udendørsleg,Sandkasselegetøj,1,0,stk.,Netto,https://static.tilbudsugen.dk/1st-retail/2026/24/65561/Netto232026-1_28_3024x5083_4740x6625_zoom.jpg,2026-06-06,2026-07-17,https://res.cloudinary.com/dfqzmnlga/image/upload/v1783140882/2026-07-04/11159427.jpg,Sandbox toys,"✨ Playful, imaginative, and always ready to build adventures! 🛋️"
11159449,20.0,Disney,Udendørsleg,Badebold,1,0,stk.,Netto,https://static.tilbudsugen.dk/1st-retail/2026/24/65561/Netto232026-1_28_1188x4771_3486x6667_zoom.jpg,2026-06-06,2026-07-17,https://res.cloudinary.com/dfqzmnlga/image/upload/v1783140883/2026-07-04/11159449.jpg,Bathball,"✨ Swirls of fun, spins of joy—perfect for a rainy day! 🌧️"
11159451,20.0,Disney,Udendørsleg,Badering,1,0,stk.,Netto,https://static.tilbudsugen.dk/1st-retail/2026/24/65561/Netto232026-1_28_1188x4771_3486x6667_zoom.jpg,2026-06-06,2026-07-17,https://res.cloudinary.com/dfqzmnlga/image/upload/v1783140883/2026-07-04/11159451.jpg,Bathing,"Wash, rinse, repeat — my life is a never-ending bath! 🛁"
11159462,60.0,Marvel,Udendørsleg,Badebassin,1,0,stk.,Netto,https://static.tilbudsugen.dk/1st-retail/2026/24/65561/Netto232026-1_27_150x4819_1998x6157_zoom.jpg,2026-06-06,2026-07-17,https://res.cloudinary.com/dfqzmnlga/image/upload/v1783140884/2026-07-04/11159462.jpg,Swimming pool,"Surfing the waves, one drop at a time. 🌊✨"
11169278,59.0,,Kreativitetslegetøj & puslespil,Puslespil,1,0,stk.,Netto,https://static.tilbudsugen.dk/1st-retail/2026/25/65608/Netto252026-1_31_2196x1998_4188x3540_zoom.jpg,2026-06-13,2026-07-24,https://res.cloudinary.com/dfqzmnlga/image/upload/v1783140885/2026-07-04/11169278.jpg,Puzzles,"Unsolveable riddles, solved one at a time 🧩"
11169299,15.0,,Spil,Spillekort,1,0,stk.,Netto,https://static.tilbudsugen.dk/1st-retail/2026/25/65608/Netto252026-1_32_18x4939_1284x6571_zoom.jpg,2026-06-13,2026-07-24,https://res.cloudinary.com/dfqzmnlga/image/upload/v1783140885/2026-07-04/11169299.jpg,Playing cards,"♠️ Shuffle, deal, and let the game begin—because life's too short for boring hands."
11199700,25.0,,Diverse legetøj,Legetøj,1,0,stk.,Netto,https://static.tilbudsugen.dk/1st-retail/2026/28/65760/Netto272026-1_22_239x2352_2473x4587_zoom.jpg,2026-07-04,2026-07-10,https://res.cloudinary.com/dfqzmnlga/image/upload/v1783140885/2026-07-04/11199700.jpg,Toys,"Playful, adventurous, and always ready for a good time 🎉"
11159448,60.0,Disney,Udendørsleg,Badebassin,1,0,stk.,Netto,https://static.tilbudsugen.dk/1st-retail/2026/24/65561/Netto232026-1_28_2676x4189_4848x5893_zoom.jpg,2026-06-06,2026-07-17,https://res.cloudinary.com/dfqzmnlga/image/upload/v1783140886/2026-07-04/11159448.jpg,Swimming pool,"🌊 Dive deep, dive wide, and dive into the fun of life! 🌊"
11199445,30.0,,Skadedyrsbekæmpelse,Hvepsefanger,1,0,stk.,Netto,https://static.tilbudsugen.dk/1st-retail/2026/28/65760/Netto272026-1_23_252x602_1705x2204_zoom.jpg,2026-07-04,2026-07-10,https://res.cloudinary.com/dfqzmnlga/image/upload/v1783140887/2026-07-04/11199445.jpg,Waspcatcher,"✨ Waspcatcher: Catch the world's most exciting moments, one post at a time. 🌍📸"
11199464,60.0,,Skadedyrsbekæmpelse,Myggelampe,1,0,stk.,Netto,https://static.tilbudsugen.dk/1st-retail/2026/28/65760/Netto272026-1_23_1769x3418_3242x5271_zoom.jpg,2026-07-04,2026-07-10,https://res.cloudinary.com/dfqzmnlga/image/upload/v1783140887/2026-07-04/11199464.jpg,Mosquito lamp,"✨ Light up the night with me—no mosquitoes, just awesome vibes! ✨"
11199447,30.0,,Skadedyrsbekæmpelse,Skadedyrsskræmmer,1,0,stk.,Netto,https://static.tilbudsugen.dk/1st-retail/2026/28/65760/Netto272026-1_23_258x2262_1705x3747_zoom.jpg,2026-07-04,2026-07-10,https://res.cloudinary.com/dfqzmnlga/image/upload/v1783140888/2026-07-04/11199447.jpg,Pest Scarener,"✨ Pest Scarener: Stop the pests, one scare at a time! 🐛"
11199451,50.0,,Haven,Insektnet,1,0,stk.,Netto,https://static.tilbudsugen.dk/1st-retail/2026/28/65760/Netto272026-1_23_3293x544_4753x3372_zoom.jpg,2026-07-04,2026-07-10,https://res.cloudinary.com/dfqzmnlga/image/upload/v1783140888/2026-07-04/11199451.jpg,Insecticides,"Spray the chaos, keep the pests at bay — 🚨"
