data_id,price,brand,category,product_name,units,quantity,unit_type,store_name,image_url,start_date,end_date,public_urls,translated_product,tinder_bio
10995266,8.0,Hello Sensitive,Babypleje,Vådservietter,1,100,pk.,Netto,https://static.tilbudsugen.dk/1st-retail/2026/11/64774/Netto102026-1_8_63x3714_2463x6862_zoom.jpg,2026-03-07,2026-03-13,https://res.cloudinary.com/dfqzmnlga/image/upload/v1772854600/2026-03-07/10995266.jpg,Wet napkins,Wet napkins: the ultimate refresh for your awkward moments. 🧴✨
10995577,29.0,Always,Intimhygiejne,Trusseindlæg,1,60,pk.,Netto,https://static.tilbudsugen.dk/1st-retail/2026/11/64774/Netto102026-1_26_109x2782_2401x4911_zoom.jpg,2026-03-07,2026-03-13,https://res.cloudinary.com/dfqzmnlga/image/upload/v1772854601/2026-03-07/10995577.jpg,Panty posts,✨ Always ready for a good laugh and a good time!
10995430,10.0,,Papir,Servietter,1,20,pk.,Netto,https://static.tilbudsugen.dk/1st-retail/2026/11/64774/Netto102026-1_34_1780x4669_3182x6755_zoom.jpg,2026-03-07,2026-03-13,https://res.cloudinary.com/dfqzmnlga/image/upload/v1772854601/2026-03-07/10995430.jpg,Napkins and napkin liners for babies,"Soft, cozy napkins and liners for little ones 🌟"
10995379,10.0,,Papir,Servietter,1,20,pk.,Netto,https://static.tilbudsugen.dk/1st-retail/2026/11/64774/Netto102026-1_30_204x4783_1786x6641_zoom.jpg,2026-03-07,2026-03-13,https://res.cloudinary.com/dfqzmnlga/image/upload/v1772854602/2026-03-07/10995379.jpg,Napkins and napkin liners for babies,"Soft, gentle napkins and liners that keep little ones comfortable and tidy 🌟"
10995385,20.0,,Papir,Servietter,1,40,pk.,Netto,https://static.tilbudsugen.dk/1st-retail/2026/11/64774/Netto102026-1_32_216x120_1756x1840_zoom.jpg,2026-03-07,2026-03-13,https://res.cloudinary.com/dfqzmnlga/image/upload/v1772854602/2026-03-07/10995385.jpg,Napkins and napkin liners for babies,✨ Napkin superheroes for baby bites! ✨
10995261,45.0,Midi,Bleer,Bleer str 3 4-9 kg,1,56,pk.,Netto,https://static.tilbudsugen.dk/1st-retail/2026/11/64774/Netto102026-1_8_2393x3556_4959x6870_zoom.jpg,2026-03-07,2026-03-13,https://res.cloudinary.com/dfqzmnlga/image/upload/v1772854603/2026-03-07/10995261.jpg,Diapers size 3 4-9 kg,"✨ Super soft, super strong, and super ready for any baby needs! 🛠️"
10995435,10.0,,Papir,Bordkort,1,12,pk.,Netto,https://static.tilbudsugen.dk/1st-retail/2026/11/64774/Netto102026-1_34_258x2607_2571x4615_zoom.jpg,2026-03-07,2026-03-13,https://res.cloudinary.com/dfqzmnlga/image/upload/v1772854603/2026-03-07/10995435.jpg,Table cards,"✨ Cardboard wonders, sorted and shared! ✨"
10995263,45.0,Maxi,Bleer,Bleer str 4 7-18 kg,1,50,pk.,Netto,https://static.tilbudsugen.dk/1st-retail/2026/11/64774/Netto102026-1_8_2393x3556_4959x6870_zoom.jpg,2026-03-07,2026-03-13,https://res.cloudinary.com/dfqzmnlga/image/upload/v1772854604/2026-03-07/10995263.jpg,Diapers size 4 7-18 kg,✨ Size up for the mess! 🛒
10995264,45.0,Junior,Bleer,Bleer str 5 11-25 kg,1,44,pk.,Netto,https://static.tilbudsugen.dk/1st-retail/2026/11/64774/Netto102026-1_8_2393x3556_4959x6870_zoom.jpg,2026-03-07,2026-03-13,https://res.cloudinary.com/dfqzmnlga/image/upload/v1772854604/2026-03-07/10995264.jpg,Diapers size 5 11-25 kg,"✨ Size 5, 11-25 kg: The ultimate diaper superhero 🌟"
10995265,45.0,XL,Bleer,Bleer str 6 15-30 kg,1,40,pk.,Netto,https://static.tilbudsugen.dk/1st-retail/2026/11/64774/Netto102026-1_8_2393x3556_4959x6870_zoom.jpg,2026-03-07,2026-03-13,https://res.cloudinary.com/dfqzmnlga/image/upload/v1772854605/2026-03-07/10995265.jpg,Diapers size 6 15-30 kg,"Size 6, 15-30 kg: The ultimate protector of little ones, always ready to roll. 🛠️"
10995578,29.0,Tampax,Intimhygiejne,Tamponer,1,20,pk.,Netto,https://static.tilbudsugen.dk/1st-retail/2026/11/64774/Netto102026-1_26_109x2782_2401x4911_zoom.jpg,2026-03-07,2026-03-13,https://res.cloudinary.com/dfqzmnlga/image/upload/v1772854606/2026-03-07/10995578.jpg,Tampons,"✨ Always there, always ready, always in style. ✨"
10995475,30.0,Pukka,Te,Peppermint & Licorice Tebreve,1,20,pk.,Netto,https://static.tilbudsugen.dk/1st-retail/2026/11/64774/Netto102026-1_23_31x4880_1778x6830_zoom.jpg,2026-03-07,2026-03-13,https://res.cloudinary.com/dfqzmnlga/image/upload/v1772854606/2026-03-07/10995475.jpg,Peppermint & Licorice Tebreves,"Minty, licorice, and a little bit of spice — perfect for a cozy evening. 🌟"
10995482,30.0,Pukka,Te,Morning Berry Tebreve,1,20,pk.,Netto,https://static.tilbudsugen.dk/1st-retail/2026/11/64774/Netto102026-1_23_31x4880_1778x6830_zoom.jpg,2026-03-07,2026-03-13,https://res.cloudinary.com/dfqzmnlga/image/upload/v1772854607/2026-03-07/10995482.jpg,Morning Berry Tebreve,✨ Berry-loving morning booster 🍓
10995487,30.0,Pukka,Te,Three Ginger Tebreve,1,20,pk.,Netto,https://static.tilbudsugen.dk/1st-retail/2026/11/64774/Netto102026-1_23_31x4880_1778x6830_zoom.jpg,2026-03-07,2026-03-13,https://res.cloudinary.com/dfqzmnlga/image/upload/v1772854607/2026-03-07/10995487.jpg,Three Ginger Tebrevs,🔥 Ginger spice master | 3 tebrevs = magic 🌟
10995488,30.0,Pukka,Te,Chamomile Vanilla & Manuka Honey Tebreve,1,20,pk.,Netto,https://static.tilbudsugen.dk/1st-retail/2026/11/64774/Netto102026-1_23_31x4880_1778x6830_zoom.jpg,2026-03-07,2026-03-13,https://res.cloudinary.com/dfqzmnlga/image/upload/v1772854608/2026-03-07/10995488.jpg,Chamomile Vanilla & Manuka Honey Tebrevs,"🌼 Sweet, soothing, and slightly spicy — perfect for calming your day."
10995491,30.0,Pukka,Te,Night time apple Tebreve,1,20,pk.,Netto,https://static.tilbudsugen.dk/1st-retail/2026/11/64774/Netto102026-1_23_31x4880_1778x6830_zoom.jpg,2026-03-07,2026-03-13,https://res.cloudinary.com/dfqzmnlga/image/upload/v1772854608/2026-03-07/10995491.jpg,Night time apple Tebreters,"🌙 Bite-sized sweetness with a twist—night time apple Tebreters, just right for the midnight snack. 🍎✨"
10995047,15.0,DAVA Foods,Skalæg,Skrabeæg M/L,1,10,bk.,Netto,https://static.tilbudsugen.dk/1st-retail/2026/11/64774/Netto102026-1_2_2188x636_4943x2273_zoom.jpg,2026-03-07,2026-03-13,https://res.cloudinary.com/dfqzmnlga/image/upload/v1772854609/2026-03-07/10995047.jpg,Skrabeæg M/L,✨ Super snack that makes your day brighter with a sprinkle of joy and a dash of surprise!
10995480,30.0,Pukka,Te,Supreme Matcha Green Tebreve,1,20,pk.,Netto,https://static.tilbudsugen.dk/1st-retail/2026/11/64774/Netto102026-1_23_31x4880_1778x6830_zoom.jpg,2026-03-07,2026-03-13,https://res.cloudinary.com/dfqzmnlga/image/upload/v1772854610/2026-03-07/10995480.jpg,Supreme Matcha Green Tebreve,✨ Matcha lover with a side of flavor — the perfect blend of green tea and spicy kick! 🍵
10995481,30.0,Pukka,Te,Three mint Tebreve,1,20,pk.,Netto,https://static.tilbudsugen.dk/1st-retail/2026/11/64774/Netto102026-1_23_31x4880_1778x6830_zoom.jpg,2026-03-07,2026-03-13,https://res.cloudinary.com/dfqzmnlga/image/upload/v1772854611/2026-03-07/10995481.jpg,Three mint Tebreve,"Minty refresh, never forgetful. 🌿✨"
10995030,9.0,Godt Papir,Husholdningspapir,Toiletpapir,1,6,pk.,Netto,https://static.tilbudsugen.dk/1st-retail/2026/11/64774/Netto102026-1_1_102x4107_2503x6902_zoom.jpg,2026-03-07,2026-03-13,https://res.cloudinary.com/dfqzmnlga/image/upload/v1772854611/2026-03-07/10995030.jpg,Toilet paper,Tired of the day? I'm here to wipe it all away. 🚪
10995483,30.0,Pukka,Te,Lemon Ginger & a touch of Manuka Honey Tebreve,1,20,pk.,Netto,https://static.tilbudsugen.dk/1st-retail/2026/11/64774/Netto102026-1_23_31x4880_1778x6830_zoom.jpg,2026-03-07,2026-03-13,https://res.cloudinary.com/dfqzmnlga/image/upload/v1772854612/2026-03-07/10995483.jpg,Lemon Ginger & a touch of Manuka Honey Tebrevs,"Citrusy, sweet, and slightly sticky — perfect for a morning boost. 🍋✨"
10995484,30.0,Pukka,Te,Relax Tebreve,1,20,pk.,Netto,https://static.tilbudsugen.dk/1st-retail/2026/11/64774/Netto102026-1_23_31x4880_1778x6830_zoom.jpg,2026-03-07,2026-03-13,https://res.cloudinary.com/dfqzmnlga/image/upload/v1772854613/2026-03-07/10995484.jpg,Relax Tebrevs,Relax Tebrevs: The ultimate stress buster with a sprinkle of fun and a dash of sparkle. 🌟
10995485,30.0,Pukka,Te,Night time Tebreve,1,20,pk.,Netto,https://static.tilbudsugen.dk/1st-retail/2026/11/64774/Netto102026-1_23_31x4880_1778x6830_zoom.jpg,2026-03-07,2026-03-13,https://res.cloudinary.com/dfqzmnlga/image/upload/v1772854614/2026-03-07/10995485.jpg,Night time Tebrevs,"✨🌙 Tebrevs that light up the night, one glow at a time. 🌙"
10995486,30.0,Pukka,Te,Lemongrass & Ginter Tebreve,1,20,pk.,Netto,https://static.tilbudsugen.dk/1st-retail/2026/11/64774/Netto102026-1_23_31x4880_1778x6830_zoom.jpg,2026-03-07,2026-03-13,https://res.cloudinary.com/dfqzmnlga/image/upload/v1772854615/2026-03-07/10995486.jpg,Lemongrass & Ginter Tebrevs,"Sour, sweet, and spicy — perfect for a morning latte. 🌿☕️"
10995569,99.0,Neophos,Opvask,Maskinopvask-tabs,1,62,pk.,Netto,https://static.tilbudsugen.dk/1st-retail/2026/11/64774/Netto102026-1_26_2355x2954_4998x4810_zoom.jpg,2026-03-07,2026-03-13,https://res.cloudinary.com/dfqzmnlga/image/upload/v1772854615/2026-03-07/10995569.jpg,Machine-washing losses,"Sweat-free laundry adventures, minus the hassle. 🧿"
10995433,10.0,,Pyntegenstande,Bordkortholder,1,6,pk.,Netto,https://static.tilbudsugen.dk/1st-retail/2026/11/64774/Netto102026-1_34_258x2607_2571x4615_zoom.jpg,2026-03-07,2026-03-13,https://res.cloudinary.com/dfqzmnlga/image/upload/v1772854616/2026-03-07/10995433.jpg,Table card holder,✨ Organize your life with a sleek table card holder that keeps your essentials in check! ✨
10995367,30.0,,Påske,Påskepynt,1,18,pk.,Netto,https://static.tilbudsugen.dk/1st-retail/2026/11/64774/Netto102026-1_29_2529x72_4956x1462_zoom.jpg,2026-03-07,2026-03-13,https://res.cloudinary.com/dfqzmnlga/image/upload/v1772854616/2026-03-07/10995367.jpg,Easter ornaments,✨ Sparkle and cheer with a touch of holiday magic! ✨
10995575,29.0,Always,Intimhygiejne,Bind,1,16,pk.,Netto,https://static.tilbudsugen.dk/1st-retail/2026/11/64774/Netto102026-1_26_109x2782_2401x4911_zoom.jpg,2026-03-07,2026-03-13,https://res.cloudinary.com/dfqzmnlga/image/upload/v1772854617/2026-03-07/10995575.jpg,Volume,Volume: The quiet force that makes everything fit. 🌟
10995574,39.0,A+,Vaskemiddel,Vaskemiddel-tabs,1,20,pk.,Netto,https://static.tilbudsugen.dk/1st-retail/2026/11/64774/Netto102026-1_26_86x4779_4920x6869_zoom.jpg,2026-03-07,2026-03-13,https://res.cloudinary.com/dfqzmnlga/image/upload/v1772854617/2026-03-07/10995574.jpg,Laundry loss,Wear your laundry loss like a badge of honor 🧹✨
10995397,12.0,,Partyartikler,Balloner,1,6,pk.,Netto,https://static.tilbudsugen.dk/1st-retail/2026/11/64774/Netto102026-1_33_324x354_4626x4585_zoom.jpg,2026-03-07,2026-03-13,https://res.cloudinary.com/dfqzmnlga/image/upload/v1772854618/2026-03-07/10995397.jpg,Balloons,"🎈 Poppy but whimsical—fluff, color, and surprise in every burst!"
10995456,20.0,Chai Latte,Te,Instant Te Pumpkin Spice,1,8,pk.,Netto,https://static.tilbudsugen.dk/1st-retail/2026/11/64774/Netto102026-1_23_3251x2829_4881x4810_zoom.jpg,2026-03-07,2026-03-13,https://res.cloudinary.com/dfqzmnlga/image/upload/v1772854619/2026-03-07/10995456.jpg,Instant Te Pumpkin Spice,✨ Spice up your day with a dash of warmth and a sprinkle of joy! 🌟
10995457,20.0,Chai Latte,Te,Instant Te Grøn Te,1,8,pk.,Netto,https://static.tilbudsugen.dk/1st-retail/2026/11/64774/Netto102026-1_23_3251x2829_4881x4810_zoom.jpg,2026-03-07,2026-03-13,https://res.cloudinary.com/dfqzmnlga/image/upload/v1772854620/2026-03-07/10995457.jpg,Instant Tea Green Tea,"Sip, savor, and refresh with a dash of calm—**🍵**"
10995458,20.0,Chai Latte,Te,Instant Te Vanilje,1,8,pk.,Netto,https://static.tilbudsugen.dk/1st-retail/2026/11/64774/Netto102026-1_23_3251x2829_4881x4810_zoom.jpg,2026-03-07,2026-03-13,https://res.cloudinary.com/dfqzmnlga/image/upload/v1772854620/2026-03-07/10995458.jpg,Instant Te Vanilla,"✨ Vanilla love that's ready to swoon, anytime, anywhere! 🌟"
10995459,20.0,Skinny Chai Latte,Te,Instant Te Karamel,1,8,pk.,Netto,https://static.tilbudsugen.dk/1st-retail/2026/11/64774/Netto102026-1_23_3251x2829_4881x4810_zoom.jpg,2026-03-07,2026-03-13,https://res.cloudinary.com/dfqzmnlga/image/upload/v1772854621/2026-03-07/10995459.jpg,Instant Te Karamel,"🔥 Sweet, fast, and super crispy — just heat it up and enjoy! 🍽️"
10995461,20.0,Chai Latte,Te,Instant Te Dirty Vanilla,1,8,pk.,Netto,https://static.tilbudsugen.dk/1st-retail/2026/11/64774/Netto102026-1_23_3251x2829_4881x4810_zoom.jpg,2026-03-07,2026-03-13,https://res.cloudinary.com/dfqzmnlga/image/upload/v1772854621/2026-03-07/10995461.jpg,Instant Te Dirty Vanilla,"Vanilla obsession with a twist—dirty, instant, and ready to spice up your day 🌟"
10995451,20.0,Chai Latte,Te,Instant Te Kakao,1,8,pk.,Netto,https://static.tilbudsugen.dk/1st-retail/2026/11/64774/Netto102026-1_23_3251x2829_4881x4810_zoom.jpg,2026-03-07,2026-03-13,https://res.cloudinary.com/dfqzmnlga/image/upload/v1772854622/2026-03-07/10995451.jpg,Instant Tea Cocoa,"Sip, savor, and escape with a cup of instant tea cocoa—sweet, bold, and always ready to revive your day. 🌟"
10995404,20.0,,Foto,Fotoramme,1,8,pk.,Netto,https://static.tilbudsugen.dk/1st-retail/2026/11/64774/Netto102026-1_33_324x354_4626x4585_zoom.jpg,2026-03-07,2026-03-13,https://res.cloudinary.com/dfqzmnlga/image/upload/v1772854623/2026-03-07/10995404.jpg,Photoframe,"Capture the moment, frame the story — 📸✨"
10995460,20.0,Chai Latte,Te,Instant Te Cookie,1,8,pk.,Netto,https://static.tilbudsugen.dk/1st-retail/2026/11/64774/Netto102026-1_23_3251x2829_4881x4810_zoom.jpg,2026-03-07,2026-03-13,https://res.cloudinary.com/dfqzmnlga/image/upload/v1772854624/2026-03-07/10995460.jpg,Instant Te Cookie,✨ Satisfy your cravings with a sprinkle of joy and a dash of sweetness! ✨
10995455,20.0,Chai Latte,Te,Instant Te Choco Orange,1,8,pk.,Netto,https://static.tilbudsugen.dk/1st-retail/2026/11/64774/Netto102026-1_23_3251x2829_4881x4810_zoom.jpg,2026-03-07,2026-03-13,https://res.cloudinary.com/dfqzmnlga/image/upload/v1772854624/2026-03-07/10995455.jpg,Instant Te Choco Orange,"Sip, savor, and sweeten your day with a sprinkle of instant joy—*Te Choco Orange* 🍊✨"
10995343,15.0,Frisko,Multipak,Twister Mini Mallow,1,6,pk.,Netto,https://static.tilbudsugen.dk/1st-retail/2026/11/64774/Netto102026-1_21_23x2954_1700x4872_zoom.jpg,2026-03-07,2026-03-13,https://res.cloudinary.com/dfqzmnlga/image/upload/v1772854625/2026-03-07/10995343.jpg,Twister Mini Mallow,✨ Twist your fate with a mini marvel! 🌟
10995383,99.0,,Skriveartikler,Tusser,1,36,pk.,Netto,https://static.tilbudsugen.dk/1st-retail/2026/11/64774/Netto102026-1_31_2871x3584_4998x5232_zoom.jpg,2026-03-07,2026-03-13,https://res.cloudinary.com/dfqzmnlga/image/upload/v1772854625/2026-03-07/10995383.jpg,Tusses,"Tusses are the ultimate snack for any party—fresh, fun, and always in style! 🍿"
10995029,9.0,Godt Papir,Husholdningspapir,Køkkenrulle,1,3,pk.,Netto,https://static.tilbudsugen.dk/1st-retail/2026/11/64774/Netto102026-1_1_102x4107_2503x6902_zoom.jpg,2026-03-07,2026-03-13,https://res.cloudinary.com/dfqzmnlga/image/upload/v1772854626/2026-03-07/10995029.jpg,Kitchen roll,"Wrap up the mess, keep the kitchen tidy, and never let the chaos win — 🧹✨"
10995390,25.0,,Påske,Påskepynt,1,8,pk.,Netto,https://static.tilbudsugen.dk/1st-retail/2026/11/64774/Netto102026-1_32_1744x306_4710x3896_zoom.jpg,2026-03-07,2026-03-13,https://res.cloudinary.com/dfqzmnlga/image/upload/v1772854628/2026-03-07/10995390.jpg,Easter ornaments,✨ Sparkle and cheer with a touch of holiday magic! ✨
10995522,5.0,Hindbær & Jordbær,Kildevand m/u brus,"Mineralvand med brus, hindbær og jordbær",1,1,fl.,Netto,https://static.tilbudsugen.dk/1st-retail/2026/11/64774/Netto102026-1_25_23x240_2456x4903_zoom.jpg,2026-03-07,2026-03-13,https://res.cloudinary.com/dfqzmnlga/image/upload/v1772854629/2026-03-07/10995522.jpg,"Mineral waters with showers, raspberry and strawberries","Sip on the taste of nature with a shower of joy, 🌿🍓🍉"
10995523,5.0,BFree,Sodavand,Sportssodavand Lemon Lime,1,1,fl.,Netto,https://static.tilbudsugen.dk/1st-retail/2026/11/64774/Netto102026-1_25_23x240_2456x4903_zoom.jpg,2026-03-07,2026-03-13,https://res.cloudinary.com/dfqzmnlga/image/upload/v1772854630/2026-03-07/10995523.jpg,Sports soda Lemon Lime,"Sip, sizzle, and sprinkle—because life's too short for boring drinks! 🍹"
10995253,20.0,,Frugt,Æbler,1,6,bk.,Netto,https://static.tilbudsugen.dk/1st-retail/2026/11/64774/Netto102026-1_13_2421x1271_4920x3434_zoom.jpg,2026-03-07,2026-03-13,https://res.cloudinary.com/dfqzmnlga/image/upload/v1772854630/2026-03-07/10995253.jpg,Apples,"Craving a juicy, satisfying bite? I'm the apple—sweet, bold, and always ready to burst with flavor. 🍎"
10995194,10.0,Knorr,Saucer,Hollandaisesauce,1,3,pk.,Netto,https://static.tilbudsugen.dk/1st-retail/2026/11/64774/Netto102026-1_5_2393x289_4919x3572_zoom.jpg,2026-03-07,2026-03-13,https://res.cloudinary.com/dfqzmnlga/image/upload/v1772854631/2026-03-07/10995194.jpg,Hollandaise sauce,"✨ A creamy, bold flavor that turns every bite into a celebration of taste! ✨"
10995195,10.0,Knorr,Saucer,Bearnaisesauce,1,3,pk.,Netto,https://static.tilbudsugen.dk/1st-retail/2026/11/64774/Netto102026-1_5_2393x289_4919x3572_zoom.jpg,2026-03-07,2026-03-13,https://res.cloudinary.com/dfqzmnlga/image/upload/v1772854631/2026-03-07/10995195.jpg,Bearnaise sauce,🔥 My sauce makes meals sing — and my taste is unmatched. 🍽️
10995196,10.0,Knorr,Saucer,Green Pepper Sauce,1,3,pk.,Netto,https://static.tilbudsugen.dk/1st-retail/2026/11/64774/Netto102026-1_5_2393x289_4919x3572_zoom.jpg,2026-03-07,2026-03-13,https://res.cloudinary.com/dfqzmnlga/image/upload/v1772854632/2026-03-07/10995196.jpg,Green Pepper Sauce,🌶️ Satisfy your taste buds with a sprinkle of flavor—green pepper sauce is the ultimate flavor bomb.
10995197,10.0,Knorr,Saucer,Champignon Sauce,1,3,pk.,Netto,https://static.tilbudsugen.dk/1st-retail/2026/11/64774/Netto102026-1_5_2393x289_4919x3572_zoom.jpg,2026-03-07,2026-03-13,https://res.cloudinary.com/dfqzmnlga/image/upload/v1772854633/2026-03-07/10995197.jpg,Champignon Sauce,"✨ Spicy, savory, and slightly smoky — perfect for any meal! 🍄"
10995198,10.0,Knorr,Saucer,Cabaretsauce,1,3,pk.,Netto,https://static.tilbudsugen.dk/1st-retail/2026/11/64774/Netto102026-1_5_2393x289_4919x3572_zoom.jpg,2026-03-07,2026-03-13,https://res.cloudinary.com/dfqzmnlga/image/upload/v1772854633/2026-03-07/10995198.jpg,Cabaret sauce,A flavor explosion that turns any meal into a performance — perfect for your next date. 🍅🔥
10995200,10.0,Knorr,Saucer,Parsley Sauce,1,3,pk.,Netto,https://static.tilbudsugen.dk/1st-retail/2026/11/64774/Netto102026-1_5_2393x289_4919x3572_zoom.jpg,2026-03-07,2026-03-13,https://res.cloudinary.com/dfqzmnlga/image/upload/v1772854634/2026-03-07/10995200.jpg,Parsley Sauce,"Sour and spicy, perfect for any dish—fresh, bold, and always in season. 🌿"
10995193,10.0,Knorr,Saucer,Brown Sauce,1,3,pk.,Netto,https://static.tilbudsugen.dk/1st-retail/2026/11/64774/Netto102026-1_5_2393x289_4919x3572_zoom.jpg,2026-03-07,2026-03-13,https://res.cloudinary.com/dfqzmnlga/image/upload/v1772854634/2026-03-07/10995193.jpg,Brown Sauce,"Sauce up the fun with me—spice things up, one flavor at a time. 😋"
10995375,30.0,,Stearinlys,Kronelys,1,8,pk.,Netto,https://static.tilbudsugen.dk/1st-retail/2026/11/64774/Netto102026-1_30_3308x228_4734x2319_zoom.jpg,2026-03-07,2026-03-13,https://res.cloudinary.com/dfqzmnlga/image/upload/v1772854635/2026-03-07/10995375.jpg,Crown candles,✨ Glow up your space with a touch of magic—crown candles light the way. ✨
10995444,25.0,,Pyntegenstande,Bordkortholder,1,6,pk.,Netto,https://static.tilbudsugen.dk/1st-retail/2026/11/64774/Netto102026-1_34_2559x2583_4770x4789_zoom.jpg,2026-03-07,2026-03-13,https://res.cloudinary.com/dfqzmnlga/image/upload/v1772854635/2026-03-07/10995444.jpg,Table card holder,✨ Organize your life with a stylish table card holder! ✨
10970424,59.0,,Syartikler,Hæklenåle,1,12,pk.,Netto,https://static.tilbudsugen.dk/1st-retail/2026/9/64663/Netto82026-1_37_2528x4751_4998x6595_zoom.jpg,2026-02-21,2026-03-27,https://res.cloudinary.com/dfqzmnlga/image/upload/v1772854636/2026-03-07/10970424.jpg,Crochet needles,Crafting stitches that turn ordinary into extraordinary 🎨
10995054,5.0,,Grønt,Gulerødder,1,1,ps.,Netto,https://static.tilbudsugen.dk/1st-retail/2026/11/64774/Netto102026-1_2_157x486_2377x2328_zoom.jpg,2026-03-07,2026-03-13,https://res.cloudinary.com/dfqzmnlga/image/upload/v1772854636/2026-03-07/10995054.jpg,Carrots,"Spicy, sweet, and always in season—just ask me what I'm cooking! 🍃"
10970422,59.0,,Garn,Strikkepinde,1,10,pk.,Netto,https://static.tilbudsugen.dk/1st-retail/2026/9/64663/Netto82026-1_37_2528x4751_4998x6595_zoom.jpg,2026-02-21,2026-03-27,https://res.cloudinary.com/dfqzmnlga/image/upload/v1772854637/2026-03-07/10970422.jpg,Knitting needles,Sew your day with stitches and smiles 🎨✨
10995369,20.0,,Bånd/papir,Gavepose,1,3,pk.,Netto,https://static.tilbudsugen.dk/1st-retail/2026/11/64774/Netto102026-1_29_228x2985_2223x4783_zoom.jpg,2026-03-07,2026-03-13,https://res.cloudinary.com/dfqzmnlga/image/upload/v1772854637/2026-03-07/10995369.jpg,Gift bag,"🎁 Surprise delivery, ready to unwrap the magic!"
10995490,25.0,,Sokker/Strømper,Strømper,1,3,pk.,Netto,https://static.tilbudsugen.dk/1st-retail/2026/11/64774/Netto102026-1_36_246x270_2433x2403_zoom.jpg,2026-03-07,2026-03-13,https://res.cloudinary.com/dfqzmnlga/image/upload/v1772854638/2026-03-07/10995490.jpg,Stockings,✨ Unzip your day with a perfect fit! 🌟
10995361,40.0,,Mobiltelefon tilbehør,Mobiltelefontilbehør,1,4,pk.,Netto,https://static.tilbudsugen.dk/1st-retail/2026/11/64774/Netto102026-1_28_2415x2409_4950x4225_zoom.jpg,2026-03-07,2026-03-13,https://res.cloudinary.com/dfqzmnlga/image/upload/v1772854638/2026-03-07/10995361.jpg,Mobile telephone accessories,"📱✨ Always charging your phones, but never your mood! 📱✨"
10995533,19.0,Coca Cola,Sodavand,Cola,1,1,fl.,Netto,https://static.tilbudsugen.dk/1st-retail/2026/11/64774/Netto102026-1_25_2464x162_4858x2845_zoom.jpg,2026-03-07,2026-03-13,https://res.cloudinary.com/dfqzmnlga/image/upload/v1772854639/2026-03-07/10995533.jpg,Cola,"Fizzing with fun, I'm the refreshment that keeps things lively—always ready to spark a smile! 🐾"
10995536,19.0,Exotic,Sodavand,Sodavand,1,1,fl.,Netto,https://static.tilbudsugen.dk/1st-retail/2026/11/64774/Netto102026-1_25_2464x162_4858x2845_zoom.jpg,2026-03-07,2026-03-13,https://res.cloudinary.com/dfqzmnlga/image/upload/v1772854639/2026-03-07/10995536.jpg,Soda water,"Fizz and fun, always ready to spark a smile— 🌟"
10995534,19.0,Coca Cola Zero,Sodavand,Cola,1,1,fl.,Netto,https://static.tilbudsugen.dk/1st-retail/2026/11/64774/Netto102026-1_25_2464x162_4858x2845_zoom.jpg,2026-03-07,2026-03-13,https://res.cloudinary.com/dfqzmnlga/image/upload/v1772854640/2026-03-07/10995534.jpg,Cola,"Sip, sizzle, and shine—just like a cola on a sunny day! 🍹"
10995535,19.0,Orange,Sodavand,Appelsinsodavand,1,1,fl.,Netto,https://static.tilbudsugen.dk/1st-retail/2026/11/64774/Netto102026-1_25_2464x162_4858x2845_zoom.jpg,2026-03-07,2026-03-13,https://res.cloudinary.com/dfqzmnlga/image/upload/v1772854640/2026-03-07/10995535.jpg,Orange soda,"Citrusy refreshment, fueled by zing and flair—just don't ask me what it's made of. 🍊"
10995248,65.0,Heineken,Øl,Øl 18 pk.,18,0,ds.,Netto,https://static.tilbudsugen.dk/1st-retail/2026/11/64774/Netto102026-1_7_2385x3800_4959x6855_zoom.jpg,2026-03-07,2026-03-13,https://res.cloudinary.com/dfqzmnlga/image/upload/v1772854641/2026-03-07/10995248.jpg,Beer 18 pc.,"Sip, laugh, and let the beer flow—because life's too short for boring brews 🍻"
10995246,65.0,Export,Øl,Øl 18 pk.,18,0,ds.,Netto,https://static.tilbudsugen.dk/1st-retail/2026/11/64774/Netto102026-1_7_2385x3800_4959x6855_zoom.jpg,2026-03-07,2026-03-13,https://res.cloudinary.com/dfqzmnlga/image/upload/v1772854642/2026-03-07/10995246.jpg,Beer 18 pc.,"Sip, laugh, and let the brew speak — I'm the beer that knows how to party. 🍻"
10995527,89.0,Lime,Sodavand,Cola 24 pk.,24,0,ds.,Netto,https://static.tilbudsugen.dk/1st-retail/2026/11/64774/Netto102026-1_25_2448x4989_4998x6869_zoom.jpg,2026-03-07,2026-03-13,https://res.cloudinary.com/dfqzmnlga/image/upload/v1772854643/2026-03-07/10995527.jpg,Cola 24 pk.,"Sip, savor, and never forget—Cola 24 pk. 🍹"
10995526,89.0,Pepsi Max,Sodavand,Cola 24 pk.,24,0,ds.,Netto,https://static.tilbudsugen.dk/1st-retail/2026/11/64774/Netto102026-1_25_2448x4989_4998x6869_zoom.jpg,2026-03-07,2026-03-13,https://res.cloudinary.com/dfqzmnlga/image/upload/v1772854643/2026-03-07/10995526.jpg,Cola 24 pk.,"Sip, savor, and never forget—Cola 24 pk. 🍹"
10995525,89.0,Faxe Kondi,Sodavand,Sportssodavand 24 pk.,24,0,ds.,Netto,https://static.tilbudsugen.dk/1st-retail/2026/11/64774/Netto102026-1_25_2448x4989_4998x6869_zoom.jpg,2026-03-07,2026-03-13,https://res.cloudinary.com/dfqzmnlga/image/upload/v1772854644/2026-03-07/10995525.jpg,Sports soda 24 pk.,"Sip, shout, and never forget—sports soda keeps you fueled! 🍹"
10995183,12.0,Lacto FREE,Mælk,Letmælk,1,1,krt.,Netto,https://static.tilbudsugen.dk/1st-retail/2026/11/64774/Netto102026-1_4_2448x211_4848x3540_zoom.jpg,2026-03-07,2026-03-13,https://res.cloudinary.com/dfqzmnlga/image/upload/v1772854645/2026-03-07/10995183.jpg,Light milk,✨ Light up your day with a little milk magic! 🌟
10995186,12.0,Lacto FREE,Syrnet morgenmad,Pære & Banan Yoghurt ,1,1,krt.,Netto,https://static.tilbudsugen.dk/1st-retail/2026/11/64774/Netto102026-1_4_2448x211_4848x3540_zoom.jpg,2026-03-07,2026-03-13,https://res.cloudinary.com/dfqzmnlga/image/upload/v1772854645/2026-03-07/10995186.jpg,Pear & Banan Yogurt,"Sour, sweet, and super smooth—perfect for any mood. 🍑🍌"
10995304,12.0,Barista Edition,Vegetabilske drikke,Havredrik,1,1,stk.,Netto,https://static.tilbudsugen.dk/1st-retail/2026/11/64774/Netto102026-1_17_36x276_2481x2793_zoom.jpg,2026-03-07,2026-03-13,https://res.cloudinary.com/dfqzmnlga/image/upload/v1772854645/2026-03-07/10995304.jpg,Oat drink,"Sip, sip, and stay sippin'—because oat drink is the ultimate energy boost! 🥤"
10995182,12.0,Lacto FREE,Mælk,Minimælk,1,1,krt.,Netto,https://static.tilbudsugen.dk/1st-retail/2026/11/64774/Netto102026-1_4_2448x211_4848x3540_zoom.jpg,2026-03-07,2026-03-13,https://res.cloudinary.com/dfqzmnlga/image/upload/v1772854646/2026-03-07/10995182.jpg,Mini-milk,"✨ Tiny milk, big flavor, perfect for any moment! 🍵"
10995190,12.0,Cheasy,Syrnet morgenmad,Vanilje Yoghurt ,1,1,stk.,Netto,https://static.tilbudsugen.dk/1st-retail/2026/11/64774/Netto102026-1_4_94x3611_2495x6807_zoom.jpg,2026-03-07,2026-03-13,https://res.cloudinary.com/dfqzmnlga/image/upload/v1772854647/2026-03-07/10995190.jpg,Vanilla Yogurt,"Sweet, creamy, and slightly sweet, I'm your go-to vanilla yogurt—refreshing, comforting, and always ready to scoop. 🍯"
10995192,12.0,Cheasy,Syrnet morgenmad,Citron Yoghurt,1,1,stk.,Netto,https://static.tilbudsugen.dk/1st-retail/2026/11/64774/Netto102026-1_4_94x3611_2495x6807_zoom.jpg,2026-03-07,2026-03-13,https://res.cloudinary.com/dfqzmnlga/image/upload/v1772854647/2026-03-07/10995192.jpg,Lemon Yogurt,"Citrusy delight, fresh and fizzy—just the right amount of zing for your day. 🍋"
10995309,12.0,Oatly,Vegetabilske drikke,Havredrik,1,1,stk.,Netto,https://static.tilbudsugen.dk/1st-retail/2026/11/64774/Netto102026-1_17_36x276_2481x2793_zoom.jpg,2026-03-07,2026-03-13,https://res.cloudinary.com/dfqzmnlga/image/upload/v1772854649/2026-03-07/10995309.jpg,Oat drink,"✨ Brewed with oats, it's the perfect pick for a cozy morning escape!"
10995184,12.0,Lacto FREE,Mælk,Sødmælk,1,1,krt.,Netto,https://static.tilbudsugen.dk/1st-retail/2026/11/64774/Netto102026-1_4_2448x211_4848x3540_zoom.jpg,2026-03-07,2026-03-13,https://res.cloudinary.com/dfqzmnlga/image/upload/v1772854649/2026-03-07/10995184.jpg,Whole milk,"Smooth, creamy, and perfectly balanced—like a warm hug. 🧊"
10995185,12.0,Lacto FREE,Syrnet morgenmad,Naturel Yoghurt ,1,1,krt.,Netto,https://static.tilbudsugen.dk/1st-retail/2026/11/64774/Netto102026-1_4_2448x211_4848x3540_zoom.jpg,2026-03-07,2026-03-13,https://res.cloudinary.com/dfqzmnlga/image/upload/v1772854650/2026-03-07/10995185.jpg,Natural Yogurt,"Sip, swirl, and conquer—natural yogurt is the ultimate refresh. 🍸"
10995191,12.0,Cheasy,Syrnet morgenmad,Skovbær Yoghurt ,1,1,stk.,Netto,https://static.tilbudsugen.dk/1st-retail/2026/11/64774/Netto102026-1_4_94x3611_2495x6807_zoom.jpg,2026-03-07,2026-03-13,https://res.cloudinary.com/dfqzmnlga/image/upload/v1772854651/2026-03-07/10995191.jpg,Blackberries Yogurt,Savor the sweetest mix of blackberries and yogurt — perfect for a morning boost! 🍓✨
10995308,12.0,Oatly,Vegetabilske drikke,Havredrik,1,1,stk.,Netto,https://static.tilbudsugen.dk/1st-retail/2026/11/64774/Netto102026-1_17_36x276_2481x2793_zoom.jpg,2026-03-07,2026-03-13,https://res.cloudinary.com/dfqzmnlga/image/upload/v1772854651/2026-03-07/10995308.jpg,Oat drink,"Sip on the sweet, creamy joy of oat drink, where every sip is a flavor adventure! 🥤"
10995189,12.0,Cheasy,Syrnet morgenmad,Jordbær & Rababer Yoghurt ,1,1,stk.,Netto,https://static.tilbudsugen.dk/1st-retail/2026/11/64774/Netto102026-1_4_94x3611_2495x6807_zoom.jpg,2026-03-07,2026-03-13,https://res.cloudinary.com/dfqzmnlga/image/upload/v1772854652/2026-03-07/10995189.jpg,Strawberries & Rababer Yogurt,"Sip on sweetness, blend of tart and creamy—strawberries & rababer yogurt, ready to delight. 🍓酸奶"
10995284,5.0,ØGO,Grønt,Hakkede tomater Urter,1,0,ds.,Netto,https://static.tilbudsugen.dk/1st-retail/2026/11/64774/Netto102026-1_9_1708x329_4998x2305_zoom.jpg,2026-03-07,2026-03-13,https://res.cloudinary.com/dfqzmnlga/image/upload/v1772854653/2026-03-07/10995284.jpg,Chicked tomatoes Herbs,"🔥 Smoky, spicy, and perfect for any meal — chicked tomatoes herbs! 🌱"
10995282,5.0,ØGO,Grønt,Hakkede tomater,1,0,ds.,Netto,https://static.tilbudsugen.dk/1st-retail/2026/11/64774/Netto102026-1_9_1708x329_4998x2305_zoom.jpg,2026-03-07,2026-03-13,https://res.cloudinary.com/dfqzmnlga/image/upload/v1772854653/2026-03-07/10995282.jpg,Chicked tomatoes,"Chicked tomatoes: the ultimate flavor explosion, delivered in a bag. 🍅"
10995039,12.0,Levebrød,Rugbrød i Skiver,Kernegrov Rugbrød,1,0,pk.,Netto,https://static.tilbudsugen.dk/1st-retail/2026/11/64774/Netto102026-1_1_2463x1289_4896x4540_zoom.jpg,2026-03-07,2026-03-13,https://res.cloudinary.com/dfqzmnlga/image/upload/v1772854654/2026-03-07/10995039.jpg,Core gravel Rye bread,"A crunchy, hearty loaf that's perfect for any occasion, 🍞"
10995559,13.0,Rynkeby,Koncentreret Saft,Blandet Saft C,1,1,krt.,Netto,https://static.tilbudsugen.dk/1st-retail/2026/11/64774/Netto102026-1_25_2464x2681_4842x4950_zoom.jpg,2026-03-07,2026-03-13,https://res.cloudinary.com/dfqzmnlga/image/upload/v1772854654/2026-03-07/10995559.jpg,Mixed Soft C,"✨ Soft, squishy, and just right—perfect for any mood! ✨"
10995562,13.0,Rynkeby,Koncentreret Saft,Blandet Saft Gul,1,1,krt.,Netto,https://static.tilbudsugen.dk/1st-retail/2026/11/64774/Netto102026-1_25_2464x2681_4842x4950_zoom.jpg,2026-03-07,2026-03-13,https://res.cloudinary.com/dfqzmnlga/image/upload/v1772854655/2026-03-07/10995562.jpg,Mixed Soft Yellow,"✨ Whimsical yellow dreamer, ready to blend into any scene! 🌈"
10995561,13.0,Rynkeby,Koncentreret Saft,Blandet Saft Light ,1,1,krt.,Netto,https://static.tilbudsugen.dk/1st-retail/2026/11/64774/Netto102026-1_25_2464x2681_4842x4950_zoom.jpg,2026-03-07,2026-03-13,https://res.cloudinary.com/dfqzmnlga/image/upload/v1772854655/2026-03-07/10995561.jpg,Mixed Soft Light,"✨ Soft light that makes everything feel brighter, softer, and more magical ✨"
10995061,10.0,Harvest Best,Grøntsager,Haricots Verts,1,0,ps.,Netto,https://static.tilbudsugen.dk/1st-retail/2026/11/64774/Netto102026-1_2_47x2312_2393x4690_zoom.jpg,2026-03-07,2026-03-13,https://res.cloudinary.com/dfqzmnlga/image/upload/v1772854656/2026-03-07/10995061.jpg,Haricots Verts,"Proudly green, always fresh, and ready to sprout new adventures 🌱"
10995060,10.0,Harvest Best,Grøntsager,Helbladet Spinat,1,0,ps.,Netto,https://static.tilbudsugen.dk/1st-retail/2026/11/64774/Netto102026-1_2_47x2312_2393x4690_zoom.jpg,2026-03-07,2026-03-13,https://res.cloudinary.com/dfqzmnlga/image/upload/v1772854656/2026-03-07/10995060.jpg,Chinese cabbages/pe-tsai,"A bold, spicy fusion of sweet and sour, with a dash of fiery passion. 🌱🔥"
10995071,14.0,ØGO,Frugt,Appelsiner,1,1,ps.,Netto,https://static.tilbudsugen.dk/1st-retail/2026/11/64774/Netto102026-1_10_2966x665_4878x4070_zoom.jpg,2026-03-07,2026-03-13,https://res.cloudinary.com/dfqzmnlga/image/upload/v1772854657/2026-03-07/10995071.jpg,Oranges,"Citrusy vibes, fresh and fiery, always in season 🍊"
10995056,10.0,Harvest Best,Grøntsager,Fine Ærter,1,0,ps.,Netto,https://static.tilbudsugen.dk/1st-retail/2026/11/64774/Netto102026-1_2_47x2312_2393x4690_zoom.jpg,2026-03-07,2026-03-13,https://res.cloudinary.com/dfqzmnlga/image/upload/v1772854657/2026-03-07/10995056.jpg,Fine Peas,"✨ Sprinkle of whimsy, perfect for any meal. 🌱"
10995033,12.0,Levebrød,Sandwich & Toastbrød,Multikerne Sandwichbrød,1,0,stk.,Netto,https://static.tilbudsugen.dk/1st-retail/2026/11/64774/Netto102026-1_1_2463x1289_4896x4540_zoom.jpg,2026-03-07,2026-03-13,https://res.cloudinary.com/dfqzmnlga/image/upload/v1772854658/2026-03-07/10995033.jpg,Multicolor Sandwich bread,"Slice of joy, wrapped in color—perfect for sharing, sparking conversation, and bringing a little fun to your day. 🍞"
10995402,15.0,Caputo,Mel & Melblandinger,Nuvolamel,1,1,ps.,Netto,https://static.tilbudsugen.dk/1st-retail/2026/11/64774/Netto102026-1_22_1723x950_3181x2907_zoom.jpg,2026-03-07,2026-03-13,https://res.cloudinary.com/dfqzmnlga/image/upload/v1772854659/2026-03-07/10995402.jpg,Nuvolamel,✨ Cosmic coffee cup that makes your day brighter!
10995495,30.0,,Lingeri,Trusser,1,2,pk.,Netto,https://static.tilbudsugen.dk/1st-retail/2026/11/64774/Netto102026-1_36_234x2457_2451x4645_zoom.jpg,2026-03-07,2026-03-13,https://res.cloudinary.com/dfqzmnlga/image/upload/v1772854659/2026-03-07/10995495.jpg,Panties,"✨Barely contained, but totally confident. 🌟"
10995401,15.0,Caputo,Mel & Melblandinger,Cuocomel,1,1,ps.,Netto,https://static.tilbudsugen.dk/1st-retail/2026/11/64774/Netto102026-1_22_1723x950_3181x2907_zoom.jpg,2026-03-07,2026-03-13,https://res.cloudinary.com/dfqzmnlga/image/upload/v1772854660/2026-03-07/10995401.jpg,Cuocomel,"✨ Cuocomel: The sweet, sassy, and slightly weirdly charming companion who makes your day just a little bit better. 🌟"
10995403,15.0,Caputo,Mel & Melblandinger,Pizzamel,1,1,ps.,Netto,https://static.tilbudsugen.dk/1st-retail/2026/11/64774/Netto102026-1_22_1723x950_3181x2907_zoom.jpg,2026-03-07,2026-03-13,https://res.cloudinary.com/dfqzmnlga/image/upload/v1772854660/2026-03-07/10995403.jpg,Pizza flour,Crunchy base for cheesy dreams 🍕
10995524,13.0,Zero,Saft,Hyldeblomst drik,1,0,fl.,Netto,https://static.tilbudsugen.dk/1st-retail/2026/11/64774/Netto102026-1_25_2464x2681_4842x4950_zoom.jpg,2026-03-07,2026-03-13,https://res.cloudinary.com/dfqzmnlga/image/upload/v1772854661/2026-03-07/10995524.jpg,Elderflower Drink,"Sip, savor, and sip again—because life's too short for平淡. 🍷"
10995556,13.0,Zero,Saft,Pink Paradise drik,1,0,fl.,Netto,https://static.tilbudsugen.dk/1st-retail/2026/11/64774/Netto102026-1_25_2464x2681_4842x4950_zoom.jpg,2026-03-07,2026-03-13,https://res.cloudinary.com/dfqzmnlga/image/upload/v1772854662/2026-03-07/10995556.jpg,Pink Paradise Drink,"✨ Pink Paradise Drink: Where flavor meets fun, and every sip is a celebration! 🌸"
10995553,13.0,Zero,Koncentreret Saft,Hindbær & Citron Frugtsaft ,1,0,fl.,Netto,https://static.tilbudsugen.dk/1st-retail/2026/11/64774/Netto102026-1_25_2464x2681_4842x4950_zoom.jpg,2026-03-07,2026-03-13,https://res.cloudinary.com/dfqzmnlga/image/upload/v1772854662/2026-03-07/10995553.jpg,Raspberries & Lemon Fruit Juice,"Sip on the sweetest refreshment—raspberries and lemon juice, perfect for a juicy, tangy twist. 🍓🍋"
10995311,16.0,GodMorgen,Juice,Mango Hindbær Juice,1,0,fl.,Netto,https://static.tilbudsugen.dk/1st-retail/2026/11/64774/Netto102026-1_17_2487x198_4896x2883_zoom.jpg,2026-03-07,2026-03-13,https://res.cloudinary.com/dfqzmnlga/image/upload/v1772854663/2026-03-07/10995311.jpg,Mango Raspberry Juice,"Sour and sweet, perfect for a morning pick-me-up ☕✨"
10995313,16.0,GodMorgen,Juice,Æblejuice,1,0,fl.,Netto,https://static.tilbudsugen.dk/1st-retail/2026/11/64774/Netto102026-1_17_2487x198_4896x2883_zoom.jpg,2026-03-07,2026-03-13,https://res.cloudinary.com/dfqzmnlga/image/upload/v1772854663/2026-03-07/10995313.jpg,Apple juice,"Sip, savor, and sweeten your day with every drop—nature's perfect punch. 🍎✨"
10995314,16.0,GodMorgen,Juice,Appelsin Nektar Juice,1,0,fl.,Netto,https://static.tilbudsugen.dk/1st-retail/2026/11/64774/Netto102026-1_17_2487x198_4896x2883_zoom.jpg,2026-03-07,2026-03-13,https://res.cloudinary.com/dfqzmnlga/image/upload/v1772854664/2026-03-07/10995314.jpg,Orange Nectar Juice,"Sour and sweet, perfect for any mood—juice your day with me! 🍊"
10995315,16.0,GodMorgen,Juice,Tropisk Juice,1,0,fl.,Netto,https://static.tilbudsugen.dk/1st-retail/2026/11/64774/Netto102026-1_17_2487x198_4896x2883_zoom.jpg,2026-03-07,2026-03-13,https://res.cloudinary.com/dfqzmnlga/image/upload/v1772854665/2026-03-07/10995315.jpg,Tropical Juice,"Tropical Juice: Sip, swing, and soak in the vibe of summer! 🍹"
10995211,4.97,Booster ,Energi- Sports- & Vitamindrikke,Energidrik,1,0,ds.,Netto,https://static.tilbudsugen.dk/1st-retail/2026/11/64774/Netto102026-1_11_12x3770_2403x6887_zoom.jpg,2026-03-07,2026-03-13,https://res.cloudinary.com/dfqzmnlga/image/upload/v1772854666/2026-03-07/10995211.jpg,Energy Drink,"💥 Stay charged, never quit – I'm the energy that keeps you moving! 🚀"
10995214,4.97,Booster ,Energi- Sports- & Vitamindrikke,Energidrik,1,0,ds.,Netto,https://static.tilbudsugen.dk/1st-retail/2026/11/64774/Netto102026-1_11_12x3770_2403x6887_zoom.jpg,2026-03-07,2026-03-13,https://res.cloudinary.com/dfqzmnlga/image/upload/v1772854667/2026-03-07/10995214.jpg,Energy Drink,"💥 Supercharged energy, delivered every single drop."
10995199,5.0,Jensens Køkken,Saucer,Hollandaisesauce,1,0,fl.,Netto,https://static.tilbudsugen.dk/1st-retail/2026/11/64774/Netto102026-1_5_165x274_2542x3588_zoom.jpg,2026-03-07,2026-03-13,https://res.cloudinary.com/dfqzmnlga/image/upload/v1772854667/2026-03-07/10995199.jpg,Hollandaise sauce,"✨ The perfect blend of cream and passion, my Hollandaise sauce is the ultimate flavor twist. ✨"
10995239,10.0,Harvest Best,Grøntsager,Wok Mix,1,0,ps.,Netto,https://static.tilbudsugen.dk/1st-retail/2026/11/64774/Netto102026-1_12_2499x5304_3626x6863_zoom.jpg,2026-03-07,2026-03-13,https://res.cloudinary.com/dfqzmnlga/image/upload/v1772854668/2026-03-07/10995239.jpg,Wok Mix,"🔥 Stir-fry paradise, one delicious meal at a time! 🍳"
10995059,10.0,Harvest Best,Grøntsager,Wok Mix,1,0,ps.,Netto,https://static.tilbudsugen.dk/1st-retail/2026/11/64774/Netto102026-1_2_47x2312_2393x4690_zoom.jpg,2026-03-07,2026-03-13,https://res.cloudinary.com/dfqzmnlga/image/upload/v1772854668/2026-03-07/10995059.jpg,Wok Mix,🔥Sauté your chaos with a twist! 🍳
10995286,15.0,Valsemøllen,Mel & Melblandinger,Øko Vestkyst Rugbrød,1,0,ps.,Netto,https://static.tilbudsugen.dk/1st-retail/2026/11/64774/Netto102026-1_9_31x2218_1920x6894_zoom.jpg,2026-03-07,2026-03-13,https://res.cloudinary.com/dfqzmnlga/image/upload/v1772854669/2026-03-07/10995286.jpg,Eco-West coast Rye bread,"Sourdough with a twist, fresh from the West Coast, perfect for those who love a good crust. 🍞"
10995224,15.0,Chef de Pomme,Kartofler,Pommes Frites Slim,1,0,ps.,Netto,https://static.tilbudsugen.dk/1st-retail/2026/11/64774/Netto102026-1_12_2529x1462_3745x3003_zoom.jpg,2026-03-07,2026-03-13,https://res.cloudinary.com/dfqzmnlga/image/upload/v1772854670/2026-03-07/10995224.jpg,Pommes Frites Slim,"Savor the crunch, but keep it slim—no butter, no fries, just pure potato joy! 🍲"
10995201,5.0,Jensens Køkken,Saucer,Kyllinge Sauce,1,0,fl.,Netto,https://static.tilbudsugen.dk/1st-retail/2026/11/64774/Netto102026-1_5_165x274_2542x3588_zoom.jpg,2026-03-07,2026-03-13,https://res.cloudinary.com/dfqzmnlga/image/upload/v1772854671/2026-03-07/10995201.jpg,Chicken Sauce,"Sizzling with flavor, I'm the perfect sidekick to any meal—whether it's a spicy burger or a simple salad. 🍗🔥"
10995319,25.0,Actimel,Mellemmåltider,Drikkeyoghurt Skovbær,1,1,pk.,Netto,https://static.tilbudsugen.dk/1st-retail/2026/11/64774/Netto102026-1_17_2517x2901_4908x4813_zoom.jpg,2026-03-07,2026-03-13,https://res.cloudinary.com/dfqzmnlga/image/upload/v1772854671/2026-03-07/10995319.jpg,Drinking yoghurt Forestberries,"Sip, snack, and savour the perfect blend of creamy yoghurt and sweet forestberries—nature's sweet treat. 🍯🍓"
10995318,25.0,Actimel,Mellemmåltider,Drikkeyoghurt Blåbær,1,1,pk.,Netto,https://static.tilbudsugen.dk/1st-retail/2026/11/64774/Netto102026-1_17_2517x2901_4908x4813_zoom.jpg,2026-03-07,2026-03-13,https://res.cloudinary.com/dfqzmnlga/image/upload/v1772854672/2026-03-07/10995318.jpg,Drinking yogurt Blueberries,"Sipping on joy, one blueberry at a time. 🍓"
10995320,25.0,Actimel,Mellemmåltider,Drikkeyoghurt Hindbær,1,1,pk.,Netto,https://static.tilbudsugen.dk/1st-retail/2026/11/64774/Netto102026-1_17_2517x2901_4908x4813_zoom.jpg,2026-03-07,2026-03-13,https://res.cloudinary.com/dfqzmnlga/image/upload/v1772854672/2026-03-07/10995320.jpg,Drinking yogurt Raspberry,"Sip on flavor, sprinkle some raspberry, and let the yogurt do the talking. 🍬✨"
10995076,10.0,Harvest Best,Grønt,Majs,1,0,pk.,Netto,https://static.tilbudsugen.dk/1st-retail/2026/11/64774/Netto102026-1_2_47x2312_2393x4690_zoom.jpg,2026-03-07,2026-03-13,https://res.cloudinary.com/dfqzmnlga/image/upload/v1772854673/2026-03-07/10995076.jpg,Maize,"Golden maize, sweet and bold, turning everyday moments into unforgettable ones 🌽"
10995038,12.0,Levebrød,Boller & Morgenbrød,Chiaboller,1,0,ps.,Netto,https://static.tilbudsugen.dk/1st-retail/2026/11/64774/Netto102026-1_1_2463x1289_4896x4540_zoom.jpg,2026-03-07,2026-03-13,https://res.cloudinary.com/dfqzmnlga/image/upload/v1772854673/2026-03-07/10995038.jpg,Chiabols,Chiabols: The ultimate snack that makes your day brighter with a smile and a crunch! 🍽️
10995225,29.0,Beauvais,Ketchup,Ketchup,1,1,fl.,Netto,https://static.tilbudsugen.dk/1st-retail/2026/11/64774/Netto102026-1_12_3727x1115_4992x3057_zoom.jpg,2026-03-07,2026-03-13,https://res.cloudinary.com/dfqzmnlga/image/upload/v1772854674/2026-03-07/10995225.jpg,Ketchup,"Sour, sweet, and unstoppable—ready to add some flavor to your day! 🍐"
10995543,12.0,Ultra Energy,Energi- Sports- & Vitamindrikke,Energidrik,1,0,ds.,Netto,https://static.tilbudsugen.dk/1st-retail/2026/11/64774/Netto102026-1_25_54x4911_2511x6853_zoom.jpg,2026-03-07,2026-03-13,https://res.cloudinary.com/dfqzmnlga/image/upload/v1772854674/2026-03-07/10995543.jpg,Energy Drink,🔥 Never gonna give up on the fight!
10995528,12.0,Mango Loco,Energi- Sports- & Vitamindrikke,Energidrik,1,0,ds.,Netto,https://static.tilbudsugen.dk/1st-retail/2026/11/64774/Netto102026-1_25_54x4911_2511x6853_zoom.jpg,2026-03-07,2026-03-13,https://res.cloudinary.com/dfqzmnlga/image/upload/v1772854675/2026-03-07/10995528.jpg,Energy Drink,"💥 Supercharged energy, never backed down! 🚀"
10995542,12.0,Energy,Energi- Sports- & Vitamindrikke,Energidrik,1,0,ds.,Netto,https://static.tilbudsugen.dk/1st-retail/2026/11/64774/Netto102026-1_25_54x4911_2511x6853_zoom.jpg,2026-03-07,2026-03-13,https://res.cloudinary.com/dfqzmnlga/image/upload/v1772854676/2026-03-07/10995542.jpg,Energy Drink,"💥 Stay charged, never bored — I'm your ultimate energy boost! 🌟"
10995540,12.0,Full Throttle,Energi- Sports- & Vitamindrikke,Energidrik,1,0,ds.,Netto,https://static.tilbudsugen.dk/1st-retail/2026/11/64774/Netto102026-1_25_54x4911_2511x6853_zoom.jpg,2026-03-07,2026-03-13,https://res.cloudinary.com/dfqzmnlga/image/upload/v1772854676/2026-03-07/10995540.jpg,Energy Drink,"🔥 Never underestimate the power of a quick, electrifying boost!"
10995546,12.0,Ultra Strawberry Dreams,Energi- Sports- & Vitamindrikke,Energidrik,1,0,ds.,Netto,https://static.tilbudsugen.dk/1st-retail/2026/11/64774/Netto102026-1_25_54x4911_2511x6853_zoom.jpg,2026-03-07,2026-03-13,https://res.cloudinary.com/dfqzmnlga/image/upload/v1772854677/2026-03-07/10995546.jpg,Energy Drink,"💥 Supercharged energy, delivered every single drop. 🌟"
10995541,12.0,Ultra Rosa,Energi- Sports- & Vitamindrikke,Energidrik,1,0,ds.,Netto,https://static.tilbudsugen.dk/1st-retail/2026/11/64774/Netto102026-1_25_54x4911_2511x6853_zoom.jpg,2026-03-07,2026-03-13,https://res.cloudinary.com/dfqzmnlga/image/upload/v1772854677/2026-03-07/10995541.jpg,Energy Drink,"💥 Supercharged energy, anytime, anywhere! 🌟"
10995340,15.0,Bakersfield,Dybfrost Brød,Græskarkernestykker,1,0,ps.,Netto,https://static.tilbudsugen.dk/1st-retail/2026/11/64774/Netto102026-1_21_140x669_4873x2907_zoom.jpg,2026-03-07,2026-03-13,https://res.cloudinary.com/dfqzmnlga/image/upload/v1772854677/2026-03-07/10995340.jpg,Sheets for pumpkins,🎃 Pumpkin sheets that make every season feel like a party!
10995342,15.0,Bakersfield,Dybfrost Brød,Møllehjul,1,0,ps.,Netto,https://static.tilbudsugen.dk/1st-retail/2026/11/64774/Netto102026-1_21_140x669_4873x2907_zoom.jpg,2026-03-07,2026-03-13,https://res.cloudinary.com/dfqzmnlga/image/upload/v1772854678/2026-03-07/10995342.jpg,Mill wheels,✨ Turn any ordinary day into a spinning adventure with mill wheels! 🌟
10995341,15.0,Bakersfield,Dybfrost Brød,Skagenslapper,1,0,ps.,Netto,https://static.tilbudsugen.dk/1st-retail/2026/11/64774/Netto102026-1_21_140x669_4873x2907_zoom.jpg,2026-03-07,2026-03-13,https://res.cloudinary.com/dfqzmnlga/image/upload/v1772854679/2026-03-07/10995341.jpg,Shape-holders,"✨Shape-shapers of the world, turning chaos into calm with every twist and turn!"
10995285,15.0,Valsemøllen,Mel & Melblandinger,Surdejsboller Koldhævet Melblanding,1,0,pk.,Netto,https://static.tilbudsugen.dk/1st-retail/2026/11/64774/Netto102026-1_9_31x2218_1920x6894_zoom.jpg,2026-03-07,2026-03-13,https://res.cloudinary.com/dfqzmnlga/image/upload/v1772854679/2026-03-07/10995285.jpg,Surdejsboller Cold-reinforced flour mixture,"✨ Flaky, resilient, and always ready to rise — the Surdejsboller is here to make any dish feel like a celebration! 🥣"
10995209,10.0,Bistronne,Færdigretter Frost,Kyllingenuggets,1,0,ps.,Netto,https://static.tilbudsugen.dk/1st-retail/2026/11/64774/Netto102026-1_5_8x3792_2479x6862_zoom.jpg,2026-03-07,2026-03-13,https://res.cloudinary.com/dfqzmnlga/image/upload/v1772854680/2026-03-07/10995209.jpg,Chicken uggets,"🔥Chicken uggets, ready to conquer your kitchen and your taste buds! 🍗"
10995223,10.0,Bistronne,Færdigretter Frost,Kyllingenuggets,1,0,ps.,Netto,https://static.tilbudsugen.dk/1st-retail/2026/11/64774/Netto102026-1_12_1318x1558_2517x2985_zoom.jpg,2026-03-07,2026-03-13,https://res.cloudinary.com/dfqzmnlga/image/upload/v1772854680/2026-03-07/10995223.jpg,Chicken uggets,"🔥 Chicken uggets, ready to crush your day with a spicy kick! 🍗"
10995062,10.0,Harvest Best,Grøntsager,Mukimame Bønner,1,0,ps.,Netto,https://static.tilbudsugen.dk/1st-retail/2026/11/64774/Netto102026-1_2_47x2312_2393x4690_zoom.jpg,2026-03-07,2026-03-13,https://res.cloudinary.com/dfqzmnlga/image/upload/v1772854681/2026-03-07/10995062.jpg,Mukimame Beans,✨ Swirl your day with a sprinkle of magic and a dash of flavor!
10995429,50.0,,Lys/lyskæder,LED fyrfadslys,1,2,stk.,Netto,https://static.tilbudsugen.dk/1st-retail/2026/11/64774/Netto102026-1_34_3290x4741_4728x6803_zoom.jpg,2026-03-07,2026-03-13,https://res.cloudinary.com/dfqzmnlga/image/upload/v1772854681/2026-03-07/10995429.jpg,LED tea light,✨ Glow up your space with a little sparkle! 🌟
10995258,25.0,,Frugt,Cantaloupemelon,1,1,stk.,Netto,https://static.tilbudsugen.dk/1st-retail/2026/11/64774/Netto102026-1_13_2469x5082_4872x6821_zoom.jpg,2026-03-07,2026-03-13,https://res.cloudinary.com/dfqzmnlga/image/upload/v1772854682/2026-03-07/10995258.jpg,Cantaloupemelone,"Cantaloupemelone: The sweet, juicy star of the summer fruit kingdom 🍉"
10995421,19.0,Bell's,Müsli & Granola,Granola,1,0,ps.,Netto,https://static.tilbudsugen.dk/1st-retail/2026/11/64774/Netto102026-1_22_47x2845_1762x4841_zoom.jpg,2026-03-07,2026-03-13,https://res.cloudinary.com/dfqzmnlga/image/upload/v1772854682/2026-03-07/10995421.jpg,Granola,"✨ Crunchy, sweet, and ready to conquer your day!"
10995042,12.0,Levebrød,Boller & Morgenbrød,Fuldkornsboller,1,0,ps.,Netto,https://static.tilbudsugen.dk/1st-retail/2026/11/64774/Netto102026-1_1_2463x1289_4896x4540_zoom.jpg,2026-03-07,2026-03-13,https://res.cloudinary.com/dfqzmnlga/image/upload/v1772854683/2026-03-07/10995042.jpg,Whole grain balls,"Satisfy your cravings with a cozy, chewy burst of flavor—whole grain balls are here to make every bite a celebration! 🍞"
10995247,7.0,Asian Kitchen,Nudler,Fuldkornsnudler,1,0,pk.,Netto,https://static.tilbudsugen.dk/1st-retail/2026/11/64774/Netto102026-1_12_3685x5250_4866x6785_zoom.jpg,2026-03-07,2026-03-13,https://res.cloudinary.com/dfqzmnlga/image/upload/v1772854683/2026-03-07/10995247.jpg,Whole grain noodles,"Crisp, hearty, and ready to conquer any meal—just need a little more flavor. 🍜"
10995073,11.12,ØGO,Saucer,Pizzasauce,1,0,krt.,Netto,https://static.tilbudsugen.dk/1st-retail/2026/11/64774/Netto102026-1_10_3176x4106_4896x6869_zoom.jpg,2026-03-07,2026-03-13,https://res.cloudinary.com/dfqzmnlga/image/upload/v1772854684/2026-03-07/10995073.jpg,Pizza sauce,"Sizzle, blend, and elevate your meal with a dash of flavor—🍕🔥"
10995570,39.0,A+,Vaskemiddel,Vaskemiddel-flydende,1,1,fl.,Netto,https://static.tilbudsugen.dk/1st-retail/2026/11/64774/Netto102026-1_26_86x4779_4920x6869_zoom.jpg,2026-03-07,2026-03-13,https://res.cloudinary.com/dfqzmnlga/image/upload/v1772854685/2026-03-07/10995570.jpg,Laundry liquid,Goes beyond the load—cleaning clothes with style and flair! 💦
10995596,59.0,,Boligartikler,Kurvesæt,1,2,stk.,Netto,https://static.tilbudsugen.dk/1st-retail/2026/11/64774/Netto102026-1_27_351x4911_3251x6713_zoom.jpg,2026-03-07,2026-03-13,https://res.cloudinary.com/dfqzmnlga/image/upload/v1772854685/2026-03-07/10995596.jpg,Basket set,"✨ Carry everything, one basket at a time! ✨"
10995323,15.0,Becel,Fedtstoffer,Margarine - flydende original,1,0,fl.,Netto,https://static.tilbudsugen.dk/1st-retail/2026/11/64774/Netto102026-1_17_1732x4873_3314x6881_zoom.jpg,2026-03-07,2026-03-13,https://res.cloudinary.com/dfqzmnlga/image/upload/v1772854686/2026-03-07/10995323.jpg,Margarine - liquid original,"Smooth, creamy, and ready to conquer any day—just like you! 🌟"
10995233,9.0,Breezer,RTD,Vibrant Raspberry & Yuzu RTD,1,0,fl.,Netto,https://static.tilbudsugen.dk/1st-retail/2026/11/64774/Netto102026-1_7_23x423_2440x3580_zoom.jpg,2026-03-07,2026-03-13,https://res.cloudinary.com/dfqzmnlga/image/upload/v1772854686/2026-03-07/10995233.jpg,Vibrant Raspberry & Yuzu RTD,"✨ Sip on the sweet, zingy thrill of fresh raspberry and yuzu—nature's perfect blend of tart and bright! ✨"
10995235,9.0,Breezer,RTD,White Tea & Raspberry,1,0,fl.,Netto,https://static.tilbudsugen.dk/1st-retail/2026/11/64774/Netto102026-1_7_23x423_2440x3580_zoom.jpg,2026-03-07,2026-03-13,https://res.cloudinary.com/dfqzmnlga/image/upload/v1772854687/2026-03-07/10995235.jpg,White Tea & Raspberry,"Sip on the sweet, floral notes of white tea, wrapped in the tangy freshness of raspberries — nature's perfect blend. 🍒🍵"
10995234,9.0,Breezer,RTD,Sweet Pineapple RTD,1,0,fl.,Netto,https://static.tilbudsugen.dk/1st-retail/2026/11/64774/Netto102026-1_7_23x423_2440x3580_zoom.jpg,2026-03-07,2026-03-13,https://res.cloudinary.com/dfqzmnlga/image/upload/v1772854687/2026-03-07/10995234.jpg,Sweet Pineapple RTD,"A sweet, tangy tropical twist that's always in season—because flavor deserves to be celebrated! 🍑"
10995226,9.0,Breezer,RTD,Zesty Orange RTD,1,0,fl.,Netto,https://static.tilbudsugen.dk/1st-retail/2026/11/64774/Netto102026-1_7_23x423_2440x3580_zoom.jpg,2026-03-07,2026-03-13,https://res.cloudinary.com/dfqzmnlga/image/upload/v1772854688/2026-03-07/10995226.jpg,Zesty Orange RTD,"Tropical twist on a citrus burst, ready to zest up your day 🍊"
10995230,9.0,Breezer,RTD,Sweet Strawberry RTD,1,0,fl.,Netto,https://static.tilbudsugen.dk/1st-retail/2026/11/64774/Netto102026-1_7_23x423_2440x3580_zoom.jpg,2026-03-07,2026-03-13,https://res.cloudinary.com/dfqzmnlga/image/upload/v1772854689/2026-03-07/10995230.jpg,Sweet Strawberry RTD,"Sip on sweet strawberry RTD, where every bite is a tropical delight 🍓✨"
10995232,9.0,Breezer,RTD,Juicy Peach RTD,1,0,fl.,Netto,https://static.tilbudsugen.dk/1st-retail/2026/11/64774/Netto102026-1_7_23x423_2440x3580_zoom.jpg,2026-03-07,2026-03-13,https://res.cloudinary.com/dfqzmnlga/image/upload/v1772854689/2026-03-07/10995232.jpg,Juicy Peach RTD,"Sweet, juicy, and refreshing—like a sunset on your tongue! 🍑"
10995229,9.0,Breezer,RTD,Lite Lemon RTD,1,0,fl.,Netto,https://static.tilbudsugen.dk/1st-retail/2026/11/64774/Netto102026-1_7_23x423_2440x3580_zoom.jpg,2026-03-07,2026-03-13,https://res.cloudinary.com/dfqzmnlga/image/upload/v1772854690/2026-03-07/10995229.jpg,Lite Lemon RTD,"Light up your day with a squeeze of lemon—no sugar, just pure freshness. 🍋"
10995231,9.0,Breezer,RTD,Lite Orange RTD,1,0,fl.,Netto,https://static.tilbudsugen.dk/1st-retail/2026/11/64774/Netto102026-1_7_23x423_2440x3580_zoom.jpg,2026-03-07,2026-03-13,https://res.cloudinary.com/dfqzmnlga/image/upload/v1772854690/2026-03-07/10995231.jpg,Lite Orange RTD,"Sip, sip, and smile—Lite Orange RTD is the refreshment you need to keep your day light-hearted! 🍊"
10995499,99.0,,Italienske vine,Italiensk Hvidvin,1,3,krt.,Netto,https://static.tilbudsugen.dk/1st-retail/2026/11/64774/Netto102026-1_24_1676x708_4998x2837_zoom.jpg,2026-03-07,2026-03-13,https://res.cloudinary.com/dfqzmnlga/image/upload/v1772854690/2026-03-07/10995499.jpg,Italian White wine,"Sip, savor, and let the flavors speak — Italian white wine, perfect for any occasion. 🍷"
10995502,99.0,,Tyske vine,Tysk Hvidvin,1,3,krt.,Netto,https://static.tilbudsugen.dk/1st-retail/2026/11/64774/Netto102026-1_24_1676x708_4998x2837_zoom.jpg,2026-03-07,2026-03-13,https://res.cloudinary.com/dfqzmnlga/image/upload/v1772854691/2026-03-07/10995502.jpg,German White wine,"Sip the perfect blend of tradition and taste, 🍷"
10995500,99.0,,Italienske vine,Italiensk Rosévin,1,3,krt.,Netto,https://static.tilbudsugen.dk/1st-retail/2026/11/64774/Netto102026-1_24_1676x708_4998x2837_zoom.jpg,2026-03-07,2026-03-13,https://res.cloudinary.com/dfqzmnlga/image/upload/v1772854691/2026-03-07/10995500.jpg,Italian Rosé wine,"Sip on the perfect blend of sweet and bold, with a touch of nostalgia — 🍷"
10995501,99.0,,Italienske vine,Italiensk Rødvin,1,3,krt.,Netto,https://static.tilbudsugen.dk/1st-retail/2026/11/64774/Netto102026-1_24_1676x708_4998x2837_zoom.jpg,2026-03-07,2026-03-13,https://res.cloudinary.com/dfqzmnlga/image/upload/v1772854692/2026-03-07/10995501.jpg,Italian Red Wine,"Sip, savor, and savor the taste of adventure—Italian Red Wine 🍷"
10995210,10.0,Velsmag,Grisekød,Medister,1,0,bk.,Netto,https://static.tilbudsugen.dk/1st-retail/2026/11/64774/Netto102026-1_6_55x156_2448x2328_zoom.jpg,2026-03-07,2026-03-13,https://res.cloudinary.com/dfqzmnlga/image/upload/v1772854692/2026-03-07/10995210.jpg,Medists,✨ Medist who turns mundane into magic with a sprinkle of whimsy and a dash of sparkle! ✨
10995031,10.0,Velsmag,Grisekød,Medister,1,0,bk.,Netto,https://static.tilbudsugen.dk/1st-retail/2026/11/64774/Netto102026-1_1_2448x4517_4935x6878_zoom.jpg,2026-03-07,2026-03-13,https://res.cloudinary.com/dfqzmnlga/image/upload/v1772854693/2026-03-07/10995031.jpg,Medists,✨ Medist who turns mundane into magic ✨
10995204,10.0,Bistronne,Færdigretter Frost,Kyllingeburger,1,0,ps.,Netto,https://static.tilbudsugen.dk/1st-retail/2026/11/64774/Netto102026-1_5_8x3792_2479x6862_zoom.jpg,2026-03-07,2026-03-13,https://res.cloudinary.com/dfqzmnlga/image/upload/v1772854693/2026-03-07/10995204.jpg,Chicken burger,"🔥 Craving a bite that screams ""I'm everywhere"" — chicken burger, ready to conquer your taste buds! 🍔"
10995217,17.47,Næmt,Færdigretter Frost,Biksemad med Oksekød,1,0,ps.,Netto,https://static.tilbudsugen.dk/1st-retail/2026/11/64774/Netto102026-1_11_2457x4112_4938x6875_zoom.jpg,2026-03-07,2026-03-13,https://res.cloudinary.com/dfqzmnlga/image/upload/v1772854694/2026-03-07/10995217.jpg,Beef boxing food,🔥 Beef boxing food that's ready to crush your cravings! 🥩
10995272,49.0,De Danske Familiegårde,Kylling,Kylling,1,1,stk.,Netto,https://static.tilbudsugen.dk/1st-retail/2026/11/64774/Netto102026-1_14_1696x2565_3218x4735_zoom.jpg,2026-03-07,2026-03-13,https://res.cloudinary.com/dfqzmnlga/image/upload/v1772854694/2026-03-07/10995272.jpg,Chicken,"Sizzling with flavor, ready to conquer your taste buds! 🍗"
10995208,12.11,Kohberg,Fastfoodbrød,Fuldkorn Burgerboller,1,0,pk.,Netto,https://static.tilbudsugen.dk/1st-retail/2026/11/64774/Netto102026-1_11_108x827_3320x3674_zoom.jpg,2026-03-07,2026-03-13,https://res.cloudinary.com/dfqzmnlga/image/upload/v1772854695/2026-03-07/10995208.jpg,Whole grains Burger balls,Satisfy your cravings with a burst of whole grain goodness and flavor—because a burger should be more than just a meal. 🍞
10995206,10.0,Bistronne,Fjerkræ,Kyllingeschnitzler,1,0,ps.,Netto,https://static.tilbudsugen.dk/1st-retail/2026/11/64774/Netto102026-1_5_8x3792_2479x6862_zoom.jpg,2026-03-07,2026-03-13,https://res.cloudinary.com/dfqzmnlga/image/upload/v1772854695/2026-03-07/10995206.jpg,Chicken schnitzes,"Sizzling with flavor, I'm the chicken schnitzel that's ready to conquer your taste buds! 🍗✨"
10995328,30.0,Næmt,Færdigretter Køl,Fried Noodles,1,0,bk.,Netto,https://static.tilbudsugen.dk/1st-retail/2026/11/64774/Netto102026-1_20_2433x2470_4951x4646_zoom.jpg,2026-03-07,2026-03-13,https://res.cloudinary.com/dfqzmnlga/image/upload/v1772854696/2026-03-07/10995328.jpg,Fried Noodles,"✨Sizzling with flavor, ready to conquer your taste buds!"
10995327,30.0,Næmt,Færdigretter Køl,Stegte Ris,1,0,bk.,Netto,https://static.tilbudsugen.dk/1st-retail/2026/11/64774/Netto102026-1_20_2433x2470_4951x4646_zoom.jpg,2026-03-07,2026-03-13,https://res.cloudinary.com/dfqzmnlga/image/upload/v1772854696/2026-03-07/10995327.jpg,Fried rice,"Sizzling with flavor, I'm the go-to sidekick for any meal—just ask me what I'm cooking! 🍚"
10995405,12.0,Santa Maria,Mexicansk,Tortillawraps Whole Wheat,1,0,pk.,Netto,https://static.tilbudsugen.dk/1st-retail/2026/11/64774/Netto102026-1_22_3306x146_4889x2884_zoom.jpg,2026-03-07,2026-03-13,https://res.cloudinary.com/dfqzmnlga/image/upload/v1772854697/2026-03-07/10995405.jpg,Tortillawraps Whole Wheat,"Wrap your day in warmth and flavor with a tortillawraps whole wheat—fresh, hearty, and perfect for any occasion. 🍽️"
10995406,12.0,Santa Maria,Mexicansk,Tortillawraps Original 8 Medium,1,0,pk.,Netto,https://static.tilbudsugen.dk/1st-retail/2026/11/64774/Netto102026-1_22_3306x146_4889x2884_zoom.jpg,2026-03-07,2026-03-13,https://res.cloudinary.com/dfqzmnlga/image/upload/v1772854697/2026-03-07/10995406.jpg,Tortillawraps Original 8 Medium,"Wrap your day in fun, flavor, and endless possibilities 🌟"
10995420,19.0,Bell's,Müsli & Granola,Granola Triple Choco,1,0,ps.,Netto,https://static.tilbudsugen.dk/1st-retail/2026/11/64774/Netto102026-1_22_47x2845_1762x4841_zoom.jpg,2026-03-07,2026-03-13,https://res.cloudinary.com/dfqzmnlga/image/upload/v1772854698/2026-03-07/10995420.jpg,Granola Triple Choco,"✨ Crunchy, chocolatey, and perfectly balanced – my flavor is just right for the perfect snack. ✨"
10995077,28.74,,Spanske vine,Spansk Rødvin,1,0,fl.,Netto,https://static.tilbudsugen.dk/1st-retail/2026/11/64774/Netto102026-1_10_60x3260_3086x6881_zoom.jpg,2026-03-07,2026-03-13,https://res.cloudinary.com/dfqzmnlga/image/upload/v1772854699/2026-03-07/10995077.jpg,Spanish Red Wine,"Sip, savor, and let the flavors speak — Spanish Red Wine. 🍷"
10995205,28.74,,Spanske vine,Spansk Hvidvin,1,0,fl.,Netto,https://static.tilbudsugen.dk/1st-retail/2026/11/64774/Netto102026-1_10_60x3260_3086x6881_zoom.jpg,2026-03-07,2026-03-13,https://res.cloudinary.com/dfqzmnlga/image/upload/v1772854699/2026-03-07/10995205.jpg,Spanish White wine,"Sip, savor, and let the flavors speak — Spanish white wine, unfiltered and unforgettable. 🍷"
10995505,29.0,Verdi,Italienske vine,Italiensk Mousserende Vin,1,0,fl.,Netto,https://static.tilbudsugen.dk/1st-retail/2026/11/64774/Netto102026-1_24_2495x2884_4975x4841_zoom.jpg,2026-03-07,2026-03-13,https://res.cloudinary.com/dfqzmnlga/image/upload/v1772854700/2026-03-07/10995505.jpg,Italian Sparkling Wine,"A sip of adventure, a toast to flavor, and a dash of elegance—perfect for any occasion. 🍷"
10995260,19.95,Velsmag,Grisekød,Hamburgerryg,1,0,bk.,Netto,https://static.tilbudsugen.dk/1st-retail/2026/11/64774/Netto102026-1_14_42x731_2523x2445_zoom.jpg,2026-03-07,2026-03-13,https://res.cloudinary.com/dfqzmnlga/image/upload/v1772854700/2026-03-07/10995260.jpg,Hamburger back,"Hamburger back, ready to crush your day with a juicy, unstoppable flavor! 🍔🔥"
10995329,22.0,Bådsmand,Sild,Sild,1,0,gl.,Netto,https://static.tilbudsugen.dk/1st-retail/2026/11/64774/Netto102026-1_18_0x797_4920x2811_zoom.jpg,2026-03-07,2026-03-13,https://res.cloudinary.com/dfqzmnlga/image/upload/v1772854701/2026-03-07/10995329.jpg,Herring,Sashimi chef with a side of seaweed—ready to snack or feast. 🍣
10995317,20.0,Food To Go,Mellemmåltider,Proteindrik Vanilla Hazelnut,1,0,fl.,Netto,https://static.tilbudsugen.dk/1st-retail/2026/11/64774/Netto102026-1_17_168x2763_2487x4819_zoom.jpg,2026-03-07,2026-03-13,https://res.cloudinary.com/dfqzmnlga/image/upload/v1772854701/2026-03-07/10995317.jpg,Protein Drink Vanilla Hazelnut,"✨ Vanilla hazelnut protein drink, ready to fuel your day! 🍯"
10995322,20.0,Egelykke,Madlavning friskvarer,Piskefløde 36%,1,0,stk.,Netto,https://static.tilbudsugen.dk/1st-retail/2026/11/64774/Netto102026-1_17_138x5023_1702x6803_zoom.jpg,2026-03-07,2026-03-13,https://res.cloudinary.com/dfqzmnlga/image/upload/v1772854702/2026-03-07/10995322.jpg,Whip cream 36%,"Sooapy whip cream with a twist—sweet, creamy, and slightly rebellious. 🧁"
10995074,10.0,Harvest Best,Grøntsager,Broccolibuketter,1,0,ps.,Netto,https://static.tilbudsugen.dk/1st-retail/2026/11/64774/Netto102026-1_2_47x2312_2393x4690_zoom.jpg,2026-03-07,2026-03-13,https://res.cloudinary.com/dfqzmnlga/image/upload/v1772854703/2026-03-07/10995074.jpg,Broccoli bouquets,"A kaleidoscope of green in every bite, ready to transform your meal into a feast! 🥬"
10995316,20.0,Food To Go,Mellemmåltider,Proteindrik Chocolate Caramel,1,0,fl.,Netto,https://static.tilbudsugen.dk/1st-retail/2026/11/64774/Netto102026-1_17_168x2763_2487x4819_zoom.jpg,2026-03-07,2026-03-13,https://res.cloudinary.com/dfqzmnlga/image/upload/v1772854703/2026-03-07/10995316.jpg,Protein Drink Chocolate Caramel,"✨ High-protein, sweet, and creamy — perfect for any snack or energy boost! 🍫"
10995072,10.0,Harvest Best,Grøntsager,Broccoli Mix,1,0,ps.,Netto,https://static.tilbudsugen.dk/1st-retail/2026/11/64774/Netto102026-1_2_47x2312_2393x4690_zoom.jpg,2026-03-07,2026-03-13,https://res.cloudinary.com/dfqzmnlga/image/upload/v1772854704/2026-03-07/10995072.jpg,Broccoli Mix,"Crispy, colorful, and a bit dramatic—perfect for a salad. 🥬"
10995299,12.0,Fransk Let,Postej og Paté,Leverpostej,1,0,pk.,Netto,https://static.tilbudsugen.dk/1st-retail/2026/11/64774/Netto102026-1_19_39x2829_1653x4903_zoom.jpg,2026-03-07,2026-03-13,https://res.cloudinary.com/dfqzmnlga/image/upload/v1772854704/2026-03-07/10995299.jpg,Liver pie,"Craving a savory, smoky treat that's both hearty and hearty — just ask me, I'm liver pie. 🍴"
10995303,12.0,Grovhakket Let,Postej og Paté,Leverpostej,1,0,pk.,Netto,https://static.tilbudsugen.dk/1st-retail/2026/11/64774/Netto102026-1_19_39x2829_1653x4903_zoom.jpg,2026-03-07,2026-03-13,https://res.cloudinary.com/dfqzmnlga/image/upload/v1772854705/2026-03-07/10995303.jpg,Liver pie,"Craving a sweet, savory treat that satisfies both taste and soul? I'm liver pie—bold, bold, and always ready to satisfy. 🍕"
10995503,99.0,,Italienske vine,Italiensk Rødvin,1,2,krt.,Netto,https://static.tilbudsugen.dk/1st-retail/2026/11/64774/Netto102026-1_24_1676x708_4998x2837_zoom.jpg,2026-03-07,2026-03-13,https://res.cloudinary.com/dfqzmnlga/image/upload/v1772854705/2026-03-07/10995503.jpg,Italian Red Wine,"Sip, savor, and savor the taste of adventure—each bottle tells a story. 🍷"
10995288,12.0,Cheasy,Madlavningsost,"Hytteost naturel 1,5%",1,0,bg.,Netto,https://static.tilbudsugen.dk/1st-retail/2026/11/64774/Netto102026-1_16_60x815_3530x2889_zoom.jpg,2026-03-07,2026-03-13,https://res.cloudinary.com/dfqzmnlga/image/upload/v1772854706/2026-03-07/10995288.jpg,"Cabin cheese natural 1,5%","✨ Savor the creamy, fresh taste of nature in every bite! ✨"
10995050,29.0,Den Gamle Fabrik,Marmelade,Hindbærmarmelade,1,0,gl.,Netto,https://static.tilbudsugen.dk/1st-retail/2026/11/64774/Netto102026-1_2_2330x2257_4840x4595_zoom.jpg,2026-03-07,2026-03-13,https://res.cloudinary.com/dfqzmnlga/image/upload/v1772854706/2026-03-07/10995050.jpg,Raspberry jam,"Sweet, tangy, and slightly messy — I'm the perfect companion for any messy morning. 🍓"
10995053,29.0,Den Gamle Fabrik,Marmelade,Rababer/Jordbærmarmelade,1,0,gl.,Netto,https://static.tilbudsugen.dk/1st-retail/2026/11/64774/Netto102026-1_2_2330x2257_4840x4595_zoom.jpg,2026-03-07,2026-03-13,https://res.cloudinary.com/dfqzmnlga/image/upload/v1772854707/2026-03-07/10995053.jpg,"Blackberries/black and white (black, red and white)","✨ A burst of flavor, bold and bright, with a touch of elegance. ✨"
10995049,29.0,Den Gamle Fabrik,Marmelade,Jordbærmarmelade,1,0,gl.,Netto,https://static.tilbudsugen.dk/1st-retail/2026/11/64774/Netto102026-1_2_2330x2257_4840x4595_zoom.jpg,2026-03-07,2026-03-13,https://res.cloudinary.com/dfqzmnlga/image/upload/v1772854707/2026-03-07/10995049.jpg,Strawberry marmalade,"Savoring sweet moments, one jar at a time 🍓"
10995051,29.0,Den Gamle Fabrik,Marmelade,Solbærmarmelade,1,0,gl.,Netto,https://static.tilbudsugen.dk/1st-retail/2026/11/64774/Netto102026-1_2_2330x2257_4840x4595_zoom.jpg,2026-03-07,2026-03-13,https://res.cloudinary.com/dfqzmnlga/image/upload/v1772854708/2026-03-07/10995051.jpg,Blackcurrant jam,"Sweet, bold, and tangy — my jam is ready to conquer your day! 🍓"
10995070,29.0,Den Gamle Fabrik,Marmelade,Boysenbærmarmelade,1,0,gl.,Netto,https://static.tilbudsugen.dk/1st-retail/2026/11/64774/Netto102026-1_2_2330x2257_4840x4595_zoom.jpg,2026-03-07,2026-03-13,https://res.cloudinary.com/dfqzmnlga/image/upload/v1772854708/2026-03-07/10995070.jpg,Boysenberry jam,"Sweet, juicy, and unstoppable — the perfect companion to any afternoon snack! 🍓"
10995052,29.0,Den Gamle Fabrik,Marmelade,Appelsinmarmelade,1,0,gl.,Netto,https://static.tilbudsugen.dk/1st-retail/2026/11/64774/Netto102026-1_2_2330x2257_4840x4595_zoom.jpg,2026-03-07,2026-03-13,https://res.cloudinary.com/dfqzmnlga/image/upload/v1772854709/2026-03-07/10995052.jpg,Orange marmalade,"Sweet, tangy, and perfectly poised—like a perfect morning cup of coffee. 🍊"
10995251,20.0,Andoni,Pizza Frost,Oksekød & Peberfrugt Pizza,1,0,stk.,Netto,https://static.tilbudsugen.dk/1st-retail/2026/11/64774/Netto102026-1_7_47x3729_2448x6878_zoom.jpg,2026-03-07,2026-03-13,https://res.cloudinary.com/dfqzmnlga/image/upload/v1772854710/2026-03-07/10995251.jpg,Beef & Pepper Pizza,"🔥 Sizzle it, serve it, and let the flavor talk — Beef & Pepper Pizza is the ultimate kitchen showdown! 🍕"
10995250,20.0,Andoni,Pizza Frost,Pepperoni Pizza,1,0,stk.,Netto,https://static.tilbudsugen.dk/1st-retail/2026/11/64774/Netto102026-1_7_47x3729_2448x6878_zoom.jpg,2026-03-07,2026-03-13,https://res.cloudinary.com/dfqzmnlga/image/upload/v1772854710/2026-03-07/10995250.jpg,Pepperoni Pizza,"🔥 Pepperoni Pizza: The ultimate flavor explosion, delivered with a side of heat and a dash of joy! 🍕"
10995252,20.0,Andoni,Pizza Frost,Kartoffel & Mascarpone Pizza,1,0,stk.,Netto,https://static.tilbudsugen.dk/1st-retail/2026/11/64774/Netto102026-1_7_47x3729_2448x6878_zoom.jpg,2026-03-07,2026-03-13,https://res.cloudinary.com/dfqzmnlga/image/upload/v1772854711/2026-03-07/10995252.jpg,Potato & Mascarpone Pizza,"Savory blend of potato and mascarpone, served with a sprinkle of joy— 🍴✨"
10995269,24.95,Velsmag,Grisekød,Nakkefilet,1,0,bk.,Netto,https://static.tilbudsugen.dk/1st-retail/2026/11/64774/Netto102026-1_14_60x2511_1678x4735_zoom.jpg,2026-03-07,2026-03-13,https://res.cloudinary.com/dfqzmnlga/image/upload/v1772854711/2026-03-07/10995269.jpg,Neck filet,"Slaying the plate with a perfect slice of flavor, 🍽️"
10995267,24.95,Velsmag,Grisekød,Bacon,1,0,pk.,Netto,https://static.tilbudsugen.dk/1st-retail/2026/11/64774/Netto102026-1_14_60x2511_1678x4735_zoom.jpg,2026-03-07,2026-03-13,https://res.cloudinary.com/dfqzmnlga/image/upload/v1772854712/2026-03-07/10995267.jpg,Bacon,"Savory, smoky, and ready to ignite your day 🥪"
10995026,10.0,Bakkedal,Fedtstoffer,Smørbar,1,0,bg.,Netto,https://static.tilbudsugen.dk/1st-retail/2026/11/64774/Netto102026-1_1_86x1391_2369x3344_zoom.jpg,2026-03-07,2026-03-13,https://res.cloudinary.com/dfqzmnlga/image/upload/v1772854712/2026-03-07/10995026.jpg,Butterable,"Melt into your heart with a creamy, buttery kiss. 🧄"
10995213,20.0,Velsmag,Kalve- og grisekød,Hakket kalv og grisekød 8-12%,1,0,bk.,Netto,https://static.tilbudsugen.dk/1st-retail/2026/11/64774/Netto102026-1_6_63x2997_2243x4808_zoom.jpg,2026-03-07,2026-03-13,https://res.cloudinary.com/dfqzmnlga/image/upload/v1772854713/2026-03-07/10995213.jpg,Minced calf and pig meat 8-12 per cent,"Sizzling blend of flavors, ready to ignite your taste buds! 🍳"
10995178,10.0,Buko,Specialost,Flødeost Naturel,1,0,bg.,Netto,https://static.tilbudsugen.dk/1st-retail/2026/11/64774/Netto102026-1_4_63x526_2487x3540_zoom.jpg,2026-03-07,2026-03-13,https://res.cloudinary.com/dfqzmnlga/image/upload/v1772854713/2026-03-07/10995178.jpg,Cream cheese Naturel,"Smooth, creamy, and effortlessly delicious — like a hug in a jar. 🍯"
10995180,10.0,Buko,Specialost,Flødeost Grøn Pikant,1,0,bg.,Netto,https://static.tilbudsugen.dk/1st-retail/2026/11/64774/Netto102026-1_4_63x526_2487x3540_zoom.jpg,2026-03-07,2026-03-13,https://res.cloudinary.com/dfqzmnlga/image/upload/v1772854714/2026-03-07/10995180.jpg,Cream cheese Green Picker,"Savory, creamy, and slightly quirky—perfect for a morning latte. ☕✨"
10995216,20.0,Rose,Kylling,Hakket kylling 7-10%,1,0,bk.,Netto,https://static.tilbudsugen.dk/1st-retail/2026/11/64774/Netto102026-1_6_2440x2903_4935x4839_zoom.jpg,2026-03-07,2026-03-13,https://res.cloudinary.com/dfqzmnlga/image/upload/v1772854715/2026-03-07/10995216.jpg,Chicked chicken 7-10%,✨ Chicked chicken 7-10% — the perfect blend of flavor and fun! 🍗
10995179,10.0,Buko,Specialost,Flødeost Hvidløg,1,0,bg.,Netto,https://static.tilbudsugen.dk/1st-retail/2026/11/64774/Netto102026-1_4_63x526_2487x3540_zoom.jpg,2026-03-07,2026-03-13,https://res.cloudinary.com/dfqzmnlga/image/upload/v1772854715/2026-03-07/10995179.jpg,Cream cheese Garlic,"Smooth, savory, and creamy — the perfect partner to any dish. 🧀✨"
10995338,10.0,Næmt,Grønt,Salatblanding,1,0,ps.,Netto,https://static.tilbudsugen.dk/1st-retail/2026/11/64774/Netto102026-1_20_132x4708_1739x6814_zoom.jpg,2026-03-07,2026-03-13,https://res.cloudinary.com/dfqzmnlga/image/upload/v1772854716/2026-03-07/10995338.jpg,Salad mixture,"Savory mix of flavors, fresh and vibrant, ready to conquer your taste buds 🥗"
10995283,35.0,Velsmag,Kylling,Kyllingeunderlår,1,0,pk.,Netto,https://static.tilbudsugen.dk/1st-retail/2026/11/64774/Netto102026-1_14_78x4747_2211x6833_zoom.jpg,2026-03-07,2026-03-13,https://res.cloudinary.com/dfqzmnlga/image/upload/v1772854716/2026-03-07/10995283.jpg,Chicken's thighs,"Sizzling with flavor, I'm the perfect sidekick to any meal—especially when you're craving a juicy, crispy bite! 🍗"
10995409,12.0,Santa Maria,Mexicansk,Taco sauce medium,1,0,gl.,Netto,https://static.tilbudsugen.dk/1st-retail/2026/11/64774/Netto102026-1_22_3306x146_4889x2884_zoom.jpg,2026-03-07,2026-03-13,https://res.cloudinary.com/dfqzmnlga/image/upload/v1772854717/2026-03-07/10995409.jpg,Taco sauce medium,"🔥 Sizzling with flavor, ready to conquer any taco! 🌮"
10995407,12.0,Santa Maria,Mexicansk,Taco sauce hot,1,0,gl.,Netto,https://static.tilbudsugen.dk/1st-retail/2026/11/64774/Netto102026-1_22_3306x146_4889x2884_zoom.jpg,2026-03-07,2026-03-13,https://res.cloudinary.com/dfqzmnlga/image/upload/v1772854717/2026-03-07/10995407.jpg,Taco sauce hot,"🔥 Taco sauce hot, ready to spice up your day! 🌮"
10995408,12.0,Santa Maria,Mexicansk,Taco sauce mild,1,0,gl.,Netto,https://static.tilbudsugen.dk/1st-retail/2026/11/64774/Netto102026-1_22_3306x146_4889x2884_zoom.jpg,2026-03-07,2026-03-13,https://res.cloudinary.com/dfqzmnlga/image/upload/v1772854718/2026-03-07/10995408.jpg,Taco sauce mild,"Savor the sweet, smoky blend of flavor — perfect for any taco night. 🌮"
10995305,22.0,Premieur,Fastfoodbrød,Fuldkornspitabrød,1,0,pk.,Netto,https://static.tilbudsugen.dk/1st-retail/2026/11/64774/Netto102026-1_19_2472x4810_4959x6869_zoom.jpg,2026-03-07,2026-03-13,https://res.cloudinary.com/dfqzmnlga/image/upload/v1772854718/2026-03-07/10995305.jpg,Whole grain spita bread,"Toast-worthy escape, wrapped in warmth and flavor. 🍞"
10995306,22.0,Premieur,Fastfoodbrød,Hvedepitabrød,1,0,pk.,Netto,https://static.tilbudsugen.dk/1st-retail/2026/11/64774/Netto102026-1_19_2472x4810_4959x6869_zoom.jpg,2026-03-07,2026-03-13,https://res.cloudinary.com/dfqzmnlga/image/upload/v1772854719/2026-03-07/10995306.jpg,Wheat pita bread,"Crunchy, cheesy, and perfect for any snack—just don't forget to add the cheese! 🍞"
10995255,40.0,Premieur,Frugt,Vindruer,1,0,bk.,Netto,https://static.tilbudsugen.dk/1st-retail/2026/11/64774/Netto102026-1_13_2355x3374_4956x5047_zoom.jpg,2026-03-07,2026-03-13,https://res.cloudinary.com/dfqzmnlga/image/upload/v1772854719/2026-03-07/10995255.jpg,Grapes,"Juicy and vibrant, I'm the perfect snack for any afternoon snack! 🍇"
10995417,25.0,Quaker,Müsli & Granola,Cruesli 4 Nuts,1,0,pk.,Netto,https://static.tilbudsugen.dk/1st-retail/2026/11/64774/Netto102026-1_22_1622x2821_3244x4841_zoom.jpg,2026-03-07,2026-03-13,https://res.cloudinary.com/dfqzmnlga/image/upload/v1772854720/2026-03-07/10995417.jpg,Cruesli 4 Nuts,Cruesli 4 Nuts: The ultimate snack that keeps you energized and ready to conquer the day! 🍪
10995418,25.0,Quaker,Müsli & Granola,Cruesli Raisins,1,0,pk.,Netto,https://static.tilbudsugen.dk/1st-retail/2026/11/64774/Netto102026-1_22_1622x2821_3244x4841_zoom.jpg,2026-03-07,2026-03-13,https://res.cloudinary.com/dfqzmnlga/image/upload/v1772854720/2026-03-07/10995418.jpg,Cruesli Raisins,"Cruesli Raisins: Sweet, salty, and slightly nutty — the perfect snack to keep your day going. 🍣"
10995416,25.0,Quaker,Müsli & Granola,Cruesli Dark Chocolate,1,0,pk.,Netto,https://static.tilbudsugen.dk/1st-retail/2026/11/64774/Netto102026-1_22_1622x2821_3244x4841_zoom.jpg,2026-03-07,2026-03-13,https://res.cloudinary.com/dfqzmnlga/image/upload/v1772854721/2026-03-07/10995416.jpg,Cruesli Dark Chocolate,Sweet treat that melts in your mouth and leaves you craving more — ☕🍫
10995419,25.0,Quaker,Müsli & Granola,Cruesli Crunchy Bites,1,0,pk.,Netto,https://static.tilbudsugen.dk/1st-retail/2026/11/64774/Netto102026-1_22_1622x2821_3244x4841_zoom.jpg,2026-03-07,2026-03-13,https://res.cloudinary.com/dfqzmnlga/image/upload/v1772854721/2026-03-07/10995419.jpg,Cruesli Crunchy Bites,"Cruesli Crunchy Bites: Life's a snack, and I'm here to crunch it! 🍪"
10995245,10.0,Lays,Chips,Saltede Chips,1,0,ps.,Netto,https://static.tilbudsugen.dk/1st-retail/2026/11/64774/Netto102026-1_7_2456x274_4809x3540_zoom.jpg,2026-03-07,2026-03-13,https://res.cloudinary.com/dfqzmnlga/image/upload/v1772854722/2026-03-07/10995245.jpg,Salted Chips,"Crunchy, salty, and ready to spice up your day 🍬"
10995243,10.0,Lays,Chips,Heinz Tomato Ketchup Chips,1,0,ps.,Netto,https://static.tilbudsugen.dk/1st-retail/2026/11/64774/Netto102026-1_7_2456x274_4809x3540_zoom.jpg,2026-03-07,2026-03-13,https://res.cloudinary.com/dfqzmnlga/image/upload/v1772854723/2026-03-07/10995243.jpg,Heinz Tomato Ketchup Chips,"Savor the tang of flavor, one chip at a time 🍬"
10995244,10.0,Lays,Chips,Barbecue Flavour Chips,1,0,ps.,Netto,https://static.tilbudsugen.dk/1st-retail/2026/11/64774/Netto102026-1_7_2456x274_4809x3540_zoom.jpg,2026-03-07,2026-03-13,https://res.cloudinary.com/dfqzmnlga/image/upload/v1772854723/2026-03-07/10995244.jpg,Barbecue Flavour Chips,"🔥 Savor the smoky, spicy thrill of BBQ in every bite! 🍟"
10995237,10.0,Doritos,Chips,Sweet Chili Pepper Chips,1,0,ps.,Netto,https://static.tilbudsugen.dk/1st-retail/2026/11/64774/Netto102026-1_7_2456x274_4809x3540_zoom.jpg,2026-03-07,2026-03-13,https://res.cloudinary.com/dfqzmnlga/image/upload/v1772854724/2026-03-07/10995237.jpg,Sweet Chili Pepper Chips,"🔥 Sizzling with heat, ready to spice up your day!"
10995240,10.0,Doritos,Chips,Cool American Chips,1,0,ps.,Netto,https://static.tilbudsugen.dk/1st-retail/2026/11/64774/Netto102026-1_7_2456x274_4809x3540_zoom.jpg,2026-03-07,2026-03-13,https://res.cloudinary.com/dfqzmnlga/image/upload/v1772854724/2026-03-07/10995240.jpg,Cool American Chips,"🔥 Crispy, cheesy, and totally addictive — the perfect snack for any occasion! 🍬"
10995510,45.0,,Mousserende,Fransk Mousserende Vin,1,0,fl.,Netto,https://static.tilbudsugen.dk/1st-retail/2026/11/64774/Netto102026-1_24_140x4779_2581x6884_zoom.jpg,2026-03-07,2026-03-13,https://res.cloudinary.com/dfqzmnlga/image/upload/v1772854725/2026-03-07/10995510.jpg,French Sparkling Wine,"Sip, savor, and sparkle—every glass is a celebration of fine wine. 🍷"
10995271,15.0,Gliss,Shampoo,Shampoo,1,0,stk.,Netto,https://static.tilbudsugen.dk/1st-retail/2026/11/64774/Netto102026-1_8_47x148_2503x3564_zoom.jpg,2026-03-07,2026-03-13,https://res.cloudinary.com/dfqzmnlga/image/upload/v1772854725/2026-03-07/10995271.jpg,Shampoo,"✨ Shine bright, wash away worries, and keep your style flawless! ✨"
10995279,15.0,Family,"Sæbe, bad, dusch",Flydende sæbe,1,0,stk.,Netto,https://static.tilbudsugen.dk/1st-retail/2026/11/64774/Netto102026-1_8_47x148_2503x3564_zoom.jpg,2026-03-07,2026-03-13,https://res.cloudinary.com/dfqzmnlga/image/upload/v1772854726/2026-03-07/10995279.jpg,Liquid soap,"Glow up, scrub off the mess—cleanliness is better than a bad idea! 🧼"
10995295,30.0,Tulip,Færdigretter Køl,Spareribs,1,0,pk.,Netto,https://static.tilbudsugen.dk/1st-retail/2026/11/64774/Netto102026-1_19_3306x1612_4967x4927_zoom.jpg,2026-03-07,2026-03-13,https://res.cloudinary.com/dfqzmnlga/image/upload/v1772854726/2026-03-07/10995295.jpg,Sparreibs,Sparreibs: The ultimate snack that makes every day a little sweeter 🍫
10995516,45.0,,Italienske vine,Italiensk Rosévin,1,0,fl.,Netto,https://static.tilbudsugen.dk/1st-retail/2026/11/64774/Netto102026-1_24_140x4779_2581x6884_zoom.jpg,2026-03-07,2026-03-13,https://res.cloudinary.com/dfqzmnlga/image/upload/v1772854727/2026-03-07/10995516.jpg,Italian Rosé wine,"Roses in every glass, flavors in every sip 🍷"
10995296,30.0,Tulip,Færdigretter Køl,Pulled Pork,1,0,pk.,Netto,https://static.tilbudsugen.dk/1st-retail/2026/11/64774/Netto102026-1_19_3306x1612_4967x4927_zoom.jpg,2026-03-07,2026-03-13,https://res.cloudinary.com/dfqzmnlga/image/upload/v1772854727/2026-03-07/10995296.jpg,Pulled Pork,"Sizzling with flavor, I'm the star of the kitchen—smoky, spicy, and ready to take over any meal. 🍛"
10995511,45.0,,Italienske vine,Italiensk Rødvin,1,0,fl.,Netto,https://static.tilbudsugen.dk/1st-retail/2026/11/64774/Netto102026-1_24_140x4779_2581x6884_zoom.jpg,2026-03-07,2026-03-13,https://res.cloudinary.com/dfqzmnlga/image/upload/v1772854728/2026-03-07/10995511.jpg,Italian Red Wine,"Sip, savor, and let the taste tell your story — 🍷"
10995509,45.0,,Spanske vine,Spansk Hvidvin,1,0,fl.,Netto,https://static.tilbudsugen.dk/1st-retail/2026/11/64774/Netto102026-1_24_140x4779_2581x6884_zoom.jpg,2026-03-07,2026-03-13,https://res.cloudinary.com/dfqzmnlga/image/upload/v1772854728/2026-03-07/10995509.jpg,Spanish White wine,"Sip the perfect blend of tradition and taste, 🍷"
10995336,29.0,Næmt,Færdigretter Frost,Middagsfrikadeller,1,0,ps.,Netto,https://static.tilbudsugen.dk/1st-retail/2026/11/64774/Netto102026-1_20_1637x4810_3322x6759_zoom.jpg,2026-03-07,2026-03-13,https://res.cloudinary.com/dfqzmnlga/image/upload/v1772854729/2026-03-07/10995336.jpg,Dinner meatballs,"Sizzling with flavor, I'm the star of the dinner table—flavor, texture, and endless conversation. 🍴"
10995347,25.0,Rahbek,Fisk,Fiskefileter,1,0,ps.,Netto,https://static.tilbudsugen.dk/1st-retail/2026/11/64774/Netto102026-1_21_3220x2860_4881x4919_zoom.jpg,2026-03-07,2026-03-13,https://res.cloudinary.com/dfqzmnlga/image/upload/v1772854729/2026-03-07/10995347.jpg,Fish fillets,"✨ Sushi master, ready to catch the waves of flavor! 🎣"
10995242,10.0,Doritos,Chips,Flamin Hot,1,0,ps.,Netto,https://static.tilbudsugen.dk/1st-retail/2026/11/64774/Netto102026-1_7_2456x274_4809x3540_zoom.jpg,2026-03-07,2026-03-13,https://res.cloudinary.com/dfqzmnlga/image/upload/v1772854730/2026-03-07/10995242.jpg,Flaming Hot,"🔥 Hot as a summer day, spicy and fiery, I'm here to light up your day! 🌞"
10995257,10.0,Grown By Nature,Tørret Frugt,Dadler,1,0,bk.,Netto,https://static.tilbudsugen.dk/1st-retail/2026/11/64774/Netto102026-1_13_42x5148_2409x6827_zoom.jpg,2026-03-07,2026-03-13,https://res.cloudinary.com/dfqzmnlga/image/upload/v1772854731/2026-03-07/10995257.jpg,Dates,"Sweet, sticky, and sweetly sweet — my vibe is all about the flavor. 🍒"
10995222,45.0,,Kylling,Kyllingeoverlår,1,0,pk.,Netto,https://static.tilbudsugen.dk/1st-retail/2026/11/64774/Netto102026-1_6_2408x4792_4943x6855_zoom.jpg,2026-03-07,2026-03-13,https://res.cloudinary.com/dfqzmnlga/image/upload/v1772854732/2026-03-07/10995222.jpg,Chicken upper thighs,"🔥Sizzling with flavor, ready to conquer any dish! 🥘"
10995066,49.0,Sæby,Konserves,Makrelfilet i Tomat,1,0,pk.,Netto,https://static.tilbudsugen.dk/1st-retail/2026/11/64774/Netto102026-1_2_79x4690_2361x6815_zoom.jpg,2026-03-07,2026-03-13,https://res.cloudinary.com/dfqzmnlga/image/upload/v1772854732/2026-03-07/10995066.jpg,Mackerel fillets in Tomato,✨ Catch me in a seafood symphony with a side of tangy tomatoes!
10995067,49.0,Sæby,Konserves,Makrel Små Stykker,1,0,pk.,Netto,https://static.tilbudsugen.dk/1st-retail/2026/11/64774/Netto102026-1_2_79x4690_2361x6815_zoom.jpg,2026-03-07,2026-03-13,https://res.cloudinary.com/dfqzmnlga/image/upload/v1772854733/2026-03-07/10995067.jpg,Mackerel Small Pieces,"Salty, smoky, and full of flavor—perfect for a quick, delicious snack or meal. 🐟"
10995075,13.26,Hanegal,Vegetarpålæg,Plantepostej,1,0,pk.,Netto,https://static.tilbudsugen.dk/1st-retail/2026/11/64774/Netto102026-1_10_144x641_2883x3069_zoom.jpg,2026-03-07,2026-03-13,https://res.cloudinary.com/dfqzmnlga/image/upload/v1772854734/2026-03-07/10995075.jpg,Plant pie,"🌼 Plant pie: Where plants grow deliciously sweet and spicy, and every bite is a tiny garden in a cup. 🌱"
10995152,10.0,K-salat,Pålægssalat,Finthakket  Skinkesalat,1,0,bg.,Netto,https://static.tilbudsugen.dk/1st-retail/2026/11/64774/Netto102026-1_3_2408x203_4840x3745_zoom.jpg,2026-03-07,2026-03-13,https://res.cloudinary.com/dfqzmnlga/image/upload/v1772854735/2026-03-07/10995152.jpg,Finely ground ham salad,"Savory, smoky, and slightly tangy—perfect for a midnight snack. 🍴"
10995293,10.0,Falengreen,Madlavningsost,Revet ost Pizzatopping,1,0,ps.,Netto,https://static.tilbudsugen.dk/1st-retail/2026/11/64774/Netto102026-1_16_48x4843_2517x6833_zoom.jpg,2026-03-07,2026-03-13,https://res.cloudinary.com/dfqzmnlga/image/upload/v1772854736/2026-03-07/10995293.jpg,Reefed Cheese Pizza Topping,✨ A cheesy burst of ocean flavor that's as refreshing as it is delicious!
10995150,10.0,Min første,Pålægssalat,Æggesalat,1,0,bg.,Netto,https://static.tilbudsugen.dk/1st-retail/2026/11/64774/Netto102026-1_3_2408x203_4840x3745_zoom.jpg,2026-03-07,2026-03-13,https://res.cloudinary.com/dfqzmnlga/image/upload/v1772854737/2026-03-07/10995150.jpg,Egg salad,"Savor the crunch of a fresh sandwich, one egg salad bite at a time. 🥚"
10995177,10.0,Buko,Specialost,Flødeost Naturel,1,0,bg.,Netto,https://static.tilbudsugen.dk/1st-retail/2026/11/64774/Netto102026-1_4_63x526_2487x3540_zoom.jpg,2026-03-07,2026-03-13,https://res.cloudinary.com/dfqzmnlga/image/upload/v1772854738/2026-03-07/10995177.jpg,Cream cheese Naturel,"Soft, creamy, and perfectly balanced—like a hug in a jar 🍯"
10995153,10.0,K-salat,Pålægssalat,Kylling & Baconsalat,1,0,bg.,Netto,https://static.tilbudsugen.dk/1st-retail/2026/11/64774/Netto102026-1_3_2408x203_4840x3745_zoom.jpg,2026-03-07,2026-03-13,https://res.cloudinary.com/dfqzmnlga/image/upload/v1772854738/2026-03-07/10995153.jpg,Chicken & Bacon Salad,"Savor the crunch of chicken and the smoky delight of bacon—perfect for a quick, delicious snack. 🍗 Bacon 🥘"
10995155,10.0,K-salat,Pålægssalat,Krabbesalat,1,0,bg.,Netto,https://static.tilbudsugen.dk/1st-retail/2026/11/64774/Netto102026-1_3_2408x203_4840x3745_zoom.jpg,2026-03-07,2026-03-13,https://res.cloudinary.com/dfqzmnlga/image/upload/v1772854739/2026-03-07/10995155.jpg,Crab salad,"Crab salad: Where the ocean meets the table, and the tide always tastes better than the day. 🌊✨"
10995151,10.0,K-salat,Pålægssalat,Æggesalat 30% mindre fedt,1,0,bg.,Netto,https://static.tilbudsugen.dk/1st-retail/2026/11/64774/Netto102026-1_3_2408x203_4840x3745_zoom.jpg,2026-03-07,2026-03-13,https://res.cloudinary.com/dfqzmnlga/image/upload/v1772854739/2026-03-07/10995151.jpg,Egg salad 30% less fat,Savor the flavor with less fat—perfect for a healthy snack or a bold twist on classic recipes. 🥚
10995181,10.0,Buko,Specialost,Flødeost Pikant Løg og Krydderurter,1,0,bg.,Netto,https://static.tilbudsugen.dk/1st-retail/2026/11/64774/Netto102026-1_4_63x526_2487x3540_zoom.jpg,2026-03-07,2026-03-13,https://res.cloudinary.com/dfqzmnlga/image/upload/v1772854740/2026-03-07/10995181.jpg,Cream cheese Picant Bulbs and herbs,Cream cheese Picant Bulbs and herbs — a creamy burst of flavor with every bite! 🌱✨
10995202,20.0,Tulip,Bacon,Baconskiver,1,0,pk.,Netto,https://static.tilbudsugen.dk/1st-retail/2026/11/64774/Netto102026-1_5_2440x3651_4998x6878_zoom.jpg,2026-03-07,2026-03-13,https://res.cloudinary.com/dfqzmnlga/image/upload/v1772854741/2026-03-07/10995202.jpg,Bacon washers,"Bacon washers: Clean your life with a sprinkle of crispy, smoky perfection. 🍬✨"
10995203,20.0,Tulip,Bacon,Bacontern,1,0,pk.,Netto,https://static.tilbudsugen.dk/1st-retail/2026/11/64774/Netto102026-1_5_2440x3651_4998x6878_zoom.jpg,2026-03-07,2026-03-13,https://res.cloudinary.com/dfqzmnlga/image/upload/v1772854742/2026-03-07/10995203.jpg,Bacontern,"Bacontern: The crispy, smoky hero of breakfast chaos 🥖✨"
10995400,22.0,Wasa,Knækbrød,Kanel knækbrød,1,0,pk.,Netto,https://static.tilbudsugen.dk/1st-retail/2026/11/64774/Netto102026-1_22_140x1020_1591x2985_zoom.jpg,2026-03-07,2026-03-13,https://res.cloudinary.com/dfqzmnlga/image/upload/v1772854742/2026-03-07/10995400.jpg,Cinnamon crackling bread,Sizzle your day with cinnamon and warmth—crackling bread that makes every bite a celebration. 🌟
10995291,10.0,Falengreen,Madlavningsost,Revet ost Mexitopping,1,0,ps.,Netto,https://static.tilbudsugen.dk/1st-retail/2026/11/64774/Netto102026-1_16_48x4843_2517x6833_zoom.jpg,2026-03-07,2026-03-13,https://res.cloudinary.com/dfqzmnlga/image/upload/v1772854743/2026-03-07/10995291.jpg,Reefed cheese Mexitopping,"✨ Reefed cheese Mexitopping, where flavor meets oceanic joy! 🌊"
10995154,10.0,K-salat,Pålægssalat,Hønsesalat,1,0,bg.,Netto,https://static.tilbudsugen.dk/1st-retail/2026/11/64774/Netto102026-1_3_2408x203_4840x3745_zoom.jpg,2026-03-07,2026-03-13,https://res.cloudinary.com/dfqzmnlga/image/upload/v1772854743/2026-03-07/10995154.jpg,Chicken lettuce,Savory snack that's as refreshing as a summer breeze 🍗 lettuce!
10995164,10.0,La Campagna,Postej og Paté,Paté Hvidløg,1,0,stk.,Netto,https://static.tilbudsugen.dk/1st-retail/2026/11/64774/Netto102026-1_3_63x384_2440x3611_zoom.jpg,2026-03-07,2026-03-13,https://res.cloudinary.com/dfqzmnlga/image/upload/v1772854744/2026-03-07/10995164.jpg,Paté Garlic,"A flavor that melts in your mouth, with a twist of garlic and a dash of mystery. 🍴"
10995176,10.0,Buko,Specialost,Flødeost Pikant,1,0,bg.,Netto,https://static.tilbudsugen.dk/1st-retail/2026/11/64774/Netto102026-1_4_63x526_2487x3540_zoom.jpg,2026-03-07,2026-03-13,https://res.cloudinary.com/dfqzmnlga/image/upload/v1772854744/2026-03-07/10995176.jpg,Cream cheese Picant,"Cream cheese Picant: Smooth, bold, and ready to conquer any flavor adventure 🍫"
10995227,28.0,Casa Tarradellas,Pizza Fersk,Serrano Pizza,1,0,pk.,Netto,https://static.tilbudsugen.dk/1st-retail/2026/11/64774/Netto102026-1_12_1264x3392_2499x4945_zoom.jpg,2026-03-07,2026-03-13,https://res.cloudinary.com/dfqzmnlga/image/upload/v1772854744/2026-03-07/10995227.jpg,Serrano Pizza,"🔥Serrano Pizza: The spicy, cheesy, and fiery love that never sleeps. 🍕"
10995564,28.0,Elvital,Shampoo,Shampoo,1,0,fl.,Netto,https://static.tilbudsugen.dk/1st-retail/2026/11/64774/Netto102026-1_26_2417x287_4967x2829_zoom.jpg,2026-03-07,2026-03-13,https://res.cloudinary.com/dfqzmnlga/image/upload/v1772854745/2026-03-07/10995564.jpg,Shampoo,"✨ Shine bright, wash your hair, and let your style do the talking! ✨"
10995310,20.0,Carl Vollstedt's Eftf.,1 g - 299 g Småpakke Pølser,Super Cheese Frankfurter,1,0,pk.,Netto,https://static.tilbudsugen.dk/1st-retail/2026/11/64774/Netto102026-1_19_39x4825_2518x6853_zoom.jpg,2026-03-07,2026-03-13,https://res.cloudinary.com/dfqzmnlga/image/upload/v1772854745/2026-03-07/10995310.jpg,Super Cheese Frankfurter,"Cheese-licious twist on a classic: the ultimate snack that melts into your mouth, with a side of flavor. 🍔"
10995307,20.0,Carl Vollstedt's Eftf.,1 g - 299 g Småpakke Pølser,Bacon & Ramsløg Frankfurter,1,0,pk.,Netto,https://static.tilbudsugen.dk/1st-retail/2026/11/64774/Netto102026-1_19_39x4825_2518x6853_zoom.jpg,2026-03-07,2026-03-13,https://res.cloudinary.com/dfqzmnlga/image/upload/v1772854746/2026-03-07/10995307.jpg,Bacon & Ramsly onion Frankfurter,"Savory, smoky, and spicy – the perfect combo for a quick, tasty snack! 🍴"
10995513,55.0,,Italienske vine,Italiensk Mousserende Vin,1,0,fl.,Netto,https://static.tilbudsugen.dk/1st-retail/2026/11/64774/Netto102026-1_24_93x2852_2612x4872_zoom.jpg,2026-03-07,2026-03-13,https://res.cloudinary.com/dfqzmnlga/image/upload/v1772854746/2026-03-07/10995513.jpg,Italian Sparkling Wine,"Sip, savor, and let the grapes do the talking—🍷✨"
10995508,55.0,,Californiske vine,Californisk Rosevin,1,0,fl.,Netto,https://static.tilbudsugen.dk/1st-retail/2026/11/64774/Netto102026-1_24_93x2852_2612x4872_zoom.jpg,2026-03-07,2026-03-13,https://res.cloudinary.com/dfqzmnlga/image/upload/v1772854747/2026-03-07/10995508.jpg,California Rosevin,🌸 A floral burst that turns everyday moments into unforgettable memories.
10995514,55.0,,Italienske vine,Italiensk Rødvin,1,0,fl.,Netto,https://static.tilbudsugen.dk/1st-retail/2026/11/64774/Netto102026-1_24_93x2852_2612x4872_zoom.jpg,2026-03-07,2026-03-13,https://res.cloudinary.com/dfqzmnlga/image/upload/v1772854748/2026-03-07/10995514.jpg,Italian Red Wine,"Sip, savor, and let the flavors tell tales—🍷✨"
10995515,55.0,,Franske vine,Fransk Hvidvin,1,0,fl.,Netto,https://static.tilbudsugen.dk/1st-retail/2026/11/64774/Netto102026-1_24_93x2852_2612x4872_zoom.jpg,2026-03-07,2026-03-13,https://res.cloudinary.com/dfqzmnlga/image/upload/v1772854749/2026-03-07/10995515.jpg,French White wine,"Sip, savor, and let the flavors speak — 🍷"
10995507,55.0,,Californiske vine,Californisk Hvidvin,1,0,fl.,Netto,https://static.tilbudsugen.dk/1st-retail/2026/11/64774/Netto102026-1_24_93x2852_2612x4872_zoom.jpg,2026-03-07,2026-03-13,https://res.cloudinary.com/dfqzmnlga/image/upload/v1772854749/2026-03-07/10995507.jpg,California White wine,"Sip, savor, and smile—California White wine is the perfect companion to any good time. 🍷"
10995337,25.0,Skagen Fiskerestaurant,Fisk og skaldyr Køl,Fiskefrikadeller,1,0,pk.,Netto,https://static.tilbudsugen.dk/1st-retail/2026/11/64774/Netto102026-1_18_6x2847_2445x4825_zoom.jpg,2026-03-07,2026-03-13,https://res.cloudinary.com/dfqzmnlga/image/upload/v1772854750/2026-03-07/10995337.jpg,Fish meatballs,"Sizzling with flavor, I'm the perfect partner for a cozy dinner night! 🍣"
10995219,45.0,,Kylling,Kyllingebrystfilet,1,0,pk.,Netto,https://static.tilbudsugen.dk/1st-retail/2026/11/64774/Netto102026-1_6_2408x4792_4943x6855_zoom.jpg,2026-03-07,2026-03-13,https://res.cloudinary.com/dfqzmnlga/image/upload/v1772854750/2026-03-07/10995219.jpg,Chicken breast fillet,"Sizzling with flavor, ready to conquer your taste buds! 🍗"
10995275,15.0,Family,Bodylotion,Bodylotion,1,0,stk.,Netto,https://static.tilbudsugen.dk/1st-retail/2026/11/64774/Netto102026-1_8_47x148_2503x3564_zoom.jpg,2026-03-07,2026-03-13,https://res.cloudinary.com/dfqzmnlga/image/upload/v1772854751/2026-03-07/10995275.jpg,Body lotion,"✨ Hydrate your skin with a touch of magic — I keep you soft, smooth, and ready for anything! ✨"
10995278,15.0,Family,Balsam,Balsam,1,0,stk.,Netto,https://static.tilbudsugen.dk/1st-retail/2026/11/64774/Netto102026-1_8_47x148_2503x3564_zoom.jpg,2026-03-07,2026-03-13,https://res.cloudinary.com/dfqzmnlga/image/upload/v1772854751/2026-03-07/10995278.jpg,Balsam,"✨ A soothing scent that brings calm to any room, whether it's a messy kitchen or a quiet morning. ✨"
10995276,15.0,Family,Shampoo,Shampoo,1,0,stk.,Netto,https://static.tilbudsugen.dk/1st-retail/2026/11/64774/Netto102026-1_8_47x148_2503x3564_zoom.jpg,2026-03-07,2026-03-13,https://res.cloudinary.com/dfqzmnlga/image/upload/v1772854751/2026-03-07/10995276.jpg,Shampoo,Garnish your days with a silky smooth shine 🌟
10995259,15.0,Gliss,Balsam,Balsam,1,0,stk.,Netto,https://static.tilbudsugen.dk/1st-retail/2026/11/64774/Netto102026-1_8_47x148_2503x3564_zoom.jpg,2026-03-07,2026-03-13,https://res.cloudinary.com/dfqzmnlga/image/upload/v1772854752/2026-03-07/10995259.jpg,Balsam,✨ A soothing scent that brings calm to the chaos of the day! ✨
10995277,15.0,Family,"Sæbe, bad, dusch",Bodyshampoo,1,0,stk.,Netto,https://static.tilbudsugen.dk/1st-retail/2026/11/64774/Netto102026-1_8_47x148_2503x3564_zoom.jpg,2026-03-07,2026-03-13,https://res.cloudinary.com/dfqzmnlga/image/upload/v1772854752/2026-03-07/10995277.jpg,Body shampoo,"Glow up, vibes, and clean your soul with every drop—✨"
10995398,22.0,Wasa,Knækbrød,Sesam & Havsalt knækbrød,1,0,pk.,Netto,https://static.tilbudsugen.dk/1st-retail/2026/11/64774/Netto102026-1_22_140x1020_1591x2985_zoom.jpg,2026-03-07,2026-03-13,https://res.cloudinary.com/dfqzmnlga/image/upload/v1772854753/2026-03-07/10995398.jpg,Sesam & Sea salt crack bread,"Crack bread with a sprinkle of sesame and sea salt—fresh, bold, and delicious. 🍞✨"
10995372,29.0,Pickenpack,Fisk og skaldyr Frost ,Alaskasejfilet Gratin Fløde,1,0,pk.,Netto,https://static.tilbudsugen.dk/1st-retail/2026/11/64774/Netto102026-1_21_54x4833_1653x6869_zoom.jpg,2026-03-07,2026-03-13,https://res.cloudinary.com/dfqzmnlga/image/upload/v1772854753/2026-03-07/10995372.jpg,Alaska filet Gratin Cream,"✨ A creamy, cheesy masterpiece that melts in your mouth and leaves you wondering if you could eat it for breakfast."
10995356,29.0,Pickenpack,Fisk og skaldyr Frost ,Alaskasejfilet Gratin Spinat,1,0,pk.,Netto,https://static.tilbudsugen.dk/1st-retail/2026/11/64774/Netto102026-1_21_54x4833_1653x6869_zoom.jpg,2026-03-07,2026-03-13,https://res.cloudinary.com/dfqzmnlga/image/upload/v1772854754/2026-03-07/10995356.jpg,Alaska filet Gratin Spinach,"✨ Alaska filet Gratin Spinach: A creamy, cheesy burst of ocean and green goodness, served with a side of adventure. 🍲"
10995414,12.0,Oreo,Kiks,Oreo Double Creme Kiks,1,0,pk.,Netto,https://static.tilbudsugen.dk/1st-retail/2026/11/64774/Netto102026-1_22_3220x2845_4990x4841_zoom.jpg,2026-03-07,2026-03-13,https://res.cloudinary.com/dfqzmnlga/image/upload/v1772854754/2026-03-07/10995414.jpg,Oreo Double Cream Biscuits,"Savor the creamy, cheesy bliss of Oreo Double Cream Biscuits, and let your taste buds dance with joy! 🍪"
10995289,69.0,Riberhus,Skæreost,Skæreost Danbo Mellemlagret,1,0,stk.,Netto,https://static.tilbudsugen.dk/1st-retail/2026/11/64774/Netto102026-1_16_3314x857_4998x4843_zoom.jpg,2026-03-07,2026-03-13,https://res.cloudinary.com/dfqzmnlga/image/upload/v1772854755/2026-03-07/10995289.jpg,Cutting cheese Danbo Intermediate stock,Cheese lover with a knack for cutting through flavor—Danbo Intermediate stock is my favorite knife. 🍃
10995270,35.0,Velsmag,Kylling,Kyllingebrystfilet,1,0,bk.,Netto,https://static.tilbudsugen.dk/1st-retail/2026/11/64774/Netto102026-1_14_78x4747_2211x6833_zoom.jpg,2026-03-07,2026-03-13,https://res.cloudinary.com/dfqzmnlga/image/upload/v1772854755/2026-03-07/10995270.jpg,Chicken breast fillet,"Sizzling with flavor, ready to conquer any plate! 🍗"
10995411,12.0,Oreo,Kiks,Oreo Chocò Brownie Kiks,1,0,pk.,Netto,https://static.tilbudsugen.dk/1st-retail/2026/11/64774/Netto102026-1_22_3220x2845_4990x4841_zoom.jpg,2026-03-07,2026-03-13,https://res.cloudinary.com/dfqzmnlga/image/upload/v1772854756/2026-03-07/10995411.jpg,Oreo Chocò Brownie Kiks,✨ Chocolatey delight that's as sweet as it is salty! 🍫
10995413,12.0,Oreo,Kiks,Oreo Original Kiks,1,0,pk.,Netto,https://static.tilbudsugen.dk/1st-retail/2026/11/64774/Netto102026-1_22_3220x2845_4990x4841_zoom.jpg,2026-03-07,2026-03-13,https://res.cloudinary.com/dfqzmnlga/image/upload/v1772854756/2026-03-07/10995413.jpg,Oreo Original Biscuits,"Crunchy, buttery, and always the star of the snack squad — just ask the Oreo Original Biscuits! 🍪"
10995412,12.0,Oreo,Kiks,Oreo Golden Kiks,1,0,pk.,Netto,https://static.tilbudsugen.dk/1st-retail/2026/11/64774/Netto102026-1_22_3220x2845_4990x4841_zoom.jpg,2026-03-07,2026-03-13,https://res.cloudinary.com/dfqzmnlga/image/upload/v1772854757/2026-03-07/10995412.jpg,Oreo Golden Biscuits,"Golden Biscuit with a twist, salty and sweet, ready to conquer your taste buds! 🍪"
10995220,45.0,,Kylling,Kyllingeinderfileter,1,0,bk.,Netto,https://static.tilbudsugen.dk/1st-retail/2026/11/64774/Netto102026-1_6_2408x4792_4943x6855_zoom.jpg,2026-03-07,2026-03-13,https://res.cloudinary.com/dfqzmnlga/image/upload/v1772854757/2026-03-07/10995220.jpg,Chicken eiderphilets,✨ Chicken eiderphilets: The ultimate flavor bomb that makes every meal feel like a feast! 🥩
10995238,20.0,,Kylling,Kyllingestrimler,1,0,pk.,Netto,https://static.tilbudsugen.dk/1st-retail/2026/11/64774/Netto102026-1_12_1282x5304_2469x6809_zoom.jpg,2026-03-07,2026-03-13,https://res.cloudinary.com/dfqzmnlga/image/upload/v1772854758/2026-03-07/10995238.jpg,Chicken straws,"Squeak-squeak, I'm the crunch of the kitchen—crunchy, bold, and always ready to spark a conversation. 🍗"
10995241,10.0,Bugles,Snacks,Bugles nacho cheese,1,0,ps.,Netto,https://static.tilbudsugen.dk/1st-retail/2026/11/64774/Netto102026-1_7_2456x274_4809x3540_zoom.jpg,2026-03-07,2026-03-13,https://res.cloudinary.com/dfqzmnlga/image/upload/v1772854758/2026-03-07/10995241.jpg,Bugles nacho cheese,🎵 🍔 🐝 🥢
10995218,20.0,,Kylling,Kyllingestrimler,1,0,pk.,Netto,https://static.tilbudsugen.dk/1st-retail/2026/11/64774/Netto102026-1_6_2440x2903_4935x4839_zoom.jpg,2026-03-07,2026-03-13,https://res.cloudinary.com/dfqzmnlga/image/upload/v1772854759/2026-03-07/10995218.jpg,Chicken straws,Savor the crunch of a perfect chicken straw—because every bite is a flavor explosion. 🍗
10995345,25.0,Bistronne,Fjerkræ,Kyllingekebab,1,0,ps.,Netto,https://static.tilbudsugen.dk/1st-retail/2026/11/64774/Netto102026-1_21_1676x2930_3236x4903_zoom.jpg,2026-03-07,2026-03-13,https://res.cloudinary.com/dfqzmnlga/image/upload/v1772854760/2026-03-07/10995345.jpg,Chicken cheek,"Savory cheek with a twist—flaky, juicy, and ready to conquer your taste buds! 🍗"
10995187,20.0,Klovborg,Skiveost,Skiveost Danbo Mellemlagret,1,0,pk.,Netto,https://static.tilbudsugen.dk/1st-retail/2026/11/64774/Netto102026-1_4_2487x3651_4896x6862_zoom.jpg,2026-03-07,2026-03-13,https://res.cloudinary.com/dfqzmnlga/image/upload/v1772854760/2026-03-07/10995187.jpg,Skiveost Danbo Intermediate stock,Skiveost Danbo Intermediate stock: The ultimate snack for those who want to stay sharp and slightly confused. 🍬
10995334,35.0,Næmt,Færdigretter Frost,Döner Kebab,1,0,ps.,Netto,https://static.tilbudsugen.dk/1st-retail/2026/11/64774/Netto102026-1_20_3228x4786_4897x6752_zoom.jpg,2026-03-07,2026-03-13,https://res.cloudinary.com/dfqzmnlga/image/upload/v1772854761/2026-03-07/10995334.jpg,Döner Kebab,"Sizzling with flavor, I’m the star of the grill—serving up delicious chaos and endless cravings. 🍔"
10995326,22.0,Bådsmand,Sild,Sild,1,0,bg.,Netto,https://static.tilbudsugen.dk/1st-retail/2026/11/64774/Netto102026-1_18_0x797_4920x2811_zoom.jpg,2026-03-07,2026-03-13,https://res.cloudinary.com/dfqzmnlga/image/upload/v1772854761/2026-03-07/10995326.jpg,Herring,"Sashimi master, sushi chef, and salty delight—because life's too short for boring fish. 🍣"
10995350,42.0,Ben & Jerry's,Is,Half Baked is,1,0,bg.,Netto,https://static.tilbudsugen.dk/1st-retail/2026/11/64774/Netto102026-1_21_3244x4802_4928x6876_zoom.jpg,2026-03-07,2026-03-13,https://res.cloudinary.com/dfqzmnlga/image/upload/v1772854762/2026-03-07/10995350.jpg,Half Baked is,✨ Half Baked is the kind of snack that makes your day just a little bit more flavorful and your mood a bit more baked!
10995348,42.0,Ben & Jerry's,Is,Chocolate Fudge Brownie is,1,0,bg.,Netto,https://static.tilbudsugen.dk/1st-retail/2026/11/64774/Netto102026-1_21_3244x4802_4928x6876_zoom.jpg,2026-03-07,2026-03-13,https://res.cloudinary.com/dfqzmnlga/image/upload/v1772854763/2026-03-07/10995348.jpg,Chocolate Fudge Brownie is,"✨ Chocolate Fudge Brownie is the sweetest guilty pleasure, ready to satisfy your cravings and steal your heart. ✨"
10995349,42.0,Ben & Jerry's,Is,Cookie Dough is,1,0,bg.,Netto,https://static.tilbudsugen.dk/1st-retail/2026/11/64774/Netto102026-1_21_3244x4802_4928x6876_zoom.jpg,2026-03-07,2026-03-13,https://res.cloudinary.com/dfqzmnlga/image/upload/v1772854763/2026-03-07/10995349.jpg,Cookie Dough is,"Cookie Dough is 🍪 a sweet, chewy delight that brings joy to any snack time!"
10995352,42.0,Ben & Jerry's,Is,Cookies on Cookie Dough,1,0,bg.,Netto,https://static.tilbudsugen.dk/1st-retail/2026/11/64774/Netto102026-1_21_3244x4802_4928x6876_zoom.jpg,2026-03-07,2026-03-13,https://res.cloudinary.com/dfqzmnlga/image/upload/v1772854764/2026-03-07/10995352.jpg,Cookies on Cookie Dough,✨ Sweet treat that's sweet in every bite! 🍪
10995353,42.0,Ben & Jerry's,Is,Brookieees & Cream Is,1,0,bg.,Netto,https://static.tilbudsugen.dk/1st-retail/2026/11/64774/Netto102026-1_21_3244x4802_4928x6876_zoom.jpg,2026-03-07,2026-03-13,https://res.cloudinary.com/dfqzmnlga/image/upload/v1772854764/2026-03-07/10995353.jpg,Brookiees & Cream Is,"✨ Brookiees & Cream Is 🍫 — the sweet, creamy delight that makes every day a little sweeter!"
10995354,42.0,Ben & Jerry's,Is,Caramel Brownie Party is,1,0,bg.,Netto,https://static.tilbudsugen.dk/1st-retail/2026/11/64774/Netto102026-1_21_3244x4802_4928x6876_zoom.jpg,2026-03-07,2026-03-13,https://res.cloudinary.com/dfqzmnlga/image/upload/v1772854765/2026-03-07/10995354.jpg,Caramel Brownie Party is,✨ Caramel Brownie Party is the ultimate sweet escape with a twist of joy and a sprinkle of chocolate! 🍫
10995351,42.0,Ben & Jerry's,Is,Chocolatey Orange Chunk,1,0,bg.,Netto,https://static.tilbudsugen.dk/1st-retail/2026/11/64774/Netto102026-1_21_3244x4802_4928x6876_zoom.jpg,2026-03-07,2026-03-13,https://res.cloudinary.com/dfqzmnlga/image/upload/v1772854765/2026-03-07/10995351.jpg,Chocolatey Orange Chunk,"Craving a sweet, tangy explosion? I'm the chocolatey orange chunk that makes every bite unforgettable! 🍊✨"
10995046,10.0,Velsmag,Grisekød,Grisekoteletter,1,0,bk.,Netto,https://static.tilbudsugen.dk/1st-retail/2026/11/64774/Netto102026-1_1_2448x4517_4935x6878_zoom.jpg,2026-03-07,2026-03-13,https://res.cloudinary.com/dfqzmnlga/image/upload/v1772854766/2026-03-07/10995046.jpg,Pig chops,"Savoring the crunch of a perfect pig chop, ready to ignite your taste buds! 🍳"
10995212,10.0,Velsmag,Grisekød,Grisekoteletter,1,0,bk.,Netto,https://static.tilbudsugen.dk/1st-retail/2026/11/64774/Netto102026-1_6_55x156_2448x2328_zoom.jpg,2026-03-07,2026-03-13,https://res.cloudinary.com/dfqzmnlga/image/upload/v1772854767/2026-03-07/10995212.jpg,Pig chops,"Sizzling with flavor, I'm the perfect sidekick to any meal! 🍳"
10995290,10.0,Lillebror,Specialost,Ostehaps,1,0,pk.,Netto,https://static.tilbudsugen.dk/1st-retail/2026/11/64774/Netto102026-1_16_2553x4855_4872x6869_zoom.jpg,2026-03-07,2026-03-13,https://res.cloudinary.com/dfqzmnlga/image/upload/v1772854767/2026-03-07/10995290.jpg,Ostephaps,"Ostephaps: The ultimate snack that makes your day just a little bit better, with a twist of whimsy and a dash of fun. 🍫"
10995567,28.0,Elvital,Balsam,Balsam,1,0,fl.,Netto,https://static.tilbudsugen.dk/1st-retail/2026/11/64774/Netto102026-1_26_2417x287_4967x2829_zoom.jpg,2026-03-07,2026-03-13,https://res.cloudinary.com/dfqzmnlga/image/upload/v1772854768/2026-03-07/10995567.jpg,Balsam,✨ A refreshing burst of scent that lifts the mood and makes every day feel brighter! ✨
10995498,20.0,Chai Latte,Te,Instant Te Krydret,1,0,pk.,Netto,https://static.tilbudsugen.dk/1st-retail/2026/11/64774/Netto102026-1_23_3251x2829_4881x4810_zoom.jpg,2026-03-07,2026-03-13,https://res.cloudinary.com/dfqzmnlga/image/upload/v1772854769/2026-03-07/10995498.jpg,Instant Tea Spicy,"🔥 Spicy instant tea that hits your taste buds like a storm, ready in seconds! 🍵"
10995221,39.0,Velsmag,Oksekød,Hakket oksekød 8-12%,1,0,bk.,Netto,https://static.tilbudsugen.dk/1st-retail/2026/11/64774/Netto102026-1_6_63x4847_2495x6870_zoom.jpg,2026-03-07,2026-03-13,https://res.cloudinary.com/dfqzmnlga/image/upload/v1772854769/2026-03-07/10995221.jpg,Minced beef 8-12 per cent,"🔥 Choppy, spicy, and ready to ignite your taste buds—just like a well-balanced meal! 🍳"
10995287,49.0,Velsmag,Grisekød,Ribsteaks,1,0,bk.,Netto,https://static.tilbudsugen.dk/1st-retail/2026/11/64774/Netto102026-1_15_1528x5220_4998x6863_zoom.jpg,2026-03-07,2026-03-31,https://res.cloudinary.com/dfqzmnlga/image/upload/v1772854770/2026-03-07/10995287.jpg,Ribsteaks,"🔥 Ribsteaks that scream ""I'm the king of the grill!"" 🍔"
10995168,10.0,Egelykke,"Pålæg, skiveskåret",Peberspegepølse,1,0,pk.,Netto,https://static.tilbudsugen.dk/1st-retail/2026/11/64774/Netto102026-1_3_2456x3517_4966x6862_zoom.jpg,2026-03-07,2026-03-13,https://res.cloudinary.com/dfqzmnlga/image/upload/v1772854770/2026-03-07/10995168.jpg,Peppercorn (corn) sausage,"🔥 Hot, spicy, and full of flavor – the perfect kick to any meal! 🍴"
10995167,10.0,Egelykke,"Pålæg, skiveskåret",Sønderjysk Spegepølse,1,0,pk.,Netto,https://static.tilbudsugen.dk/1st-retail/2026/11/64774/Netto102026-1_3_2456x3517_4966x6862_zoom.jpg,2026-03-07,2026-03-13,https://res.cloudinary.com/dfqzmnlga/image/upload/v1772854771/2026-03-07/10995167.jpg,Sønderjysk Salsify,"✨ Super tasty, super smooth, and super versatile – Sønderjysk Salsify is the perfect sidekick to any meal! 🍽️"
10995160,10.0,La Campagna,"Pålæg, skiveskåret",Schwarzwaldskinke,1,0,pk.,Netto,https://static.tilbudsugen.dk/1st-retail/2026/11/64774/Netto102026-1_3_63x384_2440x3611_zoom.jpg,2026-03-07,2026-03-13,https://res.cloudinary.com/dfqzmnlga/image/upload/v1772854771/2026-03-07/10995160.jpg,Schwarzwald ham,"A salty, smoky delight from the Swiss Alps, perfect for a midnight snack or a bold conversation starter 🍴"
10995249,20.0,Miss Perfect Délice,Grønt,Tomater,1,0,bk.,Netto,https://static.tilbudsugen.dk/1st-retail/2026/11/64774/Netto102026-1_13_48x2805_2451x4951_zoom.jpg,2026-03-07,2026-03-13,https://res.cloudinary.com/dfqzmnlga/image/upload/v1772854772/2026-03-07/10995249.jpg,Tomatoes,"Red, juicy, and ready to burst — perfect for any salad or snack. 🍅"
10995422,25.0,Løgismose,Sødemiddel,Sirup,1,0,fl.,Netto,https://static.tilbudsugen.dk/1st-retail/2026/11/64774/Netto102026-1_22_2573x4911_4920x6728_zoom.jpg,2026-03-07,2026-03-13,https://res.cloudinary.com/dfqzmnlga/image/upload/v1772854772/2026-03-07/10995422.jpg,Sirup,"Sweet, sticky, and sugary—like a kiss on the lips, but in a jar. 🍬"
10995415,12.0,Oreo,Kiks,Mini Oreo,1,0,bg.,Netto,https://static.tilbudsugen.dk/1st-retail/2026/11/64774/Netto102026-1_22_3220x2845_4990x4841_zoom.jpg,2026-03-07,2026-03-13,https://res.cloudinary.com/dfqzmnlga/image/upload/v1772854773/2026-03-07/10995415.jpg,Mini Oreo,"✨ Crunchy, cheerful, and always ready for a snack—just like you! 🍪"
10995434,10.0,Malaco,Slik,Sliksnører Sour Apple,1,0,pk.,Netto,https://static.tilbudsugen.dk/1st-retail/2026/11/64774/Netto102026-1_23_3275x513_4928x2829_zoom.jpg,2026-03-07,2026-03-13,https://res.cloudinary.com/dfqzmnlga/image/upload/v1772854773/2026-03-07/10995434.jpg,Sour Apple Lick-Locks,Sour Apple Lick-Locks: The ultimate flavor twist that makes every bite a little more daring. 🍐
10995438,10.0,Malaco,Slik,Sliksnører Jordbær,1,0,pk.,Netto,https://static.tilbudsugen.dk/1st-retail/2026/11/64774/Netto102026-1_23_3275x513_4928x2829_zoom.jpg,2026-03-07,2026-03-13,https://res.cloudinary.com/dfqzmnlga/image/upload/v1772854774/2026-03-07/10995438.jpg,Limes Strawberry,"Tropical twist, fresh and vibrant—limes and strawberries in every bite! 🍐🍓"
10995437,10.0,Malaco,Slik,Sliksnører Lakrids,1,0,pk.,Netto,https://static.tilbudsugen.dk/1st-retail/2026/11/64774/Netto102026-1_23_3275x513_4928x2829_zoom.jpg,2026-03-07,2026-03-13,https://res.cloudinary.com/dfqzmnlga/image/upload/v1772854774/2026-03-07/10995437.jpg,Liquorice,"Sweetly soothing, with a touch of rebellion — I'm the kind of spice that makes your breath feel like a secret. 🌟"
10995441,10.0,Malaco,Slik,Sliksnører Karamel ,1,0,pk.,Netto,https://static.tilbudsugen.dk/1st-retail/2026/11/64774/Netto102026-1_23_3275x513_4928x2829_zoom.jpg,2026-03-07,2026-03-13,https://res.cloudinary.com/dfqzmnlga/image/upload/v1772854775/2026-03-07/10995441.jpg,Lickstrings Caramel,"Sip, savor, and sweeten your day with a dash of caramel flavor—because life's too short for boring tastes. 🍬"
10995069,129.0,Original,Kaffe,Kaffe Formalet,1,1,pk.,Netto,https://static.tilbudsugen.dk/1st-retail/2026/11/64774/Netto102026-1_2_2259x4383_4896x6847_zoom.jpg,2026-03-07,2026-03-13,https://res.cloudinary.com/dfqzmnlga/image/upload/v1772854775/2026-03-07/10995069.jpg,Coffee Painted,"☕️ Sip, spray, and sprinkle – my life is a paint-by-number masterpiece."
10995440,10.0,Malaco,Slik,Slikstjerner Jordbær,1,0,pk.,Netto,https://static.tilbudsugen.dk/1st-retail/2026/11/64774/Netto102026-1_23_3275x513_4928x2829_zoom.jpg,2026-03-07,2026-03-13,https://res.cloudinary.com/dfqzmnlga/image/upload/v1772854776/2026-03-07/10995440.jpg,Candy stars Strawberry,✨ Treat your taste buds to a sweet explosion of strawberry and candy stars! 🍓✨
10995439,10.0,Malaco,Slik,Slikstjerner Karamel,1,0,pk.,Netto,https://static.tilbudsugen.dk/1st-retail/2026/11/64774/Netto102026-1_23_3275x513_4928x2829_zoom.jpg,2026-03-07,2026-03-13,https://res.cloudinary.com/dfqzmnlga/image/upload/v1772854776/2026-03-07/10995439.jpg,Candy stars Caramel,"✨ Candy stars Caramel, sweet and sparkly, always ready to delight! ✨"
10995292,22.0,Premieur,Fastfoodbrød,Brioche Burgerboller,1,0,pk.,Netto,https://static.tilbudsugen.dk/1st-retail/2026/11/64774/Netto102026-1_19_62x1160_3368x2860_zoom.jpg,2026-03-07,2026-03-13,https://res.cloudinary.com/dfqzmnlga/image/upload/v1772854777/2026-03-07/10995292.jpg,Brioche Burger Balls,Brioche Burger Balls: The perfect bite that melts in your mouth and makes every bite a celebration of flavor. 🍞
10995312,22.0,Premieur,Fastfoodbrød,Brioche Burgerboller Sesam,1,0,pk.,Netto,https://static.tilbudsugen.dk/1st-retail/2026/11/64774/Netto102026-1_19_62x1160_3368x2860_zoom.jpg,2026-03-07,2026-03-13,https://res.cloudinary.com/dfqzmnlga/image/upload/v1772854777/2026-03-07/10995312.jpg,Brioche Burger Bubbles Sesam,"✨ Brioche Burger Bubbles Sesam: The sweet, fluffy, and slightly cheesy companion to any delicious meal! 🍞"
10995294,22.0,Premieur,Fastfoodbrød,Burgerboller Brioche Fuldkorn,1,0,pk.,Netto,https://static.tilbudsugen.dk/1st-retail/2026/11/64774/Netto102026-1_19_62x1160_3368x2860_zoom.jpg,2026-03-07,2026-03-13,https://res.cloudinary.com/dfqzmnlga/image/upload/v1772854778/2026-03-07/10995294.jpg,Burger balls Brioche Whole grain,"Bite-sized bliss, made with whole grain and a sprinkle of joy 🍞✨"
10995325,32.0,MilkSlice,Mellemmåltider,Cool Snacks,1,0,pk.,Netto,https://static.tilbudsugen.dk/1st-retail/2026/11/64774/Netto102026-1_17_3338x4855_4938x6851_zoom.jpg,2026-03-07,2026-03-13,https://res.cloudinary.com/dfqzmnlga/image/upload/v1772854779/2026-03-07/10995325.jpg,Cool Snacks,✨ Wholesome snacks that make your day brighter! 🍫
10995063,49.0,Glyngøre,Konserves,Tun i vand,1,0,pk.,Netto,https://static.tilbudsugen.dk/1st-retail/2026/11/64774/Netto102026-1_2_79x4690_2361x6815_zoom.jpg,2026-03-07,2026-03-13,https://res.cloudinary.com/dfqzmnlga/image/upload/v1772854779/2026-03-07/10995063.jpg,Tunas in water,"Tunas in water: salty, fresh, and ready to conquer the ocean — or your salad. 🌊"
10995065,49.0,Glyngøre,Konserves,Tun i olie,1,0,pk.,Netto,https://static.tilbudsugen.dk/1st-retail/2026/11/64774/Netto102026-1_2_79x4690_2361x6815_zoom.jpg,2026-03-07,2026-03-13,https://res.cloudinary.com/dfqzmnlga/image/upload/v1772854780/2026-03-07/10995065.jpg,Tunas in oil,"Sizzling with flavor, I'm the tuna in oil – ready to ignite your taste buds! 🍣"
10995333,18.0,Næmt,Toppings,Kyllingeskiver,1,0,pk.,Netto,https://static.tilbudsugen.dk/1st-retail/2026/11/64774/Netto102026-1_20_101x2579_2440x4685_zoom.jpg,2026-03-07,2026-03-13,https://res.cloudinary.com/dfqzmnlga/image/upload/v1772854780/2026-03-07/10995333.jpg,Chicken slices,"Sizzling with flavor, ready to conquer your taste buds! 🍗"
10995332,18.0,Næmt,Toppings,Kyllingestrimler,1,0,pk.,Netto,https://static.tilbudsugen.dk/1st-retail/2026/11/64774/Netto102026-1_20_101x2579_2440x4685_zoom.jpg,2026-03-07,2026-03-13,https://res.cloudinary.com/dfqzmnlga/image/upload/v1772854781/2026-03-07/10995332.jpg,Chicken straws,"Savoring the taste of life, one chicken straw at a time 🍗"
10995172,12.0,Den Grønne Slagter,Bacon,Kalkunbacon,1,0,pk.,Netto,https://static.tilbudsugen.dk/1st-retail/2026/11/64774/Netto102026-1_3_23x3588_2542x6894_zoom.jpg,2026-03-07,2026-03-13,https://res.cloudinary.com/dfqzmnlga/image/upload/v1772854781/2026-03-07/10995172.jpg,Turkey bacon,"Savory, smoky, and ready to grill—turkey bacon is the perfect protein for any meal! 🍗"
10995173,12.0,Den Grønne Slagter,"Pålæg, skiveskåret",Kyllingebryst Chili,1,0,pk.,Netto,https://static.tilbudsugen.dk/1st-retail/2026/11/64774/Netto102026-1_3_23x3588_2542x6894_zoom.jpg,2026-03-07,2026-03-13,https://res.cloudinary.com/dfqzmnlga/image/upload/v1772854782/2026-03-07/10995173.jpg,Chicken breast Chili,"Sizzling with flavor, I'm the ultimate kitchen warrior—chili-ing it up for your taste buds! 🍳🔥"
10995188,20.0,Klovborg,Skiveost,Skiveost Mellemlagret,1,0,pk.,Netto,https://static.tilbudsugen.dk/1st-retail/2026/11/64774/Netto102026-1_4_2487x3651_4896x6862_zoom.jpg,2026-03-07,2026-03-13,https://res.cloudinary.com/dfqzmnlga/image/upload/v1772854783/2026-03-07/10995188.jpg,Sliced cheese Intermediate storage,"Slice, store, and share—perfect for any snack time! 🧀"
10995436,10.0,Malaco,Slik,Slikstrimler Jordbær,1,0,ps.,Netto,https://static.tilbudsugen.dk/1st-retail/2026/11/64774/Netto102026-1_23_3275x513_4928x2829_zoom.jpg,2026-03-07,2026-03-13,https://res.cloudinary.com/dfqzmnlga/image/upload/v1772854783/2026-03-07/10995436.jpg,Candy strips Strawberry,"Savoring sweet moments with a twist—strawberry candy strips, always ready to delight. 🍓✨"
10995445,10.0,Stjernemix,Slik,Slikposer,1,0,ps.,Netto,https://static.tilbudsugen.dk/1st-retail/2026/11/64774/Netto102026-1_23_93x661_3306x2930_zoom.jpg,2026-03-07,2026-03-13,https://res.cloudinary.com/dfqzmnlga/image/upload/v1772854784/2026-03-07/10995445.jpg,Candy bags,✨ Treat yourself to a sweet escape with every bite! ✨
10995449,10.0,Nappar,Slik,Slikpose Sour,1,0,ps.,Netto,https://static.tilbudsugen.dk/1st-retail/2026/11/64774/Netto102026-1_23_93x661_3306x2930_zoom.jpg,2026-03-07,2026-03-13,https://res.cloudinary.com/dfqzmnlga/image/upload/v1772854784/2026-03-07/10995449.jpg,Candy bag Sour,"Sour sweet treats, always ready to surprise! 🍬"
10995443,10.0,Matador Mix,Slik,Slikpose Dark,1,0,ps.,Netto,https://static.tilbudsugen.dk/1st-retail/2026/11/64774/Netto102026-1_23_93x661_3306x2930_zoom.jpg,2026-03-07,2026-03-13,https://res.cloudinary.com/dfqzmnlga/image/upload/v1772854785/2026-03-07/10995443.jpg,Candy bag Dark,✨ Candy bag Dark 🍬
10995442,10.0,Malaco,Slik,Slikstrimler Tutti Frutti,1,0,ps.,Netto,https://static.tilbudsugen.dk/1st-retail/2026/11/64774/Netto102026-1_23_3275x513_4928x2829_zoom.jpg,2026-03-07,2026-03-13,https://res.cloudinary.com/dfqzmnlga/image/upload/v1772854786/2026-03-07/10995442.jpg,Candy strips Tutti Frutti,"Sweeter than a summer breeze, with a flavor that never fades — just the right amount of sweet and bold. 🍬"
10995447,10.0,Click Mix,Slik,Slikposer,1,0,ps.,Netto,https://static.tilbudsugen.dk/1st-retail/2026/11/64774/Netto102026-1_23_93x661_3306x2930_zoom.jpg,2026-03-07,2026-03-13,https://res.cloudinary.com/dfqzmnlga/image/upload/v1772854786/2026-03-07/10995447.jpg,Candy bags,Candy bags: the ultimate escape from mundane Mondays! 🍬✨
10995446,10.0,Matador Mix,Slik,Slikposer,1,0,ps.,Netto,https://static.tilbudsugen.dk/1st-retail/2026/11/64774/Netto102026-1_23_93x661_3306x2930_zoom.jpg,2026-03-07,2026-03-13,https://res.cloudinary.com/dfqzmnlga/image/upload/v1772854787/2026-03-07/10995446.jpg,Candy bags,✨ Treat yourself to a bag of sweet surprises! ✨
10995448,10.0,Nappar,Slik,Slikpose Liquorice,1,0,ps.,Netto,https://static.tilbudsugen.dk/1st-retail/2026/11/64774/Netto102026-1_23_93x661_3306x2930_zoom.jpg,2026-03-07,2026-03-13,https://res.cloudinary.com/dfqzmnlga/image/upload/v1772854787/2026-03-07/10995448.jpg,Candy bag Liquorice,"✨ Treat yourself to a sweet twist on nostalgia—Liquorice, wrapped in candy, ready to delight your taste buds! ✨"
10995512,89.0,Triple Wood,Whisky,Whisky,1,0,fl.,Netto,https://static.tilbudsugen.dk/1st-retail/2026/11/64774/Netto102026-1_24_62x731_1715x2837_zoom.jpg,2026-03-07,2026-03-13,https://res.cloudinary.com/dfqzmnlga/image/upload/v1772854787/2026-03-07/10995512.jpg,Whiskey,"Whiskey: ""Sipping on the soul of the night, one sip at a time. 🍸"""
10995504,89.0,Original,Snaps,Snaps,1,0,fl.,Netto,https://static.tilbudsugen.dk/1st-retail/2026/11/64774/Netto102026-1_24_62x731_1715x2837_zoom.jpg,2026-03-07,2026-03-13,https://res.cloudinary.com/dfqzmnlga/image/upload/v1772854788/2026-03-07/10995504.jpg,Snaps,"Snap the moment, capture the vibe — life's too short for misses! 📸"
10995462,25.0,Anthon Berg,Chokolade,Marcipantærter Blomme i Madeira,1,0,pk.,Netto,https://static.tilbudsugen.dk/1st-retail/2026/11/64774/Netto102026-1_23_1591x2821_3306x4825_zoom.jpg,2026-03-07,2026-03-13,https://res.cloudinary.com/dfqzmnlga/image/upload/v1772854789/2026-03-07/10995462.jpg,Marzip peas Plum in Madeira,"Marzip peas plum in Madeira — sweet, tangy, and perfectly balanced, like a tropical twist on a classic. 🍓✨"
10995464,25.0,Anthon Berg,Chokolade,Marcipantærter Jordbær i Champagne,1,0,pk.,Netto,https://static.tilbudsugen.dk/1st-retail/2026/11/64774/Netto102026-1_23_1591x2821_3306x4825_zoom.jpg,2026-03-07,2026-03-13,https://res.cloudinary.com/dfqzmnlga/image/upload/v1772854790/2026-03-07/10995464.jpg,Marzipan peas Strawberry in Champagne,"A sweet, tangy fusion of marzipan and strawberry in a champagne-infused twist, topped with a sprinkle of whimsy 🍷✨"
10995465,25.0,Anthon Berg,Chokolade,Marcipantærter Blåbær i Vodka,1,0,pk.,Netto,https://static.tilbudsugen.dk/1st-retail/2026/11/64774/Netto102026-1_23_1591x2821_3306x4825_zoom.jpg,2026-03-07,2026-03-13,https://res.cloudinary.com/dfqzmnlga/image/upload/v1772854790/2026-03-07/10995465.jpg,Marcipant peas Blueberries in Vodka,"Sip on the sweetest mix of blueberries and vodka, topped with a touch of whimsy — *Marcipant peas* in every bite. 🍵✨"
10995228,10.0,,Grønt,Rucolasalat,1,0,ps.,Netto,https://static.tilbudsugen.dk/1st-retail/2026/11/64774/Netto102026-1_12_2523x3308_3721x4951_zoom.jpg,2026-03-07,2026-03-13,https://res.cloudinary.com/dfqzmnlga/image/upload/v1772854791/2026-03-07/10995228.jpg,Rucola lettuce,"Whispers of freshness, with a sprinkle of green magic 🥬"
10995170,12.0,Den Grønne Slagter,"Pålæg, skiveskåret",Kyllingebryst Grillet,1,0,pk.,Netto,https://static.tilbudsugen.dk/1st-retail/2026/11/64774/Netto102026-1_3_23x3588_2542x6894_zoom.jpg,2026-03-07,2026-03-13,https://res.cloudinary.com/dfqzmnlga/image/upload/v1772854792/2026-03-07/10995170.jpg,Chicken breast Grilled,"Grilled chicken breast: flavor, fire, and a little bit of magic. 🍗🔥"
10995324,32.0,Pingui,Mellemmåltider,Cool Snacks,1,0,pk.,Netto,https://static.tilbudsugen.dk/1st-retail/2026/11/64774/Netto102026-1_17_3338x4855_4938x6851_zoom.jpg,2026-03-07,2026-03-13,https://res.cloudinary.com/dfqzmnlga/image/upload/v1772854792/2026-03-07/10995324.jpg,Cool Snacks,"Sip, snack, and vibe—because life's too short for boring bites! 🍫"
10995254,30.0,Colgate,Tandpleje,Tandpasta,1,0,pk.,Netto,https://static.tilbudsugen.dk/1st-retail/2026/11/64774/Netto102026-1_8_2393x156_4998x3580_zoom.jpg,2026-03-07,2026-03-13,https://res.cloudinary.com/dfqzmnlga/image/upload/v1772854793/2026-03-07/10995254.jpg,Toothpaste,"Whitening your smile, one brushstroke at a time 🍿"
10995330,18.0,Næmt,Toppings,Kyllingestykker,1,0,pk.,Netto,https://static.tilbudsugen.dk/1st-retail/2026/11/64774/Netto102026-1_20_101x2579_2440x4685_zoom.jpg,2026-03-07,2026-03-13,https://res.cloudinary.com/dfqzmnlga/image/upload/v1772854793/2026-03-07/10995330.jpg,Chicken pieces,"Sizzling with flavor, ready to conquer your taste buds! 🍗"
10995298,25.0,Premieur,Pålægspølser,Mørbrad,1,0,stk.,Netto,https://static.tilbudsugen.dk/1st-retail/2026/11/64774/Netto102026-1_19_1645x2829_3298x4872_zoom.jpg,2026-03-07,2026-03-13,https://res.cloudinary.com/dfqzmnlga/image/upload/v1772854794/2026-03-07/10995298.jpg,Darkloin,"✨ Darkloin: The dark, mysterious, and slightly spooky delight that makes your day a little bit more exciting. 🌙"
10995431,12.0,Santa Maria,Mexicansk,Taco Tubs Mini,1,0,pk.,Netto,https://static.tilbudsugen.dk/1st-retail/2026/11/64774/Netto102026-1_22_3306x146_4889x2884_zoom.jpg,2026-03-07,2026-03-13,https://res.cloudinary.com/dfqzmnlga/image/upload/v1772854794/2026-03-07/10995431.jpg,Taco Tubs Mini,"🔥 Taco Tub Mini: Satisfy your cravings, one bite at a time! 🌮"
10995506,99.0,Gammel Dansk,Bitter,Bitter,1,0,fl.,Netto,https://static.tilbudsugen.dk/1st-retail/2026/11/64774/Netto102026-1_24_2495x4841_4858x6907_zoom.jpg,2026-03-07,2026-03-13,https://res.cloudinary.com/dfqzmnlga/image/upload/v1772854795/2026-03-07/10995506.jpg,Bitter,"Bitter, but beautifully sharp—like a secret you never wanted to share. 🍃"
10995521,99.0,Old No. 7,Whisky,Whisky,1,0,fl.,Netto,https://static.tilbudsugen.dk/1st-retail/2026/11/64774/Netto102026-1_24_2495x4841_4858x6907_zoom.jpg,2026-03-07,2026-03-13,https://res.cloudinary.com/dfqzmnlga/image/upload/v1772854795/2026-03-07/10995521.jpg,Whiskey,"Whiskey: ""Sip the night, raise a glass, and let the whiskey do the talking."" 🍸"
10995517,99.0,Jägermeister,Bitter,Bitter,1,0,fl.,Netto,https://static.tilbudsugen.dk/1st-retail/2026/11/64774/Netto102026-1_24_2495x4841_4858x6907_zoom.jpg,2026-03-07,2026-03-13,https://res.cloudinary.com/dfqzmnlga/image/upload/v1772854796/2026-03-07/10995517.jpg,Bitter,"Bitter, but delicious—sometimes just what the soul needs. 🍃"
10995519,99.0,Tullamore Dew,Whisky,Whisky,1,0,fl.,Netto,https://static.tilbudsugen.dk/1st-retail/2026/11/64774/Netto102026-1_24_2495x4841_4858x6907_zoom.jpg,2026-03-07,2026-03-13,https://res.cloudinary.com/dfqzmnlga/image/upload/v1772854797/2026-03-07/10995519.jpg,Whiskey,"Whiskey: ""Sip, savor, and never stop drinking."" 🍸"
10995520,99.0,Kahlua,Likør,Likør,1,0,fl.,Netto,https://static.tilbudsugen.dk/1st-retail/2026/11/64774/Netto102026-1_24_2495x4841_4858x6907_zoom.jpg,2026-03-07,2026-03-13,https://res.cloudinary.com/dfqzmnlga/image/upload/v1772854798/2026-03-07/10995520.jpg,Liqueurs and cordials,"Sip, savor, and swirl—my flavor is everywhere! 🍹"
10995518,99.0,London Dry,Gin,Gin,1,0,fl.,Netto,https://static.tilbudsugen.dk/1st-retail/2026/11/64774/Netto102026-1_24_2495x4841_4858x6907_zoom.jpg,2026-03-07,2026-03-13,https://res.cloudinary.com/dfqzmnlga/image/upload/v1772854798/2026-03-07/10995518.jpg,Gin,"Sip, savor, and sip some gin—because life's too short for boring drinks. 🍸"
10995165,10.0,La Campagna,"Pålæg, skiveskåret",Salchichón,1,0,pk.,Netto,https://static.tilbudsugen.dk/1st-retail/2026/11/64774/Netto102026-1_3_63x384_2440x3611_zoom.jpg,2026-03-07,2026-03-13,https://res.cloudinary.com/dfqzmnlga/image/upload/v1772854799/2026-03-07/10995165.jpg,Salchichón,🔥 Firework in a bun — ready to ignite your day with a spicy kick! 🍔
10995079,129.0,Espresso,Kaffe,Kaffebønner,1,0,ps.,Netto,https://static.tilbudsugen.dk/1st-retail/2026/11/64774/Netto102026-1_2_2259x4383_4896x6847_zoom.jpg,2026-03-07,2026-03-13,https://res.cloudinary.com/dfqzmnlga/image/upload/v1772854799/2026-03-07/10995079.jpg,Coffee beans,"☕️ The world needs more coffee, and I'm here to make it happen."
10995078,129.0,Crema,Kaffe,Kaffebønner,1,0,ps.,Netto,https://static.tilbudsugen.dk/1st-retail/2026/11/64774/Netto102026-1_2_2259x4383_4896x6847_zoom.jpg,2026-03-07,2026-03-13,https://res.cloudinary.com/dfqzmnlga/image/upload/v1772854800/2026-03-07/10995078.jpg,Coffee beans,"☕️ Ground truth, brewed with passion."
10995471,59.0,Original,Kaffe,Kaffe Formalet,1,0,ps.,Netto,https://static.tilbudsugen.dk/1st-retail/2026/11/64774/Netto102026-1_23_3236x4849_4858x6869_zoom.jpg,2026-03-07,2026-03-13,https://res.cloudinary.com/dfqzmnlga/image/upload/v1772854800/2026-03-07/10995471.jpg,Coffee Painted,"☕️ Painted with coffee, I’m a flavor that’s never the same—just wait, I’m actually a *grocery* item."
10995236,15.0,Zanetti,Specialost,Burrata Italiana,1,0,stk.,Netto,https://static.tilbudsugen.dk/1st-retail/2026/11/64774/Netto102026-1_12_3727x3380_4902x4987_zoom.jpg,2026-03-07,2026-03-13,https://res.cloudinary.com/dfqzmnlga/image/upload/v1772854801/2026-03-07/10995236.jpg,Burrata Italiana,"Crisp, creamy, and effortlessly delicious—like a dream on a plate. 🍃"
10995174,12.0,Den Grønne Slagter,"Pålæg, skiveskåret",Spegepølse,1,0,pk.,Netto,https://static.tilbudsugen.dk/1st-retail/2026/11/64774/Netto102026-1_3_23x3588_2542x6894_zoom.jpg,2026-03-07,2026-03-13,https://res.cloudinary.com/dfqzmnlga/image/upload/v1772854801/2026-03-07/10995174.jpg,Salsify,"Salsify: The veggie that makes your day better, one bite at a time. 🌱"
10995175,12.0,Den Grønne Slagter,Vegetarpålæg,Veggiepålæg Peberfrugt,1,0,pk.,Netto,https://static.tilbudsugen.dk/1st-retail/2026/11/64774/Netto102026-1_3_23x3588_2542x6894_zoom.jpg,2026-03-07,2026-03-13,https://res.cloudinary.com/dfqzmnlga/image/upload/v1772854802/2026-03-07/10995175.jpg,Veggie vegetables Pepper fruit,"Savoring the crunch of veggies and the sweetness of fruit, one bite at a time 🌱🍓"
10995171,12.0,Den Grønne Slagter,"Pålæg, skiveskåret",Hamburgerryg,1,0,pk.,Netto,https://static.tilbudsugen.dk/1st-retail/2026/11/64774/Netto102026-1_3_23x3588_2542x6894_zoom.jpg,2026-03-07,2026-03-13,https://res.cloudinary.com/dfqzmnlga/image/upload/v1772854802/2026-03-07/10995171.jpg,Hamburger back,"I'm the hearty hamburger back, ready to crush your day with a juicy, satisfying bite! 🍔"
10995302,32.0,Castello,Specialost,Havarti Aged,1,0,pk.,Netto,https://static.tilbudsugen.dk/1st-retail/2026/11/64774/Netto102026-1_16_24x2805_3380x4855_zoom.jpg,2026-03-07,2026-03-13,https://res.cloudinary.com/dfqzmnlga/image/upload/v1772854803/2026-03-07/10995302.jpg,Havarti Aged,"Savory, creamy, and slightly aged — perfect for a great snack or a bold twist on a sandwich. 🧀"
10995300,32.0,Castello,Specialost,Cheddar Mature,1,0,pk.,Netto,https://static.tilbudsugen.dk/1st-retail/2026/11/64774/Netto102026-1_16_24x2805_3380x4855_zoom.jpg,2026-03-07,2026-03-13,https://res.cloudinary.com/dfqzmnlga/image/upload/v1772854803/2026-03-07/10995300.jpg,Cheddar Mature,"Cheddar Mature: A creamy, bold flavor that brings the world to the table 🧀"
10995297,32.0,Castello,Specialost,Gouda Aged,1,0,pk.,Netto,https://static.tilbudsugen.dk/1st-retail/2026/11/64774/Netto102026-1_16_24x2805_3380x4855_zoom.jpg,2026-03-07,2026-03-13,https://res.cloudinary.com/dfqzmnlga/image/upload/v1772854804/2026-03-07/10995297.jpg,Gouda Aged,"Aged with time, bold and creamy, I'm the perfect companion to any snack night. 🍃"
10995301,32.0,Castello,Specialost,Cheddar Extra Mature,1,0,pk.,Netto,https://static.tilbudsugen.dk/1st-retail/2026/11/64774/Netto102026-1_16_24x2805_3380x4855_zoom.jpg,2026-03-07,2026-03-13,https://res.cloudinary.com/dfqzmnlga/image/upload/v1772854805/2026-03-07/10995301.jpg,Cheddar Extra Mature,"Mature cheese with a bold flavor, ready to conquer your taste buds 🧀"
10970431,8.0,,Garn,Garn,1,0,stk.,Netto,https://static.tilbudsugen.dk/1st-retail/2026/9/64663/Netto82026-1_38_189x228_2782x3584_zoom.jpg,2026-02-21,2026-03-27,https://res.cloudinary.com/dfqzmnlga/image/upload/v1772854805/2026-03-07/10970431.jpg,Yarn,"Weave dreams into every stitch—yarn, ready to spin your story. 🎨✨"
10995467,10.0,Carletti,Slik,P-Tærter Original,1,0,ps.,Netto,https://static.tilbudsugen.dk/1st-retail/2026/11/64774/Netto102026-1_23_39x2798_1661x4872_zoom.jpg,2026-03-07,2026-03-13,https://res.cloudinary.com/dfqzmnlga/image/upload/v1772854806/2026-03-07/10995467.jpg,P-Pies Original,"✨ P-Pies Original: Sweet, salty, and unstoppable! 🍞"
10995468,10.0,Carletti,Slik,P-tærter Karamel,1,0,ps.,Netto,https://static.tilbudsugen.dk/1st-retail/2026/11/64774/Netto102026-1_23_39x2798_1661x4872_zoom.jpg,2026-03-07,2026-03-13,https://res.cloudinary.com/dfqzmnlga/image/upload/v1772854806/2026-03-07/10995468.jpg,Pies Caramel,"✨ Caramelized dreams on a plate, served with a side of sweet nostalgia. 🍭"
10995469,10.0,Carletti,Slik,Skumbananer,1,0,ps.,Netto,https://static.tilbudsugen.dk/1st-retail/2026/11/64774/Netto102026-1_23_39x2798_1661x4872_zoom.jpg,2026-03-07,2026-03-13,https://res.cloudinary.com/dfqzmnlga/image/upload/v1772854807/2026-03-07/10995469.jpg,Foam bananas,"Sponge-like bananas that float in your glass, dripping with sweetness and surprise—because sometimes the best treats are the ones that melt in your mouth. 🍌✨"
10995470,10.0,Carletti,Slik,Brazil,1,0,ps.,Netto,https://static.tilbudsugen.dk/1st-retail/2026/11/64774/Netto102026-1_23_39x2798_1661x4872_zoom.jpg,2026-03-07,2026-03-13,https://res.cloudinary.com/dfqzmnlga/image/upload/v1772854807/2026-03-07/10995470.jpg,Brazil,"🌈 Brazil, where the sun shines bright and the flavors are bold—samba, samba, samba! 🌟"
10995169,12.0,Den Grønne Slagter,"Pålæg, skiveskåret",Rullepølse med Løg & Krydderier,1,0,pk.,Netto,https://static.tilbudsugen.dk/1st-retail/2026/11/64774/Netto102026-1_3_23x3588_2542x6894_zoom.jpg,2026-03-07,2026-03-13,https://res.cloudinary.com/dfqzmnlga/image/upload/v1772854808/2026-03-07/10995169.jpg,Roller Sausage with Onion & Spices,"Spicy, smoky, and savory—roll your own flavor with this sausage! 🍲"
10995346,35.0,Launis,Rejer og andre skaldyr,Rejer,1,0,bg.,Netto,https://static.tilbudsugen.dk/1st-retail/2026/11/64774/Netto102026-1_18_30x4879_2511x6857_zoom.jpg,2026-03-07,2026-03-31,https://res.cloudinary.com/dfqzmnlga/image/upload/v1772854809/2026-03-07/10995346.jpg,Shrimps and prawns,"Crunchy, fresh, and always ready to conquer the plate 🍤✨"
10995339,35.0,,Røget og gravad,Laks i skiver,1,0,pk.,Netto,https://static.tilbudsugen.dk/1st-retail/2026/11/64774/Netto102026-1_18_30x4879_2511x6857_zoom.jpg,2026-03-07,2026-03-31,https://res.cloudinary.com/dfqzmnlga/image/upload/v1772854809/2026-03-07/10995339.jpg,Salmon in slices,"Slice of inspiration, served with a dash of adventure. 🍣"
10995344,35.0,,Røget og gravad,Laks,1,0,bk.,Netto,https://static.tilbudsugen.dk/1st-retail/2026/11/64774/Netto102026-1_18_30x4879_2511x6857_zoom.jpg,2026-03-07,2026-03-31,https://res.cloudinary.com/dfqzmnlga/image/upload/v1772854810/2026-03-07/10995344.jpg,Salmon,"Savor the ocean in every bite, 🐟✨"
10995273,59.0,Velsmag,Fersk fisk,Laksefilet,1,0,pk.,Netto,https://static.tilbudsugen.dk/1st-retail/2026/11/64774/Netto102026-1_14_3212x2637_4914x4735_zoom.jpg,2026-03-07,2026-03-13,https://res.cloudinary.com/dfqzmnlga/image/upload/v1772854810/2026-03-07/10995273.jpg,Salmon filet,"✨ Salmon filet: The ocean's sweetest surprise, grilled to perfection and ready to spark a conversation. 🍣"
10995262,199.0,Velsmag,Oksekød,Oksemørbrad,1,1,bk.,Netto,https://static.tilbudsugen.dk/1st-retail/2026/11/64774/Netto102026-1_14_2553x641_4920x2511_zoom.jpg,2026-03-07,2026-03-13,https://res.cloudinary.com/dfqzmnlga/image/upload/v1772854811/2026-03-07/10995262.jpg,Beef tenderloin,"Savor the perfect cut of beef, grilled to perfection — just you, me, and the fire. 🍲"
10995280,15.0,Family,Håndcreme,Håndcreme,1,0,stk.,Netto,https://static.tilbudsugen.dk/1st-retail/2026/11/64774/Netto102026-1_8_47x148_2503x3564_zoom.jpg,2026-03-07,2026-03-13,https://res.cloudinary.com/dfqzmnlga/image/upload/v1772854811/2026-03-07/10995280.jpg,Hand cream,"✨ Soft touch, smooth vibes, and a little bit of magic in every swipe. ✨"
10970432,10.0,,Garn,Garn,1,0,stk.,Netto,https://static.tilbudsugen.dk/1st-retail/2026/9/64663/Netto82026-1_39_2600x4490_4939x6628_zoom.jpg,2026-02-21,2026-03-27,https://res.cloudinary.com/dfqzmnlga/image/upload/v1772854812/2026-03-07/10970432.jpg,Yarn,编织梦想，编织未来 🧶
10995156,10.0,La Campagna,"Pålæg, skiveskåret",Salami Milano Salame,1,0,pk.,Netto,https://static.tilbudsugen.dk/1st-retail/2026/11/64774/Netto102026-1_3_63x384_2440x3611_zoom.jpg,2026-03-07,2026-03-13,https://res.cloudinary.com/dfqzmnlga/image/upload/v1772854813/2026-03-07/10995156.jpg,Salami Milano Salame,Savoring the perfect slice of Italian charm 🍴
10995162,10.0,La Campagna,"Pålæg, skiveskåret",Jamon Serrano,1,0,pk.,Netto,https://static.tilbudsugen.dk/1st-retail/2026/11/64774/Netto102026-1_3_63x384_2440x3611_zoom.jpg,2026-03-07,2026-03-13,https://res.cloudinary.com/dfqzmnlga/image/upload/v1772854813/2026-03-07/10995162.jpg,Jamon Serrano,"Serrano jamon, spicy and bold, with a fiery passion for life. 🍞"
10995163,10.0,La Campagna,"Pålæg, skiveskåret",Chorizo,1,0,pk.,Netto,https://static.tilbudsugen.dk/1st-retail/2026/11/64774/Netto102026-1_3_63x384_2440x3611_zoom.jpg,2026-03-07,2026-03-13,https://res.cloudinary.com/dfqzmnlga/image/upload/v1772854814/2026-03-07/10995163.jpg,Chorizo,"🔥 Spicy, smoky, and ready to ignite your taste buds—chorizo is the king of bold flavors! 🌟"
10995166,10.0,La Campagna,"Pålæg, skiveskåret",Skinke,1,0,pk.,Netto,https://static.tilbudsugen.dk/1st-retail/2026/11/64774/Netto102026-1_3_63x384_2440x3611_zoom.jpg,2026-03-07,2026-03-13,https://res.cloudinary.com/dfqzmnlga/image/upload/v1772854815/2026-03-07/10995166.jpg,Ham,Savoring the crunch of a perfect slice—because every bite tells a story. 🍗
10995159,10.0,La Campagna,"Pålæg, skiveskåret",Lufttørret Skinke,1,0,pk.,Netto,https://static.tilbudsugen.dk/1st-retail/2026/11/64774/Netto102026-1_3_63x384_2440x3611_zoom.jpg,2026-03-07,2026-03-13,https://res.cloudinary.com/dfqzmnlga/image/upload/v1772854815/2026-03-07/10995159.jpg,Air-dried Ham,"Slice of salty nostalgia, ready to slice through any day. 🍗"
10995158,10.0,La Campagna,"Pålæg, skiveskåret",Mortadella,1,0,pk.,Netto,https://static.tilbudsugen.dk/1st-retail/2026/11/64774/Netto102026-1_3_63x384_2440x3611_zoom.jpg,2026-03-07,2026-03-13,https://res.cloudinary.com/dfqzmnlga/image/upload/v1772854816/2026-03-07/10995158.jpg,Mortadella,"Savory, smoky, and slightly spicy — the perfect companion to a good wine. 🍷"
10995157,10.0,La Campagna,"Pålæg, skiveskåret",Salami Spicy Ventricina,1,0,pk.,Netto,https://static.tilbudsugen.dk/1st-retail/2026/11/64774/Netto102026-1_3_63x384_2440x3611_zoom.jpg,2026-03-07,2026-03-13,https://res.cloudinary.com/dfqzmnlga/image/upload/v1772854816/2026-03-07/10995157.jpg,Salami Spicy Ventricina,"🔥 Spicy salami that's ready to slice and serve, perfect for a bold bite! 🍴"
10995161,10.0,La Campagna,Pålægspølser,Fuet,1,0,pk.,Netto,https://static.tilbudsugen.dk/1st-retail/2026/11/64774/Netto102026-1_3_63x384_2440x3611_zoom.jpg,2026-03-07,2026-03-13,https://res.cloudinary.com/dfqzmnlga/image/upload/v1772854817/2026-03-07/10995161.jpg,Fuet,"Fuet: The sweet, tangy, and slightly weirdly delicious snack that makes your taste buds dance in the dark. 🌟"
10995281,75.0,ØGO,Oksekød,Oksebøffer,1,0,bk.,Netto,https://static.tilbudsugen.dk/1st-retail/2026/11/64774/Netto102026-1_9_1968x4186_4903x6886_zoom.jpg,2026-03-07,2026-03-13,https://res.cloudinary.com/dfqzmnlga/image/upload/v1772854817/2026-03-07/10995281.jpg,Beef steaks,"Savor the grill, ignite the fire, and let the flavors speak — I'm beef steaks, ready to turn any meal into a feast. 🍳🔥"
10995335,55.0,Premieur,Røget og gravad,Laks i skiver,1,0,pk.,Netto,https://static.tilbudsugen.dk/1st-retail/2026/11/64774/Netto102026-1_18_2541x4861_4998x6809_zoom.jpg,2026-03-07,2026-03-13,https://res.cloudinary.com/dfqzmnlga/image/upload/v1772854818/2026-03-07/10995335.jpg,Salmon in slices,"Sizzling with flavor, ready to conquer your taste buds! 🍣"
10995473,49.0,Mini Favoritter,Chokolade,Dessertchokolade,1,0,æsk.,Netto,https://static.tilbudsugen.dk/1st-retail/2026/11/64774/Netto102026-1_23_1661x4919_3399x6822_zoom.jpg,2026-03-07,2026-03-13,https://res.cloudinary.com/dfqzmnlga/image/upload/v1772854818/2026-03-07/10995473.jpg,Dessert chocolate,"Sweet treat, ready to melt your heart with a delicious surprise 🍫"
10970425,25.0,,Garn,Garn,1,0,stk.,Netto,https://static.tilbudsugen.dk/1st-retail/2026/9/64663/Netto82026-1_37_235x4744_2470x6543_zoom.jpg,2026-02-21,2026-03-27,https://res.cloudinary.com/dfqzmnlga/image/upload/v1772854819/2026-03-07/10970425.jpg,Yarn,"Yarn: Weaving dreams into every stitch, one twist at a time. 🎨✨"
10995355,35.0,Koko,Dessert Dybfrost,Banana Bites,1,0,pk.,Netto,https://static.tilbudsugen.dk/1st-retail/2026/11/64774/Netto102026-1_21_1622x4872_3275x6861_zoom.jpg,2026-03-07,2026-03-13,https://res.cloudinary.com/dfqzmnlga/image/upload/v1772854820/2026-03-07/10995355.jpg,Banana Bites,"🌈 Savor the sweet, juicy burst of life with every bite! 🍌"
10995366,35.0,Koko,Dessert Dybfrost,Strawberry Bites,1,0,pk.,Netto,https://static.tilbudsugen.dk/1st-retail/2026/11/64774/Netto102026-1_21_1622x4872_3275x6861_zoom.jpg,2026-03-07,2026-03-13,https://res.cloudinary.com/dfqzmnlga/image/upload/v1772854821/2026-03-07/10995366.jpg,Strawberry Bites,"Sip, savor, and smile—strawberry bites are the sweetest snack ever! 🍓"
10995582,14.0,Sanex Men,Deodorant,Deo Roll-on,1,0,stk.,Netto,https://static.tilbudsugen.dk/1st-retail/2026/11/64774/Netto102026-1_26_203x1246_2589x2821_zoom.jpg,2026-03-07,2026-03-13,https://res.cloudinary.com/dfqzmnlga/image/upload/v1772854821/2026-03-07/10995582.jpg,Deo Roll-on,"✨ Spray your day with confidence, one spritz at a time!"
10995579,14.0,Sanex,Deodorant,Deo Roll-on,1,0,stk.,Netto,https://static.tilbudsugen.dk/1st-retail/2026/11/64774/Netto102026-1_26_203x1246_2589x2821_zoom.jpg,2026-03-07,2026-03-13,https://res.cloudinary.com/dfqzmnlga/image/upload/v1772854822/2026-03-07/10995579.jpg,Deo Roll-on,"✨ Spray your day with confidence, one smoky kiss at a time. ✨"
10970426,59.0,,Garn,Garn,1,0,stk.,Netto,https://static.tilbudsugen.dk/1st-retail/2026/9/64663/Netto82026-1_37_39x2379_2203x4751_zoom.jpg,2026-02-21,2026-03-27,https://res.cloudinary.com/dfqzmnlga/image/upload/v1772854822/2026-03-07/10970426.jpg,Yarn,Weave dreams with every stitch — and maybe a little chaos. 🌟
10995256,15.0,Family,Deodorant,Deo Roll-on,1,0,stk.,Netto,https://static.tilbudsugen.dk/1st-retail/2026/11/64774/Netto102026-1_8_47x148_2503x3564_zoom.jpg,2026-03-07,2026-03-13,https://res.cloudinary.com/dfqzmnlga/image/upload/v1772854823/2026-03-07/10995256.jpg,Deo Roll-on,"✨ Spray your day with confidence, one smudge at a time! ✨"
10995382,30.0,,Garn,Garn,1,0,stk.,Netto,https://static.tilbudsugen.dk/1st-retail/2026/11/64774/Netto102026-1_31_294x3632_2799x6599_zoom.jpg,2026-03-07,2026-03-13,https://res.cloudinary.com/dfqzmnlga/image/upload/v1772854823/2026-03-07/10995382.jpg,Yarn,"Looming over the chaos, spinning into patterns of wonder 🧶"
10970442,30.0,,Garn,Garn,1,0,stk.,Netto,https://static.tilbudsugen.dk/1st-retail/2026/9/64663/Netto82026-1_39_7x20_4359x3578_zoom.jpg,2026-02-21,2026-03-27,https://res.cloudinary.com/dfqzmnlga/image/upload/v1772854824/2026-03-07/10970442.jpg,Yarn,编织梦想，编织未来 🌟
10995426,20.0,Trope,Tørret Frugt,Mango,1,0,ps.,Netto,https://static.tilbudsugen.dk/1st-retail/2026/11/64774/Netto102026-1_22_93x4911_2690x6791_zoom.jpg,2026-03-07,2026-03-13,https://res.cloudinary.com/dfqzmnlga/image/upload/v1772854824/2026-03-07/10995426.jpg,Mango,"Sweet, juicy, and always ready to burst—just like a mango! 🍌"
10995427,20.0,Løgismose,Tørret Frugt,Kokos,1,0,ps.,Netto,https://static.tilbudsugen.dk/1st-retail/2026/11/64774/Netto102026-1_22_93x4911_2690x6791_zoom.jpg,2026-03-07,2026-03-13,https://res.cloudinary.com/dfqzmnlga/image/upload/v1772854825/2026-03-07/10995427.jpg,Coconut,"Coconut: Nature's sweet, creamy surprise, always ready to melt your day. 🌴"
10995424,20.0,Trope,Tørret Frugt,Ananas,1,0,ps.,Netto,https://static.tilbudsugen.dk/1st-retail/2026/11/64774/Netto102026-1_22_93x4911_2690x6791_zoom.jpg,2026-03-07,2026-03-13,https://res.cloudinary.com/dfqzmnlga/image/upload/v1772854825/2026-03-07/10995424.jpg,Pineapples,"Pineapple: The sweet, juicy, and slightly explosive joy of summer. 🍑"
10970427,35.0,,Garn,Garn,1,0,stk.,Netto,https://static.tilbudsugen.dk/1st-retail/2026/9/64663/Netto82026-1_38_2795x98_4998x2959_zoom.jpg,2026-02-21,2026-03-27,https://res.cloudinary.com/dfqzmnlga/image/upload/v1772854826/2026-03-07/10970427.jpg,Yarn,"Weaving dreams into fabric, one stitch at a time. 🧶"
10995331,35.0,Bådsmand,Røget og gravad,Laks i skiver,1,0,pk.,Netto,https://static.tilbudsugen.dk/1st-retail/2026/11/64774/Netto102026-1_18_2481x2853_4902x4771_zoom.jpg,2026-03-07,2026-03-13,https://res.cloudinary.com/dfqzmnlga/image/upload/v1772854827/2026-03-07/10995331.jpg,Salmon in slices,"✨ Slices of ocean flavor, ready to spark a conversation. 🍣"
10970456,20.0,,Garn,Garn,1,0,stk.,Netto,https://static.tilbudsugen.dk/1st-retail/2026/9/64663/Netto82026-1_40_0x3415_2502x6602_zoom.jpg,2026-02-21,2026-03-27,https://res.cloudinary.com/dfqzmnlga/image/upload/v1772854827/2026-03-07/10970456.jpg,Yarn,"Wooly wonder, spinning dreams into fabric—because every stitch is a story. 🧶"
10995410,12.0,Santa Maria,Mexicansk,Spice mix for Chicken Taco,1,0,ps.,Netto,https://static.tilbudsugen.dk/1st-retail/2026/11/64774/Netto102026-1_22_3306x146_4889x2884_zoom.jpg,2026-03-07,2026-03-13,https://res.cloudinary.com/dfqzmnlga/image/upload/v1772854827/2026-03-07/10995410.jpg,Spice mix for Chicken Taco,🔥 Spice mix for Chicken Taco – add some heat to your meals! 🌮
10995381,25.0,,Garn,Garn,1,0,stk.,Netto,https://static.tilbudsugen.dk/1st-retail/2026/11/64774/Netto102026-1_31_2895x5256_4998x6665_zoom.jpg,2026-03-07,2026-03-13,https://res.cloudinary.com/dfqzmnlga/image/upload/v1772854828/2026-03-07/10995381.jpg,Yarn,"✨ Weaving dreams into every stitch, one loop at a time. ✨"
10970434,25.0,,Garn,Garn,1,0,stk.,Netto,https://static.tilbudsugen.dk/1st-retail/2026/9/64663/Netto82026-1_39_143x4503_2561x6595_zoom.jpg,2026-02-21,2026-03-27,https://res.cloudinary.com/dfqzmnlga/image/upload/v1772854828/2026-03-07/10970434.jpg,Yarn,"Weave the world with a little spark—yarn, ready to stitch dreams together. 🌟"
10970429,30.0,,Garn,Garn,1,0,stk.,Netto,https://static.tilbudsugen.dk/1st-retail/2026/9/64663/Netto82026-1_38_2333x2991_4803x6530_zoom.jpg,2026-02-21,2026-03-27,https://res.cloudinary.com/dfqzmnlga/image/upload/v1772854829/2026-03-07/10970429.jpg,Yarn,"Sew together moments, unravel the unexpected — 🧶"
10970458,30.0,,Garn,Garn,1,0,stk.,Netto,https://static.tilbudsugen.dk/1st-retail/2026/9/64663/Netto82026-1_40_2691x137_4887x3421_zoom.jpg,2026-02-21,2026-03-27,https://res.cloudinary.com/dfqzmnlga/image/upload/v1772854829/2026-03-07/10970458.jpg,Yarn,"✨ Weaving dreams into every stitch, one loop at a time. 🌟"
10970457,69.0,,Garn,Garn,1,0,stk.,Netto,https://static.tilbudsugen.dk/1st-retail/2026/9/64663/Netto82026-1_40_215x267_2698x3434_zoom.jpg,2026-02-21,2026-03-27,https://res.cloudinary.com/dfqzmnlga/image/upload/v1772854830/2026-03-07/10970457.jpg,Yarn,"✨ Weaving dreams into every stitch, one loop at a time. ✨"
10970459,30.0,,Garn,Strikketilbehør,1,0,stk.,Netto,https://static.tilbudsugen.dk/1st-retail/2026/9/64663/Netto82026-1_40_2470x3441_4750x6530_zoom.jpg,2026-02-21,2026-03-27,https://res.cloudinary.com/dfqzmnlga/image/upload/v1772854830/2026-03-07/10970459.jpg,Knitting accessories,编织时光，缝补美好 🎨✨
10995428,10.0,,Papir,Bordpynt,1,0,ps.,Netto,https://static.tilbudsugen.dk/1st-retail/2026/11/64774/Netto102026-1_34_192x174_4770x2505_zoom.jpg,2026-03-07,2026-03-13,https://res.cloudinary.com/dfqzmnlga/image/upload/v1772854831/2026-03-07/10995428.jpg,Table decorations,✨ Transform any space into a festive wonder with table decorations! 🎉
10995432,10.0,,"Lister, bordplader og hylder",Bordplade,1,0,stk.,Netto,https://static.tilbudsugen.dk/1st-retail/2026/11/64774/Netto102026-1_34_252x4669_1696x6791_zoom.jpg,2026-03-07,2026-03-13,https://res.cloudinary.com/dfqzmnlga/image/upload/v1772854831/2026-03-07/10995432.jpg,Table top,Round table for all your tabletop adventures 🎉
10995450,30.0,,Køkkenartikler,Æggeur,1,0,stk.,Netto,https://static.tilbudsugen.dk/1st-retail/2026/11/64774/Netto102026-1_35_252x258_4638x1864_zoom.jpg,2026-03-07,2026-03-13,https://res.cloudinary.com/dfqzmnlga/image/upload/v1772854832/2026-03-07/10995450.jpg,Egg-keeping machinery,🍳 Hatch the future with a spin on breakfast!
10995463,40.0,,Køkkenartikler,Drikkedunk,1,0,stk.,Netto,https://static.tilbudsugen.dk/1st-retail/2026/11/64774/Netto102026-1_35_3302x3446_4800x5130_zoom.jpg,2026-03-07,2026-03-13,https://res.cloudinary.com/dfqzmnlga/image/upload/v1772854832/2026-03-07/10995463.jpg,Drinking bottle,"✨ Always ready for a refresh, no matter the day! ✨"
10995476,199.0,,Køkkenmaskiner,Paninigrill,1,0,stk.,Netto,https://static.tilbudsugen.dk/1st-retail/2026/11/64774/Netto102026-1_35_1756x5214_3230x6749_zoom.jpg,2026-03-07,2026-03-13,https://res.cloudinary.com/dfqzmnlga/image/upload/v1772854833/2026-03-07/10995476.jpg,Paninigrill,✨Paninigrill: The flavor that turns mundane into masterpiece!✨
10995359,50.0,,PC tilbehør,Computerholder,1,0,stk.,Netto,https://static.tilbudsugen.dk/1st-retail/2026/11/64774/Netto102026-1_28_90x5418_2547x6839_zoom.jpg,2026-03-07,2026-03-13,https://res.cloudinary.com/dfqzmnlga/image/upload/v1772854833/2026-03-07/10995359.jpg,Computer Holder,"✨ Stay focused, always! 📱"
10995394,20.0,,Partyartikler,Lamettagardin,1,0,stk.,Netto,https://static.tilbudsugen.dk/1st-retail/2026/11/64774/Netto102026-1_33_228x4705_1684x6779_zoom.jpg,2026-03-07,2026-03-13,https://res.cloudinary.com/dfqzmnlga/image/upload/v1772854834/2026-03-07/10995394.jpg,Lamettagardin,✨ Whimsical wanderer who brings joy to any chaotic day with a sprinkle of magic and a dash of mischief!
10995396,12.0,,Partyartikler,Folieballon,1,0,stk.,Netto,https://static.tilbudsugen.dk/1st-retail/2026/11/64774/Netto102026-1_33_324x354_4626x4585_zoom.jpg,2026-03-07,2026-03-13,https://res.cloudinary.com/dfqzmnlga/image/upload/v1772854834/2026-03-07/10995396.jpg,Film-balloon,"✨ Balloon that keeps moving, never stops dancing! ✨"
10995584,149.0,,Boligartikler,Spejl,1,0,stk.,Netto,https://static.tilbudsugen.dk/1st-retail/2026/11/64774/Netto102026-1_27_2051x466_3509x2283_zoom.jpg,2026-03-07,2026-03-13,https://res.cloudinary.com/dfqzmnlga/image/upload/v1772854835/2026-03-07/10995584.jpg,Mirror,"Reflecting your inner self, I'm the mirror that shows your truest face. 🏠✨"
10995587,99.0,,Boligtekstiler,Plaid,1,0,stk.,Netto,https://static.tilbudsugen.dk/1st-retail/2026/11/64774/Netto102026-1_27_2027x2751_4865x6853_zoom.jpg,2026-03-07,2026-03-13,https://res.cloudinary.com/dfqzmnlga/image/upload/v1772854836/2026-03-07/10995587.jpg,Plaid,"A rebellious blend of color and style, I'm the plaid that refuses to stay in one place. 🌈"
10995590,49.0,,Boligtekstiler,Puder,1,0,stk.,Netto,https://static.tilbudsugen.dk/1st-retail/2026/11/64774/Netto102026-1_27_1684x599_4709x3780_zoom.jpg,2026-03-07,2026-03-13,https://res.cloudinary.com/dfqzmnlga/image/upload/v1772854837/2026-03-07/10995590.jpg,Pillows,"Soft, cozy, and just the right amount of comfort — like a hug in a box. 🛌"
10995595,69.0,,Boligartikler,Kurv,1,0,stk.,Netto,https://static.tilbudsugen.dk/1st-retail/2026/11/64774/Netto102026-1_27_351x4911_3251x6713_zoom.jpg,2026-03-07,2026-03-13,https://res.cloudinary.com/dfqzmnlga/image/upload/v1772854837/2026-03-07/10995595.jpg,Basket,"✨ Carry the world in my hands, one item at a time. ✨"
10995423,69.0,,Boligtekstiler,Duge,1,0,stk.,Netto,https://static.tilbudsugen.dk/1st-retail/2026/11/64774/Netto102026-1_34_192x174_4770x2505_zoom.jpg,2026-03-07,2026-03-13,https://res.cloudinary.com/dfqzmnlga/image/upload/v1772854838/2026-03-07/10995423.jpg,Tablecloths,"Ruffles and flair, serving up style with every stitch — 🎒"
10995425,25.0,,Boligtekstiler,Bordløber,1,0,stk.,Netto,https://static.tilbudsugen.dk/1st-retail/2026/11/64774/Netto102026-1_34_192x174_4770x2505_zoom.jpg,2026-03-07,2026-03-13,https://res.cloudinary.com/dfqzmnlga/image/upload/v1772854839/2026-03-07/10995425.jpg,Table runners,"Soft, vibrant table runners that make any meal feel like a celebration 🌟"
10995474,40.0,,Køkkenartikler,Opbevaringsboks,1,0,stk.,Netto,https://static.tilbudsugen.dk/1st-retail/2026/11/64774/Netto102026-1_35_1816x3542_3218x5059_zoom.jpg,2026-03-07,2026-03-13,https://res.cloudinary.com/dfqzmnlga/image/upload/v1772854839/2026-03-07/10995474.jpg,Storage box,📦 Treasure chest of forgotten memories and endless possibilities! 🛋️
10995496,30.0,,Boligtekstiler,Dørmåtte,1,0,stk.,Netto,https://static.tilbudsugen.dk/1st-retail/2026/11/64774/Netto102026-1_36_258x4717_4716x6761_zoom.jpg,2026-03-07,2026-03-13,https://res.cloudinary.com/dfqzmnlga/image/upload/v1772854840/2026-03-07/10995496.jpg,Door mat,✨ Floor protector that keeps your feet dry and your vibe high! 🛁
10995365,50.0,,Påske,Påskepynt,1,0,stk.,Netto,https://static.tilbudsugen.dk/1st-retail/2026/11/64774/Netto102026-1_29_3116x1402_4764x2907_zoom.jpg,2026-03-07,2026-03-13,https://res.cloudinary.com/dfqzmnlga/image/upload/v1772854840/2026-03-07/10995365.jpg,Easter ornaments,"✨ Sparkle and cheer with my Easter ornaments—bright, festive, and ready to light up your day! ✨"
10995368,20.0,,Påske,Påskeæg,1,0,stk.,Netto,https://static.tilbudsugen.dk/1st-retail/2026/11/64774/Netto102026-1_29_192x228_3068x2889_zoom.jpg,2026-03-07,2026-03-13,https://res.cloudinary.com/dfqzmnlga/image/upload/v1772854841/2026-03-07/10995368.jpg,Easter eggs,"✨ Hidden treasures that pop up just right, waiting to surprise! 🌟"
10995374,30.0,,Påske,Papæg,1,0,stk.,Netto,https://static.tilbudsugen.dk/1st-retail/2026/11/64774/Netto102026-1_29_2229x2919_4680x6521_zoom.jpg,2026-03-07,2026-03-13,https://res.cloudinary.com/dfqzmnlga/image/upload/v1772854841/2026-03-07/10995374.jpg,Pape eggs,✨ Egg-shaped snacks that taste like a rainbow of flavors! 🥚
10995393,10.0,,Hobbyartikler,Klistermærker,1,0,stk.,Netto,https://static.tilbudsugen.dk/1st-retail/2026/11/64774/Netto102026-1_33_3242x4645_4740x6755_zoom.jpg,2026-03-07,2026-03-13,https://res.cloudinary.com/dfqzmnlga/image/upload/v1772854842/2026-03-07/10995393.jpg,Stickers,"✨ Sticker master, turning moments into memories with a dash of flair! ✨"
10995395,20.0,,Partyartikler,Guirlande,1,0,pk.,Netto,https://static.tilbudsugen.dk/1st-retail/2026/11/64774/Netto102026-1_33_324x354_4626x4585_zoom.jpg,2026-03-07,2026-03-13,https://res.cloudinary.com/dfqzmnlga/image/upload/v1772854842/2026-03-07/10995395.jpg,Guirland,"Glowing with festive flair, I light up your day with a touch of magic 🌟"
10970436,60.0,,Diverse bøger,Hobbybøger,1,0,stk.,Netto,https://static.tilbudsugen.dk/1st-retail/2026/9/64663/Netto82026-1_39_2880x808_4952x4484_zoom.jpg,2026-02-21,2026-03-27,https://res.cloudinary.com/dfqzmnlga/image/upload/v1772854842/2026-03-07/10970436.jpg,Hobby Books,"📖✨ Love reading, life is better with a good book. 📚"
10995360,40.0,,Mobiltelefon tilbehør,Cover,1,0,stk.,Netto,https://static.tilbudsugen.dk/1st-retail/2026/11/64774/Netto102026-1_28_2415x2409_4950x4225_zoom.jpg,2026-03-07,2026-03-13,https://res.cloudinary.com/dfqzmnlga/image/upload/v1772854843/2026-03-07/10995360.jpg,Cover,"Cover up the chaos, but keep the fun going. 🌟"
10995364,169.0,,Diverse møbler,Puf,1,0,stk.,Netto,https://static.tilbudsugen.dk/1st-retail/2026/11/64774/Netto102026-1_28_2181x12_4968x2403_zoom.jpg,2026-03-07,2026-03-13,https://res.cloudinary.com/dfqzmnlga/image/upload/v1772854843/2026-03-07/10995364.jpg,Pouf,✨ Swag queen with a soft spot for cozy vibes and a sprinkle of sass.
10995370,30.0,,Påske,Påskeæg,1,0,stk.,Netto,https://static.tilbudsugen.dk/1st-retail/2026/11/64774/Netto102026-1_29_216x4765_2169x6587_zoom.jpg,2026-03-07,2026-03-13,https://res.cloudinary.com/dfqzmnlga/image/upload/v1772854844/2026-03-07/10995370.jpg,Easter eggs,"✨ Hidden treasures that pop up just right, waiting to surprise! 🐰"
10995373,20.0,,Påske,Papæg,1,0,stk.,Netto,https://static.tilbudsugen.dk/1st-retail/2026/11/64774/Netto102026-1_29_2229x2919_4680x6521_zoom.jpg,2026-03-07,2026-03-13,https://res.cloudinary.com/dfqzmnlga/image/upload/v1772854844/2026-03-07/10995373.jpg,Pape eggs,"✨ Crispy, golden, and always ready to burst with flavor! 🥚"
10995376,99.0,,Boligtekstiler,Duge,1,0,stk.,Netto,https://static.tilbudsugen.dk/1st-retail/2026/11/64774/Netto102026-1_30_3218x2343_4866x4759_zoom.jpg,2026-03-07,2026-03-13,https://res.cloudinary.com/dfqzmnlga/image/upload/v1772854845/2026-03-07/10995376.jpg,Tablecloths,"Dress up the meal, not the mood 🌟"
10995392,10.0,,Papir,Kort,1,0,pk.,Netto,https://static.tilbudsugen.dk/1st-retail/2026/11/64774/Netto102026-1_33_3242x4645_4740x6755_zoom.jpg,2026-03-07,2026-03-13,https://res.cloudinary.com/dfqzmnlga/image/upload/v1772854845/2026-03-07/10995392.jpg,Map,"A map of endless possibilities, guiding you through the maze of your own thoughts. 🌍✨"
10995399,199.0,,Partyartikler,Bordstativ,1,0,stk.,Netto,https://static.tilbudsugen.dk/1st-retail/2026/11/64774/Netto102026-1_33_324x354_4626x4585_zoom.jpg,2026-03-07,2026-03-13,https://res.cloudinary.com/dfqzmnlga/image/upload/v1772854846/2026-03-07/10995399.jpg,Table rack,"✨ Shelf-life savers and space optimizers in one sleek, stylish container! ✨"
10995583,49.0,,Boligartikler,Kurv,1,0,stk.,Netto,https://static.tilbudsugen.dk/1st-retail/2026/11/64774/Netto102026-1_27_351x4911_3251x6713_zoom.jpg,2026-03-07,2026-03-13,https://res.cloudinary.com/dfqzmnlga/image/upload/v1772854847/2026-03-07/10995583.jpg,Basket,🌼 Carry the world in my arms—where dreams and dishes meet!
10995586,149.0,,"Potter, skjulere m.m.",Urtepotteskjuler,1,0,stk.,Netto,https://static.tilbudsugen.dk/1st-retail/2026/11/64774/Netto102026-1_27_234x1098_1988x3843_zoom.jpg,2026-03-07,2026-03-13,https://res.cloudinary.com/dfqzmnlga/image/upload/v1772854848/2026-03-07/10995586.jpg,Herb pot cover,"✨ Covering the herbs, keeping them fresh and stylish! 🌿"
10995588,59.0,,Boligtekstiler,Puder,1,0,stk.,Netto,https://static.tilbudsugen.dk/1st-retail/2026/11/64774/Netto102026-1_27_1684x599_4709x3780_zoom.jpg,2026-03-07,2026-03-13,https://res.cloudinary.com/dfqzmnlga/image/upload/v1772854849/2026-03-07/10995588.jpg,Pillows,Swoon under the softest embrace—pillows that make every day feel like a dream. 🛏️
10995472,35.0,,Køkkenartikler,Opbevaringsboks,1,0,stk.,Netto,https://static.tilbudsugen.dk/1st-retail/2026/11/64774/Netto102026-1_35_1816x3542_3218x5059_zoom.jpg,2026-03-07,2026-03-13,https://res.cloudinary.com/dfqzmnlga/image/upload/v1772854849/2026-03-07/10995472.jpg,Storage box,📦 Treasure chest of forgotten memories and endless possibilities! 🛍️
10995492,30.0,,Toiletartikler,Makeuptaske,1,0,stk.,Netto,https://static.tilbudsugen.dk/1st-retail/2026/11/64774/Netto102026-1_36_2493x348_4662x2385_zoom.jpg,2026-03-07,2026-03-13,https://res.cloudinary.com/dfqzmnlga/image/upload/v1772854850/2026-03-07/10995492.jpg,Make-up bag,✨ Makeup bag that turns every day into a glam moment! ✨
10995493,40.0,,Dametøj,Top,1,0,stk.,Netto,https://static.tilbudsugen.dk/1st-retail/2026/11/64774/Netto102026-1_36_2481x2457_4740x4627_zoom.jpg,2026-03-07,2026-03-13,https://res.cloudinary.com/dfqzmnlga/image/upload/v1772854850/2026-03-07/10995493.jpg,Top,"Top of the line, always in the spotlight! 🌟"
10995494,30.0,,Lingeri,BH,1,0,stk.,Netto,https://static.tilbudsugen.dk/1st-retail/2026/11/64774/Netto102026-1_36_234x2457_2451x4645_zoom.jpg,2026-03-07,2026-03-13,https://res.cloudinary.com/dfqzmnlga/image/upload/v1772854851/2026-03-07/10995494.jpg,bra,Bra: The ultimate support system for confidence and fashion. 💁‍♀️
10995215,7.97,,Opvask,Opvaskebørste,1,0,stk.,Netto,https://static.tilbudsugen.dk/1st-retail/2026/11/64774/Netto102026-1_11_3146x384_4878x4106_zoom.jpg,2026-03-07,2026-03-13,https://res.cloudinary.com/dfqzmnlga/image/upload/v1772854851/2026-03-07/10995215.jpg,Dishbrush,"Wipe away the mess, but never the fun—✨"
10970430,35.0,,Service,Krus,1,0,stk.,Netto,https://static.tilbudsugen.dk/1st-retail/2026/9/64663/Netto82026-1_38_65x3643_2339x6602_zoom.jpg,2026-02-21,2026-03-27,https://res.cloudinary.com/dfqzmnlga/image/upload/v1772854852/2026-03-07/10970430.jpg,Mush,Mush: The ultimate snack that makes every day a little more interesting. 🍲
10995452,79.0,,Køkkenredskaber,Termokande,1,0,stk.,Netto,https://static.tilbudsugen.dk/1st-retail/2026/11/64774/Netto102026-1_35_210x1894_1720x3440_zoom.jpg,2026-03-07,2026-03-13,https://res.cloudinary.com/dfqzmnlga/image/upload/v1772854852/2026-03-07/10995452.jpg,Thermocane,"🔥 Hot, spicy, and unstoppable — Thermocane is the ultimate heat source! 🌞"
10995453,59.0,,Service,Kande,1,0,stk.,Netto,https://static.tilbudsugen.dk/1st-retail/2026/11/64774/Netto102026-1_35_1804x1930_3188x3464_zoom.jpg,2026-03-07,2026-03-13,https://res.cloudinary.com/dfqzmnlga/image/upload/v1772854852/2026-03-07/10995453.jpg,Jugs,"✨Overflowing with life, I hold the world's secrets in my hands.✨"
10995454,59.0,,Køkkenredskaber,Salt og peber-sæt,1,0,stk.,Netto,https://static.tilbudsugen.dk/1st-retail/2026/11/64774/Netto102026-1_35_3320x1888_4650x3476_zoom.jpg,2026-03-07,2026-03-13,https://res.cloudinary.com/dfqzmnlga/image/upload/v1772854853/2026-03-07/10995454.jpg,Salt and pepper sets,✨ Spice up your life with a dash of flavor! ✨
10995466,99.0,,Køkkenmaskiner,Brødrister,1,0,stk.,Netto,https://static.tilbudsugen.dk/1st-retail/2026/11/64774/Netto102026-1_35_3278x5196_4728x6767_zoom.jpg,2026-03-07,2026-03-13,https://res.cloudinary.com/dfqzmnlga/image/upload/v1772854854/2026-03-07/10995466.jpg,Toaster,"Toast the day with a smile, and let the heat speak for itself. 🍞"
10995478,25.0,,Køkkenartikler,Opbevaringsglas,1,0,stk.,Netto,https://static.tilbudsugen.dk/1st-retail/2026/11/64774/Netto102026-1_35_294x3572_1708x5100_zoom.jpg,2026-03-07,2026-03-13,https://res.cloudinary.com/dfqzmnlga/image/upload/v1772854854/2026-03-07/10995478.jpg,Storage glass,"✨Storage glass that keeps your stuff just out of reach, but never out of sight!✨"
10995479,30.0,,Køkkenartikler,Opbevaringsglas,1,0,stk.,Netto,https://static.tilbudsugen.dk/1st-retail/2026/11/64774/Netto102026-1_35_294x3572_1708x5100_zoom.jpg,2026-03-07,2026-03-13,https://res.cloudinary.com/dfqzmnlga/image/upload/v1772854855/2026-03-07/10995479.jpg,Storage glass,✨Portable storage solution that keeps your stuff safely tucked away!
10995497,49.0,,Boligtekstiler,Dørmåtte,1,0,stk.,Netto,https://static.tilbudsugen.dk/1st-retail/2026/11/64774/Netto102026-1_36_258x4717_4716x6761_zoom.jpg,2026-03-07,2026-03-13,https://res.cloudinary.com/dfqzmnlga/image/upload/v1772854855/2026-03-07/10995497.jpg,Door mat,"✨ Door mat guardian 🛡️, keeping your entrance safe and stylish!"
10995358,50.0,,PC tilbehør,Computertaske,1,0,stk.,Netto,https://static.tilbudsugen.dk/1st-retail/2026/11/64774/Netto102026-1_28_2577x4225_4998x6803_zoom.jpg,2026-03-07,2026-03-13,https://res.cloudinary.com/dfqzmnlga/image/upload/v1772854856/2026-03-07/10995358.jpg,Computer bag,"📱💻✨ The ultimate companion for your digital life, keeping your tech safe and stylish! 🌟"
10995362,59.0,,Boligartikler,Spejl,1,0,stk.,Netto,https://static.tilbudsugen.dk/1st-retail/2026/11/64774/Netto102026-1_28_60x126_2199x1816_zoom.jpg,2026-03-07,2026-03-13,https://res.cloudinary.com/dfqzmnlga/image/upload/v1772854856/2026-03-07/10995362.jpg,Mirror,"Reflecting your inner self, I'm the mirror that shows your truest face—flawed, beautiful, and always unapologetic. 📸"
10995363,40.0,,Pyntegenstande,Pyntegenstande,1,0,stk.,Netto,https://static.tilbudsugen.dk/1st-retail/2026/11/64774/Netto102026-1_28_833x1193_3038x2302_zoom.jpg,2026-03-07,2026-03-13,https://res.cloudinary.com/dfqzmnlga/image/upload/v1772854857/2026-03-07/10995363.jpg,Articles of apparel and clothing accessories,Style icon with a twist—turning every outfit into a statement. 🎩✨
10995377,10.0,,Bloklys,Bloklys,1,0,stk.,Netto,https://static.tilbudsugen.dk/1st-retail/2026/11/64774/Netto102026-1_30_2924x4837_4740x6575_zoom.jpg,2026-03-07,2026-03-13,https://res.cloudinary.com/dfqzmnlga/image/upload/v1772854857/2026-03-07/10995377.jpg,Block lights,✨ Glow up your space with a little light magic! ✨
10995378,10.0,,Stearinlys,Stearinlys,1,0,stk.,Netto,https://static.tilbudsugen.dk/1st-retail/2026/11/64774/Netto102026-1_30_1708x4873_2913x6587_zoom.jpg,2026-03-07,2026-03-13,https://res.cloudinary.com/dfqzmnlga/image/upload/v1772854858/2026-03-07/10995378.jpg,Candles,"✨ Wickly wondrous whispers, lighting up your day with warmth and magic. ✨"
10995384,40.0,,Hobbyartikler,Hobbyartikler,1,0,stk.,Netto,https://static.tilbudsugen.dk/1st-retail/2026/11/64774/Netto102026-1_31_90x6_4986x3482_zoom.jpg,2026-03-07,2026-03-13,https://res.cloudinary.com/dfqzmnlga/image/upload/v1772854859/2026-03-07/10995384.jpg,Hobby articles,"✨ Curator of curious ideas, turning boredom into brilliance. ✨"
10995386,25.0,,Påske,Påskepynt,1,0,stk.,Netto,https://static.tilbudsugen.dk/1st-retail/2026/11/64774/Netto102026-1_32_222x1834_1744x3566_zoom.jpg,2026-03-07,2026-03-13,https://res.cloudinary.com/dfqzmnlga/image/upload/v1772854859/2026-03-07/10995386.jpg,Easter ornaments,✨ Sparkle and cheer with a touch of holiday magic! ✨
10995357,79.0,,Toiletartikler,Makeupspejl,1,0,stk.,Netto,https://static.tilbudsugen.dk/1st-retail/2026/11/64774/Netto102026-1_28_24x3380_2379x5448_zoom.jpg,2026-03-07,2026-03-13,https://res.cloudinary.com/dfqzmnlga/image/upload/v1772854860/2026-03-07/10995357.jpg,Makeup mirror,"✨ Reflect, reveal, and refresh with every glance. ✨"
10995371,25.0,,Påske,Påskekurv,1,0,stk.,Netto,https://static.tilbudsugen.dk/1st-retail/2026/11/64774/Netto102026-1_29_2229x2919_4680x6521_zoom.jpg,2026-03-07,2026-03-13,https://res.cloudinary.com/dfqzmnlga/image/upload/v1772854861/2026-03-07/10995371.jpg,Easter Basket,"🌸 Easter Basket: The perfect place to hide secrets, share hugs, and make memories! 🌟"
10995380,39.0,,"Skåle, fade og forme",Skål,1,0,stk.,Netto,https://static.tilbudsugen.dk/1st-retail/2026/11/64774/Netto102026-1_30_294x1133_3212x4807_zoom.jpg,2026-03-07,2026-03-13,https://res.cloudinary.com/dfqzmnlga/image/upload/v1772854861/2026-03-07/10995380.jpg,Cheers.,Cheers. 🍻✨
10995387,69.0,,Påske,Påskepynt,1,0,stk.,Netto,https://static.tilbudsugen.dk/1st-retail/2026/11/64774/Netto102026-1_32_0x3596_2960x6623_zoom.jpg,2026-03-07,2026-03-13,https://res.cloudinary.com/dfqzmnlga/image/upload/v1772854862/2026-03-07/10995387.jpg,Easter ornaments,✨ Sparkle and cheer with a twist — my purpose is to light up your holiday season!
10995388,25.0,,Stearinlys,Glaslys,1,0,stk.,Netto,https://static.tilbudsugen.dk/1st-retail/2026/11/64774/Netto102026-1_32_2936x3902_4938x6605_zoom.jpg,2026-03-07,2026-03-13,https://res.cloudinary.com/dfqzmnlga/image/upload/v1772854863/2026-03-07/10995388.jpg,Glass lights,✨ Glow up your space with a touch of magic! ✨
10995389,30.0,,Stearinlys,Glaslys,1,0,stk.,Netto,https://static.tilbudsugen.dk/1st-retail/2026/11/64774/Netto102026-1_32_2936x3902_4938x6605_zoom.jpg,2026-03-07,2026-03-13,https://res.cloudinary.com/dfqzmnlga/image/upload/v1772854863/2026-03-07/10995389.jpg,Glass lights,✨ Glow-up your space with glass lights that dance in the dark. ✨
10995391,50.0,,Hobbyartikler,Gæstebog,1,0,stk.,Netto,https://static.tilbudsugen.dk/1st-retail/2026/11/64774/Netto102026-1_33_1774x4645_3236x6791_zoom.jpg,2026-03-07,2026-03-13,https://res.cloudinary.com/dfqzmnlga/image/upload/v1772854864/2026-03-07/10995391.jpg,Guest Book,"📖 Remembering what was said, even when the words are gone. 📚✨"
10995591,69.0,,Boligtekstiler,Puder,1,0,stk.,Netto,https://static.tilbudsugen.dk/1st-retail/2026/11/64774/Netto102026-1_27_1684x599_4709x3780_zoom.jpg,2026-03-07,2026-03-13,https://res.cloudinary.com/dfqzmnlga/image/upload/v1772854864/2026-03-07/10995591.jpg,Pillows,"Soft, comfy, and just the right amount of cushion—perfect for any mood. 🛏️"
10995477,20.0,,Køkkenartikler,Opbevaringsglas,1,0,stk.,Netto,https://static.tilbudsugen.dk/1st-retail/2026/11/64774/Netto102026-1_35_294x3572_1708x5100_zoom.jpg,2026-03-07,2026-03-13,https://res.cloudinary.com/dfqzmnlga/image/upload/v1772854865/2026-03-07/10995477.jpg,Storage glass,"✨Portable storage that keeps things in check, no matter the size! ✨"
10995489,99.0,,Køkkenmaskiner,Elkedel,1,0,stk.,Netto,https://static.tilbudsugen.dk/1st-retail/2026/11/64774/Netto102026-1_35_252x5202_1702x6773_zoom.jpg,2026-03-07,2026-03-13,https://res.cloudinary.com/dfqzmnlga/image/upload/v1772854865/2026-03-07/10995489.jpg,Electric kettle,"🔥 Brew your own coffee, tea, or hot soup – one cup at a time! 🚀"
