data_id,price,brand,category,product_name,units,quantity,unit_type,store_name,image_url,start_date,end_date,public_urls,translated_product,tinder_bio
10944373,25.0,,Hobbyartikler,Klistermærker,1,500,pk.,Netto,https://static.tilbudsugen.dk/1st-retail/2026/6/64540/Netto062026-1_28_221x4637_1725x6731_zoom.jpg,2026-01-31,2026-02-06,https://res.cloudinary.com/dfqzmnlga/image/upload/v1770039481/2026-01-31/10944373.jpg,Stickers,✨ Sticker wizard who turns anything into a masterpiece! ✨
10944276,30.0,Fixer,Beslag og befæstelse,Søm,1,600,ks,Netto,https://static.tilbudsugen.dk/1st-retail/2026/6/64540/Netto062026-1_35_125x3554_2315x5220_zoom.jpg,2026-01-31,2026-02-06,https://res.cloudinary.com/dfqzmnlga/image/upload/v1770039481/2026-01-31/10944276.jpg,Nails,"✨ Nail ninja with a twist—always perfect, never a mess! ✨"
10945426,30.0,Fixer,El-artikler,Kabelbindere,1,225,pk.,Netto,https://static.tilbudsugen.dk/1st-retail/2026/6/64540/Netto062026-1_35_125x3554_2315x5220_zoom.jpg,2026-01-31,2026-02-06,https://res.cloudinary.com/dfqzmnlga/image/upload/v1770039484/2026-01-31/10945426.jpg,Cable binders,"✨ Unzip the chaos, reorganize the mess, and make your life easier—*cable binders* style! ✨"
10944274,30.0,Fixer,Beslag og befæstelse,Krogesæt,1,172,ks,Netto,https://static.tilbudsugen.dk/1st-retail/2026/6/64540/Netto062026-1_35_125x3554_2315x5220_zoom.jpg,2026-01-31,2026-02-06,https://res.cloudinary.com/dfqzmnlga/image/upload/v1770039484/2026-01-31/10944274.jpg,Hooksets,"Hookset with a twist — it's the ultimate in flexible fun, perfect for any adventure! 🎉"
10944382,5.0,DKI,Husholdningsartikler,Affaldsposer,1,20,pk.,Netto,https://static.tilbudsugen.dk/1st-retail/2026/6/64540/Netto062026-1_25_1690x743_4874x2831_zoom.jpg,2026-01-31,2026-02-06,https://res.cloudinary.com/dfqzmnlga/image/upload/v1770039485/2026-01-31/10944382.jpg,Waste bags,"🗑️ Trash fate, but I'm just a waste bag—ready to roll, roll, roll!"
10944386,85.0,Futura,Kosttilskud,Mineraler,1,240,bg.,Netto,https://static.tilbudsugen.dk/1st-retail/2026/6/64540/Netto062026-1_25_71x637_1840x2920_zoom.jpg,2026-01-31,2026-02-06,https://res.cloudinary.com/dfqzmnlga/image/upload/v1770039485/2026-01-31/10944386.jpg,Minerals,"✨ I’m the mineral that brings life to the earth, sparking change and strength in every corner of the world! ✨"
10944336,10.0,,Partyartikler,Balloner,1,20,pk.,Netto,https://static.tilbudsugen.dk/1st-retail/2026/6/64540/Netto062026-1_31_2477x111_4924x3450_zoom.jpg,2026-01-31,2026-02-06,https://res.cloudinary.com/dfqzmnlga/image/upload/v1770039485/2026-01-31/10944336.jpg,Balloons,"Pop-up cheerleader for joy, bursting with color and surprise! 🎈"
10944384,85.0,Livol Multi,Vitaminer,Vitaminer,1,165,gl.,Netto,https://static.tilbudsugen.dk/1st-retail/2026/6/64540/Netto062026-1_25_71x637_1840x2920_zoom.jpg,2026-01-31,2026-02-06,https://res.cloudinary.com/dfqzmnlga/image/upload/v1770039486/2026-01-31/10944384.jpg,Vitamins,✨ Boost your energy with vitamin-powered vibes! ✨
10944387,85.0,Livol Multi,Kosttilskud,Mineraler,1,165,bg.,Netto,https://static.tilbudsugen.dk/1st-retail/2026/6/64540/Netto062026-1_25_71x637_1840x2920_zoom.jpg,2026-01-31,2026-02-06,https://res.cloudinary.com/dfqzmnlga/image/upload/v1770039487/2026-01-31/10944387.jpg,Minerals,"✨ I’m the mineral that gives life to the earth, forever glowing in the dark. ✨"
10944339,20.0,,Husholdningsartikler,Sugerør,1,20,pk.,Netto,https://static.tilbudsugen.dk/1st-retail/2026/6/64540/Netto062026-1_31_88x103_2602x2883_zoom.jpg,2026-01-31,2026-02-06,https://res.cloudinary.com/dfqzmnlga/image/upload/v1770039487/2026-01-31/10944339.jpg,Suction tubes,✨ Suction tubes: the silent heroes of cleaning chaos! ✨
10944379,18.0,Planteliv,"Muld, spagnum, flis m.m.",Blomsterjord,1,17,sæk,Netto,https://static.tilbudsugen.dk/1st-retail/2026/6/64540/Netto062026-1_27_243x4881_2256x6746_zoom.jpg,2026-01-31,2026-02-06,https://res.cloudinary.com/dfqzmnlga/image/upload/v1770039488/2026-01-31/10944379.jpg,Flower soil,"Blooming with life, I'm the soil that brings flowers to life—nature's secret ingredient 🌸."
10944381,20.0,Planteliv,"Muld, spagnum, flis m.m.",Så- Og Priklejord,1,17,sæk,Netto,https://static.tilbudsugen.dk/1st-retail/2026/6/64540/Netto062026-1_27_2248x4844_4733x6768_zoom.jpg,2026-01-31,2026-02-06,https://res.cloudinary.com/dfqzmnlga/image/upload/v1770039488/2026-01-31/10944381.jpg,So- And Priklejord,So- And Priklejord: The one who brings joy to your day with a smile and a sprinkle of magic. 🌟
10932874,20.0,,Papir,Kort,1,10,pk.,Netto,https://static.tilbudsugen.dk/1st-retail/2026/5/64452/Netto42026-1_29_74x4298_4897x6663_zoom.jpg,2026-01-24,2026-02-20,https://res.cloudinary.com/dfqzmnlga/image/upload/v1770039489/2026-01-31/10932874.jpg,Map,"A compass to navigate the chaos of life, with a sprinkle of curiosity and a dash of adventure. 🌍✨"
10944277,25.0,Fixer,"Tapet, lim & fuge",Lim,1,12,pk.,Netto,https://static.tilbudsugen.dk/1st-retail/2026/6/64540/Netto062026-1_35_7x5227_2292x6864_zoom.jpg,2026-01-31,2026-02-06,https://res.cloudinary.com/dfqzmnlga/image/upload/v1770039489/2026-01-31/10944277.jpg,Glues,"✨ Sticky to the task, but never too much! 🎉"
10943933,22.0,ØGO,Skalæg,Økologiske æg M/L,1,10,bk.,Netto,https://static.tilbudsugen.dk/1st-retail/2026/6/64540/Netto062026-1_1_2052x4370_4945x6423_zoom.jpg,2026-01-31,2026-02-06,https://res.cloudinary.com/dfqzmnlga/image/upload/v1770039490/2026-01-31/10943933.jpg,Organic eggs M/L,"✨ Eco-friendly omelette helper, ready to hatch your morning dreams!"
10944316,40.0,,Værktøj,Skruetrækkersæt,1,17,ks,Netto,https://static.tilbudsugen.dk/1st-retail/2026/6/64540/Netto062026-1_35_2315x5279_4924x6879_zoom.jpg,2026-01-31,2026-02-06,https://res.cloudinary.com/dfqzmnlga/image/upload/v1770039490/2026-01-31/10944316.jpg,Screwdriver sets,"✨ Screwdriver sets: Mastering the art of precision, one twist at a time. ✨"
10944398,89.0,Fairy,Opvask,Maskinopvask-tabs,1,36,pk.,Netto,https://static.tilbudsugen.dk/1st-retail/2026/6/64540/Netto062026-1_25_3264x4813_4954x6892_zoom.jpg,2026-01-31,2026-02-06,https://res.cloudinary.com/dfqzmnlga/image/upload/v1770039491/2026-01-31/10944398.jpg,Machine-washing losses,"Washed out of sight, but never out of mind 🧹"
10943925,15.0,Classic,Husholdningspapir,Toiletpapir,1,6,pk.,Netto,https://static.tilbudsugen.dk/1st-retail/2026/6/64540/Netto062026-1_1_62x1380_2238x3680_zoom.jpg,2026-01-31,2026-02-06,https://res.cloudinary.com/dfqzmnlga/image/upload/v1770039491/2026-01-31/10943925.jpg,Toilet paper,Tired of the routine? I'm here to wipe the mess and keep things clean. 🧼
10944232,20.0,Chai Latte,Te,Instant Te Grøn Te,1,8,pk.,Netto,https://static.tilbudsugen.dk/1st-retail/2026/6/64540/Netto062026-1_22_18x1124_2574x2893_zoom.jpg,2026-01-31,2026-02-06,https://res.cloudinary.com/dfqzmnlga/image/upload/v1770039492/2026-01-31/10944232.jpg,Instant Tea Green Tea,"Sip, savor, and unwind with a perfect blend of calm and flavor 🍵"
10943993,25.0,Supremo Columbia,Kapselkaffe,Kaffekapsler,1,10,pk.,Netto,https://static.tilbudsugen.dk/1st-retail/2026/6/64540/Netto062026-1_4_1283x3689_3317x5238_zoom.jpg,2026-01-31,2026-02-06,https://res.cloudinary.com/dfqzmnlga/image/upload/v1770039492/2026-01-31/10943993.jpg,Coffee capsules, ☕️ Brew your day with a twist—every capsule is a new adventure.
10944221,20.0,Chai Latte,Te,Instant Te Kakao,1,8,pk.,Netto,https://static.tilbudsugen.dk/1st-retail/2026/6/64540/Netto062026-1_22_18x1124_2574x2893_zoom.jpg,2026-01-31,2026-02-06,https://res.cloudinary.com/dfqzmnlga/image/upload/v1770039493/2026-01-31/10944221.jpg,Instant Tea Cocoa,"Sip, savor, and indulge in the perfect blend of sweet and bold—just like a good afternoon. 🌟"
10944231,20.0,Chai Latte,Te,Instant Te Pumpkin Spice,1,8,pk.,Netto,https://static.tilbudsugen.dk/1st-retail/2026/6/64540/Netto062026-1_22_18x1124_2574x2893_zoom.jpg,2026-01-31,2026-02-06,https://res.cloudinary.com/dfqzmnlga/image/upload/v1770039497/2026-01-31/10944231.jpg,Instant Te Pumpkin Spice,✨ Spice up your day with a sprinkle of warmth and flavor! 🍂
10944233,20.0,Chai Latte,Te,Instant Te Vanilje,1,8,pk.,Netto,https://static.tilbudsugen.dk/1st-retail/2026/6/64540/Netto062026-1_22_18x1124_2574x2893_zoom.jpg,2026-01-31,2026-02-06,https://res.cloudinary.com/dfqzmnlga/image/upload/v1770039508/2026-01-31/10944233.jpg,Instant Te Vanilla,"✨ Vanilla bliss, delivered instantly."
10944248,20.0,Chai Latte,Te,Instant Te Dirty Vanilla,1,8,pk.,Netto,https://static.tilbudsugen.dk/1st-retail/2026/6/64540/Netto062026-1_22_18x1124_2574x2893_zoom.jpg,2026-01-31,2026-02-06,https://res.cloudinary.com/dfqzmnlga/image/upload/v1770039509/2026-01-31/10944248.jpg,Instant Te Dirty Vanilla,✨ Vanilla obsession with a twist—dirty and instant! 🌟
10944016,25.0,Lungo Peru,Kapselkaffe,Kaffekapsler,1,10,pk.,Netto,https://static.tilbudsugen.dk/1st-retail/2026/6/64540/Netto062026-1_4_1283x3689_3317x5238_zoom.jpg,2026-01-31,2026-02-06,https://res.cloudinary.com/dfqzmnlga/image/upload/v1770039510/2026-01-31/10944016.jpg,Coffee capsules, ☕️ Brew your own magic with every sip—because life's too short for ordinary coffee.
10944234,20.0,Skinny Chai Latte,Te,Instant Te Karamel,1,8,pk.,Netto,https://static.tilbudsugen.dk/1st-retail/2026/6/64540/Netto062026-1_22_18x1124_2574x2893_zoom.jpg,2026-01-31,2026-02-06,https://res.cloudinary.com/dfqzmnlga/image/upload/v1770039511/2026-01-31/10944234.jpg,Instant Te Karamel,"✨ Instant Te Karamel: Sweet, fast, and perfect for any moment! 🍯"
10944243,20.0,Chai Latte,Te,Instant Te Cookie,1,8,pk.,Netto,https://static.tilbudsugen.dk/1st-retail/2026/6/64540/Netto062026-1_22_18x1124_2574x2893_zoom.jpg,2026-01-31,2026-02-06,https://res.cloudinary.com/dfqzmnlga/image/upload/v1770039512/2026-01-31/10944243.jpg,Instant Te Cookie,"✨ Bake your day with a sweet twist—instant Te Cookie, ready to conquer any craving! ✨"
10944018,25.0,Lungo Blonde,Kapselkaffe,Kaffekapsler,1,10,pk.,Netto,https://static.tilbudsugen.dk/1st-retail/2026/6/64540/Netto062026-1_4_1283x3689_3317x5238_zoom.jpg,2026-01-31,2026-02-06,https://res.cloudinary.com/dfqzmnlga/image/upload/v1770039512/2026-01-31/10944018.jpg,Coffee capsules,"☕️ Sip, sip, and stay awake—because coffee is the only thing that can keep you going."
10944230,20.0,Chai Latte,Te,Instant Te Choco Orange,1,8,pk.,Netto,https://static.tilbudsugen.dk/1st-retail/2026/6/64540/Netto062026-1_22_18x1124_2574x2893_zoom.jpg,2026-01-31,2026-02-06,https://res.cloudinary.com/dfqzmnlga/image/upload/v1770039513/2026-01-31/10944230.jpg,Instant Te Choco Orange,"✨ Choco-orange burst of flavor, delivered instantly! 🍫🍊"
10944337,20.0,,Engangsservice,Engangstallerkner,1,6,pk.,Netto,https://static.tilbudsugen.dk/1st-retail/2026/6/64540/Netto062026-1_31_88x103_2602x2883_zoom.jpg,2026-01-31,2026-02-06,https://res.cloudinary.com/dfqzmnlga/image/upload/v1770039517/2026-01-31/10944337.jpg,One-off plates,"✨ One-off plates – perfect for weird, unforgettable moments! 🌟"
10944338,20.0,,Engangsservice,Engangsbæger,1,6,pk.,Netto,https://static.tilbudsugen.dk/1st-retail/2026/6/64540/Netto062026-1_31_88x103_2602x2883_zoom.jpg,2026-01-31,2026-02-06,https://res.cloudinary.com/dfqzmnlga/image/upload/v1770039528/2026-01-31/10944338.jpg,Single-cup,"Single-cup: One scoop of joy, one sip at a time. 🍵"
10932873,12.0,,Bånd/papir,Gavepapir,1,3,stk.,Netto,https://static.tilbudsugen.dk/1st-retail/2026/5/64452/Netto42026-1_29_74x4298_4897x6663_zoom.jpg,2026-01-24,2026-02-20,https://res.cloudinary.com/dfqzmnlga/image/upload/v1770039529/2026-01-31/10932873.jpg,Gift paper,"Wrap presents in style, and let the world know you're the gift paper of the season 🎁"
10944133,29.47,Snickers,Multipak,Issnacks,1,6,pk.,Netto,https://static.tilbudsugen.dk/1st-retail/2026/6/64540/Netto062026-1_10_2247x4477_4971x6892_zoom.jpg,2026-01-31,2026-02-06,https://res.cloudinary.com/dfqzmnlga/image/upload/v1770039529/2026-01-31/10944133.jpg,Issnacks,✨ Snack-worthy surprises that make your day brighter! ✨
10932866,25.0,,Sokker/Strømper,Strømper,1,5,pk.,Netto,https://static.tilbudsugen.dk/1st-retail/2026/5/64452/Netto42026-1_30_54x2614_1650x4305_zoom.jpg,2026-01-24,2026-02-20,https://res.cloudinary.com/dfqzmnlga/image/upload/v1770039530/2026-01-31/10932866.jpg,Stockings,"✨ Slippery, sassy, and super fun — I'm the perfect match for a night out! ✨"
10944361,50.0,,Hobbyartikler,Stenmaling,1,10,pk.,Netto,https://static.tilbudsugen.dk/1st-retail/2026/6/64540/Netto062026-1_28_1747x2403_3273x4571_zoom.jpg,2026-01-31,2026-02-06,https://res.cloudinary.com/dfqzmnlga/image/upload/v1770039531/2026-01-31/10944361.jpg,Stone paint,"✨ Stone paint that turns walls into masterpieces, one brushstroke at a time. ✨"
10943922,15.0,Premium,Husholdningspapir,Køkkenrulle,1,3,pk.,Netto,https://static.tilbudsugen.dk/1st-retail/2026/6/64540/Netto062026-1_1_62x1380_2238x3680_zoom.jpg,2026-01-31,2026-02-06,https://res.cloudinary.com/dfqzmnlga/image/upload/v1770039532/2026-01-31/10943922.jpg,Kitchen roll,"🧼 Quick wipe, quick clean, quick life—no mess, just fun!"
10944264,99.0,Fixer,Værktøj,Værktøjssæt,1,17,ks,Netto,https://static.tilbudsugen.dk/1st-retail/2026/6/64540/Netto062026-1_35_2352x700_4998x1865_zoom.jpg,2026-01-31,2026-02-06,https://res.cloudinary.com/dfqzmnlga/image/upload/v1770039535/2026-01-31/10944264.jpg,Toolsets,"🛠️ Toolsets that make your day better, one task at a time! 🛠️"
10944391,35.0,Colgate,Tandpleje,Tandbørste,1,6,pk.,Netto,https://static.tilbudsugen.dk/1st-retail/2026/6/64540/Netto062026-1_25_1681x2787_3326x4892_zoom.jpg,2026-01-31,2026-02-06,https://res.cloudinary.com/dfqzmnlga/image/upload/v1770039536/2026-01-31/10944391.jpg,Toothbrush,"Brushing away doubts, one smile at a time. 🧹✨"
10944278,25.0,Fixer,Beslag og befæstelse,Krogesæt,1,4,pk.,Netto,https://static.tilbudsugen.dk/1st-retail/2026/6/64540/Netto062026-1_35_7x5227_2292x6864_zoom.jpg,2026-01-31,2026-02-06,https://res.cloudinary.com/dfqzmnlga/image/upload/v1770039537/2026-01-31/10944278.jpg,Hooksets,"Hooksets are the unsung heroes of the dance floor—pulling you in, keeping you moving, and making every step a little more exciting. 🎶"
10932875,20.0,,Bånd/papir,Gavepose,1,3,pk.,Netto,https://static.tilbudsugen.dk/1st-retail/2026/5/64452/Netto42026-1_29_74x4298_4897x6663_zoom.jpg,2026-01-24,2026-02-20,https://res.cloudinary.com/dfqzmnlga/image/upload/v1770039539/2026-01-31/10932875.jpg,Gift bag,🎁 Surprise packages hidden in plain sight!
10943948,11.0,Coca Cola Zero,Sodavand,Cola,1,1,fl.,Netto,https://static.tilbudsugen.dk/1st-retail/2026/6/64540/Netto062026-1_2_9x80_2486x2681_zoom.jpg,2026-01-31,2026-02-06,https://res.cloudinary.com/dfqzmnlga/image/upload/v1770039541/2026-01-31/10943948.jpg,Cola,"Sip, savor, and smile—Cola is the refreshment you need to keep the fun going. 🍹"
10943976,11.0,Squash,Sodavand,Appelsinsodavand,1,1,fl.,Netto,https://static.tilbudsugen.dk/1st-retail/2026/6/64540/Netto062026-1_2_9x80_2486x2681_zoom.jpg,2026-01-31,2026-02-06,https://res.cloudinary.com/dfqzmnlga/image/upload/v1770039542/2026-01-31/10943976.jpg,Orange soda,Citrusy refreshment that's never too sweet — just the right amount of orange. 🍊
10943944,11.0,Coca Cola,Sodavand,Cola,1,1,fl.,Netto,https://static.tilbudsugen.dk/1st-retail/2026/6/64540/Netto062026-1_2_9x80_2486x2681_zoom.jpg,2026-01-31,2026-02-06,https://res.cloudinary.com/dfqzmnlga/image/upload/v1770039543/2026-01-31/10943944.jpg,Cola,"Sip, sip, and never stop sipping—because life's too short for empty cans! 🍹"
10943975,11.0,Zero,Sodavand,Sportssodavand,1,1,fl.,Netto,https://static.tilbudsugen.dk/1st-retail/2026/6/64540/Netto062026-1_2_9x80_2486x2681_zoom.jpg,2026-01-31,2026-02-06,https://res.cloudinary.com/dfqzmnlga/image/upload/v1770039543/2026-01-31/10943975.jpg,Sports soda,"Sip, sprint, and smile—sports soda keeps you fueled! 🎉"
10943980,11.0,Exotic Zero,Sodavand,Sodavand,1,1,fl.,Netto,https://static.tilbudsugen.dk/1st-retail/2026/6/64540/Netto062026-1_2_9x80_2486x2681_zoom.jpg,2026-01-31,2026-02-06,https://res.cloudinary.com/dfqzmnlga/image/upload/v1770039544/2026-01-31/10943980.jpg,Soda water,"Fizzing fun, always ready to spark a conversation—just pour it into a glass! 🌟"
10943978,11.0,Exotic,Sodavand,Sodavand,1,1,fl.,Netto,https://static.tilbudsugen.dk/1st-retail/2026/6/64540/Netto062026-1_2_9x80_2486x2681_zoom.jpg,2026-01-31,2026-02-06,https://res.cloudinary.com/dfqzmnlga/image/upload/v1770039545/2026-01-31/10943978.jpg,Soda water,"Sip, sip, and never stop laughing—because life's too short for plain water! 🥤"
10944069,27.0,ØGO,Grønt,Avocado,1,3,bk.,Netto,https://static.tilbudsugen.dk/1st-retail/2026/6/64540/Netto062026-1_7_3698x1327_4954x3097_zoom.jpg,2026-01-31,2026-02-06,https://res.cloudinary.com/dfqzmnlga/image/upload/v1770039545/2026-01-31/10944069.jpg,Avocado,"Smooth, creamy, and perfect for any snack — just add a little life to your day 🍑"
10944344,30.0,,Børnetøj,Strømper,1,3,par,Netto,https://static.tilbudsugen.dk/1st-retail/2026/6/64540/Netto062026-1_30_1843x3391_4777x6775_zoom.jpg,2026-01-31,2026-02-06,https://res.cloudinary.com/dfqzmnlga/image/upload/v1770039545/2026-01-31/10944344.jpg,Stockings,✨ My favorite thing to wrap around my feet—perfect for a rainy day! ✨
10944318,20.0,,Børnetøj,Strømper,1,2,pk.,Netto,https://static.tilbudsugen.dk/1st-retail/2026/6/64540/Netto062026-1_33_1415x5087_2565x6739_zoom.jpg,2026-01-31,2026-02-06,https://res.cloudinary.com/dfqzmnlga/image/upload/v1770039546/2026-01-31/10944318.jpg,Stockings,"✨ Tight, snug, and super stylish — I'm the ultimate sock companion! 🧣"
10943985,11.0,ØGO,Gryn,Grovvalsede Havregryn,1,1,pk.,Netto,https://static.tilbudsugen.dk/1st-retail/2026/6/64540/Netto062026-1_4_3167x177_4980x2141_zoom.jpg,2026-01-31,2026-02-06,https://res.cloudinary.com/dfqzmnlga/image/upload/v1770039547/2026-01-31/10943985.jpg,Gravel-rolled oatmeal,"Crunchy, gritty, and perfectly textured—just the way life is. 🌟"
10943987,11.0,ØGO,Gryn,Finvalsede Havregryn ,1,1,pk.,Netto,https://static.tilbudsugen.dk/1st-retail/2026/6/64540/Netto062026-1_4_3167x177_4980x2141_zoom.jpg,2026-01-31,2026-02-06,https://res.cloudinary.com/dfqzmnlga/image/upload/v1770039547/2026-01-31/10943987.jpg,Fine-rolled oatmeal,"✨ Savor the crunch, one bite at a time. ✨"
10944351,10.0,Tørst,Saft,Rabarberdrik,1,0,fl.,Netto,https://static.tilbudsugen.dk/1st-retail/2026/6/64540/Netto062026-1_24_35x717_2530x4822_zoom.jpg,2026-01-31,2026-02-06,https://res.cloudinary.com/dfqzmnlga/image/upload/v1770039548/2026-01-31/10944351.jpg,Rhubarb drink,"Tart and tangy, with a dash of sweetness—perfect for a rainy day. 🍓"
10944348,10.0,Tørst,Iste & Iskaffe,Ice Tea Fersken,1,0,fl.,Netto,https://static.tilbudsugen.dk/1st-retail/2026/6/64540/Netto062026-1_24_35x717_2530x4822_zoom.jpg,2026-01-31,2026-02-06,https://res.cloudinary.com/dfqzmnlga/image/upload/v1770039548/2026-01-31/10944348.jpg,Ice Tea Peaches,"Sip, savor, and smile—ice tea peaches are the perfect mix of sweet and cool. 🍑"
10944350,10.0,Tørst,Saft,Hyldeblomstdrik,1,0,fl.,Netto,https://static.tilbudsugen.dk/1st-retail/2026/6/64540/Netto062026-1_24_35x717_2530x4822_zoom.jpg,2026-01-31,2026-02-06,https://res.cloudinary.com/dfqzmnlga/image/upload/v1770039549/2026-01-31/10944350.jpg,Golden flower potion,"🌼 Golden flower potion, sparkles in the dark, brings joy to the soul. 🌟"
10944036,18.0,,Frugt,Appelsiner,1,1,ps.,Netto,https://static.tilbudsugen.dk/1st-retail/2026/6/64540/Netto062026-1_11_2012x2566_4917x4947_zoom.jpg,2026-01-31,2026-02-06,https://res.cloudinary.com/dfqzmnlga/image/upload/v1770039549/2026-01-31/10944036.jpg,Oranges,"Citrusy vibes, sunshine in every bite 🍊"
10944073,14.0,ØGO,Grønt,Kartofler,1,1,ps.,Netto,https://static.tilbudsugen.dk/1st-retail/2026/6/64540/Netto062026-1_7_3680x3256_4927x4981_zoom.jpg,2026-01-31,2026-02-06,https://res.cloudinary.com/dfqzmnlga/image/upload/v1770039550/2026-01-31/10944073.jpg,Potatoes,"I'm a hearty, versatile potato, ready to burst with flavor and warmth. 🧄"
10944109,14.0,Cheasy,Syrnet morgenmad,Skovbær Yoghurt ,1,1,stk.,Netto,https://static.tilbudsugen.dk/1st-retail/2026/6/64540/Netto062026-1_15_7x147_2632x2470_zoom.jpg,2026-01-31,2026-02-06,https://res.cloudinary.com/dfqzmnlga/image/upload/v1770039553/2026-01-31/10944109.jpg,Blackberries Yogurt,Savor the sweetest mix of blackberries and yogurt — perfect for a flavor boost! 🍓 yogurts
10944110,14.0,Cheasy,Syrnet morgenmad,Jordbær & Rababer Yoghurt ,1,1,stk.,Netto,https://static.tilbudsugen.dk/1st-retail/2026/6/64540/Netto062026-1_15_7x147_2632x2470_zoom.jpg,2026-01-31,2026-02-06,https://res.cloudinary.com/dfqzmnlga/image/upload/v1770039558/2026-01-31/10944110.jpg,Strawberries & Rababer Yogurt,Sip on sweet vibes and creamy joy with a side of sass—Strawberries & Rababer Yogurt. 🍓🧃
10944040,14.0,ØGO,Grønt,Knoldselleri,1,1,stk.,Netto,https://static.tilbudsugen.dk/1st-retail/2026/6/64540/Netto062026-1_11_29x59_2492x5072_zoom.jpg,2026-01-31,2026-02-06,https://res.cloudinary.com/dfqzmnlga/image/upload/v1770039559/2026-01-31/10944040.jpg,Celeriac,"I'm a root vegetable with a knack for surprising flavors—crunchy, creamy, and full of secrets. 🥕"
10944108,14.0,Cheasy,Syrnet morgenmad,Vanilje Yoghurt ,1,1,stk.,Netto,https://static.tilbudsugen.dk/1st-retail/2026/6/64540/Netto062026-1_15_7x147_2632x2470_zoom.jpg,2026-01-31,2026-02-06,https://res.cloudinary.com/dfqzmnlga/image/upload/v1770039564/2026-01-31/10944108.jpg,Vanilla Yogurt,"Savory, sweet, and slightly cheesy — the perfect companion to any snack moment. 🍯"
10944111,14.0,Cheasy,Syrnet morgenmad,Citron Yoghurt,1,1,stk.,Netto,https://static.tilbudsugen.dk/1st-retail/2026/6/64540/Netto062026-1_15_7x147_2632x2470_zoom.jpg,2026-01-31,2026-02-06,https://res.cloudinary.com/dfqzmnlga/image/upload/v1770039569/2026-01-31/10944111.jpg,Lemon Yogurt,Citrusy refreshment that makes every day brighter— 🍋✨
10944321,59.0,,Børnetøj,Trusser,1,4,pk.,Netto,https://static.tilbudsugen.dk/1st-retail/2026/6/64540/Netto062026-1_33_2543x317_4814x1261_zoom.jpg,2026-01-31,2026-02-06,https://res.cloudinary.com/dfqzmnlga/image/upload/v1770039570/2026-01-31/10944321.jpg,Panties,✨ Swimsuit queen with a twist—perfect for any adventure!
10944009,3.0,ØGO,Juice,Æblejuice,1,0,krt.,Netto,https://static.tilbudsugen.dk/1st-retail/2026/6/64540/Netto062026-1_4_3335x5255_4874x6892_zoom.jpg,2026-01-31,2026-02-06,https://res.cloudinary.com/dfqzmnlga/image/upload/v1770039570/2026-01-31/10944009.jpg,Apple juice,"Sip, savor, and sweeten your day with every drop—nature's perfect punch. 🍎✨"
10944084,6.0,ØGO,Grønt,Hakkede tomater Urter,1,0,ds.,Netto,https://static.tilbudsugen.dk/1st-retail/2026/6/64540/Netto062026-1_8_2220x1814_4901x4432_zoom.jpg,2026-01-31,2026-02-06,https://res.cloudinary.com/dfqzmnlga/image/upload/v1770039571/2026-01-31/10944084.jpg,Chicked tomatoes Herbs,"🔥 Flavorful, fiery, and herbaceous – the perfect blend of taste and texture!"
10944086,6.0,ØGO,Grønt,Kidney Bønner,1,0,ds.,Netto,https://static.tilbudsugen.dk/1st-retail/2026/6/64540/Netto062026-1_8_2220x1814_4901x4432_zoom.jpg,2026-01-31,2026-02-06,https://res.cloudinary.com/dfqzmnlga/image/upload/v1770039571/2026-01-31/10944086.jpg,Kidney Beans,"Savor the bold, bold, bold — I'm the flavor that turns meals into memories 🌱✨"
10944083,6.0,ØGO,Grønt,Hakkede tomater,1,0,ds.,Netto,https://static.tilbudsugen.dk/1st-retail/2026/6/64540/Netto062026-1_8_2220x1814_4901x4432_zoom.jpg,2026-01-31,2026-02-06,https://res.cloudinary.com/dfqzmnlga/image/upload/v1770039572/2026-01-31/10944083.jpg,Chicked tomatoes,"Chicked tomatoes: the ultimate flavor bomb, ready to turn any meal into a party. 🍅🔥"
10944085,6.0,ØGO,Grønt,Sorte Bønner,1,0,ds.,Netto,https://static.tilbudsugen.dk/1st-retail/2026/6/64540/Netto062026-1_8_2220x1814_4901x4432_zoom.jpg,2026-01-31,2026-02-06,https://res.cloudinary.com/dfqzmnlga/image/upload/v1770039573/2026-01-31/10944085.jpg,Black beans,Black beans: the ultimate flavor bomb that turns boring into bold. 🌮
10944087,6.0,ØGO,Grønt,Butterbeans,1,0,ds.,Netto,https://static.tilbudsugen.dk/1st-retail/2026/6/64540/Netto062026-1_8_2220x1814_4901x4432_zoom.jpg,2026-01-31,2026-02-06,https://res.cloudinary.com/dfqzmnlga/image/upload/v1770039573/2026-01-31/10944087.jpg,Butterbeans,"Soft, creamy, and slightly sweet—perfect for any mood. 🥦"
10944228,3.0,Egelykke,Mælk m/smag,Kakaomælk,1,0,krt.,Netto,https://static.tilbudsugen.dk/1st-retail/2026/6/64540/Netto062026-1_20_1260x2920_2602x4556_zoom.jpg,2026-01-31,2026-02-06,https://res.cloudinary.com/dfqzmnlga/image/upload/v1770039574/2026-01-31/10944228.jpg,Cocoa milk,"✨ Latte lover with a sweet twist, ready to brew up some magic ☕️"
10944089,15.0,ØGO,Mel & Melblandinger,Tipo 00 Hvedemel,1,1,pk.,Netto,https://static.tilbudsugen.dk/1st-retail/2026/6/64540/Netto062026-1_8_0x3459_1654x6830_zoom.jpg,2026-01-31,2026-02-06,https://res.cloudinary.com/dfqzmnlga/image/upload/v1770039574/2026-01-31/10944089.jpg,Tipo 00 Wheat flour,"✨ Flaky, golden, and perfectly perfect — the ultimate base for any culinary dream. ✨"
10944094,15.0,ØGO,Mel & Melblandinger,Manitobamel,1,1,pk.,Netto,https://static.tilbudsugen.dk/1st-retail/2026/6/64540/Netto062026-1_8_0x3459_1654x6830_zoom.jpg,2026-01-31,2026-02-06,https://res.cloudinary.com/dfqzmnlga/image/upload/v1770039576/2026-01-31/10944094.jpg,Manitobamel,Manitobamel: The only one who can make your day better with a sprinkle of chaos and a dash of fun. 🌟
10944114,15.0,ØGO,Mel & Melblandinger,Rugkerner Skårne,1,1,pk.,Netto,https://static.tilbudsugen.dk/1st-retail/2026/6/64540/Netto062026-1_8_0x3459_1654x6830_zoom.jpg,2026-01-31,2026-02-06,https://res.cloudinary.com/dfqzmnlga/image/upload/v1770039577/2026-01-31/10944114.jpg,Rye seeds Scarrard,"Rye seeds Scarrard: The quiet rebel of the grain aisle, cracking open the world with every bite. 🍞"
10944050,15.0,ØGO,Grønt,Icebergsalat,1,1,stk.,Netto,https://static.tilbudsugen.dk/1st-retail/2026/6/64540/Netto062026-1_6_159x823_3609x2513_zoom.jpg,2026-01-31,2026-02-06,https://res.cloudinary.com/dfqzmnlga/image/upload/v1770039578/2026-01-31/10944050.jpg,Iceberg lettuce,"Cool as ice cream, but crisp as a summer breeze 🍅"
10944095,15.0,ØGO,Mel & Melblandinger,Ølands Hvedemel,1,1,pk.,Netto,https://static.tilbudsugen.dk/1st-retail/2026/6/64540/Netto062026-1_8_0x3459_1654x6830_zoom.jpg,2026-01-31,2026-02-06,https://res.cloudinary.com/dfqzmnlga/image/upload/v1770039578/2026-01-31/10944095.jpg,Island Wheat flour,"✨ Flaky, golden, and perfect for anything from pancakes to bread — the island's finest wheat flour. ✨"
10944112,15.0,ØGO,Mel & Melblandinger,Rugmel,1,1,pk.,Netto,https://static.tilbudsugen.dk/1st-retail/2026/6/64540/Netto062026-1_8_0x3459_1654x6830_zoom.jpg,2026-01-31,2026-02-06,https://res.cloudinary.com/dfqzmnlga/image/upload/v1770039579/2026-01-31/10944112.jpg,Rye flour,"Breaded with life, ready to rise and conquer the day 🍞"
10944347,75.0,Classic,Øl,Øl 15 pk.,15,0,ds.,Netto,https://static.tilbudsugen.dk/1st-retail/2026/6/64540/Netto062026-1_24_18x4884_1787x6901_zoom.jpg,2026-01-31,2026-02-06,https://res.cloudinary.com/dfqzmnlga/image/upload/v1770039580/2026-01-31/10944347.jpg,Beer 15 pc.,"Sip, laugh, and let the beer flow—life's too short for boring drinks. 🍻"
10944346,75.0,"Classic 0,0",Alkoholfrie Øl,Øl - Alkoholfri 15 pk.,15,0,ds.,Netto,https://static.tilbudsugen.dk/1st-retail/2026/6/64540/Netto062026-1_24_18x4884_1787x6901_zoom.jpg,2026-01-31,2026-02-06,https://res.cloudinary.com/dfqzmnlga/image/upload/v1770039581/2026-01-31/10944346.jpg,Beer - Alcohol-free 15 pc.,"Sip, savor, and skip the rules—just a beer in your hand, ready to celebrate. 🍻"
10943959,16.0,Karolines,"Suppe, Boullion & Fond",Tomatsuppe,1,1,krt.,Netto,https://static.tilbudsugen.dk/1st-retail/2026/6/64540/Netto062026-1_2_2318x2636_4918x4946_zoom.jpg,2026-01-31,2026-02-06,https://res.cloudinary.com/dfqzmnlga/image/upload/v1770039581/2026-01-31/10943959.jpg,Tomato soup,"Sip, savor, and smile—tomato soup is the perfect pick for any day. 🍅"
10943960,16.0,Karolines,"Suppe, Boullion & Fond",Kartoffel-Porresuppe,1,1,krt.,Netto,https://static.tilbudsugen.dk/1st-retail/2026/6/64540/Netto062026-1_2_2318x2636_4918x4946_zoom.jpg,2026-01-31,2026-02-06,https://res.cloudinary.com/dfqzmnlga/image/upload/v1770039582/2026-01-31/10943960.jpg,Potato Porreso soup,"Sour and spicy, but perfect for a rainy day ☕️"
10943958,16.0,Karolines,"Suppe, Boullion & Fond",Karrysuppe,1,1,krt.,Netto,https://static.tilbudsugen.dk/1st-retail/2026/6/64540/Netto062026-1_2_2318x2636_4918x4946_zoom.jpg,2026-01-31,2026-02-06,https://res.cloudinary.com/dfqzmnlga/image/upload/v1770039582/2026-01-31/10943958.jpg,Curry soup,"Spicy, savory, and slightly sweet—curry soup is the flavor of the day! 🌶️"
10944334,50.0,,Partyartikler,Discokugle,1,3,pk.,Netto,https://static.tilbudsugen.dk/1st-retail/2026/6/64540/Netto062026-1_31_118x2647_2528x4652_zoom.jpg,2026-01-31,2026-02-06,https://res.cloudinary.com/dfqzmnlga/image/upload/v1770039583/2026-01-31/10944334.jpg,Disco ball,✨ Disco ball - light up the night with a flick of my glittery charm! ✨
10943967,15.0,Signaturbrød Barbaras,Rugbrød i Skiver,Rugbrødsskiver,1,0,pk.,Netto,https://static.tilbudsugen.dk/1st-retail/2026/6/64540/Netto062026-1_2_18x2654_2406x4884_zoom.jpg,2026-01-31,2026-02-06,https://res.cloudinary.com/dfqzmnlga/image/upload/v1770039583/2026-01-31/10943967.jpg,Rye bread slices,"Toast-worthy, bold, and ready to conquer any sandwich—just ask me what I'm made of. 🍞"
10944035,18.0,Pink lady,Frugt,Æbler,1,1,bk.,Netto,https://static.tilbudsugen.dk/1st-retail/2026/6/64540/Netto062026-1_11_2241x133_4769x2632_zoom.jpg,2026-01-31,2026-02-06,https://res.cloudinary.com/dfqzmnlga/image/upload/v1770039584/2026-01-31/10944035.jpg,Apples,"Red, juicy, and ready to burst—apples are the perfect snack for any day! 🍎"
10944071,14.0,ØGO,Grønt,Løg,1,0,ps.,Netto,https://static.tilbudsugen.dk/1st-retail/2026/6/64540/Netto062026-1_7_2459x3300_3724x4981_zoom.jpg,2026-01-31,2026-02-06,https://res.cloudinary.com/dfqzmnlga/image/upload/v1770039585/2026-01-31/10944071.jpg,Bulb vegetables,"✨ Glow up your day with a sprinkle of vibrant, unexpected flavor! 🌟"
10944385,99.0,Raakraft,Hundefoder,Hundefoder,1,5,sæk,Netto,https://static.tilbudsugen.dk/1st-retail/2026/6/64540/Netto062026-1_26_3229x4601_4969x6864_zoom.jpg,2026-01-31,2026-02-06,https://res.cloudinary.com/dfqzmnlga/image/upload/v1770039591/2026-01-31/10944385.jpg,Dog feed,🐾 Chewbacca's favorite treat – always fresh and tasty!
10944096,16.0,Valsemøllen,Ris,Havreris,1,0,ps.,Netto,https://static.tilbudsugen.dk/1st-retail/2026/6/64540/Netto062026-1_8_1663x4247_3255x6848_zoom.jpg,2026-01-31,2026-02-06,https://res.cloudinary.com/dfqzmnlga/image/upload/v1770039612/2026-01-31/10944096.jpg,Oats,"✨ Flaky, fluffy, and full of life—oats are the perfect breakfast companion! 🍽️"
10943931,20.0,Mou,Special Suppe,Aspargessuppe,1,1,pk.,Netto,https://static.tilbudsugen.dk/1st-retail/2026/6/64540/Netto062026-1_1_2203x1327_4892x3733_zoom.jpg,2026-01-31,2026-02-06,https://res.cloudinary.com/dfqzmnlga/image/upload/v1770039612/2026-01-31/10943931.jpg,Asparagus soup,"Sip on the freshest flavor with every bite—asparagus soup, ready to surprise. 🍄"
10943932,20.0,Mou,Special Suppe,Karrysuppe,1,1,pk.,Netto,https://static.tilbudsugen.dk/1st-retail/2026/6/64540/Netto062026-1_1_2203x1327_4892x3733_zoom.jpg,2026-01-31,2026-02-06,https://res.cloudinary.com/dfqzmnlga/image/upload/v1770039615/2026-01-31/10943932.jpg,Curry soup,"Spicy, savory, and super fun—curry soup is the flavor of the day! 🌶️"
10943966,15.0,Signaturbrød Fanøbrød,Rugbrød i Skiver,Rugbrødsskiver,1,0,pk.,Netto,https://static.tilbudsugen.dk/1st-retail/2026/6/64540/Netto062026-1_2_18x2654_2406x4884_zoom.jpg,2026-01-31,2026-02-06,https://res.cloudinary.com/dfqzmnlga/image/upload/v1770039617/2026-01-31/10943966.jpg,Rye bread slices,"Toast-worthy chaos in every slice—perfect for a messy, meaningful morning. 🍞"
10944349,10.0,Tørst,Saft,Solbær Drik,1,0,fl.,Netto,https://static.tilbudsugen.dk/1st-retail/2026/6/64540/Netto062026-1_24_35x717_2530x4822_zoom.jpg,2026-01-31,2026-02-06,https://res.cloudinary.com/dfqzmnlga/image/upload/v1770039625/2026-01-31/10944349.jpg,Blackcurrant Drink,"✨ Taste the wild, wild berries—blackcurrant delight! ✨"
10944376,10.0,Private Passions,Energi- Sports- & Vitamindrikke,Energidrik,1,0,ds.,Netto,https://static.tilbudsugen.dk/1st-retail/2026/6/64540/Netto062026-1_24_35x717_2530x4822_zoom.jpg,2026-01-31,2026-02-06,https://res.cloudinary.com/dfqzmnlga/image/upload/v1770039625/2026-01-31/10944376.jpg,Energy Drink,"💥 Never gonna let you go—charged up, ready to conquer anything! 🌟"
10943930,20.0,Mou,Special Suppe,Tomatsuppe,1,1,pk.,Netto,https://static.tilbudsugen.dk/1st-retail/2026/6/64540/Netto062026-1_1_2203x1327_4892x3733_zoom.jpg,2026-01-31,2026-02-06,https://res.cloudinary.com/dfqzmnlga/image/upload/v1770039626/2026-01-31/10943930.jpg,Tomato soup,"Sour, salty, and slightly spicy—perfect for any meal! 🍲"
10944270,60.0,,Belysning indendørs,Tryklampe,1,3,pk.,Netto,https://static.tilbudsugen.dk/1st-retail/2026/6/64540/Netto062026-1_35_2352x3561_4828x5220_zoom.jpg,2026-01-31,2026-02-06,https://res.cloudinary.com/dfqzmnlga/image/upload/v1770039627/2026-01-31/10944270.jpg,Pressure lamp,"✨ Light up the mood, one pressure test at a time. ✨"
10944378,10.0,Peachy Perfect,Energi- Sports- & Vitamindrikke,Energidrik,1,0,ds.,Netto,https://static.tilbudsugen.dk/1st-retail/2026/6/64540/Netto062026-1_24_35x717_2530x4822_zoom.jpg,2026-01-31,2026-02-06,https://res.cloudinary.com/dfqzmnlga/image/upload/v1770039628/2026-01-31/10944378.jpg,Energy Drink,"💥 Stay charged, stay unstoppable! 🌟"
10944380,20.0,Planteliv,Gødning & ukrudtsmiddel,Gødning,1,1,fl.,Netto,https://static.tilbudsugen.dk/1st-retail/2026/6/64540/Netto062026-1_27_2248x4844_4733x6768_zoom.jpg,2026-01-31,2026-02-06,https://res.cloudinary.com/dfqzmnlga/image/upload/v1770039629/2026-01-31/10944380.jpg,Fertilizers,"Boosting plants with extra care, 🌱✨"
10943964,15.0,Signaturbrød Restaurant Gillelejehavn,Rugbrød i Skiver,Rugbrødsskiver,1,0,pk.,Netto,https://static.tilbudsugen.dk/1st-retail/2026/6/64540/Netto062026-1_2_18x2654_2406x4884_zoom.jpg,2026-01-31,2026-02-06,https://res.cloudinary.com/dfqzmnlga/image/upload/v1770039629/2026-01-31/10943964.jpg,Rye bread slices,"Crusty, golden, and ready to pair with any afternoon coffee—just ask me what I'm eating. 🍞"
10943926,20.0,Mou,Special Suppe,Gullaschsuppe,1,1,pk.,Netto,https://static.tilbudsugen.dk/1st-retail/2026/6/64540/Netto062026-1_1_2203x1327_4892x3733_zoom.jpg,2026-01-31,2026-02-06,https://res.cloudinary.com/dfqzmnlga/image/upload/v1770039631/2026-01-31/10943926.jpg,Gullasch soup,"Sip on the perfect blend of flavors, where warmth and spice meet — and your heart follows. 🍲"
10944374,10.0,Berry Blush,Energi- Sports- & Vitamindrikke,Energidrik,1,0,ds.,Netto,https://static.tilbudsugen.dk/1st-retail/2026/6/64540/Netto062026-1_24_35x717_2530x4822_zoom.jpg,2026-01-31,2026-02-06,https://res.cloudinary.com/dfqzmnlga/image/upload/v1770039632/2026-01-31/10944374.jpg,Energy Drink,"💥 Turbocharged with energy, I'm here to keep you moving! 🌟"
10944402,45.0,Dun-let,Skyllemiddel,Skyllemiddel,1,2,stk.,Netto,https://static.tilbudsugen.dk/1st-retail/2026/6/64540/Netto062026-1_25_35x4804_3361x6945_zoom.jpg,2026-01-31,2026-02-06,https://res.cloudinary.com/dfqzmnlga/image/upload/v1770039633/2026-01-31/10944402.jpg,Sliding agent,"✨ Sliding agent, making things glide smoothly—no friction, just pure motion! ✨"
10944388,70.0,Raakraft,Kattefoder,Kattefoder,1,3,sæk,Netto,https://static.tilbudsugen.dk/1st-retail/2026/6/64540/Netto062026-1_26_1637x4696_3288x6871_zoom.jpg,2026-01-31,2026-02-06,https://res.cloudinary.com/dfqzmnlga/image/upload/v1770039635/2026-01-31/10944388.jpg,Cat food,🐾 Craving a little purr-fect chaos? I'm the cat food who never stops purring. 🐾
10944101,12.0,ØGO,Grøntsager,Helbladet Spinat,1,0,ps.,Netto,https://static.tilbudsugen.dk/1st-retail/2026/6/64540/Netto062026-1_8_3131x4370_4901x6848_zoom.jpg,2026-01-31,2026-02-06,https://res.cloudinary.com/dfqzmnlga/image/upload/v1770039637/2026-01-31/10944101.jpg,Chinese cabbages/pe-tsai,"Sour and sweet, with a twist—pe-tsai knows how to make a meal feel like a celebration! 🥦✨"
10944177,12.0,Mango Loco,Energi- Sports- & Vitamindrikke,Energidrik,1,0,ds.,Netto,https://static.tilbudsugen.dk/1st-retail/2026/6/64540/Netto062026-1_18_0x1998_1740x5094_zoom.jpg,2026-01-31,2026-02-06,https://res.cloudinary.com/dfqzmnlga/image/upload/v1770039638/2026-01-31/10944177.jpg,Energy Drink,"💥 Sparkle with energy, never stop charging—because life's too short for flat batteries! 🌟"
10944179,12.0,Energy,Energi- Sports- & Vitamindrikke,Energidrik,1,0,ds.,Netto,https://static.tilbudsugen.dk/1st-retail/2026/6/64540/Netto062026-1_18_0x1998_1740x5094_zoom.jpg,2026-01-31,2026-02-06,https://res.cloudinary.com/dfqzmnlga/image/upload/v1770039638/2026-01-31/10944179.jpg,Energy Drink,"💥 Supercharged with energy, ready to conquer anything! 🌟"
10944178,12.0,Energy,Energi- Sports- & Vitamindrikke,Energidrik,1,0,ds.,Netto,https://static.tilbudsugen.dk/1st-retail/2026/6/64540/Netto062026-1_18_0x1998_1740x5094_zoom.jpg,2026-01-31,2026-02-06,https://res.cloudinary.com/dfqzmnlga/image/upload/v1770039641/2026-01-31/10944178.jpg,Energy Drink,"💥 Supercharged with energy, ready to crush any challenge!"
10944182,12.0,Full Throttle,Energi- Sports- & Vitamindrikke,Energidrik,1,0,ds.,Netto,https://static.tilbudsugen.dk/1st-retail/2026/6/64540/Netto062026-1_18_0x1998_1740x5094_zoom.jpg,2026-01-31,2026-02-06,https://res.cloudinary.com/dfqzmnlga/image/upload/v1770039641/2026-01-31/10944182.jpg,Energy Drink,"💥 Supercharged energy, no limits — just pure power!"
10944176,12.0,Ultra Strawberry Dreams,Energi- Sports- & Vitamindrikke,Energidrik,1,0,ds.,Netto,https://static.tilbudsugen.dk/1st-retail/2026/6/64540/Netto062026-1_18_0x1998_1740x5094_zoom.jpg,2026-01-31,2026-02-06,https://res.cloudinary.com/dfqzmnlga/image/upload/v1770039643/2026-01-31/10944176.jpg,Energy Drink,"🔥 Supercharged with energy, ready to crush any challenge! 🌟"
10944180,12.0,Ultra Energy,Energi- Sports- & Vitamindrikke,Energidrik,1,0,ds.,Netto,https://static.tilbudsugen.dk/1st-retail/2026/6/64540/Netto062026-1_18_0x1998_1740x5094_zoom.jpg,2026-01-31,2026-02-06,https://res.cloudinary.com/dfqzmnlga/image/upload/v1770039644/2026-01-31/10944180.jpg,Energy Drink,"💥 Supercharged with energy, ready to crush any challenge! 🌟"
10944079,6.0,ØGO,Grønt,Kikærter,1,0,ds.,Netto,https://static.tilbudsugen.dk/1st-retail/2026/6/64540/Netto062026-1_8_2220x1814_4901x4432_zoom.jpg,2026-01-31,2026-02-06,https://res.cloudinary.com/dfqzmnlga/image/upload/v1770039645/2026-01-31/10944079.jpg,Chickpeas,"Spicy, bold, and full of life—just like a good chickpea salad! 🥗"
10944195,10.0,Næmt,Dej Køl,Pizzadej,1,0,pk.,Netto,https://static.tilbudsugen.dk/1st-retail/2026/6/64540/Netto062026-1_19_96x2241_2403x3568_zoom.jpg,2026-01-31,2026-02-06,https://res.cloudinary.com/dfqzmnlga/image/upload/v1770039646/2026-01-31/10944195.jpg,Pizza dough,Craving a perfect slice? I'm the dough that turns dreams into pizza! 🍕
10944105,6.0,ØGO,Grønt,Grønne linser,1,0,ds.,Netto,https://static.tilbudsugen.dk/1st-retail/2026/6/64540/Netto062026-1_8_2220x1814_4901x4432_zoom.jpg,2026-01-31,2026-02-06,https://res.cloudinary.com/dfqzmnlga/image/upload/v1770039650/2026-01-31/10944105.jpg,Green lenses,✨ See the world through a new lens—where every view is a masterpiece. ✨
10944199,10.0,La Campagna,Saucer,Pizzasauce Basilikum,1,0,pk.,Netto,https://static.tilbudsugen.dk/1st-retail/2026/6/64540/Netto062026-1_19_22x5072_1585x6761_zoom.jpg,2026-01-31,2026-02-06,https://res.cloudinary.com/dfqzmnlga/image/upload/v1770039651/2026-01-31/10944199.jpg,Pizza sauce Basil,"Savory, spicy, and slightly tangy — the perfect blend of flavor in every bite! 🍅"
10944001,22.0,GodMorgen,Juice,Appelsinjuice,1,0,fl.,Netto,https://static.tilbudsugen.dk/1st-retail/2026/6/64540/Netto062026-1_4_97x3663_1619x6812_zoom.jpg,2026-01-31,2026-02-06,https://res.cloudinary.com/dfqzmnlga/image/upload/v1770039651/2026-01-31/10944001.jpg,Orange juice,"Citrus energy, fresh and vibrant — perfect for any day! 🍊"
10944022,22.0,GodMorgen,Juice,Æble Pære & Mynte Juice,1,0,fl.,Netto,https://static.tilbudsugen.dk/1st-retail/2026/6/64540/Netto062026-1_4_97x3663_1619x6812_zoom.jpg,2026-01-31,2026-02-06,https://res.cloudinary.com/dfqzmnlga/image/upload/v1770039653/2026-01-31/10944022.jpg,Apple Pear & Mint Juice,"Sip on nature's perfect blend — apple, pear, and mint — in every glass. 🍎💚"
10943998,22.0,GodMorgen,Juice,Æblejuice Hyldeblomst,1,0,fl.,Netto,https://static.tilbudsugen.dk/1st-retail/2026/6/64540/Netto062026-1_4_97x3663_1619x6812_zoom.jpg,2026-01-31,2026-02-06,https://res.cloudinary.com/dfqzmnlga/image/upload/v1770039653/2026-01-31/10943998.jpg,Apple juice Golden flower,"Golden flower, sweet and vibrant, dripping with life and flavor. 🌸"
10944000,22.0,GodMorgen,Juice,Æblejuice Mandarin & Gulerod,1,0,fl.,Netto,https://static.tilbudsugen.dk/1st-retail/2026/6/64540/Netto062026-1_4_97x3663_1619x6812_zoom.jpg,2026-01-31,2026-02-06,https://res.cloudinary.com/dfqzmnlga/image/upload/v1770039654/2026-01-31/10944000.jpg,Applejuice Mandarin & Carrot,"Sour, sweet, and super juicy—perfect for a refreshing morning pick-me-up 🍎🍊"
10944024,22.0,GodMorgen,Juice,"Æblejuice Æble, Rabarber og Jordbær",1,0,fl.,Netto,https://static.tilbudsugen.dk/1st-retail/2026/6/64540/Netto062026-1_4_97x3663_1619x6812_zoom.jpg,2026-01-31,2026-02-06,https://res.cloudinary.com/dfqzmnlga/image/upload/v1770039654/2026-01-31/10944024.jpg,"Apple juice Apple, Rhubarb and Strawberry","Sour, sweet, and super vibrant—perfect for any day! 🍎🍓🍇"
10944099,12.0,ØGO,Grøntsager,Wokblanding,1,0,ps.,Netto,https://static.tilbudsugen.dk/1st-retail/2026/6/64540/Netto062026-1_8_3131x4370_4901x6848_zoom.jpg,2026-01-31,2026-02-06,https://res.cloudinary.com/dfqzmnlga/image/upload/v1770039656/2026-01-31/10944099.jpg,Wok mixture,"Sizzling with flavor, ready to cook up a storm! 🍳"
10944235,25.0,Premieur,Frugt,Clementiner,1,0,bk.,Netto,https://static.tilbudsugen.dk/1st-retail/2026/6/64540/Netto062026-1_20_2580x2809_4983x4556_zoom.jpg,2026-01-31,2026-02-06,https://res.cloudinary.com/dfqzmnlga/image/upload/v1770039657/2026-01-31/10944235.jpg,Clementines,"Sweet, juicy, and perfect for a snack—clementines are the star of the fruit aisle! 🍑"
10944048,12.0,ØGO,Ketchup,Ketchup,1,0,stk.,Netto,https://static.tilbudsugen.dk/1st-retail/2026/6/64540/Netto062026-1_6_3273x186_4839x3521_zoom.jpg,2026-01-31,2026-02-06,https://res.cloudinary.com/dfqzmnlga/image/upload/v1770039657/2026-01-31/10944048.jpg,Ketchup,"Sour, sweet, and unstoppable—ready to add flavor to your day! 🍐"
10944198,10.0,Dan Cake,Kager,Citronmåne,1,0,pk.,Netto,https://static.tilbudsugen.dk/1st-retail/2026/6/64540/Netto062026-1_22_3264x2858_4945x4857_zoom.jpg,2026-01-31,2026-02-06,https://res.cloudinary.com/dfqzmnlga/image/upload/v1770039658/2026-01-31/10944198.jpg,Lemon moon,"Lemon moon: Tangy, unexpected, and always ready to brighten your day 🍊"
10944317,59.0,,Børnetøj,Boxershorts,1,2,pk.,Netto,https://static.tilbudsugen.dk/1st-retail/2026/6/64540/Netto062026-1_33_236x5109_1445x6731_zoom.jpg,2026-01-31,2026-02-06,https://res.cloudinary.com/dfqzmnlga/image/upload/v1770039659/2026-01-31/10944317.jpg,Boxers shorts,"Casual, comfy, and ready for the adventure — 💪"
10944078,12.0,ØGO,Kokosmælk,Kokosmælk,1,0,ds.,Netto,https://static.tilbudsugen.dk/1st-retail/2026/6/64540/Netto062026-1_8_27x177_2176x1973_zoom.jpg,2026-01-31,2026-02-06,https://res.cloudinary.com/dfqzmnlga/image/upload/v1770039659/2026-01-31/10944078.jpg,Coconut milk,"Smooth, creamy, and bold — like a tropical paradise in every sip. 🌴"
10944102,12.0,ØGO,Grøntsager,Ærter,1,0,ps.,Netto,https://static.tilbudsugen.dk/1st-retail/2026/6/64540/Netto062026-1_8_3131x4370_4901x6848_zoom.jpg,2026-01-31,2026-02-06,https://res.cloudinary.com/dfqzmnlga/image/upload/v1770039660/2026-01-31/10944102.jpg,Peas,"Tiny, vibrant, and always ready to burst into a salad — 🌱"
10944103,12.0,ØGO,Grøntsager,Majskolber,1,0,ps.,Netto,https://static.tilbudsugen.dk/1st-retail/2026/6/64540/Netto062026-1_8_3131x4370_4901x6848_zoom.jpg,2026-01-31,2026-02-06,https://res.cloudinary.com/dfqzmnlga/image/upload/v1770039661/2026-01-31/10944103.jpg,Maize (corn) cobs,"Sweet, juicy, and ready to burst—maize cobs are the star of the kitchen! 🌽"
10944030,15.0,Linea Attiva,Pasta,Fusilli,1,0,pk.,Netto,https://static.tilbudsugen.dk/1st-retail/2026/6/64540/Netto062026-1_5_62x1239_2610x3557_zoom.jpg,2026-01-31,2026-02-06,https://res.cloudinary.com/dfqzmnlga/image/upload/v1770039662/2026-01-31/10944030.jpg,Fusilli,"Fusilli: The ultimate entertainer, serving up delicious chaos in every bite! 🍝✨"
10944031,15.0,Linea Attiva,Pasta,Penne,1,0,pk.,Netto,https://static.tilbudsugen.dk/1st-retail/2026/6/64540/Netto062026-1_5_62x1239_2610x3557_zoom.jpg,2026-01-31,2026-02-06,https://res.cloudinary.com/dfqzmnlga/image/upload/v1770039664/2026-01-31/10944031.jpg,Penne,"Savory, hearty, and endlessly versatile—like a good conversation. 🍝"
10944033,15.0,Linea Attiva,Pasta,Tagliatella,1,0,pk.,Netto,https://static.tilbudsugen.dk/1st-retail/2026/6/64540/Netto062026-1_5_62x1239_2610x3557_zoom.jpg,2026-01-31,2026-02-06,https://res.cloudinary.com/dfqzmnlga/image/upload/v1770039664/2026-01-31/10944033.jpg,Tagliatella,"Sassy tagliatella with a twist, ready to steal the spotlight and make a statement. 🍅"
10944267,60.0,,El-artikler,Sensorlampe,1,2,pk.,Netto,https://static.tilbudsugen.dk/1st-retail/2026/6/64540/Netto062026-1_35_1703x1902_3192x3546_zoom.jpg,2026-01-31,2026-02-06,https://res.cloudinary.com/dfqzmnlga/image/upload/v1770039666/2026-01-31/10944267.jpg,Sensor lamp,"✨ Glow with purpose, light up your day with a touch. ✨"
10944064,15.0,Linea Attiva,Pasta,Penne,1,0,pk.,Netto,https://static.tilbudsugen.dk/1st-retail/2026/6/64540/Netto062026-1_7_1256x5078_2556x6857_zoom.jpg,2026-01-31,2026-02-06,https://res.cloudinary.com/dfqzmnlga/image/upload/v1770039667/2026-01-31/10944064.jpg,Penne,"Penne: The pasta that never gives up, always ready to conquer the plate. 🍝"
10944284,15.0,Struer,Drys og fibre,Ymerdrys med Havreflager,1,0,ps.,Netto,https://static.tilbudsugen.dk/1st-retail/2026/6/64540/Netto062026-1_23_44x2769_2495x4848_zoom.jpg,2026-01-31,2026-02-06,https://res.cloudinary.com/dfqzmnlga/image/upload/v1770039668/2026-01-31/10944284.jpg,Ymerdrys with Oat flakes,"Ymerdrys with Oat flakes — the perfect blend of creamy texture and cozy warmth, perfect for any cozy moment. 🌟"
10944029,15.0,Linea Attiva,Pasta,Spaghetti,1,0,pk.,Netto,https://static.tilbudsugen.dk/1st-retail/2026/6/64540/Netto062026-1_5_62x1239_2610x3557_zoom.jpg,2026-01-31,2026-02-06,https://res.cloudinary.com/dfqzmnlga/image/upload/v1770039669/2026-01-31/10944029.jpg,Spaghetti,"Sauce for the soul, served with a side of fun and a sprinkle of humor. 🍝✨"
10944032,15.0,Linea Attiva,Pasta,Conchiglie Pasta,1,0,pk.,Netto,https://static.tilbudsugen.dk/1st-retail/2026/6/64540/Netto062026-1_5_62x1239_2610x3557_zoom.jpg,2026-01-31,2026-02-06,https://res.cloudinary.com/dfqzmnlga/image/upload/v1770039670/2026-01-31/10944032.jpg,Conchiglie Pasta,✨ Snacky little pasta that’s as fun as a carnival ride! ✨
10944285,15.0,Struer,Drys og fibre,Ymerdrys Økologisk,1,0,ps.,Netto,https://static.tilbudsugen.dk/1st-retail/2026/6/64540/Netto062026-1_23_44x2769_2495x4848_zoom.jpg,2026-01-31,2026-02-06,https://res.cloudinary.com/dfqzmnlga/image/upload/v1770039687/2026-01-31/10944285.jpg,Ymerdrys Organic,"✨ Eco-friendly, non-GMO, and perfectly balanced—Ymerdrys Organic is the real deal! ✨"
10944039,15.0,,Grønt,Peberfrugt,1,0,ps.,Netto,https://static.tilbudsugen.dk/1st-retail/2026/6/64540/Netto062026-1_11_0x4954_2565x6857_zoom.jpg,2026-01-31,2026-02-06,https://res.cloudinary.com/dfqzmnlga/image/upload/v1770039687/2026-01-31/10944039.jpg,Pepper,"🔥 Spicy, sharp, and always in the right place to add flavor to life! 🌶️"
10944125,10.0,High Protein Drink,Mælk m/smag,Vaniljedrik,1,0,fl.,Netto,https://static.tilbudsugen.dk/1st-retail/2026/6/64540/Netto062026-1_15_0x2485_1577x4667_zoom.jpg,2026-01-31,2026-02-06,https://res.cloudinary.com/dfqzmnlga/image/upload/v1770039687/2026-01-31/10944125.jpg,Vanilla drink,"Sweet, creamy, and just the right amount of vanilla—my vibe is always refreshingly simple. 🌟"
10944124,10.0,High Protein Drink,Mælk m/smag,Kakaomælk,1,0,fl.,Netto,https://static.tilbudsugen.dk/1st-retail/2026/6/64540/Netto062026-1_15_0x2485_1577x4667_zoom.jpg,2026-01-31,2026-02-06,https://res.cloudinary.com/dfqzmnlga/image/upload/v1770039688/2026-01-31/10944124.jpg,Cocoa milk,✨ Cocoa milk that makes every day a little sweeter!
10944128,25.0,Actimel,Mellemmåltider,Drikkeyoghurt Multifrugt,1,0,pk.,Netto,https://static.tilbudsugen.dk/1st-retail/2026/6/64540/Netto062026-1_15_1600x2462_3295x4711_zoom.jpg,2026-01-31,2026-02-06,https://res.cloudinary.com/dfqzmnlga/image/upload/v1770039689/2026-01-31/10944128.jpg,Drinking yoghurt Multifruit,"Sip, snack, and savour the sweet chaos of flavor—drinking yoghurt multifruit, ready to conquer your day! 🍯✨"
10944126,25.0,Actimel,Mellemmåltider,Drikkeyoghurt Jordbær,1,0,pk.,Netto,https://static.tilbudsugen.dk/1st-retail/2026/6/64540/Netto062026-1_15_1600x2462_3295x4711_zoom.jpg,2026-01-31,2026-02-06,https://res.cloudinary.com/dfqzmnlga/image/upload/v1770039689/2026-01-31/10944126.jpg,Drinking yoghurt Strawberry,"Sip, swirl, and smile—strawberry yogurt is the perfect refreshment. 🍓"
10944129,25.0,Actimel,Mellemmåltider,Drikkeyoghurt Jordbær & Banan,1,0,pk.,Netto,https://static.tilbudsugen.dk/1st-retail/2026/6/64540/Netto062026-1_15_1600x2462_3295x4711_zoom.jpg,2026-01-31,2026-02-06,https://res.cloudinary.com/dfqzmnlga/image/upload/v1770039691/2026-01-31/10944129.jpg,Drinking yogurt Strawberry & Banana,Savoring the sweetness of strawberry and banana in every sip—nature's perfect blend. 🍓🍌
10944294,16.0,Karolines,Saucer,Mornaysauce,1,0,krt.,Netto,https://static.tilbudsugen.dk/1st-retail/2026/6/64540/Netto062026-1_23_3353x124_4989x2866_zoom.jpg,2026-01-31,2026-02-06,https://res.cloudinary.com/dfqzmnlga/image/upload/v1770039696/2026-01-31/10944294.jpg,Mornay sauce,✨ A creamy delight that brings flavor to every bite! ✨
10944295,16.0,Karolines,Saucer,Whisky Sauce,1,0,krt.,Netto,https://static.tilbudsugen.dk/1st-retail/2026/6/64540/Netto062026-1_23_3353x124_4989x2866_zoom.jpg,2026-01-31,2026-02-06,https://res.cloudinary.com/dfqzmnlga/image/upload/v1770039697/2026-01-31/10944295.jpg,Whiskey Sauce,"Sip, savor, and spill—my flavor is unforgettable. 🍸"
10944293,16.0,Karolines,Saucer,Rødvinssauce,1,0,krt.,Netto,https://static.tilbudsugen.dk/1st-retail/2026/6/64540/Netto062026-1_23_3353x124_4989x2866_zoom.jpg,2026-01-31,2026-02-06,https://res.cloudinary.com/dfqzmnlga/image/upload/v1770039697/2026-01-31/10944293.jpg,Red wine sauce,"Sip, savor, and let the red wine sauce elevate your day 🍷"
10944296,16.0,Karolines,Saucer,Ostesauce,1,0,krt.,Netto,https://static.tilbudsugen.dk/1st-retail/2026/6/64540/Netto062026-1_23_3353x124_4989x2866_zoom.jpg,2026-01-31,2026-02-06,https://res.cloudinary.com/dfqzmnlga/image/upload/v1770039698/2026-01-31/10944296.jpg,Cheese sauce,Savor the flavor of every bite with a sprinkle of adventure 🍴
10944394,45.0,A+,Vaskemiddel,Vaskemiddel-flydende,1,1,fl.,Netto,https://static.tilbudsugen.dk/1st-retail/2026/6/64540/Netto062026-1_25_35x4804_3361x6945_zoom.jpg,2026-01-31,2026-02-06,https://res.cloudinary.com/dfqzmnlga/image/upload/v1770039698/2026-01-31/10944394.jpg,Laundry liquid,"Wash your clothes, but don't worry—my job is done. 💧"
10944046,49.0,Rose,Kylling,Kylling,1,1,stk.,Netto,https://static.tilbudsugen.dk/1st-retail/2026/6/64540/Netto062026-1_12_3177x2499_4998x4910_zoom.jpg,2026-01-31,2026-02-06,https://res.cloudinary.com/dfqzmnlga/image/upload/v1770039699/2026-01-31/10944046.jpg,Chicken,"Sizzling with flavor, ready to conquer your taste buds! 🍗"
10932868,69.0,,Boligtekstiler,Håndklæde,1,2,pk.,Netto,https://static.tilbudsugen.dk/1st-retail/2026/5/64452/Netto42026-1_30_216x4359_3577x6548_zoom.jpg,2026-01-24,2026-02-20,https://res.cloudinary.com/dfqzmnlga/image/upload/v1770039699/2026-01-31/10932868.jpg,Towel,"Ruffles and wipes, always ready to clean up—✨"
10944120,16.0,Løgismose,Syrnet morgenmad,Vanilje Skyr ,1,0,bg.,Netto,https://static.tilbudsugen.dk/1st-retail/2026/6/64540/Netto062026-1_15_111x4733_3207x6775_zoom.jpg,2026-01-31,2026-02-06,https://res.cloudinary.com/dfqzmnlga/image/upload/v1770039700/2026-01-31/10944120.jpg,Vanilla Skyr,"Sweet, creamy, and dreamy – just like a latte with a twist! 🍵"
10944116,16.0,Løgismose,Syrnet morgenmad,Pære & Banan Skyr ,1,0,bg.,Netto,https://static.tilbudsugen.dk/1st-retail/2026/6/64540/Netto062026-1_15_111x4733_3207x6775_zoom.jpg,2026-01-31,2026-02-06,https://res.cloudinary.com/dfqzmnlga/image/upload/v1770039700/2026-01-31/10944116.jpg,Pear & Banana Skyr,"Tropical twist on creamy goodness, perfect for any snack or breakfast — 🍌🍌✨"
10944118,16.0,Løgismose,Syrnet morgenmad,Jordbær & Rabarber Skyr ,1,0,bg.,Netto,https://static.tilbudsugen.dk/1st-retail/2026/6/64540/Netto062026-1_15_111x4733_3207x6775_zoom.jpg,2026-01-31,2026-02-06,https://res.cloudinary.com/dfqzmnlga/image/upload/v1770039701/2026-01-31/10944118.jpg,Strawberries & Rhubarb Skyr,"✨ A sweet burst of tangy freshness, perfect for any day! 🍓🍓"
10944172,25.0,Premieur,Kartofler,Pommes Gigant,1,0,ps.,Netto,https://static.tilbudsugen.dk/1st-retail/2026/6/64540/Netto062026-1_18_1659x4741_3118x6834_zoom.jpg,2026-01-31,2026-02-06,https://res.cloudinary.com/dfqzmnlga/image/upload/v1770039702/2026-01-31/10944172.jpg,Pommes Gigant,"A giant potato with a smile, ready to share the joy of a delicious snack. 🍖"
10944028,15.0,ØGO,Grønt,Tomater,1,0,bk.,Netto,https://static.tilbudsugen.dk/1st-retail/2026/6/64540/Netto062026-1_5_1619x3565_3255x5255_zoom.jpg,2026-01-31,2026-02-06,https://res.cloudinary.com/dfqzmnlga/image/upload/v1770039703/2026-01-31/10944028.jpg,Tomatoes,"Red, juicy, and always ready to burst — perfect for a good meal! 🍅"
10944355,119.0,,Spanske vine,Spansk Rødvin,1,3,krt.,Netto,https://static.tilbudsugen.dk/1st-retail/2026/6/64540/Netto062026-1_24_2468x2592_4865x4857_zoom.jpg,2026-01-31,2026-02-06,https://res.cloudinary.com/dfqzmnlga/image/upload/v1770039703/2026-01-31/10944355.jpg,Spanish Red Wine,"Sip, savor, and let the flavors speak — ¡Sí, por favor! 🍷"
10944357,119.0,,Spanske vine,Spansk Hvidvin,1,3,krt.,Netto,https://static.tilbudsugen.dk/1st-retail/2026/6/64540/Netto062026-1_24_2468x2592_4865x4857_zoom.jpg,2026-01-31,2026-02-06,https://res.cloudinary.com/dfqzmnlga/image/upload/v1770039704/2026-01-31/10944357.jpg,Spanish White wine,"Sip on the perfect blend of tradition and taste, 🍷"
10944358,119.0,,Australske vine,Australsk Rødvin,1,3,krt.,Netto,https://static.tilbudsugen.dk/1st-retail/2026/6/64540/Netto062026-1_24_2468x2592_4865x4857_zoom.jpg,2026-01-31,2026-02-06,https://res.cloudinary.com/dfqzmnlga/image/upload/v1770039706/2026-01-31/10944358.jpg,Australian Red Wine,"Sip, savor, and let the taste of Australia guide your taste buds — 🍷"
10944359,119.0,,Australske vine,Australsk Hvidvin,1,3,krt.,Netto,https://static.tilbudsugen.dk/1st-retail/2026/6/64540/Netto062026-1_24_2468x2592_4865x4857_zoom.jpg,2026-01-31,2026-02-06,https://res.cloudinary.com/dfqzmnlga/image/upload/v1770039707/2026-01-31/10944359.jpg,Australian White wine,"Sip on the perfect blend of taste and toast, 🍷."
10944159,20.0,Bistronne,Fjerkræ,Crispy Kyllingeburgerbøffer,1,0,ps.,Netto,https://static.tilbudsugen.dk/1st-retail/2026/6/64540/Netto062026-1_17_2499x2875_4932x4866_zoom.jpg,2026-01-31,2026-02-06,https://res.cloudinary.com/dfqzmnlga/image/upload/v1770039707/2026-01-31/10944159.jpg,Crispy Chicken burger steaks,"Sizzling, smoky, and ready to conquer—crispy chicken burger steaks are here to grill your day! 🍔🔥"
10944281,15.0,Struer,Müsli & Granola,Crunch Choko,1,0,pk.,Netto,https://static.tilbudsugen.dk/1st-retail/2026/6/64540/Netto062026-1_23_44x2769_2495x4848_zoom.jpg,2026-01-31,2026-02-06,https://res.cloudinary.com/dfqzmnlga/image/upload/v1770039708/2026-01-31/10944281.jpg,Crunch Choko,Crunch Choko: The ultimate snack that makes every bite feel like a surprise! 🍬
10944283,15.0,Struer,Müsli & Granola,Crunch Vanilje,1,0,pk.,Netto,https://static.tilbudsugen.dk/1st-retail/2026/6/64540/Netto062026-1_23_44x2769_2495x4848_zoom.jpg,2026-01-31,2026-02-06,https://res.cloudinary.com/dfqzmnlga/image/upload/v1770039708/2026-01-31/10944283.jpg,Crunch Vanilla,"Crunch Vanilla: Crunch, vanilla, and a dash of joy—perfect for any snack moment. 🍬"
10944160,20.0,Bistronne,Fjerkræ,Crispy Chicken Strips,1,0,ps.,Netto,https://static.tilbudsugen.dk/1st-retail/2026/6/64540/Netto062026-1_17_2499x2875_4932x4866_zoom.jpg,2026-01-31,2026-02-06,https://res.cloudinary.com/dfqzmnlga/image/upload/v1770039709/2026-01-31/10944160.jpg,Crispy Chicken Strips,"Sizzling with flavor, I'm the crunchiest, funniest snack you've ever had. 🍗"
10944282,15.0,Struer,Müsli & Granola,Crunch Frugt,1,0,pk.,Netto,https://static.tilbudsugen.dk/1st-retail/2026/6/64540/Netto062026-1_23_44x2769_2495x4848_zoom.jpg,2026-01-31,2026-02-06,https://res.cloudinary.com/dfqzmnlga/image/upload/v1770039710/2026-01-31/10944282.jpg,Crunch Fruit,Crunch. Bite. Savor. 🍐
10944237,20.0,Hatting,Dybfrost Kager & Tærter,Fastelavnsboller,1,0,ps.,Netto,https://static.tilbudsugen.dk/1st-retail/2026/6/64540/Netto062026-1_20_0x4527_1791x6879_zoom.jpg,2026-01-31,2026-02-06,https://res.cloudinary.com/dfqzmnlga/image/upload/v1770039711/2026-01-31/10944237.jpg,Fast low-low-balls,"Ball-er fast, low-key, and always in the game! 🎉"
10944076,15.0,ØGO,Saucer,Pastasauce Hvidløg,1,0,gl.,Netto,https://static.tilbudsugen.dk/1st-retail/2026/6/64540/Netto062026-1_7_2495x5114_3698x6857_zoom.jpg,2026-01-31,2026-02-06,https://res.cloudinary.com/dfqzmnlga/image/upload/v1770039711/2026-01-31/10944076.jpg,Pasta sauce Garlic,Savor the flavor of love with every spoonful of my garlic-infused pasta sauce 🍝✨
10944075,15.0,ØGO,Saucer,Pastasauce Basilikum,1,0,gl.,Netto,https://static.tilbudsugen.dk/1st-retail/2026/6/64540/Netto062026-1_7_2495x5114_3698x6857_zoom.jpg,2026-01-31,2026-02-06,https://res.cloudinary.com/dfqzmnlga/image/upload/v1770039712/2026-01-31/10944075.jpg,Pasta sauce Basil,"A tangy, zesty blend of basil and flavor, perfect for any meal. 🍝✨"
10944081,20.0,Karolines,Madlavningsost,Hytteost 4%,1,0,bg.,Netto,https://static.tilbudsugen.dk/1st-retail/2026/6/64540/Netto062026-1_14_2639x2846_4983x4704_zoom.jpg,2026-01-31,2026-02-06,https://res.cloudinary.com/dfqzmnlga/image/upload/v1770039712/2026-01-31/10944081.jpg,Cottage cheese 4%,"Melted into a creamy dream, I'm the soft, fresh 4% cottage cheese that brings a smile to any meal. 🧀"
10944403,45.0,Rodalon,Vaskemiddel,Vaskemiddel-flydende,1,1,fl.,Netto,https://static.tilbudsugen.dk/1st-retail/2026/6/64540/Netto062026-1_25_35x4804_3361x6945_zoom.jpg,2026-01-31,2026-02-06,https://res.cloudinary.com/dfqzmnlga/image/upload/v1770039713/2026-01-31/10944403.jpg,Laundry liquid,"✨ Clean your clothes, clean your vibe, and keep things fresh—because even laundry needs a little spark! ✨"
10943961,45.0,Dansk Landkylling,Kylling,Hakket kylling 3-7%,1,1,bk.,Netto,https://static.tilbudsugen.dk/1st-retail/2026/6/64540/Netto062026-1_2_2380x4822_4874x6830_zoom.jpg,2026-01-31,2026-02-06,https://res.cloudinary.com/dfqzmnlga/image/upload/v1770039713/2026-01-31/10943961.jpg,Chicked chicken 3-7%,✨ Chicked chicken 3-7% – the perfect blend of flavor and fun! 🥩
10944062,45.0,Dansk Landkylling,Kylling,Hakket kylling 3-7%,1,1,bk.,Netto,https://static.tilbudsugen.dk/1st-retail/2026/6/64540/Netto062026-1_13_66x192_2543x2352_zoom.jpg,2026-01-31,2026-02-06,https://res.cloudinary.com/dfqzmnlga/image/upload/v1770039714/2026-01-31/10944062.jpg,Chicked chicken 3-7%,✨ Chicked chicken 3-7% – the perfect blend of flavor and fun! 🐔
10944156,12.0,La Campagna,Fersk pasta,Tortelloni Ricotta & Spinat,1,0,pk.,Netto,https://static.tilbudsugen.dk/1st-retail/2026/6/64540/Netto062026-1_17_22x737_1614x2868_zoom.jpg,2026-01-31,2026-02-06,https://res.cloudinary.com/dfqzmnlga/image/upload/v1770039715/2026-01-31/10944156.jpg,Tortelloni Ricotta & Spinach,"Sunny day, fresh spinach, creamy ricotta — perfect for a light lunch. 🍴✨"
10944157,12.0,La Campagna,Fersk pasta,Tortelloni Skinke,1,0,pk.,Netto,https://static.tilbudsugen.dk/1st-retail/2026/6/64540/Netto062026-1_17_22x737_1614x2868_zoom.jpg,2026-01-31,2026-02-06,https://res.cloudinary.com/dfqzmnlga/image/upload/v1770039715/2026-01-31/10944157.jpg,Tortelloni Skin,"✨ Crinkly, flaky, and just perfect for a midnight snack—because sometimes the best bites are the ones that make you laugh. 🍩"
10944121,9.86,Løgismose,Madlavning friskvarer,Fraiche 9%,1,0,bg.,Netto,https://static.tilbudsugen.dk/1st-retail/2026/6/64540/Netto062026-1_9_2972x4486_4945x6901_zoom.jpg,2026-01-31,2026-02-06,https://res.cloudinary.com/dfqzmnlga/image/upload/v1770039716/2026-01-31/10944121.jpg,Fraiche 9%,"Sip on the creamy, fresh 9% — it's like a tropical breeze in every bite. 🍹"
10943972,20.0,Andoni,Pizza Frost,Oksekød & Peberfrugt Pizza,1,0,stk.,Netto,https://static.tilbudsugen.dk/1st-retail/2026/6/64540/Netto062026-1_2_71x4875_2406x6848_zoom.jpg,2026-01-31,2026-02-06,https://res.cloudinary.com/dfqzmnlga/image/upload/v1770039716/2026-01-31/10943972.jpg,Beef & Pepper Pizza,🔥 Craving a perfect blend of smoky beef and spicy peppers? I'm the ultimate pizza lover! 🍕
10943973,20.0,Andoni,Pizza Frost,Kartoffel & Mascarpone Pizza,1,0,stk.,Netto,https://static.tilbudsugen.dk/1st-retail/2026/6/64540/Netto062026-1_2_71x4875_2406x6848_zoom.jpg,2026-01-31,2026-02-06,https://res.cloudinary.com/dfqzmnlga/image/upload/v1770039717/2026-01-31/10943973.jpg,Potato & Mascarpone Pizza,"Craving a cheesy, creamy, and utterly delicious pizza that's as satisfying as it is simple—just a potato and a mascarpone topping. 🍕🧀"
10943968,20.0,Andoni,Pizza Frost,Pepperoni Pizza,1,0,stk.,Netto,https://static.tilbudsugen.dk/1st-retail/2026/6/64540/Netto062026-1_2_71x4875_2406x6848_zoom.jpg,2026-01-31,2026-02-06,https://res.cloudinary.com/dfqzmnlga/image/upload/v1770039718/2026-01-31/10943968.jpg,Pepperoni Pizza,"🔥 Pepperoni Pizza: The ultimate flavor explosion, delivered with a side of joy! 🍕"
10944049,24.95,Velsmag,Grisekød,Kamben,1,0,bk.,Netto,https://static.tilbudsugen.dk/1st-retail/2026/6/64540/Netto062026-1_12_2868x4918_4998x6864_zoom.jpg,2026-01-31,2026-02-06,https://res.cloudinary.com/dfqzmnlga/image/upload/v1770039718/2026-01-31/10944049.jpg,Carobs/Saint John's breads,"Carob hearts and Saint John's joy, wrapped in a sweet, nutty embrace 🍌✨"
10943991,20.0,ØGO,Sødemiddel,Honning,1,0,stk.,Netto,https://static.tilbudsugen.dk/1st-retail/2026/6/64540/Netto062026-1_4_3211x3486_4971x5282_zoom.jpg,2026-01-31,2026-02-06,https://res.cloudinary.com/dfqzmnlga/image/upload/v1770039719/2026-01-31/10943991.jpg,Honey,"Sweet, sticky, and irresistible — my flavor is everywhere you turn. 🍯"
10944052,25.0,Velsmag,Grisekød,Hakket grisekød 8-12%,1,0,bk.,Netto,https://static.tilbudsugen.dk/1st-retail/2026/6/64540/Netto062026-1_12_1592x2713_3273x4829_zoom.jpg,2026-01-31,2026-02-06,https://res.cloudinary.com/dfqzmnlga/image/upload/v1770039720/2026-01-31/10944052.jpg,Minced pig meat 8-12 per cent,"✨ Porky's Pizzazz: ""Sizzling, smoky, and perfectly seasoned—just ask the chef!"""
10944365,39.0,,Chilenske vine,Chilensk Rødvin,1,0,fl.,Netto,https://static.tilbudsugen.dk/1st-retail/2026/6/64540/Netto062026-1_24_3282x4645_4910x6883_zoom.jpg,2026-01-31,2026-02-06,https://res.cloudinary.com/dfqzmnlga/image/upload/v1770039720/2026-01-31/10944365.jpg,Chilean Red Wine,"A sip of bold flavor, where every taste tells a story. 🍷"
10944367,39.0,,Chilenske vine,Chilensk Rosevin,1,0,fl.,Netto,https://static.tilbudsugen.dk/1st-retail/2026/6/64540/Netto062026-1_24_3282x4645_4910x6883_zoom.jpg,2026-01-31,2026-02-06,https://res.cloudinary.com/dfqzmnlga/image/upload/v1770039721/2026-01-31/10944367.jpg,Chilean Rosevin,"🔥 Sparkling, smoky, and super smoky—Chilean Rosevin is the flavor that turns any meal into a masterpiece! 🌟"
10944368,39.0,,Chilenske vine,Chilensk Hvidvin,1,0,fl.,Netto,https://static.tilbudsugen.dk/1st-retail/2026/6/64540/Netto062026-1_24_3282x4645_4910x6883_zoom.jpg,2026-01-31,2026-02-06,https://res.cloudinary.com/dfqzmnlga/image/upload/v1770039721/2026-01-31/10944368.jpg,Chilean White wine,"Sip, savor, and let the flavor speak — ¡Sí, chile! 🍷"
10944165,25.0,Næmt,Færdigretter Frost,Middagsfrikadeller,1,0,ps.,Netto,https://static.tilbudsugen.dk/1st-retail/2026/6/64540/Netto062026-1_17_59x4866_2455x6834_zoom.jpg,2026-01-31,2026-02-06,https://res.cloudinary.com/dfqzmnlga/image/upload/v1770039722/2026-01-31/10944165.jpg,Dinner meatballs,"Sizzling with flavor, I'm the star of the dinner table—flavor, texture, and endless conversation. 🍴✨"
10944292,20.0,Dinner Kitt,Pastaretter,Asian Oriental Rice,1,0,pk.,Netto,https://static.tilbudsugen.dk/1st-retail/2026/6/64540/Netto062026-1_23_2450x2663_4936x4857_zoom.jpg,2026-01-31,2026-02-06,https://res.cloudinary.com/dfqzmnlga/image/upload/v1770039723/2026-01-31/10944292.jpg,Asian Oriental Rice,"✨ Rice that tastes like a tropical paradise, perfectly fluffy and aromatic. 🌴"
10944066,99.0,Velsmag,Grisekød,Ribbensteg,1,1,bk.,Netto,https://static.tilbudsugen.dk/1st-retail/2026/6/64540/Netto062026-1_13_2455x4792_4998x6827_zoom.jpg,2026-01-31,2026-02-06,https://res.cloudinary.com/dfqzmnlga/image/upload/v1770039724/2026-01-31/10944066.jpg,Robin roast,"Robin roast 🍳✨  
A roasted roast that never sleeps, always shines."
10944117,7.2,ØGO,Riskiks,Majskiks med Havsalt,1,0,pk.,Netto,https://static.tilbudsugen.dk/1st-retail/2026/6/64540/Netto062026-1_9_195x504_2725x3981_zoom.jpg,2026-01-31,2026-02-06,https://res.cloudinary.com/dfqzmnlga/image/upload/v1770039725/2026-01-31/10944117.jpg,Corn biscuit with Sea salt,"Salted, savory, and slightly sweet—just the way life is. 🍞"
10944164,25.0,Næmt,Fjerkræ,Kyllingefrikadeller,1,0,ps.,Netto,https://static.tilbudsugen.dk/1st-retail/2026/6/64540/Netto062026-1_17_59x4866_2455x6834_zoom.jpg,2026-01-31,2026-02-06,https://res.cloudinary.com/dfqzmnlga/image/upload/v1770039726/2026-01-31/10944164.jpg,Chicken meatballs,"Sizzling with flavor, I’m the ultimate kitchen superhero—crunchy, hearty, and ready to conquer your taste buds! 🍗"
10944390,45.0,Whiskas,Kattefoder,Kattefoder,1,0,pk.,Netto,https://static.tilbudsugen.dk/1st-retail/2026/6/64540/Netto062026-1_26_59x4667_1784x7026_zoom.jpg,2026-01-31,2026-02-06,https://res.cloudinary.com/dfqzmnlga/image/upload/v1770039727/2026-01-31/10944390.jpg,Cat food,Meow! 🐾
10944153,20.0,Næmt,Færdigretter Frost,Tarteletfyld,1,0,pk.,Netto,https://static.tilbudsugen.dk/1st-retail/2026/6/64540/Netto062026-1_17_3273x678_4998x2831_zoom.jpg,2026-01-31,2026-02-06,https://res.cloudinary.com/dfqzmnlga/image/upload/v1770039729/2026-01-31/10944153.jpg,Tarte fill,"Savor the sweet, cheesy, and slightly messy joy of a tarte fill — because life's too short for boring bites! 🍯"
10944383,5.0,Gourmet Gold,Kattefoder,Kattefoder,1,0,stk.,Netto,https://static.tilbudsugen.dk/1st-retail/2026/6/64540/Netto062026-1_26_3244x2271_4961x4674_zoom.jpg,2026-01-31,2026-02-06,https://res.cloudinary.com/dfqzmnlga/image/upload/v1770039733/2026-01-31/10944383.jpg,Cat food,Meow! 🐾
10944263,9.0,Mamone,Nødder & Kerner,Sesamfrø,1,0,ps.,Netto,https://static.tilbudsugen.dk/1st-retail/2026/6/64540/Netto062026-1_23_62x142_1787x2840_zoom.jpg,2026-01-31,2026-02-06,https://res.cloudinary.com/dfqzmnlga/image/upload/v1770039733/2026-01-31/10944263.jpg,Sesame seed,"✨ Seed of the season, crunching with joy and mystery. 🌟"
10944280,9.0,Mamone,Nødder & Kerner,Græskarkerner,1,0,ps.,Netto,https://static.tilbudsugen.dk/1st-retail/2026/6/64540/Netto062026-1_23_62x142_1787x2840_zoom.jpg,2026-01-31,2026-02-06,https://res.cloudinary.com/dfqzmnlga/image/upload/v1770039735/2026-01-31/10944280.jpg,Pumpkin seeds,"✨ Crunchy, nutty, and perfect for any snack moment! 🍂"
10944041,12.0,ØGO,Postej og Paté,Kyllingeleverpostej,1,0,pk.,Netto,https://static.tilbudsugen.dk/1st-retail/2026/6/64540/Netto062026-1_5_106x5264_3016x6821_zoom.jpg,2026-01-31,2026-02-06,https://res.cloudinary.com/dfqzmnlga/image/upload/v1770039736/2026-01-31/10944041.jpg,Chicken liver pie,"Craving a crispy, cheesy pie that's as bold as your appetite? 🍴"
10944042,12.0,ØGO,Postej og Paté,Leverpostej,1,0,pk.,Netto,https://static.tilbudsugen.dk/1st-retail/2026/6/64540/Netto062026-1_5_106x5264_3016x6821_zoom.jpg,2026-01-31,2026-02-06,https://res.cloudinary.com/dfqzmnlga/image/upload/v1770039736/2026-01-31/10944042.jpg,Liver pie,"Craving a savory, smoky delight that's as bold as a summer storm — I'm liver pie. 🍽️"
10944401,15.0,Fila,"Sæbe, bad, dusch",Bodyshampoo,1,0,stk.,Netto,https://static.tilbudsugen.dk/1st-retail/2026/6/64540/Netto062026-1_25_35x2751_1698x4901_zoom.jpg,2026-01-31,2026-02-06,https://res.cloudinary.com/dfqzmnlga/image/upload/v1770039737/2026-01-31/10944401.jpg,Body shampoo,✨ Clean your soul with every wash—because you're worth it. ✨
10944266,60.0,,Opbevaring,Møbelhund,1,1,stk.,Netto,https://static.tilbudsugen.dk/1st-retail/2026/6/64540/Netto062026-1_35_125x2057_1762x3576_zoom.jpg,2026-01-31,2026-02-06,https://res.cloudinary.com/dfqzmnlga/image/upload/v1770039738/2026-01-31/10944266.jpg,Mouse dog,🐾 A playful mouse dog who loves snacks and adventures!
10944051,25.0,Velsmag,Grisekød,Grisekoteletter,1,0,bk.,Netto,https://static.tilbudsugen.dk/1st-retail/2026/6/64540/Netto062026-1_12_1592x2713_3273x4829_zoom.jpg,2026-01-31,2026-02-06,https://res.cloudinary.com/dfqzmnlga/image/upload/v1770039739/2026-01-31/10944051.jpg,Pig chops,"Sizzling with flavor, I’m the perfect partner for a night of delicious chaos 🍳"
10944194,25.0,Premieur,Fastfoodbrød,Hotdogbrød Brioche Pretzel Style,1,0,pk.,Netto,https://static.tilbudsugen.dk/1st-retail/2026/6/64540/Netto062026-1_18_3258x2389_4924x4873_zoom.jpg,2026-01-31,2026-02-06,https://res.cloudinary.com/dfqzmnlga/image/upload/v1770039739/2026-01-31/10944194.jpg,Hot Dog Bread Brioche Pretzel Style,"Brioche pretzel hot dog bread — perfect for a juicy, crispy snack. 🍞"
10944072,25.0,,Kylling,Kyllingeoverlår,1,0,bk.,Netto,https://static.tilbudsugen.dk/1st-retail/2026/6/64540/Netto062026-1_13_15x2905_2536x4755_zoom.jpg,2026-01-31,2026-02-06,https://res.cloudinary.com/dfqzmnlga/image/upload/v1770039740/2026-01-31/10944072.jpg,Chicken upper thighs,"🔥 Searglish genius, ready to ignite your taste buds with every bite! 🍗"
10944053,15.0,Kohberg,Fastfoodbrød,Fuldkorn Burgerboller,1,0,pk.,Netto,https://static.tilbudsugen.dk/1st-retail/2026/6/64540/Netto062026-1_6_35x2256_3158x3557_zoom.jpg,2026-01-31,2026-02-06,https://res.cloudinary.com/dfqzmnlga/image/upload/v1770039744/2026-01-31/10944053.jpg,Whole grains Burger balls,"Crunchy, cheesy, and full of flavor—perfect for a quick snack or a healthy twist on a burger! 🍲"
10944067,15.0,ØGO,Mexicansk,Tortillawrap,1,0,pk.,Netto,https://static.tilbudsugen.dk/1st-retail/2026/6/64540/Netto062026-1_7_2486x1327_3680x3043_zoom.jpg,2026-01-31,2026-02-06,https://res.cloudinary.com/dfqzmnlga/image/upload/v1770039745/2026-01-31/10944067.jpg,Tortillawrap,"Wrap the world in a golden, cheesy, and deliciously satisfying crunch—because life's too short for boring meals. 🍝"
10944056,45.0,Velsmag,Kalve- og grisekød,Hakket kalv og grisekød 8-12%,1,0,bk.,Netto,https://static.tilbudsugen.dk/1st-retail/2026/6/64540/Netto062026-1_12_7x2418_1747x4777_zoom.jpg,2026-01-31,2026-02-06,https://res.cloudinary.com/dfqzmnlga/image/upload/v1770039746/2026-01-31/10944056.jpg,Minced calf and pig meat 8-12 per cent,"🔥 Super versatile meat for any kitchen, perfect for tacos, stir-fries, or hearty bowls! 🍳"
10944054,45.0,Velsmag,Grisekød,Flæsk i skiver,1,0,bk.,Netto,https://static.tilbudsugen.dk/1st-retail/2026/6/64540/Netto062026-1_12_7x2418_1747x4777_zoom.jpg,2026-01-31,2026-02-06,https://res.cloudinary.com/dfqzmnlga/image/upload/v1770039746/2026-01-31/10944054.jpg,Pork in slices,Sliced pork: the ultimate snack that never says 'no' to a good meal. 🍖
10944104,13.0,Buko Smelte,Specialost,Smøreost Baconost,1,0,bg.,Netto,https://static.tilbudsugen.dk/1st-retail/2026/6/64540/Netto062026-1_14_29x752_2543x2838_zoom.jpg,2026-01-31,2026-02-06,https://res.cloudinary.com/dfqzmnlga/image/upload/v1770039747/2026-01-31/10944104.jpg,Butter cheese Bacon cheese,"Savory blend of creamy butter and smoky bacon, perfect for a cozy snack or breakfast. 🍞"
10944093,13.0,Buko Smelte,Specialost,Smøreost Krydderost,1,0,bg.,Netto,https://static.tilbudsugen.dk/1st-retail/2026/6/64540/Netto062026-1_14_29x752_2543x2838_zoom.jpg,2026-01-31,2026-02-06,https://res.cloudinary.com/dfqzmnlga/image/upload/v1770039754/2026-01-31/10944093.jpg,Butter cheese Cloth cheese,"Soft, creamy, and slightly tangy — perfect for a cozy afternoon snack. 🧀"
10944097,13.0,Buko Smelte,Specialost,Smøreost Skinkeost,1,0,bg.,Netto,https://static.tilbudsugen.dk/1st-retail/2026/6/64540/Netto062026-1_14_29x752_2543x2838_zoom.jpg,2026-01-31,2026-02-06,https://res.cloudinary.com/dfqzmnlga/image/upload/v1770039755/2026-01-31/10944097.jpg,Butter cheese Skin cheese,"Savory and soft, with a touch of tangy flair – perfect for a creamy afternoon snack! 🧀"
10944098,13.0,Buko Smelte,Specialost,Smøreost Rejeost,1,0,bg.,Netto,https://static.tilbudsugen.dk/1st-retail/2026/6/64540/Netto062026-1_14_29x752_2543x2838_zoom.jpg,2026-01-31,2026-02-06,https://res.cloudinary.com/dfqzmnlga/image/upload/v1770039755/2026-01-31/10944098.jpg,Butter cheese Shrimp cheese,"Savory shrimp cheese with a twist, perfect for a creamy twist on any dish! 🧀"
10944106,13.0,Buko Smelte,Specialost,Smøreost Rejeost Light,1,0,bg.,Netto,https://static.tilbudsugen.dk/1st-retail/2026/6/64540/Netto062026-1_14_29x752_2543x2838_zoom.jpg,2026-01-31,2026-02-06,https://res.cloudinary.com/dfqzmnlga/image/upload/v1770039756/2026-01-31/10944106.jpg,Butter cheese Shrimp cheese Light,"Savory shrimp and cheese, creamy and bold—perfect for a delicious snack or a bold statement. 🧁"
10944100,13.0,Buko Smelte,Specialost,Smøreost Champignonost,1,0,bg.,Netto,https://static.tilbudsugen.dk/1st-retail/2026/6/64540/Netto062026-1_14_29x752_2543x2838_zoom.jpg,2026-01-31,2026-02-06,https://res.cloudinary.com/dfqzmnlga/image/upload/v1770039756/2026-01-31/10944100.jpg,Butter cheese Champignon cheese,"A creamy, cheesy delight that brings a smile to any plate 🧀🧀"
10944224,28.0,Casa Tarradellas,Pizza Fersk,Chicken Pizza,1,0,pk.,Netto,https://static.tilbudsugen.dk/1st-retail/2026/6/64540/Netto062026-1_19_1548x5050_4836x6761_zoom.jpg,2026-01-31,2026-02-06,https://res.cloudinary.com/dfqzmnlga/image/upload/v1770039757/2026-01-31/10944224.jpg,Chicken Pizza,"🔥 Chicken Pizza: Crispy, cheesy, and ready to conquer your taste buds! 🍴"
10944225,28.0,Casa Tarradellas,Pizza Fersk,Serrano Pizza,1,0,pk.,Netto,https://static.tilbudsugen.dk/1st-retail/2026/6/64540/Netto062026-1_19_1548x5050_4836x6761_zoom.jpg,2026-01-31,2026-02-06,https://res.cloudinary.com/dfqzmnlga/image/upload/v1770039757/2026-01-31/10944225.jpg,Serrano Pizza,"🔥 Crispy, smoky, and spicy — Serrano Pizza is the ultimate flavor explosion! 🍕"
10944134,18.0,Fransk Let,Postej og Paté,Leverpostej,1,0,pk.,Netto,https://static.tilbudsugen.dk/1st-retail/2026/6/64540/Netto062026-1_16_2352x708_4946x2868_zoom.jpg,2026-01-31,2026-02-06,https://res.cloudinary.com/dfqzmnlga/image/upload/v1770039759/2026-01-31/10944134.jpg,Liver pie,"Craving a hearty, savory bite that satisfies both taste and belly? I'm liver pie—bold, delicious, and ready to conquer your cravings! 🍽️"
10944136,18.0,Grovhakket Let,Postej og Paté,Leverpostej,1,0,pk.,Netto,https://static.tilbudsugen.dk/1st-retail/2026/6/64540/Netto062026-1_16_2352x708_4946x2868_zoom.jpg,2026-01-31,2026-02-06,https://res.cloudinary.com/dfqzmnlga/image/upload/v1770039759/2026-01-31/10944136.jpg,Liver pie,"Craving a savory, sweet burst of flavor? I'm the liver pie—bold, juicy, and ready to satisfy your taste buds. 🍽️"
10944068,99.0,Velsmag,Grisekød,Grisemørbrad,1,1,bk.,Netto,https://static.tilbudsugen.dk/1st-retail/2026/6/64540/Netto062026-1_13_2455x4792_4998x6827_zoom.jpg,2026-01-31,2026-02-06,https://res.cloudinary.com/dfqzmnlga/image/upload/v1770039760/2026-01-31/10944068.jpg,Pig tenderloin,"Savoring the perfect bite, one tenderloin at a time. 🍖"
10944123,13.27,ØGO,Snacknødder & Nøddeblandinger,Peanuts,1,0,ps.,Netto,https://static.tilbudsugen.dk/1st-retail/2026/6/64540/Netto062026-1_9_97x4238_3034x6901_zoom.jpg,2026-01-31,2026-02-06,https://res.cloudinary.com/dfqzmnlga/image/upload/v1770039761/2026-01-31/10944123.jpg,Peanuts,"Crunchy, bold, and always ready for a snack—just wait for me to pop up! 🍬"
10943940,10.0,Glyngøre,Konserves,Tun i tomat,1,0,ds.,Netto,https://static.tilbudsugen.dk/1st-retail/2026/6/64540/Netto062026-1_1_88x3751_2220x6370_zoom.jpg,2026-01-31,2026-02-06,https://res.cloudinary.com/dfqzmnlga/image/upload/v1770039761/2026-01-31/10943940.jpg,Tunas in tomato,"🔥 Catch me in a tomato explosion—Tunas in tomato, always ready to roll! 🍅"
10944370,50.0,,Franske vine,Fransk Rødvin,1,0,fl.,Netto,https://static.tilbudsugen.dk/1st-retail/2026/6/64540/Netto062026-1_24_2468x549_4892x2849_zoom.jpg,2026-01-31,2026-02-06,https://res.cloudinary.com/dfqzmnlga/image/upload/v1770039764/2026-01-31/10944370.jpg,French Red Wine,"Sip, savor, and let the flavors speak — my wine is a masterpiece. 🍷"
10944354,50.0,,Australske vine,Australsk Rødvin,1,0,fl.,Netto,https://static.tilbudsugen.dk/1st-retail/2026/6/64540/Netto062026-1_24_2468x549_4892x2849_zoom.jpg,2026-01-31,2026-02-06,https://res.cloudinary.com/dfqzmnlga/image/upload/v1770039766/2026-01-31/10944354.jpg,Australian Red Wine,"A bold, bold red wine that turns every meal into a celebration 🍷"
10944352,50.0,,Australske vine,Australsk Hvidvin,1,0,fl.,Netto,https://static.tilbudsugen.dk/1st-retail/2026/6/64540/Netto062026-1_24_2468x549_4892x2849_zoom.jpg,2026-01-31,2026-02-06,https://res.cloudinary.com/dfqzmnlga/image/upload/v1770039766/2026-01-31/10944352.jpg,Australian White wine,"Sip on the taste of Australia—fresh, bold, and unforgettable 🍷"
10944203,16.0,Premieur,Dej Køl,Surdejs Pizzadej,1,0,pk.,Netto,https://static.tilbudsugen.dk/1st-retail/2026/6/64540/Netto062026-1_19_2374x1651_4932x3524_zoom.jpg,2026-01-31,2026-02-06,https://res.cloudinary.com/dfqzmnlga/image/upload/v1770039767/2026-01-31/10944203.jpg,Surdejs Pizzadejs,✨Craving a slice of chaos? I'm the Surdejs Pizzadejs—turning mundane into madness with every bite! 🍕
10944204,16.0,Premieur,Dej Køl,Pizzabunde fuldkorn,1,0,pk.,Netto,https://static.tilbudsugen.dk/1st-retail/2026/6/64540/Netto062026-1_19_2374x1651_4932x3524_zoom.jpg,2026-01-31,2026-02-06,https://res.cloudinary.com/dfqzmnlga/image/upload/v1770039767/2026-01-31/10944204.jpg,whole grains of pizza,"Crunchy, cheesy, and full of flavor—whole grains of pizza are the perfect snack for any meal! 🍞"
10944226,28.0,Casa Tarradellas,Pizza Fersk,Carbonara Pizza,1,0,pk.,Netto,https://static.tilbudsugen.dk/1st-retail/2026/6/64540/Netto062026-1_19_1548x5050_4836x6761_zoom.jpg,2026-01-31,2026-02-06,https://res.cloudinary.com/dfqzmnlga/image/upload/v1770039768/2026-01-31/10944226.jpg,Carbonara Pizza,"Carbonara Pizza: The ultimate snack that's as creamy as it is cheesy, with a side of fun and a sprinkle of humor. 🍕"
10944222,28.0,Casa Tarradellas,Pizza Fersk,Ham & Chesse Pizza,1,0,pk.,Netto,https://static.tilbudsugen.dk/1st-retail/2026/6/64540/Netto062026-1_19_1548x5050_4836x6761_zoom.jpg,2026-01-31,2026-02-06,https://res.cloudinary.com/dfqzmnlga/image/upload/v1770039768/2026-01-31/10944222.jpg,Ham & Chesse Pizza,"Savoring the perfect blend of cheese and ham, one bite at a time 🍕🧀"
10944223,28.0,Casa Tarradellas,Pizza Fersk,4 Cheese Pizza,1,0,pk.,Netto,https://static.tilbudsugen.dk/1st-retail/2026/6/64540/Netto062026-1_19_1548x5050_4836x6761_zoom.jpg,2026-01-31,2026-02-06,https://res.cloudinary.com/dfqzmnlga/image/upload/v1770039769/2026-01-31/10944223.jpg,4 Cheese Pizza," cheesy delight, perfect for any occasion 🍕"
10944215,28.0,Casa Tarradellas,Pizza Fersk,Pepperoni Pizza,1,0,pk.,Netto,https://static.tilbudsugen.dk/1st-retail/2026/6/64540/Netto062026-1_19_1548x5050_4836x6761_zoom.jpg,2026-01-31,2026-02-06,https://res.cloudinary.com/dfqzmnlga/image/upload/v1770039769/2026-01-31/10944215.jpg,Pepperoni Pizza,🔥 Pepperoni Pizza: The ultimate flavor explosion that turns any meal into a party! 🍕
10944342,29.0,Tresor Choco Nut,Morgenmadsprodukter,Morgenmadsprodukt,1,0,pk.,Netto,https://static.tilbudsugen.dk/1st-retail/2026/6/64540/Netto062026-1_23_9x4822_1716x6910_zoom.jpg,2026-01-31,2026-02-06,https://res.cloudinary.com/dfqzmnlga/image/upload/v1770039770/2026-01-31/10944342.jpg,Breakfast product,"✨ Wake up, eat well, and never miss a breakfast moment! ✨"
10944206,20.0,Doritos,Chips,Sweet Chili Pepper Chips,1,0,ps.,Netto,https://static.tilbudsugen.dk/1st-retail/2026/6/64540/Netto062026-1_22_9x2813_1743x4875_zoom.jpg,2026-01-31,2026-02-06,https://res.cloudinary.com/dfqzmnlga/image/upload/v1770039771/2026-01-31/10944206.jpg,Sweet Chili Pepper Chips,🔥 Spice up your day with a twist! 🌟
10944291,20.0,Dinner Kitt,Pastaretter,Whole Grain Lasagne,1,0,pk.,Netto,https://static.tilbudsugen.dk/1st-retail/2026/6/64540/Netto062026-1_23_2450x2663_4936x4857_zoom.jpg,2026-01-31,2026-02-06,https://res.cloudinary.com/dfqzmnlga/image/upload/v1770039772/2026-01-31/10944291.jpg,Whole Grain Lasagna,"Layered with flavor, I'm the perfect partner for a cozy meal. 🍝"
10944289,20.0,Dinner Kitt,Pastaretter,Whole Grain Lasagnette,1,0,pk.,Netto,https://static.tilbudsugen.dk/1st-retail/2026/6/64540/Netto062026-1_23_2450x2663_4936x4857_zoom.jpg,2026-01-31,2026-02-06,https://res.cloudinary.com/dfqzmnlga/image/upload/v1770039772/2026-01-31/10944289.jpg,Whole Grain Lasagnette,"Satisfy your cravings with a hearty, cheesy lasagnette – perfect for a cozy night. 🍛"
10944055,45.0,Velsmag,Grisekød,Nakkekoteletter,1,0,bk.,Netto,https://static.tilbudsugen.dk/1st-retail/2026/6/64540/Netto062026-1_12_7x2418_1747x4777_zoom.jpg,2026-01-31,2026-02-06,https://res.cloudinary.com/dfqzmnlga/image/upload/v1770039773/2026-01-31/10944055.jpg,Neck chops,"Savoring the crunch of life, one chop at a time 🍽️"
10944138,15.0,Sereno,Snacknødder & Nøddeblandinger,Peanuts Sourcream & onion,1,0,ps.,Netto,https://static.tilbudsugen.dk/1st-retail/2026/6/64540/Netto062026-1_21_88x2495_2388x4795_zoom.jpg,2026-01-31,2026-02-06,https://res.cloudinary.com/dfqzmnlga/image/upload/v1770039774/2026-01-31/10944138.jpg,Peanuts Sourcream & onion,✨ Peanut sourcream onion lover with a sweet twist! 🌟
10944107,15.0,Bakkedal,Fedtstoffer,Smørbar,1,0,bg.,Netto,https://static.tilbudsugen.dk/1st-retail/2026/6/64540/Netto062026-1_15_2646x177_4998x2433_zoom.jpg,2026-01-31,2026-02-06,https://res.cloudinary.com/dfqzmnlga/image/upload/v1770039775/2026-01-31/10944107.jpg,Butterable,"✨ Butterable — melt into your heart, spread on your dreams. 🍯"
10944131,7.5,Asian Kitchen,Diverse kolonial,Rispapir,1,0,pk.,Netto,https://static.tilbudsugen.dk/1st-retail/2026/6/64540/Netto062026-1_10_53x557_3308x3026_zoom.jpg,2026-01-31,2026-02-06,https://res.cloudinary.com/dfqzmnlga/image/upload/v1770039776/2026-01-31/10944131.jpg,Rice paper,"✨ Origami rice paper – fold, fold, fold! ✨"
10944166,15.0,Sereno,Snacknødder & Nøddeblandinger,Chili Nuts,1,0,ps.,Netto,https://static.tilbudsugen.dk/1st-retail/2026/6/64540/Netto062026-1_21_88x2495_2388x4795_zoom.jpg,2026-01-31,2026-02-06,https://res.cloudinary.com/dfqzmnlga/image/upload/v1770039777/2026-01-31/10944166.jpg,Chili Nuts,"🔥 Spicy, smoky, and smothering—perfect for any meal! 🌶️"
10944167,15.0,Sereno,Snacknødder & Nøddeblandinger,Peanuts Hvidløg,1,0,ps.,Netto,https://static.tilbudsugen.dk/1st-retail/2026/6/64540/Netto062026-1_21_88x2495_2388x4795_zoom.jpg,2026-01-31,2026-02-06,https://res.cloudinary.com/dfqzmnlga/image/upload/v1770039779/2026-01-31/10944167.jpg,Peanuts Garlic,"Crunchy, savory, and bold — I’m the peanut garlic that makes every bite a flavor explosion! 🍬"
10944168,19.0,Rahbek,Fisk og skaldyr Frost ,Indbagt Laks med Spinat og Ostesauce,1,0,pk.,Netto,https://static.tilbudsugen.dk/1st-retail/2026/6/64540/Netto062026-1_17_44x2868_2514x4873_zoom.jpg,2026-01-31,2026-02-06,https://res.cloudinary.com/dfqzmnlga/image/upload/v1770039786/2026-01-31/10944168.jpg,Baked Salmon with Spinach and Cheese sauce,"✨ Salmon dreams with a sprinkle of spinach and a touch of cheese — perfect for a quick, satisfying meal. 🍣"
10944158,19.0,Rahbek,Fisk og skaldyr Frost ,Indbagte Rejer med Asparges og Dildsauce,1,0,pk.,Netto,https://static.tilbudsugen.dk/1st-retail/2026/6/64540/Netto062026-1_17_44x2868_2514x4873_zoom.jpg,2026-01-31,2026-02-06,https://res.cloudinary.com/dfqzmnlga/image/upload/v1770039786/2026-01-31/10944158.jpg,Baked Shrimps with Asparagus and Dildsauce,"Sizzling shrimp, roasted asparagus, and a dash of sweet chaos—ready to conquer your taste buds! 🍤✨"
10944290,20.0,Dinner Kitt,Pastaretter,Italian Lasagne,1,0,pk.,Netto,https://static.tilbudsugen.dk/1st-retail/2026/6/64540/Netto062026-1_23_2450x2663_4936x4857_zoom.jpg,2026-01-31,2026-02-06,https://res.cloudinary.com/dfqzmnlga/image/upload/v1770039787/2026-01-31/10944290.jpg,Italian Lasagne,"Layered with love, flavor, and a sprinkle of adventure—Italian Lasagne, ready to conquer your taste buds! 🍝✨"
10944345,29.0,Tresor Choco Brownie,Morgenmadsprodukter,Morgenmadsprodukt,1,0,pk.,Netto,https://static.tilbudsugen.dk/1st-retail/2026/6/64540/Netto062026-1_23_9x4822_1716x6910_zoom.jpg,2026-01-31,2026-02-06,https://res.cloudinary.com/dfqzmnlga/image/upload/v1770039788/2026-01-31/10944345.jpg,Breakfast product,"✨ Wake up, eat well, and never miss a breakfast moment! ✨"
10944259,29.0,Tresor,Morgenmadsprodukter,Morgenmadsprodukt Cookies & Cream,1,0,pk.,Netto,https://static.tilbudsugen.dk/1st-retail/2026/6/64540/Netto062026-1_23_9x4822_1716x6910_zoom.jpg,2026-01-31,2026-02-06,https://res.cloudinary.com/dfqzmnlga/image/upload/v1770039789/2026-01-31/10944259.jpg,Breakfast product Cookies & Cream,"✨ Savor the sweet, creamy crunch of Cookies & Cream, wherever life takes you! ✨"
10944171,39.0,Næmt,Færdigretter Køl,Spareribs,1,0,pk.,Netto,https://static.tilbudsugen.dk/1st-retail/2026/6/64540/Netto062026-1_18_3155x4785_4998x6812_zoom.jpg,2026-01-31,2026-02-06,https://res.cloudinary.com/dfqzmnlga/image/upload/v1770039789/2026-01-31/10944171.jpg,Sparreibs,"Sparreibs: The snack that makes your day just a little brighter, with a twist of sweet and salty. 🍫"
10944288,20.0,Dinner Kitt,Risretter,Asian Indian Rice,1,0,pk.,Netto,https://static.tilbudsugen.dk/1st-retail/2026/6/64540/Netto062026-1_23_2450x2663_4936x4857_zoom.jpg,2026-01-31,2026-02-06,https://res.cloudinary.com/dfqzmnlga/image/upload/v1770039791/2026-01-31/10944288.jpg,Asian Indian Rice,"Savoring the aroma of a spicy curry, one bite at a time 🌶️"
10944092,99.0,HC Andersen,Skæreost,Skæreost Mellemlagret 45+,1,1,stk.,Netto,https://static.tilbudsugen.dk/1st-retail/2026/6/64540/Netto062026-1_14_29x4667_2521x6886_zoom.jpg,2026-01-31,2026-02-06,https://res.cloudinary.com/dfqzmnlga/image/upload/v1770039793/2026-01-31/10944092.jpg,Cutting cheese Intermediate storage 45+,"Slice, slice, and store—perfect for the intermediate cheese lover! 🧀"
10944236,10.0,ØGO,Tørret Frugt,Rosiner,1,0,ps.,Netto,https://static.tilbudsugen.dk/1st-retail/2026/6/64540/Netto062026-1_20_3391x818_4946x2824_zoom.jpg,2026-01-31,2026-02-06,https://res.cloudinary.com/dfqzmnlga/image/upload/v1770039793/2026-01-31/10944236.jpg,Raisins,"✨ Crave the sweet, salty, and tangy thrill of a perfect snack—raisins are the real deal. ✨"
10944144,12.0,Salatmesteren,Pålægssalat,Rejesalat,1,0,bg.,Netto,https://static.tilbudsugen.dk/1st-retail/2026/6/64540/Netto062026-1_16_0x2720_2551x4851_zoom.jpg,2026-01-31,2026-02-06,https://res.cloudinary.com/dfqzmnlga/image/upload/v1770039794/2026-01-31/10944144.jpg,Shrimp lettuce,"Squid-like shrimp lettuce, crispy and delicious, ready to conquer your plate 🐙"
10944140,12.0,Salatmesteren,Pålægssalat,Æggesalat,1,0,bg.,Netto,https://static.tilbudsugen.dk/1st-retail/2026/6/64540/Netto062026-1_16_0x2720_2551x4851_zoom.jpg,2026-01-31,2026-02-06,https://res.cloudinary.com/dfqzmnlga/image/upload/v1770039794/2026-01-31/10944140.jpg,Egg salad,"Egg salad: the perfect blend of flavor and fun, ready to flip the script on any day. 🥚"
10944141,12.0,Salatmesteren,Pålægssalat,Skinkesalat,1,0,bg.,Netto,https://static.tilbudsugen.dk/1st-retail/2026/6/64540/Netto062026-1_16_0x2720_2551x4851_zoom.jpg,2026-01-31,2026-02-06,https://res.cloudinary.com/dfqzmnlga/image/upload/v1770039795/2026-01-31/10944141.jpg,Ham lettuce,"Savor the crunch of a fresh ham lettuce — perfect for a quick, tasty snack or a bold side dish. 🍲"
10944143,12.0,Salatmesteren,Pålægssalat,Kylling & Baconsalat,1,0,bg.,Netto,https://static.tilbudsugen.dk/1st-retail/2026/6/64540/Netto062026-1_16_0x2720_2551x4851_zoom.jpg,2026-01-31,2026-02-06,https://res.cloudinary.com/dfqzmnlga/image/upload/v1770039797/2026-01-31/10944143.jpg,Chicken & Bacon Salad,Savor the crunch of chicken and the smoky delight of bacon in every bite! 🍗 Bacon 🍗
10944142,12.0,Salatmesteren,Pålægssalat,Tunsalat,1,0,bg.,Netto,https://static.tilbudsugen.dk/1st-retail/2026/6/64540/Netto062026-1_16_0x2720_2551x4851_zoom.jpg,2026-01-31,2026-02-06,https://res.cloudinary.com/dfqzmnlga/image/upload/v1770039806/2026-01-31/10944142.jpg,Tuna salad,"Smelly, salty, and super hungry—just don't touch my salad. 🍩"
10944146,12.0,Salatmesteren,Pålægssalat,Makrelsalat,1,0,bg.,Netto,https://static.tilbudsugen.dk/1st-retail/2026/6/64540/Netto062026-1_16_0x2720_2551x4851_zoom.jpg,2026-01-31,2026-02-06,https://res.cloudinary.com/dfqzmnlga/image/upload/v1770039806/2026-01-31/10944146.jpg,Mackerel lettuce,"✨ Salmon-salad, but with a twist—fresh, flaky, and full of flavor. 🍴"
10944147,12.0,Salatmesteren,Pålægssalat,Hønsesalat,1,0,bg.,Netto,https://static.tilbudsugen.dk/1st-retail/2026/6/64540/Netto062026-1_16_0x2720_2551x4851_zoom.jpg,2026-01-31,2026-02-06,https://res.cloudinary.com/dfqzmnlga/image/upload/v1770039807/2026-01-31/10944147.jpg,Chicken lettuce,"Sassy chicken lettuce: ""I'm the ultimate snack, but I'm also a bit of a drama queen."" 🍗"
10944080,16.0,Puck,Madlavningsost,Salatost,1,0,stk.,Netto,https://static.tilbudsugen.dk/1st-retail/2026/6/64540/Netto062026-1_14_2514x885_4939x2853_zoom.jpg,2026-01-31,2026-02-06,https://res.cloudinary.com/dfqzmnlga/image/upload/v1770039808/2026-01-31/10944080.jpg,Salad cheese,"Salad cheese: the perfect blend of crunch and cream, topped with a sprinkle of fun. 🥗✨"
10944197,16.0,Næmt,Toppings,Skinkestrimler,1,0,bk.,Netto,https://static.tilbudsugen.dk/1st-retail/2026/6/64540/Netto062026-1_19_3229x3627_4828x5087_zoom.jpg,2026-01-31,2026-02-06,https://res.cloudinary.com/dfqzmnlga/image/upload/v1770039808/2026-01-31/10944197.jpg,Skimmers (including skimmers),✨ Skimmers (including skimmers) – the ultimate kitchen cleaner and cleanup wizard! ✨
10944163,50.0,Michelle Kristensen,Færdigretter Køl,Butter Chicken,1,0,gl.,Netto,https://static.tilbudsugen.dk/1st-retail/2026/6/64540/Netto062026-1_17_2469x4866_4998x6827_zoom.jpg,2026-01-31,2026-02-06,https://res.cloudinary.com/dfqzmnlga/image/upload/v1770039809/2026-01-31/10944163.jpg,Butter Chicken,"Savoring the perfect blend of creamy richness and bold flavor, 🧀"
10944161,50.0,Michelle Kristensen,Færdigretter Køl,Boller i Karry,1,0,gl.,Netto,https://static.tilbudsugen.dk/1st-retail/2026/6/64540/Netto062026-1_17_2469x4866_4998x6827_zoom.jpg,2026-01-31,2026-02-06,https://res.cloudinary.com/dfqzmnlga/image/upload/v1770039810/2026-01-31/10944161.jpg,Buns in Curry,"Curry-baked bliss, served with a side of joy 🍲"
10944162,50.0,Michelle Kristensen,Færdigretter Køl,Bolognese,1,0,gl.,Netto,https://static.tilbudsugen.dk/1st-retail/2026/6/64540/Netto062026-1_17_2469x4866_4998x6827_zoom.jpg,2026-01-31,2026-02-06,https://res.cloudinary.com/dfqzmnlga/image/upload/v1770039813/2026-01-31/10944162.jpg,Bolognese,"Savor the flavor of a feast, one simmered bowl at a time 🍝"
10944047,49.0,Rose,Kylling,Kyllingeinderfileter,1,0,bk.,Netto,https://static.tilbudsugen.dk/1st-retail/2026/6/64540/Netto062026-1_12_3177x2499_4998x4910_zoom.jpg,2026-01-31,2026-02-06,https://res.cloudinary.com/dfqzmnlga/image/upload/v1770039824/2026-01-31/10944047.jpg,Chicken eiderphilets,Slaying the kitchen with every juicy chicken eiderphilet—because who says dinner has to be boring? 🍗
10944113,29.0,Løgismose,Müsli & Granola,Granola med Nødder,1,0,ps.,Netto,https://static.tilbudsugen.dk/1st-retail/2026/6/64540/Netto062026-1_15_3162x4977_4836x6761_zoom.jpg,2026-01-31,2026-02-06,https://res.cloudinary.com/dfqzmnlga/image/upload/v1770039825/2026-01-31/10944113.jpg,Granola with Nuts,"✨ Crunchy, nutty, and perfectly balanced – my life is a bowl of joy! 🍯"
10944115,29.0,Løgismose,Müsli & Granola,Granola med bær,1,0,ps.,Netto,https://static.tilbudsugen.dk/1st-retail/2026/6/64540/Netto062026-1_15_3162x4977_4836x6761_zoom.jpg,2026-01-31,2026-02-06,https://res.cloudinary.com/dfqzmnlga/image/upload/v1770039826/2026-01-31/10944115.jpg,Granola with berries,"✨ Berry-blasted, crunchy joy that makes every bite a celebration of flavor! ✨"
10944070,25.0,,Kylling,Kyllingestrimler,1,0,pk.,Netto,https://static.tilbudsugen.dk/1st-retail/2026/6/64540/Netto062026-1_13_15x2905_2536x4755_zoom.jpg,2026-01-31,2026-02-06,https://res.cloudinary.com/dfqzmnlga/image/upload/v1770039826/2026-01-31/10944070.jpg,Chicken straws,"Savor the crunch of a perfect bite—chicken straws, ready to conquer your cravings! 🍗"
10944169,19.0,Rahbek,Fisk og skaldyr Frost ,Hvid Alaska Sej med Grov Panering,1,0,pk.,Netto,https://static.tilbudsugen.dk/1st-retail/2026/6/64540/Netto062026-1_17_44x2868_2514x4873_zoom.jpg,2026-01-31,2026-02-06,https://res.cloudinary.com/dfqzmnlga/image/upload/v1770039827/2026-01-31/10944169.jpg,White Alaska Cool with Groovy Panning,White Alaska Cool with Groovy Panning 🍹
10944174,35.0,American Style,Færdigretter Frost,Snack Box,1,0,pk.,Netto,https://static.tilbudsugen.dk/1st-retail/2026/6/64540/Netto062026-1_18_44x4763_1747x6871_zoom.jpg,2026-01-31,2026-02-06,https://res.cloudinary.com/dfqzmnlga/image/upload/v1770039828/2026-01-31/10944174.jpg,Snack Box,✨ Snack Box: Your go-to for endless fun and tasty surprises! 🍽️
10944065,65.0,Rose,Kylling,Kyllingebrystfilet,1,0,bk.,Netto,https://static.tilbudsugen.dk/1st-retail/2026/6/64540/Netto062026-1_13_2470x2912_4939x4800_zoom.jpg,2026-01-31,2026-02-06,https://res.cloudinary.com/dfqzmnlga/image/upload/v1770039830/2026-01-31/10944065.jpg,Chicken breast fillet,"Sizzling with flavor, ready to conquer any dish! 🍗"
10943988,25.0,Frk. Anna,Marmelade,Råsyltet Appelsinmarmelade,1,0,gl.,Netto,https://static.tilbudsugen.dk/1st-retail/2026/6/64540/Netto062026-1_4_3220x2061_4963x3672_zoom.jpg,2026-01-31,2026-02-06,https://res.cloudinary.com/dfqzmnlga/image/upload/v1770039830/2026-01-31/10943988.jpg,Raw jam Orange marmalade,"Sweet, tangy, and fiery—raw jam orange marmalade. 🍊"
10944137,18.0,Brunchy,Bacon,Bacontern,1,0,pk.,Netto,https://static.tilbudsugen.dk/1st-retail/2026/6/64540/Netto062026-1_16_2425x2824_4991x4814_zoom.jpg,2026-01-31,2026-02-06,https://res.cloudinary.com/dfqzmnlga/image/upload/v1770039831/2026-01-31/10944137.jpg,Bacontern,"Bacontern: The crispy, smoky hero of breakfast adventures 🍬"
10944227,45.0,,Slik,Karameller,1,0,ps.,Netto,https://static.tilbudsugen.dk/1st-retail/2026/6/64540/Netto062026-1_20_1054x1253_3361x2779_zoom.jpg,2026-01-31,2026-02-06,https://res.cloudinary.com/dfqzmnlga/image/upload/v1770039831/2026-01-31/10944227.jpg,Caramella,✨ Candy lover with a sweet twist! 🍬
10944396,12.0,Tasty Minis,Hundefoder,Hundesnacks,1,0,ps.,Netto,https://static.tilbudsugen.dk/1st-retail/2026/6/64540/Netto062026-1_26_29x1895_1614x4652_zoom.jpg,2026-01-31,2026-02-06,https://res.cloudinary.com/dfqzmnlga/image/upload/v1770039832/2026-01-31/10944396.jpg,Dog snacks,Snack time! 🐾
10944037,28.0,Driscolls,Frugt,Blåbær,1,0,bk.,Netto,https://static.tilbudsugen.dk/1st-retail/2026/6/64540/Netto062026-1_11_2418x4932_4998x6871_zoom.jpg,2026-01-31,2026-02-06,https://res.cloudinary.com/dfqzmnlga/image/upload/v1770039833/2026-01-31/10944037.jpg,Blueberries,"✨ Tiny rebels in a pink palette, buzzing with life and flavor. 🍓"
10943935,10.0,Glyngøre,Konserves,Tun i vand,1,0,ds.,Netto,https://static.tilbudsugen.dk/1st-retail/2026/6/64540/Netto062026-1_1_88x3751_2220x6370_zoom.jpg,2026-01-31,2026-02-06,https://res.cloudinary.com/dfqzmnlga/image/upload/v1770039834/2026-01-31/10943935.jpg,Tunas in water,"🌊 Fishy fun, salty and spicy, perfect for a quick snack or a beach day! 🍽️"
10943939,10.0,Glyngøre,Konserves,Tun i olie,1,0,ds.,Netto,https://static.tilbudsugen.dk/1st-retail/2026/6/64540/Netto062026-1_1_88x3751_2220x6370_zoom.jpg,2026-01-31,2026-02-06,https://res.cloudinary.com/dfqzmnlga/image/upload/v1770039835/2026-01-31/10943939.jpg,Tunas in oil,"Sizzling with flavor, I'm the tuna in oil—ready to ignite your taste buds! 🍣"
10943949,12.0,Gul bordpak,"Pålæg, skiveskåret",Kartoffelspegepølse,1,0,pk.,Netto,https://static.tilbudsugen.dk/1st-retail/2026/6/64540/Netto062026-1_2_2415x35_4927x2477_zoom.jpg,2026-01-31,2026-02-06,https://res.cloudinary.com/dfqzmnlga/image/upload/v1770039835/2026-01-31/10943949.jpg,Potato sausage,"Sizzling with flavor, I'm the potato sausage—crunchy, hearty, and ready to take over your kitchen! 🍲"
10943956,12.0,Gul bordpak,"Pålæg, skiveskåret",Sønderjysk Spegepølse,1,0,pk.,Netto,https://static.tilbudsugen.dk/1st-retail/2026/6/64540/Netto062026-1_2_2415x35_4927x2477_zoom.jpg,2026-01-31,2026-02-06,https://res.cloudinary.com/dfqzmnlga/image/upload/v1770039837/2026-01-31/10943956.jpg,Sønderjysk Salsify,"✨ Sønderjysk Salsify: The sweet, tangy twist that makes every bite a celebration of flavor! 🍽️"
10943951,12.0,Gul bordpak,"Pålæg, skiveskåret",Kødpølse,1,0,pk.,Netto,https://static.tilbudsugen.dk/1st-retail/2026/6/64540/Netto062026-1_2_2415x35_4927x2477_zoom.jpg,2026-01-31,2026-02-06,https://res.cloudinary.com/dfqzmnlga/image/upload/v1770039839/2026-01-31/10943951.jpg,Meat sausage,"🔥 Spicy, smoky, and ready to take over your kitchen—just ask me what I’m made of! 🧀"
10944186,45.0,Ben & Jerry's,Is,Chocolate Fudge Brownie is,1,0,bg.,Netto,https://static.tilbudsugen.dk/1st-retail/2026/6/64540/Netto062026-1_18_1673x2344_3280x4792_zoom.jpg,2026-01-31,2026-02-06,https://res.cloudinary.com/dfqzmnlga/image/upload/v1770039839/2026-01-31/10944186.jpg,Chocolate Fudge Brownie is,"✨ Choco-fudge-brownie-queen, with a twist of sweetness and a dash of flair. 🍫"
10944188,45.0,Ben & Jerry's,Is,Cookie Dough is,1,0,bg.,Netto,https://static.tilbudsugen.dk/1st-retail/2026/6/64540/Netto062026-1_18_1673x2344_3280x4792_zoom.jpg,2026-01-31,2026-02-06,https://res.cloudinary.com/dfqzmnlga/image/upload/v1770039840/2026-01-31/10944188.jpg,Cookie Dough is,"Sugary, sweet, and slightly messy — I'm Cookie Dough is. 🍪"
10944185,45.0,Ben & Jerry's,Is,Caramel Brownie Party is,1,0,bg.,Netto,https://static.tilbudsugen.dk/1st-retail/2026/6/64540/Netto062026-1_18_1673x2344_3280x4792_zoom.jpg,2026-01-31,2026-02-06,https://res.cloudinary.com/dfqzmnlga/image/upload/v1770039840/2026-01-31/10944185.jpg,Caramel Brownie Party is,"✨ Caramel Brownie Party is the ultimate treat that brings joy, flavor, and a little chaos to every bite! 🍪"
10944189,45.0,Ben & Jerry's,Is,Half Baked is,1,0,bg.,Netto,https://static.tilbudsugen.dk/1st-retail/2026/6/64540/Netto062026-1_18_1673x2344_3280x4792_zoom.jpg,2026-01-31,2026-02-06,https://res.cloudinary.com/dfqzmnlga/image/upload/v1770039841/2026-01-31/10944189.jpg,Half Baked is,"✨ Half Baked is a little chaotic, but always full of flavor! ✨"
10944184,45.0,Ben & Jerry's,Is,Brookieees & Cream Is,1,0,bg.,Netto,https://static.tilbudsugen.dk/1st-retail/2026/6/64540/Netto062026-1_18_1673x2344_3280x4792_zoom.jpg,2026-01-31,2026-02-06,https://res.cloudinary.com/dfqzmnlga/image/upload/v1770039845/2026-01-31/10944184.jpg,Brookiees & Cream Is,"Sip on the sweetest flavor, brookiees & cream is my favorite! 🍯"
10944404,39.0,ECO,Bodylotion,Bodylotion,1,0,stk.,Netto,https://static.tilbudsugen.dk/1st-retail/2026/6/64540/Netto062026-1_25_3273x2796_4927x4910_zoom.jpg,2026-01-31,2026-02-06,https://res.cloudinary.com/dfqzmnlga/image/upload/v1770039856/2026-01-31/10944404.jpg,Body lotion,✨ Hydrate your skin with a touch of magic—because even the most seasoned explorer needs a little extra care. ✨
10944253,99.0,Urtekram,Olier,Olivenolie,1,1,fl.,Netto,https://static.tilbudsugen.dk/1st-retail/2026/6/64540/Netto062026-1_23_3246x4839_4910x6874_zoom.jpg,2026-01-31,2026-02-06,https://res.cloudinary.com/dfqzmnlga/image/upload/v1770039876/2026-01-31/10944253.jpg,Olive oil,"Golden liquid love, simmered with warmth and flavor. 🍞"
10944389,15.0,Fila,Deodorant,Deospray,1,0,fl.,Netto,https://static.tilbudsugen.dk/1st-retail/2026/6/64540/Netto062026-1_25_35x2751_1698x4901_zoom.jpg,2026-01-31,2026-02-06,https://res.cloudinary.com/dfqzmnlga/image/upload/v1770039876/2026-01-31/10944389.jpg,Deospray,✨ Spray that smell out of your life! ✨
10944077,10.0,ØGO,Madlavningsost,Mozzarella,1,0,ps.,Netto,https://static.tilbudsugen.dk/1st-retail/2026/6/64540/Netto062026-1_7_3671x5122_4954x6874_zoom.jpg,2026-01-31,2026-02-06,https://res.cloudinary.com/dfqzmnlga/image/upload/v1770039877/2026-01-31/10944077.jpg,Mozzarella,"Melt-in-your-mouth perfection, ready to conquer any flavor adventure 🧀"
10944155,20.0,Mamma,Færdigretter Køl,Pandekager med Hytteost og Kakao,1,0,ps.,Netto,https://static.tilbudsugen.dk/1st-retail/2026/6/64540/Netto062026-1_17_1651x708_3332x2853_zoom.jpg,2026-01-31,2026-02-06,https://res.cloudinary.com/dfqzmnlga/image/upload/v1770039878/2026-01-31/10944155.jpg,Pancakes with Cabin Cheese and Cocoa,✨ Pancakes with Cabin Cheese and Cocoa — the perfect blend of sweet and cozy. 🥞
10944201,20.0,La Campagna,Madlavningsost,Revet ost Mozzarella,1,0,ps.,Netto,https://static.tilbudsugen.dk/1st-retail/2026/6/64540/Netto062026-1_19_2720x162_4814x1651_zoom.jpg,2026-01-31,2026-02-06,https://res.cloudinary.com/dfqzmnlga/image/upload/v1770039878/2026-01-31/10944201.jpg,Reefed cheese Mozzarella,"A salty, tangy adventure in every bite, 🌊🧀"
10944154,20.0,Mamma,Færdigretter Køl,Pandekager med Hytteost og Banan,1,0,ps.,Netto,https://static.tilbudsugen.dk/1st-retail/2026/6/64540/Netto062026-1_17_1651x708_3332x2853_zoom.jpg,2026-01-31,2026-02-06,https://res.cloudinary.com/dfqzmnlga/image/upload/v1770039879/2026-01-31/10944154.jpg,Pancakes with Cabin Cheese and Banana,Toast to breakfast! 🥞 🍌
10944170,20.0,Sereno,Snacknødder & Nøddeblandinger,Festivalmix Nødder,1,0,ps.,Netto,https://static.tilbudsugen.dk/1st-retail/2026/6/64540/Netto062026-1_21_2424x2477_4803x4724_zoom.jpg,2026-01-31,2026-02-06,https://res.cloudinary.com/dfqzmnlga/image/upload/v1770039880/2026-01-31/10944170.jpg,Festivalmix Nuts,✨ Snack your way through the chaos with Festivalmix Nuts! 🌟
10944192,25.0,Premieur,Fastfoodbrød,Brioche Burgerboller Pretzel Style,1,0,pk.,Netto,https://static.tilbudsugen.dk/1st-retail/2026/6/64540/Netto062026-1_18_3258x2389_4924x4873_zoom.jpg,2026-01-31,2026-02-06,https://res.cloudinary.com/dfqzmnlga/image/upload/v1770039881/2026-01-31/10944192.jpg,Brioche Burger Balls Pretzel Style,"Soft, chewy, and delicious—perfect for a quick snack or a bold bite. 🍞"
10944044,13.0,ØGO,Saucer,Tomatpesto,1,0,gl.,Netto,https://static.tilbudsugen.dk/1st-retail/2026/6/64540/Netto062026-1_5_53x3565_1725x5264_zoom.jpg,2026-01-31,2026-02-06,https://res.cloudinary.com/dfqzmnlga/image/upload/v1770039882/2026-01-31/10944044.jpg,Tomato pesto,Savor the flavor of simplicity with a dash of creativity 🍅🌿
10944034,13.0,ØGO,Saucer,Basilikum Pesto,1,0,gl.,Netto,https://static.tilbudsugen.dk/1st-retail/2026/6/64540/Netto062026-1_5_53x3565_1725x5264_zoom.jpg,2026-01-31,2026-02-06,https://res.cloudinary.com/dfqzmnlga/image/upload/v1770039883/2026-01-31/10944034.jpg,Basil Pesto,🌿 Spritz your day with a sprinkle of flavor and a dash of excitement—Basil Pesto is here to make every bite a little more vibrant!
10944286,20.0,Dinner Kitt,Færdigretter,Turkish Dürum,1,0,pk.,Netto,https://static.tilbudsugen.dk/1st-retail/2026/6/64540/Netto062026-1_23_2450x2663_4936x4857_zoom.jpg,2026-01-31,2026-02-06,https://res.cloudinary.com/dfqzmnlga/image/upload/v1770039884/2026-01-31/10944286.jpg,Turkish Dürum,Turkish Dürum: The ultimate flavor of chaos and delight 🌍✨
10944074,69.0,Velsmag,Oksekød,Hakket oksekød 8-12%,1,0,ps.,Netto,https://static.tilbudsugen.dk/1st-retail/2026/6/64540/Netto062026-1_13_29x4859_2433x6842_zoom.jpg,2026-01-31,2026-02-06,https://res.cloudinary.com/dfqzmnlga/image/upload/v1770039885/2026-01-31/10944074.jpg,Minced beef 8-12 per cent,"🔥 Flavorful, fiery, and perfectly seasoned—just like your next great meal! 🍳"
10944088,16.0,Klovborg,Skiveost,Skiveost Mild & Cremet Vestbo,1,0,pk.,Netto,https://static.tilbudsugen.dk/1st-retail/2026/6/64540/Netto062026-1_14_37x2861_2654x4645_zoom.jpg,2026-01-31,2026-02-06,https://res.cloudinary.com/dfqzmnlga/image/upload/v1770039885/2026-01-31/10944088.jpg,Skiveost Mild & Creamt Vestbo,"✨ Whisked in cream and mild, I'm the perfect companion for any lazy day. 🌟"
10944091,16.0,Klovborg,Skiveost,Skiveost Sød & Nøddeagtig Svensø,1,0,pk.,Netto,https://static.tilbudsugen.dk/1st-retail/2026/6/64540/Netto062026-1_14_37x2861_2654x4645_zoom.jpg,2026-01-31,2026-02-06,https://res.cloudinary.com/dfqzmnlga/image/upload/v1770039886/2026-01-31/10944091.jpg,Skiveost Sweet & Nutty Svensø,"Savory, sweet, and slightly nutty—perfect for a morning snack or a quick pick-me-up! 🍫"
10944090,16.0,Klovborg,Skiveost,Skiveost Danbo Mellemlagret,1,0,pk.,Netto,https://static.tilbudsugen.dk/1st-retail/2026/6/64540/Netto062026-1_14_37x2861_2654x4645_zoom.jpg,2026-01-31,2026-02-06,https://res.cloudinary.com/dfqzmnlga/image/upload/v1770039886/2026-01-31/10944090.jpg,Skiveost Danbo Intermediate stock,Skiveost Danbo Intermediate stock: The ultimate multitasker who never misses a chance to dominate the day. 🌟
10944209,20.0,Max,Chips,Sour Cream & Onion Chips,1,0,ps.,Netto,https://static.tilbudsugen.dk/1st-retail/2026/6/64540/Netto062026-1_22_9x2813_1743x4875_zoom.jpg,2026-01-31,2026-02-06,https://res.cloudinary.com/dfqzmnlga/image/upload/v1770039886/2026-01-31/10944209.jpg,Sour Cream & Onion Chips,"Sour Cream & Onion Chips: Crunchy, creamy, and utterly addictive. 🍬"
10944207,20.0,Max,Chips,Salt Chips,1,0,ps.,Netto,https://static.tilbudsugen.dk/1st-retail/2026/6/64540/Netto062026-1_22_9x2813_1743x4875_zoom.jpg,2026-01-31,2026-02-06,https://res.cloudinary.com/dfqzmnlga/image/upload/v1770039887/2026-01-31/10944207.jpg,Salt Chips,"Crunchy salt chips that make your taste buds dance — salty, fresh, and perfectly crispy. 🍺✨"
10943952,12.0,Gul bordpak,"Pålæg, skiveskåret",Jægerpølse - Den lette,1,0,pk.,Netto,https://static.tilbudsugen.dk/1st-retail/2026/6/64540/Netto062026-1_2_2415x35_4927x2477_zoom.jpg,2026-01-31,2026-02-06,https://res.cloudinary.com/dfqzmnlga/image/upload/v1770039887/2026-01-31/10943952.jpg,Hunter Sausage - The Easy,🔥 Savor the hunt with every bite—because every sausage deserves a thrilling tale. 🥩
10943953,12.0,Gul bordpak,"Pålæg, skiveskåret",Kødpølse - Den lette,1,0,pk.,Netto,https://static.tilbudsugen.dk/1st-retail/2026/6/64540/Netto062026-1_2_2415x35_4927x2477_zoom.jpg,2026-01-31,2026-02-06,https://res.cloudinary.com/dfqzmnlga/image/upload/v1770039888/2026-01-31/10943953.jpg,Meat Sausage - The Light,"Sizzling with flavor, I'm the light that brings the heat to your meal! 🍔🔥"
10944149,35.0,Slagter Lampe,300 g - 599 g Normalpakke Pølser,Kålpølser,1,0,pk.,Netto,https://static.tilbudsugen.dk/1st-retail/2026/6/64540/Netto062026-1_16_52x4851_2455x6864_zoom.jpg,2026-01-31,2026-02-06,https://res.cloudinary.com/dfqzmnlga/image/upload/v1770039888/2026-01-31/10944149.jpg,Cabbage sausages,"Savory, smoky, and spicy—perfect for a cozy dinner party! 🥦 sausage 🥕"
10944057,22.0,ØGO,Madlavningsost,Grillost,1,0,pk.,Netto,https://static.tilbudsugen.dk/1st-retail/2026/6/64540/Netto062026-1_6_3158x4928_4910x6857_zoom.jpg,2026-01-31,2026-02-06,https://res.cloudinary.com/dfqzmnlga/image/upload/v1770039890/2026-01-31/10944057.jpg,Barbecue cheese,"🔥 Spicy, smoky, and perfectly bold – my BBQ cheese is the ultimate flavor explosion! 🍛"
10944210,20.0,Bugles,Snacks,Bugles Original,1,0,ps.,Netto,https://static.tilbudsugen.dk/1st-retail/2026/6/64540/Netto062026-1_22_9x2813_1743x4875_zoom.jpg,2026-01-31,2026-02-06,https://res.cloudinary.com/dfqzmnlga/image/upload/v1770039891/2026-01-31/10944210.jpg,Bugles Original,🎵Bugles Original 🎵 - The sound that makes your day just a little more exciting. 🌟
10944372,79.0,Malibu,Rom,Rom,1,0,fl.,Netto,https://static.tilbudsugen.dk/1st-retail/2026/6/64540/Netto062026-1_24_1690x4760_3264x6857_zoom.jpg,2026-01-31,2026-02-06,https://res.cloudinary.com/dfqzmnlga/image/upload/v1770039892/2026-01-31/10944372.jpg,Rome,Rome: Where every corner tells a story and every street is a secret. 🗺️
10944360,79.0,Pure Vodka,Vodka,Vodka,1,0,fl.,Netto,https://static.tilbudsugen.dk/1st-retail/2026/6/64540/Netto062026-1_24_1690x4760_3264x6857_zoom.jpg,2026-01-31,2026-02-06,https://res.cloudinary.com/dfqzmnlga/image/upload/v1770039893/2026-01-31/10944360.jpg,Vodka,"✨ Vodka: The night bartender, the midnight muse, and the one who knows your secrets. 🍸"
10944132,32.0,MilkSlice,Mellemmåltider,Cool Snacks,1,0,pk.,Netto,https://static.tilbudsugen.dk/1st-retail/2026/6/64540/Netto062026-1_15_3258x2462_4946x4696_zoom.jpg,2026-01-31,2026-02-06,https://res.cloudinary.com/dfqzmnlga/image/upload/v1770039893/2026-01-31/10944132.jpg,Cool Snacks,✨ Snackie surprises for your taste buds! ✨
10944202,20.0,Lays,Chips,Barbecue Flavour Chips,1,0,ps.,Netto,https://static.tilbudsugen.dk/1st-retail/2026/6/64540/Netto062026-1_22_9x2813_1743x4875_zoom.jpg,2026-01-31,2026-02-06,https://res.cloudinary.com/dfqzmnlga/image/upload/v1770039894/2026-01-31/10944202.jpg,Barbecue Flavour Chips,"🔥 Crispy, smoky, and spicy—perfect for a midnight snack or a bold flavor twist! 🌟"
10944190,139.0,Original,Kaffe,Kaffe Formalet,1,1,pk.,Netto,https://static.tilbudsugen.dk/1st-retail/2026/6/64540/Netto062026-1_22_1610x4769_3344x6883_zoom.jpg,2026-01-31,2026-02-06,https://res.cloudinary.com/dfqzmnlga/image/upload/v1770039894/2026-01-31/10944190.jpg,Coffee Painted,"✨ Coffee Painted, where every cup is a masterpiece of flavor and whimsy! 🌟"
10944191,139.0,Mellemristet,Kaffe,Kaffe Formalet,1,1,ps.,Netto,https://static.tilbudsugen.dk/1st-retail/2026/6/64540/Netto062026-1_22_1610x4769_3344x6883_zoom.jpg,2026-01-31,2026-02-06,https://res.cloudinary.com/dfqzmnlga/image/upload/v1770039895/2026-01-31/10944191.jpg,Coffee Painted,"☕️ Painted with coffee, I’m the ultimate mood booster—perfect for when you need a little extra flair in your day."
10944152,35.0,Slagter Lampe,Pålægspølser,Sønderjysk Spegepølse,1,0,stk.,Netto,https://static.tilbudsugen.dk/1st-retail/2026/6/64540/Netto062026-1_16_52x4851_2455x6864_zoom.jpg,2026-01-31,2026-02-06,https://res.cloudinary.com/dfqzmnlga/image/upload/v1770039896/2026-01-31/10944152.jpg,Sønderjysk Salsify,"✨ A flavor that dances on your tongue, blending earthy sweetness with a hint of spice—perfect for any occasion! ✨"
10944151,35.0,Slagter Lampe,Pålægspølser,Kartoffelspegepølse,1,0,stk.,Netto,https://static.tilbudsugen.dk/1st-retail/2026/6/64540/Netto062026-1_16_52x4851_2455x6864_zoom.jpg,2026-01-31,2026-02-06,https://res.cloudinary.com/dfqzmnlga/image/upload/v1770039896/2026-01-31/10944151.jpg,Potato sausage,"🔥 Spicy sausage that's as much fun as a good story — ready to roast, eat, or just enjoy the heat! 🌟"
10944208,20.0,Doritos,Chips,Nacho Cheese Chips,1,0,ps.,Netto,https://static.tilbudsugen.dk/1st-retail/2026/6/64540/Netto062026-1_22_9x2813_1743x4875_zoom.jpg,2026-01-31,2026-02-06,https://res.cloudinary.com/dfqzmnlga/image/upload/v1770039897/2026-01-31/10944208.jpg,Nacho Cheese Chips,"🔥 Spicy, salty, and ready to conquer your taste buds! 🌟"
10944175,25.0,Sereno,Snacknødder & Nøddeblandinger,Studenter Mix,1,0,ps.,Netto,https://static.tilbudsugen.dk/1st-retail/2026/6/64540/Netto062026-1_21_150x4724_2415x6768_zoom.jpg,2026-01-31,2026-02-06,https://res.cloudinary.com/dfqzmnlga/image/upload/v1770039898/2026-01-31/10944175.jpg,Students Mix,Student Mix 🌟 - The ultimate blend of brains and brawn!
10944173,25.0,Sereno,Snacknødder & Nøddeblandinger,Snackmix Spicy,1,0,ps.,Netto,https://static.tilbudsugen.dk/1st-retail/2026/6/64540/Netto062026-1_21_150x4724_2415x6768_zoom.jpg,2026-01-31,2026-02-06,https://res.cloudinary.com/dfqzmnlga/image/upload/v1770039898/2026-01-31/10944173.jpg,Snackmix Spicy,🔥 Spicy snack that makes every bite a thrill! 🍽️
10944150,25.0,Sereno,Snacknødder & Nøddeblandinger,Snackmix Hvidløg,1,0,ps.,Netto,https://static.tilbudsugen.dk/1st-retail/2026/6/64540/Netto062026-1_21_150x4724_2415x6768_zoom.jpg,2026-01-31,2026-02-06,https://res.cloudinary.com/dfqzmnlga/image/upload/v1770039898/2026-01-31/10944150.jpg,Snack mix Garlic,Savory snack that brings flavor to any meal 🍽️
10944211,22.0,Premieur,Pålægspølser,Chorizo,1,0,stk.,Netto,https://static.tilbudsugen.dk/1st-retail/2026/6/64540/Netto062026-1_19_44x3524_3229x5043_zoom.jpg,2026-01-31,2026-02-06,https://res.cloudinary.com/dfqzmnlga/image/upload/v1770039899/2026-01-31/10944211.jpg,Chorizo,"🔥 Spicy, bold, and ready to ignite your taste buds—chorizo is the flavor that never says 'no'! 🌟"
10944082,52.0,Castello,Skæreost,Havarti,1,0,stk.,Netto,https://static.tilbudsugen.dk/1st-retail/2026/6/64540/Netto062026-1_14_2558x4800_4998x6849_zoom.jpg,2026-01-31,2026-02-06,https://res.cloudinary.com/dfqzmnlga/image/upload/v1770039899/2026-01-31/10944082.jpg,Havarti,"Cheesy, creamy, and perfectly crumbled – I'm the ultimate comfort food. 🧀"
10944214,24.0,Marabou,Småkager,Mjölk Choklad XL Cookies,1,0,ps.,Netto,https://static.tilbudsugen.dk/1st-retail/2026/6/64540/Netto062026-1_22_2468x1106_4954x2858_zoom.jpg,2026-01-31,2026-02-06,https://res.cloudinary.com/dfqzmnlga/image/upload/v1770039900/2026-01-31/10944214.jpg,Mjölk Choklad XL Cookies,"Mjölk Choklad XL Cookies: Satisfy your cravings with a sweet, creamy treat that's as big as your appetite! 🍪"
10944216,24.0,Marabou,Småkager,Daim XL Cookies,1,0,ps.,Netto,https://static.tilbudsugen.dk/1st-retail/2026/6/64540/Netto062026-1_22_2468x1106_4954x2858_zoom.jpg,2026-01-31,2026-02-06,https://res.cloudinary.com/dfqzmnlga/image/upload/v1770039900/2026-01-31/10944216.jpg,Daim XL Cookies,"✨ Baking bombs with a side of chaos, ready to explode your day! 🍪"
10944217,24.0,Marabou,Småkager,Mjölk Choklad XL Cookies,1,0,ps.,Netto,https://static.tilbudsugen.dk/1st-retail/2026/6/64540/Netto062026-1_22_2468x1106_4954x2858_zoom.jpg,2026-01-31,2026-02-06,https://res.cloudinary.com/dfqzmnlga/image/upload/v1770039901/2026-01-31/10944217.jpg,Mjölk Choklad XL Cookies,"Savory, creamy, and slightly cheesy — perfect for a midnight snack or a cozy afternoon treat 🍪✨"
10944145,20.0,Sereno,Snacknødder & Nøddeblandinger,Salted Cashews,1,0,ps.,Netto,https://static.tilbudsugen.dk/1st-retail/2026/6/64540/Netto062026-1_21_2424x2477_4803x4724_zoom.jpg,2026-01-31,2026-02-06,https://res.cloudinary.com/dfqzmnlga/image/upload/v1770039901/2026-01-31/10944145.jpg,Salted Cashews,"Crunchy, salty, and ready to elevate any snack—just ask me what I’m made of. 🍵"
10943955,12.0,Gul bordpak,"Pålæg, skiveskåret",Oksespegepølse,1,0,pk.,Netto,https://static.tilbudsugen.dk/1st-retail/2026/6/64540/Netto062026-1_2_2415x35_4927x2477_zoom.jpg,2026-01-31,2026-02-06,https://res.cloudinary.com/dfqzmnlga/image/upload/v1770039903/2026-01-31/10943955.jpg,Beef-pearled sausage,"Sizzle your day with a bite of bold flavor—beef-pearled sausage, ready to ignite your taste buds! 🍔🔥"
10944130,32.0,Pingui,Mellemmåltider,Cool Snacks,1,0,pk.,Netto,https://static.tilbudsugen.dk/1st-retail/2026/6/64540/Netto062026-1_15_3258x2462_4946x4696_zoom.jpg,2026-01-31,2026-02-06,https://res.cloudinary.com/dfqzmnlga/image/upload/v1770039904/2026-01-31/10944130.jpg,Cool Snacks,"✨ Snack your day with flavor, vibe, and a dash of fun! ✨"
10944006,24.0,Them Ost,Skiveost,Skiveost Guld Mellemlagret,1,0,pk.,Netto,https://static.tilbudsugen.dk/1st-retail/2026/6/64540/Netto062026-1_4_1610x5167_3273x6857_zoom.jpg,2026-01-31,2026-02-06,https://res.cloudinary.com/dfqzmnlga/image/upload/v1770039905/2026-01-31/10944006.jpg,Skiveost Gold Intermediate stock,"✨ Skiveost Gold Intermediate stock: The ultimate boost for your brain and mood, ready to conquer any challenge! 🌟"
10944003,24.0,Them Ost,Skiveost,Skiveost Fætter Kras,1,0,bk.,Netto,https://static.tilbudsugen.dk/1st-retail/2026/6/64540/Netto062026-1_4_1610x5167_3273x6857_zoom.jpg,2026-01-31,2026-02-06,https://res.cloudinary.com/dfqzmnlga/image/upload/v1770039906/2026-01-31/10944003.jpg,Skiveost Cousin Kras,Skiveost Cousin Kras: The one who always skips the chores and talks about the weather. 🌤️
10944007,24.0,Them Ost,Skiveost,Skiveost Mini Mellemlagret,1,0,bk.,Netto,https://static.tilbudsugen.dk/1st-retail/2026/6/64540/Netto062026-1_4_1610x5167_3273x6857_zoom.jpg,2026-01-31,2026-02-06,https://res.cloudinary.com/dfqzmnlga/image/upload/v1770039907/2026-01-31/10944007.jpg,Skiveost Mini Intermediate stock,✨ Skiveost Mini Intermediate stock: The ultimate flavor boost for any snack or snack-sized meal! 🍽️
10944012,24.0,Them Ost,Skiveost,Skiveost Mild Havarti,1,0,bk.,Netto,https://static.tilbudsugen.dk/1st-retail/2026/6/64540/Netto062026-1_4_1610x5167_3273x6857_zoom.jpg,2026-01-31,2026-02-06,https://res.cloudinary.com/dfqzmnlga/image/upload/v1770039907/2026-01-31/10944012.jpg,Slicing cheese Mild Havarti,"Slice cheese, slice life, and let the flavor speak for itself 🍬"
10944005,24.0,Them Ost,Skiveost,Skiveost Gudensø Gouda,1,0,pk.,Netto,https://static.tilbudsugen.dk/1st-retail/2026/6/64540/Netto062026-1_4_1610x5167_3273x6857_zoom.jpg,2026-01-31,2026-02-06,https://res.cloudinary.com/dfqzmnlga/image/upload/v1770039909/2026-01-31/10944005.jpg,Skiveost Gudensø Gouda,✨ Cheese lover with a knack for making things better ✨
10944061,55.0,ØGO,Oksekød,Hakket oksekød 8-12%,1,0,ps.,Netto,https://static.tilbudsugen.dk/1st-retail/2026/6/64540/Netto062026-1_7_1247x1398_2592x3123_zoom.jpg,2026-01-31,2026-02-06,https://res.cloudinary.com/dfqzmnlga/image/upload/v1770039915/2026-01-31/10944061.jpg,Minced beef 8-12 per cent,"🔥 Choppy and tasty, I'm the cut of meat that's just right for a quick, hearty meal! 🍗"
10944238,50.0,Big Ben,Slik,Karameller Blandede,1,0,ps.,Netto,https://static.tilbudsugen.dk/1st-retail/2026/6/64540/Netto062026-1_20_1703x4564_3354x6879_zoom.jpg,2026-01-31,2026-02-06,https://res.cloudinary.com/dfqzmnlga/image/upload/v1770039915/2026-01-31/10944238.jpg,Caramel Mixed,"✨ Caramel Mixed: Sweet, spicy, and just perfect for a midnight snack. 🍫"
10944183,29.0,Sereno,Snacknødder & Nøddeblandinger,Pistacienødder Usaltet,1,0,ps.,Netto,https://static.tilbudsugen.dk/1st-retail/2026/6/64540/Netto062026-1_21_2362x4565_4848x6803_zoom.jpg,2026-01-31,2026-02-06,https://res.cloudinary.com/dfqzmnlga/image/upload/v1770039916/2026-01-31/10944183.jpg,Pistachios Unsalted,✨ Light up your day with a sprinkle of nutty joy! ✨
10944148,29.0,Sereno,Snacknødder & Nøddeblandinger,Nøddemix,1,0,ps.,Netto,https://static.tilbudsugen.dk/1st-retail/2026/6/64540/Netto062026-1_21_2362x4565_4848x6803_zoom.jpg,2026-01-31,2026-02-06,https://res.cloudinary.com/dfqzmnlga/image/upload/v1770039916/2026-01-31/10944148.jpg,Nut mix,"Mixing flavors, one bite at a time 🍽️"
10944181,29.0,Sereno,Snacknødder & Nøddeblandinger,Nøddemix Usaltet,1,0,ps.,Netto,https://static.tilbudsugen.dk/1st-retail/2026/6/64540/Netto062026-1_21_2362x4565_4848x6803_zoom.jpg,2026-01-31,2026-02-06,https://res.cloudinary.com/dfqzmnlga/image/upload/v1770039917/2026-01-31/10944181.jpg,Nut mix Unsalted,✨ Snack on the flavor without the salt — just pure nut joy! ✨
10944287,20.0,Dinner Kitt,Risretter,Mexican Tacos,1,0,pk.,Netto,https://static.tilbudsugen.dk/1st-retail/2026/6/64540/Netto062026-1_23_2450x2663_4936x4857_zoom.jpg,2026-01-31,2026-02-06,https://res.cloudinary.com/dfqzmnlga/image/upload/v1770039918/2026-01-31/10944287.jpg,Mexican Tacos,Savor the flavor of a world in a single bite 🌮
10944392,25.0,Raakraft,Hundefoder,Hundesnacks,1,0,ps.,Netto,https://static.tilbudsugen.dk/1st-retail/2026/6/64540/Netto062026-1_26_1607x1836_3229x5102_zoom.jpg,2026-01-31,2026-02-06,https://res.cloudinary.com/dfqzmnlga/image/upload/v1770039918/2026-01-31/10944392.jpg,Dog snacks,🐾 Treat your dog to some sweet treats—because they're the best friends you'll ever have!
10944043,89.0,Velsmag,Fersk fisk,Lakseside,1,0,pk.,Netto,https://static.tilbudsugen.dk/1st-retail/2026/6/64540/Netto062026-1_12_59x686_1887x2448_zoom.jpg,2026-01-31,2026-02-06,https://res.cloudinary.com/dfqzmnlga/image/upload/v1770039918/2026-01-31/10944043.jpg,Salmonside,✨ Salmonside: Where ocean flavors meet your plate! 🐟
10943954,12.0,Gul bordpak,"Pålæg, skiveskåret",Røget Medister,1,0,pk.,Netto,https://static.tilbudsugen.dk/1st-retail/2026/6/64540/Netto062026-1_2_2415x35_4927x2477_zoom.jpg,2026-01-31,2026-02-06,https://res.cloudinary.com/dfqzmnlga/image/upload/v1770039921/2026-01-31/10943954.jpg,Smoked Medists,"Smoked Medists: Savor the smoky, savory thrill of life, 🍴✨"
10944218,24.0,Marabou,Småkager,Home Style Chocolate Filled Cookies,1,0,pk.,Netto,https://static.tilbudsugen.dk/1st-retail/2026/6/64540/Netto062026-1_22_2468x1106_4954x2858_zoom.jpg,2026-01-31,2026-02-06,https://res.cloudinary.com/dfqzmnlga/image/upload/v1770039924/2026-01-31/10944218.jpg,Home Style Chocolate Filled Cookies,"✨ Chocolatey bliss, wrapped in a cookie — perfect for any occasion! 🍪"
10944219,24.0,Marabou,Småkager,Home Style Soft Inside Cookies,1,0,pk.,Netto,https://static.tilbudsugen.dk/1st-retail/2026/6/64540/Netto062026-1_22_2468x1106_4954x2858_zoom.jpg,2026-01-31,2026-02-06,https://res.cloudinary.com/dfqzmnlga/image/upload/v1770039925/2026-01-31/10944219.jpg,Home Style Soft Inside Cookies,"Soft, buttery, and just perfect for a cozy snack—*Home Style Soft Inside Cookies* 🍪"
10944220,24.0,Marabou,Småkager,Home Style Oreo Cookies,1,0,pk.,Netto,https://static.tilbudsugen.dk/1st-retail/2026/6/64540/Netto062026-1_22_2468x1106_4954x2858_zoom.jpg,2026-01-31,2026-02-06,https://res.cloudinary.com/dfqzmnlga/image/upload/v1770039926/2026-01-31/10944220.jpg,Home Style Oreo Cookies,"Savor the crunch of home-style cookies, one bite at a time 🍪"
10944393,35.0,Colgate,Tandpleje,Tandpasta,1,0,pk.,Netto,https://static.tilbudsugen.dk/1st-retail/2026/6/64540/Netto062026-1_25_1681x2787_3326x4892_zoom.jpg,2026-01-31,2026-02-06,https://res.cloudinary.com/dfqzmnlga/image/upload/v1770039927/2026-01-31/10944393.jpg,Toothpaste,"✨ Brushing away doubts, one smear at a time!"
10944060,39.0,ØGO,Oksekød,Hakkebøffer,1,0,bk.,Netto,https://static.tilbudsugen.dk/1st-retail/2026/6/64540/Netto062026-1_6_44x4946_1690x6892_zoom.jpg,2026-01-31,2026-02-06,https://res.cloudinary.com/dfqzmnlga/image/upload/v1770039927/2026-01-31/10944060.jpg,Chick steaks,"🔥Sizzling with flavor, ready to ignite your taste buds! 🍳"
10944255,49.0,Peanutbutter Pusheren,Diverse kolonial,Mandelsmør,1,0,bg.,Netto,https://static.tilbudsugen.dk/1st-retail/2026/6/64540/Netto062026-1_23_1637x5264_3317x6883_zoom.jpg,2026-01-31,2026-02-06,https://res.cloudinary.com/dfqzmnlga/image/upload/v1770039928/2026-01-31/10944255.jpg,Almond butter,"Smooth, creamy, and slightly nutty—perfect for spreading on toast or blending into a latte. 🍬"
10944193,165.0,Qualita Oro,Kaffe,Kaffebønner,1,1,ps.,Netto,https://static.tilbudsugen.dk/1st-retail/2026/6/64540/Netto062026-1_22_3255x4786_4883x6883_zoom.jpg,2026-01-31,2026-02-06,https://res.cloudinary.com/dfqzmnlga/image/upload/v1770039928/2026-01-31/10944193.jpg,Coffee beans,"☕ Brewed to inspire, one cup at a time. 🌟"
10944196,165.0,Tierra,Kaffe,Kaffebønner,1,1,pk.,Netto,https://static.tilbudsugen.dk/1st-retail/2026/6/64540/Netto062026-1_22_3255x4786_4883x6883_zoom.jpg,2026-01-31,2026-02-06,https://res.cloudinary.com/dfqzmnlga/image/upload/v1770039928/2026-01-31/10944196.jpg,Coffee beans,☕️ The world needs a better cup of chaos.
10944045,149.0,Velsmag,Oksekød,Okseentrecotes,1,0,bk.,Netto,https://static.tilbudsugen.dk/1st-retail/2026/6/64540/Netto062026-1_12_2978x686_4858x2455_zoom.jpg,2026-01-31,2026-02-06,https://res.cloudinary.com/dfqzmnlga/image/upload/v1770039929/2026-01-31/10944045.jpg,Oxeentrecottes,Oxeentrecottes: The ultimate snack that makes every day feel like a celebration 🌟
10944200,20.0,Chewit,Slik,Slikposer,1,0,ps.,Netto,https://static.tilbudsugen.dk/1st-retail/2026/6/64540/Netto062026-1_22_1645x2805_3308x4822_zoom.jpg,2026-01-31,2026-02-06,https://res.cloudinary.com/dfqzmnlga/image/upload/v1770039929/2026-01-31/10944200.jpg,Candy bags,"Candy bags: the ultimate sweet escape, filled with joy and surprise! 🍬"
10944063,20.0,ØGO,Bacon,Baconskiver,1,0,pk.,Netto,https://static.tilbudsugen.dk/1st-retail/2026/6/64540/Netto062026-1_7_1265x3291_2521x4990_zoom.jpg,2026-01-31,2026-02-06,https://res.cloudinary.com/dfqzmnlga/image/upload/v1770039930/2026-01-31/10944063.jpg,Bacon washers,"Bacon washers: Clean your cravings, one sizzle at a time 🍬🧼"
10944205,22.0,Premieur,"Pålæg, skiveskåret",Carpaccio,1,0,pk.,Netto,https://static.tilbudsugen.dk/1st-retail/2026/6/64540/Netto062026-1_19_44x3524_3229x5043_zoom.jpg,2026-01-31,2026-02-06,https://res.cloudinary.com/dfqzmnlga/image/upload/v1770039932/2026-01-31/10944205.jpg,Carpaccio,"Served fresh, sharp, and stunning—like a masterpiece. 🍵"
10944395,12.0,Dreamies,Kattefoder,Kattesnacks,1,0,pk.,Netto,https://static.tilbudsugen.dk/1st-retail/2026/6/64540/Netto062026-1_26_29x1895_1614x4652_zoom.jpg,2026-01-31,2026-02-06,https://res.cloudinary.com/dfqzmnlga/image/upload/v1770039932/2026-01-31/10944395.jpg,Cat snacks,✨ Snack time for the cat who loves to play! 🐾
10944399,12.0,Ranchos,Hundefoder,Hundesnacks,1,0,ps.,Netto,https://static.tilbudsugen.dk/1st-retail/2026/6/64540/Netto062026-1_26_29x1895_1614x4652_zoom.jpg,2026-01-31,2026-02-06,https://res.cloudinary.com/dfqzmnlga/image/upload/v1770039933/2026-01-31/10944399.jpg,Dog snacks,"Bark at the chaos, snack on the fun—just don't forget to chew! 🐾"
10944187,30.0,Spangsberg,Flødeboller,Flødeboller Petit,1,0,bk.,Netto,https://static.tilbudsugen.dk/1st-retail/2026/6/64540/Netto062026-1_22_0x4698_1592x6892_zoom.jpg,2026-01-31,2026-02-06,https://res.cloudinary.com/dfqzmnlga/image/upload/v1770039933/2026-01-31/10944187.jpg,Creamballs Petit,"Savor the creamy, sweet bliss of creamballs petit, with a hint of whimsy and a sprinkle of joy. 🍫"
10944026,15.0,ØGO,"Pålæg, skiveskåret",Rullepølse,1,0,pk.,Netto,https://static.tilbudsugen.dk/1st-retail/2026/6/64540/Netto062026-1_5_2707x97_4910x1902_zoom.jpg,2026-01-31,2026-02-06,https://res.cloudinary.com/dfqzmnlga/image/upload/v1770039933/2026-01-31/10944026.jpg,Roller sausage,"🔥 Sausage that rolls, flavor that flies! 🐕"
10944027,15.0,ØGO,"Pålæg, skiveskåret",Spegepølse,1,0,pk.,Netto,https://static.tilbudsugen.dk/1st-retail/2026/6/64540/Netto062026-1_5_2707x97_4910x1902_zoom.jpg,2026-01-31,2026-02-06,https://res.cloudinary.com/dfqzmnlga/image/upload/v1770039934/2026-01-31/10944027.jpg,Salsify,"Salsify: The vegetable that brings a spicy twist to any meal, with a dash of adventure. 🌟"
10944025,15.0,ØGO,"Pålæg, skiveskåret",Hamburgerryg,1,0,pk.,Netto,https://static.tilbudsugen.dk/1st-retail/2026/6/64540/Netto062026-1_5_2707x97_4910x1902_zoom.jpg,2026-01-31,2026-02-06,https://res.cloudinary.com/dfqzmnlga/image/upload/v1770039935/2026-01-31/10944025.jpg,Hamburger back,"🍔 Back to the table, ready to crush the day! 🍔"
10944311,12.0,Santa Maria,Krydderier,Hvidløgspulver,1,0,gl.,Netto,https://static.tilbudsugen.dk/1st-retail/2026/6/64540/Netto062026-1_23_1654x35_3344x2840_zoom.jpg,2026-01-31,2026-02-06,https://res.cloudinary.com/dfqzmnlga/image/upload/v1770039937/2026-01-31/10944311.jpg,Garlic powder,"Spice up your meals with a dash of garlic powder—fresh, bold, and always in style. 🍞"
10944058,39.0,ØGO,Kylling,Kyllingebrystfilet,1,0,bk.,Netto,https://static.tilbudsugen.dk/1st-retail/2026/6/64540/Netto062026-1_6_1583x4928_3291x6848_zoom.jpg,2026-01-31,2026-02-06,https://res.cloudinary.com/dfqzmnlga/image/upload/v1770039938/2026-01-31/10944058.jpg,Chicken breast fillet,"Sizzling with flavor, ready to conquer your taste buds! 🍗"
10944310,12.0,Santa Maria,Krydderier,Løgpulver,1,0,gl.,Netto,https://static.tilbudsugen.dk/1st-retail/2026/6/64540/Netto062026-1_23_1654x35_3344x2840_zoom.jpg,2026-01-31,2026-02-06,https://res.cloudinary.com/dfqzmnlga/image/upload/v1770039939/2026-01-31/10944310.jpg,Onion powder,"🧄 Flavor your meals with a sprinkle of bold, spicy joy!"
10944327,12.0,Santa Maria,Krydderier,Chilipulver,1,0,gl.,Netto,https://static.tilbudsugen.dk/1st-retail/2026/6/64540/Netto062026-1_23_1654x35_3344x2840_zoom.jpg,2026-01-31,2026-02-06,https://res.cloudinary.com/dfqzmnlga/image/upload/v1770039942/2026-01-31/10944327.jpg,Chilli powder,🔥 Spice up your day with a dash of heat!
10944400,15.0,Fila,Deodorant,Deo Roll-on,1,0,stk.,Netto,https://static.tilbudsugen.dk/1st-retail/2026/6/64540/Netto062026-1_25_35x2751_1698x4901_zoom.jpg,2026-01-31,2026-02-06,https://res.cloudinary.com/dfqzmnlga/image/upload/v1770039950/2026-01-31/10944400.jpg,Deo Roll-on,"✨ Spray your day with confidence, one scent at a time!"
10944119,6.26,Hanegal,Pålægspølser,Salami Sticks,1,0,stk.,Netto,https://static.tilbudsugen.dk/1st-retail/2026/6/64540/Netto062026-1_9_3096x646_4910x4335_zoom.jpg,2026-01-31,2026-02-06,https://res.cloudinary.com/dfqzmnlga/image/upload/v1770039951/2026-01-31/10944119.jpg,Salami Sticks,"Savoring the perfect bite, one slice at a time 🍔"
10944212,22.0,Premieur,"Pålæg, skiveskåret",Prosciutto Di Parma,1,0,pk.,Netto,https://static.tilbudsugen.dk/1st-retail/2026/6/64540/Netto062026-1_19_44x3524_3229x5043_zoom.jpg,2026-01-31,2026-02-06,https://res.cloudinary.com/dfqzmnlga/image/upload/v1770039952/2026-01-31/10944212.jpg,Prosciutto Di Parma,"Slice of elegance, served with a dash of adventure. 🍊"
10944308,12.0,Santa Maria,Krydderier,Paprika Smoked,1,0,gl.,Netto,https://static.tilbudsugen.dk/1st-retail/2026/6/64540/Netto062026-1_23_1654x35_3344x2840_zoom.jpg,2026-01-31,2026-02-06,https://res.cloudinary.com/dfqzmnlga/image/upload/v1770039954/2026-01-31/10944308.jpg,Paprika Smoked,"Smoky, spicy, and perfect for adding a twist to any dish 🌶️"
10944315,12.0,Santa Maria,Krydderier,Paprika,1,0,gl.,Netto,https://static.tilbudsugen.dk/1st-retail/2026/6/64540/Netto062026-1_23_1654x35_3344x2840_zoom.jpg,2026-01-31,2026-02-06,https://res.cloudinary.com/dfqzmnlga/image/upload/v1770039954/2026-01-31/10944315.jpg,Paprika,🔥 Spice up your day with paprika! 🌱
10944139,65.0,Premieur,Røget og gravad,Laks,1,0,pk.,Netto,https://static.tilbudsugen.dk/1st-retail/2026/6/64540/Netto062026-1_16_2447x4844_4961x6857_zoom.jpg,2026-01-31,2026-02-06,https://res.cloudinary.com/dfqzmnlga/image/upload/v1770039955/2026-01-31/10944139.jpg,Salmon,"✨Swimming in the sea of flavor, I'm the perfect partner for a delicious meal! 🐟"
10944239,25.0,,Slik,Slik,1,0,ps.,Netto,https://static.tilbudsugen.dk/1st-retail/2026/6/64540/Netto062026-1_20_3207x4490_4924x6820_zoom.jpg,2026-01-31,2026-02-06,https://res.cloudinary.com/dfqzmnlga/image/upload/v1770039956/2026-01-31/10944239.jpg,Candy,"Sweet tooth, always ready to spark a fun conversation with a smile! 🍬"
10944213,22.0,Premieur,"Pålæg, skiveskåret",Bresaola,1,0,pk.,Netto,https://static.tilbudsugen.dk/1st-retail/2026/6/64540/Netto062026-1_19_44x3524_3229x5043_zoom.jpg,2026-01-31,2026-02-06,https://res.cloudinary.com/dfqzmnlga/image/upload/v1770039957/2026-01-31/10944213.jpg,Bresaola,"Slice of smoky pleasure, ready to melt in your mouth. 🍖"
10944313,12.0,Santa Maria,Krydderier,Gurkemeje,1,0,gl.,Netto,https://static.tilbudsugen.dk/1st-retail/2026/6/64540/Netto062026-1_23_1654x35_3344x2840_zoom.jpg,2026-01-31,2026-02-06,https://res.cloudinary.com/dfqzmnlga/image/upload/v1770039958/2026-01-31/10944313.jpg,Turmeric (curcuma),Golden spice that turns ordinary into extraordinary 🌟
10944297,12.0,Santa Maria,Krydderier,Karry,1,0,gl.,Netto,https://static.tilbudsugen.dk/1st-retail/2026/6/64540/Netto062026-1_23_1654x35_3344x2840_zoom.jpg,2026-01-31,2026-02-06,https://res.cloudinary.com/dfqzmnlga/image/upload/v1770039961/2026-01-31/10944297.jpg,Curry,"Spicy, smoky, and full of flavor—curry is the flavor of the day! 🌶️"
10944306,12.0,Santa Maria,Krydderier,Spidskommen,1,0,gl.,Netto,https://static.tilbudsugen.dk/1st-retail/2026/6/64540/Netto062026-1_23_1654x35_3344x2840_zoom.jpg,2026-01-31,2026-02-06,https://res.cloudinary.com/dfqzmnlga/image/upload/v1770039962/2026-01-31/10944306.jpg,Chinese cabbages/pe-tsai/pe-tsai/pe-tsai/pe-tsai/pe-tsai/pe-tsai/pe-tsai,"Pe-tsai lover, ready to burst with flavor and joy! 🥦"
10944038,39.0,ØGO,Røget og gravad,Laks i skiver,1,0,pk.,Netto,https://static.tilbudsugen.dk/1st-retail/2026/6/64540/Netto062026-1_5_2990x5007_4936x6883_zoom.jpg,2026-01-31,2026-02-06,https://res.cloudinary.com/dfqzmnlga/image/upload/v1770039962/2026-01-31/10944038.jpg,Salmon in slices,"Sliced up with flavor, ready to conquer your taste buds 🍣"
10944363,79.0,Let the Duck out!,Shots,Shots,1,0,pk.,Netto,https://static.tilbudsugen.dk/1st-retail/2026/6/64540/Netto062026-1_24_1690x4760_3264x6857_zoom.jpg,2026-01-31,2026-02-06,https://res.cloudinary.com/dfqzmnlga/image/upload/v1770039963/2026-01-31/10944363.jpg,Shots,"🔥 One shot at a time, life's a shot—no misses. 🍸"
10932861,20.0,,Luftfrisker,Duftolie,1,0,stk.,Netto,https://static.tilbudsugen.dk/1st-retail/2026/5/64452/Netto42026-1_31_141x135_2843x2223_zoom.jpg,2026-01-24,2026-02-20,https://res.cloudinary.com/dfqzmnlga/image/upload/v1770039964/2026-01-31/10932861.jpg,Scent oil,✨ Scent your day with a touch of magic ✨
10944309,12.0,Santa Maria,Krydderier,Cayennepepper,1,0,gl.,Netto,https://static.tilbudsugen.dk/1st-retail/2026/6/64540/Netto062026-1_23_1654x35_3344x2840_zoom.jpg,2026-01-31,2026-02-06,https://res.cloudinary.com/dfqzmnlga/image/upload/v1770039964/2026-01-31/10944309.jpg,Cayenne pepper,🔥 Spice up your day with a dash of heat!
10944314,12.0,Santa Maria,Krydderier,Chili Red Hot Flakes,1,0,gl.,Netto,https://static.tilbudsugen.dk/1st-retail/2026/6/64540/Netto062026-1_23_1654x35_3344x2840_zoom.jpg,2026-01-31,2026-02-06,https://res.cloudinary.com/dfqzmnlga/image/upload/v1770039965/2026-01-31/10944314.jpg,Chili Red Hot Flakes,"🔥 Spicy, zesty, and ready to spice up your day! 🌟"
10944305,12.0,Santa Maria,Krydderier,Koriander stødt,1,0,gl.,Netto,https://static.tilbudsugen.dk/1st-retail/2026/6/64540/Netto062026-1_23_1654x35_3344x2840_zoom.jpg,2026-01-31,2026-02-06,https://res.cloudinary.com/dfqzmnlga/image/upload/v1770039966/2026-01-31/10944305.jpg,Coriander Bumped,"Sassy and spicy, with a twist—coriander bumped, ready to spice up your day! 🌿"
10944405,39.0,ECO,Renseprodukter,Renseprodukter,1,0,stk.,Netto,https://static.tilbudsugen.dk/1st-retail/2026/6/64540/Netto062026-1_25_3273x2796_4927x4910_zoom.jpg,2026-01-31,2026-02-06,https://res.cloudinary.com/dfqzmnlga/image/upload/v1770039967/2026-01-31/10944405.jpg,Cleaning products,"Hygiene hero with a sparkle in my eye—cleaning the chaos, one spot at a time 🧼✨"
10944229,49.0,,Fastelavn,Fastelavnsris,1,0,stk.,Netto,https://static.tilbudsugen.dk/1st-retail/2026/6/64540/Netto062026-1_20_37x1099_1275x4571_zoom.jpg,2026-01-31,2026-02-06,https://res.cloudinary.com/dfqzmnlga/image/upload/v1770039967/2026-01-31/10944229.jpg,"Flat-rolled products of iron or non-alloy steel, of a width of 600 mm or more, hot-rolled or cold-rolled (cold-reduced), not clad, plated or","🔥 Iron rolls, hot or cold, ready to roll your imagination! 🌟"
10944312,12.0,Santa Maria,Krydderier,Rosmarin,1,0,gl.,Netto,https://static.tilbudsugen.dk/1st-retail/2026/6/64540/Netto062026-1_23_1654x35_3344x2840_zoom.jpg,2026-01-31,2026-02-06,https://res.cloudinary.com/dfqzmnlga/image/upload/v1770039968/2026-01-31/10944312.jpg,Rosemary,"Savory, smoky, and slightly spicy—perfect for adding depth to any meal. 🌿"
10944518,39.0,ECO,Ansigtspleje,Creme,1,0,stk.,Netto,https://static.tilbudsugen.dk/1st-retail/2026/6/64540/Netto062026-1_25_3273x2796_4927x4910_zoom.jpg,2026-01-31,2026-02-06,https://res.cloudinary.com/dfqzmnlga/image/upload/v1770039968/2026-01-31/10944518.jpg,Cream,"Smooth, creamy, and always just right—like a perfect match. 🍶"
10944307,12.0,Santa Maria,Krydderier,Timian,1,0,gl.,Netto,https://static.tilbudsugen.dk/1st-retail/2026/6/64540/Netto062026-1_23_1654x35_3344x2840_zoom.jpg,2026-01-31,2026-02-06,https://res.cloudinary.com/dfqzmnlga/image/upload/v1770039969/2026-01-31/10944307.jpg,Thyme,"✨ Whispers of warmth, perfect for cozy nights and bold adventures! ✨"
10944127,926.0,La Campagna,Saucer,Basilikum Pesto,1,0,gl.,Netto,https://static.tilbudsugen.dk/1st-retail/2026/6/64540/Netto062026-1_10_3468x779_4910x4070_zoom.jpg,2026-01-31,2026-02-06,https://res.cloudinary.com/dfqzmnlga/image/upload/v1770039974/2026-01-31/10944127.jpg,Basil Pesto,"Spritzing flavor into every bite, with a dash of sunshine and a sprinkle of joy. 🌿✨"
10944135,7.95,,Opvask,Opvaskebørste,1,0,stk.,Netto,https://static.tilbudsugen.dk/1st-retail/2026/6/64540/Netto062026-1_10_80x3459_2459x6848_zoom.jpg,2026-01-31,2026-02-06,https://res.cloudinary.com/dfqzmnlga/image/upload/v1770039976/2026-01-31/10944135.jpg,Dishbrush,"✨ Brushing away doubts, one clean swipe at a time. ✨"
10944299,30.0,,Opbevaring,Opbevaringsbakke,1,0,stk.,Netto,https://static.tilbudsugen.dk/1st-retail/2026/6/64540/Netto062026-1_34_236x3760_2248x5470_zoom.jpg,2026-01-31,2026-02-06,https://res.cloudinary.com/dfqzmnlga/image/upload/v1770039976/2026-01-31/10944299.jpg,Storage Tray,"✨Storage Tray✨ - Organize, store, and keep things in check!"
10944323,149.0,,Boligtekstiler,Sengesæt,1,0,stk.,Netto,https://static.tilbudsugen.dk/1st-retail/2026/6/64540/Netto062026-1_33_236x302_3295x3023_zoom.jpg,2026-01-31,2026-02-06,https://res.cloudinary.com/dfqzmnlga/image/upload/v1770039976/2026-01-31/10944323.jpg,Bedsets,"Sleepy, cozy, and ready to dream—bedsets keep you grounded in the best way possible. 🛌"
10944324,59.0,,Spil,Spil,1,0,stk.,Netto,https://static.tilbudsugen.dk/1st-retail/2026/6/64540/Netto062026-1_32_3303x4800_4755x6790_zoom.jpg,2026-01-31,2026-02-06,https://res.cloudinary.com/dfqzmnlga/image/upload/v1770039977/2026-01-31/10944324.jpg,Game,"🎮 Superhero of the kitchen, saving the meal with every twist and turn! 🎉"
10944330,40.0,,Kreativitetslegetøj & puslespil,Puslespil,1,0,stk.,Netto,https://static.tilbudsugen.dk/1st-retail/2026/6/64540/Netto062026-1_32_236x2743_1769x4785_zoom.jpg,2026-01-31,2026-02-06,https://res.cloudinary.com/dfqzmnlga/image/upload/v1770039977/2026-01-31/10944330.jpg,Puzzles,"🧩 Solve the mystery, one piece at a time."
10944331,40.0,,Køkkenartikler,Drikkedunk,1,0,stk.,Netto,https://static.tilbudsugen.dk/1st-retail/2026/6/64540/Netto062026-1_32_273x310_4792x2691_zoom.jpg,2026-01-31,2026-02-06,https://res.cloudinary.com/dfqzmnlga/image/upload/v1770039978/2026-01-31/10944331.jpg,Drinking bottle,"💧 Always ready for a sip of life, and a good time."
10944377,2.0,Planteliv,Frø & løg,Frø,1,0,pk.,Netto,https://static.tilbudsugen.dk/1st-retail/2026/6/64540/Netto062026-1_27_2993x3421_4659x4984_zoom.jpg,2026-01-31,2026-02-06,https://res.cloudinary.com/dfqzmnlga/image/upload/v1770039978/2026-01-31/10944377.jpg,Seeds,"🌱 Sprout your dreams, one seed at a time."
10944245,50.0,,Toiletartikler,Brusehylde,1,0,stk.,Netto,https://static.tilbudsugen.dk/1st-retail/2026/6/64540/Netto062026-1_37_3177x4556_4747x6753_zoom.jpg,2026-01-31,2026-02-06,https://res.cloudinary.com/dfqzmnlga/image/upload/v1770039982/2026-01-31/10944245.jpg,Shower shelf,✨ Shelf where dreams and dirt meet! ✨
10944249,199.0,,Toiletartikler,Brusehylde,1,0,stk.,Netto,https://static.tilbudsugen.dk/1st-retail/2026/6/64540/Netto062026-1_37_1710x2057_3067x3760_zoom.jpg,2026-01-31,2026-02-06,https://res.cloudinary.com/dfqzmnlga/image/upload/v1770039983/2026-01-31/10944249.jpg,Shower shelf,✨ My shelf holds the best vibes and secrets of the day! ✨
10944254,79.0,,Toiletartikler,Toiletspand,1,0,stk.,Netto,https://static.tilbudsugen.dk/1st-retail/2026/6/64540/Netto062026-1_37_140x155_1688x2064_zoom.jpg,2026-01-31,2026-02-06,https://res.cloudinary.com/dfqzmnlga/image/upload/v1770039984/2026-01-31/10944254.jpg,Toilet bucket,"Buckets of chaos, but always ready to clean up the mess. 🛋️"
10944261,79.0,,Senge,Gavlpuder,1,0,stk.,Netto,https://static.tilbudsugen.dk/1st-retail/2026/6/64540/Netto062026-1_36_37x192_4998x4718_zoom.jpg,2026-01-31,2026-02-06,https://res.cloudinary.com/dfqzmnlga/image/upload/v1770039984/2026-01-31/10944261.jpg,"For use in the manufacture of motor vehicles for the transport of persons, motor vehicles for the transport of goods, motor vehicles for the transport of goods, motor vehicles for the transport of goods,","🚗✨ Built to move people and goods, one vehicle at a time. 🚗✨"
10944265,60.0,Fixer,Værktøj,Tvinge,1,0,stk.,Netto,https://static.tilbudsugen.dk/1st-retail/2026/6/64540/Netto062026-1_35_111x582_2329x2027_zoom.jpg,2026-01-31,2026-02-06,https://res.cloudinary.com/dfqzmnlga/image/upload/v1770039985/2026-01-31/10944265.jpg,Force,"✨ Force, the unstoppable punch that turns chaos into order. 💥"
10932862,20.0,,Køkkenartikler,Drikkedunk,1,0,stk.,Netto,https://static.tilbudsugen.dk/1st-retail/2026/5/64452/Netto42026-1_31_40x2243_2640x4082_zoom.jpg,2026-01-24,2026-02-20,https://res.cloudinary.com/dfqzmnlga/image/upload/v1770039986/2026-01-31/10932862.jpg,Drinking bottle,"✨ Always ready for a refreshing drink, whether it's a cup of coffee, tea, or a sparkler. ✨"
10944240,139.0,,Borde & stole,Skammel,1,0,stk.,Netto,https://static.tilbudsugen.dk/1st-retail/2026/6/64540/Netto062026-1_37_3118x0_4998x2956_zoom.jpg,2026-01-31,2026-02-06,https://res.cloudinary.com/dfqzmnlga/image/upload/v1770039986/2026-01-31/10944240.jpg,Shame,Shame is the quiet rebellion of a thousand unsaid words. 🌟
10944244,40.0,,"Skåle, fade og forme",Bakke,1,0,stk.,Netto,https://static.tilbudsugen.dk/1st-retail/2026/6/64540/Netto062026-1_37_3170x2890_4821x4534_zoom.jpg,2026-01-31,2026-02-06,https://res.cloudinary.com/dfqzmnlga/image/upload/v1770039987/2026-01-31/10944244.jpg,Tray,"Tray of ideas, ready to stack and share! 🎯"
10944258,50.0,,Boligtekstiler,Lagen,1,0,stk.,Netto,https://static.tilbudsugen.dk/1st-retail/2026/6/64540/Netto062026-1_36_243x4822_2035x6849_zoom.jpg,2026-01-31,2026-02-06,https://res.cloudinary.com/dfqzmnlga/image/upload/v1770039987/2026-01-31/10944258.jpg,Lagen,"Lagen: The ultimate flavor booster, turning mundane moments into memorable ones 🌟"
10944262,119.0,,Boligtekstiler,Sengetæppe,1,0,stk.,Netto,https://static.tilbudsugen.dk/1st-retail/2026/6/64540/Netto062026-1_36_37x192_4998x4718_zoom.jpg,2026-01-31,2026-02-06,https://res.cloudinary.com/dfqzmnlga/image/upload/v1770039988/2026-01-31/10944262.jpg,Bedspread,"Soft, cozy, and dreamy—like a bedspread. 🛌"
10944268,40.0,Fixer,Diverse byggemarked,Reparationssæt,1,0,stk.,Netto,https://static.tilbudsugen.dk/1st-retail/2026/6/64540/Netto062026-1_35_3192x1939_4865x3539_zoom.jpg,2026-01-31,2026-02-06,https://res.cloudinary.com/dfqzmnlga/image/upload/v1770039988/2026-01-31/10944268.jpg,Repair Set,"🔧 Fix what's broken, one screw at a time. 🛠️"
10944279,25.0,Fixer,Diverse byggemarked,Tape,1,0,stk.,Netto,https://static.tilbudsugen.dk/1st-retail/2026/6/64540/Netto062026-1_35_7x5227_2292x6864_zoom.jpg,2026-01-31,2026-02-06,https://res.cloudinary.com/dfqzmnlga/image/upload/v1770039989/2026-01-31/10944279.jpg,Tape,Tape: My job is to stick it to everything! 🎨
10944298,50.0,,Boligartikler,Vasketøjskurv,1,0,stk.,Netto,https://static.tilbudsugen.dk/1st-retail/2026/6/64540/Netto062026-1_34_2470x361_4880x3244_zoom.jpg,2026-01-31,2026-02-06,https://res.cloudinary.com/dfqzmnlga/image/upload/v1770039989/2026-01-31/10944298.jpg,Laundry basket,"🧼 Clean up, sort, and shine—my job is done. 🧼"
10944302,30.0,,Opbevaring,Opbevaringskasse,1,0,stk.,Netto,https://static.tilbudsugen.dk/1st-retail/2026/6/64540/Netto062026-1_34_2403x3089_4659x5684_zoom.jpg,2026-01-31,2026-02-06,https://res.cloudinary.com/dfqzmnlga/image/upload/v1770039991/2026-01-31/10944302.jpg,Storage box,📦 Treasure chest of forgotten memories and endless possibilities! 🛍️
10944303,40.0,,Opbevaring,Opbevaringskasse,1,0,stk.,Netto,https://static.tilbudsugen.dk/1st-retail/2026/6/64540/Netto062026-1_34_236x4512_4688x6783_zoom.jpg,2026-01-31,2026-02-06,https://res.cloudinary.com/dfqzmnlga/image/upload/v1770039991/2026-01-31/10944303.jpg,Storage box,📦 Treasure trove of forgotten memories and forgotten things! 🛍️
10944322,40.0,,Børnetøj,Poncho,1,0,stk.,Netto,https://static.tilbudsugen.dk/1st-retail/2026/6/64540/Netto062026-1_33_273x2986_2646x5094_zoom.jpg,2026-01-31,2026-02-06,https://res.cloudinary.com/dfqzmnlga/image/upload/v1770039992/2026-01-31/10944322.jpg,Poncho,"✨ One-size-fits-all fashion statement, ready to conquer any weather! ✨"
10944332,40.0,,Køkkenartikler,Madkasse,1,0,stk.,Netto,https://static.tilbudsugen.dk/1st-retail/2026/6/64540/Netto062026-1_32_273x310_4792x2691_zoom.jpg,2026-01-31,2026-02-06,https://res.cloudinary.com/dfqzmnlga/image/upload/v1770039992/2026-01-31/10944332.jpg,Box,"Box of surprises, ready to open any day! 🎉"
10944333,79.0,,Partyartikler,Discokugle,1,0,stk.,Netto,https://static.tilbudsugen.dk/1st-retail/2026/6/64540/Netto062026-1_31_125x4733_2455x6820_zoom.jpg,2026-01-31,2026-02-06,https://res.cloudinary.com/dfqzmnlga/image/upload/v1770039993/2026-01-31/10944333.jpg,Disco ball,"✨ Sparkle, shine, and make every moment unforgettable!"
10944340,50.0,,Diverse,Bøllehat,1,0,stk.,Netto,https://static.tilbudsugen.dk/1st-retail/2026/6/64540/Netto062026-1_30_3170x1364_4629x3495_zoom.jpg,2026-01-31,2026-02-06,https://res.cloudinary.com/dfqzmnlga/image/upload/v1770039993/2026-01-31/10944340.jpg,Bunny hat,"✨ Bunny hat, ready to hop into fun and flair! 🐰"
10944375,12.0,,Frø & løg,Løgplanter,1,0,stk.,Netto,https://static.tilbudsugen.dk/1st-retail/2026/6/64540/Netto062026-1_27_184x22_4851x4895_zoom.jpg,2026-01-31,2026-02-06,https://res.cloudinary.com/dfqzmnlga/image/upload/v1770039995/2026-01-31/10944375.jpg,Other root and tuber vegetables except sugar beets,Rooty rebel with a veggie twist 🌱
10944246,79.0,,Toiletartikler,Bademåtte,1,0,stk.,Netto,https://static.tilbudsugen.dk/1st-retail/2026/6/64540/Netto062026-1_37_258x5441_3000x6783_zoom.jpg,2026-01-31,2026-02-06,https://res.cloudinary.com/dfqzmnlga/image/upload/v1770039996/2026-01-31/10944246.jpg,Bath mat,"✨ Sponge-clean your day with a soft, suds-filled hug! 🌧️"
10944250,50.0,,Toiletartikler,Brusehylde,1,0,stk.,Netto,https://static.tilbudsugen.dk/1st-retail/2026/6/64540/Netto062026-1_37_229x2072_1703x3782_zoom.jpg,2026-01-31,2026-02-06,https://res.cloudinary.com/dfqzmnlga/image/upload/v1770039998/2026-01-31/10944250.jpg,Shower shelf,✨ My shelf holds all the things I need to feel fresh and ready to shine! ✨
10944271,40.0,,Mobiltelefon tilbehør,Reparationssæt,1,0,stk.,Netto,https://static.tilbudsugen.dk/1st-retail/2026/6/64540/Netto062026-1_35_2315x5279_4924x6879_zoom.jpg,2026-01-31,2026-02-06,https://res.cloudinary.com/dfqzmnlga/image/upload/v1770039999/2026-01-31/10944271.jpg,Repair Set,"🔧 Fix anything, anytime. 🛠️"
10944273,25.0,Fixer,Boligartikler,Filtdupper,1,0,pk.,Netto,https://static.tilbudsugen.dk/1st-retail/2026/6/64540/Netto062026-1_35_7x5227_2292x6864_zoom.jpg,2026-01-31,2026-02-06,https://res.cloudinary.com/dfqzmnlga/image/upload/v1770039999/2026-01-31/10944273.jpg,Filter dippers,"✨ Filter dippers: Unveil the best of what's in the mix, one sip at a time. 🌟"
10932865,50.0,,Dametøj,Top,1,0,stk.,Netto,https://static.tilbudsugen.dk/1st-retail/2026/5/64452/Netto42026-1_30_222x532_3226x2600_zoom.jpg,2026-01-24,2026-02-20,https://res.cloudinary.com/dfqzmnlga/image/upload/v1770040000/2026-01-31/10932865.jpg,Top,"Top of the line, always in style! 🌟"
10932867,30.0,,Sokker/Strømper,Strømper,1,0,pk.,Netto,https://static.tilbudsugen.dk/1st-retail/2026/5/64452/Netto42026-1_30_1657x2681_3098x4325_zoom.jpg,2026-01-24,2026-02-20,https://res.cloudinary.com/dfqzmnlga/image/upload/v1770040001/2026-01-31/10932867.jpg,Stockings,"✨ Tight, cozy, and always ready for a good night's sleep. ✨"
10932869,89.0,,Boligtekstiler,Håndklæde,1,0,stk.,Netto,https://static.tilbudsugen.dk/1st-retail/2026/5/64452/Netto42026-1_30_216x4359_3577x6548_zoom.jpg,2026-01-24,2026-02-20,https://res.cloudinary.com/dfqzmnlga/image/upload/v1770040002/2026-01-31/10932869.jpg,Towel,Soothe your skin with a dash of sass and a sprinkle of softness—just like a towel! 🧊
10944397,39.0,Palette,Hårfarve,Hårfarve,1,0,pk.,Netto,https://static.tilbudsugen.dk/1st-retail/2026/6/64540/Netto062026-1_25_3273x2796_4927x4910_zoom.jpg,2026-01-31,2026-02-06,https://res.cloudinary.com/dfqzmnlga/image/upload/v1770040002/2026-01-31/10944397.jpg,Hair Color,"✨ Hair color: a riot of shades, always in motion! 🌈"
10944300,50.0,,Opbevaring,Opbevaringsboks,1,0,stk.,Netto,https://static.tilbudsugen.dk/1st-retail/2026/6/64540/Netto062026-1_34_192x1135_3339x3716_zoom.jpg,2026-01-31,2026-02-06,https://res.cloudinary.com/dfqzmnlga/image/upload/v1770040003/2026-01-31/10944300.jpg,Storage box,📦 Treasure trove of forgotten memories and forgotten things! 🛍️
10944301,69.0,,Opbevaring,Opbevaringsboks,1,0,stk.,Netto,https://static.tilbudsugen.dk/1st-retail/2026/6/64540/Netto062026-1_34_192x1135_3339x3716_zoom.jpg,2026-01-31,2026-02-06,https://res.cloudinary.com/dfqzmnlga/image/upload/v1770040003/2026-01-31/10944301.jpg,Storage box,📦 Treasure chest of forgotten memories and endless possibilities! 🛍️
10944304,50.0,,Opbevaring,Opbevaringskasse,1,0,stk.,Netto,https://static.tilbudsugen.dk/1st-retail/2026/6/64540/Netto062026-1_34_236x4512_4688x6783_zoom.jpg,2026-01-31,2026-02-06,https://res.cloudinary.com/dfqzmnlga/image/upload/v1770040004/2026-01-31/10944304.jpg,Storage box,📦 Treasure trove of forgotten memories and forgotten things! 🛋️
10944325,59.0,,Spil,Spil,1,0,stk.,Netto,https://static.tilbudsugen.dk/1st-retail/2026/6/64540/Netto062026-1_32_1747x4807_3273x6812_zoom.jpg,2026-01-31,2026-02-06,https://res.cloudinary.com/dfqzmnlga/image/upload/v1770040005/2026-01-31/10944325.jpg,Game,"🔥 Game changer, but more like a wild card in the chaos of life! 🎮"
10944343,50.0,,Børnetøj,T-shirt,1,0,stk.,Netto,https://static.tilbudsugen.dk/1st-retail/2026/6/64540/Netto062026-1_30_125x656_3435x5013_zoom.jpg,2026-01-31,2026-02-06,https://res.cloudinary.com/dfqzmnlga/image/upload/v1770040005/2026-01-31/10944343.jpg,T-shirt,"Rippling with style, I'm the T-shirt that never stops saying ""I'm here to make you feel seen."" 🧣"
10944362,69.0,,Køkken & værktøj m.m.,Legehusholdning,1,0,stk.,Netto,https://static.tilbudsugen.dk/1st-retail/2026/6/64540/Netto062026-1_28_2757x339_4843x2462_zoom.jpg,2026-01-31,2026-02-06,https://res.cloudinary.com/dfqzmnlga/image/upload/v1770040006/2026-01-31/10944362.jpg,Playhouses,🎭 Playhouses: Where every room is a stage and every night is a performance! 🎭
10944364,69.0,,Køkken & værktøj m.m.,Lægesæt,1,0,stk.,Netto,https://static.tilbudsugen.dk/1st-retail/2026/6/64540/Netto062026-1_28_2757x339_4843x2462_zoom.jpg,2026-01-31,2026-02-06,https://res.cloudinary.com/dfqzmnlga/image/upload/v1770040007/2026-01-31/10944364.jpg,Medical kit,First aid ninja with a twist—ready to save the day (🩺✨).
10944369,30.0,,"Dukker, bamser & plysdyr",Plysdyr,1,0,stk.,Netto,https://static.tilbudsugen.dk/1st-retail/2026/6/64540/Netto062026-1_28_206x170_2757x2514_zoom.jpg,2026-01-31,2026-02-06,https://res.cloudinary.com/dfqzmnlga/image/upload/v1770040007/2026-01-31/10944369.jpg,Poohs,"Poohs love to cuddle and share secrets, 🐘"
10944320,69.0,,Børnetøj,Leggings,1,0,stk.,Netto,https://static.tilbudsugen.dk/1st-retail/2026/6/64540/Netto062026-1_33_2927x1187_4688x3023_zoom.jpg,2026-01-31,2026-02-06,https://res.cloudinary.com/dfqzmnlga/image/upload/v1770040008/2026-01-31/10944320.jpg,Leggings,"Stretchy, comfy, and ready for anything — just like me! 🌟"
10944326,50.0,,Børnebøger,Børnebøger,1,0,stk.,Netto,https://static.tilbudsugen.dk/1st-retail/2026/6/64540/Netto062026-1_32_229x4755_1777x6790_zoom.jpg,2026-01-31,2026-02-06,https://res.cloudinary.com/dfqzmnlga/image/upload/v1770040009/2026-01-31/10944326.jpg,Children's books,📖 Love stories that make your heart skip a beat—because every page is a new adventure! 📚✨
10944329,25.0,,Kreativitetslegetøj & puslespil,Puslespil,1,0,stk.,Netto,https://static.tilbudsugen.dk/1st-retail/2026/6/64540/Netto062026-1_32_3303x2809_4718x4645_zoom.jpg,2026-01-31,2026-02-06,https://res.cloudinary.com/dfqzmnlga/image/upload/v1770040009/2026-01-31/10944329.jpg,Puzzles,"Solve the mystery, one puzzle at a time 🧩"
10944335,50.0,,Børnetøj,Tylsskørt,1,0,stk.,Netto,https://static.tilbudsugen.dk/1st-retail/2026/6/64540/Netto062026-1_31_2005x3421_4939x6886_zoom.jpg,2026-01-31,2026-02-06,https://res.cloudinary.com/dfqzmnlga/image/upload/v1770040009/2026-01-31/10944335.jpg,"Tulles and other net fabrics (but not including woven, knitted or crocheted fabrics), whether or not impregnated, coated, covered or laminated","✨ Fabric whisperer 🌟  
""Unveil the secrets of Tulles and other net fabrics—no weaving, knitting, or crocheting required."""
10944341,50.0,,Outdoor,Kasket,1,0,stk.,Netto,https://static.tilbudsugen.dk/1st-retail/2026/6/64540/Netto062026-1_30_287x3900_2012x6746_zoom.jpg,2026-01-31,2026-02-06,https://res.cloudinary.com/dfqzmnlga/image/upload/v1770040010/2026-01-31/10944341.jpg,Cast,Cast your vote — we need more voices in the mix! 🎤
10944353,40.0,,Baby,Badelegetøj,1,0,stk.,Netto,https://static.tilbudsugen.dk/1st-retail/2026/6/64540/Netto062026-1_28_3273x2426_4828x4534_zoom.jpg,2026-01-31,2026-02-06,https://res.cloudinary.com/dfqzmnlga/image/upload/v1770040011/2026-01-31/10944353.jpg,Base clothing,"Clothes that keep you cool, but never too hot — just the right amount of style. 🎒"
10944356,30.0,,Kreativitetslegetøj & puslespil,Kreativt legetøj,1,0,stk.,Netto,https://static.tilbudsugen.dk/1st-retail/2026/6/64540/Netto062026-1_28_3295x4659_4777x6761_zoom.jpg,2026-01-31,2026-02-06,https://res.cloudinary.com/dfqzmnlga/image/upload/v1770040011/2026-01-31/10944356.jpg,Creative toys,🎨✨ Sparkle and twirl with creativity! ✨
10944371,25.0,,Hobbyartikler,Dagbog,1,0,stk.,Netto,https://static.tilbudsugen.dk/1st-retail/2026/6/64540/Netto062026-1_28_1777x4696_3236x6761_zoom.jpg,2026-01-31,2026-02-06,https://res.cloudinary.com/dfqzmnlga/image/upload/v1770040012/2026-01-31/10944371.jpg,Diary,"Diary: My thoughts, my secrets, my endless stories. 📖"
10932870,59.0,,Dametøj,Bigshirt,1,0,stk.,Netto,https://static.tilbudsugen.dk/1st-retail/2026/5/64452/Netto42026-1_30_2903x640_4944x6703_zoom.jpg,2026-01-24,2026-02-20,https://res.cloudinary.com/dfqzmnlga/image/upload/v1770040012/2026-01-31/10932870.jpg,Bigshirt,✨ Bigshirt – the ultimate comfort in every pocket! 🛍️
10932871,30.0,,Service,Krus,1,0,stk.,Netto,https://static.tilbudsugen.dk/1st-retail/2026/5/64452/Netto42026-1_29_209x243_4574x4278_zoom.jpg,2026-01-24,2026-02-20,https://res.cloudinary.com/dfqzmnlga/image/upload/v1770040013/2026-01-31/10932871.jpg,Mush,Mush: The ultimate snack that makes every day a little more delicious 🍲
10944247,50.0,,Boligartikler,Kurv,1,0,stk.,Netto,https://static.tilbudsugen.dk/1st-retail/2026/6/64540/Netto062026-1_37_265x3819_3022x5353_zoom.jpg,2026-01-31,2026-02-06,https://res.cloudinary.com/dfqzmnlga/image/upload/v1770040013/2026-01-31/10944247.jpg,Basket,"✨ Carry the world in my hands, one item at a time. ✨"
10944256,30.0,,Boligtekstiler,Lagen,1,0,stk.,Netto,https://static.tilbudsugen.dk/1st-retail/2026/6/64540/Netto062026-1_36_243x4822_2035x6849_zoom.jpg,2026-01-31,2026-02-06,https://res.cloudinary.com/dfqzmnlga/image/upload/v1770040014/2026-01-31/10944256.jpg,Lagen,"Lagen: The ultimate flavor booster, turning mundane moments into unforgettable memories 🌟"
10944260,149.0,,Boligtekstiler,Sengesæt,1,0,stk.,Netto,https://static.tilbudsugen.dk/1st-retail/2026/6/64540/Netto062026-1_36_2027x4166_4932x6849_zoom.jpg,2026-01-31,2026-02-06,https://res.cloudinary.com/dfqzmnlga/image/upload/v1770040015/2026-01-31/10944260.jpg,Bedsets,Nightstand conqueror with a cozy bed and a smile—sleeping beauty awaits. 🛌✨
10944241,40.0,,Toiletartikler,Tandkrus,1,0,stk.,Netto,https://static.tilbudsugen.dk/1st-retail/2026/6/64540/Netto062026-1_37_3170x2890_4821x4534_zoom.jpg,2026-01-31,2026-02-06,https://res.cloudinary.com/dfqzmnlga/image/upload/v1770040015/2026-01-31/10944241.jpg,Teeth mug,"✨ Smiles through the day, one tooth at a time. ✨"
10944242,40.0,,Toiletartikler,Sæbedispenser,1,0,stk.,Netto,https://static.tilbudsugen.dk/1st-retail/2026/6/64540/Netto062026-1_37_3170x2890_4821x4534_zoom.jpg,2026-01-31,2026-02-06,https://res.cloudinary.com/dfqzmnlga/image/upload/v1770040016/2026-01-31/10944242.jpg,Soap dispensers,✨ Dispense your day with style and cleanliness! ✨
10944251,69.0,,Toiletartikler,Toiletrulleholder,1,0,stk.,Netto,https://static.tilbudsugen.dk/1st-retail/2026/6/64540/Netto062026-1_37_1710x273_3118x2079_zoom.jpg,2026-01-31,2026-02-06,https://res.cloudinary.com/dfqzmnlga/image/upload/v1770040017/2026-01-31/10944251.jpg,Toilet roll holder,"Roll up, roll up, keep it tidy—my job is to keep your toilet paper neatly rolled! 🧾"
10944252,39.0,,Toiletartikler,Toiletbørste,1,0,stk.,Netto,https://static.tilbudsugen.dk/1st-retail/2026/6/64540/Netto062026-1_37_140x155_1688x2064_zoom.jpg,2026-01-31,2026-02-06,https://res.cloudinary.com/dfqzmnlga/image/upload/v1770040017/2026-01-31/10944252.jpg,Toilet brush,"Brushing away clutter, one swipe at a time. 🛑✨"
10944257,40.0,,Boligtekstiler,Lagen,1,0,stk.,Netto,https://static.tilbudsugen.dk/1st-retail/2026/6/64540/Netto062026-1_36_243x4822_2035x6849_zoom.jpg,2026-01-31,2026-02-06,https://res.cloudinary.com/dfqzmnlga/image/upload/v1770040018/2026-01-31/10944257.jpg,Lagen,"Lagen love to dance, but never forget their roots. 🌱"
10944269,60.0,,Lys/lyskæder,LED strips,1,0,stk.,Netto,https://static.tilbudsugen.dk/1st-retail/2026/6/64540/Netto062026-1_35_2352x3561_4828x5220_zoom.jpg,2026-01-31,2026-02-06,https://res.cloudinary.com/dfqzmnlga/image/upload/v1770040019/2026-01-31/10944269.jpg,LED strips,✨ Glow up your space with LED strips! ✨
10944319,99.0,,Børnetøj,Morgenkåbe,1,0,stk.,Netto,https://static.tilbudsugen.dk/1st-retail/2026/6/64540/Netto062026-1_33_2558x2890_4681x6790_zoom.jpg,2026-01-31,2026-02-06,https://res.cloudinary.com/dfqzmnlga/image/upload/v1770040019/2026-01-31/10944319.jpg,Morning robe,"Sunrise-ready, ready to glow—my morning robe is the ultimate fashion statement. 🌅"
10944328,59.0,,Diverse kontorartikler,Tegneblok,1,0,stk.,Netto,https://static.tilbudsugen.dk/1st-retail/2026/6/64540/Netto062026-1_32_1762x2743_3251x4763_zoom.jpg,2026-01-31,2026-02-06,https://res.cloudinary.com/dfqzmnlga/image/upload/v1770040020/2026-01-31/10944328.jpg,Draw Block,"✨ Block out the chaos, one doodle at a time. ✨"
10944366,40.0,,"Biler, tog",Biler,1,0,stk.,Netto,https://static.tilbudsugen.dk/1st-retail/2026/6/64540/Netto062026-1_28_229x2462_1688x4586_zoom.jpg,2026-01-31,2026-02-06,https://res.cloudinary.com/dfqzmnlga/image/upload/v1770040020/2026-01-31/10944366.jpg,Cars,"🚗💨 Ride, ride, ride—where every trip is a thrill! 🚗💨"
10932863,30.0,,Diverse kontorartikler,Notesbog,1,0,stk.,Netto,https://static.tilbudsugen.dk/1st-retail/2026/5/64452/Netto42026-1_31_222x4082_2843x6595_zoom.jpg,2026-01-24,2026-02-20,https://res.cloudinary.com/dfqzmnlga/image/upload/v1770040021/2026-01-31/10932863.jpg,Notebook,"📝 Scribble your thoughts, share your dreams, and let the world know you're always ready to write something new. 📝✨"
10932864,69.0,,Pyntegenstande,Vase,1,0,stk.,Netto,https://static.tilbudsugen.dk/1st-retail/2026/5/64452/Netto42026-1_31_2081x930_4964x6622_zoom.jpg,2026-01-24,2026-02-20,https://res.cloudinary.com/dfqzmnlga/image/upload/v1770040022/2026-01-31/10932864.jpg,Vase,"✨ Vase that holds the beauty of life, one perfect moment at a time. 🌸"
10932872,20.0,,"Skåle, fade og forme",Skål,1,0,stk.,Netto,https://static.tilbudsugen.dk/1st-retail/2026/5/64452/Netto42026-1_29_209x243_4574x4278_zoom.jpg,2026-01-24,2026-02-20,https://res.cloudinary.com/dfqzmnlga/image/upload/v1770040022/2026-01-31/10932872.jpg,Cheers.,Cheers. 🥂
