data_id,price,brand,category,product_name,units,quantity,unit_type,store_name,image_url,start_date,end_date,public_urls,translated_product,tinder_bio
10904804,5.0,,Div. dyreartikler,Hundeposer,1,40,stk.,Netto,https://static.tilbudsugen.dk/1st-retail/2026/2/64322/Netto022026-1_26_3019x3619_4965x4881_zoom.jpg,2026-01-02,2026-01-09,https://res.cloudinary.com/dfqzmnlga/image/upload/v1767346910/2026-01-02/10904804.jpg,Dog bags,"🐶 🌟 Trash where dogs go, but I'm just a bag—no need to worry, I'm a happy container! 🐾"
10904776,15.0,,Husholdningsartikler,Tegnestifter,1,100,æsk.,Netto,https://static.tilbudsugen.dk/1st-retail/2026/2/64322/Netto022026-1_36_231x1918_2463x3514_zoom.jpg,2026-01-02,2026-01-09,https://res.cloudinary.com/dfqzmnlga/image/upload/v1767346910/2026-01-02/10904776.jpg,Drawing pins,"✨ Pin the details, collect the vibes, and never miss a moment!"
10904299,5.0,DKI,Husholdningsartikler,Affaldsposer,1,20,pk.,Netto,https://static.tilbudsugen.dk/1st-retail/2026/2/64322/Netto022026-1_1_2375x1244_4924x2852_zoom.jpg,2026-01-02,2026-01-09,https://res.cloudinary.com/dfqzmnlga/image/upload/v1767346910/2026-01-02/10904299.jpg,Waste bags,"🗑️ Trash talker, ready to recycle the trash!"
10904555,3.47,Shine,Rengøringsartikler,Rengøringssvampe,1,10,pk.,Netto,https://static.tilbudsugen.dk/1st-retail/2026/2/64322/Netto022026-1_18_1613x672_4972x3162_zoom.jpg,2026-01-02,2026-01-09,https://res.cloudinary.com/dfqzmnlga/image/upload/v1767346911/2026-01-02/10904555.jpg,Cleaning sponges,"✨ Sponge-savvy hero, cleaning the messes and making the spotless! ✨"
10904763,90.0,Fitness Pharma,Kosttilskud,Mineraler,1,250,bg.,Netto,https://static.tilbudsugen.dk/1st-retail/2026/2/64322/Netto022026-1_23_3250x2794_4957x4857_zoom.jpg,2026-01-02,2026-01-09,https://res.cloudinary.com/dfqzmnlga/image/upload/v1767346911/2026-01-02/10904763.jpg,Minerals,"I'm the mineral that brings life to the earth, glowing with hidden power and always ready to spark a new adventure. 🌍✨"
10904764,90.0,Fitness Pharma,Kosttilskud,Kosttilskud,1,200,ds.,Netto,https://static.tilbudsugen.dk/1st-retail/2026/2/64322/Netto022026-1_23_3250x2794_4957x4857_zoom.jpg,2026-01-02,2026-01-09,https://res.cloudinary.com/dfqzmnlga/image/upload/v1767346912/2026-01-02/10904764.jpg,Food supplements,Boost your energy with supercharged nutrition – because your body deserves more than just basics! 🌟
10904761,90.0,Fitness Pharma,Fiskeolie,Fiskeolie,1,200,ds.,Netto,https://static.tilbudsugen.dk/1st-retail/2026/2/64322/Netto022026-1_23_3250x2794_4957x4857_zoom.jpg,2026-01-02,2026-01-09,https://res.cloudinary.com/dfqzmnlga/image/upload/v1767346912/2026-01-02/10904761.jpg,Fish oil,"Omega-3 vibes, nature's superpower, and a dash of sparkle—because healthy living is all about the spark. 🌊✨"
10904753,33.0,Always,Intimhygiejne,Trusseindlæg,1,60,pk.,Netto,https://static.tilbudsugen.dk/1st-retail/2026/2/64322/Netto022026-1_23_2425x683_4957x2811_zoom.jpg,2026-01-02,2026-01-09,https://res.cloudinary.com/dfqzmnlga/image/upload/v1767346912/2026-01-02/10904753.jpg,Panty posts,"✨ Always ready for the next adventure, whether it's a date or a daring dive!"
10904775,25.0,Hello Sensitive,Opvask,Maskinopvask-tabs,1,30,pk.,Netto,https://static.tilbudsugen.dk/1st-retail/2026/2/64322/Netto022026-1_24_2862x254_4957x2885_zoom.jpg,2026-01-02,2026-01-09,https://res.cloudinary.com/dfqzmnlga/image/upload/v1767346913/2026-01-02/10904775.jpg,Machine-washing losses,"✨ Washes away the mundane, leaves only the extraordinary ✨"
10904784,18.0,Murph,Kosttilskud,Træningstilskud,1,20,stk.,Netto,https://static.tilbudsugen.dk/1st-retail/2026/2/64322/Netto022026-1_25_3299x1871_4924x3817_zoom.jpg,2026-01-02,2026-01-31,https://res.cloudinary.com/dfqzmnlga/image/upload/v1767346913/2026-01-02/10904784.jpg,Training grants,"🚀 Training grants: unlock your potential, one step at a time. 💪"
10904438,20.0,Clipper,Te,Tebreve,1,20,pk.,Netto,https://static.tilbudsugen.dk/1st-retail/2026/2/64322/Netto022026-1_6_8x2464_2507x4675_zoom.jpg,2026-01-02,2026-01-09,https://res.cloudinary.com/dfqzmnlga/image/upload/v1767346913/2026-01-02/10904438.jpg,Tea Letters,"✨ Tea Letters: Where every cup writes a story, and every sip feels like a letter from the future. 📜"
10904754,33.0,Tampax,Intimhygiejne,Tamponer,1,20,pk.,Netto,https://static.tilbudsugen.dk/1st-retail/2026/2/64322/Netto022026-1_23_2425x683_4957x2811_zoom.jpg,2026-01-02,2026-01-09,https://res.cloudinary.com/dfqzmnlga/image/upload/v1767346914/2026-01-02/10904754.jpg,Tampons,✨ Tampons are the ultimate secret weapon in any girl's arsenal! 💊
10904411,1.75,Nordic Well,Kildevand m/u brus,Mineralvand,1,1,fl.,Netto,https://static.tilbudsugen.dk/1st-retail/2026/2/64322/Netto022026-1_5_49x105_2334x2522_zoom.jpg,2026-01-02,2026-01-09,https://res.cloudinary.com/dfqzmnlga/image/upload/v1767346915/2026-01-02/10904411.jpg,Mineral water,"Sip, savor, and sparkle—mineral water keeps the spark in your day. 🌟"
10904778,29.0,Hello Sensitive,Vaskemiddel,Vaskemiddel-tabs,1,16,pk.,Netto,https://static.tilbudsugen.dk/1st-retail/2026/2/64322/Netto022026-1_24_2887x2753_4866x4609_zoom.jpg,2026-01-02,2026-01-09,https://res.cloudinary.com/dfqzmnlga/image/upload/v1767346915/2026-01-02/10904778.jpg,Laundry loss,"Laundry loss: When the clothes forget to clean themselves, I’m the hero who makes them shine again. 🧼✨"
10904758,20.0,,Papir,Postemballage,1,10,pk.,Netto,https://static.tilbudsugen.dk/1st-retail/2026/2/64322/Netto022026-1_36_2523x1906_4856x3609_zoom.jpg,2026-01-02,2026-01-09,https://res.cloudinary.com/dfqzmnlga/image/upload/v1767346916/2026-01-02/10904758.jpg,Postal packaging,"📦✨ Delivering packages with a smile, one zip code at a time. 🌟"
10904414,12.0,Godt Papir,Husholdningspapir,Toiletpapir,1,6,pk.,Netto,https://static.tilbudsugen.dk/1st-retail/2026/2/64322/Netto022026-1_5_49x2341_2540x4634_zoom.jpg,2026-01-02,2026-01-09,https://res.cloudinary.com/dfqzmnlga/image/upload/v1767346917/2026-01-02/10904414.jpg,Toilet paper,"Sponge clean, never quit, always ready to wipe! 🧽"
10904752,33.0,Always,Intimhygiejne,Bind,1,16,pk.,Netto,https://static.tilbudsugen.dk/1st-retail/2026/2/64322/Netto022026-1_23_2425x683_4957x2811_zoom.jpg,2026-01-02,2026-01-09,https://res.cloudinary.com/dfqzmnlga/image/upload/v1767346917/2026-01-02/10904752.jpg,Volume,Volume: The quiet force that makes everything fit. 🌟
10904765,89.0,Fairy,Opvask,Maskinopvask-tabs,1,36,pk.,Netto,https://static.tilbudsugen.dk/1st-retail/2026/2/64322/Netto022026-1_23_3241x4791_4891x6894_zoom.jpg,2026-01-02,2026-01-09,https://res.cloudinary.com/dfqzmnlga/image/upload/v1767346918/2026-01-02/10904765.jpg,Machine-washing losses,✨ My favorite way to get rid of old clothes—without the hassle of folding. ✨
10904667,20.0,Skinny Chai Latte,Te,Instant Te Karamel,1,8,pk.,Netto,https://static.tilbudsugen.dk/1st-retail/2026/2/64322/Netto022026-1_21_16x4650_1625x6861_zoom.jpg,2026-01-02,2026-01-09,https://res.cloudinary.com/dfqzmnlga/image/upload/v1767346918/2026-01-02/10904667.jpg,Instant Te Karamel,"✨ Instant Te Karamel: Sweet, quick, and perfect for any moment. 🍯"
10904663,20.0,Chai Latte,Te,Instant Te Choco Orange,1,8,pk.,Netto,https://static.tilbudsugen.dk/1st-retail/2026/2/64322/Netto022026-1_21_16x4650_1625x6861_zoom.jpg,2026-01-02,2026-01-09,https://res.cloudinary.com/dfqzmnlga/image/upload/v1767346920/2026-01-02/10904663.jpg,Instant Te Choco Orange,"✨ Chocoholic delight, delivered instantly—orange tangy, creamy, and ready to melt in your mouth! ✨"
10904664,20.0,Chai Latte,Te,Instant Te Pumpkin Spice,1,8,pk.,Netto,https://static.tilbudsugen.dk/1st-retail/2026/2/64322/Netto022026-1_21_16x4650_1625x6861_zoom.jpg,2026-01-02,2026-01-09,https://res.cloudinary.com/dfqzmnlga/image/upload/v1767346921/2026-01-02/10904664.jpg,Instant Te Pumpkin Spice,✨ Spice up your day with a sprinkle of warmth and flavor!
10904665,20.0,Chai Latte,Te,Instant Te Grøn Te,1,8,pk.,Netto,https://static.tilbudsugen.dk/1st-retail/2026/2/64322/Netto022026-1_21_16x4650_1625x6861_zoom.jpg,2026-01-02,2026-01-09,https://res.cloudinary.com/dfqzmnlga/image/upload/v1767346922/2026-01-02/10904665.jpg,Instant Tea Green Tea," ☕ Brewed for moments, poured for memories."
10904322,25.0,ØGO,Skalæg,Økologiske æg M/L,1,10,bk.,Netto,https://static.tilbudsugen.dk/1st-retail/2026/2/64322/Netto022026-1_13_1644x2879_3271x4844_zoom.jpg,2026-01-02,2026-01-09,https://res.cloudinary.com/dfqzmnlga/image/upload/v1767346922/2026-01-02/10904322.jpg,Organic eggs M/L,"✨ Eco-friendly omelet master, ready to hatch any meal! 🍳"
10904666,20.0,Chai Latte,Te,Instant Te Vanilje,1,8,pk.,Netto,https://static.tilbudsugen.dk/1st-retail/2026/2/64322/Netto022026-1_21_16x4650_1625x6861_zoom.jpg,2026-01-02,2026-01-09,https://res.cloudinary.com/dfqzmnlga/image/upload/v1767346923/2026-01-02/10904666.jpg,Instant Te Vanilla,"Vanilla lover, ready to sweeten your day with a quick, delicious boost! 🌟"
10904655,20.0,Chai Latte,Te,Instant Te Kakao,1,8,pk.,Netto,https://static.tilbudsugen.dk/1st-retail/2026/2/64322/Netto022026-1_21_16x4650_1625x6861_zoom.jpg,2026-01-02,2026-01-09,https://res.cloudinary.com/dfqzmnlga/image/upload/v1767346923/2026-01-02/10904655.jpg,Instant Tea Cocoa,"Sip, savor, and soak in the warmth of instant tea cocoa — your perfect afternoon companion. 🌟"
10904412,12.0,Godt Papir,Husholdningspapir,Køkkenrulle,1,3,pk.,Netto,https://static.tilbudsugen.dk/1st-retail/2026/2/64322/Netto022026-1_5_49x2341_2540x4634_zoom.jpg,2026-01-02,2026-01-09,https://res.cloudinary.com/dfqzmnlga/image/upload/v1767346924/2026-01-02/10904412.jpg,Kitchen roll,"✨ Savory snacks, crispy textures, and a sprinkle of fun—just wait for me to pop in! 🍽️"
10904744,20.0,,Papir,Kuverter,1,5,pk.,Netto,https://static.tilbudsugen.dk/1st-retail/2026/2/64322/Netto022026-1_36_2523x1906_4856x3609_zoom.jpg,2026-01-02,2026-01-09,https://res.cloudinary.com/dfqzmnlga/image/upload/v1767346925/2026-01-02/10904744.jpg,Envelopes,"✨ Unfold your thoughts, one seal at a time. ✨"
10904794,25.0,,Opbevaring,Bøjler,1,6,pk.,Netto,https://static.tilbudsugen.dk/1st-retail/2026/2/64322/Netto022026-1_37_71x516_1763x1977_zoom.jpg,2026-01-02,2026-01-09,https://res.cloudinary.com/dfqzmnlga/image/upload/v1767346925/2026-01-02/10904794.jpg,Columns,Columns make the world more organized and fun—just like a well-structured conversation. 📊✨
10904611,20.0,,Køkkenartikler,Opbevaringsboks,1,4,pk.,Netto,https://static.tilbudsugen.dk/1st-retail/2026/2/64322/Netto022026-1_32_160x255_1698x1805_zoom.jpg,2026-01-02,2026-01-09,https://res.cloudinary.com/dfqzmnlga/image/upload/v1767346926/2026-01-02/10904611.jpg,Storage box,📦 Treasure chest of forgotten memories and endless possibilities! 🛋️
10904797,20.0,,Hundefoder,Hundefoder,1,4,ps.,Netto,https://static.tilbudsugen.dk/1st-retail/2026/2/64322/Netto022026-1_26_2491x4708_4874x6869_zoom.jpg,2026-01-02,2026-01-09,https://res.cloudinary.com/dfqzmnlga/image/upload/v1767346926/2026-01-02/10904797.jpg,Dog feed,"Bark at the chaos, feed the fun—my job is to keep your dog happy and your vibe alive! 🐾"
10904293,5.0,,Grønt,Agurk,1,1,stk.,Netto,https://static.tilbudsugen.dk/1st-retail/2026/2/64322/Netto022026-1_1_82x1458_2375x2860_zoom.jpg,2026-01-02,2026-01-09,https://res.cloudinary.com/dfqzmnlga/image/upload/v1767346926/2026-01-02/10904293.jpg,Agurk,"A spicy, sweet twist on a cucumber, Agurk is the flavor that turns ordinary into extraordinary 🍅✨"
10904847,25.0,,Køkkenartikler,Plastikbøtter,1,5,pk.,Netto,https://static.tilbudsugen.dk/1st-retail/2026/2/64322/Netto022026-1_29_206x872_3258x3397_zoom.jpg,2026-01-02,2026-01-09,https://res.cloudinary.com/dfqzmnlga/image/upload/v1767346927/2026-01-02/10904847.jpg,Plastic buckets,Bucket master | 🛋️
10904294,5.0,Bell's,Gryn,Finvalsede Havregryn ,1,1,ps.,Netto,https://static.tilbudsugen.dk/1st-retail/2026/2/64322/Netto022026-1_1_58x4692_2697x6696_zoom.jpg,2026-01-02,2026-01-09,https://res.cloudinary.com/dfqzmnlga/image/upload/v1767346927/2026-01-02/10904294.jpg,Fine-rolled oatmeal,✨ Satisfy your mornings with a sprinkle of perfection—fine-rolled oatmeal that's as smooth as a dream. 🌟
10904481,5.0,,Frugt,Grapefrugt,1,1,stk.,Netto,https://static.tilbudsugen.dk/1st-retail/2026/2/64322/Netto022026-1_8_25x3009_1773x4758_zoom.jpg,2026-01-02,2026-01-09,https://res.cloudinary.com/dfqzmnlga/image/upload/v1767346928/2026-01-02/10904481.jpg,Grapefruit,"Tart and tangy, with a twist of mischief—because every bite tells a story. 🍑"
10904578,12.0,Gluten Flour,Mel & Melblandinger,Hvedemel,1,2,pk.,Netto,https://static.tilbudsugen.dk/1st-retail/2026/2/64322/Netto022026-1_20_102x998_1670x3155_zoom.jpg,2026-01-02,2026-01-09,https://res.cloudinary.com/dfqzmnlga/image/upload/v1767346928/2026-01-02/10904578.jpg,Wheat flour,Bread-making wizard with a sweet tooth and a knack for turning simple ingredients into something amazing. 🍞
10904859,25.0,,Køkkenartikler,Opbevaringsboks,1,4,pk.,Netto,https://static.tilbudsugen.dk/1st-retail/2026/2/64322/Netto022026-1_30_3167x4947_4784x6630_zoom.jpg,2026-01-02,2026-01-09,https://res.cloudinary.com/dfqzmnlga/image/upload/v1767346928/2026-01-02/10904859.jpg,Storage box,📦 Treasure trove of forgotten memories and forgotten goods! 📦✨
10904745,39.0,Colgate,Tandpleje,Tandbørste,1,6,pk.,Netto,https://static.tilbudsugen.dk/1st-retail/2026/2/64322/Netto022026-1_23_0x2753_1757x4840_zoom.jpg,2026-01-02,2026-01-09,https://res.cloudinary.com/dfqzmnlga/image/upload/v1767346929/2026-01-02/10904745.jpg,Toothbrush,Brushing away the day's mess with a smile and a spark of fun. 🧴✨
10904802,20.0,,Skotilbehør,Duftpose,1,3,pk.,Netto,https://static.tilbudsugen.dk/1st-retail/2026/2/64322/Netto022026-1_37_1751x481_3229x1947_zoom.jpg,2026-01-02,2026-01-09,https://res.cloudinary.com/dfqzmnlga/image/upload/v1767346929/2026-01-02/10904802.jpg,Scent bag,"Smell the magic of your day with me—just a little bit of scent, a lot of fun. 🌟"
10904564,7.0,Kingsway,Koncentreret Saft,Solbær Frugtdrik,1,1,fl.,Netto,https://static.tilbudsugen.dk/1st-retail/2026/2/64322/Netto022026-1_19_26x749_2573x4992_zoom.jpg,2026-01-02,2026-01-09,https://res.cloudinary.com/dfqzmnlga/image/upload/v1767346930/2026-01-02/10904564.jpg,Currants Fruit drink,"Sour, sweet, and slightly tangy—perfect for a rainy day with a good book. 🍒"
10904561,7.0,Kingsway,Koncentreret Saft,Hyldeblomst drik,1,1,fl.,Netto,https://static.tilbudsugen.dk/1st-retail/2026/2/64322/Netto022026-1_19_26x749_2573x4992_zoom.jpg,2026-01-02,2026-01-09,https://res.cloudinary.com/dfqzmnlga/image/upload/v1767346930/2026-01-02/10904561.jpg,Elderflower Drink,"Sip, savor, and sip again—because life's too short for dull drinks! 🍷"
10904565,7.0,Kingsway,Koncentreret Saft,Hindbær Frugtdrik,1,1,fl.,Netto,https://static.tilbudsugen.dk/1st-retail/2026/2/64322/Netto022026-1_19_26x749_2573x4992_zoom.jpg,2026-01-02,2026-01-09,https://res.cloudinary.com/dfqzmnlga/image/upload/v1767346930/2026-01-02/10904565.jpg,Raspberries Fruit drink,"Sip, savor, and spark joy with every raspberry burst—nature's sweetest punch! 🍓✨"
10904566,7.0,Kingsway,Koncentreret Saft,Sport Frugtdrik,1,1,fl.,Netto,https://static.tilbudsugen.dk/1st-retail/2026/2/64322/Netto022026-1_19_26x749_2573x4992_zoom.jpg,2026-01-02,2026-01-09,https://res.cloudinary.com/dfqzmnlga/image/upload/v1767346931/2026-01-02/10904566.jpg,Sport Fruit Drink,"Sip, savor, and stay energized with Sport Fruit Drink 🍌💥"
10904567,7.0,Kingsway,Koncentreret Saft,Jordbær Frugtdrik,1,1,fl.,Netto,https://static.tilbudsugen.dk/1st-retail/2026/2/64322/Netto022026-1_19_26x749_2573x4992_zoom.jpg,2026-01-02,2026-01-09,https://res.cloudinary.com/dfqzmnlga/image/upload/v1767346931/2026-01-02/10904567.jpg,Strawberries Fruit drink,"Sip, savor, and smile—strawberries in every sip! 🍓✨"
10904668,15.0,,Skotilbehør,Duftkugler,1,2,pk.,Netto,https://static.tilbudsugen.dk/1st-retail/2026/2/64322/Netto022026-1_34_237x5206_2457x6744_zoom.jpg,2026-01-02,2026-01-09,https://res.cloudinary.com/dfqzmnlga/image/upload/v1767346932/2026-01-02/10904668.jpg,Scent balls,Scent the air with my irresistible charm 🌸
10904421,15.0,0 Kalorier,Sodavand,Sportssodavand,1,2,fl.,Netto,https://static.tilbudsugen.dk/1st-retail/2026/2/64322/Netto022026-1_5_2285x2464_4825x4708_zoom.jpg,2026-01-02,2026-01-09,https://res.cloudinary.com/dfqzmnlga/image/upload/v1767346932/2026-01-02/10904421.jpg,Sports soda,"Sip, sprint, and stay ahead—because sports soda is the fuel you need to win! 🎉"
10904662,15.0,,Skotilbehør,Indlægssål,1,2,pk.,Netto,https://static.tilbudsugen.dk/1st-retail/2026/2/64322/Netto022026-1_34_237x5206_2457x6744_zoom.jpg,2026-01-02,2026-01-09,https://res.cloudinary.com/dfqzmnlga/image/upload/v1767346932/2026-01-02/10904662.jpg,Inlay,✨ A tiny masterpiece that holds the secrets of the universe in its intricate design. ✨
10904787,30.0,Faber-Castell,Skriveartikler,Overstregningstusch,1,4,pk.,Netto,https://static.tilbudsugen.dk/1st-retail/2026/2/64322/Netto022026-1_36_178x226_2452x1882_zoom.jpg,2026-01-02,2026-01-09,https://res.cloudinary.com/dfqzmnlga/image/upload/v1767346933/2026-01-02/10904787.jpg,Crossing stusch,Crossing stusch: The ultimate guide to navigating life's twists and turns with a smile. 🌟
10904418,15.0,Faxe Kondi,Sodavand,Sportssodavand,1,2,fl.,Netto,https://static.tilbudsugen.dk/1st-retail/2026/2/64322/Netto022026-1_5_2285x2464_4825x4708_zoom.jpg,2026-01-02,2026-01-09,https://res.cloudinary.com/dfqzmnlga/image/upload/v1767346933/2026-01-02/10904418.jpg,Sports soda,"Sip, sprint, and stay fueled—because life's too short for boring drinks! 🍸"
10904420,15.0,Pepsi,Sodavand,Cola,1,2,fl.,Netto,https://static.tilbudsugen.dk/1st-retail/2026/2/64322/Netto022026-1_5_2285x2464_4825x4708_zoom.jpg,2026-01-02,2026-01-09,https://res.cloudinary.com/dfqzmnlga/image/upload/v1767346934/2026-01-02/10904420.jpg,Cola,"Fizzing with fun, I pop up anytime you need a little extra spark to your day. 🚀"
10904801,10.0,,Hundefoder,Hundefoder,1,1,ds.,Netto,https://static.tilbudsugen.dk/1st-retail/2026/2/64322/Netto022026-1_26_1650x2192_3184x4832_zoom.jpg,2026-01-02,2026-01-09,https://res.cloudinary.com/dfqzmnlga/image/upload/v1767346934/2026-01-02/10904801.jpg,Dog feed,"Bark at the chaos, feed the fun—because every bite is a victory! 🐾"
10904770,5.0,Hello Sensitive,Rengøringsmidler,Tekstilpleje,1,0,fl.,Netto,https://static.tilbudsugen.dk/1st-retail/2026/2/64322/Netto022026-1_24_49x2893_1542x4667_zoom.jpg,2026-01-02,2026-01-09,https://res.cloudinary.com/dfqzmnlga/image/upload/v1767346935/2026-01-02/10904770.jpg,Textile care services,"✨ Wash your clothes, but we do the work! ✨"
10904857,25.0,,Boligtekstiler,Viskestykke,1,3,pk.,Netto,https://static.tilbudsugen.dk/1st-retail/2026/2/64322/Netto022026-1_30_1625x5005_3241x6622_zoom.jpg,2026-01-02,2026-01-09,https://res.cloudinary.com/dfqzmnlga/image/upload/v1767346935/2026-01-02/10904857.jpg,Teapot,"✨ Brew your own magic with a teapot—sips, sips, sips! ✨"
10904508,25.0,Magnum,Multipak,Double Sunlover Ispinde,1,3,pk.,Netto,https://static.tilbudsugen.dk/1st-retail/2026/2/64322/Netto022026-1_15_3247x4773_4998x6833_zoom.jpg,2026-01-01,2026-01-31,https://res.cloudinary.com/dfqzmnlga/image/upload/v1767346936/2026-01-02/10904508.jpg,Double Sunlover Ispine,"Sunshine-loving, sun-kissed, and always ready to embrace the day with a warm, radiant smile ☀️"
10904506,25.0,Magnum,Multipak,Wonder Ispinde ,1,3,pk.,Netto,https://static.tilbudsugen.dk/1st-retail/2026/2/64322/Netto022026-1_15_3247x4773_4998x6833_zoom.jpg,2026-01-01,2026-01-31,https://res.cloudinary.com/dfqzmnlga/image/upload/v1767346937/2026-01-02/10904506.jpg,Wonder Ispine,✨ The only thing better than a perfect day is a perfect day with a Wonder Ispine by your side! ✨
10904509,25.0,Magnum,Multipak,Ispinde,1,3,pk.,Netto,https://static.tilbudsugen.dk/1st-retail/2026/2/64322/Netto022026-1_15_3247x4773_4998x6833_zoom.jpg,2026-01-01,2026-01-31,https://res.cloudinary.com/dfqzmnlga/image/upload/v1767346937/2026-01-02/10904509.jpg,Popsicles,Melt into your day with a popsicle twist! 🍦
10904806,20.0,,Kattefoder,Kattefoder,1,2,pk.,Netto,https://static.tilbudsugen.dk/1st-retail/2026/2/64322/Netto022026-1_26_2491x4708_4874x6869_zoom.jpg,2026-01-02,2026-01-09,https://res.cloudinary.com/dfqzmnlga/image/upload/v1767346938/2026-01-02/10904806.jpg,Cat food,"🐾 Cat food: the perfect snack for curious, playful, and ever-enthusiastic cats! 🐾"
10904324,10.0,Nektar,Juice,Morgenmild Juice,1,1,krt.,Netto,https://static.tilbudsugen.dk/1st-retail/2026/2/64322/Netto022026-1_2_25x97_2573x2415_zoom.jpg,2026-01-02,2026-01-09,https://res.cloudinary.com/dfqzmnlga/image/upload/v1767346938/2026-01-02/10904324.jpg,Morning Mild Juice,"✨ Wake up, refresh, and rev up your day with a splash of vitality! ✨"
10904832,20.0,,Køkkenredskaber,Olie/eddike flaske,1,2,pk.,Netto,https://static.tilbudsugen.dk/1st-retail/2026/2/64322/Netto022026-1_28_223x97_1839x1978_zoom.jpg,2026-01-02,2026-01-09,https://res.cloudinary.com/dfqzmnlga/image/upload/v1767346938/2026-01-02/10904832.jpg,Oil / vinegar bottle,✨ Pouring passion into every drop — because oil and vinegar know what they're doing. ✨
10904320,10.0,Nektar,Juice,Appelsinjuice,1,1,krt.,Netto,https://static.tilbudsugen.dk/1st-retail/2026/2/64322/Netto022026-1_2_25x97_2573x2415_zoom.jpg,2026-01-02,2026-01-09,https://res.cloudinary.com/dfqzmnlga/image/upload/v1767346939/2026-01-02/10904320.jpg,Orange juice,"Sip on sunshine, always. 🍊"
10904323,10.0,Nektar,Juice,Æblejuice,1,1,krt.,Netto,https://static.tilbudsugen.dk/1st-retail/2026/2/64322/Netto022026-1_2_25x97_2573x2415_zoom.jpg,2026-01-02,2026-01-09,https://res.cloudinary.com/dfqzmnlga/image/upload/v1767346939/2026-01-02/10904323.jpg,Apple juice,"Sip on the sweetest joy, fresh and vibrant—nature's perfect punch. 🍎✨"
10904751,30.0,,Diverse kontorartikler,Tape,1,3,stk.,Netto,https://static.tilbudsugen.dk/1st-retail/2026/2/64322/Netto022026-1_36_2523x1906_4856x3609_zoom.jpg,2026-01-02,2026-01-09,https://res.cloudinary.com/dfqzmnlga/image/upload/v1767346940/2026-01-02/10904751.jpg,Tape,"Tape: Glue the moment to memory, one sticky note at a time. 🧾"
10904803,50.0,,Fuglefrø,Fuglefoder,1,4,sp.,Netto,https://static.tilbudsugen.dk/1st-retail/2026/2/64322/Netto022026-1_26_3250x1516_4907x3413_zoom.jpg,2026-01-02,2026-01-09,https://res.cloudinary.com/dfqzmnlga/image/upload/v1767346940/2026-01-02/10904803.jpg,Bird feed,"Sip on the sweetest sounds with a sprinkle of joy — I'm the bird feed, bringing melodies to your doorstep. 🐦🎶"
10904716,69.0,0 Kalorier,Sodavand,Sportssodavand 18 pk.,18,0,ds.,Netto,https://static.tilbudsugen.dk/1st-retail/2026/2/64322/Netto022026-1_22_3233x4815_4973x6886_zoom.jpg,2026-01-02,2026-01-31,https://res.cloudinary.com/dfqzmnlga/image/upload/v1767346941/2026-01-02/10904716.jpg,Sports soda 18 pk.,"Sip, sprint, and smile—sports soda keeps you fueled! 🎉"
10904715,69.0,Pepsi Max,Sodavand,Cola 18 pk.,18,0,ds.,Netto,https://static.tilbudsugen.dk/1st-retail/2026/2/64322/Netto022026-1_22_3233x4815_4973x6886_zoom.jpg,2026-01-02,2026-01-31,https://res.cloudinary.com/dfqzmnlga/image/upload/v1767346941/2026-01-02/10904715.jpg,Cola 18 pk.,"Fizzing fun, never boring — 🐾"
10904710,99.0,Squash,Sodavand,Sportssodavand Citron Lime Sukkerfri 24 pk.,24,0,ds.,Netto,https://static.tilbudsugen.dk/1st-retail/2026/2/64322/Netto022026-1_22_1270x658_2911x2893_zoom.jpg,2026-01-02,2026-01-09,https://res.cloudinary.com/dfqzmnlga/image/upload/v1767346942/2026-01-02/10904710.jpg,Sports soda Lemon Lime Sugar-free 24 pk.,"Sip, splash, and sweeten your day with a twist—soda, lime, and sugar-free flair! 🍹✨"
10904688,99.0,Squash,Sodavand,Ferskensodavand Sukkerfri 24 pk.,24,0,ds.,Netto,https://static.tilbudsugen.dk/1st-retail/2026/2/64322/Netto022026-1_22_1270x658_2911x2893_zoom.jpg,2026-01-02,2026-01-09,https://res.cloudinary.com/dfqzmnlga/image/upload/v1767346943/2026-01-02/10904688.jpg,Peach soda Sugar-free 24 pk.,Peach soda sugar-free 24 pk. 🍑✨
10904686,99.0,Squash Orange,Sodavand,Appelsinsodavand 24 pk.,24,0,ds.,Netto,https://static.tilbudsugen.dk/1st-retail/2026/2/64322/Netto022026-1_22_1270x658_2911x2893_zoom.jpg,2026-01-02,2026-01-09,https://res.cloudinary.com/dfqzmnlga/image/upload/v1767346943/2026-01-02/10904686.jpg,Orange soda 24 pk.,"Citrusy refreshment, perfect for any occasion 🍊"
10904311,5.0,ØGO,Grønt,Hakkede Tomater,1,0,ds.,Netto,https://static.tilbudsugen.dk/1st-retail/2026/2/64322/Netto022026-1_1_8x2737_2639x4799_zoom.jpg,2026-01-02,2026-01-09,https://res.cloudinary.com/dfqzmnlga/image/upload/v1767346943/2026-01-02/10904311.jpg,Chicked Tomatoes,Chicked Tomatoes: The ultimate flavor bomb that turns every meal into a celebration 🍅✨
10904455,5.0,ØGO,Grønt,Tomater,1,0,ds.,Netto,https://static.tilbudsugen.dk/1st-retail/2026/2/64322/Netto022026-1_7_3612x3347_4866x5104_zoom.jpg,2026-01-02,2026-01-09,https://res.cloudinary.com/dfqzmnlga/image/upload/v1767346944/2026-01-02/10904455.jpg,Tomatoes,"Red, juicy, and ready to burst—perfect for any salad or snack! 🍅"
10904315,5.0,ØGO,Grønt,Hakkede Tomater med urter,1,0,ds.,Netto,https://static.tilbudsugen.dk/1st-retail/2026/2/64322/Netto022026-1_1_8x2737_2639x4799_zoom.jpg,2026-01-02,2026-01-09,https://res.cloudinary.com/dfqzmnlga/image/upload/v1767346944/2026-01-02/10904315.jpg,Chicked Tomatoes with Herbs,"Chicked Tomatoes with Herbs — the perfect blend of flavor and freshness, served with a side of joy. 🍅🌿"
10904814,25.0,,Køkkenartikler,Plastflasker,1,2,pk.,Netto,https://static.tilbudsugen.dk/1st-retail/2026/2/64322/Netto022026-1_27_3241x246_4726x1854_zoom.jpg,2026-01-02,2026-01-09,https://res.cloudinary.com/dfqzmnlga/image/upload/v1767346945/2026-01-02/10904814.jpg,Plastic bottles,✨ Eco-friendly trash collector with a side of sparkle and a mission to make recycling fun!
10904777,13.0,Hello Sensitive,Skyllemiddel,Skyllemiddel,1,1,fl.,Netto,https://static.tilbudsugen.dk/1st-retail/2026/2/64322/Netto022026-1_24_1468x2770_3002x4617_zoom.jpg,2026-01-02,2026-01-09,https://res.cloudinary.com/dfqzmnlga/image/upload/v1767346945/2026-01-02/10904777.jpg,Sliding agent,"✨ Sliding agent – making movement smoother, one smooth step at a time! ✨"
10904836,40.0,,Køkkenartikler,Flaske,1,3,pk.,Netto,https://static.tilbudsugen.dk/1st-retail/2026/2/64322/Netto022026-1_28_1749x1887_3299x3586_zoom.jpg,2026-01-02,2026-01-09,https://res.cloudinary.com/dfqzmnlga/image/upload/v1767346945/2026-01-02/10904836.jpg,Bottle,"✨ One bottle, full of adventures and memories. 🍹"
10904314,14.0,Yoggi,Syrnet morgenmad,Kirsebær Yoghurt ,1,1,stk.,Netto,https://static.tilbudsugen.dk/1st-retail/2026/2/64322/Netto022026-1_13_522x754_3152x2796_zoom.jpg,2026-01-02,2026-01-09,https://res.cloudinary.com/dfqzmnlga/image/upload/v1767346946/2026-01-02/10904314.jpg,Cherries Yogurt,"Cherries Yogurt: Suckle sweet, conquer the day with a tangy twist! 🍒✨"
10904317,14.0,Yoggi,Syrnet morgenmad,Pære & Banan Yoghurt ,1,1,stk.,Netto,https://static.tilbudsugen.dk/1st-retail/2026/2/64322/Netto022026-1_13_522x754_3152x2796_zoom.jpg,2026-01-02,2026-01-09,https://res.cloudinary.com/dfqzmnlga/image/upload/v1767346946/2026-01-02/10904317.jpg,Pear & Banan Yogurt,"Sip on the sweetest flavor—pear and banana in every bite, topped with a dash of joy. 🍌 Yogurt 🍬"
10904496,14.0,Herkules,Rugbrød i Skiver,Rugbrødsskiver,1,1,pk.,Netto,https://static.tilbudsugen.dk/1st-retail/2026/2/64322/Netto022026-1_14_3294x671_4968x2844_zoom.jpg,2026-01-02,2026-01-09,https://res.cloudinary.com/dfqzmnlga/image/upload/v1767346947/2026-01-02/10904496.jpg,Rye bread slices,"Crumbly delight, perfect for a morning ritual ☕️"
10904318,14.0,Yoggi,Syrnet morgenmad,Jordbær Yoghurt ,1,1,stk.,Netto,https://static.tilbudsugen.dk/1st-retail/2026/2/64322/Netto022026-1_13_522x754_3152x2796_zoom.jpg,2026-01-02,2026-01-09,https://res.cloudinary.com/dfqzmnlga/image/upload/v1767346947/2026-01-02/10904318.jpg,Strawberries Yogurt,"Savor the sweetest blend of joy and tangy delight, 🍓🌟"
10904494,14.0,Kohberg,Rugbrød i Skiver,Solsikkerugbrød,1,1,pk.,Netto,https://static.tilbudsugen.dk/1st-retail/2026/2/64322/Netto022026-1_14_3294x671_4968x2844_zoom.jpg,2026-01-02,2026-01-09,https://res.cloudinary.com/dfqzmnlga/image/upload/v1767346948/2026-01-02/10904494.jpg,"Sunflower-seed oil and its fractions, whether or not refined, but not chemically modified","Golden liquid sunshine, vibrant and unfiltered, glowing with nature's purest essence. 🌟"
10904551,11.9,ØGO,Grønt,Gulerødder,1,0,ps.,Netto,https://static.tilbudsugen.dk/1st-retail/2026/2/64322/Netto022026-1_17_1971x723_4915x4019_zoom.jpg,2026-01-02,2026-01-09,https://res.cloudinary.com/dfqzmnlga/image/upload/v1767346948/2026-01-02/10904551.jpg,Carrots,"Chill with me, I'm the root of all fresh, vibrant, and healthy vibes 🥕"
10904739,30.0,,Opbevaring,Opbevaringskasse,1,2,stk.,Netto,https://static.tilbudsugen.dk/1st-retail/2026/2/64322/Netto022026-1_36_184x3443_2333x5284_zoom.jpg,2026-01-02,2026-01-09,https://res.cloudinary.com/dfqzmnlga/image/upload/v1767346949/2026-01-02/10904739.jpg,Storage box,📦 Treasure chest of forgotten memories and endless possibilities! 🛍️
10904631,15.0,Valsemøllen,Mel & Melblandinger,Manitobamel,1,1,ps.,Netto,https://static.tilbudsugen.dk/1st-retail/2026/2/64322/Netto022026-1_21_3200x2415_4957x4650_zoom.jpg,2026-01-02,2026-01-09,https://res.cloudinary.com/dfqzmnlga/image/upload/v1767346949/2026-01-02/10904631.jpg,Manitobamel,Manitobamel: The only one who can make your day better with a little help from the wild! 🌿
10904691,30.0,,Skotilbehør,Indlægssål,1,2,pk.,Netto,https://static.tilbudsugen.dk/1st-retail/2026/2/64322/Netto022026-1_34_2552x5200_4701x6780_zoom.jpg,2026-01-02,2026-01-09,https://res.cloudinary.com/dfqzmnlga/image/upload/v1767346949/2026-01-02/10904691.jpg,Inlay,"✨ A tiny masterpiece that fits perfectly in any space, blending art and function. ✨"
10904544,15.0,Klar & Klassisk,Klar Suppe,Oksekødssuppe,1,1,pk.,Netto,https://static.tilbudsugen.dk/1st-retail/2026/2/64322/Netto022026-1_16_3259x2802_4945x4767_zoom.jpg,2026-01-02,2026-01-09,https://res.cloudinary.com/dfqzmnlga/image/upload/v1767346950/2026-01-02/10904544.jpg,Beef soup,"Sippin' on flavor, one bowl at a time ☕️"
10904543,15.0,Klar & Klassisk,Klar Suppe,Hønsekødssuppe,1,1,pk.,Netto,https://static.tilbudsugen.dk/1st-retail/2026/2/64322/Netto022026-1_16_3259x2802_4945x4767_zoom.jpg,2026-01-02,2026-01-09,https://res.cloudinary.com/dfqzmnlga/image/upload/v1767346950/2026-01-02/10904543.jpg,Chicken meat soup,"Savoring the perfect blend of flavor and warmth, 🍳"
10904452,15.0,ØGO,Grønt,Rodfrugter,1,1,ps.,Netto,https://static.tilbudsugen.dk/1st-retail/2026/2/64322/Netto022026-1_7_3579x1763_4932x3240_zoom.jpg,2026-01-02,2026-01-09,https://res.cloudinary.com/dfqzmnlga/image/upload/v1767346951/2026-01-02/10904452.jpg,Root and tuber vegetables,"Root and tuber veggies: nature's sweet, starchy surprise! 🌱✨"
10904848,30.0,,Køkkenredskaber,Dørslag,1,2,stk.,Netto,https://static.tilbudsugen.dk/1st-retail/2026/2/64322/Netto022026-1_29_3274x1829_4808x3413_zoom.jpg,2026-01-02,2026-01-09,https://res.cloudinary.com/dfqzmnlga/image/upload/v1767346951/2026-01-02/10904848.jpg,Door beats,Door beats 🛍️
10904627,15.0,Valsemøllen,Mel & Melblandinger,Rugmel,1,1,ps.,Netto,https://static.tilbudsugen.dk/1st-retail/2026/2/64322/Netto022026-1_21_3200x2415_4957x4650_zoom.jpg,2026-01-02,2026-01-09,https://res.cloudinary.com/dfqzmnlga/image/upload/v1767346952/2026-01-02/10904627.jpg,Rye flour,Rye flour: The bread that turns chaos into charm 🍞
10904630,15.0,Valsemøllen,Mel & Melblandinger,Tipo 00 Hvedemel,1,1,ps.,Netto,https://static.tilbudsugen.dk/1st-retail/2026/2/64322/Netto022026-1_21_3200x2415_4957x4650_zoom.jpg,2026-01-02,2026-01-09,https://res.cloudinary.com/dfqzmnlga/image/upload/v1767346952/2026-01-02/10904630.jpg,Tipo 00 Wheat flour,"A perfect blend of softness and strength, ready to elevate any recipe with a touch of elegance. 🍞"
10904475,15.0,ØGO,Frugt,Appelsiner,1,1,ps.,Netto,https://static.tilbudsugen.dk/1st-retail/2026/2/64322/Netto022026-1_8_190x699_3299x2918_zoom.jpg,2026-01-02,2026-01-09,https://res.cloudinary.com/dfqzmnlga/image/upload/v1767346953/2026-01-02/10904475.jpg,Oranges,"Tropical sunshine in every bite, juicy and vibrant, 🍊"
10904298,5.0,Citrus,Kildevand m/u brus,Mineralvand med brus og citrus,1,0,ds.,Netto,https://static.tilbudsugen.dk/1st-retail/2026/2/64322/Netto022026-1_1_2433x4782_4949x6696_zoom.jpg,2026-01-02,2026-01-09,https://res.cloudinary.com/dfqzmnlga/image/upload/v1767346953/2026-01-02/10904298.jpg,Mineral waters with brush and citrus,"Sip, scrub, and refresh with a dash of citrus—perfect for any day. 🍋"
10904297,5.0,Hyldeblomst-Lime,Kildevand m/u brus,"Mineralvand med brus, hyldeblomst og lime",1,0,ds.,Netto,https://static.tilbudsugen.dk/1st-retail/2026/2/64322/Netto022026-1_1_2433x4782_4949x6696_zoom.jpg,2026-01-02,2026-01-09,https://res.cloudinary.com/dfqzmnlga/image/upload/v1767346954/2026-01-02/10904297.jpg,"Mineral water with shower, elderflower and lime","Fizz, fizzy, and fresh—like a shower, elderflower, and lime in one drink! 🌿💦"
10904479,16.0,ØGO,Grønt,Spidskål,1,1,stk.,Netto,https://static.tilbudsugen.dk/1st-retail/2026/2/64322/Netto022026-1_8_3250x600_4982x2918_zoom.jpg,2026-01-02,2026-01-09,https://res.cloudinary.com/dfqzmnlga/image/upload/v1767346954/2026-01-02/10904479.jpg,Chinese cabbages/pe-tsai,"A vibrant, fiery burst of flavor that brings the whole kitchen to life — 🌱🔥"
10904602,12.0,ØGO,Gryn,Finvalsede Havregryn ,1,0,pk.,Netto,https://static.tilbudsugen.dk/1st-retail/2026/2/64322/Netto022026-1_20_2677x5016_4915x6726_zoom.jpg,2026-01-02,2026-01-09,https://res.cloudinary.com/dfqzmnlga/image/upload/v1767346955/2026-01-02/10904602.jpg,Fine-rolled oatmeal,"✨ Flaky, fluffy, and perfect for any breakfast — just add your favorite toppings! ✨"
10904556,6.87,La Campagna,Saucer,Pizzasauce Basilikum,1,0,pk.,Netto,https://static.tilbudsugen.dk/1st-retail/2026/2/64322/Netto022026-1_18_0x3987_2009x6887_zoom.jpg,2026-01-02,2026-01-09,https://res.cloudinary.com/dfqzmnlga/image/upload/v1767346955/2026-01-02/10904556.jpg,Pizza sauce Basil,"Savor the perfect blend of basil and pizza—fresh, bold, and unforgettable. 🍴✨"
10904330,19.0,Frugtkompagniet,Juice,Æblejuice,1,1,fl.,Netto,https://static.tilbudsugen.dk/1st-retail/2026/2/64322/Netto022026-1_13_42x2796_1674x4886_zoom.jpg,2026-01-02,2026-01-09,https://res.cloudinary.com/dfqzmnlga/image/upload/v1767346955/2026-01-02/10904330.jpg,Apple juice,Tropical fruit smoothie enthusiast | 🍑✨
10904327,19.0,Frugtkompagniet,Juice,Appelsinjuice,1,1,fl.,Netto,https://static.tilbudsugen.dk/1st-retail/2026/2/64322/Netto022026-1_13_42x2796_1674x4886_zoom.jpg,2026-01-02,2026-01-09,https://res.cloudinary.com/dfqzmnlga/image/upload/v1767346956/2026-01-02/10904327.jpg,Orange juice,"Sip, savor, and sparkle—orange juice is the perfect energy boost. 🍊"
10904331,19.0,Frugtkompagniet,Juice,Multifrugtjuice,1,1,fl.,Netto,https://static.tilbudsugen.dk/1st-retail/2026/2/64322/Netto022026-1_13_42x2796_1674x4886_zoom.jpg,2026-01-02,2026-01-09,https://res.cloudinary.com/dfqzmnlga/image/upload/v1767346956/2026-01-02/10904331.jpg,Multi fruit juice,"Sip, savor, and smile—multi fruit juice is the ultimate flavor boost! 🍓✨"
10904309,5.0,ØGO,Grønt,Bønner,1,0,ds.,Netto,https://static.tilbudsugen.dk/1st-retail/2026/2/64322/Netto022026-1_1_8x2737_2639x4799_zoom.jpg,2026-01-02,2026-01-09,https://res.cloudinary.com/dfqzmnlga/image/upload/v1767346956/2026-01-02/10904309.jpg,Beans,"Bean-bag bombshell, ready to crush your day with a hearty, heartwarming vibe. 🌱✨"
10904519,15.0,Chef de Pomme,Kartofler,Pommes Frites Slim,1,0,ps.,Netto,https://static.tilbudsugen.dk/1st-retail/2026/2/64322/Netto022026-1_15_0x2909_1710x4838_zoom.jpg,2026-01-02,2026-01-09,https://res.cloudinary.com/dfqzmnlga/image/upload/v1767346957/2026-01-02/10904519.jpg,Pommes Frites Slim,"Savory, crispy, and effortlessly slim—perfect for any snack moment. 🍔✨"
10904357,10.0,Mountain Blast Zero,Energi- Sports- & Vitamindrikke,Sportsdrik,1,0,fl.,Netto,https://static.tilbudsugen.dk/1st-retail/2026/2/64322/Netto022026-1_2_25x97_2573x2415_zoom.jpg,2026-01-02,2026-01-09,https://res.cloudinary.com/dfqzmnlga/image/upload/v1767346958/2026-01-02/10904357.jpg,Sports drink,"Sip, sweat, and shine—because life's too short for flat tires! 🍸"
10904304,5.0,Bon Asia,Nudler,Nudler,1,0,pk.,Netto,https://static.tilbudsugen.dk/1st-retail/2026/2/64322/Netto022026-1_1_2474x2852_4916x4758_zoom.jpg,2026-01-02,2026-01-09,https://res.cloudinary.com/dfqzmnlga/image/upload/v1767346958/2026-01-02/10904304.jpg,Noodles,"Soy como un noodles: flexible, tasty, and always ready to make a meal! 🍜"
10904760,20.0,Ajax,Rengøringsmidler,Rengøring - universal,1,1,fl.,Netto,https://static.tilbudsugen.dk/1st-retail/2026/2/64322/Netto022026-1_23_1674x4774_3332x6861_zoom.jpg,2026-01-02,2026-01-09,https://res.cloudinary.com/dfqzmnlga/image/upload/v1767346958/2026-01-02/10904760.jpg,Cleaning - universal,"✨ Clean up, clean up, clean up! ✨"
10904459,10.0,La Campagna,Pasta,Lasagneplader,1,0,pk.,Netto,https://static.tilbudsugen.dk/1st-retail/2026/2/64322/Netto022026-1_7_1179x3388_2516x5038_zoom.jpg,2026-01-02,2026-01-09,https://res.cloudinary.com/dfqzmnlga/image/upload/v1767346959/2026-01-02/10904459.jpg,Lasagne plates,"Savoring the perfect layer of flavor, one plate at a time 🍝"
10904352,10.0,Mountain Blast,Energi- Sports- & Vitamindrikke,Sportsdrik,1,0,fl.,Netto,https://static.tilbudsugen.dk/1st-retail/2026/2/64322/Netto022026-1_2_25x97_2573x2415_zoom.jpg,2026-01-02,2026-01-09,https://res.cloudinary.com/dfqzmnlga/image/upload/v1767346960/2026-01-02/10904352.jpg,Sports drink,"Hydrate and hype, anytime, anywhere! 🌟"
10904394,20.0,Heinz,Ketchup,Ketchup,1,1,fl.,Netto,https://static.tilbudsugen.dk/1st-retail/2026/2/64322/Netto022026-1_4_470x2448_2672x4584_zoom.jpg,2026-01-02,2026-01-09,https://res.cloudinary.com/dfqzmnlga/image/upload/v1767346960/2026-01-02/10904394.jpg,Ketchup,"Red, tangy, and always ready to mingle — the perfect partner for any delicious meal! 🍐"
10904305,5.0,ØGO,Grønt,Kikærter,1,0,ds.,Netto,https://static.tilbudsugen.dk/1st-retail/2026/2/64322/Netto022026-1_1_8x2737_2639x4799_zoom.jpg,2026-01-02,2026-01-09,https://res.cloudinary.com/dfqzmnlga/image/upload/v1767346961/2026-01-02/10904305.jpg,Chickpeas,"Spicy, nutty, and ready to spice up your day 🌮"
10904792,25.0,,Kattefoder,Kattefoder,1,1,pk.,Netto,https://static.tilbudsugen.dk/1st-retail/2026/2/64322/Netto022026-1_26_8x2101_1699x4906_zoom.jpg,2026-01-02,2026-01-09,https://res.cloudinary.com/dfqzmnlga/image/upload/v1767346961/2026-01-02/10904792.jpg,Cat food,🐾 Whiskers need a good meal—mealtimes are my favorite fun times! 🐾
10904748,20.0,Bamseline,Skyllemiddel,Skyllemiddel,1,0,stk.,Netto,https://static.tilbudsugen.dk/1st-retail/2026/2/64322/Netto022026-1_23_66x4807_1790x6902_zoom.jpg,2026-01-02,2026-01-09,https://res.cloudinary.com/dfqzmnlga/image/upload/v1767346961/2026-01-02/10904748.jpg,Sliding agent,"✨ Sliding agent, making things slide smoothly—just ask me how! 🛋️"
10904727,12.0,Zero Rasperry,Energi- Sports- & Vitamindrikke,Vitamindrik,1,0,fl.,Netto,https://static.tilbudsugen.dk/1st-retail/2026/2/64322/Netto022026-1_22_25x4758_3324x6886_zoom.jpg,2026-01-02,2026-01-09,https://res.cloudinary.com/dfqzmnlga/image/upload/v1767346962/2026-01-02/10904727.jpg,Vitamin Drink,✨ Boost your energy with a vitamin boost! ✨
10904689,6.0,Cocio,Mælk m/smag,Kakaomælk,1,0,ds.,Netto,https://static.tilbudsugen.dk/1st-retail/2026/2/64322/Netto022026-1_22_41x790_1328x2852_zoom.jpg,2026-01-02,2026-01-09,https://res.cloudinary.com/dfqzmnlga/image/upload/v1767346962/2026-01-02/10904689.jpg,Cocoa milk,"☕️ Sip, sip, and savor the sweet magic of cocoa milk—because life's too short for boring flavors. 🍯"
10904720,12.0,Nobe,Saft,Drikkeklar saft Jordbær,1,0,fl.,Netto,https://static.tilbudsugen.dk/1st-retail/2026/2/64322/Netto022026-1_22_25x4758_3324x6886_zoom.jpg,2026-01-02,2026-01-09,https://res.cloudinary.com/dfqzmnlga/image/upload/v1767346963/2026-01-02/10904720.jpg,Drinkable juice Strawberry,"Sip on the sweetest joy, strawberry delight 🍓✨"
10904724,12.0,Reload Citron Lime,Energi- Sports- & Vitamindrikke,Vitamindrik,1,0,fl.,Netto,https://static.tilbudsugen.dk/1st-retail/2026/2/64322/Netto022026-1_22_25x4758_3324x6886_zoom.jpg,2026-01-02,2026-01-09,https://res.cloudinary.com/dfqzmnlga/image/upload/v1767346963/2026-01-02/10904724.jpg,Vitamin Drink,✨ Boost your energy with a vitamin boost! ✨
10904707,12.0,Nobe,Saft,Drikkeklar saft Kiwi,1,0,fl.,Netto,https://static.tilbudsugen.dk/1st-retail/2026/2/64322/Netto022026-1_22_25x4758_3324x6886_zoom.jpg,2026-01-02,2026-01-09,https://res.cloudinary.com/dfqzmnlga/image/upload/v1767346964/2026-01-02/10904707.jpg,Drinking Ready Juice Kiwi,"Sip on the flavor of the day with a twist—fresh, vibrant, and ready to boost your energy! 🍑"
10904780,18.0,Hello Sensitive,Vaskemiddel,Vaskemiddel-flydende,1,0,fl.,Netto,https://static.tilbudsugen.dk/1st-retail/2026/2/64322/Netto022026-1_24_1872x4609_4932x6770_zoom.jpg,2026-01-02,2026-01-09,https://res.cloudinary.com/dfqzmnlga/image/upload/v1767346965/2026-01-02/10904780.jpg,Laundry liquid,"Wash your clothes, but don't worry—my job is done. 💧"
10904692,6.0,Cocio,Mælk m/smag,Chokolademælk Delight,1,0,ds.,Netto,https://static.tilbudsugen.dk/1st-retail/2026/2/64322/Netto022026-1_22_41x790_1328x2852_zoom.jpg,2026-01-02,2026-01-09,https://res.cloudinary.com/dfqzmnlga/image/upload/v1767346965/2026-01-02/10904692.jpg,Chocolate milk Delight,"☕️ Sip, savour, and share the sweet joy of chocolate milk delight!"
10904721,12.0,Nobe,Saft,Drikkeklar saft Original,1,0,fl.,Netto,https://static.tilbudsugen.dk/1st-retail/2026/2/64322/Netto022026-1_22_25x4758_3324x6886_zoom.jpg,2026-01-02,2026-01-09,https://res.cloudinary.com/dfqzmnlga/image/upload/v1767346966/2026-01-02/10904721.jpg,Drinkable juice Original,"Sip on the flavor, refresh your day with juice—nature's sweet spot 🍹"
10904723,12.0,Nobe,Saft,Drikkeklar saft Citron,1,0,fl.,Netto,https://static.tilbudsugen.dk/1st-retail/2026/2/64322/Netto022026-1_22_25x4758_3324x6886_zoom.jpg,2026-01-02,2026-01-09,https://res.cloudinary.com/dfqzmnlga/image/upload/v1767346966/2026-01-02/10904723.jpg,Drinkable Juice Lemon,"Sip, savor, and stay refreshed—because every drop is a flavor adventure! 🍋"
10904521,15.0,Chef de Pomme,Kartofler,Curly Fries,1,0,ps.,Netto,https://static.tilbudsugen.dk/1st-retail/2026/2/64322/Netto022026-1_15_0x2909_1710x4838_zoom.jpg,2026-01-02,2026-01-09,https://res.cloudinary.com/dfqzmnlga/image/upload/v1767346967/2026-01-02/10904521.jpg,Curly Fries,"✨ Curly Fries: The crispy, curly delight that makes every bite a spicy adventure! 🍔"
10904518,15.0,Chef de Pomme,Kartofler,Potato Grids,1,0,ps.,Netto,https://static.tilbudsugen.dk/1st-retail/2026/2/64322/Netto022026-1_15_0x2909_1710x4838_zoom.jpg,2026-01-02,2026-01-09,https://res.cloudinary.com/dfqzmnlga/image/upload/v1767346967/2026-01-02/10904518.jpg,Potato Grids,"Savor the crunch of a potato grid, crispy and bold, with a side of flavor. 🍲"
10904424,20.0,Løgismose,Syrnet morgenmad,Naturel Skyr ,1,0,bg.,Netto,https://static.tilbudsugen.dk/1st-retail/2026/2/64322/Netto022026-1_5_58x4898_2458x6853_zoom.jpg,2026-01-02,2026-01-31,https://res.cloudinary.com/dfqzmnlga/image/upload/v1767346968/2026-01-02/10904424.jpg,Natural Skyr,Skyr that's sky-high in flavor and sky-low in calories 🌌✨
10904425,20.0,Løgismose,Syrnet morgenmad,Vanilje Skyr ,1,0,bg.,Netto,https://static.tilbudsugen.dk/1st-retail/2026/2/64322/Netto022026-1_5_58x4898_2458x6853_zoom.jpg,2026-01-02,2026-01-31,https://res.cloudinary.com/dfqzmnlga/image/upload/v1767346968/2026-01-02/10904425.jpg,Vanilla Skyr,✨ Skyrocket your day with a sprinkle of vanilla magic! ✨
10904426,20.0,Løgismose,Syrnet morgenmad,Rabeber & Æble Skyr ,1,0,bg.,Netto,https://static.tilbudsugen.dk/1st-retail/2026/2/64322/Netto022026-1_5_58x4898_2458x6853_zoom.jpg,2026-01-02,2026-01-31,https://res.cloudinary.com/dfqzmnlga/image/upload/v1767346969/2026-01-02/10904426.jpg,Rabeber & Apple Skyr,"Rabeber & Apple Skyr: The sweet, creamy burst of summer in every sip! 🍐✨"
10904500,10.0,Rose,Fjerkræ,Kyllingelever,1,0,ps.,Netto,https://static.tilbudsugen.dk/1st-retail/2026/2/64322/Netto022026-1_15_0x617_3188x2861_zoom.jpg,2026-01-02,2026-01-09,https://res.cloudinary.com/dfqzmnlga/image/upload/v1767346969/2026-01-02/10904500.jpg,Chicken Livers,"Sizzling with flavor, I'm the ultimate kitchen powerhouse — ready to ignite your taste buds and your appetite! 🍳"
10904750,20.0,Omo,Vaskemiddel,Vaskepulver,1,0,pk.,Netto,https://static.tilbudsugen.dk/1st-retail/2026/2/64322/Netto022026-1_23_66x4807_1790x6902_zoom.jpg,2026-01-02,2026-01-09,https://res.cloudinary.com/dfqzmnlga/image/upload/v1767346970/2026-01-02/10904750.jpg,Washing powder,✨ Clean your life with a splash of sparkle! 🌟
10904749,20.0,Omo,Vaskemiddel,Vaskemiddel-flydende,1,0,fl.,Netto,https://static.tilbudsugen.dk/1st-retail/2026/2/64322/Netto022026-1_23_66x4807_1790x6902_zoom.jpg,2026-01-02,2026-01-09,https://res.cloudinary.com/dfqzmnlga/image/upload/v1767346970/2026-01-02/10904749.jpg,Laundry liquid,"Dishwasher's best friend — clean, bold, and ready to make your clothes shine! 🧼"
10904640,59.0,,Vintersport,Skistrømper,1,2,pk.,Netto,https://static.tilbudsugen.dk/1st-retail/2026/2/64322/Netto022026-1_33_1698x42_4986x5141_zoom.jpg,2026-01-02,2026-01-09,https://res.cloudinary.com/dfqzmnlga/image/upload/v1767346970/2026-01-02/10904640.jpg,"Men's or boys' trousers, bib and brace overalls, bib and brace overalls, breeches and shorts","Bib and brace overalls, breeches and shorts — ready for the wild! 🧣💪"
10904601,15.0,Garofalo,Pasta,Pasta,1,0,pk.,Netto,https://static.tilbudsugen.dk/1st-retail/2026/2/64322/Netto022026-1_20_101x3105_1715x4957_zoom.jpg,2026-01-02,2026-01-09,https://res.cloudinary.com/dfqzmnlga/image/upload/v1767346971/2026-01-02/10904601.jpg,Pasta,"Sauce for the soul, one noodle at a time. 🍝"
10904781,30.0,Hello Sensitive,Vaskemiddel,Vaskemiddel-flydende,1,1,fl.,Netto,https://static.tilbudsugen.dk/1st-retail/2026/2/64322/Netto022026-1_24_181x4626_1913x6762_zoom.jpg,2026-01-02,2026-01-09,https://res.cloudinary.com/dfqzmnlga/image/upload/v1767346971/2026-01-02/10904781.jpg,Laundry liquid,Wash your clothes and your mood with a splash of freshness! 🧼
10904483,30.0,,Frugt,Vandmelon,1,1,stk.,Netto,https://static.tilbudsugen.dk/1st-retail/2026/2/64322/Netto022026-1_8_1518x2959_3340x4741_zoom.jpg,2026-01-02,2026-01-09,https://res.cloudinary.com/dfqzmnlga/image/upload/v1767346972/2026-01-02/10904483.jpg,Watermelon,"Juicy, refreshing, and always ready to melt your day! 🍉"
10904568,10.0,High Protein Drink,Mælk m/smag,Kakaomælk,1,0,fl.,Netto,https://static.tilbudsugen.dk/1st-retail/2026/2/64322/Netto022026-1_19_0x5011_2406x6855_zoom.jpg,2026-01-02,2026-01-09,https://res.cloudinary.com/dfqzmnlga/image/upload/v1767346972/2026-01-02/10904568.jpg,Cocoa milk,"☕️ Sip, sip, and savor the sweetest adventure — I’m cocoa milk, and I’m here to make your day a little sweeter. 🍫"
10904569,10.0,High Protein Drink,Mælk m/smag,Vaniljedrik,1,0,fl.,Netto,https://static.tilbudsugen.dk/1st-retail/2026/2/64322/Netto022026-1_19_0x5011_2406x6855_zoom.jpg,2026-01-02,2026-01-09,https://res.cloudinary.com/dfqzmnlga/image/upload/v1767346973/2026-01-02/10904569.jpg,Vanilla drink,"☕️ Vanilla drink, sweet and creamy, with a hint of joy. 🌟"
10904335,25.0,Actimel,Mellemmåltider,Drikkeyoghurt Multifrugt,1,0,pk.,Netto,https://static.tilbudsugen.dk/1st-retail/2026/2/64322/Netto022026-1_13_3164x742_4945x2850_zoom.jpg,2026-01-02,2026-01-09,https://res.cloudinary.com/dfqzmnlga/image/upload/v1767346973/2026-01-02/10904335.jpg,Drinking yoghurt Multifruit,"Sip, snack, and satisfy with a flavor that's as vibrant as a rainbow—yoghurt with a twist! 🍯✨"
10904338,25.0,Actimel,Mellemmåltider,Drikkeyoghurt Jordbær & Banan,1,0,pk.,Netto,https://static.tilbudsugen.dk/1st-retail/2026/2/64322/Netto022026-1_13_3164x742_4945x2850_zoom.jpg,2026-01-02,2026-01-09,https://res.cloudinary.com/dfqzmnlga/image/upload/v1767346974/2026-01-02/10904338.jpg,Drinking yogurt Strawberry & Banana,Savoring the sweetest blend of strawberry and banana in every sip — nature's perfect snack. 🍓🍌
10904333,25.0,Actimel,Mellemmåltider,Drikkeyoghurt Jordbær,1,0,pk.,Netto,https://static.tilbudsugen.dk/1st-retail/2026/2/64322/Netto022026-1_13_3164x742_4945x2850_zoom.jpg,2026-01-02,2026-01-09,https://res.cloudinary.com/dfqzmnlga/image/upload/v1767346974/2026-01-02/10904333.jpg,Drinking yoghurt Strawberry,"Sip, swirl, and conquer with a strawberry-laced yogurt – because life's too sweet to skip a flavor. 🍓✨"
10904693,99.0,Løgismose,Øvrige vinlande,Hvidvin,1,3,krt.,Netto,https://static.tilbudsugen.dk/1st-retail/2026/2/64322/Netto022026-1_22_3250x2852_4973x4832_zoom.jpg,2026-01-02,2026-01-09,https://res.cloudinary.com/dfqzmnlga/image/upload/v1767346974/2026-01-02/10904693.jpg,White wine,"Sip, savor, and let the wine do the talking. 🍷"
10904694,99.0,Løgismose,Øvrige vinlande,Rødvin,1,3,krt.,Netto,https://static.tilbudsugen.dk/1st-retail/2026/2/64322/Netto022026-1_22_3250x2852_4973x4832_zoom.jpg,2026-01-02,2026-01-09,https://res.cloudinary.com/dfqzmnlga/image/upload/v1767346975/2026-01-02/10904694.jpg,Red wine,"Sip, savor, and savor the moment—red wine, ready to ignite your taste buds. 🍷"
10904695,99.0,Løgismose,Øvrige vinlande,Rosevin,1,3,krt.,Netto,https://static.tilbudsugen.dk/1st-retail/2026/2/64322/Netto022026-1_22_3250x2852_4973x4832_zoom.jpg,2026-01-02,2026-01-09,https://res.cloudinary.com/dfqzmnlga/image/upload/v1767346976/2026-01-02/10904695.jpg,Rose wine,"Sip, savor, and let the wine do the talking — 🍷"
10904400,20.0,Daloon,Færdigretter Frost,Forårsruller,1,0,ps.,Netto,https://static.tilbudsugen.dk/1st-retail/2026/2/64322/Netto022026-1_4_41x4626_2590x6844_zoom.jpg,2026-01-02,2026-01-09,https://res.cloudinary.com/dfqzmnlga/image/upload/v1767346976/2026-01-02/10904400.jpg,Spring rolls,"Rolls of fun and flavor, wrapped in joy — 🍳"
10904399,20.0,Daloon,Færdigretter Frost,Forårsruller,1,0,ps.,Netto,https://static.tilbudsugen.dk/1st-retail/2026/2/64322/Netto022026-1_4_41x4626_2590x6844_zoom.jpg,2026-01-02,2026-01-09,https://res.cloudinary.com/dfqzmnlga/image/upload/v1767346976/2026-01-02/10904399.jpg,Spring rolls,"Craving a crispy, flavorful adventure? 🍳✨"
10904706,69.0,Energy,Energi- Sports- & Vitamindrikke,Energidrik 8 pk.,8,0,ds.,Netto,https://static.tilbudsugen.dk/1st-retail/2026/2/64322/Netto022026-1_22_3233x4815_4973x6886_zoom.jpg,2026-01-02,2026-01-31,https://res.cloudinary.com/dfqzmnlga/image/upload/v1767346977/2026-01-02/10904706.jpg,Energy Drink 8 pk.,💥 Boost your energy with me! 🌟
10904497,14.0,Kohberg,Sandwich & Toastbrød,Cafe Sandwich Grov,1,0,ps.,Netto,https://static.tilbudsugen.dk/1st-retail/2026/2/64322/Netto022026-1_14_3294x671_4968x2844_zoom.jpg,2026-01-02,2026-01-09,https://res.cloudinary.com/dfqzmnlga/image/upload/v1767346977/2026-01-02/10904497.jpg,Cafe Sandwich Grov,"Toastable, tangy, and totally delicious—Cafe Sandwich Grov delivers the perfect blend of crunch and flavor. 🍞"
10904493,14.0,Kohberg,Boller & Morgenbrød,Solskinsboller,1,0,ps.,Netto,https://static.tilbudsugen.dk/1st-retail/2026/2/64322/Netto022026-1_14_3294x671_4968x2844_zoom.jpg,2026-01-02,2026-01-09,https://res.cloudinary.com/dfqzmnlga/image/upload/v1767346978/2026-01-02/10904493.jpg,Sunshine balls,✨ Sunshine balls that glow with joy and cheer! ✨
10904440,20.0,Il Fornaio,Dej Frost,Pizzadej,1,0,pk.,Netto,https://static.tilbudsugen.dk/1st-retail/2026/2/64322/Netto022026-1_6_280x4626_2507x6836_zoom.jpg,2026-01-02,2026-01-09,https://res.cloudinary.com/dfqzmnlga/image/upload/v1767346978/2026-01-02/10904440.jpg,Pizza dough,Craving a perfect slice? I’m the dough that turns dreams into delicious meals! 🍕
10904457,12.0,ØGO,Grønt,Gulerødder,1,0,ps.,Netto,https://static.tilbudsugen.dk/1st-retail/2026/2/64322/Netto022026-1_7_2450x3397_3711x5038_zoom.jpg,2026-01-02,2026-01-09,https://res.cloudinary.com/dfqzmnlga/image/upload/v1767346978/2026-01-02/10904457.jpg,Carrots,"Crispy and colorful, I'm the star of the kitchen showdown! 🍐"
10904553,13.29,ØGO,Boller & Morgenbrød,Surdejsboller,1,0,ps.,Netto,https://static.tilbudsugen.dk/1st-retail/2026/2/64322/Netto022026-1_17_64x3898_2413x6893_zoom.jpg,2026-01-02,2026-01-09,https://res.cloudinary.com/dfqzmnlga/image/upload/v1767346979/2026-01-02/10904553.jpg,Surdies,"✨ One-liner: ""I'm the ultimate kitchen tool—perfect for keeping things (and my sanity) in check."" 🛠️"
10904504,29.0,Bistronne,Færdigretter Frost,Kyllingenuggets,1,0,ps.,Netto,https://static.tilbudsugen.dk/1st-retail/2026/2/64322/Netto022026-1_15_3265x2689_4879x4791_zoom.jpg,2026-01-02,2026-01-09,https://res.cloudinary.com/dfqzmnlga/image/upload/v1767346979/2026-01-02/10904504.jpg,Chicken uggets,🔥 Chicken uggets: The ultimate snack that makes your taste buds do the dancing! 🍗
10904532,39.0,Mou,Suppetilbehør,Melboller,1,1,ps.,Netto,https://static.tilbudsugen.dk/1st-retail/2026/2/64322/Netto022026-1_16_1656x2755_3312x4714_zoom.jpg,2026-01-02,2026-01-09,https://res.cloudinary.com/dfqzmnlga/image/upload/v1767346979/2026-01-02/10904532.jpg,Flours and meals,Savory adventures in every grain and bite 🍞
10904329,10.0,LavAzza,Iste & Iskaffe,Iskaffe,1,0,ds.,Netto,https://static.tilbudsugen.dk/1st-retail/2026/2/64322/Netto022026-1_2_2425x39_4874x2497_zoom.jpg,2026-01-02,2026-01-09,https://res.cloudinary.com/dfqzmnlga/image/upload/v1767346980/2026-01-02/10904329.jpg,Ice coffee,"I'm the ice coffee, chilling with a dash of frost and a hint of surprise—because life's too short for boring drinks. 🍵❄️"
10904396,20.0,Bell's,Müsli & Granola,Granola Honningristet,1,0,ps.,Netto,https://static.tilbudsugen.dk/1st-retail/2026/2/64322/Netto022026-1_4_2582x2580_4949x4650_zoom.jpg,2026-01-02,2026-01-09,https://res.cloudinary.com/dfqzmnlga/image/upload/v1767346980/2026-01-02/10904396.jpg,Granola Honey Roast,"Sweet, crunchy, and cozy — my flavor is just the right mix of honey and warmth. 🍯✨"
10904395,20.0,Special Effects,Alkoholfrie Øl,Øl - Alkoholfri,1,0,ds.,Netto,https://static.tilbudsugen.dk/1st-retail/2026/2/64322/Netto022026-1_4_2821x196_4932x2390_zoom.jpg,2026-01-02,2026-01-09,https://res.cloudinary.com/dfqzmnlga/image/upload/v1767346981/2026-01-02/10904395.jpg,Beer - Alcohol Free,"Sip, savor, and smile—no alcohol needed. 🍻"
10904296,25.0,,Kylling,Kyllingeunderlår,1,0,pk.,Netto,https://static.tilbudsugen.dk/1st-retail/2026/2/64322/Netto022026-1_11_42x59_2541x2398_zoom.jpg,2026-01-02,2026-01-09,https://res.cloudinary.com/dfqzmnlga/image/upload/v1767346981/2026-01-02/10904296.jpg,Chicken's thighs,"🔥Sizzling with flavor, ready to conquer your taste buds! 🥩"
10904773,25.0,Hello Sensitive,Opvask,Maskinopvask-gel,1,0,stk.,Netto,https://static.tilbudsugen.dk/1st-retail/2026/2/64322/Netto022026-1_24_2862x254_4957x2885_zoom.jpg,2026-01-02,2026-01-09,https://res.cloudinary.com/dfqzmnlga/image/upload/v1767346982/2026-01-02/10904773.jpg,Machine dishwashing gel,"✨ Clean everything with a touch of tech, no scrubbing needed! ✨"
10904684,129.0,,Australske vine,Australsk Hvidvin,1,3,krt.,Netto,https://static.tilbudsugen.dk/1st-retail/2026/2/64322/Netto022026-1_22_2705x237_4998x2860_zoom.jpg,2026-01-02,2026-01-09,https://res.cloudinary.com/dfqzmnlga/image/upload/v1767346983/2026-01-02/10904684.jpg,Australian White wine,"Sip, savor, and sway—Australian White wine, where every sip is a celebration. 🍷"
10904681,129.0,,Spanske vine,Spansk Rødvin,1,3,krt.,Netto,https://static.tilbudsugen.dk/1st-retail/2026/2/64322/Netto022026-1_22_2705x237_4998x2860_zoom.jpg,2026-01-02,2026-01-09,https://res.cloudinary.com/dfqzmnlga/image/upload/v1767346983/2026-01-02/10904681.jpg,Spanish Red Wine,"Sip, savor, and let the flavors speak — 🍷"
10904683,129.0,,Australske vine,Australsk Rødvin,1,3,krt.,Netto,https://static.tilbudsugen.dk/1st-retail/2026/2/64322/Netto022026-1_22_2705x237_4998x2860_zoom.jpg,2026-01-02,2026-01-09,https://res.cloudinary.com/dfqzmnlga/image/upload/v1767346984/2026-01-02/10904683.jpg,Australian Red Wine,"Sip, savor, and savor the taste of Australia—where every bottle tells a story. 🍷"
10904682,129.0,,Spanske vine,Spansk Hvidvin,1,3,krt.,Netto,https://static.tilbudsugen.dk/1st-retail/2026/2/64322/Netto022026-1_22_2705x237_4998x2860_zoom.jpg,2026-01-02,2026-01-09,https://res.cloudinary.com/dfqzmnlga/image/upload/v1767346984/2026-01-02/10904682.jpg,Spanish White wine,"Sip, savor, and let the flavors speak—Spanish white wine, ready to elevate any evening. 🍷"
10904531,39.0,Mou,Suppetilbehør,Kød- og Melboller,1,0,ps.,Netto,https://static.tilbudsugen.dk/1st-retail/2026/2/64322/Netto022026-1_16_1656x2755_3312x4714_zoom.jpg,2026-01-02,2026-01-09,https://res.cloudinary.com/dfqzmnlga/image/upload/v1767346984/2026-01-02/10904531.jpg,Meat and meal balls,"Crunchy, juicy, and full of flavor—meat and meal balls are the ultimate snack that never says 'no' to a good time! 🍔✨"
10904417,12.0,Wasa,Knækbrød,Surdeg flerkorn knækbrød,1,0,pk.,Netto,https://static.tilbudsugen.dk/1st-retail/2026/2/64322/Netto022026-1_5_2309x171_4685x2431_zoom.jpg,2026-01-02,2026-01-09,https://res.cloudinary.com/dfqzmnlga/image/upload/v1767346985/2026-01-02/10904417.jpg,Sourdeg multigrain crisps,"✨ Crunchy, zesty, and full of flavor—sourdeg multigrain crisps are the perfect snack for any mood! 🍽️"
10904416,12.0,Wasa,Knækbrød,Delikatess knækbrød,1,0,pk.,Netto,https://static.tilbudsugen.dk/1st-retail/2026/2/64322/Netto022026-1_5_2309x171_4685x2431_zoom.jpg,2026-01-02,2026-01-09,https://res.cloudinary.com/dfqzmnlga/image/upload/v1767346985/2026-01-02/10904416.jpg,Delicacy Crispbread,"Crunchy delight that brings a smile to your face, served with a side of joy 🥣"
10904307,45.0,Dansk Landkylling,Kylling,Hakket kylling 3-7%,1,1,bk.,Netto,https://static.tilbudsugen.dk/1st-retail/2026/2/64322/Netto022026-1_11_0x4725_2499x6821_zoom.jpg,2026-01-02,2026-01-09,https://res.cloudinary.com/dfqzmnlga/image/upload/v1767346986/2026-01-02/10904307.jpg,Chicked chicken 3-7%,✨ Chickened chicken 3-7% – the perfect blend of flavor and fun! 🥩
10904422,45.0,Dansk Landkylling,Kylling,Hakket kylling 3-7%,1,1,bk.,Netto,https://static.tilbudsugen.dk/1st-retail/2026/2/64322/Netto022026-1_5_2285x4964_4668x6886_zoom.jpg,2026-01-02,2026-01-09,https://res.cloudinary.com/dfqzmnlga/image/upload/v1767346986/2026-01-02/10904422.jpg,Chicked chicken 3-7%,✨ Chicked chicken 3-7% – the perfect blend of flavor and flexibility! 🥩
10904729,12.0,Energy,Energi- Sports- & Vitamindrikke,Energidrik 24 pk.,1,0,ds.,Netto,https://static.tilbudsugen.dk/1st-retail/2026/2/64322/Netto022026-1_22_25x4758_3324x6886_zoom.jpg,2026-01-02,2026-01-09,https://res.cloudinary.com/dfqzmnlga/image/upload/v1767346986/2026-01-02/10904729.jpg,Energy Drink 24 pk.,"💥 Stay pumped, stay electric—because life's too short for flat batteries!"
10904734,12.0,The Blue Edition,Energi- Sports- & Vitamindrikke,Energidrik 24 pk.,1,0,ds.,Netto,https://static.tilbudsugen.dk/1st-retail/2026/2/64322/Netto022026-1_22_25x4758_3324x6886_zoom.jpg,2026-01-02,2026-01-09,https://res.cloudinary.com/dfqzmnlga/image/upload/v1767346987/2026-01-02/10904734.jpg,Energy Drink 24 pk.,💥 Energize your day with a 24-pack of unstoppable power! 🌟
10904735,12.0,The Pink Edition,Energi- Sports- & Vitamindrikke,Energidrik 24 pk.,1,0,ds.,Netto,https://static.tilbudsugen.dk/1st-retail/2026/2/64322/Netto022026-1_22_25x4758_3324x6886_zoom.jpg,2026-01-02,2026-01-09,https://res.cloudinary.com/dfqzmnlga/image/upload/v1767346987/2026-01-02/10904735.jpg,Energy Drink 24 pk.,"💥 Supercharged with energy, ready to crush any challenge! 🌟"
10904732,12.0,Zero,Energi- Sports- & Vitamindrikke,Energidrik,1,0,ds.,Netto,https://static.tilbudsugen.dk/1st-retail/2026/2/64322/Netto022026-1_22_25x4758_3324x6886_zoom.jpg,2026-01-02,2026-01-09,https://res.cloudinary.com/dfqzmnlga/image/upload/v1767346988/2026-01-02/10904732.jpg,Energy Drink,"💥 Stay charged, stay unstoppable!"
10904738,12.0,The Apricot Edition,Energi- Sports- & Vitamindrikke,Energidrik,1,0,ds.,Netto,https://static.tilbudsugen.dk/1st-retail/2026/2/64322/Netto022026-1_22_25x4758_3324x6886_zoom.jpg,2026-01-02,2026-01-09,https://res.cloudinary.com/dfqzmnlga/image/upload/v1767346988/2026-01-02/10904738.jpg,Energy Drink,💥 Never underestimate the power of a good caffeine fix—because life's too short for sluggish vibes. 🌟
10904740,12.0,The Ice Edition,Energi- Sports- & Vitamindrikke,Energidrik,1,0,ds.,Netto,https://static.tilbudsugen.dk/1st-retail/2026/2/64322/Netto022026-1_22_25x4758_3324x6886_zoom.jpg,2026-01-02,2026-01-09,https://res.cloudinary.com/dfqzmnlga/image/upload/v1767346988/2026-01-02/10904740.jpg,Energy Drink,"💥 Supercharged with energy, ready to crush anything! 🌟"
10904486,24.95,Velsmag,Grisekød,Hamburgerryg,1,0,bk.,Netto,https://static.tilbudsugen.dk/1st-retail/2026/2/64322/Netto022026-1_10_2615x848_4907x3108_zoom.jpg,2026-01-02,2026-01-09,https://res.cloudinary.com/dfqzmnlga/image/upload/v1767346989/2026-01-02/10904486.jpg,Hamburger back,"🍔 Double-layered, double-creamed, and definitely double-creepy – the ultimate burger enthusiast. 🍔"
10904796,9.0,,Hundefoder,Hundesnacks,1,0,ps.,Netto,https://static.tilbudsugen.dk/1st-retail/2026/2/64322/Netto022026-1_26_91x4749_2532x6836_zoom.jpg,2026-01-02,2026-01-09,https://res.cloudinary.com/dfqzmnlga/image/upload/v1767346989/2026-01-02/10904796.jpg,Dog snacks,🐾 Treat your dog to the best snacks—because they deserve the best!
10904451,20.0,Grovhakket,Postej og Paté,Leverpostej,1,0,pk.,Netto,https://static.tilbudsugen.dk/1st-retail/2026/2/64322/Netto022026-1_14_1670x704_3321x2855_zoom.jpg,2026-01-02,2026-01-09,https://res.cloudinary.com/dfqzmnlga/image/upload/v1767346990/2026-01-02/10904451.jpg,Liver pie,"Craving a juicy, savory twist on the classic—liver pie, served with a side of bold flavor. 🍴"
10904300,20.0,Velsmag,Grisekød,Hakket grisekød 8-12%,1,0,bk.,Netto,https://static.tilbudsugen.dk/1st-retail/2026/2/64322/Netto022026-1_11_6x3010_2452x4880_zoom.jpg,2026-01-02,2026-01-09,https://res.cloudinary.com/dfqzmnlga/image/upload/v1767346990/2026-01-02/10904300.jpg,Minced pig meat 8-12 per cent,"🔥 Sizzling spice, smoky flavor, and a dash of surprise—perfect for any meal! 🍳"
10904453,20.0,Fransk Postej,Postej og Paté,Leverpostej,1,0,pk.,Netto,https://static.tilbudsugen.dk/1st-retail/2026/2/64322/Netto022026-1_14_1670x704_3321x2855_zoom.jpg,2026-01-02,2026-01-09,https://res.cloudinary.com/dfqzmnlga/image/upload/v1767346991/2026-01-02/10904453.jpg,Liver pie,"Craving a little chaos? I'm liver pie — bold, bold, and always ready to spark a flavor explosion! 🍽️"
10904484,20.0,,Grønt,Tomater,1,0,bk.,Netto,https://static.tilbudsugen.dk/1st-retail/2026/2/64322/Netto022026-1_8_3283x2943_4973x4749_zoom.jpg,2026-01-02,2026-01-09,https://res.cloudinary.com/dfqzmnlga/image/upload/v1767346991/2026-01-02/10904484.jpg,Tomatoes,"Red, juicy, and ready to burst—perfect for any salad or snack! 🍅"
10904332,10.0,Protein Lab,Madlavningsost,Hytteost,1,0,bg.,Netto,https://static.tilbudsugen.dk/1st-retail/2026/2/64322/Netto022026-1_2_2474x2497_4907x4749_zoom.jpg,2026-01-02,2026-01-09,https://res.cloudinary.com/dfqzmnlga/image/upload/v1767346992/2026-01-02/10904332.jpg,Cottage cheese,"Melted into creamy perfection, I'm the soft, cheesy heart of breakfast and snack time 🥝"
10904313,69.0,De Danske Familiegårde,Kylling,Kylling,1,1,stk.,Netto,https://static.tilbudsugen.dk/1st-retail/2026/2/64322/Netto022026-1_12_0x1852_4838x7048_zoom.jpg,2026-01-02,2026-01-09,https://res.cloudinary.com/dfqzmnlga/image/upload/v1767346992/2026-01-02/10904313.jpg,Chicken,"Sizzling with flavor, I'm the chicken that never sleeps—ready to conquer your taste buds! 🍗"
10904559,13.0,Rahbek,Fisk og skaldyr Frost ,Indbagt Laks med Julienne sauce,1,0,pk.,Netto,https://static.tilbudsugen.dk/1st-retail/2026/2/64322/Netto022026-1_18_2048x3616_4953x6861_zoom.jpg,2026-01-02,2026-01-09,https://res.cloudinary.com/dfqzmnlga/image/upload/v1767346992/2026-01-02/10904559.jpg,Baked Salmon with Julienne Sauce,"Sizzling with flavor, this salmon is the star of the kitchen—perfect for a quick, delicious meal! 🍣"
10904558,13.0,Rahbek,Fisk og skaldyr Frost ,Indbagt Laks med Spinat og Ostesauce,1,0,pk.,Netto,https://static.tilbudsugen.dk/1st-retail/2026/2/64322/Netto022026-1_18_2048x3616_4953x6861_zoom.jpg,2026-01-02,2026-01-09,https://res.cloudinary.com/dfqzmnlga/image/upload/v1767346993/2026-01-02/10904558.jpg,Baked Salmon with Spinach and Cheese sauce,"Savoring the perfect balance of flavor and freshness, 🍣✨"
10904560,13.0,Rahbek,Fisk og skaldyr Frost ,Indbagte Rejer med Asparges og Dildsauce,1,0,pk.,Netto,https://static.tilbudsugen.dk/1st-retail/2026/2/64322/Netto022026-1_18_2048x3616_4953x6861_zoom.jpg,2026-01-02,2026-01-09,https://res.cloudinary.com/dfqzmnlga/image/upload/v1767346993/2026-01-02/10904560.jpg,Baked Shrimps with Asparagus and Dildsauce,"Sizzling with flavor, my taste buds are always ready for a good meal! 🍤✨"
10904461,22.0,Premieur,Fastfoodbrød,Hvedepitabrød,1,0,pk.,Netto,https://static.tilbudsugen.dk/1st-retail/2026/2/64322/Netto022026-1_7_1171x5203_2532x6886_zoom.jpg,2026-01-02,2026-01-09,https://res.cloudinary.com/dfqzmnlga/image/upload/v1767346994/2026-01-02/10904461.jpg,Wheat pita bread,"Soft, chewy, and perfect for a snack — just like a friend's laugh. 🍞"
10904550,10.68,ØGO,Madlavningsost,Hytteost,1,0,bg.,Netto,https://static.tilbudsugen.dk/1st-retail/2026/2/64322/Netto022026-1_17_26x672_2009x3827_zoom.jpg,2026-01-02,2026-01-09,https://res.cloudinary.com/dfqzmnlga/image/upload/v1767346994/2026-01-02/10904550.jpg,Cottage cheese,"Soozy, I'm the creamy, soft, and slightly tangy go-to for any snack or breakfast—whether it's a morning cup of coffee or a cozy dinner. 🥁"
10904415,12.0,Wasa,Knækbrød,Sport + knækbrød,1,0,pk.,Netto,https://static.tilbudsugen.dk/1st-retail/2026/2/64322/Netto022026-1_5_2309x171_4685x2431_zoom.jpg,2026-01-02,2026-01-09,https://res.cloudinary.com/dfqzmnlga/image/upload/v1767346994/2026-01-02/10904415.jpg,Sports + Break bread,"Sporting a break between the legs, I'm here to fuel your day with energy and laughter. 🏃‍💥🍞"
10904454,20.0,Stryhns,Pålægspølser,Røget Medister,1,0,pk.,Netto,https://static.tilbudsugen.dk/1st-retail/2026/2/64322/Netto022026-1_14_1670x704_3321x2855_zoom.jpg,2026-01-02,2026-01-09,https://res.cloudinary.com/dfqzmnlga/image/upload/v1767346995/2026-01-02/10904454.jpg,Smoked Medists,🔥 Smoked Medists: The perfect blend of smoky flavor and unexpected surprise! 🌟
10904549,29.0,Pølsemesteren,300 g - 599 g Normalpakke Pølser,Frankfurter,1,0,pk.,Netto,https://static.tilbudsugen.dk/1st-retail/2026/2/64322/Netto022026-1_16_0x2791_1651x4704_zoom.jpg,2026-01-02,2026-01-09,https://res.cloudinary.com/dfqzmnlga/image/upload/v1767346995/2026-01-02/10904549.jpg,Frankfurter,"🔥 Sizzling with flavor, ready to ignite your taste buds! 🍔"
10904378,10.0,Billys Pan,Pizza Frost,Pizza,1,0,pk.,Netto,https://static.tilbudsugen.dk/1st-retail/2026/2/64322/Netto022026-1_3_2400x4543_4998x6853_zoom.jpg,2026-01-02,2026-01-09,https://res.cloudinary.com/dfqzmnlga/image/upload/v1767346995/2026-01-02/10904378.jpg,Pizza,🍕 Craving a slice of joy? I'm the pizza that never forgets to deliver a perfect slice. 🍕
10904303,5.0,Asian Kitchen,Færdigretter,Nudler med oksekødssmag,1,0,bg.,Netto,https://static.tilbudsugen.dk/1st-retail/2026/2/64322/Netto022026-1_1_2474x2852_4916x4758_zoom.jpg,2026-01-02,2026-01-09,https://res.cloudinary.com/dfqzmnlga/image/upload/v1767346996/2026-01-02/10904303.jpg,Noodles with beef flavour,"Sizzling with bold flavor, noodles with beef — the ultimate comfort food that never fails. 🍜🔥"
10904301,5.0,Asian Kitchen,Færdigretter,Nudler med kyllingesmag,1,0,ps.,Netto,https://static.tilbudsugen.dk/1st-retail/2026/2/64322/Netto022026-1_1_2474x2852_4916x4758_zoom.jpg,2026-01-02,2026-01-09,https://res.cloudinary.com/dfqzmnlga/image/upload/v1767346996/2026-01-02/10904301.jpg,Chicken flavored noodles,"Sizzling with flavor, I'm the ultimate kitchen companion—crunchy, cheesy, and always ready to elevate your meal. 🍗"
10904377,10.0,Billys Pan,Pizza Frost,Pepperoni Pizza,1,0,pk.,Netto,https://static.tilbudsugen.dk/1st-retail/2026/2/64322/Netto022026-1_3_2400x4543_4998x6853_zoom.jpg,2026-01-02,2026-01-09,https://res.cloudinary.com/dfqzmnlga/image/upload/v1767346997/2026-01-02/10904377.jpg,Pepperoni Pizza,🔥 Craving the perfect pizza? I'm the pepperoni pizza that's got your taste buds on fire! 🍕
10904588,59.0,Le Terrazze,Olier,Olivenolie,1,1,fl.,Netto,https://static.tilbudsugen.dk/1st-retail/2026/2/64322/Netto022026-1_20_3302x3143_4864x5011_zoom.jpg,2026-01-02,2026-01-09,https://res.cloudinary.com/dfqzmnlga/image/upload/v1767346997/2026-01-02/10904588.jpg,Olive oil,"✨ Drizzle your day with flavor, one bottle at a time. ✨"
10904700,45.0,,Italienske vine,Italiensk Rødvin,1,0,fl.,Netto,https://static.tilbudsugen.dk/1st-retail/2026/2/64322/Netto022026-1_22_66x2761_1798x4840_zoom.jpg,2026-01-02,2026-01-09,https://res.cloudinary.com/dfqzmnlga/image/upload/v1767346997/2026-01-02/10904700.jpg,Italian Red Wine,Sip on the flavors of Italy with every glass—🍷✨
10904704,45.0,,Chilenske vine,Chilensk Rosevin,1,0,fl.,Netto,https://static.tilbudsugen.dk/1st-retail/2026/2/64322/Netto022026-1_22_66x2761_1798x4840_zoom.jpg,2026-01-02,2026-01-09,https://res.cloudinary.com/dfqzmnlga/image/upload/v1767346998/2026-01-02/10904704.jpg,Chilean Rosevin,"✨ A bold, spicy burst of flavor that turns every meal into a celebration 🌟"
10904703,45.0,,Chilenske vine,Chilensk Hvidvin,1,0,fl.,Netto,https://static.tilbudsugen.dk/1st-retail/2026/2/64322/Netto022026-1_22_66x2761_1798x4840_zoom.jpg,2026-01-02,2026-01-09,https://res.cloudinary.com/dfqzmnlga/image/upload/v1767346998/2026-01-02/10904703.jpg,Chilean White wine,"Sip, savor, and let the flavor speak—chilean white wine, always. 🍷"
10904705,45.0,,Chilenske vine,Chilensk Rødvin,1,0,fl.,Netto,https://static.tilbudsugen.dk/1st-retail/2026/2/64322/Netto022026-1_22_66x2761_1798x4840_zoom.jpg,2026-01-02,2026-01-09,https://res.cloudinary.com/dfqzmnlga/image/upload/v1767346999/2026-01-02/10904705.jpg,Chilean Red Wine,A bottle of Chilean Red Wine that knows the art of storytelling — and the perfect sip for any evening. 🍷
10904702,45.0,,Italienske vine,Italiensk Hvidvin,1,0,fl.,Netto,https://static.tilbudsugen.dk/1st-retail/2026/2/64322/Netto022026-1_22_66x2761_1798x4840_zoom.jpg,2026-01-02,2026-01-09,https://res.cloudinary.com/dfqzmnlga/image/upload/v1767347000/2026-01-02/10904702.jpg,Italian White wine,"Sip, savor, and let the taste tell your story—🍷"
10904547,29.0,Pølsemesteren,300 g - 599 g Normalpakke Pølser,Hotdogpølser,1,0,pk.,Netto,https://static.tilbudsugen.dk/1st-retail/2026/2/64322/Netto022026-1_16_0x2791_1651x4704_zoom.jpg,2026-01-02,2026-01-09,https://res.cloudinary.com/dfqzmnlga/image/upload/v1767347000/2026-01-02/10904547.jpg,Hot dog sausages,"Sizzle with flavor, never miss a beat! 🍔"
10904581,28.0,Extra,Müsli & Granola,Classic Granola,1,0,ps.,Netto,https://static.tilbudsugen.dk/1st-retail/2026/2/64322/Netto022026-1_20_1677x1024_3328x3136_zoom.jpg,2026-01-02,2026-01-09,https://res.cloudinary.com/dfqzmnlga/image/upload/v1767347000/2026-01-02/10904581.jpg,Classic Granola,"✨ Crunchy, golden, and perfect for any morning – I'm the star of the breakfast scene!"
10904583,28.0,Extra,Müsli & Granola,Choco & Nuts Granola,1,0,ps.,Netto,https://static.tilbudsugen.dk/1st-retail/2026/2/64322/Netto022026-1_20_1677x1024_3328x3136_zoom.jpg,2026-01-02,2026-01-09,https://res.cloudinary.com/dfqzmnlga/image/upload/v1767347001/2026-01-02/10904583.jpg,Choco & Nuts Granola,"Savory, sweet, and crunchy — perfect for a quick snack or a cozy breakfast. 🍪✨"
10904741,16.0,Gliss,Shampoo,Shampoo,1,0,stk.,Netto,https://static.tilbudsugen.dk/1st-retail/2026/2/64322/Netto022026-1_23_107x683_2334x2877_zoom.jpg,2026-01-02,2026-01-09,https://res.cloudinary.com/dfqzmnlga/image/upload/v1767347001/2026-01-02/10904741.jpg,Shampoo,"Glossy, sparkling, and always ready to shine—✨"
10904515,16.0,Næmt,Færdigretter Køl,Frikadeller,1,0,bk.,Netto,https://static.tilbudsugen.dk/1st-retail/2026/2/64322/Netto022026-1_15_1680x2933_3722x5319_zoom.jpg,2026-01-02,2026-01-09,https://res.cloudinary.com/dfqzmnlga/image/upload/v1767347002/2026-01-02/10904515.jpg,Meatballs,"Sizzling with flavor, I'm the perfect partner for a good meal! 🍔"
10904548,29.0,Pølsemesteren,300 g - 599 g Normalpakke Pølser,Grillpølser,1,0,pk.,Netto,https://static.tilbudsugen.dk/1st-retail/2026/2/64322/Netto022026-1_16_0x2791_1651x4704_zoom.jpg,2026-01-02,2026-01-09,https://res.cloudinary.com/dfqzmnlga/image/upload/v1767347003/2026-01-02/10904548.jpg,Barbecue sausages,"🔥 Fire up the grill, let the flavors scream — I'm the BBQ sausage, ready to ignite your taste buds! 🍴🔥"
10904404,20.0,Kitchen Joy,Special Suppe,Tom Yum Suppe,1,0,pk.,Netto,https://static.tilbudsugen.dk/1st-retail/2026/2/64322/Netto022026-1_4_41x4626_2590x6844_zoom.jpg,2026-01-02,2026-01-09,https://res.cloudinary.com/dfqzmnlga/image/upload/v1767347003/2026-01-02/10904404.jpg,Tom Yum Soup,"Sizzling with flavor, I bring the heat and the thrill of the spice wars! 🍲🔥"
10904359,13.0,Buko Smelte,Specialost,Smøreost Krydderost,1,0,bg.,Netto,https://static.tilbudsugen.dk/1st-retail/2026/2/64322/Netto022026-1_13_59x4844_2434x6886_zoom.jpg,2026-01-02,2026-01-09,https://res.cloudinary.com/dfqzmnlga/image/upload/v1767347004/2026-01-02/10904359.jpg,Butter cheese Cloth cheese,"Soft, creamy, and slightly rustic—perfect for blending into any meal. 🥨"
10904361,13.0,Buko Smelte,Specialost,Smøreost Rejeost,1,0,bg.,Netto,https://static.tilbudsugen.dk/1st-retail/2026/2/64322/Netto022026-1_13_59x4844_2434x6886_zoom.jpg,2026-01-02,2026-01-09,https://res.cloudinary.com/dfqzmnlga/image/upload/v1767347004/2026-01-02/10904361.jpg,Butter cheese Shrimp cheese,Cheese lover with a shrimp twist 🧁
10904362,13.0,Buko Smelte,Specialost,Smøreost Skinkeost,1,0,bg.,Netto,https://static.tilbudsugen.dk/1st-retail/2026/2/64322/Netto022026-1_13_59x4844_2434x6886_zoom.jpg,2026-01-02,2026-01-09,https://res.cloudinary.com/dfqzmnlga/image/upload/v1767347005/2026-01-02/10904362.jpg,Butter cheese Skin cheese,"Slightly salty, slightly sweet, and always in the right place—like a perfect snack for any occasion 🧁"
10904363,13.0,Buko Smelte,Specialost,Smøreost Champignonost,1,0,bg.,Netto,https://static.tilbudsugen.dk/1st-retail/2026/2/64322/Netto022026-1_13_59x4844_2434x6886_zoom.jpg,2026-01-02,2026-01-09,https://res.cloudinary.com/dfqzmnlga/image/upload/v1767347006/2026-01-02/10904363.jpg,Butter cheese Champignon cheese,"Soft, creamy, and slightly cheesy—perfect for a cozy night with a good book. 🧀✨"
10904365,13.0,Buko Smelte,Specialost,Smøreost Rejeost Light,1,0,bg.,Netto,https://static.tilbudsugen.dk/1st-retail/2026/2/64322/Netto022026-1_13_59x4844_2434x6886_zoom.jpg,2026-01-02,2026-01-09,https://res.cloudinary.com/dfqzmnlga/image/upload/v1767347006/2026-01-02/10904365.jpg,Butter cheese Shrimp cheese Light,"Savory shrimp and cheese, creamy and bold — a flavor fusion that's never the same. 🧀🦞"
10904360,13.0,Buko Smelte,Specialost,Smøreost Baconost,1,0,bg.,Netto,https://static.tilbudsugen.dk/1st-retail/2026/2/64322/Netto022026-1_13_59x4844_2434x6886_zoom.jpg,2026-01-02,2026-01-09,https://res.cloudinary.com/dfqzmnlga/image/upload/v1767347006/2026-01-02/10904360.jpg,Butter cheese Bacon cheese,"Soft, savory, and slightly cheesy — perfect for a morning toast. 🥨"
10904402,20.0,Kitchen Joy,Special Suppe,Tom Kha Noodle Soup med Wonton,1,0,pk.,Netto,https://static.tilbudsugen.dk/1st-retail/2026/2/64322/Netto022026-1_4_41x4626_2590x6844_zoom.jpg,2026-01-02,2026-01-09,https://res.cloudinary.com/dfqzmnlga/image/upload/v1767347007/2026-01-02/10904402.jpg,Tom Kha Noodle Soup with Wonton,"Sip on flavor, one noodle at a time—Tom Kha Noodle Soup with Wonton. 🍜✨"
10904480,12.0,Royal Arctic,Rejer og andre skaldyr,Rejer,1,0,bg.,Netto,https://static.tilbudsugen.dk/1st-retail/2026/2/64322/Netto022026-1_14_1686x2903_3271x4862_zoom.jpg,2026-01-02,2026-01-09,https://res.cloudinary.com/dfqzmnlga/image/upload/v1767347008/2026-01-02/10904480.jpg,Shrimps and prawns,Crave fresh flavors? I'm the shrimp and prawn whisperer! 🍤🦞
10904337,10.0,Kettle Cooked Chips,Chips,Sea Salt Chips,1,0,ps.,Netto,https://static.tilbudsugen.dk/1st-retail/2026/2/64322/Netto022026-1_2_2400x4700_4891x6869_zoom.jpg,2026-01-02,2026-01-09,https://res.cloudinary.com/dfqzmnlga/image/upload/v1767347008/2026-01-02/10904337.jpg,Sea Salt Chips,"Crunchy, salty, and perfectly balanced—your go-to snack for any occasion. 😍"
10904342,10.0,Kettle Cooked Chips,Chips,Balsamico & Tomatochips,1,0,ps.,Netto,https://static.tilbudsugen.dk/1st-retail/2026/2/64322/Netto022026-1_2_2400x4700_4891x6869_zoom.jpg,2026-01-02,2026-01-09,https://res.cloudinary.com/dfqzmnlga/image/upload/v1767347008/2026-01-02/10904342.jpg,Balsamico & Tomatochips,"Sour, sweet, and spicy—perfect for a flavor-packed snack. 🍅✨"
10904367,10.0,Falengreen,Madlavningsost,Revet ost Pizzatopping,1,0,ps.,Netto,https://static.tilbudsugen.dk/1st-retail/2026/2/64322/Netto022026-1_3_58x2497_2516x4650_zoom.jpg,2026-01-02,2026-01-09,https://res.cloudinary.com/dfqzmnlga/image/upload/v1767347009/2026-01-02/10904367.jpg,Reefed Cheese Pizza Topping,"Crackling with flavor, I’m the perfect companion to any meal—especially a good night of storytelling. 🍕✨"
10904390,10.0,La Campagna,Postej og Paté,Paté Hvidløg,1,0,stk.,Netto,https://static.tilbudsugen.dk/1st-retail/2026/2/64322/Netto022026-1_3_49x4543_2639x6853_zoom.jpg,2026-01-02,2026-01-09,https://res.cloudinary.com/dfqzmnlga/image/upload/v1767347009/2026-01-02/10904390.jpg,Paté Garlic,Savor the flavor of love with a dash of garlic—perfect for any moment. 🍴
10904340,10.0,Kettle Cooked Chips,Chips,Paprikachips,1,0,ps.,Netto,https://static.tilbudsugen.dk/1st-retail/2026/2/64322/Netto022026-1_2_2400x4700_4891x6869_zoom.jpg,2026-01-02,2026-01-09,https://res.cloudinary.com/dfqzmnlga/image/upload/v1767347009/2026-01-02/10904340.jpg,Paprika chips,"🔥 Spice up your day with paprika chips—spicy, smoky, and ready to ignite your taste buds! 🌟"
10904401,20.0,Urtekram,"Sæbe, bad, dusch",Flydende sæbe,1,0,stk.,Netto,https://static.tilbudsugen.dk/1st-retail/2026/2/64322/Netto022026-1_4_2474x4642_4883x6877_zoom.jpg,2026-01-02,2026-01-09,https://res.cloudinary.com/dfqzmnlga/image/upload/v1767347010/2026-01-02/10904401.jpg,Liquid soap,"Glow up, scrub your day with me—clean, bold, and always ready to shine! 🧼"
10904341,10.0,Kettle Cooked Chips,Chips,Sour Cream & Onion Chips,1,0,ps.,Netto,https://static.tilbudsugen.dk/1st-retail/2026/2/64322/Netto022026-1_2_2400x4700_4891x6869_zoom.jpg,2026-01-02,2026-01-09,https://res.cloudinary.com/dfqzmnlga/image/upload/v1767347011/2026-01-02/10904341.jpg,Sour Cream & Onion Chips,"Sour Cream & Onion Chips: Crispy, cheesy, and perfectly crispy. 🍩"
10904368,10.0,Falengreen,Madlavningsost,Revet ost Mexitopping,1,0,ps.,Netto,https://static.tilbudsugen.dk/1st-retail/2026/2/64322/Netto022026-1_3_58x2497_2516x4650_zoom.jpg,2026-01-02,2026-01-09,https://res.cloudinary.com/dfqzmnlga/image/upload/v1767347011/2026-01-02/10904368.jpg,Reefed cheese Mexitopping,"Reefed cheese Mexitopping: Oceanic flavor, delivered with a side of giggles and a sprinkle of adventure 🌊🧀"
10904696,50.0,,Californiske vine,Californisk Rødvin,1,0,fl.,Netto,https://static.tilbudsugen.dk/1st-retail/2026/2/64322/Netto022026-1_22_1633x2794_3316x4857_zoom.jpg,2026-01-02,2026-01-09,https://res.cloudinary.com/dfqzmnlga/image/upload/v1767347011/2026-01-02/10904696.jpg,California Red Wine,"Sip, savor, and share—California Red Wine is the perfect punch of flavor. 🍷"
10904699,50.0,,Californiske vine,Californisk Hvidvin,1,0,fl.,Netto,https://static.tilbudsugen.dk/1st-retail/2026/2/64322/Netto022026-1_22_1633x2794_3316x4857_zoom.jpg,2026-01-02,2026-01-09,https://res.cloudinary.com/dfqzmnlga/image/upload/v1767347012/2026-01-02/10904699.jpg,California White wine,"Sip, savor, and smile—California White wine is the perfect companion to any good time. 🍷"
10904464,12.0,La Campagna,Pålægssalat,Hummus,1,0,bg.,Netto,https://static.tilbudsugen.dk/1st-retail/2026/2/64322/Netto022026-1_7_3678x5277_4891x6877_zoom.jpg,2026-01-02,2026-01-09,https://res.cloudinary.com/dfqzmnlga/image/upload/v1767347012/2026-01-02/10904464.jpg,Hummus,Spread flavors like a creamy hug — because every bite tells a story. 🍣
10904501,69.0,Pure Poultry,Fjerkræ,Kyllingespyd,1,1,ps.,Netto,https://static.tilbudsugen.dk/1st-retail/2026/2/64322/Netto022026-1_15_3211x766_4927x2850_zoom.jpg,2026-01-02,2026-01-09,https://res.cloudinary.com/dfqzmnlga/image/upload/v1767347012/2026-01-02/10904501.jpg,Chicken sip,"Sip on the flavor of adventure with me—chicken, not just eaten. 🍗✨"
10904584,28.0,Extra,Müsli & Granola,Red Berries Granola,1,0,ps.,Netto,https://static.tilbudsugen.dk/1st-retail/2026/2/64322/Netto022026-1_20_1677x1024_3328x3136_zoom.jpg,2026-01-02,2026-01-09,https://res.cloudinary.com/dfqzmnlga/image/upload/v1767347013/2026-01-02/10904584.jpg,Red Berries Granola,"A sweet, tangy burst of flavor that makes every bite feel like a tropical getaway 🍓✨"
10904582,28.0,Extra,Müsli & Granola,Fruit & Nut Granola,1,0,ps.,Netto,https://static.tilbudsugen.dk/1st-retail/2026/2/64322/Netto022026-1_20_1677x1024_3328x3136_zoom.jpg,2026-01-02,2026-01-09,https://res.cloudinary.com/dfqzmnlga/image/upload/v1767347013/2026-01-02/10904582.jpg,Fruit & Nut Granola,"Crunchy, sweet, and full of flavor—perfect for a quick snack or a breakfast treat! 🍞"
10904312,49.0,,Kylling,Kyllingeoverlår,1,0,pk.,Netto,https://static.tilbudsugen.dk/1st-retail/2026/2/64322/Netto022026-1_11_2457x4767_4951x6904_zoom.jpg,2026-01-02,2026-01-09,https://res.cloudinary.com/dfqzmnlga/image/upload/v1767347013/2026-01-02/10904312.jpg,Chicken upper thighs,"Sizzling with flavor, I'm the chicken upper thigh that's ready to conquer your plate! 🍗"
10904575,20.0,Easis,Marmelade,Hindbærmarmelade,1,0,gl.,Netto,https://static.tilbudsugen.dk/1st-retail/2026/2/64322/Netto022026-1_19_2393x5037_4908x6893_zoom.jpg,2026-01-02,2026-01-09,https://res.cloudinary.com/dfqzmnlga/image/upload/v1767347014/2026-01-02/10904575.jpg,Raspberry jam,"Syrup of joy, sweet and bold, with a twist of tangy surprise — perfect for any occasion, anytime. 🍓"
10904577,20.0,Easis,Marmelade,Jordbærmarmelade,1,0,gl.,Netto,https://static.tilbudsugen.dk/1st-retail/2026/2/64322/Netto022026-1_19_2393x5037_4908x6893_zoom.jpg,2026-01-02,2026-01-09,https://res.cloudinary.com/dfqzmnlga/image/upload/v1767347014/2026-01-02/10904577.jpg,Strawberry marmalade,Savor the sweetest bursts of summer with every drop—perfect for a rainy day or a bold statement. 🍓
10904576,20.0,Easis,Marmelade,Solbærmarmelade,1,0,gl.,Netto,https://static.tilbudsugen.dk/1st-retail/2026/2/64322/Netto022026-1_19_2393x5037_4908x6893_zoom.jpg,2026-01-02,2026-01-09,https://res.cloudinary.com/dfqzmnlga/image/upload/v1767347015/2026-01-02/10904576.jpg,Blackcurrant jam,"✨ Sweet, bold, and tangy – I'm blackcurrant jam, and I love to spread my flavor everywhere! ✨"
10904374,10.0,Miss Bagel,Dybfrost Brød,Bagels chili og cheddar,1,0,ps.,Netto,https://static.tilbudsugen.dk/1st-retail/2026/2/64322/Netto022026-1_3_2400x4543_4998x6853_zoom.jpg,2026-01-02,2026-01-09,https://res.cloudinary.com/dfqzmnlga/image/upload/v1767347015/2026-01-02/10904374.jpg,Bagels chili and cheddar,"Savoring the perfect blend of crispy bagels, spicy chili, and gooey cheddar — one bite at a time. 🍞🌶️"
10904370,10.0,Navito,Konserves,Tun i olie,1,0,ds.,Netto,https://static.tilbudsugen.dk/1st-retail/2026/2/64322/Netto022026-1_3_2417x105_4850x2423_zoom.jpg,2026-01-02,2026-01-09,https://res.cloudinary.com/dfqzmnlga/image/upload/v1767347016/2026-01-02/10904370.jpg,Tunas in oil,"🔥 Spicy, smoky, and super satisfying — the ultimate tuna adventure in a bowl! 🍣"
10904375,10.0,Miss Bagel,Dybfrost Brød,Bagels Plain,1,0,ps.,Netto,https://static.tilbudsugen.dk/1st-retail/2026/2/64322/Netto022026-1_3_2400x4543_4998x6853_zoom.jpg,2026-01-02,2026-01-09,https://res.cloudinary.com/dfqzmnlga/image/upload/v1767347016/2026-01-02/10904375.jpg,Bagels Plain,"Slice of life, wrapped in dough – perfect for a morning pick-me-up. 🍞"
10904369,10.0,Navito,Konserves,Tun i vand,1,0,ds.,Netto,https://static.tilbudsugen.dk/1st-retail/2026/2/64322/Netto022026-1_3_2417x105_4850x2423_zoom.jpg,2026-01-02,2026-01-09,https://res.cloudinary.com/dfqzmnlga/image/upload/v1767347017/2026-01-02/10904369.jpg,Tunas in water,"Salty, refreshing, and always ready for a beach day — just ask me to join you! 🌴"
10904376,10.0,Miss Bagel,Dybfrost Brød,Bagels Grov,1,0,ps.,Netto,https://static.tilbudsugen.dk/1st-retail/2026/2/64322/Netto022026-1_3_2400x4543_4998x6853_zoom.jpg,2026-01-02,2026-01-09,https://res.cloudinary.com/dfqzmnlga/image/upload/v1767347018/2026-01-02/10904376.jpg,Bagels Grov,"Bread lover with a twist—Bagels Grov, where every bite is a surprise. 🍞✨"
10904379,10.0,Gorbys,Færdigretter Frost,Pirogger Chili Cheese,1,0,pk.,Netto,https://static.tilbudsugen.dk/1st-retail/2026/2/64322/Netto022026-1_3_2400x4543_4998x6853_zoom.jpg,2026-01-02,2026-01-09,https://res.cloudinary.com/dfqzmnlga/image/upload/v1767347018/2026-01-02/10904379.jpg,Pirogger Chili Cheese,"🔥 Spicy, cheesy, and unstoppable – the ultimate flavor bomb in every bite! 🌟"
10904380,10.0,Gorbys,Færdigretter Frost,Pirogger Original,1,0,pk.,Netto,https://static.tilbudsugen.dk/1st-retail/2026/2/64322/Netto022026-1_3_2400x4543_4998x6853_zoom.jpg,2026-01-02,2026-01-09,https://res.cloudinary.com/dfqzmnlga/image/upload/v1767347019/2026-01-02/10904380.jpg,Pirogger Original,"✨ A flavor that never fades, always brings a smile—Pirogger Original. ✨"
10904570,25.0,Easis,Müsli & Granola,Classic Crunch,1,0,pk.,Netto,https://static.tilbudsugen.dk/1st-retail/2026/2/64322/Netto022026-1_19_2432x902_4838x3175_zoom.jpg,2026-01-02,2026-01-09,https://res.cloudinary.com/dfqzmnlga/image/upload/v1767347019/2026-01-02/10904570.jpg,Classic Crunch,"Crunchy, creamy, and perfectly crispy — your favorite snack that never disappoints! 🍽️"
10904572,25.0,Easis,Müsli & Granola,Choko Crunch,1,0,ps.,Netto,https://static.tilbudsugen.dk/1st-retail/2026/2/64322/Netto022026-1_19_2432x902_4838x3175_zoom.jpg,2026-01-02,2026-01-09,https://res.cloudinary.com/dfqzmnlga/image/upload/v1767347020/2026-01-02/10904572.jpg,Choko Crunch,"Crunchy, tasty, and just right—like a surprise in every bite! 🍬"
10904586,9.0,Sæby,Konserves,Makrel Små Stykker,1,0,ds.,Netto,https://static.tilbudsugen.dk/1st-retail/2026/2/64322/Netto022026-1_20_3283x51_4960x1408_zoom.jpg,2026-01-02,2026-01-09,https://res.cloudinary.com/dfqzmnlga/image/upload/v1767347020/2026-01-02/10904586.jpg,Mackerel Small Pieces,"Slick, salty, and ready to conquer the sea — just like you. 🐟"
10904587,9.0,Sæby,Konserves,Makrelfilet i Tomat,1,0,ds.,Netto,https://static.tilbudsugen.dk/1st-retail/2026/2/64322/Netto022026-1_20_3283x51_4960x1408_zoom.jpg,2026-01-02,2026-01-09,https://res.cloudinary.com/dfqzmnlga/image/upload/v1767347020/2026-01-02/10904587.jpg,Mackerel fillets in Tomato,"Salty, smoky, and surprisingly sweet — the perfect partner for a stormy evening. 🍣"
10904522,29.0,Næmt,Færdigretter Frost,Gyros,1,0,pk.,Netto,https://static.tilbudsugen.dk/1st-retail/2026/2/64322/Netto022026-1_15_36x4809_1662x6857_zoom.jpg,2026-01-02,2026-01-09,https://res.cloudinary.com/dfqzmnlga/image/upload/v1767347021/2026-01-02/10904522.jpg,Gyros,"Sizzling with flavor, I'm the perfect match for your curious cravings! 🍗"
10904545,29.0,Pølsemesteren,300 g - 599 g Normalpakke Pølser,Kyllingepølser,1,0,pk.,Netto,https://static.tilbudsugen.dk/1st-retail/2026/2/64322/Netto022026-1_16_0x2791_1651x4704_zoom.jpg,2026-01-02,2026-01-09,https://res.cloudinary.com/dfqzmnlga/image/upload/v1767347022/2026-01-02/10904545.jpg,Chicken sausages,"Sizzling with flavor, I'm the ultimate kitchen warrior, ready to conquer any meal! 🍗"
10904456,20.0,Bacon Peber,Postej og Paté,Leverpostej,1,0,pk.,Netto,https://static.tilbudsugen.dk/1st-retail/2026/2/64322/Netto022026-1_14_1670x704_3321x2855_zoom.jpg,2026-01-02,2026-01-09,https://res.cloudinary.com/dfqzmnlga/image/upload/v1767347023/2026-01-02/10904456.jpg,Liver pie,"Craving a little chaos? I'm liver pie—bold, flavorful, and ready to conquer your taste buds! 🍽️"
10904441,20.0,Karen Volf,Kiks,Havrekiks med frugt,1,0,pk.,Netto,https://static.tilbudsugen.dk/1st-retail/2026/2/64322/Netto022026-1_6_2400x4626_4916x6820_zoom.jpg,2026-01-02,2026-01-09,https://res.cloudinary.com/dfqzmnlga/image/upload/v1767347023/2026-01-02/10904441.jpg,Oat biscuits with fruit,"Savory, sweet, and slightly tangy—perfect for a morning snack or a midday pick-me-up 🍞✨"
10904529,39.0,Jensens,Færdigretter Køl,Spareribs,1,0,pk.,Netto,https://static.tilbudsugen.dk/1st-retail/2026/2/64322/Netto022026-1_16_1686x861_3336x2808_zoom.jpg,2026-01-02,2026-01-09,https://res.cloudinary.com/dfqzmnlga/image/upload/v1767347023/2026-01-02/10904529.jpg,Sparreibs,✨ Spars are the best when paired with a good playlist and a cozy blanket. 🌟
10904530,39.0,Jensens,Færdigretter Køl,Pulled Pork,1,0,pk.,Netto,https://static.tilbudsugen.dk/1st-retail/2026/2/64322/Netto022026-1_16_1686x861_3336x2808_zoom.jpg,2026-01-02,2026-01-09,https://res.cloudinary.com/dfqzmnlga/image/upload/v1767347024/2026-01-02/10904530.jpg,Pulled Pork,"Savoring smoky, spicy adventures with every bite—🔥"
10904319,99.0,HC Andersen,Skæreost,Skæreost Mellemlagret 45+,1,1,stk.,Netto,https://static.tilbudsugen.dk/1st-retail/2026/2/64322/Netto022026-1_13_3229x2885_4998x4844_zoom.jpg,2026-01-02,2026-01-09,https://res.cloudinary.com/dfqzmnlga/image/upload/v1767347024/2026-01-02/10904319.jpg,Cutting cheese Intermediate storage 45+,Cheese lover with a knack for keeping it fresh—perfect for those who enjoy the thrill of the cut! 🧀
10904499,55.0,Velsmag,Kalve- og grisekød,Hakket kalv og grisekød 8-12%,1,0,bk.,Netto,https://static.tilbudsugen.dk/1st-retail/2026/2/64322/Netto022026-1_10_2771x4807_4883x6844_zoom.jpg,2026-01-02,2026-01-09,https://res.cloudinary.com/dfqzmnlga/image/upload/v1767347024/2026-01-02/10904499.jpg,Minced calf and pig meat 8-12 per cent,"Savory blend of tender cuts, perfect for smoky grill or hearty stew 🍴"
10904491,55.0,Velsmag,Grisekød,Flæsk i skiver,1,0,bk.,Netto,https://static.tilbudsugen.dk/1st-retail/2026/2/64322/Netto022026-1_10_2771x4807_4883x6844_zoom.jpg,2026-01-02,2026-01-09,https://res.cloudinary.com/dfqzmnlga/image/upload/v1767347025/2026-01-02/10904491.jpg,Pork in slices,"Slices of pork, ready to grill or slice—where flavor meets fun. 🍖🔥"
10904488,55.0,,Kylling,Kyllingebryst,1,0,pk.,Netto,https://static.tilbudsugen.dk/1st-retail/2026/2/64322/Netto022026-1_10_2837x3091_4932x4824_zoom.jpg,2026-01-02,2026-01-31,https://res.cloudinary.com/dfqzmnlga/image/upload/v1767347025/2026-01-02/10904488.jpg,Chicken breast,"Sizzling with flavor, ready to conquer your taste buds! 🍗"
10904473,12.0,K-salat,Pålægssalat,Æggesalat 30% mindre fedt,1,0,bg.,Netto,https://static.tilbudsugen.dk/1st-retail/2026/2/64322/Netto022026-1_14_59x2873_1650x4785_zoom.jpg,2026-01-02,2026-01-09,https://res.cloudinary.com/dfqzmnlga/image/upload/v1767347026/2026-01-02/10904473.jpg,Egg salad 30% less fat,"Savory, creamy, and light—perfect for a lunch that's as refreshing as it is satisfying 🥚"
10904478,12.0,K-salat,Pålægssalat,Krabbesalat,1,0,bg.,Netto,https://static.tilbudsugen.dk/1st-retail/2026/2/64322/Netto022026-1_14_59x2873_1650x4785_zoom.jpg,2026-01-02,2026-01-09,https://res.cloudinary.com/dfqzmnlga/image/upload/v1767347026/2026-01-02/10904478.jpg,Crab salad,"Crab salad: The ultimate salty, sweet, and slightly spicy escape — perfect for a midnight snack or a date night disaster. 🍤"
10904474,12.0,K-salat,Pålægssalat,Æggesalat,1,0,bg.,Netto,https://static.tilbudsugen.dk/1st-retail/2026/2/64322/Netto022026-1_14_59x2873_1650x4785_zoom.jpg,2026-01-02,2026-01-09,https://res.cloudinary.com/dfqzmnlga/image/upload/v1767347027/2026-01-02/10904474.jpg,Egg salad,"Savor the crunch of fresh eggs and tangy crunch with every bite — perfect for a quick, delicious snack or lunch. 🍳"
10904476,12.0,K-salat,Pålægssalat,Kylling & Baconsalat,1,0,bg.,Netto,https://static.tilbudsugen.dk/1st-retail/2026/2/64322/Netto022026-1_14_59x2873_1650x4785_zoom.jpg,2026-01-02,2026-01-09,https://res.cloudinary.com/dfqzmnlga/image/upload/v1767347027/2026-01-02/10904476.jpg,Chicken & Bacon Salad,Savor the crunch of chicken and the smoky bliss of bacon—perfect for a spicy snack or a bold salad. 🍗 Bacon 🐔
10904477,12.0,K-salat,Pålægssalat,Finthakket  Skinkesalat,1,0,bg.,Netto,https://static.tilbudsugen.dk/1st-retail/2026/2/64322/Netto022026-1_14_59x2873_1650x4785_zoom.jpg,2026-01-02,2026-01-09,https://res.cloudinary.com/dfqzmnlga/image/upload/v1767347028/2026-01-02/10904477.jpg,Finely ground ham salad,"Savory, sharp, and slightly tangy—perfect for a quick snack or a bold twist on a salad. 🍴"
10904472,12.0,K-salat,Pålægssalat,Hønsesalat,1,0,bg.,Netto,https://static.tilbudsugen.dk/1st-retail/2026/2/64322/Netto022026-1_14_59x2873_1650x4785_zoom.jpg,2026-01-02,2026-01-09,https://res.cloudinary.com/dfqzmnlga/image/upload/v1767347028/2026-01-02/10904472.jpg,Chicken lettuce,"Savor the crunch of a fresh chicken lettuce – perfect for a quick, tasty snack or meal. 🍗 lettuce"
10904743,16.0,Gliss,Balsam,Balsam,1,0,stk.,Netto,https://static.tilbudsugen.dk/1st-retail/2026/2/64322/Netto022026-1_23_107x683_2334x2877_zoom.jpg,2026-01-02,2026-01-09,https://res.cloudinary.com/dfqzmnlga/image/upload/v1767347029/2026-01-02/10904743.jpg,Balsam,"✨ Smell of fresh rain and earth, always ready to revive your day. ✨"
10904407,20.0,Poly Swing,Styling,Hårspray,1,0,stk.,Netto,https://static.tilbudsugen.dk/1st-retail/2026/2/64322/Netto022026-1_4_2474x4642_4883x6877_zoom.jpg,2026-01-02,2026-01-09,https://res.cloudinary.com/dfqzmnlga/image/upload/v1767347029/2026-01-02/10904407.jpg,Hairspray,"✨ Spray my hair with style, one swipe at a time! ✨"
10904406,20.0,Taft,Styling,Hårspray,1,0,stk.,Netto,https://static.tilbudsugen.dk/1st-retail/2026/2/64322/Netto022026-1_4_2474x4642_4883x6877_zoom.jpg,2026-01-02,2026-01-09,https://res.cloudinary.com/dfqzmnlga/image/upload/v1767347029/2026-01-02/10904406.jpg,Hairspray,Spritzing life into your hair with a little flair—because even the most mundane day can be a high-energy vibe. 🌟
10904574,20.0,Gullon,Kiks,Kiks,1,0,pk.,Netto,https://static.tilbudsugen.dk/1st-retail/2026/2/64322/Netto022026-1_19_2509x3155_4851x5031_zoom.jpg,2026-01-02,2026-01-09,https://res.cloudinary.com/dfqzmnlga/image/upload/v1767347030/2026-01-02/10904574.jpg,Biscuits,"Crunchy, cheesy, and always ready to roll—bite me! 🍞"
10904538,29.0,Løgismose,Dybfrost Brød,Surdejsboller,1,0,ps.,Netto,https://static.tilbudsugen.dk/1st-retail/2026/2/64322/Netto022026-1_16_2220x4749_4856x6762_zoom.jpg,2026-01-02,2026-01-09,https://res.cloudinary.com/dfqzmnlga/image/upload/v1767347031/2026-01-02/10904538.jpg,Surdies,"✨ One-liner: ""I'm the ultimate tool for keeping things (and my sanity) perfectly sealed!"" 🧾"
10904540,29.0,Løgismose,Dybfrost Brød,Hvedekerneboller,1,0,ps.,Netto,https://static.tilbudsugen.dk/1st-retail/2026/2/64322/Netto022026-1_16_2220x4749_4856x6762_zoom.jpg,2026-01-02,2026-01-09,https://res.cloudinary.com/dfqzmnlga/image/upload/v1767347031/2026-01-02/10904540.jpg,Wheat kernel balls,"Savory, sweet, and slightly sticky — my flavor is unstoppable! 🍞"
10904308,49.0,,Kylling,Kyllingebrystfilet,1,0,pk.,Netto,https://static.tilbudsugen.dk/1st-retail/2026/2/64322/Netto022026-1_11_2457x4767_4951x6904_zoom.jpg,2026-01-02,2026-01-09,https://res.cloudinary.com/dfqzmnlga/image/upload/v1767347032/2026-01-02/10904308.jpg,Chicken breast fillet,"Sizzling with flavor, ready to conquer any plate! 🍗"
10904534,29.0,Løgismose,"Suppe, Boullion & Fond",Kartoffel Jordskoksuppe,1,0,stk.,Netto,https://static.tilbudsugen.dk/1st-retail/2026/2/64322/Netto022026-1_16_119x4773_2297x6791_zoom.jpg,2026-01-02,2026-01-09,https://res.cloudinary.com/dfqzmnlga/image/upload/v1767347032/2026-01-02/10904534.jpg,Potato Earth Coke Soup,⁠⁠⁠⁠⁠⁠⁠⁠⁠⁠⁠⁠⁠⁠⁠⁠⁠⁠⁠⁠⁠⁠⁠⁠⁠⁠⁠⁠⁠⁠⁠⁠⁠⁠⁠⁠⁠⁠⁠⁠⁠⁠⁠⁠⁠⁠⁠⁠⁠⁠
10904533,29.0,Løgismose,"Suppe, Boullion & Fond",Tomatsuppe,1,0,stk.,Netto,https://static.tilbudsugen.dk/1st-retail/2026/2/64322/Netto022026-1_16_119x4773_2297x6791_zoom.jpg,2026-01-02,2026-01-09,https://res.cloudinary.com/dfqzmnlga/image/upload/v1767347033/2026-01-02/10904533.jpg,Tomato soup,"Sour, salty, and slightly spicy — the perfect companion to any meal. 🍅"
10904542,29.0,Løgismose,Dybfrost Brød,Surdejsbaguette,1,0,ps.,Netto,https://static.tilbudsugen.dk/1st-retail/2026/2/64322/Netto022026-1_16_2220x4749_4856x6762_zoom.jpg,2026-01-02,2026-01-09,https://res.cloudinary.com/dfqzmnlga/image/upload/v1767347033/2026-01-02/10904542.jpg,Surdough baguette,"Toast-worthy companion for any adventure, 🍞"
10904589,10.0,Semper,Babymad,Grød,1,0,stk.,Netto,https://static.tilbudsugen.dk/1st-retail/2026/2/64322/Netto022026-1_20_3283x1421_4953x3066_zoom.jpg,2026-01-02,2026-01-09,https://res.cloudinary.com/dfqzmnlga/image/upload/v1767347033/2026-01-02/10904589.jpg,Porridge,"Melt in your morning coffee, then you're ready to conquer the day. 🥣"
10904358,10.0,Good Food,Riskiks,Corn Cakes Paprika,1,0,pk.,Netto,https://static.tilbudsugen.dk/1st-retail/2026/2/64322/Netto022026-1_2_16x2563_2450x4725_zoom.jpg,2026-01-02,2026-01-09,https://res.cloudinary.com/dfqzmnlga/image/upload/v1767347034/2026-01-02/10904358.jpg,Corn Cakes Paprika,"Sizzling with flavor, corn cakes paprika brings a sprinkle of spice to every bite! 🌶️"
10904325,10.0,Good Food,Riskiks,Corn Cakes Pizza,1,0,pk.,Netto,https://static.tilbudsugen.dk/1st-retail/2026/2/64322/Netto022026-1_2_16x2563_2450x4725_zoom.jpg,2026-01-02,2026-01-09,https://res.cloudinary.com/dfqzmnlga/image/upload/v1767347035/2026-01-02/10904325.jpg,Corn Cakes Pizza,"Savor the crunch of a perfect corn cake, topped with a cheesy twist—because life's too short for boring meals! 🍞🔥"
10904328,10.0,Good Food,Riskiks,Corn Cakes Sour Cream & Onion,1,0,pk.,Netto,https://static.tilbudsugen.dk/1st-retail/2026/2/64322/Netto022026-1_2_16x2563_2450x4725_zoom.jpg,2026-01-02,2026-01-09,https://res.cloudinary.com/dfqzmnlga/image/upload/v1767347035/2026-01-02/10904328.jpg,Corn Cakes Sour Cream & Onion,"Sour cream and onion, served with a side of fun and flair—because every bite is a flavor explosion! 🍞✨"
10904463,29.0,Naturli',Færdigretter Frost,Falafel,1,0,ps.,Netto,https://static.tilbudsugen.dk/1st-retail/2026/2/64322/Netto022026-1_7_2450x5211_3753x6894_zoom.jpg,2026-01-02,2026-01-09,https://res.cloudinary.com/dfqzmnlga/image/upload/v1767347035/2026-01-02/10904463.jpg,Falafel,Falafel: The snack that turns every bite into a flavor adventure 🥗
10904446,29.0,Jalm & B,Fastfoodbrød,Vegansk Burgerbolle,1,0,pk.,Netto,https://static.tilbudsugen.dk/1st-retail/2026/2/64322/Netto022026-1_7_1262x1681_2565x3174_zoom.jpg,2026-01-02,2026-01-09,https://res.cloudinary.com/dfqzmnlga/image/upload/v1767347036/2026-01-02/10904446.jpg,Vegan Burger Bun,"Savoring the taste of a perfect burger, wrapped in a vegan bliss— 🥪"
10904364,10.0,Lillebror,Specialost,Ostehaps,1,0,pk.,Netto,https://static.tilbudsugen.dk/1st-retail/2026/2/64322/Netto022026-1_3_58x221_2672x2530_zoom.jpg,2026-01-02,2026-01-09,https://res.cloudinary.com/dfqzmnlga/image/upload/v1767347036/2026-01-02/10904364.jpg,Ostephaps,"Ostephaps, the one who brings joy to your day with a smile and a sprinkle of magic 🌟"
10904353,19.0,Creamy White,Specialost,Skimmelost,1,0,pk.,Netto,https://static.tilbudsugen.dk/1st-retail/2026/2/64322/Netto022026-1_13_2428x4850_4998x6827_zoom.jpg,2026-01-02,2026-01-09,https://res.cloudinary.com/dfqzmnlga/image/upload/v1767347037/2026-01-02/10904353.jpg,Skimming Lost,"Skimming Lost — catching what others miss, one swipe at a time. 🌟"
10904469,12.0,Gul bordpak,"Pålæg, skiveskåret",Sønderjysk Spegepølse,1,0,pk.,Netto,https://static.tilbudsugen.dk/1st-retail/2026/2/64322/Netto022026-1_14_0x691_1664x2842_zoom.jpg,2026-01-02,2026-01-09,https://res.cloudinary.com/dfqzmnlga/image/upload/v1767347037/2026-01-02/10904469.jpg,Sønderjysk Salsify,✨ Sønderjysk Salsify: The flavor that turns everyday meals into unforgettable adventures! 🌟
10904449,12.0,Gul bordpak,"Pålæg, skiveskåret",Kartoffelspegepølse,1,0,pk.,Netto,https://static.tilbudsugen.dk/1st-retail/2026/2/64322/Netto022026-1_14_0x691_1664x2842_zoom.jpg,2026-01-02,2026-01-09,https://res.cloudinary.com/dfqzmnlga/image/upload/v1767347037/2026-01-02/10904449.jpg,Potato sausage,"🔥 Spicy, smoky, and unstoppable — the potato sausage is here to make every bite count! 🌟"
10904460,12.0,Gul bordpak,"Pålæg, skiveskåret",Kødpølse,1,0,pk.,Netto,https://static.tilbudsugen.dk/1st-retail/2026/2/64322/Netto022026-1_14_0x691_1664x2842_zoom.jpg,2026-01-02,2026-01-09,https://res.cloudinary.com/dfqzmnlga/image/upload/v1767347038/2026-01-02/10904460.jpg,Meat sausage,"🔥 Sizzling with flavor, ready to ignite your taste buds! 🐄"
10904470,25.0,Premieur,Fisk og skaldyr Køl,Fiskefrikadeller,1,0,bk.,Netto,https://static.tilbudsugen.dk/1st-retail/2026/2/64322/Netto022026-1_14_1692x4838_3389x6833_zoom.jpg,2026-01-02,2026-01-09,https://res.cloudinary.com/dfqzmnlga/image/upload/v1767347039/2026-01-02/10904470.jpg,Fish meatballs,"Sizzling with flavor, I'm the perfect partner for a cozy meal night! 🍣"
10904503,29.0,Bistronne,Fjerkræ,Kyllingekebab,1,0,ps.,Netto,https://static.tilbudsugen.dk/1st-retail/2026/2/64322/Netto022026-1_15_3265x2689_4879x4791_zoom.jpg,2026-01-02,2026-01-09,https://res.cloudinary.com/dfqzmnlga/image/upload/v1767347040/2026-01-02/10904503.jpg,Chicken cheek,"Savory cheek, ready to spice up your day with a twist! 🍗"
10904527,49.0,Tulip,Bacon,Baconskiver,1,0,pk.,Netto,https://static.tilbudsugen.dk/1st-retail/2026/2/64322/Netto022026-1_16_3312x95_4939x2826_zoom.jpg,2026-01-02,2026-01-09,https://res.cloudinary.com/dfqzmnlga/image/upload/v1767347040/2026-01-02/10904527.jpg,Bacon washers,"Slick as a bacon wash, ready to shine through any dish. 🍬"
10904528,49.0,Tulip,Bacon,Bacontern,1,0,pk.,Netto,https://static.tilbudsugen.dk/1st-retail/2026/2/64322/Netto022026-1_16_3312x95_4939x2826_zoom.jpg,2026-01-02,2026-01-09,https://res.cloudinary.com/dfqzmnlga/image/upload/v1767347040/2026-01-02/10904528.jpg,Bacontern,"Bacontern: The crispy, smoky hero of breakfast, ready to ignite your day with a perfect crunch. 🥪"
10904435,20.0,Arla,Fedtstoffer,Smør,1,0,pk.,Netto,https://static.tilbudsugen.dk/1st-retail/2026/2/64322/Netto022026-1_6_16x97_2573x2448_zoom.jpg,2026-01-02,2026-01-09,https://res.cloudinary.com/dfqzmnlga/image/upload/v1767347041/2026-01-02/10904435.jpg,Butter,"Soft, creamy, and perfectly smooth — just the right amount of indulgence. 🧀"
10904336,10.0,Protein Lab,Madlavningsost,Mozzarella,1,0,ps.,Netto,https://static.tilbudsugen.dk/1st-retail/2026/2/64322/Netto022026-1_2_2474x2497_4907x4749_zoom.jpg,2026-01-02,2026-01-09,https://res.cloudinary.com/dfqzmnlga/image/upload/v1767347041/2026-01-02/10904336.jpg,Mozzarella,"Cheesy, creamy, and always ready to melt into your heart — 🧀"
10904437,20.0,Kærgården,Fedtstoffer,Smørbar,1,0,bg.,Netto,https://static.tilbudsugen.dk/1st-retail/2026/2/64322/Netto022026-1_6_16x97_2573x2448_zoom.jpg,2026-01-02,2026-01-09,https://res.cloudinary.com/dfqzmnlga/image/upload/v1767347042/2026-01-02/10904437.jpg,Butterable,"Smoother than a well-baked pie, with a hint of sweetness—perfect for spreading on toast or melting into a dream. 🧁"
10904371,10.0,,"Pålæg, skiveskåret",Hamburgerryg,1,0,pk.,Netto,https://static.tilbudsugen.dk/1st-retail/2026/2/64322/Netto022026-1_3_2483x2547_4949x4708_zoom.jpg,2026-01-02,2026-01-09,https://res.cloudinary.com/dfqzmnlga/image/upload/v1767347042/2026-01-02/10904371.jpg,Hamburger back,"🍔 Back to the table, ready to crush it! 🍔"
10904372,10.0,,"Pålæg, skiveskåret",Kyllingebryst,1,0,pk.,Netto,https://static.tilbudsugen.dk/1st-retail/2026/2/64322/Netto022026-1_3_2483x2547_4949x4708_zoom.jpg,2026-01-02,2026-01-09,https://res.cloudinary.com/dfqzmnlga/image/upload/v1767347043/2026-01-02/10904372.jpg,Chicken breast,"Sizzling with flavor, ready to conquer any plate! 🍗"
10904386,10.0,La Campagna,"Pålæg, skiveskåret",Schwarzwaldskinke,1,0,pk.,Netto,https://static.tilbudsugen.dk/1st-retail/2026/2/64322/Netto022026-1_3_49x4543_2639x6853_zoom.jpg,2026-01-02,2026-01-09,https://res.cloudinary.com/dfqzmnlga/image/upload/v1767347044/2026-01-02/10904386.jpg,Schwarzwald ham,"A salty, smoky delight from the Swiss Alps, perfect for a cozy snack or a bold twist on a classic. 🍞"
10904535,20.0,Protein Lab,Fersk pasta,Ravioli Chicken Lemon,1,0,bk.,Netto,https://static.tilbudsugen.dk/1st-retail/2026/2/64322/Netto022026-1_16_65x736_1626x2778_zoom.jpg,2026-01-02,2026-01-09,https://res.cloudinary.com/dfqzmnlga/image/upload/v1767347045/2026-01-02/10904535.jpg,Ravioli Chicken Lemon,"Sizzling with flavor, Ravioli Chicken Lemon is the ultimate flavor explosion in every bite! 🍴✨"
10904458,12.0,Gul bordpak,"Pålæg, skiveskåret",Kalkunspegepølse - Den lette,1,0,pk.,Netto,https://static.tilbudsugen.dk/1st-retail/2026/2/64322/Netto022026-1_14_0x691_1664x2842_zoom.jpg,2026-01-02,2026-01-09,https://res.cloudinary.com/dfqzmnlga/image/upload/v1767347045/2026-01-02/10904458.jpg,Turkey hot dogs - The light,Turkey hot dogs - The light 🍔✨
10904462,12.0,Gul bordpak,"Pålæg, skiveskåret",Jægerpølse - Den lette,1,0,pk.,Netto,https://static.tilbudsugen.dk/1st-retail/2026/2/64322/Netto022026-1_14_0x691_1664x2842_zoom.jpg,2026-01-02,2026-01-09,https://res.cloudinary.com/dfqzmnlga/image/upload/v1767347045/2026-01-02/10904462.jpg,Hunter Sausage - The Easy,🔥Savor the hunt with every bite—perfect for when you need a little extra flavor in your life. 🐄
10904465,12.0,Gul bordpak,"Pålæg, skiveskåret",Kødpølse - Den lette,1,0,pk.,Netto,https://static.tilbudsugen.dk/1st-retail/2026/2/64322/Netto022026-1_14_0x691_1664x2842_zoom.jpg,2026-01-02,2026-01-09,https://res.cloudinary.com/dfqzmnlga/image/upload/v1767347046/2026-01-02/10904465.jpg,Meat Sausage - The Light,"Sizzling with flavor, I'm the light that brings the heat to your meal! 🍔🔥"
10904798,20.0,,Rengøringsartikler,Duftkugler,1,0,gl.,Netto,https://static.tilbudsugen.dk/1st-retail/2026/2/64322/Netto022026-1_37_1751x481_3229x1947_zoom.jpg,2026-01-02,2026-01-09,https://res.cloudinary.com/dfqzmnlga/image/upload/v1767347046/2026-01-02/10904798.jpg,Scent balls,Scent your day with a little magic—because every sniff is a secret. 🌟
10904590,10.0,Semper,Babymad,Smoothie,1,0,stk.,Netto,https://static.tilbudsugen.dk/1st-retail/2026/2/64322/Netto022026-1_20_3283x1421_4953x3066_zoom.jpg,2026-01-02,2026-01-09,https://res.cloudinary.com/dfqzmnlga/image/upload/v1767347047/2026-01-02/10904590.jpg,Smoothie,"✨ Sparkling blend of flavors, delivered with flair! 🍓"
10904448,25.0,Taverna,Specialost,Halloumi Grillost,1,0,pk.,Netto,https://static.tilbudsugen.dk/1st-retail/2026/2/64322/Netto022026-1_7_2441x1722_3687x3182_zoom.jpg,2026-01-02,2026-01-09,https://res.cloudinary.com/dfqzmnlga/image/upload/v1767347048/2026-01-02/10904448.jpg,Halloumi Grill cheese,"🔥 Crispy, cheesy, and ready to ignite your taste buds—halloumi grilled to perfection! 🍴"
10904552,11.16,ØGO,Frugtpålæg,Frugtstænger,1,0,pk.,Netto,https://static.tilbudsugen.dk/1st-retail/2026/2/64322/Netto022026-1_17_2419x4064_4992x6868_zoom.jpg,2026-01-02,2026-01-09,https://res.cloudinary.com/dfqzmnlga/image/upload/v1767347048/2026-01-02/10904552.jpg,Fruit poles,"Cherry on the ride, always! 🍑"
10904647,45.0,Specialristet,Kaffe,Kaffe Formalet,1,0,ps.,Netto,https://static.tilbudsugen.dk/1st-retail/2026/2/64322/Netto022026-1_21_1600x4692_3324x6836_zoom.jpg,2026-01-02,2026-01-09,https://res.cloudinary.com/dfqzmnlga/image/upload/v1767347049/2026-01-02/10904647.jpg,Coffee Painted,"☕️ The ultimate colorist, blending coffee and creativity into every cup."
10904302,45.0,Velsmag,Oksekød,Hakket oksekød 4-7%,1,0,bk.,Netto,https://static.tilbudsugen.dk/1st-retail/2026/2/64322/Netto022026-1_11_2457x2962_4832x4868_zoom.jpg,2026-01-02,2026-01-09,https://res.cloudinary.com/dfqzmnlga/image/upload/v1767347049/2026-01-02/10904302.jpg,Minced beef 4-7%,"Sizzling with flavor, ready to spice up your day! 🍳"
10904646,45.0,Original,Kaffe,Kaffe Formalet,1,0,ps.,Netto,https://static.tilbudsugen.dk/1st-retail/2026/2/64322/Netto022026-1_21_1600x4692_3324x6836_zoom.jpg,2026-01-02,2026-01-09,https://res.cloudinary.com/dfqzmnlga/image/upload/v1767347050/2026-01-02/10904646.jpg,Coffee Painted,"☕️ A painter with a cup of chaos, crafting moments with every splash."
10904757,17.0,Sanex,Deodorant,Deospray,1,0,stk.,Netto,https://static.tilbudsugen.dk/1st-retail/2026/2/64322/Netto022026-1_23_1691x2819_3307x4840_zoom.jpg,2026-01-02,2026-01-09,https://res.cloudinary.com/dfqzmnlga/image/upload/v1767347051/2026-01-02/10904757.jpg,Deospray,✨ Spray that smell away!
10904443,20.0,Them Ost,Skiveost,Skiveost Mild Havarti,1,0,bk.,Netto,https://static.tilbudsugen.dk/1st-retail/2026/2/64322/Netto022026-1_6_2334x204_4924x2514_zoom.jpg,2026-01-02,2026-01-09,https://res.cloudinary.com/dfqzmnlga/image/upload/v1767347052/2026-01-02/10904443.jpg,Slicing cheese Mild Havarti,Slice and serve – the perfect balance of creamy and sharp. 🧀
10904427,20.0,Them Ost,Skiveost,Skiveost Fætter Kras,1,0,bk.,Netto,https://static.tilbudsugen.dk/1st-retail/2026/2/64322/Netto022026-1_6_2334x204_4924x2514_zoom.jpg,2026-01-02,2026-01-09,https://res.cloudinary.com/dfqzmnlga/image/upload/v1767347052/2026-01-02/10904427.jpg,Skiveost Cousin Kras,✨ Skiveost Cousin Kras: The one who always skips the chores and talks about the weather. 🌤️
10904442,20.0,Them Ost,Skiveost,Skiveost Guld,1,0,bk.,Netto,https://static.tilbudsugen.dk/1st-retail/2026/2/64322/Netto022026-1_6_2334x204_4924x2514_zoom.jpg,2026-01-02,2026-01-09,https://res.cloudinary.com/dfqzmnlga/image/upload/v1767347053/2026-01-02/10904442.jpg,Skive cheese Gold,"✨ Curious, creamy, and always ready to melt into a perfect snack—Skive cheese Gold. 🧀"
10904482,12.0,Ice Cap,Rejer og andre skaldyr,Rejer,1,0,ps.,Netto,https://static.tilbudsugen.dk/1st-retail/2026/2/64322/Netto022026-1_14_1686x2903_3271x4862_zoom.jpg,2026-01-02,2026-01-09,https://res.cloudinary.com/dfqzmnlga/image/upload/v1767347053/2026-01-02/10904482.jpg,Shrimps and prawns,"Crackling with flavor, I'm the shrimp and prawn whisperer—crunchy, fresh, and ready to conquer your taste buds! 🐟🦞"
10904514,25.0,Navito,Rejer og andre skaldyr,Vannameirejer,1,0,ps.,Netto,https://static.tilbudsugen.dk/1st-retail/2026/2/64322/Netto022026-1_15_1662x4832_3247x6845_zoom.jpg,2026-01-02,2026-01-09,https://res.cloudinary.com/dfqzmnlga/image/upload/v1767347054/2026-01-02/10904514.jpg,Vannameirjer,Vannameirjer: The ultimate snack that makes every day feel like a celebration 🍫
10904513,25.0,Navito,Fisk og skaldyr Frost ,Tempurarejer,1,0,pk.,Netto,https://static.tilbudsugen.dk/1st-retail/2026/2/64322/Netto022026-1_15_1662x4832_3247x6845_zoom.jpg,2026-01-02,2026-01-09,https://res.cloudinary.com/dfqzmnlga/image/upload/v1767347055/2026-01-02/10904513.jpg,Temporary shrimps,"✨ Temporary shrimps, here to spice up your meal! 🍤"
10904649,5.0,My bite,Chokolade,Salty Liquorice Dadelbar,1,0,stk.,Netto,https://static.tilbudsugen.dk/1st-retail/2026/2/64322/Netto022026-1_21_16x2440_1699x4692_zoom.jpg,2026-01-02,2026-01-09,https://res.cloudinary.com/dfqzmnlga/image/upload/v1767347055/2026-01-02/10904649.jpg,Salty Liquorice Dadelbar,"✨ Salted, sweet, and slightly spicy — my flavor is bold, my vibe is bold. 🍽️"
10904677,5.0,My bite,Chokolade,Cocoa Mint Dadelbar,1,0,stk.,Netto,https://static.tilbudsugen.dk/1st-retail/2026/2/64322/Netto022026-1_21_16x2440_1699x4692_zoom.jpg,2026-01-02,2026-01-09,https://res.cloudinary.com/dfqzmnlga/image/upload/v1767347056/2026-01-02/10904677.jpg,Cocoa Mint Datebar,"✨ Cocoa Mint Datebar: The sweet, creamy, and slightly tangy treat that makes every bite a little more magical. 🍫"
10904678,5.0,My bite,Chokolade,Cocoa Coconut Dadelbar,1,0,stk.,Netto,https://static.tilbudsugen.dk/1st-retail/2026/2/64322/Netto022026-1_21_16x2440_1699x4692_zoom.jpg,2026-01-02,2026-01-09,https://res.cloudinary.com/dfqzmnlga/image/upload/v1767347056/2026-01-02/10904678.jpg,Cocoa Coconut Dadelbar,"✨ Cocoa Coconut Dadelbar: The sweet, creamy, and slightly spicy fusion of chocolate and coconut, perfect for any mood. 🍫🥥"
10904343,10.0,Sallos,Slik,Bolsjer,1,0,ps.,Netto,https://static.tilbudsugen.dk/1st-retail/2026/2/64322/Netto022026-1_2_16x4642_2524x6877_zoom.jpg,2026-01-02,2026-01-09,https://res.cloudinary.com/dfqzmnlga/image/upload/v1767347057/2026-01-02/10904343.jpg,"Peanuts and similar edible parts of plants, prepared or preserved otherwise than by vinegar or acetic acid, whether or not containing added sugar or other sweetening matter",✨ Peanut butter lover with a sweet tooth and a knack for spreading joy!
10904679,5.0,My bite,Chokolade,Salty Caramel Dadelbar,1,0,stk.,Netto,https://static.tilbudsugen.dk/1st-retail/2026/2/64322/Netto022026-1_21_16x2440_1699x4692_zoom.jpg,2026-01-02,2026-01-09,https://res.cloudinary.com/dfqzmnlga/image/upload/v1767347057/2026-01-02/10904679.jpg,Salty Caramel Datebar,"✨ Salted caramel datebar that's sweet, salty, and slightly spicy—perfect for a snack or a mood. 🍬"
10904345,10.0,Salte Fisk,Slik,Slikposer,1,0,ps.,Netto,https://static.tilbudsugen.dk/1st-retail/2026/2/64322/Netto022026-1_2_16x4642_2524x6877_zoom.jpg,2026-01-02,2026-01-09,https://res.cloudinary.com/dfqzmnlga/image/upload/v1767347058/2026-01-02/10904345.jpg,Candy bags,"Candy bags: sweet, salty, and always ready for a good time 🍬"
10904344,10.0,Tappsy,Slik,Slikposer,1,0,ps.,Netto,https://static.tilbudsugen.dk/1st-retail/2026/2/64322/Netto022026-1_2_16x4642_2524x6877_zoom.jpg,2026-01-02,2026-01-09,https://res.cloudinary.com/dfqzmnlga/image/upload/v1767347058/2026-01-02/10904344.jpg,Candy bags,✨ Candy bag enthusiast who brings joy to any occasion! 🍬
10904347,10.0,Eventyrland,Slik,Slikpose Eventyrland Sour,1,0,ps.,Netto,https://static.tilbudsugen.dk/1st-retail/2026/2/64322/Netto022026-1_2_16x4642_2524x6877_zoom.jpg,2026-01-02,2026-01-09,https://res.cloudinary.com/dfqzmnlga/image/upload/v1767347058/2026-01-02/10904347.jpg,Candy bag Wonderland Sour,✨ Candy bag Wonderland Sour 🌟 - Where sweet adventures start!
10904349,10.0,Party Fred,Slik,Slikposer,1,0,ps.,Netto,https://static.tilbudsugen.dk/1st-retail/2026/2/64322/Netto022026-1_2_16x4642_2524x6877_zoom.jpg,2026-01-02,2026-01-09,https://res.cloudinary.com/dfqzmnlga/image/upload/v1767347059/2026-01-02/10904349.jpg,Candy bags,✨ Candy bag enthusiast who brings joy to any occasion! 🍬
10904350,10.0,Alpaka Cola Citron Kirsebær,Slik,Slikposer,1,0,ps.,Netto,https://static.tilbudsugen.dk/1st-retail/2026/2/64322/Netto022026-1_2_16x4642_2524x6877_zoom.jpg,2026-01-02,2026-01-09,https://res.cloudinary.com/dfqzmnlga/image/upload/v1767347059/2026-01-02/10904350.jpg,Candy bags,✨ Treat yourself to a sweet escape with every bite! ✨
10904346,10.0,Lykke Mix,Slik,Slikposer,1,0,ps.,Netto,https://static.tilbudsugen.dk/1st-retail/2026/2/64322/Netto022026-1_2_16x4642_2524x6877_zoom.jpg,2026-01-02,2026-01-09,https://res.cloudinary.com/dfqzmnlga/image/upload/v1767347060/2026-01-02/10904346.jpg,Candy bags,"Sweet treat, ready to burst with joy! 🍬"
10904348,10.0,Eventyrland,Slik,Slikpose Eventyrland Rainbow Edition,1,0,ps.,Netto,https://static.tilbudsugen.dk/1st-retail/2026/2/64322/Netto022026-1_2_16x4642_2524x6877_zoom.jpg,2026-01-02,2026-01-09,https://res.cloudinary.com/dfqzmnlga/image/upload/v1767347060/2026-01-02/10904348.jpg,Candy Bag Wonderland Rainbow Edition,"🌈 Rainbow treats, whimsical and wild, just waiting to be discovered! 🍬✨"
10904339,19.0,Intense Blue,Specialost,Skimmelost,1,0,pk.,Netto,https://static.tilbudsugen.dk/1st-retail/2026/2/64322/Netto022026-1_13_2428x4850_4998x6827_zoom.jpg,2026-01-02,2026-01-09,https://res.cloudinary.com/dfqzmnlga/image/upload/v1767347061/2026-01-02/10904339.jpg,Skimming Lost,"Skimming Lost — catching what others miss, one shimmering moment at a time. ✨"
10904351,19.0,Creamy Blue,Specialost,Skimmelost,1,0,pk.,Netto,https://static.tilbudsugen.dk/1st-retail/2026/2/64322/Netto022026-1_13_2428x4850_4998x6827_zoom.jpg,2026-01-02,2026-01-09,https://res.cloudinary.com/dfqzmnlga/image/upload/v1767347061/2026-01-02/10904351.jpg,Skimming Lost,"Skimming Lost — catching what others miss, one shimmering moment at a time. 🌟"
10904603,25.0,Sigdal,Knækbrød,Solsikkekerne & Quinoa knækbrød,1,0,pk.,Netto,https://static.tilbudsugen.dk/1st-retail/2026/2/64322/Netto022026-1_20_107x4969_2701x6774_zoom.jpg,2026-01-02,2026-01-09,https://res.cloudinary.com/dfqzmnlga/image/upload/v1767347061/2026-01-02/10904603.jpg,Sunflowers & Quinoa Crispbread,Sunflowers & Quinoa Crispbread: A golden burst of flavor that makes every bite feel like a sunlit day. 🌼✨
10904604,25.0,Sigdal,Knækbrød,Havreknækbrød,1,0,pk.,Netto,https://static.tilbudsugen.dk/1st-retail/2026/2/64322/Netto022026-1_20_107x4969_2701x6774_zoom.jpg,2026-01-02,2026-01-09,https://res.cloudinary.com/dfqzmnlga/image/upload/v1767347062/2026-01-02/10904604.jpg,Oat-cracked bread,"Crunchy, buttery, and perfect for any snack moment 🍞"
10904408,20.0,Poly Swing,Styling,Hårmousse,1,0,stk.,Netto,https://static.tilbudsugen.dk/1st-retail/2026/2/64322/Netto022026-1_4_2474x4642_4883x6877_zoom.jpg,2026-01-02,2026-01-09,https://res.cloudinary.com/dfqzmnlga/image/upload/v1767347062/2026-01-02/10904408.jpg,Hair mousse,✨ Hair mousse that transforms your look—no salon required! ✨
10904573,20.0,Gullon,Småkager,Cookies,1,0,pk.,Netto,https://static.tilbudsugen.dk/1st-retail/2026/2/64322/Netto022026-1_19_2509x3155_4851x5031_zoom.jpg,2026-01-02,2026-01-09,https://res.cloudinary.com/dfqzmnlga/image/upload/v1767347062/2026-01-02/10904573.jpg,Cookies,✨ Satisfy your cravings with a little sweetness—just ask me what I'm baking! ✨
10904468,12.0,Gul bordpak,"Pålæg, skiveskåret",Oksespegepølse,1,0,pk.,Netto,https://static.tilbudsugen.dk/1st-retail/2026/2/64322/Netto022026-1_14_0x691_1664x2842_zoom.jpg,2026-01-02,2026-01-09,https://res.cloudinary.com/dfqzmnlga/image/upload/v1767347063/2026-01-02/10904468.jpg,Beef-pearled sausage,"Sizzling with flavor, ready to conquer your taste buds! 🍔🔥"
10904554,2.73,Egelykke,"Pålæg, skiveskåret",Salami,1,0,pk.,Netto,https://static.tilbudsugen.dk/1st-retail/2026/2/64322/Netto022026-1_18_13x691_1542x4039_zoom.jpg,2026-01-02,2026-01-09,https://res.cloudinary.com/dfqzmnlga/image/upload/v1767347063/2026-01-02/10904554.jpg,Salami,"Savory, smoky, and slightly spicy — the perfect snack for any occasion. 🍔"
10904485,25.0,Glyngøre,Sild,Sild,1,0,gl.,Netto,https://static.tilbudsugen.dk/1st-retail/2026/2/64322/Netto022026-1_14_3229x2772_4903x4791_zoom.jpg,2026-01-02,2026-01-09,https://res.cloudinary.com/dfqzmnlga/image/upload/v1767347064/2026-01-02/10904485.jpg,Herring,"Sashimi enthusiast with a side of salt and pepper—fresh, bold, and ready to conquer the plate. 🍣"
10904642,13.0,Malaco,Slik,Sliksnører Jordbær,1,0,pk.,Netto,https://static.tilbudsugen.dk/1st-retail/2026/2/64322/Netto022026-1_21_1584x2448_3307x4700_zoom.jpg,2026-01-02,2026-01-09,https://res.cloudinary.com/dfqzmnlga/image/upload/v1767347064/2026-01-02/10904642.jpg,Limes Strawberry,"Sour, sweet, and unstoppable — the perfect blend of freshness and flavor! 🍑🍓"
10904643,13.0,Malaco,Slik,Slikstjerner Karamel,1,0,pk.,Netto,https://static.tilbudsugen.dk/1st-retail/2026/2/64322/Netto022026-1_21_1584x2448_3307x4700_zoom.jpg,2026-01-02,2026-01-09,https://res.cloudinary.com/dfqzmnlga/image/upload/v1767347064/2026-01-02/10904643.jpg,Candy stars Caramel,"✨ Candy stars Caramel, sweetly obsessed with joy and flavor! ✨"
10904644,13.0,Malaco,Slik,Slikstjerner Jordbær,1,0,pk.,Netto,https://static.tilbudsugen.dk/1st-retail/2026/2/64322/Netto022026-1_21_1584x2448_3307x4700_zoom.jpg,2026-01-02,2026-01-09,https://res.cloudinary.com/dfqzmnlga/image/upload/v1767347065/2026-01-02/10904644.jpg,Candy stars Strawberry,"✨ Starry sweet treat, ready to dazzle and delight! 🍬"
10904391,10.0,La Campagna,"Pålæg, skiveskåret",Salchichón,1,0,pk.,Netto,https://static.tilbudsugen.dk/1st-retail/2026/2/64322/Netto022026-1_3_49x4543_2639x6853_zoom.jpg,2026-01-02,2026-01-09,https://res.cloudinary.com/dfqzmnlga/image/upload/v1767347065/2026-01-02/10904391.jpg,Salchichón,"🔥 Spicy, smoky, and ready to ignite your taste buds—salchichón is the perfect partner for any bold flavor adventure! 🥢"
10904495,89.0,Velsmag,Fersk fisk,Lakseside,1,0,pk.,Netto,https://static.tilbudsugen.dk/1st-retail/2026/2/64322/Netto022026-1_10_66x3372_2862x5079_zoom.jpg,2026-01-02,2026-01-09,https://res.cloudinary.com/dfqzmnlga/image/upload/v1767347066/2026-01-02/10904495.jpg,Salmonside,"✨ Salmonside: The ocean's finest sidekick, ready to melt your heart and satisfy your cravings! 🐟"
10904467,12.0,Gul bordpak,"Pålæg, skiveskåret",Røget Medister,1,0,pk.,Netto,https://static.tilbudsugen.dk/1st-retail/2026/2/64322/Netto022026-1_14_0x691_1664x2842_zoom.jpg,2026-01-02,2026-01-09,https://res.cloudinary.com/dfqzmnlga/image/upload/v1767347066/2026-01-02/10904467.jpg,Smoked Medists,"🔥 Smoked Medists: Where flavor meets fire, and every bite tells a story. 🍴"
10904648,6.0,Corny,Snacks/bar,Myslibar,1,0,stk.,Netto,https://static.tilbudsugen.dk/1st-retail/2026/2/64322/Netto022026-1_21_41x237_1757x2563_zoom.jpg,2026-01-02,2026-01-09,https://res.cloudinary.com/dfqzmnlga/image/upload/v1767347066/2026-01-02/10904648.jpg,Myslibacy,✨ MySlibacy: The ultimate snack that makes every day a little brighter! 🌟
10904356,19.0,Velvet Blue,Specialost,Skimmelost,1,0,pk.,Netto,https://static.tilbudsugen.dk/1st-retail/2026/2/64322/Netto022026-1_13_2428x4850_4998x6827_zoom.jpg,2026-01-02,2026-01-09,https://res.cloudinary.com/dfqzmnlga/image/upload/v1767347067/2026-01-02/10904356.jpg,Skimming Lost,"Skimming Lost — catching what others miss, one smooth move at a time. 🌟"
10904354,19.0,Danablu,Specialost,Skimmelost,1,0,pk.,Netto,https://static.tilbudsugen.dk/1st-retail/2026/2/64322/Netto022026-1_13_2428x4850_4998x6827_zoom.jpg,2026-01-02,2026-01-09,https://res.cloudinary.com/dfqzmnlga/image/upload/v1767347067/2026-01-02/10904354.jpg,Skimming Lost,"Skimming Lost — catching what others miss, one swipe at a time. 🌟"
10904393,20.0,Maxi,Chokolade,Chokoladestænger,1,0,pk.,Netto,https://static.tilbudsugen.dk/1st-retail/2026/2/64322/Netto022026-1_4_25x270_2639x2431_zoom.jpg,2026-01-02,2026-01-09,https://res.cloudinary.com/dfqzmnlga/image/upload/v1767347068/2026-01-02/10904393.jpg,Chocolate bars and rods,Dark chocolate lover with a sweet tooth and a dash of rebellion 🍫
10904633,159.0,Qualita Oro,Kaffe,Kaffebønner,1,1,ps.,Netto,https://static.tilbudsugen.dk/1st-retail/2026/2/64322/Netto022026-1_21_3258x4642_4916x6877_zoom.jpg,2026-01-02,2026-01-09,https://res.cloudinary.com/dfqzmnlga/image/upload/v1767347068/2026-01-02/10904633.jpg,Coffee beans,"☕️ Ground truth, brewed with passion."
10904635,159.0,Espresso Barista Perfetto,Kaffe,Kaffebønner,1,1,ps.,Netto,https://static.tilbudsugen.dk/1st-retail/2026/2/64322/Netto022026-1_21_3258x4642_4916x6877_zoom.jpg,2026-01-02,2026-01-09,https://res.cloudinary.com/dfqzmnlga/image/upload/v1767347068/2026-01-02/10904635.jpg,Coffee beans,"☕ Brewed to inspire, one cup at a time. 🌟"
10904636,13.0,Malaco,Slik,Slikstrimler Tutti Frutti,1,0,ps.,Netto,https://static.tilbudsugen.dk/1st-retail/2026/2/64322/Netto022026-1_21_1584x2448_3307x4700_zoom.jpg,2026-01-02,2026-01-09,https://res.cloudinary.com/dfqzmnlga/image/upload/v1767347069/2026-01-02/10904636.jpg,Candy strips Tutti Frutti,"Tutti Frutti candy strips: sweet, bold, and ready to conquer your taste buds 🍬"
10904641,13.0,Malaco,Slik,Slikstrimler Jordbær,1,0,ps.,Netto,https://static.tilbudsugen.dk/1st-retail/2026/2/64322/Netto022026-1_21_1584x2448_3307x4700_zoom.jpg,2026-01-02,2026-01-09,https://res.cloudinary.com/dfqzmnlga/image/upload/v1767347069/2026-01-02/10904641.jpg,Candy strips Strawberry,"Sip, savor, and sweeten the moment with me—strawberry candy strips, ready to turn any day into a flavor explosion! 🍓✨"
10904747,39.0,Colgate,Tandpleje,Tandpasta,1,0,pk.,Netto,https://static.tilbudsugen.dk/1st-retail/2026/2/64322/Netto022026-1_23_0x2753_1757x4840_zoom.jpg,2026-01-02,2026-01-09,https://res.cloudinary.com/dfqzmnlga/image/upload/v1767347070/2026-01-02/10904747.jpg,Toothpaste,"Brushing away worries, one smear at a time. 🍼"
10904795,9.0,,Kattefoder,Kattesnacks,1,0,pk.,Netto,https://static.tilbudsugen.dk/1st-retail/2026/2/64322/Netto022026-1_26_91x4749_2532x6836_zoom.jpg,2026-01-02,2026-01-09,https://res.cloudinary.com/dfqzmnlga/image/upload/v1767347071/2026-01-02/10904795.jpg,Cat snacks,"Munching on catnip, one snack at a time 🐾"
10904626,9.0,Snickers,Chokolade,Chokoladebar,1,0,stk.,Netto,https://static.tilbudsugen.dk/1st-retail/2026/2/64322/Netto022026-1_21_1625x303_3340x2431_zoom.jpg,2026-01-02,2026-01-09,https://res.cloudinary.com/dfqzmnlga/image/upload/v1767347071/2026-01-02/10904626.jpg,Chocolate bar,🍫 Savor the sweetest surprise with every bite! 🌟
10904624,9.0,Mars,Chokolade,Chokoladebar,1,0,stk.,Netto,https://static.tilbudsugen.dk/1st-retail/2026/2/64322/Netto022026-1_21_1625x303_3340x2431_zoom.jpg,2026-01-02,2026-01-09,https://res.cloudinary.com/dfqzmnlga/image/upload/v1767347072/2026-01-02/10904624.jpg,Chocolate bar,"Dark chocolate dreams, wrapped in a sweet surprise — 🍫"
10904669,9.0,White,Chokolade,Chokoladebar,1,0,stk.,Netto,https://static.tilbudsugen.dk/1st-retail/2026/2/64322/Netto022026-1_21_1625x303_3340x2431_zoom.jpg,2026-01-02,2026-01-09,https://res.cloudinary.com/dfqzmnlga/image/upload/v1767347072/2026-01-02/10904669.jpg,Chocolate bar,"Dark chocolate dreams, wrapped in a sweet surprise 🍫"
10904788,199.0,Murph,Kosttilskud,Træningstilskud,1,1,stk.,Netto,https://static.tilbudsugen.dk/1st-retail/2026/2/64322/Netto022026-1_25_3283x3710_4916x6886_zoom.jpg,2026-01-02,2026-01-31,https://res.cloudinary.com/dfqzmnlga/image/upload/v1767347072/2026-01-02/10904788.jpg,Training grants,🚀 Training grants = unstoppable momentum! 💪
10904383,10.0,La Campagna,"Pålæg, skiveskåret",Salami Spicy Ventricina,1,0,pk.,Netto,https://static.tilbudsugen.dk/1st-retail/2026/2/64322/Netto022026-1_3_49x4543_2639x6853_zoom.jpg,2026-01-02,2026-01-09,https://res.cloudinary.com/dfqzmnlga/image/upload/v1767347073/2026-01-02/10904383.jpg,Salami Spicy Ventricina,"🔥 Spicy salami that's as bold as a summer storm, perfect for those who love a little heat and a great conversation. 🍴"
10904385,10.0,La Campagna,"Pålæg, skiveskåret",Lufttørret Skinke,1,0,pk.,Netto,https://static.tilbudsugen.dk/1st-retail/2026/2/64322/Netto022026-1_3_49x4543_2639x6853_zoom.jpg,2026-01-02,2026-01-09,https://res.cloudinary.com/dfqzmnlga/image/upload/v1767347073/2026-01-02/10904385.jpg,Air-dried Ham,"Savoring the crunch of a salty, smoky delight—perfect for a quick snack or a bold bite. 🍗"
10904387,10.0,La Campagna,Pålægspølser,Fuet,1,0,pk.,Netto,https://static.tilbudsugen.dk/1st-retail/2026/2/64322/Netto022026-1_3_49x4543_2639x6853_zoom.jpg,2026-01-02,2026-01-09,https://res.cloudinary.com/dfqzmnlga/image/upload/v1767347074/2026-01-02/10904387.jpg,Fuet,"Fuet: The flavor that turns mundane into magic, one bite at a time 🍽️"
10904489,20.0,,Røget og gravad,Laks i skiver,1,0,pk.,Netto,https://static.tilbudsugen.dk/1st-retail/2026/2/64322/Netto022026-1_14_30x4803_1668x6863_zoom.jpg,2026-01-02,2026-01-09,https://res.cloudinary.com/dfqzmnlga/image/upload/v1767347074/2026-01-02/10904489.jpg,Salmon in slices,"Slicing paradise into perfect, juicy bites 🍣"
10904381,10.0,La Campagna,"Pålæg, skiveskåret",Salami Milano Salame,1,0,pk.,Netto,https://static.tilbudsugen.dk/1st-retail/2026/2/64322/Netto022026-1_3_49x4543_2639x6853_zoom.jpg,2026-01-02,2026-01-09,https://res.cloudinary.com/dfqzmnlga/image/upload/v1767347075/2026-01-02/10904381.jpg,Salami Milano Salame,"Savory, smoky, and slightly spicy—perfect for a midnight snack. 🍴"
10904384,10.0,La Campagna,"Pålæg, skiveskåret",Mortadella,1,0,pk.,Netto,https://static.tilbudsugen.dk/1st-retail/2026/2/64322/Netto022026-1_3_49x4543_2639x6853_zoom.jpg,2026-01-02,2026-01-09,https://res.cloudinary.com/dfqzmnlga/image/upload/v1767347075/2026-01-02/10904384.jpg,Mortadella,"Savory, smoky, and slightly spicy — the perfect companion to a good meal. 🍴"
10904388,10.0,La Campagna,"Pålæg, skiveskåret",Jamon Serrano,1,0,pk.,Netto,https://static.tilbudsugen.dk/1st-retail/2026/2/64322/Netto022026-1_3_49x4543_2639x6853_zoom.jpg,2026-01-02,2026-01-09,https://res.cloudinary.com/dfqzmnlga/image/upload/v1767347075/2026-01-02/10904388.jpg,Jamon Serrano,"Serrano ham lover, ready to slice, dice, and ignite the senses with every bite. 🍞"
10904389,10.0,La Campagna,"Pålæg, skiveskåret",Chorizo,1,0,pk.,Netto,https://static.tilbudsugen.dk/1st-retail/2026/2/64322/Netto022026-1_3_49x4543_2639x6853_zoom.jpg,2026-01-02,2026-01-09,https://res.cloudinary.com/dfqzmnlga/image/upload/v1767347076/2026-01-02/10904389.jpg,Chorizo,"🔥 Spicy, bold, and ready to ignite your taste buds—chorizo is the spice that knows no bounds. 🌟"
10904392,10.0,La Campagna,"Pålæg, skiveskåret",Skinke,1,0,pk.,Netto,https://static.tilbudsugen.dk/1st-retail/2026/2/64322/Netto022026-1_3_49x4543_2639x6853_zoom.jpg,2026-01-02,2026-01-09,https://res.cloudinary.com/dfqzmnlga/image/upload/v1767347076/2026-01-02/10904392.jpg,Ham,"I'm the bold, brash, and always ready to slice through the day with a perfectly timed bite — and I'm never afraid to show my teeth. 🍗"
10904492,20.0,,Røget og gravad,Laks,1,0,bk.,Netto,https://static.tilbudsugen.dk/1st-retail/2026/2/64322/Netto022026-1_14_30x4803_1668x6863_zoom.jpg,2026-01-02,2026-01-09,https://res.cloudinary.com/dfqzmnlga/image/upload/v1767347077/2026-01-02/10904492.jpg,Salmon,"Sunny day, fresh salmon, and a perfect meal — ready to conquer the sea! 🐟"
10904791,10.0,Murph,Snacks/bar,Proteinbar,1,0,stk.,Netto,https://static.tilbudsugen.dk/1st-retail/2026/2/64322/Netto022026-1_25_16x1895_1757x4634_zoom.jpg,2026-01-02,2026-01-31,https://res.cloudinary.com/dfqzmnlga/image/upload/v1767347077/2026-01-02/10904791.jpg,Proteinable,✨ Boost your energy with a sprinkle of protein—because life's too short for lack of spark!
10904621,10.0,Guldbarre,Chokolade,Chokoladebar Mælkechokolade,1,0,stk.,Netto,https://static.tilbudsugen.dk/1st-retail/2026/2/64322/Netto022026-1_21_3274x213_4817x2481_zoom.jpg,2026-01-02,2026-01-09,https://res.cloudinary.com/dfqzmnlga/image/upload/v1767347078/2026-01-02/10904621.jpg,Chocolate bar Milk chocolate,"Dark, rich, and slightly sweet — a chocolate bar that's never been the same after you've tasted it. 🍫"
10904622,10.0,Guldbarre,Chokolade,Chokoladebar Orangeknas,1,0,stk.,Netto,https://static.tilbudsugen.dk/1st-retail/2026/2/64322/Netto022026-1_21_3274x213_4817x2481_zoom.jpg,2026-01-02,2026-01-09,https://res.cloudinary.com/dfqzmnlga/image/upload/v1767347078/2026-01-02/10904622.jpg,Chocolate bar Orangeknas,"Savoring sweet moments, one bar at a time 🍫🍊"
10904623,10.0,Guldbarre,Chokolade,Chokoladebar Knas,1,0,stk.,Netto,https://static.tilbudsugen.dk/1st-retail/2026/2/64322/Netto022026-1_21_3274x213_4817x2481_zoom.jpg,2026-01-02,2026-01-09,https://res.cloudinary.com/dfqzmnlga/image/upload/v1767347079/2026-01-02/10904623.jpg,Chocolate Bar Knas,"🍫✨ Chocolate Bar Knas – the sweetest surprise, delivered with a twist. 🍫✨"
10904619,10.0,Guldbarre,Chokolade,Chokoladebar Hasselnød,1,0,stk.,Netto,https://static.tilbudsugen.dk/1st-retail/2026/2/64322/Netto022026-1_21_3274x213_4817x2481_zoom.jpg,2026-01-02,2026-01-09,https://res.cloudinary.com/dfqzmnlga/image/upload/v1767347079/2026-01-02/10904619.jpg,Chocolate-bar Hazelnut,"✨ Chocoholic with a nutty twist, always ready to melt your day! ✨"
10904620,10.0,Guldbarre,Chokolade,Chokoladebar Saltkaramel,1,0,stk.,Netto,https://static.tilbudsugen.dk/1st-retail/2026/2/64322/Netto022026-1_21_3274x213_4817x2481_zoom.jpg,2026-01-02,2026-01-09,https://res.cloudinary.com/dfqzmnlga/image/upload/v1767347080/2026-01-02/10904620.jpg,Chocolateable Salt Caramel,"Savor the sweet, salty, and creamy bliss of chocolateable salt caramel — because life's too short for boring flavors. 🍫✨"
10904487,65.0,Premieur,Røget og gravad,Laks i skiver,1,0,pk.,Netto,https://static.tilbudsugen.dk/1st-retail/2026/2/64322/Netto022026-1_14_3288x4809_4891x6839_zoom.jpg,2026-01-02,2026-01-09,https://res.cloudinary.com/dfqzmnlga/image/upload/v1767347080/2026-01-02/10904487.jpg,Salmon in slices,"Savor the ocean in every slice — perfect for a quick, delicious snack. 🍣"
10904782,14.0,Murph,Snacks/bar,Proteinbar,1,0,stk.,Netto,https://static.tilbudsugen.dk/1st-retail/2026/2/64322/Netto022026-1_25_1798x15_4998x1862_zoom.jpg,2026-01-02,2026-01-31,https://res.cloudinary.com/dfqzmnlga/image/upload/v1767347080/2026-01-02/10904782.jpg,Proteinable,💪✨ The ultimate protein booster that makes every bite count! 🌟
10904432,20.0,Simple Life,Nødder & Kerner,Chiafrø,1,0,ps.,Netto,https://static.tilbudsugen.dk/1st-retail/2026/2/64322/Netto022026-1_6_2425x2407_4916x4708_zoom.jpg,2026-01-02,2026-01-09,https://res.cloudinary.com/dfqzmnlga/image/upload/v1767347081/2026-01-02/10904432.jpg,Chia seed,✨ Chia seeds: tiny powerhouses that turn your day into a smoothie adventure! 🌱
10904434,20.0,Simple Life,Nødder & Kerner,Kakaonibs,1,0,ps.,Netto,https://static.tilbudsugen.dk/1st-retail/2026/2/64322/Netto022026-1_6_2425x2407_4916x4708_zoom.jpg,2026-01-02,2026-01-09,https://res.cloudinary.com/dfqzmnlga/image/upload/v1767347081/2026-01-02/10904434.jpg,Cocoa nibs,"✨ Cocoa nibs: Sweet, bold, and ready to spark a flavor explosion! 🍫"
10904433,20.0,Simple Life,Tørret Frugt,Gojibær,1,0,ps.,Netto,https://static.tilbudsugen.dk/1st-retail/2026/2/64322/Netto022026-1_6_2425x2407_4916x4708_zoom.jpg,2026-01-02,2026-01-09,https://res.cloudinary.com/dfqzmnlga/image/upload/v1767347081/2026-01-02/10904433.jpg,Gojiberries,"✨ Sparkling bursts of joy, ready to burst into your day!"
10904430,20.0,Simple Life,Nødder & Kerner,Hampefrø,1,0,ps.,Netto,https://static.tilbudsugen.dk/1st-retail/2026/2/64322/Netto022026-1_6_2425x2407_4916x4708_zoom.jpg,2026-01-02,2026-01-09,https://res.cloudinary.com/dfqzmnlga/image/upload/v1767347082/2026-01-02/10904430.jpg,Hemp seeds,"🌱 Nutrient-packed, earthy, and super versatile—just sprinkle it into your meals for a boost of goodness!"
10904755,17.0,Sanex,Deodorant,Deo Roll-on,1,0,stk.,Netto,https://static.tilbudsugen.dk/1st-retail/2026/2/64322/Netto022026-1_23_1691x2819_3307x4840_zoom.jpg,2026-01-02,2026-01-09,https://res.cloudinary.com/dfqzmnlga/image/upload/v1767347083/2026-01-02/10904755.jpg,Deo Roll-on,"✨ Spray your day with confidence, one smudge at a time!"
10904756,17.0,Sanex Men,Deodorant,Deo Roll-on,1,0,stk.,Netto,https://static.tilbudsugen.dk/1st-retail/2026/2/64322/Netto022026-1_23_1691x2819_3307x4840_zoom.jpg,2026-01-02,2026-01-09,https://res.cloudinary.com/dfqzmnlga/image/upload/v1767347084/2026-01-02/10904756.jpg,Deo Roll-on,"✨ Spray your day with confidence, one smudge at a time!"
10904785,69.0,Murph,Kosttilskud,Træningstilskud,1,0,stk.,Netto,https://static.tilbudsugen.dk/1st-retail/2026/2/64322/Netto022026-1_25_1666x1978_3464x4584_zoom.jpg,2026-01-02,2026-01-31,https://res.cloudinary.com/dfqzmnlga/image/upload/v1767347084/2026-01-02/10904785.jpg,Training grants,"✨ Training grants: fuel your growth, not your budget! ✨"
10904594,149.0,Bähncke,Ketchup,Hot Dog Ketchup,1,0,stk.,Netto,https://static.tilbudsugen.dk/1st-retail/2026/2/64322/Netto022026-1_20_1651x3136_3360x4973_zoom.jpg,2026-01-02,2026-01-09,https://res.cloudinary.com/dfqzmnlga/image/upload/v1767347084/2026-01-02/10904594.jpg,Hot Dog Ketchup,"Saucy and spicy, ready to melt your taste buds—just add a smile! 🍔✨"
10904767,90.0,Floradix,Kosttilskud,Kosttilskud,1,0,fl.,Netto,https://static.tilbudsugen.dk/1st-retail/2026/2/64322/Netto022026-1_23_3250x2794_4957x4857_zoom.jpg,2026-01-02,2026-01-09,https://res.cloudinary.com/dfqzmnlga/image/upload/v1767347085/2026-01-02/10904767.jpg,Food supplements,Boost your energy with supercharged nutrition — because your body deserves more than just basics. 🌟
10904600,149.0,Bähncke,Dressing,Karrydressing,1,0,stk.,Netto,https://static.tilbudsugen.dk/1st-retail/2026/2/64322/Netto022026-1_20_1651x3136_3360x4973_zoom.jpg,2026-01-02,2026-01-09,https://res.cloudinary.com/dfqzmnlga/image/upload/v1767347085/2026-01-02/10904600.jpg,"Vinegar and substitutes therefor prepared or preserved otherwise than by vinegar or acetic acid, in immediate packings of a net content not exceeding 1 kg","Sour surprise, ready to elevate any dish with a twist—no vinegar, just pure flavor. 🍹"
10904599,149.0,Bähncke,Sennep,Sød fransk sennep,1,0,stk.,Netto,https://static.tilbudsugen.dk/1st-retail/2026/2/64322/Netto022026-1_20_1651x3136_3360x4973_zoom.jpg,2026-01-02,2026-01-09,https://res.cloudinary.com/dfqzmnlga/image/upload/v1767347086/2026-01-02/10904599.jpg,Sweet French mustard,"A tangy twist on tradition, with a sprinkle of flair—*serving the world with a dash of French flair* 🍀"
10904595,149.0,Bähncke,Dressing,Burgerdressing,1,0,stk.,Netto,https://static.tilbudsugen.dk/1st-retail/2026/2/64322/Netto022026-1_20_1651x3136_3360x4973_zoom.jpg,2026-01-02,2026-01-09,https://res.cloudinary.com/dfqzmnlga/image/upload/v1767347087/2026-01-02/10904595.jpg,Burger dressing,Savory sauce that brings the flavors of a backyard BBQ to your plate 🍔✨
10904596,149.0,Bähncke,Dressing,Pommes Frites Dressing,1,0,stk.,Netto,https://static.tilbudsugen.dk/1st-retail/2026/2/64322/Netto022026-1_20_1651x3136_3360x4973_zoom.jpg,2026-01-02,2026-01-09,https://res.cloudinary.com/dfqzmnlga/image/upload/v1767347087/2026-01-02/10904596.jpg,Pommes Frites Dressing,Savory dip that turns fries into a feast 🍲
10904597,149.0,Bähncke,Dressing,French hotdogdressing,1,0,stk.,Netto,https://static.tilbudsugen.dk/1st-retail/2026/2/64322/Netto022026-1_20_1651x3136_3360x4973_zoom.jpg,2026-01-02,2026-01-09,https://res.cloudinary.com/dfqzmnlga/image/upload/v1767347087/2026-01-02/10904597.jpg,French hot dog dressing,"Sizzle your way through the night with a dash of tangy flair—perfect for a bold, unforgettable date. 🍴"
10904598,149.0,Bähncke,Dressing,Pizza & Pitadressing,1,0,stk.,Netto,https://static.tilbudsugen.dk/1st-retail/2026/2/64322/Netto022026-1_20_1651x3136_3360x4973_zoom.jpg,2026-01-02,2026-01-09,https://res.cloudinary.com/dfqzmnlga/image/upload/v1767347088/2026-01-02/10904598.jpg,Pizza & Pitadressing,"Craving a slice of flavor? I'm the perfect partner for your pizza cravings—flaky, cheesy, and full of flavor. 🍕🔥"
10904592,149.0,Bähncke,Sennep,Stærk sennep,1,0,stk.,Netto,https://static.tilbudsugen.dk/1st-retail/2026/2/64322/Netto022026-1_20_1651x3136_3360x4973_zoom.jpg,2026-01-02,2026-01-09,https://res.cloudinary.com/dfqzmnlga/image/upload/v1767347088/2026-01-02/10904592.jpg,Strong mustard,"Spicy, sharp, and unstoppable – the king of the kitchen showdowns! 🍽️"
10904593,149.0,Bähncke,Mayonnaise,Salatmayonaise,1,0,stk.,Netto,https://static.tilbudsugen.dk/1st-retail/2026/2/64322/Netto022026-1_20_1651x3136_3360x4973_zoom.jpg,2026-01-02,2026-01-09,https://res.cloudinary.com/dfqzmnlga/image/upload/v1767347088/2026-01-02/10904593.jpg,Salad mayonaise,Savory salad mayonaise that turns boring meals into a feast 🍽️
10904736,30.0,,Tæpper,Gulvtæppe,1,0,stk.,Netto,https://static.tilbudsugen.dk/1st-retail/2026/2/64322/Netto022026-1_36_202x5177_2457x6898_zoom.jpg,2026-01-02,2026-01-09,https://res.cloudinary.com/dfqzmnlga/image/upload/v1767347089/2026-01-02/10904736.jpg,Floor covering,Floor covering 🪑✨
10904771,10.0,,Diverse kontorartikler,Elefantsnot,1,0,stk.,Netto,https://static.tilbudsugen.dk/1st-retail/2026/2/64322/Netto022026-1_36_231x1918_2463x3514_zoom.jpg,2026-01-02,2026-01-09,https://res.cloudinary.com/dfqzmnlga/image/upload/v1767347089/2026-01-02/10904771.jpg,Elephantsnot,"✨ Elephant-sized fun, but not too big—just the right size for a perfect match! 🐘"
10904772,10.0,,Diverse kontorartikler,Lim,1,0,stk.,Netto,https://static.tilbudsugen.dk/1st-retail/2026/2/64322/Netto022026-1_36_231x1918_2463x3514_zoom.jpg,2026-01-02,2026-01-09,https://res.cloudinary.com/dfqzmnlga/image/upload/v1767347090/2026-01-02/10904772.jpg,Glues,"Glues me together, even when the world is falling apart. 🪢"
10904809,199.0,,Boligartikler,Vasketøjskurv,1,0,stk.,Netto,https://static.tilbudsugen.dk/1st-retail/2026/2/64322/Netto022026-1_37_2220x4720_4873x6780_zoom.jpg,2026-01-02,2026-01-09,https://res.cloudinary.com/dfqzmnlga/image/upload/v1767347090/2026-01-02/10904809.jpg,Laundry basket,"✨ Laundry basket, ready to clean up your mess! ✨"
10904811,50.0,,Boligartikler,Knagerække,1,0,stk.,Netto,https://static.tilbudsugen.dk/1st-retail/2026/2/64322/Netto022026-1_37_142x1941_3235x3140_zoom.jpg,2026-01-02,2026-01-09,https://res.cloudinary.com/dfqzmnlga/image/upload/v1767347091/2026-01-02/10904811.jpg,Rods,"✨Rod of destiny, ready to bend the rules and bend your day!"
10904817,20.0,,Køkkenartikler,Plastikbøtter,1,0,stk.,Netto,https://static.tilbudsugen.dk/1st-retail/2026/2/64322/Netto022026-1_27_1757x254_3241x1838_zoom.jpg,2026-01-02,2026-01-09,https://res.cloudinary.com/dfqzmnlga/image/upload/v1767347091/2026-01-02/10904817.jpg,Plastic buckets,"✨Bucket of chaos, ready to spill your thoughts and ideas!✨"
10904818,30.0,,Sokker/Strømper,Strømper,1,0,pk.,Netto,https://static.tilbudsugen.dk/1st-retail/2026/2/64322/Netto022026-1_38_36x65_4998x7048_zoom.jpg,2026-01-02,2026-01-09,https://res.cloudinary.com/dfqzmnlga/image/upload/v1767347092/2026-01-02/10904818.jpg,Stockings,"✨ Unzip your dreams, one knot at a time."
10904849,40.0,,Køkkenmaskiner,Minihakker,1,0,stk.,Netto,https://static.tilbudsugen.dk/1st-retail/2026/2/64322/Netto022026-1_29_3283x444_4841x1763_zoom.jpg,2026-01-02,2026-01-09,https://res.cloudinary.com/dfqzmnlga/image/upload/v1767347092/2026-01-02/10904849.jpg,Mini-hacks,"✨ Mini-hacks: The tiny, super-effective tricks that make life easier, one tiny step at a time. ✨"
10904856,25.0,,Køkkenartikler,Drikkeflaske,1,0,stk.,Netto,https://static.tilbudsugen.dk/1st-retail/2026/2/64322/Netto022026-1_30_214x5030_1617x6539_zoom.jpg,2026-01-02,2026-01-09,https://res.cloudinary.com/dfqzmnlga/image/upload/v1767347093/2026-01-02/10904856.jpg,Drinking bottle,"✨ Always ready for a refreshing drink, whether it's a cup of coffee or a sparkling sip. ✨"
10904607,25.0,,Køkkenartikler,Madkasse,1,0,stk.,Netto,https://static.tilbudsugen.dk/1st-retail/2026/2/64322/Netto022026-1_31_160x3425_2463x6554_zoom.jpg,2026-01-02,2026-01-09,https://res.cloudinary.com/dfqzmnlga/image/upload/v1767347093/2026-01-02/10904607.jpg,Box,"📦 Box of surprises, ready to open and explore! 🌟"
10904612,25.0,,Køkkenredskaber,Skærebræt,1,0,stk.,Netto,https://static.tilbudsugen.dk/1st-retail/2026/2/64322/Netto022026-1_32_214x1846_1715x3348_zoom.jpg,2026-01-02,2026-01-09,https://res.cloudinary.com/dfqzmnlga/image/upload/v1767347093/2026-01-02/10904612.jpg,Cutting board,Chef's kitchen warrior 🍽️
10904617,20.0,,Køkkenredskaber,Kålsnitter,1,0,stk.,Netto,https://static.tilbudsugen.dk/1st-retail/2026/2/64322/Netto022026-1_32_1674x166_4772x3419_zoom.jpg,2026-01-02,2026-01-09,https://res.cloudinary.com/dfqzmnlga/image/upload/v1767347094/2026-01-02/10904617.jpg,Cabbage chops,"A kaleidoscope of flavor, wrapped in a crispy shell—perfect for a spicy twist on the classic. 🥬"
10904632,30.0,,Sikkerhed og hygiejne,Refleksovertræk,1,0,stk.,Netto,https://static.tilbudsugen.dk/1st-retail/2026/2/64322/Netto022026-1_33_2481x5135_4861x6797_zoom.jpg,2026-01-02,2026-01-09,https://res.cloudinary.com/dfqzmnlga/image/upload/v1767347094/2026-01-02/10904632.jpg,Reflective coating,✨ Reflective coating that makes everything pop and shine in the dark! ✨
10904714,1259.0,,Belysning indendørs,Bordlampe,1,0,stk.,Netto,https://static.tilbudsugen.dk/1st-retail/2026/2/64322/Netto022026-1_35_3627x546_4767x2725_zoom.jpg,2026-01-02,2026-01-09,https://res.cloudinary.com/dfqzmnlga/image/upload/v1767347095/2026-01-02/10904714.jpg,Table lamp,✨ Glow up your space with a little light magic! 🌟
10904866,69.0,,Diverse bøger,Kogebøger,1,0,stk.,Netto,https://static.tilbudsugen.dk/1st-retail/2026/2/64322/Netto022026-1_30_2326x3388_4825x4964_zoom.jpg,2026-01-02,2026-01-09,https://res.cloudinary.com/dfqzmnlga/image/upload/v1767347095/2026-01-02/10904866.jpg,Cooking books,"Cooking books: recipes that turn chaos into chaos, one page at a time. 📚✨"
10904614,40.0,,Diverse isenkram og boligindretning,Tavle,1,0,stk.,Netto,https://static.tilbudsugen.dk/1st-retail/2026/2/64322/Netto022026-1_32_3241x4815_4820x6560_zoom.jpg,2026-01-02,2026-01-09,https://res.cloudinary.com/dfqzmnlga/image/upload/v1767347095/2026-01-02/10904614.jpg,Board,"Board: The ultimate multitasker, flipping tasks like a pro and keeping things in order. 📦"
10904616,30.0,,Køkkenredskaber,Dørslag,1,0,stk.,Netto,https://static.tilbudsugen.dk/1st-retail/2026/2/64322/Netto022026-1_32_285x3396_3223x6584_zoom.jpg,2026-01-02,2026-01-09,https://res.cloudinary.com/dfqzmnlga/image/upload/v1767347096/2026-01-02/10904616.jpg,Door beats,Open the door to a world of fun and surprises! 🛡️
10904637,50.0,,Vintersport,Skiundertøj,1,0,stk.,Netto,https://static.tilbudsugen.dk/1st-retail/2026/2/64322/Netto022026-1_33_196x2381_2178x5189_zoom.jpg,2026-01-02,2026-01-09,https://res.cloudinary.com/dfqzmnlga/image/upload/v1767347096/2026-01-02/10904637.jpg,Ski underwear,"❄️ Ski underwear that keeps you warm in the cold, and just a little bit more stylish than your average snow gear."
10904638,59.0,,Vintersport,Skiundertøj,1,0,stk.,Netto,https://static.tilbudsugen.dk/1st-retail/2026/2/64322/Netto022026-1_33_1698x42_4986x5141_zoom.jpg,2026-01-02,2026-01-09,https://res.cloudinary.com/dfqzmnlga/image/upload/v1767347097/2026-01-02/10904638.jpg,Ski underwear,❄️ Ski underwear that keeps you warm in the snow and stylish in the cold!
10904713,40.0,,Diverse kontorartikler,Kalender,1,0,stk.,Netto,https://static.tilbudsugen.dk/1st-retail/2026/2/64322/Netto022026-1_35_243x5159_2380x6744_zoom.jpg,2026-01-02,2026-01-09,https://res.cloudinary.com/dfqzmnlga/image/upload/v1767347097/2026-01-02/10904713.jpg,Calendar,"📅 Time traveler, keeper of schedules, and ultimate planner. 🗓️"
10904783,99.0,,PC tilbehør,Laptoppude,1,0,stk.,Netto,https://static.tilbudsugen.dk/1st-retail/2026/2/64322/Netto022026-1_36_2487x154_4814x1888_zoom.jpg,2026-01-02,2026-01-09,https://res.cloudinary.com/dfqzmnlga/image/upload/v1767347098/2026-01-02/10904783.jpg,Laptop cushion,✨ Lightweight cushion that keeps your laptop from sinking into your desk! ✨
10904810,169.0,,Reoler & hylder,Reol,1,0,stk.,Netto,https://static.tilbudsugen.dk/1st-retail/2026/2/64322/Netto022026-1_37_231x3188_2155x6851_zoom.jpg,2026-01-02,2026-01-09,https://res.cloudinary.com/dfqzmnlga/image/upload/v1767347098/2026-01-02/10904810.jpg,Reol,"Reol: The ultimate multitasker, always ready to help you finish what you started 🌟"
10904828,40.0,,Sportstilbehør,Svedbånd,1,0,stk.,Netto,https://static.tilbudsugen.dk/1st-retail/2026/2/64322/Netto022026-1_38_36x65_4998x7048_zoom.jpg,2026-01-02,2026-01-09,https://res.cloudinary.com/dfqzmnlga/image/upload/v1767347099/2026-01-02/10904828.jpg,Sweating tape,🔥 Sticking it to your doubts with a little bit of flair!
10904839,20.0,,Køkkenartikler,Drikkeflaske,1,0,stk.,Netto,https://static.tilbudsugen.dk/1st-retail/2026/2/64322/Netto022026-1_28_3299x1788_4800x3561_zoom.jpg,2026-01-02,2026-01-09,https://res.cloudinary.com/dfqzmnlga/image/upload/v1767347099/2026-01-02/10904839.jpg,Drinking bottle,"✨ Always ready for a refreshing sip, whether it's a morning coffee or a midnight snack. ✨"
10904840,20.0,,Køkkenartikler,Flaske,1,0,stk.,Netto,https://static.tilbudsugen.dk/1st-retail/2026/2/64322/Netto022026-1_28_1765x3578_3241x5170_zoom.jpg,2026-01-02,2026-01-09,https://res.cloudinary.com/dfqzmnlga/image/upload/v1767347099/2026-01-02/10904840.jpg,Bottle,"✨ One bottle, full of adventures and surprises! 🍹"
10904842,59.0,,Køkkenmaskiner,Airfryertilbehør,1,0,stk.,Netto,https://static.tilbudsugen.dk/1st-retail/2026/2/64322/Netto022026-1_28_1781x5129_4759x6787_zoom.jpg,2026-01-02,2026-01-09,https://res.cloudinary.com/dfqzmnlga/image/upload/v1767347100/2026-01-02/10904842.jpg,Air freeze accessory,❄️ Freeze your ideas with a twist—air freeze accessory makes frozen snacks and meals a breeze! 🍽️
10904844,149.0,,Køkkenmaskiner,Paninigrill,1,0,stk.,Netto,https://static.tilbudsugen.dk/1st-retail/2026/2/64322/Netto022026-1_28_223x5153_1765x6811_zoom.jpg,2026-01-02,2026-01-09,https://res.cloudinary.com/dfqzmnlga/image/upload/v1767347100/2026-01-02/10904844.jpg,Paninigrill,✨ Paninigrill: The flavor that turns mundane into magic! 🌟
10904609,30.0,,Køkkenartikler,Køleskabsopbevaring,1,0,stk.,Netto,https://static.tilbudsugen.dk/1st-retail/2026/2/64322/Netto022026-1_31_2505x3414_4719x6512_zoom.jpg,2026-01-02,2026-01-09,https://res.cloudinary.com/dfqzmnlga/image/upload/v1767347101/2026-01-02/10904609.jpg,Refrigerator storage,❄️ Keep your stuff chill in this icy storage spot!
10904613,20.0,,Papir,Notesblok,1,0,stk.,Netto,https://static.tilbudsugen.dk/1st-retail/2026/2/64322/Netto022026-1_32_3247x3402_4743x4820_zoom.jpg,2026-01-02,2026-01-09,https://res.cloudinary.com/dfqzmnlga/image/upload/v1767347101/2026-01-02/10904613.jpg,Notepad,"📝 Thinker extraordinaire, always ready to jot down the perfect idea. 📝✨"
10904645,299.0,,Massageapparater,Massagemaskine,1,0,stk.,Netto,https://static.tilbudsugen.dk/1st-retail/2026/2/64322/Netto022026-1_34_166x0_2487x3479_zoom.jpg,2026-01-02,2026-01-09,https://res.cloudinary.com/dfqzmnlga/image/upload/v1767347101/2026-01-02/10904645.jpg,Massage machine,"Massage machine: Relax your tensions, one blissful touch at a time. 🌟"
10904701,30.0,,Papir,Notesblok,1,0,stk.,Netto,https://static.tilbudsugen.dk/1st-retail/2026/2/64322/Netto022026-1_35_2552x5218_4731x6845_zoom.jpg,2026-01-02,2026-01-09,https://res.cloudinary.com/dfqzmnlga/image/upload/v1767347102/2026-01-02/10904701.jpg,Notepad,"✨ Thinker in a box, scribbling ideas wherever they go. ✨"
10904711,30.0,,Papir,Notesblok,1,0,stk.,Netto,https://static.tilbudsugen.dk/1st-retail/2026/2/64322/Netto022026-1_35_255x3491_2452x5105_zoom.jpg,2026-01-02,2026-01-09,https://res.cloudinary.com/dfqzmnlga/image/upload/v1767347102/2026-01-02/10904711.jpg,Notepad,"✨ Thinker extraordinaire, always ready to jot down your thoughts and ideas! ✨"
10904726,40.0,,Boligartikler,Magasinholder,1,0,stk.,Netto,https://static.tilbudsugen.dk/1st-retail/2026/2/64322/Netto022026-1_35_255x386_3841x3503_zoom.jpg,2026-01-02,2026-01-09,https://res.cloudinary.com/dfqzmnlga/image/upload/v1767347103/2026-01-02/10904726.jpg,Magazine holder,"Magazine holder: Collecting stories, one page at a time 📚✨"
10904766,15.0,,Diverse kontorartikler,Hæftemaskine,1,0,stk.,Netto,https://static.tilbudsugen.dk/1st-retail/2026/2/64322/Netto022026-1_36_231x1918_2463x3514_zoom.jpg,2026-01-02,2026-01-09,https://res.cloudinary.com/dfqzmnlga/image/upload/v1767347103/2026-01-02/10904766.jpg,Stapling machine,✨ Stapling life with precision and flair! ✨
10904790,30.0,Faber-Castell,Skriveartikler,Blyant,1,0,stk.,Netto,https://static.tilbudsugen.dk/1st-retail/2026/2/64322/Netto022026-1_36_178x226_2452x1882_zoom.jpg,2026-01-02,2026-01-09,https://res.cloudinary.com/dfqzmnlga/image/upload/v1767347104/2026-01-02/10904790.jpg,Pencil,"Hmm, what's the best way to express my purpose? 🖋️"
10904813,149.0,,Diverse isenkram og boligindretning,Rullevogn,1,0,stk.,Netto,https://static.tilbudsugen.dk/1st-retail/2026/2/64322/Netto022026-1_37_3288x249_4761x3146_zoom.jpg,2026-01-02,2026-01-09,https://res.cloudinary.com/dfqzmnlga/image/upload/v1767347104/2026-01-02/10904813.jpg,Trolley,"✨ Transporting joy, one bag at a time! 🛍️"
10904819,69.0,,Køkkenartikler,Plastikbøtter,1,0,stk.,Netto,https://static.tilbudsugen.dk/1st-retail/2026/2/64322/Netto022026-1_27_1707x1838_3299x3578_zoom.jpg,2026-01-02,2026-01-09,https://res.cloudinary.com/dfqzmnlga/image/upload/v1767347105/2026-01-02/10904819.jpg,Plastic buckets,✨ Bucket master extraordinaire 🛍️
10904827,35.0,,Boligtekstiler,Forklæde,1,0,stk.,Netto,https://static.tilbudsugen.dk/1st-retail/2026/2/64322/Netto022026-1_27_1814x3496_4916x6836_zoom.jpg,2026-01-02,2026-01-09,https://res.cloudinary.com/dfqzmnlga/image/upload/v1767347106/2026-01-02/10904827.jpg,Aprons,"Chef's jacket, but with a twist—perfect for whipping up a fun, quirky, and stylish vibe. 🍳✨"
10904830,50.0,,Køkken & værktøj m.m.,Legehusholdning,1,0,stk.,Netto,https://static.tilbudsugen.dk/1st-retail/2026/2/64322/Netto022026-1_27_1814x3496_4916x6836_zoom.jpg,2026-01-02,2026-01-09,https://res.cloudinary.com/dfqzmnlga/image/upload/v1767347106/2026-01-02/10904830.jpg,Playhouses,Playhouses 🏰✨ Where dreams come to play!
10904831,35.0,,Køkken & værktøj m.m.,Legehusholdning,1,0,stk.,Netto,https://static.tilbudsugen.dk/1st-retail/2026/2/64322/Netto022026-1_27_1814x3496_4916x6836_zoom.jpg,2026-01-02,2026-01-09,https://res.cloudinary.com/dfqzmnlga/image/upload/v1767347107/2026-01-02/10904831.jpg,Playhouses,Playhouses 🎭✨ Where dreams are built and memories are made.
10904841,99.0,,Køkkenmaskiner,Elkedel,1,0,stk.,Netto,https://static.tilbudsugen.dk/1st-retail/2026/2/64322/Netto022026-1_28_3283x3545_4685x5153_zoom.jpg,2026-01-02,2026-01-09,https://res.cloudinary.com/dfqzmnlga/image/upload/v1767347107/2026-01-02/10904841.jpg,Electric kettle,⚡ Heat up your day with a touch of magic!
10904850,20.0,,Køkkenartikler,Sprayflaske,1,0,stk.,Netto,https://static.tilbudsugen.dk/1st-retail/2026/2/64322/Netto022026-1_29_140x4733_1773x6613_zoom.jpg,2026-01-02,2026-01-09,https://res.cloudinary.com/dfqzmnlga/image/upload/v1767347107/2026-01-02/10904850.jpg,Spray bottle,"✨ Spray up the moment, pour it on the vibe! ✨"
10904854,20.0,,Køkkenredskaber,Hvidløgspresser,1,0,stk.,Netto,https://static.tilbudsugen.dk/1st-retail/2026/2/64322/Netto022026-1_29_140x4733_1773x6613_zoom.jpg,2026-01-02,2026-01-09,https://res.cloudinary.com/dfqzmnlga/image/upload/v1767347108/2026-01-02/10904854.jpg,Garlic presses,"Pressing garlic to perfection, one flavor at a time 🍴"
10904861,30.0,,Køkkenartikler,Citruspresser,1,0,stk.,Netto,https://static.tilbudsugen.dk/1st-retail/2026/2/64322/Netto022026-1_30_412x3050_2351x4989_zoom.jpg,2026-01-02,2026-01-09,https://res.cloudinary.com/dfqzmnlga/image/upload/v1767347108/2026-01-02/10904861.jpg,Citrus presses,Squeeze the joy into every fruit—no veggies needed. 🍊
10904864,59.0,,"Billeder, plakater mm.",Plakat,1,0,stk.,Netto,https://static.tilbudsugen.dk/1st-retail/2026/2/64322/Netto022026-1_30_396x122_4808x3413_zoom.jpg,2026-01-02,2026-01-09,https://res.cloudinary.com/dfqzmnlga/image/upload/v1767347109/2026-01-02/10904864.jpg,Poster,"Posters bring life to walls, turning empty spaces into stories. 🌟"
10904730,89.0,,Opbevaring,Opbevaringsboks,1,0,stk.,Netto,https://static.tilbudsugen.dk/1st-retail/2026/2/64322/Netto022026-1_35_255x386_3841x3503_zoom.jpg,2026-01-02,2026-01-09,https://res.cloudinary.com/dfqzmnlga/image/upload/v1767347109/2026-01-02/10904730.jpg,Storage box,📦 Treasure chest of forgotten memories and endless possibilities! 🛋️
10904733,30.0,,Opbevaring,Opbevaringskurv,1,0,stk.,Netto,https://static.tilbudsugen.dk/1st-retail/2026/2/64322/Netto022026-1_36_2511x3538_4761x6851_zoom.jpg,2026-01-02,2026-01-09,https://res.cloudinary.com/dfqzmnlga/image/upload/v1767347110/2026-01-02/10904733.jpg,Storage Basket,"✨Storage Basket – organize your chaos, keep your stuff tidy, and never miss a thing!✨"
10904769,15.0,,Diverse isenkram og boligindretning,Saks,1,0,stk.,Netto,https://static.tilbudsugen.dk/1st-retail/2026/2/64322/Netto022026-1_36_231x1918_2463x3514_zoom.jpg,2026-01-02,2026-01-09,https://res.cloudinary.com/dfqzmnlga/image/upload/v1767347110/2026-01-02/10904769.jpg,Scissors,"✨ Cut through the chaos, one stitch at a time! ✨"
10904807,59.0,,Opbevaring,Opbevaringsboks,1,0,stk.,Netto,https://static.tilbudsugen.dk/1st-retail/2026/2/64322/Netto022026-1_37_2178x3129_4731x4678_zoom.jpg,2026-01-02,2026-01-09,https://res.cloudinary.com/dfqzmnlga/image/upload/v1767347110/2026-01-02/10904807.jpg,Storage box,"📦 Treasure trove of secrets, secrets of life — all in one place! 🛋️"
10904820,99.0,,Herretøj,Sweatshirt,1,0,stk.,Netto,https://static.tilbudsugen.dk/1st-retail/2026/2/64322/Netto022026-1_38_36x65_4998x7048_zoom.jpg,2026-01-02,2026-01-09,https://res.cloudinary.com/dfqzmnlga/image/upload/v1767347111/2026-01-02/10904820.jpg,Sweatshirt,"Cool as a raincoat, but warmer than a sweater — I'm the perfect layer for any weather. 🌧️"
10904821,99.0,,Dametøj,Sweatshirt,1,0,stk.,Netto,https://static.tilbudsugen.dk/1st-retail/2026/2/64322/Netto022026-1_38_36x65_4998x7048_zoom.jpg,2026-01-02,2026-01-09,https://res.cloudinary.com/dfqzmnlga/image/upload/v1767347111/2026-01-02/10904821.jpg,Sweatshirt,"Sweatshirt: The ultimate chill companion for any weather, whether it's 90°F or 30°F. 🧣"
10904824,99.0,,Herretøj,T-shirt,1,0,stk.,Netto,https://static.tilbudsugen.dk/1st-retail/2026/2/64322/Netto022026-1_38_36x65_4998x7048_zoom.jpg,2026-01-02,2026-01-09,https://res.cloudinary.com/dfqzmnlga/image/upload/v1767347112/2026-01-02/10904824.jpg,T-shirt,Wear your thoughts like a second skin — and never look back! 🌟
10904826,40.0,,Outdoor,Halstørklæde,1,0,stk.,Netto,https://static.tilbudsugen.dk/1st-retail/2026/2/64322/Netto022026-1_38_36x65_4998x7048_zoom.jpg,2026-01-02,2026-01-09,https://res.cloudinary.com/dfqzmnlga/image/upload/v1767347112/2026-01-02/10904826.jpg,Scarf,"Lightly draped in style, I'm the scarf that keeps your vibe just right—whether you're heading out or just needing a little warmth. 🌟"
10904837,99.0,,Husholdningsartikler,Opvaskestativ,1,0,stk.,Netto,https://static.tilbudsugen.dk/1st-retail/2026/2/64322/Netto022026-1_28_1905x130_4817x1854_zoom.jpg,2026-01-02,2026-01-09,https://res.cloudinary.com/dfqzmnlga/image/upload/v1767347113/2026-01-02/10904837.jpg,Dish stand,Stand tall and serve your favorite dishes with flair! 🍽️
10904851,25.0,,Køkkenartikler,Køleskabsopbevaring,1,0,stk.,Netto,https://static.tilbudsugen.dk/1st-retail/2026/2/64322/Netto022026-1_29_1765x3438_4841x6646_zoom.jpg,2026-01-02,2026-01-09,https://res.cloudinary.com/dfqzmnlga/image/upload/v1767347113/2026-01-02/10904851.jpg,Refrigerator storage,❄️ Storage superhero keeping your stuff chill and organized!
10904610,50.0,,Køkkenartikler,Køleskabsopbevaring,1,0,stk.,Netto,https://static.tilbudsugen.dk/1st-retail/2026/2/64322/Netto022026-1_31_137x641_4808x3366_zoom.jpg,2026-01-02,2026-01-09,https://res.cloudinary.com/dfqzmnlga/image/upload/v1767347114/2026-01-02/10904610.jpg,Refrigerator storage,❄️ Storage superhero keeping your snacks and secrets safe inside!
10904718,69.0,,PC tilbehør,Computertaske,1,0,stk.,Netto,https://static.tilbudsugen.dk/1st-retail/2026/2/64322/Netto022026-1_35_748x2078_4761x3497_zoom.jpg,2026-01-02,2026-01-09,https://res.cloudinary.com/dfqzmnlga/image/upload/v1767347114/2026-01-02/10904718.jpg,Computer bag,"💻✨ Carry your world in style, one click at a time. 🛒"
10904628,30.0,,Sikkerhed og hygiejne,Refleksvest,1,0,stk.,Netto,https://static.tilbudsugen.dk/1st-retail/2026/2/64322/Netto022026-1_33_2481x5135_4861x6797_zoom.jpg,2026-01-02,2026-01-09,https://res.cloudinary.com/dfqzmnlga/image/upload/v1767347115/2026-01-02/10904628.jpg,Reflex vest,"✨ Reflex vest, ready to deflect any chaos with style and flair! ✨"
10904634,50.0,,Accessories,Tørklæde,1,0,stk.,Netto,https://static.tilbudsugen.dk/1st-retail/2026/2/64322/Netto022026-1_33_142x5183_2523x6827_zoom.jpg,2026-01-02,2026-01-09,https://res.cloudinary.com/dfqzmnlga/image/upload/v1767347115/2026-01-02/10904634.jpg,Scarf,"Lightly draped in style, I'm the scarf that keeps you warm and stylish—no one wants to be seen without me. 🌟"
10904661,249.0,,Massageapparater,Massagemåtte,1,0,stk.,Netto,https://static.tilbudsugen.dk/1st-retail/2026/2/64322/Netto022026-1_34_226x3574_4713x5147_zoom.jpg,2026-01-02,2026-01-09,https://res.cloudinary.com/dfqzmnlga/image/upload/v1767347116/2026-01-02/10904661.jpg,Massage mat,"✨ Unwind with me, wherever you are 🌿"
10904697,299.0,,Massageapparater,Massageapparat,1,0,stk.,Netto,https://static.tilbudsugen.dk/1st-retail/2026/2/64322/Netto022026-1_34_2511x273_4808x3509_zoom.jpg,2026-01-02,2026-01-09,https://res.cloudinary.com/dfqzmnlga/image/upload/v1767347116/2026-01-02/10904697.jpg,Massage apparatus,✨ Massage apparatus that gives you a full-body spa day in your own home! ✨
10904698,50.0,,Vægure & Standerure,Vægur,1,0,stk.,Netto,https://static.tilbudsugen.dk/1st-retail/2026/2/64322/Netto022026-1_35_2546x3598_4731x5141_zoom.jpg,2026-01-02,2026-01-09,https://res.cloudinary.com/dfqzmnlga/image/upload/v1767347116/2026-01-02/10904698.jpg,Wall clock,"Tickle my clock, and time will never be the same. 🕒"
10904725,69.0,,Diverse kontorartikler,Skriveunderlag,1,0,stk.,Netto,https://static.tilbudsugen.dk/1st-retail/2026/2/64322/Netto022026-1_35_748x2078_4761x3497_zoom.jpg,2026-01-02,2026-01-09,https://res.cloudinary.com/dfqzmnlga/image/upload/v1767347117/2026-01-02/10904725.jpg,Writer's sub-layer,"✨ Word-weaver of ideas, crafting stories that spark joy and curiosity. ✨"
10904742,30.0,,Opbevaring,Opbevaringskasse,1,0,stk.,Netto,https://static.tilbudsugen.dk/1st-retail/2026/2/64322/Netto022026-1_36_184x3443_2333x5284_zoom.jpg,2026-01-02,2026-01-09,https://res.cloudinary.com/dfqzmnlga/image/upload/v1767347118/2026-01-02/10904742.jpg,Storage box,📦 Treasure chest of forgotten memories and endless possibilities! 🛠️
10904779,15.0,,Diverse kontorartikler,Tape,1,0,stk.,Netto,https://static.tilbudsugen.dk/1st-retail/2026/2/64322/Netto022026-1_36_231x1918_2463x3514_zoom.jpg,2026-01-02,2026-01-09,https://res.cloudinary.com/dfqzmnlga/image/upload/v1767347118/2026-01-02/10904779.jpg,Tape,"Tape: I'm the glue that keeps things together, even when they're not supposed to be. 🎉"
10904812,30.0,,Køkkenartikler,Drikkeflaske,1,0,stk.,Netto,https://static.tilbudsugen.dk/1st-retail/2026/2/64322/Netto022026-1_27_256x1722_1749x3578_zoom.jpg,2026-01-02,2026-01-09,https://res.cloudinary.com/dfqzmnlga/image/upload/v1767347119/2026-01-02/10904812.jpg,Drinking bottle,"✨ Always ready for a refresh, whether it's a morning boost or a late-night sip. ✨"
10904816,69.0,,Dametøj,T-shirt,1,0,stk.,Netto,https://static.tilbudsugen.dk/1st-retail/2026/2/64322/Netto022026-1_38_36x65_4998x7048_zoom.jpg,2026-01-02,2026-01-09,https://res.cloudinary.com/dfqzmnlga/image/upload/v1767347119/2026-01-02/10904816.jpg,T-shirt,Wear your thoughts like a second skin — and never look back! 🧡
10904822,129.0,,Køkkenredskaber,Mandolinjern,1,0,stk.,Netto,https://static.tilbudsugen.dk/1st-retail/2026/2/64322/Netto022026-1_27_3316x1887_4751x3553_zoom.jpg,2026-01-02,2026-01-09,https://res.cloudinary.com/dfqzmnlga/image/upload/v1767347119/2026-01-02/10904822.jpg,Mandoline irons,✨ Ironing perfection with a touch of flair ✨
10904823,20.0,,Køkken & værktøj m.m.,Legehusholdning,1,0,stk.,Netto,https://static.tilbudsugen.dk/1st-retail/2026/2/64322/Netto022026-1_27_223x3504_1749x6861_zoom.jpg,2026-01-02,2026-01-09,https://res.cloudinary.com/dfqzmnlga/image/upload/v1767347120/2026-01-02/10904823.jpg,Playhouses,"🎭✨ Playhouses rule the stage, and I'm the star of the show! 🎭✨"
10904833,199.0,,Køkkenmaskiner,Blender,1,0,stk.,Netto,https://static.tilbudsugen.dk/1st-retail/2026/2/64322/Netto022026-1_28_165x1920_1740x5145_zoom.jpg,2026-01-02,2026-01-09,https://res.cloudinary.com/dfqzmnlga/image/upload/v1767347120/2026-01-02/10904833.jpg,Blender,"Smoothie master, blending joy into every sip. 🍓✨"
10904846,20.0,,Køkkenredskaber,Køkkenredskaber,1,0,stk.,Netto,https://static.tilbudsugen.dk/1st-retail/2026/2/64322/Netto022026-1_29_231x3413_1757x4865_zoom.jpg,2026-01-02,2026-01-09,https://res.cloudinary.com/dfqzmnlga/image/upload/v1767347121/2026-01-02/10904846.jpg,Kitchen utensils,"Chef's kitchen wizard with a knack for turning chaos into calm—chef's knife in hand, chaos in the kitchen. 🍴✨"
