data_id,price,brand,category,product_name,units,quantity,unit_type,store_name,image_url,start_date,end_date,public_urls,translated_product,tinder_bio
10848183,6.0,,Div. dyreartikler,Hundeposer,1,40,stk.,Netto,https://static.tilbudsugen.dk/1st-retail/2025/49/64080/Netto492025-1_25_2417x3788_4886x4867_zoom.jpg,2025-11-29,2025-12-05,https://res.cloudinary.com/dfqzmnlga/image/upload/v1764415446/2025-11-29/10848183.jpg,Dog bags,"🐾 Bagging bags, bagging joy, bagging life—because dogs deserve the best! 🐾"
10848034,5.21,Le Chef,Husholdningsartikler,Bagepapir,1,30,pk.,Netto,https://static.tilbudsugen.dk/1st-retail/2025/49/64080/Netto492025-1_17_207x715_4877x3331_zoom.jpg,2025-11-29,2025-12-05,https://res.cloudinary.com/dfqzmnlga/image/upload/v1764415447/2025-11-29/10848034.jpg,Bakery paper,Rolls out the dough for the perfect slice—*🍞*
10848150,59.0,Fitness Pharma,Kosttilskud,Mineraler,1,250,bg.,Netto,https://static.tilbudsugen.dk/1st-retail/2025/49/64080/Netto492025-1_24_3298x2899_4938x4971_zoom.jpg,2025-11-29,2025-12-05,https://res.cloudinary.com/dfqzmnlga/image/upload/v1764415447/2025-11-29/10848150.jpg,Minerals,"✨ I'm the mineral that brings the world back to life, one element at a time. ✨"
10848148,5.0,DKI,Husholdningsartikler,Affaldsposer,1,20,pk.,Netto,https://static.tilbudsugen.dk/1st-retail/2025/49/64080/Netto492025-1_24_3263x1051_4938x2856_zoom.jpg,2025-11-29,2025-12-05,https://res.cloudinary.com/dfqzmnlga/image/upload/v1764415448/2025-11-29/10848148.jpg,Waste bags,"🗑️ Trash talker, ready to recycle the fun!"
10848149,59.0,Fitness Pharma,Fiskeolie,Fiskeolie,1,180,ds.,Netto,https://static.tilbudsugen.dk/1st-retail/2025/49/64080/Netto492025-1_24_3298x2899_4938x4971_zoom.jpg,2025-11-29,2025-12-05,https://res.cloudinary.com/dfqzmnlga/image/upload/v1764415448/2025-11-29/10848149.jpg,Fish oil,"Omega-3 warrior, ocean vibes, and a dash of adventure—because life's too short for bland meals. 🐟"
10848161,10.0,at home CLEAN,Opvask,Maskinopvask-tabs,1,16,pk.,Netto,https://static.tilbudsugen.dk/1st-retail/2025/49/64080/Netto492025-1_24_86x4807_1744x6879_zoom.jpg,2025-11-29,2025-12-05,https://res.cloudinary.com/dfqzmnlga/image/upload/v1764415449/2025-11-29/10848161.jpg,Machine-washing losses,"✨ The ultimate cleaner of dirty laundry, but only if it's willing to lose its shape. ✨"
10849001,20.0,ASP,Stearinlys,Juletræslys,1,20,pk.,Netto,https://static.tilbudsugen.dk/1st-retail/2025/49/64080/Netto492025-1_36_351x738_2525x2412_zoom.jpg,2025-11-29,2025-12-05,https://res.cloudinary.com/dfqzmnlga/image/upload/v1764415449/2025-11-29/10849001.jpg,Christmas tree lights,✨ Sparkle and cheer with every flicker! 🎄
10849005,12.0,,Papir,Servietter,1,12,pk.,Netto,https://static.tilbudsugen.dk/1st-retail/2025/49/64080/Netto492025-1_36_336x2486_2495x4579_zoom.jpg,2025-11-29,2025-12-05,https://res.cloudinary.com/dfqzmnlga/image/upload/v1764415450/2025-11-29/10849005.jpg,Napkins and napkin liners for babies,"Soft, cute napkins and liners for little ones 🌟"
10848154,29.0,Libresse,Intimhygiejne,Bind,1,26,pk.,Netto,https://static.tilbudsugen.dk/1st-retail/2025/49/64080/Netto492025-1_24_1649x2882_3341x4859_zoom.jpg,2025-11-29,2025-12-05,https://res.cloudinary.com/dfqzmnlga/image/upload/v1764415451/2025-11-29/10848154.jpg,Volume,Volume: The quiet powerhouse that makes everything feel bigger. 🌟
10848155,29.0,Libresse,Intimhygiejne,Trusseindlæg,1,26,pk.,Netto,https://static.tilbudsugen.dk/1st-retail/2025/49/64080/Netto492025-1_24_1649x2882_3341x4859_zoom.jpg,2025-11-29,2025-12-05,https://res.cloudinary.com/dfqzmnlga/image/upload/v1764415451/2025-11-29/10848155.jpg,Panty posts,"✨ Secret lover of intimate moments, always ready to share a laugh with the right person. ✨"
10848028,14.09,Lungo,Kapselkaffe,Kaffekapsler,1,10,pk.,Netto,https://static.tilbudsugen.dk/1st-retail/2025/49/64080/Netto492025-1_16_69x620_2538x3425_zoom.jpg,2025-11-29,2025-12-05,https://res.cloudinary.com/dfqzmnlga/image/upload/v1764415452/2025-11-29/10848028.jpg,Coffee capsules," ☕️ Sip, steep, and sprinkle your day with caffeine magic."
10847921,20.0,Livskraft,Skalæg,Skrabeæg M/L,1,8,bk.,Netto,https://static.tilbudsugen.dk/1st-retail/2025/49/64080/Netto492025-1_7_43x5109_1701x6896_zoom.jpg,2025-11-29,2025-12-05,https://res.cloudinary.com/dfqzmnlga/image/upload/v1764415452/2025-11-29/10847921.jpg,Skrabeæg M/L,"✨ Super tasty, super smooth, and super versatile — Skrabeæg M/L is the perfect partner for any meal! 🍽️"
10848156,29.0,Tena,Intimhygiejne,Bind,1,10,pk.,Netto,https://static.tilbudsugen.dk/1st-retail/2025/49/64080/Netto492025-1_24_1649x2882_3341x4859_zoom.jpg,2025-11-29,2025-12-05,https://res.cloudinary.com/dfqzmnlga/image/upload/v1764415453/2025-11-29/10848156.jpg,Volume,Volume: The quiet force that makes everything fit perfectly. 🧪
10848157,29.0,Tena,Intimhygiejne,Trusseindlæg,1,6,pk.,Netto,https://static.tilbudsugen.dk/1st-retail/2025/49/64080/Netto492025-1_24_1649x2882_3341x4859_zoom.jpg,2025-11-29,2025-12-05,https://res.cloudinary.com/dfqzmnlga/image/upload/v1764415453/2025-11-29/10848157.jpg,Panty posts,"✨ Always ready to share a little bit of me, one post at a time! ✨"
10848053,10.0,Mamone,Mel & Melblandinger,Hvedemel,1,2,ps.,Netto,https://static.tilbudsugen.dk/1st-retail/2025/49/64080/Netto492025-1_19_2503x697_4990x2864_zoom.jpg,2025-11-29,2025-12-05,https://res.cloudinary.com/dfqzmnlga/image/upload/v1764415454/2025-11-29/10848053.jpg,Wheat flour,"Soft, sturdy, and perfect for baking—just like me! 🍞"
10849010,50.0,,Sokker/Strømper,Strømper,1,9,pk.,Netto,https://static.tilbudsugen.dk/1st-retail/2025/49/64080/Netto492025-1_37_232x4668_1756x6843_zoom.jpg,2025-11-29,2025-12-05,https://res.cloudinary.com/dfqzmnlga/image/upload/v1764415454/2025-11-29/10849010.jpg,Stockings,✨ Wearing socks like a superpower—perfect for any occasion! ✨
10848245,99.0,Nord Home LIving,Bestik,Bestik,1,16,pk.,Netto,https://static.tilbudsugen.dk/1st-retail/2025/49/64080/Netto492025-1_29_259x3356_2529x6749_zoom.jpg,2025-11-29,2025-12-05,https://res.cloudinary.com/dfqzmnlga/image/upload/v1764415455/2025-11-29/10848245.jpg,"Flat-rolled products of iron or non-alloy steel, of a width of < 600 mm, hot-rolled or cold-rolled (cold-reduced), not clad, plated or coated",Ironflake 🌱
10847882,10.0,Coca Cola Zero,Sodavand,Cola,1,1,fl.,Netto,https://static.tilbudsugen.dk/1st-retail/2025/49/64080/Netto492025-1_3_2499x85_4901x3567_zoom.jpg,2025-11-29,2025-12-05,https://res.cloudinary.com/dfqzmnlga/image/upload/v1764415456/2025-11-29/10847882.jpg,Cola,"Fizzing fun, never boring — I'm the drink that never stops laughing. 🎉"
10848191,40.0,,"Planter, buske & træer",Planter,1,6,bk.,Netto,https://static.tilbudsugen.dk/1st-retail/2025/49/64080/Netto492025-1_26_2555x749_4817x2709_zoom.jpg,2025-11-29,2025-12-05,https://res.cloudinary.com/dfqzmnlga/image/upload/v1764415456/2025-11-29/10848191.jpg,Plants,"🌱✨ Nature's little helpers, always growing, always glowing! 🌱✨"
10847884,10.0,Zero,Sodavand,Appelsinsodavand,1,1,fl.,Netto,https://static.tilbudsugen.dk/1st-retail/2025/49/64080/Netto492025-1_3_2499x85_4901x3567_zoom.jpg,2025-11-29,2025-12-05,https://res.cloudinary.com/dfqzmnlga/image/upload/v1764415457/2025-11-29/10847884.jpg,Orange soda,"Citrusy refreshment, unapologetically fizzy — and always ready to spark a conversation. 🍋"
10847885,10.0,Raspberry,Sodavand,Hindbærsodavand,1,1,fl.,Netto,https://static.tilbudsugen.dk/1st-retail/2025/49/64080/Netto492025-1_3_2499x85_4901x3567_zoom.jpg,2025-11-29,2025-12-05,https://res.cloudinary.com/dfqzmnlga/image/upload/v1764415457/2025-11-29/10847885.jpg,Raspberry soda,"Sip, savor, and scream—raspberry soda is the ultimate flavor explosion! 🍓✨"
10847843,10.0,Coca Cola,Sodavand,Cola,1,1,fl.,Netto,https://static.tilbudsugen.dk/1st-retail/2025/49/64080/Netto492025-1_3_2499x85_4901x3567_zoom.jpg,2025-11-29,2025-12-05,https://res.cloudinary.com/dfqzmnlga/image/upload/v1764415458/2025-11-29/10847843.jpg,Cola,"Fizzing fun, never boring — I'm the ultimate refreshener, ready to spark your day with a perfect splash of joy. 🎉"
10847883,10.0,Orange,Sodavand,Appelsinsodavand,1,1,fl.,Netto,https://static.tilbudsugen.dk/1st-retail/2025/49/64080/Netto492025-1_3_2499x85_4901x3567_zoom.jpg,2025-11-29,2025-12-05,https://res.cloudinary.com/dfqzmnlga/image/upload/v1764415459/2025-11-29/10847883.jpg,Orange soda,"Citrusy refreshment, anytime, anywhere 🍊"
10847961,22.0,,Grønt,Avocado,1,3,bk.,Netto,https://static.tilbudsugen.dk/1st-retail/2025/49/64080/Netto492025-1_12_2512x4928_4895x6905_zoom.jpg,2025-11-29,2025-12-05,https://res.cloudinary.com/dfqzmnlga/image/upload/v1764415459/2025-11-29/10847961.jpg,Avocado,"Slim, creamy, and full of flavor—just like a perfect avocado. 🥑"
10847853,8.0,Mamone,Sukker,Sukker,1,1,ps.,Netto,https://static.tilbudsugen.dk/1st-retail/2025/49/64080/Netto492025-1_4_3012x512_4890x3626_zoom.jpg,2025-11-29,2025-12-05,https://res.cloudinary.com/dfqzmnlga/image/upload/v1764415460/2025-11-29/10847853.jpg,Sugar,"Sweetly sweet, my flavor is everywhere—sipping, swirling, and sparking joy. 🍬"
10848031,8.4,ØGO,Grønt,Rødbeder,1,1,ps.,Netto,https://static.tilbudsugen.dk/1st-retail/2025/49/64080/Netto492025-1_16_2201x4237_4886x6896_zoom.jpg,2025-11-29,2025-12-05,https://res.cloudinary.com/dfqzmnlga/image/upload/v1764415460/2025-11-29/10848031.jpg,Beetroot,"Red, earthy, and super nutritious — I'm the beetroot of the season. 🍅"
10847840,69.0,0 Kalorier,Sodavand,Sportssodavand 24 pk.,24,0,ds.,Netto,https://static.tilbudsugen.dk/1st-retail/2025/49/64080/Netto492025-1_2_2418x4663_4896x6806_zoom.jpg,2025-11-29,2025-12-05,https://res.cloudinary.com/dfqzmnlga/image/upload/v1764415461/2025-11-29/10847840.jpg,Sports soda 24 pk.,"Sip, sweat, and shine—sports soda keeps you fueled! 🍹"
10847841,69.0,Pepsi Max,Sodavand,Cola 24 pk.,24,0,ds.,Netto,https://static.tilbudsugen.dk/1st-retail/2025/49/64080/Netto492025-1_2_2418x4663_4896x6806_zoom.jpg,2025-11-29,2025-12-05,https://res.cloudinary.com/dfqzmnlga/image/upload/v1764415461/2025-11-29/10847841.jpg,Cola 24 pk.,"Sip, savor, and never forget—cola is life. 🍹"
10847839,69.0,Faxe Kondi,Sodavand,Sportssodavand 24 pk.,24,0,ds.,Netto,https://static.tilbudsugen.dk/1st-retail/2025/49/64080/Netto492025-1_2_2418x4663_4896x6806_zoom.jpg,2025-11-29,2025-12-05,https://res.cloudinary.com/dfqzmnlga/image/upload/v1764415462/2025-11-29/10847839.jpg,Sports soda 24 pk.,"Sip, sprint, and smile—sports soda keeps you fueled! 🍹💪"
10848995,70.0,,Børnebøger,Børnebøger,1,8,pk.,Netto,https://static.tilbudsugen.dk/1st-retail/2025/49/64080/Netto492025-1_35_2525x2442_4811x4556_zoom.jpg,2025-11-29,2025-12-05,https://res.cloudinary.com/dfqzmnlga/image/upload/v1764415462/2025-11-29/10848995.jpg,Children's books,"📖 Love stories that spark imagination, one page at a time. 📚✨"
10847820,59.0,Pilsner,Øl,Øl 20 pk.,20,0,ds.,Netto,https://static.tilbudsugen.dk/1st-retail/2025/49/64080/Netto492025-1_1_2353x4533_4922x6768_zoom.jpg,2025-11-29,2025-12-05,https://res.cloudinary.com/dfqzmnlga/image/upload/v1764415463/2025-11-29/10847820.jpg,Beer 20 pc.,"Sip, shout, and share—beer is life! 🍻"
10847811,9.0,Herkules,Rugbrød i Skiver,Rugbrødsskiver,1,1,pk.,Netto,https://static.tilbudsugen.dk/1st-retail/2025/49/64080/Netto492025-1_1_38x4593_2521x6795_zoom.jpg,2025-11-29,2025-12-05,https://res.cloudinary.com/dfqzmnlga/image/upload/v1764415464/2025-11-29/10847811.jpg,Rye bread slices,"Soft, hearty, and slightly sour—perfect for a rainy day with a good book. 🍞"
10847812,9.0,Kohberg,Rugbrød i Skiver,Solsikkerugbrød,1,0,pk.,Netto,https://static.tilbudsugen.dk/1st-retail/2025/49/64080/Netto492025-1_1_38x4593_2521x6795_zoom.jpg,2025-11-29,2025-12-05,https://res.cloudinary.com/dfqzmnlga/image/upload/v1764415464/2025-11-29/10847812.jpg,"Sunflower-seed oil and its fractions, whether or not refined, but not chemically modified","Golden-brown, earthy, and full of life — like a warm hug from the sun, wrapped in a bottle. 🌞"
10847814,59.0,Classic,Øl,Øl 18 pk.,18,0,ds.,Netto,https://static.tilbudsugen.dk/1st-retail/2025/49/64080/Netto492025-1_1_2353x4533_4922x6768_zoom.jpg,2025-11-29,2025-12-05,https://res.cloudinary.com/dfqzmnlga/image/upload/v1764415464/2025-11-29/10847814.jpg,Beer 18 pc.,"Sip, laugh, and let the beer speak — 🍻"
10847819,59.0,"Classic 0,0",Alkoholfrie Øl,Øl - Alkoholfri 18 pk.,18,0,ds.,Netto,https://static.tilbudsugen.dk/1st-retail/2025/49/64080/Netto492025-1_1_2353x4533_4922x6768_zoom.jpg,2025-11-29,2025-12-05,https://res.cloudinary.com/dfqzmnlga/image/upload/v1764415465/2025-11-29/10847819.jpg,Beer - Alcohol-free 18 pc.,"Sip, savor, and skip the rules—just beer, no alcohol. 🍻"
10847818,59.0,Grøn,Øl,Øl 18 pk.,18,0,ds.,Netto,https://static.tilbudsugen.dk/1st-retail/2025/49/64080/Netto492025-1_1_2353x4533_4922x6768_zoom.jpg,2025-11-29,2025-12-05,https://res.cloudinary.com/dfqzmnlga/image/upload/v1764415465/2025-11-29/10847818.jpg,Beer 18 pc.,"""Crafting moments with every sip—beer, not just life."" 🍻"
10849011,30.0,EverLast,Sokker/Strømper,Strømper,1,3,par,Netto,https://static.tilbudsugen.dk/1st-retail/2025/49/64080/Netto492025-1_37_1763x4593_3220x6790_zoom.jpg,2025-11-29,2025-12-05,https://res.cloudinary.com/dfqzmnlga/image/upload/v1764415466/2025-11-29/10849011.jpg,Stockings,✨ I'm the perfect match for your cozy night in—ready to wrap around your dreams with a touch of flair! 🌙
10847979,12.0,Cheasy,Syrnet morgenmad,Jordbær & Rababer Yoghurt ,1,1,stk.,Netto,https://static.tilbudsugen.dk/1st-retail/2025/49/64080/Netto492025-1_13_43x4876_2460x6844_zoom.jpg,2025-11-29,2025-12-05,https://res.cloudinary.com/dfqzmnlga/image/upload/v1764415466/2025-11-29/10847979.jpg,Strawberries & Rababer Yogurt,"Savor the sweet, tangy bliss of strawberries and rababer yogurt — perfect for a sunny day! 🍓🍓"
10847981,12.0,Cheasy,Syrnet morgenmad,Skovbær Yoghurt ,1,1,stk.,Netto,https://static.tilbudsugen.dk/1st-retail/2025/49/64080/Netto492025-1_13_43x4876_2460x6844_zoom.jpg,2025-11-29,2025-12-05,https://res.cloudinary.com/dfqzmnlga/image/upload/v1764415467/2025-11-29/10847981.jpg,Blackberries Yogurt,"Tropical twist on a classic: Blackberries Yogurt — sweet, bold, and ready to burst with flavor. 🍓 Yogurt 💚"
10847982,12.0,Cheasy,Syrnet morgenmad,Citron Yoghurt,1,1,stk.,Netto,https://static.tilbudsugen.dk/1st-retail/2025/49/64080/Netto492025-1_13_43x4876_2460x6844_zoom.jpg,2025-11-29,2025-12-05,https://res.cloudinary.com/dfqzmnlga/image/upload/v1764415467/2025-11-29/10847982.jpg,Lemon Yogurt,Citrusy joy in every bite 🍋
10847869,18.0,Samsø,Grønt,Kartofler,1,1,ps.,Netto,https://static.tilbudsugen.dk/1st-retail/2025/49/64080/Netto492025-1_5_3724x1489_4933x3103_zoom.jpg,2025-11-29,2025-12-05,https://res.cloudinary.com/dfqzmnlga/image/upload/v1764415468/2025-11-29/10847869.jpg,Potatoes,"I'm the humble potato, ready to sprout into a giant green superhero! 🌱💪"
10847980,12.0,Cheasy,Syrnet morgenmad,Vanilje Yoghurt ,1,1,stk.,Netto,https://static.tilbudsugen.dk/1st-retail/2025/49/64080/Netto492025-1_13_43x4876_2460x6844_zoom.jpg,2025-11-29,2025-12-05,https://res.cloudinary.com/dfqzmnlga/image/upload/v1764415468/2025-11-29/10847980.jpg,Vanilla Yogurt,"Sweet, creamy, and slightly sweet, I'm the vanilla yogurt that brings joy to any snack or treat. 🍯"
10848211,40.0,,Køkkenartikler,Smørrebrikker,1,3,pk.,Netto,https://static.tilbudsugen.dk/1st-retail/2025/49/64080/Netto492025-1_28_224x3719_1908x6827_zoom.jpg,2025-11-29,2025-12-05,https://res.cloudinary.com/dfqzmnlga/image/upload/v1764415469/2025-11-29/10848211.jpg,Butterfly pieces,"Fluttering through life, one piece at a time. 🌟"
10847861,10.0,Harvest Best,Grøntsager,Helbladet Spinat,1,0,ps.,Netto,https://static.tilbudsugen.dk/1st-retail/2025/49/64080/Netto492025-1_4_2494x3675_4928x6887_zoom.jpg,2025-11-29,2025-12-05,https://res.cloudinary.com/dfqzmnlga/image/upload/v1764415469/2025-11-29/10847861.jpg,Chinese cabbages/pe-tsai,"A bold, fiery chili condenma that never loses its spice—pe-tsai, the fearless vegetable of the kitchen! 🌶️"
10847866,10.0,Harvest Best,Grøntsager,Haricots Verts,1,0,ps.,Netto,https://static.tilbudsugen.dk/1st-retail/2025/49/64080/Netto492025-1_4_2494x3675_4928x6887_zoom.jpg,2025-11-29,2025-12-05,https://res.cloudinary.com/dfqzmnlga/image/upload/v1764415470/2025-11-29/10847866.jpg,Haricots Verts,"Sprout green beans like a secret garden — fresh, vibrant, and ready to surprise! 🌱✨"
10847828,10.0,,Frugt,Clementiner,1,0,bk.,Netto,https://static.tilbudsugen.dk/1st-retail/2025/49/64080/Netto492025-1_2_2375x139_4901x2595_zoom.jpg,2025-11-29,2025-12-05,https://res.cloudinary.com/dfqzmnlga/image/upload/v1764415470/2025-11-29/10847828.jpg,Clementines,"Sweet, juicy, and slightly sour—perfect for a good snack or a sweet moment. 🍐"
10848026,14.0,ØGO,Mel & Melblandinger,Ølands Hvedemel,1,1,pk.,Netto,https://static.tilbudsugen.dk/1st-retail/2025/49/64080/Netto492025-1_15_1951x3909_4929x6879_zoom.jpg,2025-11-29,2025-12-05,https://res.cloudinary.com/dfqzmnlga/image/upload/v1764415470/2025-11-29/10848026.jpg,Island Wheat flour,"Bite-sized bliss, made with love and a sprinkle of adventure. 🌊✨"
10848027,14.0,ØGO,Mel & Melblandinger,Fuldkorns Speltmel,1,1,pk.,Netto,https://static.tilbudsugen.dk/1st-retail/2025/49/64080/Netto492025-1_15_1951x3909_4929x6879_zoom.jpg,2025-11-29,2025-12-05,https://res.cloudinary.com/dfqzmnlga/image/upload/v1764415471/2025-11-29/10848027.jpg,Whole grain spelt flour,"✨ Flaky, hearty, and full of flavor—whole grain spelt flour is the perfect base for any kitchen adventure! 🌾"
10848021,14.0,ØGO,Mel & Melblandinger,Tipo 00 Hvedemel,1,1,pk.,Netto,https://static.tilbudsugen.dk/1st-retail/2025/49/64080/Netto492025-1_15_1951x3909_4929x6879_zoom.jpg,2025-11-29,2025-12-05,https://res.cloudinary.com/dfqzmnlga/image/upload/v1764415472/2025-11-29/10848021.jpg,Tipo 00 Wheat flour,"✨ Flaky, golden, and perfectly balanced — the ultimate base for anything delicious! ✨"
10848025,14.0,ØGO,Mel & Melblandinger,Manitobamel,1,1,pk.,Netto,https://static.tilbudsugen.dk/1st-retail/2025/49/64080/Netto492025-1_15_1951x3909_4929x6879_zoom.jpg,2025-11-29,2025-12-05,https://res.cloudinary.com/dfqzmnlga/image/upload/v1764415472/2025-11-29/10848025.jpg,Manitobamel,Manitobamel: The only one who can make your day brighter with a smile and a bag of joy! 🌟
10847862,10.0,Harvest Best,Grøntsager,Fine Ærter,1,0,ps.,Netto,https://static.tilbudsugen.dk/1st-retail/2025/49/64080/Netto492025-1_4_2494x3675_4928x6887_zoom.jpg,2025-11-29,2025-12-05,https://res.cloudinary.com/dfqzmnlga/image/upload/v1764415473/2025-11-29/10847862.jpg,Fine Peas,"✨ Peas that taste like a sunny day in the kitchen, ready to burst with flavor! 🌞"
10848174,6.0,,Kattefoder,Kattefoder,1,0,ds.,Netto,https://static.tilbudsugen.dk/1st-retail/2025/49/64080/Netto492025-1_25_60x1086_2184x2890_zoom.jpg,2025-11-29,2025-12-05,https://res.cloudinary.com/dfqzmnlga/image/upload/v1764415473/2025-11-29/10848174.jpg,Cat food,🐾 Cat food: the ultimate source of purr-fect energy and cuddle-time! 🐾
10848230,30.0,,Service,Æggebæger,1,2,pk.,Netto,https://static.tilbudsugen.dk/1st-retail/2025/49/64080/Netto492025-1_28_207x257_4834x3754_zoom.jpg,2025-11-29,2025-12-05,https://res.cloudinary.com/dfqzmnlga/image/upload/v1764415474/2025-11-29/10848230.jpg,Egg cup,"✨🥚 Whispers of the morning, delivered directly to your doorstep."
10847960,15.0,ØGO,Grønt,Hokkaidogræskar,1,1,stk.,Netto,https://static.tilbudsugen.dk/1st-retail/2025/49/64080/Netto492025-1_12_2659x3210_4955x4971_zoom.jpg,2025-11-29,2025-12-05,https://res.cloudinary.com/dfqzmnlga/image/upload/v1764415474/2025-11-29/10847960.jpg,Hokkaido pumpkin,"✨ Hokkaido pumpkin: Sweet, spicy, and always ready to bring a smile to your kitchen! 🌟"
10847872,15.0,ØGO,Grønt,Hvidkål,1,1,stk.,Netto,https://static.tilbudsugen.dk/1st-retail/2025/49/64080/Netto492025-1_5_3654x3248_4949x5030_zoom.jpg,2025-11-29,2025-12-05,https://res.cloudinary.com/dfqzmnlga/image/upload/v1764415475/2025-11-29/10847872.jpg,White cabbages,"Crispy, green, and perfectly round—my favorite vegetable for a quick, healthy snack! 🥬"
10847868,12.0,Samsø Syltefabrik,Grønt-syltet,Rødkål-syltet,1,0,gl.,Netto,https://static.tilbudsugen.dk/1st-retail/2025/49/64080/Netto492025-1_5_2537x1435_3686x3103_zoom.jpg,2025-11-29,2025-12-05,https://res.cloudinary.com/dfqzmnlga/image/upload/v1764415475/2025-11-29/10847868.jpg,Red cabbage pickled,"Red cabbage pickled: spicy, tangy, and ready to spark a conversation. 🍅"
10848054,25.0,Heinz,Ketchup,Ketchup,1,1,fl.,Netto,https://static.tilbudsugen.dk/1st-retail/2025/49/64080/Netto492025-1_19_2909x4781_4808x6879_zoom.jpg,2025-11-29,2025-12-05,https://res.cloudinary.com/dfqzmnlga/image/upload/v1764415476/2025-11-29/10848054.jpg,Ketchup,"Sour, sweet, and unstoppable — the king of flavor, ready to conquer your taste buds! 🍐"
10848117,19.0,16 serie,Juice,Æblejuice,1,1,krt.,Netto,https://static.tilbudsugen.dk/1st-retail/2025/49/64080/Netto492025-1_22_95x2882_2512x4893_zoom.jpg,2025-11-29,2025-12-05,https://res.cloudinary.com/dfqzmnlga/image/upload/v1764415476/2025-11-29/10848117.jpg,Apple juice,"Sip, savor, and smile—apple juice is the perfect refreshment! 🍎✨"
10848118,19.0,16 serie,Juice,Appelsinjuice Søde,1,1,krt.,Netto,https://static.tilbudsugen.dk/1st-retail/2025/49/64080/Netto492025-1_22_95x2882_2512x4893_zoom.jpg,2025-11-29,2025-12-05,https://res.cloudinary.com/dfqzmnlga/image/upload/v1764415477/2025-11-29/10848118.jpg,Orange juice Sweetie,"🍊✨ The sweetest sip of sunshine, ready to boost your day!"
10848119,19.0,16 serie,Juice,Multifrugtjuice,1,1,krt.,Netto,https://static.tilbudsugen.dk/1st-retail/2025/49/64080/Netto492025-1_22_95x2882_2512x4893_zoom.jpg,2025-11-29,2025-12-05,https://res.cloudinary.com/dfqzmnlga/image/upload/v1764415477/2025-11-29/10848119.jpg,Multi fruit juice,Tropical twist in every sip — juice that's never boring! 🍊
10847813,9.0,Kohberg,Boller & Morgenbrød,Yoghurtboller,1,0,ps.,Netto,https://static.tilbudsugen.dk/1st-retail/2025/49/64080/Netto492025-1_1_38x4593_2521x6795_zoom.jpg,2025-11-29,2025-12-05,https://res.cloudinary.com/dfqzmnlga/image/upload/v1764415478/2025-11-29/10847813.jpg,Yogurt balls,"Savory, sweet, and slightly tangy—perfect for a quick snack or a mood booster! 🍯"
10848187,99.0,Raakraft,Hundefoder,Hundefoder,1,5,sæk,Netto,https://static.tilbudsugen.dk/1st-retail/2025/49/64080/Netto492025-1_25_3298x4885_4843x6879_zoom.jpg,2025-11-29,2025-12-05,https://res.cloudinary.com/dfqzmnlga/image/upload/v1764415478/2025-11-29/10848187.jpg,Dog feed,"Hungry for fun? I'm the dog feed, always ready to wag your tail and make your day brighter! 🐾"
10848109,10.0,ElleBryg Jul,Alkoholfrie Øl,Øl - Alkoholfri,1,0,fl.,Netto,https://static.tilbudsugen.dk/1st-retail/2025/49/64080/Netto492025-1_22_129x922_4981x2994_zoom.jpg,2025-11-29,2025-12-05,https://res.cloudinary.com/dfqzmnlga/image/upload/v1764415479/2025-11-29/10848109.jpg,Beer - Alcohol Free,"Sip, savor, and skip the rules—just pure beer, no alcohol. 🍻"
10847837,20.0,Cheasy,Syrnet morgenmad,Naturel Skyr ,1,1,bg.,Netto,https://static.tilbudsugen.dk/1st-retail/2025/49/64080/Netto492025-1_2_16x4695_2445x6865_zoom.jpg,2025-11-29,2025-12-05,https://res.cloudinary.com/dfqzmnlga/image/upload/v1764415480/2025-11-29/10847837.jpg,Natural Skyr,Skyr that's sky-high in flavor and sky-blue in color! 🌌✨
10847838,20.0,Cheasy,Syrnet morgenmad,Mango & Lime Skyr ,1,1,bg.,Netto,https://static.tilbudsugen.dk/1st-retail/2025/49/64080/Netto492025-1_2_16x4695_2445x6865_zoom.jpg,2025-11-29,2025-12-05,https://res.cloudinary.com/dfqzmnlga/image/upload/v1764415480/2025-11-29/10847838.jpg,Mango & Lime Skyr,"Sweet, tangy, and creamy — the perfect blend of mango and lime in a skyr dream. 🌟"
10848286,40.0,,Service,Børneservice,1,2,pk.,Netto,https://static.tilbudsugen.dk/1st-retail/2025/49/64080/Netto492025-1_32_302x594_4921x5057_zoom.jpg,2025-11-29,2025-12-05,https://res.cloudinary.com/dfqzmnlga/image/upload/v1764415480/2025-11-29/10848286.jpg,Child care services,✨ Child care services that make every day a little brighter! 🌟
10847836,20.0,Cheasy,Syrnet morgenmad,Skovbær Skyr ,1,1,bg.,Netto,https://static.tilbudsugen.dk/1st-retail/2025/49/64080/Netto492025-1_2_16x4695_2445x6865_zoom.jpg,2025-11-29,2025-12-05,https://res.cloudinary.com/dfqzmnlga/image/upload/v1764415481/2025-11-29/10847836.jpg,Blackberries Clover,"A sweet, bold, and berry-laden love letter to the season — 🍓✨"
10848166,10.0,at home CLEAN,Opvask,Afspændingsmiddel,1,0,fl.,Netto,https://static.tilbudsugen.dk/1st-retail/2025/49/64080/Netto492025-1_24_86x4807_1744x6879_zoom.jpg,2025-11-29,2025-12-05,https://res.cloudinary.com/dfqzmnlga/image/upload/v1764415482/2025-11-29/10848166.jpg,Lightning agent,"⚡ Charge the day with energy, one lightning strike at a time. 🌩️"
10848110,10.0,Christmas IPA,Specialøl,Specialøl,1,0,fl.,Netto,https://static.tilbudsugen.dk/1st-retail/2025/49/64080/Netto492025-1_22_129x922_4981x2994_zoom.jpg,2025-11-29,2025-12-05,https://res.cloudinary.com/dfqzmnlga/image/upload/v1764415482/2025-11-29/10848110.jpg,Special beer,"✨ Brewed for the bold, poured for the wild. 🍻"
10848121,10.0,NældeBryg,Specialøl,Specialøl,1,0,fl.,Netto,https://static.tilbudsugen.dk/1st-retail/2025/49/64080/Netto492025-1_22_129x922_4981x2994_zoom.jpg,2025-11-29,2025-12-05,https://res.cloudinary.com/dfqzmnlga/image/upload/v1764415483/2025-11-29/10848121.jpg,Special beer,"🍺✨ One sip, one revelation—special beer, always. 🍻"
10848124,10.0,HumleBryg,Specialøl,Specialøl,1,0,fl.,Netto,https://static.tilbudsugen.dk/1st-retail/2025/49/64080/Netto492025-1_22_129x922_4981x2994_zoom.jpg,2025-11-29,2025-12-05,https://res.cloudinary.com/dfqzmnlga/image/upload/v1764415483/2025-11-29/10848124.jpg,Special beer,"✨ Brewed for the bold, poured for the daring. 🍻"
10847958,20.0,Pink lady,Frugt,Æbler,1,1,bk.,Netto,https://static.tilbudsugen.dk/1st-retail/2025/49/64080/Netto492025-1_12_35x576_4964x3374_zoom.jpg,2025-11-29,2025-12-05,https://res.cloudinary.com/dfqzmnlga/image/upload/v1764415483/2025-11-29/10847958.jpg,Apples,"Red, juicy, and ready to crush your day—apples! 🍎"
10847835,20.0,Cheasy,Syrnet morgenmad,Vanilje Skyr ,1,1,bg.,Netto,https://static.tilbudsugen.dk/1st-retail/2025/49/64080/Netto492025-1_2_16x4695_2445x6865_zoom.jpg,2025-11-29,2025-12-05,https://res.cloudinary.com/dfqzmnlga/image/upload/v1764415484/2025-11-29/10847835.jpg,Vanilla Skyr,"Savory, creamy, and slightly sweet – the perfect cup of vanilla skyr to elevate any morning. 🍯"
10847860,10.0,Harvest Best,Grøntsager,Wok Mix,1,0,ps.,Netto,https://static.tilbudsugen.dk/1st-retail/2025/49/64080/Netto492025-1_4_2494x3675_4928x6887_zoom.jpg,2025-11-29,2025-12-05,https://res.cloudinary.com/dfqzmnlga/image/upload/v1764415484/2025-11-29/10847860.jpg,Wok Mix,🔥 Stir-fry your day with Wok Mix – where flavors collide and chaos is the new normal! 🍳
10848111,10.0,Christmas Ale,Specialøl,Specialøl,1,0,fl.,Netto,https://static.tilbudsugen.dk/1st-retail/2025/49/64080/Netto492025-1_22_129x922_4981x2994_zoom.jpg,2025-11-29,2025-12-05,https://res.cloudinary.com/dfqzmnlga/image/upload/v1764415485/2025-11-29/10848111.jpg,Special beer,"✨ Brewed for the bold, poured for the curious. 🍻"
10848122,10.0,AhornBryg,Alkoholfrie Øl,Øl - Alkoholfri,1,0,fl.,Netto,https://static.tilbudsugen.dk/1st-retail/2025/49/64080/Netto492025-1_22_129x922_4981x2994_zoom.jpg,2025-11-29,2025-12-05,https://res.cloudinary.com/dfqzmnlga/image/upload/v1764415485/2025-11-29/10848122.jpg,Beer - Alcohol Free,"Sip, savor, and stay sober — the beer that keeps it all going. 🍻"
10848123,10.0,BøgeBryg,Specialøl,Specialøl,1,0,fl.,Netto,https://static.tilbudsugen.dk/1st-retail/2025/49/64080/Netto492025-1_22_129x922_4981x2994_zoom.jpg,2025-11-29,2025-12-05,https://res.cloudinary.com/dfqzmnlga/image/upload/v1764415486/2025-11-29/10848123.jpg,Special beer,"✨ Brewed for the bold, poured for the thrill. 🍻"
10848165,10.0,Vel,Opvask,Opvaskemiddel,1,0,fl.,Netto,https://static.tilbudsugen.dk/1st-retail/2025/49/64080/Netto492025-1_24_86x4807_1744x6879_zoom.jpg,2025-11-29,2025-12-05,https://res.cloudinary.com/dfqzmnlga/image/upload/v1764415486/2025-11-29/10848165.jpg,Dishwasher,"✨ Clean up the mess, leave the chaos behind. 🧼"
10847920,20.0,Bagernes Bedste,Rugbrød i Skiver,Rugbrødsskiver,1,0,pk.,Netto,https://static.tilbudsugen.dk/1st-retail/2025/49/64080/Netto492025-1_7_121x2510_1735x4677_zoom.jpg,2025-11-29,2025-12-05,https://res.cloudinary.com/dfqzmnlga/image/upload/v1764415487/2025-11-29/10847920.jpg,Rye bread slices,"Soft, sturdy rye bread slices, ready to slice into adventures. 🍞"
10848062,10.0,Harvest Best,Grønt,Kartofler,1,0,gl.,Netto,https://static.tilbudsugen.dk/1st-retail/2025/49/64080/Netto492025-1_19_414x4945_2719x6775_zoom.jpg,2025-11-29,2025-12-05,https://res.cloudinary.com/dfqzmnlga/image/upload/v1764415487/2025-11-29/10848062.jpg,Potatoes,"I'm the root of many meals, always humble and hearty, 🧄"
10848184,70.0,Raakraft,Kattefoder,Kattefoder,1,3,sæk,Netto,https://static.tilbudsugen.dk/1st-retail/2025/49/64080/Netto492025-1_25_1683x4807_3332x6879_zoom.jpg,2025-11-29,2025-12-05,https://res.cloudinary.com/dfqzmnlga/image/upload/v1764415488/2025-11-29/10848184.jpg,Cat food,"Meow-sational munching, perfect for a rainy day! 🐾"
10847852,8.0,Ama,Madlavning friskvarer,Madlavningsfløde 4%,1,0,krt.,Netto,https://static.tilbudsugen.dk/1st-retail/2025/49/64080/Netto492025-1_4_22x587_2445x3524_zoom.jpg,2025-11-29,2025-12-05,https://res.cloudinary.com/dfqzmnlga/image/upload/v1764415488/2025-11-29/10847852.jpg,Cooking cream 4%,Savor the flavor of everyday adventures with a dash of cream. 🍲
10847871,8.0,Ama,Madlavning friskvarer,Madlavningsfløde 15 %,1,0,krt.,Netto,https://static.tilbudsugen.dk/1st-retail/2025/49/64080/Netto492025-1_5_2504x3481_3735x4981_zoom.jpg,2025-11-29,2025-12-05,https://res.cloudinary.com/dfqzmnlga/image/upload/v1764415488/2025-11-29/10847871.jpg,Cooking cream 15 %,Savor the flavor of adventure with every spoonful—*chef's kiss*!
10847888,8.0,Ama,Madlavning friskvarer,Madlavningsfløde 7 %,1,0,krt.,Netto,https://static.tilbudsugen.dk/1st-retail/2025/49/64080/Netto492025-1_4_22x587_2445x3524_zoom.jpg,2025-11-29,2025-12-05,https://res.cloudinary.com/dfqzmnlga/image/upload/v1764415489/2025-11-29/10847888.jpg,Cooking cream 7 per cent,Sooapy sauce with a twist — perfect for cooking up a storm! 🍳✨
10847889,8.0,Ama,Madlavning friskvarer,Madlavningsfløde 15 %,1,0,krt.,Netto,https://static.tilbudsugen.dk/1st-retail/2025/49/64080/Netto492025-1_4_22x587_2445x3524_zoom.jpg,2025-11-29,2025-12-05,https://res.cloudinary.com/dfqzmnlga/image/upload/v1764415490/2025-11-29/10847889.jpg,Cooking cream 15 %,✨ Whisking wonders into every dish with a dash of flair! ✨
10847863,10.0,Harvest Best,Grøntsager,Mukimame Bønner,1,0,ps.,Netto,https://static.tilbudsugen.dk/1st-retail/2025/49/64080/Netto492025-1_4_2494x3675_4928x6887_zoom.jpg,2025-11-29,2025-12-05,https://res.cloudinary.com/dfqzmnlga/image/upload/v1764415490/2025-11-29/10847863.jpg,Mukimame Beans,✨ Savor the crunch of joy with every bite of mukimame beans! 🌟
10848105,25.0,Curré,Gløgg,Gløgg,1,1,krt.,Netto,https://static.tilbudsugen.dk/1st-retail/2025/49/64080/Netto492025-1_21_3453x4401_4921x6853_zoom.jpg,2025-11-29,2025-12-05,https://res.cloudinary.com/dfqzmnlga/image/upload/v1764415491/2025-11-29/10848105.jpg,Turnips,"Turnips: I'm the root of winter's secret, crisp and bold, ready to turn your day into a delicious surprise! 🥕"
10848159,20.0,Klorin,Rengøringsmidler,Klor,1,0,fl.,Netto,https://static.tilbudsugen.dk/1st-retail/2025/49/64080/Netto492025-1_24_1657x4833_3367x6836_zoom.jpg,2025-11-29,2025-12-05,https://res.cloudinary.com/dfqzmnlga/image/upload/v1764415491/2025-11-29/10848159.jpg,Chlorine,"Clarity, disinfect, and a dash of spark—because cleanliness is key! 🌟"
10848042,20.0,Bell's,Müsli & Granola,Granola,1,0,ps.,Netto,https://static.tilbudsugen.dk/1st-retail/2025/49/64080/Netto492025-1_18_2443x810_4851x3874_zoom.jpg,2025-11-29,2025-12-05,https://res.cloudinary.com/dfqzmnlga/image/upload/v1764415492/2025-11-29/10848042.jpg,Granola,"✨ Crunchy, sweet, and ready to conquer your day! ✨"
10847975,24.0,innocent,Juice,Appelsinjuice med frugtkød,1,0,fl.,Netto,https://static.tilbudsugen.dk/1st-retail/2025/49/64080/Netto492025-1_13_2391x4850_4938x6879_zoom.jpg,2025-11-29,2025-12-05,https://res.cloudinary.com/dfqzmnlga/image/upload/v1764415493/2025-11-29/10847975.jpg,Fruit-flesh orange juice,"Sip, savor, and spill—because every drop is a flavor burst! 🍊"
10847974,24.0,innocent,Juice,"Ananas, jordbær & æblejuice",1,0,fl.,Netto,https://static.tilbudsugen.dk/1st-retail/2025/49/64080/Netto492025-1_13_2391x4850_4938x6879_zoom.jpg,2025-11-29,2025-12-05,https://res.cloudinary.com/dfqzmnlga/image/upload/v1764415494/2025-11-29/10847974.jpg,"Pineapples, strawberries & apple juice","Pineapple paradise and strawberry joy, served with a splash of apple juice—perfect for a sunny day. 🍍🍓 juice 🍑"
10847977,24.0,innocent,Juice,"Æblejuice, Druer, Pære & Granatæble",1,0,fl.,Netto,https://static.tilbudsugen.dk/1st-retail/2025/49/64080/Netto492025-1_13_2391x4850_4938x6879_zoom.jpg,2025-11-29,2025-12-05,https://res.cloudinary.com/dfqzmnlga/image/upload/v1764415494/2025-11-29/10847977.jpg,"Apple juice, Grapes, Pear & Pomegranate","Juice, grapes, and pomegranate — nature's sweet symphony. 🍎🍇✨"
10847972,24.0,innocent,Juice,"Æblejuice, Hindbær",1,0,fl.,Netto,https://static.tilbudsugen.dk/1st-retail/2025/49/64080/Netto492025-1_13_2391x4850_4938x6879_zoom.jpg,2025-11-29,2025-12-05,https://res.cloudinary.com/dfqzmnlga/image/upload/v1764415494/2025-11-29/10847972.jpg,"Apple juice, Raspberry",Tropical fruit smoothie lover | 🍐🍓
10847971,24.0,innocent,Juice,Tropisk Juice,1,0,fl.,Netto,https://static.tilbudsugen.dk/1st-retail/2025/49/64080/Netto492025-1_13_2391x4850_4938x6879_zoom.jpg,2025-11-29,2025-12-05,https://res.cloudinary.com/dfqzmnlga/image/upload/v1764415495/2025-11-29/10847971.jpg,Tropical Juice,Sip on the vibrant taste of the world—Tropical Juice 🍋
10847973,24.0,innocent,Juice,Æblejuice,1,0,fl.,Netto,https://static.tilbudsugen.dk/1st-retail/2025/49/64080/Netto492025-1_13_2391x4850_4938x6879_zoom.jpg,2025-11-29,2025-12-05,https://res.cloudinary.com/dfqzmnlga/image/upload/v1764415496/2025-11-29/10847973.jpg,Apple juice,"Tropical twist on a classic: ""Sip on the sweet, zesty joy of life—because every drop is a flavor adventure."" 🍎✨"
10847976,24.0,innocent,Juice,Appelsinjuice Gulerod,1,0,fl.,Netto,https://static.tilbudsugen.dk/1st-retail/2025/49/64080/Netto492025-1_13_2391x4850_4938x6879_zoom.jpg,2025-11-29,2025-12-05,https://res.cloudinary.com/dfqzmnlga/image/upload/v1764415496/2025-11-29/10847976.jpg,Orange juice Carrot,"Citrusy and crunchy, I'm the perfect mix of refresh and energy — just don't ask me to explain my flavor profile. 🍊 carrots"
10847959,14.0,,Grønt,Cocktailtomater,1,0,bk.,Netto,https://static.tilbudsugen.dk/1st-retail/2025/49/64080/Netto492025-1_12_35x3400_2443x5031_zoom.jpg,2025-11-29,2025-12-05,https://res.cloudinary.com/dfqzmnlga/image/upload/v1764415497/2025-11-29/10847959.jpg,Cocktail tomatoes,"Sip, savor, and spin—my flavor is legendary. 🍹"
10848020,14.0,ØGO,Koncentreret Saft,Hyldeblomstdrik,1,0,fl.,Netto,https://static.tilbudsugen.dk/1st-retail/2025/49/64080/Netto492025-1_15_2124x1958_4083x4617_zoom.jpg,2025-11-29,2025-12-05,https://res.cloudinary.com/dfqzmnlga/image/upload/v1764415497/2025-11-29/10848020.jpg,Golden flower potion,✨ Bloom your day with a golden potion that makes every moment shine! 🌸
10847918,10.0,Klassisk Bacon,Postej og Paté,Leverpostej,1,0,pk.,Netto,https://static.tilbudsugen.dk/1st-retail/2025/49/64080/Netto492025-1_7_3289x2821_4955x4712_zoom.jpg,2025-11-29,2025-12-05,https://res.cloudinary.com/dfqzmnlga/image/upload/v1764415498/2025-11-29/10847918.jpg,Liver pie,"Craving a hearty, spicy treat that's both satisfying and slightly smoky? I'm liver pie. 🍲"
10849012,59.0,EverLast,Herretøj,Boxershorts,1,2,pk.,Netto,https://static.tilbudsugen.dk/1st-retail/2025/49/64080/Netto492025-1_37_3295x4623_4669x6813_zoom.jpg,2025-11-29,2025-12-05,https://res.cloudinary.com/dfqzmnlga/image/upload/v1764415498/2025-11-29/10849012.jpg,Boxers shorts,"🔥 Shorts that make you feel unstoppable, one step at a time! 🌟"
10847931,89.0,Bistronne,Fjerkræ,And,1,3,stk.,Netto,https://static.tilbudsugen.dk/1st-retail/2025/49/64080/Netto492025-1_8_3203x378_4895x2977_zoom.jpg,2025-11-29,2025-12-05,https://res.cloudinary.com/dfqzmnlga/image/upload/v1764415499/2025-11-29/10847931.jpg,Duck,"I'm a duck who loves to splash and swim in the pool, but I also love to cook and share tasty meals with friends. 🐦"
10847962,15.0,,Grønt,Peberfrugt,1,0,ps.,Netto,https://static.tilbudsugen.dk/1st-retail/2025/49/64080/Netto492025-1_12_60x5152_2616x6896_zoom.jpg,2025-11-29,2025-12-05,https://res.cloudinary.com/dfqzmnlga/image/upload/v1764415499/2025-11-29/10847962.jpg,Pepper,"🔥 Pepper, the spice that turns平凡 into extraordinary! 🌟"
10847963,5.0,Yoggi,Mellemmåltider,Yoghurt Vanilje Med Müsli Top,1,0,bg.,Netto,https://static.tilbudsugen.dk/1st-retail/2025/49/64080/Netto492025-1_13_35x792_2598x2899_zoom.jpg,2025-11-29,2025-12-05,https://res.cloudinary.com/dfqzmnlga/image/upload/v1764415500/2025-11-29/10847963.jpg,Yogurt Vanilla With Müsli Top,"Sipping on a sweet, creamy treat with a sprinkle of joy—Yogurt Vanilla With Müsli Top. 🍯✨"
10847964,5.0,Yoggi,Mellemmåltider,Yoghurt Appelsin Med Müsli Top,1,0,bg.,Netto,https://static.tilbudsugen.dk/1st-retail/2025/49/64080/Netto492025-1_13_35x792_2598x2899_zoom.jpg,2025-11-29,2025-12-05,https://res.cloudinary.com/dfqzmnlga/image/upload/v1764415500/2025-11-29/10847964.jpg,Yogurt Orange With Müsli Top,"✨ Yogurt Orange With Müsli Top – sweet, tangy, and crunchy in every bite! 🍯"
10847967,25.0,Actimel,Mellemmåltider,Drikkeyoghurt Jordbær & Banan,1,0,pk.,Netto,https://static.tilbudsugen.dk/1st-retail/2025/49/64080/Netto492025-1_13_2426x732_4877x2925_zoom.jpg,2025-11-29,2025-12-05,https://res.cloudinary.com/dfqzmnlga/image/upload/v1764415501/2025-11-29/10847967.jpg,Drinking yogurt Strawberry & Banana,Savoring the sweetest blend of strawberry and banana in every sip—nature's perfect snack. 🍓🍌
10847965,25.0,Actimel,Mellemmåltider,Drikkeyoghurt Jordbær,1,0,pk.,Netto,https://static.tilbudsugen.dk/1st-retail/2025/49/64080/Netto492025-1_13_2426x732_4877x2925_zoom.jpg,2025-11-29,2025-12-05,https://res.cloudinary.com/dfqzmnlga/image/upload/v1764415501/2025-11-29/10847965.jpg,Drinking yoghurt Strawberry,"Sip, swirl, and conquer with a tangy twist—strawberry yogurt is the ultimate flavor explosion! 🍓✨"
10847966,25.0,Actimel,Mellemmåltider,Drikkeyoghurt Multifrugt,1,0,pk.,Netto,https://static.tilbudsugen.dk/1st-retail/2025/49/64080/Netto492025-1_13_2426x732_4877x2925_zoom.jpg,2025-11-29,2025-12-05,https://res.cloudinary.com/dfqzmnlga/image/upload/v1764415502/2025-11-29/10847966.jpg,Drinking yoghurt Multifruit,"Sip, snack, and savor—my flavor is everywhere! 🍯✨"
10847874,8.0,La Campagna,Fersk pasta,Tagliolini Naturel,1,0,pk.,Netto,https://static.tilbudsugen.dk/1st-retail/2025/49/64080/Netto492025-1_5_2510x5467_3697x6887_zoom.jpg,2025-11-29,2025-12-05,https://res.cloudinary.com/dfqzmnlga/image/upload/v1764415502/2025-11-29/10847874.jpg,Tagliolini Naturel,"Sleek, creamy tagliolini that dance in the sauce like a secret lover—perfect for a bold, flavorful meal. 🍝✨"
10847907,12.0,Graasten,Remoulade,Remoulade,1,0,stk.,Netto,https://static.tilbudsugen.dk/1st-retail/2025/49/64080/Netto492025-1_6_3237x4738_4877x6844_zoom.jpg,2025-11-29,2025-12-05,https://res.cloudinary.com/dfqzmnlga/image/upload/v1764415503/2025-11-29/10847907.jpg,Remoulades,"Sour, spicy, and slightly tangy — the perfect blend of flavors in every bite. 🍹"
10847908,12.0,Graasten,Mayonnaise,Mayonnaise,1,0,stk.,Netto,https://static.tilbudsugen.dk/1st-retail/2025/49/64080/Netto492025-1_6_3237x4738_4877x6844_zoom.jpg,2025-11-29,2025-12-05,https://res.cloudinary.com/dfqzmnlga/image/upload/v1764415503/2025-11-29/10847908.jpg,Mayonnaise,"Spread the flavor, not the fear — I'm the mayo that turns salads into slaps and sandwiches into sensations. 🍲"
10847948,16.0,Rød Lager,Specialøl,Specialøl,1,0,fl.,Netto,https://static.tilbudsugen.dk/1st-retail/2025/49/64080/Netto492025-1_11_2572x0_4886x2191_zoom.jpg,2025-11-29,2025-12-05,https://res.cloudinary.com/dfqzmnlga/image/upload/v1764415504/2025-11-29/10847948.jpg,Special beer,"✨ Brewed for the bold, poured for the fearless. 🍻"
10847949,16.0,American Pale Ale,Specialøl,Specialøl,1,0,fl.,Netto,https://static.tilbudsugen.dk/1st-retail/2025/49/64080/Netto492025-1_11_2572x0_4886x2191_zoom.jpg,2025-11-29,2025-12-05,https://res.cloudinary.com/dfqzmnlga/image/upload/v1764415505/2025-11-29/10847949.jpg,Special beer,"🔥 Brewed for the bold, poured for the thrill—special beer, ready to turn every day into a celebration. 🍻"
10847969,24.0,innocent,Juice,Juicy Refresher Hindbær & Solbær,1,0,fl.,Netto,https://static.tilbudsugen.dk/1st-retail/2025/49/64080/Netto492025-1_13_2391x4850_4938x6879_zoom.jpg,2025-11-29,2025-12-05,https://res.cloudinary.com/dfqzmnlga/image/upload/v1764415505/2025-11-29/10847969.jpg,Juicy Refresher Raspberry & Blackcurrant,✨ Refresh your taste buds with a burst of juicy raspberry and blackcurrant! 🍓🍒
10847970,24.0,Inner Winner,Juice,Multifrugtjuice,1,0,fl.,Netto,https://static.tilbudsugen.dk/1st-retail/2025/49/64080/Netto492025-1_13_2391x4850_4938x6879_zoom.jpg,2025-11-29,2025-12-05,https://res.cloudinary.com/dfqzmnlga/image/upload/v1764415506/2025-11-29/10847970.jpg,Multi fruit juice,"Sip, savor, and splash—nature's best blend in every drink! 🍊🥤"
10848170,10.0,Fabulosa ,Rengøringsmidler,Rengøring - universal,1,0,stk.,Netto,https://static.tilbudsugen.dk/1st-retail/2025/49/64080/Netto492025-1_24_86x4807_1744x6879_zoom.jpg,2025-11-29,2025-12-05,https://res.cloudinary.com/dfqzmnlga/image/upload/v1764415506/2025-11-29/10848170.jpg,Cleaning - universal,"✨ Clean vibes, no matter the chaos! ✨"
10848008,25.0,Premier,Is,Skumfidus is,1,0,bg.,Netto,https://static.tilbudsugen.dk/1st-retail/2025/49/64080/Netto492025-1_14_17x4885_1709x6827_zoom.jpg,2025-11-29,2025-12-05,https://res.cloudinary.com/dfqzmnlga/image/upload/v1764415506/2025-11-29/10848008.jpg,Foamfish ice cream,"Sip on the ocean's delight, frozen in a creamy surprise — Foamfish ice cream 🌊🍦"
10848011,25.0,Premier,Is,Lynstang is,1,0,bg.,Netto,https://static.tilbudsugen.dk/1st-retail/2025/49/64080/Netto492025-1_14_17x4885_1709x6827_zoom.jpg,2025-11-29,2025-12-05,https://res.cloudinary.com/dfqzmnlga/image/upload/v1764415507/2025-11-29/10848011.jpg,Lightning bar ice,⚡ Sparkle with lightning in every bite! 🌟
10848289,69.0,,Opbevaring,Opbevaringskurv,1,2,pk.,Netto,https://static.tilbudsugen.dk/1st-retail/2025/49/64080/Netto492025-1_32_345x5049_2512x6758_zoom.jpg,2025-11-29,2025-12-05,https://res.cloudinary.com/dfqzmnlga/image/upload/v1764415507/2025-11-29/10848289.jpg,Storage Basket,"✨Storage Basket: Organize your chaos, one item at a time!✨"
10848113,26.0,Juicy IPA,Specialøl,Specialøl,1,0,fl.,Netto,https://static.tilbudsugen.dk/1st-retail/2025/49/64080/Netto492025-1_22_2478x2778_4972x4910_zoom.jpg,2025-11-29,2025-12-05,https://res.cloudinary.com/dfqzmnlga/image/upload/v1764415508/2025-11-29/10848113.jpg,Special beer,"✨ Brewed for the bold, poured for the brave. 🍻"
10848116,26.0,Brassin De Noél,Specialøl,Specialøl,1,0,fl.,Netto,https://static.tilbudsugen.dk/1st-retail/2025/49/64080/Netto492025-1_22_2478x2778_4972x4910_zoom.jpg,2025-11-29,2025-12-05,https://res.cloudinary.com/dfqzmnlga/image/upload/v1764415508/2025-11-29/10848116.jpg,Special beer,"✨ Brewed for the bold, poured for the thrill. 🍻"
10848114,26.0,Yakima IPA,Specialøl,Specialøl,1,0,fl.,Netto,https://static.tilbudsugen.dk/1st-retail/2025/49/64080/Netto492025-1_22_2478x2778_4972x4910_zoom.jpg,2025-11-29,2025-12-05,https://res.cloudinary.com/dfqzmnlga/image/upload/v1764415509/2025-11-29/10848114.jpg,Special beer,"✨ Brewed for the bold, poured for the daring. 🍻"
10848112,26.0,Brown Ale,Specialøl,Specialøl,1,0,fl.,Netto,https://static.tilbudsugen.dk/1st-retail/2025/49/64080/Netto492025-1_22_2478x2778_4972x4910_zoom.jpg,2025-11-29,2025-12-05,https://res.cloudinary.com/dfqzmnlga/image/upload/v1764415509/2025-11-29/10848112.jpg,Special beer,"✨ Brewed for the bold, poured for the thrill. 🍻"
10848115,26.0,Saaz Blonde,Specialøl,Specialøl,1,0,fl.,Netto,https://static.tilbudsugen.dk/1st-retail/2025/49/64080/Netto492025-1_22_2478x2778_4972x4910_zoom.jpg,2025-11-29,2025-12-05,https://res.cloudinary.com/dfqzmnlga/image/upload/v1764415510/2025-11-29/10848115.jpg,Special beer,"✨ Brewed for the bold, poured for the brave. 🍻"
10847864,10.0,Harvest Best,Grønt,Majs,1,0,ds.,Netto,https://static.tilbudsugen.dk/1st-retail/2025/49/64080/Netto492025-1_4_2494x3675_4928x6887_zoom.jpg,2025-11-29,2025-12-05,https://res.cloudinary.com/dfqzmnlga/image/upload/v1764415510/2025-11-29/10847864.jpg,Maize,"Big maize, bold and bouncy, ready to burst into a feast! 🌾✨"
10848132,109.0,,Australske vine,Australsk Rødvin,1,3,krt.,Netto,https://static.tilbudsugen.dk/1st-retail/2025/49/64080/Netto492025-1_23_3246x4824_4869x6836_zoom.jpg,2025-11-29,2025-12-05,https://res.cloudinary.com/dfqzmnlga/image/upload/v1764415511/2025-11-29/10848132.jpg,Australian Red Wine,"Ripred wine, bold and bold, with a twist of terroir — perfect for a great night out. 🍷"
10848133,109.0,,Australske vine,Australsk Hvidvin,1,3,krt.,Netto,https://static.tilbudsugen.dk/1st-retail/2025/49/64080/Netto492025-1_23_3246x4824_4869x6836_zoom.jpg,2025-11-29,2025-12-05,https://res.cloudinary.com/dfqzmnlga/image/upload/v1764415511/2025-11-29/10848133.jpg,Australian White wine,"Sip on the perfect blend of taste and nostalgia—Australian White wine, just like the memories it brings. 🍷"
10848134,109.0,,Australske vine,Australsk Rosevin,1,3,krt.,Netto,https://static.tilbudsugen.dk/1st-retail/2025/49/64080/Netto492025-1_23_3246x4824_4869x6836_zoom.jpg,2025-11-29,2025-12-05,https://res.cloudinary.com/dfqzmnlga/image/upload/v1764415512/2025-11-29/10848134.jpg,Australian Rosevin,"🌸 Rosevin brings a touch of elegance to any space, blending nature and sophistication with every step."
10848128,10.0,Raspberry,RTD,Raspberry RTD,1,0,fl.,Netto,https://static.tilbudsugen.dk/1st-retail/2025/49/64080/Netto492025-1_22_414x4850_4895x6913_zoom.jpg,2025-11-29,2025-12-05,https://res.cloudinary.com/dfqzmnlga/image/upload/v1764415512/2025-11-29/10848128.jpg,Raspberry RTD,"Raspberry RTD: Sips, spills, and spreads joy with every flavor burst. 🍓"
10848120,10.0,Shaker,RTD,Sport RTD,1,0,fl.,Netto,https://static.tilbudsugen.dk/1st-retail/2025/49/64080/Netto492025-1_22_414x4850_4895x6913_zoom.jpg,2025-11-29,2025-12-05,https://res.cloudinary.com/dfqzmnlga/image/upload/v1764415512/2025-11-29/10848120.jpg,Sport RTD,"Sport RTD: Stay ready, stay sharp, stay unstoppable! 🏋️‍♂️"
10848126,10.0,Hyldeblomst,Ciders,Hyldeblomst Cider,1,0,fl.,Netto,https://static.tilbudsugen.dk/1st-retail/2025/49/64080/Netto492025-1_22_414x4850_4895x6913_zoom.jpg,2025-11-29,2025-12-05,https://res.cloudinary.com/dfqzmnlga/image/upload/v1764415513/2025-11-29/10848126.jpg,Elderflower Cider,✨ Sip on the sweetest summer vibes with a twist of elderflower — perfect for those who love a little sparkle and a refreshing twist. 🍷
10848127,10.0,Original,RTD,Original RTD,1,0,fl.,Netto,https://static.tilbudsugen.dk/1st-retail/2025/49/64080/Netto492025-1_22_414x4850_4895x6913_zoom.jpg,2025-11-29,2025-12-05,https://res.cloudinary.com/dfqzmnlga/image/upload/v1764415513/2025-11-29/10848127.jpg,Original RTD,"Original RTD: Fresh, bold, and always ready to elevate your day 🌟"
10848125,10.0,Shaker,RTD,Original RTD,1,0,fl.,Netto,https://static.tilbudsugen.dk/1st-retail/2025/49/64080/Netto492025-1_22_414x4850_4895x6913_zoom.jpg,2025-11-29,2025-12-05,https://res.cloudinary.com/dfqzmnlga/image/upload/v1764415514/2025-11-29/10848125.jpg,Original RTD,"Original RTD: The flavor that never fades, always fresh and vibrant. 🍵"
10848059,10.0,Popz,Popcorn,Popcorn Salted,1,0,pk.,Netto,https://static.tilbudsugen.dk/1st-retail/2025/49/64080/Netto492025-1_19_112x2890_2547x4928_zoom.jpg,2025-11-29,2025-12-05,https://res.cloudinary.com/dfqzmnlga/image/upload/v1764415514/2025-11-29/10848059.jpg,Popcorn Salted,"Salted popcorn, crispy and cheesy, with a sprinkle of fun. 🍿✨"
10848069,19.0,Dolmio,Saucer,Al Forno Creamy Tomato,1,0,gl.,Netto,https://static.tilbudsugen.dk/1st-retail/2025/49/64080/Netto492025-1_19_43x214_2503x2907_zoom.jpg,2025-11-29,2025-12-05,https://res.cloudinary.com/dfqzmnlga/image/upload/v1764415515/2025-11-29/10848069.jpg,Al Forno Creamy Tomato,"Savoring the perfect blend of creamy richness and tangy sweetness, like a warm slice of Italian heaven. 🍅"
10848070,19.0,Dolmio,Saucer,Bolognese Spicy Chili,1,0,gl.,Netto,https://static.tilbudsugen.dk/1st-retail/2025/49/64080/Netto492025-1_19_43x214_2503x2907_zoom.jpg,2025-11-29,2025-12-05,https://res.cloudinary.com/dfqzmnlga/image/upload/v1764415515/2025-11-29/10848070.jpg,Bolognese Spicy Chili,"🔥 Spicy, bold, and unstoppable — the ultimate flavor explosion in every bite! 🌟"
10848068,19.0,Dolmio,Saucer,Bolognese Krydret,1,0,gl.,Netto,https://static.tilbudsugen.dk/1st-retail/2025/49/64080/Netto492025-1_19_43x214_2503x2907_zoom.jpg,2025-11-29,2025-12-05,https://res.cloudinary.com/dfqzmnlga/image/upload/v1764415516/2025-11-29/10848068.jpg,Bolognese Spicy,🔥 Spicy Bolognese that turns every meal into a celebration! 🍝
10848065,19.0,Dolmio,Saucer,Bolognese Classico,1,0,gl.,Netto,https://static.tilbudsugen.dk/1st-retail/2025/49/64080/Netto492025-1_19_43x214_2503x2907_zoom.jpg,2025-11-29,2025-12-05,https://res.cloudinary.com/dfqzmnlga/image/upload/v1764415516/2025-11-29/10848065.jpg,Bolognese Classico,"A savory masterpiece that never disappoints, with a touch of elegance and a dash of flair—* 🍝*"
10847998,16.0,Hatting,Dybfrost Brød,Surdejsboller,1,0,ps.,Netto,https://static.tilbudsugen.dk/1st-retail/2025/49/64080/Netto492025-1_14_3246x2873_4998x4833_zoom.jpg,2025-11-29,2025-12-05,https://res.cloudinary.com/dfqzmnlga/image/upload/v1764415517/2025-11-29/10847998.jpg,Surdies,✨ Surdies – the only thing that can handle the chaos without a second thought! 🌟
10848010,16.0,Hatting,Dybfrost Brød,Manitobaboller,1,0,ps.,Netto,https://static.tilbudsugen.dk/1st-retail/2025/49/64080/Netto492025-1_14_3246x2873_4998x4833_zoom.jpg,2025-11-29,2025-12-05,https://res.cloudinary.com/dfqzmnlga/image/upload/v1764415517/2025-11-29/10848010.jpg,Manitoba balls,"Savory, sweet, and slightly spicy – Manitoba balls are the perfect snack for any occasion! 🍞"
10848009,16.0,Hatting,Dybfrost Brød,Møllehjul,1,0,ps.,Netto,https://static.tilbudsugen.dk/1st-retail/2025/49/64080/Netto492025-1_14_3246x2873_4998x4833_zoom.jpg,2025-11-29,2025-12-05,https://res.cloudinary.com/dfqzmnlga/image/upload/v1764415518/2025-11-29/10848009.jpg,Mill wheels,"Turns any task into a game — spinning, sliding, and conquering! 🚀"
10848151,69.0,Biotex,Vaskemiddel,Vaskemiddel-flydende,1,1,fl.,Netto,https://static.tilbudsugen.dk/1st-retail/2025/49/64080/Netto492025-1_24_3341x4721_4964x6853_zoom.jpg,2025-11-29,2025-12-05,https://res.cloudinary.com/dfqzmnlga/image/upload/v1764415518/2025-11-29/10848151.jpg,Laundry liquid,Wash your clothes and your mood—just a little bit of me. 🧼✨
10848029,29.75,,Spanske vine,Spansk Rødvin,1,0,fl.,Netto,https://static.tilbudsugen.dk/1st-retail/2025/49/64080/Netto492025-1_16_129x2640_2478x6870_zoom.jpg,2025-11-29,2025-12-05,https://res.cloudinary.com/dfqzmnlga/image/upload/v1764415519/2025-11-29/10848029.jpg,Spanish Red Wine,"Sip, savor, and let the taste tell tales—Spanish Red Wine. 🍷"
10847978,24.0,Kids,Juice,Smoothie,1,0,pk.,Netto,https://static.tilbudsugen.dk/1st-retail/2025/49/64080/Netto492025-1_13_2391x4850_4938x6879_zoom.jpg,2025-11-29,2025-12-05,https://res.cloudinary.com/dfqzmnlga/image/upload/v1764415519/2025-11-29/10847978.jpg,Smoothie,"✨ Smoothie that fuels your day, one sip at a time! 🌟"
10848100,16.0,Bellafonde,Marmelade,Hindbærmarmelade,1,0,stk.,Netto,https://static.tilbudsugen.dk/1st-retail/2025/49/64080/Netto492025-1_21_129x4280_2400x5886_zoom.jpg,2025-11-29,2025-12-05,https://res.cloudinary.com/dfqzmnlga/image/upload/v1764415520/2025-11-29/10848100.jpg,Raspberry jam,"Sweet, tangy, and irresistible — my flavor is everywhere! 🍓"
10848104,16.0,Bellafonde,Marmelade,Solbærmarmelade,1,0,stk.,Netto,https://static.tilbudsugen.dk/1st-retail/2025/49/64080/Netto492025-1_21_129x4280_2400x5886_zoom.jpg,2025-11-29,2025-12-05,https://res.cloudinary.com/dfqzmnlga/image/upload/v1764415520/2025-11-29/10848104.jpg,Blackcurrant jam,Smothering sweet memories in every drop—perfect for a rainy day. 🍬
10848103,16.0,Bellafonde,Marmelade,Jordbærmarmelade,1,0,fl.,Netto,https://static.tilbudsugen.dk/1st-retail/2025/49/64080/Netto492025-1_21_129x4280_2400x5886_zoom.jpg,2025-11-29,2025-12-05,https://res.cloudinary.com/dfqzmnlga/image/upload/v1764415521/2025-11-29/10848103.jpg,Strawberry marmalade,"Smothering sweet memories in every drop—strawberry marmalade, always. 🍓"
10847858,10.0,Harvest Best,Grøntsager,Broccoli Mix,1,0,ps.,Netto,https://static.tilbudsugen.dk/1st-retail/2025/49/64080/Netto492025-1_4_2494x3675_4928x6887_zoom.jpg,2025-11-29,2025-12-05,https://res.cloudinary.com/dfqzmnlga/image/upload/v1764415521/2025-11-29/10847858.jpg,Broccoli Mix,"Sprout up with a twist—crunchy, creamy, and full of flavor! 🥬✨"
10848130,10.0,Breezer,RTD,Zingy Lime RTD,1,0,ds.,Netto,https://static.tilbudsugen.dk/1st-retail/2025/49/64080/Netto492025-1_22_414x4850_4895x6913_zoom.jpg,2025-11-29,2025-12-05,https://res.cloudinary.com/dfqzmnlga/image/upload/v1764415522/2025-11-29/10848130.jpg,Zingy Lime RTD,"Zingy Lime RTD: Squeezed fresh, always ready to elevate your vibe. 🍃"
10848158,20.0,Ajax,Rengøringsmidler,Rengøring - universal,1,0,stk.,Netto,https://static.tilbudsugen.dk/1st-retail/2025/49/64080/Netto492025-1_24_1657x4833_3367x6836_zoom.jpg,2025-11-29,2025-12-05,https://res.cloudinary.com/dfqzmnlga/image/upload/v1764415522/2025-11-29/10848158.jpg,Cleaning - universal,"✨ Clean your space, clean your mind, clean your vibe! 🧼"
10847859,10.0,Harvest Best,Grøntsager,Broccolibuketter,1,0,ps.,Netto,https://static.tilbudsugen.dk/1st-retail/2025/49/64080/Netto492025-1_4_2494x3675_4928x6887_zoom.jpg,2025-11-29,2025-12-05,https://res.cloudinary.com/dfqzmnlga/image/upload/v1764415523/2025-11-29/10847859.jpg,Broccoli bouquets,"A vibrant, colorful burst of green that brings a touch of elegance to any meal, 🌱"
10847867,40.0,Velsmag,Grisekød,Medister,1,1,bk.,Netto,https://static.tilbudsugen.dk/1st-retail/2025/49/64080/Netto492025-1_5_1285x1613_2612x3081_zoom.jpg,2025-11-29,2025-12-05,https://res.cloudinary.com/dfqzmnlga/image/upload/v1764415523/2025-11-29/10847867.jpg,Medists,✨ Medists: The only thing that ever tastes better than your favorite snack. 🍫
10848039,20.0,Bell's,Müsli & Granola,Mysli Rosiner & Æbler,1,0,ps.,Netto,https://static.tilbudsugen.dk/1st-retail/2025/49/64080/Netto492025-1_18_2443x810_4851x3874_zoom.jpg,2025-11-29,2025-12-05,https://res.cloudinary.com/dfqzmnlga/image/upload/v1764415524/2025-11-29/10848039.jpg,Mysli Raisins & Apples,"✨ A sweet blend of thoughts and tangy bites, perfect for any mood. 🍎raisin✨"
10848129,10.0,Breezer,RTD,Zesty Orange RTD,1,0,ds.,Netto,https://static.tilbudsugen.dk/1st-retail/2025/49/64080/Netto492025-1_22_414x4850_4895x6913_zoom.jpg,2025-11-29,2025-12-05,https://res.cloudinary.com/dfqzmnlga/image/upload/v1764415525/2025-11-29/10848129.jpg,Zesty Orange RTD,"Citrus-powered energy boost, delivered in a tangy twist—perfect for your morning routine. 🍊"
10847807,10.0,Rahbek,Fisk og skaldyr Frost ,Indbagt Laks med Spinat og Ostesauce,1,0,pk.,Netto,https://static.tilbudsugen.dk/1st-retail/2025/49/64080/Netto492025-1_1_2537x1991_4933x4571_zoom.jpg,2025-11-29,2025-12-05,https://res.cloudinary.com/dfqzmnlga/image/upload/v1764415525/2025-11-29/10847807.jpg,Baked Salmon with Spinach and Cheese sauce,"Savoring the perfect blend of flavor and freshness, with a touch of creamy satisfaction 🍣"
10848168,10.0,at home CLEAN,Opvask,Maskinrens,1,0,stk.,Netto,https://static.tilbudsugen.dk/1st-retail/2025/49/64080/Netto492025-1_24_86x4807_1744x6879_zoom.jpg,2025-11-29,2025-12-05,https://res.cloudinary.com/dfqzmnlga/image/upload/v1764415525/2025-11-29/10848168.jpg,Machine-cleaning,"✨ Cleaners of the future, wiping away clutter and cluttering away chaos! 🧼"
10848041,20.0,Bell's,Müsli & Granola,Frugt- & nøddemüsli,1,0,ps.,Netto,https://static.tilbudsugen.dk/1st-retail/2025/49/64080/Netto492025-1_18_2443x810_4851x3874_zoom.jpg,2025-11-29,2025-12-05,https://res.cloudinary.com/dfqzmnlga/image/upload/v1764415526/2025-11-29/10848041.jpg,Fruit & Nutdemüsli,"Savory mix of sweet and crunchy, perfect for a quick snack or a healthy breakfast — just add some life to your day! 🍌🌰"
10847941,40.0,Rose,Kylling,Hakket kylling 7-10%,1,1,bk.,Netto,https://static.tilbudsugen.dk/1st-retail/2025/49/64080/Netto492025-1_9_2426x4781_4955x6844_zoom.jpg,2025-11-29,2025-12-05,https://res.cloudinary.com/dfqzmnlga/image/upload/v1764415526/2025-11-29/10847941.jpg,Chicked chicken 7-10%,✨ Chickened chicken 7-10% – the perfect blend of flavor and fun! 🥩
10847983,20.0,Puck,Madlavningsost,Salatost,1,0,stk.,Netto,https://static.tilbudsugen.dk/1st-retail/2025/49/64080/Netto492025-1_13_17x2942_2521x4798_zoom.jpg,2025-11-29,2025-12-05,https://res.cloudinary.com/dfqzmnlga/image/upload/v1764415527/2025-11-29/10847983.jpg,Salad cheese,"Savor the crunch of flavor, one bite at a time. 🍅✨"
10848038,20.0,Bell's,Müsli & Granola,Granola Triple Choco,1,0,ps.,Netto,https://static.tilbudsugen.dk/1st-retail/2025/49/64080/Netto492025-1_18_2443x810_4851x3874_zoom.jpg,2025-11-29,2025-12-05,https://res.cloudinary.com/dfqzmnlga/image/upload/v1764415527/2025-11-29/10848038.jpg,Granola Triple Choco,"✨ Choco-baked bliss, sweet and savory, perfect for any snack time! 🍪"
10847809,10.0,Rahbek,Fisk og skaldyr Frost ,Indbagte Rejer med Asparges og Dildsauce,1,0,pk.,Netto,https://static.tilbudsugen.dk/1st-retail/2025/49/64080/Netto492025-1_1_2537x1991_4933x4571_zoom.jpg,2025-11-29,2025-12-05,https://res.cloudinary.com/dfqzmnlga/image/upload/v1764415528/2025-11-29/10847809.jpg,Baked Shrimps with Asparagus and Dildsauce,"Sizzling shrimp, asparagus, and a dash of dildsauce—perfect for a spicy, spicy night. 🍤✨"
10847808,10.0,Rahbek,Fisk og skaldyr Frost ,Indbagt Hvid Alaska Sej,1,0,pk.,Netto,https://static.tilbudsugen.dk/1st-retail/2025/49/64080/Netto492025-1_1_2537x1991_4933x4571_zoom.jpg,2025-11-29,2025-12-05,https://res.cloudinary.com/dfqzmnlga/image/upload/v1764415528/2025-11-29/10847808.jpg,Baked White Alaska Saithe,"✨ A floating island of buttery fluff and sea salt, ready to melt in your mouth. ✨"
10847810,10.0,Rahbek,Fisk og skaldyr Frost ,Indbagt Laks med Julienne sauce,1,0,pk.,Netto,https://static.tilbudsugen.dk/1st-retail/2025/49/64080/Netto492025-1_1_2537x1991_4933x4571_zoom.jpg,2025-11-29,2025-12-05,https://res.cloudinary.com/dfqzmnlga/image/upload/v1764415528/2025-11-29/10847810.jpg,Baked Salmon with Julienne Sauce,"✨ Salmon with a sprinkle of flavor, served with a side of joy. 🍣"
10847873,10.0,Rahbek,Fisk og skaldyr Frost ,Indbagt Laks med Spinat og Ostesauce,1,0,pk.,Netto,https://static.tilbudsugen.dk/1st-retail/2025/49/64080/Netto492025-1_5_1263x5456_2510x6908_zoom.jpg,2025-11-29,2025-12-05,https://res.cloudinary.com/dfqzmnlga/image/upload/v1764415529/2025-11-29/10847873.jpg,Baked Salmon with Spinach and Cheese sauce,"Sizzling salmon with spinach and cheese, served with a side of sass. 🍣"
10848040,20.0,Bell's,Müsli & Granola,Frugtmüsli,1,0,ps.,Netto,https://static.tilbudsugen.dk/1st-retail/2025/49/64080/Netto492025-1_18_2443x810_4851x3874_zoom.jpg,2025-11-29,2025-12-05,https://res.cloudinary.com/dfqzmnlga/image/upload/v1764415529/2025-11-29/10848040.jpg,Fruit müsli,"Sunny and sweet, I'm the fruit müsli that brings a rainbow to your breakfast! 🍌✨"
10848001,25.0,Daloon,Færdigretter Frost,Forårsruller,1,0,ps.,Netto,https://static.tilbudsugen.dk/1st-retail/2025/49/64080/Netto492025-1_14_3324x4764_4886x6870_zoom.jpg,2025-11-29,2025-12-05,https://res.cloudinary.com/dfqzmnlga/image/upload/v1764415530/2025-11-29/10848001.jpg,Spring rolls,"Wrap your taste buds in a crispy, savory adventure with every bite — 🥗"
10847916,5.0,Graasten,Pålægssalat,Italiensk salat,1,0,bg.,Netto,https://static.tilbudsugen.dk/1st-retail/2025/49/64080/Netto492025-1_7_52x214_1847x2493_zoom.jpg,2025-11-29,2025-12-05,https://res.cloudinary.com/dfqzmnlga/image/upload/v1764415530/2025-11-29/10847916.jpg,Italian salad,"Sip, savor, and sprinkle some flavor—because a good Italian salad deserves a good vibe. 🍅"
10848058,10.0,Popz,Popcorn,Popcorn Smørsmag,1,0,pk.,Netto,https://static.tilbudsugen.dk/1st-retail/2025/49/64080/Netto492025-1_19_112x2890_2547x4928_zoom.jpg,2025-11-29,2025-12-05,https://res.cloudinary.com/dfqzmnlga/image/upload/v1764415532/2025-11-29/10848058.jpg,Popcorn Butter flavor,"Salty, sweet, and slightly spicy—popcorn butter flavor, ready to melt your day. 🍿✨"
10848060,10.0,Popz,Popcorn,Popcorn 50% mindre fedt,1,0,pk.,Netto,https://static.tilbudsugen.dk/1st-retail/2025/49/64080/Netto492025-1_19_112x2890_2547x4928_zoom.jpg,2025-11-29,2025-12-05,https://res.cloudinary.com/dfqzmnlga/image/upload/v1764415533/2025-11-29/10848060.jpg,Popcorn 50% less fat,"Popcorn: Lightly salty, slightly crispy, and just enough to satisfy your cravings. 🍿"
10848061,10.0,Popz,Popcorn,Popcorn Paprika Flavour,1,0,pk.,Netto,https://static.tilbudsugen.dk/1st-retail/2025/49/64080/Netto492025-1_19_112x2890_2547x4928_zoom.jpg,2025-11-29,2025-12-05,https://res.cloudinary.com/dfqzmnlga/image/upload/v1764415533/2025-11-29/10848061.jpg,Popcorn Paprika Flavour,"Salty, sweet, and slightly spicy—perfect for any movie night. 🍿✨"
10847927,5.0,Graasten,Pålægssalat,Karrysalat,1,0,bg.,Netto,https://static.tilbudsugen.dk/1st-retail/2025/49/64080/Netto492025-1_7_52x214_1847x2493_zoom.jpg,2025-11-29,2025-12-05,https://res.cloudinary.com/dfqzmnlga/image/upload/v1764415534/2025-11-29/10847927.jpg,Curry salad,"Spicy, tangy, and unforgettable—curry salad is the flavor explosion you've been waiting for! 🍲"
10848064,19.0,Ben's Original,Saucer,Medium Curry,1,0,gl.,Netto,https://static.tilbudsugen.dk/1st-retail/2025/49/64080/Netto492025-1_19_43x214_2503x2907_zoom.jpg,2025-11-29,2025-12-05,https://res.cloudinary.com/dfqzmnlga/image/upload/v1764415534/2025-11-29/10848064.jpg,Medium Curry,"🔥 Spicy, sweet, and just right—medium curry is the flavor you need to feel alive! 🌱"
10848063,19.0,Ben's Original,Saucer,Sweet and Sour,1,0,gl.,Netto,https://static.tilbudsugen.dk/1st-retail/2025/49/64080/Netto492025-1_19_43x214_2503x2907_zoom.jpg,2025-11-29,2025-12-05,https://res.cloudinary.com/dfqzmnlga/image/upload/v1764415535/2025-11-29/10848063.jpg,Sweet and Sour,"Sweet and Sour: A flavor that brings joy, sweetness, and a little bit of fire to every bite! 🍫✨"
10848071,19.0,Dolmio,Saucer,Bolognese Smooth Tomatsauce,1,0,gl.,Netto,https://static.tilbudsugen.dk/1st-retail/2025/49/64080/Netto492025-1_19_43x214_2503x2907_zoom.jpg,2025-11-29,2025-12-05,https://res.cloudinary.com/dfqzmnlga/image/upload/v1764415535/2025-11-29/10848071.jpg,Bolognese Smooth Tomato sauce,"Spicy, savory, and slightly messy — the perfect companion to any meal. 🍅🍝"
10848072,19.0,Dolmio,Saucer,Lasagne Creamy,1,0,gl.,Netto,https://static.tilbudsugen.dk/1st-retail/2025/49/64080/Netto492025-1_19_43x214_2503x2907_zoom.jpg,2025-11-29,2025-12-05,https://res.cloudinary.com/dfqzmnlga/image/upload/v1764415536/2025-11-29/10848072.jpg,Lasagne Creamy,"✨ Creamy layers of love and flavor, perfect for any occasion. 🌟"
10848066,19.0,Dolmio,Saucer,Lasagne Creamy,1,0,gl.,Netto,https://static.tilbudsugen.dk/1st-retail/2025/49/64080/Netto492025-1_19_43x214_2503x2907_zoom.jpg,2025-11-29,2025-12-05,https://res.cloudinary.com/dfqzmnlga/image/upload/v1764415537/2025-11-29/10848066.jpg,Lasagne Creamy,"Savor the creamy bliss of every bite, like a warm hug in a box. 🍴"
10848067,19.0,Dolmio,Saucer,Bolognese Original,1,0,gl.,Netto,https://static.tilbudsugen.dk/1st-retail/2025/49/64080/Netto492025-1_19_43x214_2503x2907_zoom.jpg,2025-11-29,2025-12-05,https://res.cloudinary.com/dfqzmnlga/image/upload/v1764415537/2025-11-29/10848067.jpg,Bolognese Original,"Satisfy your taste buds with a bold, hearty sauce that never disappoints — 🍝"
10848033,24.97,Den Gamle Fabrik,Dessertsaucer,Kirsebærsauce,1,0,gl.,Netto,https://static.tilbudsugen.dk/1st-retail/2025/49/64080/Netto492025-1_17_95x5023_2892x6879_zoom.jpg,2025-11-29,2025-12-05,https://res.cloudinary.com/dfqzmnlga/image/upload/v1764415537/2025-11-29/10848033.jpg,Cherry sauce,"Tropical twist on a classic: ""Sour, sweet, and perfect for a rainy day—just add a splash of sunshine."" 🍑"
10847934,22.95,Velsmag,Grisekød,Nakkefilet,1,0,bk.,Netto,https://static.tilbudsugen.dk/1st-retail/2025/49/64080/Netto492025-1_9_0x214_2676x2441_zoom.jpg,2025-11-29,2025-12-05,https://res.cloudinary.com/dfqzmnlga/image/upload/v1764415538/2025-11-29/10847934.jpg,Neck filet,"Slicing through the chaos with a perfect cut, 🍽️"
10847935,22.95,Velsmag,Grisekød,Ribbensteg,1,0,bk.,Netto,https://static.tilbudsugen.dk/1st-retail/2025/49/64080/Netto492025-1_9_0x214_2676x2441_zoom.jpg,2025-11-29,2025-12-05,https://res.cloudinary.com/dfqzmnlga/image/upload/v1764415538/2025-11-29/10847935.jpg,Robin roast,Robin roast: The ultimate flavor that turns every day into a delicious adventure 🍲
10847999,16.0,Hatting,Dybfrost Kager & Tærter,Tebirkes,1,0,ps.,Netto,https://static.tilbudsugen.dk/1st-retail/2025/49/64080/Netto492025-1_14_3246x2873_4998x4833_zoom.jpg,2025-11-29,2025-12-05,https://res.cloudinary.com/dfqzmnlga/image/upload/v1764415540/2025-11-29/10847999.jpg,Tebirches,"✨ Tebirches are the tiny, sweet, and slightly quirky stars that light up the night with their unique glow. ✨"
10848005,30.0,Langelænder,600 g - 1099 g Store Pakker Pølser,Frankfurter,1,0,ps.,Netto,https://static.tilbudsugen.dk/1st-retail/2025/49/64080/Netto492025-1_14_60x2864_1796x4850_zoom.jpg,2025-11-29,2025-12-05,https://res.cloudinary.com/dfqzmnlga/image/upload/v1764415540/2025-11-29/10848005.jpg,Frankfurter,"Savor the crunch, not the calories 🍔"
10848182,9.0,,Hundefoder,Hundesnacks,1,0,ps.,Netto,https://static.tilbudsugen.dk/1st-retail/2025/49/64080/Netto492025-1_25_95x4781_1778x6827_zoom.jpg,2025-11-29,2025-12-05,https://res.cloudinary.com/dfqzmnlga/image/upload/v1764415541/2025-11-29/10848182.jpg,Dog snacks,"🐶 Snacks that make your dog smile, one waggle at a time! 🐾"
10847855,10.0,Buko,Specialost,Flødeost Hvidløg,1,0,bg.,Netto,https://static.tilbudsugen.dk/1st-retail/2025/49/64080/Netto492025-1_4_54x3599_2521x6903_zoom.jpg,2025-11-29,2025-12-05,https://res.cloudinary.com/dfqzmnlga/image/upload/v1764415541/2025-11-29/10847855.jpg,Cream cheese Garlic,"Savory, creamy, and bold—pair it with a good cup of coffee. 🧀✨"
10847856,10.0,Buko,Specialost,Flødeost Pikant,1,0,bg.,Netto,https://static.tilbudsugen.dk/1st-retail/2025/49/64080/Netto492025-1_4_54x3599_2521x6903_zoom.jpg,2025-11-29,2025-12-05,https://res.cloudinary.com/dfqzmnlga/image/upload/v1764415542/2025-11-29/10847856.jpg,Cream cheese Picant,"Cream cheese Picant: A creamy, bold flavor that turns any snack into a celebration. 🥨"
10847870,20.0,Velsmag,Kalve- og grisekød,Hakket kalv og grisekød 8-12%,1,0,bk.,Netto,https://static.tilbudsugen.dk/1st-retail/2025/49/64080/Netto492025-1_5_1252x3491_2542x5003_zoom.jpg,2025-11-29,2025-12-05,https://res.cloudinary.com/dfqzmnlga/image/upload/v1764415542/2025-11-29/10847870.jpg,Minced calf and pig meat 8-12 per cent,🔥 Flavor-packed meat blend with a twist! 🥩
10847854,10.0,Buko,Specialost,Flødeost Naturel,1,0,bg.,Netto,https://static.tilbudsugen.dk/1st-retail/2025/49/64080/Netto492025-1_4_54x3599_2521x6903_zoom.jpg,2025-11-29,2025-12-05,https://res.cloudinary.com/dfqzmnlga/image/upload/v1764415543/2025-11-29/10847854.jpg,Cream cheese Naturel,"Soft, creamy, and utterly irresistible — like a hug in a jar. 🧁"
10847938,20.0,Velsmag,Kalve- og grisekød,Hakket kalv og grisekød 4-7%,1,0,bk.,Netto,https://static.tilbudsugen.dk/1st-retail/2025/49/64080/Netto492025-1_9_95x2959_2486x4790_zoom.jpg,2025-11-29,2025-12-05,https://res.cloudinary.com/dfqzmnlga/image/upload/v1764415543/2025-11-29/10847938.jpg,Minced calf and pig meat 4-7%,"🔥 Flavorful fusion of lean cuts, perfect for bold flavors and endless possibilities!"
10847834,20.0,Velsmag,Kalve- og grisekød,Hakket kalv og grisekød 4-7%,1,0,bk.,Netto,https://static.tilbudsugen.dk/1st-retail/2025/49/64080/Netto492025-1_2_2353x2552_4879x4803_zoom.jpg,2025-11-29,2025-12-05,https://res.cloudinary.com/dfqzmnlga/image/upload/v1764415544/2025-11-29/10847834.jpg,Minced calf and pig meat 4-7%,"🔥 Super tasty, super versatile – perfect for any meal! 🥘"
10847857,10.0,Buko,Specialost,Flødeost Grøn Pikant,1,0,bg.,Netto,https://static.tilbudsugen.dk/1st-retail/2025/49/64080/Netto492025-1_4_54x3599_2521x6903_zoom.jpg,2025-11-29,2025-12-05,https://res.cloudinary.com/dfqzmnlga/image/upload/v1764415544/2025-11-29/10847857.jpg,Cream cheese Green Picker,"Savoring sweet moments with a creamy twist, 🍯"
10848035,6.47,Sæby,Konserves,Makrel Små Stykker,1,0,ds.,Netto,https://static.tilbudsugen.dk/1st-retail/2025/49/64080/Netto492025-1_17_2875x3287_4955x6913_zoom.jpg,2025-11-29,2025-12-05,https://res.cloudinary.com/dfqzmnlga/image/upload/v1764415544/2025-11-29/10848035.jpg,Mackerel Small Pieces,"Fishy fancies, salty and sharp—perfect for a quick snack or a bold statement. 🐟"
10848036,6.47,Sæby,Konserves,Makrelfilet i Tomat,1,0,ds.,Netto,https://static.tilbudsugen.dk/1st-retail/2025/49/64080/Netto492025-1_17_2875x3287_4955x6913_zoom.jpg,2025-11-29,2025-12-05,https://res.cloudinary.com/dfqzmnlga/image/upload/v1764415545/2025-11-29/10848036.jpg,Mackerel fillets in Tomato,"Sunset-orange tangy bites that melt in your mouth—perfect for a quick, delicious snack or a fancy dinner. 🍣"
10848143,39.0,,Californiske vine,Californisk Rødvin,1,0,fl.,Netto,https://static.tilbudsugen.dk/1st-retail/2025/49/64080/Netto492025-1_23_17x4859_1683x6853_zoom.jpg,2025-11-29,2025-12-05,https://res.cloudinary.com/dfqzmnlga/image/upload/v1764415545/2025-11-29/10848143.jpg,California Red Wine,"Sip, savor, and savor the flavor of life—just like a California Red Wine. 🍷"
10848144,39.0,,Californiske vine,Californisk Hvidvin,1,0,fl.,Netto,https://static.tilbudsugen.dk/1st-retail/2025/49/64080/Netto492025-1_23_17x4859_1683x6853_zoom.jpg,2025-11-29,2025-12-05,https://res.cloudinary.com/dfqzmnlga/image/upload/v1764415546/2025-11-29/10848144.jpg,California White wine,"Sip, savor, and shine—California White wine, where every glass is a celebration. 🍷"
10848003,30.0,Langelænder,300 g - 599 g Normalpakke Pølser,Hotdogpølser,1,0,ps.,Netto,https://static.tilbudsugen.dk/1st-retail/2025/49/64080/Netto492025-1_14_60x2864_1796x4850_zoom.jpg,2025-11-29,2025-12-05,https://res.cloudinary.com/dfqzmnlga/image/upload/v1764415546/2025-11-29/10848003.jpg,Hot dog sausages,"Sizzle your way to the top with a hot dog sausage—flavor, fire, and flair. 🍔🔥"
10848006,30.0,Langelænder,300 g - 599 g Normalpakke Pølser,Grillpølser,1,0,pk.,Netto,https://static.tilbudsugen.dk/1st-retail/2025/49/64080/Netto492025-1_14_60x2864_1796x4850_zoom.jpg,2025-11-29,2025-12-05,https://res.cloudinary.com/dfqzmnlga/image/upload/v1764415547/2025-11-29/10848006.jpg,Barbecue sausages,"Sizzling with flavor, I'm the BBQ sausage that turns any meal into a feast! 🍔"
10848004,30.0,Langelænder,300 g - 599 g Normalpakke Pølser,Wienerpølser,1,0,pk.,Netto,https://static.tilbudsugen.dk/1st-retail/2025/49/64080/Netto492025-1_14_60x2864_1796x4850_zoom.jpg,2025-11-29,2025-12-05,https://res.cloudinary.com/dfqzmnlga/image/upload/v1764415547/2025-11-29/10848004.jpg,Viennese sausages,"Sizzling with flavor, I'm the perfect partner for a cozy night in—especially when paired with a good glass of wine. 🍷"
10848032,12.06,Pågen,Kager,Vanillas,1,0,ps.,Netto,https://static.tilbudsugen.dk/1st-retail/2025/49/64080/Netto492025-1_17_69x1440_1752x5092_zoom.jpg,2025-11-29,2025-12-05,https://res.cloudinary.com/dfqzmnlga/image/upload/v1764415548/2025-11-29/10848032.jpg,Vanillas,"Vanillas are the sweetest whispers of joy, bringing out the best in every bite. 🌟"
10848051,15.0,Wasa,Kiks,Chocolate Chip Biscuits,1,0,pk.,Netto,https://static.tilbudsugen.dk/1st-retail/2025/49/64080/Netto492025-1_18_26x740_2538x3823_zoom.jpg,2025-11-29,2025-12-05,https://res.cloudinary.com/dfqzmnlga/image/upload/v1764415548/2025-11-29/10848051.jpg,Chocolate Chip Biscuits,"Deliciously cheesy, with a hint of chocolate and a sprinkle of joy—just the way life should be. 🍫✨"
10790452,27.95,Velsmag,Grisekød,Hamburgerryg,1,0,bk.,Netto,https://static.tilbudsugen.dk/1st-retail/2025/45/63794/Netto442025-1_16_2823x4857_4944x6919_zoom.jpg,2025-11-01,2025-11-30,https://res.cloudinary.com/dfqzmnlga/image/upload/v1764415549/2025-11-29/10790452.jpg,Hamburger back,"🔥🍔 Back to the table, ready to crush the competition! 🍔🔥"
10790453,27.95,Velsmag,Grisekød,Bacon,1,0,pk.,Netto,https://static.tilbudsugen.dk/1st-retail/2025/45/63794/Netto442025-1_16_2823x4857_4944x6919_zoom.jpg,2025-11-01,2025-11-30,https://res.cloudinary.com/dfqzmnlga/image/upload/v1764415549/2025-11-29/10790453.jpg,Bacon,"Savory, smoky, and unstoppable – I'm the bacon, ready to ignite your day. 🍬"
10847842,10.0,Taffel,Chips,Holiday Chips,1,0,ps.,Netto,https://static.tilbudsugen.dk/1st-retail/2025/49/64080/Netto492025-1_3_16x20_2445x3610_zoom.jpg,2025-11-29,2025-12-05,https://res.cloudinary.com/dfqzmnlga/image/upload/v1764415550/2025-11-29/10847842.jpg,Holiday Chips,"✨ Crunchy, salty, and perfectly crispy—holiday chips are the ultimate snack that brings joy to any occasion! ✨"
10847893,10.0,Taffel,Snacks,Sticks,1,0,ps.,Netto,https://static.tilbudsugen.dk/1st-retail/2025/49/64080/Netto492025-1_3_16x20_2445x3610_zoom.jpg,2025-11-29,2025-12-05,https://res.cloudinary.com/dfqzmnlga/image/upload/v1764415550/2025-11-29/10847893.jpg,Sticks,"✨ Sticks and sticks, never stop dancing! 🌟"
10847942,40.0,Velsmag,Grisekød,Hakket grisekød 4-7%,1,0,bk.,Netto,https://static.tilbudsugen.dk/1st-retail/2025/49/64080/Netto492025-1_9_2426x4781_4955x6844_zoom.jpg,2025-11-29,2025-12-05,https://res.cloudinary.com/dfqzmnlga/image/upload/v1764415551/2025-11-29/10847942.jpg,Minced pig meat 4-7%,"✨ Smoky, savory, and slightly spicy — perfect for a quick, flavorful bite! 🍴"
10847894,10.0,Taffel,Chips,Brunet Smør & Chili Chips,1,0,ps.,Netto,https://static.tilbudsugen.dk/1st-retail/2025/49/64080/Netto492025-1_3_16x20_2445x3610_zoom.jpg,2025-11-29,2025-12-05,https://res.cloudinary.com/dfqzmnlga/image/upload/v1764415551/2025-11-29/10847894.jpg,Brown Butter & Chili Chips,"Savory, smoky, and slightly spicy — perfect for any meal. 🌮🔥"
10847895,10.0,Taffel,Chips,Original Chips,1,0,ps.,Netto,https://static.tilbudsugen.dk/1st-retail/2025/49/64080/Netto492025-1_3_16x20_2445x3610_zoom.jpg,2025-11-29,2025-12-05,https://res.cloudinary.com/dfqzmnlga/image/upload/v1764415552/2025-11-29/10847895.jpg,Original Chips,"Crunchy, salty, and always the star of the snack squad 🍬"
10847898,10.0,Taffel,Chips,Sour Cream & Onion Chips,1,0,ps.,Netto,https://static.tilbudsugen.dk/1st-retail/2025/49/64080/Netto492025-1_3_16x20_2445x3610_zoom.jpg,2025-11-29,2025-12-05,https://res.cloudinary.com/dfqzmnlga/image/upload/v1764415552/2025-11-29/10847898.jpg,Sour Cream & Onion Chips,"Sour Cream & Onion Chips: Crispy, cheesy, and perfectly crispy. 😋"
10848141,179.0,,Chilenske vine,Chilensk Hvidvin,4,0,fl.,Netto,https://static.tilbudsugen.dk/1st-retail/2025/49/64080/Netto492025-1_23_1614x4807_3315x6818_zoom.jpg,2025-11-29,2025-12-05,https://res.cloudinary.com/dfqzmnlga/image/upload/v1764415552/2025-11-29/10848141.jpg,Chilean White wine,"Sip, savor, and let the flavors speak — Chilean White wine, ready to elevate your night. 🍷"
10848142,179.0,,Chilenske vine,Chilensk Rødvin,4,0,fl.,Netto,https://static.tilbudsugen.dk/1st-retail/2025/49/64080/Netto492025-1_23_1614x4807_3315x6818_zoom.jpg,2025-11-29,2025-12-05,https://res.cloudinary.com/dfqzmnlga/image/upload/v1764415553/2025-11-29/10848142.jpg,Chilean Red Wine,"Sip, savor, and let the wine do the talking—each sip a story, each bottle a journey. 🍷"
10848096,18.0,Curré,Småkager,Vaniljekranse,1,0,pk.,Netto,https://static.tilbudsugen.dk/1st-retail/2025/49/64080/Netto492025-1_21_95x1975_1735x4375_zoom.jpg,2025-11-29,2025-12-05,https://res.cloudinary.com/dfqzmnlga/image/upload/v1764415553/2025-11-29/10848096.jpg,Vanilla rhinoceros,"✨ Vanilla rhinoceros: Satisfy your taste buds with a sweet, creamy twist! 🐘"
10848140,45.0,,Franske vine,Fransk Rødvin,1,0,fl.,Netto,https://static.tilbudsugen.dk/1st-retail/2025/49/64080/Netto492025-1_23_2400x2700_4981x4807_zoom.jpg,2025-11-29,2025-12-05,https://res.cloudinary.com/dfqzmnlga/image/upload/v1764415554/2025-11-29/10848140.jpg,French Red Wine,"Sip, savor, and let the wine do the talking — 🍷"
10848052,15.0,Wasa,Kiks,Craneberries & Oat Flakes Biscuits,1,0,pk.,Netto,https://static.tilbudsugen.dk/1st-retail/2025/49/64080/Netto492025-1_18_26x740_2538x3823_zoom.jpg,2025-11-29,2025-12-05,https://res.cloudinary.com/dfqzmnlga/image/upload/v1764415554/2025-11-29/10848052.jpg,Craneberries & Oat Flakes Biscuits,"Sour, sweet, and slightly spicy—perfect for a morning snack or a quirky twist on a breakfast treat. 🍞"
10848147,45.0,,Italienske vine,Italiensk Rødvin,1,0,fl.,Netto,https://static.tilbudsugen.dk/1st-retail/2025/49/64080/Netto492025-1_23_2400x2700_4981x4807_zoom.jpg,2025-11-29,2025-12-05,https://res.cloudinary.com/dfqzmnlga/image/upload/v1764415555/2025-11-29/10848147.jpg,Italian Red Wine,"Sip, savor, and let the flavors speak — my taste is bold, my vibe is bold. 🍷"
10848145,45.0,,Franske vine,Fransk Hvidvin,1,0,fl.,Netto,https://static.tilbudsugen.dk/1st-retail/2025/49/64080/Netto492025-1_23_2400x2700_4981x4807_zoom.jpg,2025-11-29,2025-12-05,https://res.cloudinary.com/dfqzmnlga/image/upload/v1764415555/2025-11-29/10848145.jpg,French White wine,"A sip of elegance, a toast to taste—French White wine, where every glass is a story. 🍷"
10848146,45.0,,Mousserende,Fransk Mousserende Vin,1,0,fl.,Netto,https://static.tilbudsugen.dk/1st-retail/2025/49/64080/Netto492025-1_23_2400x2700_4981x4807_zoom.jpg,2025-11-29,2025-12-05,https://res.cloudinary.com/dfqzmnlga/image/upload/v1764415556/2025-11-29/10848146.jpg,French Sparkling Wine,"A sip of adventure, a toast to joy—French sparkling wine, ready to spark your day! 🍷"
10848037,15.0,Wasa,Kiks,Dark Chocolate Wholegrain Biscuits,1,0,pk.,Netto,https://static.tilbudsugen.dk/1st-retail/2025/49/64080/Netto492025-1_18_26x740_2538x3823_zoom.jpg,2025-11-29,2025-12-05,https://res.cloudinary.com/dfqzmnlga/image/upload/v1764415556/2025-11-29/10848037.jpg,Dark Chocolate Wholegrain Biscuits,✨ Dark chocolate bites that melt on your tongue and leave you craving more! ✨
10848050,15.0,Wasa,Kiks,Multigrain Biscuits,1,0,pk.,Netto,https://static.tilbudsugen.dk/1st-retail/2025/49/64080/Netto492025-1_18_26x740_2538x3823_zoom.jpg,2025-11-29,2025-12-05,https://res.cloudinary.com/dfqzmnlga/image/upload/v1764415557/2025-11-29/10848050.jpg,Multigrain Biscuits,"Crunchy, cheesy, and full of flavor—perfect for any snack moment! 🍞"
10847879,10.0,K-salat,Pålægssalat,Hønsesalat,1,0,bg.,Netto,https://static.tilbudsugen.dk/1st-retail/2025/49/64080/Netto492025-1_2_27x85_2434x2590_zoom.jpg,2025-11-29,2025-12-05,https://res.cloudinary.com/dfqzmnlga/image/upload/v1764415557/2025-11-29/10847879.jpg,Chicken lettuce,"Savory, spicy, and slightly tangy — the ultimate flavor bomb in a salad. 🍗 lettuce"
10847881,20.0,Velsmag,Grisekød,Grisekoteletter,1,0,bk.,Netto,https://static.tilbudsugen.dk/1st-retail/2025/49/64080/Netto492025-1_2_2353x2552_4879x4803_zoom.jpg,2025-11-29,2025-12-05,https://res.cloudinary.com/dfqzmnlga/image/upload/v1764415558/2025-11-29/10847881.jpg,Pig chops,"🔥 Chopstick master, ready to shred your day with a flick of the knife! 🍳"
10847891,10.0,Taffel,Snacks,Peanut Rings,1,0,ps.,Netto,https://static.tilbudsugen.dk/1st-retail/2025/49/64080/Netto492025-1_3_16x20_2445x3610_zoom.jpg,2025-11-29,2025-12-05,https://res.cloudinary.com/dfqzmnlga/image/upload/v1764415558/2025-11-29/10847891.jpg,Peanut Rings,"Chewy, crispy, and utterly irresistible—perfect for a snack that never says 'no'! 🍫"
10847876,10.0,K-salat,Pålægssalat,Finthakket  Skinkesalat,1,0,bg.,Netto,https://static.tilbudsugen.dk/1st-retail/2025/49/64080/Netto492025-1_2_27x85_2434x2590_zoom.jpg,2025-11-29,2025-12-05,https://res.cloudinary.com/dfqzmnlga/image/upload/v1764415559/2025-11-29/10847876.jpg,Finely ground ham salad,"Savory bite, sharp flavor, and a dash of mischief—perfect for a quick snack or a bold twist on a salad. 🍲"
10847880,10.0,K-salat,Pålægssalat,Kylling & Baconsalat,1,0,bg.,Netto,https://static.tilbudsugen.dk/1st-retail/2025/49/64080/Netto492025-1_2_27x85_2434x2590_zoom.jpg,2025-11-29,2025-12-05,https://res.cloudinary.com/dfqzmnlga/image/upload/v1764415560/2025-11-29/10847880.jpg,Chicken & Bacon Salad,"Savory, smoky, and spicy—perfect for a quick, delicious snack or dinner. 🍗 Bacon 🥩 Chicken 🥘"
10848086,20.0,Tims Cookies,Dej Køl,Brunkagedej,1,0,pk.,Netto,https://static.tilbudsugen.dk/1st-retail/2025/49/64080/Netto492025-1_20_3246x5049_4938x6905_zoom.jpg,2025-11-29,2025-12-05,https://res.cloudinary.com/dfqzmnlga/image/upload/v1764415560/2025-11-29/10848086.jpg,Brown cake dough,"Soft, chewy, and slightly sweet — the perfect companion for a rainy day. 🍰"
10847939,20.0,Velsmag,Grisekød,Grisekoteletter,1,0,bk.,Netto,https://static.tilbudsugen.dk/1st-retail/2025/49/64080/Netto492025-1_9_95x2959_2486x4790_zoom.jpg,2025-11-29,2025-12-05,https://res.cloudinary.com/dfqzmnlga/image/upload/v1764415560/2025-11-29/10847939.jpg,Pig chops,"Sizzling with flavor, I'm the perfect sidekick for any meal! 🍗"
10848106,10.0,Curré,Krydderier,Gløggmix,1,0,ps.,Netto,https://static.tilbudsugen.dk/1st-retail/2025/49/64080/Netto492025-1_21_1925x4712_3384x6862_zoom.jpg,2025-11-29,2025-12-05,https://res.cloudinary.com/dfqzmnlga/image/upload/v1764415561/2025-11-29/10848106.jpg,"Cranberries, fresh, chilled or frozen, whether or not cooked before or during the smoking process, whether or not containing added sugar or other sweetening matter","Chillingly sweet, smoked or not, fresh or frozen—cranberries in every form. 🍬"
10847821,10.0,K-salat,Pålægssalat,Æggesalat,1,0,bg.,Netto,https://static.tilbudsugen.dk/1st-retail/2025/49/64080/Netto492025-1_2_27x85_2434x2590_zoom.jpg,2025-11-29,2025-12-05,https://res.cloudinary.com/dfqzmnlga/image/upload/v1764415561/2025-11-29/10847821.jpg,Egg salad,"Egg salad: the perfect blend of creamy, crispy, and delicious, ready to conquer any sandwich. 🥚"
10847877,10.0,K-salat,Pålægssalat,Krabbesalat,1,0,bg.,Netto,https://static.tilbudsugen.dk/1st-retail/2025/49/64080/Netto492025-1_2_27x85_2434x2590_zoom.jpg,2025-11-29,2025-12-05,https://res.cloudinary.com/dfqzmnlga/image/upload/v1764415562/2025-11-29/10847877.jpg,Crab salad,"Crab salad: The ultimate flavor explosion, served with a side of sass and a dash of sparkle. 🍤✨"
10847878,10.0,K-salat,Pålægssalat,Æggesalat 30% mindre fedt,1,0,bg.,Netto,https://static.tilbudsugen.dk/1st-retail/2025/49/64080/Netto492025-1_2_27x85_2434x2590_zoom.jpg,2025-11-29,2025-12-05,https://res.cloudinary.com/dfqzmnlga/image/upload/v1764415563/2025-11-29/10847878.jpg,Egg salad 30% less fat,"Crunchy, creamy, and guilt-free — perfect for a quick lunch or snack! 🥚"
10848087,20.0,Tims Cookies,Dej Køl,Vaniljekransdej,1,0,pk.,Netto,https://static.tilbudsugen.dk/1st-retail/2025/49/64080/Netto492025-1_20_3246x5049_4938x6905_zoom.jpg,2025-11-29,2025-12-05,https://res.cloudinary.com/dfqzmnlga/image/upload/v1764415563/2025-11-29/10848087.jpg,Vaniljekransdought dough,"Vaniljekransdought dough: The sweet, fluffy wonder that makes every bite a joy, with a hint of vanilla to make even the simplest dough feel special. 🍰"
10847992,10.0,La Campagna,Postej og Paté,Paté Hvidløg,1,0,stk.,Netto,https://static.tilbudsugen.dk/1st-retail/2025/49/64080/Netto492025-1_14_26x766_1701x2925_zoom.jpg,2025-11-29,2025-12-05,https://res.cloudinary.com/dfqzmnlga/image/upload/v1764415564/2025-11-29/10847992.jpg,Paté Garlic,"Savory, spicy, and slightly mysterious — perfect for a midnight snack. 🍴"
10847944,50.0,Løgismose,Øvrige vinlande,Hvidvin,1,0,fl.,Netto,https://static.tilbudsugen.dk/1st-retail/2025/49/64080/Netto492025-1_11_26x2648_1623x5178_zoom.jpg,2025-11-29,2025-12-05,https://res.cloudinary.com/dfqzmnlga/image/upload/v1764415564/2025-11-29/10847944.jpg,White wine,"Sip, savor, and share—white wine is the ultimate flavor booster. 🍷"
10847946,50.0,Løgismose,Øvrige vinlande,Rødvin,1,0,fl.,Netto,https://static.tilbudsugen.dk/1st-retail/2025/49/64080/Netto492025-1_11_26x2648_1623x5178_zoom.jpg,2025-11-29,2025-12-05,https://res.cloudinary.com/dfqzmnlga/image/upload/v1764415565/2025-11-29/10847946.jpg,Red wine,"Sip, savor, and let the wine do the talking—because life's too short for bad wine. 🍷"
10847945,50.0,Løgismose,Øvrige vinlande,Rosevin,1,0,fl.,Netto,https://static.tilbudsugen.dk/1st-retail/2025/49/64080/Netto492025-1_11_26x2648_1623x5178_zoom.jpg,2025-11-29,2025-12-05,https://res.cloudinary.com/dfqzmnlga/image/upload/v1764415565/2025-11-29/10847945.jpg,Rose wine,"Roses in red, wine in glass — perfect for a night of passion. 🍷"
10848019,29.0,ØGO,Pizza Frost,Mini Margherita Pizza,1,0,pk.,Netto,https://static.tilbudsugen.dk/1st-retail/2025/49/64080/Netto492025-1_15_69x2148_1960x6905_zoom.jpg,2025-11-29,2025-12-05,https://res.cloudinary.com/dfqzmnlga/image/upload/v1764415565/2025-11-29/10848019.jpg,Mini Margherita Pizza,"Slice of heaven, topped with cheese, tomatoes, and basil—perfect for a quick, delicious snack. 🍕"
10847845,69.0,Svansø,Nødder & Kerner,Mandler,1,1,ps.,Netto,https://static.tilbudsugen.dk/1st-retail/2025/49/64080/Netto492025-1_3_5x3621_2510x6865_zoom.jpg,2025-11-29,2025-12-05,https://res.cloudinary.com/dfqzmnlga/image/upload/v1764415566/2025-11-29/10847845.jpg,almonds,"Crunchy, nutty, and perfectly imperfect—just like a good almond. 🍳✨"
10848018,29.0,ØGO,Pizza Frost,Grøntsagspizza,1,0,pk.,Netto,https://static.tilbudsugen.dk/1st-retail/2025/49/64080/Netto492025-1_15_69x2148_1960x6905_zoom.jpg,2025-11-29,2025-12-05,https://res.cloudinary.com/dfqzmnlga/image/upload/v1764415566/2025-11-29/10848018.jpg,Vegetable pizza,"Craving a flavor explosion? I'm vegetable pizza — crispy, cheesy, and ready to satisfy your taste buds! 🍕"
10847897,10.0,Taffel,Chips,Havsalt Chips,1,0,ps.,Netto,https://static.tilbudsugen.dk/1st-retail/2025/49/64080/Netto492025-1_3_16x20_2445x3610_zoom.jpg,2025-11-29,2025-12-05,https://res.cloudinary.com/dfqzmnlga/image/upload/v1764415567/2025-11-29/10847897.jpg,Sea salt Chips,"✨ Salted sunshine, fresh and crisp—crunchy, bold, and ready to elevate your day! ✨"
10847904,29.0,Hirtshals Sild,Sild,Sild,1,0,gl.,Netto,https://static.tilbudsugen.dk/1st-retail/2025/49/64080/Netto492025-1_6_1675x2683_3324x4703_zoom.jpg,2025-11-29,2025-12-05,https://res.cloudinary.com/dfqzmnlga/image/upload/v1764415567/2025-11-29/10847904.jpg,Herring,"Silent swimmer, salty companion, and ocean's quiet whisper — 🐟"
10847909,29.0,Rahbek,Fisk,Fiskefileter,1,0,ps.,Netto,https://static.tilbudsugen.dk/1st-retail/2025/49/64080/Netto492025-1_6_1562x4686_3349x6896_zoom.jpg,2025-11-29,2025-12-05,https://res.cloudinary.com/dfqzmnlga/image/upload/v1764415568/2025-11-29/10847909.jpg,Fish fillets,"✨ Catching the waves of flavor, one fillet at a time. 🐟"
10848098,25.0,Premieur,Dybfrost Kager & Tærter,Æbleskiver,1,0,ps.,Netto,https://static.tilbudsugen.dk/1st-retail/2025/49/64080/Netto492025-1_21_3289x2338_4955x4436_zoom.jpg,2025-11-29,2025-12-05,https://res.cloudinary.com/dfqzmnlga/image/upload/v1764415568/2025-11-29/10848098.jpg,Apple slices,"Slice of happiness, always. 🍎"
10847914,15.0,Bornholms,Konserves,Torskerogn,1,0,ds.,Netto,https://static.tilbudsugen.dk/1st-retail/2025/49/64080/Netto492025-1_6_2400x749_4817x2562_zoom.jpg,2025-11-29,2025-12-05,https://res.cloudinary.com/dfqzmnlga/image/upload/v1764415569/2025-11-29/10847914.jpg,Cod eggs,"Crackling with energy, ready to fry your day with a perfect cod egg twist! 🍵"
10847917,15.0,Brunchy,Bacon,Bacontern,1,0,pk.,Netto,https://static.tilbudsugen.dk/1st-retail/2025/49/64080/Netto492025-1_7_1666x2476_3315x4660_zoom.jpg,2025-11-29,2025-12-05,https://res.cloudinary.com/dfqzmnlga/image/upload/v1764415569/2025-11-29/10847917.jpg,Bacontern,"Bacontern: The crispy, smoky hero of breakfast adventures 🥪"
10847936,75.0,,Kylling,Kyllingebrystfilet,1,1,pk.,Netto,https://static.tilbudsugen.dk/1st-retail/2025/49/64080/Netto492025-1_9_2443x2899_4929x4807_zoom.jpg,2025-11-29,2025-12-05,https://res.cloudinary.com/dfqzmnlga/image/upload/v1764415570/2025-11-29/10847936.jpg,Chicken breast fillet,"Sizzling with flavor, ready to conquer your taste buds! 🍗"
10847896,10.0,Taffel,Snacks,Chili Cheese Rings Snacks,1,0,ps.,Netto,https://static.tilbudsugen.dk/1st-retail/2025/49/64080/Netto492025-1_3_16x20_2445x3610_zoom.jpg,2025-11-29,2025-12-05,https://res.cloudinary.com/dfqzmnlga/image/upload/v1764415570/2025-11-29/10847896.jpg,Chili Cheese Rings Snacks,"🔥 Spicy, cheesy, and perfectly crispy — the ultimate snack that turns any meal into a flavor explosion! 🍔🧀"
10847902,10.0,Taffel,Snacks,Julestjerner Sourcream & Onion,1,0,ps.,Netto,https://static.tilbudsugen.dk/1st-retail/2025/49/64080/Netto492025-1_3_16x20_2445x3610_zoom.jpg,2025-11-29,2025-12-05,https://res.cloudinary.com/dfqzmnlga/image/upload/v1764415571/2025-11-29/10847902.jpg,Christmas Stars Sourcream & Onion,"✨ Sparkling with joy, Christmas Stars Sourcream & Onion lights up your day with a tangy, sweet twist!"
10847901,10.0,Taffel,Snacks,Super Snack med Snack Krydder,1,0,ps.,Netto,https://static.tilbudsugen.dk/1st-retail/2025/49/64080/Netto492025-1_3_16x20_2445x3610_zoom.jpg,2025-11-29,2025-12-05,https://res.cloudinary.com/dfqzmnlga/image/upload/v1764415572/2025-11-29/10847901.jpg,Super Snack with Snack Spice,✨ Snack your way through life with a sprinkle of flavor! ✨
10848016,29.0,ØGO,Pizza Frost,Prosciutto Pizza,1,0,pk.,Netto,https://static.tilbudsugen.dk/1st-retail/2025/49/64080/Netto492025-1_15_69x2148_1960x6905_zoom.jpg,2025-11-29,2025-12-05,https://res.cloudinary.com/dfqzmnlga/image/upload/v1764415572/2025-11-29/10848016.jpg,Prosciutto Pizza,"Slice of heaven, served on a pizza—perfect for a quick, delicious snack. 🍕"
10847937,75.0,,Kylling,Kyllingeinderfileter,1,0,bk.,Netto,https://static.tilbudsugen.dk/1st-retail/2025/49/64080/Netto492025-1_9_2443x2899_4929x4807_zoom.jpg,2025-11-29,2025-12-05,https://res.cloudinary.com/dfqzmnlga/image/upload/v1764415572/2025-11-29/10847937.jpg,Chicken eiderphilets,"Squeaky chicken enthusiast with a love for crispy, golden delights 🍗"
10848199,79.0,,Buketter,Buket,1,1,bdt.,Netto,https://static.tilbudsugen.dk/1st-retail/2025/49/64080/Netto492025-1_26_2503x4790_4808x6879_zoom.jpg,2025-11-29,2025-12-05,https://res.cloudinary.com/dfqzmnlga/image/upload/v1764415573/2025-11-29/10848199.jpg,Bouquet,"🌼 Bouquet of whimsy and wonder, ready to bloom in your life! 🌼"
10847997,25.0,Egelykke,Bacon,Baconskiver,1,0,pk.,Netto,https://static.tilbudsugen.dk/1st-retail/2025/49/64080/Netto492025-1_14_3315x801_4877x2925_zoom.jpg,2025-11-29,2025-12-05,https://res.cloudinary.com/dfqzmnlga/image/upload/v1764415573/2025-11-29/10847997.jpg,Bacon washers,"Bacon washers: Clean your life with a side of crispy, delicious flair 🍬"
10847930,109.0,Løgismose,Kylling,Kylling,1,1,bk.,Netto,https://static.tilbudsugen.dk/1st-retail/2025/49/64080/Netto492025-1_8_1873x3011_4808x4910_zoom.jpg,2025-11-29,2025-12-05,https://res.cloudinary.com/dfqzmnlga/image/upload/v1764415574/2025-11-29/10847930.jpg,Chicken,"Crunchy, bold, and ready to take the plate—chicken, the ultimate flavor explosion! 🍗"
10848015,29.0,ØGO,Pizza Frost,Margherita Fuldkornspizza,1,0,pk.,Netto,https://static.tilbudsugen.dk/1st-retail/2025/49/64080/Netto492025-1_15_69x2148_1960x6905_zoom.jpg,2025-11-29,2025-12-05,https://res.cloudinary.com/dfqzmnlga/image/upload/v1764415574/2025-11-29/10848015.jpg,Margherita whole grain pizza,"Slice of joy, fresh and bold—like a sunset on a pizza. 🍕"
10848017,29.0,ØGO,Pizza Frost,Salami Pizza,1,0,pk.,Netto,https://static.tilbudsugen.dk/1st-retail/2025/49/64080/Netto492025-1_15_69x2148_1960x6905_zoom.jpg,2025-11-29,2025-12-05,https://res.cloudinary.com/dfqzmnlga/image/upload/v1764415575/2025-11-29/10848017.jpg,Salami Pizza,Savory slice of pizza that's not quite pizza—just salty and delicious. 🍕
10848094,15.0,Fintons,Småkager,Chocotelli Cookies,1,0,pk.,Netto,https://static.tilbudsugen.dk/1st-retail/2025/49/64080/Netto492025-1_20_1597x5066_3289x6870_zoom.jpg,2025-11-29,2025-12-05,https://res.cloudinary.com/dfqzmnlga/image/upload/v1764415575/2025-11-29/10848094.jpg,Chocotelli Cookies,"Satisfy your cravings with a twist—chocolatey, sweet, and just a little bit weird. 🍪✨"
10847922,22.0,Cheesemakers Treasures,Specialost,Specialost Perle,1,0,stk.,Netto,https://static.tilbudsugen.dk/1st-retail/2025/49/64080/Netto492025-1_7_1657x4626_3280x6870_zoom.jpg,2025-11-29,2025-12-05,https://res.cloudinary.com/dfqzmnlga/image/upload/v1764415576/2025-11-29/10847922.jpg,Special Cheese Pearl,"✨ A creamy delight that melts in your mouth, perfect for any occasion! ✨"
10847926,22.0,Cheesemakers Treasures,Specialost,Specialost Smaragd,1,0,stk.,Netto,https://static.tilbudsugen.dk/1st-retail/2025/49/64080/Netto492025-1_7_1657x4626_3280x6870_zoom.jpg,2025-11-29,2025-12-05,https://res.cloudinary.com/dfqzmnlga/image/upload/v1764415576/2025-11-29/10847926.jpg,Special cheese Emerald,"✨ Curious cheese with a twist — Emerald, the only one who knows the secret. ✨"
10848097,18.0,Curré,Småkager,Finskbrød,1,0,pk.,Netto,https://static.tilbudsugen.dk/1st-retail/2025/49/64080/Netto492025-1_21_95x1975_1735x4375_zoom.jpg,2025-11-29,2025-12-05,https://res.cloudinary.com/dfqzmnlga/image/upload/v1764415577/2025-11-29/10848097.jpg,Finnish bread,"Soft, fluffy, and slightly sour — perfect for a rainy day, paired with a cup of coffee and a good book. 🍞"
10847900,10.0,Taffel,Snacks,SuperCrunch  Snacks,1,0,ps.,Netto,https://static.tilbudsugen.dk/1st-retail/2025/49/64080/Netto492025-1_3_16x20_2445x3610_zoom.jpg,2025-11-29,2025-12-05,https://res.cloudinary.com/dfqzmnlga/image/upload/v1764415577/2025-11-29/10847900.jpg,SuperCrunch Snacks,"Crunchy, crispy, and completely unforgettable—your new favorite snack! 🍿"
10847899,10.0,Taffel,Snacks,Grilled Chicken Snacks,1,0,ps.,Netto,https://static.tilbudsugen.dk/1st-retail/2025/49/64080/Netto492025-1_3_16x20_2445x3610_zoom.jpg,2025-11-29,2025-12-05,https://res.cloudinary.com/dfqzmnlga/image/upload/v1764415577/2025-11-29/10847899.jpg,Grilled Chicken Snacks,"Sizzling with flavor, ready to spice up your day! 🍗"
10847892,10.0,Taffel,Snacks,Snackhjerter Salt,1,0,ps.,Netto,https://static.tilbudsugen.dk/1st-retail/2025/49/64080/Netto492025-1_3_16x20_2445x3610_zoom.jpg,2025-11-29,2025-12-05,https://res.cloudinary.com/dfqzmnlga/image/upload/v1764415578/2025-11-29/10847892.jpg,Snack hearts Salt,"Crave the sweet, salty thrill of snack hearts? 🍬✨"
10847844,69.0,Svansø,Nødder & Kerner,Valnøddekerner,1,0,ps.,Netto,https://static.tilbudsugen.dk/1st-retail/2025/49/64080/Netto492025-1_3_5x3621_2510x6865_zoom.jpg,2025-11-29,2025-12-05,https://res.cloudinary.com/dfqzmnlga/image/upload/v1764415578/2025-11-29/10847844.jpg,Walnut kernels,"✨ Crunchy and nutty, I’m the little powerhouse behind your snack game! 🌟"
10848048,115.0,Original,Kaffe,Kaffe Formalet,1,1,pk.,Netto,https://static.tilbudsugen.dk/1st-retail/2025/49/64080/Netto492025-1_18_60x3961_2547x6853_zoom.jpg,2025-11-29,2025-12-05,https://res.cloudinary.com/dfqzmnlga/image/upload/v1764415579/2025-11-29/10848048.jpg,Coffee Painted,"☕️ Painted with coffee, I’m the ultimate mood booster — and I’m always ready to repaint your day. 🌟"
10848049,115.0,Mellemristet,Kaffe,Kaffe Formalet,1,1,ps.,Netto,https://static.tilbudsugen.dk/1st-retail/2025/49/64080/Netto492025-1_18_60x3961_2547x6853_zoom.jpg,2025-11-29,2025-12-05,https://res.cloudinary.com/dfqzmnlga/image/upload/v1764415579/2025-11-29/10848049.jpg,Coffee Painted,"☕️ Painted with coffee, I'm a flavor that's both bold and unexpected."
10848152,39.0,SkinActive,Renseprodukter,Renseprodukter,1,0,stk.,Netto,https://static.tilbudsugen.dk/1st-retail/2025/49/64080/Netto492025-1_24_43x706_3324x2907_zoom.jpg,2025-11-29,2025-12-05,https://res.cloudinary.com/dfqzmnlga/image/upload/v1764415580/2025-11-29/10848152.jpg,Cleaning products,"✨ Clean vibes, fresh starts, and a dash of chaos! 🧼"
10848099,49.0,Premieur,Tørret Frugt,Dadler,1,0,pk.,Netto,https://static.tilbudsugen.dk/1st-retail/2025/49/64080/Netto492025-1_21_1692x2528_3280x4487_zoom.jpg,2025-11-29,2025-12-05,https://res.cloudinary.com/dfqzmnlga/image/upload/v1764415580/2025-11-29/10848099.jpg,Dates,"Sweet, juicy dates that make every moment sweeter — just like your favorite partner. 🍒"
10848093,15.0,Fintons,Småkager,Lemon Cookies,1,0,pk.,Netto,https://static.tilbudsugen.dk/1st-retail/2025/49/64080/Netto492025-1_20_1597x5066_3289x6870_zoom.jpg,2025-11-29,2025-12-05,https://res.cloudinary.com/dfqzmnlga/image/upload/v1764415580/2025-11-29/10848093.jpg,Lemon Cookies,"Sour, sweet, and slightly spicy — perfect for a rainy day with a cup of coffee. 🍪"
10848107,20.0,Curré,Chokolade,Chokoladekranse,1,0,pk.,Netto,https://static.tilbudsugen.dk/1st-retail/2025/49/64080/Netto492025-1_21_52x5739_2115x6905_zoom.jpg,2025-11-29,2025-12-05,https://res.cloudinary.com/dfqzmnlga/image/upload/v1764415581/2025-11-29/10848107.jpg,Chocolate cans,"✨ Chocoholic extraordinaire, ready to melt your heart with every bite! 🍫"
10847832,10.0,Den Grønne Slagter,"Pålæg, skiveskåret",Kyllingebryst Chili,1,0,pk.,Netto,https://static.tilbudsugen.dk/1st-retail/2025/49/64080/Netto492025-1_2_54x2557_2343x4749_zoom.jpg,2025-11-29,2025-12-05,https://res.cloudinary.com/dfqzmnlga/image/upload/v1764415581/2025-11-29/10847832.jpg,Chicken breast Chili,"🔥Sizzling with flavor, ready to conquer your taste buds!"
10847988,10.0,La Campagna,"Pålæg, skiveskåret",Schwarzwaldskinke,1,0,pk.,Netto,https://static.tilbudsugen.dk/1st-retail/2025/49/64080/Netto492025-1_14_26x766_1701x2925_zoom.jpg,2025-11-29,2025-12-05,https://res.cloudinary.com/dfqzmnlga/image/upload/v1764415582/2025-11-29/10847988.jpg,Schwarzwald ham,"A smoky, tangy German delight that brings the forest to your table 🍴"
10848013,25.0,GoodLife,Færdigretter Frost,Chili Cheese Nuggets,1,0,pk.,Netto,https://static.tilbudsugen.dk/1st-retail/2025/49/64080/Netto492025-1_14_3324x4764_4886x6870_zoom.jpg,2025-11-29,2025-12-05,https://res.cloudinary.com/dfqzmnlga/image/upload/v1764415582/2025-11-29/10848013.jpg,Chili Cheese Nuggets,"🔥 Spicy, cheesy, and ready to conquer your taste buds! 🍕"
10847940,35.0,Velsmag,Oksekød,Hakket oksekød 4-7%,1,0,ps.,Netto,https://static.tilbudsugen.dk/1st-retail/2025/49/64080/Netto492025-1_9_129x4746_2478x6810_zoom.jpg,2025-11-29,2025-12-05,https://res.cloudinary.com/dfqzmnlga/image/upload/v1764415583/2025-11-29/10847940.jpg,Minced beef 4-7%,"✨ Beefy, bold, and ready to spice things up! 🍔"
10847806,35.0,Velsmag,Oksekød,Hakket oksekød 4-7%,1,0,ps.,Netto,https://static.tilbudsugen.dk/1st-retail/2025/49/64080/Netto492025-1_1_11x2763_2537x4539_zoom.jpg,2025-11-29,2025-12-05,https://res.cloudinary.com/dfqzmnlga/image/upload/v1764415583/2025-11-29/10847806.jpg,Minced beef 4-7%,"Smothered in flavor, ready to conquer any plate 🍳"
10847875,13.0,ØGO,Saucer,Basilikum Pesto,1,0,gl.,Netto,https://static.tilbudsugen.dk/1st-retail/2025/49/64080/Netto492025-1_5_3713x5262_4858x6925_zoom.jpg,2025-11-29,2025-12-05,https://res.cloudinary.com/dfqzmnlga/image/upload/v1764415584/2025-11-29/10847875.jpg,Basil Pesto,"🌿 Spritzing flavor into every bite, with a dash of bold and bright."
10847923,25.0,Riberhus,Skiveost,Skiveost Danbo Mellemlagret,1,0,pk.,Netto,https://static.tilbudsugen.dk/1st-retail/2025/49/64080/Netto492025-1_7_3341x4574_4877x6922_zoom.jpg,2025-11-29,2025-12-05,https://res.cloudinary.com/dfqzmnlga/image/upload/v1764415584/2025-11-29/10847923.jpg,Skiveost Danbo Intermediate stock,Skiveost Danbo Intermediate stock: The ultimate flavor booster for any lazy day! 🍽️
10848108,18.0,Curré,Småkager,Klejner,1,0,bk.,Netto,https://static.tilbudsugen.dk/1st-retail/2025/49/64080/Netto492025-1_21_95x1975_1735x4375_zoom.jpg,2025-11-29,2025-12-05,https://res.cloudinary.com/dfqzmnlga/image/upload/v1764415584/2025-11-29/10848108.jpg,Camper,"Camper: Adventure in a bag, ready to roam and roam. 🚗✨"
10847850,69.0,Svansø,Snacknødder & Nøddeblandinger,Saltristede Mandler,1,0,ps.,Netto,https://static.tilbudsugen.dk/1st-retail/2025/49/64080/Netto492025-1_3_5x3621_2510x6865_zoom.jpg,2025-11-29,2025-12-05,https://res.cloudinary.com/dfqzmnlga/image/upload/v1764415585/2025-11-29/10847850.jpg,Salt-cooked almonds,"Crunchy, salt-kissed delight that turns any snack into a celebration 🍫✨"
10847847,69.0,Svansø,Nødder & Kerner,Cashewnødder,1,0,ps.,Netto,https://static.tilbudsugen.dk/1st-retail/2025/49/64080/Netto492025-1_3_5x3621_2510x6865_zoom.jpg,2025-11-29,2025-12-05,https://res.cloudinary.com/dfqzmnlga/image/upload/v1764415585/2025-11-29/10847847.jpg,Cashew nuts,"Soft, creamy, and slightly nutty — perfect for a cozy snack or a bold twist on a latte. 🍻"
10847943,299.0,Løgismose,Fjerkræ,And,1,2,stk.,Netto,https://static.tilbudsugen.dk/1st-retail/2025/49/64080/Netto492025-1_10_259x127_4998x4142_zoom.jpg,2025-11-29,2025-12-05,https://res.cloudinary.com/dfqzmnlga/image/upload/v1764415586/2025-11-29/10847943.jpg,Duck,I'm a duck who loves to quack in the rain and chase butterflies—because life's too short for boring days. 🐦
10847947,299.0,Løgismose,Fjerkræ,And,1,2,stk.,Netto,https://static.tilbudsugen.dk/1st-retail/2025/49/64080/Netto492025-1_11_1649x2588_3315x5092_zoom.jpg,2025-11-29,2025-12-05,https://res.cloudinary.com/dfqzmnlga/image/upload/v1764415586/2025-11-29/10847947.jpg,Duck,"Duck: ""I'm the ultimate mealie—flaky, juicy, and always ready to cook up a storm!"" 🐦"
10847851,75.0,Original,Snaps,Snaps,1,0,fl.,Netto,https://static.tilbudsugen.dk/1st-retail/2025/49/64080/Netto492025-1_3_2526x3626_4885x6887_zoom.jpg,2025-11-29,2025-12-05,https://res.cloudinary.com/dfqzmnlga/image/upload/v1764415587/2025-11-29/10847851.jpg,Snaps,"Snap the moment, capture the vibe — because life's too short for misses. 📸"
10847886,75.0,Taffel Akvavit,Snaps,Akvavit,1,0,fl.,Netto,https://static.tilbudsugen.dk/1st-retail/2025/49/64080/Netto492025-1_3_2526x3626_4885x6887_zoom.jpg,2025-11-29,2025-12-05,https://res.cloudinary.com/dfqzmnlga/image/upload/v1764415587/2025-11-29/10847886.jpg,Aquavit,"A sip of adventure, a twist on tradition, and a dash of wild flavor—*aquavit* in every drink. 🍸"
10847887,75.0,Original,Likør,Likør,1,0,fl.,Netto,https://static.tilbudsugen.dk/1st-retail/2025/49/64080/Netto492025-1_3_2526x3626_4885x6887_zoom.jpg,2025-11-29,2025-12-05,https://res.cloudinary.com/dfqzmnlga/image/upload/v1764415588/2025-11-29/10847887.jpg,Liqueurs and cordials,"Sip, savor, and swirl—my life's a cocktail! 🍹"
10848014,25.0,GoodLife,Færdigretter Frost,Nacho Cheese Bites,1,0,pk.,Netto,https://static.tilbudsugen.dk/1st-retail/2025/49/64080/Netto492025-1_14_3324x4764_4886x6870_zoom.jpg,2025-11-29,2025-12-05,https://res.cloudinary.com/dfqzmnlga/image/upload/v1764415588/2025-11-29/10848014.jpg,Nacho Cheese Bites,🔥 Cheese bomb that's more fun than a snack!
10847830,10.0,Den Grønne Slagter,"Pålæg, skiveskåret",Kyllingebryst Grillet,1,0,pk.,Netto,https://static.tilbudsugen.dk/1st-retail/2025/49/64080/Netto492025-1_2_54x2557_2343x4749_zoom.jpg,2025-11-29,2025-12-05,https://res.cloudinary.com/dfqzmnlga/image/upload/v1764415589/2025-11-29/10847830.jpg,Chicken breast Grilled,"🔥 Grilled chicken breast, ready to ignite your taste buds and spark a conversation! 🥗"
10847913,15.0,Glyngøre,Konserves,Peberkippers,1,0,ds.,Netto,https://static.tilbudsugen.dk/1st-retail/2025/49/64080/Netto492025-1_6_2400x749_4817x2562_zoom.jpg,2025-11-29,2025-12-05,https://res.cloudinary.com/dfqzmnlga/image/upload/v1764415589/2025-11-29/10847913.jpg,Pepper-kippers,"🔥 Spicy, salty, and ready to spice up your day! 🍴"
10847905,15.0,Glyngøre,Konserves,Kippers i olie,1,0,ds.,Netto,https://static.tilbudsugen.dk/1st-retail/2025/49/64080/Netto492025-1_6_2400x749_4817x2562_zoom.jpg,2025-11-29,2025-12-05,https://res.cloudinary.com/dfqzmnlga/image/upload/v1764415590/2025-11-29/10847905.jpg,Kippers in oil,"Salty, smoky, and slightly spicy—just the way I like to eat. 🍴"
10847912,15.0,Glyngøre,Konserves,Kippers i vand,1,0,ds.,Netto,https://static.tilbudsugen.dk/1st-retail/2025/49/64080/Netto492025-1_6_2400x749_4817x2562_zoom.jpg,2025-11-29,2025-12-05,https://res.cloudinary.com/dfqzmnlga/image/upload/v1764415590/2025-11-29/10847912.jpg,Kippers in water,"Salty, sassy, and slightly salty—perfect for a rainy day. 🍹"
10847968,55.0,Riberhus,Skæreost,Skæreost Danbo Mellemlagret,1,0,stk.,Netto,https://static.tilbudsugen.dk/1st-retail/2025/49/64080/Netto492025-1_13_2521x2951_4938x4867_zoom.jpg,2025-11-29,2025-12-05,https://res.cloudinary.com/dfqzmnlga/image/upload/v1764415591/2025-11-29/10847968.jpg,Cutting cheese Danbo Intermediate stock,"Danbo Intermediate stock, slicing cheese with precision and flair 🍬"
10847925,25.0,Cheasy,Skiveost,Skiveost Mellemlagret 13%,1,0,pk.,Netto,https://static.tilbudsugen.dk/1st-retail/2025/49/64080/Netto492025-1_7_3341x4574_4877x6922_zoom.jpg,2025-11-29,2025-12-05,https://res.cloudinary.com/dfqzmnlga/image/upload/v1764415591/2025-11-29/10847925.jpg,Skiver cheese Intermediate stock 13%,"✨ Curious about the taste of cheese? I'm the Skiver cheese, intermediate stock 13% — ready to melt into your favorite snack. 😋"
10847924,25.0,Cheasy,Skiveost,Skiveost Mild,1,0,pk.,Netto,https://static.tilbudsugen.dk/1st-retail/2025/49/64080/Netto492025-1_7_3341x4574_4877x6922_zoom.jpg,2025-11-29,2025-12-05,https://res.cloudinary.com/dfqzmnlga/image/upload/v1764415591/2025-11-29/10847924.jpg,Slicing cheese Mild,"Slice the cheese, taste the difference. 🍬"
10848012,35.0,Agnes,Færdigretter Køl,Svampe & Bacon Tærte,1,0,bk.,Netto,https://static.tilbudsugen.dk/1st-retail/2025/49/64080/Netto492025-1_14_1683x2873_3332x4850_zoom.jpg,2025-11-29,2025-12-05,https://res.cloudinary.com/dfqzmnlga/image/upload/v1764415592/2025-11-29/10848012.jpg,Mushrooms & Bacon Pie,"✨ Mushrooms & Bacon Pie: Sizzling, savory, and slightly smoky—perfect for a midnight snack or a bold twist on a classic. 🍴"
10848002,35.0,Agnes,Færdigretter Køl,Porre & Bacon Tærte,1,0,bk.,Netto,https://static.tilbudsugen.dk/1st-retail/2025/49/64080/Netto492025-1_14_1683x2873_3332x4850_zoom.jpg,2025-11-29,2025-12-05,https://res.cloudinary.com/dfqzmnlga/image/upload/v1764415592/2025-11-29/10848002.jpg,Pork & Bacon Pie,"Sizzling with flavor, I'm the perfect companion for any meal—whether it's a cozy dinner or a quick snack. 🍴"
10847831,10.0,Den Grønne Slagter,"Pålæg, skiveskåret",Hamburgerryg,1,0,pk.,Netto,https://static.tilbudsugen.dk/1st-retail/2025/49/64080/Netto492025-1_2_54x2557_2343x4749_zoom.jpg,2025-11-29,2025-12-05,https://res.cloudinary.com/dfqzmnlga/image/upload/v1764415593/2025-11-29/10847831.jpg,Hamburger back,"🍔 Double-layered, double-juicy, and always ready to roll—because a good meal deserves a good vibe! 🍔"
10848007,20.0,,Færdigretter Frost,Færdigretter,1,0,stk.,Netto,https://static.tilbudsugen.dk/1st-retail/2025/49/64080/Netto492025-1_14_1657x4919_3349x6844_zoom.jpg,2025-11-29,2025-12-05,https://res.cloudinary.com/dfqzmnlga/image/upload/v1764415593/2025-11-29/10848007.jpg,Prepared meals and dishes,Hungry for flavor? I deliver ready-to-eat joy! 🍽️
10847928,20.0,Bistronne,Fjerkræ,Andebryst,1,0,stk.,Netto,https://static.tilbudsugen.dk/1st-retail/2025/49/64080/Netto492025-1_8_69x706_1683x3011_zoom.jpg,2025-11-29,2025-12-05,https://res.cloudinary.com/dfqzmnlga/image/upload/v1764415594/2025-11-29/10847928.jpg,Duck breast,"✨ Flaky, juicy, and always ready to cook — I'm the duck breast you've been waiting for! 🐦"
10848089,10.0,Tappsy,Slik,Slikposer,1,0,ps.,Netto,https://static.tilbudsugen.dk/1st-retail/2025/49/64080/Netto492025-1_20_2607x2856_4851x4954_zoom.jpg,2025-11-29,2025-12-05,https://res.cloudinary.com/dfqzmnlga/image/upload/v1764415594/2025-11-29/10848089.jpg,Candy bags,✨ Treat yourself to a sweet escape with every bite! ✨
10848088,10.0,Sallos,Slik,Bolsjer,1,0,ps.,Netto,https://static.tilbudsugen.dk/1st-retail/2025/49/64080/Netto492025-1_20_2607x2856_4851x4954_zoom.jpg,2025-11-29,2025-12-05,https://res.cloudinary.com/dfqzmnlga/image/upload/v1764415595/2025-11-29/10848088.jpg,"Peanuts and similar edible parts of plants, prepared or preserved otherwise than by vinegar or acetic acid, whether or not containing added sugar or other sweetening matter","✨ Crunchy, nutty, and always in season — I'm the unsung hero of any snack moment!"
10848090,10.0,Salte Fisk,Slik,Slikposer,1,0,ps.,Netto,https://static.tilbudsugen.dk/1st-retail/2025/49/64080/Netto492025-1_20_2607x2856_4851x4954_zoom.jpg,2025-11-29,2025-12-05,https://res.cloudinary.com/dfqzmnlga/image/upload/v1764415596/2025-11-29/10848090.jpg,Candy bags,"Candy bags: the sweetest escape, always ready to burst into joy 🍬"
10848092,10.0,Eventyrland,Slik,Slikpose Eventyrland Sour,1,0,ps.,Netto,https://static.tilbudsugen.dk/1st-retail/2025/49/64080/Netto492025-1_20_2607x2856_4851x4954_zoom.jpg,2025-11-29,2025-12-05,https://res.cloudinary.com/dfqzmnlga/image/upload/v1764415596/2025-11-29/10848092.jpg,Candy bag Wonderland Sour,✨ Sour sweetness that makes your day just a little bit magical!
10847833,10.0,Den Grønne Slagter,Vegetarpålæg,Veggiepålæg Peberfrugt,1,0,pk.,Netto,https://static.tilbudsugen.dk/1st-retail/2025/49/64080/Netto492025-1_2_54x2557_2343x4749_zoom.jpg,2025-11-29,2025-12-05,https://res.cloudinary.com/dfqzmnlga/image/upload/v1764415597/2025-11-29/10847833.jpg,Veggie vegetables Pepper fruit,"Pepper fruit, veggie veggies – always fresh, always vibrant! 🌱🍅"
10848091,10.0,Eventyrland,Slik,Slikpose Rainbow Edition,1,0,ps.,Netto,https://static.tilbudsugen.dk/1st-retail/2025/49/64080/Netto492025-1_20_2607x2856_4851x4954_zoom.jpg,2025-11-29,2025-12-05,https://res.cloudinary.com/dfqzmnlga/image/upload/v1764415598/2025-11-29/10848091.jpg,Candy Bag Rainbow Edition,"🌈 Jellybean chaos, rainbow dreams, and a sprinkle of fun—just waiting to be shared! 🍬✨"
10847906,45.0,Launis,Rejer og andre skaldyr,Rejer,1,0,bg.,Netto,https://static.tilbudsugen.dk/1st-retail/2025/49/64080/Netto492025-1_6_3280x2415_4903x4738_zoom.jpg,2025-11-29,2025-12-05,https://res.cloudinary.com/dfqzmnlga/image/upload/v1764415598/2025-11-29/10847906.jpg,Shrimps and prawns,"✨ Crave crunch, crinkle, and a little chaos — I'm shrimp and prawn, ready to conquer your taste buds! 🐟"
10847848,69.0,Svansø,Nødder & Kerner,Hasselnøddekerner,1,0,ps.,Netto,https://static.tilbudsugen.dk/1st-retail/2025/49/64080/Netto492025-1_3_5x3621_2510x6865_zoom.jpg,2025-11-29,2025-12-05,https://res.cloudinary.com/dfqzmnlga/image/upload/v1764415599/2025-11-29/10847848.jpg,Beans (without pods),Bean-bag bombshell with a side of hearty cheer 🌱
10847849,69.0,Svansø,Snacknødder & Nøddeblandinger,Saltristede Cashewnødder,1,0,ps.,Netto,https://static.tilbudsugen.dk/1st-retail/2025/49/64080/Netto492025-1_3_5x3621_2510x6865_zoom.jpg,2025-11-29,2025-12-05,https://res.cloudinary.com/dfqzmnlga/image/upload/v1764415599/2025-11-29/10847849.jpg,Salt roasted Cashew nuts,"Crunchy, salty, and satisfying—perfect for any snack time. 🍞"
10848043,139.0,Espresso Barista Perfetto,Kaffe,Kaffebønner,1,1,ps.,Netto,https://static.tilbudsugen.dk/1st-retail/2025/49/64080/Netto492025-1_18_2443x3987_4886x6879_zoom.jpg,2025-11-29,2025-12-05,https://res.cloudinary.com/dfqzmnlga/image/upload/v1764415599/2025-11-29/10848043.jpg,Coffee beans,"☕️ The world needs more coffee, and I'm here to make it happen."
10848044,139.0,Qualita Oro,Kaffe,Kaffebønner,1,1,ps.,Netto,https://static.tilbudsugen.dk/1st-retail/2025/49/64080/Netto492025-1_18_2443x3987_4886x6879_zoom.jpg,2025-11-29,2025-12-05,https://res.cloudinary.com/dfqzmnlga/image/upload/v1764415600/2025-11-29/10848044.jpg,Coffee beans,"☕ Brewed with passion, served with flair—because life's too short for ordinary coffee. 🌟"
10848045,139.0,Qualita Rossa,Kaffe,Kaffebønner,1,1,ps.,Netto,https://static.tilbudsugen.dk/1st-retail/2025/49/64080/Netto492025-1_18_2443x3987_4886x6879_zoom.jpg,2025-11-29,2025-12-05,https://res.cloudinary.com/dfqzmnlga/image/upload/v1764415600/2025-11-29/10848045.jpg,Coffee beans,☕️ The world needs more coffee wisdom.
10848046,139.0,Espresso,Kaffe,Kaffebønner,1,1,ps.,Netto,https://static.tilbudsugen.dk/1st-retail/2025/49/64080/Netto492025-1_18_2443x3987_4886x6879_zoom.jpg,2025-11-29,2025-12-05,https://res.cloudinary.com/dfqzmnlga/image/upload/v1764415601/2025-11-29/10848046.jpg,Coffee beans,☕️ The world needs more coffee wisdom.
10848047,139.0,Brazil,Kaffe,Kaffebønner,1,1,ps.,Netto,https://static.tilbudsugen.dk/1st-retail/2025/49/64080/Netto492025-1_18_2443x3987_4886x6879_zoom.jpg,2025-11-29,2025-12-05,https://res.cloudinary.com/dfqzmnlga/image/upload/v1764415602/2025-11-29/10848047.jpg,Coffee beans,"☕️ The world needs more coffee, and I'm here to make it happen."
10848030,28.25,ØGO,Pålægspølser,Spegepølse Mild,1,0,stk.,Netto,https://static.tilbudsugen.dk/1st-retail/2025/49/64080/Netto492025-1_16_2452x680_4877x4004_zoom.jpg,2025-11-29,2025-12-05,https://res.cloudinary.com/dfqzmnlga/image/upload/v1764415602/2025-11-29/10848030.jpg,Sausage Mild,"Sizzling with smoky charm, I'm the mild sausage that brings a little heat to any meal. 🍔"
10847865,10.0,Harvest Best,Grøntsager,Persille,1,0,ps.,Netto,https://static.tilbudsugen.dk/1st-retail/2025/49/64080/Netto492025-1_4_2494x3675_4928x6887_zoom.jpg,2025-11-29,2025-12-05,https://res.cloudinary.com/dfqzmnlga/image/upload/v1764415603/2025-11-29/10847865.jpg,Parsley,"Parsley: The green whisper of spring, always fresh, always bold. 🌿"
10847829,10.0,Den Grønne Slagter,"Pålæg, skiveskåret",Rullepølse med Løg & Krydderier,1,0,pk.,Netto,https://static.tilbudsugen.dk/1st-retail/2025/49/64080/Netto492025-1_2_54x2557_2343x4749_zoom.jpg,2025-11-29,2025-12-05,https://res.cloudinary.com/dfqzmnlga/image/upload/v1764415603/2025-11-29/10847829.jpg,Roller Sausage with Onion & Spices,"Sizzle it, spice it, and let the onions take the lead—this sausage is a flavor explosion in every bite! 🍳"
10847993,10.0,La Campagna,"Pålæg, skiveskåret",Salchichón,1,0,pk.,Netto,https://static.tilbudsugen.dk/1st-retail/2025/49/64080/Netto492025-1_14_26x766_1701x2925_zoom.jpg,2025-11-29,2025-12-05,https://res.cloudinary.com/dfqzmnlga/image/upload/v1764415604/2025-11-29/10847993.jpg,Salchichón,"🔥 Spicy sausage with a twist, ready to ignite your taste buds! 🐖"
10847996,22.0,Bådsmand,Røget og gravad,Makrelfilet,1,0,pk.,Netto,https://static.tilbudsugen.dk/1st-retail/2025/49/64080/Netto492025-1_14_1709x715_3237x2864_zoom.jpg,2025-11-29,2025-12-05,https://res.cloudinary.com/dfqzmnlga/image/upload/v1764415604/2025-11-29/10847996.jpg,Mackerel fillets,"Tossing a little fish into the mix, I'm the salty, spicy punch that turns ordinary days into epic adventures. 🐟"
10847995,22.0,Bådsmand,Røget og gravad,Makrel,1,0,bk.,Netto,https://static.tilbudsugen.dk/1st-retail/2025/49/64080/Netto492025-1_14_1709x715_3237x2864_zoom.jpg,2025-11-29,2025-12-05,https://res.cloudinary.com/dfqzmnlga/image/upload/v1764415604/2025-11-29/10847995.jpg,Mackerel,"Silky smooth, sharp as a knife, and ready to conquer the sea — 🐟"
10848175,25.0,Raakraft,Hundefoder,Hundesnacks,1,0,ps.,Netto,https://static.tilbudsugen.dk/1st-retail/2025/49/64080/Netto492025-1_25_112x2804_2279x4885_zoom.jpg,2025-11-29,2025-12-05,https://res.cloudinary.com/dfqzmnlga/image/upload/v1764415605/2025-11-29/10848175.jpg,Dog snacks,🐾 Snack time for the dog! 🐾
10847932,89.0,Velsmag,Fersk fisk,Lakseside,1,0,pk.,Netto,https://static.tilbudsugen.dk/1st-retail/2025/49/64080/Netto492025-1_8_3039x4876_4860x6905_zoom.jpg,2025-11-29,2025-12-05,https://res.cloudinary.com/dfqzmnlga/image/upload/v1764415605/2025-11-29/10847932.jpg,Salmonside,"✨ Salmonside: The salty, spicy, and slightly sweet sidekick to your meal! 🍣"
10848131,115.0,,Italienske vine,Italiensk Rødvin,1,0,fl.,Netto,https://static.tilbudsugen.dk/1st-retail/2025/49/64080/Netto492025-1_23_2693x171_4877x2882_zoom.jpg,2025-11-29,2025-12-05,https://res.cloudinary.com/dfqzmnlga/image/upload/v1764415606/2025-11-29/10848131.jpg,Italian Red Wine,"Sip, savor, and savor the taste of adventure—🍷 🌍"
10848135,109.0,Spiced Gold,Rom,Rom,1,0,fl.,Netto,https://static.tilbudsugen.dk/1st-retail/2025/49/64080/Netto492025-1_23_147x292_2417x4841_zoom.jpg,2025-11-29,2025-12-05,https://res.cloudinary.com/dfqzmnlga/image/upload/v1764415606/2025-11-29/10848135.jpg,Rome,"✨ Rome, the city that never sleeps and never stops dreaming. 🌟"
10848136,109.0,London Dry Gin,Gin,Gin,1,0,fl.,Netto,https://static.tilbudsugen.dk/1st-retail/2025/49/64080/Netto492025-1_23_147x292_2417x4841_zoom.jpg,2025-11-29,2025-12-05,https://res.cloudinary.com/dfqzmnlga/image/upload/v1764415607/2025-11-29/10848136.jpg,Gin,"Sip, savor, and sway—my drink is always in motion. 🍸"
10848137,109.0,Red Label,Whisky,Whisky,1,0,fl.,Netto,https://static.tilbudsugen.dk/1st-retail/2025/49/64080/Netto492025-1_23_147x292_2417x4841_zoom.jpg,2025-11-29,2025-12-05,https://res.cloudinary.com/dfqzmnlga/image/upload/v1764415607/2025-11-29/10848137.jpg,Whiskey,"Whiskey: ""Sip, savor, and never forget the taste of a good night."" 🍸"
10848138,109.0,Smirnoff,Vodka,Vodka,1,0,fl.,Netto,https://static.tilbudsugen.dk/1st-retail/2025/49/64080/Netto492025-1_23_147x292_2417x4841_zoom.jpg,2025-11-29,2025-12-05,https://res.cloudinary.com/dfqzmnlga/image/upload/v1764415607/2025-11-29/10848138.jpg,Vodka,"Vodka: ""I'm the night shift, always ready to mix up a great drink."" 🍸"
10848139,109.0,1-Enkelt,Bitter,Bitter,1,0,fl.,Netto,https://static.tilbudsugen.dk/1st-retail/2025/49/64080/Netto492025-1_23_147x292_2417x4841_zoom.jpg,2025-11-29,2025-12-05,https://res.cloudinary.com/dfqzmnlga/image/upload/v1764415608/2025-11-29/10848139.jpg,Bitter,"Bitter. I taste the end of summer, the last sip of wine, the quiet end of a story. 🍷"
10848162,39.0,Stuhr,Balsam,Balsam,1,0,stk.,Netto,https://static.tilbudsugen.dk/1st-retail/2025/49/64080/Netto492025-1_24_43x706_3324x2907_zoom.jpg,2025-11-29,2025-12-05,https://res.cloudinary.com/dfqzmnlga/image/upload/v1764415608/2025-11-29/10848162.jpg,Balsam,✨ A soothing balm for your soul and your skin 🌿
10848163,39.0,Stuhr,Shampoo,Shampoo,1,0,stk.,Netto,https://static.tilbudsugen.dk/1st-retail/2025/49/64080/Netto492025-1_24_43x706_3324x2907_zoom.jpg,2025-11-29,2025-12-05,https://res.cloudinary.com/dfqzmnlga/image/upload/v1764415609/2025-11-29/10848163.jpg,Shampoo,"✨ Shine bright, wash away stress, and keep your hair glowing — I'm the hero in every messy hair adventure! ✨"
10848057,10.0,Cup Noodles,Færdigretter,Spiced Curry Noodles,1,0,bg.,Netto,https://static.tilbudsugen.dk/1st-retail/2025/49/64080/Netto492025-1_19_2486x2847_4895x4859_zoom.jpg,2025-11-29,2025-12-05,https://res.cloudinary.com/dfqzmnlga/image/upload/v1764415609/2025-11-29/10848057.jpg,Spiced Curry Noodles,🔥 Spiced Curry Noodles: The ultimate flavor bomb that turns any meal into a celebration! 🍜
10848055,10.0,Cup Noodles,Færdigretter,Ginger Chicken Noodles,1,0,bg.,Netto,https://static.tilbudsugen.dk/1st-retail/2025/49/64080/Netto492025-1_19_2486x2847_4895x4859_zoom.jpg,2025-11-29,2025-12-05,https://res.cloudinary.com/dfqzmnlga/image/upload/v1764415610/2025-11-29/10848055.jpg,Ginger Chicken Noodles,"Sizzling with spice, this ginger chicken noodles stir-fry is the ultimate flavor bomb—perfect for a quick, spicy meal! 🍜🔥"
10848056,10.0,Cup Noodles,Færdigretter,5 Spices Beef Noodles,1,0,bg.,Netto,https://static.tilbudsugen.dk/1st-retail/2025/49/64080/Netto492025-1_19_2486x2847_4895x4859_zoom.jpg,2025-11-29,2025-12-05,https://res.cloudinary.com/dfqzmnlga/image/upload/v1764415611/2025-11-29/10848056.jpg,5 Spices Beef Noodles,"Sizzling with flavor, this noodle is the ultimate flavor bomb—perfect for any meal! 🍜🔥"
10847955,29.0,Løgismose,Kiks,Rugkiks med Kommen,1,0,pk.,Netto,https://static.tilbudsugen.dk/1st-retail/2025/49/64080/Netto492025-1_11_3315x5118_4869x6862_zoom.jpg,2025-11-29,2025-12-05,https://res.cloudinary.com/dfqzmnlga/image/upload/v1764415611/2025-11-29/10847955.jpg,Rug biscuit with Caraway,"A spicy, smoky treat that brings warmth and flavor to any meal, with a hint of caraway that's both bold and delightful 🌶️"
10847957,29.0,Løgismose,Kiks,Rugkiks med Kerner og Frø,1,0,pk.,Netto,https://static.tilbudsugen.dk/1st-retail/2025/49/64080/Netto492025-1_11_3315x5118_4869x6862_zoom.jpg,2025-11-29,2025-12-05,https://res.cloudinary.com/dfqzmnlga/image/upload/v1764415612/2025-11-29/10847957.jpg,Rye biscuit with Kernels and Seeds,Toast-worthy joy with a sprinkle of earthy flavor 🍞
10847956,29.0,Løgismose,Kiks,Rugkiks med Rosmarin og Havsalt,1,0,pk.,Netto,https://static.tilbudsugen.dk/1st-retail/2025/49/64080/Netto492025-1_11_3315x5118_4869x6862_zoom.jpg,2025-11-29,2025-12-05,https://res.cloudinary.com/dfqzmnlga/image/upload/v1764415612/2025-11-29/10847956.jpg,Rug biscuits with rosemary and sea salt,"Rug biscuits with rosemary and sea salt — perfect for a cozy, rustic vibe. 🍲"
10847846,69.0,Svansø,Snacknødder & Nøddeblandinger,Saltristede Pistacienødder,1,0,ps.,Netto,https://static.tilbudsugen.dk/1st-retail/2025/49/64080/Netto492025-1_3_5x3621_2510x6865_zoom.jpg,2025-11-29,2025-12-05,https://res.cloudinary.com/dfqzmnlga/image/upload/v1764415613/2025-11-29/10847846.jpg,Salt roasted pistachios,"Crunchy, smoky, and perfect for any snack time — just add some life to your day! 🍬"
10847954,25.0,Løgismose,Skiveost,Skiveost Aged Havarti,1,0,pk.,Netto,https://static.tilbudsugen.dk/1st-retail/2025/49/64080/Netto492025-1_11_1692x5187_3332x6870_zoom.jpg,2025-11-29,2025-12-05,https://res.cloudinary.com/dfqzmnlga/image/upload/v1764415614/2025-11-29/10847954.jpg,Skiveost Aged Havarti,"Savory, slightly cheesy, and always ready to melt into a perfect bite 🧀"
10847911,55.0,Premieur,Rejer og andre skaldyr,Rejer,1,0,ps.,Netto,https://static.tilbudsugen.dk/1st-retail/2025/49/64080/Netto492025-1_6_35x2459_1709x4703_zoom.jpg,2025-11-29,2025-12-05,https://res.cloudinary.com/dfqzmnlga/image/upload/v1764415614/2025-11-29/10847911.jpg,Shrimps and prawns,"Crunchy and clink-clink, I’m the ultimate seafood crowd pleaser — perfect for a midnight snack or a bold seafood dish. 🐟🦐"
10848160,25.0,Colgate,Tandpleje,Tandpasta,1,0,pk.,Netto,https://static.tilbudsugen.dk/1st-retail/2025/49/64080/Netto492025-1_24_17x2873_1692x4893_zoom.jpg,2025-11-29,2025-12-05,https://res.cloudinary.com/dfqzmnlga/image/upload/v1764415615/2025-11-29/10848160.jpg,Toothpaste,"Glow up, brush up, and never forget your sparkle—✨"
10847953,25.0,Løgismose,Skiveost,Skiveost Jysk Hede,1,0,pk.,Netto,https://static.tilbudsugen.dk/1st-retail/2025/49/64080/Netto492025-1_11_1692x5187_3332x6870_zoom.jpg,2025-11-29,2025-12-05,https://res.cloudinary.com/dfqzmnlga/image/upload/v1764415615/2025-11-29/10847953.jpg,Skiveost Jysk Hede,"Skiveost Jysk Hede: The one who always forgets their own schedule, but never misses a chance to steal the spotlight. 🌟"
10848084,10.0,Carletti,Slik,Skumbananer,1,0,ps.,Netto,https://static.tilbudsugen.dk/1st-retail/2025/49/64080/Netto492025-1_20_26x2795_2478x4962_zoom.jpg,2025-11-29,2025-12-05,https://res.cloudinary.com/dfqzmnlga/image/upload/v1764415616/2025-11-29/10848084.jpg,Foam bananas,Sip on the sweetest surprise—foam bananas that float like dreams in your glass! 🍌✨
10848083,10.0,Carletti,Slik,P-Tærter Original,1,0,ps.,Netto,https://static.tilbudsugen.dk/1st-retail/2025/49/64080/Netto492025-1_20_26x2795_2478x4962_zoom.jpg,2025-11-29,2025-12-05,https://res.cloudinary.com/dfqzmnlga/image/upload/v1764415616/2025-11-29/10848083.jpg,P-Pies Original,"✨ P-Pies Original: Crispy, cheesy, and just perfect for a rainy day. 🍞"
10848085,10.0,Carletti,Slik,P-tærter Karamel,1,0,ps.,Netto,https://static.tilbudsugen.dk/1st-retail/2025/49/64080/Netto492025-1_20_26x2795_2478x4962_zoom.jpg,2025-11-29,2025-12-05,https://res.cloudinary.com/dfqzmnlga/image/upload/v1764415616/2025-11-29/10848085.jpg,Pies Caramel,"Crumbs, crusts, and cozy vibes — perfect for a rainy day. 🍞"
10848082,10.0,Carletti,Slik,Brazil,1,0,ps.,Netto,https://static.tilbudsugen.dk/1st-retail/2025/49/64080/Netto492025-1_20_26x2795_2478x4962_zoom.jpg,2025-11-29,2025-12-05,https://res.cloudinary.com/dfqzmnlga/image/upload/v1764415617/2025-11-29/10848082.jpg,Brazil,"✨ Brasil, the flavor of the world in a bag! 🌍✈️"
10847950,26.0,Løgismose,Sild,Sild,1,0,bg.,Netto,https://static.tilbudsugen.dk/1st-retail/2025/49/64080/Netto492025-1_11_3142x3374_4903x5109_zoom.jpg,2025-11-29,2025-12-05,https://res.cloudinary.com/dfqzmnlga/image/upload/v1764415618/2025-11-29/10847950.jpg,Herring,"Sashimi master, sushi enthusiast, and occasional seafood diplomat. 🍣"
10848180,9.0,,Kattefoder,Kattesnacks,1,0,pk.,Netto,https://static.tilbudsugen.dk/1st-retail/2025/49/64080/Netto492025-1_25_95x4781_1778x6827_zoom.jpg,2025-11-29,2025-12-05,https://res.cloudinary.com/dfqzmnlga/image/upload/v1764415618/2025-11-29/10848180.jpg,Cat snacks,Savory bites that make your cat smile — and your heart skip a beat. 🐾
10847915,45.0,,Røget og gravad,Laks i skiver,1,0,pk.,Netto,https://static.tilbudsugen.dk/1st-retail/2025/49/64080/Netto492025-1_6_3280x2415_4903x4738_zoom.jpg,2025-11-29,2025-12-05,https://res.cloudinary.com/dfqzmnlga/image/upload/v1764415618/2025-11-29/10847915.jpg,Salmon in slices,"Sizzling with flavor, ready to conquer your taste buds! 🍣"
10847910,55.0,Premieur,Rejer og andre skaldyr,Rejer,1,0,bg.,Netto,https://static.tilbudsugen.dk/1st-retail/2025/49/64080/Netto492025-1_6_35x2459_1709x4703_zoom.jpg,2025-11-29,2025-12-05,https://res.cloudinary.com/dfqzmnlga/image/upload/v1764415619/2025-11-29/10847910.jpg,Shrimps and prawns,"Craving a feast? I’m the star of the seafood scene—shrimps and prawns, ready to shine! 🍤✨"
10848080,14.0,Guldknas,Chokolade,Dragée Dronningmandler,1,0,ps.,Netto,https://static.tilbudsugen.dk/1st-retail/2025/49/64080/Netto492025-1_20_3194x335_4929x2787_zoom.jpg,2025-11-29,2025-12-05,https://res.cloudinary.com/dfqzmnlga/image/upload/v1764415619/2025-11-29/10848080.jpg,Dragée Queenmandler,"✨ Dragoé Queenmandler: The sweetest sorbet in the galaxy, serving flavor like a dessert in a dream. 🍫"
10848079,14.0,Guldknas,Chokolade,Dragée Pariserlinser,1,0,ps.,Netto,https://static.tilbudsugen.dk/1st-retail/2025/49/64080/Netto492025-1_20_3194x335_4929x2787_zoom.jpg,2025-11-29,2025-12-05,https://res.cloudinary.com/dfqzmnlga/image/upload/v1764415620/2025-11-29/10848079.jpg,Dragée Pariserlinser,"✨ A sweet, sticky delight that melts in your mouth and leaves you wanting more! ✨"
10848081,14.0,Guldknas,Chokolade,Dragée Kongemandler,1,0,ps.,Netto,https://static.tilbudsugen.dk/1st-retail/2025/49/64080/Netto492025-1_20_3194x335_4929x2787_zoom.jpg,2025-11-29,2025-12-05,https://res.cloudinary.com/dfqzmnlga/image/upload/v1764415621/2025-11-29/10848081.jpg,Dragée Kongmandler,"✨ A sweet, spicy, and slightly chaotic dragon that loves to snack on chaos and share its delicious secrets. ✨"
10847951,49.0,Løgismose,And,Confiteret andelår,1,0,stk.,Netto,https://static.tilbudsugen.dk/1st-retail/2025/49/64080/Netto492025-1_11_69x4919_1614x6844_zoom.jpg,2025-11-29,2025-12-05,https://res.cloudinary.com/dfqzmnlga/image/upload/v1764415621/2025-11-29/10847951.jpg,Shared share year,✨ Shared share year 🌟
10847985,10.0,La Campagna,"Pålæg, skiveskåret",Salami Spicy Ventricina,1,0,pk.,Netto,https://static.tilbudsugen.dk/1st-retail/2025/49/64080/Netto492025-1_14_26x766_1701x2925_zoom.jpg,2025-11-29,2025-12-05,https://res.cloudinary.com/dfqzmnlga/image/upload/v1764415622/2025-11-29/10847985.jpg,Salami Spicy Ventricina,🔥 Salami Spicy Ventricina: The flavor that makes every bite a spicy adventure! 🍴
10847994,10.0,La Campagna,"Pålæg, skiveskåret",Skinke,1,0,pk.,Netto,https://static.tilbudsugen.dk/1st-retail/2025/49/64080/Netto492025-1_14_26x766_1701x2925_zoom.jpg,2025-11-29,2025-12-05,https://res.cloudinary.com/dfqzmnlga/image/upload/v1764415622/2025-11-29/10847994.jpg,Ham,"Savoring the crunch of a perfect bite, ready to conquer your cravings. 🍗"
10847984,10.0,La Campagna,"Pålæg, skiveskåret",Salami Milano Salame,1,0,pk.,Netto,https://static.tilbudsugen.dk/1st-retail/2025/49/64080/Netto492025-1_14_26x766_1701x2925_zoom.jpg,2025-11-29,2025-12-05,https://res.cloudinary.com/dfqzmnlga/image/upload/v1764415623/2025-11-29/10847984.jpg,Salami Milano Salame,"Savory, smoky, and slightly spicy—perfect for a midnight snack! 🍴"
10847987,10.0,La Campagna,"Pålæg, skiveskåret",Lufttørret Skinke,1,0,pk.,Netto,https://static.tilbudsugen.dk/1st-retail/2025/49/64080/Netto492025-1_14_26x766_1701x2925_zoom.jpg,2025-11-29,2025-12-05,https://res.cloudinary.com/dfqzmnlga/image/upload/v1764415623/2025-11-29/10847987.jpg,Air-dried Ham,"Savoring the perfect bite, one salty slice at a time. 🍴"
10847991,10.0,La Campagna,"Pålæg, skiveskåret",Chorizo,1,0,pk.,Netto,https://static.tilbudsugen.dk/1st-retail/2025/49/64080/Netto492025-1_14_26x766_1701x2925_zoom.jpg,2025-11-29,2025-12-05,https://res.cloudinary.com/dfqzmnlga/image/upload/v1764415626/2025-11-29/10847991.jpg,Chorizo,"🔥 Spicy, smoky, and ready to ignite your taste buds—chorizo is the flavor that never says 'no'! 🍳"
10847990,10.0,La Campagna,"Pålæg, skiveskåret",Jamon Serrano,1,0,pk.,Netto,https://static.tilbudsugen.dk/1st-retail/2025/49/64080/Netto492025-1_14_26x766_1701x2925_zoom.jpg,2025-11-29,2025-12-05,https://res.cloudinary.com/dfqzmnlga/image/upload/v1764415626/2025-11-29/10847990.jpg,Jamon Serrano,"Salty, smoky, and slightly spicy — the perfect companion to a cold beer or a good story. 🍻"
10847986,10.0,La Campagna,"Pålæg, skiveskåret",Mortadella,1,0,pk.,Netto,https://static.tilbudsugen.dk/1st-retail/2025/49/64080/Netto492025-1_14_26x766_1701x2925_zoom.jpg,2025-11-29,2025-12-05,https://res.cloudinary.com/dfqzmnlga/image/upload/v1764415627/2025-11-29/10847986.jpg,Mortadella,"Savory, smoky, and slightly spicy — the perfect partner to a good wine. 🍷"
10847989,10.0,La Campagna,Pålægspølser,Fuet,1,0,pk.,Netto,https://static.tilbudsugen.dk/1st-retail/2025/49/64080/Netto492025-1_14_26x766_1701x2925_zoom.jpg,2025-11-29,2025-12-05,https://res.cloudinary.com/dfqzmnlga/image/upload/v1764415627/2025-11-29/10847989.jpg,Fuet,"Fuet: The sweet, sweet spice that turns mundane into magical, with a dash of mischief and a sprinkle of fun. 🌟"
10847952,25.0,Løgismose,Specialost,Skimmelost Blå Ost,1,0,pk.,Netto,https://static.tilbudsugen.dk/1st-retail/2025/49/64080/Netto492025-1_11_1692x5187_3332x6870_zoom.jpg,2025-11-29,2025-12-05,https://res.cloudinary.com/dfqzmnlga/image/upload/v1764415628/2025-11-29/10847952.jpg,Skimmelost Blue Cheese,"Cheesy delight, ready to melt into your heart — 🥕✨"
10848095,65.0,Aftenstunder,Chokolade,Dessertchokolade,1,0,æsk.,Netto,https://static.tilbudsugen.dk/1st-retail/2025/49/64080/Netto492025-1_20_9x5049_1744x6862_zoom.jpg,2025-11-29,2025-12-05,https://res.cloudinary.com/dfqzmnlga/image/upload/v1764415628/2025-11-29/10848095.jpg,Dessert chocolate,✨ Treat yourself to a sweet escape with every bite!
10848074,10.0,Guldbarre,Chokolade,Chokoladebar Hasselnød,1,0,stk.,Netto,https://static.tilbudsugen.dk/1st-retail/2025/49/64080/Netto492025-1_20_1485x317_3306x2821_zoom.jpg,2025-11-29,2025-12-05,https://res.cloudinary.com/dfqzmnlga/image/upload/v1764415629/2025-11-29/10848074.jpg,Chocolate-bar Hazelnut,"I'm the sweetest chocolate bar with a hint of hazelnut—crumbly, delicious, and always ready to melt your day. 🍫"
10848075,10.0,Guldbarre,Chokolade,Chokoladebar Saltkaramel,1,0,stk.,Netto,https://static.tilbudsugen.dk/1st-retail/2025/49/64080/Netto492025-1_20_1485x317_3306x2821_zoom.jpg,2025-11-29,2025-12-05,https://res.cloudinary.com/dfqzmnlga/image/upload/v1764415629/2025-11-29/10848075.jpg,Chocolateable Salt Caramel,"✨ Salted with joy, caramelized with love—because life's too short for boring flavors. ✨"
10848076,10.0,Guldbarre,Chokolade,Chokoladebar Mælkechokolade,1,0,stk.,Netto,https://static.tilbudsugen.dk/1st-retail/2025/49/64080/Netto492025-1_20_1485x317_3306x2821_zoom.jpg,2025-11-29,2025-12-05,https://res.cloudinary.com/dfqzmnlga/image/upload/v1764415630/2025-11-29/10848076.jpg,Chocolate bar Milk chocolate,Dark chocolate lover | 🍫✨
10848073,10.0,Guldbarre,Chokolade,Chokoladebar Mørk Chokolade,1,0,stk.,Netto,https://static.tilbudsugen.dk/1st-retail/2025/49/64080/Netto492025-1_20_1485x317_3306x2821_zoom.jpg,2025-11-29,2025-12-05,https://res.cloudinary.com/dfqzmnlga/image/upload/v1764415630/2025-11-29/10848073.jpg,Chocolate bar Dark Chocolate,"🍫 Savor the sweetest delight, one bar at a time. 🌟"
10848077,10.0,Guldbarre,Chokolade,Chokoladebar Orangeknas,1,0,stk.,Netto,https://static.tilbudsugen.dk/1st-retail/2025/49/64080/Netto492025-1_20_1485x317_3306x2821_zoom.jpg,2025-11-29,2025-12-05,https://res.cloudinary.com/dfqzmnlga/image/upload/v1764415630/2025-11-29/10848077.jpg,Chocolate bar Orangeknas,✨ Treat yourself to a sweet escape with a chocolate bar and a touch of orange joy! 🍫🍊
10848078,10.0,Guldbarre,Chokolade,Chokoladebar Knas,1,0,stk.,Netto,https://static.tilbudsugen.dk/1st-retail/2025/49/64080/Netto492025-1_20_1485x317_3306x2821_zoom.jpg,2025-11-29,2025-12-05,https://res.cloudinary.com/dfqzmnlga/image/upload/v1764415631/2025-11-29/10848078.jpg,Chocolate Bar Knas,"✨ Chocolate Bar Knas: The sweetest escape, always. 🍫"
10847929,35.0,Velsmag,Oksekød,Ribeye,1,0,bk.,Netto,https://static.tilbudsugen.dk/1st-retail/2025/49/64080/Netto492025-1_8_69x3063_2098x4867_zoom.jpg,2025-11-29,2025-12-05,https://res.cloudinary.com/dfqzmnlga/image/upload/v1764415631/2025-11-29/10847929.jpg,Ribeye,"Savor the flavor, bold and rich, with a side of fire. 🍲"
10848204,40.0,Nord Home LIving,Luftfrisker,Duftolie,1,0,stk.,Netto,https://static.tilbudsugen.dk/1st-retail/2025/49/64080/Netto492025-1_27_207x179_4800x6905_zoom.jpg,2025-11-29,2025-12-05,https://res.cloudinary.com/dfqzmnlga/image/upload/v1764415632/2025-11-29/10848204.jpg,Scent oil,Scent your day with a whisper of magic 🌟
10847903,29.0,Premieur,Røget og gravad,Laks i skiver,1,0,pk.,Netto,https://static.tilbudsugen.dk/1st-retail/2025/49/64080/Netto492025-1_6_86x715_2374x2528_zoom.jpg,2025-11-29,2025-12-05,https://res.cloudinary.com/dfqzmnlga/image/upload/v1764415632/2025-11-29/10847903.jpg,Salmon in slices,"Sashimi lover, slicing paradise, and the ocean's favorite snack. 🍣"
10790698,17.0,Barebells,Snacks/bar,Energibar,1,0,stk.,Netto,https://static.tilbudsugen.dk/1st-retail/2025/45/63794/Netto442025-1_32_1676x2777_3306x4816_zoom.jpg,2025-11-01,2025-11-30,https://res.cloudinary.com/dfqzmnlga/image/upload/v1764415632/2025-11-29/10790698.jpg,Energyable,"✨ Supercharged with energy, ready to conquer anything! ✨"
10848153,39.0,Triple Active,Ansigtspleje,Creme,1,0,stk.,Netto,https://static.tilbudsugen.dk/1st-retail/2025/49/64080/Netto492025-1_24_43x706_3324x2907_zoom.jpg,2025-11-29,2025-12-05,https://res.cloudinary.com/dfqzmnlga/image/upload/v1764415633/2025-11-29/10848153.jpg,Cream,"Sooapy and creamy, with a touch of magic—perfect for any occasion. 🍶"
10808512,30.0,,Diverse,Sovemaske,1,0,stk.,Netto,https://static.tilbudsugen.dk/1st-retail/2025/46/63858/Netto452025-1_37_2346x4430_4943x6697_zoom.jpg,2025-11-08,2025-12-12,https://res.cloudinary.com/dfqzmnlga/image/upload/v1764415633/2025-11-29/10808512.jpg,Sleeping mask,"✨ Slumbering silently to wake up brighter, cleaner, and more refreshed. ✨"
10808519,199.0,,Boligtekstiler,Pudebetræk,1,0,stk.,Netto,https://static.tilbudsugen.dk/1st-retail/2025/46/63858/Netto452025-1_37_2534x2966_4974x4761_zoom.jpg,2025-11-08,2025-12-12,https://res.cloudinary.com/dfqzmnlga/image/upload/v1764415634/2025-11-29/10808519.jpg,Cushion covers,"Soft, cozy, and just the right amount of cushion—perfect for any moment. 🛋️"
10808523,25.0,Sinful,Spil,Voksenspil,1,0,stk.,Netto,https://static.tilbudsugen.dk/1st-retail/2025/46/63858/Netto452025-1_37_260x1108_1299x2864_zoom.jpg,2025-11-08,2025-12-12,https://res.cloudinary.com/dfqzmnlga/image/upload/v1764415634/2025-11-29/10808523.jpg,Adult Play,"Playful, bold, and always ready to roll — 🎉"
10808527,199.0,Sinful,Diverse,Sexlegetøj,1,0,stk.,Netto,https://static.tilbudsugen.dk/1st-retail/2025/46/63858/Netto452025-1_37_2306x486_3440x2698_zoom.jpg,2025-11-08,2025-12-12,https://res.cloudinary.com/dfqzmnlga/image/upload/v1764415634/2025-11-29/10808527.jpg,Sex toys,"✨ Playful, curious, and ready to explore the wild side of pleasure — because life's too short for boring fun! 🌟"
10808528,79.0,Sinful,Spil,Voksenspil,1,0,stk.,Netto,https://static.tilbudsugen.dk/1st-retail/2025/46/63858/Netto452025-1_37_3211x738_4699x1990_zoom.jpg,2025-11-08,2025-12-12,https://res.cloudinary.com/dfqzmnlga/image/upload/v1764415635/2025-11-29/10808528.jpg,Adult Play,"Playful, curious, and always ready to explore—Adult Play. 🎉"
10848994,99.0,,Køkken & værktøj m.m.,Legehusholdning,1,0,stk.,Netto,https://static.tilbudsugen.dk/1st-retail/2025/49/64080/Netto492025-1_35_314x51_4834x2367_zoom.jpg,2025-11-29,2025-12-05,https://res.cloudinary.com/dfqzmnlga/image/upload/v1764415635/2025-11-29/10848994.jpg,Playhouses,🎭 Playhouses 🎭 — where every room is a stage and every night is a performance. 🎭
10848996,30.0,,Børnebøger,Børnebøger,1,0,stk.,Netto,https://static.tilbudsugen.dk/1st-retail/2025/49/64080/Netto492025-1_35_261x4646_2436x6798_zoom.jpg,2025-11-29,2025-12-05,https://res.cloudinary.com/dfqzmnlga/image/upload/v1764415636/2025-11-29/10848996.jpg,Children's books,"📖 Love stories that spark imagination, one page at a time. 📚"
10849006,50.0,,Skønlitteratur,Skønlitteratur,1,0,stk.,Netto,https://static.tilbudsugen.dk/1st-retail/2025/49/64080/Netto492025-1_37_202x312_2488x2546_zoom.jpg,2025-11-29,2025-12-05,https://res.cloudinary.com/dfqzmnlga/image/upload/v1764415636/2025-11-29/10849006.jpg,Wonderful literature,📖✨ A book that turns every day into a storybook adventure!
10849007,50.0,,Skønlitteratur,Skønlitteratur,1,0,stk.,Netto,https://static.tilbudsugen.dk/1st-retail/2025/49/64080/Netto492025-1_37_2480x230_4692x2464_zoom.jpg,2025-11-29,2025-12-05,https://res.cloudinary.com/dfqzmnlga/image/upload/v1764415637/2025-11-29/10849007.jpg,Wonderful literature,📖✨ A reader who turns mundane moments into magical stories.
10848208,40.0,Nord Home LIving,Dufteprodukter,Duftlys i glas,1,0,stk.,Netto,https://static.tilbudsugen.dk/1st-retail/2025/49/64080/Netto492025-1_27_207x179_4800x6905_zoom.jpg,2025-11-29,2025-12-05,https://res.cloudinary.com/dfqzmnlga/image/upload/v1764415637/2025-11-29/10848208.jpg,Scented candles in glass,✨ Sparkle with warmth and fragrance — your sanctuary in every glass jar. ✨
10848215,40.0,,Køkkenredskaber,Saltkar,1,0,stk.,Netto,https://static.tilbudsugen.dk/1st-retail/2025/49/64080/Netto492025-1_28_1916x3745_4756x6879_zoom.jpg,2025-11-29,2025-12-05,https://res.cloudinary.com/dfqzmnlga/image/upload/v1764415638/2025-11-29/10848215.jpg,Salting vessels,"✨ Salt master of the sea, where flavor meets flavor—taste the difference. ✨"
10848235,40.0,,"Skåle, fade og forme",Skål,1,0,stk.,Netto,https://static.tilbudsugen.dk/1st-retail/2025/49/64080/Netto492025-1_28_207x257_4834x3754_zoom.jpg,2025-11-29,2025-12-05,https://res.cloudinary.com/dfqzmnlga/image/upload/v1764415638/2025-11-29/10848235.jpg,Cheers.,"✨ Cheers to life, laughter, and the joy of sharing! 🍻"
10848253,69.0,,"Skåle, fade og forme",Skål,1,0,stk.,Netto,https://static.tilbudsugen.dk/1st-retail/2025/49/64080/Netto492025-1_29_2478x3331_4791x6818_zoom.jpg,2025-11-29,2025-12-05,https://res.cloudinary.com/dfqzmnlga/image/upload/v1764415639/2025-11-29/10848253.jpg,Cheers.,"Raise your glass, life's too short for no celebration—Cheers! 🍻"
10848267,59.0,,Tasker,Toilettaske,1,0,stk.,Netto,https://static.tilbudsugen.dk/1st-retail/2025/49/64080/Netto492025-1_30_458x2338_4877x4539_zoom.jpg,2025-11-29,2025-12-05,https://res.cloudinary.com/dfqzmnlga/image/upload/v1764415639/2025-11-29/10848267.jpg,Toilettas,"✨✨Toilettes are the ultimate fashion statement, keeping it fresh and fabulous!✨"
10848279,199.0,,Massageapparater,Massageapparat,1,0,stk.,Netto,https://static.tilbudsugen.dk/1st-retail/2025/49/64080/Netto492025-1_31_2460x3589_4756x6818_zoom.jpg,2025-11-29,2025-12-05,https://res.cloudinary.com/dfqzmnlga/image/upload/v1764415639/2025-11-29/10848279.jpg,Massage apparatus,"Massage apparatus: Relax your tensions, one soothing touch at a time. 🌿"
10848281,40.0,,Diverse babyartikler,Hagesmæk,1,0,stk.,Netto,https://static.tilbudsugen.dk/1st-retail/2025/49/64080/Netto492025-1_32_302x594_4921x5057_zoom.jpg,2025-11-29,2025-12-05,https://res.cloudinary.com/dfqzmnlga/image/upload/v1764415640/2025-11-29/10848281.jpg,Hage smack,"💥 Hage smack, the ultimate flavor explosion that turns any meal into a party! 🍽️"
10848294,40.0,,Toiletartikler,Bademåtte,1,0,stk.,Netto,https://static.tilbudsugen.dk/1st-retail/2025/49/64080/Netto492025-1_33_233x4608_2167x6827_zoom.jpg,2025-11-29,2025-12-05,https://res.cloudinary.com/dfqzmnlga/image/upload/v1764415641/2025-11-29/10848294.jpg,Bath mat,Soothe your chaos with a bath mat—perfect for keeping things calm and cozy. 🛋️
10848992,199.0,Dyson,Køkken & værktøj m.m.,Støvsuger,1,0,stk.,Netto,https://static.tilbudsugen.dk/1st-retail/2025/49/64080/Netto492025-1_34_2316x372_4871x6873_zoom.jpg,2025-11-29,2025-12-05,https://res.cloudinary.com/dfqzmnlga/image/upload/v1764415641/2025-11-29/10848992.jpg,Vacuum Cleaner,✨ Vacuum cleaner with a love for clean spaces and a knack for making chaos look good! ✨
10849004,199.0,,Kreativitetslegetøj & puslespil,Puslespilsbakke,1,0,stk.,Netto,https://static.tilbudsugen.dk/1st-retail/2025/49/64080/Netto492025-1_36_232x4609_4752x6888_zoom.jpg,2025-11-29,2025-12-05,https://res.cloudinary.com/dfqzmnlga/image/upload/v1764415641/2025-11-29/10849004.jpg,Puzzle Tray,"🧩 Mix up the pieces, solve the mystery—your turn to be the genius! 🧩"
10849009,40.0,,Børnebøger,Børnebøger,1,0,stk.,Netto,https://static.tilbudsugen.dk/1st-retail/2025/49/64080/Netto492025-1_37_224x2501_2465x4631_zoom.jpg,2025-11-29,2025-12-05,https://res.cloudinary.com/dfqzmnlga/image/upload/v1764415642/2025-11-29/10849009.jpg,Children's books,📖 Love stories that make your heart flutter—just like a good book should! 📚✨
10848189,20.0,,"Planter, buske & træer",Planter,1,0,stk.,Netto,https://static.tilbudsugen.dk/1st-retail/2025/49/64080/Netto492025-1_26_224x827_2564x2700_zoom.jpg,2025-11-29,2025-12-05,https://res.cloudinary.com/dfqzmnlga/image/upload/v1764415642/2025-11-29/10848189.jpg,Plants,🌿 Sprout your ideas and bloom with every step!
10848224,25.0,,"Skåle, fade og forme",Skål,1,0,stk.,Netto,https://static.tilbudsugen.dk/1st-retail/2025/49/64080/Netto492025-1_28_207x257_4834x3754_zoom.jpg,2025-11-29,2025-12-05,https://res.cloudinary.com/dfqzmnlga/image/upload/v1764415643/2025-11-29/10848224.jpg,Cheers.,"Raise your glass, life's too short for no celebration—Cheers! 🥂"
10848234,35.0,,"Skåle, fade og forme",Skål,1,0,stk.,Netto,https://static.tilbudsugen.dk/1st-retail/2025/49/64080/Netto492025-1_28_207x257_4834x3754_zoom.jpg,2025-11-29,2025-12-05,https://res.cloudinary.com/dfqzmnlga/image/upload/v1764415643/2025-11-29/10848234.jpg,Cheers.,"Raise your glass, life's too short for no celebration—Cheers! 🍻"
10848241,20.0,Nord Home LIving,Bloklys,Bloklys,1,0,pk.,Netto,https://static.tilbudsugen.dk/1st-retail/2025/49/64080/Netto492025-1_29_2555x343_4851x3305_zoom.jpg,2025-11-29,2025-12-05,https://res.cloudinary.com/dfqzmnlga/image/upload/v1764415644/2025-11-29/10848241.jpg,Block lights,✨ Glow up your space with a little light magic! ✨
10848252,30.0,Nord Home LIving,Bloklys,Bloklys,1,0,pk.,Netto,https://static.tilbudsugen.dk/1st-retail/2025/49/64080/Netto492025-1_29_2555x343_4851x3305_zoom.jpg,2025-11-29,2025-12-05,https://res.cloudinary.com/dfqzmnlga/image/upload/v1764415644/2025-11-29/10848252.jpg,Block lights,✨ Glow up your space with block lights! ✨
10848259,89.0,,Damesko og støvler,Damehjemmesko,1,0,stk.,Netto,https://static.tilbudsugen.dk/1st-retail/2025/49/64080/Netto492025-1_30_388x533_2547x2458_zoom.jpg,2025-11-29,2025-12-05,https://res.cloudinary.com/dfqzmnlga/image/upload/v1764415645/2025-11-29/10848259.jpg,Women's slippers,"Soft, cozy slippers that make every step feel like a dream 🌿"
10848264,49.0,,Smykker,Smykkeskrin,1,0,stk.,Netto,https://static.tilbudsugen.dk/1st-retail/2025/49/64080/Netto492025-1_30_458x2338_4877x4539_zoom.jpg,2025-11-29,2025-12-05,https://res.cloudinary.com/dfqzmnlga/image/upload/v1764415645/2025-11-29/10848264.jpg,Jewelry box,✨ Jewelry box that keeps your sparkle safe and shining! ✨
10848273,99.0,,Pedicure/manicure,Neglelampe,1,0,stk.,Netto,https://static.tilbudsugen.dk/1st-retail/2025/49/64080/Netto492025-1_30_311x4582_4817x6810_zoom.jpg,2025-11-29,2025-12-05,https://res.cloudinary.com/dfqzmnlga/image/upload/v1764415646/2025-11-29/10848273.jpg,Nail lamp,✨ Glow up with a nail lamp—perfect for turning your routine into a masterpiece! ✨
10808530,49.0,Sinful,Diverse,Sexlegetøj,1,0,stk.,Netto,https://static.tilbudsugen.dk/1st-retail/2025/46/63858/Netto452025-1_37_2771x1769_3825x2690_zoom.jpg,2025-11-08,2025-12-12,https://res.cloudinary.com/dfqzmnlga/image/upload/v1764415646/2025-11-29/10808530.jpg,Sex toys,"🔥Sensual, stimulating, and unforgettable—let’s make every moment count. 💃"
10808532,189.0,Sinful,Diverse,Sexlegetøj,1,0,stk.,Netto,https://static.tilbudsugen.dk/1st-retail/2025/46/63858/Netto452025-1_37_3558x1604_4959x2690_zoom.jpg,2025-11-08,2025-12-12,https://res.cloudinary.com/dfqzmnlga/image/upload/v1764415646/2025-11-29/10808532.jpg,Sex toys," Horny, thrilling, and ready to make your night unforgettable — 💜"
10848991,199.0,Ooni,Køkken & værktøj m.m.,Legetøjspizzaovn,1,0,stk.,Netto,https://static.tilbudsugen.dk/1st-retail/2025/49/64080/Netto492025-1_34_194x4296_3250x6910_zoom.jpg,2025-11-29,2025-12-05,https://res.cloudinary.com/dfqzmnlga/image/upload/v1764415647/2025-11-29/10848991.jpg,Toy pizza oven,🔥 Bake your own dreams in a toy pizza oven! 🍕
10848999,99.0,,Køkken & værktøj m.m.,Køkkenmaskiner,1,0,stk.,Netto,https://static.tilbudsugen.dk/1st-retail/2025/49/64080/Netto492025-1_35_314x51_4834x2367_zoom.jpg,2025-11-29,2025-12-05,https://res.cloudinary.com/dfqzmnlga/image/upload/v1764415648/2025-11-29/10848999.jpg,Kitchen machines,"🚀 Kitchen maestro, turning chaos into calm with every click! 🛋️"
10849008,50.0,,Børnebøger,Børnebøger,1,0,stk.,Netto,https://static.tilbudsugen.dk/1st-retail/2025/49/64080/Netto492025-1_37_2495x2471_4744x4631_zoom.jpg,2025-11-29,2025-12-05,https://res.cloudinary.com/dfqzmnlga/image/upload/v1764415648/2025-11-29/10849008.jpg,Children's books,📖✨ Love stories that spark imagination and laughter—just like a good bedtime read! 📚✨
10848201,17.0,,Juletræer & pyntegrønt,Gran,1,0,bdt.,Netto,https://static.tilbudsugen.dk/1st-retail/2025/49/64080/Netto492025-1_26_86x4712_2538x6844_zoom.jpg,2025-11-29,2025-12-05,https://res.cloudinary.com/dfqzmnlga/image/upload/v1764415649/2025-11-29/10848201.jpg,Spruce,"Spruce up your day with a fresh, vibrant energy 🌿"
10848212,69.0,,"Skåle, fade og forme",Bakke,1,0,stk.,Netto,https://static.tilbudsugen.dk/1st-retail/2025/49/64080/Netto492025-1_28_1916x3745_4756x6879_zoom.jpg,2025-11-29,2025-12-05,https://res.cloudinary.com/dfqzmnlga/image/upload/v1764415649/2025-11-29/10848212.jpg,Tray,"Tray of wonders, ready to hold everything you need, 🎉"
10848226,30.0,,"Skåle, fade og forme",Skål,1,0,stk.,Netto,https://static.tilbudsugen.dk/1st-retail/2025/49/64080/Netto492025-1_28_207x257_4834x3754_zoom.jpg,2025-11-29,2025-12-05,https://res.cloudinary.com/dfqzmnlga/image/upload/v1764415650/2025-11-29/10848226.jpg,Cheers.,Cheers. 🥂
10848227,30.0,,"Skåle, fade og forme",Fad,1,0,stk.,Netto,https://static.tilbudsugen.dk/1st-retail/2025/49/64080/Netto492025-1_28_207x257_4834x3754_zoom.jpg,2025-11-29,2025-12-05,https://res.cloudinary.com/dfqzmnlga/image/upload/v1764415650/2025-11-29/10848227.jpg,Fodder,"Fodder, the unsung hero of wild spaces, brings life to the untamed — 🌱"
10848229,30.0,,Service,Tallerken,1,0,stk.,Netto,https://static.tilbudsugen.dk/1st-retail/2025/49/64080/Netto492025-1_28_207x257_4834x3754_zoom.jpg,2025-11-29,2025-12-05,https://res.cloudinary.com/dfqzmnlga/image/upload/v1764415651/2025-11-29/10848229.jpg,Plate,Plate: The ultimate host to all your delicious adventures 🍽️
10848232,30.0,,Service,Krus,1,0,stk.,Netto,https://static.tilbudsugen.dk/1st-retail/2025/49/64080/Netto492025-1_28_207x257_4834x3754_zoom.jpg,2025-11-29,2025-12-05,https://res.cloudinary.com/dfqzmnlga/image/upload/v1764415651/2025-11-29/10848232.jpg,Mush,Mush: The ultimate snack that makes every day a little more fun 🍲
10848255,39.0,,Boligartikler,Lysestage,1,0,stk.,Netto,https://static.tilbudsugen.dk/1st-retail/2025/49/64080/Netto492025-1_29_2478x3331_4791x6818_zoom.jpg,2025-11-29,2025-12-05,https://res.cloudinary.com/dfqzmnlga/image/upload/v1764415652/2025-11-29/10848255.jpg,Candlesticks,"✨ Sparkle with light, dance with shadows. ✨"
10848257,59.0,,Boligartikler,Lysestage,1,0,stk.,Netto,https://static.tilbudsugen.dk/1st-retail/2025/49/64080/Netto492025-1_29_2478x3331_4791x6818_zoom.jpg,2025-11-29,2025-12-05,https://res.cloudinary.com/dfqzmnlga/image/upload/v1764415652/2025-11-29/10848257.jpg,Candlesticks,✨ Light up the room with my flickering glow! ✨
10848260,89.0,,Herresko og støvler,Herrehjemmesko,1,0,par,Netto,https://static.tilbudsugen.dk/1st-retail/2025/49/64080/Netto492025-1_30_388x533_2547x2458_zoom.jpg,2025-11-29,2025-12-05,https://res.cloudinary.com/dfqzmnlga/image/upload/v1764415653/2025-11-29/10848260.jpg,Men's slippers,"😄 Slip into comfort, wherever the journey takes you."
10848262,49.0,Bodyguide Underwear,Dametøj,Strømpebukser,1,0,pk.,Netto,https://static.tilbudsugen.dk/1st-retail/2025/49/64080/Netto492025-1_30_2719x551_4843x2458_zoom.jpg,2025-11-29,2025-12-05,https://res.cloudinary.com/dfqzmnlga/image/upload/v1764415653/2025-11-29/10848262.jpg,Pantyhose,"✨ I’m the ultimate comfort blanket of the body, keeping things cozy and stylish! 🌟"
10848272,99.0,,Pedicure/manicure,Neglestøvsuger,1,0,stk.,Netto,https://static.tilbudsugen.dk/1st-retail/2025/49/64080/Netto492025-1_30_311x4582_4817x6810_zoom.jpg,2025-11-29,2025-12-05,https://res.cloudinary.com/dfqzmnlga/image/upload/v1764415653/2025-11-29/10848272.jpg,Nail vacuum cleaner,"✨ Vacuum your nails, then swipe left on boredom! 🛋️"
10848276,199.0,,Massageapparater,Massageapparat,1,0,stk.,Netto,https://static.tilbudsugen.dk/1st-retail/2025/49/64080/Netto492025-1_31_2486x205_4903x3572_zoom.jpg,2025-11-29,2025-12-05,https://res.cloudinary.com/dfqzmnlga/image/upload/v1764415654/2025-11-29/10848276.jpg,Massage apparatus,✨ Massage apparatus that gives you a full-body spa day in your own home! ✨
10848291,50.0,,Børnemøbler,Børneskammel,1,0,stk.,Netto,https://static.tilbudsugen.dk/1st-retail/2025/49/64080/Netto492025-1_33_224x386_2262x2528_zoom.jpg,2025-11-29,2025-12-05,https://res.cloudinary.com/dfqzmnlga/image/upload/v1764415654/2025-11-29/10848291.jpg,Child's shampoo,Wash little ones' hair with love and a sprinkle of fun! 🧼✨
10848293,25.0,,Diverse,Vaskehandske,1,0,stk.,Netto,https://static.tilbudsugen.dk/1st-retail/2025/49/64080/Netto492025-1_33_207x2554_2184x4582_zoom.jpg,2025-11-29,2025-12-05,https://res.cloudinary.com/dfqzmnlga/image/upload/v1764415655/2025-11-29/10848293.jpg,Laundry glove,"✨ Unzip your mess, sort your chaos, and make laundry day a breeze! ✨"
10808514,199.0,,Boligtekstiler,Puder,1,0,stk.,Netto,https://static.tilbudsugen.dk/1st-retail/2025/46/63858/Netto452025-1_37_2346x4430_4943x6697_zoom.jpg,2025-11-08,2025-12-12,https://res.cloudinary.com/dfqzmnlga/image/upload/v1764415655/2025-11-29/10808514.jpg,Pillows,"Soft, cozy, and just the right amount of comfort—sleeping with the best pillow. 🛌"
10848193,35.0,,Til udplantning,Julerose,1,0,stk.,Netto,https://static.tilbudsugen.dk/1st-retail/2025/49/64080/Netto492025-1_26_2365x2795_4731x4772_zoom.jpg,2025-11-29,2025-12-05,https://res.cloudinary.com/dfqzmnlga/image/upload/v1764415655/2025-11-29/10848193.jpg,Christmas Rose,"🌼 Bloom in every season, bringing joy to your heart and home!"
10848244,59.0,,"Skåle, fade og forme",Skål,1,0,stk.,Netto,https://static.tilbudsugen.dk/1st-retail/2025/49/64080/Netto492025-1_29_2478x3331_4791x6818_zoom.jpg,2025-11-29,2025-12-05,https://res.cloudinary.com/dfqzmnlga/image/upload/v1764415656/2025-11-29/10848244.jpg,Cheers.,Cheers. 🍷✨
10848268,59.0,,Makeup,Makeupboks,1,0,stk.,Netto,https://static.tilbudsugen.dk/1st-retail/2025/49/64080/Netto492025-1_30_458x2338_4877x4539_zoom.jpg,2025-11-29,2025-12-05,https://res.cloudinary.com/dfqzmnlga/image/upload/v1764415656/2025-11-29/10848268.jpg,Makeup Box,✨美妆盒魔法师✨ - 每一次涂抹都是灵感的绽放！
10848275,149.0,,Dametøj,Morgenkåbe,1,0,stk.,Netto,https://static.tilbudsugen.dk/1st-retail/2025/49/64080/Netto492025-1_31_190x145_2503x6844_zoom.jpg,2025-11-29,2025-12-05,https://res.cloudinary.com/dfqzmnlga/image/upload/v1764415657/2025-11-29/10848275.jpg,Morning robe,"Slept in style, ready to conquer the day 🌅"
10848287,99.0,Nordic Home Living,Boligtekstiler,Vattæppe,1,0,stk.,Netto,https://static.tilbudsugen.dk/1st-retail/2025/49/64080/Netto492025-1_32_2633x5049_4869x6818_zoom.jpg,2025-11-29,2025-12-05,https://res.cloudinary.com/dfqzmnlga/image/upload/v1764415658/2025-11-29/10848287.jpg,"Flat-rolled products of iron or non-alloy steel, not clad, plated or coated, of a width of >= 600 mm, not clad, plated or coated","Iron roller, 600mm wide, ready to roll your imagination—✨"
10848989,249.0,,Skating,Rulleskøjter,1,0,stk.,Netto,https://static.tilbudsugen.dk/1st-retail/2025/49/64080/Netto492025-1_34_149x648_3683x2726_zoom.jpg,2025-11-29,2025-12-05,https://res.cloudinary.com/dfqzmnlga/image/upload/v1764415658/2025-11-29/10848989.jpg,Roller skates,"Skating through life with style and flair, 🎢"
10808509,149.0,,"Hårtørrer, krøljern, trimmer m.m",Glattejern,1,0,stk.,Netto,https://static.tilbudsugen.dk/1st-retail/2025/46/63858/Netto452025-1_37_110x4800_2464x6650_zoom.jpg,2025-11-08,2025-12-12,https://res.cloudinary.com/dfqzmnlga/image/upload/v1764415659/2025-11-29/10808509.jpg,"Flat-rolled products of iron or non-alloy steel, of a width of < 600 mm, hot-rolled or cold-rolled (cold-reduced), not clad, plated or coated",Ironflakes 🌌 — the metallic magic that makes your day a little more sparkly.
10808516,129.0,,Boligtekstiler,Sengesæt,1,0,stk.,Netto,https://static.tilbudsugen.dk/1st-retail/2025/46/63858/Netto452025-1_37_165x3186_2723x5005_zoom.jpg,2025-11-08,2025-12-12,https://res.cloudinary.com/dfqzmnlga/image/upload/v1764415659/2025-11-29/10808516.jpg,Bedsets,"Sleepy, snuggly bedsets that make even the most restless nights feel like a dream come true 🛌✨"
10808518,129.0,,Dametøj,Pyjamas,1,0,stk.,Netto,https://static.tilbudsugen.dk/1st-retail/2025/46/63858/Netto452025-1_37_165x3186_2723x5005_zoom.jpg,2025-11-08,2025-12-12,https://res.cloudinary.com/dfqzmnlga/image/upload/v1764415660/2025-11-29/10808518.jpg,Pyjamas,Snuggle up with a little chaos—because the best sleep is when you're wrapped in comfort. 🛌
10808525,79.0,Sinful,Spil,Voksenspil,1,0,stk.,Netto,https://static.tilbudsugen.dk/1st-retail/2025/46/63858/Netto452025-1_37_1495x990_2542x2635_zoom.jpg,2025-11-08,2025-12-12,https://res.cloudinary.com/dfqzmnlga/image/upload/v1764415661/2025-11-29/10808525.jpg,Adult Play,"Playful, confident, and always ready to roll—Adult Play. 🎉"
10848993,60.0,,Musikinstrumenter,Xylofon,1,0,stk.,Netto,https://static.tilbudsugen.dk/1st-retail/2025/49/64080/Netto492025-1_35_336x2330_2451x4526_zoom.jpg,2025-11-29,2025-12-05,https://res.cloudinary.com/dfqzmnlga/image/upload/v1764415661/2025-11-29/10848993.jpg,Xylophone,"🎵 Ringing in the quiet, making every day a melody 🎵"
10848997,60.0,,Batteridrevet legetøj,Fjernstyret bil,1,0,stk.,Netto,https://static.tilbudsugen.dk/1st-retail/2025/49/64080/Netto492025-1_35_2480x4631_4811x6820_zoom.jpg,2025-11-29,2025-12-05,https://res.cloudinary.com/dfqzmnlga/image/upload/v1764415662/2025-11-29/10848997.jpg,Remote control car,"🚀 Turbocharged on wheels, I zoom ahead with style! 🚗"
10848998,99.0,,Køkken & værktøj m.m.,Kasseapparat,1,0,stk.,Netto,https://static.tilbudsugen.dk/1st-retail/2025/49/64080/Netto492025-1_35_314x51_4834x2367_zoom.jpg,2025-11-29,2025-12-05,https://res.cloudinary.com/dfqzmnlga/image/upload/v1764415662/2025-11-29/10848998.jpg,Cash registers,💰Cash register whisperer | Making money happen in style 🛍️
10849002,149.0,,"Hårtørrer, krøljern, trimmer m.m",Hårtørrer,1,0,stk.,Netto,https://static.tilbudsugen.dk/1st-retail/2025/49/64080/Netto492025-1_36_2480x155_4931x2382_zoom.jpg,2025-11-29,2025-12-05,https://res.cloudinary.com/dfqzmnlga/image/upload/v1764415663/2025-11-29/10849002.jpg,Hair dryer,"🔥 Dry your dreams, not your hair! 🌟"
10849003,59.0,,Kreativitetslegetøj & puslespil,Puslespil,1,0,stk.,Netto,https://static.tilbudsugen.dk/1st-retail/2025/49/64080/Netto492025-1_36_2540x2479_4789x4579_zoom.jpg,2025-11-29,2025-12-05,https://res.cloudinary.com/dfqzmnlga/image/upload/v1764415664/2025-11-29/10849003.jpg,Puzzles,"Hmm, I'm a jigsaw puzzle that loves to fit together the fun and the funny. 🧩"
10849013,30.0,,Bånd/papir,Gavemærker,1,0,stk.,Netto,https://static.tilbudsugen.dk/1st-retail/2025/49/64080/Netto492025-1_38_60x51_4991x4608_zoom.jpg,2025-11-29,2025-12-05,https://res.cloudinary.com/dfqzmnlga/image/upload/v1764415664/2025-11-29/10849013.jpg,Gift Marks,"✨✨✨ Gift Marks: The silent storytellers of the gift-giving world, always smiling and always remembered! ✨"
10848197,10.0,,"Planter, buske & træer",Planter,1,0,stk.,Netto,https://static.tilbudsugen.dk/1st-retail/2025/49/64080/Netto492025-1_26_52x2778_2538x4781_zoom.jpg,2025-11-29,2025-12-05,https://res.cloudinary.com/dfqzmnlga/image/upload/v1764415665/2025-11-29/10848197.jpg,Plants,"✨ Nature's little helpers, growing quietly in every corner! 🌿"
10848216,25.0,,Service,Tallerken,1,0,stk.,Netto,https://static.tilbudsugen.dk/1st-retail/2025/49/64080/Netto492025-1_28_207x257_4834x3754_zoom.jpg,2025-11-29,2025-12-05,https://res.cloudinary.com/dfqzmnlga/image/upload/v1764415665/2025-11-29/10848216.jpg,Plate,"Plate: The perfect surface for your thoughts, dreams, and delicious moments. 🍽️"
10848222,40.0,,"Skåle, fade og forme",Bakke,1,0,stk.,Netto,https://static.tilbudsugen.dk/1st-retail/2025/49/64080/Netto492025-1_28_224x3719_1908x6827_zoom.jpg,2025-11-29,2025-12-05,https://res.cloudinary.com/dfqzmnlga/image/upload/v1764415666/2025-11-29/10848222.jpg,Tray,"Tray of chaos, ready to hold it all — 🍽️"
10848236,159.0,,Boligtekstiler,Duge,1,0,stk.,Netto,https://static.tilbudsugen.dk/1st-retail/2025/49/64080/Netto492025-1_29_276x352_2564x3287_zoom.jpg,2025-11-29,2025-12-05,https://res.cloudinary.com/dfqzmnlga/image/upload/v1764415666/2025-11-29/10848236.jpg,Tablecloths,"Lace and linen, ready to elevate any meal—because every bite deserves a touch of elegance. 🌸"
10848251,25.0,Nord Home LIving,Bloklys,Bloklys,1,0,pk.,Netto,https://static.tilbudsugen.dk/1st-retail/2025/49/64080/Netto492025-1_29_2555x343_4851x3305_zoom.jpg,2025-11-29,2025-12-05,https://res.cloudinary.com/dfqzmnlga/image/upload/v1764415667/2025-11-29/10848251.jpg,Block lights,💡 Glow up your space with block lights! 🌟
10848270,99.0,,Diverse elartikler,Neglefil,1,0,stk.,Netto,https://static.tilbudsugen.dk/1st-retail/2025/49/64080/Netto492025-1_30_311x4582_4817x6810_zoom.jpg,2025-11-29,2025-12-05,https://res.cloudinary.com/dfqzmnlga/image/upload/v1764415667/2025-11-29/10848270.jpg,Nail File,"✨ Nail File – polish your edges, sharpen your style. ✨"
10848292,79.0,,Boligtekstiler,Håndklæde,1,0,stk.,Netto,https://static.tilbudsugen.dk/1st-retail/2025/49/64080/Netto492025-1_33_2089x378_4903x6793_zoom.jpg,2025-11-29,2025-12-05,https://res.cloudinary.com/dfqzmnlga/image/upload/v1764415668/2025-11-29/10848292.jpg,Towel,"Rinse, wrap, and never forget—my job is to keep things clean. 🧪🧼"
10848990,99.0,,Køkken & værktøj m.m.,Legeværktøj,1,0,stk.,Netto,https://static.tilbudsugen.dk/1st-retail/2025/49/64080/Netto492025-1_34_127x2531_3265x4519_zoom.jpg,2025-11-29,2025-12-05,https://res.cloudinary.com/dfqzmnlga/image/upload/v1764415668/2025-11-29/10848990.jpg,Play tool,✨ Play tool — turn any space into a playground! 🎮
10808511,169.0,,"Hårtørrer, krøljern, trimmer m.m",Hårstyler,1,0,stk.,Netto,https://static.tilbudsugen.dk/1st-retail/2025/46/63858/Netto452025-1_37_110x4800_2464x6650_zoom.jpg,2025-11-08,2025-12-12,https://res.cloudinary.com/dfqzmnlga/image/upload/v1764415669/2025-11-29/10808511.jpg,Hairstyles,"Hairstyles: the ultimate fashion statement, no makeup needed. ✨"
