data_id,price,brand,category,product_name,units,quantity,unit_type,store_name,image_url,start_date,end_date,public_urls,translated_product,tinder_bio
11175987,5.0,ØGO,Grønt,Squash,1,1,stk.,Netto,https://static.tilbudsugen.dk/1st-retail/2026/26/65672/Netto262026-1_2_0x510_2406x2412_zoom.jpg,2026-06-20,2026-06-26,https://res.cloudinary.com/dfqzmnlga/image/upload/v1781934044/2026-06-20/11175987.jpg,Squash,"Cubed and crispy, I’m the perfect sidekick for any meal—just don’t ask me to cook. 🍉"
11176222,7.0,,Grønt,Radiser,1,1,bdt.,Netto,https://static.tilbudsugen.dk/1st-retail/2026/26/65672/Netto262026-1_8_31x2416_2428x4136_zoom.jpg,2026-06-20,2026-06-26,https://res.cloudinary.com/dfqzmnlga/image/upload/v1781934045/2026-06-20/11176222.jpg,Celeriacs/turnip rooted celeries,"Rooted celery with a twist—tasty, earthy, and a bit mysterious. 🥕"
11176224,8.0,,Grønt,Agurk,1,1,stk.,Netto,https://static.tilbudsugen.dk/1st-retail/2026/26/65672/Netto262026-1_8_2508x2558_4936x4167_zoom.jpg,2026-06-20,2026-06-26,https://res.cloudinary.com/dfqzmnlga/image/upload/v1781934045/2026-06-20/11176224.jpg,Agurk,"Peel, seed, and enjoy—the Agurk is the ultimate flavor burst! 🍅"
11176227,12.0,,Grønt,Kartofler,1,1,ps.,Netto,https://static.tilbudsugen.dk/1st-retail/2026/26/65672/Netto262026-1_8_2428x4093_4986x5979_zoom.jpg,2026-06-20,2026-06-26,https://res.cloudinary.com/dfqzmnlga/image/upload/v1781934045/2026-06-20/11176227.jpg,Potatoes,"I'm the humble potato, ready to sprout into a mighty green giant! 🌱"
11176214,20.0,,Grønt,Bagekartofler,1,1,ps.,Netto,https://static.tilbudsugen.dk/1st-retail/2026/26/65672/Netto262026-1_7_3580x5393_4930x6866_zoom.jpg,2026-06-20,2026-06-26,https://res.cloudinary.com/dfqzmnlga/image/upload/v1781934046/2026-06-20/11176214.jpg,Bakery potatoes,"✨ Baked to perfection, crispy and creamy—perfect for any snack or meal! 🍎"
11176218,12.0,,Frugt,Abrikoser,1,0,pk.,Netto,https://static.tilbudsugen.dk/1st-retail/2026/26/65672/Netto262026-1_8_6x635_2502x2484_zoom.jpg,2026-06-20,2026-06-26,https://res.cloudinary.com/dfqzmnlga/image/upload/v1781934046/2026-06-20/11176218.jpg,Apricots,"Sweet, juicy, and slightly tart — the perfect snack to satisfy any craving. 🍐"
11176220,20.0,,Frugt,Vindruer,1,0,bk.,Netto,https://static.tilbudsugen.dk/1st-retail/2026/26/65672/Netto262026-1_8_2533x438_4986x2533_zoom.jpg,2026-06-20,2026-06-26,https://res.cloudinary.com/dfqzmnlga/image/upload/v1781934047/2026-06-20/11176220.jpg,Grapes,"Juicy and bold, I'm the grape that never stays still—serving up sweetness and spark with every bite. 🍇"
11176225,20.0,Miss Perfect Délice,Grønt,Tomater,1,0,bk.,Netto,https://static.tilbudsugen.dk/1st-retail/2026/26/65672/Netto262026-1_8_49x4142_2440x5899_zoom.jpg,2026-06-20,2026-06-26,https://res.cloudinary.com/dfqzmnlga/image/upload/v1781934047/2026-06-20/11176225.jpg,Tomatoes,"Red, juicy, and ready to burst—perfect for any salad or snack! 🍅"
11176113,45.0,Tulip,Bacon,Baconskiver,1,0,pk.,Netto,https://static.tilbudsugen.dk/1st-retail/2026/26/65672/Netto262026-1_16_2560x1775_4902x3595_zoom.jpg,2026-06-01,2026-06-30,https://res.cloudinary.com/dfqzmnlga/image/upload/v1781934048/2026-06-20/11176113.jpg,Bacon washers,Squeaky clean and ready to peel any dilemma—just don't ask me to wash your socks. 🧼
11159214,45.0,Tulip,Bacon,Baconskiver,1,0,pk.,Netto,https://static.tilbudsugen.dk/1st-retail/2026/24/65561/Netto232026-1_12_2397x2718_4949x4857_zoom.jpg,2026-06-01,2026-06-30,https://res.cloudinary.com/dfqzmnlga/image/upload/v1781934048/2026-06-20/11159214.jpg,Bacon washers,Squeaky clean and ready to shred your day with a dash of crispy perfection 🥖
11176215,29.95,Velsmag,Kylling,Kyllingeoverlår,1,0,pk.,Netto,https://static.tilbudsugen.dk/1st-retail/2026/26/65672/Netto262026-1_7_1177x5251_2607x6854_zoom.jpg,2026-06-20,2026-06-26,https://res.cloudinary.com/dfqzmnlga/image/upload/v1781934049/2026-06-20/11176215.jpg,Chicken upper thighs,"Sizzling with flavor, ready to conquer any kitchen challenge! 🍗"
11176032,25.0,Rose,Kylling,Hakket kylling 7-10%,1,0,bk.,Netto,https://static.tilbudsugen.dk/1st-retail/2026/26/65672/Netto262026-1_11_43x2924_2482x4823_zoom.jpg,2026-06-20,2026-06-26,https://res.cloudinary.com/dfqzmnlga/image/upload/v1781934049/2026-06-20/11176032.jpg,Chicked chicken 7-10%,✨ Chickened chicken 7-10% ✨
11176034,50.0,,Kylling,Kyllingeoverlår,1,0,pk.,Netto,https://static.tilbudsugen.dk/1st-retail/2026/26/65672/Netto262026-1_11_2534x4805_4963x6791_zoom.jpg,2026-06-20,2026-06-26,https://res.cloudinary.com/dfqzmnlga/image/upload/v1781934050/2026-06-20/11176034.jpg,Chicken upper thighs,"🔥Sizzling with flavor, ready to conquer any plate! 🍗"
11176036,45.0,Rose,Kylling,Kyllingeinderfileter,1,0,bk.,Netto,https://static.tilbudsugen.dk/1st-retail/2026/26/65672/Netto262026-1_11_52x4692_2508x6869_zoom.jpg,2026-06-20,2026-06-26,https://res.cloudinary.com/dfqzmnlga/image/upload/v1781934050/2026-06-20/11176036.jpg,Chicken eiderphilets,"Chicken eiderphilets: The ultimate snack for those who love a crispy, juicy bite with a twist! 🍗"
11176035,50.0,Rose,Kylling,Kyllingebrystfilet,1,0,bk.,Netto,https://static.tilbudsugen.dk/1st-retail/2026/26/65672/Netto262026-1_11_2534x4805_4963x6791_zoom.jpg,2026-06-20,2026-06-26,https://res.cloudinary.com/dfqzmnlga/image/upload/v1781934050/2026-06-20/11176035.jpg,Chicken breast fillet,"Savoring the taste of a perfect bite, 🍗"
11176031,19.95,Velsmag,Grisekød,Flæskesteg,1,0,stk.,Netto,https://static.tilbudsugen.dk/1st-retail/2026/26/65672/Netto262026-1_11_52x198_2403x2402_zoom.jpg,2026-06-20,2026-06-26,https://res.cloudinary.com/dfqzmnlga/image/upload/v1781934051/2026-06-20/11176031.jpg,Pork roast,"Sizzling with flavor, ready to conquer your taste buds! 🍖"
11176040,45.0,Velsmag,Grisekød,Hakket grisekød 8-12%,1,1,bk.,Netto,https://static.tilbudsugen.dk/1st-retail/2026/26/65672/Netto262026-1_11_52x4692_2508x6869_zoom.jpg,2026-06-20,2026-06-26,https://res.cloudinary.com/dfqzmnlga/image/upload/v1781934051/2026-06-20/11176040.jpg,Minced pig meat 8-12 per cent,"✨ Sizzling spice, bold flavor, and a dash of surprise—perfect for any dish! 🍳"
11176038,45.0,Velsmag,Grisekød,Medister,1,1,bk.,Netto,https://static.tilbudsugen.dk/1st-retail/2026/26/65672/Netto262026-1_11_52x4692_2508x6869_zoom.jpg,2026-06-20,2026-06-26,https://res.cloudinary.com/dfqzmnlga/image/upload/v1781934052/2026-06-20/11176038.jpg,Medists,"✨ Medist with a twist—serving up the perfect blend of fun and functionality, one delightful twist at a time! 🌟"
11176209,25.0,Velsmag,Grisekød,Grisekoteletter,1,0,bk.,Netto,https://static.tilbudsugen.dk/1st-retail/2026/26/65672/Netto262026-1_7_1239x3433_2490x4962_zoom.jpg,2026-06-20,2026-06-26,https://res.cloudinary.com/dfqzmnlga/image/upload/v1781934052/2026-06-20/11176209.jpg,Pig chops,"Sizzling with flavor, I'm the perfect sidekick to any meal—grilled, roasted, or tossed. 🍳"
11176033,39.95,Velsmag,Oksekød,Hakket oksekød 8-12%,1,0,ps.,Netto,https://static.tilbudsugen.dk/1st-retail/2026/26/65672/Netto262026-1_11_2482x2933_4981x4831_zoom.jpg,2026-06-20,2026-06-26,https://res.cloudinary.com/dfqzmnlga/image/upload/v1781934053/2026-06-20/11176033.jpg,Minced beef 8-12 per cent,🔥 Spice up your meal with a dash of flavor! 🍳
11176025,29.0,Velsmag,Grisekød,Grisefilet,1,0,bk.,Netto,https://static.tilbudsugen.dk/1st-retail/2026/26/65672/Netto262026-1_10_2873x4805_4911x6904_zoom.jpg,2026-06-20,2026-06-26,https://res.cloudinary.com/dfqzmnlga/image/upload/v1781934054/2026-06-20/11176025.jpg,Pigs' fillet,"Sizzling with flavor, I'm the perfect sidekick to any meal—just don't forget to ask for the recipe. 🍴"
11176024,55.0,ØGO,Oksekød,Hakket oksekød 8-12%,1,0,ps.,Netto,https://static.tilbudsugen.dk/1st-retail/2026/26/65672/Netto262026-1_10_130x3211_2917x4927_zoom.jpg,2026-06-20,2026-06-26,https://res.cloudinary.com/dfqzmnlga/image/upload/v1781934054/2026-06-20/11176024.jpg,Minced beef 8-12 per cent,"Sizzling with flavor, ready to spice up your meal! 🍳"
11176022,25.0,Velsmag,Oksekød,Okseentrecotes,1,0,bk.,Netto,https://static.tilbudsugen.dk/1st-retail/2026/26/65672/Netto262026-1_10_2760x1357_4928x3168_zoom.jpg,2026-06-20,2026-06-26,https://res.cloudinary.com/dfqzmnlga/image/upload/v1781934055/2026-06-20/11176022.jpg,Oxeentrecottes,"✨ A flavor-packed fusion of cheese and adventure, ready to elevate any meal! ✨"
11159407,29.0,Velsmag,Oksekød,Oksesteaks,1,0,bk.,Netto,https://static.tilbudsugen.dk/1st-retail/2026/24/65561/Netto232026-1_7_1433x5079_4891x6874_zoom.jpg,2026-06-01,2026-06-30,https://res.cloudinary.com/dfqzmnlga/image/upload/v1781934055/2026-06-20/11159407.jpg,Beef steaks,"🔥 Savor the crunch of flavor, every bite a bold statement. 🥩"
11176042,29.0,Velsmag,Oksekød,Oksesteaks,1,0,bk.,Netto,https://static.tilbudsugen.dk/1st-retail/2026/26/65672/Netto262026-1_12_932x5127_4885x6843_zoom.jpg,2026-06-20,2026-06-26,https://res.cloudinary.com/dfqzmnlga/image/upload/v1781934056/2026-06-20/11176042.jpg,Beef steaks,"🔥 Grill it, serve it, and let the world taste your bold flavor!"
11176102,25.0,Skagen,Sild,Sild,1,0,gl.,Netto,https://static.tilbudsugen.dk/1st-retail/2026/26/65672/Netto262026-1_15_1611x2733_3317x5241_zoom.jpg,2026-06-20,2026-06-26,https://res.cloudinary.com/dfqzmnlga/image/upload/v1781934056/2026-06-20/11176102.jpg,Herring,"Fishy fancies, salty and sharp, with a dash of adventure. 🐟"
11176100,65.0,Premieur,Røget og gravad,Laks i skiver,1,0,pk.,Netto,https://static.tilbudsugen.dk/1st-retail/2026/26/65672/Netto262026-1_15_3257x2933_4972x5267_zoom.jpg,2026-06-20,2026-06-26,https://res.cloudinary.com/dfqzmnlga/image/upload/v1781934057/2026-06-20/11176100.jpg,Salmon in slices,"Savoring the ocean in every bite, 🍣"
11176019,55.0,Premieur,Fersk fisk,Tunsteaks,1,0,bk.,Netto,https://static.tilbudsugen.dk/1st-retail/2026/26/65672/Netto262026-1_10_17x1391_2969x3220_zoom.jpg,2026-06-20,2026-06-26,https://res.cloudinary.com/dfqzmnlga/image/upload/v1781934057/2026-06-20/11176019.jpg,Tunsteaks,"🔥Sizzling with flavor, ready to conquer your taste buds! 🍳"
11176021,55.0,,Rejer og andre skaldyr,Jomfruhummer,1,0,bk.,Netto,https://static.tilbudsugen.dk/1st-retail/2026/26/65672/Netto262026-1_10_17x1391_2969x3220_zoom.jpg,2026-06-20,2026-06-26,https://res.cloudinary.com/dfqzmnlga/image/upload/v1781934058/2026-06-20/11176021.jpg,Norway lobster,"✨ Lobster from the North, where the sea meets the soul. 🌊"
11176101,14.0,Grovhakket,Postej og Paté,Leverpostej,1,0,pk.,Netto,https://static.tilbudsugen.dk/1st-retail/2026/26/65672/Netto262026-1_15_2786x5397_4981x6878_zoom.jpg,2026-06-20,2026-06-26,https://res.cloudinary.com/dfqzmnlga/image/upload/v1781934058/2026-06-20/11176101.jpg,Liver pie,"Craving a hearty, cheesy treat that's both bold and bouncy? I'm liver pie—flaky, flavorful, and ready to satisfy your taste buds! 🍲"
11175984,10.0,K-salat,Pålægssalat,Æggesalat,1,0,bg.,Netto,https://static.tilbudsugen.dk/1st-retail/2026/26/65672/Netto262026-1_1_2586x1290_4884x2826_zoom.jpg,2026-06-20,2026-06-26,https://res.cloudinary.com/dfqzmnlga/image/upload/v1781934058/2026-06-20/11175984.jpg,Egg salad,"Egg salad: the perfect blend of creamy, tangy, and satisfying. 🍳"
11175982,10.0,K-salat,Pålægssalat,Krabbesalat,1,0,bg.,Netto,https://static.tilbudsugen.dk/1st-retail/2026/26/65672/Netto262026-1_1_2586x1290_4884x2826_zoom.jpg,2026-06-20,2026-06-26,https://res.cloudinary.com/dfqzmnlga/image/upload/v1781934059/2026-06-20/11175982.jpg,Crab salad,"Crab salad: salty, sweet, and ready to conquer the sea — or your date's lunch. 🍤"
11175986,10.0,K-salat,Pålægssalat,Kylling & Baconsalat,1,0,bg.,Netto,https://static.tilbudsugen.dk/1st-retail/2026/26/65672/Netto262026-1_1_2586x1290_4884x2826_zoom.jpg,2026-06-20,2026-06-26,https://res.cloudinary.com/dfqzmnlga/image/upload/v1781934059/2026-06-20/11175986.jpg,Chicken & Bacon Salad,"Sizzling with flavor, I’m the perfect partner for a summer picnic—bacon, chicken, and a dash of spice. 🍗 Bacon 🥩 Chicken 🍗"
11175985,10.0,K-salat,Pålægssalat,Finthakket  Skinkesalat,1,0,bg.,Netto,https://static.tilbudsugen.dk/1st-retail/2026/26/65672/Netto262026-1_1_2586x1290_4884x2826_zoom.jpg,2026-06-20,2026-06-26,https://res.cloudinary.com/dfqzmnlga/image/upload/v1781934060/2026-06-20/11175985.jpg,Finely ground ham salad,Savory crunch meets sweet tang in a single bite—perfect for a quick snack or a bold twist on a salad. 🍲
11175983,10.0,K-salat,Pålægssalat,Hønsesalat,1,0,bg.,Netto,https://static.tilbudsugen.dk/1st-retail/2026/26/65672/Netto262026-1_1_2586x1290_4884x2826_zoom.jpg,2026-06-20,2026-06-26,https://res.cloudinary.com/dfqzmnlga/image/upload/v1781934060/2026-06-20/11175983.jpg,Chicken lettuce,Squeaky-clean chicken lettuce with a side of sass and a sprinkle of attitude. 🥩✨
11176097,10.0,Egelykke,"Pålæg, skiveskåret",Sønderjysk Spegepølse,1,0,pk.,Netto,https://static.tilbudsugen.dk/1st-retail/2026/26/65672/Netto262026-1_15_43x756_1768x2950_zoom.jpg,2026-06-20,2026-06-26,https://res.cloudinary.com/dfqzmnlga/image/upload/v1781934061/2026-06-20/11176097.jpg,Sønderjysk Salsify,"Sønderjysk Salsify: The sweet, tangy crunch that turns ordinary meals into unforgettable adventures 🍽️"
11176133,20.0,ØGO,Pålægspølser,Kyllingepølse,1,0,stk.,Netto,https://static.tilbudsugen.dk/1st-retail/2026/26/65672/Netto262026-1_5_2699x2465_4949x4758_zoom.jpg,2026-06-20,2026-06-26,https://res.cloudinary.com/dfqzmnlga/image/upload/v1781934061/2026-06-20/11176133.jpg,Chicken sausage,"Sizzling with flavor, ready to take the plate! 🍗"
11176099,10.0,Egelykke,"Pålæg, skiveskåret",Peberspegepølse,1,0,pk.,Netto,https://static.tilbudsugen.dk/1st-retail/2026/26/65672/Netto262026-1_15_43x756_1768x2950_zoom.jpg,2026-06-20,2026-06-26,https://res.cloudinary.com/dfqzmnlga/image/upload/v1781934062/2026-06-20/11176099.jpg,Peppercorn (corn) sausage,"🔥 Hot, spicy, and full of flavor—peppercorn (corn) sausage is the spice that never sleeps! 🌟"
11176107,12.0,Den Grønne Slagter,"Pålæg, skiveskåret",Skinke Sandwich,1,0,pk.,Netto,https://static.tilbudsugen.dk/1st-retail/2026/26/65672/Netto262026-1_15_26x2863_1680x5249_zoom.jpg,2026-06-20,2026-06-26,https://res.cloudinary.com/dfqzmnlga/image/upload/v1781934062/2026-06-20/11176107.jpg,Ham Sandwich,"Ham Sandwich 🍪 | Life's a sandwich, but I'm the star."
11176106,12.0,Den Grønne Slagter,"Pålæg, skiveskåret",Kyllingebryst Chili,1,0,pk.,Netto,https://static.tilbudsugen.dk/1st-retail/2026/26/65672/Netto262026-1_15_26x2863_1680x5249_zoom.jpg,2026-06-20,2026-06-26,https://res.cloudinary.com/dfqzmnlga/image/upload/v1781934063/2026-06-20/11176106.jpg,Chicken breast Chili,"Sizzle your day with a crispy, spicy kick—chicken breast chili is here to spice things up! 🍳🔥"
11176105,12.0,Den Grønne Slagter,"Pålæg, skiveskåret",Kyllingebryst Grillet,1,0,pk.,Netto,https://static.tilbudsugen.dk/1st-retail/2026/26/65672/Netto262026-1_15_26x2863_1680x5249_zoom.jpg,2026-06-20,2026-06-26,https://res.cloudinary.com/dfqzmnlga/image/upload/v1781934063/2026-06-20/11176105.jpg,Chicken breast Grilled,"🔥 Grilled chicken breast, ready to ignite your taste buds! 🥩"
11176104,12.0,Den Grønne Slagter,"Pålæg, skiveskåret",Hamburgerryg,1,0,pk.,Netto,https://static.tilbudsugen.dk/1st-retail/2026/26/65672/Netto262026-1_15_26x2863_1680x5249_zoom.jpg,2026-06-20,2026-06-26,https://res.cloudinary.com/dfqzmnlga/image/upload/v1781934064/2026-06-20/11176104.jpg,Hamburger back,"Savor the crunch, not the crumb—because I'm the ultimate burger enthusiast! 🍔"
11176108,10.0,Serrano,"Pålæg, skiveskåret",Chorizo,1,0,pk.,Netto,https://static.tilbudsugen.dk/1st-retail/2026/26/65672/Netto262026-1_15_87x5171_2751x6843_zoom.jpg,2026-06-20,2026-06-26,https://res.cloudinary.com/dfqzmnlga/image/upload/v1781934064/2026-06-20/11176108.jpg,Chorizo,"🔥 Spicy, bold, and always ready to spice things up! 🌮"
11176109,10.0,Serrano,"Pålæg, skiveskåret",Jamon Serrano,1,0,pk.,Netto,https://static.tilbudsugen.dk/1st-retail/2026/26/65672/Netto262026-1_15_87x5171_2751x6843_zoom.jpg,2026-06-20,2026-06-26,https://res.cloudinary.com/dfqzmnlga/image/upload/v1781934065/2026-06-20/11176109.jpg,Jamon Serrano,"Salty, smoky, and slightly spicy — the perfect companion to a cold drink. 🍸"
11176103,12.0,Den Grønne Slagter,"Pålæg, skiveskåret",Rullepølse med Løg & Krydderier,1,0,pk.,Netto,https://static.tilbudsugen.dk/1st-retail/2026/26/65672/Netto262026-1_15_26x2863_1680x5249_zoom.jpg,2026-06-20,2026-06-26,https://res.cloudinary.com/dfqzmnlga/image/upload/v1781934065/2026-06-20/11176103.jpg,Roller Sausage with Onion & Spices,"Sizzle it, spice it, and serve it up—perfect for a quick, hearty meal! 🍲"
11176117,27.95,Pølsemesteren,300 g - 599 g Normalpakke Pølser,Hotdogpølser,1,0,pk.,Netto,https://static.tilbudsugen.dk/1st-retail/2026/26/65672/Netto262026-1_16_70x1783_2673x3603_zoom.jpg,2026-06-20,2026-06-26,https://res.cloudinary.com/dfqzmnlga/image/upload/v1781934066/2026-06-20/11176117.jpg,Hot dog sausages,"Sizzling with flavor, I'm the perfect partner for a spicy afternoon snack! 🍔"
11176141,27.95,Pølsemesteren,300 g - 599 g Normalpakke Pølser,Grillpølser,1,0,pk.,Netto,https://static.tilbudsugen.dk/1st-retail/2026/26/65672/Netto262026-1_16_70x1783_2673x3603_zoom.jpg,2026-06-20,2026-06-26,https://res.cloudinary.com/dfqzmnlga/image/upload/v1781934066/2026-06-20/11176141.jpg,Barbecue sausages,"🔥 Sizzling with flavor, ready to grill or eat any night! 🍲"
11176206,27.95,Pølsemesteren,300 g - 599 g Normalpakke Pølser,Grillpølser,1,0,pk.,Netto,https://static.tilbudsugen.dk/1st-retail/2026/26/65672/Netto262026-1_7_1171x1633_2471x3094_zoom.jpg,2026-06-20,2026-06-26,https://res.cloudinary.com/dfqzmnlga/image/upload/v1781934066/2026-06-20/11176206.jpg,Barbecue sausages,"🔥 Smoky, spicy, and ready to ignite your taste buds—barbecue sausages are the flavor-packed sidekick to any meal! 🍴"
11176114,45.0,Gøl,600 g - 1099 g Store Pakker Pølser,Hotdogpølser,1,0,pk.,Netto,https://static.tilbudsugen.dk/1st-retail/2026/26/65672/Netto262026-1_16_2560x1775_4902x3595_zoom.jpg,2026-06-01,2026-06-30,https://res.cloudinary.com/dfqzmnlga/image/upload/v1781934067/2026-06-20/11176114.jpg,Hot dog sausages,"Sizzle your way through life with a hot dog sausage—sizzling, spicy, and unstoppable! 🍔🔥"
11159226,45.0,Gøl,600 g - 1099 g Store Pakker Pølser,Hotdogpølser,1,0,pk.,Netto,https://static.tilbudsugen.dk/1st-retail/2026/24/65561/Netto232026-1_12_2397x2718_4949x4857_zoom.jpg,2026-06-01,2026-06-30,https://res.cloudinary.com/dfqzmnlga/image/upload/v1781934067/2026-06-20/11159226.jpg,Hot dog sausages,"Sizzling with flavor, I'm the perfect partner for a picnic or a BBQ—no need for a grocery list! 🍕"
11159227,45.0,Gøl,300 g - 599 g Normalpakke Pølser,Grillpølser,1,0,pk.,Netto,https://static.tilbudsugen.dk/1st-retail/2026/24/65561/Netto232026-1_12_2397x2718_4949x4857_zoom.jpg,2026-06-01,2026-06-30,https://res.cloudinary.com/dfqzmnlga/image/upload/v1781934068/2026-06-20/11159227.jpg,Barbecue sausages,"🔥 Sizzling with flavor, ready to spice up your day! 🍗"
11159228,45.0,Gøl,300 g - 599 g Normalpakke Pølser,Frankfurter,1,0,pk.,Netto,https://static.tilbudsugen.dk/1st-retail/2026/24/65561/Netto232026-1_12_2397x2718_4949x4857_zoom.jpg,2026-06-01,2026-06-30,https://res.cloudinary.com/dfqzmnlga/image/upload/v1781934068/2026-06-20/11159228.jpg,Frankfurter,"Savory, spicy, and ready to spark a conversation—just like a good frankfurter! 🍔"
11176115,45.0,Gøl,300 g - 599 g Normalpakke Pølser,Grillpølser,1,0,pk.,Netto,https://static.tilbudsugen.dk/1st-retail/2026/26/65672/Netto262026-1_16_2560x1775_4902x3595_zoom.jpg,2026-06-01,2026-06-30,https://res.cloudinary.com/dfqzmnlga/image/upload/v1781934068/2026-06-20/11176115.jpg,Barbecue sausages,"Savoring the smoky flavor of life, 🍛"
11176116,45.0,Gøl,300 g - 599 g Normalpakke Pølser,Frankfurter,1,0,pk.,Netto,https://static.tilbudsugen.dk/1st-retail/2026/26/65672/Netto262026-1_16_2560x1775_4902x3595_zoom.jpg,2026-06-01,2026-06-30,https://res.cloudinary.com/dfqzmnlga/image/upload/v1781934069/2026-06-20/11176116.jpg,Frankfurter,"🔥Sizzle with flavor, never a dull moment! 🍔"
11176053,15.0,Arla,Mælk,Koldskål Tykmælk & Æg,1,1,krt.,Netto,https://static.tilbudsugen.dk/1st-retail/2026/26/65672/Netto262026-1_13_1611x3473_3265x5145_zoom.jpg,2026-06-20,2026-06-26,https://res.cloudinary.com/dfqzmnlga/image/upload/v1781934069/2026-06-20/11176053.jpg,Cold bowl Thick milk & Eggs,"Cool bowl of cold milk and eggs, ready to cool your day. 🥝☕"
11176054,15.0,Arla,Mælk,Koldskål Tykmælk & Jordbær,1,1,krt.,Netto,https://static.tilbudsugen.dk/1st-retail/2026/26/65672/Netto262026-1_13_1611x3473_3265x5145_zoom.jpg,2026-06-20,2026-06-26,https://res.cloudinary.com/dfqzmnlga/image/upload/v1781934070/2026-06-20/11176054.jpg,Cold bowl Thick milk & Strawberry,Cool bowl of cold milk with fresh strawberries — perfect for a chilly day. 🍓🥛
11176068,20.0,Actimel,Mellemmåltider,Drikkeyoghurt Jordbær & Banan,1,0,pk.,Netto,https://static.tilbudsugen.dk/1st-retail/2026/26/65672/Netto262026-1_4_2385x62_4992x2527_zoom.jpg,2026-06-20,2026-06-26,https://res.cloudinary.com/dfqzmnlga/image/upload/v1781934070/2026-06-20/11176068.jpg,Drinking yogurt Strawberry & Banana,Savoring the sweetest blend of strawberry and banana in every sip—nature's perfect snack. 🍓🍌
11176061,20.0,Actimel,Mellemmåltider,Drikkeyoghurt Jordbær,1,0,pk.,Netto,https://static.tilbudsugen.dk/1st-retail/2026/26/65672/Netto262026-1_4_2385x62_4992x2527_zoom.jpg,2026-06-20,2026-06-26,https://res.cloudinary.com/dfqzmnlga/image/upload/v1781934071/2026-06-20/11176061.jpg,Drinking yoghurt Strawberry,"Sip, swirl, and smile—strawberry yogurt is the ultimate refreshment! 🍓✨"
11176069,20.0,Actimel,Mellemmåltider,Drikkeyoghurt Skovbær,1,0,pk.,Netto,https://static.tilbudsugen.dk/1st-retail/2026/26/65672/Netto262026-1_4_2385x62_4992x2527_zoom.jpg,2026-06-20,2026-06-26,https://res.cloudinary.com/dfqzmnlga/image/upload/v1781934071/2026-06-20/11176069.jpg,Drinking yoghurt Forestberries,"Sip, snack, and sprinkle – my flavor is wild, my vibe is bold. 🍯✨"
11176212,16.0,Egelykke,Madlavning friskvarer,Creme Fraiche 9 %,1,0,stk.,Netto,https://static.tilbudsugen.dk/1st-retail/2026/26/65672/Netto262026-1_7_2490x5412_3580x6872_zoom.jpg,2026-06-20,2026-06-26,https://res.cloudinary.com/dfqzmnlga/image/upload/v1781934071/2026-06-20/11176212.jpg,Cream Fraiche 9 %,"Smooth, creamy, and slightly tart — like a summer breeze on your skin. 🌬️"
11176087,12.0,Protein Lab,Mellemmåltider,Drikkeyoghurt Strawberry,1,0,fl.,Netto,https://static.tilbudsugen.dk/1st-retail/2026/26/65672/Netto262026-1_14_2699x4326_4920x6834_zoom.jpg,2026-06-20,2026-06-26,https://res.cloudinary.com/dfqzmnlga/image/upload/v1781934072/2026-06-20/11176087.jpg,Drinking yogurt Strawberry,Savoring the sweetness of strawberry in every sip — perfect for a morning pick-me-up! 🍓
11176090,12.0,Protein Lab,Mellemmåltider,Drikkeyoghurt Vanilla,1,0,fl.,Netto,https://static.tilbudsugen.dk/1st-retail/2026/26/65672/Netto262026-1_14_2699x4326_4920x6834_zoom.jpg,2026-06-20,2026-06-26,https://res.cloudinary.com/dfqzmnlga/image/upload/v1781934072/2026-06-20/11176090.jpg,Drinking yoghurt Vanilla,"Sipping vanilla bliss, one yogurt at a time. 🍯"
11176095,10.0,Protein Lab,Madlavningsost,Hytteost,1,0,bg.,Netto,https://static.tilbudsugen.dk/1st-retail/2026/26/65672/Netto262026-1_14_174x2358_2020x3429_zoom.jpg,2026-06-20,2026-06-26,https://res.cloudinary.com/dfqzmnlga/image/upload/v1781934073/2026-06-20/11176095.jpg,Cottage cheese,"Cheese lover with a soft, creamy heart and a smile that melts in your mouth. 🧀"
11175975,10.0,Protein Lab,Madlavningsost,Hytteost,1,0,bg.,Netto,https://static.tilbudsugen.dk/1st-retail/2026/26/65672/Netto262026-1_1_0x1356_2424x2946_zoom.jpg,2026-06-20,2026-06-26,https://res.cloudinary.com/dfqzmnlga/image/upload/v1781934073/2026-06-20/11175975.jpg,Cottage cheese,"Salty and creamy, I'm the perfect companion to a morning coffee — or a snack, or a mood. 🍯"
11175995,5.0,Dr Oetker,Mellemmåltider,Paula Dessert,1,0,bg.,Netto,https://static.tilbudsugen.dk/1st-retail/2026/26/65672/Netto262026-1_2_2477x2552_4961x4672_zoom.jpg,2026-06-20,2026-06-26,https://res.cloudinary.com/dfqzmnlga/image/upload/v1781934073/2026-06-20/11175995.jpg,Paula Dessert,"✨ Sweet tooth, salty soul, and always ready to satisfy your cravings! 🍬"
11176080,15.0,Protein Lab,Mellemmåltider,One Meal Chocolate,1,0,fl.,Netto,https://static.tilbudsugen.dk/1st-retail/2026/26/65672/Netto262026-1_14_3265x216_4876x2384_zoom.jpg,2026-06-20,2026-06-26,https://res.cloudinary.com/dfqzmnlga/image/upload/v1781934074/2026-06-20/11176080.jpg,One Meal Chocolate,"✨ Savor the perfect bite, one chocolate at a time. 🍫"
11176083,15.0,Protein Lab,Mellemmåltider,One Meal Strawberry,1,0,fl.,Netto,https://static.tilbudsugen.dk/1st-retail/2026/26/65672/Netto262026-1_14_3265x216_4876x2384_zoom.jpg,2026-06-20,2026-06-26,https://res.cloudinary.com/dfqzmnlga/image/upload/v1781934074/2026-06-20/11176083.jpg,One Meal Strawberry,"Strawberry lover with a sweet twist, 🍓"
11175998,5.0,Dr Oetker,Mellemmåltider,Citronfromage ,1,0,bg.,Netto,https://static.tilbudsugen.dk/1st-retail/2026/26/65672/Netto262026-1_2_2477x2552_4961x4672_zoom.jpg,2026-06-20,2026-06-26,https://res.cloudinary.com/dfqzmnlga/image/upload/v1781934075/2026-06-20/11175998.jpg,Lemon fromage,Citrusy surprise in every bite 🍋
11175996,5.0,Dr Oetker,Mellemmåltider,Chokolademousse,1,0,bg.,Netto,https://static.tilbudsugen.dk/1st-retail/2026/26/65672/Netto262026-1_2_2477x2552_4961x4672_zoom.jpg,2026-06-20,2026-06-26,https://res.cloudinary.com/dfqzmnlga/image/upload/v1781934075/2026-06-20/11175996.jpg,Chocolate mousse,✨ Choco-dreamy bites that melt in your mouth and make your heart skip a beat! ✨
11175997,5.0,Dr Oetker,Mellemmåltider,Vaniljemoussse,1,0,bg.,Netto,https://static.tilbudsugen.dk/1st-retail/2026/26/65672/Netto262026-1_2_2477x2552_4961x4672_zoom.jpg,2026-06-20,2026-06-26,https://res.cloudinary.com/dfqzmnlga/image/upload/v1781934075/2026-06-20/11175997.jpg,Vaniljemoussse,"Vaniljemoussse: The sweetest escape, with a twist of vanilla and a sprinkle of joy. 🍯"
11176152,12.0,Kærgården,Fedtstoffer,Smørbar Let,1,0,bg.,Netto,https://static.tilbudsugen.dk/1st-retail/2026/26/65672/Netto262026-1_6_18x2562_2472x4639_zoom.jpg,2026-06-20,2026-06-26,https://res.cloudinary.com/dfqzmnlga/image/upload/v1781934076/2026-06-20/11176152.jpg,Spreadable Light,✨ Spreadable Light that shines bright in any mood! ✨
11176150,12.0,Kærgården,Fedtstoffer,Smørbar,1,0,bg.,Netto,https://static.tilbudsugen.dk/1st-retail/2026/26/65672/Netto262026-1_6_18x2562_2472x4639_zoom.jpg,2026-06-20,2026-06-26,https://res.cloudinary.com/dfqzmnlga/image/upload/v1781934076/2026-06-20/11176150.jpg,Butterable,"Melt into your heart with a creamy, buttery touch—perfect for any moment. 🧀"
11176709,7.67,Buko,Specialost,Flødeost Garli,1,0,bg.,Netto,https://static.tilbudsugen.dk/1st-retail/2026/26/65672/Netto262026-1_19_7x735_2186x3950_zoom.jpg,2026-06-20,2026-06-26,https://res.cloudinary.com/dfqzmnlga/image/upload/v1781934077/2026-06-20/11176709.jpg,Cream cheese Garli,"Cream cheese Garli: Sweet, creamy, and slightly mysterious—perfect for a rainy day. 🍫"
11176078,20.0,Cheasy,Skæreost,Havarti 30+ ,1,0,stk.,Netto,https://static.tilbudsugen.dk/1st-retail/2026/26/65672/Netto262026-1_13_35x2053_2595x3525_zoom.jpg,2026-06-20,2026-06-26,https://res.cloudinary.com/dfqzmnlga/image/upload/v1781934077/2026-06-20/11176078.jpg,Havarti 30+,"Savory, creamy, and slightly smoky — perfect for a midday snack or a bold twist on a cheese board. 🧀"
11176052,25.0,Lillebror,Specialost,Ostehaps,1,0,pk.,Netto,https://static.tilbudsugen.dk/1st-retail/2026/26/65672/Netto262026-1_13_2438x1905_4981x3455_zoom.jpg,2026-06-20,2026-06-26,https://res.cloudinary.com/dfqzmnlga/image/upload/v1781934077/2026-06-20/11176052.jpg,Ostephaps,"Ostephaps, the snack that makes your day just a little bit better—because sometimes you need a little extra love. 🍫"
11176044,89.0,Grønnelund,Skæreost,Skæreost Guld Mellemlagret,1,1,stk.,Netto,https://static.tilbudsugen.dk/1st-retail/2026/26/65672/Netto262026-1_13_3013x224_4928x1957_zoom.jpg,2026-06-20,2026-06-26,https://res.cloudinary.com/dfqzmnlga/image/upload/v1781934078/2026-06-20/11176044.jpg,Cutting-cheese Gold Intermediate stock,"Slice through life with a golden touch, mid-way between sharp and soft—perfect for those who love a good challenge. 🧁"
11176051,25.0,Cheez Dippers,Specialost,Ostesnacks,1,0,pk.,Netto,https://static.tilbudsugen.dk/1st-retail/2026/26/65672/Netto262026-1_13_2438x1905_4981x3455_zoom.jpg,2026-06-20,2026-06-26,https://res.cloudinary.com/dfqzmnlga/image/upload/v1781934078/2026-06-20/11176051.jpg,Cheese snacks," cheesy delight, ready to melt your day! 🧀"
11176084,10.0,Protein Lab,Madlavningsost,Mozzarella,1,0,ps.,Netto,https://static.tilbudsugen.dk/1st-retail/2026/26/65672/Netto262026-1_14_3317x2489_4850x4370_zoom.jpg,2026-06-20,2026-06-26,https://res.cloudinary.com/dfqzmnlga/image/upload/v1781934079/2026-06-20/11176084.jpg,Mozzarella,"Cheesy, creamy, and always ready to melt into a perfect bite 😋"
11176075,20.0,Allans Guld,Skiveost,Skiveost Mellemlagret,1,0,pk.,Netto,https://static.tilbudsugen.dk/1st-retail/2026/26/65672/Netto262026-1_13_35x2053_2595x3525_zoom.jpg,2026-06-20,2026-06-26,https://res.cloudinary.com/dfqzmnlga/image/upload/v1781934079/2026-06-20/11176075.jpg,Sliced cheese Intermediate storage,"Slice, store, and share—perfect for any snack time! 🧀"
11176055,20.0,Allans Guld,Skiveost,Skiveost Havarti,1,0,pk.,Netto,https://static.tilbudsugen.dk/1st-retail/2026/26/65672/Netto262026-1_13_35x2053_2595x3525_zoom.jpg,2026-06-20,2026-06-26,https://res.cloudinary.com/dfqzmnlga/image/upload/v1781934079/2026-06-20/11176055.jpg,Skiveost Havarti,✨ Curious about the flavor that makes your brain feel less confused? 🥨
11176070,50.0,Castello,Specialost,Havarti Aged,1,0,pk.,Netto,https://static.tilbudsugen.dk/1st-retail/2026/26/65672/Netto262026-1_13_200x634_3161x2027_zoom.jpg,2026-06-20,2026-06-26,https://res.cloudinary.com/dfqzmnlga/image/upload/v1781934080/2026-06-20/11176070.jpg,Havarti Aged,"Slice of creamy indulgence, aged to perfection — perfect for those who love a good cheese bite. 🧀"
11176062,22.0,Løgismose,Specialost,Rygeost,1,0,pk.,Netto,https://static.tilbudsugen.dk/1st-retail/2026/26/65672/Netto262026-1_13_2812x5493_4833x6765_zoom.jpg,2026-06-20,2026-06-26,https://res.cloudinary.com/dfqzmnlga/image/upload/v1781934080/2026-06-20/11176062.jpg,Smoking cheese,"🔥 Smoked, sharp, and ready to ignite your taste buds—perfect for those who love a little fire in their food. 🍔"
11176067,19.0,Løgismose,Madlavningsost,Salatost,1,0,stk.,Netto,https://static.tilbudsugen.dk/1st-retail/2026/26/65672/Netto262026-1_13_43x5066_2743x6878_zoom.jpg,2026-06-20,2026-06-26,https://res.cloudinary.com/dfqzmnlga/image/upload/v1781934081/2026-06-20/11176067.jpg,Salad cheese,Cheesy salad that makes every bite feel like a gourmet experience 🍴✨
11176211,19.0,Løgismose,Madlavningsost,Salatost,1,0,stk.,Netto,https://static.tilbudsugen.dk/1st-retail/2026/26/65672/Netto262026-1_7_3661x3439_4899x4931_zoom.jpg,2026-06-20,2026-06-26,https://res.cloudinary.com/dfqzmnlga/image/upload/v1781934081/2026-06-20/11176211.jpg,Salad cheese,Savory snack that's as refreshing as a summer breeze 🍅
11176139,20.0,Hi Protein,Madlavningsost,Revet Ost Havarti Krystal,1,0,ps.,Netto,https://static.tilbudsugen.dk/1st-retail/2026/26/65672/Netto262026-1_5_62x2478_2588x4715_zoom.jpg,2026-06-20,2026-06-26,https://res.cloudinary.com/dfqzmnlga/image/upload/v1781934081/2026-06-20/11176139.jpg,Reefed Cheese Havarti Crystal,"✨ Crispy, creamy, and full of flavor—perfect for a salty snack or a bold topping! 🧀"
11176137,20.0,Økolandet,Madlavningsost,Revet ost Mozzarella,1,0,ps.,Netto,https://static.tilbudsugen.dk/1st-retail/2026/26/65672/Netto262026-1_5_62x2478_2588x4715_zoom.jpg,2026-06-20,2026-06-26,https://res.cloudinary.com/dfqzmnlga/image/upload/v1781934082/2026-06-20/11176137.jpg,Reefed cheese Mozzarella,"🌊 Cheese that's both creamy and wild, with a flavor that's as vibrant as the ocean—perfect for those who love to taste the difference between the ordinary and the extraordinary. 🌊✨"
11176047,50.0,Port Salut,Specialost,Specialost,1,0,stk.,Netto,https://static.tilbudsugen.dk/1st-retail/2026/26/65672/Netto262026-1_13_200x634_3161x2027_zoom.jpg,2026-06-20,2026-06-26,https://res.cloudinary.com/dfqzmnlga/image/upload/v1781934082/2026-06-20/11176047.jpg,Special cheese,Cheese that makes the world taste better — and the world taste better. 🧀
11176072,50.0,Castello,Specialost,Cheddar,1,0,pk.,Netto,https://static.tilbudsugen.dk/1st-retail/2026/26/65672/Netto262026-1_13_200x634_3161x2027_zoom.jpg,2026-06-20,2026-06-26,https://res.cloudinary.com/dfqzmnlga/image/upload/v1781934082/2026-06-20/11176072.jpg,Cheddar,"Cheesy, bold, and always ready to melt into your heart — 🧀"
11176071,20.0,DAVA Foods,Skalæg,Æg,1,8,bk.,Netto,https://static.tilbudsugen.dk/1st-retail/2026/26/65672/Netto262026-1_4_2305x2576_4998x4777_zoom.jpg,2026-06-20,2026-06-26,https://res.cloudinary.com/dfqzmnlga/image/upload/v1781934083/2026-06-20/11176071.jpg,Eggs,"Eggs: The ultimate breakfast superhero, ready to oozie and ome up! 🥚"
11169916,79.0,Energy,Energi- Sports- & Vitamindrikke,Energidrik 8 pk.,24,0,ds.,Netto,https://static.tilbudsugen.dk/1st-retail/2026/25/65608/Netto252026-1_22_2947x2782_4616x4849_zoom.jpg,2026-06-13,2026-06-26,https://res.cloudinary.com/dfqzmnlga/image/upload/v1781934083/2026-06-20/11169916.jpg,Energy Drink 8 pk.,"💥 Sparkle with energy, never stop charging!"
11169915,79.0,Ultra Energy,Energi- Sports- & Vitamindrikke,Energidrik 8 pk.,24,0,ds.,Netto,https://static.tilbudsugen.dk/1st-retail/2026/25/65608/Netto252026-1_22_2947x2782_4616x4849_zoom.jpg,2026-06-13,2026-06-26,https://res.cloudinary.com/dfqzmnlga/image/upload/v1781934084/2026-06-20/11169915.jpg,Energy Drink 8 pk.,💥 Energize your day with 8 pumps of pure adrenaline! 🌟
11176724,18.0,Pepsi Max,Sodavand,Cola,1,2,fl.,Netto,https://static.tilbudsugen.dk/1st-retail/2026/26/65672/Netto262026-1_20_7x2756_1769x4928_zoom.jpg,2026-06-20,2026-06-26,https://res.cloudinary.com/dfqzmnlga/image/upload/v1781934084/2026-06-20/11176724.jpg,Cola,"Fizzing with fun, I'm the cola that never stops dancing. 🎶"
11176722,18.0,0 Kalorier,Sodavand,Sportssodavand,1,2,fl.,Netto,https://static.tilbudsugen.dk/1st-retail/2026/26/65672/Netto262026-1_20_7x2756_1769x4928_zoom.jpg,2026-06-20,2026-06-26,https://res.cloudinary.com/dfqzmnlga/image/upload/v1781934084/2026-06-20/11176722.jpg,Sports soda,"Sip, sweat, and shine—sports soda keeps you ready for the game! 🍹"
11176723,18.0,Faxe Kondi,Sodavand,Sportssodavand,1,2,fl.,Netto,https://static.tilbudsugen.dk/1st-retail/2026/26/65672/Netto262026-1_20_7x2756_1769x4928_zoom.jpg,2026-06-20,2026-06-26,https://res.cloudinary.com/dfqzmnlga/image/upload/v1781934085/2026-06-20/11176723.jpg,Sports soda,"Sip, shout, and stay unstoppable—sports soda is the ultimate energy boost! 🍹💪"
11169408,79.0,Egekilde,Kildevand m/u brus,Citrus vand med brus 24 pk.,24,0,ds.,Netto,https://static.tilbudsugen.dk/1st-retail/2026/25/65608/Netto252026-1_22_101x4794_1653x6869_zoom.jpg,2026-06-13,2026-06-26,https://res.cloudinary.com/dfqzmnlga/image/upload/v1781934085/2026-06-20/11169408.jpg,Citrus water with shower 24 pk.,"Sip, splash, and refresh with citrus water—perfect for showering and refreshing your day! 🌟"
11169405,79.0,Faxe Kondi,Sodavand,Sportssodavand 24 pk.,24,0,ds.,Netto,https://static.tilbudsugen.dk/1st-retail/2026/25/65608/Netto252026-1_22_101x4794_1653x6869_zoom.jpg,2026-06-13,2026-06-26,https://res.cloudinary.com/dfqzmnlga/image/upload/v1781934085/2026-06-20/11169405.jpg,Sports soda 24 pk.,"Sip, shout, and never miss a beat—sports soda keeps you fueled! 🍹"
11169907,79.0,Coca Cola,Sodavand,Cola 24 pk.,24,0,fl.,Netto,https://static.tilbudsugen.dk/1st-retail/2026/25/65608/Netto252026-1_22_2947x2782_4616x4849_zoom.jpg,2026-06-13,2026-06-26,https://res.cloudinary.com/dfqzmnlga/image/upload/v1781934086/2026-06-20/11169907.jpg,Cola 24 pk.,"Sip, savor, and never forget—Cola 24 pk. 🍹"
11169914,79.0,Coca Cola Zero,Sodavand,Cola 24 pk.,24,0,fl.,Netto,https://static.tilbudsugen.dk/1st-retail/2026/25/65608/Netto252026-1_22_2947x2782_4616x4849_zoom.jpg,2026-06-13,2026-06-26,https://res.cloudinary.com/dfqzmnlga/image/upload/v1781934086/2026-06-20/11169914.jpg,Cola 24 pk.,"Sip, scream, and share—Cola 24 pk. 🍹"
11169407,79.0,Pepsi Max,Sodavand,Cola 24 pk.,24,0,ds.,Netto,https://static.tilbudsugen.dk/1st-retail/2026/25/65608/Netto252026-1_22_101x4794_1653x6869_zoom.jpg,2026-06-13,2026-06-26,https://res.cloudinary.com/dfqzmnlga/image/upload/v1781934087/2026-06-20/11169407.jpg,Cola 24 pk.,"Fizzing with fun, ready to spark a conversation—because life's too short for plain old soda. 🍹"
11169409,15.0,Faxe Kondi,Sodavand,Sportssodavand,1,1,fl.,Netto,https://static.tilbudsugen.dk/1st-retail/2026/25/65608/Netto252026-1_22_1598x669_3072x2821_zoom.jpg,2026-06-13,2026-06-26,https://res.cloudinary.com/dfqzmnlga/image/upload/v1781934087/2026-06-20/11169409.jpg,Sports soda,"Sip, shout, and never forget your favorite team—sports soda is here to fuel your wins! 🎉"
11169417,15.0,Lemon,Sodavand,Cola,1,1,fl.,Netto,https://static.tilbudsugen.dk/1st-retail/2026/25/65608/Netto252026-1_22_1598x669_3072x2821_zoom.jpg,2026-06-13,2026-06-26,https://res.cloudinary.com/dfqzmnlga/image/upload/v1781934087/2026-06-20/11169417.jpg,Cola,"Fizzing fun, never boring—just happy to share a bubbly boost! 🌟"
11169416,15.0,Pepsi Max,Sodavand,Cola,1,1,fl.,Netto,https://static.tilbudsugen.dk/1st-retail/2026/25/65608/Netto252026-1_22_1598x669_3072x2821_zoom.jpg,2026-06-13,2026-06-26,https://res.cloudinary.com/dfqzmnlga/image/upload/v1781934088/2026-06-20/11169416.jpg,Cola,"Fizzing with fun, I'm the drink that never stops pouring—always ready to spark a conversation. 🎉"
11169415,15.0,0 Kalorier,Sodavand,Sportssodavand,1,1,fl.,Netto,https://static.tilbudsugen.dk/1st-retail/2026/25/65608/Netto252026-1_22_1598x669_3072x2821_zoom.jpg,2026-06-13,2026-06-26,https://res.cloudinary.com/dfqzmnlga/image/upload/v1781934088/2026-06-20/11169415.jpg,Sports soda,"Sip, shout, and never miss a beat—sports soda keeps you fueled and ready to rock! 🎉"
11176004,5.0,Uludag Gazoz,Sodavand,Sodavand,1,0,ds.,Netto,https://static.tilbudsugen.dk/1st-retail/2026/26/65672/Netto262026-1_2_0x2367_2514x4660_zoom.jpg,2026-06-20,2026-06-26,https://res.cloudinary.com/dfqzmnlga/image/upload/v1781934089/2026-06-20/11176004.jpg,Soda water,"Fizzing fun, never boring — just a refreshing splash of joy. 🌟"
11176005,5.0,Uludag Gazoz,Sodavand,Sodavand,1,0,ds.,Netto,https://static.tilbudsugen.dk/1st-retail/2026/26/65672/Netto262026-1_2_0x2367_2514x4660_zoom.jpg,2026-06-20,2026-06-26,https://res.cloudinary.com/dfqzmnlga/image/upload/v1781934089/2026-06-20/11176005.jpg,Soda water,"Sip, savor, and never forget the joy of a perfect pour—✨"
11175993,5.0,Appelsin & Blodappelsin,Sodavand,Sodavand,1,0,ds.,Netto,https://static.tilbudsugen.dk/1st-retail/2026/26/65672/Netto262026-1_2_0x2367_2514x4660_zoom.jpg,2026-06-20,2026-06-26,https://res.cloudinary.com/dfqzmnlga/image/upload/v1781934089/2026-06-20/11175993.jpg,Soda water,"Sip, splash, and shine—always ready for a refresh! 🌟"
11176000,5.0,Lemon & Ingefær,Sodavand,Sodavand,1,0,ds.,Netto,https://static.tilbudsugen.dk/1st-retail/2026/26/65672/Netto262026-1_2_0x2367_2514x4660_zoom.jpg,2026-06-20,2026-06-26,https://res.cloudinary.com/dfqzmnlga/image/upload/v1781934090/2026-06-20/11176000.jpg,Soda water,"Fizzing with fun, ready to spark conversations and keep things bubbly! 🌟"
11176001,5.0,Lime & Hyldeblomst,Sodavand,Sodavand,1,0,ds.,Netto,https://static.tilbudsugen.dk/1st-retail/2026/26/65672/Netto262026-1_2_0x2367_2514x4660_zoom.jpg,2026-06-20,2026-06-26,https://res.cloudinary.com/dfqzmnlga/image/upload/v1781934090/2026-06-20/11176001.jpg,Soda water,"Fizzing fun, never boring — just a little bubbly and always ready to spark a conversation. 🚀"
11176003,5.0,Uludag Gazoz,Sodavand,Sodavand Orange,1,0,ds.,Netto,https://static.tilbudsugen.dk/1st-retail/2026/26/65672/Netto262026-1_2_0x2367_2514x4660_zoom.jpg,2026-06-20,2026-06-26,https://res.cloudinary.com/dfqzmnlga/image/upload/v1781934091/2026-06-20/11176003.jpg,Soda Orange,"Soda Orange: Sip, splash, and smile—always ready for a fresh twist on life. 🍹🍊"
11176002,5.0,Citron & Rosengeranium,Sodavand,Sodavand,1,0,ds.,Netto,https://static.tilbudsugen.dk/1st-retail/2026/26/65672/Netto262026-1_2_0x2367_2514x4660_zoom.jpg,2026-06-20,2026-06-26,https://res.cloudinary.com/dfqzmnlga/image/upload/v1781934091/2026-06-20/11176002.jpg,Soda water,"Sip, sip, and never stop laughing—because life's too short for plain water! 🌟"
11176159,10.0,Booster Energi,Energi- Sports- & Vitamindrikke,Energidrik,1,0,ds.,Netto,https://static.tilbudsugen.dk/1st-retail/2026/26/65672/Netto262026-1_6_2394x138_4992x2568_zoom.jpg,2026-06-20,2026-06-26,https://res.cloudinary.com/dfqzmnlga/image/upload/v1781934092/2026-06-20/11176159.jpg,Energy Drink,"💥 Supercharged with energy, ready to crush any challenge! 🌟"
11176160,10.0,Booster Original Zero,Energi- Sports- & Vitamindrikke,Energidrik,1,0,ds.,Netto,https://static.tilbudsugen.dk/1st-retail/2026/26/65672/Netto262026-1_6_2394x138_4992x2568_zoom.jpg,2026-06-20,2026-06-26,https://res.cloudinary.com/dfqzmnlga/image/upload/v1781934092/2026-06-20/11176160.jpg,Energy Drink,"💥 Supercharged energy, delivered anytime, anywhere! 🌟"
11176158,10.0,Booster Exotic Boost,Energi- Sports- & Vitamindrikke,Energidrik,1,0,ds.,Netto,https://static.tilbudsugen.dk/1st-retail/2026/26/65672/Netto262026-1_6_2394x138_4992x2568_zoom.jpg,2026-06-20,2026-06-26,https://res.cloudinary.com/dfqzmnlga/image/upload/v1781934092/2026-06-20/11176158.jpg,Energy Drink,"💥 Boost your vibe, one sip at a time!"
11175999,5.0,Gropper,Iste & Iskaffe,Iskaffe,1,0,stk.,Netto,https://static.tilbudsugen.dk/1st-retail/2026/26/65672/Netto262026-1_2_2477x2552_4961x4672_zoom.jpg,2026-06-20,2026-06-26,https://res.cloudinary.com/dfqzmnlga/image/upload/v1781934092/2026-06-20/11175999.jpg,Ice coffee,"❄️ Sip, sip, and sip—ice coffee is the ultimate chill."
11176156,10.0,Booster Twisted Ice,Energi- Sports- & Vitamindrikke,Energidrik,1,0,ds.,Netto,https://static.tilbudsugen.dk/1st-retail/2026/26/65672/Netto262026-1_6_2394x138_4992x2568_zoom.jpg,2026-06-20,2026-06-26,https://res.cloudinary.com/dfqzmnlga/image/upload/v1781934093/2026-06-20/11176156.jpg,Energy Drink,"💥 Boost your vibe, stay charged, and never miss a beat! 🍹"
11169418,49.0,Booster ,Energi- Sports- & Vitamindrikke,Energidrik 4 pk.,4,0,ds.,Netto,https://static.tilbudsugen.dk/1st-retail/2026/25/65608/Netto252026-1_22_1591x2774_3072x4833_zoom.jpg,2026-06-13,2026-06-26,https://res.cloudinary.com/dfqzmnlga/image/upload/v1781934093/2026-06-20/11169418.jpg,Energy Drink 4 pc.,💥 Energize your day with a shot of pure power!
11176015,10.0,Peter Larsen,Iste & Iskaffe,Iskaffe,1,0,stk.,Netto,https://static.tilbudsugen.dk/1st-retail/2026/26/65672/Netto262026-1_3_2410x240_4961x2453_zoom.jpg,2026-06-20,2026-06-26,https://res.cloudinary.com/dfqzmnlga/image/upload/v1781934094/2026-06-20/11176015.jpg,Ice coffee,"❄️ Sip the chill, refresh your day with ice coffee—because life's too short for boring drinks."
11176014,10.0,Peter Larsen,Iste & Iskaffe,Iskaffe,1,0,stk.,Netto,https://static.tilbudsugen.dk/1st-retail/2026/26/65672/Netto262026-1_3_2410x240_4961x2453_zoom.jpg,2026-06-20,2026-06-26,https://res.cloudinary.com/dfqzmnlga/image/upload/v1781934094/2026-06-20/11176014.jpg,Ice coffee,"Cold brew with a twist, served straight from the fridge—because life's too short for ordinary coffee. 🍵"
11169429,12.0,The Lilac Edition,Energi- Sports- & Vitamindrikke,Energidrik,1,0,ds.,Netto,https://static.tilbudsugen.dk/1st-retail/2026/25/65608/Netto252026-1_22_3088x474_4647x2845_zoom.jpg,2026-06-13,2026-06-26,https://res.cloudinary.com/dfqzmnlga/image/upload/v1781934094/2026-06-20/11169429.jpg,Energy Drink,"💥 Supercharged with energy, ready to crush any challenge! 🌟"
11169433,12.0,The White Edition,Energi- Sports- & Vitamindrikke,Energidrik,1,0,ds.,Netto,https://static.tilbudsugen.dk/1st-retail/2026/25/65608/Netto252026-1_22_3088x474_4647x2845_zoom.jpg,2026-06-13,2026-06-26,https://res.cloudinary.com/dfqzmnlga/image/upload/v1781934095/2026-06-20/11169433.jpg,Energy Drink,"💥 Supercharged with energy, ready to conquer anything! 🌟"
11169428,12.0,The Ice Edition,Energi- Sports- & Vitamindrikke,Energidrik,1,0,ds.,Netto,https://static.tilbudsugen.dk/1st-retail/2026/25/65608/Netto252026-1_22_3088x474_4647x2845_zoom.jpg,2026-06-13,2026-06-26,https://res.cloudinary.com/dfqzmnlga/image/upload/v1781934095/2026-06-20/11169428.jpg,Energy Drink,"💥 Stay pumped, stay electric — I'm the energy boost you need to conquer your day! 🚀"
11169431,12.0,Energy,Energi- Sports- & Vitamindrikke,Energidrik,1,0,ds.,Netto,https://static.tilbudsugen.dk/1st-retail/2026/25/65608/Netto252026-1_22_3088x474_4647x2845_zoom.jpg,2026-06-13,2026-06-26,https://res.cloudinary.com/dfqzmnlga/image/upload/v1781934095/2026-06-20/11169431.jpg,Energy Drink,"💥 Supercharged with energy, ready to crush any challenge!"
11169430,12.0,The Apricot Edition,Energi- Sports- & Vitamindrikke,Energidrik,1,0,ds.,Netto,https://static.tilbudsugen.dk/1st-retail/2026/25/65608/Netto252026-1_22_3088x474_4647x2845_zoom.jpg,2026-06-13,2026-06-26,https://res.cloudinary.com/dfqzmnlga/image/upload/v1781934096/2026-06-20/11169430.jpg,Energy Drink,💥 Never miss a beat—because life's too short for flat energy. 🚀
11169432,12.0,Sugarfree,Energi- Sports- & Vitamindrikke,Energidrik,1,0,ds.,Netto,https://static.tilbudsugen.dk/1st-retail/2026/25/65608/Netto252026-1_22_3088x474_4647x2845_zoom.jpg,2026-06-13,2026-06-26,https://res.cloudinary.com/dfqzmnlga/image/upload/v1781934096/2026-06-20/11169432.jpg,Energy Drink,"💥 Stay charged, stay sharp, stay unstoppable!"
11169434,12.0,The White Edition,Energi- Sports- & Vitamindrikke,Energidrik,1,0,ds.,Netto,https://static.tilbudsugen.dk/1st-retail/2026/25/65608/Netto252026-1_22_3088x474_4647x2845_zoom.jpg,2026-06-13,2026-06-26,https://res.cloudinary.com/dfqzmnlga/image/upload/v1781934097/2026-06-20/11169434.jpg,Energy Drink,"💥 Supercharged with energy, ready to conquer anything!"
11169435,12.0,The Summer Edition,Energi- Sports- & Vitamindrikke,Energidrik,1,0,ds.,Netto,https://static.tilbudsugen.dk/1st-retail/2026/25/65608/Netto252026-1_22_3088x474_4647x2845_zoom.jpg,2026-06-13,2026-06-26,https://res.cloudinary.com/dfqzmnlga/image/upload/v1781934097/2026-06-20/11169435.jpg,Energy Drink,"💥 Supercharged energy, anytime, anywhere! 🌟"
11169424,12.0,The Blue Edition,Energi- Sports- & Vitamindrikke,Energidrik,1,0,ds.,Netto,https://static.tilbudsugen.dk/1st-retail/2026/25/65608/Netto252026-1_22_3088x474_4647x2845_zoom.jpg,2026-06-13,2026-06-26,https://res.cloudinary.com/dfqzmnlga/image/upload/v1781934097/2026-06-20/11169424.jpg,Energy Drink,"💥 Supercharged with energy, ready to conquer anything! 🎯"
11176039,10.0,Nutramino,Energi- Sports- & Vitamindrikke,Energidrik,1,0,fl.,Netto,https://static.tilbudsugen.dk/1st-retail/2026/26/65672/Netto262026-1_3_96x4633_2472x6859_zoom.jpg,2026-06-20,2026-06-26,https://res.cloudinary.com/dfqzmnlga/image/upload/v1781934098/2026-06-20/11176039.jpg,Energy Drink,"💥 Stay charged, stay unstoppable—because I'm the energy that keeps you moving! 🌟"
11176248,39.0,Extra Specialristet,Kaffe,Kaffe Formalet,1,0,ps.,Netto,https://static.tilbudsugen.dk/1st-retail/2026/26/65672/Netto262026-1_17_2428x5208_4998x6903_zoom.jpg,2026-06-20,2026-06-26,https://res.cloudinary.com/dfqzmnlga/image/upload/v1781934098/2026-06-20/11176248.jpg,Coffee Painted,"☕️ Painted with coffee, I'm the ultimate mood booster—perfect for any chaotic day."
11176245,39.0,Guld,Kaffe,Kaffe Formalet,1,0,ps.,Netto,https://static.tilbudsugen.dk/1st-retail/2026/26/65672/Netto262026-1_17_2428x5208_4998x6903_zoom.jpg,2026-06-20,2026-06-26,https://res.cloudinary.com/dfqzmnlga/image/upload/v1781934098/2026-06-20/11176245.jpg,Coffee Painted,"☕️ The ultimate coffee artist, painting the world with every cup."
11169402,16.0,Rynkeby,Koncentreret Saft,Blandet Saft C,1,1,krt.,Netto,https://static.tilbudsugen.dk/1st-retail/2026/25/65608/Netto252026-1_22_62x2774_1637x4849_zoom.jpg,2026-06-13,2026-06-26,https://res.cloudinary.com/dfqzmnlga/image/upload/v1781934099/2026-06-20/11169402.jpg,Mixed Soft C,"Soft, squishy, and just right—like a perfect hug. 🌟"
11169403,16.0,Rynkeby,Koncentreret Saft,Blandet Saft Light ,1,1,krt.,Netto,https://static.tilbudsugen.dk/1st-retail/2026/25/65608/Netto252026-1_22_62x2774_1637x4849_zoom.jpg,2026-06-13,2026-06-26,https://res.cloudinary.com/dfqzmnlga/image/upload/v1781934099/2026-06-20/11169403.jpg,Mixed Soft Light,"✨ Soft, warm, and just right—like a perfect afternoon tea. ✨"
11169404,16.0,Rynkeby,Koncentreret Saft,Blandet Saft Gul,1,1,krt.,Netto,https://static.tilbudsugen.dk/1st-retail/2026/25/65608/Netto252026-1_22_62x2774_1637x4849_zoom.jpg,2026-06-13,2026-06-26,https://res.cloudinary.com/dfqzmnlga/image/upload/v1781934100/2026-06-20/11169404.jpg,Mixed Soft Yellow,"✨ A vibrant mix of soft yellows, perfect for adding a touch of warmth to any moment. ✨"
11176713,9.97,innocent,Juice,Kokosvand,1,0,krt.,Netto,https://static.tilbudsugen.dk/1st-retail/2026/26/65672/Netto262026-1_19_36x3964_2452x6884_zoom.jpg,2026-06-20,2026-06-26,https://res.cloudinary.com/dfqzmnlga/image/upload/v1781934100/2026-06-20/11176713.jpg,Coconut water,"Sip on the refreshing taste of nature, 🌴✨"
11169399,16.0,Zero,Saft,Hyldeblomst drik,1,0,fl.,Netto,https://static.tilbudsugen.dk/1st-retail/2026/25/65608/Netto252026-1_22_62x2774_1637x4849_zoom.jpg,2026-06-13,2026-06-26,https://res.cloudinary.com/dfqzmnlga/image/upload/v1781934100/2026-06-20/11169399.jpg,Elderflower Drink,"Sip, savor, and sip some elderflower magic—because life's too short for boring drinks. 🍷"
11169401,16.0,Zero,Saft,Pink Paradise drik,1,0,fl.,Netto,https://static.tilbudsugen.dk/1st-retail/2026/25/65608/Netto252026-1_22_62x2774_1637x4849_zoom.jpg,2026-06-13,2026-06-26,https://res.cloudinary.com/dfqzmnlga/image/upload/v1781934101/2026-06-20/11169401.jpg,Pink Paradise Drink,"✨ Pink Paradise Drink: Where flavor meets fun, and every sip is a tropical escape! 🌴"
11169400,16.0,Zero,Koncentreret Saft,Hindbær & Citron Frugtsaft ,1,0,fl.,Netto,https://static.tilbudsugen.dk/1st-retail/2026/25/65608/Netto252026-1_22_62x2774_1637x4849_zoom.jpg,2026-06-13,2026-06-26,https://res.cloudinary.com/dfqzmnlga/image/upload/v1781934101/2026-06-20/11169400.jpg,Raspberries & Lemon Fruit Juice,Sip on the sweetest tang of summer with raspberries and lemon juice—nature's refreshing twist! 🍓🍋
11159425,20.0,GodMorgen,Juice,Æblejuice Hyldeblomst,1,0,fl.,Netto,https://static.tilbudsugen.dk/1st-retail/2026/24/65561/Netto232026-1_8_1548x2814_3351x4816_zoom.jpg,2026-06-01,2026-06-30,https://res.cloudinary.com/dfqzmnlga/image/upload/v1781934102/2026-06-20/11159425.jpg,Apple juice Golden flower,"Golden flower 🍎 juice, blooming with flavor and flair."
11159429,20.0,GodMorgen,Juice,Appelsinjuice,1,0,fl.,Netto,https://static.tilbudsugen.dk/1st-retail/2026/24/65561/Netto232026-1_8_1548x2814_3351x4816_zoom.jpg,2026-06-01,2026-06-30,https://res.cloudinary.com/dfqzmnlga/image/upload/v1781934102/2026-06-20/11159429.jpg,Orange juice,"Citrusy energy boost, perfect for any day — 🍊"
11176058,20.0,GodMorgen,Juice,Appelsinjuice,1,0,fl.,Netto,https://static.tilbudsugen.dk/1st-retail/2026/26/65672/Netto262026-1_13_3239x3473_4885x5127_zoom.jpg,2026-06-01,2026-06-30,https://res.cloudinary.com/dfqzmnlga/image/upload/v1781934102/2026-06-20/11176058.jpg,Orange juice,Citrus-powered energy boost — perfect for keeping your day fresh and vibrant. 🍊
11159430,20.0,GodMorgen,Juice,Æble Pære & Mynte Juice,1,0,fl.,Netto,https://static.tilbudsugen.dk/1st-retail/2026/24/65561/Netto232026-1_8_1548x2814_3351x4816_zoom.jpg,2026-06-01,2026-06-30,https://res.cloudinary.com/dfqzmnlga/image/upload/v1781934103/2026-06-20/11159430.jpg,Apple Pear & Mint Juice,"Tropical twist in every sip—apple, pear, and mint blend into a refreshing, zesty delight. 🍓🌿"
11159431,20.0,GodMorgen,Juice,"Æblejuice Æble, Rabarber og Jordbær",1,0,fl.,Netto,https://static.tilbudsugen.dk/1st-retail/2026/24/65561/Netto232026-1_8_1548x2814_3351x4816_zoom.jpg,2026-06-01,2026-06-30,https://res.cloudinary.com/dfqzmnlga/image/upload/v1781934103/2026-06-20/11159431.jpg,"Apple juice Apple, Rhubarb and Strawberry","Sip on the sweetest blend of flavors — Apple, Rhubarb, and Strawberry — in one delicious pour. 🍎🍓🫐"
11176056,20.0,GodMorgen,Juice,Æblejuice Hyldeblomst,1,0,fl.,Netto,https://static.tilbudsugen.dk/1st-retail/2026/26/65672/Netto262026-1_13_3239x3473_4885x5127_zoom.jpg,2026-06-01,2026-06-30,https://res.cloudinary.com/dfqzmnlga/image/upload/v1781934103/2026-06-20/11176056.jpg,Apple juice Golden flower,"Golden flower, sweet nectar of the morning — refresh your day with a splash of sunshine. 🌸"
11176060,20.0,GodMorgen,Juice,"Æblejuice Æble, Rabarber og Jordbær",1,0,fl.,Netto,https://static.tilbudsugen.dk/1st-retail/2026/26/65672/Netto262026-1_13_3239x3473_4885x5127_zoom.jpg,2026-06-01,2026-06-30,https://res.cloudinary.com/dfqzmnlga/image/upload/v1781934104/2026-06-20/11176060.jpg,"Apple juice Apple, Rhubarb and Strawberry","Tropical twist on a classic: ""Sour, sweet, and vibrant—nature's perfect blend."" 🍓🍓🍏"
11176057,20.0,GodMorgen,Juice,Æblejuice Mandarin & Gulerod,1,0,fl.,Netto,https://static.tilbudsugen.dk/1st-retail/2026/26/65672/Netto262026-1_13_3239x3473_4885x5127_zoom.jpg,2026-06-01,2026-06-30,https://res.cloudinary.com/dfqzmnlga/image/upload/v1781934104/2026-06-20/11176057.jpg,Applejuice Mandarin & Carrot,"Sour, sweet, and slightly tangy—perfect for a rainy day with a good book. 🍎🍊"
11176059,20.0,GodMorgen,Juice,Æble Pære & Mynte Juice,1,0,fl.,Netto,https://static.tilbudsugen.dk/1st-retail/2026/26/65672/Netto262026-1_13_3239x3473_4885x5127_zoom.jpg,2026-06-01,2026-06-30,https://res.cloudinary.com/dfqzmnlga/image/upload/v1781934105/2026-06-20/11176059.jpg,Apple Pear & Mint Juice,"Sip, savor, and refresh with the perfect blend of apple, pear, and mint — nature's sweet symphony in every sip! 🍎💚"
11159428,20.0,GodMorgen,Juice,Æblejuice Mandarin & Gulerod,1,0,fl.,Netto,https://static.tilbudsugen.dk/1st-retail/2026/24/65561/Netto232026-1_8_1548x2814_3351x4816_zoom.jpg,2026-06-01,2026-06-30,https://res.cloudinary.com/dfqzmnlga/image/upload/v1781934105/2026-06-20/11159428.jpg,Applejuice Mandarin & Carrot,"Tropical twist on a classic: ""Sour, sweet, and super juicy—perfect for any snack or snack bar."" 🍎🍊"
11169378,6.0,,RTD,Raspberry Flavor Cocktail,1,0,ds.,Netto,https://static.tilbudsugen.dk/1st-retail/2026/25/65608/Netto252026-1_21_117x1503_3353x3601_zoom.jpg,2026-06-13,2026-06-26,https://res.cloudinary.com/dfqzmnlga/image/upload/v1781934106/2026-06-20/11169378.jpg,Raspberry Flavor Cocktail,"Sip, savor, and savor—because this is the flavor of summer. 🍓"
11169379,6.0,,RTD,Lemon Flavor Cocktail,1,0,ds.,Netto,https://static.tilbudsugen.dk/1st-retail/2026/25/65608/Netto252026-1_21_117x1503_3353x3601_zoom.jpg,2026-06-13,2026-06-26,https://res.cloudinary.com/dfqzmnlga/image/upload/v1781934106/2026-06-20/11169379.jpg,Lemon Flavor Cocktail,"Citrusy, zesty, and perfectly balanced—just the way life should be. 🍋"
11169380,6.0,,RTD,Pineapple Flavor Cocktail,1,0,ds.,Netto,https://static.tilbudsugen.dk/1st-retail/2026/25/65608/Netto252026-1_21_117x1503_3353x3601_zoom.jpg,2026-06-13,2026-06-26,https://res.cloudinary.com/dfqzmnlga/image/upload/v1781934106/2026-06-20/11169380.jpg,Pineapple Flavor Cocktail,"Sip, scream, and stack—because pineapple flavor is everywhere! 🍑"
11176088,20.0,Raspberry Crush,Vodka,Vodka,1,0,fl.,Netto,https://static.tilbudsugen.dk/1st-retail/2026/26/65672/Netto262026-1_4_2619x4771_4998x6848_zoom.jpg,2026-06-20,2026-06-26,https://res.cloudinary.com/dfqzmnlga/image/upload/v1781934107/2026-06-20/11176088.jpg,Vodka,"Vodka: ""I'm the chill, unapologetic drink that knows how to party—no pretense, just pure vibes. 🍹"""
11176073,20.0,Smirnoff,Vodka,Vodka,1,0,fl.,Netto,https://static.tilbudsugen.dk/1st-retail/2026/26/65672/Netto262026-1_4_2619x4771_4998x6848_zoom.jpg,2026-06-20,2026-06-26,https://res.cloudinary.com/dfqzmnlga/image/upload/v1781934107/2026-06-20/11176073.jpg,Vodka,"Vodka: ""Sip, savor, and never say 'no' to a good drink."" 🍸"
11169372,12.0,Raspberry,RTD,Raspberry RTD,1,0,fl.,Netto,https://static.tilbudsugen.dk/1st-retail/2026/25/65608/Netto252026-1_21_3150x154_4998x2821_zoom.jpg,2026-06-13,2026-06-26,https://res.cloudinary.com/dfqzmnlga/image/upload/v1781934107/2026-06-20/11169372.jpg,Raspberry RTD,"Sip on the sweetest summer vibes with a splash of tartness—Raspberry RTD, refreshingly bold. 🍓"
11169377,12.0,Original,RTD,Original RTD,1,0,fl.,Netto,https://static.tilbudsugen.dk/1st-retail/2026/25/65608/Netto252026-1_21_3150x154_4998x2821_zoom.jpg,2026-06-13,2026-06-26,https://res.cloudinary.com/dfqzmnlga/image/upload/v1781934108/2026-06-20/11169377.jpg,Original RTD,"Original RTD: Always fresh, always bold, always unforgettable. 🍹"
11169395,12.0,Green Apple,RTD,Original RTD,1,0,fl.,Netto,https://static.tilbudsugen.dk/1st-retail/2026/25/65608/Netto252026-1_21_3150x154_4998x2821_zoom.jpg,2026-06-13,2026-06-26,https://res.cloudinary.com/dfqzmnlga/image/upload/v1781934108/2026-06-20/11169395.jpg,Original RTD,"Original RTD: Always fresh, always bold, always unforgettable. 🍹"
11169250,50.0,ISH,RTD,RTD 4 pk.,4,0,ds.,Netto,https://static.tilbudsugen.dk/1st-retail/2026/25/65608/Netto252026-1_19_78x716_1723x2767_zoom.jpg,2026-06-13,2026-06-26,https://res.cloudinary.com/dfqzmnlga/image/upload/v1781934109/2026-06-20/11169250.jpg,RTD 4 pk.,"Sip, sip, and savor—this RTD 4 pk. is the perfect punch of flavor in your hand. 🍹"
11176755,60.0,Master of Mixes,Mixere u/alkohol,DrinkMix,1,1,fl.,Netto,https://static.tilbudsugen.dk/1st-retail/2026/26/65672/Netto262026-1_20_65x4906_2495x6863_zoom.jpg,2026-06-20,2026-06-26,https://res.cloudinary.com/dfqzmnlga/image/upload/v1781934110/2026-06-20/11176755.jpg,DrinkMix,"Sip, mix, and match—your flavor adventure starts here! 🍹✨"
11169132,45.0,Maximilian Spritz,Aperitif,Aperitif,1,0,fl.,Netto,https://static.tilbudsugen.dk/1st-retail/2026/25/65608/Netto252026-1_17_19x2719_2321x5091_zoom.jpg,2026-06-13,2026-06-26,https://res.cloudinary.com/dfqzmnlga/image/upload/v1781934110/2026-06-20/11169132.jpg,Aperitif,"Sip, savor, and spark—perfect for a midnight rendezvous. 🍸"
11169265,45.0,Spritz,RTD,Spritzish RTD,1,0,fl.,Netto,https://static.tilbudsugen.dk/1st-retail/2026/25/65608/Netto252026-1_19_1692x4209_3337x6830_zoom.jpg,2026-06-13,2026-06-26,https://res.cloudinary.com/dfqzmnlga/image/upload/v1781934111/2026-06-20/11169265.jpg,Spritzish RTD,"Spritzish RTD: The perfect blend of citrus and tang, with a hint of surprise—because every sip is a little unexpected. 🍹"
11169959,99.0,Punch Club,RTD,Sex on The Beach,1,1,krt.,Netto,https://static.tilbudsugen.dk/1st-retail/2026/25/65608/Netto252026-1_22_1583x4747_3150x6837_zoom.jpg,2026-06-13,2026-06-26,https://res.cloudinary.com/dfqzmnlga/image/upload/v1781934111/2026-06-20/11169959.jpg,Sex on The Beach,🔥 Sex on The Beach – where every sunset feels like a rendezvous. 🌅
11176762,60.0,Rhubard Spritz,RTD,RTD,1,0,fl.,Netto,https://static.tilbudsugen.dk/1st-retail/2026/26/65672/Netto262026-1_20_65x4906_2495x6863_zoom.jpg,2026-06-20,2026-06-26,https://res.cloudinary.com/dfqzmnlga/image/upload/v1781934111/2026-06-20/11176762.jpg,RTD,RTD: Refresh your day with a splash of energy—no prepping required. 🚀
11176758,60.0,Passionfruit Spritz,RTD,RTD,1,0,fl.,Netto,https://static.tilbudsugen.dk/1st-retail/2026/26/65672/Netto262026-1_20_65x4906_2495x6863_zoom.jpg,2026-06-20,2026-06-26,https://res.cloudinary.com/dfqzmnlga/image/upload/v1781934112/2026-06-20/11176758.jpg,RTD,RTD: Refresh your day with a splash of energy—no prepping required. 🌟
11176753,60.0,Små Fugle,Shots,Shots,1,0,fl.,Netto,https://static.tilbudsugen.dk/1st-retail/2026/26/65672/Netto262026-1_20_65x4906_2495x6863_zoom.jpg,2026-06-20,2026-06-26,https://res.cloudinary.com/dfqzmnlga/image/upload/v1781934112/2026-06-20/11176753.jpg,Shots,"""Shot to the moon, always."" 🌌"
11176752,60.0,Små Sport,Shots,Shots,1,0,fl.,Netto,https://static.tilbudsugen.dk/1st-retail/2026/26/65672/Netto262026-1_20_65x4906_2495x6863_zoom.jpg,2026-06-20,2026-06-26,https://res.cloudinary.com/dfqzmnlga/image/upload/v1781934112/2026-06-20/11176752.jpg,Shots,"🔥 One shot, one shot, one shot—never miss a beat! 🍸"
11169315,79.0,Crodino,Aperitif,Aperitif,4,0,fl.,Netto,https://static.tilbudsugen.dk/1st-retail/2026/25/65608/Netto252026-1_19_1684x638_3571x4155_zoom.jpg,2026-06-13,2026-06-26,https://res.cloudinary.com/dfqzmnlga/image/upload/v1781934113/2026-06-20/11169315.jpg,Aperitif,"Sip, savor, and savor—each sip a new adventure. 🍷"
11169260,79.0,Arancia,Aperitif,Aperitif,1,0,fl.,Netto,https://static.tilbudsugen.dk/1st-retail/2026/25/65608/Netto252026-1_19_1684x638_3571x4155_zoom.jpg,2026-06-13,2026-06-26,https://res.cloudinary.com/dfqzmnlga/image/upload/v1781934113/2026-06-20/11169260.jpg,Aperitif,"Sip, savor, and savor—just like the best moments. 🍸"
11176735,99.0,Carta Blanca,Rom,Rom,1,0,fl.,Netto,https://static.tilbudsugen.dk/1st-retail/2026/26/65672/Netto262026-1_20_2495x4842_4940x6805_zoom.jpg,2026-06-20,2026-06-26,https://res.cloudinary.com/dfqzmnlga/image/upload/v1781934114/2026-06-20/11176735.jpg,Rome,"✨ Rome, the city of endless adventures and unforgettable moments. ✨"
11176738,99.0,Red Label,Whisky,Whisky,1,0,fl.,Netto,https://static.tilbudsugen.dk/1st-retail/2026/26/65672/Netto262026-1_20_2495x4842_4940x6805_zoom.jpg,2026-06-20,2026-06-26,https://res.cloudinary.com/dfqzmnlga/image/upload/v1781934114/2026-06-20/11176738.jpg,Whiskey,"Sip, savor, and let the whiskey speak — because life's too short for dull moments. 🍸"
11176742,99.0,Pure Liquorice,Shots,Shots,1,0,fl.,Netto,https://static.tilbudsugen.dk/1st-retail/2026/26/65672/Netto262026-1_20_2495x4842_4940x6805_zoom.jpg,2026-06-20,2026-06-26,https://res.cloudinary.com/dfqzmnlga/image/upload/v1781934114/2026-06-20/11176742.jpg,Shots,"🔥 One shot, one hit, one unforgettable moment. 🎮"
11176743,99.0,Strawberry-Rhubarb,Shots,Shots,1,0,fl.,Netto,https://static.tilbudsugen.dk/1st-retail/2026/26/65672/Netto262026-1_20_2495x4842_4940x6805_zoom.jpg,2026-06-20,2026-06-26,https://res.cloudinary.com/dfqzmnlga/image/upload/v1781934115/2026-06-20/11176743.jpg,Shots,"🔥 One shot, one hit, one unforgettable moment. 🍸"
11176744,99.0,Pineapple-Vanilla,Shots,Shots,1,0,fl.,Netto,https://static.tilbudsugen.dk/1st-retail/2026/26/65672/Netto262026-1_20_2495x4842_4940x6805_zoom.jpg,2026-06-20,2026-06-26,https://res.cloudinary.com/dfqzmnlga/image/upload/v1781934115/2026-06-20/11176744.jpg,Shots,"🔥 One shot, one hit, one unforgettable moment. 🍸"
11176750,99.0,Spiced Gold,Rom,Rom,1,0,fl.,Netto,https://static.tilbudsugen.dk/1st-retail/2026/26/65672/Netto262026-1_20_2495x4842_4940x6805_zoom.jpg,2026-06-20,2026-06-26,https://res.cloudinary.com/dfqzmnlga/image/upload/v1781934116/2026-06-20/11176750.jpg,Rome,"✨ Rome, the city of endless adventures and unforgettable memories. 🌍✨"
11169252,99.0,"Alcohol Free 0,0",Gin,Gin,1,0,fl.,Netto,https://static.tilbudsugen.dk/1st-retail/2026/25/65608/Netto252026-1_19_93x2845_1668x6837_zoom.jpg,2026-06-13,2026-06-26,https://res.cloudinary.com/dfqzmnlga/image/upload/v1781934116/2026-06-20/11169252.jpg,Gin,"Sip, savor, and sway—my drink is always in motion. 🍸"
11169919,99.0,Orange,Bitter,Bitter,1,0,fl.,Netto,https://static.tilbudsugen.dk/1st-retail/2026/25/65608/Netto252026-1_22_3072x4779_4546x6931_zoom.jpg,2026-06-13,2026-06-26,https://res.cloudinary.com/dfqzmnlga/image/upload/v1781934116/2026-06-20/11169919.jpg,Bitter,"Bitter, but beautifully sharp—like a perfect bite of winter. 🍂"
11176745,99.0,Apple Vanilla,Shots,Shots,1,0,fl.,Netto,https://static.tilbudsugen.dk/1st-retail/2026/26/65672/Netto262026-1_20_2495x4842_4940x6805_zoom.jpg,2026-06-20,2026-06-26,https://res.cloudinary.com/dfqzmnlga/image/upload/v1781934117/2026-06-20/11176745.jpg,Shots,"🔥 One shot at a time, life's a shot—hit hard, hit real. 🍸"
11176748,99.0,Original,Likør,Likør,1,0,fl.,Netto,https://static.tilbudsugen.dk/1st-retail/2026/26/65672/Netto262026-1_20_2495x4842_4940x6805_zoom.jpg,2026-06-20,2026-06-26,https://res.cloudinary.com/dfqzmnlga/image/upload/v1781934117/2026-06-20/11176748.jpg,Liqueurs and cordials,"Sip, savor, and soak in the sweetest vibes — I'm the drink that turns every moment into a celebration. 🍸"
11176749,99.0,London Dry Gin,Gin,Gin,1,0,fl.,Netto,https://static.tilbudsugen.dk/1st-retail/2026/26/65672/Netto262026-1_20_2495x4842_4940x6805_zoom.jpg,2026-06-20,2026-06-26,https://res.cloudinary.com/dfqzmnlga/image/upload/v1781934118/2026-06-20/11176749.jpg,Gin,"Sip, savor, and savor the flavor of the night — I'm gin. 🍸"
11176751,99.0,Gammel Dansk,Bitter,Bitter,1,0,fl.,Netto,https://static.tilbudsugen.dk/1st-retail/2026/26/65672/Netto262026-1_20_2495x4842_4940x6805_zoom.jpg,2026-06-20,2026-06-26,https://res.cloudinary.com/dfqzmnlga/image/upload/v1781934118/2026-06-20/11176751.jpg,Bitter,"Bitter, but delicious—sometimes just the right taste to wake you up. 🍽️"
11169423,99.0,Aperol,Aperitif,Aperitif,1,0,fl.,Netto,https://static.tilbudsugen.dk/1st-retail/2026/25/65608/Netto252026-1_22_1583x4747_3150x6837_zoom.jpg,2026-06-13,2026-06-26,https://res.cloudinary.com/dfqzmnlga/image/upload/v1781934119/2026-06-20/11169423.jpg,Aperitif,"Sip, savor, and spark—perfect for a night out! 🍸"
11176737,99.0,Triple Wood,Whisky,Whisky,1,0,fl.,Netto,https://static.tilbudsugen.dk/1st-retail/2026/26/65672/Netto262026-1_20_2495x4842_4940x6805_zoom.jpg,2026-06-20,2026-06-26,https://res.cloudinary.com/dfqzmnlga/image/upload/v1781934119/2026-06-20/11176737.jpg,Whiskey,"Whiskey: Whiskey, I'm the night's secret, the spark that lights up the dark, and the whisper that never sleeps. 🍸"
11169917,99.0,Jägermeister,Bitter,Bitter,1,0,fl.,Netto,https://static.tilbudsugen.dk/1st-retail/2026/25/65608/Netto252026-1_22_3072x4779_4546x6931_zoom.jpg,2026-06-13,2026-06-26,https://res.cloudinary.com/dfqzmnlga/image/upload/v1781934119/2026-06-20/11169917.jpg,Bitter,"Bitter, but beautifully sharp—like the edge of a knife that cuts through the sweetest surprises. 🍴"
11169957,99.0,The Famous Grouse,Whisky,Whisky,1,0,fl.,Netto,https://static.tilbudsugen.dk/1st-retail/2026/25/65608/Netto252026-1_22_1583x4747_3150x6837_zoom.jpg,2026-06-13,2026-06-26,https://res.cloudinary.com/dfqzmnlga/image/upload/v1781934120/2026-06-20/11169957.jpg,Whiskey,"Whiskey: ""Sipping on the soul of a summer night, one sip at a time. 🍸"""
11176746,99.0,Salty Caramel,Shots,Shots,1,0,fl.,Netto,https://static.tilbudsugen.dk/1st-retail/2026/26/65672/Netto262026-1_20_2495x4842_4940x6805_zoom.jpg,2026-06-20,2026-06-26,https://res.cloudinary.com/dfqzmnlga/image/upload/v1781934120/2026-06-20/11176746.jpg,Shots,"🔥 One shot at a time, life's a wild ride 🍸"
11176739,99.0,Smirnoff,Vodka,Vodka,1,0,fl.,Netto,https://static.tilbudsugen.dk/1st-retail/2026/26/65672/Netto262026-1_20_2495x4842_4940x6805_zoom.jpg,2026-06-20,2026-06-26,https://res.cloudinary.com/dfqzmnlga/image/upload/v1781934121/2026-06-20/11176739.jpg,Vodka,"✨ Vodka: The chill that makes the night better, one sip at a time. 🍸"
11169958,99.0,Limoncino de Sorrento,Likør,Likør,1,0,fl.,Netto,https://static.tilbudsugen.dk/1st-retail/2026/25/65608/Netto252026-1_22_1583x4747_3150x6837_zoom.jpg,2026-06-13,2026-06-26,https://res.cloudinary.com/dfqzmnlga/image/upload/v1781934121/2026-06-20/11169958.jpg,Liqueurs and cordials,"Sip, savor, and sway with every drink—liquid magic in a glass. 🍹"
11176740,99.0,Blanco,Tequila,Tequila,1,0,fl.,Netto,https://static.tilbudsugen.dk/1st-retail/2026/26/65672/Netto262026-1_20_2495x4842_4940x6805_zoom.jpg,2026-06-20,2026-06-26,https://res.cloudinary.com/dfqzmnlga/image/upload/v1781934121/2026-06-20/11176740.jpg,Tequila,"Sip, savor, and savor the moment — just like you would a good tequila. 🍸"
11169969,99.0,Big Bucket,Mixere u/alkohol,Strawberry Mix,1,0,stk.,Netto,https://static.tilbudsugen.dk/1st-retail/2026/25/65608/Netto252026-1_22_1583x4747_3150x6837_zoom.jpg,2026-06-13,2026-06-26,https://res.cloudinary.com/dfqzmnlga/image/upload/v1781934122/2026-06-20/11169969.jpg,Strawberry Mix,"Sour, sweet, and sensational—perfect for a morning latte! 🍓"
11169960,99.0,Big Bucket,Mixere u/alkohol,Blue Hawaiian,1,0,stk.,Netto,https://static.tilbudsugen.dk/1st-retail/2026/25/65608/Netto252026-1_22_1583x4747_3150x6837_zoom.jpg,2026-06-13,2026-06-26,https://res.cloudinary.com/dfqzmnlga/image/upload/v1781934122/2026-06-20/11169960.jpg,Blue Hawaiian,Blue Hawaiian: The flavor that makes every day a tropical paradise 🌴✨
11169080,50.0,,Spanske vine,Spansk Rødvin,1,3,krt.,Netto,https://static.tilbudsugen.dk/1st-retail/2026/25/65608/Netto252026-1_15_1581x95_4952x3269_zoom.jpg,2026-06-13,2026-06-26,https://res.cloudinary.com/dfqzmnlga/image/upload/v1781934122/2026-06-20/11169080.jpg,Spanish Red Wine,"Aged Spanish Red Wine — bold, bold, bold. 🍷"
11169016,99.0,,Franske vine,Fransk Hvidvin,1,3,krt.,Netto,https://static.tilbudsugen.dk/1st-retail/2026/25/65608/Netto252026-1_14_1183x5312_2372x7038_zoom.jpg,2026-06-13,2026-06-26,https://res.cloudinary.com/dfqzmnlga/image/upload/v1781934123/2026-06-20/11169016.jpg,French White wine,"Sip, savor, and smile—French white wine, made to elevate any moment. 🍷"
11169020,99.0,,Tyske vine,Tysk Hvidvin,1,3,krt.,Netto,https://static.tilbudsugen.dk/1st-retail/2026/25/65608/Netto252026-1_14_1707x3541_3276x5641_zoom.jpg,2026-06-13,2026-06-26,https://res.cloudinary.com/dfqzmnlga/image/upload/v1781934123/2026-06-20/11169020.jpg,German White wine,Sip the soul of Europe with every glass — 🍷
11169202,99.0,Løgismose,Øvrige vinlande,Rødvin,1,3,krt.,Netto,https://static.tilbudsugen.dk/1st-retail/2026/25/65608/Netto252026-1_18_150x2598_1578x6805_zoom.jpg,2026-06-13,2026-06-26,https://res.cloudinary.com/dfqzmnlga/image/upload/v1781934124/2026-06-20/11169202.jpg,Red wine,"Sip, savor, and savour every moment—red wine, unapologetic. 🍷"
11176715,99.0,,Californiske vine,Californisk Rødvin,1,3,krt.,Netto,https://static.tilbudsugen.dk/1st-retail/2026/26/65672/Netto262026-1_20_1942x562_4998x2921_zoom.jpg,2026-06-20,2026-06-26,https://res.cloudinary.com/dfqzmnlga/image/upload/v1781934124/2026-06-20/11176715.jpg,California Red Wine,"Sip, savor, and let the red wine do the talking — 🍷"
11169200,99.0,Løgismose,Øvrige vinlande,Rosevin,1,3,krt.,Netto,https://static.tilbudsugen.dk/1st-retail/2026/25/65608/Netto252026-1_18_150x2598_1578x6805_zoom.jpg,2026-06-13,2026-06-26,https://res.cloudinary.com/dfqzmnlga/image/upload/v1781934125/2026-06-20/11169200.jpg,Rose wine,"A smoky, sweet sip of elegance — like a sunset in a glass. 🍷"
11169201,99.0,Løgismose,Øvrige vinlande,Hvidvin,1,3,krt.,Netto,https://static.tilbudsugen.dk/1st-retail/2026/25/65608/Netto252026-1_18_150x2598_1578x6805_zoom.jpg,2026-06-13,2026-06-26,https://res.cloudinary.com/dfqzmnlga/image/upload/v1781934125/2026-06-20/11169201.jpg,White wine,"Sip, savor, and share—white wine is the ultimate flavor booster. 🍷"
11169139,29.0,,Mousserende,Spansk Mousserende Vin,1,0,fl.,Netto,https://static.tilbudsugen.dk/1st-retail/2026/25/65608/Netto252026-1_17_3440x5097_4888x7241_zoom.jpg,2026-06-13,2026-06-26,https://res.cloudinary.com/dfqzmnlga/image/upload/v1781934126/2026-06-20/11169139.jpg,Spanish Sparkling Wine,Sip the spark of adventure with every glass—perfect for those who love a little bit of flair. 🍷
11169079,119.0,,Spanske vine,Spansk Hvidvin,1,3,krt.,Netto,https://static.tilbudsugen.dk/1st-retail/2026/25/65608/Netto252026-1_15_0x5173_3099x7247_zoom.jpg,2026-06-13,2026-06-26,https://res.cloudinary.com/dfqzmnlga/image/upload/v1781934126/2026-06-20/11169079.jpg,Spanish White wine,"Sip the perfect blend of tradition and taste, 🍷"
11169078,119.0,,Spanske vine,Spansk Rødvin,1,3,krt.,Netto,https://static.tilbudsugen.dk/1st-retail/2026/25/65608/Netto252026-1_15_0x5173_3099x7247_zoom.jpg,2026-06-13,2026-06-26,https://res.cloudinary.com/dfqzmnlga/image/upload/v1781934127/2026-06-20/11169078.jpg,Spanish Red Wine,"Sip, savor, and let the flavors speak — 🍷"
11169085,32.0,,Chilenske vine,Chilensk Rødvin,1,0,fl.,Netto,https://static.tilbudsugen.dk/1st-retail/2026/25/65608/Netto252026-1_16_145x3143_2112x5186_zoom.jpg,2026-06-13,2026-06-26,https://res.cloudinary.com/dfqzmnlga/image/upload/v1781934127/2026-06-20/11169085.jpg,Chilean Red Wine,"A bold, bold, bold wine that makes your heart skip a beat — 🍷"
11169094,32.0,,Chilenske vine,Chilensk Hvidvin,1,0,fl.,Netto,https://static.tilbudsugen.dk/1st-retail/2026/25/65608/Netto252026-1_16_145x3143_2112x5186_zoom.jpg,2026-06-13,2026-06-26,https://res.cloudinary.com/dfqzmnlga/image/upload/v1781934127/2026-06-20/11169094.jpg,Chilean White wine,"Sip, savor, and savor the taste of life—just like a great Chilean White wine. 🍷"
11169010,129.0,,Franske vine,Fransk Rødvin,1,3,krt.,Netto,https://static.tilbudsugen.dk/1st-retail/2026/25/65608/Netto252026-1_14_2390x5628_4876x7133_zoom.jpg,2026-06-13,2026-06-26,https://res.cloudinary.com/dfqzmnlga/image/upload/v1781934128/2026-06-20/11169010.jpg,French Red Wine,"A sip of elegance, poured with passion—🍷✨"
11169013,129.0,,Franske vine,Fransk Hvidvin,1,3,krt.,Netto,https://static.tilbudsugen.dk/1st-retail/2026/25/65608/Netto252026-1_14_2390x5628_4876x7133_zoom.jpg,2026-06-13,2026-06-26,https://res.cloudinary.com/dfqzmnlga/image/upload/v1781934128/2026-06-20/11169013.jpg,French White wine,"Sip, savor, and smile—French white wine, perfect for any occasion. 🍷"
11169267,39.0,,Italienske vine,Italiensk Hvidvin,1,0,fl.,Netto,https://static.tilbudsugen.dk/1st-retail/2026/25/65608/Netto252026-1_19_3290x4248_4881x6869_zoom.jpg,2026-06-13,2026-06-26,https://res.cloudinary.com/dfqzmnlga/image/upload/v1781934128/2026-06-20/11169267.jpg,Italian White wine,"Sip, savor, and let the taste tell your story — 🍷"
11169283,39.0,,Italienske vine,Italiensk Hvidvin,1,0,fl.,Netto,https://static.tilbudsugen.dk/1st-retail/2026/25/65608/Netto252026-1_19_3290x4248_4881x6869_zoom.jpg,2026-06-13,2026-06-26,https://res.cloudinary.com/dfqzmnlga/image/upload/v1781934129/2026-06-20/11169283.jpg,Italian White wine,"Sip, savor, and let the flavors speak — Italian White wine, ready to elevate any moment. 🍷"
11169084,39.0,,Californiske vine,Californisk Hvidvin,1,0,fl.,Netto,https://static.tilbudsugen.dk/1st-retail/2026/25/65608/Netto252026-1_16_2289x32_4876x3086_zoom.jpg,2026-06-13,2026-06-26,https://res.cloudinary.com/dfqzmnlga/image/upload/v1781934129/2026-06-20/11169084.jpg,California White wine,"Sip, savor, and let the wine do the talking—each glass a story, every sip a celebration. 🍷"
11169083,39.0,,Californiske vine,Californisk Rødvin,1,0,fl.,Netto,https://static.tilbudsugen.dk/1st-retail/2026/25/65608/Netto252026-1_16_2289x32_4876x3086_zoom.jpg,2026-06-13,2026-06-26,https://res.cloudinary.com/dfqzmnlga/image/upload/v1781934130/2026-06-20/11169083.jpg,California Red Wine,"Sip, savor, and share—California Red Wine is the perfect companion to any good time. 🍷"
11169276,39.0,,Italienske vine,Italiensk Rødvin,1,0,fl.,Netto,https://static.tilbudsugen.dk/1st-retail/2026/25/65608/Netto252026-1_19_3290x4248_4881x6869_zoom.jpg,2026-06-13,2026-06-26,https://res.cloudinary.com/dfqzmnlga/image/upload/v1781934130/2026-06-20/11169276.jpg,Italian Red Wine,"Sip, savor, and let the taste tell your story—🍷✨"
11169113,89.0,,Tyske vine,Tysk Hvidvin,1,1,fl.,Netto,https://static.tilbudsugen.dk/1st-retail/2026/25/65608/Netto252026-1_17_3535x32_4914x3870_zoom.jpg,2026-06-13,2026-06-26,https://res.cloudinary.com/dfqzmnlga/image/upload/v1781934130/2026-06-20/11169113.jpg,German White wine,"Sip the perfect blend of tradition and taste, 🍷"
11169038,45.0,,Tyske vine,Tysk Mousserende Vin,1,0,fl.,Netto,https://static.tilbudsugen.dk/1st-retail/2026/25/65608/Netto252026-1_14_3143x582_4990x5647_zoom.jpg,2026-06-13,2026-06-26,https://res.cloudinary.com/dfqzmnlga/image/upload/v1781934131/2026-06-20/11169038.jpg,German Sparkling Wine,"A sparkling delight that dances on the tongue, perfect for any occasion, 🍷"
11169039,45.0,,Tyske vine,Tysk Rødvin,1,0,fl.,Netto,https://static.tilbudsugen.dk/1st-retail/2026/25/65608/Netto252026-1_14_3143x582_4990x5647_zoom.jpg,2026-06-13,2026-06-26,https://res.cloudinary.com/dfqzmnlga/image/upload/v1781934131/2026-06-20/11169039.jpg,German Red Wine,"A sip of elegance, a toast to the night—*German Red Wine* in every glass. 🍷"
11169102,45.0,,Sydafrikanske vine,Sydafrikansk Hvidvin,1,0,fl.,Netto,https://static.tilbudsugen.dk/1st-retail/2026/25/65608/Netto252026-1_16_95x5186_2827x7196_zoom.jpg,2026-06-13,2026-06-26,https://res.cloudinary.com/dfqzmnlga/image/upload/v1781934132/2026-06-20/11169102.jpg,South African White wine,Sip on the taste of South Africa—where flavor meets adventure 🍷
11169103,45.0,,Sydafrikanske vine,Sydafrikansk Rosevin,1,0,fl.,Netto,https://static.tilbudsugen.dk/1st-retail/2026/25/65608/Netto252026-1_16_95x5186_2827x7196_zoom.jpg,2026-06-13,2026-06-26,https://res.cloudinary.com/dfqzmnlga/image/upload/v1781934132/2026-06-20/11169103.jpg,South African Rosevin,"A vibrant, bold rose that blooms in the heart of the South African desert — 🌼"
11176720,45.0,,Tyske vine,Tysk Hvidvin,1,0,fl.,Netto,https://static.tilbudsugen.dk/1st-retail/2026/26/65672/Netto262026-1_20_1618x2850_3358x4835_zoom.jpg,2026-06-20,2026-06-26,https://res.cloudinary.com/dfqzmnlga/image/upload/v1781934132/2026-06-20/11176720.jpg,German White wine,"Sip on elegance, one glass at a time. 🍷"
11169021,45.0,,Tyske vine,Tysk Hvidvin,1,0,fl.,Netto,https://static.tilbudsugen.dk/1st-retail/2026/25/65608/Netto252026-1_14_3143x582_4990x5647_zoom.jpg,2026-06-13,2026-06-26,https://res.cloudinary.com/dfqzmnlga/image/upload/v1781934133/2026-06-20/11169021.jpg,German White wine,"Sip the moment, pour the passion — German White wine, where every sip is a story. 🍷"
11169105,45.0,,Sydafrikanske vine,Sydafrikansk Rødvin,1,0,fl.,Netto,https://static.tilbudsugen.dk/1st-retail/2026/25/65608/Netto252026-1_16_95x5186_2827x7196_zoom.jpg,2026-06-13,2026-06-26,https://res.cloudinary.com/dfqzmnlga/image/upload/v1781934133/2026-06-20/11169105.jpg,South African Red Wine,A sip of South African Red Wine—where the land and the vineyard meet. 🍷
11169037,45.0,,Tyske vine,Tysk Rosevin,1,0,fl.,Netto,https://static.tilbudsugen.dk/1st-retail/2026/25/65608/Netto252026-1_14_3143x582_4990x5647_zoom.jpg,2026-06-13,2026-06-26,https://res.cloudinary.com/dfqzmnlga/image/upload/v1781934134/2026-06-20/11169037.jpg,German Rosevin,"🌹 A floral whisper that blooms in every moment, perfect for those who love to feel loved."
11169266,45.0,ISH,Mousserende,Mousserende Vin,1,0,fl.,Netto,https://static.tilbudsugen.dk/1st-retail/2026/25/65608/Netto252026-1_19_1692x4209_3337x6830_zoom.jpg,2026-06-13,2026-06-26,https://res.cloudinary.com/dfqzmnlga/image/upload/v1781934134/2026-06-20/11169266.jpg,Sparkling Wine,"✨ Sip, savor, and sparkle—perfect for any occasion! ✨"
11169197,50.0,Løgismose,Øvrige vinlande,Hvidvin,1,0,fl.,Netto,https://static.tilbudsugen.dk/1st-retail/2026/25/65608/Netto252026-1_18_1542x4873_4530x6775_zoom.jpg,2026-06-13,2026-06-26,https://res.cloudinary.com/dfqzmnlga/image/upload/v1781934134/2026-06-20/11169197.jpg,White wine,"Sip, savor, and shine—white wine, always. 🍷"
11169041,50.0,,Franske vine,Fransk Rosévin,1,0,fl.,Netto,https://static.tilbudsugen.dk/1st-retail/2026/25/65608/Netto252026-1_14_51x2555_1790x5053_zoom.jpg,2026-06-13,2026-06-26,https://res.cloudinary.com/dfqzmnlga/image/upload/v1781934135/2026-06-20/11169041.jpg,French Rosé wine,"Sip, savor, and smile—French Rosé is the perfect companion for any great day. 🍷"
11169199,50.0,Løgismose,Øvrige vinlande,Rosevin,1,0,fl.,Netto,https://static.tilbudsugen.dk/1st-retail/2026/25/65608/Netto252026-1_18_1542x4873_4530x6775_zoom.jpg,2026-06-13,2026-06-26,https://res.cloudinary.com/dfqzmnlga/image/upload/v1781934135/2026-06-20/11169199.jpg,Rose wine,"Sip on the sweetest temptation — rose wine, where flavor meets fantasy 🍷"
11169044,50.0,,Franske vine,Fransk Hvidvin,1,0,fl.,Netto,https://static.tilbudsugen.dk/1st-retail/2026/25/65608/Netto252026-1_14_51x2555_1790x5053_zoom.jpg,2026-06-13,2026-06-26,https://res.cloudinary.com/dfqzmnlga/image/upload/v1781934135/2026-06-20/11169044.jpg,French White wine,"Sip on elegance, one glass at a time. 🍷"
11169048,50.0,,Spanske vine,Spansk Rødvin,1,0,fl.,Netto,https://static.tilbudsugen.dk/1st-retail/2026/25/65608/Netto252026-1_15_0x3099_1714x5173_zoom.jpg,2026-06-13,2026-06-26,https://res.cloudinary.com/dfqzmnlga/image/upload/v1781934136/2026-06-20/11169048.jpg,Spanish Red Wine,"Sip, savor, and let the taste tell your story — 🍷"
11169136,50.0,,Mousserende,Fransk Mousserende Vin,1,0,fl.,Netto,https://static.tilbudsugen.dk/1st-retail/2026/25/65608/Netto252026-1_17_57x5135_1897x7241_zoom.jpg,2026-06-13,2026-06-26,https://res.cloudinary.com/dfqzmnlga/image/upload/v1781934136/2026-06-20/11169136.jpg,French Sparkling Wine,"✨ Sip, savor, and sparkle with every sip—perfect for those who love a little bit of magic in their drinks."
11169167,50.0,,Italienske vine,Italiensk Mousserende Vin,1,0,fl.,Netto,https://static.tilbudsugen.dk/1st-retail/2026/25/65608/Netto252026-1_17_57x5135_1897x7241_zoom.jpg,2026-06-13,2026-06-26,https://res.cloudinary.com/dfqzmnlga/image/upload/v1781934137/2026-06-20/11169167.jpg,Italian Sparkling Wine,"Sip, savor, and savor the moment—crafted for the wine lover in your life. 🍷"
11169194,50.0,Løgismose,Øvrige vinlande,Rødvin,1,0,fl.,Netto,https://static.tilbudsugen.dk/1st-retail/2026/25/65608/Netto252026-1_18_1542x4873_4530x6775_zoom.jpg,2026-06-13,2026-06-26,https://res.cloudinary.com/dfqzmnlga/image/upload/v1781934137/2026-06-20/11169194.jpg,Red wine,"Sip, savor, and let the wine do the talking—perfect for a night out. 🍷"
11169043,50.0,,Franske vine,Fransk Rødvin,1,0,fl.,Netto,https://static.tilbudsugen.dk/1st-retail/2026/25/65608/Netto252026-1_14_51x2555_1790x5053_zoom.jpg,2026-06-13,2026-06-26,https://res.cloudinary.com/dfqzmnlga/image/upload/v1781934138/2026-06-20/11169043.jpg,French Red Wine,"Sip, savor, and share—my red wine is the ultimate flavor adventure. 🍷"
11169100,50.0,,New Zealandske vine,New Zealandsk Hvidvin,1,0,fl.,Netto,https://static.tilbudsugen.dk/1st-retail/2026/25/65608/Netto252026-1_16_2909x5363_4907x7222_zoom.jpg,2026-06-13,2026-06-26,https://res.cloudinary.com/dfqzmnlga/image/upload/v1781934139/2026-06-20/11169100.jpg,New Zealand White wine,"Sip, savor, and let the flavors speak — New Zealand White wine. 🍷"
11169046,55.0,,Spanske vine,Spansk Rødvin,1,0,fl.,Netto,https://static.tilbudsugen.dk/1st-retail/2026/25/65608/Netto252026-1_15_108x1037_1859x3099_zoom.jpg,2026-06-13,2026-06-26,https://res.cloudinary.com/dfqzmnlga/image/upload/v1781934139/2026-06-20/11169046.jpg,Spanish Red Wine,"Sip, savor, and let the flavors speak — a bottle of Spanish Red Wine. 🍷"
11176763,59.0,,Italienske vine,Italiensk Rødvin,1,0,fl.,Netto,https://static.tilbudsugen.dk/1st-retail/2026/26/65672/Netto262026-1_20_3200x2821_4948x4813_zoom.jpg,2026-06-20,2026-06-26,https://res.cloudinary.com/dfqzmnlga/image/upload/v1781934139/2026-06-20/11176763.jpg,Italian Red Wine,"Sip, savor, and let the taste of adventure guide you—🍷"
11169095,59.0,,Californiske vine,Californisk Hvidvin,1,0,fl.,Netto,https://static.tilbudsugen.dk/1st-retail/2026/25/65608/Netto252026-1_16_76x1088_2321x3156_zoom.jpg,2026-06-13,2026-06-26,https://res.cloudinary.com/dfqzmnlga/image/upload/v1781934140/2026-06-20/11169095.jpg,California White wine,"Sip, savor, and smile—California White wine is the perfect companion to any good time. 🍷"
11176766,59.0,,New Zealandske vine,New Zealandsk Rødvin,1,0,fl.,Netto,https://static.tilbudsugen.dk/1st-retail/2026/26/65672/Netto262026-1_20_3200x2821_4948x4813_zoom.jpg,2026-06-20,2026-06-26,https://res.cloudinary.com/dfqzmnlga/image/upload/v1781934141/2026-06-20/11176766.jpg,New Zealand Red Wine,"Sip, savor, and smile—New Zealand Red Wine. 🍷"
11176768,59.0,,New Zealandske vine,New Zealandsk Hvidvin,1,0,fl.,Netto,https://static.tilbudsugen.dk/1st-retail/2026/26/65672/Netto262026-1_20_3200x2821_4948x4813_zoom.jpg,2026-06-20,2026-06-26,https://res.cloudinary.com/dfqzmnlga/image/upload/v1781934141/2026-06-20/11176768.jpg,New Zealand White wine,"Sip, savor, and let the flavors tell your story — 🍷"
11176770,59.0,,New Zealandske vine,New Zealandsk Rosevin,1,0,fl.,Netto,https://static.tilbudsugen.dk/1st-retail/2026/26/65672/Netto262026-1_20_3200x2821_4948x4813_zoom.jpg,2026-06-20,2026-06-26,https://res.cloudinary.com/dfqzmnlga/image/upload/v1781934141/2026-06-20/11176770.jpg,New Zealand Rosevin,"✨ Bloom where you least expect it, New Zealand Rosevin 🌸"
11169096,59.0,,Californiske vine,Californisk Rosevin,1,0,fl.,Netto,https://static.tilbudsugen.dk/1st-retail/2026/25/65608/Netto252026-1_16_76x1088_2321x3156_zoom.jpg,2026-06-13,2026-06-26,https://res.cloudinary.com/dfqzmnlga/image/upload/v1781934142/2026-06-20/11169096.jpg,California Rosevin,"✨ Rosevin with a twist, where flavor meets flavor—sweet, bold, and unforgettable! 🌹"
11169126,59.0,,Italienske vine,Italiensk Mousserende Vin,1,0,fl.,Netto,https://static.tilbudsugen.dk/1st-retail/2026/25/65608/Netto252026-1_17_1910x5097_3428x7190_zoom.jpg,2026-06-13,2026-06-26,https://res.cloudinary.com/dfqzmnlga/image/upload/v1781934142/2026-06-20/11169126.jpg,Italian Sparkling Wine,"A sip of joy, poured with passion—Italian Sparkling Wine. 🍷"
11169081,129.0,,Californiske vine,Californisk Rødvin,1,1,krt.,Netto,https://static.tilbudsugen.dk/1st-retail/2026/25/65608/Netto252026-1_16_2327x3137_4863x5242_zoom.jpg,2026-06-13,2026-06-26,https://res.cloudinary.com/dfqzmnlga/image/upload/v1781934142/2026-06-20/11169081.jpg,California Red Wine,"Sip, savor, and let the red wine do the talking—because life's too short for bad wine. 🍷"
11169117,129.0,,Mousserende,Fransk Mousserende Vin,1,1,fl.,Netto,https://static.tilbudsugen.dk/1st-retail/2026/25/65608/Netto252026-1_17_1973x1372_4895x5173_zoom.jpg,2026-06-13,2026-06-26,https://res.cloudinary.com/dfqzmnlga/image/upload/v1781934143/2026-06-20/11169117.jpg,French Sparkling Wine,"Sip, savor, and sparkle—perfect for a night of wine-tastic fun! 🍷✨"
11169124,129.0,,Franske vine,Fransk Rosévin,1,1,ps.,Netto,https://static.tilbudsugen.dk/1st-retail/2026/25/65608/Netto252026-1_17_1973x1372_4895x5173_zoom.jpg,2026-06-13,2026-06-26,https://res.cloudinary.com/dfqzmnlga/image/upload/v1781934143/2026-06-20/11169124.jpg,French Rosé wine,"Sip, savor, and smile—French Rosé is the perfect companion for any good time. 🍷"
11169082,129.0,,Californiske vine,Californisk Hvidvin,1,1,krt.,Netto,https://static.tilbudsugen.dk/1st-retail/2026/25/65608/Netto252026-1_16_2327x3137_4863x5242_zoom.jpg,2026-06-13,2026-06-26,https://res.cloudinary.com/dfqzmnlga/image/upload/v1781934144/2026-06-20/11169082.jpg,California White wine,"Sip, savor, and let the wine do the talking—life's too short for bad vibes. 🍷"
11169381,65.0,,Mousserende,Fransk Mousserende Vin,1,0,fl.,Netto,https://static.tilbudsugen.dk/1st-retail/2026/25/65608/Netto252026-1_21_3142x2915_4951x6830_zoom.jpg,2026-06-13,2026-06-26,https://res.cloudinary.com/dfqzmnlga/image/upload/v1781934144/2026-06-20/11169381.jpg,French Sparkling Wine,"Sip, savor, and spark moments with every glass—perfect for a night out or a cozy evening. 🍷"
11169263,69.0,ISH,Mousserende,Mousserende Vin,1,0,fl.,Netto,https://static.tilbudsugen.dk/1st-retail/2026/25/65608/Netto252026-1_19_3275x825_4928x4178_zoom.jpg,2026-06-13,2026-06-26,https://res.cloudinary.com/dfqzmnlga/image/upload/v1781934144/2026-06-20/11169263.jpg,Sparkling Wine,✨ Sparkling wine that dances with joy and surprises! 🍷
11169172,79.0,Løgismose,Øvrige vinlande,Rosevin,1,0,fl.,Netto,https://static.tilbudsugen.dk/1st-retail/2026/25/65608/Netto252026-1_18_3036x1476_4572x4819_zoom.jpg,2026-06-13,2026-06-26,https://res.cloudinary.com/dfqzmnlga/image/upload/v1781934145/2026-06-20/11169172.jpg,Rose wine,"Sip on elegance, pour it back—rose wine is the ultimate mood booster. 🍷"
11169019,79.0,,Tyske vine,Tysk Hvidvin,1,0,fl.,Netto,https://static.tilbudsugen.dk/1st-retail/2026/25/65608/Netto252026-1_14_89x5059_1227x7045_zoom.jpg,2026-06-13,2026-06-26,https://res.cloudinary.com/dfqzmnlga/image/upload/v1781934145/2026-06-20/11169019.jpg,German White wine,"Sip the perfect pour, let the taste speak — 🍷"
11169049,99.0,,Spanske vine,Spansk Rødvin,1,0,fl.,Netto,https://static.tilbudsugen.dk/1st-retail/2026/25/65608/Netto252026-1_15_1689x3067_3156x5179_zoom.jpg,2026-06-13,2026-06-26,https://res.cloudinary.com/dfqzmnlga/image/upload/v1781934145/2026-06-20/11169049.jpg,Spanish Red Wine,"Sip, savor, and let the taste tell your story — 🍷"
11169077,149.0,,Spanske vine,Spansk Rødvin,1,0,fl.,Netto,https://static.tilbudsugen.dk/1st-retail/2026/25/65608/Netto252026-1_15_3130x3263_4857x7228_zoom.jpg,2026-06-13,2026-06-26,https://res.cloudinary.com/dfqzmnlga/image/upload/v1781934146/2026-06-20/11169077.jpg,Spanish Red Wine,"Sip, savor, and let the taste tell your story — 🍷"
11176197,69.0,Sunsæt,Øl,Øl 18 pk.,18,0,ds.,Netto,https://static.tilbudsugen.dk/1st-retail/2026/26/65672/Netto262026-1_6_2422x4690_4998x6879_zoom.jpg,2026-06-20,2026-06-26,https://res.cloudinary.com/dfqzmnlga/image/upload/v1781934146/2026-06-20/11176197.jpg,Beer 18 pc.,"Sip, savor, and share—beer is life. 🍻"
11176170,69.0,Grøn,Øl,Øl 18 pk.,18,0,ds.,Netto,https://static.tilbudsugen.dk/1st-retail/2026/26/65672/Netto262026-1_6_2422x4690_4998x6879_zoom.jpg,2026-06-20,2026-06-26,https://res.cloudinary.com/dfqzmnlga/image/upload/v1781934147/2026-06-20/11176170.jpg,Beer 18 pc.,"""Raise a glass to life—beer, laughter, and endless fun! 🍻"""
11176198,69.0,Pilsner,Øl,Øl 18 pk.,18,0,ds.,Netto,https://static.tilbudsugen.dk/1st-retail/2026/26/65672/Netto262026-1_6_2422x4690_4998x6879_zoom.jpg,2026-06-20,2026-06-26,https://res.cloudinary.com/dfqzmnlga/image/upload/v1781934147/2026-06-20/11176198.jpg,Beer 18 pc.,"Sip, laugh, and let the beer flow—life's too short for boring drinks. 🍻"
11176201,69.0,Nordlyst,Øl,Øl 18 pk.,18,0,ds.,Netto,https://static.tilbudsugen.dk/1st-retail/2026/26/65672/Netto262026-1_6_2422x4690_4998x6879_zoom.jpg,2026-06-20,2026-06-26,https://res.cloudinary.com/dfqzmnlga/image/upload/v1781934147/2026-06-20/11176201.jpg,Beer 18 pc.,"Sip, laugh, and let the beer speak—life's too short for boring drinks. 🍻"
11169382,79.0,Heineken,Øl,Øl 18 pk.,18,0,ds.,Netto,https://static.tilbudsugen.dk/1st-retail/2026/25/65608/Netto252026-1_21_86x3578_3158x6861_zoom.jpg,2026-06-13,2026-06-26,https://res.cloudinary.com/dfqzmnlga/image/upload/v1781934148/2026-06-20/11169382.jpg,Beer 18 pc.,"Sip, laugh, and let the good times roll — I'm the beer that knows the best recipes. 🍻"
11169388,79.0,Export,Øl,Øl 18 pk.,18,0,ds.,Netto,https://static.tilbudsugen.dk/1st-retail/2026/25/65608/Netto252026-1_21_86x3578_3158x6861_zoom.jpg,2026-06-13,2026-06-26,https://res.cloudinary.com/dfqzmnlga/image/upload/v1781934148/2026-06-20/11169388.jpg,Beer 18 pc.,"Sip, laugh, and let the beer flow—because life's too short for boring vibes. 🍻"
11169386,79.0,Blanche,Øl,Øl 18 pk.,18,0,ds.,Netto,https://static.tilbudsugen.dk/1st-retail/2026/25/65608/Netto252026-1_21_86x3578_3158x6861_zoom.jpg,2026-06-13,2026-06-26,https://res.cloudinary.com/dfqzmnlga/image/upload/v1781934149/2026-06-20/11169386.jpg,Beer 18 pc.,"Sip, laugh, and let the beer flow—life's too short for boring drinks. 🍻"
11169387,79.0,IPA,Øl,Øl 18 pk.,18,0,ds.,Netto,https://static.tilbudsugen.dk/1st-retail/2026/25/65608/Netto252026-1_21_86x3578_3158x6861_zoom.jpg,2026-06-13,2026-06-26,https://res.cloudinary.com/dfqzmnlga/image/upload/v1781934150/2026-06-20/11169387.jpg,Beer 18 pc.,"Sip, laugh, and let the beer speak for itself. 🍻"
11169324,10.0,Solnedgang India Pale Ale,Specialøl,Specialøl,1,0,ds.,Netto,https://static.tilbudsugen.dk/1st-retail/2026/25/65608/Netto252026-1_20_2511x2517_4912x4646_zoom.jpg,2026-06-13,2026-06-26,https://res.cloudinary.com/dfqzmnlga/image/upload/v1781934150/2026-06-20/11169324.jpg,Special beer,"✨ Brewed for the bold, poured for the curious. 🍻"
11169390,10.0,India Pale Ale,Alkoholfrie Øl,Øl - Alkoholfri,1,0,ds.,Netto,https://static.tilbudsugen.dk/1st-retail/2026/25/65608/Netto252026-1_20_2511x2517_4912x4646_zoom.jpg,2026-06-13,2026-06-26,https://res.cloudinary.com/dfqzmnlga/image/upload/v1781934150/2026-06-20/11169390.jpg,Beer - Alcohol Free,"Sip, savor, and skip the rules — just pure pleasure! 🍻"
11169329,7.0,Fersken Blanche,Specialøl,Specialøl,1,0,fl.,Netto,https://static.tilbudsugen.dk/1st-retail/2026/25/65608/Netto252026-1_20_62x4654_1536x6830_zoom.jpg,2026-06-13,2026-06-26,https://res.cloudinary.com/dfqzmnlga/image/upload/v1781934151/2026-06-20/11169329.jpg,Special beer,"✨ Brewed for the bold, poured for the brave. 🍻"
11169326,7.0,Hindbær Blanche,Specialøl,Specialøl,1,0,fl.,Netto,https://static.tilbudsugen.dk/1st-retail/2026/25/65608/Netto252026-1_20_62x4654_1536x6830_zoom.jpg,2026-06-13,2026-06-26,https://res.cloudinary.com/dfqzmnlga/image/upload/v1781934151/2026-06-20/11169326.jpg,Special beer,"✨ Sip, savor, and skip the rules—special beer is here to brew your day! 🍻"
11169392,10.0,Sol,Specialøl,Specialøl,1,0,fl.,Netto,https://static.tilbudsugen.dk/1st-retail/2026/25/65608/Netto252026-1_20_2511x2517_4912x4646_zoom.jpg,2026-06-13,2026-06-26,https://res.cloudinary.com/dfqzmnlga/image/upload/v1781934152/2026-06-20/11169392.jpg,Special beer,"Sip, savor, and toast to the unexpected—special beer. 🍻"
11169393,10.0,Skanderborg Bryghus,Specialøl,Blanc,1,0,fl.,Netto,https://static.tilbudsugen.dk/1st-retail/2026/25/65608/Netto252026-1_20_2511x2517_4912x4646_zoom.jpg,2026-06-13,2026-06-26,https://res.cloudinary.com/dfqzmnlga/image/upload/v1781934152/2026-06-20/11169393.jpg,Blanc,"Blanc is the quiet star of the kitchen, bringing light and flavor to every dish. 🌟"
11176006,10.0,Bombay IPA,Specialøl,Specialøl,1,0,ds.,Netto,https://static.tilbudsugen.dk/1st-retail/2026/26/65672/Netto262026-1_3_0x2546_2631x4758_zoom.jpg,2026-06-20,2026-06-26,https://res.cloudinary.com/dfqzmnlga/image/upload/v1781934152/2026-06-20/11176006.jpg,Special beer,"✨ Brewed for the bold, poured for the fearless. 🍻"
11176007,10.0,Ravnsborg Rød Ale,Specialøl,Specialøl,1,0,ds.,Netto,https://static.tilbudsugen.dk/1st-retail/2026/26/65672/Netto262026-1_3_0x2546_2631x4758_zoom.jpg,2026-06-20,2026-06-26,https://res.cloudinary.com/dfqzmnlga/image/upload/v1781934153/2026-06-20/11176007.jpg,Special beer,"✨ Brewed for the bold, poured for the curious. 🍻"
11169336,24.0,Fynsk Forår,Specialøl,Specialøl,1,0,fl.,Netto,https://static.tilbudsugen.dk/1st-retail/2026/25/65608/Netto252026-1_20_1380x4638_3150x6837_zoom.jpg,2026-06-13,2026-06-26,https://res.cloudinary.com/dfqzmnlga/image/upload/v1781934153/2026-06-20/11169336.jpg,Special beer,"🔥 Brewed for the bold, poured for the thrill — special beer, ready to rock your day. 🍻"
11169348,24.0,IPA ,Specialøl,Specialøl,1,0,fl.,Netto,https://static.tilbudsugen.dk/1st-retail/2026/25/65608/Netto252026-1_20_1380x4638_3150x6837_zoom.jpg,2026-06-13,2026-06-26,https://res.cloudinary.com/dfqzmnlga/image/upload/v1781934153/2026-06-20/11169348.jpg,Special beer,"🔥 Crafted for the bold, brewed for the brave—special beer, ready to turn any night into a legend. 🍻"
11169340,26.0,Hoegaarden,Specialøl,Specialøl,1,0,fl.,Netto,https://static.tilbudsugen.dk/1st-retail/2026/25/65608/Netto252026-1_20_3064x4669_4928x6798_zoom.jpg,2026-06-13,2026-06-26,https://res.cloudinary.com/dfqzmnlga/image/upload/v1781934154/2026-06-20/11169340.jpg,Special beer,"✨ Brewed for the bold, poured for the wild. 🍻"
11169339,26.0,Blonde,Specialøl,Specialøl,1,0,fl.,Netto,https://static.tilbudsugen.dk/1st-retail/2026/25/65608/Netto252026-1_20_3064x4669_4928x6798_zoom.jpg,2026-06-13,2026-06-26,https://res.cloudinary.com/dfqzmnlga/image/upload/v1781934154/2026-06-20/11169339.jpg,Special beer,"✨ Brewed for the bold, poured for the wild. 🍻"
11169338,26.0,Brune,Specialøl,Specialøl,1,0,fl.,Netto,https://static.tilbudsugen.dk/1st-retail/2026/25/65608/Netto252026-1_20_3064x4669_4928x6798_zoom.jpg,2026-06-13,2026-06-26,https://res.cloudinary.com/dfqzmnlga/image/upload/v1781934154/2026-06-20/11169338.jpg,Special beer,"✨ Crafted for the bold, brewed for the curious — special beer, ready to turn every day into a night of flavor. 🍻"
11169330,12.0,Extra,Specialøl,Specialøl,1,0,fl.,Netto,https://static.tilbudsugen.dk/1st-retail/2026/25/65608/Netto252026-1_20_273x2657_2518x4693_zoom.jpg,2026-06-13,2026-06-26,https://res.cloudinary.com/dfqzmnlga/image/upload/v1781934155/2026-06-20/11169330.jpg,Special beer,"Sip, savor, and drown your day in a pint of joy—special beer. 🍻"
11169333,12.0,Stella Artois,Specialøl,Specialøl,1,0,fl.,Netto,https://static.tilbudsugen.dk/1st-retail/2026/25/65608/Netto252026-1_20_273x2657_2518x4693_zoom.jpg,2026-06-13,2026-06-26,https://res.cloudinary.com/dfqzmnlga/image/upload/v1781934155/2026-06-20/11169333.jpg,Special beer,"🍺✨ One drink, one laugh, one unforgettable night."
11169334,12.0,Sol,Specialøl,Specialøl,1,0,fl.,Netto,https://static.tilbudsugen.dk/1st-retail/2026/25/65608/Netto252026-1_20_273x2657_2518x4693_zoom.jpg,2026-06-13,2026-06-26,https://res.cloudinary.com/dfqzmnlga/image/upload/v1781934156/2026-06-20/11169334.jpg,Special beer,"✨ Brewed for the bold, poured for the wild. 🍻"
11169344,20.0,New England IPA,Specialøl,Specialøl,1,0,ds.,Netto,https://static.tilbudsugen.dk/1st-retail/2026/25/65608/Netto252026-1_20_47x1051_3010x2650_zoom.jpg,2026-06-13,2026-06-26,https://res.cloudinary.com/dfqzmnlga/image/upload/v1781934156/2026-06-20/11169344.jpg,Special beer,"Sip, savor, and toast to the unexpected—special beer. 🍻"
11169345,20.0,Weiss Dragon,Specialøl,Specialøl,1,0,ds.,Netto,https://static.tilbudsugen.dk/1st-retail/2026/25/65608/Netto252026-1_20_47x1051_3010x2650_zoom.jpg,2026-06-13,2026-06-26,https://res.cloudinary.com/dfqzmnlga/image/upload/v1781934157/2026-06-20/11169345.jpg,Special beer,"✨ Brewed for the bold, poured for the brave. 🍻"
11169347,20.0,Haze Parade,Specialøl,Specialøl,1,0,ds.,Netto,https://static.tilbudsugen.dk/1st-retail/2026/25/65608/Netto252026-1_20_47x1051_3010x2650_zoom.jpg,2026-06-13,2026-06-26,https://res.cloudinary.com/dfqzmnlga/image/upload/v1781934157/2026-06-20/11169347.jpg,Special beer,"✨ Brewed for the bold, poured for the wild."
11169342,20.0,Bloody Weizen,Specialøl,Specialøl,1,0,ds.,Netto,https://static.tilbudsugen.dk/1st-retail/2026/25/65608/Netto252026-1_20_47x1051_3010x2650_zoom.jpg,2026-06-13,2026-06-26,https://res.cloudinary.com/dfqzmnlga/image/upload/v1781934157/2026-06-20/11169342.jpg,Special beer,"✨ Brewed for the bold, poured for the thrill—special beer, ready to turn your day into a celebration! 🍻"
11169346,20.0,Hazy IPA,Alkoholfrie Øl,Øl - Alkoholfri,1,0,ds.,Netto,https://static.tilbudsugen.dk/1st-retail/2026/25/65608/Netto252026-1_20_47x1051_3010x2650_zoom.jpg,2026-06-13,2026-06-26,https://res.cloudinary.com/dfqzmnlga/image/upload/v1781934158/2026-06-20/11169346.jpg,Beer - Alcohol Free,"Sip, savor, and skip the rules—just a beer, no alcohol. 🍻"
11175981,10.0,Kohberg,Boller & Morgenbrød,Yoghurtboller,1,0,ps.,Netto,https://static.tilbudsugen.dk/1st-retail/2026/26/65672/Netto262026-1_1_2418x4717_4896x6535_zoom.jpg,2026-06-20,2026-06-26,https://res.cloudinary.com/dfqzmnlga/image/upload/v1781934159/2026-06-20/11175981.jpg,Yogurt balls,"Savor the creamy joy of a yogurt ball, wrapped in flavor—perfect for a quick snack or a mood booster! 🍯"
11176241,12.0,Wasa,Knækbrød,Surdeg flerkorn knækbrød,1,0,pk.,Netto,https://static.tilbudsugen.dk/1st-retail/2026/26/65672/Netto262026-1_17_1645x1245_4998x3569_zoom.jpg,2026-06-20,2026-06-26,https://res.cloudinary.com/dfqzmnlga/image/upload/v1781934159/2026-06-20/11176241.jpg,Sourdeg multigrain crisps,"Sourdeg multigrain crisps: Crunchy, salty, and slightly sweet — the perfect snack for any mood. 🍞"
11176240,12.0,Wasa,Knækbrød,Delikatess knækbrød,1,0,pk.,Netto,https://static.tilbudsugen.dk/1st-retail/2026/26/65672/Netto262026-1_17_1645x1245_4998x3569_zoom.jpg,2026-06-20,2026-06-26,https://res.cloudinary.com/dfqzmnlga/image/upload/v1781934160/2026-06-20/11176240.jpg,Delicacy Crispbread,"Crunchy, cheesy, and perfectly crispy—my life is a bag of chips. 🍞"
11176086,15.0,Protein Lab,Brød,Fladbrød,1,0,ps.,Netto,https://static.tilbudsugen.dk/1st-retail/2026/26/65672/Netto262026-1_14_1776x2471_3169x4326_zoom.jpg,2026-06-20,2026-06-26,https://res.cloudinary.com/dfqzmnlga/image/upload/v1781934160/2026-06-20/11176086.jpg,Flat bread,"Soft, buttery, and perfect for a quick snack—just slice and serve. 🍞"
11176235,12.0,Wasa,Knækbrød,Sport + knækbrød,1,0,pk.,Netto,https://static.tilbudsugen.dk/1st-retail/2026/26/65672/Netto262026-1_17_1645x1245_4998x3569_zoom.jpg,2026-06-20,2026-06-26,https://res.cloudinary.com/dfqzmnlga/image/upload/v1781934160/2026-06-20/11176235.jpg,Sports + Break bread,"Sporty, snack-ready, and ready to crush it—bread and break in every step. 🍞⚽"
11176079,25.0,Protein Lab,Fastfoodbrød,Pitabrød,1,0,pk.,Netto,https://static.tilbudsugen.dk/1st-retail/2026/26/65672/Netto262026-1_14_1680x259_3265x2402_zoom.jpg,2026-06-20,2026-06-26,https://res.cloudinary.com/dfqzmnlga/image/upload/v1781934161/2026-06-20/11176079.jpg,Pita bread,"Soft, squishy, and perfect for any lunch—just need a bit of life. 🥗"
11176208,25.0,Premieur,Fastfoodbrød,Brioche Hotdogbrød,1,0,pk.,Netto,https://static.tilbudsugen.dk/1st-retail/2026/26/65672/Netto262026-1_7_3679x1411_4930x3137_zoom.jpg,2026-06-20,2026-06-26,https://res.cloudinary.com/dfqzmnlga/image/upload/v1781934161/2026-06-20/11176208.jpg,Brioche Hot dog bread,"Soft, fluffy, and slightly sweet — the perfect companion for any sandwich, with a smile on its face. 🍞"
11176076,20.0,Premieur,Fastfoodbrød,Burgerboller Brioche Fuldkorn,1,0,pk.,Netto,https://static.tilbudsugen.dk/1st-retail/2026/26/65672/Netto262026-1_4_0x2515_2434x4703_zoom.jpg,2026-06-20,2026-06-26,https://res.cloudinary.com/dfqzmnlga/image/upload/v1781934161/2026-06-20/11176076.jpg,Burger balls Brioche Whole grain,"Bite-sized bliss, made with whole grain and a sprinkle of joy 🍞✨"
11176074,20.0,Premieur,Fastfoodbrød,Brioche Burgerboller,1,0,pk.,Netto,https://static.tilbudsugen.dk/1st-retail/2026/26/65672/Netto262026-1_4_0x2515_2434x4703_zoom.jpg,2026-06-20,2026-06-26,https://res.cloudinary.com/dfqzmnlga/image/upload/v1781934162/2026-06-20/11176074.jpg,Brioche Burger Balls,"Soft, fluffy, and slightly cheesy — perfect for a salty, savory bite. 🍞"
11176017,10.0,Good Food,Riskiks,Corn Cakes Sour Cream & Onion,1,0,pk.,Netto,https://static.tilbudsugen.dk/1st-retail/2026/26/65672/Netto262026-1_3_0x37_2440x2509_zoom.jpg,2026-06-20,2026-06-26,https://res.cloudinary.com/dfqzmnlga/image/upload/v1781934162/2026-06-20/11176017.jpg,Corn Cakes Sour Cream & Onion,"Sour cream and onion, crispy and cheesy, perfect for a quick snack or breakfast. 🥕✨"
11176018,10.0,Good Food,Riskiks,Corn Cakes Paprika,1,0,pk.,Netto,https://static.tilbudsugen.dk/1st-retail/2026/26/65672/Netto262026-1_3_0x37_2440x2509_zoom.jpg,2026-06-20,2026-06-26,https://res.cloudinary.com/dfqzmnlga/image/upload/v1781934163/2026-06-20/11176018.jpg,Corn Cakes Paprika,Sizzle your day with a dash of spice and a sprinkle of joy! 🌟
11176016,10.0,Good Food,Riskiks,Corn Cakes Pizza,1,0,pk.,Netto,https://static.tilbudsugen.dk/1st-retail/2026/26/65672/Netto262026-1_3_0x37_2440x2509_zoom.jpg,2026-06-20,2026-06-26,https://res.cloudinary.com/dfqzmnlga/image/upload/v1781934164/2026-06-20/11176016.jpg,Corn Cakes Pizza,Sizzle your day with a corn cake pizza that's as tasty as it is unexpected! 🍕
11176242,25.0,Premieur,Kager,Kransekagestænger,1,0,bk.,Netto,https://static.tilbudsugen.dk/1st-retail/2026/26/65672/Netto262026-1_17_3248x3680_4973x5214_zoom.jpg,2026-06-20,2026-06-26,https://res.cloudinary.com/dfqzmnlga/image/upload/v1781934164/2026-06-20/11176242.jpg,Cranse-cake bars,"✨ Savor the sweet, salty, and spicy of life with a cranse-cake bar that's as wild as your mood. 🍪"
11175980,10.0,Herkules,Rugbrød i Skiver,Rugbrødsskiver,1,1,pk.,Netto,https://static.tilbudsugen.dk/1st-retail/2026/26/65672/Netto262026-1_1_2418x4717_4896x6535_zoom.jpg,2026-06-20,2026-06-26,https://res.cloudinary.com/dfqzmnlga/image/upload/v1781934164/2026-06-20/11175980.jpg,Rye bread slices,"Toast-worthy, crusty, and ready to conquer any day—just like you. 🍞"
11175979,10.0,Bistronne,Færdigretter Frost,Kyllingenuggets,1,0,ps.,Netto,https://static.tilbudsugen.dk/1st-retail/2026/26/65672/Netto262026-1_1_2514x2844_4938x4675_zoom.jpg,2026-06-20,2026-06-26,https://res.cloudinary.com/dfqzmnlga/image/upload/v1781934165/2026-06-20/11175979.jpg,Chicken uggets,"🔥 Chicken uggets, ready to crush your day! 🍗"
11176207,14.0,Ole's,Pasta- og Kartoffelsalat,Kartoffelsalat,1,0,bg.,Netto,https://static.tilbudsugen.dk/1st-retail/2026/26/65672/Netto262026-1_7_2459x1535_3679x3088_zoom.jpg,2026-06-20,2026-06-26,https://res.cloudinary.com/dfqzmnlga/image/upload/v1781934165/2026-06-20/11176207.jpg,Potato salad,"Sour, salty, and slightly spicy—perfect for a quick snack or a bold twist on a salad. 🍲"
11176129,20.0,Il Fornaio,Dej Frost,Pizzadej,1,0,pk.,Netto,https://static.tilbudsugen.dk/1st-retail/2026/26/65672/Netto262026-1_5_2551x228_4998x2435_zoom.jpg,2026-06-20,2026-06-26,https://res.cloudinary.com/dfqzmnlga/image/upload/v1781934165/2026-06-20/11176129.jpg,Pizza dough,"Craving a fresh, cheesy bite? I'm the dough that brings flavors to life! 🍕"
11176077,20.0,Navito,Fisk og skaldyr Frost ,Indbagte Blæksprutteringe,1,0,ps.,Netto,https://static.tilbudsugen.dk/1st-retail/2026/26/65672/Netto262026-1_4_0x80_2416x2521_zoom.jpg,2026-06-20,2026-06-26,https://res.cloudinary.com/dfqzmnlga/image/upload/v1781934166/2026-06-20/11176077.jpg,Baked Ink Sproutings,"✨ Sprout whispers in a baked haze, where flavor meets fantasy."
11176091,12.0,Protein Lab,Dessert Køl,Protein Mousse Chokolate,1,0,bg.,Netto,https://static.tilbudsugen.dk/1st-retail/2026/26/65672/Netto262026-1_14_2699x4326_4920x6834_zoom.jpg,2026-06-20,2026-06-26,https://res.cloudinary.com/dfqzmnlga/image/upload/v1781934166/2026-06-20/11176091.jpg,Protein Mousse Chokolate,"Savory, sweet, and satisfying — the ultimate protein boost for your cravings! 🍫"
11176093,12.0,Protein Lab,Dessert Køl,Protein Mousse Vanilla,1,0,bg.,Netto,https://static.tilbudsugen.dk/1st-retail/2026/26/65672/Netto262026-1_14_2699x4326_4920x6834_zoom.jpg,2026-06-20,2026-06-26,https://res.cloudinary.com/dfqzmnlga/image/upload/v1781934166/2026-06-20/11176093.jpg,Protein Mousse Vanilla,"Satisfy your cravings with a creamy, vanilla-rich protein mousse that's as delicious as it is satisfying 🌟"
11176092,12.0,Protein Lab,Dessert Køl,Protein Pudding Vanilla,1,0,bg.,Netto,https://static.tilbudsugen.dk/1st-retail/2026/26/65672/Netto262026-1_14_2699x4326_4920x6834_zoom.jpg,2026-06-20,2026-06-26,https://res.cloudinary.com/dfqzmnlga/image/upload/v1781934167/2026-06-20/11176092.jpg,Protein Pudding Vanilla,"Satisfy your cravings with a creamy, sweet escape — perfect for any mood. 🍯"
11176119,15.0,Rahbek,Fisk og skaldyr Frost ,Indbagt Laks med Julienne sauce,1,0,pk.,Netto,https://static.tilbudsugen.dk/1st-retail/2026/26/65672/Netto262026-1_16_1611x3560_3405x5232_zoom.jpg,2026-06-20,2026-06-26,https://res.cloudinary.com/dfqzmnlga/image/upload/v1781934167/2026-06-20/11176119.jpg,Baked Salmon with Julienne Sauce,Savor the ocean in every bite with a dash of flavor—*✨ Salmon & Julienne Magic* 🍣
11176120,15.0,Rahbek,Fisk og skaldyr Frost ,Indbagt Hvid Alaska Sej,1,0,pk.,Netto,https://static.tilbudsugen.dk/1st-retail/2026/26/65672/Netto262026-1_16_1611x3560_3405x5232_zoom.jpg,2026-06-20,2026-06-26,https://res.cloudinary.com/dfqzmnlga/image/upload/v1781934168/2026-06-20/11176120.jpg,Baked White Alaska Saithe,"✨ A fluffy, buttery, and slightly quirky treat that's as much a dessert as it is a snack—perfect for those who love a little chaos in their meals!"
11176121,15.0,Rahbek,Fisk og skaldyr Frost ,Indbagte Rejer med Asparges og Dildsauce,1,0,pk.,Netto,https://static.tilbudsugen.dk/1st-retail/2026/26/65672/Netto262026-1_16_1611x3560_3405x5232_zoom.jpg,2026-06-20,2026-06-26,https://res.cloudinary.com/dfqzmnlga/image/upload/v1781934168/2026-06-20/11176121.jpg,Baked Shrimps with Asparagus and Dildsauce,"Sizzling with flavor, my taste buds are ready for a delicious adventure! 🍤✨"
11176131,25.0,Tradizionale,Pizza Frost,Spinacie Ricotta Pizza,1,0,stk.,Netto,https://static.tilbudsugen.dk/1st-retail/2026/26/65672/Netto262026-1_16_70x5162_1759x6895_zoom.jpg,2026-06-20,2026-06-26,https://res.cloudinary.com/dfqzmnlga/image/upload/v1781934169/2026-06-20/11176131.jpg,Spinacie Ricotta Pizza,"Satisfy your cravings with a slice of cheesy, spinach-filled joy 🍕"
11176132,25.0,Tradizionale,Pizza Frost,Pancetta Delicata Pizza,1,0,stk.,Netto,https://static.tilbudsugen.dk/1st-retail/2026/26/65672/Netto262026-1_16_70x5162_1759x6895_zoom.jpg,2026-06-20,2026-06-26,https://res.cloudinary.com/dfqzmnlga/image/upload/v1781934169/2026-06-20/11176132.jpg,Pancetta Delicata Pizza,"🔥 Sizzle, sizzle, and sizzle—my flavor is pure, my fire is wild. 🍕"
11176128,25.0,Tradizionale,Pizza Frost,Salame Romano Pizza,1,0,stk.,Netto,https://static.tilbudsugen.dk/1st-retail/2026/26/65672/Netto262026-1_16_70x5162_1759x6895_zoom.jpg,2026-06-20,2026-06-26,https://res.cloudinary.com/dfqzmnlga/image/upload/v1781934169/2026-06-20/11176128.jpg,Salame Romano Pizza," cheesy, cheesy, cheesy — perfect for a slice of life, a slice of joy, a slice of fun. 🍕"
11176130,25.0,Tradizionale,Pizza Frost,Mozzarella e Pesto Pizza,1,0,stk.,Netto,https://static.tilbudsugen.dk/1st-retail/2026/26/65672/Netto262026-1_16_70x5162_1759x6895_zoom.jpg,2026-06-20,2026-06-26,https://res.cloudinary.com/dfqzmnlga/image/upload/v1781934170/2026-06-20/11176130.jpg,Mozzarella e Pesto Pizza," cheesy, fresh, and unforgettable — like a perfect summer bite. 🍕"
11176140,29.0,Glyngøre,Færdigretter Køl,Polpette con Orzotto e Fabioli,1,0,bk.,Netto,https://static.tilbudsugen.dk/1st-retail/2026/26/65672/Netto262026-1_16_174x573_3169x1853_zoom.jpg,2026-06-20,2026-06-26,https://res.cloudinary.com/dfqzmnlga/image/upload/v1781934170/2026-06-20/11176140.jpg,Polpette con Orzotto e Fabioli,"Polpette con Orzotto e Fabioli: A savory, cheesy delight that brings joy to any meal! 😋"
11176110,29.0,Glyngøre,Færdigretter Køl,Pollo Alla Siciliana,1,0,bk.,Netto,https://static.tilbudsugen.dk/1st-retail/2026/26/65672/Netto262026-1_16_174x573_3169x1853_zoom.jpg,2026-06-20,2026-06-26,https://res.cloudinary.com/dfqzmnlga/image/upload/v1781934170/2026-06-20/11176110.jpg,Pollo Alla Siciliana,"Sicilian flavor, crispy crust, and a dash of adventure in every bite 🍗"
11176118,30.0,Næmt,Færdigretter Frost,Döner Kebab,1,0,ps.,Netto,https://static.tilbudsugen.dk/1st-retail/2026/26/65672/Netto262026-1_16_3344x3516_4902x5214_zoom.jpg,2026-06-20,2026-06-26,https://res.cloudinary.com/dfqzmnlga/image/upload/v1781934171/2026-06-20/11176118.jpg,Döner Kebab,"🔥Sizzling with flavor, ready to conquer your taste buds! 🍔"
11176111,39.0,Jensens,Færdigretter Køl,Pulled Pork,1,0,pk.,Netto,https://static.tilbudsugen.dk/1st-retail/2026/26/65672/Netto262026-1_16_3056x111_4928x1888_zoom.jpg,2026-06-20,2026-06-26,https://res.cloudinary.com/dfqzmnlga/image/upload/v1781934171/2026-06-20/11176111.jpg,Pulled Pork,"Savoring the smoky, spicy joy of pulled pork, ready to conquer any meal. 🍛"
11176112,39.0,Jensens,Færdigretter Køl,Spareribs,1,0,pk.,Netto,https://static.tilbudsugen.dk/1st-retail/2026/26/65672/Netto262026-1_16_3056x111_4928x1888_zoom.jpg,2026-06-20,2026-06-26,https://res.cloudinary.com/dfqzmnlga/image/upload/v1781934172/2026-06-20/11176112.jpg,Sparreibs,Sparreibs: The ultimate snack that makes every day a little sweeter 🍩
11176136,20.0,Bertagni,Færdigretter Køl,Ricotta & Spinat Pasta,1,0,bk.,Netto,https://static.tilbudsugen.dk/1st-retail/2026/26/65672/Netto262026-1_5_68x4690_2434x6860_zoom.jpg,2026-06-20,2026-06-26,https://res.cloudinary.com/dfqzmnlga/image/upload/v1781934172/2026-06-20/11176136.jpg,Ricotta & Spinach Pasta,"A creamy, cheesy, and green delight that brings the kitchen to life — perfect for a quick, delicious snack or dinner. 🍝✨"
11176081,20.0,Navito,Fisk og skaldyr Frost ,Tempurarejer,1,0,pk.,Netto,https://static.tilbudsugen.dk/1st-retail/2026/26/65672/Netto262026-1_4_0x80_2416x2521_zoom.jpg,2026-06-20,2026-06-26,https://res.cloudinary.com/dfqzmnlga/image/upload/v1781934172/2026-06-20/11176081.jpg,Temporary shrimps,✨ Flippant shrimp enthusiast with a knack for temporary charm and a dash of seafood flair.
11176023,49.0,Velsmag,Færdigretter Køl,Grillfakler,1,0,bk.,Netto,https://static.tilbudsugen.dk/1st-retail/2026/26/65672/Netto262026-1_10_2760x3177_4928x4831_zoom.jpg,2026-06-20,2026-06-26,https://res.cloudinary.com/dfqzmnlga/image/upload/v1781934173/2026-06-20/11176023.jpg,Barbecue torches,"🔥 Charcoal master, ready to ignite your taste buds with smoky perfection!"
11176063,10.0,Spir,Vegetabilske drikke,Havredrik,1,1,stk.,Netto,https://static.tilbudsugen.dk/1st-retail/2026/26/65672/Netto262026-1_13_9x3386_1707x5136_zoom.jpg,2026-06-20,2026-06-26,https://res.cloudinary.com/dfqzmnlga/image/upload/v1781934173/2026-06-20/11176063.jpg,Oat drink,"☕️ Sip on the perfect blend of oats and joy, wherever your day takes you!"
11176064,10.0,Spir,Vegetabilske drikke,Havrekakao,1,1,stk.,Netto,https://static.tilbudsugen.dk/1st-retail/2026/26/65672/Netto262026-1_13_9x3386_1707x5136_zoom.jpg,2026-06-20,2026-06-26,https://res.cloudinary.com/dfqzmnlga/image/upload/v1781934174/2026-06-20/11176064.jpg,Oat cacao,"✨ A sweet, creamy treat that melts in your mouth and makes your day brighter!"
11176065,10.0,Spir,Vegetabilske drikke,Mandeldrik,1,1,stk.,Netto,https://static.tilbudsugen.dk/1st-retail/2026/26/65672/Netto262026-1_13_9x3386_1707x5136_zoom.jpg,2026-06-20,2026-06-26,https://res.cloudinary.com/dfqzmnlga/image/upload/v1781934174/2026-06-20/11176065.jpg,Almond Drink,"✨ Swirl your day with a smooth, creamy almond drink that's as refreshing as it is delightful. ✨"
11176066,10.0,Spir,Vegetabilske drikke,Risdrik,1,1,stk.,Netto,https://static.tilbudsugen.dk/1st-retail/2026/26/65672/Netto262026-1_13_9x3386_1707x5136_zoom.jpg,2026-06-20,2026-06-26,https://res.cloudinary.com/dfqzmnlga/image/upload/v1781934175/2026-06-20/11176066.jpg,Rice drink,"Sip, sip, and stay hydrated—my favorite drink is always here. 🍸"
11176166,5.0,Harvest Best,Grønt,Baked Beans,1,0,ds.,Netto,https://static.tilbudsugen.dk/1st-retail/2026/26/65672/Netto262026-1_6_25x111_2385x2558_zoom.jpg,2026-06-20,2026-06-26,https://res.cloudinary.com/dfqzmnlga/image/upload/v1781934175/2026-06-20/11176166.jpg,Baked Beans,"Savoring the perfect blend of flavor and warmth, 🍲"
11176165,5.0,Harvest Best,Grønt,Chilibønner,1,0,ds.,Netto,https://static.tilbudsugen.dk/1st-retail/2026/26/65672/Netto262026-1_6_25x111_2385x2558_zoom.jpg,2026-06-20,2026-06-26,https://res.cloudinary.com/dfqzmnlga/image/upload/v1781934175/2026-06-20/11176165.jpg,Chilli beans,"🔥 Spicy, bold, and always ready to spice things up! 🌶️"
11176167,5.0,La Campagna,Grønt,Hakkede tomater,1,0,ds.,Netto,https://static.tilbudsugen.dk/1st-retail/2026/26/65672/Netto262026-1_6_25x111_2385x2558_zoom.jpg,2026-06-20,2026-06-26,https://res.cloudinary.com/dfqzmnlga/image/upload/v1781934176/2026-06-20/11176167.jpg,Chicked tomatoes,"Chicked tomatoes: the perfect blend of bold flavor and playful whimsy, ready to spark conversations and satisfy your taste buds. 🍅✨"
11176168,5.0,La Campagna,Grønt,Hakkede tomater Urter,1,0,ds.,Netto,https://static.tilbudsugen.dk/1st-retail/2026/26/65672/Netto262026-1_6_25x111_2385x2558_zoom.jpg,2026-06-20,2026-06-26,https://res.cloudinary.com/dfqzmnlga/image/upload/v1781934176/2026-06-20/11176168.jpg,Chicked tomatoes Herbs,✨ Savor the flavor of summer with a sprinkle of herbs and a dash of sunshine!
11176169,5.0,La Campagna,Grønt,Hakkede tomater Hvidløg,1,0,ds.,Netto,https://static.tilbudsugen.dk/1st-retail/2026/26/65672/Netto262026-1_6_25x111_2385x2558_zoom.jpg,2026-06-20,2026-06-26,https://res.cloudinary.com/dfqzmnlga/image/upload/v1781934177/2026-06-20/11176169.jpg,Chicked tomatoes Garlic,Chicked tomatoes Garlic 🍅✨
11176163,5.0,Harvest Best,Grønt,Kikærter,1,0,ds.,Netto,https://static.tilbudsugen.dk/1st-retail/2026/26/65672/Netto262026-1_6_25x111_2385x2558_zoom.jpg,2026-06-20,2026-06-26,https://res.cloudinary.com/dfqzmnlga/image/upload/v1781934177/2026-06-20/11176163.jpg,Chickpeas,"Spicy, bold, and ready to roast your day with a sprinkle of flavor! 🥣"
11176164,5.0,Harvest Best,Grønt,Røde Kidneybønner,1,0,ds.,Netto,https://static.tilbudsugen.dk/1st-retail/2026/26/65672/Netto262026-1_6_25x111_2385x2558_zoom.jpg,2026-06-20,2026-06-26,https://res.cloudinary.com/dfqzmnlga/image/upload/v1781934177/2026-06-20/11176164.jpg,Red Kidney beans,Red Kidney beans: The flavor that turns ordinary meals into unforgettable memories 🌱
11176711,10.47,K-salat,Saucer,Bearnaisesauce,1,0,bg.,Netto,https://static.tilbudsugen.dk/1st-retail/2026/26/65672/Netto262026-1_19_2237x670_4854x4036_zoom.jpg,2026-06-20,2026-06-26,https://res.cloudinary.com/dfqzmnlga/image/upload/v1781934178/2026-06-20/11176711.jpg,Bearnaise sauce,"🔥 A fiery mix of flavor and flair, perfect for any unforgettable meal! 🍽️"
11175988,5.0,Bonduelle,Grønt,Majs,1,0,ds.,Netto,https://static.tilbudsugen.dk/1st-retail/2026/26/65672/Netto262026-1_2_2370x480_4824x2574_zoom.jpg,2026-06-20,2026-06-26,https://res.cloudinary.com/dfqzmnlga/image/upload/v1781934178/2026-06-20/11175988.jpg,Maize,"Biggest maize in the land, always ready to crush your day! 🌾"
11176668,17.0,Dolmio,Saucer,Lasagne Cheesy Sauce,1,0,gl.,Netto,https://static.tilbudsugen.dk/1st-retail/2026/26/65672/Netto262026-1_18_0x37_1627x2835_zoom.jpg,2026-06-20,2026-06-26,https://res.cloudinary.com/dfqzmnlga/image/upload/v1781934179/2026-06-20/11176668.jpg,Lasagne Cheesy Sauce,Cheesy sauce that turns any meal into a cozy escape 🍴✨
11176299,17.0,Dolmio,Saucer,Lasagne Creamy,1,0,gl.,Netto,https://static.tilbudsugen.dk/1st-retail/2026/26/65672/Netto262026-1_18_0x37_1627x2835_zoom.jpg,2026-06-20,2026-06-26,https://res.cloudinary.com/dfqzmnlga/image/upload/v1781934179/2026-06-20/11176299.jpg,Lasagne Creamy,"Cheesy, comforting, and perfectly creamy – the ultimate kitchen delight 🍴"
11176673,17.0,Dolmio,Saucer,Al Forno Creamy Tomato,1,0,gl.,Netto,https://static.tilbudsugen.dk/1st-retail/2026/26/65672/Netto262026-1_18_0x37_1627x2835_zoom.jpg,2026-06-20,2026-06-26,https://res.cloudinary.com/dfqzmnlga/image/upload/v1781934180/2026-06-20/11176673.jpg,Al Forno Creamy Tomato,"Al Forno Creamy Tomato: A slice of Italy, fresh and creamy, with a hint of warmth. 🍅✨"
11176674,17.0,Dolmio,Saucer,Bolognese Krydret,1,0,gl.,Netto,https://static.tilbudsugen.dk/1st-retail/2026/26/65672/Netto262026-1_18_0x37_1627x2835_zoom.jpg,2026-06-20,2026-06-26,https://res.cloudinary.com/dfqzmnlga/image/upload/v1781934180/2026-06-20/11176674.jpg,Bolognese Spicy,🔥 Spicy Bolognese that turns any meal into a feast! 🍝
11176679,17.0,Ben's Original,Saucer,Medium Curry,1,0,gl.,Netto,https://static.tilbudsugen.dk/1st-retail/2026/26/65672/Netto262026-1_18_0x37_1627x2835_zoom.jpg,2026-06-20,2026-06-26,https://res.cloudinary.com/dfqzmnlga/image/upload/v1781934180/2026-06-20/11176679.jpg,Medium Curry,"Curry on a plate, spice in the air—just the right amount of heat. 🌶️"
11176675,17.0,Dolmio,Saucer,Bolognese Smooth Tomatsauce,1,0,gl.,Netto,https://static.tilbudsugen.dk/1st-retail/2026/26/65672/Netto262026-1_18_0x37_1627x2835_zoom.jpg,2026-06-20,2026-06-26,https://res.cloudinary.com/dfqzmnlga/image/upload/v1781934181/2026-06-20/11176675.jpg,Bolognese Smooth Tomato sauce,"Sip, savor, and simmer—my flavor is pure, irresistible. 🍲"
11176676,17.0,Dolmio,Saucer,Bolognese Original,1,0,gl.,Netto,https://static.tilbudsugen.dk/1st-retail/2026/26/65672/Netto262026-1_18_0x37_1627x2835_zoom.jpg,2026-06-20,2026-06-26,https://res.cloudinary.com/dfqzmnlga/image/upload/v1781934182/2026-06-20/11176676.jpg,Bolognese Original,"Savoring the perfect blend of flavor and flair, 🍝"
11176678,17.0,Ben's Original,Saucer,Sweet & Sour Sauce,1,0,gl.,Netto,https://static.tilbudsugen.dk/1st-retail/2026/26/65672/Netto262026-1_18_0x37_1627x2835_zoom.jpg,2026-06-20,2026-06-26,https://res.cloudinary.com/dfqzmnlga/image/upload/v1781934182/2026-06-20/11176678.jpg,Sweet & Sour Sauce,"Sour sweet, bold and spicy, I bring flavor to every bite! 🍡"
11176670,17.0,Dolmio,Saucer,Bolognese Hvitløk,1,0,gl.,Netto,https://static.tilbudsugen.dk/1st-retail/2026/26/65672/Netto262026-1_18_0x37_1627x2835_zoom.jpg,2026-06-20,2026-06-26,https://res.cloudinary.com/dfqzmnlga/image/upload/v1781934183/2026-06-20/11176670.jpg,Bolognese Hvitløk,Bolognese Hvitløk: The ultimate flavor bomb that turns every meal into a celebration 🍴✨
11176284,35.0,Heinz,Mayonnaise,Mayonnaise,1,0,stk.,Netto,https://static.tilbudsugen.dk/1st-retail/2026/26/65672/Netto262026-1_18_3291x4888_4998x6860_zoom.jpg,2026-06-20,2026-06-26,https://res.cloudinary.com/dfqzmnlga/image/upload/v1781934183/2026-06-20/11176284.jpg,Mayonnaise,"Spread the flavor, not the fear—mayonnaise, the creamy hero of any meal. 🍡"
11176258,12.0,Yummy,Mel & Melblandinger,Pandekage & Vaffelmix,1,0,pk.,Netto,https://static.tilbudsugen.dk/1st-retail/2026/26/65672/Netto262026-1_17_12x1264_1670x3587_zoom.jpg,2026-06-20,2026-06-26,https://res.cloudinary.com/dfqzmnlga/image/upload/v1781934183/2026-06-20/11176258.jpg,Pancake & Vaffelmix,Sizzle up a perfect breakfast with a sprinkle of chaos and a dash of flair! 🥞🍳
11176260,12.0,Yummy,Mel & Melblandinger,Brownie Bagemix,1,0,pk.,Netto,https://static.tilbudsugen.dk/1st-retail/2026/26/65672/Netto262026-1_17_12x1264_1670x3587_zoom.jpg,2026-06-20,2026-06-26,https://res.cloudinary.com/dfqzmnlga/image/upload/v1781934184/2026-06-20/11176260.jpg,Brownie Bagemix,"🔥 Bask in sweet, messy joy with every bite! 🍪"
11176262,12.0,Yummy,Mel & Melblandinger,Chokoladekagebagemix,1,0,pk.,Netto,https://static.tilbudsugen.dk/1st-retail/2026/26/65672/Netto262026-1_17_12x1264_1670x3587_zoom.jpg,2026-06-20,2026-06-26,https://res.cloudinary.com/dfqzmnlga/image/upload/v1781934184/2026-06-20/11176262.jpg,Chocolate cake baking mix,✨ Bake your way to joy with a chocolate cake baking mix that's as delicious as it is fun! 🍰
11176261,12.0,Yummy,Mel & Melblandinger,Citronkagemix,1,0,pk.,Netto,https://static.tilbudsugen.dk/1st-retail/2026/26/65672/Netto262026-1_17_12x1264_1670x3587_zoom.jpg,2026-06-20,2026-06-26,https://res.cloudinary.com/dfqzmnlga/image/upload/v1781934184/2026-06-20/11176261.jpg,Lemon cake mix,"Citrusy, sweet, and slightly spicy—just the way life should be. 🍋🍰"
11176312,30.0,Den Gamle Fabrik,Marmelade,Solbærmarmelade,1,0,gl.,Netto,https://static.tilbudsugen.dk/1st-retail/2026/26/65672/Netto262026-1_18_1633x4863_3285x6860_zoom.jpg,2026-06-20,2026-06-26,https://res.cloudinary.com/dfqzmnlga/image/upload/v1781934185/2026-06-20/11176312.jpg,Blackcurrant jam,"✨ A sweet, bold, and tangy flavor that brings the whole world to life. 🍓"
11176313,30.0,Den Gamle Fabrik,Marmelade,Appelsinmarmelade,1,0,gl.,Netto,https://static.tilbudsugen.dk/1st-retail/2026/26/65672/Netto262026-1_18_1633x4863_3285x6860_zoom.jpg,2026-06-20,2026-06-26,https://res.cloudinary.com/dfqzmnlga/image/upload/v1781934185/2026-06-20/11176313.jpg,Orange marmalade,"Tropical twist on a classic: ""Sour sweetness, wrapped in a jar—perfect for a rainy day."" 🍊"
11176311,30.0,Den Gamle Fabrik,Marmelade,Hindbærmarmelade,1,0,gl.,Netto,https://static.tilbudsugen.dk/1st-retail/2026/26/65672/Netto262026-1_18_1633x4863_3285x6860_zoom.jpg,2026-06-20,2026-06-26,https://res.cloudinary.com/dfqzmnlga/image/upload/v1781934186/2026-06-20/11176311.jpg,Raspberry jam,"✨ Raspberry jam: Sweet, tangy, and always ready to conquer your day! ✨"
11176315,30.0,Den Gamle Fabrik,Marmelade,Boysenbærmarmelade,1,0,gl.,Netto,https://static.tilbudsugen.dk/1st-retail/2026/26/65672/Netto262026-1_18_1633x4863_3285x6860_zoom.jpg,2026-06-20,2026-06-26,https://res.cloudinary.com/dfqzmnlga/image/upload/v1781934191/2026-06-20/11176315.jpg,Boysenberry jam,"Sweet, juicy, and unstoppable — the perfect partner in any berry adventure! 🍒"
11176314,30.0,Den Gamle Fabrik,Marmelade,Rababer/Jordbærmarmelade,1,0,gl.,Netto,https://static.tilbudsugen.dk/1st-retail/2026/26/65672/Netto262026-1_18_1633x4863_3285x6860_zoom.jpg,2026-06-20,2026-06-26,https://res.cloudinary.com/dfqzmnlga/image/upload/v1781934192/2026-06-20/11176314.jpg,"Blackberries/black and white (black, red and white)","A sweet, bold mix of black and white, with a touch of red and white—perfect for a rainy day with a cup of coffee. 🍓🌱"
11176309,30.0,Den Gamle Fabrik,Marmelade,Jordbærmarmelade,1,0,gl.,Netto,https://static.tilbudsugen.dk/1st-retail/2026/26/65672/Netto262026-1_18_1633x4863_3285x6860_zoom.jpg,2026-06-20,2026-06-26,https://res.cloudinary.com/dfqzmnlga/image/upload/v1781934192/2026-06-20/11176309.jpg,Strawberry marmalade,"Sour, sweet, and perfectly timed—my flavor is everywhere. 🍓"
11176685,20.0,Blue Dragon,Saucer,Thai Yellow Curry Sauce,1,0,gl.,Netto,https://static.tilbudsugen.dk/1st-retail/2026/26/65672/Netto262026-1_18_1596x105_3322x2848_zoom.jpg,2026-06-20,2026-06-26,https://res.cloudinary.com/dfqzmnlga/image/upload/v1781934193/2026-06-20/11176685.jpg,Thai Yellow Curry Sauce,"🔥 Spicy, sweet, and soulful—Thai Yellow Curry Sauce brings the flavor of a tropical paradise to your plate! 🌴"
11176689,20.0,Blue Dragon,Saucer,Chinese Sweet & Sour Sauce,1,0,gl.,Netto,https://static.tilbudsugen.dk/1st-retail/2026/26/65672/Netto262026-1_18_1596x105_3322x2848_zoom.jpg,2026-06-20,2026-06-26,https://res.cloudinary.com/dfqzmnlga/image/upload/v1781934193/2026-06-20/11176689.jpg,Chinese Sweet & Sour Sauce,"Sour, sweet, and spicy—perfect for a good meal! 😋"
11176316,26.0,Jakobsens,Sødemiddel,Honning,1,0,bg.,Netto,https://static.tilbudsugen.dk/1st-retail/2026/26/65672/Netto262026-1_18_37x4875_1676x6872_zoom.jpg,2026-06-20,2026-06-26,https://res.cloudinary.com/dfqzmnlga/image/upload/v1781934194/2026-06-20/11176316.jpg,Honey,"Sweet, sticky, and irresistible — my vibe is always sugary and sparkly. 🍯"
11176300,25.0,Trope,Tørret Frugt,Bananchips,1,0,ps.,Netto,https://static.tilbudsugen.dk/1st-retail/2026/26/65672/Netto262026-1_18_1676x2817_3285x4851_zoom.jpg,2026-06-20,2026-06-26,https://res.cloudinary.com/dfqzmnlga/image/upload/v1781934194/2026-06-20/11176300.jpg,Banana chips,"Golden brown, sweet, and crispy — the perfect snack to satisfy any craving! 🍌"
11176661,25.0,Trope,Tørret Frugt,Frugtmix,1,0,ps.,Netto,https://static.tilbudsugen.dk/1st-retail/2026/26/65672/Netto262026-1_18_1676x2817_3285x4851_zoom.jpg,2026-06-20,2026-06-26,https://res.cloudinary.com/dfqzmnlga/image/upload/v1781934194/2026-06-20/11176661.jpg,Fruit mix,"Juicy and vibrant, I'm the ultimate flavor bomb—packed with sweet surprises and a dash of zing! 🍎"
11176662,25.0,Trope,Tørret Frugt,Rosiner,1,0,pk.,Netto,https://static.tilbudsugen.dk/1st-retail/2026/26/65672/Netto262026-1_18_1676x2817_3285x4851_zoom.jpg,2026-06-20,2026-06-26,https://res.cloudinary.com/dfqzmnlga/image/upload/v1781934195/2026-06-20/11176662.jpg,Raisins,"✨ Tiny bursts of sweetness, ready to spark a conversation."
11176684,20.0,Go-Tan,Saucer,Sticky Chicken Spicy & Sweet Sauce,1,0,fl.,Netto,https://static.tilbudsugen.dk/1st-retail/2026/26/65672/Netto262026-1_18_1596x105_3322x2848_zoom.jpg,2026-06-20,2026-06-26,https://res.cloudinary.com/dfqzmnlga/image/upload/v1781934195/2026-06-20/11176684.jpg,Sticky Chicken Spicy & Sweet Sauce,✨ Sizzling sweet & spicy sauce that turns any meal into a flavor explosion! ✨
11176681,20.0,Go-Tan,Saucer,Sticky Chicken Korean BBQ Sauce,1,0,fl.,Netto,https://static.tilbudsugen.dk/1st-retail/2026/26/65672/Netto262026-1_18_1596x105_3322x2848_zoom.jpg,2026-06-20,2026-06-26,https://res.cloudinary.com/dfqzmnlga/image/upload/v1781934196/2026-06-20/11176681.jpg,Sticky Chicken Korean BBQ Sauce,"Savor the sweet, spicy, and sticky truth with every bite—*✨*"
11176318,26.0,Jakobsens,Sødemiddel,Honning,1,0,fl.,Netto,https://static.tilbudsugen.dk/1st-retail/2026/26/65672/Netto262026-1_18_37x4875_1676x6872_zoom.jpg,2026-06-20,2026-06-26,https://res.cloudinary.com/dfqzmnlga/image/upload/v1781934196/2026-06-20/11176318.jpg,Honey,"Sweet nectar, sweet temptation, sweetly bold. 🍯"
11176138,20.0,ØGO,Diverse kolonial,Tahin,1,0,gl.,Netto,https://static.tilbudsugen.dk/1st-retail/2026/26/65672/Netto262026-1_5_111x783_2471x2435_zoom.jpg,2026-06-20,2026-06-26,https://res.cloudinary.com/dfqzmnlga/image/upload/v1781934196/2026-06-20/11176138.jpg,Tahin,"Spicy, zesty, and ready to add some flavor to your day 🍳✨"
11176285,29.0,Cervera,Oliven,Oliven,1,0,ds.,Netto,https://static.tilbudsugen.dk/1st-retail/2026/26/65672/Netto262026-1_18_3291x2854_4998x4888_zoom.jpg,2026-06-20,2026-06-26,https://res.cloudinary.com/dfqzmnlga/image/upload/v1781934197/2026-06-20/11176285.jpg,Olives,"Mmm, tangy and bold, I'm the perfect companion for a good conversation. 🍇"
11176663,25.0,Trope,Tørret Frugt,Tranebær,1,0,ps.,Netto,https://static.tilbudsugen.dk/1st-retail/2026/26/65672/Netto262026-1_18_1676x2817_3285x4851_zoom.jpg,2026-06-20,2026-06-26,https://res.cloudinary.com/dfqzmnlga/image/upload/v1781934197/2026-06-20/11176663.jpg,Cranberries,"Cranberries: nature's sweet, tart twist on autumn's best friend 🍐"
11176658,25.0,Simple Life,Tørret Frugt,Dadler,1,0,ps.,Netto,https://static.tilbudsugen.dk/1st-retail/2026/26/65672/Netto262026-1_18_1676x2817_3285x4851_zoom.jpg,2026-06-20,2026-06-26,https://res.cloudinary.com/dfqzmnlga/image/upload/v1781934197/2026-06-20/11176658.jpg,Dates,"Sweet, sticky, and sugary, I'm the date that keeps things sweet in your life 🍒"
11176664,25.0,Trope,Tørret Frugt,Abrikoser,1,0,pk.,Netto,https://static.tilbudsugen.dk/1st-retail/2026/26/65672/Netto262026-1_18_1676x2817_3285x4851_zoom.jpg,2026-06-20,2026-06-26,https://res.cloudinary.com/dfqzmnlga/image/upload/v1781934198/2026-06-20/11176664.jpg,Apricots,"Sweet, juicy, and slightly tart — the apricot's perfect flavor is just waiting to be discovered. 🍐"
11176013,10.0,Snack Pot,Færdigretter,Potato Bacon & Onion,1,0,stk.,Netto,https://static.tilbudsugen.dk/1st-retail/2026/26/65672/Netto262026-1_3_2496x2447_4930x4715_zoom.jpg,2026-06-20,2026-06-26,https://res.cloudinary.com/dfqzmnlga/image/upload/v1781934198/2026-06-20/11176013.jpg,Potato Bacon & Onion,"Savory, crispy, and slightly spicy – the perfect breakfast companion. 🍲"
11169179,28.0,Løgismose,Oliven,Oliven,1,0,gl.,Netto,https://static.tilbudsugen.dk/1st-retail/2026/25/65608/Netto252026-1_18_1578x2922_3066x4861_zoom.jpg,2026-06-13,2026-06-26,https://res.cloudinary.com/dfqzmnlga/image/upload/v1781934199/2026-06-20/11169179.jpg,Olives,"✨ Always salty, always sharp, always in the spotlight. 🍇"
11176010,10.0,Snack Pot,Færdigretter,Pasta Napoli,1,0,stk.,Netto,https://static.tilbudsugen.dk/1st-retail/2026/26/65672/Netto262026-1_3_2496x2447_4930x4715_zoom.jpg,2026-06-20,2026-06-26,https://res.cloudinary.com/dfqzmnlga/image/upload/v1781934199/2026-06-20/11176010.jpg,Pasta Naples,"Sizzling with flavor, Naples pasta brings the taste of Italy to your plate. 🍝"
11176011,10.0,Snack Pot,Færdigretter,Pasta Creamy Pesto,1,0,stk.,Netto,https://static.tilbudsugen.dk/1st-retail/2026/26/65672/Netto262026-1_3_2496x2447_4930x4715_zoom.jpg,2026-06-20,2026-06-26,https://res.cloudinary.com/dfqzmnlga/image/upload/v1781934199/2026-06-20/11176011.jpg,Pasta Creamy Pesto,"Sooze up with a creamy, bold flavor that makes every bite feel like a celebration — 🍝✨"
11176012,10.0,Snack Pot,Færdigretter,Pasta Carbonara,1,0,stk.,Netto,https://static.tilbudsugen.dk/1st-retail/2026/26/65672/Netto262026-1_3_2496x2447_4930x4715_zoom.jpg,2026-06-20,2026-06-26,https://res.cloudinary.com/dfqzmnlga/image/upload/v1781934200/2026-06-20/11176012.jpg,Pasta Carbonara,Spaghetti with a side of creamy joy and a dash of nostalgia 🍝
11176009,10.0,Snack Pot,Færdigretter,Pasta Carbonara,1,0,stk.,Netto,https://static.tilbudsugen.dk/1st-retail/2026/26/65672/Netto262026-1_3_2496x2447_4930x4715_zoom.jpg,2026-06-20,2026-06-26,https://res.cloudinary.com/dfqzmnlga/image/upload/v1781934200/2026-06-20/11176009.jpg,Pasta Carbonara,"Sizzling with flavor, I’m the pasta that brings creamy comfort to any meal. 🍝"
11176046,10.0,Murph,Snacks/bar,Coconut & Cookies Crisp Proteinbar,1,0,stk.,Netto,https://static.tilbudsugen.dk/1st-retail/2026/26/65672/Netto262026-1_3_96x4633_2472x6859_zoom.jpg,2026-06-20,2026-06-26,https://res.cloudinary.com/dfqzmnlga/image/upload/v1781934201/2026-06-20/11176046.jpg,Coconut & Cookies Crisp Proteinbar,"✨ Crunchy, creamy, and full of flavor—your energy boost, anytime, anywhere! ✨"
11176050,10.0,Murph,Snacks/bar,Cookies & Caramel Crisp Proteinbar,1,0,stk.,Netto,https://static.tilbudsugen.dk/1st-retail/2026/26/65672/Netto262026-1_3_96x4633_2472x6859_zoom.jpg,2026-06-20,2026-06-26,https://res.cloudinary.com/dfqzmnlga/image/upload/v1781934201/2026-06-20/11176050.jpg,Cookies & Caramel Crisp Protein Bar,"Savor the sweet and savory blend of cookies and caramel crisp, fueled by protein—because every bite is a flavor explosion. 🍪✨"
11176048,10.0,Murph,Snacks/bar,Pistachio & Cookies Crisp Proteinbar,1,0,stk.,Netto,https://static.tilbudsugen.dk/1st-retail/2026/26/65672/Netto262026-1_3_96x4633_2472x6859_zoom.jpg,2026-06-20,2026-06-26,https://res.cloudinary.com/dfqzmnlga/image/upload/v1781934201/2026-06-20/11176048.jpg,Pistachio & Cookies Crisp Protein Bar,"✨ Crunchy, creamy, and full of flavor—your energy boost, delivered in a bar. ✨"
11176049,10.0,Murph,Snacks/bar,Peanut & Caramel Crisp Proteinbar,1,0,stk.,Netto,https://static.tilbudsugen.dk/1st-retail/2026/26/65672/Netto262026-1_3_96x4633_2472x6859_zoom.jpg,2026-06-20,2026-06-26,https://res.cloudinary.com/dfqzmnlga/image/upload/v1781934202/2026-06-20/11176049.jpg,Peanut & Caramel Crisp Protein Bar,"✨ Crunchy, creamy, and supercharged—perfect for your daily fuel! 🌟"
11176041,10.0,Nutramino,Snacks/bar,Chocolate Protein Wafer ,1,0,stk.,Netto,https://static.tilbudsugen.dk/1st-retail/2026/26/65672/Netto262026-1_3_96x4633_2472x6859_zoom.jpg,2026-06-20,2026-06-26,https://res.cloudinary.com/dfqzmnlga/image/upload/v1781934202/2026-06-20/11176041.jpg,Chocolate Protein Wafer,"✨ Chocolate Protein Wafer: Sweet, savory, and perfect for any snack moment! 🍫"
11176043,10.0,Nutramino,Snacks/bar,Hazelnut Protein Wafer,1,0,stk.,Netto,https://static.tilbudsugen.dk/1st-retail/2026/26/65672/Netto262026-1_3_96x4633_2472x6859_zoom.jpg,2026-06-20,2026-06-26,https://res.cloudinary.com/dfqzmnlga/image/upload/v1781934203/2026-06-20/11176043.jpg,Hazelnut Protein Wafer,"✨ Chocoholic with a protein twist, ready to fuel your day with a sweet and savory boost! ✨"
11176045,10.0,Nutramino,Snacks/bar,Vanilla Protein Wafer,1,0,stk.,Netto,https://static.tilbudsugen.dk/1st-retail/2026/26/65672/Netto262026-1_3_96x4633_2472x6859_zoom.jpg,2026-06-20,2026-06-26,https://res.cloudinary.com/dfqzmnlga/image/upload/v1781934203/2026-06-20/11176045.jpg,Vanilla Protein Wafer,"Sweet, creamy, and just right — the perfect snack to satisfy any craving! 🍪"
11176702,24.0,Den Gode Start,Müsli & Granola,Honningristet Granola,1,0,pk.,Netto,https://static.tilbudsugen.dk/1st-retail/2026/26/65672/Netto262026-1_18_3291x31_4973x2891_zoom.jpg,2026-06-20,2026-06-26,https://res.cloudinary.com/dfqzmnlga/image/upload/v1781934204/2026-06-20/11176702.jpg,Granola honey roast,"✨ Savor the crunch, sweet, and spark of life with granola honey roast. ✨"
11176695,24.0,Den Gode Start,Müsli & Granola,Chokolade Mysli,1,0,pk.,Netto,https://static.tilbudsugen.dk/1st-retail/2026/26/65672/Netto262026-1_18_3291x31_4973x2891_zoom.jpg,2026-06-20,2026-06-26,https://res.cloudinary.com/dfqzmnlga/image/upload/v1781934204/2026-06-20/11176695.jpg,Chocolate Mysli,"🍫 My mind's a chocolate factory — always thinking, always creating, always irresistible. 😍"
11176287,24.0,Den Gode Start,Müsli & Granola,Chokolade & Appelsin Granola,1,0,pk.,Netto,https://static.tilbudsugen.dk/1st-retail/2026/26/65672/Netto262026-1_18_3291x31_4973x2891_zoom.jpg,2026-06-20,2026-06-26,https://res.cloudinary.com/dfqzmnlga/image/upload/v1781934205/2026-06-20/11176287.jpg,Chocolate & Orange Granola,"Sweet, sticky, and tangy—perfect for a morning treat or a snack that makes your heart skip a beat! 🍫🍊"
11176210,15.0,Garofalo,Pasta,Pasta,1,0,pk.,Netto,https://static.tilbudsugen.dk/1st-retail/2026/26/65672/Netto262026-1_7_2471x3341_3673x4999_zoom.jpg,2026-06-20,2026-06-26,https://res.cloudinary.com/dfqzmnlga/image/upload/v1781934205/2026-06-20/11176210.jpg,Pasta,"Sauce for the soul, and a little bit of chaos—because pasta is the ultimate comfort food. 🍝"
11175977,10.0,La Campagna,Fersk pasta,Lasagneplader,1,0,pk.,Netto,https://static.tilbudsugen.dk/1st-retail/2026/26/65672/Netto262026-1_1_0x4711_2454x6577_zoom.jpg,2026-06-20,2026-06-26,https://res.cloudinary.com/dfqzmnlga/image/upload/v1781934205/2026-06-20/11175977.jpg,Lasagne plates,Savoring the perfect pasta dish with a side of joy 🍝✨
11175978,10.0,La Campagna,Fersk pasta,Linguine,1,0,pk.,Netto,https://static.tilbudsugen.dk/1st-retail/2026/26/65672/Netto262026-1_1_0x4711_2454x6577_zoom.jpg,2026-06-20,2026-06-26,https://res.cloudinary.com/dfqzmnlga/image/upload/v1781934206/2026-06-20/11175978.jpg,Linguine,"Sleek, creamy, and always ready to elevate any meal—like a perfect pasta experience. 🍝"
11176295,20.0,Blue Dragon,Nudler,Nudler,1,0,pk.,Netto,https://static.tilbudsugen.dk/1st-retail/2026/26/65672/Netto262026-1_18_1596x105_3322x2848_zoom.jpg,2026-06-20,2026-06-26,https://res.cloudinary.com/dfqzmnlga/image/upload/v1781934206/2026-06-20/11176295.jpg,Noodles,"Served with a side of flavor, noodles are the ultimate comfort food. 🍜"
11176665,25.0,Trope,Snacknødder & Nøddeblandinger,Peanuts ristede og saltede,1,0,ps.,Netto,https://static.tilbudsugen.dk/1st-retail/2026/26/65672/Netto262026-1_18_1676x2817_3285x4851_zoom.jpg,2026-06-20,2026-06-26,https://res.cloudinary.com/dfqzmnlga/image/upload/v1781934206/2026-06-20/11176665.jpg,Peanuts roasted and salted,"Salty, smoky, and satisfying—perfect for a rainy day with a good book. 🍬"
11176329,22.0,Kims,Chips,Crunch Cut Chips Læsø Sydesalt,1,0,ps.,Netto,https://static.tilbudsugen.dk/1st-retail/2026/26/65672/Netto262026-1_18_68x2644_1707x4826_zoom.jpg,2026-06-20,2026-06-26,https://res.cloudinary.com/dfqzmnlga/image/upload/v1781934207/2026-06-20/11176329.jpg,Crunch Cut Chips Læsø South Salt,"✨ Crunch Cut Chips Læsø South Salt – salty, crispy, and ready to conquer your taste buds! ✨"
11176331,22.0,Kims,Chips,Havsalt Chips,1,0,ps.,Netto,https://static.tilbudsugen.dk/1st-retail/2026/26/65672/Netto262026-1_18_68x2644_1707x4826_zoom.jpg,2026-06-20,2026-06-26,https://res.cloudinary.com/dfqzmnlga/image/upload/v1781934207/2026-06-20/11176331.jpg,Sea salt Chips,"Salted bliss, lightly toasted—crunchy, refreshing, and ready to elevate any snack. 🍬"
11176338,22.0,Kims,Chips,Sour Cream & Onion Chips,1,0,ps.,Netto,https://static.tilbudsugen.dk/1st-retail/2026/26/65672/Netto262026-1_18_68x2644_1707x4826_zoom.jpg,2026-06-20,2026-06-26,https://res.cloudinary.com/dfqzmnlga/image/upload/v1781934208/2026-06-20/11176338.jpg,Sour Cream & Onion Chips,"Sour Cream & Onion Chips: Crunchy, creamy, and completely addictive. 🍬"
11176335,22.0,Kims,Chips,Bølgechips,1,0,ps.,Netto,https://static.tilbudsugen.dk/1st-retail/2026/26/65672/Netto262026-1_18_68x2644_1707x4826_zoom.jpg,2026-06-20,2026-06-26,https://res.cloudinary.com/dfqzmnlga/image/upload/v1781934208/2026-06-20/11176335.jpg,Wave chips,"✨ Waves of salty bliss, ready to crash your day!"
11176333,22.0,Kims,Chips,Snack Chips sour cream & onion,1,0,ps.,Netto,https://static.tilbudsugen.dk/1st-retail/2026/26/65672/Netto262026-1_18_68x2644_1707x4826_zoom.jpg,2026-06-20,2026-06-26,https://res.cloudinary.com/dfqzmnlga/image/upload/v1781934208/2026-06-20/11176333.jpg,Snack Chips sour cream & onion,Sour cream and onion chips – the perfect snack to satisfy any craving 🍩
11176307,22.0,Kims,Snacks,Ostepops Original,1,0,ps.,Netto,https://static.tilbudsugen.dk/1st-retail/2026/26/65672/Netto262026-1_18_68x2644_1707x4826_zoom.jpg,2026-06-20,2026-06-26,https://res.cloudinary.com/dfqzmnlga/image/upload/v1781934209/2026-06-20/11176307.jpg,Ostepops Original,"Ostepops Original: The ultimate snack that makes every day a little sweeter, with a twist of fun and a dash of flavor! 🍫"
11176336,22.0,Kims,Snacks,Jørgens Favorit Mix,1,0,ps.,Netto,https://static.tilbudsugen.dk/1st-retail/2026/26/65672/Netto262026-1_18_68x2644_1707x4826_zoom.jpg,2026-06-20,2026-06-26,https://res.cloudinary.com/dfqzmnlga/image/upload/v1781934209/2026-06-20/11176336.jpg,Jørgens Favorit Mix,"✨ Jørgens Favorit Mix: The perfect blend of joy and flavor, always in your life! ✨"
11176334,22.0,Kims,Chips,Snack Chips Original,1,0,ps.,Netto,https://static.tilbudsugen.dk/1st-retail/2026/26/65672/Netto262026-1_18_68x2644_1707x4826_zoom.jpg,2026-06-20,2026-06-26,https://res.cloudinary.com/dfqzmnlga/image/upload/v1781934209/2026-06-20/11176334.jpg,Snack Chips Original,"Crunchy, salty, and satisfying—just ask me what I'm doing. 🍬"
11176332,22.0,Kims,Snacks,Mega Mix krydret,1,0,ps.,Netto,https://static.tilbudsugen.dk/1st-retail/2026/26/65672/Netto262026-1_18_68x2644_1707x4826_zoom.jpg,2026-06-20,2026-06-26,https://res.cloudinary.com/dfqzmnlga/image/upload/v1781934210/2026-06-20/11176332.jpg,Mega Mix Spicy,"🔥 Spicy, bold, and ready to take over your day!"
11169190,20.0,Løgismose,Chips,Karl Johan Chips,1,0,ps.,Netto,https://static.tilbudsugen.dk/1st-retail/2026/25/65608/Netto252026-1_18_1686x234_3630x2664_zoom.jpg,2026-06-13,2026-06-26,https://res.cloudinary.com/dfqzmnlga/image/upload/v1781934210/2026-06-20/11169190.jpg,Karl Johan Chips,✨ Snack your day with a sprinkle of fun and a dash of flavor! ✨
11169185,20.0,Løgismose,Chips,Trøffelchips,1,0,ps.,Netto,https://static.tilbudsugen.dk/1st-retail/2026/25/65608/Netto252026-1_18_1686x234_3630x2664_zoom.jpg,2026-06-13,2026-06-26,https://res.cloudinary.com/dfqzmnlga/image/upload/v1781934211/2026-06-20/11169185.jpg,Truffle chips,"✨ Truffle chips that melt in your mouth, not your wallet! 🍄"
11176337,22.0,Kims,Dip,Holiday Dipmix,1,0,ps.,Netto,https://static.tilbudsugen.dk/1st-retail/2026/26/65672/Netto262026-1_18_68x2644_1707x4826_zoom.jpg,2026-06-20,2026-06-26,https://res.cloudinary.com/dfqzmnlga/image/upload/v1781934211/2026-06-20/11176337.jpg,Holiday Dipmix,"✨ Sweet, savory, and spicy – the perfect dip for any holiday feast! 🍽️"
11176134,20.0,Paradiso,Smørepålæg,Peanutbutter Crunchy,1,0,gl.,Netto,https://static.tilbudsugen.dk/1st-retail/2026/26/65672/Netto262026-1_5_2397x4758_4998x6866_zoom.jpg,2026-06-20,2026-06-26,https://res.cloudinary.com/dfqzmnlga/image/upload/v1781934212/2026-06-20/11176134.jpg,Peanut butter Crunchy,"Savory, crunchy, and slightly rebellious — the peanut butter that makes your day just a little better. 🍬"
11176135,20.0,Paradiso,Smørepålæg,Peanutbutter Creamy,1,0,gl.,Netto,https://static.tilbudsugen.dk/1st-retail/2026/26/65672/Netto262026-1_5_2397x4758_4998x6866_zoom.jpg,2026-06-20,2026-06-26,https://res.cloudinary.com/dfqzmnlga/image/upload/v1781934212/2026-06-20/11176135.jpg,Peanut butter Creamy,"Smooth, creamy, and perfectly balanced—like a hug in a jar. 🍬"
11176255,20.0,Salte Fisk,Slik,Slikposer,1,0,ps.,Netto,https://static.tilbudsugen.dk/1st-retail/2026/26/65672/Netto262026-1_17_31x5196_2416x6842_zoom.jpg,2026-06-20,2026-06-26,https://res.cloudinary.com/dfqzmnlga/image/upload/v1781934212/2026-06-20/11176255.jpg,Candy bags,✨ Candy bag whisperer 🍬✨
11176274,20.0,Sheroes Mix,Slik,Slikposer,1,0,ps.,Netto,https://static.tilbudsugen.dk/1st-retail/2026/26/65672/Netto262026-1_17_31x5196_2416x6842_zoom.jpg,2026-06-20,2026-06-26,https://res.cloudinary.com/dfqzmnlga/image/upload/v1781934213/2026-06-20/11176274.jpg,Candy bags,"Candy bags, always ready to sweeten the moment 🍬✨"
11176279,20.0,Salted Caramel,Slik,Bolsjer,1,0,ps.,Netto,https://static.tilbudsugen.dk/1st-retail/2026/26/65672/Netto262026-1_17_31x5196_2416x6842_zoom.jpg,2026-06-20,2026-06-26,https://res.cloudinary.com/dfqzmnlga/image/upload/v1781934213/2026-06-20/11176279.jpg,"Peanuts and similar edible parts of plants, prepared or preserved otherwise than by vinegar or acetic acid, whether or not containing added sugar or other sweetening matter","✨ Crunchy, nutty, and always in season—ready to add some flavor to your life! 🌟"
11176272,20.0,Tappsy,Slik,Slikposer,1,0,ps.,Netto,https://static.tilbudsugen.dk/1st-retail/2026/26/65672/Netto262026-1_17_31x5196_2416x6842_zoom.jpg,2026-06-20,2026-06-26,https://res.cloudinary.com/dfqzmnlga/image/upload/v1781934214/2026-06-20/11176272.jpg,Candy bags,Sweet treat bags with a twist—flavors that make your heart skip a beat! 🍬✨
11176275,20.0,Alparka Cola,Slik,Slikposer,1,0,ps.,Netto,https://static.tilbudsugen.dk/1st-retail/2026/26/65672/Netto262026-1_17_31x5196_2416x6842_zoom.jpg,2026-06-20,2026-06-26,https://res.cloudinary.com/dfqzmnlga/image/upload/v1781934214/2026-06-20/11176275.jpg,Candy bags,✨ Treat yourself to a bag of sweet surprises! ✨
11175989,5.0,My bite,Chokolade,Cocoa Coconut Dadelbar,1,0,stk.,Netto,https://static.tilbudsugen.dk/1st-retail/2026/26/65672/Netto262026-1_2_2292x4693_4968x6847_zoom.jpg,2026-06-20,2026-06-26,https://res.cloudinary.com/dfqzmnlga/image/upload/v1781934214/2026-06-20/11175989.jpg,Cocoa Coconut Dadelbar,"✨ Cocoa Coconut Dadelbar: The sweet, creamy joy that makes every day a little sweeter! 🌟"
11175990,5.0,My bite,Chokolade,Salty Liquorice Dadelbar,1,0,stk.,Netto,https://static.tilbudsugen.dk/1st-retail/2026/26/65672/Netto262026-1_2_2292x4693_4968x6847_zoom.jpg,2026-06-20,2026-06-26,https://res.cloudinary.com/dfqzmnlga/image/upload/v1781934215/2026-06-20/11175990.jpg,Salty Liquorice Dadelbar,Salty Liquorice Dadelbar: The only thing that ever wins a debate about 'what’s the worst snack ever'. 🍫
11175991,5.0,My bite,Chokolade,Salty Caramel Dadelbar,1,0,stk.,Netto,https://static.tilbudsugen.dk/1st-retail/2026/26/65672/Netto262026-1_2_2292x4693_4968x6847_zoom.jpg,2026-06-20,2026-06-26,https://res.cloudinary.com/dfqzmnlga/image/upload/v1781934215/2026-06-20/11175991.jpg,Salty Caramel Datebar,"Salty caramel datebar: sweet, savory, and slightly addictive. 🍫✨"
11176253,10.0,Carletti,Slik,Brazil,1,0,ps.,Netto,https://static.tilbudsugen.dk/1st-retail/2026/26/65672/Netto262026-1_17_1645x3587_3303x5190_zoom.jpg,2026-06-20,2026-06-26,https://res.cloudinary.com/dfqzmnlga/image/upload/v1781934215/2026-06-20/11176253.jpg,Brazil,"✨ Brazil, where the sun shines bright and the flavor of the world is always in the air. ✨"
11176249,10.0,Carletti,Slik,P-Tærter Original,1,0,ps.,Netto,https://static.tilbudsugen.dk/1st-retail/2026/26/65672/Netto262026-1_17_1645x3587_3303x5190_zoom.jpg,2026-06-20,2026-06-26,https://res.cloudinary.com/dfqzmnlga/image/upload/v1781934216/2026-06-20/11176249.jpg,P-Pies Original,"P-Pies Original: Crispy, cheesy, and always the star of the kitchen—no recipe needed! 🍞"
11176251,10.0,Carletti,Slik,P-tærter Karamel,1,0,ps.,Netto,https://static.tilbudsugen.dk/1st-retail/2026/26/65672/Netto262026-1_17_1645x3587_3303x5190_zoom.jpg,2026-06-20,2026-06-26,https://res.cloudinary.com/dfqzmnlga/image/upload/v1781934216/2026-06-20/11176251.jpg,Pies Caramel,"Caramelized dreams on a plate, served with a side of sweet nostalgia 🍦✨"
11176252,10.0,Carletti,Slik,Skumbananer,1,0,ps.,Netto,https://static.tilbudsugen.dk/1st-retail/2026/26/65672/Netto262026-1_17_1645x3587_3303x5190_zoom.jpg,2026-06-20,2026-06-26,https://res.cloudinary.com/dfqzmnlga/image/upload/v1781934217/2026-06-20/11176252.jpg,Foam bananas,"Sour, sweet, and slightly salty — my vibe is all about the unexpected. 🍌✨"
11176263,17.0,Daim,Chokolade,Chokoladebar,1,0,pk.,Netto,https://static.tilbudsugen.dk/1st-retail/2026/26/65672/Netto262026-1_17_68x3550_1843x5208_zoom.jpg,2026-06-20,2026-06-26,https://res.cloudinary.com/dfqzmnlga/image/upload/v1781934217/2026-06-20/11176263.jpg,Chocolate bar,🍫 Treat yourself to a sweet escape with every bite! 🌟
11176256,17.0,Toblerone,Chokolade,Chokolade,1,0,pk.,Netto,https://static.tilbudsugen.dk/1st-retail/2026/26/65672/Netto262026-1_17_68x3550_1843x5208_zoom.jpg,2026-06-20,2026-06-26,https://res.cloudinary.com/dfqzmnlga/image/upload/v1781934218/2026-06-20/11176256.jpg,Chocolate,"I'm the sweetest chocolate, always dripping with love and temptation. 🍫"
11176266,17.0,Bubbly,Chokolade,Chokoladebar,1,0,stk.,Netto,https://static.tilbudsugen.dk/1st-retail/2026/26/65672/Netto262026-1_17_68x3550_1843x5208_zoom.jpg,2026-06-20,2026-06-26,https://res.cloudinary.com/dfqzmnlga/image/upload/v1781934218/2026-06-20/11176266.jpg,Chocolate bar,"Melted dreams and chocolate secrets, delivered with a smile. 🍫"
11176267,17.0,KEX,Chokolade,Chokoladebar,1,0,stk.,Netto,https://static.tilbudsugen.dk/1st-retail/2026/26/65672/Netto262026-1_17_68x3550_1843x5208_zoom.jpg,2026-06-20,2026-06-26,https://res.cloudinary.com/dfqzmnlga/image/upload/v1781934218/2026-06-20/11176267.jpg,Chocolate bar,✨ Treat yourself to a sweet escape with every bite! 🍫
11175976,10.0,Bakersfield,Dybfrost Brød,Hvidløgsbrød,1,0,ps.,Netto,https://static.tilbudsugen.dk/1st-retail/2026/26/65672/Netto262026-1_1_246x2898_2484x4675_zoom.jpg,2026-06-20,2026-06-26,https://res.cloudinary.com/dfqzmnlga/image/upload/v1781934219/2026-06-20/11175976.jpg,Garlic bread,"Salty, savory, and slightly smoky — the perfect companion to any meal. 🍞"
11176126,22.0,Premieur,Kartofler,Pommes Gigant,1,0,ps.,Netto,https://static.tilbudsugen.dk/1st-retail/2026/26/65672/Netto262026-1_16_70x3525_1724x5249_zoom.jpg,2026-06-20,2026-06-26,https://res.cloudinary.com/dfqzmnlga/image/upload/v1781934219/2026-06-20/11176126.jpg,Pommes Gigant,"Salty, crispy, and slightly smoky — the perfect snack for any occasion! 🍬"
11176123,14.0,Harvest Best,Frugt og bær,Jordbær,1,0,ps.,Netto,https://static.tilbudsugen.dk/1st-retail/2026/26/65672/Netto262026-1_16_3230x5127_4885x6913_zoom.jpg,2026-06-20,2026-06-26,https://res.cloudinary.com/dfqzmnlga/image/upload/v1781934219/2026-06-20/11176123.jpg,Strawberries,"Sip, savor, and sweeten every moment with a perfect strawberry. 🍓"
11176082,20.0,Navito,Fisk,Fiskepinde,1,0,pk.,Netto,https://static.tilbudsugen.dk/1st-retail/2026/26/65672/Netto262026-1_4_0x80_2416x2521_zoom.jpg,2026-06-20,2026-06-26,https://res.cloudinary.com/dfqzmnlga/image/upload/v1781934220/2026-06-20/11176082.jpg,Fish sticks,"Sunny day, sunny smile, and a little bit of fish stick magic 🍣✨"
11176122,14.0,Harvest Best,Frugt og bær,Mango i tern,1,0,ps.,Netto,https://static.tilbudsugen.dk/1st-retail/2026/26/65672/Netto262026-1_16_3230x5127_4885x6913_zoom.jpg,2026-06-20,2026-06-26,https://res.cloudinary.com/dfqzmnlga/image/upload/v1781934220/2026-06-20/11176122.jpg,Mango in cube,"Sweet, juicy, and perfectly cube-shaped — the mango that's everywhere, but never quite the same. 🍌_CUBE"
11176125,14.0,Harvest Best,Frugt og bær,Blåbær,1,0,ps.,Netto,https://static.tilbudsugen.dk/1st-retail/2026/26/65672/Netto262026-1_16_3230x5127_4885x6913_zoom.jpg,2026-06-20,2026-06-26,https://res.cloudinary.com/dfqzmnlga/image/upload/v1781934221/2026-06-20/11176125.jpg,Blueberries,"Peachy keen, always in season—blueberries, fresh and vibrant! 🍓"
11176124,14.0,Harvest Best,Frugt og bær,Hindbær,1,0,ps.,Netto,https://static.tilbudsugen.dk/1st-retail/2026/26/65672/Netto262026-1_16_3230x5127_4885x6913_zoom.jpg,2026-06-20,2026-06-26,https://res.cloudinary.com/dfqzmnlga/image/upload/v1781934221/2026-06-20/11176124.jpg,Raspberries,"Sour, sweet, and slightly messy — the perfect snack for a rainy day 🍓"
11176127,69.0,Chick N Quick,Fjerkræ,Kyllingespyd Teriyaki,1,0,ps.,Netto,https://static.tilbudsugen.dk/1st-retail/2026/26/65672/Netto262026-1_16_1637x5136_3413x6869_zoom.jpg,2026-06-20,2026-06-26,https://res.cloudinary.com/dfqzmnlga/image/upload/v1781934221/2026-06-20/11176127.jpg,Chicken spit Teriyaki,"Spit-tasty, teriyaki-chic, and always ready to grill—just don't forget to add some fire! 🍗🔥"
11176085,20.0,Navito,Rejer og andre skaldyr,Rejer,1,0,ps.,Netto,https://static.tilbudsugen.dk/1st-retail/2026/26/65672/Netto262026-1_4_0x80_2416x2521_zoom.jpg,2026-06-20,2026-06-26,https://res.cloudinary.com/dfqzmnlga/image/upload/v1781934222/2026-06-20/11176085.jpg,Shrimps and prawns,"Crunchy, juicy, and super tasty—perfect for a snappy date night! 🍤"
11176730,16.0,Sun Lolly,Frys selv,Is frys selv - Hindbær,1,8,pk.,Netto,https://static.tilbudsugen.dk/1st-retail/2026/26/65672/Netto262026-1_20_14x634_2093x2792_zoom.jpg,2026-06-20,2026-06-26,https://res.cloudinary.com/dfqzmnlga/image/upload/v1781934222/2026-06-20/11176730.jpg,Ice freeze itself - Raspberry,"❄️ Freeze yourself, but I'll always be your raspberry."
11176733,16.0,Sun Lolly,Frys selv,Is frys selv - Sour Pink,1,8,pk.,Netto,https://static.tilbudsugen.dk/1st-retail/2026/26/65672/Netto262026-1_20_14x634_2093x2792_zoom.jpg,2026-06-20,2026-06-26,https://res.cloudinary.com/dfqzmnlga/image/upload/v1781934222/2026-06-20/11176733.jpg,Ice freeze itself - Sour Pink,"❄️ Freeze your heart with a sour pink twist — I melt slowly, but you'll never forget me."
11176727,16.0,Sun Lolly,Frys selv,Is frys selv - Cola,1,8,pk.,Netto,https://static.tilbudsugen.dk/1st-retail/2026/26/65672/Netto262026-1_20_14x634_2093x2792_zoom.jpg,2026-06-20,2026-06-26,https://res.cloudinary.com/dfqzmnlga/image/upload/v1781934223/2026-06-20/11176727.jpg,Ice freeze itself - Cola,"❄️ Freeze your thoughts with a cola—ice doesn't freeze itself, but I do. 🍹"
11176726,16.0,Sun Lolly,Frys selv,Is frys selv - Jordbær,1,8,pk.,Netto,https://static.tilbudsugen.dk/1st-retail/2026/26/65672/Netto262026-1_20_14x634_2093x2792_zoom.jpg,2026-06-20,2026-06-26,https://res.cloudinary.com/dfqzmnlga/image/upload/v1781934223/2026-06-20/11176726.jpg,Ice freeze itself - Strawberry,"Strawberry ice: melt your doubts, freeze your dreams. 🍓❄️"
11176731,16.0,Sun Lolly,Frys selv,Is frys selv - Vindrue,1,8,pk.,Netto,https://static.tilbudsugen.dk/1st-retail/2026/26/65672/Netto262026-1_20_14x634_2093x2792_zoom.jpg,2026-06-20,2026-06-26,https://res.cloudinary.com/dfqzmnlga/image/upload/v1781934224/2026-06-20/11176731.jpg,Ice freeze itself - Grape,"❄️ Freeze your heart with a grape — nature's sweet, icy surprise."
11176732,16.0,Sun Lolly,Frys selv,Is frys selv - Sour Green,1,8,pk.,Netto,https://static.tilbudsugen.dk/1st-retail/2026/26/65672/Netto262026-1_20_14x634_2093x2792_zoom.jpg,2026-06-20,2026-06-26,https://res.cloudinary.com/dfqzmnlga/image/upload/v1781934224/2026-06-20/11176732.jpg,Ice freeze itself - Sour Green,❄️ Freeze your heart with a sour twist—ice that tastes like summer.
11176171,22.0,Gelato Classico,Multipak,Mini Ananas Ispinde,1,6,pk.,Netto,https://static.tilbudsugen.dk/1st-retail/2026/26/65672/Netto262026-1_6_6x4684_2447x6798_zoom.jpg,2026-06-20,2026-06-26,https://res.cloudinary.com/dfqzmnlga/image/upload/v1781934224/2026-06-20/11176171.jpg,Mini Pineapples Ipsicles,✨ Tiny tropical treats that taste like sunshine and surprise! 🌴
11176178,22.0,Gelato Classico,Multipak,Mini Mix ispinde,1,6,pk.,Netto,https://static.tilbudsugen.dk/1st-retail/2026/26/65672/Netto262026-1_6_6x4684_2447x6798_zoom.jpg,2026-06-20,2026-06-26,https://res.cloudinary.com/dfqzmnlga/image/upload/v1781934225/2026-06-20/11176178.jpg,Mini Mix Popsicles,"Sip, savor, and smile—because every pop is a little joy. 🍦"
11176174,22.0,Gelato Classico,Multipak,Peanut Caramel Bars,1,6,pk.,Netto,https://static.tilbudsugen.dk/1st-retail/2026/26/65672/Netto262026-1_6_6x4684_2447x6798_zoom.jpg,2026-06-20,2026-06-26,https://res.cloudinary.com/dfqzmnlga/image/upload/v1781934225/2026-06-20/11176174.jpg,Peanut Caramel Bars,✨ Peanut Caramel Bars that melt in your mouth and make your heart skip a beat! 🌟
11176175,22.0,Gelato Classico,Multipak,Karamel Crunch Ispinde,1,6,pk.,Netto,https://static.tilbudsugen.dk/1st-retail/2026/26/65672/Netto262026-1_6_6x4684_2447x6798_zoom.jpg,2026-06-20,2026-06-26,https://res.cloudinary.com/dfqzmnlga/image/upload/v1781934225/2026-06-20/11176175.jpg,Caramel Crunch Ispine,"✨ Crunchy, sweet, and slightly spicy — the perfect twist on a classic! ✨"
11176173,22.0,Gelato Classico,Multipak,Almond Milk Chocolate Ispinde,1,6,pk.,Netto,https://static.tilbudsugen.dk/1st-retail/2026/26/65672/Netto262026-1_6_6x4684_2447x6798_zoom.jpg,2026-06-20,2026-06-26,https://res.cloudinary.com/dfqzmnlga/image/upload/v1781934226/2026-06-20/11176173.jpg,Almond Milk Chocolate Ispine,"✨ Chocoholic with a twist—sweet, creamy, and slightly nutty. 🍫"
11169175,27.0,Premier,Multipak,Astronaut ispinde,1,6,pk.,Netto,https://static.tilbudsugen.dk/1st-retail/2026/25/65608/Netto252026-1_9_1660x5019_3353x7237_zoom.jpg,2026-06-01,2026-06-30,https://res.cloudinary.com/dfqzmnlga/image/upload/v1781934226/2026-06-20/11169175.jpg,Astronaut Popsicle,🚀 Cosmic treat that melts in your mouth and leaves you floating with joy!
11169205,27.0,Premier,Multipak,Tuborg Squash ispinde,1,5,pk.,Netto,https://static.tilbudsugen.dk/1st-retail/2026/25/65608/Netto252026-1_9_1660x5019_3353x7237_zoom.jpg,2026-06-01,2026-06-30,https://res.cloudinary.com/dfqzmnlga/image/upload/v1781934227/2026-06-20/11169205.jpg,Tuborg Squash Popsicle,"Sip on the sweetest treat, one popsicle at a time! 🍦"
11169159,27.0,Premier,Multipak,Isbjørn ispinde,1,5,pk.,Netto,https://static.tilbudsugen.dk/1st-retail/2026/25/65608/Netto252026-1_9_1660x5019_3353x7237_zoom.jpg,2026-06-01,2026-06-30,https://res.cloudinary.com/dfqzmnlga/image/upload/v1781934227/2026-06-20/11169159.jpg,Polar bear icebergs,"❄️ Arctic icebergs, melting in a sea of fun and frosty surprises!"
11169208,27.0,Underground,Impuls is,Ispind Strawberry Orange,1,5,pk.,Netto,https://static.tilbudsugen.dk/1st-retail/2026/25/65608/Netto252026-1_9_1660x5019_3353x7237_zoom.jpg,2026-06-01,2026-06-30,https://res.cloudinary.com/dfqzmnlga/image/upload/v1781934227/2026-06-20/11169208.jpg,Ice web Strawberry Orange,❄️🍓🍊 🍵✨
11176176,22.0,Gelato Classico,Multipak,Cookie Sandwich is,1,4,pk.,Netto,https://static.tilbudsugen.dk/1st-retail/2026/26/65672/Netto262026-1_6_6x4684_2447x6798_zoom.jpg,2026-06-20,2026-06-26,https://res.cloudinary.com/dfqzmnlga/image/upload/v1781934228/2026-06-20/11176176.jpg,Cookie Sandwich ice cream,"Sweet, salty, and creamy — my flavor is a perfect match for any day. 🍪✨"
11176179,22.0,Gelato Classico,Multipak,Classic Milk Chocolate Ispinde,1,4,pk.,Netto,https://static.tilbudsugen.dk/1st-retail/2026/26/65672/Netto262026-1_6_6x4684_2447x6798_zoom.jpg,2026-06-20,2026-06-26,https://res.cloudinary.com/dfqzmnlga/image/upload/v1781934228/2026-06-20/11176179.jpg,Classic Milk Chocolate Ice Cream,Savor the sweetest treat with a sprinkle of nostalgia — 🍦✨
11176177,22.0,Gelato Classico,Multipak,Ice Cream Sandwich is,1,4,pk.,Netto,https://static.tilbudsugen.dk/1st-retail/2026/26/65672/Netto262026-1_6_6x4684_2447x6798_zoom.jpg,2026-06-20,2026-06-26,https://res.cloudinary.com/dfqzmnlga/image/upload/v1781934228/2026-06-20/11176177.jpg,Ice Cream Sandwich is,"Chill with me, I'm the Ice Cream Sandwich — sweet, salty, and just perfect for a rainy day. 🍦"
11176172,22.0,Gelato Classico,Multipak,Salt Karamel Vafler,1,4,pk.,Netto,https://static.tilbudsugen.dk/1st-retail/2026/26/65672/Netto262026-1_6_6x4684_2447x6798_zoom.jpg,2026-06-20,2026-06-26,https://res.cloudinary.com/dfqzmnlga/image/upload/v1781934229/2026-06-20/11176172.jpg,Salt Caramel Waffles,✨ Salt Caramel Waffles that melt in your mouth and make your heart skip a beat! ✨
11169176,27.0,Premier,Multipak,Kæmpe Solbær ispinde,1,3,pk.,Netto,https://static.tilbudsugen.dk/1st-retail/2026/25/65608/Netto252026-1_9_1660x5019_3353x7237_zoom.jpg,2026-06-01,2026-06-30,https://res.cloudinary.com/dfqzmnlga/image/upload/v1781934229/2026-06-20/11169176.jpg,Giant Blackcurrant Popsicles,Sip on the sweetest thrill with a giant blackcurrant pop – your taste buds will never be the same! 🍓
11169218,27.0,Underground,Multipak,Isvaffel Salty Caramel,1,3,pk.,Netto,https://static.tilbudsugen.dk/1st-retail/2026/25/65608/Netto252026-1_9_1660x5019_3353x7237_zoom.jpg,2026-06-01,2026-06-30,https://res.cloudinary.com/dfqzmnlga/image/upload/v1781934230/2026-06-20/11169218.jpg,Ice cream Salty Caramel,Salty caramel ice cream that melts in your mouth and leaves you craving more. 🍦
11176712,29.97,Magnum,Is,Crackables Salted Caramel,1,0,bg.,Netto,https://static.tilbudsugen.dk/1st-retail/2026/26/65672/Netto262026-1_19_2431x4036_4933x6863_zoom.jpg,2026-06-20,2026-06-26,https://res.cloudinary.com/dfqzmnlga/image/upload/v1781934230/2026-06-20/11176712.jpg,Crackables Salted Caramel,"✨ Crackle with flavor, melt in your mouth, and never forget the sweet-salty magic of life. ✨"
11176771,8.0,Shine,Rengøringsartikler,Rengøringsservietter,1,48,pk.,Netto,https://static.tilbudsugen.dk/1st-retail/2026/26/65672/Netto262026-1_21_0x814_2445x2857_zoom.jpg,2026-06-20,2026-06-26,https://res.cloudinary.com/dfqzmnlga/image/upload/v1781934230/2026-06-20/11176771.jpg,Cleaning napkins,"✨ Wipe away the mess, leave the vibe clean—just ask me to do it! ✨"
11176440,10.0,Hello Sensitive,Rengøringsartikler,Rengøringsservietter,1,40,pk.,Netto,https://static.tilbudsugen.dk/1st-retail/2026/26/65672/Netto262026-1_22_3239x991_4824x2471_zoom.jpg,2026-06-20,2026-06-26,https://res.cloudinary.com/dfqzmnlga/image/upload/v1781934231/2026-06-20/11176440.jpg,Cleaning napkins,"✨ Clean up, refresh, and keep things spotless—just like me! ✨"
11175992,5.0,Skrald-let,Husholdningsartikler,Affaldsposer,1,10,pk.,Netto,https://static.tilbudsugen.dk/1st-retail/2026/26/65672/Netto262026-1_2_30x4645_2478x6943_zoom.jpg,2026-06-20,2026-06-26,https://res.cloudinary.com/dfqzmnlga/image/upload/v1781934231/2026-06-20/11175992.jpg,Waste bags,"🗑️ Trash talker, trash collector, trash king—wherever there's waste, I'm the boss!"
11176775,99.0,Neophos,Opvask,Maskinopvask-tabs,1,62,pk.,Netto,https://static.tilbudsugen.dk/1st-retail/2026/26/65672/Netto262026-1_21_3286x4806_4998x6848_zoom.jpg,2026-06-20,2026-06-26,https://res.cloudinary.com/dfqzmnlga/image/upload/v1781934232/2026-06-20/11176775.jpg,Machine-washing losses,✨ My favorite way to lose laundry without a laundry room! 🧹
11176445,29.0,Hello Sensitive,Vaskemiddel,Vaskemiddel-tabs,1,16,pk.,Netto,https://static.tilbudsugen.dk/1st-retail/2026/26/65672/Netto262026-1_22_1611x181_3326x2480_zoom.jpg,2026-06-20,2026-06-26,https://res.cloudinary.com/dfqzmnlga/image/upload/v1781934232/2026-06-20/11176445.jpg,Laundry loss,"Washed clean, but still lost the laundry—because sometimes the clothes just don't stay put. 💩"
11176226,25.0,,Husholdningsartikler,Sugerør,1,8,pk.,Netto,https://static.tilbudsugen.dk/1st-retail/2026/26/65672/Netto262026-1_28_122x5084_1976x6887_zoom.jpg,2026-06-20,2026-06-26,https://res.cloudinary.com/dfqzmnlga/image/upload/v1781934232/2026-06-20/11176226.jpg,Suction tubes,✨ Suction tubes: the silent heroes of cleaning chaos! 🌟
11176444,12.0,Hello Sensitive,Skyllemiddel,Skyllemiddel,1,1,fl.,Netto,https://static.tilbudsugen.dk/1st-retail/2026/26/65672/Netto262026-1_22_3265x2489_4911x4648_zoom.jpg,2026-06-20,2026-06-26,https://res.cloudinary.com/dfqzmnlga/image/upload/v1781934233/2026-06-20/11176444.jpg,Sliding agent,"✨ Sliding agent – makes things slide, but never slide away! 🛋️"
11176098,20.0,Klorin,Rengøringsmidler,Klor,1,1,fl.,Netto,https://static.tilbudsugen.dk/1st-retail/2026/26/65672/Netto262026-1_4_36x4645_2502x6883_zoom.jpg,2026-06-20,2026-06-26,https://res.cloudinary.com/dfqzmnlga/image/upload/v1781934233/2026-06-20/11176098.jpg,Chlorine,Clarity. Disinfecting the air. 🧼
11176451,59.0,Hello Sensitive,Vaskemiddel,Vaskepulver,1,4,pk.,Netto,https://static.tilbudsugen.dk/1st-retail/2026/26/65672/Netto262026-1_22_61x4718_1750x6808_zoom.jpg,2026-06-20,2026-06-26,https://res.cloudinary.com/dfqzmnlga/image/upload/v1781934234/2026-06-20/11176451.jpg,Washing powder,Wash your doubts away with a splash of confidence 🧼
11176447,10.0,Hello Sensitive,Opvask,Opvaskemiddel,1,0,fl.,Netto,https://static.tilbudsugen.dk/1st-retail/2026/26/65672/Netto262026-1_22_70x2672_1707x4675_zoom.jpg,2026-06-20,2026-06-26,https://res.cloudinary.com/dfqzmnlga/image/upload/v1781934234/2026-06-20/11176447.jpg,Dishwasher,"✨ Washes dishes, but never gets tired—just needs a break! ✨"
11176154,15.0,Hello Sensitive,Vaskemiddel,Vaskemiddel-flydende,1,0,fl.,Netto,https://static.tilbudsugen.dk/1st-retail/2026/26/65672/Netto262026-1_6_2412x2466_4944x4675_zoom.jpg,2026-06-20,2026-06-26,https://res.cloudinary.com/dfqzmnlga/image/upload/v1781934235/2026-06-20/11176154.jpg,Laundry liquid,"✨ Clean your clothes, clean your vibe, and keep things fresh—because even laundry needs a little spark! ✨"
11176778,10.0,Vel,Opvask,Opvaskemiddel,1,0,fl.,Netto,https://static.tilbudsugen.dk/1st-retail/2026/26/65672/Netto262026-1_21_22x4835_1676x6841_zoom.jpg,2026-06-20,2026-06-26,https://res.cloudinary.com/dfqzmnlga/image/upload/v1781934235/2026-06-20/11176778.jpg,Dishwasher,"Wash the dishes, clean the mess, and leave the world sparkling — because I'm the hero of the kitchen! 💦"
11176089,20.0,Glass Multi Action,Rengøringsmidler,Rengøring - glas,1,0,stk.,Netto,https://static.tilbudsugen.dk/1st-retail/2026/26/65672/Netto262026-1_4_36x4645_2502x6883_zoom.jpg,2026-06-20,2026-06-26,https://res.cloudinary.com/dfqzmnlga/image/upload/v1781934236/2026-06-20/11176089.jpg,Cleaning - glass,"Polish surfaces with precision, one spot at a time. ✨"
11176096,20.0,Klorin,Rengøringsmidler,WC-rens,1,0,stk.,Netto,https://static.tilbudsugen.dk/1st-retail/2026/26/65672/Netto262026-1_4_36x4645_2502x6883_zoom.jpg,2026-06-20,2026-06-26,https://res.cloudinary.com/dfqzmnlga/image/upload/v1781934236/2026-06-20/11176096.jpg,WC-cleansing,"Washing clean, always. 🧼"
11176448,20.0,Hello Sensitive,Vaskemiddel,Vaskemiddel-flydende,1,0,fl.,Netto,https://static.tilbudsugen.dk/1st-retail/2026/26/65672/Netto262026-1_22_3274x4762_4885x6808_zoom.jpg,2026-06-20,2026-06-26,https://res.cloudinary.com/dfqzmnlga/image/upload/v1781934236/2026-06-20/11176448.jpg,Laundry liquid,"✨ Washes clothes with a little flair, leaving them sparkling and ready to shine! ✨"
11176449,20.0,Hello Sensitive,Vaskemiddel,Vaskemiddel-flydende,1,0,fl.,Netto,https://static.tilbudsugen.dk/1st-retail/2026/26/65672/Netto262026-1_22_1672x4709_3291x6765_zoom.jpg,2026-06-20,2026-06-26,https://res.cloudinary.com/dfqzmnlga/image/upload/v1781934237/2026-06-20/11176449.jpg,Laundry liquid,"Ditch the mess, clean the chaos — just add me. 🧼"
11176094,20.0,Ajax,Rengøringsmidler,Rengøring - universal,1,0,fl.,Netto,https://static.tilbudsugen.dk/1st-retail/2026/26/65672/Netto262026-1_4_36x4645_2502x6883_zoom.jpg,2026-06-20,2026-06-26,https://res.cloudinary.com/dfqzmnlga/image/upload/v1781934237/2026-06-20/11176094.jpg,Cleaning - universal,"✨ Clean vibes, clean vibes, clean vibes. ✨"
11176446,15.0,Hello Sensitive,Opvask,Opvaskemiddel,1,0,fl.,Netto,https://static.tilbudsugen.dk/1st-retail/2026/26/65672/Netto262026-1_22_1628x2497_3317x4657_zoom.jpg,2026-06-20,2026-06-26,https://res.cloudinary.com/dfqzmnlga/image/upload/v1781934237/2026-06-20/11176446.jpg,Dishwasher,"✨ Clean up the mess, one cycle at a time! 🧼"
11176193,25.0,,Luftfrisker,Luftfrisker,1,0,stk.,Netto,https://static.tilbudsugen.dk/1st-retail/2026/26/65672/Netto262026-1_27_104x59_1985x2402_zoom.jpg,2026-06-20,2026-06-26,https://res.cloudinary.com/dfqzmnlga/image/upload/v1781934238/2026-06-20/11176193.jpg,Air freshener,"✨ Smells like a fresh start, but I'm just a little too enthusiastic to stay put. ✨"
11169296,10.0,,Papir,Servietter,1,20,pk.,Netto,https://static.tilbudsugen.dk/1st-retail/2026/25/65608/Netto252026-1_32_2496x2136_4854x3480_zoom.jpg,2026-06-13,2026-07-24,https://res.cloudinary.com/dfqzmnlga/image/upload/v1781934238/2026-06-20/11169296.jpg,Napkins and napkin liners for babies,"Soft, gentle napkins and liners for little ones, keeping them comfy and clean—just like a hug. 🌟"
11176422,30.0,,Stearinlys,Glaslys,1,0,stk.,Netto,https://static.tilbudsugen.dk/1st-retail/2026/26/65672/Netto262026-1_24_1419x4013_2804x5328_zoom.jpg,2026-06-20,2026-06-26,https://res.cloudinary.com/dfqzmnlga/image/upload/v1781934239/2026-06-20/11176422.jpg,Glass lights,✨ Glow up your space with a touch of magic—glass lights that light the way! ✨
11169282,30.0,,Stearinlys,Glaslys,1,0,stk.,Netto,https://static.tilbudsugen.dk/1st-retail/2026/25/65608/Netto252026-1_31_1458x4045_2826x5353_zoom.jpg,2026-06-13,2026-07-24,https://res.cloudinary.com/dfqzmnlga/image/upload/v1781934239/2026-06-20/11169282.jpg,Glass lights,✨ Glow up your space with a touch of magic! ✨
11176777,99.0,Bodylab,Kosttilskud,Træningstilskud,1,0,ps.,Netto,https://static.tilbudsugen.dk/1st-retail/2026/26/65672/Netto262026-1_21_1410x4827_3308x6827_zoom.jpg,2026-06-20,2026-06-26,https://res.cloudinary.com/dfqzmnlga/image/upload/v1781934239/2026-06-20/11176777.jpg,Training grants,"Training grants: unlock your potential, one step at a time. 🎯"
11176785,25.0,Zendium,Tandpleje,Tandbørste,1,2,pk.,Netto,https://static.tilbudsugen.dk/1st-retail/2026/26/65672/Netto262026-1_21_2481x800_4962x2950_zoom.jpg,2026-06-20,2026-06-26,https://res.cloudinary.com/dfqzmnlga/image/upload/v1781934240/2026-06-20/11176785.jpg,Toothbrush,"Brushing away doubts, one clean swipe at a time 🧼"
11176026,10.0,XHC,Shampoo,Shampoo,1,0,fl.,Netto,https://static.tilbudsugen.dk/1st-retail/2026/26/65672/Netto262026-1_3_2428x4629_4998x6805_zoom.jpg,2026-06-20,2026-06-26,https://res.cloudinary.com/dfqzmnlga/image/upload/v1781934240/2026-06-20/11176026.jpg,Shampoo,"✨ Shine bright, rinse clean, and let your hair do the talking! ✨"
11176028,10.0,XHC,Balsam,Balsam,1,0,stk.,Netto,https://static.tilbudsugen.dk/1st-retail/2026/26/65672/Netto262026-1_3_2428x4629_4998x6805_zoom.jpg,2026-06-20,2026-06-26,https://res.cloudinary.com/dfqzmnlga/image/upload/v1781934240/2026-06-20/11176028.jpg,Balsam,"✨ A sweet, soothing balm that heals and comforts, perfect for any moment. ✨"
11176008,10.0,Imperial Leather,"Sæbe, bad, dusch",Bodyshampoo,1,0,stk.,Netto,https://static.tilbudsugen.dk/1st-retail/2026/26/65672/Netto262026-1_3_2428x4629_4998x6805_zoom.jpg,2026-06-20,2026-06-26,https://res.cloudinary.com/dfqzmnlga/image/upload/v1781934241/2026-06-20/11176008.jpg,Body shampoo,"Lather up, shine, and keep it fresh—because my job is to make you feel like a champion! 🧴✨"
11176029,10.0,,Deodorant,Deospray,1,0,stk.,Netto,https://static.tilbudsugen.dk/1st-retail/2026/26/65672/Netto262026-1_3_2428x4629_4998x6805_zoom.jpg,2026-06-20,2026-06-26,https://res.cloudinary.com/dfqzmnlga/image/upload/v1781934241/2026-06-20/11176029.jpg,Deospray,✨ Spray that smell away!
11176790,20.0,Head&Shoulders,Shampoo,Shampoo,1,0,stk.,Netto,https://static.tilbudsugen.dk/1st-retail/2026/26/65672/Netto262026-1_21_0x2885_2495x4871_zoom.jpg,2026-06-20,2026-06-26,https://res.cloudinary.com/dfqzmnlga/image/upload/v1781934242/2026-06-20/11176790.jpg,Shampoo,"✨ Shine bright, wash your hair, and let your style do the talking! ✨"
11176787,20.0,TreSemmé,Shampoo,Shampoo,1,0,stk.,Netto,https://static.tilbudsugen.dk/1st-retail/2026/26/65672/Netto262026-1_21_0x2885_2495x4871_zoom.jpg,2026-06-20,2026-06-26,https://res.cloudinary.com/dfqzmnlga/image/upload/v1781934243/2026-06-20/11176787.jpg,Shampoo,Garnish your day with a splash of shine ✨
11176327,20.0,,Diverse,Hårprodukter,1,0,stk.,Netto,https://static.tilbudsugen.dk/1st-retail/2026/26/65672/Netto262026-1_31_3431x303_4806x2741_zoom.jpg,2026-06-20,2026-06-26,https://res.cloudinary.com/dfqzmnlga/image/upload/v1781934243/2026-06-20/11176327.jpg,Hair products,Tired of looking like a mess? I’m the hair product that keeps you looking sharp—no matter the situation. 🧴✨
11176774,39.0,Monday,Shampoo,Shampoo,1,0,stk.,Netto,https://static.tilbudsugen.dk/1st-retail/2026/26/65672/Netto262026-1_21_2452x3029_4991x4813_zoom.jpg,2026-06-20,2026-06-26,https://res.cloudinary.com/dfqzmnlga/image/upload/v1781934243/2026-06-20/11176774.jpg,Shampoo,"✨ Shine bright, wash away worries, and let your hair do the talking. ✨"
11176773,39.0,Monday,Balsam,Balsam,1,0,stk.,Netto,https://static.tilbudsugen.dk/1st-retail/2026/26/65672/Netto262026-1_21_2452x3029_4991x4813_zoom.jpg,2026-06-20,2026-06-26,https://res.cloudinary.com/dfqzmnlga/image/upload/v1781934244/2026-06-20/11176773.jpg,Balsam,✨ A fragrant whisper that lifts the soul and brings warmth to every moment. ✨
11176786,20.0,Axe,Deodorant,Deospray,1,0,stk.,Netto,https://static.tilbudsugen.dk/1st-retail/2026/26/65672/Netto262026-1_21_0x2885_2495x4871_zoom.jpg,2026-06-20,2026-06-26,https://res.cloudinary.com/dfqzmnlga/image/upload/v1781934244/2026-06-20/11176786.jpg,Deospray,✨ Deospray: The scent that makes your day just a little bit more magical. ✨
11176030,10.0,Fondànt,Deodorant,Bodymist,1,0,stk.,Netto,https://static.tilbudsugen.dk/1st-retail/2026/26/65672/Netto262026-1_3_2428x4629_4998x6805_zoom.jpg,2026-06-20,2026-06-26,https://res.cloudinary.com/dfqzmnlga/image/upload/v1781934244/2026-06-20/11176030.jpg,Bodymist,"✨ Spray your day with fresh, zesty energy and confidence—Bodymist makes every step shine! ✨"
11176037,10.0,Fondànt,Bodylotion,Bodyoil,1,0,stk.,Netto,https://static.tilbudsugen.dk/1st-retail/2026/26/65672/Netto262026-1_3_2428x4629_4998x6805_zoom.jpg,2026-06-20,2026-06-26,https://res.cloudinary.com/dfqzmnlga/image/upload/v1781934245/2026-06-20/11176037.jpg,Bodyoil,"✨ Glow up, glow out, and glow forever with my bodyoil—because a little spark is always a good thing. ✨"
11176783,25.0,Zendium,Tandpleje,Tandpasta,1,0,pk.,Netto,https://static.tilbudsugen.dk/1st-retail/2026/26/65672/Netto262026-1_21_2481x800_4962x2950_zoom.jpg,2026-06-20,2026-06-26,https://res.cloudinary.com/dfqzmnlga/image/upload/v1781934245/2026-06-20/11176783.jpg,Toothpaste,"Glow up, teeth! 🍽️"
11176328,20.0,,Diverse,Rejsesæt,1,0,stk.,Netto,https://static.tilbudsugen.dk/1st-retail/2026/26/65672/Netto262026-1_31_226x198_3492x2759_zoom.jpg,2026-06-20,2026-06-26,https://res.cloudinary.com/dfqzmnlga/image/upload/v1781934245/2026-06-20/11176328.jpg,Travel sets,"✈️ Travel sets for adventures, not just for the skies. 🌍✨"
11176424,10.0,,Bånd/papir,Gavepapir,1,3,stk.,Netto,https://static.tilbudsugen.dk/1st-retail/2026/26/65672/Netto262026-1_24_122x4091_1480x6904_zoom.jpg,2026-06-20,2026-06-26,https://res.cloudinary.com/dfqzmnlga/image/upload/v1781934246/2026-06-20/11176424.jpg,Gift paper,"Wrap presents in joy, one gift at a time 🎁"
11169262,10.0,,Bånd/papir,Gavepapir,1,3,stk.,Netto,https://static.tilbudsugen.dk/1st-retail/2026/25/65608/Netto252026-1_31_54x4171_1530x7048_zoom.jpg,2026-06-13,2026-07-24,https://res.cloudinary.com/dfqzmnlga/image/upload/v1781934246/2026-06-20/11169262.jpg,Gift paper,"Wrap gifts in joy, wrap dreams in paper — 🎁"
11169298,20.0,,Boligtekstiler,Dækkeserviet,1,4,pk.,Netto,https://static.tilbudsugen.dk/1st-retail/2026/25/65608/Netto252026-1_32_54x3330_2430x4969_zoom.jpg,2026-06-13,2026-07-24,https://res.cloudinary.com/dfqzmnlga/image/upload/v1781934247/2026-06-20/11169298.jpg,Table swab,Clean up your table with a swipe — and maybe a little extra flair. 🧼✨
11176286,20.0,,Vin og Bar,Vinprop,1,2,pk.,Netto,https://static.tilbudsugen.dk/1st-retail/2026/26/65672/Netto262026-1_29_226x5040_2290x6782_zoom.jpg,2026-06-20,2026-06-26,https://res.cloudinary.com/dfqzmnlga/image/upload/v1781934247/2026-06-20/11176286.jpg,Wine cork,"✨ Unzip the moments, one cork at a time. 🍷"
11176322,25.0,,Opbevaring,Opbevaringskasse,1,2,stk.,Netto,https://static.tilbudsugen.dk/1st-retail/2026/26/65672/Netto262026-1_31_1698x4701_4754x6791_zoom.jpg,2026-06-20,2026-06-26,https://res.cloudinary.com/dfqzmnlga/image/upload/v1781934247/2026-06-20/11176322.jpg,Storage box,"📦 Treasure chest of secrets, ready to hold all your adventures! 🛋️"
11176293,40.0,,Køkkenartikler,Opbevaringsglas,1,3,pk.,Netto,https://static.tilbudsugen.dk/1st-retail/2026/26/65672/Netto262026-1_30_287x4257_3265x5310_zoom.jpg,2026-06-20,2026-06-26,https://res.cloudinary.com/dfqzmnlga/image/upload/v1781934248/2026-06-20/11176293.jpg,Storage glass,Transparent treasure chest for your most important stuff 📦✨
11169293,50.0,,Boligtekstiler,Viskestykke,1,2,pk.,Netto,https://static.tilbudsugen.dk/1st-retail/2026/25/65608/Netto252026-1_32_288x702_2442x3336_zoom.jpg,2026-06-13,2026-07-24,https://res.cloudinary.com/dfqzmnlga/image/upload/v1781934248/2026-06-20/11169293.jpg,Teapot,"Sip, savor, and share—my purpose is to brew joy into every cup. ☕️"
11176409,40.0,Disney,Køkkenartikler,Drikkedunk,1,1,stk.,Netto,https://static.tilbudsugen.dk/1st-retail/2026/26/65672/Netto262026-1_25_130x102_4789x2550_zoom.jpg,2026-06-20,2026-06-26,https://res.cloudinary.com/dfqzmnlga/image/upload/v1781934249/2026-06-20/11176409.jpg,Drinking bottle,"✨ Always ready for a refresh, whether it's a sip or a spark of inspiration! ✨"
11159419,40.0,Disney,Køkkenartikler,Drikkedunk,1,1,stk.,Netto,https://static.tilbudsugen.dk/1st-retail/2026/24/65561/Netto232026-1_29_72x126_4794x2472_zoom.jpg,2026-06-06,2026-07-17,https://res.cloudinary.com/dfqzmnlga/image/upload/v1781934249/2026-06-20/11159419.jpg,Drinking bottle,"✨ Always ready for a drink, whether it's a sip or a splash! ✨"
11159420,40.0,Marvel,Køkkenartikler,Drikkedunk,1,1,stk.,Netto,https://static.tilbudsugen.dk/1st-retail/2026/24/65561/Netto232026-1_29_72x126_4794x2472_zoom.jpg,2026-06-06,2026-07-17,https://res.cloudinary.com/dfqzmnlga/image/upload/v1781934249/2026-06-20/11159420.jpg,Drinking bottle,"💧 Keep your thirst quenched with style—always ready to drink, always ready to shine."
11176319,40.0,,Køkkenredskaber,Målebæger,1,1,stk.,Netto,https://static.tilbudsugen.dk/1st-retail/2026/26/65672/Netto262026-1_30_287x4257_3265x5310_zoom.jpg,2026-06-20,2026-06-26,https://res.cloudinary.com/dfqzmnlga/image/upload/v1781934250/2026-06-20/11176319.jpg,Measuring cup,"Hmm, what's the perfect way to measure the perfect cup of coffee? 🌟"
11176410,40.0,Marvel,Køkkenartikler,Drikkedunk,1,1,stk.,Netto,https://static.tilbudsugen.dk/1st-retail/2026/26/65672/Netto262026-1_25_130x102_4789x2550_zoom.jpg,2026-06-20,2026-06-26,https://res.cloudinary.com/dfqzmnlga/image/upload/v1781934250/2026-06-20/11176410.jpg,Drinking bottle,"""Always ready for a refreshing drink—no matter the situation. 🍸"""
11176317,40.0,,"Skåle, fade og forme",Skål,1,0,stk.,Netto,https://static.tilbudsugen.dk/1st-retail/2026/26/65672/Netto262026-1_30_287x4257_3265x5310_zoom.jpg,2026-06-20,2026-06-26,https://res.cloudinary.com/dfqzmnlga/image/upload/v1781934251/2026-06-20/11176317.jpg,Cheers.,"Raise your glass, life's too short for no celebration—Cheers! 🍷"
11176368,25.0,,Opbevaring,Opbevaringskasse,1,0,stk.,Netto,https://static.tilbudsugen.dk/1st-retail/2026/26/65672/Netto262026-1_31_1698x4701_4754x6791_zoom.jpg,2026-06-20,2026-06-26,https://res.cloudinary.com/dfqzmnlga/image/upload/v1781934251/2026-06-20/11176368.jpg,Storage box,📦 Treasure chest of forgotten memories and endless possibilities! 🛋️
11176425,99.0,,Pyntegenstande,Bordflag,1,0,stk.,Netto,https://static.tilbudsugen.dk/1st-retail/2026/26/65672/Netto262026-1_24_3762x982_4963x3821_zoom.jpg,2026-06-20,2026-06-26,https://res.cloudinary.com/dfqzmnlga/image/upload/v1781934251/2026-06-20/11176425.jpg,Table flags,"Swaggering with a flair, like a flag in the wind—no need for a grocery list, just a vibe. 🏁"
11176432,30.0,,Service,Krus,1,0,stk.,Netto,https://static.tilbudsugen.dk/1st-retail/2026/26/65672/Netto262026-1_24_183x1435_2377x3002_zoom.jpg,2026-06-20,2026-06-26,https://res.cloudinary.com/dfqzmnlga/image/upload/v1781934252/2026-06-20/11176432.jpg,Mush,Mush: The ultimate snack that turns any meal into a celebration 🍽️
11176238,40.0,,"Skåle, fade og forme",Skål,1,0,stk.,Netto,https://static.tilbudsugen.dk/1st-retail/2026/26/65672/Netto262026-1_28_244x163_4789x3586_zoom.jpg,2026-06-20,2026-06-26,https://res.cloudinary.com/dfqzmnlga/image/upload/v1781934253/2026-06-20/11176238.jpg,Cheers.,"Raise your glass, life's too short for no celebration—✨"
11176292,49.0,,Køkkenartikler,Opbevaringsboks,1,0,stk.,Netto,https://static.tilbudsugen.dk/1st-retail/2026/26/65672/Netto262026-1_30_287x2828_3326x4309_zoom.jpg,2026-06-20,2026-06-26,https://res.cloudinary.com/dfqzmnlga/image/upload/v1781934253/2026-06-20/11176292.jpg,Storage box,"📦 Treasure chest of secrets, ready to hold your dreams and your stuff! 🛍️"
11159442,149.0,Disney,Boligtekstiler,Sengesæt,1,0,stk.,Netto,https://static.tilbudsugen.dk/1st-retail/2026/24/65561/Netto232026-1_28_162x1194_2844x4249_zoom.jpg,2026-06-06,2026-07-17,https://res.cloudinary.com/dfqzmnlga/image/upload/v1781934253/2026-06-20/11159442.jpg,Bedsets,"Sleepy, cozy, and perfectly positioned—bedsets are the ultimate escape. 🛌"
11169275,30.0,,Køkkenartikler,Opbevaringsdåse,1,0,stk.,Netto,https://static.tilbudsugen.dk/1st-retail/2026/25/65608/Netto252026-1_31_1590x774_4170x2004_zoom.jpg,2026-06-13,2026-07-24,https://res.cloudinary.com/dfqzmnlga/image/upload/v1781934254/2026-06-20/11169275.jpg,Storage can,Keep your stuff in check with a dash of organizational flair 📦✨
11159418,40.0,Disney,Køkkenartikler,Madkasse,1,0,stk.,Netto,https://static.tilbudsugen.dk/1st-retail/2026/24/65561/Netto232026-1_29_72x126_4794x2472_zoom.jpg,2026-06-06,2026-07-17,https://res.cloudinary.com/dfqzmnlga/image/upload/v1781934254/2026-06-20/11159418.jpg,Box,"📦 Box of surprises, ready to open anytime. 🎉"
11159421,40.0,Marvel,Køkkenartikler,Madkasse,1,0,stk.,Netto,https://static.tilbudsugen.dk/1st-retail/2026/24/65561/Netto232026-1_29_72x126_4794x2472_zoom.jpg,2026-06-06,2026-07-17,https://res.cloudinary.com/dfqzmnlga/image/upload/v1781934255/2026-06-20/11159421.jpg,Box,"📦 Box of surprises, always ready to open. 🛒✨"
11176234,20.0,,Køkkenredskaber,Dåsetop,1,0,stk.,Netto,https://static.tilbudsugen.dk/1st-retail/2026/26/65672/Netto262026-1_28_3257x5040_4754x6817_zoom.jpg,2026-06-20,2026-06-26,https://res.cloudinary.com/dfqzmnlga/image/upload/v1781934255/2026-06-20/11176234.jpg,Cane top,"Cane top, the ultimate flavor booster, brings a dash of sweetness to any snack or treat. 🍫"
11176247,15.0,,Glas,Glas,1,0,stk.,Netto,https://static.tilbudsugen.dk/1st-retail/2026/26/65672/Netto262026-1_29_148x172_2987x3569_zoom.jpg,2026-06-20,2026-06-26,https://res.cloudinary.com/dfqzmnlga/image/upload/v1781934255/2026-06-20/11176247.jpg,Glass,"✨ Reflecting, breaking, and redefining boundaries 🌟"
11169279,99.0,,Pyntegenstande,Bordflag,1,0,stk.,Netto,https://static.tilbudsugen.dk/1st-retail/2026/25/65608/Netto252026-1_31_3954x972_4896x3960_zoom.jpg,2026-06-13,2026-07-24,https://res.cloudinary.com/dfqzmnlga/image/upload/v1781934256/2026-06-20/11169279.jpg,Table flags,"Swaggering with a flair, like a flag in the wind—no need for a grocery list, just a vibe. 🎉"
11169302,69.0,,Boligtekstiler,Voksdug,1,0,stk.,Netto,https://static.tilbudsugen.dk/1st-retail/2026/25/65608/Netto252026-1_32_2400x3360_4728x6505_zoom.jpg,2026-06-13,2026-07-24,https://res.cloudinary.com/dfqzmnlga/image/upload/v1781934256/2026-06-20/11169302.jpg,Waxing cloth,"✨ Unwind with a touch of luxury—waxing like a queen, one swipe at a time. ✨"
11176244,99.0,,"Skåle, fade og forme",Kageopsats,1,0,stk.,Netto,https://static.tilbudsugen.dk/1st-retail/2026/26/65672/Netto262026-1_28_244x163_4789x3586_zoom.jpg,2026-06-20,2026-06-26,https://res.cloudinary.com/dfqzmnlga/image/upload/v1781934256/2026-06-20/11176244.jpg,Cake Cake Cake Cake Cake Cake Cake Cake Cake Cake Cake Cake Cake Cake Cake Cake Cake Cake Cake,"🍰 Cake so delicious, it's a masterpiece! 🍰"
11176264,25.0,,Køkkenredskaber,Isterningebakke,1,0,pk.,Netto,https://static.tilbudsugen.dk/1st-retail/2026/26/65672/Netto262026-1_29_244x3560_1759x5101_zoom.jpg,2026-06-20,2026-06-26,https://res.cloudinary.com/dfqzmnlga/image/upload/v1781934257/2026-06-20/11176264.jpg,Ice cube tray,"❄️ Freeze your ideas, one ice cube at a time."
11176296,30.0,,Køkkenartikler,Si,1,0,sp.,Netto,https://static.tilbudsugen.dk/1st-retail/2026/26/65672/Netto262026-1_30_3317x5328_4763x6834_zoom.jpg,2026-06-20,2026-06-26,https://res.cloudinary.com/dfqzmnlga/image/upload/v1781934257/2026-06-20/11176296.jpg,Si,Si? I'm the quiet spark that lights up your day with a twist of curiosity and a dash of mischief. 🌟
11176298,99.0,,Boligartikler,Kurv,1,0,stk.,Netto,https://static.tilbudsugen.dk/1st-retail/2026/26/65672/Netto262026-1_30_1698x5354_3326x6747_zoom.jpg,2026-06-20,2026-06-26,https://res.cloudinary.com/dfqzmnlga/image/upload/v1781934258/2026-06-20/11176298.jpg,Basket,"✨ Carry the world in my hands, one item at a time. ✨"
11176304,50.0,,Køkkenartikler,Fluenet,1,0,stk.,Netto,https://static.tilbudsugen.dk/1st-retail/2026/26/65672/Netto262026-1_30_2055x129_4789x2898_zoom.jpg,2026-06-20,2026-06-26,https://res.cloudinary.com/dfqzmnlga/image/upload/v1781934258/2026-06-20/11176304.jpg,Fluene,Fluene: The flavor that turns everyday moments into unforgettable memories 🌟
11159350,149.0,Disney,Boligtekstiler,Sengesæt,1,0,stk.,Netto,https://static.tilbudsugen.dk/1st-retail/2026/24/65561/Netto232026-1_26_144x786_2574x4495_zoom.jpg,2026-06-06,2026-07-17,https://res.cloudinary.com/dfqzmnlga/image/upload/v1781934259/2026-06-20/11159350.jpg,Bedsets,"🌙 Sleepy sleepers, ready to dream big — bedsets keep you grounded and refreshed. 🛌"
11159443,79.0,Disney,Boligtekstiler,Håndklæde,1,0,stk.,Netto,https://static.tilbudsugen.dk/1st-retail/2026/24/65561/Netto232026-1_28_2838x2238_4794x4465_zoom.jpg,2026-06-06,2026-07-17,https://res.cloudinary.com/dfqzmnlga/image/upload/v1781934259/2026-06-20/11159443.jpg,Towel,"Soft and versatile, I'm the perfect companion for any adventure — whether it's a quick wipe or a cozy retreat. 🧴"
11169273,30.0,,Service,Krus,1,0,stk.,Netto,https://static.tilbudsugen.dk/1st-retail/2026/25/65608/Netto252026-1_31_126x1314_2322x3012_zoom.jpg,2026-06-13,2026-07-24,https://res.cloudinary.com/dfqzmnlga/image/upload/v1781934259/2026-06-20/11169273.jpg,Mush,"Mush: the soft, squishy, and sometimes mysterious companion in your life. 🧁"
11176181,30.0,,Diverse isenkram og boligindretning,Nakkepude,1,0,stk.,Netto,https://static.tilbudsugen.dk/1st-retail/2026/26/65672/Netto262026-1_27_2917x4657_4894x6756_zoom.jpg,2026-06-20,2026-06-26,https://res.cloudinary.com/dfqzmnlga/image/upload/v1781934260/2026-06-20/11176181.jpg,Neck cushion,✨ Stay comfy on your neck with our soft cushion! ✨
11176230,30.0,,"Skåle, fade og forme",Skål,1,0,stk.,Netto,https://static.tilbudsugen.dk/1st-retail/2026/26/65672/Netto262026-1_28_244x163_4789x3586_zoom.jpg,2026-06-20,2026-06-26,https://res.cloudinary.com/dfqzmnlga/image/upload/v1781934260/2026-06-20/11176230.jpg,Cheers.,"Raise your glass, life's too short for no celebration 🍷"
11176269,20.0,,Vin og Bar,Målebæger,1,0,stk.,Netto,https://static.tilbudsugen.dk/1st-retail/2026/26/65672/Netto262026-1_29_226x5040_2290x6782_zoom.jpg,2026-06-20,2026-06-26,https://res.cloudinary.com/dfqzmnlga/image/upload/v1781934260/2026-06-20/11176269.jpg,Measuring cup,"✨ Measure, mix, and conquer! ✨"
11176283,20.0,,Køkkenartikler,Citruspresser,1,0,stk.,Netto,https://static.tilbudsugen.dk/1st-retail/2026/26/65672/Netto262026-1_29_226x5040_2290x6782_zoom.jpg,2026-06-20,2026-06-26,https://res.cloudinary.com/dfqzmnlga/image/upload/v1781934261/2026-06-20/11176283.jpg,Citrus presses,"Citrus presses: Turn boring into bright, one squeeze at a time 🍊"
11176369,30.0,,Opbevaring,Opbevaringskasse,1,0,stk.,Netto,https://static.tilbudsugen.dk/1st-retail/2026/26/65672/Netto262026-1_31_1698x4701_4754x6791_zoom.jpg,2026-06-20,2026-06-26,https://res.cloudinary.com/dfqzmnlga/image/upload/v1781934261/2026-06-20/11176369.jpg,Storage box,📦 Treasure chest of forgotten memories and endless possibilities 🛍️
11176407,40.0,Disney,Køkkenartikler,Madkasse,1,0,stk.,Netto,https://static.tilbudsugen.dk/1st-retail/2026/26/65672/Netto262026-1_25_130x102_4789x2550_zoom.jpg,2026-06-20,2026-06-26,https://res.cloudinary.com/dfqzmnlga/image/upload/v1781934261/2026-06-20/11176407.jpg,Box,"📦✨ One box, infinite possibilities! 🎉"
11169272,59.0,,Pyntegenstande,Lyshus,1,0,stk.,Netto,https://static.tilbudsugen.dk/1st-retail/2026/25/65608/Netto252026-1_31_114x2646_2790x4159_zoom.jpg,2026-06-13,2026-07-24,https://res.cloudinary.com/dfqzmnlga/image/upload/v1781934262/2026-06-20/11169272.jpg,Lighthouse,✨ Lighthouse: Guiding through the chaos with a steady light. 🌟
11159453,79.0,Marvel,Boligtekstiler,Håndklæde,1,0,stk.,Netto,https://static.tilbudsugen.dk/1st-retail/2026/24/65561/Netto232026-1_27_150x1524_1926x3660_zoom.jpg,2026-06-06,2026-07-17,https://res.cloudinary.com/dfqzmnlga/image/upload/v1781934262/2026-06-20/11159453.jpg,Towel,"Sponge-dry the day, but never the mood. 🧊"
11159457,149.0,Marvel,Boligtekstiler,Sengesæt,1,0,stk.,Netto,https://static.tilbudsugen.dk/1st-retail/2026/24/65561/Netto232026-1_27_2802x1320_4944x4975_zoom.jpg,2026-06-06,2026-07-17,https://res.cloudinary.com/dfqzmnlga/image/upload/v1781934263/2026-06-20/11159457.jpg,Bedsets,🌙 Sleepy queen with a cozy bedset and a dreamy smile 🛌
11176239,40.0,,Service,Tallerken,1,0,stk.,Netto,https://static.tilbudsugen.dk/1st-retail/2026/26/65672/Netto262026-1_28_244x163_4789x3586_zoom.jpg,2026-06-20,2026-06-26,https://res.cloudinary.com/dfqzmnlga/image/upload/v1781934263/2026-06-20/11176239.jpg,Plate,"Plate: The perfect surface to hold all your dreams, one bite at a time. 🍽️"
11176276,15.0,,Køkkenartikler,Flaske,1,0,stk.,Netto,https://static.tilbudsugen.dk/1st-retail/2026/26/65672/Netto262026-1_29_148x172_2987x3569_zoom.jpg,2026-06-20,2026-06-26,https://res.cloudinary.com/dfqzmnlga/image/upload/v1781934263/2026-06-20/11176276.jpg,Bottle,"✨ One bottle, full of adventures and surprises! 🍹"
11176289,20.0,,Køkkenredskaber,Morter,1,0,stk.,Netto,https://static.tilbudsugen.dk/1st-retail/2026/26/65672/Netto262026-1_29_226x5040_2290x6782_zoom.jpg,2026-06-20,2026-06-26,https://res.cloudinary.com/dfqzmnlga/image/upload/v1781934264/2026-06-20/11176289.jpg,Morter,"Morter: The kitchen's tiny superhero, turning tiny grains into big meals. 🌾✨"
11176306,40.0,,Boligartikler,Kurv,1,0,stk.,Netto,https://static.tilbudsugen.dk/1st-retail/2026/26/65672/Netto262026-1_30_191x695_2508x2820_zoom.jpg,2026-06-20,2026-06-26,https://res.cloudinary.com/dfqzmnlga/image/upload/v1781934264/2026-06-20/11176306.jpg,Basket,"✨ Carry everything you need, one basket at a time! ✨"
11176370,40.0,,Opbevaring,Opbevaringskasse,1,0,stk.,Netto,https://static.tilbudsugen.dk/1st-retail/2026/26/65672/Netto262026-1_31_1698x4701_4754x6791_zoom.jpg,2026-06-20,2026-06-26,https://res.cloudinary.com/dfqzmnlga/image/upload/v1781934265/2026-06-20/11176370.jpg,Storage box,📦 Treasure chest of forgotten memories and endless possibilities! 🛍️
11176411,40.0,Marvel,Køkkenartikler,Madkasse,1,0,stk.,Netto,https://static.tilbudsugen.dk/1st-retail/2026/26/65672/Netto262026-1_25_130x102_4789x2550_zoom.jpg,2026-06-20,2026-06-26,https://res.cloudinary.com/dfqzmnlga/image/upload/v1781934265/2026-06-20/11176411.jpg,Box,"📦 Box of surprises, always ready to open! 🌟"
11176416,30.0,,"Billeder, plakater mm.",Billedramme,1,0,stk.,Netto,https://static.tilbudsugen.dk/1st-retail/2026/26/65672/Netto262026-1_24_2412x4849_4963x6643_zoom.jpg,2026-06-20,2026-06-26,https://res.cloudinary.com/dfqzmnlga/image/upload/v1781934266/2026-06-20/11176416.jpg,Image Frame,"📸 Framing memories, one photo at a time. 📸"
11176418,40.0,,"Billeder, plakater mm.",Billedramme,1,0,stk.,Netto,https://static.tilbudsugen.dk/1st-retail/2026/26/65672/Netto262026-1_24_2412x4849_4963x6643_zoom.jpg,2026-06-20,2026-06-26,https://res.cloudinary.com/dfqzmnlga/image/upload/v1781934266/2026-06-20/11176418.jpg,Image Frame,"📸 Framing memories, one shot at a time. 📸"
11176427,59.0,,Pyntegenstande,Lyshus,1,0,stk.,Netto,https://static.tilbudsugen.dk/1st-retail/2026/26/65672/Netto262026-1_24_70x2567_2943x4152_zoom.jpg,2026-06-20,2026-06-26,https://res.cloudinary.com/dfqzmnlga/image/upload/v1781934267/2026-06-20/11176427.jpg,Lighthouse,"✨Lighthouse: Guiding the way through the chaos, one light at a time. 🌟"
11176430,30.0,,Køkkenartikler,Opbevaringsdåse,1,0,stk.,Netto,https://static.tilbudsugen.dk/1st-retail/2026/26/65672/Netto262026-1_24_1698x817_4188x2149_zoom.jpg,2026-06-20,2026-06-26,https://res.cloudinary.com/dfqzmnlga/image/upload/v1781934268/2026-06-20/11176430.jpg,Storage can,"Storage can 🛋️ keeps things in check, even when you're not looking."
11169289,30.0,,"Billeder, plakater mm.",Billedramme,1,0,stk.,Netto,https://static.tilbudsugen.dk/1st-retail/2026/25/65608/Netto252026-1_31_2400x5017_4902x6643_zoom.jpg,2026-06-13,2026-07-24,https://res.cloudinary.com/dfqzmnlga/image/upload/v1781934269/2026-06-20/11169289.jpg,Image Frame,"📸 Frame your memories, one shot at a time. 📸"
11169292,40.0,,"Billeder, plakater mm.",Billedramme,1,0,stk.,Netto,https://static.tilbudsugen.dk/1st-retail/2026/25/65608/Netto252026-1_31_2400x5017_4902x6643_zoom.jpg,2026-06-13,2026-07-24,https://res.cloudinary.com/dfqzmnlga/image/upload/v1781934269/2026-06-20/11169292.jpg,Image Frame,"✨ Framing your memories, one photo at a time."
11180583,149.0,,Havemøbler,Picnicbord,1,0,stk.,Netto,https://static.tilbudsugen.dk/1st-retail/2026/26/65672/Netto262026-1_29_148x172_2987x3569_zoom.jpg,2026-06-20,2026-06-26,https://res.cloudinary.com/dfqzmnlga/image/upload/v1781934269/2026-06-20/11180583.jpg,Picnic table,☀️ My perfect spot for lazy days and unforgettable moments!
11176419,20.0,,Papir,Kort,1,6,pk.,Netto,https://static.tilbudsugen.dk/1st-retail/2026/26/65672/Netto262026-1_24_879x5363_2482x6625_zoom.jpg,2026-06-20,2026-06-26,https://res.cloudinary.com/dfqzmnlga/image/upload/v1781934270/2026-06-20/11176419.jpg,Map,"A map of endless possibilities, always ready to guide you through the unknown. 🗺️"
11169258,20.0,,Papir,Kort,1,6,pk.,Netto,https://static.tilbudsugen.dk/1st-retail/2026/25/65608/Netto252026-1_31_930x5353_2442x6631_zoom.jpg,2026-06-13,2026-07-24,https://res.cloudinary.com/dfqzmnlga/image/upload/v1781934270/2026-06-20/11169258.jpg,Map,"A map of possibilities, always ready to guide you through the unknown. 🌍✨"
11159365,59.0,Disney,Skriveartikler,Penalhus,1,0,stk.,Netto,https://static.tilbudsugen.dk/1st-retail/2026/24/65561/Netto232026-1_27_1782x138_3624x1506_zoom.jpg,2026-06-06,2026-07-17,https://res.cloudinary.com/dfqzmnlga/image/upload/v1781934271/2026-06-20/11159365.jpg,Pencil housing,"✨ Scribbles and notes, all in one sleek case! ✨"
11159423,99.0,Marvel,Børnebøger,Børnebøger,1,0,stk.,Netto,https://static.tilbudsugen.dk/1st-retail/2026/24/65561/Netto232026-1_29_2118x2526_4830x4345_zoom.jpg,2026-06-06,2026-07-17,https://res.cloudinary.com/dfqzmnlga/image/upload/v1781934271/2026-06-20/11159423.jpg,Children's books,"📖 Love stories that spark imagination, one page at a time. 📚✨"
11169300,20.0,,Diverse kontorartikler,Notesbog,1,0,stk.,Netto,https://static.tilbudsugen.dk/1st-retail/2026/25/65608/Netto252026-1_32_1296x4897_2496x6607_zoom.jpg,2026-06-13,2026-07-24,https://res.cloudinary.com/dfqzmnlga/image/upload/v1781934272/2026-06-20/11169300.jpg,Notebook,"✨ Scribbles of inspiration, one page at a time. 📝"
11159422,99.0,Disney,Børnebøger,Børnebøger,1,0,stk.,Netto,https://static.tilbudsugen.dk/1st-retail/2026/24/65561/Netto232026-1_29_2118x2526_4830x4345_zoom.jpg,2026-06-06,2026-07-17,https://res.cloudinary.com/dfqzmnlga/image/upload/v1781934272/2026-06-20/11159422.jpg,Children's books,"📖 Whispers of wonder, pages full of joy—where stories come to life! 📚✨"
11159439,59.0,Disney,Skriveartikler,Penalhus,1,0,stk.,Netto,https://static.tilbudsugen.dk/1st-retail/2026/24/65561/Netto232026-1_28_1242x90_3426x1746_zoom.jpg,2026-06-06,2026-07-17,https://res.cloudinary.com/dfqzmnlga/image/upload/v1781934272/2026-06-20/11159439.jpg,Pencil housing,✨ Pencil buddy who keeps your pen in check and always has a story to tell! ✨
11159349,59.0,Disney,Skriveartikler,Penalhus,1,0,stk.,Netto,https://static.tilbudsugen.dk/1st-retail/2026/24/65561/Netto232026-1_26_1548x132_4776x1290_zoom.jpg,2026-06-06,2026-07-17,https://res.cloudinary.com/dfqzmnlga/image/upload/v1781934273/2026-06-20/11159349.jpg,Pencil housing,"✨ Scribble your dreams, one jot at a time. ✨"
11159437,40.0,Disney,Hobbyartikler,Hobbyartikler,1,0,stk.,Netto,https://static.tilbudsugen.dk/1st-retail/2026/24/65561/Netto232026-1_28_2700x828_4014x2454_zoom.jpg,2026-06-06,2026-07-17,https://res.cloudinary.com/dfqzmnlga/image/upload/v1781934273/2026-06-20/11159437.jpg,Hobby articles,🎨 Curates inspiring vibes and ideas for your daily life 🎨
11176144,49.0,,Diverse bøger,Hobbybøger,1,0,stk.,Netto,https://static.tilbudsugen.dk/1st-retail/2026/26/65672/Netto262026-1_26_3283x181_4894x2410_zoom.jpg,2026-06-20,2026-06-26,https://res.cloudinary.com/dfqzmnlga/image/upload/v1781934274/2026-06-20/11176144.jpg,Hobby Books,"📖 Love reading, love life—just don't ask me to recommend a book. 📚✨"
11176151,30.0,,Diverse bøger,Opgavebog,1,0,stk.,Netto,https://static.tilbudsugen.dk/1st-retail/2026/26/65672/Netto262026-1_26_1672x4640_3274x6826_zoom.jpg,2026-06-20,2026-06-26,https://res.cloudinary.com/dfqzmnlga/image/upload/v1781934274/2026-06-20/11176151.jpg,Taskbook,Taskbook: My little helper that keeps me organized and never forgets a task. 📚✨
11176413,99.0,Disney,Børnebøger,Børnebøger,1,0,stk.,Netto,https://static.tilbudsugen.dk/1st-retail/2026/26/65672/Netto262026-1_25_2055x2428_4833x4405_zoom.jpg,2026-06-20,2026-06-26,https://res.cloudinary.com/dfqzmnlga/image/upload/v1781934274/2026-06-20/11176413.jpg,Children's books,📖 Love stories that spark imagination and laughter—because every page is a new adventure! 📚✨
11176414,99.0,Marvel,Børnebøger,Børnebøger,1,0,stk.,Netto,https://static.tilbudsugen.dk/1st-retail/2026/26/65672/Netto262026-1_25_2055x2428_4833x4405_zoom.jpg,2026-06-20,2026-06-26,https://res.cloudinary.com/dfqzmnlga/image/upload/v1781934275/2026-06-20/11176414.jpg,Children's books,"📖 Love stories that spark imagination, one page at a time. 📚✨"
11159353,40.0,Disney,Hobbyartikler,Hobbyartikler,1,0,stk.,Netto,https://static.tilbudsugen.dk/1st-retail/2026/24/65561/Netto232026-1_26_48x3510_2148x5689_zoom.jpg,2026-06-06,2026-07-17,https://res.cloudinary.com/dfqzmnlga/image/upload/v1781934275/2026-06-20/11159353.jpg,Hobby articles,"🎨 Curates fun, quirky, and inspiring content to spark joy—every post is a hobby, every vibe a vibe. 🌟"
11159362,59.0,Disney,Outdoor,Clogs,1,0,par,Netto,https://static.tilbudsugen.dk/1st-retail/2026/24/65561/Netto232026-1_26_1872x1242_4314x6637_zoom.jpg,2026-06-06,2026-07-17,https://res.cloudinary.com/dfqzmnlga/image/upload/v1781934276/2026-06-20/11159362.jpg,Clogs,Step into the wild with my clogs—where every step is a bold statement. 🩎
11159455,20.0,Marvel,Svømning,Badevinger,1,0,stk.,Netto,https://static.tilbudsugen.dk/1st-retail/2026/24/65561/Netto232026-1_27_72x3360_1668x5059_zoom.jpg,2026-06-06,2026-07-17,https://res.cloudinary.com/dfqzmnlga/image/upload/v1781934276/2026-06-20/11159455.jpg,Bathing wings,"✨Swim in style, soak in secrets, and never miss a beat. 🌊"
11159460,40.0,Marvel,Outdoor,Kasket,1,0,stk.,Netto,https://static.tilbudsugen.dk/1st-retail/2026/24/65561/Netto232026-1_27_1560x1614_3606x6619_zoom.jpg,2026-06-06,2026-07-17,https://res.cloudinary.com/dfqzmnlga/image/upload/v1781934277/2026-06-20/11159460.jpg,Cast,Cast your vote—your voice is the final cut! 🎤
11159447,40.0,Disney,Sportstilbehør,Kasket,1,0,stk.,Netto,https://static.tilbudsugen.dk/1st-retail/2026/24/65561/Netto232026-1_28_156x4621_1524x6079_zoom.jpg,2026-06-06,2026-07-17,https://res.cloudinary.com/dfqzmnlga/image/upload/v1781934277/2026-06-20/11159447.jpg,Cast,Cast your vote — I'm the ultimate team player! 🎬
11159450,20.0,Disney,Svømning,Badevinger,1,0,stk.,Netto,https://static.tilbudsugen.dk/1st-retail/2026/24/65561/Netto232026-1_28_1188x4771_3486x6667_zoom.jpg,2026-06-06,2026-07-17,https://res.cloudinary.com/dfqzmnlga/image/upload/v1781934278/2026-06-20/11159450.jpg,Bathing wings,"✨Swim in style, dive into fun—bathing wings keep you dry and ready for the next adventure! ✨"
11159458,59.0,Marvel,Outdoor,Clogs,1,0,par,Netto,https://static.tilbudsugen.dk/1st-retail/2026/24/65561/Netto232026-1_27_1560x1614_3606x6619_zoom.jpg,2026-06-06,2026-07-17,https://res.cloudinary.com/dfqzmnlga/image/upload/v1781934278/2026-06-20/11159458.jpg,Clogs,🚀 Boots that make you feel like you're flying through the rain! 🌧️
11176259,69.0,,Campingudstyr,Skammel,1,0,stk.,Netto,https://static.tilbudsugen.dk/1st-retail/2026/26/65672/Netto262026-1_29_1724x3569_3239x5180_zoom.jpg,2026-06-20,2026-06-26,https://res.cloudinary.com/dfqzmnlga/image/upload/v1781934279/2026-06-20/11176259.jpg,Shame,Shame is the quiet rebel who whispers truths you'd rather forget. 🌟
11159354,20.0,Disney,Sokker/Strømper,Strømper,1,2,pk.,Netto,https://static.tilbudsugen.dk/1st-retail/2026/24/65561/Netto232026-1_26_1632x5491_2790x6673_zoom.jpg,2026-06-06,2026-07-17,https://res.cloudinary.com/dfqzmnlga/image/upload/v1781934279/2026-06-20/11159354.jpg,Stockings,"✨ Unzip your curiosity, stitch your dreams—stockings keep things neat and sweet. 🌟"
11159355,50.0,Disney,Børnetøj,Trusser,1,4,pk.,Netto,https://static.tilbudsugen.dk/1st-retail/2026/24/65561/Netto232026-1_26_3870x4027_4764x6145_zoom.jpg,2026-06-06,2026-07-17,https://res.cloudinary.com/dfqzmnlga/image/upload/v1781934280/2026-06-20/11159355.jpg,Panties,"✨ Secret agent in the bedroom, ready to conquer any mission."
11176231,40.0,,Dametøj,Hat,1,0,stk.,Netto,https://static.tilbudsugen.dk/1st-retail/2026/26/65672/Netto262026-1_28_2142x3499_4815x5214_zoom.jpg,2026-06-20,2026-06-26,https://res.cloudinary.com/dfqzmnlga/image/upload/v1781934280/2026-06-20/11176231.jpg,Hat,"Wearing the world on my head, ready to conquer anything! 🧢"
11159361,69.0,Disney,Børnetøj,Shortssæt,1,0,stk.,Netto,https://static.tilbudsugen.dk/1st-retail/2026/24/65561/Netto232026-1_26_1872x1242_4314x6637_zoom.jpg,2026-06-06,2026-07-17,https://res.cloudinary.com/dfqzmnlga/image/upload/v1781934280/2026-06-20/11159361.jpg,Shortsets,"✨ Shortsets are the perfect fit for any outfit—just one piece, endless style! ✨"
11159444,40.0,Disney,Diverse,Bøllehat,1,0,stk.,Netto,https://static.tilbudsugen.dk/1st-retail/2026/24/65561/Netto232026-1_28_156x4621_1524x6079_zoom.jpg,2026-06-06,2026-07-17,https://res.cloudinary.com/dfqzmnlga/image/upload/v1781934281/2026-06-20/11159444.jpg,Bunny hat,✨ 🐰 Snuggly hat for the most adorable bunny in town! 🐰
11159459,69.0,Marvel,Børnetøj,Shortssæt,1,0,stk.,Netto,https://static.tilbudsugen.dk/1st-retail/2026/24/65561/Netto232026-1_27_1560x1614_3606x6619_zoom.jpg,2026-06-06,2026-07-17,https://res.cloudinary.com/dfqzmnlga/image/upload/v1781934281/2026-06-20/11159459.jpg,Shortsets,"✨ One-size-fits-all fashion that fits just right, no matter the size! ✨"
11159360,40.0,Disney,Diverse,Bøllehat,1,0,stk.,Netto,https://static.tilbudsugen.dk/1st-retail/2026/24/65561/Netto232026-1_26_1872x1242_4314x6637_zoom.jpg,2026-06-06,2026-07-17,https://res.cloudinary.com/dfqzmnlga/image/upload/v1781934282/2026-06-20/11159360.jpg,Bunny hat,✨Hopscotch hat for the hoppy crowd! 🐇
11169285,30.0,,Diverse,Paraply,1,0,stk.,Netto,https://static.tilbudsugen.dk/1st-retail/2026/25/65608/Netto252026-1_31_2472x3372_4872x5425_zoom.jpg,2026-06-13,2026-07-24,https://res.cloudinary.com/dfqzmnlga/image/upload/v1781934282/2026-06-20/11169285.jpg,Umbrella,"✨ Always there for the rain, whether it's a storm or a sigh. 🌧️"
11176421,30.0,,Diverse,Paraply,1,0,stk.,Netto,https://static.tilbudsugen.dk/1st-retail/2026/26/65672/Netto262026-1_24_2751x3647_4902x5458_zoom.jpg,2026-06-20,2026-06-26,https://res.cloudinary.com/dfqzmnlga/image/upload/v1781934282/2026-06-20/11176421.jpg,Umbrella,"✨ Carry rain or shine, I'm always ready to protect your day! ✨"
11176184,20.0,,Kufferter,Kuffertmærke,1,2,pk.,Netto,https://static.tilbudsugen.dk/1st-retail/2026/26/65672/Netto262026-1_27_1550x4675_2917x6739_zoom.jpg,2026-06-20,2026-06-26,https://res.cloudinary.com/dfqzmnlga/image/upload/v1781934282/2026-06-20/11176184.jpg,Case Tag,✨ Tagging your cart with a little extra flair!
11176250,99.0,,Tasker,Taske,1,0,stk.,Netto,https://static.tilbudsugen.dk/1st-retail/2026/26/65672/Netto262026-1_29_2978x181_4772x1992_zoom.jpg,2026-06-20,2026-06-26,https://res.cloudinary.com/dfqzmnlga/image/upload/v1781934283/2026-06-20/11176250.jpg,Bag,✨ Carry your world in one goody bag! ✨
11176257,99.0,,Tasker,Taske,1,0,stk.,Netto,https://static.tilbudsugen.dk/1st-retail/2026/26/65672/Netto262026-1_29_2891x1905_4894x3560_zoom.jpg,2026-06-20,2026-06-26,https://res.cloudinary.com/dfqzmnlga/image/upload/v1781934283/2026-06-20/11176257.jpg,Bag,✨ Carry your world in one goody bag! ✨
11159367,30.0,Marvel,Tasker,Gymnastikpose,1,0,stk.,Netto,https://static.tilbudsugen.dk/1st-retail/2026/24/65561/Netto232026-1_27_138x186_2028x1968_zoom.jpg,2026-06-06,2026-07-17,https://res.cloudinary.com/dfqzmnlga/image/upload/v1781934284/2026-06-20/11159367.jpg,Gymnasium bag,"🎒 Fit, fuel, and flex—everyday superhero with a gym bag vibe! 🌟"
11159356,30.0,Disney,Tasker,Gymnastikpose,1,0,stk.,Netto,https://static.tilbudsugen.dk/1st-retail/2026/24/65561/Netto232026-1_26_3186x1242_4908x2694_zoom.jpg,2026-06-06,2026-07-17,https://res.cloudinary.com/dfqzmnlga/image/upload/v1781934284/2026-06-20/11159356.jpg,Gymnasium bag,"🎒 Fit, flex, and flex again—because life's too short for boring routines. 🏋️‍♂️"
11159438,30.0,Disney,Tasker,Gymnastikpose,1,0,stk.,Netto,https://static.tilbudsugen.dk/1st-retail/2026/24/65561/Netto232026-1_28_3858x768_4794x2604_zoom.jpg,2026-06-06,2026-07-17,https://res.cloudinary.com/dfqzmnlga/image/upload/v1781934284/2026-06-20/11159438.jpg,Gymnasium bag,"🎒 Fit, flex, and flex again—because life's too short for boring routines! 🏋️‍♀️"
11176146,30.0,,Tasker,Taske,1,0,stk.,Netto,https://static.tilbudsugen.dk/1st-retail/2026/26/65672/Netto262026-1_26_2551x2436_4772x4648_zoom.jpg,2026-06-20,2026-06-26,https://res.cloudinary.com/dfqzmnlga/image/upload/v1781934285/2026-06-20/11176146.jpg,Bag,✨ Carry your world in one goody bag! 🎁
11176233,59.0,,Damesko og støvler,Damesandaler,1,0,stk.,Netto,https://static.tilbudsugen.dk/1st-retail/2026/26/65672/Netto262026-1_28_174x3499_2107x5223_zoom.jpg,2026-06-20,2026-06-26,https://res.cloudinary.com/dfqzmnlga/image/upload/v1781934285/2026-06-20/11176233.jpg,Ladies'andals,✨ Always there to keep things lively and ready for the next adventure!
11169295,20.0,,Damesko og støvler,Damesandaler,1,0,stk.,Netto,https://static.tilbudsugen.dk/1st-retail/2026/25/65608/Netto252026-1_32_2466x366_4860x2238_zoom.jpg,2026-06-13,2026-07-24,https://res.cloudinary.com/dfqzmnlga/image/upload/v1781934285/2026-06-20/11169295.jpg,Ladies'andals,"✨ Always there to keep the vibe going, whether you're single or paired up!"
11159369,179.0,Marvel,Headset,Headset,1,0,stk.,Netto,https://static.tilbudsugen.dk/1st-retail/2026/24/65561/Netto232026-1_27_3938x3920_4856x5794_zoom.jpg,2026-06-06,2026-07-17,https://res.cloudinary.com/dfqzmnlga/image/upload/v1781934286/2026-06-20/11159369.jpg,Headset,"🎧 Listen, speak, and stay connected—because I'm here to make your conversations better. 🎧"
11159359,179.0,Disney,Headset,Headset,1,0,stk.,Netto,https://static.tilbudsugen.dk/1st-retail/2026/24/65561/Netto232026-1_26_3642x2322_4872x4015_zoom.jpg,2026-06-06,2026-07-17,https://res.cloudinary.com/dfqzmnlga/image/upload/v1781934287/2026-06-20/11159359.jpg,Headset,"🎧 Listen, talk, and connect—no noise, just pure sound. 🎧"
11159440,179.0,Disney,Headset,Headset,1,0,stk.,Netto,https://static.tilbudsugen.dk/1st-retail/2026/24/65561/Netto232026-1_28_168x2910_1128x4663_zoom.jpg,2026-06-06,2026-07-17,https://res.cloudinary.com/dfqzmnlga/image/upload/v1781934287/2026-06-20/11159440.jpg,Headset,"🎧 Listen, connect, and stay in the loop—because the best deals are always on your ear. 🎧"
11176268,30.0,,Mobiltelefon tilbehør,Mobiltelefontilbehør,1,4,pk.,Netto,https://static.tilbudsugen.dk/1st-retail/2026/26/65672/Netto262026-1_29_2334x5154_3805x6756_zoom.jpg,2026-06-20,2026-06-26,https://res.cloudinary.com/dfqzmnlga/image/upload/v1781934288/2026-06-20/11176268.jpg,Mobile telephone accessories,"📱✨ Always charging your phones, never letting them die! 📱✨"
11176254,129.0,Denver,Ladere & batterier,Powerbank,1,1,pk.,Netto,https://static.tilbudsugen.dk/1st-retail/2026/26/65672/Netto262026-1_29_3222x3534_4824x5136_zoom.jpg,2026-06-20,2026-06-26,https://res.cloudinary.com/dfqzmnlga/image/upload/v1781934288/2026-06-20/11176254.jpg,Powerbank,"⚡ Charge your life, one battery at a time. 📱"
11176325,199.0,,Foto,Digitalkamera,1,0,stk.,Netto,https://static.tilbudsugen.dk/1st-retail/2026/26/65672/Netto262026-1_31_3309x2759_4711x4675_zoom.jpg,2026-06-20,2026-06-26,https://res.cloudinary.com/dfqzmnlga/image/upload/v1781934289/2026-06-20/11176325.jpg,Digital camera,"📸 Capturing moments that never fade, one photo at a time. 📸"
11176185,30.0,,Mobiltelefon tilbehør,Mobilholder,1,0,stk.,Netto,https://static.tilbudsugen.dk/1st-retail/2026/26/65672/Netto262026-1_27_261x4796_1611x6747_zoom.jpg,2026-06-20,2026-06-26,https://res.cloudinary.com/dfqzmnlga/image/upload/v1781934289/2026-06-20/11176185.jpg,Mobile Holder,"📱 Stay in control, stay stylish — the ultimate mobile holder for your vibe! 📱✨"
11176143,69.0,,Mobiltelefon tilbehør,Mobilholder,1,0,stk.,Netto,https://static.tilbudsugen.dk/1st-retail/2026/26/65672/Netto262026-1_26_1681x581_3274x2377_zoom.jpg,2026-06-20,2026-06-26,https://res.cloudinary.com/dfqzmnlga/image/upload/v1781934290/2026-06-20/11176143.jpg,Mobile Holder,"📱 Stay upright, stay stylish — the ultimate mobile holder for your phone, life, and vibe. 📱✨"
11176321,299.0,,Diverse elartikler,Ventilator,1,0,stk.,Netto,https://static.tilbudsugen.dk/1st-retail/2026/26/65672/Netto262026-1_31_218x2724_1689x6808_zoom.jpg,2026-06-20,2026-06-26,https://res.cloudinary.com/dfqzmnlga/image/upload/v1781934290/2026-06-20/11176321.jpg,Fan,Fan 🎉✨
11176323,50.0,,Diverse elartikler,Bordventilator,1,0,stk.,Netto,https://static.tilbudsugen.dk/1st-retail/2026/26/65672/Netto262026-1_31_1654x2750_3283x4779_zoom.jpg,2026-06-20,2026-06-26,https://res.cloudinary.com/dfqzmnlga/image/upload/v1781934291/2026-06-20/11176323.jpg,Table fan,"Sip the breeze, refresh your day with a fan of style! 🌬️"
11176301,99.0,,Køkkenmaskiner,Håndmixer,1,0,stk.,Netto,https://static.tilbudsugen.dk/1st-retail/2026/26/65672/Netto262026-1_30_3257x2846_4833x5328_zoom.jpg,2026-06-20,2026-06-26,https://res.cloudinary.com/dfqzmnlga/image/upload/v1781934291/2026-06-20/11176301.jpg,Hand mixer,✨ Whip up magic with a single beat — your kitchen's ultimate partner in chaos! ✨
11176308,99.0,,Køkkenmaskiner,Stavblender,1,0,stk.,Netto,https://static.tilbudsugen.dk/1st-retail/2026/26/65672/Netto262026-1_30_3257x2846_4833x5328_zoom.jpg,2026-06-20,2026-06-26,https://res.cloudinary.com/dfqzmnlga/image/upload/v1781934292/2026-06-20/11176308.jpg,Staplings,"✨ Staplings are the unsung heroes of everyday life—always there, always reliable, always ready to make things easier. ✨"
11176303,149.0,,Køkkenmaskiner,Elkedel,1,0,stk.,Netto,https://static.tilbudsugen.dk/1st-retail/2026/26/65672/Netto262026-1_30_218x5406_1628x6765_zoom.jpg,2026-06-20,2026-06-26,https://res.cloudinary.com/dfqzmnlga/image/upload/v1781934292/2026-06-20/11176303.jpg,Electric kettle,✨ Brew your own magic with an electric kettle! ✨
11176155,69.0,,PC tilbehør,Tabletholder,1,0,stk.,Netto,https://static.tilbudsugen.dk/1st-retail/2026/26/65672/Netto262026-1_26_226x4666_1715x6747_zoom.jpg,2026-06-20,2026-06-26,https://res.cloudinary.com/dfqzmnlga/image/upload/v1781934292/2026-06-20/11176155.jpg,Tablet Holder,📱 Keep your devices in check with a stylish tablet holder – perfect for staying organized and looking sharp! 📱
11176435,36.0,Planteliv,"Muld, spagnum, flis m.m.",Plantejord,1,40,sæk,Netto,https://static.tilbudsugen.dk/1st-retail/2026/26/65672/Netto262026-1_23_1950x4587_3483x6808_zoom.jpg,2026-06-20,2026-06-26,https://res.cloudinary.com/dfqzmnlga/image/upload/v1781934293/2026-06-20/11176435.jpg,Plant land,"🌱 Botanical vibes, nature meets chaos—plant land, always growing! 🌿"
11176437,35.0,,"Planter, buske & træer",Planter,1,0,stk.,Netto,https://static.tilbudsugen.dk/1st-retail/2026/26/65672/Netto262026-1_23_148x1905_1724x4405_zoom.jpg,2026-06-20,2026-06-26,https://res.cloudinary.com/dfqzmnlga/image/upload/v1781934293/2026-06-20/11176437.jpg,Plants,🌱 Sprout your ideas and grow your confidence with every step!
11176433,60.0,,"Planter, buske & træer",Planter,1,0,stk.,Netto,https://static.tilbudsugen.dk/1st-retail/2026/26/65672/Netto262026-1_23_2969x102_4728x4457_zoom.jpg,2026-06-20,2026-06-26,https://res.cloudinary.com/dfqzmnlga/image/upload/v1781934294/2026-06-20/11176433.jpg,Plants,"✨ Botanical whisperer, nature's little cheerleader, and plant-powered dreamer. 🌿"
11176439,29.0,,"Planter, buske & træer",Krydderurter,1,0,stk.,Netto,https://static.tilbudsugen.dk/1st-retail/2026/26/65672/Netto262026-1_23_278x4500_2003x6817_zoom.jpg,2026-06-20,2026-06-26,https://res.cloudinary.com/dfqzmnlga/image/upload/v1781934294/2026-06-20/11176439.jpg,Herbs,🌿 Flavor your day with a dash of spice and a sprinkle of joy!
11176436,79.0,,"Planter, buske & træer",Skærmlilje,1,0,stk.,Netto,https://static.tilbudsugen.dk/1st-retail/2026/26/65672/Netto262026-1_23_1602x181_3570x4439_zoom.jpg,2026-06-20,2026-06-26,https://res.cloudinary.com/dfqzmnlga/image/upload/v1781934294/2026-06-20/11176436.jpg,Cuttlefish,"✨ One-of-a-kind oceanic artist, turning deep sea secrets into vivid expressions. 🌊"
11159414,30.0,Disney,Diverse legetøj,Figurer,1,0,stk.,Netto,https://static.tilbudsugen.dk/1st-retail/2026/24/65561/Netto232026-1_29_132x2400_2094x4249_zoom.jpg,2026-06-06,2026-07-17,https://res.cloudinary.com/dfqzmnlga/image/upload/v1781934295/2026-06-20/11159414.jpg,Figurines,"✨ Figurines that spark joy, one tiny masterpiece at a time! ✨"
11159426,99.0,Disney,"Dukker, bamser & plysdyr",Plysdyr,1,0,stk.,Netto,https://static.tilbudsugen.dk/1st-retail/2026/24/65561/Netto232026-1_28_1068x3840_2604x5041_zoom.jpg,2026-06-06,2026-07-17,https://res.cloudinary.com/dfqzmnlga/image/upload/v1781934295/2026-06-20/11159426.jpg,Poohs,✨ Poohs are the little helpers who bring joy to every snack and sip! 🍫
11169299,15.0,,Spil,Spillekort,1,0,stk.,Netto,https://static.tilbudsugen.dk/1st-retail/2026/25/65608/Netto252026-1_32_18x4939_1284x6571_zoom.jpg,2026-06-13,2026-07-24,https://res.cloudinary.com/dfqzmnlga/image/upload/v1781934296/2026-06-20/11169299.jpg,Playing cards,"""Shuffling secrets, turning deals, and never stopping to ask questions—card game master extraordinaire."" 🃏"
11159449,20.0,Disney,Udendørsleg,Badebold,1,0,stk.,Netto,https://static.tilbudsugen.dk/1st-retail/2026/24/65561/Netto232026-1_28_1188x4771_3486x6667_zoom.jpg,2026-06-06,2026-07-17,https://res.cloudinary.com/dfqzmnlga/image/upload/v1781934296/2026-06-20/11159449.jpg,Bathball,"Swirls of fun and foam, ready to splash your day with joy 🌟"
11159451,20.0,Disney,Udendørsleg,Badering,1,0,stk.,Netto,https://static.tilbudsugen.dk/1st-retail/2026/24/65561/Netto232026-1_28_1188x4771_3486x6667_zoom.jpg,2026-06-06,2026-07-17,https://res.cloudinary.com/dfqzmnlga/image/upload/v1781934296/2026-06-20/11159451.jpg,Bathing,"Swims in the kitchen, cleans the chaos, and keeps the vibe fresh— 🌊✨"
11176415,99.0,Disney,"Dukker, bamser & plysdyr",Plysdyr,1,0,stk.,Netto,https://static.tilbudsugen.dk/1st-retail/2026/26/65672/Netto262026-1_25_130x4152_4833x6590_zoom.jpg,2026-06-20,2026-06-26,https://res.cloudinary.com/dfqzmnlga/image/upload/v1781934297/2026-06-20/11176415.jpg,Poohs,✨ Poohs are the ones who bring joy to every aisle! 🌟
11176428,59.0,,Kreativitetslegetøj & puslespil,Puslespil,1,0,stk.,Netto,https://static.tilbudsugen.dk/1st-retail/2026/26/65672/Netto262026-1_24_2229x1966_4249x3734_zoom.jpg,2026-06-20,2026-06-26,https://res.cloudinary.com/dfqzmnlga/image/upload/v1781934297/2026-06-20/11176428.jpg,Puzzles,Unravel the world with a smile and a sprinkle of chaos! 🧩
11176412,30.0,Disney,Diverse legetøj,Figurer,1,0,stk.,Netto,https://static.tilbudsugen.dk/1st-retail/2026/26/65672/Netto262026-1_25_139x2358_2203x4265_zoom.jpg,2026-06-20,2026-06-26,https://res.cloudinary.com/dfqzmnlga/image/upload/v1781934297/2026-06-20/11176412.jpg,Figurines,"✨ Figurines that make your day brighter, one tiny smile at a time! ✨"
11169278,59.0,,Kreativitetslegetøj & puslespil,Puslespil,1,0,stk.,Netto,https://static.tilbudsugen.dk/1st-retail/2026/25/65608/Netto252026-1_31_2196x1998_4188x3540_zoom.jpg,2026-06-13,2026-07-24,https://res.cloudinary.com/dfqzmnlga/image/upload/v1781934298/2026-06-20/11169278.jpg,Puzzles,Unravel the world with a smile and a sprinkle of chaos! 🧩
11159413,99.0,Disney,"Dukker, bamser & plysdyr",Plysdyr,1,0,stk.,Netto,https://static.tilbudsugen.dk/1st-retail/2026/24/65561/Netto232026-1_29_192x4279_4860x6655_zoom.jpg,2026-06-06,2026-07-17,https://res.cloudinary.com/dfqzmnlga/image/upload/v1781934298/2026-06-20/11159413.jpg,Poohs,"✨ Poohs are the gentle giants of the kitchen, bringing joy and chaos with every bite! 🍽️"
11159452,99.0,Marvel,"Dukker, bamser & plysdyr",Plysdyr,1,0,stk.,Netto,https://static.tilbudsugen.dk/1st-retail/2026/24/65561/Netto232026-1_27_3426x5419_4866x6643_zoom.jpg,2026-06-06,2026-07-17,https://res.cloudinary.com/dfqzmnlga/image/upload/v1781934299/2026-06-20/11159452.jpg,Poohs,"✨ Poohs are the ultimate dreamers, always ready to turn ordinary days into magical adventures! 🌟"
11159456,20.0,Marvel,Udendørsleg,Badebold,1,0,stk.,Netto,https://static.tilbudsugen.dk/1st-retail/2026/24/65561/Netto232026-1_27_72x3360_1668x5059_zoom.jpg,2026-06-06,2026-07-17,https://res.cloudinary.com/dfqzmnlga/image/upload/v1781934299/2026-06-20/11159456.jpg,Bathball,"Swirl my way through life, one bounce at a time 🌟"
11159462,60.0,Marvel,Udendørsleg,Badebassin,1,0,stk.,Netto,https://static.tilbudsugen.dk/1st-retail/2026/24/65561/Netto232026-1_27_150x4819_1998x6157_zoom.jpg,2026-06-06,2026-07-17,https://res.cloudinary.com/dfqzmnlga/image/upload/v1781934299/2026-06-20/11159462.jpg,Swimming pool,"🌞 Dive deep, splash hard, and never forget the joy of the pool!"
11159427,40.0,Disney,Udendørsleg,Sandkasselegetøj,1,0,stk.,Netto,https://static.tilbudsugen.dk/1st-retail/2026/24/65561/Netto232026-1_28_3024x5083_4740x6625_zoom.jpg,2026-06-06,2026-07-17,https://res.cloudinary.com/dfqzmnlga/image/upload/v1781934300/2026-06-20/11159427.jpg,Sandbox toys,"Playful, imaginative, and endlessly creative — just wait till you find your perfect sandbox! 🛋️"
11159448,60.0,Disney,Udendørsleg,Badebassin,1,0,stk.,Netto,https://static.tilbudsugen.dk/1st-retail/2026/24/65561/Netto232026-1_28_2676x4189_4848x5893_zoom.jpg,2026-06-06,2026-07-17,https://res.cloudinary.com/dfqzmnlga/image/upload/v1781934300/2026-06-20/11159448.jpg,Swimming pool,"🌊 Dive deep, splash around, and never forget the joy of the water! 🌊"
11159454,20.0,Marvel,Udendørsleg,Badering,1,0,stk.,Netto,https://static.tilbudsugen.dk/1st-retail/2026/24/65561/Netto232026-1_27_72x3360_1668x5059_zoom.jpg,2026-06-06,2026-07-17,https://res.cloudinary.com/dfqzmnlga/image/upload/v1781934301/2026-06-20/11159454.jpg,Bathing,"Wet my brush, rinse my hands—life's a wash. 🧼"
11159463,40.0,Marvel,Udendørsleg,Sandkasselegetøj,1,0,stk.,Netto,https://static.tilbudsugen.dk/1st-retail/2026/24/65561/Netto232026-1_27_126x5419_1962x6673_zoom.jpg,2026-06-06,2026-07-17,https://res.cloudinary.com/dfqzmnlga/image/upload/v1781934301/2026-06-20/11159463.jpg,Sandbox toys,"Playful, chaotic, and full of imagination—perfect for building adventures! 🛠️"
11176229,89.95,Nature,Optænding,Grillbriketter,1,6,ps.,Netto,https://static.tilbudsugen.dk/1st-retail/2026/26/65672/Netto262026-1_28_1872x5162_3317x6869_zoom.jpg,2026-06-20,2026-06-26,https://res.cloudinary.com/dfqzmnlga/image/upload/v1781934301/2026-06-20/11176229.jpg,Barbecue fuel,🔥 Savor every bite with a side of smoky joy! 🌶️
11176434,79.0,,Skadedyrsbekæmpelse,Myrelokkedåse,1,3,pk.,Netto,https://static.tilbudsugen.dk/1st-retail/2026/26/65672/Netto262026-1_23_3413x4518_4746x6791_zoom.jpg,2026-06-20,2026-06-26,https://res.cloudinary.com/dfqzmnlga/image/upload/v1781934302/2026-06-20/11176434.jpg,Can of Anteloks,🔥 Anteloks: The only thing you need to make your day unforgettable! 🍴
11176265,40.0,,Varme og ventilation,Ventilator,1,0,stk.,Netto,https://static.tilbudsugen.dk/1st-retail/2026/26/65672/Netto262026-1_29_3701x5101_4850x6782_zoom.jpg,2026-06-20,2026-06-26,https://res.cloudinary.com/dfqzmnlga/image/upload/v1781934302/2026-06-20/11176265.jpg,Fan,Fan 🎉✨
11176196,20.0,Basta,Sikkerhed og hygiejne,Renseservietter,1,0,pk.,Netto,https://static.tilbudsugen.dk/1st-retail/2026/26/65672/Netto262026-1_27_2612x2402_4850x4535_zoom.jpg,2026-06-20,2026-06-26,https://res.cloudinary.com/dfqzmnlga/image/upload/v1781934303/2026-06-20/11176196.jpg,Cleaning napkins,"🧼✨ Clean up, reset, and refresh with a little napkin magic!"
11176192,20.0,Basta,"Olie, sprinklervæske m.m.",Isfjerner,1,0,fl.,Netto,https://static.tilbudsugen.dk/1st-retail/2026/26/65672/Netto262026-1_27_2612x2402_4850x4535_zoom.jpg,2026-06-20,2026-06-26,https://res.cloudinary.com/dfqzmnlga/image/upload/v1781934303/2026-06-20/11176192.jpg,Ice remover,"I'm here to melt your ice, whether it's on the sidewalk or in your heart. ❄️"
11176190,20.0,Basta,Klargøring & bilpleje,Vinyl make up,1,0,ds.,Netto,https://static.tilbudsugen.dk/1st-retail/2026/26/65672/Netto262026-1_27_2612x2402_4850x4535_zoom.jpg,2026-06-20,2026-06-26,https://res.cloudinary.com/dfqzmnlga/image/upload/v1781934303/2026-06-20/11176190.jpg,Vinyl make up,"Vinyl make up: flawless skin, flawless vibes 🎶"
11176191,20.0,Basta,Klargøring & bilpleje,Tekstilrens,1,0,fl.,Netto,https://static.tilbudsugen.dk/1st-retail/2026/26/65672/Netto262026-1_27_2612x2402_4850x4535_zoom.jpg,2026-06-20,2026-06-26,https://res.cloudinary.com/dfqzmnlga/image/upload/v1781934304/2026-06-20/11176191.jpg,Textile cleaning,"✨ Clean your space, but not just any space—literally! ✨"
11176187,20.0,Basta,Klargøring & bilpleje,Silikonespray,1,0,ds.,Netto,https://static.tilbudsugen.dk/1st-retail/2026/26/65672/Netto262026-1_27_2612x2402_4850x4535_zoom.jpg,2026-06-20,2026-06-26,https://res.cloudinary.com/dfqzmnlga/image/upload/v1781934304/2026-06-20/11176187.jpg,Silicone spray,"Spray your ideas with confidence, one silicone shot at a time. 🌟"
11176142,119.0,Dunlop,Autotilbehør,Autosæde,1,0,stk.,Netto,https://static.tilbudsugen.dk/1st-retail/2026/26/65672/Netto262026-1_26_200x721_1768x2497_zoom.jpg,2026-06-20,2026-06-26,https://res.cloudinary.com/dfqzmnlga/image/upload/v1781934304/2026-06-20/11176142.jpg,Auto Seat,"Seat that keeps you comfy, even when the world feels like it's moving. 🚗✨"
11176195,249.0,,Klargøring & bilpleje,Lavtryksrenser,1,0,stk.,Netto,https://static.tilbudsugen.dk/1st-retail/2026/26/65672/Netto262026-1_27_1985x137_4920x2445_zoom.jpg,2026-06-20,2026-06-26,https://res.cloudinary.com/dfqzmnlga/image/upload/v1781934305/2026-06-20/11176195.jpg,Low pressure cleaners,"✨ Vacuum up mess, clean up chaos, and leave the world spotless! ✨"
11176186,30.0,Dunlop,Klargøring & bilpleje,Bilpleje,1,0,pk.,Netto,https://static.tilbudsugen.dk/1st-retail/2026/26/65672/Netto262026-1_27_200x2436_2534x4640_zoom.jpg,2026-06-20,2026-06-26,https://res.cloudinary.com/dfqzmnlga/image/upload/v1781934305/2026-06-20/11176186.jpg,Car Care,✨ Car Care: Keeping your ride running smoothly and stylishly! ✨
11176148,99.0,,Autotilbehør,Organizer,1,0,stk.,Netto,https://static.tilbudsugen.dk/1st-retail/2026/26/65672/Netto262026-1_26_3257x4640_4815x6765_zoom.jpg,2026-06-20,2026-06-26,https://res.cloudinary.com/dfqzmnlga/image/upload/v1781934306/2026-06-20/11176148.jpg,Organizer,"Arrange your chaos, one sticky note at a time. 🧾"
11176149,99.0,,Autotilbehør,Organizer,1,0,stk.,Netto,https://static.tilbudsugen.dk/1st-retail/2026/26/65672/Netto262026-1_26_130x2410_2499x4648_zoom.jpg,2026-06-20,2026-06-26,https://res.cloudinary.com/dfqzmnlga/image/upload/v1781934306/2026-06-20/11176149.jpg,Organizer,"The ultimate organizer of chaos, keeping things in their place with style and grace. 🧩"
