data_id,price,brand,category,product_name,units,quantity,unit_type,store_name,image_url,start_date,end_date,public_urls,translated_product,tinder_bio
11111536,10.0,ØGO,Frugt,Bananer,1,4,ps.,Netto,https://static.tilbudsugen.dk/1st-retail/2026/21/65373/Netto202026-1_7_3319x3432_4890x5213_zoom.jpg,2026-05-16,2026-05-22,https://res.cloudinary.com/dfqzmnlga/image/upload/v1778906923/2026-05-16/11111536.jpg,Bananas,"Golden yellow banana, ready to burst with joy and vibes 🍌"
11111492,13.0,,Grønt,Porrer,1,2,bdt.,Netto,https://static.tilbudsugen.dk/1st-retail/2026/21/65373/Netto202026-1_5_2461x5505_3686x6871_zoom.jpg,2026-05-16,2026-05-22,https://res.cloudinary.com/dfqzmnlga/image/upload/v1778906923/2026-05-16/11111492.jpg,Leek,"Bulbous and bold, I add a twist to any dish—no need for a grocery list. 🌱"
11111595,25.0,ØGO,Grønt,Avocado,1,3,bk.,Netto,https://static.tilbudsugen.dk/1st-retail/2026/21/65373/Netto202026-1_10_3076x3734_4928x5937_zoom.jpg,2026-05-16,2026-05-22,https://res.cloudinary.com/dfqzmnlga/image/upload/v1778906923/2026-05-16/11111595.jpg,Avocado,"Slim, creamy, and super smooth — the perfect dip for any occasion. 🥑"
11111593,15.0,,Grønt,Cocktailtomater,1,0,bk.,Netto,https://static.tilbudsugen.dk/1st-retail/2026/21/65373/Netto202026-1_10_92x4549_3060x5996_zoom.jpg,2026-05-16,2026-05-22,https://res.cloudinary.com/dfqzmnlga/image/upload/v1778906924/2026-05-16/11111593.jpg,Cocktail tomatoes,"Sip, savor, and spin—my flavor is a cocktail of delight! 🍹"
11111592,16.0,,Grønt,Peberfrugt,1,0,ps.,Netto,https://static.tilbudsugen.dk/1st-retail/2026/21/65373/Netto202026-1_10_97x3313_3066x4555_zoom.jpg,2026-05-16,2026-05-22,https://res.cloudinary.com/dfqzmnlga/image/upload/v1778906924/2026-05-16/11111592.jpg,Pepper,"🔥 Spicy, bold, and always in the mix—pepper, the flavor that turns everything into a feast! 🌶️"
11111582,12.0,Næmt,Grønt,Salat,1,0,ps.,Netto,https://static.tilbudsugen.dk/1st-retail/2026/21/65373/Netto202026-1_10_59x1840_3055x3319_zoom.jpg,2026-05-16,2026-05-22,https://res.cloudinary.com/dfqzmnlga/image/upload/v1778906925/2026-05-16/11111582.jpg,Lettuce,"Cool as a lettuce salad, but always fresh and crisp! 🥬"
11111580,30.0,,Frugt,Hindbær,1,0,bk.,Netto,https://static.tilbudsugen.dk/1st-retail/2026/21/65373/Netto202026-1_10_1301x4_4949x2082_zoom.jpg,2026-05-16,2026-05-22,https://res.cloudinary.com/dfqzmnlga/image/upload/v1778906925/2026-05-16/11111580.jpg,Raspberries,"Sour, sweet, and super juicy — perfect for a summer snack! 🍓"
11111585,15.0,Næmt,Frugt,Granatæblekerner,1,0,bg.,Netto,https://static.tilbudsugen.dk/1st-retail/2026/21/65373/Netto202026-1_10_3033x2012_4955x3815_zoom.jpg,2026-05-16,2026-05-22,https://res.cloudinary.com/dfqzmnlga/image/upload/v1778906926/2026-05-16/11111585.jpg,Pomegranate kernels,"Split open, burst, and explode—each kernel a tiny universe of joy. 🍑"
11111479,9.0,,Grønt,Persille,1,0,bdt.,Netto,https://static.tilbudsugen.dk/1st-retail/2026/21/65373/Netto202026-1_5_3703x1219_4939x3135_zoom.jpg,2026-05-16,2026-05-22,https://res.cloudinary.com/dfqzmnlga/image/upload/v1778906926/2026-05-16/11111479.jpg,Parsley,"Parsley: The green whisper of summer, always fresh and full of life. 🌿"
11111011,9.0,Brunchy,Bacon,Baconskiver,1,0,pk.,Netto,https://static.tilbudsugen.dk/1st-retail/2026/21/65373/Netto202026-1_3_3076x916_4939x2503_zoom.jpg,2026-05-16,2026-05-22,https://res.cloudinary.com/dfqzmnlga/image/upload/v1778906927/2026-05-16/11111011.jpg,Bacon washers,"Bacon washers: Clean your life with a crispy, smoky twist. 🍬✨"
11111494,20.0,Brunchy,Bacon,Bacontern,1,0,pk.,Netto,https://static.tilbudsugen.dk/1st-retail/2026/21/65373/Netto202026-1_5_3708x5089_4933x6817_zoom.jpg,2026-05-16,2026-05-22,https://res.cloudinary.com/dfqzmnlga/image/upload/v1778906927/2026-05-16/11111494.jpg,Bacontern,"Bacontern: The crispy, smoky hero of breakfast adventures 🥖✨"
11111857,55.0,Rose,Kylling,Hakket kylling 7-10%,1,1,bk.,Netto,https://static.tilbudsugen.dk/1st-retail/2026/21/65373/Netto202026-1_12_0x15_2931x2342_zoom.jpg,2026-05-16,2026-05-22,https://res.cloudinary.com/dfqzmnlga/image/upload/v1778906928/2026-05-16/11111857.jpg,Chicked chicken 7-10%,✨ Chicked chicken 7-10% – the perfect blend of flavor and fun! 🥩
11111610,25.0,,Kylling,Kyllingeoverlår,1,0,bk.,Netto,https://static.tilbudsugen.dk/1st-retail/2026/21/65373/Netto202026-1_12_2537x2935_4939x4825_zoom.jpg,2026-05-16,2026-05-22,https://res.cloudinary.com/dfqzmnlga/image/upload/v1778906928/2026-05-16/11111610.jpg,Chicken upper thighs,"🔥 Sizzling with flavor, every bite is a culinary showdown! 🍗"
11111607,25.0,,Kylling,Kyllingestrimler,1,0,pk.,Netto,https://static.tilbudsugen.dk/1st-retail/2026/21/65373/Netto202026-1_12_2537x2935_4939x4825_zoom.jpg,2026-05-16,2026-05-22,https://res.cloudinary.com/dfqzmnlga/image/upload/v1778906928/2026-05-16/11111607.jpg,Chicken straws,"Savor the crunch of a perfect chicken straw—crunchy, satisfying, and ready to conquer your day! 🍗"
11111605,55.0,Rose,Kylling,Kyllingebrystfilet,1,0,bk.,Netto,https://static.tilbudsugen.dk/1st-retail/2026/21/65373/Netto202026-1_12_0x15_2931x2342_zoom.jpg,2026-05-16,2026-05-22,https://res.cloudinary.com/dfqzmnlga/image/upload/v1778906929/2026-05-16/11111605.jpg,Chicken breast fillet,"Sizzling with flavor, ready to conquer any plate! 🍗"
11111613,30.0,Rose,Kylling,Kyllingeinderfileter,1,0,bk.,Netto,https://static.tilbudsugen.dk/1st-retail/2026/21/65373/Netto202026-1_12_86x4873_2418x6903_zoom.jpg,2026-05-16,2026-05-22,https://res.cloudinary.com/dfqzmnlga/image/upload/v1778906929/2026-05-16/11111613.jpg,Chicken eiderphilets,"✨Chicken eiderphilets: The ultimate snack for those who love a crispy, juicy bite with a twist! 🥩"
11111597,24.95,Velsmag,Grisekød,Flæskesteg,1,0,stk.,Netto,https://static.tilbudsugen.dk/1st-retail/2026/21/65373/Netto202026-1_11_2456x263_4895x2557_zoom.jpg,2026-05-16,2026-05-22,https://res.cloudinary.com/dfqzmnlga/image/upload/v1778906930/2026-05-16/11111597.jpg,Pork roast,"🔥 Sizzling, smoky, and ready to conquer the grill—pork roast is the star of the meal! 🍴"
11111482,20.0,Velsmag,Grisekød,Hakket grisekød 8-12%,1,0,bk.,Netto,https://static.tilbudsugen.dk/1st-retail/2026/21/65373/Netto202026-1_5_1214x3448_2499x4927_zoom.jpg,2026-05-16,2026-05-22,https://res.cloudinary.com/dfqzmnlga/image/upload/v1778906930/2026-05-16/11111482.jpg,Minced pig meat 8-12 per cent,"✨ Sizzling spice, smoky flavor, and a dash of fun—perfect for any meal! ✨"
11111606,20.0,Velsmag,Grisekød,Hakket grisekød 8-12%,1,0,bk.,Netto,https://static.tilbudsugen.dk/1st-retail/2026/21/65373/Netto202026-1_12_86x3000_2504x4819_zoom.jpg,2026-05-16,2026-05-22,https://res.cloudinary.com/dfqzmnlga/image/upload/v1778906931/2026-05-16/11111606.jpg,Minced pig meat 8-12 per cent,🔥 Spice up your meal with a dash of flavor! 🍳
11111851,55.0,Velsmag,Grisekød,Grisekoteletter,1,0,bk.,Netto,https://static.tilbudsugen.dk/1st-retail/2026/21/65373/Netto202026-1_11_38x1332_2407x4825_zoom.jpg,2026-05-16,2026-05-22,https://res.cloudinary.com/dfqzmnlga/image/upload/v1778906931/2026-05-16/11111851.jpg,Pig chops,"🔥 Chop, chop, chop—no need to ask, I'm ready to slice and serve! 🍳"
11111856,55.0,Velsmag,Kalve- og grisekød,Hakket kalv og grisekød 8-12%,1,0,bk.,Netto,https://static.tilbudsugen.dk/1st-retail/2026/21/65373/Netto202026-1_11_38x1332_2407x4825_zoom.jpg,2026-05-16,2026-05-22,https://res.cloudinary.com/dfqzmnlga/image/upload/v1778906932/2026-05-16/11111856.jpg,Minced calf and pig meat 8-12 per cent,"Savory blend of tender cuts, perfect for hearty meals 🍖"
11111601,20.0,Velsmag,Grisekød,Nakkekoteletter,1,0,bk.,Netto,https://static.tilbudsugen.dk/1st-retail/2026/21/65373/Netto202026-1_11_2429x2568_4944x4819_zoom.jpg,2026-05-16,2026-05-22,https://res.cloudinary.com/dfqzmnlga/image/upload/v1778906932/2026-05-16/11111601.jpg,Neck chops,"Savoring the perfect bite, one chop at a time 🍲"
11111844,20.0,Velsmag,Grisekød,Grisekoteletter,1,0,bk.,Netto,https://static.tilbudsugen.dk/1st-retail/2026/21/65373/Netto202026-1_11_2429x2568_4944x4819_zoom.jpg,2026-05-16,2026-05-22,https://res.cloudinary.com/dfqzmnlga/image/upload/v1778906933/2026-05-16/11111844.jpg,Pig chops,"🔥 Chopstick master, ready to shred your day with a twist! 🍳"
11111618,69.0,Velsmag,Oksekød,Hakket oksekød 8-12%,1,0,ps.,Netto,https://static.tilbudsugen.dk/1st-retail/2026/21/65373/Netto202026-1_12_2510x4862_4949x6827_zoom.jpg,2026-05-16,2026-05-22,https://res.cloudinary.com/dfqzmnlga/image/upload/v1778906933/2026-05-16/11111618.jpg,Minced beef 8-12 per cent,"🔥 Crispy, juicy, and perfect for any recipe—minced beef is the star of the kitchen! 🍳"
11111626,39.0,Velsmag,Oksekød,Nyretappe,1,0,bk.,Netto,https://static.tilbudsugen.dk/1st-retail/2026/21/65373/Netto202026-1_13_92x1721_4863x6903_zoom.jpg,2026-05-01,2026-05-31,https://res.cloudinary.com/dfqzmnlga/image/upload/v1778906933/2026-05-16/11111626.jpg,Kidney bottle,✨ Kidney bottle: The perfect partner for any snack time! 🍫
11087465,39.0,Velsmag,Oksekød,Nyretappe,1,0,bk.,Netto,https://static.tilbudsugen.dk/1st-retail/2026/19/65241/Netto182026-1_8_144x3939_3148x6830_zoom.jpg,2026-05-01,2026-05-31,https://res.cloudinary.com/dfqzmnlga/image/upload/v1778906934/2026-05-16/11087465.jpg,Kidney bottle,"✨ Kidney bottle: Always there, always ready to fill up your day! 🌟"
11110930,15.0,Bådsmand,Sild,Sild,1,0,gl.,Netto,https://static.tilbudsugen.dk/1st-retail/2026/21/65373/Netto202026-1_1_65x4128_2499x6660_zoom.jpg,2026-05-16,2026-05-22,https://res.cloudinary.com/dfqzmnlga/image/upload/v1778906935/2026-05-16/11110930.jpg,Herring,"Sunny-side-up, salty, and ready to fry—just wait for the perfect storm. 🍣"
11111135,12.0,Bornholms,Konserves,Torskerogn,1,0,ds.,Netto,https://static.tilbudsugen.dk/1st-retail/2026/21/65373/Netto202026-1_3_3276x4674_4928x6822_zoom.jpg,2026-05-16,2026-05-22,https://res.cloudinary.com/dfqzmnlga/image/upload/v1778906935/2026-05-16/11111135.jpg,Cod eggs,"Crackling with energy, ready to fry your day with a perfect cod egg twist! 🍳✨"
11110926,15.0,Bådsmand,Sild,Sild,1,0,bg.,Netto,https://static.tilbudsugen.dk/1st-retail/2026/21/65373/Netto202026-1_1_65x4128_2499x6660_zoom.jpg,2026-05-16,2026-05-22,https://res.cloudinary.com/dfqzmnlga/image/upload/v1778906935/2026-05-16/11110926.jpg,Herring,"Silent swimmer, ocean whisper, with a knack for keeping things fresh—*🐟*"
11111047,12.0,Glyngøre,Konserves,Tun i olie,1,0,ds.,Netto,https://static.tilbudsugen.dk/1st-retail/2026/21/65373/Netto202026-1_3_3276x4674_4928x6822_zoom.jpg,2026-05-16,2026-05-22,https://res.cloudinary.com/dfqzmnlga/image/upload/v1778906936/2026-05-16/11111047.jpg,Tunas in oil,"🔥Sizzling in oil, ready to conquer any meal! 🍳"
11111134,12.0,Glyngøre,Konserves,Tun i vand,1,0,ds.,Netto,https://static.tilbudsugen.dk/1st-retail/2026/21/65373/Netto202026-1_3_3276x4674_4928x6822_zoom.jpg,2026-05-16,2026-05-22,https://res.cloudinary.com/dfqzmnlga/image/upload/v1778906936/2026-05-16/11111134.jpg,Tunas in water,"Sunny day, ocean breeze, and a perfect blend of salt and sunshine — just like me! 🌊☀️"
11111005,89.0,Velsmag,Fersk fisk,Lakseside,1,0,pk.,Netto,https://static.tilbudsugen.dk/1st-retail/2026/21/65373/Netto202026-1_2_2391x4717_4879x6865_zoom.jpg,2026-05-16,2026-05-22,https://res.cloudinary.com/dfqzmnlga/image/upload/v1778906937/2026-05-16/11111005.jpg,Salmonside,"✨ Salmonside: The ocean's favorite sidekick, ready to spark conversations and satisfy cravings. 🐟"
11111451,45.0,Polar Seafood,Rejer og andre skaldyr,Rejer,1,0,bg.,Netto,https://static.tilbudsugen.dk/1st-retail/2026/21/65373/Netto202026-1_4_75x2876_1625x4674_zoom.jpg,2026-05-16,2026-05-22,https://res.cloudinary.com/dfqzmnlga/image/upload/v1778906937/2026-05-16/11111451.jpg,Shrimps and prawns,"✨ Crave fresh seafood? I'm the ultimate flavor bomb—shrimps and prawns, ready to conquer your taste buds! 🐟"
11111037,29.0,Glyngøre,Sild,Sild,1,0,gl.,Netto,https://static.tilbudsugen.dk/1st-retail/2026/21/65373/Netto202026-1_3_32x4754_1657x6871_zoom.jpg,2026-05-16,2026-05-22,https://res.cloudinary.com/dfqzmnlga/image/upload/v1778906937/2026-05-16/11111037.jpg,Herring,"Sashimi master, sushi enthusiast, and occasional seafood smuggler. 🍣"
11111727,29.0,,Røget og gravad,Laks,1,0,bk.,Netto,https://static.tilbudsugen.dk/1st-retail/2026/21/65373/Netto202026-1_1_2521x4096_4863x6644_zoom.jpg,2026-05-16,2026-05-22,https://res.cloudinary.com/dfqzmnlga/image/upload/v1778906938/2026-05-16/11111727.jpg,Salmon,"Sashimi lover with a side of seaweed—fresh, vibrant, and ready to conquer the plate. 🍣"
11110931,29.0,,Røget og gravad,Laks i skiver,1,0,pk.,Netto,https://static.tilbudsugen.dk/1st-retail/2026/21/65373/Netto202026-1_1_2521x4096_4863x6644_zoom.jpg,2026-05-16,2026-05-22,https://res.cloudinary.com/dfqzmnlga/image/upload/v1778906938/2026-05-16/11110931.jpg,Salmon in slices,"Sizzling with flavor, ready to ignite your taste buds! 🍣"
11111501,25.0,Løgismose,Sild,Sild,1,0,bg.,Netto,https://static.tilbudsugen.dk/1st-retail/2026/21/65373/Netto202026-1_6_119x2509_1754x4641_zoom.jpg,2026-05-16,2026-05-22,https://res.cloudinary.com/dfqzmnlga/image/upload/v1778906939/2026-05-16/11111501.jpg,Herring,"Sashimi master, sushi lover, and occasional seafood enthusiast 🍣"
11111472,109.0,,Røget og gravad,Ørred,1,0,pk.,Netto,https://static.tilbudsugen.dk/1st-retail/2026/21/65373/Netto202026-1_4_1700x4695_3708x6881_zoom.jpg,2026-05-16,2026-05-22,https://res.cloudinary.com/dfqzmnlga/image/upload/v1778906940/2026-05-16/11111472.jpg,Trout,"✨ Trout who loves to swim, dive, and make waves with every catch!"
11111460,65.0,Premieur,Rejer og andre skaldyr,Rejer,1,0,bg.,Netto,https://static.tilbudsugen.dk/1st-retail/2026/21/65373/Netto202026-1_4_3303x2476_4901x4668_zoom.jpg,2026-05-16,2026-05-22,https://res.cloudinary.com/dfqzmnlga/image/upload/v1778906940/2026-05-16/11111460.jpg,Shrimps and prawns,Craving something juicy? I'm the shrimp and prawn lover who knows how to make a meal shine. 🍤🍝
11111465,65.0,Premieur,Rejer og andre skaldyr,Skalrejer,1,0,ps.,Netto,https://static.tilbudsugen.dk/1st-retail/2026/21/65373/Netto202026-1_4_3303x2476_4901x4668_zoom.jpg,2026-05-16,2026-05-22,https://res.cloudinary.com/dfqzmnlga/image/upload/v1778906941/2026-05-16/11111465.jpg,Shrimps and prawns,"✨ Crave fresh, juicy shrimp and prawns? I’m the ocean’s favorite snack! 🐟"
11111762,12.0,Bådsmand,Caviar - Rogn,Stenbidderrogn sort,1,0,gl.,Netto,https://static.tilbudsugen.dk/1st-retail/2026/21/65373/Netto202026-1_4_86x4636_1689x6833_zoom.jpg,2026-05-16,2026-05-22,https://res.cloudinary.com/dfqzmnlga/image/upload/v1778906941/2026-05-16/11111762.jpg,Stone biter roe black,"🔥 A biting, black stone biter that never lies—perfect for a bold, unforgettable date. 🍽️"
11111377,65.0,Premieur,Røget og gravad,Laks i skiver,1,0,pk.,Netto,https://static.tilbudsugen.dk/1st-retail/2026/21/65373/Netto202026-1_4_1732x198_3303x2536_zoom.jpg,2026-05-16,2026-05-22,https://res.cloudinary.com/dfqzmnlga/image/upload/v1778906941/2026-05-16/11111377.jpg,Salmon in slices,"Slicing paradise into perfect, juicy bites—because every bite tells a story. 🍣"
11111190,65.0,Premieur,Røget og gravad,Laks,1,0,pk.,Netto,https://static.tilbudsugen.dk/1st-retail/2026/21/65373/Netto202026-1_4_92x182_1700x2455_zoom.jpg,2026-05-16,2026-05-22,https://res.cloudinary.com/dfqzmnlga/image/upload/v1778906942/2026-05-16/11111190.jpg,Salmon,"✨ Flaky, delicious, and full of omega-3s—perfect for a quick snack or a cozy dinner. 🍣"
11111017,20.0,Grovhakket,Postej og Paté,Leverpostej,1,0,pk.,Netto,https://static.tilbudsugen.dk/1st-retail/2026/21/65373/Netto202026-1_3_1684x2498_3309x4657_zoom.jpg,2026-05-16,2026-05-22,https://res.cloudinary.com/dfqzmnlga/image/upload/v1778906942/2026-05-16/11111017.jpg,Liver pie,"Savory, smoky, and slightly spicy — my life's perfect recipe! 🍽️"
11111019,20.0,Fransk Postej,Postej og Paté,Leverpostej,1,0,pk.,Netto,https://static.tilbudsugen.dk/1st-retail/2026/21/65373/Netto202026-1_3_1684x2498_3309x4657_zoom.jpg,2026-05-16,2026-05-22,https://res.cloudinary.com/dfqzmnlga/image/upload/v1778906943/2026-05-16/11111019.jpg,Liver pie,"Craving a savory burst of flavor? I'm liver pie—bold, hearty, and ready to satisfy your taste buds! 🍽️"
11110998,12.0,La Campagna,Pålægssalat,Hummus Trio,1,0,bg.,Netto,https://static.tilbudsugen.dk/1st-retail/2026/21/65373/Netto202026-1_16_65x4616_2960x6828_zoom.jpg,2026-05-16,2026-05-22,https://res.cloudinary.com/dfqzmnlga/image/upload/v1778906943/2026-05-16/11110998.jpg,Hummus Trio,✨ A savory blend of flavors that brings the kitchen to your doorstep 🍲
11110974,12.0,La Campagna,Pålægssalat,Hummus Chili,1,0,bg.,Netto,https://static.tilbudsugen.dk/1st-retail/2026/21/65373/Netto202026-1_16_65x4616_2960x6828_zoom.jpg,2026-05-16,2026-05-22,https://res.cloudinary.com/dfqzmnlga/image/upload/v1778906943/2026-05-16/11110974.jpg,Hummus Chili,"Spicy, creamy, and perfectly balanced—just the way a good meal should be 🌮🌶️"
11110999,12.0,La Campagna,Pålægssalat,Hummus,1,0,bg.,Netto,https://static.tilbudsugen.dk/1st-retail/2026/21/65373/Netto202026-1_16_65x4616_2960x6828_zoom.jpg,2026-05-16,2026-05-22,https://res.cloudinary.com/dfqzmnlga/image/upload/v1778906944/2026-05-16/11110999.jpg,Hummus,"Spicy, creamy, and perfect for any snack — just don't forget to add some life. 🍲"
11110993,10.0,Salatmesteren,Pålægssalat,Hønsesalat,1,0,bg.,Netto,https://static.tilbudsugen.dk/1st-retail/2026/21/65373/Netto202026-1_2_38x2552_2418x4620_zoom.jpg,2026-05-16,2026-05-22,https://res.cloudinary.com/dfqzmnlga/image/upload/v1778906944/2026-05-16/11110993.jpg,Chicken lettuce,"Sautéed with flair, chicken lettuce is the ultimate flavor bomb — perfect for a quick, tasty snack or meal. 🍗✨"
11110991,10.0,Salatmesteren,Pålægssalat,Rejesalat,1,0,bg.,Netto,https://static.tilbudsugen.dk/1st-retail/2026/21/65373/Netto202026-1_2_38x2552_2418x4620_zoom.jpg,2026-05-16,2026-05-22,https://res.cloudinary.com/dfqzmnlga/image/upload/v1778906945/2026-05-16/11110991.jpg,Shrimp lettuce,"✨ Shrimp lettuce: the ultimate flavor fusion of shrimp and lettuce, ready to conquer your plate! 🍤 lettuce 🥗"
11110992,10.0,Salatmesteren,Pålægssalat,Makrelsalat,1,0,bg.,Netto,https://static.tilbudsugen.dk/1st-retail/2026/21/65373/Netto202026-1_2_38x2552_2418x4620_zoom.jpg,2026-05-16,2026-05-22,https://res.cloudinary.com/dfqzmnlga/image/upload/v1778906946/2026-05-16/11110992.jpg,Mackerel lettuce,"Squid-like lettuce that tastes like a salty, smoky adventure — perfect for a quick, satisfying snack. 🐙"
11110988,10.0,Salatmesteren,Pålægssalat,Skinkesalat,1,0,bg.,Netto,https://static.tilbudsugen.dk/1st-retail/2026/21/65373/Netto202026-1_2_38x2552_2418x4620_zoom.jpg,2026-05-16,2026-05-22,https://res.cloudinary.com/dfqzmnlga/image/upload/v1778906946/2026-05-16/11110988.jpg,Ham lettuce,"Savoring the taste of life with a side of lettuce—because sometimes, the best meals are the ones that taste like you. 🥗"
11110990,10.0,Salatmesteren,Pålægssalat,Kylling & Baconsalat,1,0,bg.,Netto,https://static.tilbudsugen.dk/1st-retail/2026/21/65373/Netto202026-1_2_38x2552_2418x4620_zoom.jpg,2026-05-16,2026-05-22,https://res.cloudinary.com/dfqzmnlga/image/upload/v1778906947/2026-05-16/11110990.jpg,Chicken & Bacon Salad,Savor the crunch of chicken and the smoky sweetness of bacon in every bite! 🍗 Bacon 🥩
11110987,10.0,Salatmesteren,Pålægssalat,Æggesalat,1,0,bg.,Netto,https://static.tilbudsugen.dk/1st-retail/2026/21/65373/Netto202026-1_2_38x2552_2418x4620_zoom.jpg,2026-05-16,2026-05-22,https://res.cloudinary.com/dfqzmnlga/image/upload/v1778906947/2026-05-16/11110987.jpg,Egg salad,"Egg salad: the perfect blend of creamy, tangy, and unstoppable. 🥚"
11110989,10.0,Salatmesteren,Pålægssalat,Tunsalat,1,0,bg.,Netto,https://static.tilbudsugen.dk/1st-retail/2026/21/65373/Netto202026-1_2_38x2552_2418x4620_zoom.jpg,2026-05-16,2026-05-22,https://res.cloudinary.com/dfqzmnlga/image/upload/v1778906948/2026-05-16/11110989.jpg,Tuna salad,"Sunny-side up with a side of flavor—tuna salad, ready to conquer the day 🍣"
11111020,20.0,Bacon Peber,Postej og Paté,Leverpostej,1,0,pk.,Netto,https://static.tilbudsugen.dk/1st-retail/2026/21/65373/Netto202026-1_3_1684x2498_3309x4657_zoom.jpg,2026-05-16,2026-05-22,https://res.cloudinary.com/dfqzmnlga/image/upload/v1778906948/2026-05-16/11111020.jpg,Liver pie,"Craving a savory, smoky burst of flavor? I'm liver pie—bold, hearty, and ready to satisfy your taste buds. 🍴"
11111030,12.0,Gul bordpak,"Pålæg, skiveskåret",Sønderjysk Spegepølse,1,0,pk.,Netto,https://static.tilbudsugen.dk/1st-retail/2026/21/65373/Netto202026-1_3_3260x2476_4949x4652_zoom.jpg,2026-05-16,2026-05-22,https://res.cloudinary.com/dfqzmnlga/image/upload/v1778906948/2026-05-16/11111030.jpg,Sønderjysk Salsify,"✨ Super tasty, super smooth, and super versatile – the perfect sidekick to any meal! 🍽️"
11111021,12.0,Gul bordpak,"Pålæg, skiveskåret",Kartoffelspegepølse,1,0,pk.,Netto,https://static.tilbudsugen.dk/1st-retail/2026/21/65373/Netto202026-1_3_3260x2476_4949x4652_zoom.jpg,2026-05-16,2026-05-22,https://res.cloudinary.com/dfqzmnlga/image/upload/v1778906949/2026-05-16/11111021.jpg,Potato sausage,"🔥 Spicy, smoky, and unstoppable—perfect for any kitchen showdown! 🌟"
11111025,12.0,Gul bordpak,"Pålæg, skiveskåret",Kødpølse,1,0,pk.,Netto,https://static.tilbudsugen.dk/1st-retail/2026/21/65373/Netto202026-1_3_3260x2476_4949x4652_zoom.jpg,2026-05-16,2026-05-22,https://res.cloudinary.com/dfqzmnlga/image/upload/v1778906949/2026-05-16/11111025.jpg,Meat sausage,"🔥 Sizzling with flavor, ready to ignite your taste buds! 🐄"
11111024,12.0,Gul bordpak,"Pålæg, skiveskåret",Kalkunspegepølse - Den lette,1,0,pk.,Netto,https://static.tilbudsugen.dk/1st-retail/2026/21/65373/Netto202026-1_3_3260x2476_4949x4652_zoom.jpg,2026-05-16,2026-05-22,https://res.cloudinary.com/dfqzmnlga/image/upload/v1778906950/2026-05-16/11111024.jpg,Turkey hot dogs - The light,"Light-hearted, spicy, and always ready to grill – the Turkey hot dog that never misses a beat. 🍔🔥"
11111026,12.0,Gul bordpak,"Pålæg, skiveskåret",Jægerpølse - Den lette,1,0,pk.,Netto,https://static.tilbudsugen.dk/1st-retail/2026/21/65373/Netto202026-1_3_3260x2476_4949x4652_zoom.jpg,2026-05-16,2026-05-22,https://res.cloudinary.com/dfqzmnlga/image/upload/v1778906950/2026-05-16/11111026.jpg,Hunter Sausage - The Easy,"🔥 Spicy, smoky, and ready to conquer any meal—Hunter Sausage, the Easy. 🍴"
11111027,12.0,Gul bordpak,"Pålæg, skiveskåret",Kødpølse - Den lette,1,0,pk.,Netto,https://static.tilbudsugen.dk/1st-retail/2026/21/65373/Netto202026-1_3_3260x2476_4949x4652_zoom.jpg,2026-05-16,2026-05-22,https://res.cloudinary.com/dfqzmnlga/image/upload/v1778906951/2026-05-16/11111027.jpg,Meat Sausage - The Light,"🔥 Whisked in the heat of the grill, I'm the spicy, smoky star of the kitchen—perfect for a night of flavor. 🍴"
11111029,12.0,Gul bordpak,"Pålæg, skiveskåret",Oksespegepølse,1,0,pk.,Netto,https://static.tilbudsugen.dk/1st-retail/2026/21/65373/Netto202026-1_3_3260x2476_4949x4652_zoom.jpg,2026-05-16,2026-05-22,https://res.cloudinary.com/dfqzmnlga/image/upload/v1778906951/2026-05-16/11111029.jpg,Beef-pearled sausage,"Sizzling with flavor, ready to conquer your taste buds! 🍔🔥"
11110970,25.0,Premieur,Pålægspølser,Chorizo,1,0,stk.,Netto,https://static.tilbudsugen.dk/1st-retail/2026/21/65373/Netto202026-1_16_36x1206_2894x4746_zoom.jpg,2026-05-16,2026-05-22,https://res.cloudinary.com/dfqzmnlga/image/upload/v1778906952/2026-05-16/11110970.jpg,Chorizo,"🔥 Spicy, smoky, and ready to spice up your day! 🌟"
11111028,12.0,Gul bordpak,"Pålæg, skiveskåret",Røget Medister,1,0,pk.,Netto,https://static.tilbudsugen.dk/1st-retail/2026/21/65373/Netto202026-1_3_3260x2476_4949x4652_zoom.jpg,2026-05-16,2026-05-22,https://res.cloudinary.com/dfqzmnlga/image/upload/v1778906952/2026-05-16/11111028.jpg,Smoked Medists,"🔥 Smoked Medists: The perfect blend of smoky flavor and bold flavor, ready to elevate any meal. 🍴"
11111039,15.0,Smagen af Århus,"Pålæg, skiveskåret",Roastbeef,1,0,pk.,Netto,https://static.tilbudsugen.dk/1st-retail/2026/21/65373/Netto202026-1_3_1695x4701_3271x6838_zoom.jpg,2026-05-16,2026-05-22,https://res.cloudinary.com/dfqzmnlga/image/upload/v1778906952/2026-05-16/11111039.jpg,Roast beef,Savoring the perfect slice of life with every bite — 🍲
11111045,15.0,Smagen af Århus,"Pålæg, skiveskåret",Bach Skinke,1,0,pk.,Netto,https://static.tilbudsugen.dk/1st-retail/2026/21/65373/Netto202026-1_3_1695x4701_3271x6838_zoom.jpg,2026-05-16,2026-05-22,https://res.cloudinary.com/dfqzmnlga/image/upload/v1778906953/2026-05-16/11111045.jpg,Bach Skins,✨ Skins that make your confidence shine brighter than a well-stocked pantry! ✨
11111044,15.0,Smagen af Århus,"Pålæg, skiveskåret",Oksebryst,1,0,pk.,Netto,https://static.tilbudsugen.dk/1st-retail/2026/21/65373/Netto202026-1_3_1695x4701_3271x6838_zoom.jpg,2026-05-16,2026-05-22,https://res.cloudinary.com/dfqzmnlga/image/upload/v1778906953/2026-05-16/11111044.jpg,Beef breast,"Sizzling with flavor, ready to conquer any plate! 🍳"
11111043,15.0,Smagen af Århus,"Pålæg, skiveskåret",Rullepølse,1,0,pk.,Netto,https://static.tilbudsugen.dk/1st-retail/2026/21/65373/Netto202026-1_3_1695x4701_3271x6838_zoom.jpg,2026-05-16,2026-05-22,https://res.cloudinary.com/dfqzmnlga/image/upload/v1778906954/2026-05-16/11111043.jpg,Roller sausage,"Savory, smoky, and ready to roll—perfect for a tasty twist on any meal! 🍴"
11110969,25.0,Premieur,"Pålæg, skiveskåret",Carpaccio,1,0,pk.,Netto,https://static.tilbudsugen.dk/1st-retail/2026/21/65373/Netto202026-1_16_36x1206_2894x4746_zoom.jpg,2026-05-16,2026-05-22,https://res.cloudinary.com/dfqzmnlga/image/upload/v1778906954/2026-05-16/11110969.jpg,Carpaccio,"Served straight from the fridge, with a side of adventure and a dash of flavor. 🍴✨"
11110972,25.0,Premieur,"Pålæg, skiveskåret",Jamon Serrano,1,0,pk.,Netto,https://static.tilbudsugen.dk/1st-retail/2026/21/65373/Netto202026-1_16_36x1206_2894x4746_zoom.jpg,2026-05-16,2026-05-22,https://res.cloudinary.com/dfqzmnlga/image/upload/v1778906955/2026-05-16/11110972.jpg,Jamon Serrano,"Serrano ham lover, ready to slice, dice, and ignite a conversation. 🍞"
11110971,25.0,Premieur,"Pålæg, skiveskåret",Prosciutto Di Parma,1,0,pk.,Netto,https://static.tilbudsugen.dk/1st-retail/2026/21/65373/Netto202026-1_16_36x1206_2894x4746_zoom.jpg,2026-05-16,2026-05-22,https://res.cloudinary.com/dfqzmnlga/image/upload/v1778906955/2026-05-16/11110971.jpg,Prosciutto Di Parma,"Savory, smoky, and slightly spicy — the perfect companion to a good story. 🍴"
11110973,25.0,Premieur,"Pålæg, skiveskåret",Bresaola,1,0,pk.,Netto,https://static.tilbudsugen.dk/1st-retail/2026/21/65373/Netto202026-1_16_36x1206_2894x4746_zoom.jpg,2026-05-16,2026-05-22,https://res.cloudinary.com/dfqzmnlga/image/upload/v1778906955/2026-05-16/11110973.jpg,Bresaola,Savor the taste of simplicity with a side of bold flavor 🍖
11111012,39.0,Steff Houlberg,600 g - 1099 g Store Pakker Pølser,Frankfurter,1,0,pk.,Netto,https://static.tilbudsugen.dk/1st-retail/2026/21/65373/Netto202026-1_17_3301x110_4926x2468_zoom.jpg,2026-05-16,2026-05-22,https://res.cloudinary.com/dfqzmnlga/image/upload/v1778906956/2026-05-16/11111012.jpg,Frankfurter,"🔥Savory, spicy, and ready to ignite your taste buds—just like a good friend who's always got the perfect punch. 🍔"
11111010,39.0,Steff Houlberg,600 g - 1099 g Store Pakker Pølser,Grillpølser,1,0,pk.,Netto,https://static.tilbudsugen.dk/1st-retail/2026/21/65373/Netto202026-1_17_3301x110_4926x2468_zoom.jpg,2026-05-16,2026-05-22,https://res.cloudinary.com/dfqzmnlga/image/upload/v1778906956/2026-05-16/11111010.jpg,Barbecue sausages,"🔥 Sizzling with flavor, ready to ignite your taste buds! 🍔"
11087454,25.0,Pølsemesteren,300 g - 599 g Normalpakke Pølser,Hotdogpølser,1,0,pk.,Netto,https://static.tilbudsugen.dk/1st-retail/2026/19/65241/Netto182026-1_7_1610x341_4651x2478_zoom.jpg,2026-05-01,2026-05-31,https://res.cloudinary.com/dfqzmnlga/image/upload/v1778906957/2026-05-16/11087454.jpg,Hot dog sausages,"Sizzling with flavor, I’m the perfect partner for a spicy afternoon snack! 🍔"
11087453,25.0,Pølsemesteren,300 g - 599 g Normalpakke Pølser,Grillpølser,1,0,pk.,Netto,https://static.tilbudsugen.dk/1st-retail/2026/19/65241/Netto182026-1_7_1610x341_4651x2478_zoom.jpg,2026-05-01,2026-05-31,https://res.cloudinary.com/dfqzmnlga/image/upload/v1778906957/2026-05-16/11087453.jpg,Barbecue sausages,"Sizzling with flavor, I'm the BBQ sausage that turns every bite into a celebration! 🍔🔥"
11087452,25.0,Pølsemesteren,300 g - 599 g Normalpakke Pølser,Kyllingepølser,1,0,pk.,Netto,https://static.tilbudsugen.dk/1st-retail/2026/19/65241/Netto182026-1_7_1610x341_4651x2478_zoom.jpg,2026-05-01,2026-05-31,https://res.cloudinary.com/dfqzmnlga/image/upload/v1778906958/2026-05-16/11087452.jpg,Chicken sausages,"🔥 Sizzling with flavor, ready to conquer your taste buds! 🥩"
11087455,25.0,Pølsemesteren,300 g - 599 g Normalpakke Pølser,Grillpølser med Cheddar,1,0,pk.,Netto,https://static.tilbudsugen.dk/1st-retail/2026/19/65241/Netto182026-1_7_1610x341_4651x2478_zoom.jpg,2026-05-01,2026-05-31,https://res.cloudinary.com/dfqzmnlga/image/upload/v1778906958/2026-05-16/11087455.jpg,Barbecue sausages with Cheddar,"🔥 Sizzling with flavor, every bite a barbecue masterpiece! 🍔"
11111644,12.0,Kløver,Mælk,Koldskål Tykmælk & Æg,1,1,krt.,Netto,https://static.tilbudsugen.dk/1st-retail/2026/21/65373/Netto202026-1_14_3093x2536_4885x4744_zoom.jpg,2026-05-16,2026-05-22,https://res.cloudinary.com/dfqzmnlga/image/upload/v1778906959/2026-05-16/11111644.jpg,Cold bowl Thick milk & Eggs,"Cool bowl of cold milk and eggs, ready to chill your day. 🍳"
11111513,19.0,Løgismose,Syrnet morgenmad,Appelsin Yoghurt ,1,1,krt.,Netto,https://static.tilbudsugen.dk/1st-retail/2026/21/65373/Netto202026-1_6_1732x4695_3314x6757_zoom.jpg,2026-05-16,2026-05-22,https://res.cloudinary.com/dfqzmnlga/image/upload/v1778906959/2026-05-16/11111513.jpg,Orange Yogurt,"Sour and sweet, perfect for a morning pick-me-up 🍊"
11111519,19.0,Løgismose,Syrnet morgenmad,Naturel Yoghurt ,1,1,krt.,Netto,https://static.tilbudsugen.dk/1st-retail/2026/21/65373/Netto202026-1_6_1732x4695_3314x6757_zoom.jpg,2026-05-16,2026-05-22,https://res.cloudinary.com/dfqzmnlga/image/upload/v1778906959/2026-05-16/11111519.jpg,Natural Yogurt,"Sip, swirl, and conquer—nature's creamy delight in every bite! 🧁"
11111518,19.0,Løgismose,Syrnet morgenmad,Pære & Banan Yoghurt ,1,1,krt.,Netto,https://static.tilbudsugen.dk/1st-retail/2026/21/65373/Netto202026-1_6_1732x4695_3314x6757_zoom.jpg,2026-05-16,2026-05-22,https://res.cloudinary.com/dfqzmnlga/image/upload/v1778906960/2026-05-16/11111518.jpg,Pear & Banan Yogurt,"A sweet, creamy delight that pairs perfectly with any snack — just like a hug. 🍐"
11087496,12.0,Arla Protein,Mellemmåltider,Proteindrik Chocolate,1,0,fl.,Netto,https://static.tilbudsugen.dk/1st-retail/2026/19/65241/Netto182026-1_11_2269x192_4998x2826_zoom.jpg,2026-05-01,2026-05-31,https://res.cloudinary.com/dfqzmnlga/image/upload/v1778906960/2026-05-16/11087496.jpg,Protein Drink Chocolate,"✨ High-protein, sweet treat that fuels your day — perfect for those who want to stay energized and delicious!"
11087497,12.0,Arla Protein,Mellemmåltider,Proteindrik Strawberry & Raspberry,1,0,fl.,Netto,https://static.tilbudsugen.dk/1st-retail/2026/19/65241/Netto182026-1_11_2269x192_4998x2826_zoom.jpg,2026-05-01,2026-05-31,https://res.cloudinary.com/dfqzmnlga/image/upload/v1778906960/2026-05-16/11087497.jpg,Protein Drink Strawberry & Raspberry,"Sip on energy and flavor with this sweet, creamy protein drink—perfect for those who want to stay fueled and delicious. 🍓🍓"
11111636,8.0,Ama,Madlavning friskvarer,Madlavningsfløde 4%,1,0,krt.,Netto,https://static.tilbudsugen.dk/1st-retail/2026/21/65373/Netto202026-1_14_3120x733_4895x2487_zoom.jpg,2026-05-16,2026-05-22,https://res.cloudinary.com/dfqzmnlga/image/upload/v1778906961/2026-05-16/11111636.jpg,Cooking cream 4%,Savor the flavor of every meal with a dash of cream — and never forget your favorite dish. 🍲
11087730,8.0,Murph,Mellemmåltider,Protein Shake Strawberry,1,0,fl.,Netto,https://static.tilbudsugen.dk/1st-retail/2026/19/65241/Netto182026-1_30_3242x2439_4903x4674_zoom.jpg,2026-05-01,2026-05-31,https://res.cloudinary.com/dfqzmnlga/image/upload/v1778906961/2026-05-16/11087730.jpg,Protein Shake Strawberry,Savor the sweet taste of protein and strawberries in every sip — your energy and flavor are always on tap! 🍓💪
11087729,8.0,Murph,Mellemmåltider,Protein Shake Cocoa,1,0,fl.,Netto,https://static.tilbudsugen.dk/1st-retail/2026/19/65241/Netto182026-1_30_3242x2439_4903x4674_zoom.jpg,2026-05-01,2026-05-31,https://res.cloudinary.com/dfqzmnlga/image/upload/v1778906961/2026-05-16/11087729.jpg,Protein Shake Cocoa,✨ Boost your energy with a flavor that satisfies both your taste and your cravings!
11087728,8.0,Murph,Mellemmåltider,Protein Shake Vanilla,1,0,fl.,Netto,https://static.tilbudsugen.dk/1st-retail/2026/19/65241/Netto182026-1_30_3242x2439_4903x4674_zoom.jpg,2026-05-01,2026-05-31,https://res.cloudinary.com/dfqzmnlga/image/upload/v1778906962/2026-05-16/11087728.jpg,Protein Shake Vanilla,"✨ Satisfy your cravings with a protein boost — vanilla-inspired, ready to fuel your day! ✨"
11111711,18.0,Mammen,Madlavningsost,"Hytteost 1,5%",1,0,bg.,Netto,https://static.tilbudsugen.dk/1st-retail/2026/21/65373/Netto202026-1_15_113x4744_3109x6800_zoom.jpg,2026-05-16,2026-05-22,https://res.cloudinary.com/dfqzmnlga/image/upload/v1778906962/2026-05-16/11111711.jpg,"Cabin cheese 1,5%","✨ Curious about the taste of a creamy, mild cheese? 🥨"
11111723,12.0,Lacto FREE,Madlavning friskvarer,Piskefløde,1,0,stk.,Netto,https://static.tilbudsugen.dk/1st-retail/2026/21/65373/Netto202026-1_15_3103x4830_4841x6773_zoom.jpg,2026-05-16,2026-05-22,https://res.cloudinary.com/dfqzmnlga/image/upload/v1778906963/2026-05-16/11111723.jpg,Whip cream,"Sooapy and creamy, with a twist of magic—perfect for any occasion! 🌟"
11110917,10.0,Buko,Specialost,Flødeost Grøn Pikant,1,0,bg.,Netto,https://static.tilbudsugen.dk/1st-retail/2026/21/65373/Netto202026-1_1_54x1381_2456x4118_zoom.jpg,2026-05-16,2026-05-22,https://res.cloudinary.com/dfqzmnlga/image/upload/v1778906963/2026-05-16/11110917.jpg,Cream cheese Green Picker,"Cheesy, creamy, and slightly wild—perfect for a bold match. 🍯"
11110915,10.0,Buko,Specialost,Flødeost Naturel,1,0,bg.,Netto,https://static.tilbudsugen.dk/1st-retail/2026/21/65373/Netto202026-1_1_54x1381_2456x4118_zoom.jpg,2026-05-16,2026-05-22,https://res.cloudinary.com/dfqzmnlga/image/upload/v1778906964/2026-05-16/11110915.jpg,Cream cheese Naturel,"Soft, creamy, and slightly wild — like a sunny day in the heart of a city. 🍯"
11110916,10.0,Buko,Specialost,Flødeost Hvidløg,1,0,bg.,Netto,https://static.tilbudsugen.dk/1st-retail/2026/21/65373/Netto202026-1_1_54x1381_2456x4118_zoom.jpg,2026-05-16,2026-05-22,https://res.cloudinary.com/dfqzmnlga/image/upload/v1778906964/2026-05-16/11110916.jpg,Cream cheese Garlic,"Sour cream, sweet garlic — the perfect pairing for any dish. 🧀🧄"
11111561,10.46,ØGO,Madlavningsost,Hytteost,1,0,bg.,Netto,https://static.tilbudsugen.dk/1st-retail/2026/21/65373/Netto202026-1_8_1571x4625_3578x6838_zoom.jpg,2026-05-16,2026-05-22,https://res.cloudinary.com/dfqzmnlga/image/upload/v1778906964/2026-05-16/11111561.jpg,Cottage cheese,"Soozy, I'm the creamy, soft, and slightly tangy heart of the breakfast table—perfect for pairing with a great coffee. 🥝"
11111700,22.0,Falengreen,Madlavningsost,Revet ost Pizza Topping,1,0,ps.,Netto,https://static.tilbudsugen.dk/1st-retail/2026/21/65373/Netto202026-1_15_43x2509_1689x4690_zoom.jpg,2026-05-16,2026-05-22,https://res.cloudinary.com/dfqzmnlga/image/upload/v1778906965/2026-05-16/11111700.jpg,Reefed Cheese Pizza Topping,✨ Craving a slice of ocean flavor? I'm the reefed cheese pizza topping that turns every bite into a tropical adventure! 🌊🍕
11111647,12.0,Bakkedal,Fedtstoffer,Smørbar,1,0,bg.,Netto,https://static.tilbudsugen.dk/1st-retail/2026/21/65373/Netto202026-1_14_32x2514_2882x4695_zoom.jpg,2026-05-16,2026-05-22,https://res.cloudinary.com/dfqzmnlga/image/upload/v1778906966/2026-05-16/11111647.jpg,Butterable,"Savory, creamy, and perfectly edible—just ask me what I’m made of. 🧀"
11110912,10.0,Buko,Specialost,Flødeost Pikant,1,0,bg.,Netto,https://static.tilbudsugen.dk/1st-retail/2026/21/65373/Netto202026-1_1_54x1381_2456x4118_zoom.jpg,2026-05-16,2026-05-22,https://res.cloudinary.com/dfqzmnlga/image/upload/v1778906966/2026-05-16/11110912.jpg,Cream cheese Picant,"Sweeter than a summer breeze, creamy and bold, I melt your heart with every bite. 🍯"
11110914,10.0,Buko,Specialost,Flødeost Naturel,1,0,bg.,Netto,https://static.tilbudsugen.dk/1st-retail/2026/21/65373/Netto202026-1_1_54x1381_2456x4118_zoom.jpg,2026-05-16,2026-05-22,https://res.cloudinary.com/dfqzmnlga/image/upload/v1778906966/2026-05-16/11110914.jpg,Cream cheese Naturel,"Soft, creamy, and slightly wild—like a dream on a plate. 🍯"
11110918,10.0,Buko,Specialost,Flødeost Pikant Løg og Krydderurter,1,0,bg.,Netto,https://static.tilbudsugen.dk/1st-retail/2026/21/65373/Netto202026-1_1_54x1381_2456x4118_zoom.jpg,2026-05-16,2026-05-22,https://res.cloudinary.com/dfqzmnlga/image/upload/v1778906967/2026-05-16/11110918.jpg,Cream cheese Picant Bulbs and herbs,"Savor the sweet, tangy, and spicy blend of cream cheese, picant bulbs, and herbs—perfect for a flavor-packed snack or meal. 🌱✨"
11111702,49.0,Klovborg,Skæreost,Skæreost Danbo Mellemlagret,1,0,stk.,Netto,https://static.tilbudsugen.dk/1st-retail/2026/21/65373/Netto202026-1_15_3292x2493_4933x4701_zoom.jpg,2026-05-16,2026-05-22,https://res.cloudinary.com/dfqzmnlga/image/upload/v1778906967/2026-05-16/11111702.jpg,Cutting cheese Danbo Intermediate stock,"Danbo Intermediate stock, slicing cheese with precision and flair 🧇"
11111709,49.0,Cheasy,Skæreost,Skæreost Mild 13%,1,0,stk.,Netto,https://static.tilbudsugen.dk/1st-retail/2026/21/65373/Netto202026-1_15_3292x2493_4933x4701_zoom.jpg,2026-05-16,2026-05-22,https://res.cloudinary.com/dfqzmnlga/image/upload/v1778906967/2026-05-16/11111709.jpg,Cutting cheese Mild 13%,"✨ Cheese lover with a twist – cutting, mild, and just right!"
11111899,29.0,Lillebror,Specialost,Ostehaps,1,0,pk.,Netto,https://static.tilbudsugen.dk/1st-retail/2026/21/65373/Netto202026-1_15_1711x2509_3298x4701_zoom.jpg,2026-05-16,2026-05-22,https://res.cloudinary.com/dfqzmnlga/image/upload/v1778906968/2026-05-16/11111899.jpg,Ostephaps,"Ostephaps, the one who makes your day brighter with a smile and a sprinkle of joy. 🌟"
11111867,18.0,Creamy White,Specialost,Skimmelost,1,0,pk.,Netto,https://static.tilbudsugen.dk/1st-retail/2026/21/65373/Netto202026-1_15_0x4_2499x2498_zoom.jpg,2026-05-16,2026-05-22,https://res.cloudinary.com/dfqzmnlga/image/upload/v1778906968/2026-05-16/11111867.jpg,Skimming Lost,"Skimming Lost — I'm the quiet hero of forgotten things, always there to recover what's missing. 🗣️"
11111870,18.0,Castello,Specialost,Grilling Cheese,1,0,pk.,Netto,https://static.tilbudsugen.dk/1st-retail/2026/21/65373/Netto202026-1_15_0x4_2499x2498_zoom.jpg,2026-05-16,2026-05-22,https://res.cloudinary.com/dfqzmnlga/image/upload/v1778906968/2026-05-16/11111870.jpg,Grilling Cheese,"🔥 Grilling cheese to perfection, ready to melt and ignite your taste buds! 🧀🔥"
11111885,18.0,Saga,Specialost,Skimmelost,1,0,stk.,Netto,https://static.tilbudsugen.dk/1st-retail/2026/21/65373/Netto202026-1_15_0x4_2499x2498_zoom.jpg,2026-05-16,2026-05-22,https://res.cloudinary.com/dfqzmnlga/image/upload/v1778906969/2026-05-16/11111885.jpg,Skimming Lost,"Skimming Lost – I’m here to recover what’s forgotten, one item at a time. 🛒✨"
11111701,29.0,Cheez Dippers,Specialost,Ostesnacks,1,0,pk.,Netto,https://static.tilbudsugen.dk/1st-retail/2026/21/65373/Netto202026-1_15_1711x2509_3298x4701_zoom.jpg,2026-05-16,2026-05-22,https://res.cloudinary.com/dfqzmnlga/image/upload/v1778906969/2026-05-16/11111701.jpg,Cheese snacks,"Crunchy, creamy, and perfect for any snack time — cheese snacks! 😍"
11111904,22.0,HC Andersen,Skiveost,Skiveost Mellemlagret 45+,1,0,pk.,Netto,https://static.tilbudsugen.dk/1st-retail/2026/21/65373/Netto202026-1_15_43x2509_1689x4690_zoom.jpg,2026-05-16,2026-05-22,https://res.cloudinary.com/dfqzmnlga/image/upload/v1778906970/2026-05-16/11111904.jpg,Sliced cheese Intermediate storage 45+,✨ Curious about the perfect slice? I'm the cheese that's ready to conquer your plate! 🥨
11111662,18.0,Creamy Blue,Specialost,Skimmelost,1,0,pk.,Netto,https://static.tilbudsugen.dk/1st-retail/2026/21/65373/Netto202026-1_15_0x4_2499x2498_zoom.jpg,2026-05-16,2026-05-22,https://res.cloudinary.com/dfqzmnlga/image/upload/v1778906970/2026-05-16/11111662.jpg,Skimming Lost,Skimming Lost: I'm the one who finds your stuff before it disappears. 🛒✨
11111872,18.0,Marquis,Specialost,Skimmelost,1,0,pk.,Netto,https://static.tilbudsugen.dk/1st-retail/2026/21/65373/Netto202026-1_15_0x4_2499x2498_zoom.jpg,2026-05-16,2026-05-22,https://res.cloudinary.com/dfqzmnlga/image/upload/v1778906971/2026-05-16/11111872.jpg,Skimming Lost,"Skimming Lost — I'm here to recover what's missing, one shimmering moment at a time. 🌟"
11111862,18.0,Intense Blue,Specialost,Skimmelost,1,0,pk.,Netto,https://static.tilbudsugen.dk/1st-retail/2026/21/65373/Netto202026-1_15_0x4_2499x2498_zoom.jpg,2026-05-16,2026-05-22,https://res.cloudinary.com/dfqzmnlga/image/upload/v1778906971/2026-05-16/11111862.jpg,Skimming Lost,"Skimming Lost — catching what others miss, one shimmering moment at a time. 🌟"
11111866,18.0,Organic Blue,Specialost,Skimmelost,1,0,pk.,Netto,https://static.tilbudsugen.dk/1st-retail/2026/21/65373/Netto202026-1_15_0x4_2499x2498_zoom.jpg,2026-05-16,2026-05-22,https://res.cloudinary.com/dfqzmnlga/image/upload/v1778906971/2026-05-16/11111866.jpg,Skimming Lost,"I skim the lost, but I'm never seen again. 🌟"
11111549,22.0,Riberhus,Skiveost,Skiveost Danbo Mellemlagret,1,0,pk.,Netto,https://static.tilbudsugen.dk/1st-retail/2026/21/65373/Netto202026-1_7_1695x5219_3260x6833_zoom.jpg,2026-05-16,2026-05-22,https://res.cloudinary.com/dfqzmnlga/image/upload/v1778906971/2026-05-16/11111549.jpg,Skiveost Danbo Intermediate stock,Skiveost Danbo Intermediate stock: The ultimate multitasker who never misses a chance to dominate the kitchen and the conversation. 🍴✨
11111902,22.0,HC Andersen,Skiveost,Skiveost Mellemlagret 45+,1,0,pk.,Netto,https://static.tilbudsugen.dk/1st-retail/2026/21/65373/Netto202026-1_15_43x2509_1689x4690_zoom.jpg,2026-05-16,2026-05-22,https://res.cloudinary.com/dfqzmnlga/image/upload/v1778906972/2026-05-16/11111902.jpg,Sliced cheese Intermediate storage 45+,"✨ Curious about how to store cheese? I’m sliced, intermediate, and ready for the fridge—just don’t ask me how! 😄"
11111545,22.0,Klovborg,Skiveost,Skiveost Mellemlagret,1,0,pk.,Netto,https://static.tilbudsugen.dk/1st-retail/2026/21/65373/Netto202026-1_7_1695x5219_3260x6833_zoom.jpg,2026-05-16,2026-05-22,https://res.cloudinary.com/dfqzmnlga/image/upload/v1778906972/2026-05-16/11111545.jpg,Sliced cheese Intermediate storage,"Slice, store, and share—perfect for a great snack or a cozy meal! 🧀"
11111653,20.0,MilkSlice,Mellemmåltider,Cool Snacks,1,0,pk.,Netto,https://static.tilbudsugen.dk/1st-retail/2026/21/65373/Netto202026-1_14_59x4695_2494x6887_zoom.jpg,2026-05-16,2026-05-22,https://res.cloudinary.com/dfqzmnlga/image/upload/v1778906973/2026-05-16/11111653.jpg,Cool Snacks,"Snack your day with a twist—fresh, fun, and never boring! 🍬"
11111884,18.0,Taste Hawaii,Specialost,Flødeost,1,0,stk.,Netto,https://static.tilbudsugen.dk/1st-retail/2026/21/65373/Netto202026-1_15_0x4_2499x2498_zoom.jpg,2026-05-16,2026-05-22,https://res.cloudinary.com/dfqzmnlga/image/upload/v1778906973/2026-05-16/11111884.jpg,Cream cheese,"Smooth, creamy, and slightly rebellious—perfect for spreading across any occasion. 🧁"
11111688,30.0,Castello,Specialost,Havarti Extra Mature,1,0,pk.,Netto,https://static.tilbudsugen.dk/1st-retail/2026/21/65373/Netto202026-1_15_2521x107_4933x2493_zoom.jpg,2026-05-16,2026-05-22,https://res.cloudinary.com/dfqzmnlga/image/upload/v1778906974/2026-05-16/11111688.jpg,Havarti Extra Mature," cheesy, creamy, and slightly bold — like a hug in a jar 🍯"
11111685,30.0,Castello,Specialost,Cheddar Mature,1,0,pk.,Netto,https://static.tilbudsugen.dk/1st-retail/2026/21/65373/Netto202026-1_15_2521x107_4933x2493_zoom.jpg,2026-05-16,2026-05-22,https://res.cloudinary.com/dfqzmnlga/image/upload/v1778906974/2026-05-16/11111685.jpg,Cheddar Mature," cheesy, bold, and always ready to melt your heart — 🧀"
11111686,30.0,Castello,Specialost,Gouda,1,0,pk.,Netto,https://static.tilbudsugen.dk/1st-retail/2026/21/65373/Netto202026-1_15_2521x107_4933x2493_zoom.jpg,2026-05-16,2026-05-22,https://res.cloudinary.com/dfqzmnlga/image/upload/v1778906974/2026-05-16/11111686.jpg,Gouda,"Cheesy, creamy, and slightly rebellious — like a good old-fashioned Gouda. 🍃"
11111669,30.0,Castello,Specialost,Cheddar Extra Mature,1,0,pk.,Netto,https://static.tilbudsugen.dk/1st-retail/2026/21/65373/Netto202026-1_15_2521x107_4933x2493_zoom.jpg,2026-05-16,2026-05-22,https://res.cloudinary.com/dfqzmnlga/image/upload/v1778906975/2026-05-16/11111669.jpg,Cheddar Extra Mature,"Cheesy, bold, and ready to conquer the world 🧀"
11111649,20.0,Maxi King,Mellemmåltider,Cool Snacks,1,0,stk.,Netto,https://static.tilbudsugen.dk/1st-retail/2026/21/65373/Netto202026-1_14_59x4695_2494x6887_zoom.jpg,2026-05-16,2026-05-22,https://res.cloudinary.com/dfqzmnlga/image/upload/v1778906975/2026-05-16/11111649.jpg,Cool Snacks,Savor the unexpected—your cravings are always welcome. 🍬
11111652,20.0,Pingui,Mellemmåltider,Cool Snacks,1,0,pk.,Netto,https://static.tilbudsugen.dk/1st-retail/2026/21/65373/Netto202026-1_14_59x4695_2494x6887_zoom.jpg,2026-05-16,2026-05-22,https://res.cloudinary.com/dfqzmnlga/image/upload/v1778906975/2026-05-16/11111652.jpg,Cool Snacks,"✨ Snack your day with cool, crunchy, and crazy fun! ✨"
11111502,38.0,Løgismose,Specialost,Jysk Hede,1,0,stk.,Netto,https://static.tilbudsugen.dk/1st-retail/2026/21/65373/Netto202026-1_6_1738x2541_3357x4657_zoom.jpg,2026-05-16,2026-05-22,https://res.cloudinary.com/dfqzmnlga/image/upload/v1778906976/2026-05-16/11111502.jpg,Jysk Hede,✨ Supermarket superhero with a knack for making your day brighter!
11111504,38.0,Løgismose,Specialost,Aged Havarti,1,0,stk.,Netto,https://static.tilbudsugen.dk/1st-retail/2026/21/65373/Netto202026-1_6_1738x2541_3357x4657_zoom.jpg,2026-05-16,2026-05-22,https://res.cloudinary.com/dfqzmnlga/image/upload/v1778906976/2026-05-16/11111504.jpg,Aged Havarti,"Savory, aged, and slightly smoky — perfect for a midnight snack. 🍯"
11111687,30.0,Castello,Specialost,Havarti Aged,1,0,pk.,Netto,https://static.tilbudsugen.dk/1st-retail/2026/21/65373/Netto202026-1_15_2521x107_4933x2493_zoom.jpg,2026-05-16,2026-05-22,https://res.cloudinary.com/dfqzmnlga/image/upload/v1778906976/2026-05-16/11111687.jpg,Havarti Aged,"Smelly, creamy, and slightly smug — perfect for a snack. 🍯"
11111633,22.0,DAVA Foods,Skalæg,Æg,1,8,bk.,Netto,https://static.tilbudsugen.dk/1st-retail/2026/21/65373/Netto202026-1_14_32x668_2947x2482_zoom.jpg,2026-05-16,2026-05-22,https://res.cloudinary.com/dfqzmnlga/image/upload/v1778906977/2026-05-16/11111633.jpg,Eggs,"✨ The ultimate breakfast bomb, ready to oozie and ogle! 🥚"
11111567,2.0,Amper Energy Drink,Energi- Sports- & Vitamindrikke,Energidrik,1,0,ds.,Netto,https://static.tilbudsugen.dk/1st-retail/2026/21/65373/Netto202026-1_9_3346x927_4944x4593_zoom.jpg,2026-05-16,2026-05-22,https://res.cloudinary.com/dfqzmnlga/image/upload/v1778906977/2026-05-16/11111567.jpg,Energy Drink,💥 Boost your energy with a spark of fun—because life's too short for flat batteries!
11111570,2.0,Regular,Energi- Sports- & Vitamindrikke,Energidrik,1,0,ds.,Netto,https://static.tilbudsugen.dk/1st-retail/2026/21/65373/Netto202026-1_9_3346x927_4944x4593_zoom.jpg,2026-05-16,2026-05-22,https://res.cloudinary.com/dfqzmnlga/image/upload/v1778906978/2026-05-16/11111570.jpg,Energy Drink,"💥 Supercharged with energy, ready to conquer anything! 🌟"
11111799,79.0,0 Kalorier,Sodavand,Sportssodavand 24 pk.,24,0,ds.,Netto,https://static.tilbudsugen.dk/1st-retail/2026/21/65373/Netto202026-1_22_36x633_3315x2860_zoom.jpg,2026-05-16,2026-05-22,https://res.cloudinary.com/dfqzmnlga/image/upload/v1778906978/2026-05-16/11111799.jpg,Sports soda 24 pk.,"Sip, sweat, and shine—sports soda keeps you fueled! 🍸"
11111803,79.0,Faxe Kondi,Sodavand,Sportssodavand 24 pk.,24,0,ds.,Netto,https://static.tilbudsugen.dk/1st-retail/2026/21/65373/Netto202026-1_22_36x633_3315x2860_zoom.jpg,2026-05-16,2026-05-22,https://res.cloudinary.com/dfqzmnlga/image/upload/v1778906979/2026-05-16/11111803.jpg,Sports soda 24 pk.,"Sip, sprint, and smile—sports soda keeps you energized! 🥂"
11111805,79.0,Pepsi Max,Sodavand,Cola 24 pk.,24,0,ds.,Netto,https://static.tilbudsugen.dk/1st-retail/2026/21/65373/Netto202026-1_22_36x633_3315x2860_zoom.jpg,2026-05-16,2026-05-22,https://res.cloudinary.com/dfqzmnlga/image/upload/v1778906979/2026-05-16/11111805.jpg,Cola 24 pk.,"Sip, savor, and never forget—Cola 24 pk. 🍹"
11111773,16.0,Coca Cola,Sodavand,Cola,1,1,fl.,Netto,https://static.tilbudsugen.dk/1st-retail/2026/21/65373/Netto202026-1_22_58x2860_2524x6850_zoom.jpg,2026-05-16,2026-05-22,https://res.cloudinary.com/dfqzmnlga/image/upload/v1778906979/2026-05-16/11111773.jpg,Cola,"Fizzing fun, never boring—shake, splash, and let the good times roll! 🐾"
11111784,16.0,Coca Cola Zero,Sodavand,Cola,1,1,fl.,Netto,https://static.tilbudsugen.dk/1st-retail/2026/21/65373/Netto202026-1_22_58x2860_2524x6850_zoom.jpg,2026-05-16,2026-05-22,https://res.cloudinary.com/dfqzmnlga/image/upload/v1778906980/2026-05-16/11111784.jpg,Cola,"Fizzing fun, never boring — I'm the perfect companion for any thirsty moment! 🍹"
11111786,16.0,Exotic Zero,Sodavand,Sodavand,1,1,fl.,Netto,https://static.tilbudsugen.dk/1st-retail/2026/21/65373/Netto202026-1_22_58x2860_2524x6850_zoom.jpg,2026-05-16,2026-05-22,https://res.cloudinary.com/dfqzmnlga/image/upload/v1778906980/2026-05-16/11111786.jpg,Soda water,"Fizzing fun, never boring—just happy to help you stay bubbly! 🌟"
11111793,16.0,Squash,Sodavand,Appelsinsodavand,1,1,fl.,Netto,https://static.tilbudsugen.dk/1st-retail/2026/21/65373/Netto202026-1_22_58x2860_2524x6850_zoom.jpg,2026-05-16,2026-05-22,https://res.cloudinary.com/dfqzmnlga/image/upload/v1778906980/2026-05-16/11111793.jpg,Orange soda,"Tropical twist in every sip, 🍊✨"
11111785,16.0,Zero,Sodavand,Sportssodavand,1,1,fl.,Netto,https://static.tilbudsugen.dk/1st-retail/2026/21/65373/Netto202026-1_22_58x2860_2524x6850_zoom.jpg,2026-05-16,2026-05-22,https://res.cloudinary.com/dfqzmnlga/image/upload/v1778906981/2026-05-16/11111785.jpg,Sports soda,"Sip, shout, and stay unstoppable—sports soda, ready to crush any challenge! 🍹💪"
11087660,89.0,Pepsi Max,Sodavand,Cola 24 pk.,24,0,fl.,Netto,https://static.tilbudsugen.dk/1st-retail/2026/19/65241/Netto182026-1_26_0x4695_2438x6829_zoom.jpg,2026-05-01,2026-05-31,https://res.cloudinary.com/dfqzmnlga/image/upload/v1778906981/2026-05-16/11087660.jpg,Cola 24 pk.,"Sip, savor, and never let the taste of life get too sweet— 🍹"
11087659,89.0,Faxe Kondi,Sodavand,Sportssodavand 24 pk.,24,0,fl.,Netto,https://static.tilbudsugen.dk/1st-retail/2026/19/65241/Netto182026-1_26_0x4695_2438x6829_zoom.jpg,2026-05-01,2026-05-31,https://res.cloudinary.com/dfqzmnlga/image/upload/v1778906981/2026-05-16/11087659.jpg,Sports soda 24 pk.,"Sip, sweat, and shine—sports soda for the ultimate energy boost! 🎉"
11111886,10.0,Nutramino,Energi- Sports- & Vitamindrikke,Energidrik,1,0,fl.,Netto,https://static.tilbudsugen.dk/1st-retail/2026/21/65373/Netto202026-1_24_43x2853_1603x4848_zoom.jpg,2026-05-16,2026-05-22,https://res.cloudinary.com/dfqzmnlga/image/upload/v1778906982/2026-05-16/11111886.jpg,Energy Drink,🔥 Never miss a beat—charged up for the fight!
11111510,89.0,Blonde Espresso Roast,Kapselkaffe,Kaffekapsler,1,36,pk.,Netto,https://static.tilbudsugen.dk/1st-retail/2026/21/65373/Netto202026-1_19_3214x2744_4911x4862_zoom.jpg,2026-05-16,2026-05-22,https://res.cloudinary.com/dfqzmnlga/image/upload/v1778906982/2026-05-16/11111510.jpg,Coffee capsules," ☕️ Unwrap the world with every cup—sip, savor, and stay awake."
11111543,89.0,House Blend Lungo,Kapselkaffe,Kaffekapsler,1,36,pk.,Netto,https://static.tilbudsugen.dk/1st-retail/2026/21/65373/Netto202026-1_19_3214x2744_4911x4862_zoom.jpg,2026-05-16,2026-05-22,https://res.cloudinary.com/dfqzmnlga/image/upload/v1778906983/2026-05-16/11111543.jpg,Coffee capsules,☕️ Brew the world with a single sip—because life's too short for boring coffee.
11111642,25.0,BKI,Kaffe,Kaffe Formalet,1,0,ps.,Netto,https://static.tilbudsugen.dk/1st-retail/2026/21/65373/Netto202026-1_20_1647x4688_3286x6872_zoom.jpg,2026-05-16,2026-05-22,https://res.cloudinary.com/dfqzmnlga/image/upload/v1778906983/2026-05-16/11111642.jpg,Coffee Painted,"☕️ Painted with coffee, I’m the ultimate mood booster—perfect for any moment, any vibe. 🌟"
11111659,25.0,Guld,Kaffe,Kaffe Formalet,1,0,ps.,Netto,https://static.tilbudsugen.dk/1st-retail/2026/21/65373/Netto202026-1_20_1647x4688_3286x6872_zoom.jpg,2026-05-16,2026-05-22,https://res.cloudinary.com/dfqzmnlga/image/upload/v1778906983/2026-05-16/11111659.jpg,Coffee Painted,"☕️ Painted with coffee, I'm the ultimate mood booster—just don't ask me to paint your kitchen. 🌟"
11111637,79.0,Original,Instant Kaffe,Instant Kaffe,1,0,pk.,Netto,https://static.tilbudsugen.dk/1st-retail/2026/21/65373/Netto202026-1_20_3264x4608_4853x6901_zoom.jpg,2026-05-16,2026-05-22,https://res.cloudinary.com/dfqzmnlga/image/upload/v1778906984/2026-05-16/11111637.jpg,Instant Coffee,"☕ Brew your day with a twist—instant, ready, and always perfect."
11111641,79.0,Gold koffeinfri,Instant Kaffe,Instant Kaffe,1,0,gl.,Netto,https://static.tilbudsugen.dk/1st-retail/2026/21/65373/Netto202026-1_20_3264x4608_4853x6901_zoom.jpg,2026-05-16,2026-05-22,https://res.cloudinary.com/dfqzmnlga/image/upload/v1778906984/2026-05-16/11111641.jpg,Instant Coffee,"☕️ Brew your own bliss with every sip—instant, ready, and always perfect."
11111639,79.0,Gold,Instant Kaffe,Instant Kaffe,1,0,gl.,Netto,https://static.tilbudsugen.dk/1st-retail/2026/21/65373/Netto202026-1_20_3264x4608_4853x6901_zoom.jpg,2026-05-16,2026-05-22,https://res.cloudinary.com/dfqzmnlga/image/upload/v1778906984/2026-05-16/11111639.jpg,Instant Coffee,"☕️ Brew your day with a twist—instant, ready, and always perfect."
11111640,79.0,Gold Crema,Instant Kaffe,Instant Kaffe,1,0,gl.,Netto,https://static.tilbudsugen.dk/1st-retail/2026/21/65373/Netto202026-1_20_3264x4608_4853x6901_zoom.jpg,2026-05-16,2026-05-22,https://res.cloudinary.com/dfqzmnlga/image/upload/v1778906985/2026-05-16/11111640.jpg,Instant Coffee,"☕ Brew your day with a twist—instant, ready, and always perfect."
11111523,14.0,Løgismose,Juice,Æblemost Hyldeblomst & Citron,1,1,krt.,Netto,https://static.tilbudsugen.dk/1st-retail/2026/21/65373/Netto202026-1_6_3325x4674_4928x6773_zoom.jpg,2026-05-16,2026-05-22,https://res.cloudinary.com/dfqzmnlga/image/upload/v1778906985/2026-05-16/11111523.jpg,Emblem Cheese Shelf Blossom & Lemon,"🌼✨ A burst of flavor and fresh start, perfect for any moment."
11111524,14.0,Løgismose,Juice,Æblemost Ingefær,1,1,krt.,Netto,https://static.tilbudsugen.dk/1st-retail/2026/21/65373/Netto202026-1_6_3325x4674_4928x6773_zoom.jpg,2026-05-16,2026-05-22,https://res.cloudinary.com/dfqzmnlga/image/upload/v1778906986/2026-05-16/11111524.jpg,Apple cheese Ginger,"Tart, sweet, and spicy—perfect for a snack that never says 'no'. 🍎🌿"
11111525,14.0,Løgismose,Juice,Æblemost,1,1,krt.,Netto,https://static.tilbudsugen.dk/1st-retail/2026/21/65373/Netto202026-1_6_3325x4674_4928x6773_zoom.jpg,2026-05-16,2026-05-22,https://res.cloudinary.com/dfqzmnlga/image/upload/v1778906986/2026-05-16/11111525.jpg,Seasonal cheese,"Savor the moment — creamy, bold, and perfectly timed. 🧀"
11111550,16.0,ØGO,Juice,Appelsinjuice,1,1,krt.,Netto,https://static.tilbudsugen.dk/1st-retail/2026/21/65373/Netto202026-1_7_3282x5203_4841x6887_zoom.jpg,2026-05-16,2026-05-22,https://res.cloudinary.com/dfqzmnlga/image/upload/v1778906987/2026-05-16/11111550.jpg,Orange juice,"Citrusy energy boost, anytime, anywhere 🍊"
11111660,18.0,GodMorgen,Juice,Appelsin Nektar Juice,1,0,fl.,Netto,https://static.tilbudsugen.dk/1st-retail/2026/21/65373/Netto202026-1_14_2510x4776_4863x6865_zoom.jpg,2026-05-16,2026-05-22,https://res.cloudinary.com/dfqzmnlga/image/upload/v1778906987/2026-05-16/11111660.jpg,Orange Nectar Juice,"Sip on the sweetest nectar, ready to spark your day with a tangy twist! 🍊"
11111655,18.0,GodMorgen,Juice,Æblejuice,1,0,fl.,Netto,https://static.tilbudsugen.dk/1st-retail/2026/21/65373/Netto202026-1_14_2510x4776_4863x6865_zoom.jpg,2026-05-16,2026-05-22,https://res.cloudinary.com/dfqzmnlga/image/upload/v1778906987/2026-05-16/11111655.jpg,Apple juice,"Juice your day with a sweet, refreshing twist! 🍎✨"
11111761,12.0,ØGO,Koncentreret Saft,Hyldeblomstdrik,1,0,fl.,Netto,https://static.tilbudsugen.dk/1st-retail/2026/21/65373/Netto202026-1_22_3286x487_4918x2824_zoom.jpg,2026-05-16,2026-05-22,https://res.cloudinary.com/dfqzmnlga/image/upload/v1778906988/2026-05-16/11111761.jpg,Golden flower potion,✨ Bloom your day with a golden flower potion — nature's brightest twist! ✨
11110978,8.0,Breezer,RTD,Tropical Pineapple,1,0,ds.,Netto,https://static.tilbudsugen.dk/1st-retail/2026/21/65373/Netto202026-1_2_43x69_2380x2563_zoom.jpg,2026-05-16,2026-05-22,https://res.cloudinary.com/dfqzmnlga/image/upload/v1778906988/2026-05-16/11110978.jpg,Tropical Pineapple,"Sunshine-kissed, sweet, and always ready to burst with flavor—because life's too short for boring vibes. 🍑"
11110934,8.0,Breezer,RTD,Zesty Orange RTD,1,0,ds.,Netto,https://static.tilbudsugen.dk/1st-retail/2026/21/65373/Netto202026-1_2_43x69_2380x2563_zoom.jpg,2026-05-16,2026-05-22,https://res.cloudinary.com/dfqzmnlga/image/upload/v1778906989/2026-05-16/11110934.jpg,Zesty Orange RTD,"Zesty Orange RTD: Sip, savor, and smile—because life's too short for bland flavors! 🍊"
11111014,79.0,Taffel Akvavit,Snaps,Akvavit,1,0,fl.,Netto,https://static.tilbudsugen.dk/1st-retail/2026/21/65373/Netto202026-1_3_21x2028_1630x4647_zoom.jpg,2026-05-16,2026-05-22,https://res.cloudinary.com/dfqzmnlga/image/upload/v1778906989/2026-05-16/11111014.jpg,Aquavit,"A sip of adventure, a twist on tradition—*aquavit* meets the curious. 🍸"
11111821,79.0,Pure Vodka,Vodka,Vodka,1,0,fl.,Netto,https://static.tilbudsugen.dk/1st-retail/2026/21/65373/Netto202026-1_23_3293x205_4947x2475_zoom.jpg,2026-05-16,2026-05-22,https://res.cloudinary.com/dfqzmnlga/image/upload/v1778906989/2026-05-16/11111821.jpg,Vodka,"Vodka: ""I'm the midnight drink that knows when to stay up and when to go home. 🍸"""
11111840,99.0,,Californiske vine,Californisk Rødvin,1,3,krt.,Netto,https://static.tilbudsugen.dk/1st-retail/2026/21/65373/Netto202026-1_23_196x4637_4918x6887_zoom.jpg,2026-05-16,2026-05-22,https://res.cloudinary.com/dfqzmnlga/image/upload/v1778906990/2026-05-16/11111840.jpg,California Red Wine,"Sip, savor, and let the taste tell your story—🍷✨"
11111831,99.0,Løgismose,Øvrige vinlande,Rosevin,1,2,krt.,Netto,https://static.tilbudsugen.dk/1st-retail/2026/21/65373/Netto202026-1_23_196x4637_4918x6887_zoom.jpg,2026-05-16,2026-05-22,https://res.cloudinary.com/dfqzmnlga/image/upload/v1778906990/2026-05-16/11111831.jpg,Rose wine,"Sip on the sweet, slightly tart pleasure of rose wine — it's like a love letter from the vine. 🍷"
11111829,99.0,Løgismose,Øvrige vinlande,Hvidvin,1,2,krt.,Netto,https://static.tilbudsugen.dk/1st-retail/2026/21/65373/Netto202026-1_23_196x4637_4918x6887_zoom.jpg,2026-05-16,2026-05-22,https://res.cloudinary.com/dfqzmnlga/image/upload/v1778906991/2026-05-16/11111829.jpg,White wine,"Sip, savor, and share—white wine is the ultimate flavor whisper. 🍷"
11111828,99.0,Løgismose,Øvrige vinlande,Rødvin,1,2,krt.,Netto,https://static.tilbudsugen.dk/1st-retail/2026/21/65373/Netto202026-1_23_196x4637_4918x6887_zoom.jpg,2026-05-16,2026-05-22,https://res.cloudinary.com/dfqzmnlga/image/upload/v1778906991/2026-05-16/11111828.jpg,Red wine,"Sip, savor, and let the wine do the talking—because every glass tells a story. 🍷"
11111859,35.0,,Øvrige vinlande,Hvidvin,1,0,fl.,Netto,https://static.tilbudsugen.dk/1st-retail/2026/21/65373/Netto202026-1_23_0x30_3409x2526_zoom.jpg,2026-05-16,2026-05-22,https://res.cloudinary.com/dfqzmnlga/image/upload/v1778906991/2026-05-16/11111859.jpg,White wine,"Sip, savor, and share—white wine is the perfect companion to any good time. 🍷"
11111838,35.0,,Øvrige vinlande,Rødvin,1,0,fl.,Netto,https://static.tilbudsugen.dk/1st-retail/2026/21/65373/Netto202026-1_23_0x30_3409x2526_zoom.jpg,2026-05-16,2026-05-22,https://res.cloudinary.com/dfqzmnlga/image/upload/v1778906992/2026-05-16/11111838.jpg,Red wine,"Sip, savor, and sway—red wine, ready to steal your heart. 🍷"
11111858,35.0,,Øvrige vinlande,Rosevin,1,0,fl.,Netto,https://static.tilbudsugen.dk/1st-retail/2026/21/65373/Netto202026-1_23_0x30_3409x2526_zoom.jpg,2026-05-16,2026-05-22,https://res.cloudinary.com/dfqzmnlga/image/upload/v1778906992/2026-05-16/11111858.jpg,Rose wine,"A sip of elegance, a toast to good company, and a dash of mischief — 🍷"
11111860,45.0,,Øvrige vinlande,Rødvin,1,0,fl.,Netto,https://static.tilbudsugen.dk/1st-retail/2026/21/65373/Netto202026-1_23_36x2526_3351x4710_zoom.jpg,2026-05-16,2026-05-22,https://res.cloudinary.com/dfqzmnlga/image/upload/v1778906993/2026-05-16/11111860.jpg,Red wine,"Sip, savor, and let the wine do the talking. 🍷"
11111861,45.0,,Mousserende,Mousserende Vin,1,0,fl.,Netto,https://static.tilbudsugen.dk/1st-retail/2026/21/65373/Netto202026-1_23_36x2526_3351x4710_zoom.jpg,2026-05-16,2026-05-22,https://res.cloudinary.com/dfqzmnlga/image/upload/v1778906993/2026-05-16/11111861.jpg,Sparkling Wine,"✨ Sip, savor, and sparkle—perfect for any occasion! 🍷"
11111863,45.0,,Øvrige vinlande,Hvidvin,1,0,fl.,Netto,https://static.tilbudsugen.dk/1st-retail/2026/21/65373/Netto202026-1_23_36x2526_3351x4710_zoom.jpg,2026-05-16,2026-05-22,https://res.cloudinary.com/dfqzmnlga/image/upload/v1778906993/2026-05-16/11111863.jpg,White wine,"Sip, savor, and share—white wine is the perfect companion to any good time. 🍷"
11111864,45.0,,Øvrige vinlande,Rødvin,1,0,fl.,Netto,https://static.tilbudsugen.dk/1st-retail/2026/21/65373/Netto202026-1_23_36x2526_3351x4710_zoom.jpg,2026-05-16,2026-05-22,https://res.cloudinary.com/dfqzmnlga/image/upload/v1778906994/2026-05-16/11111864.jpg,Red wine,"Rippling with bold flavors, I'm the red wine that turns every sip into a story. 🍷"
11111865,45.0,,Øvrige vinlande,Rosevin,1,0,fl.,Netto,https://static.tilbudsugen.dk/1st-retail/2026/21/65373/Netto202026-1_23_36x2526_3351x4710_zoom.jpg,2026-05-16,2026-05-22,https://res.cloudinary.com/dfqzmnlga/image/upload/v1778906995/2026-05-16/11111865.jpg,Rose wine,"Sip, savor, and let the wine do the talking—because every sip is a story. 🍷"
11111832,45.0,,Øvrige vinlande,Hvidvin,1,0,fl.,Netto,https://static.tilbudsugen.dk/1st-retail/2026/21/65373/Netto202026-1_23_36x2526_3351x4710_zoom.jpg,2026-05-16,2026-05-22,https://res.cloudinary.com/dfqzmnlga/image/upload/v1778906995/2026-05-16/11111832.jpg,White wine,"Sip, savor, and let the wine do the talking. 🍷"
11111509,55.0,Løgismose,Øvrige vinlande,Hvidvin,1,0,fl.,Netto,https://static.tilbudsugen.dk/1st-retail/2026/21/65373/Netto202026-1_6_162x4668_1706x6757_zoom.jpg,2026-05-16,2026-05-22,https://res.cloudinary.com/dfqzmnlga/image/upload/v1778906995/2026-05-16/11111509.jpg,White wine,"Sip, savor, and share—white wine is the perfect companion to any good time. 🍷"
11111512,55.0,Løgismose,Øvrige vinlande,Rødvin,1,0,fl.,Netto,https://static.tilbudsugen.dk/1st-retail/2026/21/65373/Netto202026-1_6_162x4668_1706x6757_zoom.jpg,2026-05-16,2026-05-22,https://res.cloudinary.com/dfqzmnlga/image/upload/v1778906996/2026-05-16/11111512.jpg,Red wine,"Sip, savor, and savor the moment — 🍷"
11111511,55.0,Løgismose,Øvrige vinlande,Rosevin,1,0,fl.,Netto,https://static.tilbudsugen.dk/1st-retail/2026/21/65373/Netto202026-1_6_162x4668_1706x6757_zoom.jpg,2026-05-16,2026-05-22,https://res.cloudinary.com/dfqzmnlga/image/upload/v1778906996/2026-05-16/11111511.jpg,Rose wine,"Sip on the sweetest sip of elegance—rose wine, always. 🍷"
11111827,99.0,,Franske vine,Fransk Hvidvin,1,0,fl.,Netto,https://static.tilbudsugen.dk/1st-retail/2026/21/65373/Netto202026-1_23_3279x2439_4911x4652_zoom.jpg,2026-05-16,2026-05-22,https://res.cloudinary.com/dfqzmnlga/image/upload/v1778906996/2026-05-16/11111827.jpg,French White wine,"Sip, savor, and let the world taste your elegance — 🍷"
11111850,99.0,,Italienske vine,Italiensk Rødvin,1,0,fl.,Netto,https://static.tilbudsugen.dk/1st-retail/2026/21/65373/Netto202026-1_23_3279x2439_4911x4652_zoom.jpg,2026-05-16,2026-05-22,https://res.cloudinary.com/dfqzmnlga/image/upload/v1778906997/2026-05-16/11111850.jpg,Italian Red Wine,"Sip, savor, and let the flavors speak — my taste is bold, my vibe is bold. 🍷"
11111852,99.0,,Mousserende,Fransk Mousserende Vin,1,0,fl.,Netto,https://static.tilbudsugen.dk/1st-retail/2026/21/65373/Netto202026-1_23_3279x2439_4911x4652_zoom.jpg,2026-05-16,2026-05-22,https://res.cloudinary.com/dfqzmnlga/image/upload/v1778906997/2026-05-16/11111852.jpg,French Sparkling Wine,"Sip, savor, and spark moments with a glass of French Sparkling Wine—perfect for any occasion. 🍷"
11087657,89.0,Pilsner,Øl,Øl 24 pk.,24,0,ds.,Netto,https://static.tilbudsugen.dk/1st-retail/2026/19/65241/Netto182026-1_26_0x4695_2438x6829_zoom.jpg,2026-05-01,2026-05-31,https://res.cloudinary.com/dfqzmnlga/image/upload/v1778906998/2026-05-16/11087657.jpg,Beer 24 pc.,"""Raise a glass to life—beer, 24 pcs. 🍻"""
11087658,89.0,Classic,Øl,Øl 24 pk.,24,0,ds.,Netto,https://static.tilbudsugen.dk/1st-retail/2026/19/65241/Netto182026-1_26_0x4695_2438x6829_zoom.jpg,2026-05-01,2026-05-31,https://res.cloudinary.com/dfqzmnlga/image/upload/v1778906998/2026-05-16/11087658.jpg,Beer 24 pc.,"Sip, shout, and share—beer is life. 🍻"
11111753,79.0,Classic,Øl,Øl 15 pk.,15,0,ds.,Netto,https://static.tilbudsugen.dk/1st-retail/2026/21/65373/Netto202026-1_22_36x633_3315x2860_zoom.jpg,2026-05-16,2026-05-22,https://res.cloudinary.com/dfqzmnlga/image/upload/v1778906998/2026-05-16/11111753.jpg,Beer 15 pc.,"🍺 15 pcs. of beer, ready to crash the party 🍻"
11111760,79.0,"Classic 0,0",Alkoholfrie Øl,Øl - Alkoholfri 15 pk.,15,0,ds.,Netto,https://static.tilbudsugen.dk/1st-retail/2026/21/65373/Netto202026-1_22_36x633_3315x2860_zoom.jpg,2026-05-16,2026-05-22,https://res.cloudinary.com/dfqzmnlga/image/upload/v1778906999/2026-05-16/11111760.jpg,Beer - Alcohol-free 15 pc.,"Sip on life without the buzz—just pure pleasure, and a little bit of fun. 🍻"
11110966,18.0,Hatting,Sandwich & Toastbrød,Klapper Solsikke Sandwich,1,0,ps.,Netto,https://static.tilbudsugen.dk/1st-retail/2026/21/65373/Netto202026-1_16_2880x168_4998x2490_zoom.jpg,2026-05-16,2026-05-22,https://res.cloudinary.com/dfqzmnlga/image/upload/v1778906999/2026-05-16/11110966.jpg,Claps Sunflower Sandwich,"✨ Claps Sunflower Sandwich: Life's a snack, and I'm always smiling! 🌟"
11110964,18.0,Hatting,Sandwich & Toastbrød,Klapper Havre Sandwich ,1,0,ps.,Netto,https://static.tilbudsugen.dk/1st-retail/2026/21/65373/Netto202026-1_16_2880x168_4998x2490_zoom.jpg,2026-05-16,2026-05-22,https://res.cloudinary.com/dfqzmnlga/image/upload/v1778906999/2026-05-16/11110964.jpg,Claps Oats Sandwich,✨ Claps Oats Sandwich: The joy that makes every bite a high-five! 🌟
11110967,22.0,Premieur,Fastfoodbrød,Hvedepitabrød,1,0,pk.,Netto,https://static.tilbudsugen.dk/1st-retail/2026/21/65373/Netto202026-1_16_2880x2555_4926x4703_zoom.jpg,2026-05-16,2026-05-22,https://res.cloudinary.com/dfqzmnlga/image/upload/v1778907000/2026-05-16/11110967.jpg,Wheat pita bread,"Lightly toasted, just enough to hold a story—wheat pita bread. 🥖"
11111631,15.0,Karen Volf,Knækbrød,All in one Strength Knækbrød,1,0,pk.,Netto,https://static.tilbudsugen.dk/1st-retail/2026/21/65373/Netto202026-1_20_2459x2497_4933x4674_zoom.jpg,2026-05-16,2026-05-22,https://res.cloudinary.com/dfqzmnlga/image/upload/v1778907000/2026-05-16/11111631.jpg,All in one Strength Crispbread,"Crunchy, nutritious, and unstoppable—perfect for any meal! 🍞"
11111630,15.0,Karen Volf,Knækbrød,All in one Recharge Knækbrød,1,0,pk.,Netto,https://static.tilbudsugen.dk/1st-retail/2026/21/65373/Netto202026-1_20_2459x2497_4933x4674_zoom.jpg,2026-05-16,2026-05-22,https://res.cloudinary.com/dfqzmnlga/image/upload/v1778907001/2026-05-16/11111630.jpg,All in one Discharge Crispbread,"✨ Crispbread that cleanses, refreshes, and leaves you feeling ready for the day! ✨"
11111477,20.0,Premieur,Tarteletter,Luksus Tarteletter ,1,10,pk.,Netto,https://static.tilbudsugen.dk/1st-retail/2026/21/65373/Netto202026-1_5_2375x1818_3951x3070_zoom.jpg,2026-05-16,2026-05-22,https://res.cloudinary.com/dfqzmnlga/image/upload/v1778907001/2026-05-16/11111477.jpg,Luxury Tartelettes,✨ A decadent truffle-infused tartine that turns every bite into a luxurious escape. ✨
11111673,12.0,Fintons,Kager,Kanelgifler,1,0,pk.,Netto,https://static.tilbudsugen.dk/1st-retail/2026/21/65373/Netto202026-1_21_1712x2541_3286x4659_zoom.jpg,2026-05-16,2026-05-22,https://res.cloudinary.com/dfqzmnlga/image/upload/v1778907002/2026-05-16/11111673.jpg,Cinnamon gifters,✨ Spice up your day with a dash of cinnamon joy! ✨
11111676,12.0,Fintons,Kager,Kardemommegifler,1,0,pk.,Netto,https://static.tilbudsugen.dk/1st-retail/2026/21/65373/Netto202026-1_21_1712x2541_3286x4659_zoom.jpg,2026-05-16,2026-05-22,https://res.cloudinary.com/dfqzmnlga/image/upload/v1778907002/2026-05-16/11111676.jpg,Cardamom gifters,✨ Cardamom gifters: Spreading sweet aroma with every gift you give! 🌟
11111553,7.2,ØGO,Riskiks,Majskiks med Havsalt,1,0,pk.,Netto,https://static.tilbudsugen.dk/1st-retail/2026/21/65373/Netto202026-1_8_86x1856_1544x6849_zoom.jpg,2026-05-16,2026-05-22,https://res.cloudinary.com/dfqzmnlga/image/upload/v1778907002/2026-05-16/11111553.jpg,Corn biscuit with Sea salt,"Salted, salty, and slightly sweet—perfect for a quick snack or a lazy day. 🍞"
11111707,15.0,Fintons,Småkager,Rainbow Cookies,1,0,pk.,Netto,https://static.tilbudsugen.dk/1st-retail/2026/21/65373/Netto202026-1_21_3322x2483_4853x4630_zoom.jpg,2026-05-16,2026-05-22,https://res.cloudinary.com/dfqzmnlga/image/upload/v1778907003/2026-05-16/11111707.jpg,Rainbow Cookies,"Rainbow Cookies: Taste the color of joy, one sweet bite at a time 🍪✨"
11111699,15.0,Fintons,Småkager,Chocotelli Cookies,1,0,pk.,Netto,https://static.tilbudsugen.dk/1st-retail/2026/21/65373/Netto202026-1_21_3322x2483_4853x4630_zoom.jpg,2026-05-16,2026-05-22,https://res.cloudinary.com/dfqzmnlga/image/upload/v1778907003/2026-05-16/11111699.jpg,Chocotelli Cookies,"✨ Chocotelli Cookies: The sweetest surprise, with a twist of chaos. 🍪"
11111672,15.0,Marabou,Kager,Choco Muffin Cake,1,0,ps.,Netto,https://static.tilbudsugen.dk/1st-retail/2026/21/65373/Netto202026-1_21_167x67_4962x2562_zoom.jpg,2026-05-16,2026-05-22,https://res.cloudinary.com/dfqzmnlga/image/upload/v1778907004/2026-05-16/11111672.jpg,Choco Muffin Cake,"✨ Chocolatey joy, served in a muffin form! 🍰"
11111671,15.0,Marabou,Kager,Choco Brownie,1,0,ps.,Netto,https://static.tilbudsugen.dk/1st-retail/2026/21/65373/Netto202026-1_21_167x67_4962x2562_zoom.jpg,2026-05-16,2026-05-22,https://res.cloudinary.com/dfqzmnlga/image/upload/v1778907004/2026-05-16/11111671.jpg,Choco Brownie,"🍫 Sweet, sticky, and super tasty — Choco Brownie is here to make your day just a little sweeter! 🍫"
11111706,15.0,Fintons,Småkager,Creamy Cookies ,1,0,pk.,Netto,https://static.tilbudsugen.dk/1st-retail/2026/21/65373/Netto202026-1_21_3322x2483_4853x4630_zoom.jpg,2026-05-16,2026-05-22,https://res.cloudinary.com/dfqzmnlga/image/upload/v1778907005/2026-05-16/11111706.jpg,Creamy Cookies,Savor the creamy sweetness of life with every bite! 🍪
11111708,15.0,Fintons,Småkager,Lemon Cookies,1,0,pk.,Netto,https://static.tilbudsugen.dk/1st-retail/2026/21/65373/Netto202026-1_21_3322x2483_4853x4630_zoom.jpg,2026-05-16,2026-05-22,https://res.cloudinary.com/dfqzmnlga/image/upload/v1778907005/2026-05-16/11111708.jpg,Lemon Cookies,"Citrusy delight, sweet and sharp—just the way life should be. 🍋✨"
11111628,15.0,Karen Volf,Kiks,All in one Collagen,1,0,pk.,Netto,https://static.tilbudsugen.dk/1st-retail/2026/21/65373/Netto202026-1_20_2459x2497_4933x4674_zoom.jpg,2026-05-16,2026-05-22,https://res.cloudinary.com/dfqzmnlga/image/upload/v1778907005/2026-05-16/11111628.jpg,All in one Collagen,"✨ Glow up with all-in-one collagen—boost your skin, hair, and energy in one perfect shot! ✨"
11111629,15.0,Karen Volf,Kiks,All in one Æble/Kanel,1,0,pk.,Netto,https://static.tilbudsugen.dk/1st-retail/2026/21/65373/Netto202026-1_20_2459x2497_4933x4674_zoom.jpg,2026-05-16,2026-05-22,https://res.cloudinary.com/dfqzmnlga/image/upload/v1778907006/2026-05-16/11111629.jpg,All in one Apple/Channel,✨ One stop shop for all your tech needs! 🛒
11111627,15.0,Karen Volf,Kiks,All in one Recharge,1,0,pk.,Netto,https://static.tilbudsugen.dk/1st-retail/2026/21/65373/Netto202026-1_20_2459x2497_4933x4674_zoom.jpg,2026-05-16,2026-05-22,https://res.cloudinary.com/dfqzmnlga/image/upload/v1778907006/2026-05-16/11111627.jpg,All in one Discharge,"✨ One discharge, all in one—charge your life, recharge your vibe! ✨"
11111665,15.0,Marabou,Kager,Choco Brookie,1,0,ps.,Netto,https://static.tilbudsugen.dk/1st-retail/2026/21/65373/Netto202026-1_21_167x67_4962x2562_zoom.jpg,2026-05-16,2026-05-22,https://res.cloudinary.com/dfqzmnlga/image/upload/v1778907006/2026-05-16/11111665.jpg,Choco Brookie,✨ Chocolate lover with a sweet tooth and a knack for making things extra special 🍫
11111624,15.0,Karen Volf,Kiks,All in one Protein,1,0,pk.,Netto,https://static.tilbudsugen.dk/1st-retail/2026/21/65373/Netto202026-1_20_2459x2497_4933x4674_zoom.jpg,2026-05-16,2026-05-22,https://res.cloudinary.com/dfqzmnlga/image/upload/v1778907007/2026-05-16/11111624.jpg,All in one Protein,"Supercharged energy, anytime, anywhere — your body's ultimate fuel. 🥤"
11111484,12.97,Det Gode,Rugbrød i Skiver,Solsikkerugbrød,1,0,pk.,Netto,https://static.tilbudsugen.dk/1st-retail/2026/21/65373/Netto202026-1_5_2450x3464_3730x4916_zoom.jpg,2026-05-16,2026-05-22,https://res.cloudinary.com/dfqzmnlga/image/upload/v1778907007/2026-05-16/11111484.jpg,"Sunflower-seed oil and its fractions, whether or not refined, but not chemically modified","Golden-hued, earthy essence that brings warmth and light to any dish, 🌟"
11111577,12.97,Det Gode,Rugbrød i Skiver,Solsikkerugbrød,1,0,pk.,Netto,https://static.tilbudsugen.dk/1st-retail/2026/21/65373/Netto202026-1_9_21x679_3352x3626_zoom.jpg,2026-05-16,2026-05-22,https://res.cloudinary.com/dfqzmnlga/image/upload/v1778907008/2026-05-16/11111577.jpg,"Sunflower-seed oil and its fractions, whether or not refined, but not chemically modified","Golden-hued liquid sunshine, nurturing every bite with natural richness 🌞"
11111552,9.75,ØGO,Dej Køl,Pizzadej,1,0,pk.,Netto,https://static.tilbudsugen.dk/1st-retail/2026/21/65373/Netto202026-1_8_59x630_4912x2293_zoom.jpg,2026-05-16,2026-05-22,https://res.cloudinary.com/dfqzmnlga/image/upload/v1778907008/2026-05-16/11111552.jpg,Pizza dough,Craving a slice of joy? I'm the dough that brings pizza to life! 🍕
11111488,10.0,Næmt,Dej Køl,Tærtedej,1,0,pk.,Netto,https://static.tilbudsugen.dk/1st-retail/2026/21/65373/Netto202026-1_5_1258x5251_2450x6871_zoom.jpg,2026-05-16,2026-05-22,https://res.cloudinary.com/dfqzmnlga/image/upload/v1778907008/2026-05-16/11111488.jpg,Piece of cake,"✨ Piece of cake, always! 🍪"
11111447,30.0,Bistronne,Færdigretter Frost,Hot Wings,1,0,ps.,Netto,https://static.tilbudsugen.dk/1st-retail/2026/21/65373/Netto202026-1_18_7x4804_2532x6887_zoom.jpg,2026-05-16,2026-05-22,https://res.cloudinary.com/dfqzmnlga/image/upload/v1778907009/2026-05-16/11111447.jpg,Hot Wings,"Sizzling with flavor, I'm the ultimate snack that turns any meal into a party! 🍗"
11111042,10.0,Chickn,Færdigretter Frost,Kyllinge Goujons,1,0,ps.,Netto,https://static.tilbudsugen.dk/1st-retail/2026/21/65373/Netto202026-1_18_87x698_1668x2845_zoom.jpg,2026-05-16,2026-05-22,https://res.cloudinary.com/dfqzmnlga/image/upload/v1778907009/2026-05-16/11111042.jpg,Chicken Gojons,"Sizzling with flavor, Chicken Gojons are the ultimate kitchen warrior! 🍗"
11111445,15.0,Rahbek,Fisk og skaldyr Frost ,Indbagte Rejer med Asparges og Dildsauce,1,0,pk.,Netto,https://static.tilbudsugen.dk/1st-retail/2026/21/65373/Netto202026-1_18_109x2671_2430x4826_zoom.jpg,2026-05-16,2026-05-22,https://res.cloudinary.com/dfqzmnlga/image/upload/v1778907009/2026-05-16/11111445.jpg,Baked Shrimps with Asparagus and Dildsauce,"Sizzling shrimp, sweet asparagus, and a dash of wild delight — perfect for a spicy twist on a classic. 🍤✨"
11111444,15.0,Rahbek,Fisk og skaldyr Frost ,Indbagt Hvid Alaska Sej,1,0,pk.,Netto,https://static.tilbudsugen.dk/1st-retail/2026/21/65373/Netto202026-1_18_109x2671_2430x4826_zoom.jpg,2026-05-16,2026-05-22,https://res.cloudinary.com/dfqzmnlga/image/upload/v1778907010/2026-05-16/11111444.jpg,Baked White Alaska Saithe,"Served with a side of joy, this Saithe is the ultimate dessert that never skips a beat. 🍞"
11111165,15.0,Rahbek,Fisk og skaldyr Frost ,Indbagt Laks med Julienne sauce,1,0,pk.,Netto,https://static.tilbudsugen.dk/1st-retail/2026/21/65373/Netto202026-1_18_109x2671_2430x4826_zoom.jpg,2026-05-16,2026-05-22,https://res.cloudinary.com/dfqzmnlga/image/upload/v1778907010/2026-05-16/11111165.jpg,Baked Salmon with Julienne Sauce,"Served with a side of sunshine, my flavor is both savory and sweet—perfect for a quick, delicious bite. 🍣"
11111001,25.0,Graasten,Pasta- og Kartoffelsalat,Kartoffelsalat med Purløg og Dild,1,0,bg.,Netto,https://static.tilbudsugen.dk/1st-retail/2026/21/65373/Netto202026-1_17_58x698_1625x2446_zoom.jpg,2026-05-16,2026-05-22,https://res.cloudinary.com/dfqzmnlga/image/upload/v1778907011/2026-05-16/11111001.jpg,Potato salad with Chives and Dill,"A tangy, zesty mix of creamy potato salad with fresh chives and dill, served with a side of sunshine. 🥗✨"
11111032,22.0,Thai Cube,Færdigretter Frost,Sweet Chili Chicken Teriyaki,1,0,pk.,Netto,https://static.tilbudsugen.dk/1st-retail/2026/21/65373/Netto202026-1_17_14x2432_2517x4695_zoom.jpg,2026-05-16,2026-05-22,https://res.cloudinary.com/dfqzmnlga/image/upload/v1778907011/2026-05-16/11111032.jpg,Sweet Chili Chicken Teriyaki,"Sizzling with flavor, my teriyaki is a fusion of sweet and spicy, ready to conquer your taste buds! 🍛"
11111033,22.0,Thai Cube,Færdigretter Frost,Red Curry Chicken,1,0,pk.,Netto,https://static.tilbudsugen.dk/1st-retail/2026/21/65373/Netto202026-1_17_14x2432_2517x4695_zoom.jpg,2026-05-16,2026-05-22,https://res.cloudinary.com/dfqzmnlga/image/upload/v1778907011/2026-05-16/11111033.jpg,Red Curry Chicken,"🔥 Spicy, savory, and unforgettable — Red Curry Chicken is the flavor you can't stop craving! 🍳"
11111034,22.0,Indian Cube,Færdigretter Frost,Chicken Tikka Masala,1,0,pk.,Netto,https://static.tilbudsugen.dk/1st-retail/2026/21/65373/Netto202026-1_17_14x2432_2517x4695_zoom.jpg,2026-05-16,2026-05-22,https://res.cloudinary.com/dfqzmnlga/image/upload/v1778907012/2026-05-16/11111034.jpg,Chicken Tikka Masala,"🔥 Flavor-packed, fiery, and full of life—just like me!"
11111035,22.0,Thai Cube,Færdigretter Frost,Panang Curry Chicken,1,0,pk.,Netto,https://static.tilbudsugen.dk/1st-retail/2026/21/65373/Netto202026-1_17_14x2432_2517x4695_zoom.jpg,2026-05-16,2026-05-22,https://res.cloudinary.com/dfqzmnlga/image/upload/v1778907012/2026-05-16/11111035.jpg,Panang Curry Chicken,🔥 Curry chicken that brings the heat and the joy—served with a side of flavor! 🍳
11111023,22.0,Thai Cube,Færdigretter Frost,Creamy Green Curry Chicken,1,0,pk.,Netto,https://static.tilbudsugen.dk/1st-retail/2026/21/65373/Netto202026-1_17_14x2432_2517x4695_zoom.jpg,2026-05-16,2026-05-22,https://res.cloudinary.com/dfqzmnlga/image/upload/v1778907013/2026-05-16/11111023.jpg,Creamy Green Curry Chicken,"Savoring a flavor-packed adventure with every bite, 🌟"
11111031,22.0,Thai Cube,Færdigretter Frost,Creamy Tom Yom Chicken & Noodles ,1,0,pk.,Netto,https://static.tilbudsugen.dk/1st-retail/2026/21/65373/Netto202026-1_17_14x2432_2517x4695_zoom.jpg,2026-05-16,2026-05-22,https://res.cloudinary.com/dfqzmnlga/image/upload/v1778907013/2026-05-16/11111031.jpg,Creamy Tom Yom Chicken & Noodles,"Satisfy your cravings with a creamy, comforting bowl of Tom Yom Chicken & Noodles—perfect for a quick, delicious escape. 🍜"
11111040,39.0,Suprema,Pizza Frost,Suprema Calabrese & Nduja tipo,1,0,stk.,Netto,https://static.tilbudsugen.dk/1st-retail/2026/21/65373/Netto202026-1_17_36x4579_1755x6865_zoom.jpg,2026-05-16,2026-05-22,https://res.cloudinary.com/dfqzmnlga/image/upload/v1778907014/2026-05-16/11111040.jpg,Suprema Calabrese & Nduja tipo,🔥 Suprema Calabrese & Nduja tipo – the ultimate flavor explosion in every bite! 🍴
11111018,39.0,Jensens,Færdigretter Køl,Pulled Pork,1,0,pk.,Netto,https://static.tilbudsugen.dk/1st-retail/2026/21/65373/Netto202026-1_17_1741x4623_4926x6887_zoom.jpg,2026-05-16,2026-05-22,https://res.cloudinary.com/dfqzmnlga/image/upload/v1778907014/2026-05-16/11111018.jpg,Pulled Pork,"Sizzling with flavor, I'm the star of the kitchen—smoky, juicy, and never shy to share my taste. 🍛"
11111022,39.0,Jensens,Færdigretter Køl,Spareribs,1,0,pk.,Netto,https://static.tilbudsugen.dk/1st-retail/2026/21/65373/Netto202026-1_17_1741x4623_4926x6887_zoom.jpg,2026-05-16,2026-05-22,https://res.cloudinary.com/dfqzmnlga/image/upload/v1778907014/2026-05-16/11111022.jpg,Sparreibs,Sparreibs: The ultimate snack that makes every day feel like a party 🍫
11111041,39.0,Suprema,Pizza Frost,Suprema Cinque Formaggi,1,0,stk.,Netto,https://static.tilbudsugen.dk/1st-retail/2026/21/65373/Netto202026-1_17_36x4579_1755x6865_zoom.jpg,2026-05-16,2026-05-22,https://res.cloudinary.com/dfqzmnlga/image/upload/v1778907014/2026-05-16/11111041.jpg,Suprema Cinque Formaggi,"Cheater's kiss and cheese parade, delivered in a creamy, cheesy package. 🧀"
11111473,50.0,Premieur,Færdigretter Køl,Tarteletfyld,1,0,gl.,Netto,https://static.tilbudsugen.dk/1st-retail/2026/21/65373/Netto202026-1_5_1166x1418_2472x3022_zoom.jpg,2026-05-16,2026-05-22,https://res.cloudinary.com/dfqzmnlga/image/upload/v1778907015/2026-05-16/11111473.jpg,Tarte fill,"Sweet, flaky, and slightly smoky — the perfect partner to a good meal, with a touch of sass. 🍞"
11111038,39.0,Suprema,Pizza Frost,Suprema Salame Romano,1,0,stk.,Netto,https://static.tilbudsugen.dk/1st-retail/2026/21/65373/Netto202026-1_17_36x4579_1755x6865_zoom.jpg,2026-05-16,2026-05-22,https://res.cloudinary.com/dfqzmnlga/image/upload/v1778907015/2026-05-16/11111038.jpg,Suprema Salame Romano,"A bold, briny, and brash cheese that brings the ocean to your plate — 🌊✨"
11111446,25.0,Skagen Fiskerestaurant,Fisk og skaldyr Køl,Fiskefrikadeller,1,0,pk.,Netto,https://static.tilbudsugen.dk/1st-retail/2026/21/65373/Netto202026-1_4_3325x177_4933x2498_zoom.jpg,2026-05-01,2026-05-31,https://res.cloudinary.com/dfqzmnlga/image/upload/v1778907016/2026-05-16/11111446.jpg,Fish meatballs,"Salty, savory, and slightly mysterious — perfect for a night out with a side of drama. 🍣"
11110968,39.0,Næmt,Færdigretter Frost,Döner Kebab,1,0,ps.,Netto,https://static.tilbudsugen.dk/1st-retail/2026/21/65373/Netto202026-1_16_2829x4666_4897x6887_zoom.jpg,2026-05-16,2026-05-22,https://res.cloudinary.com/dfqzmnlga/image/upload/v1778907016/2026-05-16/11110968.jpg,Döner Kebab,"Served with a side of flavor, I'm the ultimate foodie with a side of spice — ready to conquer your taste buds! 🍔🔥"
11111036,22.0,Kitchen Joy,Færdigretter Frost,Gyoza med Sesam,1,0,pk.,Netto,https://static.tilbudsugen.dk/1st-retail/2026/21/65373/Netto202026-1_17_14x2432_2517x4695_zoom.jpg,2026-05-16,2026-05-22,https://res.cloudinary.com/dfqzmnlga/image/upload/v1778907016/2026-05-16/11111036.jpg,Gyoza with Sesam,Sesam-flavored gyoza that brings crunch and joy to any meal ☕️
11111015,42.0,Løgismose,Færdigretter Køl,Butter Chicken,1,0,bk.,Netto,https://static.tilbudsugen.dk/1st-retail/2026/21/65373/Netto202026-1_17_2488x2417_4991x4710_zoom.jpg,2026-05-16,2026-05-22,https://res.cloudinary.com/dfqzmnlga/image/upload/v1778907017/2026-05-16/11111015.jpg,Butter Chicken,"Savoring the perfect blend of flavors, 🍲"
11111013,42.0,Løgismose,Færdigretter Køl,Lasagne,1,0,bk.,Netto,https://static.tilbudsugen.dk/1st-retail/2026/21/65373/Netto202026-1_17_2488x2417_4991x4710_zoom.jpg,2026-05-16,2026-05-22,https://res.cloudinary.com/dfqzmnlga/image/upload/v1778907017/2026-05-16/11111013.jpg,Lasagna,"Savoring layers of flavor, one delicious meal at a time 🍝"
11111016,42.0,Løgismose,Færdigretter Køl,Spinatlasagne,1,0,bk.,Netto,https://static.tilbudsugen.dk/1st-retail/2026/21/65373/Netto202026-1_17_2488x2417_4991x4710_zoom.jpg,2026-05-16,2026-05-22,https://res.cloudinary.com/dfqzmnlga/image/upload/v1778907018/2026-05-16/11111016.jpg,Spinach lasagna,Spinach lasagna: the ultimate flavor explosion that turns every bite into a culinary adventure 🍝✨
11111747,25.0,Navito,Fisk og skaldyr Frost ,Tempurarejer,1,0,pk.,Netto,https://static.tilbudsugen.dk/1st-retail/2026/21/65373/Netto202026-1_4_1652x2563_3292x4652_zoom.jpg,2026-05-16,2026-05-22,https://res.cloudinary.com/dfqzmnlga/image/upload/v1778907018/2026-05-16/11111747.jpg,Temporary shrimps,"✨ Flaky, fun, and slightly salty—perfect for a quick snack or a bold statement!"
11111602,55.0,Velsmag,Færdigretter Køl,Grillfakler,1,0,bk.,Netto,https://static.tilbudsugen.dk/1st-retail/2026/21/65373/Netto202026-1_11_38x1332_2407x4825_zoom.jpg,2026-05-16,2026-05-22,https://res.cloudinary.com/dfqzmnlga/image/upload/v1778907019/2026-05-16/11111602.jpg,Barbecue torches,"🔥 Charcoal whisperer, ready to ignite your taste buds with smoky perfection!"
11111634,14.0,Valsemøllen,Mel & Melblandinger,Manitobamel,1,1,ps.,Netto,https://static.tilbudsugen.dk/1st-retail/2026/21/65373/Netto202026-1_20_51x2533_2445x4630_zoom.jpg,2026-05-16,2026-05-22,https://res.cloudinary.com/dfqzmnlga/image/upload/v1778907019/2026-05-16/11111634.jpg,Manitobamel,Manitobamel: The only one who can make your day better with a little help from the wild! 🌱
11111632,14.0,Valsemøllen,Mel & Melblandinger,Tipo 00 Hvedemel,1,1,ps.,Netto,https://static.tilbudsugen.dk/1st-retail/2026/21/65373/Netto202026-1_20_51x2533_2445x4630_zoom.jpg,2026-05-16,2026-05-22,https://res.cloudinary.com/dfqzmnlga/image/upload/v1778907019/2026-05-16/11111632.jpg,Tipo 00 Wheat flour,"Soft, smooth, and perfect for baking — the ultimate base for anything you crave. 🍞"
11110986,10.0,Harvest Best,Grønt,Majs,1,0,pk.,Netto,https://static.tilbudsugen.dk/1st-retail/2026/21/65373/Netto202026-1_2_2407x134_4890x2530_zoom.jpg,2026-05-16,2026-05-22,https://res.cloudinary.com/dfqzmnlga/image/upload/v1778907020/2026-05-16/11110986.jpg,Maize,"Corn chucker, with a knack for turning plain days into golden memories 🌽"
11111508,25.0,Beauvais,Ketchup,Ketchup,1,1,fl.,Netto,https://static.tilbudsugen.dk/1st-retail/2026/21/65373/Netto202026-1_19_3119x1206_4947x2882_zoom.jpg,2026-05-16,2026-05-22,https://res.cloudinary.com/dfqzmnlga/image/upload/v1778907020/2026-05-16/11111508.jpg,Ketchup,"Savor the taste of life with a sprinkle of flavor—just like me, always ready to blend with everything! 🍐"
11111635,14.0,Valsemøllen,Mel & Melblandinger,Hvede Klid,1,0,ps.,Netto,https://static.tilbudsugen.dk/1st-retail/2026/21/65373/Netto202026-1_20_51x2533_2445x4630_zoom.jpg,2026-05-16,2026-05-22,https://res.cloudinary.com/dfqzmnlga/image/upload/v1778907021/2026-05-16/11111635.jpg,Wheat Bran,"Crunchy, nutritious, and ready to fuel your day 🍽️"
11110994,14.0,Bähncke,Ketchup,Hot Dog Ketchup,1,0,stk.,Netto,https://static.tilbudsugen.dk/1st-retail/2026/21/65373/Netto202026-1_2_2418x2606_4917x4668_zoom.jpg,2026-05-16,2026-05-22,https://res.cloudinary.com/dfqzmnlga/image/upload/v1778907021/2026-05-16/11110994.jpg,Hot Dog Ketchup,Savor the flavor of life with a side of heat—because every bite is a flavor burst! 🍗
11111734,14.0,Bähncke,Dressing,Burgerdressing,1,0,stk.,Netto,https://static.tilbudsugen.dk/1st-retail/2026/21/65373/Netto202026-1_2_2418x2606_4917x4668_zoom.jpg,2026-05-16,2026-05-22,https://res.cloudinary.com/dfqzmnlga/image/upload/v1778907022/2026-05-16/11111734.jpg,Burger dressing,Soy la salsa que hace que los burgers se conviertan en una experiencia — 🍔✨
11111733,14.0,Bähncke,Dressing,French hotdogdressing,1,0,stk.,Netto,https://static.tilbudsugen.dk/1st-retail/2026/21/65373/Netto202026-1_2_2418x2606_4917x4668_zoom.jpg,2026-05-16,2026-05-22,https://res.cloudinary.com/dfqzmnlga/image/upload/v1778907022/2026-05-16/11111733.jpg,French hot dog dressing,"Savor the tang of tradition with a dash of flair—French hot dog dressing, ready to conquer your taste buds! 🍗"
11111731,14.0,Bähncke,Sennep,Stærk sennep,1,0,stk.,Netto,https://static.tilbudsugen.dk/1st-retail/2026/21/65373/Netto202026-1_2_2418x2606_4917x4668_zoom.jpg,2026-05-16,2026-05-22,https://res.cloudinary.com/dfqzmnlga/image/upload/v1778907022/2026-05-16/11111731.jpg,Strong mustard,"Spicy, bold, and ready to conquer any dish — just like a good mustard! 🍽️"
11111737,14.0,Bähncke,Dressing,Kebab Dressing,1,0,stk.,Netto,https://static.tilbudsugen.dk/1st-retail/2026/21/65373/Netto202026-1_2_2418x2606_4917x4668_zoom.jpg,2026-05-16,2026-05-22,https://res.cloudinary.com/dfqzmnlga/image/upload/v1778907023/2026-05-16/11111737.jpg,Kebab Dressing,"Savory, smoky, and spicy — my flavor is unstoppable! 🍔✨"
11111738,14.0,Bähncke,Dressing,Pommes Frites Dressing,1,0,stk.,Netto,https://static.tilbudsugen.dk/1st-retail/2026/21/65373/Netto202026-1_2_2418x2606_4917x4668_zoom.jpg,2026-05-16,2026-05-22,https://res.cloudinary.com/dfqzmnlga/image/upload/v1778907023/2026-05-16/11111738.jpg,Pommes Frites Dressing,"Served with a side of fun and a sprinkle of flavor, I'm the perfect companion for any meal—just ask me what I'm really good at. 🍟"
11111740,14.0,Bähncke,Mayonnaise,Chili Mayonnaise,1,0,stk.,Netto,https://static.tilbudsugen.dk/1st-retail/2026/21/65373/Netto202026-1_2_2418x2606_4917x4668_zoom.jpg,2026-05-16,2026-05-22,https://res.cloudinary.com/dfqzmnlga/image/upload/v1778907024/2026-05-16/11111740.jpg,Chili Mayonnaise,"🔥 Spicy, creamy, and ready to take over your plate—chili mayonnaise is the ultimate flavor bomb! 🌶️"
11111006,15.0,K-salat,Saucer,Bearnaisesauce,1,0,bg.,Netto,https://static.tilbudsugen.dk/1st-retail/2026/21/65373/Netto202026-1_17_1697x654_3315x2454_zoom.jpg,2026-05-16,2026-05-22,https://res.cloudinary.com/dfqzmnlga/image/upload/v1778907024/2026-05-16/11111006.jpg,Bearnaise sauce,"✨ A fiery blend of bold flavors and unforgettable taste, perfect for any dish that needs a little extra flair. 🍽️"
11111506,25.0,Løgismose,Grønt-syltet,Rødbeder-syltet,1,0,gl.,Netto,https://static.tilbudsugen.dk/1st-retail/2026/21/65373/Netto202026-1_6_3363x2547_4879x4663_zoom.jpg,2026-05-16,2026-05-22,https://res.cloudinary.com/dfqzmnlga/image/upload/v1778907025/2026-05-16/11111506.jpg,Beetroot pickled,"Spicy, tangy, and ready to add a punch of flavor to your day 🍅✨"
11111507,25.0,Løgismose,Grønt-syltet,Drueagurker,1,0,gl.,Netto,https://static.tilbudsugen.dk/1st-retail/2026/21/65373/Netto202026-1_6_3363x2547_4879x4663_zoom.jpg,2026-05-16,2026-05-22,https://res.cloudinary.com/dfqzmnlga/image/upload/v1778907025/2026-05-16/11111507.jpg,Gherkins,"Pickles with a twist—crunchy, bold, and ready to spark a conversation. 🍋"
11111467,12.0,Salatmesteren,Dressing,Dild Dressing,1,0,fl.,Netto,https://static.tilbudsugen.dk/1st-retail/2026/21/65373/Netto202026-1_4_86x4636_1689x6833_zoom.jpg,2026-05-16,2026-05-22,https://res.cloudinary.com/dfqzmnlga/image/upload/v1778907026/2026-05-16/11111467.jpg,Dild Dressing,✨ Dild Dressing: The ultimate flavor boost for your daily grind! 💄
11111757,12.0,Salatmesteren,Dressing,Stjerneskudsdressing ,1,0,fl.,Netto,https://static.tilbudsugen.dk/1st-retail/2026/21/65373/Netto202026-1_4_86x4636_1689x6833_zoom.jpg,2026-05-16,2026-05-22,https://res.cloudinary.com/dfqzmnlga/image/upload/v1778907026/2026-05-16/11111757.jpg,Star shoot dressing,"✨ Sparkle in every bite, shine like a star—dressing that turns meals into magic! ✨"
11111533,20.0,ØGO,Sødemiddel,Honning,1,0,stk.,Netto,https://static.tilbudsugen.dk/1st-retail/2026/21/65373/Netto202026-1_7_16x3680_1679x5213_zoom.jpg,2026-05-16,2026-05-22,https://res.cloudinary.com/dfqzmnlga/image/upload/v1778907026/2026-05-16/11111533.jpg,Honey,"Sweet, sticky, and slightly messy — my vibe is always sweet. 🍯"
11111565,17.45,ØGO,Saucer,Soya,1,0,fl.,Netto,https://static.tilbudsugen.dk/1st-retail/2026/21/65373/Netto202026-1_8_3686x2298_4928x6800_zoom.jpg,2026-05-16,2026-05-22,https://res.cloudinary.com/dfqzmnlga/image/upload/v1778907027/2026-05-16/11111565.jpg,Soya,Soya: The plant-based superhero who brings flavor and nutrition to every meal 🌱💪
11111516,25.0,Premieur,Saucer,Pastasauce Mascarpone,1,0,gl.,Netto,https://static.tilbudsugen.dk/1st-retail/2026/21/65373/Netto202026-1_19_72x1257_3018x2867_zoom.jpg,2026-05-16,2026-05-22,https://res.cloudinary.com/dfqzmnlga/image/upload/v1778907028/2026-05-16/11111516.jpg,Pasta sauce Mascarpone,"Satisfy your cravings with a creamy, cheesy twist—perfect for any meal! 🍝✨"
11111505,25.0,Løgismose,Grønt-syltet,Rødkål-syltet,1,0,gl.,Netto,https://static.tilbudsugen.dk/1st-retail/2026/21/65373/Netto202026-1_6_3363x2547_4879x4663_zoom.jpg,2026-05-16,2026-05-22,https://res.cloudinary.com/dfqzmnlga/image/upload/v1778907028/2026-05-16/11111505.jpg,Red cabbage pickled,"Red cabbage pickled: a tangy twist on tradition, served with a side of sass. 🍅✨"
11111514,25.0,Premieur,Saucer,Pastasauce Nduja,1,0,gl.,Netto,https://static.tilbudsugen.dk/1st-retail/2026/21/65373/Netto202026-1_19_72x1257_3018x2867_zoom.jpg,2026-05-16,2026-05-22,https://res.cloudinary.com/dfqzmnlga/image/upload/v1778907030/2026-05-16/11111514.jpg,Pasta sauce Nduja,"Sauce that melts in your mouth and leaves you craving more — perfect for any meal, any moment. 🍝✨"
11111515,25.0,Premieur,Saucer,Pastasauce Svampe og Trøffelsmag,1,0,gl.,Netto,https://static.tilbudsugen.dk/1st-retail/2026/21/65373/Netto202026-1_19_72x1257_3018x2867_zoom.jpg,2026-05-16,2026-05-22,https://res.cloudinary.com/dfqzmnlga/image/upload/v1778907032/2026-05-16/11111515.jpg,Pasta sauce Mushrooms and truffle flavor,"A flavor that brings warmth and luxury to every plate, with a touch of truffle and mushrooms — perfect for any meal. 🍅✨"
11111485,25.0,Løgismose,Grønt-syltet,Rødbeder-syltet,1,0,gl.,Netto,https://static.tilbudsugen.dk/1st-retail/2026/21/65373/Netto202026-1_5_3681x3454_4933x4927_zoom.jpg,2026-05-16,2026-05-22,https://res.cloudinary.com/dfqzmnlga/image/upload/v1778907032/2026-05-16/11111485.jpg,Beetroot pickled,"Sour, sweet, and spicy—perfect for a bold date. 🍅"
11111529,25.0,Trope,Tørret Frugt,Dadler,1,0,ps.,Netto,https://static.tilbudsugen.dk/1st-retail/2026/21/65373/Netto202026-1_19_2488x4855_4969x6850_zoom.jpg,2026-05-16,2026-05-22,https://res.cloudinary.com/dfqzmnlga/image/upload/v1778907032/2026-05-16/11111529.jpg,Dates,"Sweet, sticky, and sweetly tempting — I'm the date that makes every moment feel more delicious. 🍒"
11111530,25.0,Trope,Tørret Frugt,Kokostern,1,0,ps.,Netto,https://static.tilbudsugen.dk/1st-retail/2026/21/65373/Netto202026-1_19_2488x4855_4969x6850_zoom.jpg,2026-05-16,2026-05-22,https://res.cloudinary.com/dfqzmnlga/image/upload/v1778907033/2026-05-16/11111530.jpg,Kocososterne,"✨ Superstar of the spice aisle, where flavor meets fun! 🌟"
11111000,12.0,La Campagna,Saucer,Grøn Pesto,1,0,bg.,Netto,https://static.tilbudsugen.dk/1st-retail/2026/21/65373/Netto202026-1_16_65x4616_2960x6828_zoom.jpg,2026-05-16,2026-05-22,https://res.cloudinary.com/dfqzmnlga/image/upload/v1778907033/2026-05-16/11111000.jpg,Green Pesto,"Pesto of the vibrant kind, blending flavors and vibes into every bite. 🌱✨"
11111532,19.0,Dinner Kitt,Færdigretter,Turkish Dürum,1,0,pk.,Netto,https://static.tilbudsugen.dk/1st-retail/2026/21/65373/Netto202026-1_19_51x4819_2452x6836_zoom.jpg,2026-05-16,2026-05-22,https://res.cloudinary.com/dfqzmnlga/image/upload/v1778907034/2026-05-16/11111532.jpg,Turkish Dürum,"Turkish Dürum: The chef of the kitchen, always in the mood for a good spice mix. 🌱"
11111527,25.0,Simple Life,Tørret Frugt,Frugtmix,1,0,ps.,Netto,https://static.tilbudsugen.dk/1st-retail/2026/21/65373/Netto202026-1_19_2488x4855_4969x6850_zoom.jpg,2026-05-16,2026-05-22,https://res.cloudinary.com/dfqzmnlga/image/upload/v1778907034/2026-05-16/11111527.jpg,Fruit mix,"Pucker-up, flavor-fueled adventures await! 🍌"
11111522,25.0,Simple Life,Tørret Frugt,Bananchips,1,0,ps.,Netto,https://static.tilbudsugen.dk/1st-retail/2026/21/65373/Netto202026-1_19_2488x4855_4969x6850_zoom.jpg,2026-05-16,2026-05-22,https://res.cloudinary.com/dfqzmnlga/image/upload/v1778907034/2026-05-16/11111522.jpg,Banana chips,"Sweet, sticky, and slightly spicy—perfect for a snack that's as much fun as it is satisfying 🍌✨"
11111517,10.0,Reeva,Færdigretter,Nudler med Spicy Kylling i Karry,1,0,bg.,Netto,https://static.tilbudsugen.dk/1st-retail/2026/21/65373/Netto202026-1_19_1596x2853_3286x4855_zoom.jpg,2026-05-16,2026-05-22,https://res.cloudinary.com/dfqzmnlga/image/upload/v1778907035/2026-05-16/11111517.jpg,Noodles with Spicy Chicken in Curry,"Spicy, savory, and satisfying—perfect for a quick meal with a side of fun! 🍜✨"
11111521,10.0,Reeva,Færdigretter,Nudler med kyllingesmag,1,0,bg.,Netto,https://static.tilbudsugen.dk/1st-retail/2026/21/65373/Netto202026-1_19_1596x2853_3286x4855_zoom.jpg,2026-05-16,2026-05-22,https://res.cloudinary.com/dfqzmnlga/image/upload/v1778907035/2026-05-16/11111521.jpg,Chicken flavored noodles,"Sizzling with flavor, I'm the ultimate comfort food that turns any meal into a feast! 🍳"
11111520,10.0,Reeva,Færdigretter,Nudler med Grøntsagssmag,1,0,bg.,Netto,https://static.tilbudsugen.dk/1st-retail/2026/21/65373/Netto202026-1_19_1596x2853_3286x4855_zoom.jpg,2026-05-16,2026-05-22,https://res.cloudinary.com/dfqzmnlga/image/upload/v1778907036/2026-05-16/11111520.jpg,Noodles with a vegetable flavour,Satisfy your taste buds with a noodle that's as vibrant as a vegetable feast! 🍝✨
11087733,5.0,Murph,Snacks/bar,Proteinbar Mælkechokolade,1,0,stk.,Netto,https://static.tilbudsugen.dk/1st-retail/2026/19/65241/Netto182026-1_30_108x4701_1655x6768_zoom.jpg,2026-05-01,2026-05-31,https://res.cloudinary.com/dfqzmnlga/image/upload/v1778907036/2026-05-16/11087733.jpg,Proteinable Milk chocolate,✨ Boost your flavor with a protein-packed chocolate boost! ✨
11087735,5.0,Murph,Snacks/bar,Proteinbar Mælkechokolade,1,0,stk.,Netto,https://static.tilbudsugen.dk/1st-retail/2026/19/65241/Netto182026-1_30_108x4701_1655x6768_zoom.jpg,2026-05-01,2026-05-31,https://res.cloudinary.com/dfqzmnlga/image/upload/v1778907036/2026-05-16/11087735.jpg,Proteinable Milk chocolate,Satisfy your cravings with a boost of protein and chocolate — perfect for any snack or treat! 🍫
11087721,10.0,Murph,Snacks/bar,Pistachio & Cookies Crisp Proteinbar,1,0,stk.,Netto,https://static.tilbudsugen.dk/1st-retail/2026/19/65241/Netto182026-1_30_1526x0_4917x2513_zoom.jpg,2026-05-01,2026-05-31,https://res.cloudinary.com/dfqzmnlga/image/upload/v1778907037/2026-05-16/11087721.jpg,Pistachio & Cookies Crisp Protein Bar,"✨ Crunchy, creamy, and protein-packed—your energy boost on the go! ✨"
11087723,10.0,Murph,Snacks/bar,Coconut & Cookies Crisp Proteinbar,1,0,stk.,Netto,https://static.tilbudsugen.dk/1st-retail/2026/19/65241/Netto182026-1_30_1526x0_4917x2513_zoom.jpg,2026-05-01,2026-05-31,https://res.cloudinary.com/dfqzmnlga/image/upload/v1778907037/2026-05-16/11087723.jpg,Coconut & Cookies Crisp Proteinbar,Satisfy your cravings with coconut and cookies — and a sprinkle of protein! 🍫✨
11087724,10.0,Murph,Snacks/bar,Peanut & Caramel Crisp Proteinbar,1,0,stk.,Netto,https://static.tilbudsugen.dk/1st-retail/2026/19/65241/Netto182026-1_30_1526x0_4917x2513_zoom.jpg,2026-05-01,2026-05-31,https://res.cloudinary.com/dfqzmnlga/image/upload/v1778907038/2026-05-16/11087724.jpg,Peanut & Caramel Crisp Protein Bar,"✨ Crunchy, creamy, and protein-packed—your energy boost, delivered in a bar that's as tasty as it is healthy!"
11087722,10.0,Murph,Snacks/bar,Cookies & Caramel Crisp Proteinbar,1,0,stk.,Netto,https://static.tilbudsugen.dk/1st-retail/2026/19/65241/Netto182026-1_30_1526x0_4917x2513_zoom.jpg,2026-05-01,2026-05-31,https://res.cloudinary.com/dfqzmnlga/image/upload/v1778907038/2026-05-16/11087722.jpg,Cookies & Caramel Crisp Protein Bar,"Satisfy your cravings with a sweet, savory twist—cookie-inspired protein that's as delicious as it is nutritious! 🍪✨"
11111888,10.0,Nutramino,Snacks/bar,Chocolate Protein Wafer ,1,0,stk.,Netto,https://static.tilbudsugen.dk/1st-retail/2026/21/65373/Netto202026-1_24_43x2853_1603x4848_zoom.jpg,2026-05-16,2026-05-22,https://res.cloudinary.com/dfqzmnlga/image/upload/v1778907039/2026-05-16/11111888.jpg,Chocolate Protein Wafer,✨ Chocolate Protein Wafer: Satisfy your cravings with a sweet and savory boost! 🍫
11111890,10.0,Nutramino,Snacks/bar,Vanilla Protein Wafer,1,0,stk.,Netto,https://static.tilbudsugen.dk/1st-retail/2026/21/65373/Netto202026-1_24_43x2853_1603x4848_zoom.jpg,2026-05-16,2026-05-22,https://res.cloudinary.com/dfqzmnlga/image/upload/v1778907039/2026-05-16/11111890.jpg,Vanilla Protein Wafer,✨ Satisfy your cravings with a sweet twist – vanilla protein wafer that's as delicious as it is nutritious! ✨
11111889,10.0,Nutramino,Snacks/bar,Hazelnut Protein Wafer,1,0,stk.,Netto,https://static.tilbudsugen.dk/1st-retail/2026/21/65373/Netto202026-1_24_43x2853_1603x4848_zoom.jpg,2026-05-16,2026-05-22,https://res.cloudinary.com/dfqzmnlga/image/upload/v1778907040/2026-05-16/11111889.jpg,Hazelnut Protein Wafer,"✨ Nutty and protein-packed, I'm the perfect snack for your morning boost!"
11087725,16.0,Murph,Snacks/bar,Proteinbar Creatine Milky Road,1,0,stk.,Netto,https://static.tilbudsugen.dk/1st-retail/2026/19/65241/Netto182026-1_30_1709x2594_3242x4661_zoom.jpg,2026-05-01,2026-05-31,https://res.cloudinary.com/dfqzmnlga/image/upload/v1778907040/2026-05-16/11087725.jpg,Proteinbar Creatine Milky Road,"💪✨ High-protein, high-energy, and high-milk joy – perfect for your next adventure! 🌟"
11087727,16.0,Murph,Snacks/bar,Proteinbar Creatine Cookies & Cream,1,0,stk.,Netto,https://static.tilbudsugen.dk/1st-retail/2026/19/65241/Netto182026-1_30_1709x2594_3242x4661_zoom.jpg,2026-05-01,2026-05-31,https://res.cloudinary.com/dfqzmnlga/image/upload/v1778907040/2026-05-16/11087727.jpg,Proteinable Creatine Cookies & Cream,✨ Craving a protein-packed energy boost? 🍪✨
11101081,16.0,Barebells,Snacks/bar,Peanut Caramel Proteinbar,1,0,stk.,Netto,https://static.tilbudsugen.dk/1st-retail/2026/20/65302/Netto192026-1_23_1637x651_3345x2834_zoom.jpg,2026-05-01,2026-05-31,https://res.cloudinary.com/dfqzmnlga/image/upload/v1778907041/2026-05-16/11101081.jpg,Peanut Caramel Protein Bar,"✨ Crunchy, creamy, and super satisfying — your energy boost, delivered in a bar! ✨"
11101083,16.0,Barebells,Snacks/bar,Coco Choco Proteinbar,1,0,stk.,Netto,https://static.tilbudsugen.dk/1st-retail/2026/20/65302/Netto192026-1_23_1637x651_3345x2834_zoom.jpg,2026-05-01,2026-05-31,https://res.cloudinary.com/dfqzmnlga/image/upload/v1778907041/2026-05-16/11101083.jpg,Coco Choco Proteinbar,"✨ Crunchy, creamy, and supercharged with flavor—perfect for any snack or energy boost! 🍫"
11111871,16.0,Bodylab,Snacks/bar,Salted Peanut Caramel Proteinbar,1,0,stk.,Netto,https://static.tilbudsugen.dk/1st-retail/2026/21/65373/Netto202026-1_24_3264x2758_4911x4855_zoom.jpg,2026-05-16,2026-05-22,https://res.cloudinary.com/dfqzmnlga/image/upload/v1778907041/2026-05-16/11111871.jpg,Salted Peanut Caramel Protein Bar,"✨ Crunchy, salty, and sweet—this bar is the perfect pick for your next snack break! 🌟"
11101082,16.0,Barebells,Snacks/bar,Marshmallow Proteinbar,1,0,stk.,Netto,https://static.tilbudsugen.dk/1st-retail/2026/20/65302/Netto192026-1_23_1637x651_3345x2834_zoom.jpg,2026-05-01,2026-05-31,https://res.cloudinary.com/dfqzmnlga/image/upload/v1778907042/2026-05-16/11101082.jpg,Marshmallow Proteinbar,"Savor the sweet, savory blend of joy and protein with a twist—because every bite is a flavor burst! 🍬✨"
11101084,16.0,Barebells,Snacks/bar,Salty Peanut Proteinbar,1,0,stk.,Netto,https://static.tilbudsugen.dk/1st-retail/2026/20/65302/Netto192026-1_23_1637x651_3345x2834_zoom.jpg,2026-05-01,2026-05-31,https://res.cloudinary.com/dfqzmnlga/image/upload/v1778907042/2026-05-16/11101084.jpg,Salty Peanut Proteinbar,"Crunchy, salty, and protein-packed—perfect for your next adventure! 🌟"
11101085,16.0,Barebells,Snacks/bar,Caramel Cashew Proteinbar,1,0,stk.,Netto,https://static.tilbudsugen.dk/1st-retail/2026/20/65302/Netto192026-1_23_1637x651_3345x2834_zoom.jpg,2026-05-01,2026-05-31,https://res.cloudinary.com/dfqzmnlga/image/upload/v1778907043/2026-05-16/11101085.jpg,Caramel Cashew Protein Bar,"✨ Flavors that melt in your mouth, perfect for any snack or snack break! ✨"
11101086,16.0,Barebells,Snacks/bar,Hazelnut & Nougat Proteinbar,1,0,stk.,Netto,https://static.tilbudsugen.dk/1st-retail/2026/20/65302/Netto192026-1_23_1637x651_3345x2834_zoom.jpg,2026-05-01,2026-05-31,https://res.cloudinary.com/dfqzmnlga/image/upload/v1778907043/2026-05-16/11101086.jpg,Hazelnut & Nougat Proteinbar,"✨ Crunchy, creamy, and supercharged with protein — your energy boost, delivered in a bar. ✨"
11087726,16.0,Murph,Snacks/bar,Proteinbar Creatine Toffee & Caramel,1,0,stk.,Netto,https://static.tilbudsugen.dk/1st-retail/2026/19/65241/Netto182026-1_30_1709x2594_3242x4661_zoom.jpg,2026-05-01,2026-05-31,https://res.cloudinary.com/dfqzmnlga/image/upload/v1778907043/2026-05-16/11087726.jpg,Proteinbar Creatine Toffee & Caramel,"✨ Power up your day with protein, energy, and a sweet kick! 🌟"
11111907,16.0,Bodylab,Snacks/bar,Chocolate Brownie Proteinbar,1,0,stk.,Netto,https://static.tilbudsugen.dk/1st-retail/2026/21/65373/Netto202026-1_24_3264x2758_4911x4855_zoom.jpg,2026-05-16,2026-05-22,https://res.cloudinary.com/dfqzmnlga/image/upload/v1778907044/2026-05-16/11111907.jpg,Chocolate Brownie Proteinbar,"Satisfy your cravings with a sweet, savory boost — because every bite is a win! 🍫✨"
11111930,16.0,Bodylab,Snacks/bar,Salted Peanut Caramel Proteinbar,1,0,stk.,Netto,https://static.tilbudsugen.dk/1st-retail/2026/21/65373/Netto202026-1_24_3264x2758_4911x4855_zoom.jpg,2026-05-16,2026-05-22,https://res.cloudinary.com/dfqzmnlga/image/upload/v1778907044/2026-05-16/11111930.jpg,Salted Peanut Caramel Protein Bar,"✨ Crunchy, salty, and sweet — this bar is a flavor explosion in every bite! ✨"
11101073,16.0,Barebells,Snacks/bar,Banana Dream Proteinbar,1,0,stk.,Netto,https://static.tilbudsugen.dk/1st-retail/2026/20/65302/Netto192026-1_23_1637x651_3345x2834_zoom.jpg,2026-05-01,2026-05-31,https://res.cloudinary.com/dfqzmnlga/image/upload/v1778907045/2026-05-16/11101073.jpg,Banana Dream Proteinbar,"Chill, sweet, and super energizing—perfect for any snack moment. 🍌💪"
11101080,16.0,Barebells,Snacks/bar,Caramel Choco Proteinbar,1,0,stk.,Netto,https://static.tilbudsugen.dk/1st-retail/2026/20/65302/Netto192026-1_23_1637x651_3345x2834_zoom.jpg,2026-05-01,2026-05-31,https://res.cloudinary.com/dfqzmnlga/image/upload/v1778907045/2026-05-16/11101080.jpg,Caramel Choco Proteinbar,"✨ Crunchy, creamy, and super satisfying — the perfect snack to fuel your day!"
11111910,16.0,Bodylab,Snacks/bar,Hazelnut Choco Proteinbar,1,0,stk.,Netto,https://static.tilbudsugen.dk/1st-retail/2026/21/65373/Netto202026-1_24_3264x2758_4911x4855_zoom.jpg,2026-05-16,2026-05-22,https://res.cloudinary.com/dfqzmnlga/image/upload/v1778907045/2026-05-16/11111910.jpg,Hazelnut Choco Proteinbar,"✨ Nutty & creamy, this bar delivers protein and flavor in every bite!"
11111544,20.0,ØGO,Müsli & Granola,Mysli med kerner,1,0,ps.,Netto,https://static.tilbudsugen.dk/1st-retail/2026/21/65373/Netto202026-1_7_0x5305_1684x6822_zoom.jpg,2026-05-16,2026-05-22,https://res.cloudinary.com/dfqzmnlga/image/upload/v1778907046/2026-05-16/11111544.jpg,Mysli with seeds,Think outside the box—my mind is a seed-filled wonderland. 🌱✨
11111616,29.0,Quaker,Müsli & Granola,Cruesli Dark Chocolate,1,0,pk.,Netto,https://static.tilbudsugen.dk/1st-retail/2026/21/65373/Netto202026-1_20_1364x117_3330x2461_zoom.jpg,2026-05-16,2026-05-22,https://res.cloudinary.com/dfqzmnlga/image/upload/v1778907046/2026-05-16/11111616.jpg,Cruesli Dark Chocolate,✨ Dark chocolate bites that melt in your mouth and never leave a trace. 🍫
11111620,29.0,Quaker,Müsli & Granola,Cruesli 4 Nuts,1,0,pk.,Netto,https://static.tilbudsugen.dk/1st-retail/2026/21/65373/Netto202026-1_20_1364x117_3330x2461_zoom.jpg,2026-05-16,2026-05-22,https://res.cloudinary.com/dfqzmnlga/image/upload/v1778907046/2026-05-16/11111620.jpg,Cruesli 4 Nuts,Cruesli 4 Nuts: The ultimate snack that keeps you energized and ready for anything! 🍫
11111621,29.0,Quaker,Müsli & Granola,Cruesli Raisins,1,0,pk.,Netto,https://static.tilbudsugen.dk/1st-retail/2026/21/65373/Netto202026-1_20_1364x117_3330x2461_zoom.jpg,2026-05-16,2026-05-22,https://res.cloudinary.com/dfqzmnlga/image/upload/v1778907047/2026-05-16/11111621.jpg,Cruesli Raisins,"Cruesli Raisins: Sweet, salty, and slightly addictive — just the way life should be. 🍣"
11111622,29.0,Quaker,Müsli & Granola,Cruesli Crunchy Bites,1,0,pk.,Netto,https://static.tilbudsugen.dk/1st-retail/2026/21/65373/Netto202026-1_20_1364x117_3330x2461_zoom.jpg,2026-05-16,2026-05-22,https://res.cloudinary.com/dfqzmnlga/image/upload/v1778907047/2026-05-16/11111622.jpg,Cruesli Crunchy Bites,Cruesli Crunchy Bites: The perfect snack for when you want a little crunch and a lot of joy! 🍪
11111531,15.0,Garofalo,Pasta,Pasta,1,0,pk.,Netto,https://static.tilbudsugen.dk/1st-retail/2026/21/65373/Netto202026-1_19_43x2751_1676x4855_zoom.jpg,2026-05-16,2026-05-22,https://res.cloudinary.com/dfqzmnlga/image/upload/v1778907047/2026-05-16/11111531.jpg,Pasta,"Sizzling with flavor, I'm the pasta that never quits — and never stops cooking. 🍝✨"
11111542,19.0,Dinner Kitt,Pastaretter,Asian Oriental Rice,1,0,pk.,Netto,https://static.tilbudsugen.dk/1st-retail/2026/21/65373/Netto202026-1_19_51x4819_2452x6836_zoom.jpg,2026-05-16,2026-05-22,https://res.cloudinary.com/dfqzmnlga/image/upload/v1778907048/2026-05-16/11111542.jpg,Asian Oriental Rice,"A fluffy, aromatic dream that brings warmth and flavor to any meal, 🌾"
11111539,19.0,Dinner Kitt,Pastaretter,Whole Grain Lasagnette,1,0,pk.,Netto,https://static.tilbudsugen.dk/1st-retail/2026/21/65373/Netto202026-1_19_51x4819_2452x6836_zoom.jpg,2026-05-16,2026-05-22,https://res.cloudinary.com/dfqzmnlga/image/upload/v1778907048/2026-05-16/11111539.jpg,Whole Grain Lasagnette,"Savoring savory layers of love in every bite, 🍛"
11111541,19.0,Dinner Kitt,Pastaretter,Whole Grain Lasagne,1,0,pk.,Netto,https://static.tilbudsugen.dk/1st-retail/2026/21/65373/Netto202026-1_19_51x4819_2452x6836_zoom.jpg,2026-05-16,2026-05-22,https://res.cloudinary.com/dfqzmnlga/image/upload/v1778907049/2026-05-16/11111541.jpg,Whole Grain Lasagna,"Layered with flavor, I'm the ultimate comfort food that turns any meal into a masterpiece 🍝"
11111540,19.0,Dinner Kitt,Pastaretter,Italian Lasagne,1,0,pk.,Netto,https://static.tilbudsugen.dk/1st-retail/2026/21/65373/Netto202026-1_19_51x4819_2452x6836_zoom.jpg,2026-05-16,2026-05-22,https://res.cloudinary.com/dfqzmnlga/image/upload/v1778907049/2026-05-16/11111540.jpg,Italian Lasagne,"Layered with flavor, I'm the ultimate comfort food—perfect for cozy nights and bold vibes. 🍝"
11111538,19.0,Dinner Kitt,Risretter,Asian Indian Rice,1,0,pk.,Netto,https://static.tilbudsugen.dk/1st-retail/2026/21/65373/Netto202026-1_19_51x4819_2452x6836_zoom.jpg,2026-05-16,2026-05-22,https://res.cloudinary.com/dfqzmnlga/image/upload/v1778907049/2026-05-16/11111538.jpg,Asian Indian Rice,Savoring flavors that bring warmth and joy to every bite 🌟
11111537,19.0,Dinner Kitt,Risretter,Mexican Tacos,1,0,pk.,Netto,https://static.tilbudsugen.dk/1st-retail/2026/21/65373/Netto202026-1_19_51x4819_2452x6836_zoom.jpg,2026-05-16,2026-05-22,https://res.cloudinary.com/dfqzmnlga/image/upload/v1778907050/2026-05-16/11111537.jpg,Mexican Tacos,"Savoring flavors that make your taste buds dance — tacos, any style. 🌮"
11111528,25.0,Trope,Snacknødder & Nøddeblandinger,Peanuts,1,0,ps.,Netto,https://static.tilbudsugen.dk/1st-retail/2026/21/65373/Netto202026-1_19_2488x4855_4969x6850_zoom.jpg,2026-05-16,2026-05-22,https://res.cloudinary.com/dfqzmnlga/image/upload/v1778907050/2026-05-16/11111528.jpg,Peanuts,✨ Peanut butter lover with a sweet tooth and a sprinkle of sass.
11111695,14.0,Kims,Chips,Bølgechips,1,0,ps.,Netto,https://static.tilbudsugen.dk/1st-retail/2026/21/65373/Netto202026-1_21_14x4695_2503x6879_zoom.jpg,2026-05-16,2026-05-22,https://res.cloudinary.com/dfqzmnlga/image/upload/v1778907051/2026-05-16/11111695.jpg,Wave chips,"✨ Waves of flavor, ready to crash your day!"
11111691,14.0,Kims,Snacks,Snack Chips Souer cream & onion,1,0,ps.,Netto,https://static.tilbudsugen.dk/1st-retail/2026/21/65373/Netto202026-1_21_14x4695_2503x6879_zoom.jpg,2026-05-16,2026-05-22,https://res.cloudinary.com/dfqzmnlga/image/upload/v1778907051/2026-05-16/11111691.jpg,Snack Chips Souer cream & onion,"Crunchy and creamy, perfect for a quick snack—on your own or with a friend! 🍫✨"
11111696,14.0,Kims,Chips,Sour Cream & Onion Chips,1,0,ps.,Netto,https://static.tilbudsugen.dk/1st-retail/2026/21/65373/Netto202026-1_21_14x4695_2503x6879_zoom.jpg,2026-05-16,2026-05-22,https://res.cloudinary.com/dfqzmnlga/image/upload/v1778907051/2026-05-16/11111696.jpg,Sour Cream & Onion Chips,Sour Cream & Onion Chips — the ultimate snack that makes every bite feel like a party! 🍩
11111684,14.0,Kims,Chips,Snack Chips Original,1,0,ps.,Netto,https://static.tilbudsugen.dk/1st-retail/2026/21/65373/Netto202026-1_21_14x4695_2503x6879_zoom.jpg,2026-05-16,2026-05-22,https://res.cloudinary.com/dfqzmnlga/image/upload/v1778907052/2026-05-16/11111684.jpg,Snack Chips Original,"Crunchy, salty, and perfect for any moment—bite-sized joy in every snack. 🍿"
11111694,14.0,Kims,Chips,Havsalt Chips,1,0,ps.,Netto,https://static.tilbudsugen.dk/1st-retail/2026/21/65373/Netto202026-1_21_14x4695_2503x6879_zoom.jpg,2026-05-16,2026-05-22,https://res.cloudinary.com/dfqzmnlga/image/upload/v1778907052/2026-05-16/11111694.jpg,Sea salt Chips,"Crunchy, salty bliss that's as refreshing as a seaside breeze 🌊✨"
11111690,14.0,Kims,Snacks,Jørgens Favorit Mix,1,0,ps.,Netto,https://static.tilbudsugen.dk/1st-retail/2026/21/65373/Netto202026-1_21_14x4695_2503x6879_zoom.jpg,2026-05-16,2026-05-22,https://res.cloudinary.com/dfqzmnlga/image/upload/v1778907052/2026-05-16/11111690.jpg,Jørgens Favorit Mix,✨ Jørgens Favorit Mix: The ultimate flavor explosion in every bite! 🍽️
11111693,14.0,Kims,Snacks,Cheeeese Ostepops,1,0,ps.,Netto,https://static.tilbudsugen.dk/1st-retail/2026/21/65373/Netto202026-1_21_14x4695_2503x6879_zoom.jpg,2026-05-16,2026-05-22,https://res.cloudinary.com/dfqzmnlga/image/upload/v1778907053/2026-05-16/11111693.jpg,Cheeseese Ostepops,"Savory, creamy, and slightly weird—Cheeseese Ostepops brings the cheese to the table, but with a twist! 🧀✨"
11111689,14.0,Kims,Snacks,Mega Mix krydret,1,0,ps.,Netto,https://static.tilbudsugen.dk/1st-retail/2026/21/65373/Netto202026-1_21_14x4695_2503x6879_zoom.jpg,2026-05-16,2026-05-22,https://res.cloudinary.com/dfqzmnlga/image/upload/v1778907053/2026-05-16/11111689.jpg,Mega Mix Spicy,"🔥 Spicy, bold, and ready to take over your day! 🍽️"
11111692,14.0,Kims,Snacks,Saltskruer,1,0,ps.,Netto,https://static.tilbudsugen.dk/1st-retail/2026/21/65373/Netto202026-1_21_14x4695_2503x6879_zoom.jpg,2026-05-16,2026-05-22,https://res.cloudinary.com/dfqzmnlga/image/upload/v1778907054/2026-05-16/11111692.jpg,Salt screws,"Hmm, I'm the salt screws, and I'm here to tighten up your life with a little extra flavor. 🧾✨"
11111697,14.0,Kims,Snacks,Snack Crunch Nacho Cheese,1,0,ps.,Netto,https://static.tilbudsugen.dk/1st-retail/2026/21/65373/Netto202026-1_21_14x4695_2503x6879_zoom.jpg,2026-05-16,2026-05-22,https://res.cloudinary.com/dfqzmnlga/image/upload/v1778907054/2026-05-16/11111697.jpg,Snack Crunch Nacho Cheese,"Crunchy, cheesy, and ready to snack—your new best friend. 🍴✨"
11111698,14.0,Kims,Snacks,Snack Crunch Cheese,1,0,ps.,Netto,https://static.tilbudsugen.dk/1st-retail/2026/21/65373/Netto202026-1_21_14x4695_2503x6879_zoom.jpg,2026-05-16,2026-05-22,https://res.cloudinary.com/dfqzmnlga/image/upload/v1778907054/2026-05-16/11111698.jpg,Snack Crunch Cheese,"Crunchy, salty, and just right—your perfect snack companion. 🍫"
11111609,20.0,Paradiso,Smørepålæg,Peanutbutter Crunchy,1,0,gl.,Netto,https://static.tilbudsugen.dk/1st-retail/2026/21/65373/Netto202026-1_20_3279x219_4940x2446_zoom.jpg,2026-05-16,2026-05-22,https://res.cloudinary.com/dfqzmnlga/image/upload/v1778907055/2026-05-16/11111609.jpg,Peanut butter Crunchy,"Savor the crunch, taste the joy—peanut butter meets adventure in every bite! 🍬✨"
11111615,20.0,Paradiso,Smørepålæg,Peanutbutter Creamy,1,0,gl.,Netto,https://static.tilbudsugen.dk/1st-retail/2026/21/65373/Netto202026-1_20_3279x219_4940x2446_zoom.jpg,2026-05-16,2026-05-22,https://res.cloudinary.com/dfqzmnlga/image/upload/v1778907055/2026-05-16/11111615.jpg,Peanut butter Creamy,"Smooth, creamy, and just the right amount of peanut butter — perfect for any moment. 🍬"
11111719,13.0,Godt & Blandet,Slik,Slikpose Sure Mix,1,0,ps.,Netto,https://static.tilbudsugen.dk/1st-retail/2026/21/65373/Netto202026-1_21_2503x4630_4882x6850_zoom.jpg,2026-05-16,2026-05-22,https://res.cloudinary.com/dfqzmnlga/image/upload/v1778907055/2026-05-16/11111719.jpg,Candy Bag Sure Mix,✨ Candy Bag Sure Mix: Your go-to for sweet surprises and endless joy! 🍬
11111722,13.0,Malaco,Slik,Slikpose Lagerman Konfekt,1,0,ps.,Netto,https://static.tilbudsugen.dk/1st-retail/2026/21/65373/Netto202026-1_21_2503x4630_4882x6850_zoom.jpg,2026-05-16,2026-05-22,https://res.cloudinary.com/dfqzmnlga/image/upload/v1778907056/2026-05-16/11111722.jpg,Candy Bag Lagerman Confect,"✨ Candy Bag Lagerman Confect 🍬 - Sip, snack, and never forget the sweet taste of life!"
11111717,13.0,Søde Jordbær & Æbler,Slik,Slikposer,1,0,ps.,Netto,https://static.tilbudsugen.dk/1st-retail/2026/21/65373/Netto202026-1_21_2503x4630_4882x6850_zoom.jpg,2026-05-16,2026-05-22,https://res.cloudinary.com/dfqzmnlga/image/upload/v1778907056/2026-05-16/11111717.jpg,Candy bags,Candy bags: the ultimate escape from monotony! 🍬
11111721,13.0,Familie Guf,Slik,Slikposer,1,0,ps.,Netto,https://static.tilbudsugen.dk/1st-retail/2026/21/65373/Netto202026-1_21_2503x4630_4882x6850_zoom.jpg,2026-05-16,2026-05-22,https://res.cloudinary.com/dfqzmnlga/image/upload/v1778907056/2026-05-16/11111721.jpg,Candy bags,✨ Candy bag whisperer 🌟
11111716,13.0,Frække Fisk,Slik,Slikposer,1,0,ps.,Netto,https://static.tilbudsugen.dk/1st-retail/2026/21/65373/Netto202026-1_21_2503x4630_4882x6850_zoom.jpg,2026-05-16,2026-05-22,https://res.cloudinary.com/dfqzmnlga/image/upload/v1778907057/2026-05-16/11111716.jpg,Candy bags,Treat yourself to a sweet escape with every bite! 🍬
11111718,13.0,Djungelvrål,Slik,Slikposer,1,0,ps.,Netto,https://static.tilbudsugen.dk/1st-retail/2026/21/65373/Netto202026-1_21_2503x4630_4882x6850_zoom.jpg,2026-05-16,2026-05-22,https://res.cloudinary.com/dfqzmnlga/image/upload/v1778907057/2026-05-16/11111718.jpg,Candy bags,"Candy bags: sweet, salty, and always ready to spark a conversation. 🍬"
11111720,13.0,Godt & Blandet,Slik,Slikposer,1,0,ps.,Netto,https://static.tilbudsugen.dk/1st-retail/2026/21/65373/Netto202026-1_21_2503x4630_4882x6850_zoom.jpg,2026-05-16,2026-05-22,https://res.cloudinary.com/dfqzmnlga/image/upload/v1778907058/2026-05-16/11111720.jpg,Candy bags,"Sweet treat, ready to melt your day with a smile! 🍬"
11111710,13.0,Malaco,Slik,Sour Mushrooms,1,0,ps.,Netto,https://static.tilbudsugen.dk/1st-retail/2026/21/65373/Netto202026-1_21_2503x4630_4882x6850_zoom.jpg,2026-05-16,2026-05-22,https://res.cloudinary.com/dfqzmnlga/image/upload/v1778907058/2026-05-16/11111710.jpg,Sour Mushrooms,"Sour, sharp, and slightly dramatic—perfect for a Tinder profile. 🍄"
11111651,12.0,Den Mørke,Pålægschokolade,Pålægschokolade Mørk,1,0,pk.,Netto,https://static.tilbudsugen.dk/1st-retail/2026/21/65373/Netto202026-1_20_29x4732_1697x6872_zoom.jpg,2026-05-16,2026-05-22,https://res.cloudinary.com/dfqzmnlga/image/upload/v1778907058/2026-05-16/11111651.jpg,Layer chocolate Dark,✨ Chocolate lover with a twist — layering flavors like a pro! 🍫
11111657,12.0,Den Lyse,Pålægschokolade,Pålægschokolade,1,0,pk.,Netto,https://static.tilbudsugen.dk/1st-retail/2026/21/65373/Netto202026-1_20_29x4732_1697x6872_zoom.jpg,2026-05-16,2026-05-22,https://res.cloudinary.com/dfqzmnlga/image/upload/v1778907059/2026-05-16/11111657.jpg,"Cold-rolled flat products of iron or non-alloy steel, not further worked than cold-rolled (cold-reduced), not further worked than hot-rolled, hot-drawn or extruded","Smooth, shiny, and slightly chilly — perfect for a cold day. 🌧️"
11111677,8.0,Dumle,Chokolade,Chokoladebar Smooth Caramel,1,0,stk.,Netto,https://static.tilbudsugen.dk/1st-retail/2026/21/65373/Netto202026-1_21_80x2671_1734x4703_zoom.jpg,2026-05-16,2026-05-22,https://res.cloudinary.com/dfqzmnlga/image/upload/v1778907059/2026-05-16/11111677.jpg,Chocolateable Smooth Caramel,"✨ Satisfy your cravings with a smooth, chocolatey caramel twist! ✨"
11111742,8.0,Snacks Original,Chokolade,Chokoladebar,1,0,stk.,Netto,https://static.tilbudsugen.dk/1st-retail/2026/21/65373/Netto202026-1_21_80x2671_1734x4703_zoom.jpg,2026-05-16,2026-05-22,https://res.cloudinary.com/dfqzmnlga/image/upload/v1778907059/2026-05-16/11111742.jpg,Chocolate bar,"Dark chocolate dreams, wrapped in a sweet mystery 🍫"
11111745,8.0,Fazermint,Chokolade,Chokoladebar,1,0,stk.,Netto,https://static.tilbudsugen.dk/1st-retail/2026/21/65373/Netto202026-1_21_80x2671_1734x4703_zoom.jpg,2026-05-16,2026-05-22,https://res.cloudinary.com/dfqzmnlga/image/upload/v1778907060/2026-05-16/11111745.jpg,Chocolate bar,"Mmm, chocolate — the perfect mix of sweet and surprise. 🍫"
11110981,10.0,Harvest Best,Grøntsager,Helbladet Spinat,1,0,ps.,Netto,https://static.tilbudsugen.dk/1st-retail/2026/21/65373/Netto202026-1_2_2407x134_4890x2530_zoom.jpg,2026-05-16,2026-05-22,https://res.cloudinary.com/dfqzmnlga/image/upload/v1778907060/2026-05-16/11110981.jpg,Chinese cabbages/pe-tsai,"Tasty, earthy, and a bit spicy—pe-tsai are the perfect side to any meal! 🌱"
11110982,10.0,Harvest Best,Grøntsager,Haricots Verts,1,0,ps.,Netto,https://static.tilbudsugen.dk/1st-retail/2026/21/65373/Netto202026-1_2_2407x134_4890x2530_zoom.jpg,2026-05-16,2026-05-22,https://res.cloudinary.com/dfqzmnlga/image/upload/v1778907060/2026-05-16/11110982.jpg,Haricots Verts,Sprout your taste buds with a green revolution — 🌱✨
11110979,10.0,Harvest Best,Grøntsager,Fine Ærter,1,0,ps.,Netto,https://static.tilbudsugen.dk/1st-retail/2026/21/65373/Netto202026-1_2_2407x134_4890x2530_zoom.jpg,2026-05-16,2026-05-22,https://res.cloudinary.com/dfqzmnlga/image/upload/v1778907061/2026-05-16/11110979.jpg,Fine Peas,"✨ Whisked into wonder, fine peas bring a sprinkle of magic to every bite! 🌟"
11110924,12.0,Bakersfield,Dybfrost Brød,Skagenslapper,1,0,ps.,Netto,https://static.tilbudsugen.dk/1st-retail/2026/21/65373/Netto202026-1_1_2494x1424_4912x4155_zoom.jpg,2026-05-16,2026-05-22,https://res.cloudinary.com/dfqzmnlga/image/upload/v1778907061/2026-05-16/11110924.jpg,Shape-holders,"✨Shape-shapers of the chaos, turning chaos into calm.✨"
11110919,12.0,Bakersfield,Dybfrost Brød,Græskarkernestykker,1,0,ps.,Netto,https://static.tilbudsugen.dk/1st-retail/2026/21/65373/Netto202026-1_1_2494x1424_4912x4155_zoom.jpg,2026-05-16,2026-05-22,https://res.cloudinary.com/dfqzmnlga/image/upload/v1778907062/2026-05-16/11110919.jpg,Sheets for pumpkins,✨ Pumpkin sheets that make every slice feel like a celebration!
11110925,12.0,Bakersfield,Dybfrost Brød,Møllehjul,1,0,ps.,Netto,https://static.tilbudsugen.dk/1st-retail/2026/21/65373/Netto202026-1_1_2494x1424_4912x4155_zoom.jpg,2026-05-16,2026-05-22,https://res.cloudinary.com/dfqzmnlga/image/upload/v1778907062/2026-05-16/11110925.jpg,Mill wheels,"✨ Wheel of fortune, spinning fast—turning ideas into reality! 🌟"
11110980,10.0,Harvest Best,Grøntsager,Wok Mix,1,0,ps.,Netto,https://static.tilbudsugen.dk/1st-retail/2026/21/65373/Netto202026-1_2_2407x134_4890x2530_zoom.jpg,2026-05-16,2026-05-22,https://res.cloudinary.com/dfqzmnlga/image/upload/v1778907062/2026-05-16/11110980.jpg,Wok Mix,"🔥 Super versatile, super spicy—perfect for flipping your day! 🍳"
11110983,10.0,Harvest Best,Grøntsager,Mukimame Bønner,1,0,ps.,Netto,https://static.tilbudsugen.dk/1st-retail/2026/21/65373/Netto202026-1_2_2407x134_4890x2530_zoom.jpg,2026-05-16,2026-05-22,https://res.cloudinary.com/dfqzmnlga/image/upload/v1778907063/2026-05-16/11110983.jpg,Mukimame Beans,✨ A flavor bomb that makes every meal feel like a celebration 🌟
11111452,30.0,Bistronne,Fjerkræ,Kyllingelår,1,1,pk.,Netto,https://static.tilbudsugen.dk/1st-retail/2026/21/65373/Netto202026-1_18_7x4804_2532x6887_zoom.jpg,2026-05-16,2026-05-22,https://res.cloudinary.com/dfqzmnlga/image/upload/v1778907063/2026-05-16/11111452.jpg,Chicken years,"🔥 Chicken years: I'm the ultimate flavor booster, always in season and never out of style! 🍗"
11110984,10.0,Harvest Best,Grøntsager,Broccoli Mix,1,0,ps.,Netto,https://static.tilbudsugen.dk/1st-retail/2026/21/65373/Netto202026-1_2_2407x134_4890x2530_zoom.jpg,2026-05-16,2026-05-22,https://res.cloudinary.com/dfqzmnlga/image/upload/v1778907063/2026-05-16/11110984.jpg,Broccoli Mix,Sprout up with a twist—your favorite veggies in one hearty bundle! 🥕🌱
11110985,10.0,Harvest Best,Grøntsager,Broccolibuketter,1,0,ps.,Netto,https://static.tilbudsugen.dk/1st-retail/2026/21/65373/Netto202026-1_2_2407x134_4890x2530_zoom.jpg,2026-05-16,2026-05-22,https://res.cloudinary.com/dfqzmnlga/image/upload/v1778907064/2026-05-16/11110985.jpg,Broccoli bouquets,"Crisp, creamy, and slightly spicy—perfect for a salad or a snack. 🌱✨"
11111797,19.0,ØGO,Dybfrost Brød,Ølandsstykker,1,0,ps.,Netto,https://static.tilbudsugen.dk/1st-retail/2026/21/65373/Netto202026-1_7_1646x69_4944x1829_zoom.jpg,2026-05-16,2026-05-22,https://res.cloudinary.com/dfqzmnlga/image/upload/v1778907064/2026-05-16/11111797.jpg,Pieces of the island,"A piece of the island, forever wandering, 🌍✨"
11111526,19.0,ØGO,Dybfrost Brød,Durum Kernestykker,1,0,ps.,Netto,https://static.tilbudsugen.dk/1st-retail/2026/21/65373/Netto202026-1_7_1646x69_4944x1829_zoom.jpg,2026-05-16,2026-05-22,https://res.cloudinary.com/dfqzmnlga/image/upload/v1778907065/2026-05-16/11111526.jpg,Durum Cores,"🔥 Burned to perfection, ready to ignite your taste buds!"
11111457,25.0,Navito,Fisk,Fiskepinde,1,0,pk.,Netto,https://static.tilbudsugen.dk/1st-retail/2026/21/65373/Netto202026-1_4_1652x2563_3292x4652_zoom.jpg,2026-05-16,2026-05-22,https://res.cloudinary.com/dfqzmnlga/image/upload/v1778907065/2026-05-16/11111457.jpg,Fish sticks,"Sizzling with flavor, I'm the perfect snack for any meal! 🍣"
11111748,25.0,Navito,Fisk,Panerede Fisk,1,0,ps.,Netto,https://static.tilbudsugen.dk/1st-retail/2026/21/65373/Netto202026-1_4_1652x2563_3292x4652_zoom.jpg,2026-05-16,2026-05-22,https://res.cloudinary.com/dfqzmnlga/image/upload/v1778907065/2026-05-16/11111748.jpg,Panned Fish,"Panfish with a twist, served with a dash of sass and a sprinkle of humor. 🎉"
11087451,25.0,Pølsemesteren,Pølser Frost,Frankfurter,1,0,pk.,Netto,https://static.tilbudsugen.dk/1st-retail/2026/19/65241/Netto182026-1_7_1610x341_4651x2478_zoom.jpg,2026-05-01,2026-05-31,https://res.cloudinary.com/dfqzmnlga/image/upload/v1778907066/2026-05-16/11087451.jpg,Frankfurter,"Sizzling with flavor, I'm the perfect snack for any occasion—whether you're looking for a quick bite or a bold twist on tradition. 🍔"
11111534,16.0,ØGO,Frugt og bær,Bærmix,1,0,ps.,Netto,https://static.tilbudsugen.dk/1st-retail/2026/21/65373/Netto202026-1_7_1700x3378_3309x5197_zoom.jpg,2026-05-16,2026-05-22,https://res.cloudinary.com/dfqzmnlga/image/upload/v1778907066/2026-05-16/11111534.jpg,Berry mix,Cherry on top of any day with a sprinkle of sweetness 🍓
11111535,16.0,ØGO,Frugt og bær,Jordbær,1,0,ps.,Netto,https://static.tilbudsugen.dk/1st-retail/2026/21/65373/Netto202026-1_7_1700x3378_3309x5197_zoom.jpg,2026-05-16,2026-05-22,https://res.cloudinary.com/dfqzmnlga/image/upload/v1778907066/2026-05-16/11111535.jpg,Strawberries,"Sweet, juicy, and always in season — perfect for a morning latte or a picnic. 🍓"
11111461,45.0,Premieur,Fisk,Rødspættefileter,1,0,pk.,Netto,https://static.tilbudsugen.dk/1st-retail/2026/21/65373/Netto202026-1_18_2503x4870_4817x6894_zoom.jpg,2026-05-16,2026-05-22,https://res.cloudinary.com/dfqzmnlga/image/upload/v1778907067/2026-05-16/11111461.jpg,Plaice fillets,"✨ Seafood whisperer, craving a slice of the ocean in every bite."
11111487,29.0,Navito,Rejer og andre skaldyr,Vannameirejer,1,0,ps.,Netto,https://static.tilbudsugen.dk/1st-retail/2026/21/65373/Netto202026-1_18_1661x647_4933x2889_zoom.jpg,2026-05-16,2026-05-22,https://res.cloudinary.com/dfqzmnlga/image/upload/v1778907067/2026-05-16/11111487.jpg,Vannameirjer,"Vannameirjer: The ultimate snack that makes your day brighter, with a sprinkle of fun and a dash of joy 🍫"
11111046,29.0,Navito,Rejer og andre skaldyr,Rejer,1,0,ps.,Netto,https://static.tilbudsugen.dk/1st-retail/2026/21/65373/Netto202026-1_18_1661x647_4933x2889_zoom.jpg,2026-05-16,2026-05-22,https://res.cloudinary.com/dfqzmnlga/image/upload/v1778907068/2026-05-16/11111046.jpg,Shrimps and prawns,"Crunchy, crispy, and super tasty—shrimp and prawn lover! 🐟🦐"
11111503,29.0,Navito,Rejer og andre skaldyr,Vannamei Rejer Teriyaki,1,0,ps.,Netto,https://static.tilbudsugen.dk/1st-retail/2026/21/65373/Netto202026-1_18_1661x647_4933x2889_zoom.jpg,2026-05-16,2026-05-22,https://res.cloudinary.com/dfqzmnlga/image/upload/v1778907068/2026-05-16/11111503.jpg,Vannamei Shrimp Teriyaki,"Sushi-grade shrimp, sweet and spicy, ready to melt your taste buds—just ask me what I’m eating. 🍣"
11111490,29.0,Navito,Rejer og andre skaldyr,Vannamei Rejer Hvidløg,1,0,ps.,Netto,https://static.tilbudsugen.dk/1st-retail/2026/21/65373/Netto202026-1_18_1661x647_4933x2889_zoom.jpg,2026-05-16,2026-05-22,https://res.cloudinary.com/dfqzmnlga/image/upload/v1778907068/2026-05-16/11111490.jpg,Vannamei Shrimp Garlic,"✨ Crave crunch, flavor, and a little chaos? I'm Vannamei Shrimp Garlic — your new favorite snack that makes every bite a celebration. 🍤"
11111464,65.0,Premieur,Rejer og andre skaldyr,Rejer,1,0,ps.,Netto,https://static.tilbudsugen.dk/1st-retail/2026/21/65373/Netto202026-1_4_3303x2476_4901x4668_zoom.jpg,2026-05-16,2026-05-22,https://res.cloudinary.com/dfqzmnlga/image/upload/v1778907069/2026-05-16/11111464.jpg,Shrimps and prawns,"✨ Crave crabs? I’m the seafood superstar, ready to crush your cravings! 🐙"
11111770,12.0,Sun Lolly,Frys selv,Is frys selv - Jordbær,1,8,pk.,Netto,https://static.tilbudsugen.dk/1st-retail/2026/21/65373/Netto202026-1_22_2459x2940_4867x6879_zoom.jpg,2026-05-16,2026-05-22,https://res.cloudinary.com/dfqzmnlga/image/upload/v1778907069/2026-05-16/11111770.jpg,Ice freeze itself - Strawberry,Strawberry ice: melt down the day. 🍓❄️
11111772,12.0,Sun Lolly,Frys selv,Is frys selv - Cola,1,8,pk.,Netto,https://static.tilbudsugen.dk/1st-retail/2026/21/65373/Netto202026-1_22_2459x2940_4867x6879_zoom.jpg,2026-05-16,2026-05-22,https://res.cloudinary.com/dfqzmnlga/image/upload/v1778907070/2026-05-16/11111772.jpg,Ice freeze itself - Cola,"❄️ Freeze your heart with a cola—ice doesn't freeze, but this one does. 🍹"
11111763,12.0,Sun Lolly,Frys selv,Is frys selv - Vindrue,1,8,pk.,Netto,https://static.tilbudsugen.dk/1st-retail/2026/21/65373/Netto202026-1_22_2459x2940_4867x6879_zoom.jpg,2026-05-16,2026-05-22,https://res.cloudinary.com/dfqzmnlga/image/upload/v1778907070/2026-05-16/11111763.jpg,Ice freeze itself - Grape,❄️ Freeze your heart with a grape - nature's sweet chill.
11111771,12.0,Sun Lolly,Frys selv,Is frys selv - Hindbær,1,8,pk.,Netto,https://static.tilbudsugen.dk/1st-retail/2026/21/65373/Netto202026-1_22_2459x2940_4867x6879_zoom.jpg,2026-05-16,2026-05-22,https://res.cloudinary.com/dfqzmnlga/image/upload/v1778907071/2026-05-16/11111771.jpg,Ice freeze itself - Raspberry,❄️ Freeze your heart with a raspberry twist—ice is my favorite flavor.
11111573,27.47,Frisko,Is,Vanilje is,1,1,bg.,Netto,https://static.tilbudsugen.dk/1st-retail/2026/21/65373/Netto202026-1_9_2337x4603_4966x6811_zoom.jpg,2026-05-16,2026-05-22,https://res.cloudinary.com/dfqzmnlga/image/upload/v1778907071/2026-05-16/11111573.jpg,Vanilla ice,"✨ Vanilla ice, sweet and creamy, melting in your mouth like a dream. ✨"
11111453,30.0,Spangsberg,Is,Flødebolle is Jordbær,1,0,bg.,Netto,https://static.tilbudsugen.dk/1st-retail/2026/21/65373/Netto202026-1_18_2445x2620_4838x4877_zoom.jpg,2026-05-16,2026-05-22,https://res.cloudinary.com/dfqzmnlga/image/upload/v1778907071/2026-05-16/11111453.jpg,Creamball ice cream Strawberry,Savoring sweet dreams with a creamy strawberry twist 🍦
11111466,30.0,Spangsberg,Is,Flødebolle is Rom & Karamel,1,0,bg.,Netto,https://static.tilbudsugen.dk/1st-retail/2026/21/65373/Netto202026-1_18_2445x2620_4838x4877_zoom.jpg,2026-05-16,2026-05-22,https://res.cloudinary.com/dfqzmnlga/image/upload/v1778907072/2026-05-16/11111466.jpg,Creamball is Rome & Caramel,"✨ Creamball is Rome & Caramel, the sweet fusion of tradition and taste. ✨"
11111481,30.0,Spangsberg,Is,Flødebolle is klassisk,1,0,bg.,Netto,https://static.tilbudsugen.dk/1st-retail/2026/21/65373/Netto202026-1_18_2445x2620_4838x4877_zoom.jpg,2026-05-16,2026-05-22,https://res.cloudinary.com/dfqzmnlga/image/upload/v1778907072/2026-05-16/11111481.jpg,Creamball ice classic,"Soft, creamy, and slightly sweet — the perfect ice cream for any day. 🍦"
11111478,30.0,Spangsberg,Is,Flødebolle is Karamel & Cookie dough,1,0,bg.,Netto,https://static.tilbudsugen.dk/1st-retail/2026/21/65373/Netto202026-1_18_2445x2620_4838x4877_zoom.jpg,2026-05-16,2026-05-22,https://res.cloudinary.com/dfqzmnlga/image/upload/v1778907072/2026-05-16/11111478.jpg,Creamball is Caramel & Cookie dough,"✨ Creamball is caramel & cookie dough, sweet and creamy, ready to melt in your mouth! ✨"
11111500,35.0,Løgismose,Is,Jordbæris,1,0,bg.,Netto,https://static.tilbudsugen.dk/1st-retail/2026/21/65373/Netto202026-1_6_1695x215_4831x2536_zoom.jpg,2026-05-16,2026-05-22,https://res.cloudinary.com/dfqzmnlga/image/upload/v1778907073/2026-05-16/11111500.jpg,Strawberry ice,SWEET STRAWBERRY ICE | 🍓✨
11111498,35.0,Løgismose,Is,Vanilje is,1,0,bg.,Netto,https://static.tilbudsugen.dk/1st-retail/2026/21/65373/Netto202026-1_6_1695x215_4831x2536_zoom.jpg,2026-05-16,2026-05-22,https://res.cloudinary.com/dfqzmnlga/image/upload/v1778907073/2026-05-16/11111498.jpg,Vanilla ice,"Savor the sweet, creamy, and slightly sweet-tinged joy of vanilla ice — the perfect melt-in-your-mouth treat. 🍦"
11111499,35.0,Løgismose,Is,Karamel is,1,0,bg.,Netto,https://static.tilbudsugen.dk/1st-retail/2026/21/65373/Netto202026-1_6_1695x215_4831x2536_zoom.jpg,2026-05-16,2026-05-22,https://res.cloudinary.com/dfqzmnlga/image/upload/v1778907073/2026-05-16/11111499.jpg,Caramel ice,"Caramel ice: sweet, bold, and ready to melt your day. 🍯"
11111575,4.97,Skrald-let,Husholdningsartikler,Affaldsposer,1,15,pk.,Netto,https://static.tilbudsugen.dk/1st-retail/2026/21/65373/Netto202026-1_9_32x3669_2234x6854_zoom.jpg,2026-05-16,2026-05-22,https://res.cloudinary.com/dfqzmnlga/image/upload/v1778907074/2026-05-16/11111575.jpg,Waste bags,"🗑️ Trash talker, trash collector, trash talker."
11111882,69.0,Neophos,Opvask,Maskinopvask-tabs,1,44,pk.,Netto,https://static.tilbudsugen.dk/1st-retail/2026/21/65373/Netto202026-1_24_3264x4804_4875x6850_zoom.jpg,2026-05-16,2026-05-22,https://res.cloudinary.com/dfqzmnlga/image/upload/v1778907074/2026-05-16/11111882.jpg,Machine-washing losses,"✨ Laundry hero, but with a twist—machine-washing losses are my new favorite thing. 🧼"
11111892,49.0,A+,Vaskemiddel,Vaskemiddel-tabs,1,20,pk.,Netto,https://static.tilbudsugen.dk/1st-retail/2026/21/65373/Netto202026-1_24_1639x4790_3315x6828_zoom.jpg,2026-05-16,2026-05-22,https://res.cloudinary.com/dfqzmnlga/image/upload/v1778907074/2026-05-16/11111892.jpg,Laundry loss,"Wrinkle-free, but still needs a wash—because life's too busy for laundry. 😬"
11111004,15.0,Classic,Husholdningspapir,Toiletpapir,1,6,pk.,Netto,https://static.tilbudsugen.dk/1st-retail/2026/21/65373/Netto202026-1_2_5x4814_2348x6833_zoom.jpg,2026-05-16,2026-05-22,https://res.cloudinary.com/dfqzmnlga/image/upload/v1778907075/2026-05-16/11111004.jpg,Toilet paper,Paper towel lover | 🧾
11111911,25.0,,Husholdningsartikler,Sugerør,1,6,pk.,Netto,https://static.tilbudsugen.dk/1st-retail/2026/21/65373/Netto202026-1_26_1533x4587_2942x6741_zoom.jpg,2026-05-16,2026-05-22,https://res.cloudinary.com/dfqzmnlga/image/upload/v1778907075/2026-05-16/11111911.jpg,Suction tubes,Suction tubes: the silent heroes of cleaning chaos 🧽
11111921,25.0,,Husholdningsartikler,Muffinforme,1,6,pk.,Netto,https://static.tilbudsugen.dk/1st-retail/2026/21/65373/Netto202026-1_27_1787x231_4820x2439_zoom.jpg,2026-05-16,2026-05-22,https://res.cloudinary.com/dfqzmnlga/image/upload/v1778907075/2026-05-16/11111921.jpg,Muffins,"Baked to perfection, just like your favorite snack! 🍞"
11111894,20.0,Bref,Rengøringsmidler,WC-flush,1,2,pk.,Netto,https://static.tilbudsugen.dk/1st-retail/2026/21/65373/Netto202026-1_24_43x4862_1690x6828_zoom.jpg,2026-05-16,2026-05-22,https://res.cloudinary.com/dfqzmnlga/image/upload/v1778907076/2026-05-16/11111894.jpg,WC-flush,"Squeaky clean, always ready to flush the system—just don't ask me to clean your kitchen. 🚰✨"
11111893,20.0,The Pink Stuff,Rengøringsmidler,Rengøringsmiddel,1,0,fl.,Netto,https://static.tilbudsugen.dk/1st-retail/2026/21/65373/Netto202026-1_24_43x4862_1690x6828_zoom.jpg,2026-05-16,2026-05-22,https://res.cloudinary.com/dfqzmnlga/image/upload/v1778907076/2026-05-16/11111893.jpg,Cleaning agent,"✨ Clean vibes, clean vibes, clean vibes! ✨"
11111891,49.0,A+,Vaskemiddel,Vaskemiddel-flydende,1,1,fl.,Netto,https://static.tilbudsugen.dk/1st-retail/2026/21/65373/Netto202026-1_24_1639x4790_3315x6828_zoom.jpg,2026-05-16,2026-05-22,https://res.cloudinary.com/dfqzmnlga/image/upload/v1778907076/2026-05-16/11111891.jpg,Laundry liquid,"Wash your clothes, but don't worry—my formula keeps them fresh and fun. 🧼"
11111926,30.0,,Luftfrisker,Duftolie,1,0,stk.,Netto,https://static.tilbudsugen.dk/1st-retail/2026/21/65373/Netto202026-1_27_3298x2460_4836x4539_zoom.jpg,2026-05-16,2026-05-22,https://res.cloudinary.com/dfqzmnlga/image/upload/v1778907077/2026-05-16/11111926.jpg,Scent oil,Scent oil: the invisible magic that turns your space into a mood. 🌸
11111942,10.0,,Papir,Servietter,1,12,pk.,Netto,https://static.tilbudsugen.dk/1st-retail/2026/21/65373/Netto202026-1_29_281x2444_2472x4625_zoom.jpg,2026-05-16,2026-05-22,https://res.cloudinary.com/dfqzmnlga/image/upload/v1778907077/2026-05-16/11111942.jpg,Napkins and napkin liners for babies,"Soft, cozy napkins and liners for little ones 🌟"
11087720,20.0,Murph,Kosttilskud,Træningstilskud,1,20,stk.,Netto,https://static.tilbudsugen.dk/1st-retail/2026/19/65241/Netto182026-1_30_95x2432_1689x4634_zoom.jpg,2026-05-01,2026-05-31,https://res.cloudinary.com/dfqzmnlga/image/upload/v1778907077/2026-05-16/11087720.jpg,Training grants,"✨ Training grants: fuel your growth, not your budget! ✨"
11087731,219.0,Murph,Kosttilskud,Træningstilskud,1,1,stk.,Netto,https://static.tilbudsugen.dk/1st-retail/2026/19/65241/Netto182026-1_30_3195x4647_4856x6795_zoom.jpg,2026-05-01,2026-05-31,https://res.cloudinary.com/dfqzmnlga/image/upload/v1778907078/2026-05-16/11087731.jpg,Training grants,"Train your mind, sharpen your skills — because every grant is a step closer to success! 🚀"
11087732,59.0,Murph,Kosttilskud,Træningstilskud,1,0,stk.,Netto,https://static.tilbudsugen.dk/1st-retail/2026/19/65241/Netto182026-1_30_1702x4701_3222x6748_zoom.jpg,2026-05-01,2026-05-31,https://res.cloudinary.com/dfqzmnlga/image/upload/v1778907078/2026-05-16/11087732.jpg,Training grants,"🚀 Training grants, fueling your growth and success! 🎓✨"
11111868,12.0,Pantene pro-v,Shampoo,Shampoo,1,0,stk.,Netto,https://static.tilbudsugen.dk/1st-retail/2026/21/65373/Netto202026-1_24_167x756_4955x2845_zoom.jpg,2026-05-16,2026-05-22,https://res.cloudinary.com/dfqzmnlga/image/upload/v1778907079/2026-05-16/11111868.jpg,Shampoo,"✨ Shine bright, wash your hair, and let your style do the talking! ✨"
11111869,12.0,Pantene pro-v,Balsam,Balsam,1,0,stk.,Netto,https://static.tilbudsugen.dk/1st-retail/2026/21/65373/Netto202026-1_24_167x756_4955x2845_zoom.jpg,2026-05-16,2026-05-22,https://res.cloudinary.com/dfqzmnlga/image/upload/v1778907079/2026-05-16/11111869.jpg,Balsam,"✨ A refreshing burst of scent that lifts the mood, one note at a time. ✨"
11111881,15.0,Family,Værnemiddel,Hånddesinfektion,1,0,stk.,Netto,https://static.tilbudsugen.dk/1st-retail/2026/21/65373/Netto202026-1_24_1589x2809_3409x4841_zoom.jpg,2026-05-16,2026-05-22,https://res.cloudinary.com/dfqzmnlga/image/upload/v1778907079/2026-05-16/11111881.jpg,Hand infection,"I’m here to clean up my mess, even if it’s just my hands. 🌟"
11111880,15.0,Family,Balsam,Balsam,1,0,stk.,Netto,https://static.tilbudsugen.dk/1st-retail/2026/21/65373/Netto202026-1_24_1589x2809_3409x4841_zoom.jpg,2026-05-16,2026-05-22,https://res.cloudinary.com/dfqzmnlga/image/upload/v1778907080/2026-05-16/11111880.jpg,Balsam,"✨ Smell of fresh rain and earth, wrapped in a little bit of magic. ✨"
11111879,15.0,Family,"Sæbe, bad, dusch",Bodyshampoo,1,0,stk.,Netto,https://static.tilbudsugen.dk/1st-retail/2026/21/65373/Netto202026-1_24_1589x2809_3409x4841_zoom.jpg,2026-05-16,2026-05-22,https://res.cloudinary.com/dfqzmnlga/image/upload/v1778907080/2026-05-16/11111879.jpg,Body shampoo,"✨ Shine bright with every drop—body shampoo, naturally radiant! 💦"
11111875,15.0,Family,Shampoo,Shampoo,1,0,stk.,Netto,https://static.tilbudsugen.dk/1st-retail/2026/21/65373/Netto202026-1_24_1589x2809_3409x4841_zoom.jpg,2026-05-16,2026-05-22,https://res.cloudinary.com/dfqzmnlga/image/upload/v1778907081/2026-05-16/11111875.jpg,Shampoo,Garnish your days with a little shine—because even the most mundane moments deserve a little sparkle. 🌟
11111877,15.0,Family,"Sæbe, bad, dusch",Flydende sæbe,1,0,stk.,Netto,https://static.tilbudsugen.dk/1st-retail/2026/21/65373/Netto202026-1_24_1589x2809_3409x4841_zoom.jpg,2026-05-16,2026-05-22,https://res.cloudinary.com/dfqzmnlga/image/upload/v1778907081/2026-05-16/11111877.jpg,Liquid soap,"Lather up, rinse, repeat — my job is to keep things clean and fresh! 🧼"
11111878,15.0,Family,Bodylotion,Bodylotion,1,0,stk.,Netto,https://static.tilbudsugen.dk/1st-retail/2026/21/65373/Netto202026-1_24_1589x2809_3409x4841_zoom.jpg,2026-05-16,2026-05-22,https://res.cloudinary.com/dfqzmnlga/image/upload/v1778907081/2026-05-16/11111878.jpg,Body lotion,✨ Hydrate your skin with a touch of magic—perfect for any mood. ✨
11111876,15.0,Family,Håndcreme,Håndcreme,1,0,stk.,Netto,https://static.tilbudsugen.dk/1st-retail/2026/21/65373/Netto202026-1_24_1589x2809_3409x4841_zoom.jpg,2026-05-16,2026-05-22,https://res.cloudinary.com/dfqzmnlga/image/upload/v1778907082/2026-05-16/11111876.jpg,Hand cream,"✨ Soft touch, smooth vibes, and a little bit of luxury — perfect for your fingertips. ✨"
11111874,15.0,Family,Deodorant,Deo Roll-on,1,0,stk.,Netto,https://static.tilbudsugen.dk/1st-retail/2026/21/65373/Netto202026-1_24_1589x2809_3409x4841_zoom.jpg,2026-05-16,2026-05-22,https://res.cloudinary.com/dfqzmnlga/image/upload/v1778907082/2026-05-16/11111874.jpg,Deo Roll-on,"✨ Spray your day with confidence, one smudge at a time! ✨"
11111986,25.0,,Håraccessories,Hårklemme,1,0,stk.,Netto,https://static.tilbudsugen.dk/1st-retail/2026/21/65373/Netto202026-1_32_2817x3956_4928x5181_zoom.jpg,2026-05-16,2026-05-22,https://res.cloudinary.com/dfqzmnlga/image/upload/v1778907082/2026-05-16/11111986.jpg,Hair clamp,"Tighten your locks, style your days — and never let your hair fall flat. 🧴"
11111983,25.0,,Håraccessories,Scrunchie,1,0,stk.,Netto,https://static.tilbudsugen.dk/1st-retail/2026/21/65373/Netto202026-1_32_2817x3956_4928x5181_zoom.jpg,2026-05-16,2026-05-22,https://res.cloudinary.com/dfqzmnlga/image/upload/v1778907083/2026-05-16/11111983.jpg,Scrunchie,"I'm the scrunchie, the one who makes your hair look like a rainbow after a storm 🌈."
11111984,25.0,,Håraccessories,Hårelastikker,1,0,pk.,Netto,https://static.tilbudsugen.dk/1st-retail/2026/21/65373/Netto202026-1_32_2817x3956_4928x5181_zoom.jpg,2026-05-16,2026-05-22,https://res.cloudinary.com/dfqzmnlga/image/upload/v1778907083/2026-05-16/11111984.jpg,Hair Straighteners,"✨Straighten your locks, smooth your soul—hair is your superpower! ✨"
11087715,9.0,Hello Sensitive,Babypleje,Vådservietter,1,100,pk.,Netto,https://static.tilbudsugen.dk/1st-retail/2026/19/65241/Netto182026-1_29_1668x182_4903x2533_zoom.jpg,2026-05-01,2026-05-31,https://res.cloudinary.com/dfqzmnlga/image/upload/v1778907083/2026-05-16/11087715.jpg,Wet napkins,"😄 Sponge-sponge, wet and ready to absorb all the fun!"
11087716,49.0,Midi,Bleer,Bleer str 3 4-9 kg,1,56,pk.,Netto,https://static.tilbudsugen.dk/1st-retail/2026/19/65241/Netto182026-1_29_2249x2520_4836x6735_zoom.jpg,2026-05-01,2026-05-31,https://res.cloudinary.com/dfqzmnlga/image/upload/v1778907084/2026-05-16/11087716.jpg,Diapers size 3 4-9 kg,"✨ Size up your baby's needs with me, the ultimate diaper guardian!"
11087717,49.0,Maxi,Bleer,Bleer str 4 7-18 kg,1,50,pk.,Netto,https://static.tilbudsugen.dk/1st-retail/2026/19/65241/Netto182026-1_29_2249x2520_4836x6735_zoom.jpg,2026-05-01,2026-05-31,https://res.cloudinary.com/dfqzmnlga/image/upload/v1778907084/2026-05-16/11087717.jpg,Diapers size 4 7-18 kg,"✨ Size up your day with me, the ultimate diaper guardian!"
11087718,49.0,Junior,Bleer,Bleer str 5 11-25 kg,1,44,pk.,Netto,https://static.tilbudsugen.dk/1st-retail/2026/19/65241/Netto182026-1_29_2249x2520_4836x6735_zoom.jpg,2026-05-01,2026-05-31,https://res.cloudinary.com/dfqzmnlga/image/upload/v1778907084/2026-05-16/11087718.jpg,Diapers size 5 11-25 kg,"Size 5, ready to tackle any challenge—just don't forget to bring your own snacks! 🛒"
11087719,49.0,XL,Bleer,Bleer str 6 15-30 kg,1,40,pk.,Netto,https://static.tilbudsugen.dk/1st-retail/2026/19/65241/Netto182026-1_29_2249x2520_4836x6735_zoom.jpg,2026-05-01,2026-05-31,https://res.cloudinary.com/dfqzmnlga/image/upload/v1778907085/2026-05-16/11087719.jpg,Diapers size 6 15-30 kg,"✨ Size 6, 15-30 kg — ready to keep your little one comfy and cozy! 🛒"
11111927,119.0,,Lys/lyskæder,Lyskæder,1,0,stk.,Netto,https://static.tilbudsugen.dk/1st-retail/2026/21/65373/Netto202026-1_27_243x4641_3249x6795_zoom.jpg,2026-05-16,2026-05-22,https://res.cloudinary.com/dfqzmnlga/image/upload/v1778907085/2026-05-16/11111927.jpg,Light chains,"✨ Chain whisperer, light in the dark, never too heavy to hold. ✨"
11111936,25.0,,Belysning indendørs,Lampe,1,0,stk.,Netto,https://static.tilbudsugen.dk/1st-retail/2026/21/65373/Netto202026-1_28_1447x2428_3778x4841_zoom.jpg,2026-05-16,2026-05-22,https://res.cloudinary.com/dfqzmnlga/image/upload/v1778907086/2026-05-16/11111936.jpg,Lamp,💡 Spotlight the night with a flick of my light! 🌟
11111917,30.0,,Belysning udendørs,Solcellelampe,1,0,stk.,Netto,https://static.tilbudsugen.dk/1st-retail/2026/21/65373/Netto202026-1_26_2591x10_4869x3405_zoom.jpg,2026-05-16,2026-05-22,https://res.cloudinary.com/dfqzmnlga/image/upload/v1778907086/2026-05-16/11111917.jpg,Solar lamp,"✨ Glow up anytime, anywhere! 🌞"
11111925,20.0,,Køkkenartikler,Opbevaringsboks,1,5,pk.,Netto,https://static.tilbudsugen.dk/1st-retail/2026/21/65373/Netto202026-1_27_1797x2466_3244x4593_zoom.jpg,2026-05-16,2026-05-22,https://res.cloudinary.com/dfqzmnlga/image/upload/v1778907086/2026-05-16/11111925.jpg,Storage box,📦 Treasure trove of organization and surprises! 🛍️
11111920,40.0,,Køkkenartikler,Opbevaringsboks,1,10,pk.,Netto,https://static.tilbudsugen.dk/1st-retail/2026/21/65373/Netto202026-1_27_178x118_1733x2390_zoom.jpg,2026-05-16,2026-05-22,https://res.cloudinary.com/dfqzmnlga/image/upload/v1778907087/2026-05-16/11111920.jpg,Storage box,📦 Super versatile storage box that keeps everything organized and stylish! 🛋️
11111912,25.0,,Service,Plastiktallerken,1,6,pk.,Netto,https://static.tilbudsugen.dk/1st-retail/2026/21/65373/Netto202026-1_26_2985x3626_4874x6687_zoom.jpg,2026-05-16,2026-05-22,https://res.cloudinary.com/dfqzmnlga/image/upload/v1778907087/2026-05-16/11111912.jpg,Plastic plate,"✨ Lightweight, leak-proof, and always ready for the next adventure! ✨"
11111914,25.0,,Service,Plastikkop,1,6,pk.,Netto,https://static.tilbudsugen.dk/1st-retail/2026/21/65373/Netto202026-1_26_2985x3626_4874x6687_zoom.jpg,2026-05-16,2026-05-22,https://res.cloudinary.com/dfqzmnlga/image/upload/v1778907088/2026-05-16/11111914.jpg,Plastic cup,"✨ One sip, one smile, one unforgettable moment. 🌟"
11074380,69.0,,Bestik,Bestik,1,8,pk.,Netto,https://static.tilbudsugen.dk/1st-retail/2026/18/65183/Netto172026-1_37_219x695_2359x2664_zoom.jpg,2026-04-25,2026-06-05,https://res.cloudinary.com/dfqzmnlga/image/upload/v1778907088/2026-05-16/11074380.jpg,"Flat-rolled products of iron or non-alloy steel, of a width of < 600 mm, hot-rolled or cold-rolled (cold-reduced), not clad, plated or coated",Ironflakes 🌟
11111940,30.0,,Boligtekstiler,Viskestykke,1,3,pk.,Netto,https://static.tilbudsugen.dk/1st-retail/2026/21/65373/Netto202026-1_29_151x198_2440x2466_zoom.jpg,2026-05-16,2026-05-22,https://res.cloudinary.com/dfqzmnlga/image/upload/v1778907088/2026-05-16/11111940.jpg,Teapot,✨ Brew your own magic with a teapot! ✨
11111935,25.0,,Boligtekstiler,Bordløber,1,0,stk.,Netto,https://static.tilbudsugen.dk/1st-retail/2026/21/65373/Netto202026-1_28_1447x2428_3778x4841_zoom.jpg,2026-05-16,2026-05-22,https://res.cloudinary.com/dfqzmnlga/image/upload/v1778907089/2026-05-16/11111935.jpg,Table runners,"Soft, vibrant table runners that turn any space into a cozy oasis 🌸"
11111995,40.0,,Opbevaring,Opbevaringstaske,1,0,stk.,Netto,https://static.tilbudsugen.dk/1st-retail/2026/21/65373/Netto202026-1_33_194x4620_2456x6833_zoom.jpg,2026-05-16,2026-05-22,https://res.cloudinary.com/dfqzmnlga/image/upload/v1778907089/2026-05-16/11111995.jpg,Storage bag,"✨Portable storage for your chaos, one bag at a time!"
11074319,169.0,,Boligtekstiler,Sengesæt,1,0,stk.,Netto,https://static.tilbudsugen.dk/1st-retail/2026/18/65183/Netto172026-1_37_219x4450_2724x6584_zoom.jpg,2026-04-25,2026-06-05,https://res.cloudinary.com/dfqzmnlga/image/upload/v1778907090/2026-05-16/11074319.jpg,Bedsets,"🌙 Sleepy sleepers, ready to rest and recharge—bedsets are the ultimate comfort. 🛌"
11111915,199.0,,"Skåle, fade og forme",Opsats,1,0,stk.,Netto,https://static.tilbudsugen.dk/1st-retail/2026/21/65373/Netto202026-1_26_335x1364_2116x4447_zoom.jpg,2026-05-16,2026-05-22,https://res.cloudinary.com/dfqzmnlga/image/upload/v1778907090/2026-05-16/11111915.jpg,Rate,"Rate the vibe, the mood, the vibe — just don't forget to check the emoji. 🌟"
11111937,99.0,,Boligtekstiler,Duge,1,0,stk.,Netto,https://static.tilbudsugen.dk/1st-retail/2026/21/65373/Netto202026-1_28_3476x2050_4955x4220_zoom.jpg,2026-05-16,2026-05-22,https://res.cloudinary.com/dfqzmnlga/image/upload/v1778907091/2026-05-16/11111937.jpg,Tablecloths,"Draped in style, I'm the perfect backdrop for your favorite meal—just wait till you see me in action! 🌟"
11111941,40.0,,Opbevaring,Opbevaringsbakke,1,0,stk.,Netto,https://static.tilbudsugen.dk/1st-retail/2026/21/65373/Netto202026-1_29_2510x231_4777x2455_zoom.jpg,2026-05-16,2026-05-22,https://res.cloudinary.com/dfqzmnlga/image/upload/v1778907091/2026-05-16/11111941.jpg,Storage Tray,Storage Tray: Organize your chaos with a smile and a dash of flair! 🛋️
11074385,69.0,,Boligtekstiler,Vattæppe,1,0,stk.,Netto,https://static.tilbudsugen.dk/1st-retail/2026/18/65183/Netto172026-1_37_2804x4432_4766x6541_zoom.jpg,2026-04-25,2026-06-05,https://res.cloudinary.com/dfqzmnlga/image/upload/v1778907092/2026-05-16/11074385.jpg,"Flat-rolled products of iron or non-alloy steel, not clad, plated or coated, of a width of >= 600 mm, not clad, plated or coated","Iron roller, ready to roll out the truth with a 🌌"
11074387,39.0,,Boligtekstiler,Siddepude,1,0,stk.,Netto,https://static.tilbudsugen.dk/1st-retail/2026/18/65183/Netto172026-1_37_183x2713_2121x4413_zoom.jpg,2026-04-25,2026-06-05,https://res.cloudinary.com/dfqzmnlga/image/upload/v1778907092/2026-05-16/11074387.jpg,Seat cushion,Soothe your soul with a seat cushion—perfect for lazy days and endless fun. 🛋️
11111909,30.0,,"Skåle, fade og forme",Fad,1,0,stk.,Netto,https://static.tilbudsugen.dk/1st-retail/2026/21/65373/Netto202026-1_26_22x4593_1679x6655_zoom.jpg,2026-05-16,2026-05-22,https://res.cloudinary.com/dfqzmnlga/image/upload/v1778907093/2026-05-16/11111909.jpg,Fodder,Feeding the wild with a sprinkle of whimsy 🌱
11111928,30.0,,Boligtekstiler,Hynde,1,0,stk.,Netto,https://static.tilbudsugen.dk/1st-retail/2026/21/65373/Netto202026-1_27_3265x4614_4879x6817_zoom.jpg,2026-05-16,2026-05-22,https://res.cloudinary.com/dfqzmnlga/image/upload/v1778907094/2026-05-16/11111928.jpg,Hynde,"Hynde: 🌟 Always in the right place, just waiting for the perfect moment."
11074389,69.0,,"Skåle, fade og forme",Fad,1,0,stk.,Netto,https://static.tilbudsugen.dk/1st-retail/2026/18/65183/Netto172026-1_37_2499x634_4705x1932_zoom.jpg,2026-04-25,2026-06-05,https://res.cloudinary.com/dfqzmnlga/image/upload/v1778907094/2026-05-16/11074389.jpg,Fodder,🌱 Nutrient-packed booster for your day!
11074391,30.0,,Service,Tallerken,1,0,stk.,Netto,https://static.tilbudsugen.dk/1st-retail/2026/18/65183/Netto172026-1_37_2121x1938_4797x4401_zoom.jpg,2026-04-25,2026-06-05,https://res.cloudinary.com/dfqzmnlga/image/upload/v1778907095/2026-05-16/11074391.jpg,Plate,"Plate: The perfect spot to share the feast, even when you're just sharing a snack. 🍽️"
11074393,29.0,,Boligtekstiler,Dækkeserviet,1,0,stk.,Netto,https://static.tilbudsugen.dk/1st-retail/2026/18/65183/Netto172026-1_37_2121x1938_4797x4401_zoom.jpg,2026-04-25,2026-06-05,https://res.cloudinary.com/dfqzmnlga/image/upload/v1778907096/2026-05-16/11074393.jpg,Table swab,"Sweeping away mess, one swipe at a time. 🧼"
11111929,10.0,,Student,Studenterhuer,1,8,pk.,Netto,https://static.tilbudsugen.dk/1st-retail/2026/21/65373/Netto202026-1_28_3552x193_4966x2077_zoom.jpg,2026-05-16,2026-05-22,https://res.cloudinary.com/dfqzmnlga/image/upload/v1778907096/2026-05-16/11111929.jpg,Student hats,🎓 Snaps photos of campus life while keeping my head cool—student hats make me look like a superhero! 🌟
11111938,12.0,,Partyartikler,Balloner,1,6,pk.,Netto,https://static.tilbudsugen.dk/1st-retail/2026/21/65373/Netto202026-1_28_2591x4803_4901x6957_zoom.jpg,2026-05-16,2026-05-22,https://res.cloudinary.com/dfqzmnlga/image/upload/v1778907096/2026-05-16/11111938.jpg,Balloons,"🎈 Poppy but pink, floating through the air with a smile—just waiting to burst into a rainbow! 🌈"
11111939,10.0,,Student,Studenterpynt,1,0,pk.,Netto,https://static.tilbudsugen.dk/1st-retail/2026/21/65373/Netto202026-1_28_119x4927_2569x6833_zoom.jpg,2026-05-16,2026-05-22,https://res.cloudinary.com/dfqzmnlga/image/upload/v1778907097/2026-05-16/11111939.jpg,Student decorations,Student decorations: 🎉✨ Party like it's finals week!
11111932,25.0,,Partyartikler,Konfettiflaske,1,0,stk.,Netto,https://static.tilbudsugen.dk/1st-retail/2026/21/65373/Netto202026-1_28_32x2266_1608x4803_zoom.jpg,2026-05-16,2026-05-22,https://res.cloudinary.com/dfqzmnlga/image/upload/v1778907097/2026-05-16/11111932.jpg,Confetti bottle,✨ Confetti bottle = life's biggest celebration! 🎉
11111934,20.0,,Partyartikler,Guirlande,1,0,pk.,Netto,https://static.tilbudsugen.dk/1st-retail/2026/21/65373/Netto202026-1_28_1447x2428_3778x4841_zoom.jpg,2026-05-16,2026-05-22,https://res.cloudinary.com/dfqzmnlga/image/upload/v1778907098/2026-05-16/11111934.jpg,Guirland,Floating lanterns that dance in the night — 🌟
11111931,20.0,,Student,Konfettirør,1,0,pk.,Netto,https://static.tilbudsugen.dk/1st-retail/2026/21/65373/Netto202026-1_28_32x2266_1608x4803_zoom.jpg,2026-05-16,2026-05-22,https://res.cloudinary.com/dfqzmnlga/image/upload/v1778907098/2026-05-16/11111931.jpg,"Confetti tubes, pipes and tube or pipe fittings (for example, couplings, elbows, sleeves)",Sparkling connectors that light up the funniest moments — 🎉✨
11111993,60.0,,Skønlitteratur,Skønlitteratur,1,0,stk.,Netto,https://static.tilbudsugen.dk/1st-retail/2026/21/65373/Netto202026-1_33_2521x2449_4858x4593_zoom.jpg,2026-05-16,2026-05-22,https://res.cloudinary.com/dfqzmnlga/image/upload/v1778907099/2026-05-16/11111993.jpg,Wonderful literature,📖✨ A universe of stories that make every day feel like a novel.
11111943,10.0,,Papir,Kort,1,0,pk.,Netto,https://static.tilbudsugen.dk/1st-retail/2026/21/65373/Netto202026-1_29_270x4641_2467x6806_zoom.jpg,2026-05-16,2026-05-22,https://res.cloudinary.com/dfqzmnlga/image/upload/v1778907099/2026-05-16/11111943.jpg,Map,"A map of dreams, guiding you through the unknown with every step. 🌍"
11111992,60.0,,Skønlitteratur,Skønlitteratur,1,0,stk.,Netto,https://static.tilbudsugen.dk/1st-retail/2026/21/65373/Netto202026-1_33_237x2509_2515x4571_zoom.jpg,2026-05-16,2026-05-22,https://res.cloudinary.com/dfqzmnlga/image/upload/v1778907100/2026-05-16/11111992.jpg,Wonderful literature,📖✨ A reader who turns mundane days into magical tales.
11111960,20.0,,Sokker/Strømper,Strømper,1,3,pk.,Netto,https://static.tilbudsugen.dk/1st-retail/2026/21/65373/Netto202026-1_31_2931x107_4820x1947_zoom.jpg,2026-05-16,2026-05-22,https://res.cloudinary.com/dfqzmnlga/image/upload/v1778907100/2026-05-16/11111960.jpg,Stockings,"✨ My favorite thing to wrap around my feet, but also my imagination! ✨"
11111964,35.0,,Lingeri,Trusser,1,2,pk.,Netto,https://static.tilbudsugen.dk/1st-retail/2026/21/65373/Netto202026-1_31_2823x1910_4836x3669_zoom.jpg,2026-05-16,2026-05-22,https://res.cloudinary.com/dfqzmnlga/image/upload/v1778907101/2026-05-16/11111964.jpg,Panties,"✨Barely contained, but definitely bold. 🌟"
11111980,50.0,,Dametøj,T-shirt,1,0,stk.,Netto,https://static.tilbudsugen.dk/1st-retail/2026/21/65373/Netto202026-1_31_173x101_2974x3270_zoom.jpg,2026-05-16,2026-05-22,https://res.cloudinary.com/dfqzmnlga/image/upload/v1778907101/2026-05-16/11111980.jpg,T-shirt,"✨ Unzip your worries, zip your style—wear your thoughts on the shoulders of summer! 🌞"
11111982,59.0,,Dametøj,Bigshirt,1,0,stk.,Netto,https://static.tilbudsugen.dk/1st-retail/2026/21/65373/Netto202026-1_32_2823x2012_4917x3988_zoom.jpg,2026-05-16,2026-05-22,https://res.cloudinary.com/dfqzmnlga/image/upload/v1778907102/2026-05-16/11111982.jpg,Bigshirt,✨ Bigshirt: The ultimate comfort in every stitch! 🛍️
11111987,40.0,,Lingeri,Indershorts,1,0,pk.,Netto,https://static.tilbudsugen.dk/1st-retail/2026/21/65373/Netto202026-1_32_2817x5186_4928x6541_zoom.jpg,2026-05-16,2026-05-22,https://res.cloudinary.com/dfqzmnlga/image/upload/v1778907102/2026-05-16/11111987.jpg,Inner shorts,"✨ Inner shorts, ready to flex and flex some more! 🌟"
11111989,89.0,,Dametøj,Bukser,1,0,stk.,Netto,https://static.tilbudsugen.dk/1st-retail/2026/21/65373/Netto202026-1_32_275x1364_2720x6536_zoom.jpg,2026-05-16,2026-05-22,https://res.cloudinary.com/dfqzmnlga/image/upload/v1778907102/2026-05-16/11111989.jpg,Trousers,"Dress to conquer, not just survive—because I'm here to make you feel unstoppable. 🎉"
11111975,99.0,,Dametøj,Bukser,1,0,stk.,Netto,https://static.tilbudsugen.dk/1st-retail/2026/21/65373/Netto202026-1_31_151x2914_2710x6849_zoom.jpg,2026-05-16,2026-05-22,https://res.cloudinary.com/dfqzmnlga/image/upload/v1778907103/2026-05-16/11111975.jpg,Trousers,"Trousers: Unapologetically stylish, always in motion. 🌟"
11111978,50.0,,Dametøj,Top,1,0,stk.,Netto,https://static.tilbudsugen.dk/1st-retail/2026/21/65373/Netto202026-1_31_173x101_2974x3270_zoom.jpg,2026-05-16,2026-05-22,https://res.cloudinary.com/dfqzmnlga/image/upload/v1778907103/2026-05-16/11111978.jpg,Top,"Top of the line, always in style! 🌟"
11111962,35.0,,Lingeri,BH,1,0,stk.,Netto,https://static.tilbudsugen.dk/1st-retail/2026/21/65373/Netto202026-1_31_2823x1910_4836x3669_zoom.jpg,2026-05-16,2026-05-22,https://res.cloudinary.com/dfqzmnlga/image/upload/v1778907103/2026-05-16/11111962.jpg,bra,"Bra: The ultimate confidence booster, ready to conquer any challenge with a smile and a spark. 💖"
11111973,40.0,,Lingeri,Indershorts,1,0,pk.,Netto,https://static.tilbudsugen.dk/1st-retail/2026/21/65373/Netto202026-1_31_2807x5197_4825x6860_zoom.jpg,2026-05-16,2026-05-22,https://res.cloudinary.com/dfqzmnlga/image/upload/v1778907104/2026-05-16/11111973.jpg,Inner shorts,"✨ Flirty, flirty, flirty—inner shorts make me the talk of the town! ✨"
11111988,89.0,,Dametøj,Cardigan,1,0,stk.,Netto,https://static.tilbudsugen.dk/1st-retail/2026/21/65373/Netto202026-1_32_275x1364_2720x6536_zoom.jpg,2026-05-16,2026-05-22,https://res.cloudinary.com/dfqzmnlga/image/upload/v1778907104/2026-05-16/11111988.jpg,Cardigan,"Soft, cozy, and versatile — like a hug in a sweater 🧣"
11111969,79.0,,Damesko og støvler,Damesandaler,1,0,stk.,Netto,https://static.tilbudsugen.dk/1st-retail/2026/21/65373/Netto202026-1_31_2790x3723_4815x5208_zoom.jpg,2026-05-16,2026-05-22,https://res.cloudinary.com/dfqzmnlga/image/upload/v1778907105/2026-05-16/11111969.jpg,Ladies'andals,"✨ Always there to keep the party going, whether you're celebrating or just having fun! ✨"
11111971,79.0,,Herresko og støvler,Herresandaler,1,0,stk.,Netto,https://static.tilbudsugen.dk/1st-retail/2026/21/65373/Netto202026-1_31_2790x3723_4815x5208_zoom.jpg,2026-05-16,2026-05-22,https://res.cloudinary.com/dfqzmnlga/image/upload/v1778907105/2026-05-16/11111971.jpg,Men's sandals,Step into the world of sandals with a smile—because every step is a statement. 🏞️
11111981,25.0,,Smykker,Øreringe,1,0,stk.,Netto,https://static.tilbudsugen.dk/1st-retail/2026/21/65373/Netto202026-1_32_2764x47_4831x1969_zoom.jpg,2026-05-16,2026-05-22,https://res.cloudinary.com/dfqzmnlga/image/upload/v1778907105/2026-05-16/11111981.jpg,Earrings,"✨ Whispering secrets with a touch of sparkle — I'm the earring, always listening, always charming. ✨"
11111923,40.0,,Mobiltelefon tilbehør,Cover,1,0,stk.,Netto,https://static.tilbudsugen.dk/1st-retail/2026/21/65373/Netto202026-1_27_237x2466_1727x4593_zoom.jpg,2026-05-16,2026-05-22,https://res.cloudinary.com/dfqzmnlga/image/upload/v1778907106/2026-05-16/11111923.jpg,Cover,"Cover up the mess, but keep the fun going. 🎉"
11111990,299.0,IPL,"Hårtørrer, krøljern, trimmer m.m",Hårfjerner,1,0,stk.,Netto,https://static.tilbudsugen.dk/1st-retail/2026/21/65373/Netto202026-1_33_237x263_2515x2476_zoom.jpg,2026-05-16,2026-05-22,https://res.cloudinary.com/dfqzmnlga/image/upload/v1778907106/2026-05-16/11111990.jpg,Hair remover,"✨ Hair removal expert, ready to give your look a fresh start! ✨"
11111991,99.0,,"Hårtørrer, krøljern, trimmer m.m",Hårtrimmer,1,0,stk.,Netto,https://static.tilbudsugen.dk/1st-retail/2026/21/65373/Netto202026-1_33_2553x263_4739x2401_zoom.jpg,2026-05-16,2026-05-22,https://res.cloudinary.com/dfqzmnlga/image/upload/v1778907107/2026-05-16/11111991.jpg,Hair trimmers,Trimming the hair of the day's challenges—because life's too short for messy looks. 🧹
11111994,40.0,,PC tilbehør,PC tilbehør,1,0,stk.,Netto,https://static.tilbudsugen.dk/1st-retail/2026/21/65373/Netto202026-1_33_194x4620_2456x6833_zoom.jpg,2026-05-16,2026-05-22,https://res.cloudinary.com/dfqzmnlga/image/upload/v1778907107/2026-05-16/11111994.jpg,PC Accessories,"🎮 ⚡ Tech-savvy, always ready to upgrade your game!"
11111903,36.0,Planteliv,"Muld, spagnum, flis m.m.",Plantejord,1,40,sæk,Netto,https://static.tilbudsugen.dk/1st-retail/2026/21/65373/Netto202026-1_25_203x4608_2517x6792_zoom.jpg,2026-05-16,2026-05-22,https://res.cloudinary.com/dfqzmnlga/image/upload/v1778907108/2026-05-16/11111903.jpg,Plant land,"🌱 Where plants grow, ideas bloom, and every leaf tells a story."
11111895,12.0,,"Planter, buske & træer",Planter,1,0,stk.,Netto,https://static.tilbudsugen.dk/1st-retail/2026/21/65373/Netto202026-1_25_210x502_2640x2475_zoom.jpg,2026-05-16,2026-05-22,https://res.cloudinary.com/dfqzmnlga/image/upload/v1778907108/2026-05-16/11111895.jpg,Plants,"🌱 Sprouts of joy, roots of wonder, and leaves of endless possibility. 🌿"
11074382,29.0,,"Potter, skjulere m.m.",Urtepotteskjuler,1,0,stk.,Netto,https://static.tilbudsugen.dk/1st-retail/2026/18/65183/Netto172026-1_37_219x695_2359x2664_zoom.jpg,2026-04-25,2026-06-05,https://res.cloudinary.com/dfqzmnlga/image/upload/v1778907109/2026-05-16/11074382.jpg,Herb pot cover,"✨ Herb pot cover, keeping your herbs fresh and stylish! ✨"
11074383,39.0,,"Potter, skjulere m.m.",Urtepotteskjuler,1,0,stk.,Netto,https://static.tilbudsugen.dk/1st-retail/2026/18/65183/Netto172026-1_37_219x695_2359x2664_zoom.jpg,2026-04-25,2026-06-05,https://res.cloudinary.com/dfqzmnlga/image/upload/v1778907109/2026-05-16/11074383.jpg,Herb pot cover,"✨ Covering the herbs, keeping them fresh and vibrant! 🌿"
11111897,25.0,,"Planter, buske & træer",Planter,1,0,stk.,Netto,https://static.tilbudsugen.dk/1st-retail/2026/21/65373/Netto202026-1_25_152x2483_2532x4637_zoom.jpg,2026-05-16,2026-05-22,https://res.cloudinary.com/dfqzmnlga/image/upload/v1778907110/2026-05-16/11111897.jpg,Plants,✨ Botanical wizard with a green thumb and a love for growing things! 🌿
11111898,40.0,,"Planter, buske & træer",Planter,1,0,stk.,Netto,https://static.tilbudsugen.dk/1st-retail/2026/21/65373/Netto202026-1_25_2416x4623_4780x6814_zoom.jpg,2026-05-16,2026-05-22,https://res.cloudinary.com/dfqzmnlga/image/upload/v1778907110/2026-05-16/11111898.jpg,Plants,"🌱 Sprout your ideas, grow your confidence, and let nature do the work."
11111900,28.0,,"Planter, buske & træer",Planter,1,0,stk.,Netto,https://static.tilbudsugen.dk/1st-retail/2026/21/65373/Netto202026-1_25_2539x2454_4744x4652_zoom.jpg,2026-05-16,2026-05-22,https://res.cloudinary.com/dfqzmnlga/image/upload/v1778907111/2026-05-16/11111900.jpg,Plants,"🌱 Sprouts of hope, roots of joy, and leaves of laughter. 🌿"
11111955,40.0,,Udendørsleg,Gadekridt,1,50,pk.,Netto,https://static.tilbudsugen.dk/1st-retail/2026/21/65373/Netto202026-1_30_232x5203_2461x6795_zoom.jpg,2026-05-16,2026-05-22,https://res.cloudinary.com/dfqzmnlga/image/upload/v1778907111/2026-05-16/11111955.jpg,Gadekridt,Gadekridt: The ultimate snack that makes every day a little sweeter 🍫
11111947,30.0,,Diverse legetøj,Tegnetavle,1,0,stk.,Netto,https://static.tilbudsugen.dk/1st-retail/2026/21/65373/Netto202026-1_30_1727x1953_3211x3475_zoom.jpg,2026-05-16,2026-05-22,https://res.cloudinary.com/dfqzmnlga/image/upload/v1778907112/2026-05-16/11111947.jpg,Characterboard,✨ My character is always ready to conquer the world—because I'm the ultimate boss! ✨
11111948,50.0,,Diverse legetøj,Legetøj,1,0,stk.,Netto,https://static.tilbudsugen.dk/1st-retail/2026/21/65373/Netto202026-1_30_3265x598_4858x2962_zoom.jpg,2026-05-16,2026-05-22,https://res.cloudinary.com/dfqzmnlga/image/upload/v1778907112/2026-05-16/11111948.jpg,Toys,"Playful, curious, and always ready to spark a laugh—*Toys* keep things interesting! 🎉"
11111951,50.0,,"Biler, tog",Biler,1,0,stk.,Netto,https://static.tilbudsugen.dk/1st-retail/2026/21/65373/Netto202026-1_30_1754x3524_3260x5143_zoom.jpg,2026-05-16,2026-05-22,https://res.cloudinary.com/dfqzmnlga/image/upload/v1778907112/2026-05-16/11111951.jpg,Cars,"🚗💨 Speedy, stylish, and always on the go—my life is a never-ending drive! 🚗💨"
11111953,30.0,,Diverse legetøj,Legetøj,1,0,stk.,Netto,https://static.tilbudsugen.dk/1st-retail/2026/21/65373/Netto202026-1_30_3244x2984_4804x5143_zoom.jpg,2026-05-16,2026-05-22,https://res.cloudinary.com/dfqzmnlga/image/upload/v1778907113/2026-05-16/11111953.jpg,Toys,"Playful, adventurous, and always ready to explore—*Toys* with a mission! 🎉"
11111946,30.0,,Kreativitetslegetøj & puslespil,Klistermærkebog,1,0,stk.,Netto,https://static.tilbudsugen.dk/1st-retail/2026/21/65373/Netto202026-1_30_119x1953_1673x3513_zoom.jpg,2026-05-16,2026-05-22,https://res.cloudinary.com/dfqzmnlga/image/upload/v1778907114/2026-05-16/11111946.jpg,Sticker Book,"✨ Sticker Book: Collect, create, and share your unique stories with a smile! 🌟"
11111957,40.0,,Kreativitetslegetøj & puslespil,Kreativt legetøj,1,0,stk.,Netto,https://static.tilbudsugen.dk/1st-retail/2026/21/65373/Netto202026-1_30_2521x5213_4820x6871_zoom.jpg,2026-05-16,2026-05-22,https://res.cloudinary.com/dfqzmnlga/image/upload/v1778907114/2026-05-16/11111957.jpg,Creative toys,🎨✨ Unleash creativity with every play! 🎨✨
11111950,30.0,,Diverse legetøj,Legetøj,1,0,stk.,Netto,https://static.tilbudsugen.dk/1st-retail/2026/21/65373/Netto202026-1_30_200x3583_1689x5192_zoom.jpg,2026-05-16,2026-05-22,https://res.cloudinary.com/dfqzmnlga/image/upload/v1778907115/2026-05-16/11111950.jpg,Toys,"Playful and curious, I'm the toy that never stops exploring! 🎉"
11111945,25.0,,Udendørsleg,Vandpistol,1,0,stk.,Netto,https://static.tilbudsugen.dk/1st-retail/2026/21/65373/Netto202026-1_30_81x560_3265x1937_zoom.jpg,2026-05-16,2026-05-22,https://res.cloudinary.com/dfqzmnlga/image/upload/v1778907115/2026-05-16/11111945.jpg,Water gun,Water gun warrior 🌟 | Spray your enemies with fun and flair!
11111944,70.0,Nature,Optænding,Grillbriketter,1,6,ps.,Netto,https://static.tilbudsugen.dk/1st-retail/2026/21/65373/Netto202026-1_29_2526x2503_4836x6854_zoom.jpg,2026-05-16,2026-05-22,https://res.cloudinary.com/dfqzmnlga/image/upload/v1778907116/2026-05-16/11111944.jpg,Barbecue fuel,"🔥 Spice up your day with barbecue fuel—burning hot, smoky, and unstoppable! 🍛"
11111901,79.0,,Skadedyrsbekæmpelse,Myrelokkedåse,1,3,pk.,Netto,https://static.tilbudsugen.dk/1st-retail/2026/21/65373/Netto202026-1_25_2727x720_4679x2432_zoom.jpg,2026-05-16,2026-05-22,https://res.cloudinary.com/dfqzmnlga/image/upload/v1778907116/2026-05-16/11111901.jpg,Can of Anteloks,🔥 Anteloks: The spicy spice that turns everyday moments into unforgettable ones. 🌟
11111996,129.0,,Haveredskaber,Vandkande,1,0,stk.,Netto,https://static.tilbudsugen.dk/1st-retail/2026/21/65373/Netto202026-1_33_2510x4636_4836x6773_zoom.jpg,2026-05-16,2026-05-22,https://res.cloudinary.com/dfqzmnlga/image/upload/v1778907116/2026-05-16/11111996.jpg,Water cans,💧 Water can whisperers — quenching thirst with style.
