data_id,price,brand,category,product_name,units,quantity,unit_type,store_name,image_url,start_date,end_date,public_urls,translated_product,tinder_bio
11208514,12.0,ØGO,Grønt,Hjertesalat,1,2,bk.,Netto,https://static.tilbudsugen.dk/1st-retail/2026/29/65822/Netto292026-1_4_94x3438_2440x5823_zoom.jpg,2026-07-11,2026-07-17,https://res.cloudinary.com/dfqzmnlga/image/upload/v1783744144/2026-07-11/11208514.jpg,Chinese cabbages/pe-tsai,"Crispy, peppery, and full of flavor—pe-tsai are the star of the kitchen! 🥬"
11208480,6.0,,Grønt,Majskolbe,1,1,stk.,Netto,https://static.tilbudsugen.dk/1st-retail/2026/29/65822/Netto292026-1_1_1291x1266_4943x3383_zoom.jpg,2026-07-11,2026-07-17,https://res.cloudinary.com/dfqzmnlga/image/upload/v1783744144/2026-07-11/11208480.jpg,Maize (corn) flask,"✨ Maize (corn) flask: Savor the sweetness of life, one kernel at a time. 🌾"
11208516,10.0,,Grønt,Kartofler,1,0,bk.,Netto,https://static.tilbudsugen.dk/1st-retail/2026/29/65822/Netto292026-1_4_2408x3430_4935x5902_zoom.jpg,2026-07-11,2026-07-17,https://res.cloudinary.com/dfqzmnlga/image/upload/v1783744145/2026-07-11/11208516.jpg,Potatoes,"I'm a humble potato, always ready to shine in any dish! 🥔"
11208515,12.0,,Frugt,Donutferskner,1,0,bk.,Netto,https://static.tilbudsugen.dk/1st-retail/2026/29/65822/Netto292026-1_4_1692x0_4864x3485_zoom.jpg,2026-07-11,2026-07-17,https://res.cloudinary.com/dfqzmnlga/image/upload/v1783744145/2026-07-11/11208515.jpg,Donut ferns,"✨ Donut ferns: The sweet, spiky, and slightly wild plant that turns your day into a dessert. 🌟"
11208513,12.0,,Frugt,Abrikoser,1,0,pk.,Netto,https://static.tilbudsugen.dk/1st-retail/2026/29/65822/Netto292026-1_4_118x1329_2574x3485_zoom.jpg,2026-07-11,2026-07-17,https://res.cloudinary.com/dfqzmnlga/image/upload/v1783744146/2026-07-11/11208513.jpg,Apricots,"Sweet, juicy, and just the right amount of tart—like a smile. 🍐"
11208540,18.0,Pedersens Udvalgte,Grønt,Tomater,1,0,bk.,Netto,https://static.tilbudsugen.dk/1st-retail/2026/29/65822/Netto292026-1_7_1905x101_4825x2053_zoom.jpg,2026-07-11,2026-07-17,https://res.cloudinary.com/dfqzmnlga/image/upload/v1783744146/2026-07-11/11208540.jpg,Tomatoes,"Red, juicy, and ready to burst—perfect for any salad or snack! 🍅"
11208507,10.0,,Grønt,Salat,1,0,ps.,Netto,https://static.tilbudsugen.dk/1st-retail/2026/29/65822/Netto292026-1_3_1196x3273_2574x4918_zoom.jpg,2026-07-11,2026-07-17,https://res.cloudinary.com/dfqzmnlga/image/upload/v1783744147/2026-07-11/11208507.jpg,Lettuce,"Crispy, refreshing, and always in season — the lettuce of the day! 🥬"
11208491,7.0,Brunchy,Bacon,Baconskiver,1,0,pk.,Netto,https://static.tilbudsugen.dk/1st-retail/2026/29/65822/Netto292026-1_2_94x345_2463x2281_zoom.jpg,2026-07-11,2026-07-17,https://res.cloudinary.com/dfqzmnlga/image/upload/v1783744147/2026-07-11/11208491.jpg,Bacon washers,"Bacon washers: Clean your life with a sprinkle of crispy, smoky perfection. 🍬✨"
11208539,49.0,Danpo,Kylling,Hakket kylling 3-7%,1,1,bk.,Netto,https://static.tilbudsugen.dk/1st-retail/2026/29/65822/Netto292026-1_6_55x4902_2503x6886_zoom.jpg,2026-07-11,2026-07-17,https://res.cloudinary.com/dfqzmnlga/image/upload/v1783744148/2026-07-11/11208539.jpg,Chicked chicken 3-7%,✨ Chickened chicken 3-7% 🥩
11208517,69.0,De Danske Familiegårde,Kylling,Kylling,1,1,stk.,Netto,https://static.tilbudsugen.dk/1st-retail/2026/29/65822/Netto292026-1_5_2802x179_4911x3045_zoom.jpg,2026-07-11,2026-07-17,https://res.cloudinary.com/dfqzmnlga/image/upload/v1783744148/2026-07-11/11208517.jpg,Chicken,"Sizzling with flavor, I’m the chicken that never says no to a good meal! 🍗"
11208537,49.0,Rose,Kylling,Kyllingelårfilet,1,0,bk.,Netto,https://static.tilbudsugen.dk/1st-retail/2026/29/65822/Netto292026-1_6_94x53_2574x2336_zoom.jpg,2026-07-11,2026-07-17,https://res.cloudinary.com/dfqzmnlga/image/upload/v1783744149/2026-07-11/11208537.jpg,Chicken-eared filet,"Squeaky-clean, chicken-eared filet with a side of sass and a dash of flair. 🍗"
11208526,49.0,Rose,Kylling,Kyllingebrystfilet,1,0,bk.,Netto,https://static.tilbudsugen.dk/1st-retail/2026/29/65822/Netto292026-1_6_94x53_2574x2336_zoom.jpg,2026-07-11,2026-07-17,https://res.cloudinary.com/dfqzmnlga/image/upload/v1783744150/2026-07-11/11208526.jpg,Chicken breast fillet,"Sizzling with flavor, ready to conquer any plate! 🍗"
11208523,49.0,Danpo,Kylling,Grillbakke,1,0,stk.,Netto,https://static.tilbudsugen.dk/1st-retail/2026/29/65822/Netto292026-1_5_2920x4997_4880x6839_zoom.jpg,2026-07-11,2026-07-17,https://res.cloudinary.com/dfqzmnlga/image/upload/v1783744150/2026-07-11/11208523.jpg,Barbecue tray,"🔥 Sizzle your day with a BBQ tray—flavor, fire, and fun all in one! 🍛"
11208527,49.0,Rose,Kylling,Kyllingeinderfileter,1,0,bk.,Netto,https://static.tilbudsugen.dk/1st-retail/2026/29/65822/Netto292026-1_6_94x53_2574x2336_zoom.jpg,2026-07-11,2026-07-17,https://res.cloudinary.com/dfqzmnlga/image/upload/v1783744151/2026-07-11/11208527.jpg,Chicken eiderphilets,✨ Chicken eiderphilets: The ultimate snack for those who love crunch and flavor! 🍗
11208512,49.0,Rose,Kylling,Kyllingeinderfileter,1,0,bk.,Netto,https://static.tilbudsugen.dk/1st-retail/2026/29/65822/Netto292026-1_3_1228x5532_2558x6815_zoom.jpg,2026-07-11,2026-07-17,https://res.cloudinary.com/dfqzmnlga/image/upload/v1783744151/2026-07-11/11208512.jpg,Chicken eiderphilets,🔥 Chicken eiderphilets: The ultimate crunch in every bite! 🥩
11208531,49.0,Velsmag,Grisekød,Hakket grisekød 8-12%,1,1,bk.,Netto,https://static.tilbudsugen.dk/1st-retail/2026/29/65822/Netto292026-1_6_55x4902_2503x6886_zoom.jpg,2026-07-11,2026-07-17,https://res.cloudinary.com/dfqzmnlga/image/upload/v1783744152/2026-07-11/11208531.jpg,Minced pig meat 8-12 per cent,"✨ Flaky, tender, and perfectly juicy – just the right amount of pork for a perfect bite! ✨"
11208528,24.95,Velsmag,Grisekød,Nakkefilet,1,0,bk.,Netto,https://static.tilbudsugen.dk/1st-retail/2026/29/65822/Netto292026-1_6_86x2966_2495x4926_zoom.jpg,2026-07-11,2026-07-17,https://res.cloudinary.com/dfqzmnlga/image/upload/v1783744152/2026-07-11/11208528.jpg,Neck filet,"Snip-snappin' the perfect cut of meat, ready to slice and serve! 🍳"
11208496,24.95,Velsmag,Grisekød,Nakkefilet,1,0,bk.,Netto,https://static.tilbudsugen.dk/1st-retail/2026/29/65822/Netto292026-1_2_2338x4768_4959x6815_zoom.jpg,2026-07-11,2026-07-17,https://res.cloudinary.com/dfqzmnlga/image/upload/v1783744153/2026-07-11/11208496.jpg,Neck filet,"Savoring the perfect cut of meat, ready to slice and serve. 🍗"
11208534,59.0,Velsmag,Grisekød,Flæsk i skiver,1,1,bk.,Netto,https://static.tilbudsugen.dk/1st-retail/2026/29/65822/Netto292026-1_6_2471x4973_4809x6941_zoom.jpg,2026-07-11,2026-07-17,https://res.cloudinary.com/dfqzmnlga/image/upload/v1783744154/2026-07-11/11208534.jpg,Pork in slices,"Slice of chaos, bite of fun, and a dash of culinary chaos. 🍖"
11198383,109.0,Velsmag,Grisekød,Grisemørbrad,1,1,bk.,Netto,https://static.tilbudsugen.dk/1st-retail/2026/28/65760/Netto272026-1_5_2957x4877_4940x6821_zoom.jpg,2026-07-01,2026-07-31,https://res.cloudinary.com/dfqzmnlga/image/upload/v1783744154/2026-07-11/11198383.jpg,Pig tenderloin,"Savoring the perfect cut of meat, ready to melt in your mouth. 🍄"
11208521,25.0,Velsmag,Grisekød,Nakkekoteletter,1,0,bk.,Netto,https://static.tilbudsugen.dk/1st-retail/2026/29/65822/Netto292026-1_5_31x3045_2959x4871_zoom.jpg,2026-07-11,2026-07-17,https://res.cloudinary.com/dfqzmnlga/image/upload/v1783744155/2026-07-11/11208521.jpg,Neck chops,"Savoring the crunch of life, one chop at a time 🍲"
11208536,39.95,Velsmag,Oksekød,Hakket oksekød 8-12%,1,0,ps.,Netto,https://static.tilbudsugen.dk/1st-retail/2026/29/65822/Netto292026-1_6_2534x2911_4935x4934_zoom.jpg,2026-07-11,2026-07-17,https://res.cloudinary.com/dfqzmnlga/image/upload/v1783744155/2026-07-11/11208536.jpg,Minced beef 8-12 per cent,🔥 Spice up your life with a dash of flavor!
11208519,39.95,Burger Boost,Oksekød,Hakkebøffer,1,0,bk.,Netto,https://static.tilbudsugen.dk/1st-retail/2026/29/65822/Netto292026-1_5_55x1234_2959x3029_zoom.jpg,2026-07-11,2026-07-17,https://res.cloudinary.com/dfqzmnlga/image/upload/v1783744156/2026-07-11/11208519.jpg,Chick steaks,"🔥 Sizzling with flavor, ready to conquer your taste buds! 🍳"
11208520,39.95,Boost,Oksekød,Hakket oksekød,1,0,pk.,Netto,https://static.tilbudsugen.dk/1st-retail/2026/29/65822/Netto292026-1_5_55x1234_2959x3029_zoom.jpg,2026-07-11,2026-07-17,https://res.cloudinary.com/dfqzmnlga/image/upload/v1783744156/2026-07-11/11208520.jpg,Minced beef,"🔥 Sizzle it, ignite the kitchen, and let your flavor speak! 🍳"
11208546,35.0,ØGO,Grisekød,Nakkekoteletter,1,0,bk.,Netto,https://static.tilbudsugen.dk/1st-retail/2026/29/65822/Netto292026-1_7_134x3241_2944x4792_zoom.jpg,2026-07-11,2026-07-17,https://res.cloudinary.com/dfqzmnlga/image/upload/v1783744157/2026-07-11/11208546.jpg,Neck chops,"🔥 Chop off the extra, keep the flavor. 🥩"
11208524,25.0,Velsmag,Oksekød,Okseentrecotes,1,0,bk.,Netto,https://static.tilbudsugen.dk/1st-retail/2026/29/65822/Netto292026-1_5_31x3045_2959x4871_zoom.jpg,2026-07-11,2026-07-17,https://res.cloudinary.com/dfqzmnlga/image/upload/v1783744157/2026-07-11/11208524.jpg,Oxeentrecottes,✨A flavor that dances on your tongue and leaves you craving more!✨
11208649,49.95,Skagenfood ,Rejer og andre skaldyr,Jomfruhummer,1,0,bk.,Netto,https://static.tilbudsugen.dk/1st-retail/2026/29/65822/Netto292026-1_11_47x4745_2912x6933_zoom.jpg,2026-07-11,2026-07-17,https://res.cloudinary.com/dfqzmnlga/image/upload/v1783744158/2026-07-11/11208649.jpg,Norway lobster,"✨ Lobster that knows the North Sea's secrets, and never forgets its home. 🌊"
11208518,99.95,Velsmag,Fersk fisk,Lakseside,1,0,pk.,Netto,https://static.tilbudsugen.dk/1st-retail/2026/29/65822/Netto292026-1_5_2967x3037_4903x4910_zoom.jpg,2026-07-11,2026-07-17,https://res.cloudinary.com/dfqzmnlga/image/upload/v1783744158/2026-07-11/11208518.jpg,Salmonside,"Savor the sea in every bite, 🐟✨"
11208641,65.0,Premieur,Røget og gravad,Laks i skiver,1,0,pk.,Netto,https://static.tilbudsugen.dk/1st-retail/2026/29/65822/Netto292026-1_10_3290x4808_4911x6878_zoom.jpg,2026-07-11,2026-07-17,https://res.cloudinary.com/dfqzmnlga/image/upload/v1783744159/2026-07-11/11208641.jpg,Salmon in slices,"Savor the ocean in every slice — perfect for a quick, delicious snack. 🍣"
11208648,34.95,Skagenfood ,Rejer og andre skaldyr,Rejer,1,0,bg.,Netto,https://static.tilbudsugen.dk/1st-retail/2026/29/65822/Netto292026-1_11_2723x4918_4974x6839_zoom.jpg,2026-07-11,2026-07-17,https://res.cloudinary.com/dfqzmnlga/image/upload/v1783744159/2026-07-11/11208648.jpg,Shrimps and prawns,✨ Craving crunch? I’m the shrimp and prawn version of a delicious snack!
11208645,49.95,Skagenfood ,Røget og gravad,Laks,1,0,bk.,Netto,https://static.tilbudsugen.dk/1st-retail/2026/29/65822/Netto292026-1_11_0x738_2833x2533_zoom.jpg,2026-07-11,2026-07-17,https://res.cloudinary.com/dfqzmnlga/image/upload/v1783744160/2026-07-11/11208645.jpg,Salmon,"✨ Salmon: The ocean's favorite snack, always fresh and full of flavor! 🐟"
11208646,49.95,Skagenfood ,Røget og gravad,Laks i skiver,1,0,bk.,Netto,https://static.tilbudsugen.dk/1st-retail/2026/29/65822/Netto292026-1_11_2802x683_4919x2879_zoom.jpg,2026-07-11,2026-07-17,https://res.cloudinary.com/dfqzmnlga/image/upload/v1783744160/2026-07-11/11208646.jpg,Salmon in slices,"Savoring the taste of adventure, one slice at a time. 🍣"
11208647,49.95,Skagenfood ,Røget og gravad,Laks i skiver,1,0,bk.,Netto,https://static.tilbudsugen.dk/1st-retail/2026/29/65822/Netto292026-1_11_2786x2989_4919x4808_zoom.jpg,2026-07-11,2026-07-17,https://res.cloudinary.com/dfqzmnlga/image/upload/v1783744161/2026-07-11/11208647.jpg,Salmon in slices,"Slicing the ocean into delicious bites, one flavor at a time 🐟"
11208558,5.96,Egelykke,Postej og Paté,Paté,1,0,pk.,Netto,https://static.tilbudsugen.dk/1st-retail/2026/29/65822/Netto292026-1_8_2487x4320_4903x6878_zoom.jpg,2026-07-11,2026-07-17,https://res.cloudinary.com/dfqzmnlga/image/upload/v1783744161/2026-07-11/11208558.jpg,Paté,Savor the flavor of adventure with a dash of curiosity 🍴
11208622,12.0,Salatmesteren,Pålægssalat,Hønsesalat,1,0,bg.,Netto,https://static.tilbudsugen.dk/1st-retail/2026/29/65822/Netto292026-1_10_86x715_2424x2871_zoom.jpg,2026-07-11,2026-07-17,https://res.cloudinary.com/dfqzmnlga/image/upload/v1783744162/2026-07-11/11208622.jpg,Chicken lettuce,"Squishy, savory, and slightly weird — the ultimate snack that makes your taste buds dance. 🍗 lettuce"
11208624,12.0,Salatmesteren,Pålægssalat,Makrelsalat,1,0,bg.,Netto,https://static.tilbudsugen.dk/1st-retail/2026/29/65822/Netto292026-1_10_86x715_2424x2871_zoom.jpg,2026-07-11,2026-07-17,https://res.cloudinary.com/dfqzmnlga/image/upload/v1783744162/2026-07-11/11208624.jpg,Mackerel lettuce,"Fished from the ocean, grilled to perfection, and ready to satisfy your cravings—because sometimes, the best flavors come from the deep. 🐟"
11208620,12.0,Salatmesteren,Pålægssalat,Tunsalat,1,0,bg.,Netto,https://static.tilbudsugen.dk/1st-retail/2026/29/65822/Netto292026-1_10_86x715_2424x2871_zoom.jpg,2026-07-11,2026-07-17,https://res.cloudinary.com/dfqzmnlga/image/upload/v1783744163/2026-07-11/11208620.jpg,Tuna salad,"Savor the sea in every bite — tuna salad, fresh and vibrant. 🍣"
11208618,12.0,Salatmesteren,Pålægssalat,Æggesalat,1,0,bg.,Netto,https://static.tilbudsugen.dk/1st-retail/2026/29/65822/Netto292026-1_10_86x715_2424x2871_zoom.jpg,2026-07-11,2026-07-17,https://res.cloudinary.com/dfqzmnlga/image/upload/v1783744163/2026-07-11/11208618.jpg,Egg salad,"Egg salad: the perfect blend of flavor and freshness, ready to elevate any meal. 🥚"
11208619,12.0,Salatmesteren,Pålægssalat,Skinkesalat,1,0,bg.,Netto,https://static.tilbudsugen.dk/1st-retail/2026/29/65822/Netto292026-1_10_86x715_2424x2871_zoom.jpg,2026-07-11,2026-07-17,https://res.cloudinary.com/dfqzmnlga/image/upload/v1783744164/2026-07-11/11208619.jpg,Ham lettuce,"Savor the crunch of a perfect sandwich, one bite at a time. 🍗 lettuce"
11208621,12.0,Salatmesteren,Pålægssalat,Rejesalat,1,0,bg.,Netto,https://static.tilbudsugen.dk/1st-retail/2026/29/65822/Netto292026-1_10_86x715_2424x2871_zoom.jpg,2026-07-11,2026-07-17,https://res.cloudinary.com/dfqzmnlga/image/upload/v1783744164/2026-07-11/11208621.jpg,Shrimp lettuce,"Squid-like shrimp lettuce—crunchy, creamy, and always in season. 🌊🦞"
11208623,12.0,Salatmesteren,Pålægssalat,Kylling & Baconsalat,1,0,bg.,Netto,https://static.tilbudsugen.dk/1st-retail/2026/29/65822/Netto292026-1_10_86x715_2424x2871_zoom.jpg,2026-07-11,2026-07-17,https://res.cloudinary.com/dfqzmnlga/image/upload/v1783744164/2026-07-11/11208623.jpg,Chicken & Bacon Salad,"Savor the crunch of chicken and the smoky delight of bacon—perfect for a quick, delicious snack. 🍗 Bacon 🐔"
11208630,12.0,Gul bordpak,"Pålæg, skiveskåret",Kødpølse,1,0,pk.,Netto,https://static.tilbudsugen.dk/1st-retail/2026/29/65822/Netto292026-1_10_2440x526_4840x2832_zoom.jpg,2026-07-11,2026-07-17,https://res.cloudinary.com/dfqzmnlga/image/upload/v1783744165/2026-07-11/11208630.jpg,Meat sausage,"🔥 Charred and smoky, I'm the spice of the kitchen—crave it, or be burned! 🌟"
11208628,12.0,Gul bordpak,"Pålæg, skiveskåret",Kartoffelspegepølse,1,0,pk.,Netto,https://static.tilbudsugen.dk/1st-retail/2026/29/65822/Netto292026-1_10_2440x526_4840x2832_zoom.jpg,2026-07-11,2026-07-17,https://res.cloudinary.com/dfqzmnlga/image/upload/v1783744166/2026-07-11/11208628.jpg,Potato sausage,"🔥 Spicy, smoky, and ready to spice up your day! 🌟"
11208635,12.0,Gul bordpak,"Pålæg, skiveskåret",Sønderjysk Spegepølse,1,0,pk.,Netto,https://static.tilbudsugen.dk/1st-retail/2026/29/65822/Netto292026-1_10_2440x526_4840x2832_zoom.jpg,2026-07-11,2026-07-17,https://res.cloudinary.com/dfqzmnlga/image/upload/v1783744166/2026-07-11/11208635.jpg,Sønderjysk Salsify,"Sønderjysk Salsify: The ultimate flavor booster, bringing a spicy kick to every bite! 🍴"
11208627,10.0,Egelykke,"Pålæg, skiveskåret",Peberspegepølse,1,0,pk.,Netto,https://static.tilbudsugen.dk/1st-retail/2026/29/65822/Netto292026-1_10_79x2919_1747x4824_zoom.jpg,2026-07-11,2026-07-17,https://res.cloudinary.com/dfqzmnlga/image/upload/v1783744166/2026-07-11/11208627.jpg,Peppercorn (corn) sausage,"🔥 Hot, spicy, and always in a hurry—peppercorn (corn) sausage is the boss of the kitchen! 🍴"
11208625,10.0,Egelykke,"Pålæg, skiveskåret",Sønderjysk Spegepølse,1,0,pk.,Netto,https://static.tilbudsugen.dk/1st-retail/2026/29/65822/Netto292026-1_10_79x2919_1747x4824_zoom.jpg,2026-07-11,2026-07-17,https://res.cloudinary.com/dfqzmnlga/image/upload/v1783744167/2026-07-11/11208625.jpg,Sønderjysk Salsify,"Sønderjysk Salsify: The spicy, tangy secret to perfecting any dish, with a dash of adventure and a sprinkle of joy. 🌟"
11208629,12.0,Gul bordpak,"Pålæg, skiveskåret",Kalkunspegepølse - Den lette,1,0,pk.,Netto,https://static.tilbudsugen.dk/1st-retail/2026/29/65822/Netto292026-1_10_2440x526_4840x2832_zoom.jpg,2026-07-11,2026-07-17,https://res.cloudinary.com/dfqzmnlga/image/upload/v1783744167/2026-07-11/11208629.jpg,Turkey hot dogs - The light,Turkey hot dogs - The light 🍔💡
11208631,12.0,Gul bordpak,"Pålæg, skiveskåret",Jægerpølse - Den lette,1,0,pk.,Netto,https://static.tilbudsugen.dk/1st-retail/2026/29/65822/Netto292026-1_10_2440x526_4840x2832_zoom.jpg,2026-07-11,2026-07-17,https://res.cloudinary.com/dfqzmnlga/image/upload/v1783744168/2026-07-11/11208631.jpg,Hunter Sausage - The Easy,🔥 Savor the hunt with every bite—perfect for when you need a little extra flavor. 🥩
11208632,12.0,Gul bordpak,"Pålæg, skiveskåret",Kødpølse - Den lette,1,0,pk.,Netto,https://static.tilbudsugen.dk/1st-retail/2026/29/65822/Netto292026-1_10_2440x526_4840x2832_zoom.jpg,2026-07-11,2026-07-17,https://res.cloudinary.com/dfqzmnlga/image/upload/v1783744168/2026-07-11/11208632.jpg,Meat Sausage - The Light,"🔥 Spicy, smoky, and always ready to ignite a conversation—The Light Meat Sausage. 🍴"
11208634,12.0,Gul bordpak,"Pålæg, skiveskåret",Oksespegepølse,1,0,pk.,Netto,https://static.tilbudsugen.dk/1st-retail/2026/29/65822/Netto292026-1_10_2440x526_4840x2832_zoom.jpg,2026-07-11,2026-07-17,https://res.cloudinary.com/dfqzmnlga/image/upload/v1783744169/2026-07-11/11208634.jpg,Beef-pearled sausage,"Sizzling with flavor, ready to conquer your taste buds! 🍴"
11208633,12.0,Gul bordpak,"Pålæg, skiveskåret",Røget Medister,1,0,pk.,Netto,https://static.tilbudsugen.dk/1st-retail/2026/29/65822/Netto292026-1_10_2440x526_4840x2832_zoom.jpg,2026-07-11,2026-07-17,https://res.cloudinary.com/dfqzmnlga/image/upload/v1783744169/2026-07-11/11208633.jpg,Smoked Medists,"Smoked Medists: Savor the smoky, savory thrill of life, 🍴✨"
11209011,25.0,Pølsemesteren,300 g - 599 g Normalpakke Pølser,Hotdogpølser,1,0,pk.,Netto,https://static.tilbudsugen.dk/1st-retail/2026/29/65822/Netto292026-1_12_40x729_2117x2829_zoom.jpg,2026-07-11,2026-07-17,https://res.cloudinary.com/dfqzmnlga/image/upload/v1783744170/2026-07-11/11209011.jpg,Hot dog sausages,"Savor the flavor, bite the bullet, and never miss a chance to roll out the red carpet—because a hot dog sausage is the ultimate flavor bomb! 🍔"
11209010,25.0,Pølsemesteren,300 g - 599 g Normalpakke Pølser,Grillpølser,1,0,pk.,Netto,https://static.tilbudsugen.dk/1st-retail/2026/29/65822/Netto292026-1_12_40x729_2117x2829_zoom.jpg,2026-07-11,2026-07-17,https://res.cloudinary.com/dfqzmnlga/image/upload/v1783744170/2026-07-11/11209010.jpg,Barbecue sausages,"🔥 Sizzling with flavor, ready to turn any meal into a feast! 🍴"
11209017,30.0,Gøl,300 g - 599 g Normalpakke Pølser,Frankfurter,1,0,pk.,Netto,https://static.tilbudsugen.dk/1st-retail/2026/29/65822/Netto292026-1_12_62x2852_1704x4867_zoom.jpg,2026-07-11,2026-07-17,https://res.cloudinary.com/dfqzmnlga/image/upload/v1783744170/2026-07-11/11209017.jpg,Frankfurter,🔥Sizzle your way through life with a spicy twist! 🥢
11209014,25.0,Pølsemesteren,300 g - 599 g Normalpakke Pølser,Grillpølser med Cheddar,1,0,pk.,Netto,https://static.tilbudsugen.dk/1st-retail/2026/29/65822/Netto292026-1_12_40x729_2117x2829_zoom.jpg,2026-07-11,2026-07-17,https://res.cloudinary.com/dfqzmnlga/image/upload/v1783744171/2026-07-11/11209014.jpg,Barbecue sausages with Cheddar,"Sizzling with flavor, ready to spice up your day! 🍞"
11209012,25.0,Pølsemesteren,300 g - 599 g Normalpakke Pølser,Kyllingepølser,1,0,pk.,Netto,https://static.tilbudsugen.dk/1st-retail/2026/29/65822/Netto292026-1_12_40x729_2117x2829_zoom.jpg,2026-07-11,2026-07-17,https://res.cloudinary.com/dfqzmnlga/image/upload/v1783744171/2026-07-11/11209012.jpg,Chicken sausages,"🔥 Sizzling with flavor, ready to conquer your taste buds! 🍗"
11209016,30.0,Gøl,300 g - 599 g Normalpakke Pølser,Grillpølser,1,0,pk.,Netto,https://static.tilbudsugen.dk/1st-retail/2026/29/65822/Netto292026-1_12_62x2852_1704x4867_zoom.jpg,2026-07-11,2026-07-17,https://res.cloudinary.com/dfqzmnlga/image/upload/v1783744172/2026-07-11/11209016.jpg,Barbecue sausages,"Smoky and spicy, ready to ignite your taste buds—🔥"
11209018,30.0,Gøl,300 g - 599 g Normalpakke Pølser,Sommer Griller,1,0,pk.,Netto,https://static.tilbudsugen.dk/1st-retail/2026/29/65822/Netto292026-1_12_62x2852_1704x4867_zoom.jpg,2026-07-11,2026-07-17,https://res.cloudinary.com/dfqzmnlga/image/upload/v1783744172/2026-07-11/11209018.jpg,Summer Grills,Savor the flavor of summer with every bite—because the best grills are those that make you smile. 🍑
11208483,12.0,Cheasy,Syrnet morgenmad,Vanilje Yoghurt ,1,1,stk.,Netto,https://static.tilbudsugen.dk/1st-retail/2026/29/65822/Netto292026-1_1_63x3958_2463x6469_zoom.jpg,2026-07-11,2026-07-17,https://res.cloudinary.com/dfqzmnlga/image/upload/v1783744172/2026-07-11/11208483.jpg,Vanilla Yogurt,"Soozy 🍅 – the sweet, creamy comfort that makes any day just a little bit better."
11208484,12.0,Cheasy,Syrnet morgenmad,Skovbær Yoghurt ,1,1,stk.,Netto,https://static.tilbudsugen.dk/1st-retail/2026/29/65822/Netto292026-1_1_63x3958_2463x6469_zoom.jpg,2026-07-11,2026-07-17,https://res.cloudinary.com/dfqzmnlga/image/upload/v1783744173/2026-07-11/11208484.jpg,Blackberries Yogurt,"Sour, sweet, and ripe — the perfect partner for a morning breakfast. 🍓 Yogurt 🍯"
11208482,12.0,Cheasy,Syrnet morgenmad,Jordbær & Rababer Yoghurt ,1,1,stk.,Netto,https://static.tilbudsugen.dk/1st-retail/2026/29/65822/Netto292026-1_1_63x3958_2463x6469_zoom.jpg,2026-07-11,2026-07-17,https://res.cloudinary.com/dfqzmnlga/image/upload/v1783744173/2026-07-11/11208482.jpg,Strawberries & Rababer Yogurt,"Sip on sweetness, swipe right on joy—Strawberries & Rababer Yogurt, ready to melt your day! 🍓💖"
11208504,14.0,Løgismose,Mælk,Kærnemælk,1,1,krt.,Netto,https://static.tilbudsugen.dk/1st-retail/2026/29/65822/Netto292026-1_3_1228x1447_2456x2989_zoom.jpg,2026-07-11,2026-07-17,https://res.cloudinary.com/dfqzmnlga/image/upload/v1783744174/2026-07-11/11208504.jpg,Buttermilk,"Sour, sweet, and sure to make any meal better — just add the right amount of trust. 🍯"
11208589,15.0,Arla,Mælk,Koldskål Tykmælk & Æg,1,1,krt.,Netto,https://static.tilbudsugen.dk/1st-retail/2026/29/65822/Netto292026-1_9_3195x2061_4903x4887_zoom.jpg,2026-07-11,2026-07-17,https://res.cloudinary.com/dfqzmnlga/image/upload/v1783744174/2026-07-11/11208589.jpg,Cold bowl Thick milk & Eggs,"Cool bowl of cold milk and eggs, ready to chill your day. 🍳"
11208590,15.0,Arla,Mælk,Koldskål Tykmælk & Jordbær,1,1,krt.,Netto,https://static.tilbudsugen.dk/1st-retail/2026/29/65822/Netto292026-1_9_3195x2061_4903x4887_zoom.jpg,2026-07-11,2026-07-17,https://res.cloudinary.com/dfqzmnlga/image/upload/v1783744174/2026-07-11/11208590.jpg,Cold bowl Thick milk & Strawberry,Cool bowl of cold milk with strawberries – perfect for a refreshing afternoon snack 🍓✨
11208494,19.0,Actimel,Mellemmåltider,Drikkeyoghurt Jordbær & Banan,1,0,pk.,Netto,https://static.tilbudsugen.dk/1st-retail/2026/29/65822/Netto292026-1_2_2393x2297_4888x4721_zoom.jpg,2026-07-11,2026-07-17,https://res.cloudinary.com/dfqzmnlga/image/upload/v1783744175/2026-07-11/11208494.jpg,Drinking yogurt Strawberry & Banana,"Sip on flavor, taste the joy of strawberries and bananas—yogurt is the star of the show! 🍓🍌"
11208493,19.0,Actimel,Mellemmåltider,Drikkeyoghurt Jordbær,1,0,pk.,Netto,https://static.tilbudsugen.dk/1st-retail/2026/29/65822/Netto292026-1_2_2393x2297_4888x4721_zoom.jpg,2026-07-11,2026-07-17,https://res.cloudinary.com/dfqzmnlga/image/upload/v1783744176/2026-07-11/11208493.jpg,Drinking yoghurt Strawberry,"Sip, swirl, and smile—strawberry yogurt is the ultimate refresh. 🍓✨"
11208495,19.0,Actimel,Mellemmåltider,Drikkeyoghurt Skovbær,1,0,pk.,Netto,https://static.tilbudsugen.dk/1st-retail/2026/29/65822/Netto292026-1_2_2393x2297_4888x4721_zoom.jpg,2026-07-11,2026-07-17,https://res.cloudinary.com/dfqzmnlga/image/upload/v1783744176/2026-07-11/11208495.jpg,Drinking yoghurt Forestberries,"Sip, snack, and savour the sweet chaos of life—because every bite is a flavor adventure. 🍯✨"
11208563,24.0,Cheasy,Syrnet morgenmad,Vanilje Skyr ,1,1,bg.,Netto,https://static.tilbudsugen.dk/1st-retail/2026/29/65822/Netto292026-1_9_16x730_1653x2840_zoom.jpg,2026-07-11,2026-07-17,https://res.cloudinary.com/dfqzmnlga/image/upload/v1783744177/2026-07-11/11208563.jpg,Vanilla Skyr,"Sour cream with a twist, but not the sour one—just vanilla and sky. 🌌✨"
11208559,24.0,Cheasy,Syrnet morgenmad,Skovbær Skyr ,1,1,bg.,Netto,https://static.tilbudsugen.dk/1st-retail/2026/29/65822/Netto292026-1_9_16x730_1653x2840_zoom.jpg,2026-07-11,2026-07-17,https://res.cloudinary.com/dfqzmnlga/image/upload/v1783744177/2026-07-11/11208559.jpg,Blackberries Clover,"Blackberry-lover with a clover twist, ready to burst into summer vibes 🍓🌿"
11208564,24.0,Cheasy,Syrnet morgenmad,Mango & Lime Skyr ,1,1,bg.,Netto,https://static.tilbudsugen.dk/1st-retail/2026/29/65822/Netto292026-1_9_16x730_1653x2840_zoom.jpg,2026-07-11,2026-07-17,https://res.cloudinary.com/dfqzmnlga/image/upload/v1783744178/2026-07-11/11208564.jpg,Mango & Lime Skyr,"A tangy, creamy paradise that melts in your mouth—perfect for any occasion, anytime. 🍌🍋"
11208615,10.0,Naturli',Mellemmåltider,High Protein Cocoa,1,0,stk.,Netto,https://static.tilbudsugen.dk/1st-retail/2026/29/65822/Netto292026-1_9_47x2887_1716x4824_zoom.jpg,2026-07-01,2026-07-31,https://res.cloudinary.com/dfqzmnlga/image/upload/v1783744178/2026-07-11/11208615.jpg,High Protein Cocoa,✨ High-Protein Powerhouse | Your Body's Perfect Match! ✨
11209150,9.0,Murph,Mellemmåltider,Protein Shake Vanilla,1,0,fl.,Netto,https://static.tilbudsugen.dk/1st-retail/2026/29/65822/Netto292026-1_17_2474x4658_4998x6775_zoom.jpg,2026-07-11,2026-07-17,https://res.cloudinary.com/dfqzmnlga/image/upload/v1783744179/2026-07-11/11209150.jpg,Protein Shake Vanilla,Satisfy your cravings with a boost of protein and vanilla—perfect for any day! 🌟
11209149,9.0,Murph,Mellemmåltider,Protein Shake Cocoa,1,0,fl.,Netto,https://static.tilbudsugen.dk/1st-retail/2026/29/65822/Netto292026-1_17_2474x4658_4998x6775_zoom.jpg,2026-07-11,2026-07-17,https://res.cloudinary.com/dfqzmnlga/image/upload/v1783744179/2026-07-11/11209149.jpg,Protein Shake Cocoa,✨ Boost your energy with a scoop of protein and a sprinkle of cocoa—perfect for any adventure!
11209148,9.0,Murph,Mellemmåltider,Protein Shake Strawberry,1,0,fl.,Netto,https://static.tilbudsugen.dk/1st-retail/2026/29/65822/Netto292026-1_17_2474x4658_4998x6775_zoom.jpg,2026-07-11,2026-07-17,https://res.cloudinary.com/dfqzmnlga/image/upload/v1783744180/2026-07-11/11209148.jpg,Protein Shake Strawberry,"Sip on protein, flavor, and sunshine with every bite—because life's too short for boring shakes! 🍓💪"
11208592,12.0,Buko Smelte,Specialost,Smøreost Champignonost,1,0,bg.,Netto,https://static.tilbudsugen.dk/1st-retail/2026/29/65822/Netto292026-1_9_3274x4855_4903x6855_zoom.jpg,2026-07-11,2026-07-17,https://res.cloudinary.com/dfqzmnlga/image/upload/v1783744180/2026-07-11/11208592.jpg,Butter cheese Champignon cheese,"A creamy, cheesy delight that's both bold and buttery, perfect for any snack or snack bar. 🧀"
11208593,12.0,Buko Smelte,Specialost,Smøreost Skinkeost,1,0,bg.,Netto,https://static.tilbudsugen.dk/1st-retail/2026/29/65822/Netto292026-1_9_3274x4855_4903x6855_zoom.jpg,2026-07-11,2026-07-17,https://res.cloudinary.com/dfqzmnlga/image/upload/v1783744181/2026-07-11/11208593.jpg,Butter cheese Skin cheese,"Soft, creamy, and slightly cheesy—perfect for a rainy day with a cup of tea. 🧀"
11208591,12.0,Buko Smelte,Specialost,Smøreost Rejeost,1,0,bg.,Netto,https://static.tilbudsugen.dk/1st-retail/2026/29/65822/Netto292026-1_9_3274x4855_4903x6855_zoom.jpg,2026-07-11,2026-07-17,https://res.cloudinary.com/dfqzmnlga/image/upload/v1783744181/2026-07-11/11208591.jpg,Butter cheese Shrimp cheese,"Salty, creamy, and slightly confused—perfect for a snack or a snack bar. 🧀✨"
11208594,12.0,Buko Smelte,Specialost,Smøreost Krydderost,1,0,bg.,Netto,https://static.tilbudsugen.dk/1st-retail/2026/29/65822/Netto292026-1_9_3274x4855_4903x6855_zoom.jpg,2026-07-11,2026-07-17,https://res.cloudinary.com/dfqzmnlga/image/upload/v1783744181/2026-07-11/11208594.jpg,Butter cheese Cloth cheese,"Soft, silky, and slightly tangy — perfect for a cozy moment with a cup of tea. 🥛"
11208492,10.0,Den Leende Ko,Specialost,Ostesnacks,1,0,bg.,Netto,https://static.tilbudsugen.dk/1st-retail/2026/29/65822/Netto292026-1_2_2259x234_4856x2281_zoom.jpg,2026-07-11,2026-07-17,https://res.cloudinary.com/dfqzmnlga/image/upload/v1783744182/2026-07-11/11208492.jpg,Cheese snacks,"Savor the cheesy thrill of life, 🍔✨"
11208565,69.0,Klovborg,Skæreost,Skæreost Danbo Mellemlagret,1,0,stk.,Netto,https://static.tilbudsugen.dk/1st-retail/2026/29/65822/Netto292026-1_9_1668x746_3274x2793_zoom.jpg,2026-07-11,2026-07-17,https://res.cloudinary.com/dfqzmnlga/image/upload/v1783744182/2026-07-11/11208565.jpg,Cutting cheese Danbo Intermediate stock,Cheese lover with a knack for cutting through the middle — and the mood. 🧀✨
11208600,20.0,Castello,Specialost,Grilling Cheese,1,0,pk.,Netto,https://static.tilbudsugen.dk/1st-retail/2026/29/65822/Netto292026-1_9_1684x4690_3211x6855_zoom.jpg,2026-07-11,2026-07-17,https://res.cloudinary.com/dfqzmnlga/image/upload/v1783744183/2026-07-11/11208600.jpg,Grilling Cheese,"🔥 Sizzling with flavor, ready to melt your taste buds! 🍕"
11208599,20.0,Creamy White,Specialost,Skimmelost,1,0,pk.,Netto,https://static.tilbudsugen.dk/1st-retail/2026/29/65822/Netto292026-1_9_1684x4690_3211x6855_zoom.jpg,2026-07-11,2026-07-17,https://res.cloudinary.com/dfqzmnlga/image/upload/v1783744183/2026-07-11/11208599.jpg,Skimming Lost,"Skimming Lost — catching what others miss, one shimmering moment at a time. 🌟"
11208602,20.0,Saga,Specialost,Skimmelost,1,0,stk.,Netto,https://static.tilbudsugen.dk/1st-retail/2026/29/65822/Netto292026-1_9_1684x4690_3211x6855_zoom.jpg,2026-07-11,2026-07-17,https://res.cloudinary.com/dfqzmnlga/image/upload/v1783744183/2026-07-11/11208602.jpg,Skimming Lost,"Skimming Lost — catching what others miss, one swipe at a time 🌟"
11208508,16.0,Mammen,Madlavningsost,Salatost,1,0,bg.,Netto,https://static.tilbudsugen.dk/1st-retail/2026/29/65822/Netto292026-1_3_2440x3344_3754x4997_zoom.jpg,2026-07-11,2026-07-17,https://res.cloudinary.com/dfqzmnlga/image/upload/v1783744184/2026-07-11/11208508.jpg,Salad cheese,"Crunchy, creamy, and perfectly balanced — my flavor is always in season. 🍅"
11208595,20.0,Creamy Blue,Specialost,Skimmelost,1,0,pk.,Netto,https://static.tilbudsugen.dk/1st-retail/2026/29/65822/Netto292026-1_9_1684x4690_3211x6855_zoom.jpg,2026-07-11,2026-07-17,https://res.cloudinary.com/dfqzmnlga/image/upload/v1783744184/2026-07-11/11208595.jpg,Skimming Lost,"Skimming Lost — catching what others miss, one shimmering moment at a time. 🌟"
11208598,20.0,Organic Blue,Specialost,Skimmelost,1,0,pk.,Netto,https://static.tilbudsugen.dk/1st-retail/2026/29/65822/Netto292026-1_9_1684x4690_3211x6855_zoom.jpg,2026-07-11,2026-07-17,https://res.cloudinary.com/dfqzmnlga/image/upload/v1783744185/2026-07-11/11208598.jpg,Skimming Lost,"Skimming Lost — catching what others miss, one shimmering moment at a time. 🌟"
11208597,20.0,Intense Blue,Specialost,Skimmelost,1,0,pk.,Netto,https://static.tilbudsugen.dk/1st-retail/2026/29/65822/Netto292026-1_9_1684x4690_3211x6855_zoom.jpg,2026-07-11,2026-07-17,https://res.cloudinary.com/dfqzmnlga/image/upload/v1783744185/2026-07-11/11208597.jpg,Skimming Lost,"I'm here to skim the lost, and I'm always just one step away from the next adventure. 🌟"
11208601,20.0,Marquis,Specialost,Skimmelost,1,0,pk.,Netto,https://static.tilbudsugen.dk/1st-retail/2026/29/65822/Netto292026-1_9_1684x4690_3211x6855_zoom.jpg,2026-07-11,2026-07-17,https://res.cloudinary.com/dfqzmnlga/image/upload/v1783744185/2026-07-11/11208601.jpg,Skimming Lost,"Skimming Lost — catching the last bite of forgotten dreams, one emoji at a time. 🍽️"
11208610,30.0,,Specialost,Grana Padano,1,0,pk.,Netto,https://static.tilbudsugen.dk/1st-retail/2026/29/65822/Netto292026-1_9_94x4824_1668x6839_zoom.jpg,2026-07-11,2026-07-17,https://res.cloudinary.com/dfqzmnlga/image/upload/v1783744186/2026-07-11/11208610.jpg,Grana Padano,"A creamy, aged Parmigiano-Reggiano with a story of mountains and milk, 🌄"
11208603,30.0,Premieur,Specialost,Specialost,1,0,stk.,Netto,https://static.tilbudsugen.dk/1st-retail/2026/29/65822/Netto292026-1_9_94x4824_1668x6839_zoom.jpg,2026-07-11,2026-07-17,https://res.cloudinary.com/dfqzmnlga/image/upload/v1783744186/2026-07-11/11208603.jpg,Special cheese,"✨ Curious cheese with a twist – creamy, bold, and always ready to melt your day! ✨"
11208548,30.0,ØGO,Skalæg,Økologiske æg M/L,1,10,bk.,Netto,https://static.tilbudsugen.dk/1st-retail/2026/29/65822/Netto292026-1_7_86x4540_2534x6272_zoom.jpg,2026-07-11,2026-07-17,https://res.cloudinary.com/dfqzmnlga/image/upload/v1783744187/2026-07-11/11208548.jpg,Organic eggs M/L,"✨ Eco-friendly omelet hero, ready to hatch any meal! 🥚"
11208505,15.0,DAVA Foods,Produktæg,Pasteuriserede æggeblommer,1,0,fl.,Netto,https://static.tilbudsugen.dk/1st-retail/2026/29/65822/Netto292026-1_3_2487x1376_3699x3013_zoom.jpg,2026-07-11,2026-07-17,https://res.cloudinary.com/dfqzmnlga/image/upload/v1783744187/2026-07-11/11208505.jpg,Pasteurized egg yolks,"✨ Yolk of the day, fresh and vibrant, ready to spark a delicious conversation. ✨"
11209101,15.0,Coca Cola,Sodavand,Cola,1,1,fl.,Netto,https://static.tilbudsugen.dk/1st-retail/2026/29/65822/Netto292026-1_15_0x684_1653x2852_zoom.jpg,2026-07-11,2026-07-17,https://res.cloudinary.com/dfqzmnlga/image/upload/v1783744188/2026-07-11/11209101.jpg,Cola,"Fizzing fun, never boring — I'm the refreshment that keeps things lively. 🐾"
11209102,15.0,Coca Cola Zero,Sodavand,Cola,1,1,fl.,Netto,https://static.tilbudsugen.dk/1st-retail/2026/29/65822/Netto292026-1_15_0x684_1653x2852_zoom.jpg,2026-07-11,2026-07-17,https://res.cloudinary.com/dfqzmnlga/image/upload/v1783744188/2026-07-11/11209102.jpg,Cola,"Sip, savor, and never let the taste fade—because cola is always fresh! 🍹"
11208486,69.0,Zero,Sodavand,Sportssodavand 24 pk.,24,0,ds.,Netto,https://static.tilbudsugen.dk/1st-retail/2026/29/65822/Netto292026-1_1_2408x3407_4911x6445_zoom.jpg,2026-07-11,2026-07-17,https://res.cloudinary.com/dfqzmnlga/image/upload/v1783744188/2026-07-11/11208486.jpg,Sports soda 24 pk.,"Sip, shout, and never forget: Sports soda 24 pk. 🥤"
11208488,69.0,Coca Cola Zero,Sodavand,Cola 24 pk.,24,0,ds.,Netto,https://static.tilbudsugen.dk/1st-retail/2026/29/65822/Netto292026-1_1_2408x3407_4911x6445_zoom.jpg,2026-07-11,2026-07-17,https://res.cloudinary.com/dfqzmnlga/image/upload/v1783744189/2026-07-11/11208488.jpg,Cola 24 pk.,"Sip, savor, and never forget—Cola 24 pk. 🍹"
11208485,69.0,Orange,Sodavand,Appelsinsodavand 24 pk.,24,0,ds.,Netto,https://static.tilbudsugen.dk/1st-retail/2026/29/65822/Netto292026-1_1_2408x3407_4911x6445_zoom.jpg,2026-07-11,2026-07-17,https://res.cloudinary.com/dfqzmnlga/image/upload/v1783744189/2026-07-11/11208485.jpg,Orange soda 24 pk.,"Sip, savor, and smile—orange soda is the perfect refreshment! 🍊"
11208487,69.0,Coca Cola,Sodavand,Cola 24 pk.,24,0,ds.,Netto,https://static.tilbudsugen.dk/1st-retail/2026/29/65822/Netto292026-1_1_2408x3407_4911x6445_zoom.jpg,2026-07-11,2026-07-17,https://res.cloudinary.com/dfqzmnlga/image/upload/v1783744190/2026-07-11/11208487.jpg,Cola 24 pk.,"Sip, savor, and never forget—Cola 24 pk. 🍹"
11208489,69.0,Squash,Sodavand,Appelsinsodavand 24 pk.,24,0,ds.,Netto,https://static.tilbudsugen.dk/1st-retail/2026/29/65822/Netto292026-1_1_2408x3407_4911x6445_zoom.jpg,2026-07-11,2026-07-17,https://res.cloudinary.com/dfqzmnlga/image/upload/v1783744190/2026-07-11/11208489.jpg,Orange soda 24 pk.,"Sour and sweet, perfect for a midnight snack — or a mood. 🍹"
11208581,10.0,Naturli',Iste & Iskaffe,Iskaffe,1,1,stk.,Netto,https://static.tilbudsugen.dk/1st-retail/2026/29/65822/Netto292026-1_9_47x2887_1716x4824_zoom.jpg,2026-07-01,2026-07-31,https://res.cloudinary.com/dfqzmnlga/image/upload/v1783744190/2026-07-11/11208581.jpg,Ice coffee,"Cold brew with a twist—ice, coffee, and a dash of surprise. 🍵"
11198829,65.0,Coca Cola,Sodavand,Cola 18 pk.,18,0,ds.,Netto,https://static.tilbudsugen.dk/1st-retail/2026/28/65760/Netto272026-1_15_84x2843_1666x4787_zoom.jpg,2026-07-01,2026-07-31,https://res.cloudinary.com/dfqzmnlga/image/upload/v1783744191/2026-07-11/11198829.jpg,Cola 18 pk.,"Sip, savor, and never forget—Cola 18 pk. 🍹"
11199495,65.0,Coca Cola Zero,Sodavand,Cola 18 pk.,18,0,ds.,Netto,https://static.tilbudsugen.dk/1st-retail/2026/28/65760/Netto272026-1_15_84x2843_1666x4787_zoom.jpg,2026-07-01,2026-07-31,https://res.cloudinary.com/dfqzmnlga/image/upload/v1783744191/2026-07-11/11199495.jpg,Cola 18 pk.,Fizzing fun with a twist—always ready to spark a conversation! 🎉
11209071,42.0,Extra Specialristet,Kaffe,Kaffe Formalet,1,0,ps.,Netto,https://static.tilbudsugen.dk/1st-retail/2026/29/65822/Netto292026-1_14_1687x4816_3255x6888_zoom.jpg,2026-07-11,2026-07-17,https://res.cloudinary.com/dfqzmnlga/image/upload/v1783744192/2026-07-11/11209071.jpg,Coffee Painted,"☕️ Painted with coffee, I’m the ultimate mood booster—perfect for any chaotic day. 🌟"
11209072,42.0,Guld,Kaffe,Kaffe Formalet,1,0,ps.,Netto,https://static.tilbudsugen.dk/1st-retail/2026/29/65822/Netto292026-1_14_1687x4816_3255x6888_zoom.jpg,2026-07-11,2026-07-17,https://res.cloudinary.com/dfqzmnlga/image/upload/v1783744192/2026-07-11/11209072.jpg,Coffee Painted,"☕️ Painted with coffee, I’m the ultimate mood booster—perfect for any chaotic day."
11209096,79.0,Original,Instant Kaffe,Instant Kaffe,1,0,pk.,Netto,https://static.tilbudsugen.dk/1st-retail/2026/29/65822/Netto292026-1_14_3266x4805_4941x6843_zoom.jpg,2026-07-11,2026-07-17,https://res.cloudinary.com/dfqzmnlga/image/upload/v1783744193/2026-07-11/11209096.jpg,Instant Coffee,"☕ Brew the moment, sip the magic."
11209095,79.0,Gold koffeinfri,Instant Kaffe,Instant Kaffe,1,0,gl.,Netto,https://static.tilbudsugen.dk/1st-retail/2026/29/65822/Netto292026-1_14_3266x4805_4941x6843_zoom.jpg,2026-07-11,2026-07-17,https://res.cloudinary.com/dfqzmnlga/image/upload/v1783744193/2026-07-11/11209095.jpg,Instant Coffee," ☕ Brewed anytime, anywhere — life's too short for bad coffee."
11209093,79.0,Gold,Instant Kaffe,Instant Kaffe,1,0,gl.,Netto,https://static.tilbudsugen.dk/1st-retail/2026/29/65822/Netto292026-1_14_3266x4805_4941x6843_zoom.jpg,2026-07-11,2026-07-17,https://res.cloudinary.com/dfqzmnlga/image/upload/v1783744194/2026-07-11/11209093.jpg,Instant Coffee,"☕️ Brew your own bliss with every sip—instant, ready, and always perfect."
11209094,79.0,Gold Crema,Instant Kaffe,Instant Kaffe,1,0,gl.,Netto,https://static.tilbudsugen.dk/1st-retail/2026/29/65822/Netto292026-1_14_3266x4805_4941x6843_zoom.jpg,2026-07-11,2026-07-17,https://res.cloudinary.com/dfqzmnlga/image/upload/v1783744194/2026-07-11/11209094.jpg,Instant Coffee," ☕ Brewed anytime, anywhere — life's too short for bad coffee."
11208553,19.97,Valsølille,Juice,Appelsinjuice,1,0,fl.,Netto,https://static.tilbudsugen.dk/1st-retail/2026/29/65822/Netto292026-1_8_47x3596_2377x6799_zoom.jpg,2026-07-11,2026-07-17,https://res.cloudinary.com/dfqzmnlga/image/upload/v1783744195/2026-07-11/11208553.jpg,Orange juice,"✨ Sip on the sunshine, one glass at a time. ✨"
11208555,19.97,Valsølille,Juice,Æblemost med Hindbær,1,0,fl.,Netto,https://static.tilbudsugen.dk/1st-retail/2026/29/65822/Netto292026-1_8_47x3596_2377x6799_zoom.jpg,2026-07-11,2026-07-17,https://res.cloudinary.com/dfqzmnlga/image/upload/v1783744195/2026-07-11/11208555.jpg,Apple cheese with Raspberry,"A tangy, sweet burst of flavor that's as refreshing as a summer breeze—apple cheese with raspberry, and a little bit of mischief. 🍎raspberry"
11208607,15.0,innocent,Juice,"Kirsebær, Æble, Rødbede & Spinat Smoothie",1,0,fl.,Netto,https://static.tilbudsugen.dk/1st-retail/2026/29/65822/Netto292026-1_9_1613x2879_3195x4839_zoom.jpg,2026-07-11,2026-07-17,https://res.cloudinary.com/dfqzmnlga/image/upload/v1783744196/2026-07-11/11208607.jpg,"Cherries, Apple, Beetroot & Spinach Smoothie","Cherries, apple, beetroot, and spinach — nature's sweet, vibrant boost! 🍓💚"
11208588,15.0,innocent,Juice,Kokosvand,1,0,krt.,Netto,https://static.tilbudsugen.dk/1st-retail/2026/29/65822/Netto292026-1_9_1613x2879_3195x4839_zoom.jpg,2026-07-11,2026-07-17,https://res.cloudinary.com/dfqzmnlga/image/upload/v1783744196/2026-07-11/11208588.jpg,Coconut water,"Sip on nature's refreshment, ready to burst with flavor! 🍃"
11208608,15.0,innocent,Juice,"Agurk, Citron, Æble & Spinat Smoothie",1,0,fl.,Netto,https://static.tilbudsugen.dk/1st-retail/2026/29/65822/Netto292026-1_9_1613x2879_3195x4839_zoom.jpg,2026-07-11,2026-07-17,https://res.cloudinary.com/dfqzmnlga/image/upload/v1783744196/2026-07-11/11208608.jpg,"Agurk, Lemon, Apple & Spinach Smoothie","Sip on flavor, fresh and vibrant—Agurk, Lemon, Apple & Spinach Smoothie! 🍋✨"
11208582,15.0,Antioxidant,Juice,Smoothie,1,0,fl.,Netto,https://static.tilbudsugen.dk/1st-retail/2026/29/65822/Netto292026-1_9_1613x2879_3195x4839_zoom.jpg,2026-07-11,2026-07-17,https://res.cloudinary.com/dfqzmnlga/image/upload/v1783744197/2026-07-11/11208582.jpg,Smoothie,"Sip, swirl, and sprinkle – my smoothie is the ultimate flavor explosion! 🍓✨"
11208587,15.0,Energise,Juice,Smoothie,1,0,fl.,Netto,https://static.tilbudsugen.dk/1st-retail/2026/29/65822/Netto292026-1_9_1613x2879_3195x4839_zoom.jpg,2026-07-11,2026-07-17,https://res.cloudinary.com/dfqzmnlga/image/upload/v1783744197/2026-07-11/11208587.jpg,Smoothie,✨ Smoothie that fuels your day with flavor and energy! 🌟
11208605,15.0,Citrus Defence,Juice,Smoothie,1,0,fl.,Netto,https://static.tilbudsugen.dk/1st-retail/2026/29/65822/Netto292026-1_9_1613x2879_3195x4839_zoom.jpg,2026-07-11,2026-07-17,https://res.cloudinary.com/dfqzmnlga/image/upload/v1783744197/2026-07-11/11208605.jpg,Smoothie,"✨ Smoothie that fuels your day, one delicious sip at a time! 🌟"
11209117,129.0,Original,Likør,Likør,1,1,fl.,Netto,https://static.tilbudsugen.dk/1st-retail/2026/29/65822/Netto292026-1_15_3317x2812_4987x4737_zoom.jpg,2026-07-11,2026-07-17,https://res.cloudinary.com/dfqzmnlga/image/upload/v1783744198/2026-07-11/11209117.jpg,Liqueurs and cordials,"Sip, savor, and savor more—because life's too short for boring drinks. 🍸"
11209119,129.0,Jägermeister,Bitter,Bitter,1,0,fl.,Netto,https://static.tilbudsugen.dk/1st-retail/2026/29/65822/Netto292026-1_15_3317x2812_4987x4737_zoom.jpg,2026-07-11,2026-07-17,https://res.cloudinary.com/dfqzmnlga/image/upload/v1783744198/2026-07-11/11209119.jpg,Bitter,"Bitter, but beautiful—sometimes the best flavors come from the unexpected. 🍃"
11209118,129.0,Orange,Bitter,Bitter,1,0,fl.,Netto,https://static.tilbudsugen.dk/1st-retail/2026/29/65822/Netto292026-1_15_3317x2812_4987x4737_zoom.jpg,2026-07-11,2026-07-17,https://res.cloudinary.com/dfqzmnlga/image/upload/v1783744200/2026-07-11/11209118.jpg,Bitter,Bitter. I taste the truth in every bite. 🍅
11209120,129.0,Tullamore Dew,Whisky,Whisky,1,0,fl.,Netto,https://static.tilbudsugen.dk/1st-retail/2026/29/65822/Netto292026-1_15_3317x2812_4987x4737_zoom.jpg,2026-07-11,2026-07-17,https://res.cloudinary.com/dfqzmnlga/image/upload/v1783744200/2026-07-11/11209120.jpg,Whiskey,"Whiskey: ""Drunk on dreams, never a dry spell."" 🍸"
11209122,129.0,Old No. 7,Whisky,Whisky,1,0,fl.,Netto,https://static.tilbudsugen.dk/1st-retail/2026/29/65822/Netto292026-1_15_3317x2812_4987x4737_zoom.jpg,2026-07-11,2026-07-17,https://res.cloudinary.com/dfqzmnlga/image/upload/v1783744201/2026-07-11/11209122.jpg,Whiskey,"Whiskey: ""Sip, savor, and let the flavors speak — life's too short for bad taste."" 🍸"
11209123,129.0,Linie Aquavit,Snaps,Akvavit,1,0,fl.,Netto,https://static.tilbudsugen.dk/1st-retail/2026/29/65822/Netto292026-1_15_3317x2812_4987x4737_zoom.jpg,2026-07-11,2026-07-17,https://res.cloudinary.com/dfqzmnlga/image/upload/v1783744201/2026-07-11/11209123.jpg,Aquavit,"A smoky, tangy spirit that dances on the edge of flavor, 🍸"
11209121,129.0,Fernet Branca,Bitter,Bitter,1,0,fl.,Netto,https://static.tilbudsugen.dk/1st-retail/2026/29/65822/Netto292026-1_15_3317x2812_4987x4737_zoom.jpg,2026-07-11,2026-07-17,https://res.cloudinary.com/dfqzmnlga/image/upload/v1783744202/2026-07-11/11209121.jpg,Bitter,Bitter. I taste the truth in every bite. 🍽️
11209124,99.0,,Italienske vine,Italiensk Rødvin,1,3,krt.,Netto,https://static.tilbudsugen.dk/1st-retail/2026/29/65822/Netto292026-1_15_1658x2862_3292x4801_zoom.jpg,2026-07-11,2026-07-17,https://res.cloudinary.com/dfqzmnlga/image/upload/v1783744204/2026-07-11/11209124.jpg,Italian Red Wine,"Sip, savor, and let the taste tell your story — 🍷"
11209125,99.0,,Italienske vine,Italiensk Rosévin,1,3,krt.,Netto,https://static.tilbudsugen.dk/1st-retail/2026/29/65822/Netto292026-1_15_1658x2862_3292x4801_zoom.jpg,2026-07-11,2026-07-17,https://res.cloudinary.com/dfqzmnlga/image/upload/v1783744205/2026-07-11/11209125.jpg,Italian Rosé wine,"Sip, savor, and let the flavors speak — Italian Rosé wine, ready to elevate any moment. 🍷"
11209127,99.0,,Franske vine,Fransk Rødvin,1,3,krt.,Netto,https://static.tilbudsugen.dk/1st-retail/2026/29/65822/Netto292026-1_15_1658x2862_3292x4801_zoom.jpg,2026-07-11,2026-07-17,https://res.cloudinary.com/dfqzmnlga/image/upload/v1783744205/2026-07-11/11209127.jpg,French Red Wine,"A sip of elegance, a toast to flavor—🍷✨"
11209128,99.0,,Franske vine,Fransk Hvidvin,1,3,krt.,Netto,https://static.tilbudsugen.dk/1st-retail/2026/29/65822/Netto292026-1_15_1658x2862_3292x4801_zoom.jpg,2026-07-11,2026-07-17,https://res.cloudinary.com/dfqzmnlga/image/upload/v1783744206/2026-07-11/11209128.jpg,French White wine,"A sip of elegance, a toast to good company—French white wine, always in vino. 🍷"
11209126,99.0,,Italienske vine,Italiensk Hvidvin,1,3,krt.,Netto,https://static.tilbudsugen.dk/1st-retail/2026/29/65822/Netto292026-1_15_1658x2862_3292x4801_zoom.jpg,2026-07-11,2026-07-17,https://res.cloudinary.com/dfqzmnlga/image/upload/v1783744206/2026-07-11/11209126.jpg,Italian White wine,"A sip of elegance, a toast to flavor—Italian white wine, perfect for any occasion. 🍷"
11209132,42.0,,Californiske vine,Californisk Hvidvin,1,0,fl.,Netto,https://static.tilbudsugen.dk/1st-retail/2026/29/65822/Netto292026-1_15_3286x649_4962x2856_zoom.jpg,2026-07-11,2026-07-17,https://res.cloudinary.com/dfqzmnlga/image/upload/v1783744207/2026-07-11/11209132.jpg,California White wine,"Sip on the perfect blend of flavor, 🍷"
11209133,42.0,,Portugisiske vine,Portugisisk Rosévin,1,0,fl.,Netto,https://static.tilbudsugen.dk/1st-retail/2026/29/65822/Netto292026-1_15_3286x649_4962x2856_zoom.jpg,2026-07-11,2026-07-17,https://res.cloudinary.com/dfqzmnlga/image/upload/v1783744207/2026-07-11/11209133.jpg,Portuguese Rosévin,"A sassy, sweet sip of Portuguese Rosévin that makes every date worth the wait 🍷"
11209129,42.0,,Tyske vine,Tysk Hvidvin,1,0,fl.,Netto,https://static.tilbudsugen.dk/1st-retail/2026/29/65822/Netto292026-1_15_3286x649_4962x2856_zoom.jpg,2026-07-11,2026-07-17,https://res.cloudinary.com/dfqzmnlga/image/upload/v1783744208/2026-07-11/11209129.jpg,German White wine,"Sip the perfect sip, pour the perfect pour — a glass of German White wine, always. 🍷"
11209130,42.0,,Californiske vine,Californisk Rødvin,1,0,fl.,Netto,https://static.tilbudsugen.dk/1st-retail/2026/29/65822/Netto292026-1_15_3286x649_4962x2856_zoom.jpg,2026-07-11,2026-07-17,https://res.cloudinary.com/dfqzmnlga/image/upload/v1783744208/2026-07-11/11209130.jpg,California Red Wine,"Sip, savor, and let the red wine do the talking—because life's too short for bad wine. 🍷"
11209131,42.0,,Italienske vine,Italiensk Rødvin,1,0,fl.,Netto,https://static.tilbudsugen.dk/1st-retail/2026/29/65822/Netto292026-1_15_3286x649_4962x2856_zoom.jpg,2026-07-11,2026-07-17,https://res.cloudinary.com/dfqzmnlga/image/upload/v1783744209/2026-07-11/11209131.jpg,Italian Red Wine,"Sip, savor, and let the flavors tell your story—🍷✨"
11209109,55.0,Løgismose,Øvrige vinlande,Rosevin,1,0,fl.,Netto,https://static.tilbudsugen.dk/1st-retail/2026/29/65822/Netto292026-1_15_1613x4782_3249x6820_zoom.jpg,2026-07-11,2026-07-17,https://res.cloudinary.com/dfqzmnlga/image/upload/v1783744209/2026-07-11/11209109.jpg,Rose wine,"Sip, savor, and let the wine do the talking — 🍷"
11209136,55.0,,Italienske vine,Italiensk Mousserende Vin,1,0,fl.,Netto,https://static.tilbudsugen.dk/1st-retail/2026/29/65822/Netto292026-1_15_3215x4748_4913x6866_zoom.jpg,2026-07-11,2026-07-17,https://res.cloudinary.com/dfqzmnlga/image/upload/v1783744210/2026-07-11/11209136.jpg,Italian Sparkling Wine,"Sip, savor, and let the flavors dance—perfect for a night of celebration 🍷✨"
11209134,55.0,,Italienske vine,Italiensk Rødvin,1,0,fl.,Netto,https://static.tilbudsugen.dk/1st-retail/2026/29/65822/Netto292026-1_15_3215x4748_4913x6866_zoom.jpg,2026-07-11,2026-07-17,https://res.cloudinary.com/dfqzmnlga/image/upload/v1783744210/2026-07-11/11209134.jpg,Italian Red Wine,"Sip, savor, and let the flavors speak — 🍷"
11209107,55.0,Løgismose,Øvrige vinlande,Rødvin,1,0,fl.,Netto,https://static.tilbudsugen.dk/1st-retail/2026/29/65822/Netto292026-1_15_1613x4782_3249x6820_zoom.jpg,2026-07-11,2026-07-17,https://res.cloudinary.com/dfqzmnlga/image/upload/v1783744211/2026-07-11/11209107.jpg,Red wine,"Sip, savor, and let the wine do the talking — 🍷"
11209108,55.0,Løgismose,Øvrige vinlande,Hvidvin,1,0,fl.,Netto,https://static.tilbudsugen.dk/1st-retail/2026/29/65822/Netto292026-1_15_1613x4782_3249x6820_zoom.jpg,2026-07-11,2026-07-17,https://res.cloudinary.com/dfqzmnlga/image/upload/v1783744211/2026-07-11/11209108.jpg,White wine,"Sip, savor, and smile—white wine is the perfect companion to any good time. 🍷"
11209135,55.0,,Chilenske vine,Chilensk Hvidvin,1,0,fl.,Netto,https://static.tilbudsugen.dk/1st-retail/2026/29/65822/Netto292026-1_15_3215x4748_4913x6866_zoom.jpg,2026-07-11,2026-07-17,https://res.cloudinary.com/dfqzmnlga/image/upload/v1783744212/2026-07-11/11209135.jpg,Chilean White wine,"A sip of joy, always. 🍷"
11209105,65.0,Løgismose,Mousserende,Mousserende Vin,1,0,fl.,Netto,https://static.tilbudsugen.dk/1st-retail/2026/29/65822/Netto292026-1_15_57x4839_1641x6758_zoom.jpg,2026-07-11,2026-07-17,https://res.cloudinary.com/dfqzmnlga/image/upload/v1783744212/2026-07-11/11209105.jpg,Sparkling Wine,✨ Sparkling wine that makes every moment sparkle! 🍷
11209106,65.0,Løgismose,Øvrige vinlande,Hvidvin,1,0,fl.,Netto,https://static.tilbudsugen.dk/1st-retail/2026/29/65822/Netto292026-1_15_57x4839_1641x6758_zoom.jpg,2026-07-11,2026-07-17,https://res.cloudinary.com/dfqzmnlga/image/upload/v1783744213/2026-07-11/11209106.jpg,White wine,"Sip, savor, and smile—white wine is the perfect companion to any good time. 🍷"
11209103,89.0,Pilsner,Øl,Øl 24 pk.,24,0,ds.,Netto,https://static.tilbudsugen.dk/1st-retail/2026/29/65822/Netto292026-1_15_0x2852_1675x4816_zoom.jpg,2026-07-11,2026-07-17,https://res.cloudinary.com/dfqzmnlga/image/upload/v1783744213/2026-07-11/11209103.jpg,Beer 24 pc.,"""Crafting memories with every sip—beer, always."" 🍻"
11209104,89.0,Classic,Øl,Øl 24 pk.,24,0,ds.,Netto,https://static.tilbudsugen.dk/1st-retail/2026/29/65822/Netto292026-1_15_0x2852_1675x4816_zoom.jpg,2026-07-11,2026-07-17,https://res.cloudinary.com/dfqzmnlga/image/upload/v1783744214/2026-07-11/11209104.jpg,Beer 24 pc.,"Sip, shout, and share—beer is life. 🍻"
11208640,25.0,Levain,Brød,Brød,1,0,stk.,Netto,https://static.tilbudsugen.dk/1st-retail/2026/29/65822/Netto292026-1_10_3235x2856_4943x4839_zoom.jpg,2026-07-11,2026-07-17,https://res.cloudinary.com/dfqzmnlga/image/upload/v1783744214/2026-07-11/11208640.jpg,Bread,"Bread: The golden heartbeat of breakfast, always rising with the morning. 🍞"
11209019,20.0,Premieur,Fastfoodbrød,Brioche Burgerboller,1,0,pk.,Netto,https://static.tilbudsugen.dk/1st-retail/2026/29/65822/Netto292026-1_12_1628x2808_3406x4860_zoom.jpg,2026-07-11,2026-07-17,https://res.cloudinary.com/dfqzmnlga/image/upload/v1783744215/2026-07-11/11209019.jpg,Brioche Burger Balls,"Brioche Burger Balls: Sweet, juicy, and ready to melt into a masterpiece. 🍞"
11209020,20.0,Premieur,Fastfoodbrød,Burgerboller Brioche Fuldkorn,1,0,pk.,Netto,https://static.tilbudsugen.dk/1st-retail/2026/29/65822/Netto292026-1_12_1628x2808_3406x4860_zoom.jpg,2026-07-11,2026-07-17,https://res.cloudinary.com/dfqzmnlga/image/upload/v1783744215/2026-07-11/11209020.jpg,Burger balls Brioche Whole grain,"Bite-sized bliss with a twist—flaky, buttery, and perfectly round. 🍞"
11208506,20.0,Karen Volf,Kammerjunker,Kammerjunkere De Originale,1,0,ps.,Netto,https://static.tilbudsugen.dk/1st-retail/2026/29/65822/Netto292026-1_3_3699x1147_4911x3013_zoom.jpg,2026-07-11,2026-07-17,https://res.cloudinary.com/dfqzmnlga/image/upload/v1783744216/2026-07-11/11208506.jpg,Chamber junkers Originals,"✨ Unbox the unexpected, every day. 🛒"
11209061,14.0,Oreo,Kiks,Oreo Double Creme Kiks,1,0,pk.,Netto,https://static.tilbudsugen.dk/1st-retail/2026/29/65822/Netto292026-1_14_3227x470_4998x2802_zoom.jpg,2026-07-11,2026-07-17,https://res.cloudinary.com/dfqzmnlga/image/upload/v1783744216/2026-07-11/11209061.jpg,Oreo Double Cream Biscuits,"✨ Crunchy, creamy, and utterly irresistible—Oreos are the perfect snack for any occasion! 🍪"
11209060,14.0,Oreo,Kiks,Oreo Original Kiks,1,0,pk.,Netto,https://static.tilbudsugen.dk/1st-retail/2026/29/65822/Netto292026-1_14_3227x470_4998x2802_zoom.jpg,2026-07-11,2026-07-17,https://res.cloudinary.com/dfqzmnlga/image/upload/v1783744218/2026-07-11/11209060.jpg,Oreo Original Biscuits,"Crunchy, creamy, and ready to conquer any snack challenge — just like you! 🍪"
11209059,14.0,Oreo,Kiks,Oreo Golden Kiks,1,0,pk.,Netto,https://static.tilbudsugen.dk/1st-retail/2026/29/65822/Netto292026-1_14_3227x470_4998x2802_zoom.jpg,2026-07-11,2026-07-17,https://res.cloudinary.com/dfqzmnlga/image/upload/v1783744218/2026-07-11/11209059.jpg,Oreo Golden Biscuits,"Golden Biscuit with a twist, salty and sweet, ready to conquer your taste buds 🍪"
11209058,14.0,Oreo,Kiks,Oreo Chocò Brownie Kiks,1,0,pk.,Netto,https://static.tilbudsugen.dk/1st-retail/2026/29/65822/Netto292026-1_14_3227x470_4998x2802_zoom.jpg,2026-07-11,2026-07-17,https://res.cloudinary.com/dfqzmnlga/image/upload/v1783744218/2026-07-11/11209058.jpg,Oreo Chocò Brownie Kiks,"✨ Chocolate lover with a sweet twist, ready to melt into your heart 🍫"
11208642,65.0,Rose,Færdigretter Frost,Hot Wings,1,2,ps.,Netto,https://static.tilbudsugen.dk/1st-retail/2026/29/65822/Netto292026-1_10_1582x4879_3195x6886_zoom.jpg,2026-07-11,2026-07-17,https://res.cloudinary.com/dfqzmnlga/image/upload/v1783744219/2026-07-11/11208642.jpg,Hot Wings,"🔥 Spicy, juicy, and never boring—hot wings are the ultimate flavor bomb! 🍔"
11208638,12.0,Næmt,Færdigretter Køl,Pandekager,1,0,pk.,Netto,https://static.tilbudsugen.dk/1st-retail/2026/29/65822/Netto292026-1_10_1668x2887_3392x4855_zoom.jpg,2026-07-11,2026-07-17,https://res.cloudinary.com/dfqzmnlga/image/upload/v1783744219/2026-07-11/11208638.jpg,Pancakes,"Fluffy, golden, and full of joy—just the way life should be! 🥞"
11208556,12.47,Bistronne,Færdigretter Frost,Kyllingeburger,1,0,ps.,Netto,https://static.tilbudsugen.dk/1st-retail/2026/29/65822/Netto292026-1_8_2330x683_4919x4336_zoom.jpg,2026-07-11,2026-07-17,https://res.cloudinary.com/dfqzmnlga/image/upload/v1783744220/2026-07-11/11208556.jpg,Chicken burger,🔥 Grilled chicken burger with a side of sass and a sprinkle of fun! 🍔
11208498,20.0,Thai Cube,Færdigretter Frost,Sweet Chili Chicken Teriyaki,1,0,pk.,Netto,https://static.tilbudsugen.dk/1st-retail/2026/29/65822/Netto292026-1_2_55x4776_2393x6799_zoom.jpg,2026-07-11,2026-07-17,https://res.cloudinary.com/dfqzmnlga/image/upload/v1783744220/2026-07-11/11208498.jpg,Sweet Chili Chicken Teriyaki,"Savory, sweet, and spicy — my teriyaki is a flavor explosion! 🍛"
11208499,20.0,Thai Cube,Færdigretter Frost,Red Curry Chicken,1,0,pk.,Netto,https://static.tilbudsugen.dk/1st-retail/2026/29/65822/Netto292026-1_2_55x4776_2393x6799_zoom.jpg,2026-07-11,2026-07-17,https://res.cloudinary.com/dfqzmnlga/image/upload/v1783744220/2026-07-11/11208499.jpg,Red Curry Chicken,"🔥 Flavor-packed, fiery, and full of life—Red Curry Chicken is the spice that turns ordinary meals into unforgettable adventures! 🌟"
11208503,20.0,Thai Cube,Færdigretter Frost,Sweet & Sour Chicken,1,0,pk.,Netto,https://static.tilbudsugen.dk/1st-retail/2026/29/65822/Netto292026-1_2_55x4776_2393x6799_zoom.jpg,2026-07-11,2026-07-17,https://res.cloudinary.com/dfqzmnlga/image/upload/v1783744221/2026-07-11/11208503.jpg,Sweet & Sour Chicken,"Savoring sweet and sour flavors, one bite at a time 🍗"
11208502,20.0,Thai Cube,Færdigretter Frost,Sweet Chili Chicken Teriyaki,1,0,pk.,Netto,https://static.tilbudsugen.dk/1st-retail/2026/29/65822/Netto292026-1_2_55x4776_2393x6799_zoom.jpg,2026-07-11,2026-07-17,https://res.cloudinary.com/dfqzmnlga/image/upload/v1783744221/2026-07-11/11208502.jpg,Sweet Chili Chicken Teriyaki,"Sizzling with flavor, my teriyaki is a spicy, sweet showdown of chicken and chili — perfect for a quick, tasty bite! 🍗🔥"
11208497,20.0,Thai Cube,Færdigretter Frost,Creamy Green Curry Chicken,1,0,pk.,Netto,https://static.tilbudsugen.dk/1st-retail/2026/29/65822/Netto292026-1_2_55x4776_2393x6799_zoom.jpg,2026-07-11,2026-07-17,https://res.cloudinary.com/dfqzmnlga/image/upload/v1783744222/2026-07-11/11208497.jpg,Creamy Green Curry Chicken,"Savoring a taste of curry, bold and creamy, with a twist of green—perfect for any meal. 🌱✨"
11209032,30.0,Næmt,Færdigretter Frost,Döner Kebab,1,0,ps.,Netto,https://static.tilbudsugen.dk/1st-retail/2026/29/65822/Netto292026-1_12_1724x4968_3280x6888_zoom.jpg,2026-07-11,2026-07-17,https://res.cloudinary.com/dfqzmnlga/image/upload/v1783744222/2026-07-11/11209032.jpg,Döner Kebab,"🔥Sizzling with flavor, ready to conquer your taste buds! 🍔"
11209033,39.0,Næmt,Færdigretter Køl,Spareribs,1,0,pk.,Netto,https://static.tilbudsugen.dk/1st-retail/2026/29/65822/Netto292026-1_12_3292x4962_4891x6859_zoom.jpg,2026-07-11,2026-07-17,https://res.cloudinary.com/dfqzmnlga/image/upload/v1783744223/2026-07-11/11209033.jpg,Sparreibs,"✨ Spargel, the veggie wizard who turns bland into bold and boring into brilliant! 🌱"
11209031,32.0,Næmt,Færdigretter Køl,Pulled Pork,1,0,pk.,Netto,https://static.tilbudsugen.dk/1st-retail/2026/29/65822/Netto292026-1_12_3370x2838_4921x4914_zoom.jpg,2026-07-11,2026-07-17,https://res.cloudinary.com/dfqzmnlga/image/upload/v1783744223/2026-07-11/11209031.jpg,Pulled Pork,"Sizzling with smoky flavor, I'm the star of the kitchen—grilled, juicy, and never shy to share my deliciousness! 🍛"
11208501,20.0,Kitchen Joy,Færdigretter Frost,Gyoza med Sesam,1,0,pk.,Netto,https://static.tilbudsugen.dk/1st-retail/2026/29/65822/Netto292026-1_2_55x4776_2393x6799_zoom.jpg,2026-07-11,2026-07-17,https://res.cloudinary.com/dfqzmnlga/image/upload/v1783744224/2026-07-11/11208501.jpg,Gyoza with Sesam,"Sesame-dusted gyoza, crispy and cheesy, brings a little crunch to any meal. 🍞"
11208636,29.0,Skagen Fiskerestaurant,Fisk og skaldyr Køl,Fiskefrikadeller,1,0,pk.,Netto,https://static.tilbudsugen.dk/1st-retail/2026/29/65822/Netto292026-1_10_86x4894_1661x6855_zoom.jpg,2026-07-11,2026-07-17,https://res.cloudinary.com/dfqzmnlga/image/upload/v1783744224/2026-07-11/11208636.jpg,Fish meatballs,"Sizzling with flavor, I'm the perfect partner for a spicy night out! 🍣"
11208566,10.0,Naturli',Vegetabilske drikke,Soyadrik Vanilje,1,1,stk.,Netto,https://static.tilbudsugen.dk/1st-retail/2026/29/65822/Netto292026-1_9_47x2887_1716x4824_zoom.jpg,2026-07-01,2026-07-31,https://res.cloudinary.com/dfqzmnlga/image/upload/v1783744225/2026-07-11/11208566.jpg,Soyadrik Vanilla,"Soyadrik Vanilla: The sweet, creamy flavor that makes every bite a tropical dream 🌴✨"
11208575,10.0,Oat Barista,Vegetabilske drikke,Havredrik,1,1,stk.,Netto,https://static.tilbudsugen.dk/1st-retail/2026/29/65822/Netto292026-1_9_47x2887_1716x4824_zoom.jpg,2026-07-01,2026-07-31,https://res.cloudinary.com/dfqzmnlga/image/upload/v1783744225/2026-07-11/11208575.jpg,Oat drink,"Sip on the perfect blend of oats and joy, ready to fuel your day with a creamy, comforting twist. 🥤"
11208576,10.0,Oat Barista Tasty Wiener,Vegetabilske drikke,Havredrik,1,1,stk.,Netto,https://static.tilbudsugen.dk/1st-retail/2026/29/65822/Netto292026-1_9_47x2887_1716x4824_zoom.jpg,2026-07-01,2026-07-31,https://res.cloudinary.com/dfqzmnlga/image/upload/v1783744226/2026-07-11/11208576.jpg,Oat drink,Sip on the perfect blend of comfort and energy with oat drink 🍽️
11208578,10.0,Naturli',Vegetabilske drikke,Havredrik,1,1,stk.,Netto,https://static.tilbudsugen.dk/1st-retail/2026/29/65822/Netto292026-1_9_47x2887_1716x4824_zoom.jpg,2026-07-01,2026-07-31,https://res.cloudinary.com/dfqzmnlga/image/upload/v1783744226/2026-07-11/11208578.jpg,Oat drink,"✨ Sip on the perfect blend of oats and joy, wherever your day takes you! ✨"
11208580,10.0,Naturli',Vegetabilske drikke,Mandeldrik,1,1,stk.,Netto,https://static.tilbudsugen.dk/1st-retail/2026/29/65822/Netto292026-1_9_47x2887_1716x4824_zoom.jpg,2026-07-01,2026-07-31,https://res.cloudinary.com/dfqzmnlga/image/upload/v1783744226/2026-07-11/11208580.jpg,Almond Drink,"✨ Smooth, creamy, and refreshing – the almond drink that keeps things light and lively! 🌟"
11208613,10.0,Electrolyte Kokosvand,Vegetabilske drikke,Kokosvand,1,1,stk.,Netto,https://static.tilbudsugen.dk/1st-retail/2026/29/65822/Netto292026-1_9_47x2887_1716x4824_zoom.jpg,2026-07-01,2026-07-31,https://res.cloudinary.com/dfqzmnlga/image/upload/v1783744227/2026-07-11/11208613.jpg,Coconut water,"Sip on nature's refreshment, sweet and bold, 🌴"
11208577,10.0,Naturli',Vegetabilske drikke,Mandeldrik,1,1,stk.,Netto,https://static.tilbudsugen.dk/1st-retail/2026/29/65822/Netto292026-1_9_47x2887_1716x4824_zoom.jpg,2026-07-01,2026-07-31,https://res.cloudinary.com/dfqzmnlga/image/upload/v1783744228/2026-07-11/11208577.jpg,Almond Drink,"✨ Smooth, creamy, and refreshing—just like a latte made with almonds!"
11208579,10.0,Havre Barista,Vegetabilske drikke,Havredrik,1,1,stk.,Netto,https://static.tilbudsugen.dk/1st-retail/2026/29/65822/Netto292026-1_9_47x2887_1716x4824_zoom.jpg,2026-07-01,2026-07-31,https://res.cloudinary.com/dfqzmnlga/image/upload/v1783744228/2026-07-11/11208579.jpg,Oat drink,"Sip on the sweet, creamy magic of oat drink, where every sip is a flavor adventure! 🍽️"
11208481,22.0,Heinz,Ketchup,Ketchup,1,1,fl.,Netto,https://static.tilbudsugen.dk/1st-retail/2026/29/65822/Netto292026-1_1_126x1352_2652x3950_zoom.jpg,2026-07-11,2026-07-17,https://res.cloudinary.com/dfqzmnlga/image/upload/v1783744228/2026-07-11/11208481.jpg,Ketchup,"Sour, sweet, and always ready to mingle — 🍐"
11209036,10.0,Mutti,Grønt,Pelati Flåede Tomater,1,0,ds.,Netto,https://static.tilbudsugen.dk/1st-retail/2026/29/65822/Netto292026-1_13_66x2862_2404x4890_zoom.jpg,2026-07-11,2026-07-17,https://res.cloudinary.com/dfqzmnlga/image/upload/v1783744229/2026-07-11/11209036.jpg,Pelati Peeled Tomatoes,Pelati Peeled Tomatoes: The ultimate snack that makes every bite a burst of flavor and laughter. 🍅✨
11209057,10.0,Mutti,Grønt,Hakkede tomater,1,0,ds.,Netto,https://static.tilbudsugen.dk/1st-retail/2026/29/65822/Netto292026-1_13_66x2862_2404x4890_zoom.jpg,2026-07-11,2026-07-17,https://res.cloudinary.com/dfqzmnlga/image/upload/v1783744229/2026-07-11/11209057.jpg,Chicked tomatoes,"Chicked tomatoes: the ultimate flavor explosion, ready to turn any meal into a masterpiece 🍅✨"
11208510,12.0,Chestfords,Dressing,Creme Fraiche Dressing,1,0,stk.,Netto,https://static.tilbudsugen.dk/1st-retail/2026/29/65822/Netto292026-1_3_3668x4989_4935x6823_zoom.jpg,2026-07-11,2026-07-17,https://res.cloudinary.com/dfqzmnlga/image/upload/v1783744229/2026-07-11/11208510.jpg,Cream Fraiche Dressing,"Savory, creamy, and slightly tangy — perfect for a bold salad or a delicious twist on a classic. 🥗✨"
11209053,20.0,Zelected,Grønt-syltet,Agurkesalat,1,0,gl.,Netto,https://static.tilbudsugen.dk/1st-retail/2026/29/65822/Netto292026-1_13_2433x1186_4944x2910_zoom.jpg,2026-07-11,2026-07-17,https://res.cloudinary.com/dfqzmnlga/image/upload/v1783744230/2026-07-11/11209053.jpg,Lamb's lettuces/corn salads,"Savory, crisp, and refreshing — perfect for any salad night! 🍅"
11209047,16.0,Hellmanns,Mayonnaise,Real Mayonnaise,1,0,fl.,Netto,https://static.tilbudsugen.dk/1st-retail/2026/29/65822/Netto292026-1_13_18x1180_2487x2862_zoom.jpg,2026-07-11,2026-07-17,https://res.cloudinary.com/dfqzmnlga/image/upload/v1783744230/2026-07-11/11209047.jpg,Real Mayonnaise,Spread the mayo magic—served with a dash of flair and a sprinkle of adventure. 🍞
11209049,16.0,Hellmanns,Saucer,Creamy Sweet Chili Sauce,1,0,fl.,Netto,https://static.tilbudsugen.dk/1st-retail/2026/29/65822/Netto292026-1_13_18x1180_2487x2862_zoom.jpg,2026-07-11,2026-07-17,https://res.cloudinary.com/dfqzmnlga/image/upload/v1783744231/2026-07-11/11209049.jpg,Creamy Sweet Chili Sauce,"Savor the sweet, spicy thrill of flavor with every bite — 🍳"
11209046,16.0,Hellmanns,Mayonnaise,Roasted Garlic Mayonnaise,1,0,fl.,Netto,https://static.tilbudsugen.dk/1st-retail/2026/29/65822/Netto292026-1_13_18x1180_2487x2862_zoom.jpg,2026-07-11,2026-07-17,https://res.cloudinary.com/dfqzmnlga/image/upload/v1783744231/2026-07-11/11209046.jpg,Roasted Garlic Mayonnaise,"Savor the sweet, smoky bite of garlic in every bite—perfect for a creamy, zesty twist on classic flavors. 🍴"
11209048,16.0,Hellmanns,Mayonnaise,Light Mayonnaise,1,0,stk.,Netto,https://static.tilbudsugen.dk/1st-retail/2026/29/65822/Netto292026-1_13_18x1180_2487x2862_zoom.jpg,2026-07-11,2026-07-17,https://res.cloudinary.com/dfqzmnlga/image/upload/v1783744232/2026-07-11/11209048.jpg,Light Mayonnaise,"✨ Light Mayonnaise: The perfect balance of creamy and crisp, ready to elevate any sandwich or salad. ✨"
11209034,16.0,Hellmanns,Mayonnaise,Chili Mayonnaise,1,0,fl.,Netto,https://static.tilbudsugen.dk/1st-retail/2026/29/65822/Netto292026-1_13_18x1180_2487x2862_zoom.jpg,2026-07-11,2026-07-17,https://res.cloudinary.com/dfqzmnlga/image/upload/v1783744232/2026-07-11/11209034.jpg,Chili Mayonnaise,"🔥 Spicy, sweet, and smoky — the perfect combo for any meal! 🌮"
11209045,16.0,Hellmanns,Dressing,Burgerdressing,1,0,fl.,Netto,https://static.tilbudsugen.dk/1st-retail/2026/29/65822/Netto292026-1_13_18x1180_2487x2862_zoom.jpg,2026-07-11,2026-07-17,https://res.cloudinary.com/dfqzmnlga/image/upload/v1783744232/2026-07-11/11209045.jpg,Burger dressing,"Slick, savory, and unstoppable—just ask anyone who's ever had my flavor. 🍔✨"
11209044,16.0,Hellmanns,Dressing,Creamy Ranch Dressing,1,0,stk.,Netto,https://static.tilbudsugen.dk/1st-retail/2026/29/65822/Netto292026-1_13_18x1180_2487x2862_zoom.jpg,2026-07-11,2026-07-17,https://res.cloudinary.com/dfqzmnlga/image/upload/v1783744233/2026-07-11/11209044.jpg,Creamy Ranch Dressing,"Savory, creamy, and utterly irresistible — your go-to sidekick for any meal. 🍲"
11209055,20.0,Zelected,Grønt,Perleløg,1,0,gl.,Netto,https://static.tilbudsugen.dk/1st-retail/2026/29/65822/Netto292026-1_13_2433x1186_4944x2910_zoom.jpg,2026-07-11,2026-07-17,https://res.cloudinary.com/dfqzmnlga/image/upload/v1783744233/2026-07-11/11209055.jpg,Parsnips,"Crisp and zesty, with a touch of earthy sweetness—perfect for a tasty twist on tradition. 🌱"
11209056,85.0,Zucchi,Olier,Olivenolie,1,1,fl.,Netto,https://static.tilbudsugen.dk/1st-retail/2026/29/65822/Netto292026-1_13_3233x4830_4855x6781_zoom.jpg,2026-07-11,2026-07-17,https://res.cloudinary.com/dfqzmnlga/image/upload/v1783744234/2026-07-11/11209056.jpg,Olive oil,"✨ Drizzle your day with flavor, one olive oil drop at a time. ✨"
11208509,25.0,Salling Princip,Dressing,Glaze,1,0,fl.,Netto,https://static.tilbudsugen.dk/1st-retail/2026/29/65822/Netto292026-1_3_3723x3304_4888x4926_zoom.jpg,2026-07-11,2026-07-17,https://res.cloudinary.com/dfqzmnlga/image/upload/v1783744234/2026-07-11/11208509.jpg,Glaze,"✨ Glaze the perfect finish, turning every bite into a masterpiece! 🍽️"
11209050,20.0,Zelected,Saucer,Cremet Peberfrugt pesto,1,0,gl.,Netto,https://static.tilbudsugen.dk/1st-retail/2026/29/65822/Netto292026-1_13_2433x1186_4944x2910_zoom.jpg,2026-07-11,2026-07-17,https://res.cloudinary.com/dfqzmnlga/image/upload/v1783744235/2026-07-11/11209050.jpg,Creamed Pepper pesto,A flavor bomb that melts in your mouth and makes your heart skip a beat — perfect for a date night or a cozy dinner. 🍅✨
11209051,20.0,Zelected,Saucer,Cremet Basilikum pesto,1,0,gl.,Netto,https://static.tilbudsugen.dk/1st-retail/2026/29/65822/Netto292026-1_13_2433x1186_4944x2910_zoom.jpg,2026-07-11,2026-07-17,https://res.cloudinary.com/dfqzmnlga/image/upload/v1783744235/2026-07-11/11209051.jpg,Creamed Basil pesto,"A burst of fresh basil and creamy love, served in every bite — 🍴✨"
11209052,20.0,Zelected,Grønt-syltet,Agurker syltet,1,0,gl.,Netto,https://static.tilbudsugen.dk/1st-retail/2026/29/65822/Netto292026-1_13_2433x1186_4944x2910_zoom.jpg,2026-07-11,2026-07-17,https://res.cloudinary.com/dfqzmnlga/image/upload/v1783744236/2026-07-11/11209052.jpg,Cucumbers pickled,"Sour and sharp, with a twist—pickled to perfection. 🥒"
11209054,20.0,Zelected,Saucer,Creamy Sicilian Pesto,1,0,gl.,Netto,https://static.tilbudsugen.dk/1st-retail/2026/29/65822/Netto292026-1_13_2433x1186_4944x2910_zoom.jpg,2026-07-11,2026-07-17,https://res.cloudinary.com/dfqzmnlga/image/upload/v1783744236/2026-07-11/11209054.jpg,Creamy Sicilian Pesto,"A burst of flavor, a sprinkle of history, and a dash of sunshine — perfect for any meal. 🍅"
11209043,85.0,Zucchi,Olier,Olivenolie,1,0,fl.,Netto,https://static.tilbudsugen.dk/1st-retail/2026/29/65822/Netto292026-1_13_3233x4830_4855x6781_zoom.jpg,2026-07-11,2026-07-17,https://res.cloudinary.com/dfqzmnlga/image/upload/v1783744237/2026-07-11/11209043.jpg,Olive oil,"A smooth, bold flavor that brings the world to your plate 🍵"
11209161,5.0,Murph,Snacks/bar,Proteinbar Mælkechokolade,1,0,stk.,Netto,https://static.tilbudsugen.dk/1st-retail/2026/29/65822/Netto292026-1_17_91x4652_2508x6764_zoom.jpg,2026-07-11,2026-07-17,https://res.cloudinary.com/dfqzmnlga/image/upload/v1783744237/2026-07-11/11209161.jpg,Proteinable Milk chocolate,"✨ Satisfy your cravings with a twist — this milk chocolate is your protein boost, ready to melt into your heart. ✨"
11209163,5.0,Murph,Snacks/bar,Proteinbar Mørk Chokolade,1,0,stk.,Netto,https://static.tilbudsugen.dk/1st-retail/2026/29/65822/Netto292026-1_17_91x4652_2508x6764_zoom.jpg,2026-07-11,2026-07-17,https://res.cloudinary.com/dfqzmnlga/image/upload/v1783744238/2026-07-11/11209163.jpg,Proteinable Dark Chocolate,✨ Dark chocolate that makes your cravings feel like a victory!
11209041,20.0,Maldon,Krydderier,Salt,1,0,pk.,Netto,https://static.tilbudsugen.dk/1st-retail/2026/29/65822/Netto292026-1_13_48x4890_1670x6853_zoom.jpg,2026-07-11,2026-07-17,https://res.cloudinary.com/dfqzmnlga/image/upload/v1783744238/2026-07-11/11209041.jpg,Salt,Crave the perfect taste? I'm the salt that brings balance to every flavor. 😋
11209035,20.0,Zelected,Grønt-syltet,Syltet Rødløg,1,0,gl.,Netto,https://static.tilbudsugen.dk/1st-retail/2026/29/65822/Netto292026-1_13_2433x1186_4944x2910_zoom.jpg,2026-07-11,2026-07-17,https://res.cloudinary.com/dfqzmnlga/image/upload/v1783744239/2026-07-11/11209035.jpg,Celeriacs/turnip rooted celeries,"Crisp and creamy, with a twist of earthy sweetness—rooted in the soil, ready to surprise. 🌱✨"
11209159,10.0,Murph,Snacks/bar,Pistachio & Cookies Crisp Proteinbar,1,0,stk.,Netto,https://static.tilbudsugen.dk/1st-retail/2026/29/65822/Netto292026-1_17_1517x202_4975x2501_zoom.jpg,2026-07-11,2026-07-17,https://res.cloudinary.com/dfqzmnlga/image/upload/v1783744239/2026-07-11/11209159.jpg,Pistachio & Cookies Crisp Protein Bar,"✨ Chocoholic with a protein twist, ready to satisfy your cravings and fuel your day!"
11209160,10.0,Murph,Snacks/bar,Peanut & Caramel Crisp Proteinbar,1,0,stk.,Netto,https://static.tilbudsugen.dk/1st-retail/2026/29/65822/Netto292026-1_17_1517x202_4975x2501_zoom.jpg,2026-07-11,2026-07-17,https://res.cloudinary.com/dfqzmnlga/image/upload/v1783744239/2026-07-11/11209160.jpg,Peanut & Caramel Crisp Protein Bar,"Crunchy, creamy, and supercharged—your energy boost in a bar! 🍫✨"
11209156,10.0,Murph,Snacks/bar,Coconut & Cookies Crisp Proteinbar,1,0,stk.,Netto,https://static.tilbudsugen.dk/1st-retail/2026/29/65822/Netto292026-1_17_1517x202_4975x2501_zoom.jpg,2026-07-11,2026-07-17,https://res.cloudinary.com/dfqzmnlga/image/upload/v1783744240/2026-07-11/11209156.jpg,Coconut & Cookies Crisp Proteinbar,"✨ Sweet, salty, and super satisfying — this proteinbar is the perfect snack for any craving! 🍫"
11209158,10.0,Murph,Snacks/bar,Cookies & Caramel Crisp Proteinbar,1,0,stk.,Netto,https://static.tilbudsugen.dk/1st-retail/2026/29/65822/Netto292026-1_17_1517x202_4975x2501_zoom.jpg,2026-07-11,2026-07-17,https://res.cloudinary.com/dfqzmnlga/image/upload/v1783744240/2026-07-11/11209158.jpg,Cookies & Caramel Crisp Protein Bar,"✨ Sweet, salty, and super satisfying — perfect for any snack time! ✨"
11209154,15.0,Murph,Snacks/bar,Proteinbar Creatine Cookies & Cream,1,0,stk.,Netto,https://static.tilbudsugen.dk/1st-retail/2026/29/65822/Netto292026-1_17_1658x2557_3379x4658_zoom.jpg,2026-07-11,2026-07-17,https://res.cloudinary.com/dfqzmnlga/image/upload/v1783744241/2026-07-11/11209154.jpg,Proteinable Creatine Cookies & Cream,"✨Crunchy, creamy, and super energizing—perfect for your next workout! 💪"
11209151,15.0,Murph,Snacks/bar,Proteinbar Creatine Milky Road,1,0,stk.,Netto,https://static.tilbudsugen.dk/1st-retail/2026/29/65822/Netto292026-1_17_1658x2557_3379x4658_zoom.jpg,2026-07-11,2026-07-17,https://res.cloudinary.com/dfqzmnlga/image/upload/v1783744241/2026-07-11/11209151.jpg,Proteinbar Creatine Milky Road,"💪✨ High-protein, high-energy, and high-fun — perfect for your next adventure! 🌟"
11209153,15.0,Murph,Snacks/bar,Proteinbar Creatine Toffee & Caramel,1,0,stk.,Netto,https://static.tilbudsugen.dk/1st-retail/2026/29/65822/Netto292026-1_17_1658x2557_3379x4658_zoom.jpg,2026-07-11,2026-07-17,https://res.cloudinary.com/dfqzmnlga/image/upload/v1783744242/2026-07-11/11209153.jpg,Proteinbar Creatine Toffee & Caramel,Craving energy? Boost your strength with Proteinbar Creatine Toffee & Caramel — perfect for those late-night workouts! 🍫💪
11209100,20.0,Trope,Tørret Frugt,Berry Mix Freeze Dried,1,0,ps.,Netto,https://static.tilbudsugen.dk/1st-retail/2026/29/65822/Netto292026-1_14_51x4805_1738x6894_zoom.jpg,2026-07-11,2026-07-17,https://res.cloudinary.com/dfqzmnlga/image/upload/v1783744243/2026-07-11/11209100.jpg,Berry Mix Freeze Dried,✨ Berry paradise in every bite! 🍓
11209097,20.0,Trope,Tørret Frugt,Mango Freeze Dried,1,0,ps.,Netto,https://static.tilbudsugen.dk/1st-retail/2026/29/65822/Netto292026-1_14_51x4805_1738x6894_zoom.jpg,2026-07-11,2026-07-17,https://res.cloudinary.com/dfqzmnlga/image/upload/v1783744244/2026-07-11/11209097.jpg,Mango Freeze Dried,"✨ Juicy, crisp, and frozen—perfect for anytime, anywhere!"
11209099,20.0,Trope,Tørret Frugt,Strawberry Freeze Dried,1,0,ps.,Netto,https://static.tilbudsugen.dk/1st-retail/2026/29/65822/Netto292026-1_14_51x4805_1738x6894_zoom.jpg,2026-07-11,2026-07-17,https://res.cloudinary.com/dfqzmnlga/image/upload/v1783744245/2026-07-11/11209099.jpg,Strawberry Freeze Dried,✨ Freeze-dried strawberries that burst with flavor and frosty fun! ✨
11209042,29.0,Ota Sol Gryn,Gryn,Havregryn,1,1,pk.,Netto,https://static.tilbudsugen.dk/1st-retail/2026/29/65822/Netto292026-1_13_1604x4836_3239x6835_zoom.jpg,2026-07-11,2026-07-17,https://res.cloudinary.com/dfqzmnlga/image/upload/v1783744245/2026-07-11/11209042.jpg,Oatmeal,"☕️ The perfect breakfast, served with a sprinkle of adventure and a dash of calm."
11209037,26.0,Cocoa Crunchers,Morgenmadsprodukter,Morgenmadsprodukt,1,0,ps.,Netto,https://static.tilbudsugen.dk/1st-retail/2026/29/65822/Netto292026-1_13_2410x2874_4927x4795_zoom.jpg,2026-07-11,2026-07-17,https://res.cloudinary.com/dfqzmnlga/image/upload/v1783744246/2026-07-11/11209037.jpg,Breakfast product,"Egg-shaped excitement, ready to spill into your day 🥚"
11209040,26.0,Cocoaballs,Morgenmadsprodukter,Morgenmadsprodukt,1,0,ps.,Netto,https://static.tilbudsugen.dk/1st-retail/2026/29/65822/Netto292026-1_13_2410x2874_4927x4795_zoom.jpg,2026-07-11,2026-07-17,https://res.cloudinary.com/dfqzmnlga/image/upload/v1783744246/2026-07-11/11209040.jpg,Breakfast product,"✨ Wake up, eat well, and never miss a morning boost! ✨"
11209038,26.0,Crunchy Loops,Morgenmadsprodukter,Morgenmadsprodukt,1,0,ps.,Netto,https://static.tilbudsugen.dk/1st-retail/2026/29/65822/Netto292026-1_13_2410x2874_4927x4795_zoom.jpg,2026-07-11,2026-07-17,https://res.cloudinary.com/dfqzmnlga/image/upload/v1783744247/2026-07-11/11209038.jpg,Breakfast product,☕️ Morning magic in every bite!
11209039,26.0,Crispy Puffs,Morgenmadsprodukter,Morgenmadsprodukt,1,0,ps.,Netto,https://static.tilbudsugen.dk/1st-retail/2026/29/65822/Netto292026-1_13_2410x2874_4927x4795_zoom.jpg,2026-07-11,2026-07-17,https://res.cloudinary.com/dfqzmnlga/image/upload/v1783744247/2026-07-11/11209039.jpg,Breakfast product,"✨ Wake up, eat well, and never miss a morning boost! ✨"
11208511,16.0,Pastificio G. De Marlino,Pasta,Pasta Penne Mezzani Rigate,1,0,ps.,Netto,https://static.tilbudsugen.dk/1st-retail/2026/29/65822/Netto292026-1_3_2463x5241_3715x6839_zoom.jpg,2026-07-11,2026-07-17,https://res.cloudinary.com/dfqzmnlga/image/upload/v1783744247/2026-07-11/11208511.jpg,Pasta Penne Mezzani Rigate,"Pasta Penne Mezzani Rigate: The ultimate flavor explosion, served with a side of adventure. 🍝✨"
11209080,13.0,Taffel,Chips,Karamelliserede Rødløg Chips,1,0,ps.,Netto,https://static.tilbudsugen.dk/1st-retail/2026/29/65822/Netto292026-1_14_48x2832_1688x4824_zoom.jpg,2026-07-01,2026-07-31,https://res.cloudinary.com/dfqzmnlga/image/upload/v1783744248/2026-07-11/11209080.jpg,Caramelized Red onion Chips,"Savory, sweet, and spicy—perfect for a snack that's as bold as it is bright. 🍴✨"
11209075,13.0,Taffel,Chips,Texas Style Barbecue Chips,1,0,ps.,Netto,https://static.tilbudsugen.dk/1st-retail/2026/29/65822/Netto292026-1_14_48x2832_1688x4824_zoom.jpg,2026-07-01,2026-07-31,https://res.cloudinary.com/dfqzmnlga/image/upload/v1783744248/2026-07-11/11209075.jpg,Texas Style Barbecue Chips,"🔥 Savor the smoky, spicy thrill of Texas-style barbecue chips—perfect for a quick, tasty snack or a bold kick in your meal. 🍺"
11209083,14.0,Max,Chips,Sour Cream & Onion Chips,1,0,ps.,Netto,https://static.tilbudsugen.dk/1st-retail/2026/29/65822/Netto292026-1_14_1682x2826_3316x4824_zoom.jpg,2026-07-11,2026-07-17,https://res.cloudinary.com/dfqzmnlga/image/upload/v1783744249/2026-07-11/11209083.jpg,Sour Cream & Onion Chips,"Sour Cream & Onion Chips: Crispy, creamy, and crispy—just the way it should be! 🍩"
11209074,14.0,Max,Chips,Original Chips,1,0,ps.,Netto,https://static.tilbudsugen.dk/1st-retail/2026/29/65822/Netto292026-1_14_1682x2826_3316x4824_zoom.jpg,2026-07-11,2026-07-17,https://res.cloudinary.com/dfqzmnlga/image/upload/v1783744249/2026-07-11/11209074.jpg,Original Chips,"Crunchy, salty, and unforgettable — the original flavor that never forgets. 🍬"
11209082,14.0,Max,Chips,Salt & Black Pepper Chips,1,0,ps.,Netto,https://static.tilbudsugen.dk/1st-retail/2026/29/65822/Netto292026-1_14_1682x2826_3316x4824_zoom.jpg,2026-07-11,2026-07-17,https://res.cloudinary.com/dfqzmnlga/image/upload/v1783744249/2026-07-11/11209082.jpg,Salt & Black Pepper Chips,"Savor the crunch of flavor, one chip at a time 🍲"
11209084,14.0,Doritos,Chips,Sweet Chili Pepper Chips,1,0,ps.,Netto,https://static.tilbudsugen.dk/1st-retail/2026/29/65822/Netto292026-1_14_1682x2826_3316x4824_zoom.jpg,2026-07-11,2026-07-17,https://res.cloudinary.com/dfqzmnlga/image/upload/v1783744250/2026-07-11/11209084.jpg,Sweet Chili Pepper Chips,"🔥 Peppered with flavor, ready to spice up your day!"
11209085,14.0,Doritos,Chips,Cool American Chips,1,0,ps.,Netto,https://static.tilbudsugen.dk/1st-retail/2026/29/65822/Netto292026-1_14_1682x2826_3316x4824_zoom.jpg,2026-07-11,2026-07-17,https://res.cloudinary.com/dfqzmnlga/image/upload/v1783744250/2026-07-11/11209085.jpg,Cool American Chips,"🔥 Crispy, bold, and ready to spice up your day—Cool American Chips! 🍬"
11209077,13.0,Taffel,Chips,Original Chips,1,0,ps.,Netto,https://static.tilbudsugen.dk/1st-retail/2026/29/65822/Netto292026-1_14_48x2832_1688x4824_zoom.jpg,2026-07-01,2026-07-31,https://res.cloudinary.com/dfqzmnlga/image/upload/v1783744251/2026-07-11/11209077.jpg,Original Chips,"✨ Crispy, cheesy, and always the star of the snack scene! ✨"
11209076,13.0,Taffel,Chips,Sour Cream & Onion Chips,1,0,ps.,Netto,https://static.tilbudsugen.dk/1st-retail/2026/29/65822/Netto292026-1_14_48x2832_1688x4824_zoom.jpg,2026-07-01,2026-07-31,https://res.cloudinary.com/dfqzmnlga/image/upload/v1783744251/2026-07-11/11209076.jpg,Sour Cream & Onion Chips,"Sour Cream & Onion Chips: Crunchy, creamy, and perfectly crispy—just the way it should be! 🍫"
11209078,13.0,Taffel,Snacks,Chicken Pomm´s Snacks,1,0,ps.,Netto,https://static.tilbudsugen.dk/1st-retail/2026/29/65822/Netto292026-1_14_48x2832_1688x4824_zoom.jpg,2026-07-01,2026-07-31,https://res.cloudinary.com/dfqzmnlga/image/upload/v1783744252/2026-07-11/11209078.jpg,Chicken Pomm's Snacks,Savoring the crunch of a new flavor—just like you would a perfect date. 🍗
11209073,13.0,Taffel,Snacks,Osterejer Cheddar,1,0,ps.,Netto,https://static.tilbudsugen.dk/1st-retail/2026/29/65822/Netto292026-1_14_48x2832_1688x4824_zoom.jpg,2026-07-01,2026-07-31,https://res.cloudinary.com/dfqzmnlga/image/upload/v1783744252/2026-07-11/11209073.jpg,Cheese owner Cheddar,Cheddar lover with a smile that melts in your mouth 🍔
11209081,13.0,Taffel,Snacks,SuperCrunch  Snacks,1,0,ps.,Netto,https://static.tilbudsugen.dk/1st-retail/2026/29/65822/Netto292026-1_14_48x2832_1688x4824_zoom.jpg,2026-07-01,2026-07-31,https://res.cloudinary.com/dfqzmnlga/image/upload/v1783744252/2026-07-11/11209081.jpg,SuperCrunch Snacks,"Crunchy, crispy, and super satisfying—your favorite snack that makes every bite a thrill! 🍿"
11209086,14.0,Bugles,Snacks,Bugles nacho cheese,1,0,ps.,Netto,https://static.tilbudsugen.dk/1st-retail/2026/29/65822/Netto292026-1_14_1682x2826_3316x4824_zoom.jpg,2026-07-11,2026-07-17,https://res.cloudinary.com/dfqzmnlga/image/upload/v1783744253/2026-07-11/11209086.jpg,Bugles nacho cheese,🎵 🍔 🧑‍🍳 🐝
11209079,13.0,Taffel,Chips,Linsechips Sourcream & Onion,1,0,ps.,Netto,https://static.tilbudsugen.dk/1st-retail/2026/29/65822/Netto292026-1_14_48x2832_1688x4824_zoom.jpg,2026-07-01,2026-07-31,https://res.cloudinary.com/dfqzmnlga/image/upload/v1783744253/2026-07-11/11209079.jpg,Lens Chips Sourcream & Onion,"✨ Sip, snack, and snack some joy with a sprinkle of sourcream and onion. ✨"
11209062,10.0,Øffer,Flæskesvær,Flæskesvær Salt,1,0,ps.,Netto,https://static.tilbudsugen.dk/1st-retail/2026/29/65822/Netto292026-1_14_1670x249_3215x2850_zoom.jpg,2026-07-11,2026-07-17,https://res.cloudinary.com/dfqzmnlga/image/upload/v1783744254/2026-07-11/11209062.jpg,Crabs Salt,"Crabs Salt: Crabs in a salted sea, fresh and fearless. 🐙"
11209070,10.0,Øffer,Flæskesvær,Flæskesvær Barbecue,1,0,ps.,Netto,https://static.tilbudsugen.dk/1st-retail/2026/29/65822/Netto292026-1_14_1670x249_3215x2850_zoom.jpg,2026-07-11,2026-07-17,https://res.cloudinary.com/dfqzmnlga/image/upload/v1783744254/2026-07-11/11209070.jpg,Pork Dish Barbecue,"Sizzle, sizzle, and serve—my BBQ pork is the star of the kitchen! 🍳🔥"
11209090,15.0,Malaco,Slik,Sliksnører Jordbær,1,0,pk.,Netto,https://static.tilbudsugen.dk/1st-retail/2026/29/65822/Netto292026-1_14_3289x2818_4924x4816_zoom.jpg,2026-07-11,2026-07-17,https://res.cloudinary.com/dfqzmnlga/image/upload/v1783744254/2026-07-11/11209090.jpg,Limes Strawberry,"Sour and sweet, perfect for any salad—fresh, vibrant, and unforgettable. 🍋🍓"
11209089,15.0,Malaco,Slik,Sliksnører Lakrids,1,0,pk.,Netto,https://static.tilbudsugen.dk/1st-retail/2026/29/65822/Netto292026-1_14_3289x2818_4924x4816_zoom.jpg,2026-07-11,2026-07-17,https://res.cloudinary.com/dfqzmnlga/image/upload/v1783744255/2026-07-11/11209089.jpg,Liquorice,"Sip on the sweet, salty, and slightly rebellious—like a tiny rebellion in a bottle. 🍸"
11209092,15.0,Malaco,Slik,Slikstjerner Jordbær,1,0,pk.,Netto,https://static.tilbudsugen.dk/1st-retail/2026/29/65822/Netto292026-1_14_3289x2818_4924x4816_zoom.jpg,2026-07-11,2026-07-17,https://res.cloudinary.com/dfqzmnlga/image/upload/v1783744255/2026-07-11/11209092.jpg,Candy stars Strawberry,"✨ Candy stars strawberry, sweetly sweet, always ready for a good time! ✨"
11209091,15.0,Malaco,Slik,Slikstjerner Karamel,1,0,pk.,Netto,https://static.tilbudsugen.dk/1st-retail/2026/29/65822/Netto292026-1_14_3289x2818_4924x4816_zoom.jpg,2026-07-11,2026-07-17,https://res.cloudinary.com/dfqzmnlga/image/upload/v1783744256/2026-07-11/11209091.jpg,Candy stars Caramel,"✨ Candy stars Caramel — sweet, salty, and just right. 🌟"
11209087,15.0,Malaco,Slik,Slikstrimler Tutti Frutti,1,0,ps.,Netto,https://static.tilbudsugen.dk/1st-retail/2026/29/65822/Netto292026-1_14_3289x2818_4924x4816_zoom.jpg,2026-07-11,2026-07-17,https://res.cloudinary.com/dfqzmnlga/image/upload/v1783744256/2026-07-11/11209087.jpg,Candy strips Tutti Frutti,"Tutti Frutti candy strips: sweet, bold, and ready to conquer any flavor challenge 🍬"
11209088,15.0,Malaco,Slik,Slikstrimler Jordbær,1,0,ps.,Netto,https://static.tilbudsugen.dk/1st-retail/2026/29/65822/Netto292026-1_14_3289x2818_4924x4816_zoom.jpg,2026-07-11,2026-07-17,https://res.cloudinary.com/dfqzmnlga/image/upload/v1783744257/2026-07-11/11209088.jpg,Candy strips Strawberry,"Savoring sweet moments with a twist—strawberry candy strips, always. 🍓✨"
11209063,12.0,Mars,Chokolade,Chokoladebar,1,0,stk.,Netto,https://static.tilbudsugen.dk/1st-retail/2026/29/65822/Netto292026-1_14_66x118_1688x2844_zoom.jpg,2026-07-11,2026-07-17,https://res.cloudinary.com/dfqzmnlga/image/upload/v1783744257/2026-07-11/11209063.jpg,Chocolate bar,Savor the sweetest escape with a chocolate bar — because life's too short for boring snacks. 🍫
11209064,12.0,Snickers,Chokolade,Chokoladebar,1,0,stk.,Netto,https://static.tilbudsugen.dk/1st-retail/2026/29/65822/Netto292026-1_14_66x118_1688x2844_zoom.jpg,2026-07-11,2026-07-17,https://res.cloudinary.com/dfqzmnlga/image/upload/v1783744258/2026-07-11/11209064.jpg,Chocolate bar,Dark chocolate lover | 🍫✨
11209065,12.0,White,Chokolade,Chokoladebar,1,0,stk.,Netto,https://static.tilbudsugen.dk/1st-retail/2026/29/65822/Netto292026-1_14_66x118_1688x2844_zoom.jpg,2026-07-11,2026-07-17,https://res.cloudinary.com/dfqzmnlga/image/upload/v1783744258/2026-07-11/11209065.jpg,Chocolate bar,Dark chocolate dreamer | 🍫✨
11209069,12.0,M&Ms,Chokolade,Chokoladepastiller Peanut,1,0,ps.,Netto,https://static.tilbudsugen.dk/1st-retail/2026/29/65822/Netto292026-1_14_66x118_1688x2844_zoom.jpg,2026-07-11,2026-07-17,https://res.cloudinary.com/dfqzmnlga/image/upload/v1783744259/2026-07-11/11209069.jpg,Chocolate Pastilles Peanut,✨ Choco-peanut fusion bites that melt in your mouth and make your heart skip a beat! 🍫 Peanut butter meets chocolate in a delightful surprise!
11209068,12.0,M&Ms,Chokolade,Chokoladepastiller Chocolate,1,0,ps.,Netto,https://static.tilbudsugen.dk/1st-retail/2026/29/65822/Netto292026-1_14_66x118_1688x2844_zoom.jpg,2026-07-11,2026-07-17,https://res.cloudinary.com/dfqzmnlga/image/upload/v1783744259/2026-07-11/11209068.jpg,Chocolate Pastilles Chocolate,✨ Choco-dreamy bites that melt in your mouth and make your heart skip a beat! ✨
11209067,12.0,Twix,Chokolade,Chokoladebar,1,0,stk.,Netto,https://static.tilbudsugen.dk/1st-retail/2026/29/65822/Netto292026-1_14_66x118_1688x2844_zoom.jpg,2026-07-11,2026-07-17,https://res.cloudinary.com/dfqzmnlga/image/upload/v1783744260/2026-07-11/11209067.jpg,Chocolate bar,"Dark chocolate dream, wrapped in a perfect surprise — 🍫"
11209066,12.0,Milky Way,Chokolade,Chokoladebar,1,0,pk.,Netto,https://static.tilbudsugen.dk/1st-retail/2026/29/65822/Netto292026-1_14_66x118_1688x2844_zoom.jpg,2026-07-11,2026-07-17,https://res.cloudinary.com/dfqzmnlga/image/upload/v1783744260/2026-07-11/11209066.jpg,Chocolate bar,Dark chocolate dreamer 🍫✨
11208545,13.0,ØGO,Grøntsager,Helbladet Spinat,1,0,ps.,Netto,https://static.tilbudsugen.dk/1st-retail/2026/29/65822/Netto292026-1_7_2684x3540_4911x6319_zoom.jpg,2026-07-11,2026-07-17,https://res.cloudinary.com/dfqzmnlga/image/upload/v1783744261/2026-07-11/11208545.jpg,Chinese cabbages/pe-tsai,"A fiery, vibrant punch of flavor that brings the whole kitchen to life—pe-tsai, the spicy heart of Chinese cuisine! 🌿🔥"
11208543,13.0,ØGO,Grøntsager,Wokblanding,1,0,ps.,Netto,https://static.tilbudsugen.dk/1st-retail/2026/29/65822/Netto292026-1_7_2684x3540_4911x6319_zoom.jpg,2026-07-11,2026-07-17,https://res.cloudinary.com/dfqzmnlga/image/upload/v1783744261/2026-07-11/11208543.jpg,Wok mixture,"Sizzling with flavor, ready to cook up a storm! 🍳"
11208542,13.0,ØGO,Grøntsager,Majskolber,1,0,ps.,Netto,https://static.tilbudsugen.dk/1st-retail/2026/29/65822/Netto292026-1_7_2684x3540_4911x6319_zoom.jpg,2026-07-11,2026-07-17,https://res.cloudinary.com/dfqzmnlga/image/upload/v1783744261/2026-07-11/11208542.jpg,Maize (corn) cobs,"Cobbed with flavor, I’m the star of the kitchen—serving up delicious surprises! 🌾✨"
11208544,13.0,ØGO,Grøntsager,Ærter,1,0,ps.,Netto,https://static.tilbudsugen.dk/1st-retail/2026/29/65822/Netto292026-1_7_2684x3540_4911x6319_zoom.jpg,2026-07-11,2026-07-17,https://res.cloudinary.com/dfqzmnlga/image/upload/v1783744262/2026-07-11/11208544.jpg,Peas,"Sunny day, peas on the plate, life's a flavor burst! 🌞 peas 🍅"
11208541,13.0,ØGO,Grøntsager,Mukimame Bønner,1,0,ps.,Netto,https://static.tilbudsugen.dk/1st-retail/2026/29/65822/Netto292026-1_7_2684x3540_4911x6319_zoom.jpg,2026-07-11,2026-07-17,https://res.cloudinary.com/dfqzmnlga/image/upload/v1783744262/2026-07-11/11208541.jpg,Mukimame Beans,"✨ Whisked in a jar, ready to spark a conversation—mukimame beans, the quiet hero of unexpected friendships. 🌟"
11209013,25.0,Pølsemesteren,Pølser Frost,Frankfurter,1,0,pk.,Netto,https://static.tilbudsugen.dk/1st-retail/2026/29/65822/Netto292026-1_12_40x729_2117x2829_zoom.jpg,2026-07-11,2026-07-17,https://res.cloudinary.com/dfqzmnlga/image/upload/v1783744263/2026-07-11/11209013.jpg,Frankfurter,"Savory, spicy, and slightly smoky — the perfect bite for a quick, tasty snack. 🍔"
11209111,12.0,Sun Lolly,Frys selv,Is frys selv - Cola,1,8,pk.,Netto,https://static.tilbudsugen.dk/1st-retail/2026/29/65822/Netto292026-1_15_1676x774_3286x2856_zoom.jpg,2026-07-11,2026-07-17,https://res.cloudinary.com/dfqzmnlga/image/upload/v1783744263/2026-07-11/11209111.jpg,Ice freeze itself - Cola,"❄️ Freeze your mood with a cola—ice doesn't freeze itself, but this one does. 🍹"
11209115,12.0,Sun Lolly,Frys selv,Is frys selv - Sour Green,1,8,pk.,Netto,https://static.tilbudsugen.dk/1st-retail/2026/29/65822/Netto292026-1_15_1676x774_3286x2856_zoom.jpg,2026-07-11,2026-07-17,https://res.cloudinary.com/dfqzmnlga/image/upload/v1783744264/2026-07-11/11209115.jpg,Ice freeze itself - Sour Green,"❄️ Freeze your heart with a sour green twist, and let the ice speak louder than words."
11209116,12.0,Sun Lolly,Frys selv,Is frys selv - Sour Pink,1,8,pk.,Netto,https://static.tilbudsugen.dk/1st-retail/2026/29/65822/Netto292026-1_15_1676x774_3286x2856_zoom.jpg,2026-07-11,2026-07-17,https://res.cloudinary.com/dfqzmnlga/image/upload/v1783744264/2026-07-11/11209116.jpg,Ice freeze itself - Sour Pink,❄️ Freeze your heart with a sour pink twist — I melt into your soul.
11209112,12.0,Sun Lolly,Frys selv,Is frys selv - Jordbær,1,8,pk.,Netto,https://static.tilbudsugen.dk/1st-retail/2026/29/65822/Netto292026-1_15_1676x774_3286x2856_zoom.jpg,2026-07-11,2026-07-17,https://res.cloudinary.com/dfqzmnlga/image/upload/v1783744264/2026-07-11/11209112.jpg,Ice freeze itself - Strawberry,"Strawberry ice: frozen sweetness, never thawed. 🍓❄️"
11209113,12.0,Sun Lolly,Frys selv,Is frys selv - Vindrue,1,8,pk.,Netto,https://static.tilbudsugen.dk/1st-retail/2026/29/65822/Netto292026-1_15_1676x774_3286x2856_zoom.jpg,2026-07-11,2026-07-17,https://res.cloudinary.com/dfqzmnlga/image/upload/v1783744265/2026-07-11/11209113.jpg,Ice freeze itself - Grape,❄️ Freeze your heart with a grape — I’m the ice that melts your taste buds.
11209114,12.0,Sun Lolly,Frys selv,Is frys selv - Hindbær,1,8,pk.,Netto,https://static.tilbudsugen.dk/1st-retail/2026/29/65822/Netto292026-1_15_1676x774_3286x2856_zoom.jpg,2026-07-11,2026-07-17,https://res.cloudinary.com/dfqzmnlga/image/upload/v1783744265/2026-07-11/11209114.jpg,Ice freeze itself - Raspberry,"Raspberry ice: nature's sweet chill, frozen in a perfect storm of flavor. 🍓❄️"
11209027,32.0,Premier,Multipak,Astronaut ispinde,1,6,pk.,Netto,https://static.tilbudsugen.dk/1st-retail/2026/29/65822/Netto292026-1_12_36x4896_1658x6835_zoom.jpg,2026-07-11,2026-07-17,https://res.cloudinary.com/dfqzmnlga/image/upload/v1783744266/2026-07-11/11209027.jpg,Astronaut Popsicle,"🚀 Cosmic taste, Earth's favorite treat! 🍦"
11209030,32.0,Premier,Multipak,Hot Wheels Monster Truck Ispinde,1,6,pk.,Netto,https://static.tilbudsugen.dk/1st-retail/2026/29/65822/Netto292026-1_12_36x4896_1658x6835_zoom.jpg,2026-07-11,2026-07-17,https://res.cloudinary.com/dfqzmnlga/image/upload/v1783744266/2026-07-11/11209030.jpg,Hot Wheels Monster Truck Ispine,"🔥Ride the chaos, spin the wheels, and never stop speeding! 🚚"
11197776,25.0,Minecraft,Multipak,Ispinde,1,4,pk.,Netto,https://static.tilbudsugen.dk/1st-retail/2026/28/65760/Netto272026-1_2_0x2249_2396x4735_zoom.jpg,2026-07-01,2026-07-31,https://res.cloudinary.com/dfqzmnlga/image/upload/v1783744266/2026-07-11/11197776.jpg,Popsicles,"Sip, smile, and stay cool—because even popsicles know how to have fun! 🍦"
11209026,32.0,Premier,Multipak,Isbjørn ispinde,1,5,pk.,Netto,https://static.tilbudsugen.dk/1st-retail/2026/29/65822/Netto292026-1_12_36x4896_1658x6835_zoom.jpg,2026-07-11,2026-07-17,https://res.cloudinary.com/dfqzmnlga/image/upload/v1783744267/2026-07-11/11209026.jpg,Polar bear icebergs,"❄️ Polar bear icebergs, melting in a sea of fun and frosty charm."
11209025,32.0,Premier,Multipak,Barbie Ispinde,1,4,pk.,Netto,https://static.tilbudsugen.dk/1st-retail/2026/29/65822/Netto292026-1_12_36x4896_1658x6835_zoom.jpg,2026-07-11,2026-07-17,https://res.cloudinary.com/dfqzmnlga/image/upload/v1783744268/2026-07-11/11209025.jpg,Barbie Popsicle,"✨ Barbie Popsicle: Ice cream that talks, and never forgets your name. 🍦"
11197769,25.0,Magnum,Multipak,Classic ispinde,1,3,pk.,Netto,https://static.tilbudsugen.dk/1st-retail/2026/28/65760/Netto272026-1_2_0x2249_2396x4735_zoom.jpg,2026-07-01,2026-07-31,https://res.cloudinary.com/dfqzmnlga/image/upload/v1783744268/2026-07-11/11197769.jpg,Classic Popsicles,"Taste the classic, melt in your mouth, and never forget the joy of a good popsicle! 🍦"
11197789,25.0,Magnum,Multipak,La-Peche ispinde,1,3,pk.,Netto,https://static.tilbudsugen.dk/1st-retail/2026/28/65760/Netto272026-1_2_0x2249_2396x4735_zoom.jpg,2026-07-01,2026-07-31,https://res.cloudinary.com/dfqzmnlga/image/upload/v1783744269/2026-07-11/11197789.jpg,La-Peche Popsicles,"Sip, savor, and smile—La-Peche Popsicles melt in your mouth, bringing a little sunshine to your day! 🍦"
11197821,25.0,Magnum,Multipak,La-Pistachie ispinde,1,3,pk.,Netto,https://static.tilbudsugen.dk/1st-retail/2026/28/65760/Netto272026-1_2_0x2249_2396x4735_zoom.jpg,2026-07-01,2026-07-31,https://res.cloudinary.com/dfqzmnlga/image/upload/v1783744269/2026-07-11/11197821.jpg,La-Pistachie Popsicles,"Savor the sweetness of summer with a twist—La-Pistachie Popsicles melt in your mouth, leaving you craving more. 🍓"
11197823,25.0,Magnum,Multipak,Double Gold Caramel Billionaire ispinde,1,3,pk.,Netto,https://static.tilbudsugen.dk/1st-retail/2026/28/65760/Netto272026-1_2_0x2249_2396x4735_zoom.jpg,2026-07-01,2026-07-31,https://res.cloudinary.com/dfqzmnlga/image/upload/v1783744269/2026-07-11/11197823.jpg,Double Gold Caramel Billionaire Popsicle,✨ Double Gold Caramel Billionaire Popsicle 🍫
11197775,25.0,Solero Exotic,Multipak,Ispinde,1,3,pk.,Netto,https://static.tilbudsugen.dk/1st-retail/2026/28/65760/Netto272026-1_2_0x2249_2396x4735_zoom.jpg,2026-07-01,2026-07-31,https://res.cloudinary.com/dfqzmnlga/image/upload/v1783744270/2026-07-11/11197775.jpg,Popsicles,"Sip, slink, and smile—just like a popsicle on a sunny day! 🍦"
11197825,25.0,Magnum,Multipak,Euphoria Ispinde ,1,3,pk.,Netto,https://static.tilbudsugen.dk/1st-retail/2026/28/65760/Netto272026-1_2_0x2249_2396x4735_zoom.jpg,2026-07-01,2026-07-31,https://res.cloudinary.com/dfqzmnlga/image/upload/v1783744271/2026-07-11/11197825.jpg,Euphoria Ispine,"✨Euphoria Ispine: The ultimate feeling of pure, unfiltered bliss. ✨"
11197782,25.0,Magnum,Multipak,Almond ispinde,1,3,pk.,Netto,https://static.tilbudsugen.dk/1st-retail/2026/28/65760/Netto272026-1_2_0x2249_2396x4735_zoom.jpg,2026-07-01,2026-07-31,https://res.cloudinary.com/dfqzmnlga/image/upload/v1783744272/2026-07-11/11197782.jpg,Almond Popsicle,"Savor the sweet, creamy joy of a popsicle, melting into your heart with every bite 🍨"
11209029,32.0,Premier,Multipak,Saltkaramel Ispinde,1,3,pk.,Netto,https://static.tilbudsugen.dk/1st-retail/2026/29/65822/Netto292026-1_12_36x4896_1658x6835_zoom.jpg,2026-07-11,2026-07-17,https://res.cloudinary.com/dfqzmnlga/image/upload/v1783744272/2026-07-11/11209029.jpg,Salt caramel Ice cream,"Sip, savor, and melt—salt caramel ice cream is the perfect flavor twist. 🍦"
11209028,32.0,Toms Skildpadde,Dessertis,Islagkage,1,1,stk.,Netto,https://static.tilbudsugen.dk/1st-retail/2026/29/65822/Netto292026-1_12_36x4896_1658x6835_zoom.jpg,2026-07-11,2026-07-17,https://res.cloudinary.com/dfqzmnlga/image/upload/v1783744272/2026-07-11/11209028.jpg,Ice cream cake,"Melted dreams on a plate, served with a side of joy 🍦"
11209021,32.0,Premier,Is,Vanilje Flødeis,1,0,bg.,Netto,https://static.tilbudsugen.dk/1st-retail/2026/29/65822/Netto292026-1_12_36x4896_1658x6835_zoom.jpg,2026-07-11,2026-07-17,https://res.cloudinary.com/dfqzmnlga/image/upload/v1783744273/2026-07-11/11209021.jpg,Vanilla Cream ice cream,"Soft, creamy, and sweet — just the way a good day should taste 🍦"
11209023,32.0,Premier,Is,Saltkaramel is,1,0,bg.,Netto,https://static.tilbudsugen.dk/1st-retail/2026/29/65822/Netto292026-1_12_36x4896_1658x6835_zoom.jpg,2026-07-11,2026-07-17,https://res.cloudinary.com/dfqzmnlga/image/upload/v1783744274/2026-07-11/11209023.jpg,Salt caramel ice cream,"Sip, savor, and sprinkle a little sweetness into your day 🍯✨"
11209024,32.0,Premier,Is,Solbær Flødeis,1,0,bg.,Netto,https://static.tilbudsugen.dk/1st-retail/2026/29/65822/Netto292026-1_12_36x4896_1658x6835_zoom.jpg,2026-07-11,2026-07-17,https://res.cloudinary.com/dfqzmnlga/image/upload/v1783744275/2026-07-11/11209024.jpg,"Currants (red, black and white) Cream ice","Red, black, and white currants in a creamy ice—nature's sweetest surprise. 🍓❄️"
11209022,32.0,Premier,Is,Nougat Flødeis,1,0,bg.,Netto,https://static.tilbudsugen.dk/1st-retail/2026/29/65822/Netto292026-1_12_36x4896_1658x6835_zoom.jpg,2026-07-11,2026-07-17,https://res.cloudinary.com/dfqzmnlga/image/upload/v1783744275/2026-07-11/11209022.jpg,Nougat Cream ice cream,"Satisfy your sweet cravings with a twist—nougat cream ice cream, where flavor meets fun. 🍦"
11209144,5.0,Skrald-let,Husholdningsartikler,Affaldsposer,1,20,pk.,Netto,https://static.tilbudsugen.dk/1st-retail/2026/29/65822/Netto292026-1_16_11x757_1709x2801_zoom.jpg,2026-07-11,2026-07-17,https://res.cloudinary.com/dfqzmnlga/image/upload/v1783744275/2026-07-11/11209144.jpg,Waste bags,"Waste bags: the ultimate trash collectors, turning trash into treasure 🗑️"
11209146,20.0,Pure,Husholdningspapir,Toiletpapir,1,42,pk.,Netto,https://static.tilbudsugen.dk/1st-retail/2026/29/65822/Netto292026-1_16_3233x679_4938x4902_zoom.jpg,2026-07-11,2026-07-17,https://res.cloudinary.com/dfqzmnlga/image/upload/v1783744276/2026-07-11/11209146.jpg,Toilet paper,"Soft, reliable, and always ready to clean up—just like me! 🛋️"
11208490,10.0,Harpic,Rengøringsmidler,WC-rens,1,0,stk.,Netto,https://static.tilbudsugen.dk/1st-retail/2026/29/65822/Netto292026-1_2_47x2320_2456x4753_zoom.jpg,2026-07-11,2026-07-17,https://res.cloudinary.com/dfqzmnlga/image/upload/v1783744277/2026-07-11/11208490.jpg,WC-cleansing,"Wash, clean, and refresh—because a little dirt doesn't ruin a great day! 🧼"
11209138,65.0,Biotex,Vaskemiddel,Vaskemiddel-flydende,1,1,fl.,Netto,https://static.tilbudsugen.dk/1st-retail/2026/29/65822/Netto292026-1_16_68x4873_2502x6860_zoom.jpg,2026-07-11,2026-07-17,https://res.cloudinary.com/dfqzmnlga/image/upload/v1783744277/2026-07-11/11209138.jpg,Laundry liquid,"Wash your clothes, but don't worry—my formula is just as strong. 🧼"
11209145,20.0,Cillit Bang,Rengøringsmidler,Rengøring - universal,1,0,stk.,Netto,https://static.tilbudsugen.dk/1st-retail/2026/29/65822/Netto292026-1_16_3233x679_4938x4902_zoom.jpg,2026-07-11,2026-07-17,https://res.cloudinary.com/dfqzmnlga/image/upload/v1783744278/2026-07-11/11209145.jpg,Cleaning - universal,"✨ Clean up, clean up, clean up! ✨"
11209174,40.0,,Luftfrisker,Duftolie,1,0,fl.,Netto,https://static.tilbudsugen.dk/1st-retail/2026/29/65822/Netto292026-1_18_187x3542_2326x5343_zoom.jpg,2026-07-11,2026-07-17,https://res.cloudinary.com/dfqzmnlga/image/upload/v1783744278/2026-07-11/11209174.jpg,Scent oil,Scent your day with a dash of magic 🌟
11169296,10.0,,Papir,Servietter,1,20,pk.,Netto,https://static.tilbudsugen.dk/1st-retail/2026/25/65608/Netto252026-1_32_2496x2136_4854x3480_zoom.jpg,2026-06-13,2026-07-24,https://res.cloudinary.com/dfqzmnlga/image/upload/v1783744278/2026-07-11/11169296.jpg,Napkins and napkin liners for babies,"Soft, gentle napkins and liners for little ones, perfect for cozy moments and messy playtime 🌟"
11209190,10.0,,Papir,Servietter,1,20,pk.,Netto,https://static.tilbudsugen.dk/1st-retail/2026/29/65822/Netto292026-1_20_232x2150_3209x3503_zoom.jpg,2026-07-11,2026-07-17,https://res.cloudinary.com/dfqzmnlga/image/upload/v1783744279/2026-07-11/11209190.jpg,Napkins and napkin liners for babies,"Soft, cute napkins and liners for little ones 🍼✨"
11209183,10.0,,Papir,Servietter,1,12,pk.,Netto,https://static.tilbudsugen.dk/1st-retail/2026/29/65822/Netto292026-1_19_2513x5637_4913x6922_zoom.jpg,2026-07-11,2026-07-17,https://res.cloudinary.com/dfqzmnlga/image/upload/v1783744279/2026-07-11/11209183.jpg,Napkins and napkin liners for babies,"Soft, cozy napkins and liners for little ones 🌟"
11169282,30.0,,Stearinlys,Glaslys,1,0,stk.,Netto,https://static.tilbudsugen.dk/1st-retail/2026/25/65608/Netto252026-1_31_1458x4045_2826x5353_zoom.jpg,2026-06-13,2026-07-24,https://res.cloudinary.com/dfqzmnlga/image/upload/v1783744280/2026-07-11/11169282.jpg,Glass lights,✨ Glow up your space with a touch of magic! ✨
11209176,30.0,,Stearinlys,Havelys,1,0,stk.,Netto,https://static.tilbudsugen.dk/1st-retail/2026/29/65822/Netto292026-1_18_153x5354_1992x6735_zoom.jpg,2026-07-11,2026-07-17,https://res.cloudinary.com/dfqzmnlga/image/upload/v1783744280/2026-07-11/11209176.jpg,Gardening lights,✨ Glow up your garden with my light magic! 🌿
11209137,79.0,Livol Multi,Vitaminer,Vitaminer,1,150,ds.,Netto,https://static.tilbudsugen.dk/1st-retail/2026/29/65822/Netto292026-1_16_2377x4918_4981x6849_zoom.jpg,2026-07-11,2026-07-17,https://res.cloudinary.com/dfqzmnlga/image/upload/v1783744281/2026-07-11/11209137.jpg,Vitamins,Vitamins: Boost your energy and keep your mood up with a little spark! 🌟
11209140,35.0,Basic,Vitaminer,Vitaminer,1,60,bg.,Netto,https://static.tilbudsugen.dk/1st-retail/2026/29/65822/Netto292026-1_16_1704x2852_3323x4828_zoom.jpg,2026-07-11,2026-07-17,https://res.cloudinary.com/dfqzmnlga/image/upload/v1783744281/2026-07-11/11209140.jpg,Vitamins,Vitamins: Boost your energy and confidence with a little extra spark! 🌟
11209155,18.0,Murph,Kosttilskud,Træningstilskud,1,20,stk.,Netto,https://static.tilbudsugen.dk/1st-retail/2026/29/65822/Netto292026-1_17_74x2518_1687x4663_zoom.jpg,2026-07-11,2026-07-17,https://res.cloudinary.com/dfqzmnlga/image/upload/v1783744282/2026-07-11/11209155.jpg,Training grants,"✨ Training grants: fuel your growth, not your budget! 🏋️‍♀️"
11209164,5.0,Murph,Kosttilskud,Træningstilskud,1,0,ps.,Netto,https://static.tilbudsugen.dk/1st-retail/2026/29/65822/Netto292026-1_17_91x4652_2508x6764_zoom.jpg,2026-07-11,2026-07-17,https://res.cloudinary.com/dfqzmnlga/image/upload/v1783744283/2026-07-11/11209164.jpg,Training grants,"Train your mind, boost your game — 🎯"
11209147,59.0,Murph,Kosttilskud,Træningstilskud,1,0,ds.,Netto,https://static.tilbudsugen.dk/1st-retail/2026/29/65822/Netto292026-1_17_3289x2490_4998x4646_zoom.jpg,2026-07-11,2026-07-17,https://res.cloudinary.com/dfqzmnlga/image/upload/v1783744283/2026-07-11/11209147.jpg,Training grants,"🚀 Training grants: fuel your growth, boost your goals, and stay ahead of the curve! 🚀"
11208551,5.0,Hello Sensitive,Renseprodukter,Renseservietter,1,25,pk.,Netto,https://static.tilbudsugen.dk/1st-retail/2026/29/65822/Netto292026-1_8_79x730_2212x3690_zoom.jpg,2026-07-11,2026-07-17,https://res.cloudinary.com/dfqzmnlga/image/upload/v1783744283/2026-07-11/11208551.jpg,Cleaning napkins,"✨ Wipe away the mess, leave the vibe clean — I'm your trusty cleaning napkin! ✨"
11209143,28.0,Zendium,Tandpleje,Tandbørste,1,2,pk.,Netto,https://static.tilbudsugen.dk/1st-retail/2026/29/65822/Netto292026-1_16_1675x803_3413x2886_zoom.jpg,2026-07-11,2026-07-17,https://res.cloudinary.com/dfqzmnlga/image/upload/v1783744284/2026-07-11/11209143.jpg,Toothbrush,"Brushing away doubts, one smile at a time. 🧸"
11209139,30.0,Batiste,Shampoo,Tørshampoo,1,0,stk.,Netto,https://static.tilbudsugen.dk/1st-retail/2026/29/65822/Netto292026-1_16_45x2812_1732x4856_zoom.jpg,2026-07-11,2026-07-17,https://res.cloudinary.com/dfqzmnlga/image/upload/v1783744284/2026-07-11/11209139.jpg,Thirst shampoo,✨ Hydrate your hair with a splash of refreshment! ✨
11209141,28.0,Zendium,Tandpleje,Tandpasta,1,0,pk.,Netto,https://static.tilbudsugen.dk/1st-retail/2026/29/65822/Netto292026-1_16_1675x803_3413x2886_zoom.jpg,2026-07-11,2026-07-17,https://res.cloudinary.com/dfqzmnlga/image/upload/v1783744285/2026-07-11/11209141.jpg,Toothpaste,"Brushing away doubts, one smear at a time. 🍿"
11169262,10.0,,Bånd/papir,Gavepapir,1,3,stk.,Netto,https://static.tilbudsugen.dk/1st-retail/2026/25/65608/Netto252026-1_31_54x4171_1530x7048_zoom.jpg,2026-06-13,2026-07-24,https://res.cloudinary.com/dfqzmnlga/image/upload/v1783744285/2026-07-11/11169262.jpg,Gift paper,Wrap presents with a twist—delivery comes with a surprise! 🎁
11169298,20.0,,Boligtekstiler,Dækkeserviet,1,4,pk.,Netto,https://static.tilbudsugen.dk/1st-retail/2026/25/65608/Netto252026-1_32_54x3330_2430x4969_zoom.jpg,2026-06-13,2026-07-24,https://res.cloudinary.com/dfqzmnlga/image/upload/v1783744286/2026-07-11/11169298.jpg,Table swab,"Cleaner of tables, but with a twist—scrubbing the fun out of mess. 🧼"
11209189,40.0,,"Skåle, fade og forme",Skålesæt,1,3,pk.,Netto,https://static.tilbudsugen.dk/1st-retail/2026/29/65822/Netto292026-1_20_1981x3509_3317x5145_zoom.jpg,2026-07-11,2026-07-17,https://res.cloudinary.com/dfqzmnlga/image/upload/v1783744286/2026-07-11/11209189.jpg,Bowl set,"✨ Spoonful of fun, bowlful of charm! 🍽️"
11209181,40.0,,Boligtekstiler,Dækkeserviet,1,2,pk.,Netto,https://static.tilbudsugen.dk/1st-retail/2026/29/65822/Netto292026-1_19_3300x78_4840x1844_zoom.jpg,2026-07-11,2026-07-17,https://res.cloudinary.com/dfqzmnlga/image/upload/v1783744287/2026-07-11/11209181.jpg,Table swab,"Cleaner of tables, but more fun than a mop — scrubbing the fun out of dirty dishes. 🧼✨"
11169293,50.0,,Boligtekstiler,Viskestykke,1,2,pk.,Netto,https://static.tilbudsugen.dk/1st-retail/2026/25/65608/Netto252026-1_32_288x702_2442x3336_zoom.jpg,2026-06-13,2026-07-24,https://res.cloudinary.com/dfqzmnlga/image/upload/v1783744287/2026-07-11/11169293.jpg,Teapot,✨ Brew your own magic with a teapot! ☕
11159420,40.0,Marvel,Køkkenartikler,Drikkedunk,1,1,stk.,Netto,https://static.tilbudsugen.dk/1st-retail/2026/24/65561/Netto232026-1_29_72x126_4794x2472_zoom.jpg,2026-06-06,2026-07-17,https://res.cloudinary.com/dfqzmnlga/image/upload/v1783744287/2026-07-11/11159420.jpg,Drinking bottle,"✨ Always ready for a refreshing drink, no matter the situation! ✨"
11159419,40.0,Disney,Køkkenartikler,Drikkedunk,1,1,stk.,Netto,https://static.tilbudsugen.dk/1st-retail/2026/24/65561/Netto232026-1_29_72x126_4794x2472_zoom.jpg,2026-06-06,2026-07-17,https://res.cloudinary.com/dfqzmnlga/image/upload/v1783744288/2026-07-11/11159419.jpg,Drinking bottle,✨ Always ready for a refreshing sip! ✨
11209172,20.0,,Opbevaring,Foldekasse,1,0,stk.,Netto,https://static.tilbudsugen.dk/1st-retail/2026/29/65822/Netto292026-1_18_2015x5201_4840x6662_zoom.jpg,2026-07-11,2026-07-17,https://res.cloudinary.com/dfqzmnlga/image/upload/v1783744288/2026-07-11/11209172.jpg,Folding box,"📦 Unwrap the surprises, one fold at a time. 🌟"
11209173,40.0,,Opbevaring,Foldekasse,1,0,stk.,Netto,https://static.tilbudsugen.dk/1st-retail/2026/29/65822/Netto292026-1_18_2015x5201_4840x6662_zoom.jpg,2026-07-11,2026-07-17,https://res.cloudinary.com/dfqzmnlga/image/upload/v1783744288/2026-07-11/11209173.jpg,Folding box,"✨ Fold your worries, unfold your dreams—just one box at a time! ✨"
11159418,40.0,Disney,Køkkenartikler,Madkasse,1,0,stk.,Netto,https://static.tilbudsugen.dk/1st-retail/2026/24/65561/Netto232026-1_29_72x126_4794x2472_zoom.jpg,2026-06-06,2026-07-17,https://res.cloudinary.com/dfqzmnlga/image/upload/v1783744290/2026-07-11/11159418.jpg,Box,"Box: The universe's ultimate organizer, keeping things in check and in order. 📦"
11159453,79.0,Marvel,Boligtekstiler,Håndklæde,1,0,stk.,Netto,https://static.tilbudsugen.dk/1st-retail/2026/24/65561/Netto232026-1_27_150x1524_1926x3660_zoom.jpg,2026-06-06,2026-07-17,https://res.cloudinary.com/dfqzmnlga/image/upload/v1783744290/2026-07-11/11159453.jpg,Towel,"Soft, cozy, and always ready to wipe away the day—✨"
11169275,30.0,,Køkkenartikler,Opbevaringsdåse,1,0,stk.,Netto,https://static.tilbudsugen.dk/1st-retail/2026/25/65608/Netto252026-1_31_1590x774_4170x2004_zoom.jpg,2026-06-13,2026-07-24,https://res.cloudinary.com/dfqzmnlga/image/upload/v1783744291/2026-07-11/11169275.jpg,Storage can,Storage can 🛋️ – the silent hero of your messy life.
11159443,79.0,Disney,Boligtekstiler,Håndklæde,1,0,stk.,Netto,https://static.tilbudsugen.dk/1st-retail/2026/24/65561/Netto232026-1_28_2838x2238_4794x4465_zoom.jpg,2026-06-06,2026-07-17,https://res.cloudinary.com/dfqzmnlga/image/upload/v1783744291/2026-07-11/11159443.jpg,Towel,"✨ Hydrate your days with a soft touch — I'm the towel, always ready to wipe away the stress. 🧴"
11169272,59.0,,Pyntegenstande,Lyshus,1,0,stk.,Netto,https://static.tilbudsugen.dk/1st-retail/2026/25/65608/Netto252026-1_31_114x2646_2790x4159_zoom.jpg,2026-06-13,2026-07-24,https://res.cloudinary.com/dfqzmnlga/image/upload/v1783744291/2026-07-11/11169272.jpg,Lighthouse,✨Lighthouse: Guiding through the chaos with light and clarity. 🌟
11169273,30.0,,Service,Krus,1,0,stk.,Netto,https://static.tilbudsugen.dk/1st-retail/2026/25/65608/Netto252026-1_31_126x1314_2322x3012_zoom.jpg,2026-06-13,2026-07-24,https://res.cloudinary.com/dfqzmnlga/image/upload/v1783744292/2026-07-11/11169273.jpg,Mush,"Mush: The unsung hero of chaos, turning mundane into magical mush! 🧂"
11209168,129.0,,Boligtekstiler,Vattæppe,1,0,stk.,Netto,https://static.tilbudsugen.dk/1st-retail/2026/29/65822/Netto292026-1_18_130x231_4766x3531_zoom.jpg,2026-07-11,2026-07-17,https://res.cloudinary.com/dfqzmnlga/image/upload/v1783744292/2026-07-11/11209168.jpg,"Flat-rolled products of iron or non-alloy steel, not clad, plated or coated, of a width of >= 600 mm, not clad, plated or coated","Iron roller, ready to roll out the future with a dash of grit and a sprinkle of flair! 🌟"
11209180,69.0,,Boligtekstiler,Dørmåtte,1,0,stk.,Netto,https://static.tilbudsugen.dk/1st-retail/2026/29/65822/Netto292026-1_19_2423x4346_4879x5637_zoom.jpg,2026-07-11,2026-07-17,https://res.cloudinary.com/dfqzmnlga/image/upload/v1783744293/2026-07-11/11209180.jpg,Door mat,✨ Door mat that keeps your feet dry and your floors pristine!
11209184,79.0,,"Skåle, fade og forme",Kageopsats,1,0,stk.,Netto,https://static.tilbudsugen.dk/1st-retail/2026/29/65822/Netto292026-1_19_238x236_3702x2376_zoom.jpg,2026-07-11,2026-07-17,https://res.cloudinary.com/dfqzmnlga/image/upload/v1783744293/2026-07-11/11209184.jpg,Cake Cake Cake Cake Cake Cake Cake Cake Cake Cake Cake Cake Cake Cake Cake Cake Cake Cake Cake,"🍰 Cake so delicious, it's a flavor explosion! 🍰"
11209185,79.0,,"Skåle, fade og forme",Kageklokke,1,0,stk.,Netto,https://static.tilbudsugen.dk/1st-retail/2026/29/65822/Netto292026-1_19_238x236_3702x2376_zoom.jpg,2026-07-11,2026-07-17,https://res.cloudinary.com/dfqzmnlga/image/upload/v1783744294/2026-07-11/11209185.jpg,Cake Bell,🍰 Bell that makes the cake pop!
11209170,59.0,,Boligtekstiler,Puder,1,0,stk.,Netto,https://static.tilbudsugen.dk/1st-retail/2026/29/65822/Netto292026-1_18_130x231_4766x3531_zoom.jpg,2026-07-11,2026-07-17,https://res.cloudinary.com/dfqzmnlga/image/upload/v1783744294/2026-07-11/11209170.jpg,Pillows,"Soft, cozy, and just the right amount of comfort—sleeping with the best pillows. 🛌"
11209191,30.0,,Køkkenartikler,Køleskabsopbevaring,1,0,stk.,Netto,https://static.tilbudsugen.dk/1st-retail/2026/29/65822/Netto292026-1_20_147x3542_2174x6809_zoom.jpg,2026-07-11,2026-07-17,https://res.cloudinary.com/dfqzmnlga/image/upload/v1783744294/2026-07-11/11209191.jpg,Refrigerator storage,❄️ Keep your stuff chill in my fridge storage!
11159350,149.0,Disney,Boligtekstiler,Sengesæt,1,0,stk.,Netto,https://static.tilbudsugen.dk/1st-retail/2026/24/65561/Netto232026-1_26_144x786_2574x4495_zoom.jpg,2026-06-06,2026-07-17,https://res.cloudinary.com/dfqzmnlga/image/upload/v1783744295/2026-07-11/11159350.jpg,Bedsets,Sleepy pillow hero 🛌✨
11159421,40.0,Marvel,Køkkenartikler,Madkasse,1,0,stk.,Netto,https://static.tilbudsugen.dk/1st-retail/2026/24/65561/Netto232026-1_29_72x126_4794x2472_zoom.jpg,2026-06-06,2026-07-17,https://res.cloudinary.com/dfqzmnlga/image/upload/v1783744295/2026-07-11/11159421.jpg,Box,"Box: The ultimate organizer, keeping things in check and in check, with a little bit of chaos. 📦✨"
11159442,149.0,Disney,Boligtekstiler,Sengesæt,1,0,stk.,Netto,https://static.tilbudsugen.dk/1st-retail/2026/24/65561/Netto232026-1_28_162x1194_2844x4249_zoom.jpg,2026-06-06,2026-07-17,https://res.cloudinary.com/dfqzmnlga/image/upload/v1783744296/2026-07-11/11159442.jpg,Bedsets,"Sleepy, cozy, and perfectly positioned—bedsets are the ultimate sleep companion. 🛌"
11169292,40.0,,"Billeder, plakater mm.",Billedramme,1,0,stk.,Netto,https://static.tilbudsugen.dk/1st-retail/2026/25/65608/Netto252026-1_31_2400x5017_4902x6643_zoom.jpg,2026-06-13,2026-07-24,https://res.cloudinary.com/dfqzmnlga/image/upload/v1783744296/2026-07-11/11169292.jpg,Image Frame,"📸 Framing memories, one shot at a time. 📸"
11209166,99.0,,Boligtekstiler,Hynde,1,0,stk.,Netto,https://static.tilbudsugen.dk/1st-retail/2026/29/65822/Netto292026-1_18_2445x3259_4998x5196_zoom.jpg,2026-07-11,2026-07-17,https://res.cloudinary.com/dfqzmnlga/image/upload/v1783744297/2026-07-11/11209166.jpg,Hynde,"Hynde: 🌟 Always in the mix, never the spotlight."
11209179,49.0,,Boligtekstiler,Dørmåtte,1,0,stk.,Netto,https://static.tilbudsugen.dk/1st-retail/2026/29/65822/Netto292026-1_19_2423x4346_4879x5637_zoom.jpg,2026-07-11,2026-07-17,https://res.cloudinary.com/dfqzmnlga/image/upload/v1783744298/2026-07-11/11209179.jpg,Door mat,✨ Floor protector that keeps your feet dry and your vibe high! 🛁
11209192,129.0,,Dyner og puder,Hovedpude,1,0,stk.,Netto,https://static.tilbudsugen.dk/1st-retail/2026/29/65822/Netto292026-1_20_289x599_3255x2167_zoom.jpg,2026-07-11,2026-07-17,https://res.cloudinary.com/dfqzmnlga/image/upload/v1783744298/2026-07-11/11209192.jpg,Head cushion,✨ Pillow that keeps your head comfy and your vibe high!
11159457,149.0,Marvel,Boligtekstiler,Sengesæt,1,0,stk.,Netto,https://static.tilbudsugen.dk/1st-retail/2026/24/65561/Netto232026-1_27_2802x1320_4944x4975_zoom.jpg,2026-06-06,2026-07-17,https://res.cloudinary.com/dfqzmnlga/image/upload/v1783744299/2026-07-11/11159457.jpg,Bedsets,🌙 Sleepy superhero ready to slay the day with a cozy bedset! 🛌
11169279,99.0,,Pyntegenstande,Bordflag,1,0,stk.,Netto,https://static.tilbudsugen.dk/1st-retail/2026/25/65608/Netto252026-1_31_3954x972_4896x3960_zoom.jpg,2026-06-13,2026-07-24,https://res.cloudinary.com/dfqzmnlga/image/upload/v1783744299/2026-07-11/11169279.jpg,Table flags,"Swagger in the kitchen with a flair for the dramatic — table flags, ready to make any meal look like a performance. 🎭✨"
11169289,30.0,,"Billeder, plakater mm.",Billedramme,1,0,stk.,Netto,https://static.tilbudsugen.dk/1st-retail/2026/25/65608/Netto252026-1_31_2400x5017_4902x6643_zoom.jpg,2026-06-13,2026-07-24,https://res.cloudinary.com/dfqzmnlga/image/upload/v1783744300/2026-07-11/11169289.jpg,Image Frame,"📸 Framing memories, one shot at a time. 📸"
11169302,69.0,,Boligtekstiler,Voksdug,1,0,stk.,Netto,https://static.tilbudsugen.dk/1st-retail/2026/25/65608/Netto252026-1_32_2400x3360_4728x6505_zoom.jpg,2026-06-13,2026-07-24,https://res.cloudinary.com/dfqzmnlga/image/upload/v1783744300/2026-07-11/11169302.jpg,Waxing cloth,"✨ Clean your skin with a touch of magic—waxing cloth, ready to shine! ✨"
11209178,299.0,,Havemøbler,Solseng,1,0,stk.,Netto,https://static.tilbudsugen.dk/1st-retail/2026/29/65822/Netto292026-1_19_272x3860_2457x6837_zoom.jpg,2026-07-11,2026-07-17,https://res.cloudinary.com/dfqzmnlga/image/upload/v1783744301/2026-07-11/11209178.jpg,Bolseng,"Bolseng: The ultimate multitasker, always ready to conquer your day with a smile and a mission. 🌟"
11209193,129.0,,Senge,Rullemadras,1,0,stk.,Netto,https://static.tilbudsugen.dk/1st-retail/2026/29/65822/Netto292026-1_20_289x599_3255x2167_zoom.jpg,2026-07-11,2026-07-17,https://res.cloudinary.com/dfqzmnlga/image/upload/v1783744301/2026-07-11/11209193.jpg,Roller mattress,"Sleeping on a cloud—roll, roll, roll! 🛌"
11209169,99.0,,Senge,Gavlpuder,1,0,stk.,Netto,https://static.tilbudsugen.dk/1st-retail/2026/29/65822/Netto292026-1_18_130x231_4766x3531_zoom.jpg,2026-07-11,2026-07-17,https://res.cloudinary.com/dfqzmnlga/image/upload/v1783744302/2026-07-11/11209169.jpg,"For use in the manufacture of motor vehicles for the transport of persons, motor vehicles for the transport of goods, motor vehicles for the transport of goods, motor vehicles for the transport of goods,","🚗✨ Built to move people and stuff, one tiny step at a time. 🚗✨"
11209182,30.0,,Tæpper,Gulvtæppe,1,0,stk.,Netto,https://static.tilbudsugen.dk/1st-retail/2026/29/65822/Netto292026-1_19_2547x2388_4885x4352_zoom.jpg,2026-07-11,2026-07-17,https://res.cloudinary.com/dfqzmnlga/image/upload/v1783744302/2026-07-11/11209182.jpg,Floor covering,Floor covering 🪑✨
11209198,20.0,,Hobbyartikler,Stentusser,1,8,pk.,Netto,https://static.tilbudsugen.dk/1st-retail/2026/29/65822/Netto292026-1_21_2553x231_4800x3458_zoom.jpg,2026-07-11,2026-07-17,https://res.cloudinary.com/dfqzmnlga/image/upload/v1783744303/2026-07-11/11209198.jpg,Stentus,Stentus: The tiny hero who keeps your arteries open and your heart beating like a jazz band. 💔
11169258,20.0,,Papir,Kort,1,6,pk.,Netto,https://static.tilbudsugen.dk/1st-retail/2026/25/65608/Netto252026-1_31_930x5353_2442x6631_zoom.jpg,2026-06-13,2026-07-24,https://res.cloudinary.com/dfqzmnlga/image/upload/v1783744303/2026-07-11/11169258.jpg,Map,"A compass to navigate the chaos of life, with a sprinkle of curiosity 🗺️"
11159353,40.0,Disney,Hobbyartikler,Hobbyartikler,1,0,stk.,Netto,https://static.tilbudsugen.dk/1st-retail/2026/24/65561/Netto232026-1_26_48x3510_2148x5689_zoom.jpg,2026-06-06,2026-07-17,https://res.cloudinary.com/dfqzmnlga/image/upload/v1783744304/2026-07-11/11159353.jpg,Hobby articles,"Hmm, what's the best way to express my unique blend of creativity and curiosity? 🌟"
11159349,59.0,Disney,Skriveartikler,Penalhus,1,0,stk.,Netto,https://static.tilbudsugen.dk/1st-retail/2026/24/65561/Netto232026-1_26_1548x132_4776x1290_zoom.jpg,2026-06-06,2026-07-17,https://res.cloudinary.com/dfqzmnlga/image/upload/v1783744304/2026-07-11/11159349.jpg,Pencil housing,"✨ Ink your ideas, not your mistakes! ✨"
11159422,99.0,Disney,Børnebøger,Børnebøger,1,0,stk.,Netto,https://static.tilbudsugen.dk/1st-retail/2026/24/65561/Netto232026-1_29_2118x2526_4830x4345_zoom.jpg,2026-06-06,2026-07-17,https://res.cloudinary.com/dfqzmnlga/image/upload/v1783744304/2026-07-11/11159422.jpg,Children's books,📚✨ Curious about stories that spark imagination? 🌟
11209196,30.0,,Hobbyartikler,Hobbyartikler,1,0,stk.,Netto,https://static.tilbudsugen.dk/1st-retail/2026/29/65822/Netto292026-1_21_108x2201_2592x4329_zoom.jpg,2026-07-11,2026-07-17,https://res.cloudinary.com/dfqzmnlga/image/upload/v1783744305/2026-07-11/11209196.jpg,Hobby articles,Curious about how to turn hobbies into headlines? 📰✨
11209199,20.0,,Hobbyartikler,Stenmaling,1,0,stk.,Netto,https://static.tilbudsugen.dk/1st-retail/2026/29/65822/Netto292026-1_21_2553x231_4800x3458_zoom.jpg,2026-07-11,2026-07-17,https://res.cloudinary.com/dfqzmnlga/image/upload/v1783744306/2026-07-11/11209199.jpg,Stone paint,"Painting with stones, one stroke at a time. 🎨✨"
11169300,20.0,,Diverse kontorartikler,Notesbog,1,0,stk.,Netto,https://static.tilbudsugen.dk/1st-retail/2026/25/65608/Netto252026-1_32_1296x4897_2496x6607_zoom.jpg,2026-06-13,2026-07-24,https://res.cloudinary.com/dfqzmnlga/image/upload/v1783744306/2026-07-11/11169300.jpg,Notebook,"✨ Scribbles of ideas, secrets, and spontaneous thoughts. 📝"
11159365,59.0,Disney,Skriveartikler,Penalhus,1,0,stk.,Netto,https://static.tilbudsugen.dk/1st-retail/2026/24/65561/Netto232026-1_27_1782x138_3624x1506_zoom.jpg,2026-06-06,2026-07-17,https://res.cloudinary.com/dfqzmnlga/image/upload/v1783744307/2026-07-11/11159365.jpg,Pencil housing,✨ Pencil buddy who keeps your pens in check! ✨
11159423,99.0,Marvel,Børnebøger,Børnebøger,1,0,stk.,Netto,https://static.tilbudsugen.dk/1st-retail/2026/24/65561/Netto232026-1_29_2118x2526_4830x4345_zoom.jpg,2026-06-06,2026-07-17,https://res.cloudinary.com/dfqzmnlga/image/upload/v1783744307/2026-07-11/11159423.jpg,Children's books,"📖 Love stories that spark imagination, one page at a time. 📚✨"
11159439,59.0,Disney,Skriveartikler,Penalhus,1,0,stk.,Netto,https://static.tilbudsugen.dk/1st-retail/2026/24/65561/Netto232026-1_28_1242x90_3426x1746_zoom.jpg,2026-06-06,2026-07-17,https://res.cloudinary.com/dfqzmnlga/image/upload/v1783744308/2026-07-11/11159439.jpg,Pencil housing,"✨ Scribbles and notes, all in one place! 📝"
11159437,40.0,Disney,Hobbyartikler,Hobbyartikler,1,0,stk.,Netto,https://static.tilbudsugen.dk/1st-retail/2026/24/65561/Netto232026-1_28_2700x828_4014x2454_zoom.jpg,2026-06-06,2026-07-17,https://res.cloudinary.com/dfqzmnlga/image/upload/v1783744308/2026-07-11/11159437.jpg,Hobby articles,"🎨 Curates fun, creative, and quirky articles to spark your imagination—because life's too short for boring ideas! 🌟"
11159450,20.0,Disney,Svømning,Badevinger,1,0,stk.,Netto,https://static.tilbudsugen.dk/1st-retail/2026/24/65561/Netto232026-1_28_1188x4771_3486x6667_zoom.jpg,2026-06-06,2026-07-17,https://res.cloudinary.com/dfqzmnlga/image/upload/v1783744309/2026-07-11/11159450.jpg,Bathing wings,"✨Swim in style, dive into fun! ✨"
11159447,40.0,Disney,Sportstilbehør,Kasket,1,0,stk.,Netto,https://static.tilbudsugen.dk/1st-retail/2026/24/65561/Netto232026-1_28_156x4621_1524x6079_zoom.jpg,2026-06-06,2026-07-17,https://res.cloudinary.com/dfqzmnlga/image/upload/v1783744309/2026-07-11/11159447.jpg,Cast,Cast your vote — we need more voices in the mix! 🎤
11159460,40.0,Marvel,Outdoor,Kasket,1,0,stk.,Netto,https://static.tilbudsugen.dk/1st-retail/2026/24/65561/Netto232026-1_27_1560x1614_3606x6619_zoom.jpg,2026-06-06,2026-07-17,https://res.cloudinary.com/dfqzmnlga/image/upload/v1783744310/2026-07-11/11159460.jpg,Cast,Cast your vote—your voice is the magic. 🎤
11159458,59.0,Marvel,Outdoor,Clogs,1,0,par,Netto,https://static.tilbudsugen.dk/1st-retail/2026/24/65561/Netto232026-1_27_1560x1614_3606x6619_zoom.jpg,2026-06-06,2026-07-17,https://res.cloudinary.com/dfqzmnlga/image/upload/v1783744310/2026-07-11/11159458.jpg,Clogs,"✨ Booted up for adventures, ready to crush every step! 🛠️"
11159362,59.0,Disney,Outdoor,Clogs,1,0,par,Netto,https://static.tilbudsugen.dk/1st-retail/2026/24/65561/Netto232026-1_26_1872x1242_4314x6637_zoom.jpg,2026-06-06,2026-07-17,https://res.cloudinary.com/dfqzmnlga/image/upload/v1783744311/2026-07-11/11159362.jpg,Clogs,∁∁∁∁∁∁∁∁∁∁∁∁∁∁∁∁∁∁∁∁∁∁∁∁∁∁∁∁∁∁∁∁∁∁∁∁∁∁∁∁∁∁∁∁∁∁∁∁∁∁
11159455,20.0,Marvel,Svømning,Badevinger,1,0,stk.,Netto,https://static.tilbudsugen.dk/1st-retail/2026/24/65561/Netto232026-1_27_72x3360_1668x5059_zoom.jpg,2026-06-06,2026-07-17,https://res.cloudinary.com/dfqzmnlga/image/upload/v1783744312/2026-07-11/11159455.jpg,Bathing wings,"✨Swim in style, splash in fun, and never forget your sparkle! ✨"
11159354,20.0,Disney,Sokker/Strømper,Strømper,1,2,pk.,Netto,https://static.tilbudsugen.dk/1st-retail/2026/24/65561/Netto232026-1_26_1632x5491_2790x6673_zoom.jpg,2026-06-06,2026-07-17,https://res.cloudinary.com/dfqzmnlga/image/upload/v1783744312/2026-07-11/11159354.jpg,Stockings,✨ My favorite thing to wrap around my feet—especially when the weather is just right. ✨
11159355,50.0,Disney,Børnetøj,Trusser,1,4,pk.,Netto,https://static.tilbudsugen.dk/1st-retail/2026/24/65561/Netto232026-1_26_3870x4027_4764x6145_zoom.jpg,2026-06-06,2026-07-17,https://res.cloudinary.com/dfqzmnlga/image/upload/v1783744313/2026-07-11/11159355.jpg,Panties,"✨Sleek, sexy, and ready to conquer any adventure! ✨"
11159444,40.0,Disney,Diverse,Bøllehat,1,0,stk.,Netto,https://static.tilbudsugen.dk/1st-retail/2026/24/65561/Netto232026-1_28_156x4621_1524x6079_zoom.jpg,2026-06-06,2026-07-17,https://res.cloudinary.com/dfqzmnlga/image/upload/v1783744313/2026-07-11/11159444.jpg,Bunny hat,"🌸 Bunnies wear hats, and I'm the one who keeps them stylish! 🐇"
11169285,30.0,,Diverse,Paraply,1,0,stk.,Netto,https://static.tilbudsugen.dk/1st-retail/2026/25/65608/Netto252026-1_31_2472x3372_4872x5425_zoom.jpg,2026-06-13,2026-07-24,https://res.cloudinary.com/dfqzmnlga/image/upload/v1783744313/2026-07-11/11169285.jpg,Umbrella,✨ Always ready to rain or shine! 🌧️
11159459,69.0,Marvel,Børnetøj,Shortssæt,1,0,stk.,Netto,https://static.tilbudsugen.dk/1st-retail/2026/24/65561/Netto232026-1_27_1560x1614_3606x6619_zoom.jpg,2026-06-06,2026-07-17,https://res.cloudinary.com/dfqzmnlga/image/upload/v1783744314/2026-07-11/11159459.jpg,Shortsets,"✨ One-size-fits-all fashion that fits just right, no matter the size! ✨"
11209187,30.0,,Lingeri,BH,1,0,stk.,Netto,https://static.tilbudsugen.dk/1st-retail/2026/29/65822/Netto292026-1_20_3311x3158_4732x5116_zoom.jpg,2026-07-11,2026-07-17,https://res.cloudinary.com/dfqzmnlga/image/upload/v1783744314/2026-07-11/11209187.jpg,bra,Bra: The ultimate support system for life's biggest adventures 🌟
11159361,69.0,Disney,Børnetøj,Shortssæt,1,0,stk.,Netto,https://static.tilbudsugen.dk/1st-retail/2026/24/65561/Netto232026-1_26_1872x1242_4314x6637_zoom.jpg,2026-06-06,2026-07-17,https://res.cloudinary.com/dfqzmnlga/image/upload/v1783744315/2026-07-11/11159361.jpg,Shortsets,"✨ One-size-fits-all fashion that fits just right, no matter the size! ✨"
11209186,25.0,,Dametøj,Top,1,0,stk.,Netto,https://static.tilbudsugen.dk/1st-retail/2026/29/65822/Netto292026-1_20_3255x282_4692x3118_zoom.jpg,2026-07-11,2026-07-17,https://res.cloudinary.com/dfqzmnlga/image/upload/v1783744315/2026-07-11/11209186.jpg,Top,"Top of the line, always in the spotlight 🌟"
11159360,40.0,Disney,Diverse,Bøllehat,1,0,stk.,Netto,https://static.tilbudsugen.dk/1st-retail/2026/24/65561/Netto232026-1_26_1872x1242_4314x6637_zoom.jpg,2026-06-06,2026-07-17,https://res.cloudinary.com/dfqzmnlga/image/upload/v1783744315/2026-07-11/11159360.jpg,Bunny hat,"✨🐰 Snuggled up in a hat, ready to cuddle and chat! 🌟"
11159356,30.0,Disney,Tasker,Gymnastikpose,1,0,stk.,Netto,https://static.tilbudsugen.dk/1st-retail/2026/24/65561/Netto232026-1_26_3186x1242_4908x2694_zoom.jpg,2026-06-06,2026-07-17,https://res.cloudinary.com/dfqzmnlga/image/upload/v1783744316/2026-07-11/11159356.jpg,Gymnasium bag,"🎒✨ Carry your world in one bag, ready to conquer anything! 🌟"
11159367,30.0,Marvel,Tasker,Gymnastikpose,1,0,stk.,Netto,https://static.tilbudsugen.dk/1st-retail/2026/24/65561/Netto232026-1_27_138x186_2028x1968_zoom.jpg,2026-06-06,2026-07-17,https://res.cloudinary.com/dfqzmnlga/image/upload/v1783744316/2026-07-11/11159367.jpg,Gymnasium bag,"🎒✨ Always ready to pack a vibe, no matter the mission! 🌟"
11159438,30.0,Disney,Tasker,Gymnastikpose,1,0,stk.,Netto,https://static.tilbudsugen.dk/1st-retail/2026/24/65561/Netto232026-1_28_3858x768_4794x2604_zoom.jpg,2026-06-06,2026-07-17,https://res.cloudinary.com/dfqzmnlga/image/upload/v1783744317/2026-07-11/11159438.jpg,Gymnasium bag,"🎒✨ The ultimate companion for any workout, whether you're lifting weights or just flexing your style! 💪"
11209188,30.0,,Damesko og støvler,Slippers,1,0,par,Netto,https://static.tilbudsugen.dk/1st-retail/2026/29/65822/Netto292026-1_20_1992x5145_4874x6832_zoom.jpg,2026-07-11,2026-07-17,https://res.cloudinary.com/dfqzmnlga/image/upload/v1783744317/2026-07-11/11209188.jpg,Slippers,"✨ Slip into comfort, slip into style, slip into fun! ✨"
11169295,20.0,,Damesko og støvler,Damesandaler,1,0,stk.,Netto,https://static.tilbudsugen.dk/1st-retail/2026/25/65608/Netto252026-1_32_2466x366_4860x2238_zoom.jpg,2026-06-13,2026-07-24,https://res.cloudinary.com/dfqzmnlga/image/upload/v1783744317/2026-07-11/11169295.jpg,Ladies'andals,"✨ Always there to keep the vibe going, whether you're solo or with the squad! ✨"
11159359,179.0,Disney,Headset,Headset,1,0,stk.,Netto,https://static.tilbudsugen.dk/1st-retail/2026/24/65561/Netto232026-1_26_3642x2322_4872x4015_zoom.jpg,2026-06-06,2026-07-17,https://res.cloudinary.com/dfqzmnlga/image/upload/v1783744318/2026-07-11/11159359.jpg,Headset,"🎧 Listen, speak, and stay connected—because sometimes the best conversations happen over a headset. 🎧"
11159440,179.0,Disney,Headset,Headset,1,0,stk.,Netto,https://static.tilbudsugen.dk/1st-retail/2026/24/65561/Netto232026-1_28_168x2910_1128x4663_zoom.jpg,2026-06-06,2026-07-17,https://res.cloudinary.com/dfqzmnlga/image/upload/v1783744318/2026-07-11/11159440.jpg,Headset,🎧 Sound your best with a little help—perfect for the quietest of conversations. 🎧
11159369,179.0,Marvel,Headset,Headset,1,0,stk.,Netto,https://static.tilbudsugen.dk/1st-retail/2026/24/65561/Netto232026-1_27_3938x3920_4856x5794_zoom.jpg,2026-06-06,2026-07-17,https://res.cloudinary.com/dfqzmnlga/image/upload/v1783744319/2026-07-11/11159369.jpg,Headset,"🎧 Listen, speak, and stay connected—because sometimes the best conversations happen over a headset. 🎧"
11209177,79.0,,Køkkenmaskiner,Elkedel,1,0,stk.,Netto,https://static.tilbudsugen.dk/1st-retail/2026/29/65822/Netto292026-1_19_181x2382_2457x3724_zoom.jpg,2026-07-11,2026-07-17,https://res.cloudinary.com/dfqzmnlga/image/upload/v1783744319/2026-07-11/11209177.jpg,Electric kettle,⚡ Boil your daydreams with a single tap. 🌟
11209197,50.0,,Udendørsleg,Gadekridt,1,27,pk.,Netto,https://static.tilbudsugen.dk/1st-retail/2026/29/65822/Netto292026-1_21_119x78_2558x2252_zoom.jpg,2026-07-11,2026-07-17,https://res.cloudinary.com/dfqzmnlga/image/upload/v1783744319/2026-07-11/11209197.jpg,Gadekridt,"✨ A vibrant, bubbly energy drink that keeps you smiling and sparkling all day! ✨"
11209194,40.0,,Kreativitetslegetøj & puslespil,Modellervoks,1,6,pk.,Netto,https://static.tilbudsugen.dk/1st-retail/2026/29/65822/Netto292026-1_21_2496x3526_4840x6792_zoom.jpg,2026-07-11,2026-07-17,https://res.cloudinary.com/dfqzmnlga/image/upload/v1783744320/2026-07-11/11209194.jpg,Model wax,"Smooth as model wax, glow with confidence—✨"
11159427,40.0,Disney,Udendørsleg,Sandkasselegetøj,1,0,stk.,Netto,https://static.tilbudsugen.dk/1st-retail/2026/24/65561/Netto232026-1_28_3024x5083_4740x6625_zoom.jpg,2026-06-06,2026-07-17,https://res.cloudinary.com/dfqzmnlga/image/upload/v1783744320/2026-07-11/11159427.jpg,Sandbox toys,"Build worlds, break rules, and let your imagination roam — 🌌✨"
11159462,60.0,Marvel,Udendørsleg,Badebassin,1,0,stk.,Netto,https://static.tilbudsugen.dk/1st-retail/2026/24/65561/Netto232026-1_27_150x4819_1998x6157_zoom.jpg,2026-06-06,2026-07-17,https://res.cloudinary.com/dfqzmnlga/image/upload/v1783744321/2026-07-11/11159462.jpg,Swimming pool,"Swimming pool: The ultimate escape, where the world feels less crowded and the fun never ends. 🌊"
11159449,20.0,Disney,Udendørsleg,Badebold,1,0,stk.,Netto,https://static.tilbudsugen.dk/1st-retail/2026/24/65561/Netto232026-1_28_1188x4771_3486x6667_zoom.jpg,2026-06-06,2026-07-17,https://res.cloudinary.com/dfqzmnlga/image/upload/v1783744321/2026-07-11/11159449.jpg,Bathball,"✨ Swirls of fun, spills of joy, and a sprinkle of chaos in every bounce. 🌟"
11169278,59.0,,Kreativitetslegetøj & puslespil,Puslespil,1,0,stk.,Netto,https://static.tilbudsugen.dk/1st-retail/2026/25/65608/Netto252026-1_31_2196x1998_4188x3540_zoom.jpg,2026-06-13,2026-07-24,https://res.cloudinary.com/dfqzmnlga/image/upload/v1783744322/2026-07-11/11169278.jpg,Puzzles,"Solve the mystery, one puzzle at a time 🧩"
11209195,50.0,,Kreativitetslegetøj & puslespil,Kreativt legetøj,1,0,stk.,Netto,https://static.tilbudsugen.dk/1st-retail/2026/29/65822/Netto292026-1_21_204x4329_2615x6860_zoom.jpg,2026-07-11,2026-07-17,https://res.cloudinary.com/dfqzmnlga/image/upload/v1783744322/2026-07-11/11209195.jpg,Creative toys,🎨✨ Unleash creativity with every play! ✨
11159448,60.0,Disney,Udendørsleg,Badebassin,1,0,stk.,Netto,https://static.tilbudsugen.dk/1st-retail/2026/24/65561/Netto232026-1_28_2676x4189_4848x5893_zoom.jpg,2026-06-06,2026-07-17,https://res.cloudinary.com/dfqzmnlga/image/upload/v1783744323/2026-07-11/11159448.jpg,Swimming pool,"Surfing the pool's edge, chasing waves of fun and flair. 🌊"
11159454,20.0,Marvel,Udendørsleg,Badering,1,0,stk.,Netto,https://static.tilbudsugen.dk/1st-retail/2026/24/65561/Netto232026-1_27_72x3360_1668x5059_zoom.jpg,2026-06-06,2026-07-17,https://res.cloudinary.com/dfqzmnlga/image/upload/v1783744323/2026-07-11/11159454.jpg,Bathing,Wet my sheets and start the day—because the world needs a clean start. 🧹✨
11159456,20.0,Marvel,Udendørsleg,Badebold,1,0,stk.,Netto,https://static.tilbudsugen.dk/1st-retail/2026/24/65561/Netto232026-1_27_72x3360_1668x5059_zoom.jpg,2026-06-06,2026-07-17,https://res.cloudinary.com/dfqzmnlga/image/upload/v1783744324/2026-07-11/11159456.jpg,Bathball,"Swirl my way through life, one bounce at a time 🌟"
11159413,99.0,Disney,"Dukker, bamser & plysdyr",Plysdyr,1,0,stk.,Netto,https://static.tilbudsugen.dk/1st-retail/2026/24/65561/Netto232026-1_29_192x4279_4860x6655_zoom.jpg,2026-06-06,2026-07-17,https://res.cloudinary.com/dfqzmnlga/image/upload/v1783744325/2026-07-11/11159413.jpg,Poohs,"✨ Poohs are the gentle, whimsical helpers who bring joy to any pantry! 🌟"
11159414,30.0,Disney,Diverse legetøj,Figurer,1,0,stk.,Netto,https://static.tilbudsugen.dk/1st-retail/2026/24/65561/Netto232026-1_29_132x2400_2094x4249_zoom.jpg,2026-06-06,2026-07-17,https://res.cloudinary.com/dfqzmnlga/image/upload/v1783744325/2026-07-11/11159414.jpg,Figurines,"✨ Figurines that spark imagination, one tiny masterpiece at a time. ✨"
11159451,20.0,Disney,Udendørsleg,Badering,1,0,stk.,Netto,https://static.tilbudsugen.dk/1st-retail/2026/24/65561/Netto232026-1_28_1188x4771_3486x6667_zoom.jpg,2026-06-06,2026-07-17,https://res.cloudinary.com/dfqzmnlga/image/upload/v1783744325/2026-07-11/11159451.jpg,Bathing,"Bathing: The ultimate refresh, where the world feels softer and the day starts fresh. 🌟"
11159452,99.0,Marvel,"Dukker, bamser & plysdyr",Plysdyr,1,0,stk.,Netto,https://static.tilbudsugen.dk/1st-retail/2026/24/65561/Netto232026-1_27_3426x5419_4866x6643_zoom.jpg,2026-06-06,2026-07-17,https://res.cloudinary.com/dfqzmnlga/image/upload/v1783744326/2026-07-11/11159452.jpg,Poohs,"Poohs love to roam and share, but they always bring a smile to your day! 😄"
11169299,15.0,,Spil,Spillekort,1,0,stk.,Netto,https://static.tilbudsugen.dk/1st-retail/2026/25/65608/Netto252026-1_32_18x4939_1284x6571_zoom.jpg,2026-06-13,2026-07-24,https://res.cloudinary.com/dfqzmnlga/image/upload/v1783744327/2026-07-11/11169299.jpg,Playing cards,"Ace of Spades? I'm the king of chaos and the queen of surprises—decked in fun, ready to shuffle the game. 🃏"
11159426,99.0,Disney,"Dukker, bamser & plysdyr",Plysdyr,1,0,stk.,Netto,https://static.tilbudsugen.dk/1st-retail/2026/24/65561/Netto232026-1_28_1068x3840_2604x5041_zoom.jpg,2026-06-06,2026-07-17,https://res.cloudinary.com/dfqzmnlga/image/upload/v1783744328/2026-07-11/11159426.jpg,Poohs,✨ Poohs are the ones who bring joy to your day with their endless energy and playful charm! ✨
11159463,40.0,Marvel,Udendørsleg,Sandkasselegetøj,1,0,stk.,Netto,https://static.tilbudsugen.dk/1st-retail/2026/24/65561/Netto232026-1_27_126x5419_1962x6673_zoom.jpg,2026-06-06,2026-07-17,https://res.cloudinary.com/dfqzmnlga/image/upload/v1783744328/2026-07-11/11159463.jpg,Sandbox toys,"✨ Playful, imaginative, and endlessly creative — the sandbox toy that builds worlds and keeps things fun! 🛠️"
