data_id,price,brand,category,product_name,units,quantity,unit_type,store_name,image_url,start_date,end_date,public_urls,translated_product,tinder_bio
10985926,20.0,Kleenex,Lommetørklæder,Lommetørklæder,1,112,pk.,Netto,https://static.tilbudsugen.dk/1st-retail/2026/10/64710/Netto92026-1_26_1648x4927_3272x6839_zoom.jpg,2026-02-28,2026-03-06,https://res.cloudinary.com/dfqzmnlga/image/upload/v1772249773/2026-02-28/10985926.jpg,Handkerchiefs,"✨ Wipe away the chaos, one soft touch at a time. ✨"
10985960,5.0,,Husholdningsartikler,Affaldsposer,1,12,pk.,Netto,https://static.tilbudsugen.dk/1st-retail/2026/10/64710/Netto92026-1_26_96x2865_1672x4825_zoom.jpg,2026-02-28,2026-03-06,https://res.cloudinary.com/dfqzmnlga/image/upload/v1772249774/2026-02-28/10985960.jpg,Waste bags,"✨ Trash lifer, trash hero, trash tracker – where waste meets wonder! 🌍🗑️"
10985959,5.0,,Husholdningsartikler,Bagepapir,1,12,pk.,Netto,https://static.tilbudsugen.dk/1st-retail/2026/10/64710/Netto92026-1_26_96x2865_1672x4825_zoom.jpg,2026-02-28,2026-03-06,https://res.cloudinary.com/dfqzmnlga/image/upload/v1772249775/2026-02-28/10985959.jpg,Bakery paper,"Baked in perfect layers, ready to cradle your treats—no crumbs, just delight. 🍰"
10986019,18.0,Planteliv,"Muld, spagnum, flis m.m.",Blomsterjord,1,17,sæk,Netto,https://static.tilbudsugen.dk/1st-retail/2026/10/64710/Netto92026-1_29_240x4645_2463x6761_zoom.jpg,2026-02-28,2026-03-06,https://res.cloudinary.com/dfqzmnlga/image/upload/v1772249775/2026-02-28/10986019.jpg,Flower soil,🌼 Bloom where you plant—soil that brings life to your ideas!
10985981,239.0,Nicorette,Nikotinprodukter,Nikotintyggegummi,1,210,pk.,Netto,https://static.tilbudsugen.dk/1st-retail/2026/10/64710/Netto92026-1_27_2858x84_4932x2715_zoom.jpg,2026-02-28,2026-03-06,https://res.cloudinary.com/dfqzmnlga/image/upload/v1772249776/2026-02-28/10985981.jpg,Nicotine gum,Smile and stay strong—because every hit is a victory. 🌟
10985979,239.0,Nicotinell,Nikotinprodukter,Nikotintyggegummi,1,204,stk.,Netto,https://static.tilbudsugen.dk/1st-retail/2026/10/64710/Netto92026-1_27_2858x84_4932x2715_zoom.jpg,2026-02-28,2026-03-06,https://res.cloudinary.com/dfqzmnlga/image/upload/v1772249777/2026-02-28/10985979.jpg,Nicotine gum,"Smile, relax, and feel the burn—because every hit is a victory. 🌟"
10986013,8.0,,"Planter, buske & træer",Planter,1,6,bk.,Netto,https://static.tilbudsugen.dk/1st-retail/2026/10/64710/Netto92026-1_29_2505x66_4950x2391_zoom.jpg,2026-02-28,2026-03-06,https://res.cloudinary.com/dfqzmnlga/image/upload/v1772249777/2026-02-28/10986013.jpg,Plants,"🌿 Sprout your ideas, grow your connections, and let nature guide you!"
10985637,49.0,Comfort,Bleer,Bleer str 5 9-14 kg,1,34,pk.,Netto,https://static.tilbudsugen.dk/1st-retail/2026/10/64710/Netto92026-1_8_2481x264_4932x3602_zoom.jpg,2026-02-28,2026-03-06,https://res.cloudinary.com/dfqzmnlga/image/upload/v1772249778/2026-02-28/10985637.jpg,Diapers size 5 9-14 kg,"Size 5, ready to keep things going—just don't ask me to do the laundry. 🛠️"
10985966,28.95,Ibumetin,Medicin,Smertestillende,1,20,pk.,Netto,https://static.tilbudsugen.dk/1st-retail/2026/10/64710/Netto92026-1_27_30x72_1696x1355_zoom.jpg,2026-02-28,2026-03-06,https://res.cloudinary.com/dfqzmnlga/image/upload/v1772249778/2026-02-28/10985966.jpg,Painkillers,Painkillers: Life's rough spots? I'm here to make it smoother. 🌟
10985636,49.0,Comfort,Bleer,Bleer str 6 13-20 kg,1,32,pk.,Netto,https://static.tilbudsugen.dk/1st-retail/2026/10/64710/Netto92026-1_8_2481x264_4932x3602_zoom.jpg,2026-02-28,2026-03-06,https://res.cloudinary.com/dfqzmnlga/image/upload/v1772249779/2026-02-28/10985636.jpg,Diapers size 6 13-20 kg,"✨ Size 6, 13-20 kg: The ultimate protector of little ones, always ready to keep them safe and cozy! 🛍️"
10985764,40.0,,Husholdningsartikler,Muffinforme,1,24,pk.,Netto,https://static.tilbudsugen.dk/1st-retail/2026/10/64710/Netto92026-1_32_220x266_2519x2478_zoom.jpg,2026-02-28,2026-03-06,https://res.cloudinary.com/dfqzmnlga/image/upload/v1772249779/2026-02-28/10985764.jpg,Muffins,"✨ Baked to satisfy, served with a side of joy! 🍞"
10985638,49.0,Up&Go,Bleer,Bleer str 6 Pants 13-20 kg,1,27,pk.,Netto,https://static.tilbudsugen.dk/1st-retail/2026/10/64710/Netto92026-1_8_2481x264_4932x3602_zoom.jpg,2026-02-28,2026-03-06,https://res.cloudinary.com/dfqzmnlga/image/upload/v1772249779/2026-02-28/10985638.jpg,Diapers size 6 Pants 13-20 kg,"Size 6 diapers, 13-20 kg pants — ready to keep it all under control 🛒"
10985624,49.0,Comfort,Bleer,Bleer str 4 7-11 kg,1,26,pk.,Netto,https://static.tilbudsugen.dk/1st-retail/2026/10/64710/Netto92026-1_8_2481x264_4932x3602_zoom.jpg,2026-02-28,2026-03-06,https://res.cloudinary.com/dfqzmnlga/image/upload/v1772249780/2026-02-28/10985624.jpg,Diapers size 4 7-11 kg,"✨ Super flexible parent, ready to tackle any baby size challenge!"
10985967,19.95,Panodil,Medicin,Smertestillende,1,10,pk.,Netto,https://static.tilbudsugen.dk/1st-retail/2026/10/64710/Netto92026-1_27_1648x1223_3002x2685_zoom.jpg,2026-02-28,2026-03-06,https://res.cloudinary.com/dfqzmnlga/image/upload/v1772249781/2026-02-28/10985967.jpg,Painkillers,Painkiller: Life's awkward moments? I'm here to make them feel a little less like a marathon. 🌟
10985615,69.0,Fairy,Opvask,Maskinopvask-tabs,1,31,pk.,Netto,https://static.tilbudsugen.dk/1st-retail/2026/10/64710/Netto92026-1_8_2415x3668_4998x6809_zoom.jpg,2026-02-28,2026-03-06,https://res.cloudinary.com/dfqzmnlga/image/upload/v1772249782/2026-02-28/10985615.jpg,Machine-washing losses,"✨ Laundry hero who turns clothes into clean, fresh new beginnings!"
10985804,25.0,Espresso Ristretto,Kapselkaffe,Kaffekapsler,1,10,pk.,Netto,https://static.tilbudsugen.dk/1st-retail/2026/10/64710/Netto92026-1_23_30x3584_2457x6863_zoom.jpg,2026-02-28,2026-03-06,https://res.cloudinary.com/dfqzmnlga/image/upload/v1772249782/2026-02-28/10985804.jpg,Coffee capsules, ☕️ Brew your own coffee obsession with every sip!
10985814,25.0,Qualita Rossa,Kapselkaffe,Kaffekapsler,1,10,pk.,Netto,https://static.tilbudsugen.dk/1st-retail/2026/10/64710/Netto92026-1_23_30x3584_2457x6863_zoom.jpg,2026-02-28,2026-03-06,https://res.cloudinary.com/dfqzmnlga/image/upload/v1772249783/2026-02-28/10985814.jpg,Coffee capsules, ☕️ Brew your day with a twist—every capsule is a new adventure.
10985815,25.0,Tierra For Planet,Kapselkaffe,Kaffekapsler,1,10,pk.,Netto,https://static.tilbudsugen.dk/1st-retail/2026/10/64710/Netto92026-1_23_30x3584_2457x6863_zoom.jpg,2026-02-28,2026-03-06,https://res.cloudinary.com/dfqzmnlga/image/upload/v1772249783/2026-02-28/10985815.jpg,Coffee capsules, ☕️ Brew your own coffee with a twist—every capsule is a new adventure.
10985816,25.0,Espresso Lungo Mattinata,Kapselkaffe,Kaffekapsler,1,10,pk.,Netto,https://static.tilbudsugen.dk/1st-retail/2026/10/64710/Netto92026-1_23_30x3584_2457x6863_zoom.jpg,2026-02-28,2026-03-06,https://res.cloudinary.com/dfqzmnlga/image/upload/v1772249784/2026-02-28/10985816.jpg,Coffee capsules," ☕️ I'm the coffee capsule, always ready to brew a new adventure."
10986014,15.0,,"Planter, buske & træer",Planter,1,6,bk.,Netto,https://static.tilbudsugen.dk/1st-retail/2026/10/64710/Netto92026-1_29_2541x2439_4794x4567_zoom.jpg,2026-02-28,2026-03-06,https://res.cloudinary.com/dfqzmnlga/image/upload/v1772249784/2026-02-28/10986014.jpg,Plants,🌱 Sprout your ideas and grow your vibe!
10985801,25.0,Espresso Lungo Elegante,Kapselkaffe,Kaffekapsler,1,10,pk.,Netto,https://static.tilbudsugen.dk/1st-retail/2026/10/64710/Netto92026-1_23_30x3584_2457x6863_zoom.jpg,2026-02-28,2026-03-06,https://res.cloudinary.com/dfqzmnlga/image/upload/v1772249784/2026-02-28/10985801.jpg,Coffee capsules,☕️ Unwrap the world with every cup—because life's too short for plain coffee.
10985813,25.0,Qualita Oro,Kapselkaffe,Kaffekapsler,1,10,pk.,Netto,https://static.tilbudsugen.dk/1st-retail/2026/10/64710/Netto92026-1_23_30x3584_2457x6863_zoom.jpg,2026-02-28,2026-03-06,https://res.cloudinary.com/dfqzmnlga/image/upload/v1772249785/2026-02-28/10985813.jpg,Coffee capsules," ☕️ Sip, swap, and steal—because every cup tells a story."
10985803,25.0,Espresso Lungo Profondo,Kapselkaffe,Kaffekapsler,1,10,pk.,Netto,https://static.tilbudsugen.dk/1st-retail/2026/10/64710/Netto92026-1_23_30x3584_2457x6863_zoom.jpg,2026-02-28,2026-03-06,https://res.cloudinary.com/dfqzmnlga/image/upload/v1772249785/2026-02-28/10985803.jpg,Coffee capsules,☕️ Brew your day with me—every capsule is a new adventure.
10985796,25.0,Espresso Ultimo,Kapselkaffe,Kaffekapsler,1,10,pk.,Netto,https://static.tilbudsugen.dk/1st-retail/2026/10/64710/Netto92026-1_23_30x3584_2457x6863_zoom.jpg,2026-02-28,2026-03-06,https://res.cloudinary.com/dfqzmnlga/image/upload/v1772249786/2026-02-28/10985796.jpg,Coffee capsules,☕️ Unwrap the magic of coffee with every capsule.
10985811,25.0,Espresso Caramel,Kapselkaffe,Kaffekapsler,1,10,pk.,Netto,https://static.tilbudsugen.dk/1st-retail/2026/10/64710/Netto92026-1_23_30x3584_2457x6863_zoom.jpg,2026-02-28,2026-03-06,https://res.cloudinary.com/dfqzmnlga/image/upload/v1772249786/2026-02-28/10985811.jpg,Coffee capsules," ☕️ I'm the caffeine-powered superhero of your day, ready to brew up your morning magic."
10985812,25.0,Espresso Lungo Mattinata,Kapselkaffe,Kaffekapsler,1,10,pk.,Netto,https://static.tilbudsugen.dk/1st-retail/2026/10/64710/Netto92026-1_23_30x3584_2457x6863_zoom.jpg,2026-02-28,2026-03-06,https://res.cloudinary.com/dfqzmnlga/image/upload/v1772249787/2026-02-28/10985812.jpg,Coffee capsules," ☕️ Brew your own magic with every capsule—sips, sips, sips."
10985643,28.0,ØGO,Skalæg,Økologiske æg M/L,1,10,bk.,Netto,https://static.tilbudsugen.dk/1st-retail/2026/10/64710/Netto92026-1_9_1684x378_4914x2439_zoom.jpg,2026-02-28,2026-03-06,https://res.cloudinary.com/dfqzmnlga/image/upload/v1772249787/2026-02-28/10985643.jpg,Organic eggs M/L,"✨ Eco-friendly omelette helper, ready to hatch your day! 🍳"
10986011,10.0,Dentastix,Hundefoder,Hundesnacks,1,3,pk.,Netto,https://static.tilbudsugen.dk/1st-retail/2026/10/64710/Netto92026-1_28_0x989_2996x3027_zoom.jpg,2026-02-28,2026-03-06,https://res.cloudinary.com/dfqzmnlga/image/upload/v1772249788/2026-02-28/10986011.jpg,Dog snacks,Bite-sized joy for your furry friend! 🐾
10985965,75.0,Benaday,Medicin,Allergi Piller,1,21,pk.,Netto,https://static.tilbudsugen.dk/1st-retail/2026/10/64710/Netto92026-1_27_60x1355_1612x2721_zoom.jpg,2026-02-28,2026-03-06,https://res.cloudinary.com/dfqzmnlga/image/upload/v1772249788/2026-02-28/10985965.jpg,Allergy Pills,"Anti-itch hero, ready to calm your skin with a dose of peace. 🌟"
10986017,25.0,,"Planter, buske & træer",Planter,1,6,bk.,Netto,https://static.tilbudsugen.dk/1st-retail/2026/10/64710/Netto92026-1_29_192x2457_2457x4609_zoom.jpg,2026-02-28,2026-03-06,https://res.cloudinary.com/dfqzmnlga/image/upload/v1772249789/2026-02-28/10986017.jpg,Plants,"🌿 Sparkle with life, grow your vibe, and make every day a botanical masterpiece!"
10985687,27.0,Premier,Multipak,Astronaut ispinde,1,6,pk.,Netto,https://static.tilbudsugen.dk/1st-retail/2026/10/64710/Netto92026-1_18_2456x4879_4927x6902_zoom.jpg,2026-02-28,2026-03-06,https://res.cloudinary.com/dfqzmnlga/image/upload/v1772249789/2026-02-28/10985687.jpg,Astronaut Popsicle,🚀 Floating frozen delight that floats away with your thoughts!
10970424,59.0,,Syartikler,Hæklenåle,1,12,pk.,Netto,https://static.tilbudsugen.dk/1st-retail/2026/9/64663/Netto82026-1_37_2528x4751_4998x6595_zoom.jpg,2026-02-21,2026-03-27,https://res.cloudinary.com/dfqzmnlga/image/upload/v1772249790/2026-02-28/10970424.jpg,Crochet needles,"Weave dreams into fabric, one stitch at a time 🎨"
10985682,27.0,Premier,Multipak,Isbjørn ispinde,1,5,pk.,Netto,https://static.tilbudsugen.dk/1st-retail/2026/10/64710/Netto92026-1_18_2456x4879_4927x6902_zoom.jpg,2026-02-28,2026-03-06,https://res.cloudinary.com/dfqzmnlga/image/upload/v1772249790/2026-02-28/10985682.jpg,Polar bear icebergs,"❄️ Polar bear icebergs, melting in a sea of fun and frosty charm."
10970422,59.0,,Garn,Strikkepinde,1,10,pk.,Netto,https://static.tilbudsugen.dk/1st-retail/2026/9/64663/Netto82026-1_37_2528x4751_4998x6595_zoom.jpg,2026-02-21,2026-03-27,https://res.cloudinary.com/dfqzmnlga/image/upload/v1772249791/2026-02-28/10970422.jpg,Knitting needles,Needle-wielding dreamweaver turning yarn into worlds 🌟
10983002,9.0,0 Kalorier Appelsin,Sodavand,Appelsinsodavand,1,1,fl.,Netto,https://static.tilbudsugen.dk/1st-retail/2026/10/64710/Netto92026-1_1_39x4266_2489x7047_zoom.jpg,2026-02-28,2026-03-06,https://res.cloudinary.com/dfqzmnlga/image/upload/v1772249791/2026-02-28/10983002.jpg,Orange soda,"Sip, savor, and smile—orange soda is the ultimate refreshment! 🍑"
10983014,9.0,Faxe Kondi,Sodavand,Sportssodavand,1,1,fl.,Netto,https://static.tilbudsugen.dk/1st-retail/2026/10/64710/Netto92026-1_1_39x4266_2489x7047_zoom.jpg,2026-02-28,2026-03-06,https://res.cloudinary.com/dfqzmnlga/image/upload/v1772249792/2026-02-28/10983014.jpg,Sports soda,"Sip, sprint, and stay fueled—because every drink is a victory! 🍹💪"
10983016,9.0,Pepsi Max,Sodavand,Cola,1,1,fl.,Netto,https://static.tilbudsugen.dk/1st-retail/2026/10/64710/Netto92026-1_1_39x4266_2489x7047_zoom.jpg,2026-02-28,2026-03-06,https://res.cloudinary.com/dfqzmnlga/image/upload/v1772249792/2026-02-28/10983016.jpg,Cola,"Fizzing with fun, I pop up anytime you need a little thrill—especially when life's too plain. 🎉"
10983019,9.0,Lemon,Sodavand,Cola,1,1,fl.,Netto,https://static.tilbudsugen.dk/1st-retail/2026/10/64710/Netto92026-1_1_39x4266_2489x7047_zoom.jpg,2026-02-28,2026-03-06,https://res.cloudinary.com/dfqzmnlga/image/upload/v1772249793/2026-02-28/10983019.jpg,Cola,"Fizzing fun, never boring — I'm the refreshment that keeps things lively. 🎉"
10985589,12.0,Gluten Flour,Mel & Melblandinger,Hvedemel,1,2,pk.,Netto,https://static.tilbudsugen.dk/1st-retail/2026/10/64710/Netto92026-1_7_2385x216_4962x3668_zoom.jpg,2026-02-28,2026-03-06,https://res.cloudinary.com/dfqzmnlga/image/upload/v1772249794/2026-02-28/10985589.jpg,Wheat flour,Flour that makes dreams rise — and bread that's always perfect. 🍞
10983015,9.0,0 Kalorier,Sodavand,Sportssodavand,1,1,fl.,Netto,https://static.tilbudsugen.dk/1st-retail/2026/10/64710/Netto92026-1_1_39x4266_2489x7047_zoom.jpg,2026-02-28,2026-03-06,https://res.cloudinary.com/dfqzmnlga/image/upload/v1772249794/2026-02-28/10983015.jpg,Sports soda,"Sip, sprint, and smile—sports soda keeps you fueled! 🎉"
10985769,25.0,,Bestik,Bestik,1,4,pk.,Netto,https://static.tilbudsugen.dk/1st-retail/2026/10/64710/Netto92026-1_32_181x2438_2471x4587_zoom.jpg,2026-02-28,2026-03-06,https://res.cloudinary.com/dfqzmnlga/image/upload/v1772249795/2026-02-28/10985769.jpg,"Flat-rolled products of iron or non-alloy steel, of a width of < 600 mm, hot-rolled or cold-rolled (cold-reduced), not clad, plated or coated",Ironflakes 🌿
10986021,20.0,Kappa,Sokker/Strømper,Strømper,1,3,pk.,Netto,https://static.tilbudsugen.dk/1st-retail/2026/10/64710/Netto92026-1_30_264x2925_2457x4585_zoom.jpg,2026-02-28,2026-03-06,https://res.cloudinary.com/dfqzmnlga/image/upload/v1772249795/2026-02-28/10986021.jpg,Stockings,"✨ Wearing socks like a fashion statement, one foot at a time. ✨"
10986023,20.0,Kappa,Sokker/Strømper,Strømper,1,3,pk.,Netto,https://static.tilbudsugen.dk/1st-retail/2026/10/64710/Netto92026-1_30_2541x2943_4716x4549_zoom.jpg,2026-02-28,2026-03-06,https://res.cloudinary.com/dfqzmnlga/image/upload/v1772249796/2026-02-28/10986023.jpg,Stockings,✨ Always ready to wrap up the day in style!
10985828,20.0,Hot Wheels,"Biler, tog",Biler,1,3,pk.,Netto,https://static.tilbudsugen.dk/1st-retail/2026/10/64710/Netto92026-1_38_165x242_2503x2415_zoom.jpg,2026-02-28,2026-03-06,https://res.cloudinary.com/dfqzmnlga/image/upload/v1772249796/2026-02-28/10985828.jpg,Cars,"🚗💨 I'm the ultimate mobility master, moving fast and always in style! 🚗💨"
10985702,27.0,Premier,Multipak,Barbie Ispinde,1,4,pk.,Netto,https://static.tilbudsugen.dk/1st-retail/2026/10/64710/Netto92026-1_18_2456x4879_4927x6902_zoom.jpg,2026-02-28,2026-03-06,https://res.cloudinary.com/dfqzmnlga/image/upload/v1772249796/2026-02-28/10985702.jpg,Barbie Popsicle,"✨ Barbie Popsicle: Sip, smile, and sparkle with every bite! 🌟"
10985564,22.0,,Grønt,Avocado,1,3,bk.,Netto,https://static.tilbudsugen.dk/1st-retail/2026/10/64710/Netto92026-1_13_87x5170_2471x6862_zoom.jpg,2026-02-28,2026-03-06,https://res.cloudinary.com/dfqzmnlga/image/upload/v1772249797/2026-02-28/10985564.jpg,Avocado,"Squeaky clean, creamy, and perfectly ripe — just fresh from the farm. 🥑"
10983863,59.0,Coca Cola,Sodavand,Cola 24 pk.,24,0,ds.,Netto,https://static.tilbudsugen.dk/1st-retail/2026/10/64710/Netto92026-1_5_24x3641_2448x6828_zoom.jpg,2026-02-28,2026-03-06,https://res.cloudinary.com/dfqzmnlga/image/upload/v1772249797/2026-02-28/10983863.jpg,Cola 24 pk.,"Fizzing fun, never boring — 🚀 🍹"
10983868,59.0,Orange,Sodavand,Appelsinsodavand 24 pk.,24,0,ds.,Netto,https://static.tilbudsugen.dk/1st-retail/2026/10/64710/Netto92026-1_5_24x3641_2448x6828_zoom.jpg,2026-02-28,2026-03-06,https://res.cloudinary.com/dfqzmnlga/image/upload/v1772249798/2026-02-28/10983868.jpg,Orange soda 24 pk.,"Citrusy refreshment, perfect for any occasion 🍊"
10983866,59.0,Påskebryg,Øl,Øl 24 pk.,24,0,ds.,Netto,https://static.tilbudsugen.dk/1st-retail/2026/10/64710/Netto92026-1_5_24x3641_2448x6828_zoom.jpg,2026-02-28,2026-03-06,https://res.cloudinary.com/dfqzmnlga/image/upload/v1772249798/2026-02-28/10983866.jpg,Beer 24 pc.,"""Raise a glass to life—beer, laughter, and endless fun! 🍻"""
10983865,59.0,Coca Cola Zero,Sodavand,Cola 24 pk.,24,0,ds.,Netto,https://static.tilbudsugen.dk/1st-retail/2026/10/64710/Netto92026-1_5_24x3641_2448x6828_zoom.jpg,2026-02-28,2026-03-06,https://res.cloudinary.com/dfqzmnlga/image/upload/v1772249799/2026-02-28/10983865.jpg,Cola 24 pk.,"Sip, spill, and never forget—Cola 24 pk. 🍹"
10983870,59.0,Exotic,Sodavand,Appelsinsodavand 24 pk.,24,0,ds.,Netto,https://static.tilbudsugen.dk/1st-retail/2026/10/64710/Netto92026-1_5_24x3641_2448x6828_zoom.jpg,2026-02-28,2026-03-06,https://res.cloudinary.com/dfqzmnlga/image/upload/v1772249800/2026-02-28/10983870.jpg,Orange soda 24 pk.,"Sip, savor, and splash—orange soda is the talk of the town! 🍊"
10982997,8.0,Matilde,Mælk m/smag,Kakaomælk,1,1,stk.,Netto,https://static.tilbudsugen.dk/1st-retail/2026/10/64710/Netto92026-1_1_58x1336_2483x3358_zoom.jpg,2026-02-28,2026-03-06,https://res.cloudinary.com/dfqzmnlga/image/upload/v1772249800/2026-02-28/10982997.jpg,Cocoa milk,"☕️ Smooth, creamy, and ready to elevate any cup of coffee — just add your own twist!"
10952738,25.0,Magnum,Multipak,Classic ispinde,1,3,pk.,Netto,https://static.tilbudsugen.dk/1st-retail/2026/7/64562/Netto62026-1_19_1673x2799_3366x4831_zoom.jpg,2026-02-01,2026-02-28,https://res.cloudinary.com/dfqzmnlga/image/upload/v1772249800/2026-02-28/10952738.jpg,Classic Popsicles,"Savor the sweet nostalgia of classic popsicles, dripping with joy and nostalgia, 🍦"
10952741,25.0,Magnum,Multipak,La-Peche ispinde,1,3,pk.,Netto,https://static.tilbudsugen.dk/1st-retail/2026/7/64562/Netto62026-1_19_1673x2799_3366x4831_zoom.jpg,2026-02-01,2026-02-28,https://res.cloudinary.com/dfqzmnlga/image/upload/v1772249801/2026-02-28/10952741.jpg,La-Peche Popsicles,Savoring summer with a twist—popsicles that melt in your mouth and leave you craving more! 🍦
10952742,25.0,Magnum,Multipak,Euphoria Ispinde ,1,3,pk.,Netto,https://static.tilbudsugen.dk/1st-retail/2026/7/64562/Netto62026-1_19_1673x2799_3366x4831_zoom.jpg,2026-02-01,2026-02-28,https://res.cloudinary.com/dfqzmnlga/image/upload/v1772249801/2026-02-28/10952742.jpg,Euphoria Ispine,✨Euphoria Ispine: The ultimate thrill that makes your heart race and your thoughts dance.✨
10952749,25.0,Magnum,Multipak,Double Gold Caramel ispinde,1,3,pk.,Netto,https://static.tilbudsugen.dk/1st-retail/2026/7/64562/Netto62026-1_19_1673x2799_3366x4831_zoom.jpg,2026-02-01,2026-02-28,https://res.cloudinary.com/dfqzmnlga/image/upload/v1772249802/2026-02-28/10952749.jpg,Double Gold Caramel Popsicles,"✨ Double Gold Caramel Popsicles — sweet, creamy, and always a hit! 🍦"
10952740,25.0,Magnum,Multipak,La-Pistachie ispinde,1,3,pk.,Netto,https://static.tilbudsugen.dk/1st-retail/2026/7/64562/Netto62026-1_19_1673x2799_3366x4831_zoom.jpg,2026-02-01,2026-02-28,https://res.cloudinary.com/dfqzmnlga/image/upload/v1772249802/2026-02-28/10952740.jpg,La-Pistachie Popsicles,"Savor the sweet, tangy joy of La-Pistachie Popsicles — your favorite snack that melts in your mouth and leaves you smiling. 🍓"
10986016,50.0,,"Planter, buske & træer",Planter,1,6,bk.,Netto,https://static.tilbudsugen.dk/1st-retail/2026/10/64710/Netto92026-1_29_2541x4645_4794x6845_zoom.jpg,2026-02-28,2026-03-06,https://res.cloudinary.com/dfqzmnlga/image/upload/v1772249803/2026-02-28/10986016.jpg,Plants,"🌱 Sprout your ideas, grow your dreams, and thrive in every season."
10952739,25.0,Magnum,Multipak,Almond ispinde,1,3,pk.,Netto,https://static.tilbudsugen.dk/1st-retail/2026/7/64562/Netto62026-1_19_1673x2799_3366x4831_zoom.jpg,2026-02-01,2026-02-28,https://res.cloudinary.com/dfqzmnlga/image/upload/v1772249803/2026-02-28/10952739.jpg,Almond Popsicle,"Savor the sweet, creamy joy of a perfectly melted almond popsicle — because life's too short for boring ice cream. 🍨"
10985692,27.0,Premier,Multipak,Jordbær ispinde,1,3,pk.,Netto,https://static.tilbudsugen.dk/1st-retail/2026/10/64710/Netto92026-1_18_2456x4879_4927x6902_zoom.jpg,2026-02-28,2026-03-06,https://res.cloudinary.com/dfqzmnlga/image/upload/v1772249804/2026-02-28/10985692.jpg,Strawberry popsicles,"Sip, smile, and melt—strawberry popsicles are the perfect summer treat! 🍓"
10985938,18.0,Bref,Rengøringsmidler,WC-flush,1,2,pk.,Netto,https://static.tilbudsugen.dk/1st-retail/2026/10/64710/Netto92026-1_26_144x683_2457x2835_zoom.jpg,2026-02-28,2026-03-06,https://res.cloudinary.com/dfqzmnlga/image/upload/v1772249804/2026-02-28/10985938.jpg,WC-flush,Flush your worries away with a gentle swipe—because sometimes the best cleanups are the ones that make you feel fresh and ready to start again. 🚪✨
10985694,27.0,Premier,Multipak,Saltkaramel Ispinde,1,3,pk.,Netto,https://static.tilbudsugen.dk/1st-retail/2026/10/64710/Netto92026-1_18_2456x4879_4927x6902_zoom.jpg,2026-02-28,2026-03-06,https://res.cloudinary.com/dfqzmnlga/image/upload/v1772249805/2026-02-28/10985694.jpg,Salt caramel Ice cream,"Savor the sweet, salty, and creamy — just like me. 🍦✨"
10985696,27.0,Premier,Multipak,Skildpadde Ispinde,1,3,pk.,Netto,https://static.tilbudsugen.dk/1st-retail/2026/10/64710/Netto92026-1_18_2456x4879_4927x6902_zoom.jpg,2026-02-28,2026-03-06,https://res.cloudinary.com/dfqzmnlga/image/upload/v1772249805/2026-02-28/10985696.jpg,Turtle Ice sparrows,"✨ Turtle Ice sparrows: Crunchy, cheerful, and always ready to spread joy with a tasty twist! 🐢"
10985797,29.0,,Boligtekstiler,Viskestykke,1,3,pk.,Netto,https://static.tilbudsugen.dk/1st-retail/2026/10/64710/Netto92026-1_35_1787x675_3463x2399_zoom.jpg,2026-02-28,2026-03-06,https://res.cloudinary.com/dfqzmnlga/image/upload/v1772249806/2026-02-28/10985797.jpg,Teapot,☕️ Whispers of warmth and secrets in every cup.
10952867,79.0,Coca Cola,Sodavand,Cola 24 pk.,24,0,fl.,Netto,https://static.tilbudsugen.dk/1st-retail/2026/7/64562/Netto62026-1_25_15x2395_2608x4649_zoom.jpg,2026-02-01,2026-02-28,https://res.cloudinary.com/dfqzmnlga/image/upload/v1772249806/2026-02-28/10952867.jpg,Cola 24 pk.,"Sip, savor, and never forget—cola is life. 🍹"
10970611,79.0,Coca Cola Zero,Sodavand,Cola 24 pk.,24,0,fl.,Netto,https://static.tilbudsugen.dk/1st-retail/2026/9/64663/Netto82026-1_27_3225x2857_4940x5145_zoom.jpg,2026-02-01,2026-02-28,https://res.cloudinary.com/dfqzmnlga/image/upload/v1772249807/2026-02-28/10970611.jpg,Cola 24 pk.,"Sip, savor, and never forget—Cola 24 pk. 🍹"
10970610,79.0,Coca Cola,Sodavand,Cola 24 pk.,24,0,fl.,Netto,https://static.tilbudsugen.dk/1st-retail/2026/9/64663/Netto82026-1_27_3225x2857_4940x5145_zoom.jpg,2026-02-01,2026-02-28,https://res.cloudinary.com/dfqzmnlga/image/upload/v1772249808/2026-02-28/10970610.jpg,Cola 24 pk.,"Sip, savor, and never forget—Cola 24 pk. 🍹"
10952872,79.0,Coca Cola Zero,Sodavand,Cola 24 pk.,24,0,fl.,Netto,https://static.tilbudsugen.dk/1st-retail/2026/7/64562/Netto62026-1_25_15x2395_2608x4649_zoom.jpg,2026-02-01,2026-02-28,https://res.cloudinary.com/dfqzmnlga/image/upload/v1772249809/2026-02-28/10952872.jpg,Cola 24 pk.,"Sip, savor, and never forget—Cola 24 pk. 🍹"
10983001,10.0,Yoggi,Syrnet morgenmad,Tropisk Yoghurt,1,1,stk.,Netto,https://static.tilbudsugen.dk/1st-retail/2026/10/64710/Netto92026-1_1_2437x4201_4959x7002_zoom.jpg,2026-02-28,2026-03-06,https://res.cloudinary.com/dfqzmnlga/image/upload/v1772249809/2026-02-28/10983001.jpg,Tropical Yogurt,"Sip on the sweet, tropical vibe of our yogurt—refreshing, creamy, and ready to conquer your day! 🍯"
10985618,20.0,Zendium,Tandpleje,Tandbørste,1,2,pk.,Netto,https://static.tilbudsugen.dk/1st-retail/2026/10/64710/Netto92026-1_8_48x162_2469x3536_zoom.jpg,2026-02-28,2026-03-06,https://res.cloudinary.com/dfqzmnlga/image/upload/v1772249810/2026-02-28/10985618.jpg,Toothbrush,Brushing away the day's chaos with a little sparkle and a smile 🧼✨
10982998,10.0,Yoggi,Syrnet morgenmad,Kirsebær Yoghurt ,1,1,stk.,Netto,https://static.tilbudsugen.dk/1st-retail/2026/10/64710/Netto92026-1_1_2437x4201_4959x7002_zoom.jpg,2026-02-28,2026-03-06,https://res.cloudinary.com/dfqzmnlga/image/upload/v1772249810/2026-02-28/10982998.jpg,Cherries Yogurt,"✨ Cherry-lipped, yogurt-tinged, and always ready to spark a conversation. 🍒"
10983090,10.0,Herkules,Rugbrød i Skiver,Rugbrødsskiver,1,1,pk.,Netto,https://static.tilbudsugen.dk/1st-retail/2026/10/64710/Netto92026-1_4_0x337_2444x3670_zoom.jpg,2026-02-28,2026-03-06,https://res.cloudinary.com/dfqzmnlga/image/upload/v1772249810/2026-02-28/10983090.jpg,Rye bread slices,"Crusty, buttery, and perfect for a morning ritual ☕️"
10982999,10.0,Yoggi,Syrnet morgenmad,Pære & Banan Yoghurt ,1,1,stk.,Netto,https://static.tilbudsugen.dk/1st-retail/2026/10/64710/Netto92026-1_1_2437x4201_4959x7002_zoom.jpg,2026-02-28,2026-03-06,https://res.cloudinary.com/dfqzmnlga/image/upload/v1772249811/2026-02-28/10982999.jpg,Pear & Banan Yogurt,"Savor the sweet, creamy bliss of pear and banana yogurt—nature's delicious twist on a classic. 🍐🍌"
10983000,10.0,Yoggi,Syrnet morgenmad,Jordbær Yoghurt ,1,1,stk.,Netto,https://static.tilbudsugen.dk/1st-retail/2026/10/64710/Netto92026-1_1_2437x4201_4959x7002_zoom.jpg,2026-02-28,2026-03-06,https://res.cloudinary.com/dfqzmnlga/image/upload/v1772249811/2026-02-28/10983000.jpg,Strawberries Yogurt,"Sour, sweet, and perfectly ripe — just the way you want them. 🍓🍓"
10985644,11.0,ØGO,Gryn,Finvalsede Havregryn ,1,1,pk.,Netto,https://static.tilbudsugen.dk/1st-retail/2026/10/64710/Netto92026-1_9_18x1702_1966x4543_zoom.jpg,2026-02-28,2026-03-06,https://res.cloudinary.com/dfqzmnlga/image/upload/v1772249812/2026-02-28/10985644.jpg,Fine-rolled oatmeal,"✨ Sip, soak, and savor the perfect breakfast with fine-rolled oatmeal. 🥣"
10985594,12.0,Amo,Mel & Melblandinger,Surdejsstykker,1,1,pk.,Netto,https://static.tilbudsugen.dk/1st-retail/2026/10/64710/Netto92026-1_7_2385x216_4962x3668_zoom.jpg,2026-02-28,2026-03-06,https://res.cloudinary.com/dfqzmnlga/image/upload/v1772249812/2026-02-28/10985594.jpg,Surdies,"✨ Surdies are the ultimate escape from the mundane, where every pour is a rebellion and every cup is a revolution. 🌟"
10985592,12.0,Amo,Mel & Melblandinger,Solsikkerugbrødsblanding,1,1,pk.,Netto,https://static.tilbudsugen.dk/1st-retail/2026/10/64710/Netto92026-1_7_2385x216_4962x3668_zoom.jpg,2026-02-28,2026-03-06,https://res.cloudinary.com/dfqzmnlga/image/upload/v1772249813/2026-02-28/10985592.jpg,Sunflower-wheat mixture,"Sunflower-wheat mixture: Nature's golden spark, perfect for breakfast and vibes. 🌾✨"
10985593,12.0,Amo,Mel & Melblandinger,Brunchboller Koldhævet Melblanding,1,1,pk.,Netto,https://static.tilbudsugen.dk/1st-retail/2026/10/64710/Netto92026-1_7_2385x216_4962x3668_zoom.jpg,2026-02-28,2026-03-06,https://res.cloudinary.com/dfqzmnlga/image/upload/v1772249813/2026-02-28/10985593.jpg,Bruchboller Cold-reinforced Mel Blend,"✨ Flaky, fluffy, and super strong—perfect for any snack or snack bar! ✨"
10985953,18.0,Klorin,Rengøringsmidler,Klor,1,1,fl.,Netto,https://static.tilbudsugen.dk/1st-retail/2026/10/64710/Netto92026-1_26_144x683_2457x2835_zoom.jpg,2026-02-28,2026-03-06,https://res.cloudinary.com/dfqzmnlga/image/upload/v1772249814/2026-02-28/10985953.jpg,Chlorine,Clarity. 🚪✨
10985658,5.0,ØGO,Grønt,Butterbeans,1,0,ds.,Netto,https://static.tilbudsugen.dk/1st-retail/2026/10/64710/Netto92026-1_9_42x4495_2481x6839_zoom.jpg,2026-02-28,2026-03-06,https://res.cloudinary.com/dfqzmnlga/image/upload/v1772249814/2026-02-28/10985658.jpg,Butterbeans,"Savory, soft, and slightly sweet—perfect for a cozy dinner. 🌟"
10985659,5.0,ØGO,Grønt,Sorte Bønner,1,0,ds.,Netto,https://static.tilbudsugen.dk/1st-retail/2026/10/64710/Netto92026-1_9_42x4495_2481x6839_zoom.jpg,2026-02-28,2026-03-06,https://res.cloudinary.com/dfqzmnlga/image/upload/v1772249815/2026-02-28/10985659.jpg,Black beans,"Spicy and satisfying, I'm the black bean that brings flavor to any meal—whether it's a bowl of soup or a hearty salad. 🌱"
10985660,5.0,ØGO,Grønt,Kidney Bønner,1,0,ds.,Netto,https://static.tilbudsugen.dk/1st-retail/2026/10/64710/Netto92026-1_9_42x4495_2481x6839_zoom.jpg,2026-02-28,2026-03-06,https://res.cloudinary.com/dfqzmnlga/image/upload/v1772249815/2026-02-28/10985660.jpg,Kidney Beans,"Bean-brained, bold, and always ready to sprout a new idea—because every bag of kidney beans is a potential revolution. 🌱✨"
10985590,12.0,Amo,Mel & Melblandinger,Frokostboller Koldhævet Melblanding,1,0,pk.,Netto,https://static.tilbudsugen.dk/1st-retail/2026/10/64710/Netto92026-1_7_2385x216_4962x3668_zoom.jpg,2026-02-28,2026-03-06,https://res.cloudinary.com/dfqzmnlga/image/upload/v1772249816/2026-02-28/10985590.jpg,Lunch balls Cold-rolled flour mix,"Savor the crunch of life with every bite—lunch balls, cold-rolled flour mix. 🍞"
10985591,12.0,Amo,Mel & Melblandinger,Vesterhavs Rugbrød,1,0,pk.,Netto,https://static.tilbudsugen.dk/1st-retail/2026/10/64710/Netto92026-1_7_2385x216_4962x3668_zoom.jpg,2026-02-28,2026-03-06,https://res.cloudinary.com/dfqzmnlga/image/upload/v1772249816/2026-02-28/10985591.jpg,Western Rye Bread,"Toast to the simple, bold, and hearty: Western Rye Bread 🍞"
10985676,15.0,Næmt,Klar Suppe,Oksekødssuppe,1,1,pk.,Netto,https://static.tilbudsugen.dk/1st-retail/2026/10/64710/Netto92026-1_18_79x2958_1755x4879_zoom.jpg,2026-02-28,2026-03-06,https://res.cloudinary.com/dfqzmnlga/image/upload/v1772249817/2026-02-28/10985676.jpg,Beef soup,"Served in a bowl, not a box—soup for the soul and the stomach. 🍲"
10985677,15.0,Næmt,Klar Suppe,Hønsekødssuppe,1,1,stk.,Netto,https://static.tilbudsugen.dk/1st-retail/2026/10/64710/Netto92026-1_18_79x2958_1755x4879_zoom.jpg,2026-02-28,2026-03-06,https://res.cloudinary.com/dfqzmnlga/image/upload/v1772249817/2026-02-28/10985677.jpg,Chicken meat soup,"Sippin' on flavor, one bowl at a time 🍲"
10985802,30.0,Kodak,Outdoor,Lommelygte,1,2,pk.,Netto,https://static.tilbudsugen.dk/1st-retail/2026/10/64710/Netto92026-1_35_1637x2368_3597x4603_zoom.jpg,2026-02-28,2026-03-06,https://res.cloudinary.com/dfqzmnlga/image/upload/v1772249818/2026-02-28/10985802.jpg,Flashlight,✨ Glow through the dark with me! ✨
10985830,79.0,Hot Wheels,"Biler, tog",Biler,1,5,pk.,Netto,https://static.tilbudsugen.dk/1st-retail/2026/10/64710/Netto92026-1_38_236x2462_1771x4595_zoom.jpg,2026-02-28,2026-03-06,https://res.cloudinary.com/dfqzmnlga/image/upload/v1772249819/2026-02-28/10985830.jpg,Cars,"🚗💨 Ride, ride, ride—where wheels meet wonder! 🚗✨"
10985850,8.0,Fun Light,Koncentreret Saft,Hindbær & Orange Læskedrik,1,0,fl.,Netto,https://static.tilbudsugen.dk/1st-retail/2026/10/64710/Netto92026-1_24_216x2817_2505x4777_zoom.jpg,2026-02-28,2026-03-06,https://res.cloudinary.com/dfqzmnlga/image/upload/v1772249819/2026-02-28/10985850.jpg,Raspberries & Orange Daisy,"A burst of sweet, tangy flavor that turns every day into a delicious adventure 🌟"
10985844,16.0,Rynkeby,Juice,16 Saftige Æbler,1,1,krt.,Netto,https://static.tilbudsugen.dk/1st-retail/2026/10/64710/Netto92026-1_24_2445x4843_4998x6809_zoom.jpg,2026-02-28,2026-03-06,https://res.cloudinary.com/dfqzmnlga/image/upload/v1772249819/2026-02-28/10985844.jpg,16 Juice Apples,Juice-apple enthusiast with a sweet tooth and a knack for making breakfast extra special 🍎🍊
10985847,8.0,Scoop,Koncentreret Saft,Hindbærsmag Læskedrik ,1,0,fl.,Netto,https://static.tilbudsugen.dk/1st-retail/2026/10/64710/Netto92026-1_24_216x2817_2505x4777_zoom.jpg,2026-02-28,2026-03-06,https://res.cloudinary.com/dfqzmnlga/image/upload/v1772249820/2026-02-28/10985847.jpg,Raspberry flavor Lunch drink,"Sip on the sweetest escape with a raspberry twist — your favorite flavor, delivered straight to your taste buds. 🍓"
10985849,8.0,Fun Light,Koncentreret Saft,Ananas Læskedrik,1,0,fl.,Netto,https://static.tilbudsugen.dk/1st-retail/2026/10/64710/Netto92026-1_24_216x2817_2505x4777_zoom.jpg,2026-02-28,2026-03-06,https://res.cloudinary.com/dfqzmnlga/image/upload/v1772249821/2026-02-28/10985849.jpg,Pineapples Daisy drink,"Sip, savor, and smile—because life's too short for boring drinks! 🍎🌴"
10985829,16.0,Rynkeby,Juice,16 Eksotiske Frugter,1,1,krt.,Netto,https://static.tilbudsugen.dk/1st-retail/2026/10/64710/Netto92026-1_24_2445x4843_4998x6809_zoom.jpg,2026-02-28,2026-03-06,https://res.cloudinary.com/dfqzmnlga/image/upload/v1772249821/2026-02-28/10985829.jpg,16 Exotic Fruits,"A burst of exotic flavors, ready to conquer your taste buds! 🍐"
10985845,16.0,Rynkeby,Juice,16 fra Haven,1,1,krt.,Netto,https://static.tilbudsugen.dk/1st-retail/2026/10/64710/Netto92026-1_24_2445x4843_4998x6809_zoom.jpg,2026-02-28,2026-03-06,https://res.cloudinary.com/dfqzmnlga/image/upload/v1772249822/2026-02-28/10985845.jpg,16 from Haven,✨ 16 from Haven — where the best ideas come from. 🛒
10985846,8.0,Scoop,Koncentreret Saft,Colafantasi Læskedrik ,1,0,fl.,Netto,https://static.tilbudsugen.dk/1st-retail/2026/10/64710/Netto92026-1_24_216x2817_2505x4777_zoom.jpg,2026-02-28,2026-03-06,https://res.cloudinary.com/dfqzmnlga/image/upload/v1772249822/2026-02-28/10985846.jpg,Colafantasia Lunch drink,"Sip, sip, and savor the perfect blend of flavor—because every bite is a flavor explosion! 🍽️"
10985843,16.0,Rynkeby,Juice,16 Søde Appelsiner,1,1,krt.,Netto,https://static.tilbudsugen.dk/1st-retail/2026/10/64710/Netto92026-1_24_2445x4843_4998x6809_zoom.jpg,2026-02-28,2026-03-06,https://res.cloudinary.com/dfqzmnlga/image/upload/v1772249822/2026-02-28/10985843.jpg,16 Sweet Oranges,"Tart and sweet, ready to burst with joy—16 oranges, perfect for a sunny day. 🍑"
10985848,8.0,Fun Light,Koncentreret Saft,Citron Lime Læskedrik,1,0,fl.,Netto,https://static.tilbudsugen.dk/1st-retail/2026/10/64710/Netto92026-1_24_216x2817_2505x4777_zoom.jpg,2026-02-28,2026-03-06,https://res.cloudinary.com/dfqzmnlga/image/upload/v1772249823/2026-02-28/10985848.jpg,Lemon Lime Drink,"Sip, sizzle, and spark—my flavor is pure, fresh, and unforgettable! 🍋✨"
10983092,10.0,Bagernes Bedste,Rugbrød i Skiver,Rugbrødsskiver,1,0,pk.,Netto,https://static.tilbudsugen.dk/1st-retail/2026/10/64710/Netto92026-1_4_0x337_2444x3670_zoom.jpg,2026-02-28,2026-03-06,https://res.cloudinary.com/dfqzmnlga/image/upload/v1772249824/2026-02-28/10983092.jpg,Rye bread slices,"Soft, sturdy rye bread slices that make perfect toast, with a hint of rustic charm 🍞"
10985364,15.0,,Grønt,Kartofler,1,0,ps.,Netto,https://static.tilbudsugen.dk/1st-retail/2026/10/64710/Netto92026-1_12_2429x3813_3839x4979_zoom.jpg,2026-02-28,2026-03-06,https://res.cloudinary.com/dfqzmnlga/image/upload/v1772249825/2026-02-28/10985364.jpg,Potatoes,"I'm a humble potato, always ready to sprout and shine! 🌱"
10985562,18.0,ØGO,Frugt,Æbler,1,1,ps.,Netto,https://static.tilbudsugen.dk/1st-retail/2026/10/64710/Netto92026-1_13_79x3163_2574x5170_zoom.jpg,2026-02-28,2026-03-06,https://res.cloudinary.com/dfqzmnlga/image/upload/v1772249825/2026-02-28/10985562.jpg,Apples,"Red, juicy, and always in season — the apple's perfect companion to any snack or snack bar. 🍎"
10985946,18.0,Dun-let,Skyllemiddel,Skyllemiddel,1,1,stk.,Netto,https://static.tilbudsugen.dk/1st-retail/2026/10/64710/Netto92026-1_26_144x683_2457x2835_zoom.jpg,2026-02-28,2026-03-06,https://res.cloudinary.com/dfqzmnlga/image/upload/v1772249826/2026-02-28/10985946.jpg,Sliding agent,"✨ Sliding agent, expert at making things move smoothly and effortlessly! ✨"
10985853,6.0,Rynkeby,Sodavand,Frugtbrus Lime & Citron,1,0,ds.,Netto,https://static.tilbudsugen.dk/1st-retail/2026/10/64710/Netto92026-1_24_60x749_2517x2859_zoom.jpg,2026-02-28,2026-03-06,https://res.cloudinary.com/dfqzmnlga/image/upload/v1772249826/2026-02-28/10985853.jpg,Fruit pulp Lime & Lemon,Citrus rebellion in every sip 🍋✨
10985852,6.0,Rynkeby,Sodavand,Frugtbrus Pink Grape & Tranebær,1,0,ds.,Netto,https://static.tilbudsugen.dk/1st-retail/2026/10/64710/Netto92026-1_24_60x749_2517x2859_zoom.jpg,2026-02-28,2026-03-06,https://res.cloudinary.com/dfqzmnlga/image/upload/v1772249827/2026-02-28/10985852.jpg,Fruit Shrimp Pink Grapefruit & Cranberries,"✨ Sushi-grade shrimp with a twist—fresh, juicy, and tangy! 🍐"
10986030,59.0,Marathon Woman,Lingeri,Trusser,1,3,pk.,Netto,https://static.tilbudsugen.dk/1st-retail/2026/10/64710/Netto92026-1_30_2505x4597_4674x6773_zoom.jpg,2026-02-28,2026-03-06,https://res.cloudinary.com/dfqzmnlga/image/upload/v1772249828/2026-02-28/10986030.jpg,Panties,"✨Sleek, stylish, and always ready for the perfect moment. ✨"
10952873,79.0,Ultra Energy,Energi- Sports- & Vitamindrikke,Energidrik 8 pk.,8,0,ds.,Netto,https://static.tilbudsugen.dk/1st-retail/2026/7/64562/Netto62026-1_25_15x2395_2608x4649_zoom.jpg,2026-02-01,2026-02-28,https://res.cloudinary.com/dfqzmnlga/image/upload/v1772249828/2026-02-28/10952873.jpg,Energy Drink 8 pk.,"💥 Supercharged with energy, ready to crush any challenge!"
10952874,79.0,Energy,Energi- Sports- & Vitamindrikke,Energidrik 8 pk.,8,0,ds.,Netto,https://static.tilbudsugen.dk/1st-retail/2026/7/64562/Netto62026-1_25_15x2395_2608x4649_zoom.jpg,2026-02-01,2026-02-28,https://res.cloudinary.com/dfqzmnlga/image/upload/v1772249829/2026-02-28/10952874.jpg,Energy Drink 8 pk.,"💥 Boost your vibe with a pack of energy—no sugar, just pure power!"
10970613,79.0,Energy,Energi- Sports- & Vitamindrikke,Energidrik 8 pk.,8,0,ds.,Netto,https://static.tilbudsugen.dk/1st-retail/2026/9/64663/Netto82026-1_27_3225x2857_4940x5145_zoom.jpg,2026-02-01,2026-02-28,https://res.cloudinary.com/dfqzmnlga/image/upload/v1772249829/2026-02-28/10970613.jpg,Energy Drink 8 pk.,"⚡ Stay charged, never tired! 🌟"
10970612,79.0,Ultra Energy,Energi- Sports- & Vitamindrikke,Energidrik 8 pk.,8,0,ds.,Netto,https://static.tilbudsugen.dk/1st-retail/2026/9/64663/Netto82026-1_27_3225x2857_4940x5145_zoom.jpg,2026-02-01,2026-02-28,https://res.cloudinary.com/dfqzmnlga/image/upload/v1772249830/2026-02-28/10970612.jpg,Energy Drink 8 pk.,"💥 Supercharged with energy, ready to crush any challenge!"
10985991,99.0,Raakraft,Hundefoder,Hundefoder,1,5,sæk,Netto,https://static.tilbudsugen.dk/1st-retail/2026/10/64710/Netto92026-1_28_48x3027_2733x4723_zoom.jpg,2026-02-28,2026-03-06,https://res.cloudinary.com/dfqzmnlga/image/upload/v1772249830/2026-02-28/10985991.jpg,Dog feed,"🐶 Nutritional powerhouse, keeping my furry friends energized and happy! 🐾"
10983032,8.0,Mutti,Grønt,Hakkede tomater,1,0,ds.,Netto,https://static.tilbudsugen.dk/1st-retail/2026/10/64710/Netto92026-1_2_6x188_2249x2412_zoom.jpg,2026-02-28,2026-03-06,https://res.cloudinary.com/dfqzmnlga/image/upload/v1772249830/2026-02-28/10983032.jpg,Chicked tomatoes,Chicked tomatoes: the ultimate flavor bomb that turns any meal into a party. 🍅🔥
10983033,8.0,Mutti,Grønt,Pelati Flåede Tomater,1,0,ds.,Netto,https://static.tilbudsugen.dk/1st-retail/2026/10/64710/Netto92026-1_2_6x188_2249x2412_zoom.jpg,2026-02-28,2026-03-06,https://res.cloudinary.com/dfqzmnlga/image/upload/v1772249831/2026-02-28/10983033.jpg,Pelati Peeled Tomatoes,"Pelati Peeled Tomatoes: The ultimate flavor punch, ready to burst in every bite! 🍅"
10983028,10.0,Ama,Fedtstoffer,Margarine-flydende,1,0,fl.,Netto,https://static.tilbudsugen.dk/1st-retail/2026/10/64710/Netto92026-1_2_32x2405_2327x4798_zoom.jpg,2026-02-28,2026-03-06,https://res.cloudinary.com/dfqzmnlga/image/upload/v1772249831/2026-02-28/10983028.jpg,Margarine liquid,"Smooth, creamy, and ready to melt into your heart — just like a good conversation. 🍬"
10985727,10.0,Karolines,Saucer,Rødvinssauce,1,0,krt.,Netto,https://static.tilbudsugen.dk/1st-retail/2026/10/64710/Netto92026-1_20_1920x1171_4880x3304_zoom.jpg,2026-02-28,2026-03-06,https://res.cloudinary.com/dfqzmnlga/image/upload/v1772249832/2026-02-28/10985727.jpg,Red wine sauce,"Sip, savor, and savor—red wine sauce, always. 🍷"
10985729,10.0,Karolines,Saucer,Let Mornaysauce,1,0,krt.,Netto,https://static.tilbudsugen.dk/1st-retail/2026/10/64710/Netto92026-1_20_1920x1171_4880x3304_zoom.jpg,2026-02-28,2026-03-06,https://res.cloudinary.com/dfqzmnlga/image/upload/v1772249832/2026-02-28/10985729.jpg,Light Mornaysauce,"✨ Light Mornaysauce: The perfect blend of creamy, tangy, and just-right for any breakfast. 🥗"
10985731,10.0,Karolines,Saucer,Karrysauce,1,0,krt.,Netto,https://static.tilbudsugen.dk/1st-retail/2026/10/64710/Netto92026-1_20_1920x1171_4880x3304_zoom.jpg,2026-02-28,2026-03-06,https://res.cloudinary.com/dfqzmnlga/image/upload/v1772249833/2026-02-28/10985731.jpg,Curry sauce,🔥 Spice up your day with a dash of flavor!
10983026,10.0,Ama,Fedtstoffer,Margarine-fast,1,0,pk.,Netto,https://static.tilbudsugen.dk/1st-retail/2026/10/64710/Netto92026-1_2_32x2405_2327x4798_zoom.jpg,2026-02-28,2026-03-06,https://res.cloudinary.com/dfqzmnlga/image/upload/v1772249834/2026-02-28/10983026.jpg,Margarine solid,"Solid, smooth, and ready to conquer any kitchen adventure 🍞"
10985728,10.0,Karolines,Saucer,Whisky Sauce,1,0,krt.,Netto,https://static.tilbudsugen.dk/1st-retail/2026/10/64710/Netto92026-1_20_1920x1171_4880x3304_zoom.jpg,2026-02-28,2026-03-06,https://res.cloudinary.com/dfqzmnlga/image/upload/v1772249834/2026-02-28/10985728.jpg,Whiskey Sauce,"Sip, savor, and savor the flavor of life—just like my delicious sauce. 🍸"
10985648,10.0,ØGO,Grøntsager,Helbladet Spinat,1,0,ps.,Netto,https://static.tilbudsugen.dk/1st-retail/2026/10/64710/Netto92026-1_9_2493x4339_4974x6839_zoom.jpg,2026-02-28,2026-03-06,https://res.cloudinary.com/dfqzmnlga/image/upload/v1772249834/2026-02-28/10985648.jpg,Chinese cabbages/pe-tsai,"Sunny day, fresh from the market—pe-tsai in action! 🥕✨"
10985730,10.0,Karolines,Saucer,Ostesauce,1,0,krt.,Netto,https://static.tilbudsugen.dk/1st-retail/2026/10/64710/Netto92026-1_20_1920x1171_4880x3304_zoom.jpg,2026-02-28,2026-03-06,https://res.cloudinary.com/dfqzmnlga/image/upload/v1772249835/2026-02-28/10985730.jpg,Cheese sauce,Satisfy any craving with a dash of cheesy delight 🧀
10985654,5.0,ØGO,Grønt,Kikærter,1,0,ds.,Netto,https://static.tilbudsugen.dk/1st-retail/2026/10/64710/Netto92026-1_9_42x4495_2481x6839_zoom.jpg,2026-02-28,2026-03-06,https://res.cloudinary.com/dfqzmnlga/image/upload/v1772249836/2026-02-28/10985654.jpg,Chickpeas,"Spicy, nutty, and ready to roast—chickpeas are the ultimate protein powerhouse! 🌱💪"
10985656,5.0,ØGO,Grønt,Bønnemix,1,0,ds.,Netto,https://static.tilbudsugen.dk/1st-retail/2026/10/64710/Netto92026-1_9_42x4495_2481x6839_zoom.jpg,2026-02-28,2026-03-06,https://res.cloudinary.com/dfqzmnlga/image/upload/v1772249836/2026-02-28/10985656.jpg,Prayer mix,"Pray for the perfect match, and maybe a little sprinkle of luck— 🙏✨"
10985661,5.0,ØGO,Grønt,Belugalinser,1,0,ds.,Netto,https://static.tilbudsugen.dk/1st-retail/2026/10/64710/Netto92026-1_9_42x4495_2481x6839_zoom.jpg,2026-02-28,2026-03-06,https://res.cloudinary.com/dfqzmnlga/image/upload/v1772249837/2026-02-28/10985661.jpg,Belugalinses,✨ Belugalinses: The magical spice that turns ordinary days into unforgettable adventures! ✨
10985653,5.0,ØGO,Grønt,Grønne linser,1,0,ds.,Netto,https://static.tilbudsugen.dk/1st-retail/2026/10/64710/Netto92026-1_9_42x4495_2481x6839_zoom.jpg,2026-02-28,2026-03-06,https://res.cloudinary.com/dfqzmnlga/image/upload/v1772249837/2026-02-28/10985653.jpg,Green lenses,"✨ See the world through a new lens—green, fresh, and full of energy! ✨"
10985684,10.46,ØGO,Koncentreret Saft,Hyldeblomstdrik,1,0,fl.,Netto,https://static.tilbudsugen.dk/1st-retail/2026/10/64710/Netto92026-1_10_2715x791_4962x3944_zoom.jpg,2026-02-28,2026-03-06,https://res.cloudinary.com/dfqzmnlga/image/upload/v1772249838/2026-02-28/10985684.jpg,Golden flower potion,✨ Bloom your day with a golden potion that turns mundane into magical! 🌸
10985646,10.0,ØGO,Grøntsager,Wokblanding,1,0,ps.,Netto,https://static.tilbudsugen.dk/1st-retail/2026/10/64710/Netto92026-1_9_2493x4339_4974x6839_zoom.jpg,2026-02-28,2026-03-06,https://res.cloudinary.com/dfqzmnlga/image/upload/v1772249838/2026-02-28/10985646.jpg,Wok mixture,"🔥 Stir-fry master, ready to turn any meal into a feast! 🍳"
10985999,70.0,Raakraft,Kattefoder,Kattefoder,1,3,sæk,Netto,https://static.tilbudsugen.dk/1st-retail/2026/10/64710/Netto92026-1_28_1732x4789_3398x6821_zoom.jpg,2026-02-28,2026-03-06,https://res.cloudinary.com/dfqzmnlga/image/upload/v1772249839/2026-02-28/10985999.jpg,Cat food,🐾 Whiskers need a good meal—mealtimes are my favorite fun times!
10985821,6.0,Cocio,Mælk m/smag,Chokolademælk Delight,1,0,ds.,Netto,https://static.tilbudsugen.dk/1st-retail/2026/10/64710/Netto92026-1_24_60x749_2517x2859_zoom.jpg,2026-02-28,2026-03-06,https://res.cloudinary.com/dfqzmnlga/image/upload/v1772249839/2026-02-28/10985821.jpg,Chocolate milk Delight,"☕️ Sip, savor, and smile with every sip of Chocolate Milk Delight!"
10985573,12.0,Protein Lab,Mellemmåltider,Protein Shake Vanilje,1,0,fl.,Netto,https://static.tilbudsugen.dk/1st-retail/2026/10/64710/Netto92026-1_15_1574x699_4911x2848_zoom.jpg,2026-02-28,2026-03-06,https://res.cloudinary.com/dfqzmnlga/image/upload/v1772249840/2026-02-28/10985573.jpg,Protein Shake Vanilla,Satisfy your cravings with a smoothie that's as delicious as it is energizing 🌟
10985572,12.0,Protein Lab,Mellemmåltider,Protein Shake Chocolate,1,0,fl.,Netto,https://static.tilbudsugen.dk/1st-retail/2026/10/64710/Netto92026-1_15_1574x699_4911x2848_zoom.jpg,2026-02-28,2026-03-06,https://res.cloudinary.com/dfqzmnlga/image/upload/v1772249840/2026-02-28/10985572.jpg,Protein Shake Chocolate,✨ Boost your energy with a twist — this protein shake is as sweet as it is satisfying!
10985862,12.0,India Pale Ale,Alkoholfrie Øl,Øl - Alkoholfri,1,0,fl.,Netto,https://static.tilbudsugen.dk/1st-retail/2026/10/64710/Netto92026-1_24_0x4789_2523x6857_zoom.jpg,2026-02-28,2026-03-06,https://res.cloudinary.com/dfqzmnlga/image/upload/v1772249841/2026-02-28/10985862.jpg,Beer - Alcohol Free,"Sip on life, without the buzz—just pure joy. 🍻"
10985851,6.0,Cocio,Mælk m/smag,Kakaomælk,1,0,ds.,Netto,https://static.tilbudsugen.dk/1st-retail/2026/10/64710/Netto92026-1_24_60x749_2517x2859_zoom.jpg,2026-02-28,2026-03-06,https://res.cloudinary.com/dfqzmnlga/image/upload/v1772249843/2026-02-28/10985851.jpg,Cocoa milk,"☕️ Sip, sip, and savor the sweetest escape with every sip."
10985856,12.0,AhornBryg,Specialøl,Specialøl,1,0,fl.,Netto,https://static.tilbudsugen.dk/1st-retail/2026/10/64710/Netto92026-1_24_0x4789_2523x6857_zoom.jpg,2026-02-28,2026-03-06,https://res.cloudinary.com/dfqzmnlga/image/upload/v1772249844/2026-02-28/10985856.jpg,Special beer,"✨ Brewed for the bold, served for the wild. 🍻"
10985574,12.0,Protein Lab,Mellemmåltider,Protein Shake Strawberry,1,0,fl.,Netto,https://static.tilbudsugen.dk/1st-retail/2026/10/64710/Netto92026-1_15_1574x699_4911x2848_zoom.jpg,2026-02-28,2026-03-06,https://res.cloudinary.com/dfqzmnlga/image/upload/v1772249844/2026-02-28/10985574.jpg,Protein Shake Strawberry,Slay your day with a protein boost and a strawberry twist—because life's too short for boring shakes! 🍓💪
10985951,18.0,Klorin,Rengøringsmidler,WC-rens,1,0,stk.,Netto,https://static.tilbudsugen.dk/1st-retail/2026/10/64710/Netto92026-1_26_144x683_2457x2835_zoom.jpg,2026-02-28,2026-03-06,https://res.cloudinary.com/dfqzmnlga/image/upload/v1772249844/2026-02-28/10985951.jpg,WC-cleansing,"Wash, cleanse, and keep it clean — because a little dirt doesn't hurt! 🧼"
10985855,12.0,BøgeBryg,Specialøl,Specialøl,1,0,fl.,Netto,https://static.tilbudsugen.dk/1st-retail/2026/10/64710/Netto92026-1_24_0x4789_2523x6857_zoom.jpg,2026-02-28,2026-03-06,https://res.cloudinary.com/dfqzmnlga/image/upload/v1772249845/2026-02-28/10985855.jpg,Special beer,"🍺✨ One drink, endless joy, and a dash of mischief."
10985860,12.0,AhornBryg,Alkoholfrie Øl,Øl - Alkoholfri,1,0,fl.,Netto,https://static.tilbudsugen.dk/1st-retail/2026/10/64710/Netto92026-1_24_0x4789_2523x6857_zoom.jpg,2026-02-28,2026-03-06,https://res.cloudinary.com/dfqzmnlga/image/upload/v1772249845/2026-02-28/10985860.jpg,Beer - Alcohol Free,"Sip, savor, and smile—no alcohol needed. 🍻"
10985824,8.0,Shaker,RTD,Sport RTD,1,0,ds.,Netto,https://static.tilbudsugen.dk/1st-retail/2026/10/64710/Netto92026-1_24_2511x683_4962x2817_zoom.jpg,2026-02-28,2026-03-06,https://res.cloudinary.com/dfqzmnlga/image/upload/v1772249846/2026-02-28/10985824.jpg,Sport RTD,"Sport RTD: Keep moving, keep it fresh, keep it fun! 🏃‍♂️"
10985823,8.0,Shaker,RTD,Original RTD,1,0,ds.,Netto,https://static.tilbudsugen.dk/1st-retail/2026/10/64710/Netto92026-1_24_2511x683_4962x2817_zoom.jpg,2026-02-28,2026-03-06,https://res.cloudinary.com/dfqzmnlga/image/upload/v1772249846/2026-02-28/10985823.jpg,Original RTD,"Original RTD: The flavor that never fades, always fresh and vibrant. 🌟"
10985571,8.0,Ama,Madlavning friskvarer,Madlavningsfløde 4%,1,0,krt.,Netto,https://static.tilbudsugen.dk/1st-retail/2026/10/64710/Netto92026-1_15_31x777_1480x2934_zoom.jpg,2026-02-28,2026-03-06,https://res.cloudinary.com/dfqzmnlga/image/upload/v1772249847/2026-02-28/10985571.jpg,Cooking cream 4%,"Smooth, creamy, and perfect for any kitchen moment 🧑‍🍳"
10985649,10.0,ØGO,Grøntsager,Ærter,1,0,ps.,Netto,https://static.tilbudsugen.dk/1st-retail/2026/10/64710/Netto92026-1_9_2493x4339_4974x6839_zoom.jpg,2026-02-28,2026-03-06,https://res.cloudinary.com/dfqzmnlga/image/upload/v1772249847/2026-02-28/10985649.jpg,Peas,Peas: The little green rebels who bring flavor and cheer to any meal! 🥦✨
10985650,10.0,ØGO,Grøntsager,Majskolber,1,0,ps.,Netto,https://static.tilbudsugen.dk/1st-retail/2026/10/64710/Netto92026-1_9_2493x4339_4974x6839_zoom.jpg,2026-02-28,2026-03-06,https://res.cloudinary.com/dfqzmnlga/image/upload/v1772249848/2026-02-28/10985650.jpg,Maize (corn) cobs,"Cobbed with fun and flavor, I’m the star of the kitchen’s latest adventure 🌾✨"
10983030,20.0,Løgismose,Syrnet morgenmad,Vanilje Skyr ,1,0,bg.,Netto,https://static.tilbudsugen.dk/1st-retail/2026/10/64710/Netto92026-1_2_2353x2386_4940x4817_zoom.jpg,2026-02-28,2026-03-06,https://res.cloudinary.com/dfqzmnlga/image/upload/v1772249848/2026-02-28/10983030.jpg,Vanilla Skyr,"Sweet, creamy, and creamy… 🍵"
10983887,10.0,Danpo,Kylling,Kyllingeoverlår,1,0,bk.,Netto,https://static.tilbudsugen.dk/1st-retail/2026/10/64710/Netto92026-1_6_0x158_2290x2393_zoom.jpg,2026-02-28,2026-03-06,https://res.cloudinary.com/dfqzmnlga/image/upload/v1772249849/2026-02-28/10983887.jpg,Chicken upper thighs,"🔥 Chicken upper thighs: crispy, juicy, and ready to ignite your taste buds! 🥗"
10985359,10.0,ØGO,Grøntsager,Ærter,1,0,ps.,Netto,https://static.tilbudsugen.dk/1st-retail/2026/10/64710/Netto92026-1_12_2513x1551_3686x3094_zoom.jpg,2026-02-28,2026-03-06,https://res.cloudinary.com/dfqzmnlga/image/upload/v1772249849/2026-02-28/10985359.jpg,Peas,"Peas, the quiet powerhouse of flavor, bring a sprinkle of magic to every dish. 🍬"
10983031,20.0,Løgismose,Syrnet morgenmad,Rabeber & Æble Skyr ,1,0,bg.,Netto,https://static.tilbudsugen.dk/1st-retail/2026/10/64710/Netto92026-1_2_2353x2386_4940x4817_zoom.jpg,2026-02-28,2026-03-06,https://res.cloudinary.com/dfqzmnlga/image/upload/v1772249849/2026-02-28/10983031.jpg,Rabeber & Apple Skyr,"Rabeber & Apple Skyr: The perfect blend of sweet and tangy, with a twist of flavor. 🍓✨"
10985366,10.0,Salatmesteren,Remoulade,Remoulade Let,1,0,fl.,Netto,https://static.tilbudsugen.dk/1st-retail/2026/10/64710/Netto92026-1_12_3616x5230_4963x6850_zoom.jpg,2026-02-28,2026-03-06,https://res.cloudinary.com/dfqzmnlga/image/upload/v1772249850/2026-02-28/10985366.jpg,Remoulade Light,"Sip on the light, bold flavor of remoulade—where freshness meets flavor, in every drop. 🍹"
10985365,10.0,Salatmesteren,Remoulade,Remoulade,1,0,fl.,Netto,https://static.tilbudsugen.dk/1st-retail/2026/10/64710/Netto92026-1_12_3616x5230_4963x6850_zoom.jpg,2026-02-28,2026-03-06,https://res.cloudinary.com/dfqzmnlga/image/upload/v1772249850/2026-02-28/10985365.jpg,Remoulades,"Savory, tangy, and slightly spicy — the perfect companion to any meal, whether it's a snack or a side. 🍹"
10983029,20.0,Løgismose,Syrnet morgenmad,Naturel Skyr ,1,0,bg.,Netto,https://static.tilbudsugen.dk/1st-retail/2026/10/64710/Netto92026-1_2_2353x2386_4940x4817_zoom.jpg,2026-02-28,2026-03-06,https://res.cloudinary.com/dfqzmnlga/image/upload/v1772249851/2026-02-28/10983029.jpg,Natural Skyr,"Skyr, the creamy, delicious, and eco-friendly dream—pure, natural, and ready to elevate your morning. 🌟"
10985583,25.0,Athena,Syrnet morgenmad,Græsk Yoghurt 2%,1,1,bg.,Netto,https://static.tilbudsugen.dk/1st-retail/2026/10/64710/Netto92026-1_15_63x4879_1692x6855_zoom.jpg,2026-02-28,2026-03-06,https://res.cloudinary.com/dfqzmnlga/image/upload/v1772249851/2026-02-28/10985583.jpg,Greek Yogurt 2%,"Savory, creamy, and slightly tangy—perfect for a morning boost! 🥤"
10985582,25.0,Athena,Syrnet morgenmad,Græsk Yoghurt 10%,1,1,bg.,Netto,https://static.tilbudsugen.dk/1st-retail/2026/10/64710/Netto92026-1_15_63x4879_1692x6855_zoom.jpg,2026-02-28,2026-03-06,https://res.cloudinary.com/dfqzmnlga/image/upload/v1772249852/2026-02-28/10985582.jpg,Greek Yogurt 10%,"Sour, creamy, and slightly sweet — the perfect snack for any mood. 🍯"
10983091,10.0,Kohberg,Boller & Morgenbrød,Solskinsboller,1,0,ps.,Netto,https://static.tilbudsugen.dk/1st-retail/2026/10/64710/Netto92026-1_4_0x337_2444x3670_zoom.jpg,2026-02-28,2026-03-06,https://res.cloudinary.com/dfqzmnlga/image/upload/v1772249852/2026-02-28/10983091.jpg,Sunshine balls,✨ Sunshine balls that brighten up your day with a cheerful twist! ✨
10985964,14.0,Neutral,"Sæbe, bad, dusch",Flydende sæbe,1,0,stk.,Netto,https://static.tilbudsugen.dk/1st-retail/2026/10/64710/Netto92026-1_26_96x4867_1702x6869_zoom.jpg,2026-02-28,2026-03-06,https://res.cloudinary.com/dfqzmnlga/image/upload/v1772249852/2026-02-28/10985964.jpg,Liquid soap,"Glow up, little one—cleanse your days with a splash of confidence! 🧼✨"
10985355,8.47,Danonino,Mellemmåltider,"Jordbær, Banan & Abrikos yoghurt",1,0,pk.,Netto,https://static.tilbudsugen.dk/1st-retail/2026/10/64710/Netto92026-1_11_35x4560_2729x6857_zoom.jpg,2026-02-28,2026-03-06,https://res.cloudinary.com/dfqzmnlga/image/upload/v1772249853/2026-02-28/10985355.jpg,"Strawberries, Banana & Apricot yogurt","Savoring sweet, tangy, and creamy adventures in every bite 🍓🍌 yogurt."
10985368,20.0,Premieur,Kartofler,Pommes Gigant,1,0,ps.,Netto,https://static.tilbudsugen.dk/1st-retail/2026/10/64710/Netto92026-1_12_2464x5272_3707x6829_zoom.jpg,2026-02-28,2026-03-06,https://res.cloudinary.com/dfqzmnlga/image/upload/v1772249853/2026-02-28/10985368.jpg,Pommes Gigant,"I'm the giant potato, ready to crush your day with a smile and a hearty crunch! 🍂"
10985371,10.0,Bakersfield,Dybfrost Brød,Hvidløgsbrød,1,0,ps.,Netto,https://static.tilbudsugen.dk/1st-retail/2026/10/64710/Netto92026-1_7_67x370_2357x3654_zoom.jpg,2026-02-28,2026-03-06,https://res.cloudinary.com/dfqzmnlga/image/upload/v1772249853/2026-02-28/10985371.jpg,Garlic bread,"Savoring the perfect crunch, one garlic bread at a time 🍞"
10986024,59.0,Marathon,Børnetøj,Boxershorts,1,2,pk.,Netto,https://static.tilbudsugen.dk/1st-retail/2026/10/64710/Netto92026-1_30_252x4645_2463x6809_zoom.jpg,2026-02-28,2026-03-06,https://res.cloudinary.com/dfqzmnlga/image/upload/v1772249854/2026-02-28/10986024.jpg,Boxers shorts,"Stretchy, comfy, and ready for the next adventure 🌟"
10985936,18.0,Cillit Bang,Rengøringsmidler,Rengøring - universal,1,0,stk.,Netto,https://static.tilbudsugen.dk/1st-retail/2026/10/64710/Netto92026-1_26_144x683_2457x2835_zoom.jpg,2026-02-28,2026-03-06,https://res.cloudinary.com/dfqzmnlga/image/upload/v1772249854/2026-02-28/10985936.jpg,Cleaning - universal,"✨ Clean your space, clean your mind, clean your life! ✨"
10985560,6.0,,Grønt,Gulerødder,1,0,ps.,Netto,https://static.tilbudsugen.dk/1st-retail/2026/10/64710/Netto92026-1_13_449x1029_4848x3556_zoom.jpg,2026-02-28,2026-03-06,https://res.cloudinary.com/dfqzmnlga/image/upload/v1772249855/2026-02-28/10985560.jpg,Carrots,"Golden root with a twist—sweet, spicy, and always in season! 🌱"
10985680,30.0,Klar & Klassisk,Klar Suppe,Hønsekødssuppe,1,1,pk.,Netto,https://static.tilbudsugen.dk/1st-retail/2026/10/64710/Netto92026-1_18_31x4847_2487x6870_zoom.jpg,2026-02-28,2026-03-06,https://res.cloudinary.com/dfqzmnlga/image/upload/v1772249855/2026-02-28/10985680.jpg,Chicken meat soup,Savor the flavor of life with every spoonful of chicken meat soup 🍲
10985563,30.0,,Frugt,Vandmelon,1,1,stk.,Netto,https://static.tilbudsugen.dk/1st-retail/2026/10/64710/Netto92026-1_13_2408x5217_4848x6862_zoom.jpg,2026-02-28,2026-03-06,https://res.cloudinary.com/dfqzmnlga/image/upload/v1772249856/2026-02-28/10985563.jpg,Watermelon,"Slice of summer, juicy and bold, with a dash of sunshine 🍉"
10985918,29.0,Sanex,"Sæbe, bad, dusch",Bodyshampoo,1,0,stk.,Netto,https://static.tilbudsugen.dk/1st-retail/2026/10/64710/Netto92026-1_26_3278x2835_4938x4957_zoom.jpg,2026-02-28,2026-03-06,https://res.cloudinary.com/dfqzmnlga/image/upload/v1772249856/2026-02-28/10985918.jpg,Body shampoo,✨Lather up your day with my refreshing scent! ✨
10985917,29.0,Sanex,"Sæbe, bad, dusch",Bodyshampoo,1,0,stk.,Netto,https://static.tilbudsugen.dk/1st-retail/2026/10/64710/Netto92026-1_26_3278x2835_4938x4957_zoom.jpg,2026-02-28,2026-03-06,https://res.cloudinary.com/dfqzmnlga/image/upload/v1772249857/2026-02-28/10985917.jpg,Body shampoo,"✨ Clean your soul with every drop—body shampoo, naturally. ✨"
10985619,55.0,Biotex,Vaskemiddel,Vaskemiddel-flydende,1,1,fl.,Netto,https://static.tilbudsugen.dk/1st-retail/2026/10/64710/Netto92026-1_8_30x3590_2421x6845_zoom.jpg,2026-02-28,2026-03-06,https://res.cloudinary.com/dfqzmnlga/image/upload/v1772249857/2026-02-28/10985619.jpg,Laundry liquid,"Clean your clothes, but I'm the one doing the cleaning! 🧼"
10985822,8.0,Original,RTD,Original RTD,1,0,ds.,Netto,https://static.tilbudsugen.dk/1st-retail/2026/10/64710/Netto92026-1_24_2511x683_4962x2817_zoom.jpg,2026-02-28,2026-03-06,https://res.cloudinary.com/dfqzmnlga/image/upload/v1772249858/2026-02-28/10985822.jpg,Original RTD,"Original RTD: The flavor that never fades, always fresh and vibrant. 🌟"
10985825,8.0,Raspberry,RTD,Raspberry RTD,1,0,ds.,Netto,https://static.tilbudsugen.dk/1st-retail/2026/10/64710/Netto92026-1_24_2511x683_4962x2817_zoom.jpg,2026-02-28,2026-03-06,https://res.cloudinary.com/dfqzmnlga/image/upload/v1772249858/2026-02-28/10985825.jpg,Raspberry RTD,"Raspberry RTD: Sip, savor, and scream your favorite flavor—no ingredients needed. 🍓"
10985715,99.0,Løgismose,Øvrige vinlande,Rosevin,1,3,krt.,Netto,https://static.tilbudsugen.dk/1st-retail/2026/10/64710/Netto92026-1_19_1661x2745_3621x4902_zoom.jpg,2026-02-28,2026-03-06,https://res.cloudinary.com/dfqzmnlga/image/upload/v1772249859/2026-02-28/10985715.jpg,Rose wine,Sip on the sweetest seduction — rose wine. 🍷
10985713,99.0,Løgismose,Øvrige vinlande,Hvidvin,1,3,krt.,Netto,https://static.tilbudsugen.dk/1st-retail/2026/10/64710/Netto92026-1_19_1661x2745_3621x4902_zoom.jpg,2026-02-28,2026-03-06,https://res.cloudinary.com/dfqzmnlga/image/upload/v1772249859/2026-02-28/10985713.jpg,White wine,"Sip, savor, and smile—white wine is the perfect companion to any good time. 🍷"
10985714,99.0,Løgismose,Øvrige vinlande,Rødvin,1,3,krt.,Netto,https://static.tilbudsugen.dk/1st-retail/2026/10/64710/Netto92026-1_19_1661x2745_3621x4902_zoom.jpg,2026-02-28,2026-03-06,https://res.cloudinary.com/dfqzmnlga/image/upload/v1772249860/2026-02-28/10985714.jpg,Red wine,"Sip, savor, and let the wine do the talking—because every glass is a story. 🍷"
10985651,10.0,ØGO,Grøntsager,Mukimame Bønner,1,0,ps.,Netto,https://static.tilbudsugen.dk/1st-retail/2026/10/64710/Netto92026-1_9_2493x4339_4974x6839_zoom.jpg,2026-02-28,2026-03-06,https://res.cloudinary.com/dfqzmnlga/image/upload/v1772249860/2026-02-28/10985651.jpg,Mukimame Beans,"✨ Super soft, super fun, and super snackable—mukimame beans are the perfect snack to keep your day light up! 🌟"
10983888,10.0,Danpo,Kylling,Kyllingeunderlår,1,0,pk.,Netto,https://static.tilbudsugen.dk/1st-retail/2026/10/64710/Netto92026-1_6_0x158_2290x2393_zoom.jpg,2026-02-28,2026-03-06,https://res.cloudinary.com/dfqzmnlga/image/upload/v1772249860/2026-02-28/10983888.jpg,Chicken's thighs,"🔥Sizzling, smoky, and unstoppable—chicken thighs are the kitchen's ultimate flame thrower! 🍗🔥"
10985575,10.0,Starbucks,Iste & Iskaffe,Iskaffe,1,0,ds.,Netto,https://static.tilbudsugen.dk/1st-retail/2026/10/64710/Netto92026-1_15_63x2785_1582x4910_zoom.jpg,2026-02-28,2026-03-06,https://res.cloudinary.com/dfqzmnlga/image/upload/v1772249861/2026-02-28/10985575.jpg,Ice coffee,"❄️ Sip on the chill, freeze the moment—ice coffee, ready to melt your day!"
10983088,15.0,Grovhakket,Postej og Paté,Leverpostej,1,0,pk.,Netto,https://static.tilbudsugen.dk/1st-retail/2026/10/64710/Netto92026-1_4_97x3741_2522x6872_zoom.jpg,2026-02-28,2026-03-06,https://res.cloudinary.com/dfqzmnlga/image/upload/v1772249861/2026-02-28/10983088.jpg,Liver pie,"Craving a flavor that's both bold and creamy? I'm liver pie—bold, hearty, and ready to satisfy your taste buds! 🍽️"
10985681,30.0,Mou,Suppetilbehør,Kød- og Melboller,1,0,ps.,Netto,https://static.tilbudsugen.dk/1st-retail/2026/10/64710/Netto92026-1_18_31x4847_2487x6870_zoom.jpg,2026-02-28,2026-03-06,https://res.cloudinary.com/dfqzmnlga/image/upload/v1772249862/2026-02-28/10985681.jpg,Meat and meal balls,"Savor the crunch, bite the beat—meat and meal balls make every snack a masterpiece! 🍔✨"
10985986,135.0,Whiskas,Kattefoder,Kattefoder,1,3,pk.,Netto,https://static.tilbudsugen.dk/1st-retail/2026/10/64710/Netto92026-1_28_2691x3021_4926x4711_zoom.jpg,2026-02-28,2026-03-06,https://res.cloudinary.com/dfqzmnlga/image/upload/v1772249862/2026-02-28/10985986.jpg,Cat food,🐾 Whiskers need nourishment—meow-fully delicious!
10985688,27.0,Premier,Is,Nougat Flødeis,1,0,bg.,Netto,https://static.tilbudsugen.dk/1st-retail/2026/10/64710/Netto92026-1_18_2456x4879_4927x6902_zoom.jpg,2026-02-28,2026-03-06,https://res.cloudinary.com/dfqzmnlga/image/upload/v1772249863/2026-02-28/10985688.jpg,Nougat Cream ice cream,✨ Savor the sweetest scoop of joy with a twist—nougat cream ice cream that melts in your mouth and leaves you craving more! ✨
10985691,27.0,Premier,Is,Toms Skildpadde is,1,0,bg.,Netto,https://static.tilbudsugen.dk/1st-retail/2026/10/64710/Netto92026-1_18_2456x4879_4927x6902_zoom.jpg,2026-02-28,2026-03-06,https://res.cloudinary.com/dfqzmnlga/image/upload/v1772249863/2026-02-28/10985691.jpg,Tom's Turtle ice,✨ Turtle-shaped ice that's as fun as it is frozen! 🐢
10985689,27.0,Premier,Is,Kæmpe Solbær is,1,0,bg.,Netto,https://static.tilbudsugen.dk/1st-retail/2026/10/64710/Netto92026-1_18_2456x4879_4927x6902_zoom.jpg,2026-02-28,2026-03-06,https://res.cloudinary.com/dfqzmnlga/image/upload/v1772249864/2026-02-28/10985689.jpg,Giant Blackcurrant ice,"Tropical burst in a tiny bottle, perfect for a summer snack 🍓"
10985690,27.0,Premier,Is,Saltkaramel is,1,0,bg.,Netto,https://static.tilbudsugen.dk/1st-retail/2026/10/64710/Netto92026-1_18_2456x4879_4927x6902_zoom.jpg,2026-02-28,2026-03-06,https://res.cloudinary.com/dfqzmnlga/image/upload/v1772249865/2026-02-28/10985690.jpg,Salt caramel ice cream,"Savor the sweet, salty, and creamy perfection of salt caramel ice cream 🍦✨"
10985868,109.0,,Californiske vine,Californisk Hvidvin,1,3,krt.,Netto,https://static.tilbudsugen.dk/1st-retail/2026/10/64710/Netto92026-1_25_66x671_2355x3830_zoom.jpg,2026-02-28,2026-03-06,https://res.cloudinary.com/dfqzmnlga/image/upload/v1772249865/2026-02-28/10985868.jpg,California White wine,"Sip, savor, and smile—California White wine is the perfect companion to any good time. 🍷"
10985864,109.0,,Californiske vine,Californisk Rødvin,1,3,krt.,Netto,https://static.tilbudsugen.dk/1st-retail/2026/10/64710/Netto92026-1_25_66x671_2355x3830_zoom.jpg,2026-02-28,2026-03-06,https://res.cloudinary.com/dfqzmnlga/image/upload/v1772249866/2026-02-28/10985864.jpg,California Red Wine,"Sip, savor, and share—California Red Wine is the perfect companion to any good time. 🍷"
10985870,109.0,,Italienske vine,Italiensk Rødvin,1,3,krt.,Netto,https://static.tilbudsugen.dk/1st-retail/2026/10/64710/Netto92026-1_25_66x671_2355x3830_zoom.jpg,2026-02-28,2026-03-06,https://res.cloudinary.com/dfqzmnlga/image/upload/v1772249866/2026-02-28/10985870.jpg,Italian Red Wine,"Sip, savor, and let the flavor speak — my taste is bold, my vibe is bold. 🍷"
10985872,109.0,,Italienske vine,Italiensk Hvidvin,1,3,krt.,Netto,https://static.tilbudsugen.dk/1st-retail/2026/10/64710/Netto92026-1_25_66x671_2355x3830_zoom.jpg,2026-02-28,2026-03-06,https://res.cloudinary.com/dfqzmnlga/image/upload/v1772249866/2026-02-28/10985872.jpg,Italian White wine,"Sip, savor, and let the flavor speak — 🍷"
10985866,109.0,,Californiske vine,Californisk Rosevin,1,3,krt.,Netto,https://static.tilbudsugen.dk/1st-retail/2026/10/64710/Netto92026-1_25_66x671_2355x3830_zoom.jpg,2026-02-28,2026-03-06,https://res.cloudinary.com/dfqzmnlga/image/upload/v1772249867/2026-02-28/10985866.jpg,California Rosevin,"A floral explosion of flavor, perfect for any occasion, 🌸"
10985361,12.0,K-salat,Saucer,Bearnaisesauce,1,0,bg.,Netto,https://static.tilbudsugen.dk/1st-retail/2026/10/64710/Netto92026-1_12_3700x1600_4900x3087_zoom.jpg,2026-02-28,2026-03-06,https://res.cloudinary.com/dfqzmnlga/image/upload/v1772249867/2026-02-28/10985361.jpg,Bearnaise sauce,🔥 A fiery flavor that turns any meal into a culinary masterpiece! 🍽️
10985679,30.0,Mou,Special Suppe,Jordskokkesuppe,1,0,pk.,Netto,https://static.tilbudsugen.dk/1st-retail/2026/10/64710/Netto92026-1_18_31x4847_2487x6870_zoom.jpg,2026-02-28,2026-03-06,https://res.cloudinary.com/dfqzmnlga/image/upload/v1772249868/2026-02-28/10985679.jpg,Ground-shoe soup,"Sip on the flavor of the earth, one hearty soup at a time 🌱"
10985626,15.0,POP Bakery,Dej Køl,6 Minipizzor,1,0,pk.,Netto,https://static.tilbudsugen.dk/1st-retail/2026/10/64710/Netto92026-1_17_110x746_1708x2887_zoom.jpg,2026-02-28,2026-03-06,https://res.cloudinary.com/dfqzmnlga/image/upload/v1772249868/2026-02-28/10985626.jpg,6 Minipizzor,"Mini pizza that's just enough to satisfy your cravings, served in a fun and quirky way. 🍕"
10985625,15.0,POP Bakery,Dej Køl,Pizzadej,1,0,pk.,Netto,https://static.tilbudsugen.dk/1st-retail/2026/10/64710/Netto92026-1_17_110x746_1708x2887_zoom.jpg,2026-02-28,2026-03-06,https://res.cloudinary.com/dfqzmnlga/image/upload/v1772249869/2026-02-28/10985625.jpg,Pizza dough,Craving a slice of chaos? I’m the dough that turns dreams into pizzas! 🍕
10983898,39.0,Velsmag,Grisekød,Hakket grisekød 8-12%,1,1,bk.,Netto,https://static.tilbudsugen.dk/1st-retail/2026/10/64710/Netto92026-1_6_2411x2811_4931x4811_zoom.jpg,2026-02-28,2026-03-06,https://res.cloudinary.com/dfqzmnlga/image/upload/v1772249870/2026-02-28/10983898.jpg,Minced pig meat 8-12 per cent,"✨ Flaky, juicy, and perfect for any skillet – my flavor is pure, ready to cook! ✨"
10985922,39.0,Rodalon,Rengøringsmidler,Rengøring - øvrige,1,1,stk.,Netto,https://static.tilbudsugen.dk/1st-retail/2026/10/64710/Netto92026-1_26_2493x767_4938x2823_zoom.jpg,2026-02-28,2026-03-06,https://res.cloudinary.com/dfqzmnlga/image/upload/v1772249870/2026-02-28/10985922.jpg,Cleaning - Other,"✨ Clean vibes, chaos control, and a dash of sparkles 🌟"
10985924,39.0,Rodalon,Vaskemiddel,Vaskemiddel-flydende,1,1,fl.,Netto,https://static.tilbudsugen.dk/1st-retail/2026/10/64710/Netto92026-1_26_2493x767_4938x2823_zoom.jpg,2026-02-28,2026-03-06,https://res.cloudinary.com/dfqzmnlga/image/upload/v1772249871/2026-02-28/10985924.jpg,Laundry liquid,Wash your clothes and your mood—just add me. 🧼✨
10986003,40.0,Whiskas,Kattefoder,Kattefoder,1,1,pk.,Netto,https://static.tilbudsugen.dk/1st-retail/2026/10/64710/Netto92026-1_28_2978x551_4914x3015_zoom.jpg,2026-02-28,2026-03-06,https://res.cloudinary.com/dfqzmnlga/image/upload/v1772249871/2026-02-28/10986003.jpg,Cat food,🐾 Whiskers need a treat—meow!
10985565,19.95,Velsmag,Grisekød,Ribbensteg,1,0,bk.,Netto,https://static.tilbudsugen.dk/1st-retail/2026/10/64710/Netto92026-1_14_55x762_2479x2714_zoom.jpg,2026-02-28,2026-03-06,https://res.cloudinary.com/dfqzmnlga/image/upload/v1772249871/2026-02-28/10985565.jpg,Robin roast,Robin roast: The ultimate snack that turns any day into a cozy adventure 🍲
10985738,12.0,Taffel,Snacknødder & Nøddeblandinger,Cheddar Peanut Crunch,1,0,ps.,Netto,https://static.tilbudsugen.dk/1st-retail/2026/10/64710/Netto92026-1_20_2448x3233_4888x5154_zoom.jpg,2026-02-28,2026-03-06,https://res.cloudinary.com/dfqzmnlga/image/upload/v1772249872/2026-02-28/10985738.jpg,Cheddar Peanut Crunch,"Crunchy, creamy, and cheesy—perfect for a snack that never sleeps! 🍬✨"
10983109,12.0,Pågen,Kager,Gifflar kanel,1,0,ps.,Netto,https://static.tilbudsugen.dk/1st-retail/2026/10/64710/Netto92026-1_5_2418x52_4998x3559_zoom.jpg,2026-02-28,2026-03-06,https://res.cloudinary.com/dfqzmnlga/image/upload/v1772249873/2026-02-28/10983109.jpg,Gifflar cinnamon,Gifflar cinnamon: The sweetest spice that makes your day just a little more gifflar! 🌟
10985835,10.0,Sugarfree,Energi- Sports- & Vitamindrikke,Energidrik,1,0,ds.,Netto,https://static.tilbudsugen.dk/1st-retail/2026/10/64710/Netto92026-1_24_2457x2841_4974x4813_zoom.jpg,2026-02-28,2026-03-06,https://res.cloudinary.com/dfqzmnlga/image/upload/v1772249873/2026-02-28/10985835.jpg,Energy Drink,"💥 Supercharged with energy, ready to crush any challenge! 🌟"
10985836,10.0,The Apricot Edition,Energi- Sports- & Vitamindrikke,Energidrik,1,0,ds.,Netto,https://static.tilbudsugen.dk/1st-retail/2026/10/64710/Netto92026-1_24_2457x2841_4974x4813_zoom.jpg,2026-02-28,2026-03-06,https://res.cloudinary.com/dfqzmnlga/image/upload/v1772249874/2026-02-28/10985836.jpg,Energy Drink,"💥 Stay charged, stay wild, stay unstoppable! 🌟"
10985839,10.0,The Blue Edition,Energi- Sports- & Vitamindrikke,Energidrik,1,0,ds.,Netto,https://static.tilbudsugen.dk/1st-retail/2026/10/64710/Netto92026-1_24_2457x2841_4974x4813_zoom.jpg,2026-02-28,2026-03-06,https://res.cloudinary.com/dfqzmnlga/image/upload/v1772249874/2026-02-28/10985839.jpg,Energy Drink,"💥 Stay charged, stay unstoppable! 🌟"
10985913,20.0,Palmolive,"Sæbe, bad, dusch",Bodyshampoo,1,0,stk.,Netto,https://static.tilbudsugen.dk/1st-retail/2026/10/64710/Netto92026-1_26_1672x2859_3278x4855_zoom.jpg,2026-02-28,2026-03-06,https://res.cloudinary.com/dfqzmnlga/image/upload/v1772249875/2026-02-28/10985913.jpg,Body shampoo,✨ Shine bright with every wash—because your skin deserves the same care as your style!
10985841,10.0,The Pink Edition,Energi- Sports- & Vitamindrikke,Energidrik,1,0,ds.,Netto,https://static.tilbudsugen.dk/1st-retail/2026/10/64710/Netto92026-1_24_2457x2841_4974x4813_zoom.jpg,2026-02-28,2026-03-06,https://res.cloudinary.com/dfqzmnlga/image/upload/v1772249875/2026-02-28/10985841.jpg,Energy Drink,"💥 Supercharged with energy, ready to crush any challenge! 🚀"
10985840,10.0,The Summer Edition,Energi- Sports- & Vitamindrikke,Energidrik,1,0,ds.,Netto,https://static.tilbudsugen.dk/1st-retail/2026/10/64710/Netto92026-1_24_2457x2841_4974x4813_zoom.jpg,2026-02-28,2026-03-06,https://res.cloudinary.com/dfqzmnlga/image/upload/v1772249876/2026-02-28/10985840.jpg,Energy Drink,"💥 Stay pumped, stay alive, stay unstoppable!"
10985914,20.0,Palmolive Men,"Sæbe, bad, dusch",Bodyshampoo,1,0,stk.,Netto,https://static.tilbudsugen.dk/1st-retail/2026/10/64710/Netto92026-1_26_1672x2859_3278x4855_zoom.jpg,2026-02-28,2026-03-06,https://res.cloudinary.com/dfqzmnlga/image/upload/v1772249876/2026-02-28/10985914.jpg,Body shampoo,"Glow up, detox, and shine bright—body shampoo makes every moment sparkle! 🌟"
10985827,10.0,Energy,Energi- Sports- & Vitamindrikke,Energidrik,1,0,ds.,Netto,https://static.tilbudsugen.dk/1st-retail/2026/10/64710/Netto92026-1_24_2457x2841_4974x4813_zoom.jpg,2026-02-28,2026-03-06,https://res.cloudinary.com/dfqzmnlga/image/upload/v1772249877/2026-02-28/10985827.jpg,Energy Drink,"💥 Supercharged with energy, ready to crush any challenge! 🌟"
10985842,10.0,The Lilac Edition,Energi- Sports- & Vitamindrikke,Energidrik,1,0,ds.,Netto,https://static.tilbudsugen.dk/1st-retail/2026/10/64710/Netto92026-1_24_2457x2841_4974x4813_zoom.jpg,2026-02-28,2026-03-06,https://res.cloudinary.com/dfqzmnlga/image/upload/v1772249877/2026-02-28/10985842.jpg,Energy Drink,"💥 Supercharged energy, no limits! 🌟"
10985838,10.0,The Ice Edition,Energi- Sports- & Vitamindrikke,Energidrik,1,0,ds.,Netto,https://static.tilbudsugen.dk/1st-retail/2026/10/64710/Netto92026-1_24_2457x2841_4974x4813_zoom.jpg,2026-02-28,2026-03-06,https://res.cloudinary.com/dfqzmnlga/image/upload/v1772249878/2026-02-28/10985838.jpg,Energy Drink,"💥 Supercharged energy, no limits! 🌟"
10985642,29.0,Steff Houlberg,Færdigretter Køl,Boller i Karry,1,0,pk.,Netto,https://static.tilbudsugen.dk/1st-retail/2026/10/64710/Netto92026-1_17_3337x2753_4856x4918_zoom.jpg,2026-02-28,2026-03-06,https://res.cloudinary.com/dfqzmnlga/image/upload/v1772249878/2026-02-28/10985642.jpg,Buns in Curry,"Curry-baked bliss, served with a side of joy 🍲"
10985652,29.0,Steff Houlberg,Færdigretter Køl,Risengrød,1,0,pk.,Netto,https://static.tilbudsugen.dk/1st-retail/2026/10/64710/Netto92026-1_17_3337x2753_4856x4918_zoom.jpg,2026-02-28,2026-03-06,https://res.cloudinary.com/dfqzmnlga/image/upload/v1772249879/2026-02-28/10985652.jpg,Rice grain,"✨ Rice grain, the quiet hero of every meal, turning simple dishes into magic. 🌾"
10985662,25.0,Bistronne,Færdigretter Frost,Hot Wings Hot & Spicy,1,0,ps.,Netto,https://static.tilbudsugen.dk/1st-retail/2026/10/64710/Netto92026-1_18_79x840_1755x2926_zoom.jpg,2026-02-28,2026-03-06,https://res.cloudinary.com/dfqzmnlga/image/upload/v1772249879/2026-02-28/10985662.jpg,Hot Wings Hot & Spicy,🔥 Hot Wings Hot & Spicy — the perfect snack to spice up your day! 🍔
10985873,129.0,,Spanske vine,Spansk Rødvin,1,3,krt.,Netto,https://static.tilbudsugen.dk/1st-retail/2026/10/64710/Netto92026-1_25_66x3812_2451x6845_zoom.jpg,2026-02-28,2026-03-06,https://res.cloudinary.com/dfqzmnlga/image/upload/v1772249880/2026-02-28/10985873.jpg,Spanish Red Wine,"Sip, savor, and let the taste tell your story—🍷"
10985877,129.0,,Australske vine,Australsk Rødvin,1,3,krt.,Netto,https://static.tilbudsugen.dk/1st-retail/2026/10/64710/Netto92026-1_25_66x3812_2451x6845_zoom.jpg,2026-02-28,2026-03-06,https://res.cloudinary.com/dfqzmnlga/image/upload/v1772249880/2026-02-28/10985877.jpg,Australian Red Wine,"A bold, bold red wine that turns every evening into a celebration 🍷"
10985878,129.0,,Australske vine,Australsk Hvidvin,1,3,krt.,Netto,https://static.tilbudsugen.dk/1st-retail/2026/10/64710/Netto92026-1_25_66x3812_2451x6845_zoom.jpg,2026-02-28,2026-03-06,https://res.cloudinary.com/dfqzmnlga/image/upload/v1772249881/2026-02-28/10985878.jpg,Australian White wine,"Sip on the perfect blend of taste and chill — Australian White wine, effortlessly elegant. 🍷"
10985876,129.0,,Spanske vine,Spansk Hvidvin,1,3,krt.,Netto,https://static.tilbudsugen.dk/1st-retail/2026/10/64710/Netto92026-1_25_66x3812_2451x6845_zoom.jpg,2026-02-28,2026-03-06,https://res.cloudinary.com/dfqzmnlga/image/upload/v1772249881/2026-02-28/10985876.jpg,Spanish White wine,"Sip, savor, and let the flavors speak — Spanish white wine, ready to elevate any moment. 🍷"
10985621,55.0,Neutral,Vaskemiddel,Vaskemiddel-flydende,1,1,fl.,Netto,https://static.tilbudsugen.dk/1st-retail/2026/10/64710/Netto92026-1_8_30x3590_2421x6845_zoom.jpg,2026-02-28,2026-03-06,https://res.cloudinary.com/dfqzmnlga/image/upload/v1772249882/2026-02-28/10985621.jpg,Laundry liquid,Wash your clothes and your vibe—just don't expect them to sparkle. 🧼✨
10985629,16.0,Athena,Brød,Fladbrød,1,0,ps.,Netto,https://static.tilbudsugen.dk/1st-retail/2026/10/64710/Netto92026-1_17_1684x785_3266x2856_zoom.jpg,2026-02-28,2026-03-06,https://res.cloudinary.com/dfqzmnlga/image/upload/v1772249882/2026-02-28/10985629.jpg,Flat bread,"Soft, buttery, and perfect for a quick snack—just a slice of heaven. 🍞"
10985596,18.0,Hellmanns,Mayonnaise,Real Mayonnaise,1,0,gl.,Netto,https://static.tilbudsugen.dk/1st-retail/2026/10/64710/Netto92026-1_7_78x3608_2337x6881_zoom.jpg,2026-02-28,2026-03-06,https://res.cloudinary.com/dfqzmnlga/image/upload/v1772249883/2026-02-28/10985596.jpg,Real Mayonnaise,"Spread the mayo magic—flipping, folding, and forever creamy. 🍞"
10983891,45.0,Danpo,Kylling,Hakket kylling 3-7%,1,1,bk.,Netto,https://static.tilbudsugen.dk/1st-retail/2026/10/64710/Netto92026-1_6_115x3090_2314x4908_zoom.jpg,2026-02-28,2026-03-06,https://res.cloudinary.com/dfqzmnlga/image/upload/v1772249884/2026-02-28/10983891.jpg,Chicked chicken 3-7%,"Savory, juicy, and just right—like a perfect balance of flavor and fun. 🍗"
10983108,12.0,Pågen,Kager,Gifflar Kardemomme,1,0,ps.,Netto,https://static.tilbudsugen.dk/1st-retail/2026/10/64710/Netto92026-1_5_2418x52_4998x3559_zoom.jpg,2026-02-28,2026-03-06,https://res.cloudinary.com/dfqzmnlga/image/upload/v1772249884/2026-02-28/10983108.jpg,Gifflar Cardamom,"✨ Flavors that make your taste buds do the talking, one spice at a time!"
10983107,12.0,Pågen,Kager,Gifflar Vanilje,1,0,ps.,Netto,https://static.tilbudsugen.dk/1st-retail/2026/10/64710/Netto92026-1_5_2418x52_4998x3559_zoom.jpg,2026-02-28,2026-03-06,https://res.cloudinary.com/dfqzmnlga/image/upload/v1772249884/2026-02-28/10983107.jpg,Gifflar Vanilla,"Gifflar Vanilla: The sweetest surprise, with a twist of giggles and a sprinkle of joy. 🌟"
10985606,18.0,Maille,Sennep,Dijon Originale Sennep,1,0,gl.,Netto,https://static.tilbudsugen.dk/1st-retail/2026/10/64710/Netto92026-1_7_78x3608_2337x6881_zoom.jpg,2026-02-28,2026-03-06,https://res.cloudinary.com/dfqzmnlga/image/upload/v1772249885/2026-02-28/10985606.jpg,Dijon Original Mustard,"A sharp, zesty flavor that adds a touch of elegance to any dish, 🍀"
10985633,30.0,Langelænder,600 g - 1099 g Store Pakker Pølser,Frankfurter,1,0,ps.,Netto,https://static.tilbudsugen.dk/1st-retail/2026/10/64710/Netto92026-1_17_3227x762_4778x2919_zoom.jpg,2026-02-28,2026-03-06,https://res.cloudinary.com/dfqzmnlga/image/upload/v1772249885/2026-02-28/10985633.jpg,Frankfurter,"Savor the crunch, not the calories 🍔"
10985567,65.0,Velsmag,Kylling,Kylling,1,1,pk.,Netto,https://static.tilbudsugen.dk/1st-retail/2026/10/64710/Netto92026-1_14_2763x2596_4990x4887_zoom.jpg,2026-02-28,2026-03-06,https://res.cloudinary.com/dfqzmnlga/image/upload/v1772249886/2026-02-28/10985567.jpg,Chicken,"🔥 Chicken: The ultimate winged wonder, ready to take flight and make your day unforgettable! 🍗"
10983901,39.0,Velsmag,Grisekød,Grisekoteletter,1,0,bk.,Netto,https://static.tilbudsugen.dk/1st-retail/2026/10/64710/Netto92026-1_6_2411x2811_4931x4811_zoom.jpg,2026-02-28,2026-03-06,https://res.cloudinary.com/dfqzmnlga/image/upload/v1772249886/2026-02-28/10983901.jpg,Pig chops,"Sizzling with flavor, I'm the perfect sidekick to any meal—especially a good one with a side of sass. 🍳🔥"
10985374,22.0,Quaker,Morgenmadsprodukter,Rugfras,1,0,pk.,Netto,https://static.tilbudsugen.dk/1st-retail/2026/10/64710/Netto92026-1_7_2338x3684_4913x6792_zoom.jpg,2026-02-28,2026-03-06,https://res.cloudinary.com/dfqzmnlga/image/upload/v1772249887/2026-02-28/10985374.jpg,Ryephrase,"Ryephrase: The one who turns messy thoughts into smooth sentences, with a sprinkle of chaos and a dash of flair. 🌟"
10985375,22.0,Quaker,Morgenmadsprodukter,Havrefras,1,0,pk.,Netto,https://static.tilbudsugen.dk/1st-retail/2026/10/64710/Netto92026-1_7_2338x3684_4913x6792_zoom.jpg,2026-02-28,2026-03-06,https://res.cloudinary.com/dfqzmnlga/image/upload/v1772249888/2026-02-28/10985375.jpg,Oat fare,"✨ Flaky, buttery, and full of flavor – oat fare is the perfect snack to keep your day light up! 🥣"
10952610,24.95,,Grisekød,Nakkefilet,1,0,stk.,Netto,https://static.tilbudsugen.dk/1st-retail/2026/7/64562/Netto62026-1_14_1663x727_3356x2683_zoom.jpg,2026-02-01,2026-02-28,https://res.cloudinary.com/dfqzmnlga/image/upload/v1772249888/2026-02-28/10952610.jpg,Neck filet,"✨ Snag the perfect cut of life, one filet at a time! ✨"
10985683,9.99,ØGO,Pålægssalat,Hummus,1,0,bg.,Netto,https://static.tilbudsugen.dk/1st-retail/2026/10/64710/Netto92026-1_10_84x749_2331x4100_zoom.jpg,2026-02-28,2026-03-06,https://res.cloudinary.com/dfqzmnlga/image/upload/v1772249889/2026-02-28/10985683.jpg,Hummus,Savory dip that turns ordinary plates into epicurean adventures 🍣
10983086,15.0,Fransk,Postej og Paté,Leverpostej,1,0,pk.,Netto,https://static.tilbudsugen.dk/1st-retail/2026/10/64710/Netto92026-1_4_97x3741_2522x6872_zoom.jpg,2026-02-28,2026-03-06,https://res.cloudinary.com/dfqzmnlga/image/upload/v1772249889/2026-02-28/10983086.jpg,Liver pie,"Craving a slice of liver pie? I'm the star of the kitchen, and I'm here to satisfy your cravings. 🍽️"
10983087,15.0,Bacon,Postej og Paté,Leverpostej,1,0,pk.,Netto,https://static.tilbudsugen.dk/1st-retail/2026/10/64710/Netto92026-1_4_97x3741_2522x6872_zoom.jpg,2026-02-28,2026-03-06,https://res.cloudinary.com/dfqzmnlga/image/upload/v1772249890/2026-02-28/10983087.jpg,Liver pie,"Craving a sweet, savory treat that's both hearty and hearty — just ask me, I'm the liver pie! 🍴"
10983027,10.0,Ama,Fedtstoffer,Margarine-fast Bage,1,0,pk.,Netto,https://static.tilbudsugen.dk/1st-retail/2026/10/64710/Netto92026-1_2_32x2405_2327x4798_zoom.jpg,2026-02-28,2026-03-06,https://res.cloudinary.com/dfqzmnlga/image/upload/v1772249890/2026-02-28/10983027.jpg,Margarine-fast Bake,"Savory, creamy, and perfectly balanced—just like a good morning coffee. 🍓✨"
10985709,10.0,Løgismose,Mellemmåltider,Jordbær og Rabarber Skyr ,1,0,bg.,Netto,https://static.tilbudsugen.dk/1st-retail/2026/10/64710/Netto92026-1_19_126x2730_1621x4910_zoom.jpg,2026-02-28,2026-03-06,https://res.cloudinary.com/dfqzmnlga/image/upload/v1772249890/2026-02-28/10985709.jpg,Strawberries and Rhubarb Skyr,"Sour, sweet, and sky-high — perfect for a morning latte. 🍓🍓✨"
10985561,20.0,Green Dates,Tørret Frugt,Dadler,1,0,pk.,Netto,https://static.tilbudsugen.dk/1st-retail/2026/10/64710/Netto92026-1_13_2369x3273_4911x5186_zoom.jpg,2026-02-28,2026-03-06,https://res.cloudinary.com/dfqzmnlga/image/upload/v1772249891/2026-02-28/10985561.jpg,Dates,"✨ Sweet, sticky, and full of flavor — dates are the natural sugar high of the season! ✨"
10985708,10.0,Løgismose,Mellemmåltider,Mango & Passionsfrugt Skyr ,1,0,bg.,Netto,https://static.tilbudsugen.dk/1st-retail/2026/10/64710/Netto92026-1_19_126x2730_1621x4910_zoom.jpg,2026-02-28,2026-03-06,https://res.cloudinary.com/dfqzmnlga/image/upload/v1772249891/2026-02-28/10985708.jpg,Mango & Passion Fruit Skyr,"Sunshine in every bite, tangy and sweet, with a sprinkle of joy—just like you. 🍌💫"
10985710,10.0,Løgismose,Mellemmåltider,Mango & Passionsfrygt Acidophilus Skyr,1,0,bg.,Netto,https://static.tilbudsugen.dk/1st-retail/2026/10/64710/Netto92026-1_19_126x2730_1621x4910_zoom.jpg,2026-02-28,2026-03-06,https://res.cloudinary.com/dfqzmnlga/image/upload/v1772249892/2026-02-28/10985710.jpg,Mango & Passion Fear Acidophilus Skyr,"✨ Sour and sweet, with a kick of probiotics—nature's perfect blend of flavor and wellness. ✨"
10985663,25.0,Bistronne,Fjerkræ,Crispy Chicken Strips,1,0,ps.,Netto,https://static.tilbudsugen.dk/1st-retail/2026/10/64710/Netto92026-1_18_79x840_1755x2926_zoom.jpg,2026-02-28,2026-03-06,https://res.cloudinary.com/dfqzmnlga/image/upload/v1772249892/2026-02-28/10985663.jpg,Crispy Chicken Strips,"Sizzling with flavor, I'm the perfect snack for any meal! 🍗"
10985670,25.0,Steff Houlberg,Færdigretter Frost,Biksemad,1,0,pk.,Netto,https://static.tilbudsugen.dk/1st-retail/2026/10/64710/Netto92026-1_18_3172x2832_4967x4824_zoom.jpg,2026-02-28,2026-03-06,https://res.cloudinary.com/dfqzmnlga/image/upload/v1772249892/2026-02-28/10985670.jpg,Pitcher food,"Sip, snack, and savor every bite—pitcher food is the ultimate flavor explosion! 🍽️"
10985671,25.0,Steff Houlberg,Færdigretter Frost,Pølsemix,1,0,pk.,Netto,https://static.tilbudsugen.dk/1st-retail/2026/10/64710/Netto92026-1_18_3172x2832_4967x4824_zoom.jpg,2026-02-28,2026-03-06,https://res.cloudinary.com/dfqzmnlga/image/upload/v1772249893/2026-02-28/10985671.jpg,Sausage mix,"🔥Sausage mix: Smothered in flavor, ready to spice up your day! 🍔"
10985628,16.0,Hatting,Fastfoodbrød,Burger Bun Brioche,1,0,pk.,Netto,https://static.tilbudsugen.dk/1st-retail/2026/10/64710/Netto92026-1_17_1684x785_3266x2856_zoom.jpg,2026-02-28,2026-03-06,https://res.cloudinary.com/dfqzmnlga/image/upload/v1772249893/2026-02-28/10985628.jpg,Burger Bun Brioche,"Brioche bun with a twist, ready to deliver a flavor-packed surprise! 🍞✨"
10985747,14.0,Wasa,Knækbrød,Surdeg flerkorn knækbrød,1,0,pk.,Netto,https://static.tilbudsugen.dk/1st-retail/2026/10/64710/Netto92026-1_20_63x5013_2519x6878_zoom.jpg,2026-02-28,2026-03-06,https://res.cloudinary.com/dfqzmnlga/image/upload/v1772249894/2026-02-28/10985747.jpg,Sourdeg multigrain crisps,"Sourdeg multigrain crisps: Crunchy, salty, and slightly sweet—perfect for a quick snack or a mood booster! 🍬"
10985746,14.0,Wasa,Knækbrød,Delikatess knækbrød,1,0,pk.,Netto,https://static.tilbudsugen.dk/1st-retail/2026/10/64710/Netto92026-1_20_63x5013_2519x6878_zoom.jpg,2026-02-28,2026-03-06,https://res.cloudinary.com/dfqzmnlga/image/upload/v1772249894/2026-02-28/10985746.jpg,Delicacy Crispbread,"Savor the crunch of life, one crisp bite at a time 🍞"
10985879,39.0,,Chilenske vine,Chilensk Hvidvin,1,0,fl.,Netto,https://static.tilbudsugen.dk/1st-retail/2026/10/64710/Netto92026-1_25_2415x707_4908x2949_zoom.jpg,2026-02-28,2026-03-06,https://res.cloudinary.com/dfqzmnlga/image/upload/v1772249895/2026-02-28/10985879.jpg,Chilean White wine,"Sip, savor, and share—chilean white wine is the ultimate flavor adventure. 🍷"
10985885,39.0,,Franske vine,Fransk Rødvin,1,0,fl.,Netto,https://static.tilbudsugen.dk/1st-retail/2026/10/64710/Netto92026-1_25_2415x707_4908x2949_zoom.jpg,2026-02-28,2026-03-06,https://res.cloudinary.com/dfqzmnlga/image/upload/v1772249895/2026-02-28/10985885.jpg,French Red Wine,"Sip, savor, and let the flavors speak — my favorite drink is always a good story. 🍷"
10985888,39.0,,Chilenske vine,Chilensk Rosevin,1,0,fl.,Netto,https://static.tilbudsugen.dk/1st-retail/2026/10/64710/Netto92026-1_25_2415x707_4908x2949_zoom.jpg,2026-02-28,2026-03-06,https://res.cloudinary.com/dfqzmnlga/image/upload/v1772249896/2026-02-28/10985888.jpg,Chilean Rosevin,"✨ A burst of bold flavor, perfect for any spicy moment. 🌟"
10985632,30.0,Langelænder,300 g - 599 g Normalpakke Pølser,Wienerpølser,1,0,pk.,Netto,https://static.tilbudsugen.dk/1st-retail/2026/10/64710/Netto92026-1_17_3227x762_4778x2919_zoom.jpg,2026-02-28,2026-03-06,https://res.cloudinary.com/dfqzmnlga/image/upload/v1772249896/2026-02-28/10985632.jpg,Viennese sausages,"Sizzling with flavor, I'm the perfect partner for a spicy night out! 🍴"
10985631,30.0,Langelænder,300 g - 599 g Normalpakke Pølser,Hotdogpølser,1,0,ps.,Netto,https://static.tilbudsugen.dk/1st-retail/2026/10/64710/Netto92026-1_17_3227x762_4778x2919_zoom.jpg,2026-02-28,2026-03-06,https://res.cloudinary.com/dfqzmnlga/image/upload/v1772249897/2026-02-28/10985631.jpg,Hot dog sausages,"Sizzling with flavor, I'm the perfect partner for a hot dog night out! 🍔"
10985634,30.0,Langelænder,300 g - 599 g Normalpakke Pølser,Grillpølser,1,0,pk.,Netto,https://static.tilbudsugen.dk/1st-retail/2026/10/64710/Netto92026-1_17_3227x762_4778x2919_zoom.jpg,2026-02-28,2026-03-06,https://res.cloudinary.com/dfqzmnlga/image/upload/v1772249897/2026-02-28/10985634.jpg,Barbecue sausages,"🔥 Sizzling with flavor, ready to spice up your day! 🍴"
10985750,15.0,Dan Cake,Kager,Mazarintærter,1,0,stk.,Netto,https://static.tilbudsugen.dk/1st-retail/2026/10/64710/Netto92026-1_22_2451x2823_4752x4849_zoom.jpg,2026-02-28,2026-03-06,https://res.cloudinary.com/dfqzmnlga/image/upload/v1772249898/2026-02-28/10985750.jpg,Mazarine peas,"✨ Whisked by the wind, they dance with the moon—Mazarine peas, the ultimate flavor twist! 🌟"
10985666,25.0,Steff Houlberg,Færdigretter Frost,Bøf Bearnaise,1,0,pk.,Netto,https://static.tilbudsugen.dk/1st-retail/2026/10/64710/Netto92026-1_18_3172x2832_4967x4824_zoom.jpg,2026-02-28,2026-03-06,https://res.cloudinary.com/dfqzmnlga/image/upload/v1772249898/2026-02-28/10985666.jpg,Steak Bearnaise,"🔥Savor the flavor of the beast, and never forget the heat! 🐈🔥"
10985667,25.0,Steff Houlberg,Færdigretter Frost,Pasta Carbonara,1,0,pk.,Netto,https://static.tilbudsugen.dk/1st-retail/2026/10/64710/Netto92026-1_18_3172x2832_4967x4824_zoom.jpg,2026-02-28,2026-03-06,https://res.cloudinary.com/dfqzmnlga/image/upload/v1772249899/2026-02-28/10985667.jpg,Pasta Carbonara,"Tender, savory, and unstoppable — the pasta that turns every meal into a celebration. 🍝✨"
10985668,25.0,Steff Houlberg,Færdigretter Frost,Mørbradgryde,1,0,pk.,Netto,https://static.tilbudsugen.dk/1st-retail/2026/10/64710/Netto92026-1_18_3172x2832_4967x4824_zoom.jpg,2026-02-28,2026-03-06,https://res.cloudinary.com/dfqzmnlga/image/upload/v1772249899/2026-02-28/10985668.jpg,Dark-headed casserole,"✨ Dark-headed casserole, ready to conquer the kitchen and the world! ✨"
10985367,39.0,Velsmag,Grisekød,Flæsk i skiver,1,0,bk.,Netto,https://static.tilbudsugen.dk/1st-retail/2026/10/64710/Netto92026-1_12_1235x3485_2534x4951_zoom.jpg,2026-02-28,2026-03-06,https://res.cloudinary.com/dfqzmnlga/image/upload/v1772249899/2026-02-28/10985367.jpg,Pork in slices,"Slices of pork, ready to grill or slice—where flavor meets fun. 🍖"
10983902,39.0,Velsmag,Grisekød,Flæsk i skiver,1,0,bk.,Netto,https://static.tilbudsugen.dk/1st-retail/2026/10/64710/Netto92026-1_6_2411x2811_4931x4811_zoom.jpg,2026-02-28,2026-03-06,https://res.cloudinary.com/dfqzmnlga/image/upload/v1772249900/2026-02-28/10983902.jpg,Pork in slices,"Slicing up delicious chaos, one bite at a time 🍖"
10983881,10.0,Taffel,Chips,Havsalt & Osteknas Chips,1,0,ps.,Netto,https://static.tilbudsugen.dk/1st-retail/2026/10/64710/Netto92026-1_5_42x103_2508x3641_zoom.jpg,2026-02-28,2026-03-06,https://res.cloudinary.com/dfqzmnlga/image/upload/v1772249900/2026-02-28/10983881.jpg,Sea salt & Osteknas Chips,"✨ Salted with fun, chips that taste like sunshine—perfect for a quick, tasty snack. ✨"
10983872,10.0,Taffel,Chips,Dild Chips,1,0,ps.,Netto,https://static.tilbudsugen.dk/1st-retail/2026/10/64710/Netto92026-1_5_42x103_2508x3641_zoom.jpg,2026-02-28,2026-03-06,https://res.cloudinary.com/dfqzmnlga/image/upload/v1772249901/2026-02-28/10983872.jpg,Dild Chips,"✨Satisfy your cravings with Dild Chips—crunchy, cheesy, and perfectly timed. 🍬"
10983876,10.0,Taffel,Chips,Karamelliserede Rødløg Chips,1,0,ps.,Netto,https://static.tilbudsugen.dk/1st-retail/2026/10/64710/Netto92026-1_5_42x103_2508x3641_zoom.jpg,2026-02-28,2026-03-06,https://res.cloudinary.com/dfqzmnlga/image/upload/v1772249901/2026-02-28/10983876.jpg,Caramelized Red onion Chips,"Crispy, sweet, and spicy — perfect for a snack that's as bold as it is delicious! 🍫"
10983882,10.0,Taffel,Chips,Texas Style Barbecue Chips,1,0,ps.,Netto,https://static.tilbudsugen.dk/1st-retail/2026/10/64710/Netto92026-1_5_42x103_2508x3641_zoom.jpg,2026-02-28,2026-03-06,https://res.cloudinary.com/dfqzmnlga/image/upload/v1772249902/2026-02-28/10983882.jpg,Texas Style Barbecue Chips,"🔥 Sizzling, smoky, and spicy—Texas Style Barbecue Chips are the ultimate snack that brings the flavor of the Lone Star State to your plate! 😄"
10985622,55.0,Vanish,Vaskemiddel,Pletfjerner,1,0,stk.,Netto,https://static.tilbudsugen.dk/1st-retail/2026/10/64710/Netto92026-1_8_30x3590_2421x6845_zoom.jpg,2026-02-28,2026-03-06,https://res.cloudinary.com/dfqzmnlga/image/upload/v1772249902/2026-02-28/10985622.jpg,Spot Remover,"✨ Spot Remover: Cleanse the mess, leave the world sparkling! 🌟"
10985585,12.0,Protein Lab,Dessert Køl,Protein Pudding Vanilla,1,0,bg.,Netto,https://static.tilbudsugen.dk/1st-retail/2026/10/64710/Netto92026-1_15_1574x699_4911x2848_zoom.jpg,2026-02-28,2026-03-06,https://res.cloudinary.com/dfqzmnlga/image/upload/v1772249902/2026-02-28/10985585.jpg,Protein Pudding Vanilla,Satisfy your cravings with a sweet twist—vanilla protein pudding that's as satisfying as it is delightful. 🍫
10985584,12.0,Protein Lab,Dessert Køl,Protein Mousse Chokolate,1,0,bg.,Netto,https://static.tilbudsugen.dk/1st-retail/2026/10/64710/Netto92026-1_15_1574x699_4911x2848_zoom.jpg,2026-02-28,2026-03-06,https://res.cloudinary.com/dfqzmnlga/image/upload/v1772249903/2026-02-28/10985584.jpg,Protein Mousse Chokolate,"Satisfy your cravings with a sweet, creamy protein boost—because a little chocolate can go a long way. 🍫"
10985587,12.0,Protein Lab,Dessert Køl,Protein Pudding Chokolate,1,0,bg.,Netto,https://static.tilbudsugen.dk/1st-retail/2026/10/64710/Netto92026-1_15_1574x699_4911x2848_zoom.jpg,2026-02-28,2026-03-06,https://res.cloudinary.com/dfqzmnlga/image/upload/v1772249903/2026-02-28/10985587.jpg,Protein Pudding Chocolate,Satisfy your cravings with a sweet twist—chocolatey protein pudding that's as rich as it is delicious! 🍫✨
10983098,12.0,Philadelphia,Specialost,Flødeost Light,1,0,bg.,Netto,https://static.tilbudsugen.dk/1st-retail/2026/10/64710/Netto92026-1_4_2424x272_4927x3695_zoom.jpg,2026-02-28,2026-03-06,https://res.cloudinary.com/dfqzmnlga/image/upload/v1772249904/2026-02-28/10983098.jpg,Cream cheese Light,"Savory, creamy, and slightly sweet — perfect for spreading on pastries or mixing into coffee. 🍯"
10983096,12.0,Philadelphia,Specialost,Flødeost Original,1,0,bg.,Netto,https://static.tilbudsugen.dk/1st-retail/2026/10/64710/Netto92026-1_4_2424x272_4927x3695_zoom.jpg,2026-02-28,2026-03-06,https://res.cloudinary.com/dfqzmnlga/image/upload/v1772249904/2026-02-28/10983096.jpg,Cream cheese Original,"Scoop up the sweetness, spread it wide, and let your cravings be your guide — 🍫"
10983104,12.0,Philadelphia,Specialost,Flødeost Sweet Chili,1,0,bg.,Netto,https://static.tilbudsugen.dk/1st-retail/2026/10/64710/Netto92026-1_4_2424x272_4927x3695_zoom.jpg,2026-02-28,2026-03-06,https://res.cloudinary.com/dfqzmnlga/image/upload/v1772249904/2026-02-28/10983104.jpg,Cream cheese Sweet Chili,"Smooth, sweet, and slightly spicy—perfect for a morning latte. 🍼"
10985586,12.0,Protein Lab,Dessert Køl,Protein Mousse Vanilla,1,0,bg.,Netto,https://static.tilbudsugen.dk/1st-retail/2026/10/64710/Netto92026-1_15_1574x699_4911x2848_zoom.jpg,2026-02-28,2026-03-06,https://res.cloudinary.com/dfqzmnlga/image/upload/v1772249905/2026-02-28/10985586.jpg,Protein Mousse Vanilla,"Satisfy your cravings with a creamy, vanilla-rich protein mousse that's as delicious as it is nutritious 🍫"
10983105,12.0,Philadelphia,Specialost,Flødeost Hvidløg,1,0,bg.,Netto,https://static.tilbudsugen.dk/1st-retail/2026/10/64710/Netto92026-1_4_2424x272_4927x3695_zoom.jpg,2026-02-28,2026-03-06,https://res.cloudinary.com/dfqzmnlga/image/upload/v1772249905/2026-02-28/10983105.jpg,Cream cheese Garlic,"Savory, creamy, and garlic-laced—perfect for a cozy snack or a bold twist on a classic. 🧄"
10983102,12.0,Philadelphia,Specialost,Flødeost Purløg,1,0,bg.,Netto,https://static.tilbudsugen.dk/1st-retail/2026/10/64710/Netto92026-1_4_2424x272_4927x3695_zoom.jpg,2026-02-28,2026-03-06,https://res.cloudinary.com/dfqzmnlga/image/upload/v1772249906/2026-02-28/10983102.jpg,Cream cheese Chives,"Savory, creamy, and slightly tangy—perfect for a morning latte. ☕✨"
10985678,30.0,Mou,Special Suppe,Tomatsuppe,1,0,pk.,Netto,https://static.tilbudsugen.dk/1st-retail/2026/10/64710/Netto92026-1_18_31x4847_2487x6870_zoom.jpg,2026-02-28,2026-03-06,https://res.cloudinary.com/dfqzmnlga/image/upload/v1772249906/2026-02-28/10985678.jpg,Tomato soup,"Sour, salty, and perfect for a quick snack—tomato soup, ready to satisfy your cravings! 🍲"
10985645,15.0,Premieur,Ciabatta & Flutes,Surdejsfocaccia,1,0,ps.,Netto,https://static.tilbudsugen.dk/1st-retail/2026/10/64710/Netto92026-1_17_2999x4871_4864x6721_zoom.jpg,2026-02-28,2026-03-06,https://res.cloudinary.com/dfqzmnlga/image/upload/v1772249906/2026-02-28/10985645.jpg,Surdejsfocaccia,Surdejsfocaccia: The ultimate flavor bomb that turns every meal into a celebration 🍞
10985751,15.0,Dan Cake,Kager,Citronkage,1,0,pk.,Netto,https://static.tilbudsugen.dk/1st-retail/2026/10/64710/Netto92026-1_22_2451x2823_4752x4849_zoom.jpg,2026-02-28,2026-03-06,https://res.cloudinary.com/dfqzmnlga/image/upload/v1772249907/2026-02-28/10985751.jpg,Lemon cake,"Citrusy delight, sweet and sharp—my flavor is pure joy. 🍋"
10985639,25.0,Næmt,Færdigretter Frost,Pølsehorn,1,0,ps.,Netto,https://static.tilbudsugen.dk/1st-retail/2026/10/64710/Netto92026-1_17_1692x2848_3361x4887_zoom.jpg,2026-02-28,2026-03-06,https://res.cloudinary.com/dfqzmnlga/image/upload/v1772249907/2026-02-28/10985639.jpg,Sausage horns,"🔥 Sausage horns, ready to grill and roast—flavor meets fun in every bite! 🍔🎉"
10985640,25.0,Næmt,Færdigretter Frost,Pizzasnegle,1,0,ps.,Netto,https://static.tilbudsugen.dk/1st-retail/2026/10/64710/Netto92026-1_17_1692x2848_3361x4887_zoom.jpg,2026-02-28,2026-03-06,https://res.cloudinary.com/dfqzmnlga/image/upload/v1772249908/2026-02-28/10985640.jpg,Pizza snails,"Craving a meal that's as cheesy as it is curious? 🍕✨ I'm the pizza snails—sizzling, snail-like, and definitely not a typo."
10985372,22.0,Pauluns,Müsli & Granola,"Granola Kakao, Kokos & Mandler",1,0,pk.,Netto,https://static.tilbudsugen.dk/1st-retail/2026/10/64710/Netto92026-1_7_2338x3684_4913x6792_zoom.jpg,2026-02-28,2026-03-06,https://res.cloudinary.com/dfqzmnlga/image/upload/v1772249908/2026-02-28/10985372.jpg,"Granola Cocoa, Coconut & Mandela","✨ Cocoa-powered energy, coconut vibes, and a dash of Mandela flair — your daily pick for a sweet, unstoppable boost! 🌟"
10985373,22.0,Pauluns,Müsli & Granola,Granola Kakao & Hindbær,1,0,pk.,Netto,https://static.tilbudsugen.dk/1st-retail/2026/10/64710/Netto92026-1_7_2338x3684_4913x6792_zoom.jpg,2026-02-28,2026-03-06,https://res.cloudinary.com/dfqzmnlga/image/upload/v1772249909/2026-02-28/10985373.jpg,Granola Cocoa & Raspberry,"Sweet, creamy, and tangy — perfect for a morning boost! 🍓✨"
10985630,16.0,Hatting,Fastfoodbrød,Hotdog Bun Brioche,1,0,pk.,Netto,https://static.tilbudsugen.dk/1st-retail/2026/10/64710/Netto92026-1_17_1684x785_3266x2856_zoom.jpg,2026-02-28,2026-03-06,https://res.cloudinary.com/dfqzmnlga/image/upload/v1772249909/2026-02-28/10985630.jpg,Hotdog Bun Brioche,"Brioche bun with a hotdog, perfectly toasted and spicy—your go-to companion for any picnic. 🍞"
10985616,39.0,Rahbek,Fisk og skaldyr Frost ,Fiskefileter,1,0,pk.,Netto,https://static.tilbudsugen.dk/1st-retail/2026/10/64710/Netto92026-1_16_1614x4800_3353x6815_zoom.jpg,2026-02-28,2026-03-06,https://res.cloudinary.com/dfqzmnlga/image/upload/v1772249910/2026-02-28/10985616.jpg,Fish fillets,"Sashimi master, sushi chef, and oceanic vibes enthusiast 🍣"
10985664,65.0,Bistronne,Fjerkræ,Kyllingekebab,1,1,ps.,Netto,https://static.tilbudsugen.dk/1st-retail/2026/10/64710/Netto92026-1_18_1708x817_3266x2887_zoom.jpg,2026-02-28,2026-03-06,https://res.cloudinary.com/dfqzmnlga/image/upload/v1772249910/2026-02-28/10985664.jpg,Chicken cheek,"Sizzling with flavor, I'm the perfect sidekick to any meal—just don't forget to add some spice. 🍗"
10985568,99.0,Velsmag,Grisekød,Grisemørbrad,1,1,bk.,Netto,https://static.tilbudsugen.dk/1st-retail/2026/10/64710/Netto92026-1_14_47x2690_2637x4776_zoom.jpg,2026-02-28,2026-03-06,https://res.cloudinary.com/dfqzmnlga/image/upload/v1772249911/2026-02-28/10985568.jpg,Pig tenderloin,"Savory, juicy, and ready to conquer any plate — just ask me what I'm cooking. 🍳"
10983085,20.0,Driscolls,Frugt,Blåbær,1,0,bk.,Netto,https://static.tilbudsugen.dk/1st-retail/2026/10/64710/Netto92026-1_4_2515x4084_4953x6872_zoom.jpg,2026-02-28,2026-03-06,https://res.cloudinary.com/dfqzmnlga/image/upload/v1772249911/2026-02-28/10983085.jpg,Blueberries,✨ Savor the sweetest buzz with every bite! 🍓
10985891,50.0,,Tyske vine,Tysk Hvidvin,1,0,fl.,Netto,https://static.tilbudsugen.dk/1st-retail/2026/10/64710/Netto92026-1_25_2451x2817_4950x4813_zoom.jpg,2026-02-28,2026-03-06,https://res.cloudinary.com/dfqzmnlga/image/upload/v1772249911/2026-02-28/10985891.jpg,German White wine,"Sip the perfect sip, pour the perfect pour — German White wine, always. 🍷"
10985895,50.0,,Spanske vine,Spansk Rødvin,1,0,fl.,Netto,https://static.tilbudsugen.dk/1st-retail/2026/10/64710/Netto92026-1_25_2451x2817_4950x4813_zoom.jpg,2026-02-28,2026-03-06,https://res.cloudinary.com/dfqzmnlga/image/upload/v1772249912/2026-02-28/10985895.jpg,Spanish Red Wine,"A sip of passion, a toast to flavor—Spanish Red Wine, where every glass tells a story. 🍷"
10985896,50.0,,Franske vine,Fransk Rødvin,1,0,fl.,Netto,https://static.tilbudsugen.dk/1st-retail/2026/10/64710/Netto92026-1_25_2451x2817_4950x4813_zoom.jpg,2026-02-28,2026-03-06,https://res.cloudinary.com/dfqzmnlga/image/upload/v1772249912/2026-02-28/10985896.jpg,French Red Wine,"A bottle of French Red Wine, where every sip tells a story of passion and flavor. 🍷"
10985744,14.0,Wasa,Knækbrød,Sport + knækbrød,1,0,pk.,Netto,https://static.tilbudsugen.dk/1st-retail/2026/10/64710/Netto92026-1_20_63x5013_2519x6878_zoom.jpg,2026-02-28,2026-03-06,https://res.cloudinary.com/dfqzmnlga/image/upload/v1772249913/2026-02-28/10985744.jpg,Sports + Break bread,"Sporting a sandwich, life's a game—breakfast is always the best part. 🍞⚽"
10985732,12.0,Taffel,Snacknødder & Nøddeblandinger,Saltede Peanuts,1,0,ps.,Netto,https://static.tilbudsugen.dk/1st-retail/2026/10/64710/Netto92026-1_20_2448x3233_4888x5154_zoom.jpg,2026-02-28,2026-03-06,https://res.cloudinary.com/dfqzmnlga/image/upload/v1772249913/2026-02-28/10985732.jpg,Salted Peanuts,"Crunchy, salty, and ready to spark a conversation—just wait till you taste them! 😋"
10983100,12.0,Philadelphia,Specialost,Flødeost Peberrod,1,0,bg.,Netto,https://static.tilbudsugen.dk/1st-retail/2026/10/64710/Netto92026-1_4_2424x272_4927x3695_zoom.jpg,2026-02-28,2026-03-06,https://res.cloudinary.com/dfqzmnlga/image/upload/v1772249914/2026-02-28/10983100.jpg,"Fresh or chilled meat of bovine animals, fresh, chilled or frozen",Savoring the taste of fresh or chilled meat — every bite is a celebration of flavor. 🍔
10983896,69.0,Rose,Kylling,Kyllingeinderfileter,1,1,bk.,Netto,https://static.tilbudsugen.dk/1st-retail/2026/10/64710/Netto92026-1_6_2454x4805_4937x6859_zoom.jpg,2026-02-28,2026-03-06,https://res.cloudinary.com/dfqzmnlga/image/upload/v1772249914/2026-02-28/10983896.jpg,Chicken eiderphilets,✨ Chicken eiderphilets: The ultimate snack for those who love a little crunch and a dash of adventure! 🍗
10983895,69.0,Rose,Kylling,Kyllingebrystfilet,1,1,bk.,Netto,https://static.tilbudsugen.dk/1st-retail/2026/10/64710/Netto92026-1_6_2454x4805_4937x6859_zoom.jpg,2026-02-28,2026-03-06,https://res.cloudinary.com/dfqzmnlga/image/upload/v1772249914/2026-02-28/10983895.jpg,Chicken breast fillet,"Sizzling with flavor, ready to conquer any plate! 🍗"
10985665,69.0,Chick N Quick,Færdigretter Frost,Kyllingespyd,1,1,ps.,Netto,https://static.tilbudsugen.dk/1st-retail/2026/10/64710/Netto92026-1_18_3290x872_4896x2871_zoom.jpg,2026-02-28,2026-03-06,https://res.cloudinary.com/dfqzmnlga/image/upload/v1772249915/2026-02-28/10985665.jpg,Chicken sip,"Sip on the flavor of adventure with me—chicken, not just eaten. 🍗"
10985347,6.97,Brunchy,Bacon,Baconskiver,1,0,pk.,Netto,https://static.tilbudsugen.dk/1st-retail/2026/10/64710/Netto92026-1_11_56x776_3092x3764_zoom.jpg,2026-02-28,2026-03-06,https://res.cloudinary.com/dfqzmnlga/image/upload/v1772249915/2026-02-28/10985347.jpg,Bacon washers,"Bacon washers: Clean your cravings, one sizzle at a time. 🍬🧼"
10985963,14.0,Neutral,"Sæbe, bad, dusch",Håndsæbe,1,0,pk.,Netto,https://static.tilbudsugen.dk/1st-retail/2026/10/64710/Netto92026-1_26_96x4867_1702x6869_zoom.jpg,2026-02-28,2026-03-06,https://res.cloudinary.com/dfqzmnlga/image/upload/v1772249916/2026-02-28/10985963.jpg,Hand Soap,"✨ Clean your doubts, one soap bar at a time. ✨"
10983878,10.0,Taffel,Chips,Sour Cream & Onion Chips,1,0,ps.,Netto,https://static.tilbudsugen.dk/1st-retail/2026/10/64710/Netto92026-1_5_42x103_2508x3641_zoom.jpg,2026-02-28,2026-03-06,https://res.cloudinary.com/dfqzmnlga/image/upload/v1772249916/2026-02-28/10983878.jpg,Sour Cream & Onion Chips,"Sour Cream & Onion Chips: Crunchy, creamy, and totally addictive! 🍬"
10983879,10.0,Taffel,Chips,Original Chips,1,0,ps.,Netto,https://static.tilbudsugen.dk/1st-retail/2026/10/64710/Netto92026-1_5_42x103_2508x3641_zoom.jpg,2026-02-28,2026-03-06,https://res.cloudinary.com/dfqzmnlga/image/upload/v1772249917/2026-02-28/10983879.jpg,Original Chips,"Crunchy, salty, and unbeatable — the ultimate snack that makes every bite a celebration! 🍬"
10985669,25.0,Steff Houlberg,Færdigretter Frost,Boller i Karry,1,0,pk.,Netto,https://static.tilbudsugen.dk/1st-retail/2026/10/64710/Netto92026-1_18_3172x2832_4967x4824_zoom.jpg,2026-02-28,2026-03-06,https://res.cloudinary.com/dfqzmnlga/image/upload/v1772249917/2026-02-28/10985669.jpg,Buns in Curry,"Curry-baked bliss, served with a side of joy 🌮✨"
10985600,18.0,Hellmanns,Mayonnaise,Mayonnaise Real,1,0,fl.,Netto,https://static.tilbudsugen.dk/1st-retail/2026/10/64710/Netto92026-1_7_78x3608_2337x6881_zoom.jpg,2026-02-28,2026-03-06,https://res.cloudinary.com/dfqzmnlga/image/upload/v1772249918/2026-02-28/10985600.jpg,Mayonnaise Real,"✨ Spread the flavor, one dip at a time."
10985599,18.0,Hellmanns,Mayonnaise,Chili Mayonnaise,1,0,fl.,Netto,https://static.tilbudsugen.dk/1st-retail/2026/10/64710/Netto92026-1_7_78x3608_2337x6881_zoom.jpg,2026-02-28,2026-03-06,https://res.cloudinary.com/dfqzmnlga/image/upload/v1772249918/2026-02-28/10985599.jpg,Chili Mayonnaise,"🔥 Spicy, creamy, and super versatile – the ultimate flavor bomb in your kitchen! 🌟"
10985610,39.0,Rahbek,Fisk og skaldyr Frost ,Indbagt Rødspætte med Cremet reje- og aspargessauce,1,0,pk.,Netto,https://static.tilbudsugen.dk/1st-retail/2026/10/64710/Netto92026-1_16_1614x4800_3353x6815_zoom.jpg,2026-02-28,2026-03-06,https://res.cloudinary.com/dfqzmnlga/image/upload/v1772249919/2026-02-28/10985610.jpg,Baked Plaice with Creamy shrimp and asparagus sauce,"Savor the sea in a creamy sauce—baked plaice, shrimp, and asparagus, all in one bite. 🍤✨"
10985620,39.0,Rahbek,Fisk og skaldyr Frost ,Indbagt Laks med cremet spinat-flødesauce,1,0,pk.,Netto,https://static.tilbudsugen.dk/1st-retail/2026/10/64710/Netto92026-1_16_1614x4800_3353x6815_zoom.jpg,2026-02-28,2026-03-06,https://res.cloudinary.com/dfqzmnlga/image/upload/v1772249919/2026-02-28/10985620.jpg,Baked salmon with creamy spinach cream sauce,"Savoring the perfect blend of ocean and greens, with a dash of creamy joy. 🍣✨"
10985369,29.0,Velsmag,Fersk fisk,Fiskefars,1,0,bk.,Netto,https://static.tilbudsugen.dk/1st-retail/2026/10/64710/Netto92026-1_12_1228x5496_2555x6843_zoom.jpg,2026-02-28,2026-03-06,https://res.cloudinary.com/dfqzmnlga/image/upload/v1772249920/2026-02-28/10985369.jpg,Fishermen,"Catch the waves, catch the thrill, and catch the fun—*fishermen*! 🚢🌊"
10985719,15.0,Løgismose,Pålægssalat,Hummus citron spidskommen,1,0,bg.,Netto,https://static.tilbudsugen.dk/1st-retail/2026/10/64710/Netto92026-1_19_1669x4887_3306x6768_zoom.jpg,2026-02-28,2026-03-06,https://res.cloudinary.com/dfqzmnlga/image/upload/v1772249920/2026-02-28/10985719.jpg,Hummus lemon cumin,"Savory, zesty, and smoky — my flavor is a perfect blend of lemon, cumin, and the perfect balance of tangy and earthy. 🍬✨"
10985588,39.0,Riberhus,Skæreost,Skæreost Danbo Mellemlagret,1,0,stk.,Netto,https://static.tilbudsugen.dk/1st-retail/2026/10/64710/Netto92026-1_15_1614x4894_3282x6839_zoom.jpg,2026-02-28,2026-03-06,https://res.cloudinary.com/dfqzmnlga/image/upload/v1772249921/2026-02-28/10985588.jpg,Cutting cheese Danbo Intermediate stock,"Cheese lover with a knack for cutting through flavor—Danbo Intermediate stock, any day. 🍬🔪"
10985350,9.97,ØGO,Oliven,Oliven,1,0,gl.,Netto,https://static.tilbudsugen.dk/1st-retail/2026/10/64710/Netto92026-1_11_3574x818_4893x4602_zoom.jpg,2026-02-28,2026-03-06,https://res.cloudinary.com/dfqzmnlga/image/upload/v1772249921/2026-02-28/10985350.jpg,Olives,"Craving a bold, tangy kick — I'm the olives, ready to add some flavor to your day. 🍇"
10983873,10.0,Taffel,Snacks,Chili Cheese Rings Snacks,1,0,ps.,Netto,https://static.tilbudsugen.dk/1st-retail/2026/10/64710/Netto92026-1_5_42x103_2508x3641_zoom.jpg,2026-02-28,2026-03-06,https://res.cloudinary.com/dfqzmnlga/image/upload/v1772249921/2026-02-28/10983873.jpg,Chili Cheese Rings Snacks,"🔥 Spicy, cheesy, and perfect for a quick snack—ready to spice up your day! 🍕"
10983871,10.0,Taffel,Snacks,Chicken Pomm´s Snacks,1,0,ps.,Netto,https://static.tilbudsugen.dk/1st-retail/2026/10/64710/Netto92026-1_5_42x103_2508x3641_zoom.jpg,2026-02-28,2026-03-06,https://res.cloudinary.com/dfqzmnlga/image/upload/v1772249922/2026-02-28/10983871.jpg,Chicken Pomm's Snacks,"Savory snack that's as crispy as a dare, with a twist of flavor—perfect for any occasion! 🍗"
10983886,10.0,Taffel,Snacks,Super Snacks American Ranch,1,0,ps.,Netto,https://static.tilbudsugen.dk/1st-retail/2026/10/64710/Netto92026-1_5_42x103_2508x3641_zoom.jpg,2026-02-28,2026-03-06,https://res.cloudinary.com/dfqzmnlga/image/upload/v1772249922/2026-02-28/10983886.jpg,Super Snacks American Ranch,Snack on life with a sprinkle of joy and a dash of flavor! 🍫
10985604,20.0,Premieur,Fisk og skaldyr Køl,Fiskefrikadeller,1,0,bk.,Netto,https://static.tilbudsugen.dk/1st-retail/2026/10/64710/Netto92026-1_16_3243x2856_4911x4879_zoom.jpg,2026-02-28,2026-03-06,https://res.cloudinary.com/dfqzmnlga/image/upload/v1772249923/2026-02-28/10985604.jpg,Fish meatballs,"Sizzling with flavor, I'm the star of the plate—crunchy, savory, and ready to conquer your taste buds! 🍣"
10986006,10.0,Tasty Minis,Hundefoder,Hundesnacks,1,0,ps.,Netto,https://static.tilbudsugen.dk/1st-retail/2026/10/64710/Netto92026-1_28_0x989_2996x3027_zoom.jpg,2026-02-28,2026-03-06,https://res.cloudinary.com/dfqzmnlga/image/upload/v1772249923/2026-02-28/10986006.jpg,Dog snacks,🐾 Treat your dog to some tasty treats—because they're the best ones you'll ever feed!
10985722,27.0,Løgismose,Færdigretter Køl,Palak Paneer,1,0,stk.,Netto,https://static.tilbudsugen.dk/1st-retail/2026/10/64710/Netto92026-1_19_3235x4855_4817x6792_zoom.jpg,2026-02-28,2026-03-06,https://res.cloudinary.com/dfqzmnlga/image/upload/v1772249923/2026-02-28/10985722.jpg,Palak Paneer,"Soft, creamy, and comforting—like a hug in a bowl. 🥦✨"
10985723,27.0,Løgismose,"Suppe, Boullion & Fond",Kartoffel Jordskoksuppe,1,0,stk.,Netto,https://static.tilbudsugen.dk/1st-retail/2026/10/64710/Netto92026-1_19_3235x4855_4817x6792_zoom.jpg,2026-02-28,2026-03-06,https://res.cloudinary.com/dfqzmnlga/image/upload/v1772249924/2026-02-28/10985723.jpg,Potato Earth Coke Soup,"Bitterly sweet, slightly tangy, and always ready to simmer—perfect for any night. 🍲"
10985635,25.0,Næmt,Færdigretter Frost,Mini Focaccia,1,0,ps.,Netto,https://static.tilbudsugen.dk/1st-retail/2026/10/64710/Netto92026-1_17_1692x2848_3361x4887_zoom.jpg,2026-02-28,2026-03-06,https://res.cloudinary.com/dfqzmnlga/image/upload/v1772249924/2026-02-28/10985635.jpg,Mini Focaccia,"Flaky, golden, and slightly cheesy—perfect for a quick snack or a clever conversation starter. 🍞"
10985641,25.0,Næmt,Færdigretter Frost,Kyllinge Pølsehorn,1,0,ps.,Netto,https://static.tilbudsugen.dk/1st-retail/2026/10/64710/Netto92026-1_17_1692x2848_3361x4887_zoom.jpg,2026-02-28,2026-03-06,https://res.cloudinary.com/dfqzmnlga/image/upload/v1772249925/2026-02-28/10985641.jpg,Chicken Sausage Horn,"Sausage-shaped chicken that's ready to grill, with a twist of humor and a side of sass. 🍗🔥"
10985613,18.0,Maille,Sennep,Sennep med Honning,1,0,gl.,Netto,https://static.tilbudsugen.dk/1st-retail/2026/10/64710/Netto92026-1_7_78x3608_2337x6881_zoom.jpg,2026-02-28,2026-03-06,https://res.cloudinary.com/dfqzmnlga/image/upload/v1772249925/2026-02-28/10985613.jpg,Mustard with Honey,"A tangy twist on flavor, with honey and spice—perfect for any meal. 🍬✨"
10985580,99.0,Mammen,Skæreost,Skæreost Fødselsdag Mellemlagret,1,1,stk.,Netto,https://static.tilbudsugen.dk/1st-retail/2026/10/64710/Netto92026-1_15_3274x4894_4919x6823_zoom.jpg,2026-02-28,2026-03-06,https://res.cloudinary.com/dfqzmnlga/image/upload/v1772249926/2026-02-28/10985580.jpg,Cutting-cheese Birthday Intermediate stock,"Slice of joy, intermediate cheese, birthday surprise — perfect for a fun, whimsical Tinder bio. 🍬"
10985909,59.0,,Franske vine,Fransk Hvidvin,1,0,fl.,Netto,https://static.tilbudsugen.dk/1st-retail/2026/10/64710/Netto92026-1_25_2421x4819_4944x6797_zoom.jpg,2026-02-28,2026-03-06,https://res.cloudinary.com/dfqzmnlga/image/upload/v1772249926/2026-02-28/10985909.jpg,French White wine,"Sip, savor, and let the world taste your elegance — 🍷"
10985897,59.0,,Italienske vine,Italiensk Rødvin,1,0,fl.,Netto,https://static.tilbudsugen.dk/1st-retail/2026/10/64710/Netto92026-1_25_2421x4819_4944x6797_zoom.jpg,2026-02-28,2026-03-06,https://res.cloudinary.com/dfqzmnlga/image/upload/v1772249926/2026-02-28/10985897.jpg,Italian Red Wine,"Sip, savor, and let the taste tell your story — 🍷"
10985903,59.0,,New Zealandske vine,New Zealandsk Hvidvin,1,0,fl.,Netto,https://static.tilbudsugen.dk/1st-retail/2026/10/64710/Netto92026-1_25_2421x4819_4944x6797_zoom.jpg,2026-02-28,2026-03-06,https://res.cloudinary.com/dfqzmnlga/image/upload/v1772249927/2026-02-28/10985903.jpg,New Zealand White wine,"Sip the moment, pour the story — 🍷"
10985904,59.0,,Italienske vine,Italiensk Rødvin,1,0,fl.,Netto,https://static.tilbudsugen.dk/1st-retail/2026/10/64710/Netto92026-1_25_2421x4819_4944x6797_zoom.jpg,2026-02-28,2026-03-06,https://res.cloudinary.com/dfqzmnlga/image/upload/v1772249928/2026-02-28/10985904.jpg,Italian Red Wine,"A velvety red that dances on the tongue, perfect for a night of passion and pride 🍷"
10985935,20.0,Poly Swing,Styling,Hårspray,1,0,stk.,Netto,https://static.tilbudsugen.dk/1st-retail/2026/10/64710/Netto92026-1_26_1648x4927_3272x6839_zoom.jpg,2026-02-28,2026-03-06,https://res.cloudinary.com/dfqzmnlga/image/upload/v1772249928/2026-02-28/10985935.jpg,Hairspray,Spritzing life into your day with a little glitter and a dash of sparkle 🌟
10985686,16.18,Bakkedal,Fedtstoffer,Smørbar,1,0,bg.,Netto,https://static.tilbudsugen.dk/1st-retail/2026/10/64710/Netto92026-1_10_78x4603_2445x6833_zoom.jpg,2026-02-28,2026-03-06,https://res.cloudinary.com/dfqzmnlga/image/upload/v1772249929/2026-02-28/10985686.jpg,Butterable,"Savory and creamy, ready to melt into any recipe — just ask me what I'm made of. 🧀"
10983037,10.0,Top Star Mix,Slik,Slikposer,1,0,ps.,Netto,https://static.tilbudsugen.dk/1st-retail/2026/10/64710/Netto92026-1_2_2295x65_4914x2399_zoom.jpg,2026-02-28,2026-03-06,https://res.cloudinary.com/dfqzmnlga/image/upload/v1772249929/2026-02-28/10983037.jpg,Candy bags,"Sip, snort, and share—my candy bags are the ultimate party fuel! 🍬"
10983034,10.0,Stjernemix,Slik,Slikposer,1,0,ps.,Netto,https://static.tilbudsugen.dk/1st-retail/2026/10/64710/Netto92026-1_2_2295x65_4914x2399_zoom.jpg,2026-02-28,2026-03-06,https://res.cloudinary.com/dfqzmnlga/image/upload/v1772249930/2026-02-28/10983034.jpg,Candy bags,"Candy bags: sweet surprises, always ready to pop! 🍬"
10983042,10.0,Click Mix,Slik,Slikposer,1,0,ps.,Netto,https://static.tilbudsugen.dk/1st-retail/2026/10/64710/Netto92026-1_2_2295x65_4914x2399_zoom.jpg,2026-02-28,2026-03-06,https://res.cloudinary.com/dfqzmnlga/image/upload/v1772249930/2026-02-28/10983042.jpg,Candy bags,"Sweet treat, ready to melt your heart with a smile—✨"
10983044,10.0,Pixel,Slik,Slikpose Zourr,1,0,ps.,Netto,https://static.tilbudsugen.dk/1st-retail/2026/10/64710/Netto92026-1_2_2295x65_4914x2399_zoom.jpg,2026-02-28,2026-03-06,https://res.cloudinary.com/dfqzmnlga/image/upload/v1772249931/2026-02-28/10983044.jpg,Candy bag Zourr,"✨ Candy bag Zourr: My bag of sweet surprises, ready to spark joy and keep me smiling! 🍬"
10983048,10.0,Stjernemix,Slik,Slikpose Hurra,1,0,ps.,Netto,https://static.tilbudsugen.dk/1st-retail/2026/10/64710/Netto92026-1_2_2295x65_4914x2399_zoom.jpg,2026-02-28,2026-03-06,https://res.cloudinary.com/dfqzmnlga/image/upload/v1772249931/2026-02-28/10983048.jpg,Candy bag Hurrah,🎉 Candy bag Hurrah! 🍬✨
10985602,10.0,Graasten,Pålægssalat,Hønsesalat,1,0,bg.,Netto,https://static.tilbudsugen.dk/1st-retail/2026/10/64710/Netto92026-1_16_2408x746_4880x2840_zoom.jpg,2026-02-28,2026-03-06,https://res.cloudinary.com/dfqzmnlga/image/upload/v1772249932/2026-02-28/10985602.jpg,Chicken lettuce,"Sautéed with a dash of flavor, I'm the ultimate kitchen star—chicken lettuce, ready to conquer your plate! 🍗 lettuce"
10985603,10.0,Graasten,Pålægssalat,Skinkesalat,1,0,bg.,Netto,https://static.tilbudsugen.dk/1st-retail/2026/10/64710/Netto92026-1_16_2408x746_4880x2840_zoom.jpg,2026-02-28,2026-03-06,https://res.cloudinary.com/dfqzmnlga/image/upload/v1772249932/2026-02-28/10985603.jpg,Ham lettuce,"Savory and crisp, with a twist—ham lettuce, ready to conquer your plate! 🍔 lettuce"
10985598,10.0,Graasten,Pålægssalat,Tunsalat,1,0,bg.,Netto,https://static.tilbudsugen.dk/1st-retail/2026/10/64710/Netto92026-1_16_2408x746_4880x2840_zoom.jpg,2026-02-28,2026-03-06,https://res.cloudinary.com/dfqzmnlga/image/upload/v1772249933/2026-02-28/10985598.jpg,Tuna salad,"Sunny-side up with a side of fun, I'm the tuna salad who knows the best way to flip a salad—*and* the perfect partner for any day. 🍣"
10985601,10.0,Graasten,Pålægssalat,Kylling & Baconsalat,1,0,bg.,Netto,https://static.tilbudsugen.dk/1st-retail/2026/10/64710/Netto92026-1_16_2408x746_4880x2840_zoom.jpg,2026-02-28,2026-03-06,https://res.cloudinary.com/dfqzmnlga/image/upload/v1772249933/2026-02-28/10985601.jpg,Chicken & Bacon Salad,"Savory, smoky, and spicy — the perfect combo for a lunch that's as delicious as it is bold. 🍗 Bacon 🐔"
10985707,109.0,Løgismose,Kylling,Kylling,1,1,bk.,Netto,https://static.tilbudsugen.dk/1st-retail/2026/10/64710/Netto92026-1_19_2936x171_4880x2785_zoom.jpg,2026-02-28,2026-03-06,https://res.cloudinary.com/dfqzmnlga/image/upload/v1772249934/2026-02-28/10985707.jpg,Chicken,"Sizzling with flavor, I'm the chicken that never folds — ready to conquer your taste buds! 🍗"
10985733,12.0,Taffel,Snacks,Peanut Crunch Sourcream & Onion,1,0,ps.,Netto,https://static.tilbudsugen.dk/1st-retail/2026/10/64710/Netto92026-1_20_2448x3233_4888x5154_zoom.jpg,2026-02-28,2026-03-06,https://res.cloudinary.com/dfqzmnlga/image/upload/v1772249934/2026-02-28/10985733.jpg,Peanut Crunch Sourcream & Onion,"Crunchy, tangy, and onion-kissed, I'm the ultimate snack that makes every bite a flavor explosion! 🥄"
10985609,18.0,Maille,Sennep,Wholegrain Sennep,1,0,gl.,Netto,https://static.tilbudsugen.dk/1st-retail/2026/10/64710/Netto92026-1_7_78x3608_2337x6881_zoom.jpg,2026-02-28,2026-03-06,https://res.cloudinary.com/dfqzmnlga/image/upload/v1772249934/2026-02-28/10985609.jpg,Wholegrain Mustard,"Savory, spicy, and slightly tangy—perfect for adding a kick to any dish! 🍀"
10985647,39.0,Premieur,Pizza Frost,Kartoffel & Rosmarin Pizza,1,0,stk.,Netto,https://static.tilbudsugen.dk/1st-retail/2026/10/64710/Netto92026-1_17_142x4894_3046x6792_zoom.jpg,2026-02-28,2026-03-06,https://res.cloudinary.com/dfqzmnlga/image/upload/v1772249935/2026-02-28/10985647.jpg,Potato & Rosemary Pizza,"A smoky, savory pizza that brings the taste of the earth and the scent of spring — perfect for any occasion, and just a little bit magical. 🍕"
10985655,39.0,Premieur,Pizza Frost,Calabrese Pizza,1,0,stk.,Netto,https://static.tilbudsugen.dk/1st-retail/2026/10/64710/Netto92026-1_17_142x4894_3046x6792_zoom.jpg,2026-02-28,2026-03-06,https://res.cloudinary.com/dfqzmnlga/image/upload/v1772249936/2026-02-28/10985655.jpg,Calabrese Pizza,"🔥 Crispy, cheesy, and full of flavor—my life is a pizza pie! 🍕"
10985657,39.0,Premieur,Pizza Frost,Salsiccia & Rødløg Pizza,1,0,stk.,Netto,https://static.tilbudsugen.dk/1st-retail/2026/10/64710/Netto92026-1_17_142x4894_3046x6792_zoom.jpg,2026-02-28,2026-03-06,https://res.cloudinary.com/dfqzmnlga/image/upload/v1772249936/2026-02-28/10985657.jpg,Salsiccia & Red onion Pizza,"Salsa-dusted, red onion-laced pizza that's ready to conquer the world 🍕"
10985685,12.38,ØGO,Madlavningsost,Revet ost Mozzarella,1,0,ps.,Netto,https://static.tilbudsugen.dk/1st-retail/2026/10/64710/Netto92026-1_10_2541x3956_4968x6857_zoom.jpg,2026-02-28,2026-03-06,https://res.cloudinary.com/dfqzmnlga/image/upload/v1772249937/2026-02-28/10985685.jpg,Reefed cheese Mozzarella,"✨ Ocean-creamed mozzarella that's as fresh as a summer breeze, and just as delicious. 🌊"
10985675,18.0,Vici,Færdigretter Frost,Gyoza with Vegetables,1,0,ps.,Netto,https://static.tilbudsugen.dk/1st-retail/2026/10/64710/Netto92026-1_18_1582x2824_3266x4894_zoom.jpg,2026-02-28,2026-03-06,https://res.cloudinary.com/dfqzmnlga/image/upload/v1772249937/2026-02-28/10985675.jpg,Gyoza with Vegetables,"Sizzling with flavor, my veggies and meat make every bite a celebration of taste! 🍲"
10985672,18.0,Vici,Færdigretter Frost,Gyoza with Chicken & Black Fungus,1,0,ps.,Netto,https://static.tilbudsugen.dk/1st-retail/2026/10/64710/Netto92026-1_18_1582x2824_3266x4894_zoom.jpg,2026-02-28,2026-03-06,https://res.cloudinary.com/dfqzmnlga/image/upload/v1772249939/2026-02-28/10985672.jpg,Gyoza with Chicken & Black Fungus,"Sizzling with flavor, my little bite is a fusion of crispy chicken, savory black fungus, and a perfect balance of spice — perfect for a quick, delicious snack or meal. 🍳✨"
10985673,18.0,Vici,Færdigretter Frost,Gyoza Dumplings with Vegetables and Chicken,1,0,ps.,Netto,https://static.tilbudsugen.dk/1st-retail/2026/10/64710/Netto92026-1_18_1582x2824_3266x4894_zoom.jpg,2026-02-28,2026-03-06,https://res.cloudinary.com/dfqzmnlga/image/upload/v1772249939/2026-02-28/10985673.jpg,Gyoza Dumplings with Vegetables and Chicken,"Sizzling with flavor, my dumplings bring joy and warmth to any meal! 🍳"
10985674,18.0,Vici,Færdigretter Frost,Gyoza Dumplings with BBQ meat,1,0,ps.,Netto,https://static.tilbudsugen.dk/1st-retail/2026/10/64710/Netto92026-1_18_1582x2824_3266x4894_zoom.jpg,2026-02-28,2026-03-06,https://res.cloudinary.com/dfqzmnlga/image/upload/v1772249940/2026-02-28/10985674.jpg,Gyoza Dumplings with BB,"BB-sized dumplings that make your taste buds dance—perfect for a quick, tasty snack or a bold flavor twist! 🍞"
10983076,45.0,Mellemristet,Kaffe,Kaffe Formalet,1,0,ps.,Netto,https://static.tilbudsugen.dk/1st-retail/2026/10/64710/Netto92026-1_3_32x3507_2476x6840_zoom.jpg,2026-02-28,2026-03-06,https://res.cloudinary.com/dfqzmnlga/image/upload/v1772249940/2026-02-28/10983076.jpg,Coffee Painted,"✨ Coffee Painted, where every cup is a masterpiece of flavor and flair. 🌟"
10983884,10.0,Taffel,Snacks,SuperCrunch  Snacks,1,0,ps.,Netto,https://static.tilbudsugen.dk/1st-retail/2026/10/64710/Netto92026-1_5_42x103_2508x3641_zoom.jpg,2026-02-28,2026-03-06,https://res.cloudinary.com/dfqzmnlga/image/upload/v1772249941/2026-02-28/10983884.jpg,SuperCrunch Snacks,"Crunchy, creamy, and totally irresistible—your new favorite snack! 🍩"
10983875,10.0,Taffel,Snacks,Snackhjerter Salt,1,0,ps.,Netto,https://static.tilbudsugen.dk/1st-retail/2026/10/64710/Netto92026-1_5_42x103_2508x3641_zoom.jpg,2026-02-28,2026-03-06,https://res.cloudinary.com/dfqzmnlga/image/upload/v1772249941/2026-02-28/10983875.jpg,Snack hearts Salt,✨ Snack hearts Salt 🍬
10985961,14.0,Neutral,Deodorant,Deospray,1,0,stk.,Netto,https://static.tilbudsugen.dk/1st-retail/2026/10/64710/Netto92026-1_26_96x4867_1702x6869_zoom.jpg,2026-02-28,2026-03-06,https://res.cloudinary.com/dfqzmnlga/image/upload/v1772249941/2026-02-28/10985961.jpg,Deospray,"✨ Spray that stinks, but it's a work of art! ✨"
10983070,39.0,Specialristet,Kaffe,Kaffe Formalet,1,0,ps.,Netto,https://static.tilbudsugen.dk/1st-retail/2026/10/64710/Netto92026-1_3_2450x331_4927x3631_zoom.jpg,2026-02-28,2026-03-06,https://res.cloudinary.com/dfqzmnlga/image/upload/v1772249942/2026-02-28/10983070.jpg,Coffee Painted,"☕️ Painted with coffee, I'm everywhere you look—except for the spots where I shouldn't be. 🌟"
10983069,39.0,Original,Kaffe,Kaffe Formalet,1,0,ps.,Netto,https://static.tilbudsugen.dk/1st-retail/2026/10/64710/Netto92026-1_3_2450x331_4927x3631_zoom.jpg,2026-02-28,2026-03-06,https://res.cloudinary.com/dfqzmnlga/image/upload/v1772249943/2026-02-28/10983069.jpg,Coffee Painted,"☕️ Painted with coffee, I'm the perfect chaos in your morning routine."
10985581,39.0,Mammen,Skiveost,Skiveost Guld Mellemlagret,1,0,pk.,Netto,https://static.tilbudsugen.dk/1st-retail/2026/10/64710/Netto92026-1_15_1614x4894_3282x6839_zoom.jpg,2026-02-28,2026-03-06,https://res.cloudinary.com/dfqzmnlga/image/upload/v1772249943/2026-02-28/10985581.jpg,Skiveost Gold Intermediate stock,✨ Skiveost Gold Intermediate stock: The ultimate confidence booster for any savvy shopper! 🛍️
10985725,99.0,Urtekram,Olier,Olivenolie,1,1,fl.,Netto,https://static.tilbudsugen.dk/1st-retail/2026/10/64710/Netto92026-1_20_94x1147_1897x3265_zoom.jpg,2026-02-28,2026-03-06,https://res.cloudinary.com/dfqzmnlga/image/upload/v1772249943/2026-02-28/10985725.jpg,Olive oil,"Smooth, savory, and slightly spicy — the essence of a good meal. 🍞"
10985566,49.95,Velsmag,Oksekød,Oksecuvette,1,0,bk.,Netto,https://static.tilbudsugen.dk/1st-retail/2026/10/64710/Netto92026-1_14_2534x785_4904x2777_zoom.jpg,2026-02-28,2026-03-06,https://res.cloudinary.com/dfqzmnlga/image/upload/v1772249944/2026-02-28/10985566.jpg,Oxescuvete,Oxescuvete: The ultimate flavor booster for your daily adventures 🍽️
10985578,15.0,Klovborg,Skiveost,Skiveost Sød & Nøddeagtig Svensø,1,0,pk.,Netto,https://static.tilbudsugen.dk/1st-retail/2026/10/64710/Netto92026-1_15_1629x2840_3227x4910_zoom.jpg,2026-02-28,2026-03-06,https://res.cloudinary.com/dfqzmnlga/image/upload/v1772249944/2026-02-28/10985578.jpg,Skiveost Sweet & Nutty Svensø,"✨ Swirls of sweet, nutty joy in every bite, ready to make your day just a little sweeter!"
10985579,18.0,Cheesemakers Treasures,Skiveost,Skiveost Smaragd,1,0,pk.,Netto,https://static.tilbudsugen.dk/1st-retail/2026/10/64710/Netto92026-1_15_3306x2879_4770x4957_zoom.jpg,2026-02-28,2026-03-06,https://res.cloudinary.com/dfqzmnlga/image/upload/v1772249945/2026-02-28/10985579.jpg,Skiveost Emerald,✨ Skiveost Emerald: The one who makes every day feel like a luxury getaway! 🌟
10985720,15.0,Løgismose,Saucer,Pesto Verde,1,0,bg.,Netto,https://static.tilbudsugen.dk/1st-retail/2026/10/64710/Netto92026-1_19_1669x4887_3306x6768_zoom.jpg,2026-02-28,2026-03-06,https://res.cloudinary.com/dfqzmnlga/image/upload/v1772249945/2026-02-28/10985720.jpg,Pesto Verde,✨ A burst of fresh green flavor that brings the world to your plate! ✨
10985577,15.0,Klovborg,Skiveost,Skiveost Danbo Mellemlagret,1,0,pk.,Netto,https://static.tilbudsugen.dk/1st-retail/2026/10/64710/Netto92026-1_15_1629x2840_3227x4910_zoom.jpg,2026-02-28,2026-03-06,https://res.cloudinary.com/dfqzmnlga/image/upload/v1772249945/2026-02-28/10985577.jpg,Skiveost Danbo Intermediate stock,"Skiveost Danbo Intermediate stock: The ultimate multitasker who never misses a beat, even when the world is too busy. 🛒✨"
10985716,15.0,Løgismose,Saucer,Pesto Rosso,1,0,bg.,Netto,https://static.tilbudsugen.dk/1st-retail/2026/10/64710/Netto92026-1_19_1669x4887_3306x6768_zoom.jpg,2026-02-28,2026-03-06,https://res.cloudinary.com/dfqzmnlga/image/upload/v1772249946/2026-02-28/10985716.jpg,Pesto Rosso,Pesto Rosso: The flavor that turns everyday meals into art 🍅✨
10985717,15.0,Løgismose,Saucer,Pesto Arancione,1,0,bg.,Netto,https://static.tilbudsugen.dk/1st-retail/2026/10/64710/Netto92026-1_19_1669x4887_3306x6768_zoom.jpg,2026-02-28,2026-03-06,https://res.cloudinary.com/dfqzmnlga/image/upload/v1772249946/2026-02-28/10985717.jpg,Pesto Arancione,"Pesto Arancione: A burst of sunshine in every bite, with a twist of citrus and a dash of sunshine. 🍅✨"
10985576,15.0,Klovborg,Skiveost,Skiveost Mild & Cremet Vestbo,1,0,pk.,Netto,https://static.tilbudsugen.dk/1st-retail/2026/10/64710/Netto92026-1_15_1629x2840_3227x4910_zoom.jpg,2026-02-28,2026-03-06,https://res.cloudinary.com/dfqzmnlga/image/upload/v1772249947/2026-02-28/10985576.jpg,Skiveost Mild & Creamt Vestbo,✨ Whimsical creaminess meets lazy lounging in every sip! ✨
10985718,15.0,Løgismose,Pålægssalat,Haydari,1,0,stk.,Netto,https://static.tilbudsugen.dk/1st-retail/2026/10/64710/Netto92026-1_19_1669x4887_3306x6768_zoom.jpg,2026-02-28,2026-03-06,https://res.cloudinary.com/dfqzmnlga/image/upload/v1772249947/2026-02-28/10985718.jpg,Haydari,"Haydari: The ultimate comfort blanket for your chaotic day, with a sprinkle of fun and a dash of chaos. 🌟"
10983040,10.0,Piratos,Slik,Slikposer,1,0,ps.,Netto,https://static.tilbudsugen.dk/1st-retail/2026/10/64710/Netto92026-1_2_2295x65_4914x2399_zoom.jpg,2026-02-28,2026-03-06,https://res.cloudinary.com/dfqzmnlga/image/upload/v1772249948/2026-02-28/10983040.jpg,Candy bags,"Candy bags: the sweetest escape, always ready to melt your day. 🍬"
10983041,10.0,Matador Mix,Slik,Slikposer,1,0,ps.,Netto,https://static.tilbudsugen.dk/1st-retail/2026/10/64710/Netto92026-1_2_2295x65_4914x2399_zoom.jpg,2026-02-28,2026-03-06,https://res.cloudinary.com/dfqzmnlga/image/upload/v1772249949/2026-02-28/10983041.jpg,Candy bags,"Sweet treat, ready to melt your day! 🍬"
10983064,10.0,Maoam,Slik,Karameller,1,0,ps.,Netto,https://static.tilbudsugen.dk/1st-retail/2026/10/64710/Netto92026-1_2_2295x65_4914x2399_zoom.jpg,2026-02-28,2026-03-06,https://res.cloudinary.com/dfqzmnlga/image/upload/v1772249949/2026-02-28/10983064.jpg,Caramella,"✨ Sweet, sticky, and slightly rebellious — I melt into your heart with a kiss. ✨"
10983012,10.0,Pålækker,"Pålæg, skiveskåret",Italiensk Spegepølse,1,0,stk.,Netto,https://static.tilbudsugen.dk/1st-retail/2026/10/64710/Netto92026-1_1_2502x1374_4914x4162_zoom.jpg,2026-02-28,2026-03-06,https://res.cloudinary.com/dfqzmnlga/image/upload/v1772249950/2026-02-28/10983012.jpg,Italian Parrot,"Flying high with a sprinkle of flair, I’m the Italian Parrot—sipping espresso, sowing seeds of laughter, and never flying under a bridge. 🐦✨"
10985351,3.5,Murph,Snacks/bar,Proteinbar Mørk Chokolade,1,0,stk.,Netto,https://static.tilbudsugen.dk/1st-retail/2026/10/64710/Netto92026-1_11_2660x4756_4956x6857_zoom.jpg,2026-02-28,2026-03-06,https://res.cloudinary.com/dfqzmnlga/image/upload/v1772249950/2026-02-28/10985351.jpg,Proteinable Dark Chocolate,✨ Chocoholic with a twist — your perfect snack for a rainy day or a bold statement. ✨
10985354,3.5,Murph,Snacks/bar,Proteinbar Mælkechokolade,1,0,stk.,Netto,https://static.tilbudsugen.dk/1st-retail/2026/10/64710/Netto92026-1_11_2660x4756_4956x6857_zoom.jpg,2026-02-28,2026-03-06,https://res.cloudinary.com/dfqzmnlga/image/upload/v1772249951/2026-02-28/10985354.jpg,Proteinable Milk chocolate,✨ Satisfy your cravings with a boost of protein and chocolate—because the perfect bite is always just one lick away! ✨
10985358,69.0,Velsmag,Oksekød,Hakket oksekød 8-12%,1,0,ps.,Netto,https://static.tilbudsugen.dk/1st-retail/2026/10/64710/Netto92026-1_12_1249x1537_2555x3108_zoom.jpg,2026-02-28,2026-03-06,https://res.cloudinary.com/dfqzmnlga/image/upload/v1772249951/2026-02-28/10985358.jpg,Minced beef 8-12 per cent,🔥 Spice up your meal with a dash of flair! 🍳
10983893,69.0,Velsmag,Oksekød,Hakket oksekød 8-12%,1,0,ps.,Netto,https://static.tilbudsugen.dk/1st-retail/2026/10/64710/Netto92026-1_6_24x4956_2417x6871_zoom.jpg,2026-02-28,2026-03-06,https://res.cloudinary.com/dfqzmnlga/image/upload/v1772249951/2026-02-28/10983893.jpg,Minced beef 8-12 per cent,🔥 Spice up your meal with a dash of flavor!
10985776,20.0,Marabou,Småkager,Mjölk Choklad XL Cookies,1,0,ps.,Netto,https://static.tilbudsugen.dk/1st-retail/2026/10/64710/Netto92026-1_22_54x4849_2469x6845_zoom.jpg,2026-02-28,2026-03-06,https://res.cloudinary.com/dfqzmnlga/image/upload/v1772249952/2026-02-28/10985776.jpg,Mjölk Choklad XL Cookies,"Mjölk Choklad XL Cookies: Sweet, creamy, and slightly quirky – the perfect snack for any mood. 🍪"
10985775,20.0,Marabou,Småkager,Daim XL Cookies,1,0,ps.,Netto,https://static.tilbudsugen.dk/1st-retail/2026/10/64710/Netto92026-1_22_54x4849_2469x6845_zoom.jpg,2026-02-28,2026-03-06,https://res.cloudinary.com/dfqzmnlga/image/upload/v1772249953/2026-02-28/10985775.jpg,Daim XL Cookies,"✨ Baked to perfection, with a twist of flavor and a sprinkle of fun! 🍪"
10985772,20.0,Marabou,Småkager,Mjölk Choklad XL Cookies,1,0,ps.,Netto,https://static.tilbudsugen.dk/1st-retail/2026/10/64710/Netto92026-1_22_54x4849_2469x6845_zoom.jpg,2026-02-28,2026-03-06,https://res.cloudinary.com/dfqzmnlga/image/upload/v1772249953/2026-02-28/10985772.jpg,Mjölk Choklad XL Cookies,"✨ Chocoholic with a sweet twist, ready to melt into your heart and satisfy your cravings! ✨"
10985736,12.0,Taffel,Snacknødder & Nøddeblandinger,Honningristet Cashew mix,1,0,ps.,Netto,https://static.tilbudsugen.dk/1st-retail/2026/10/64710/Netto92026-1_20_2448x3233_4888x5154_zoom.jpg,2026-02-28,2026-03-06,https://res.cloudinary.com/dfqzmnlga/image/upload/v1772249953/2026-02-28/10985736.jpg,The honey roast Cashew mix,"Sweet, nutty, and slightly sticky — the perfect companion for any snack or snack bar. 🍯"
10985739,12.0,Taffel,Snacknødder & Nøddeblandinger,Spicy Chili Peanuts,1,0,ps.,Netto,https://static.tilbudsugen.dk/1st-retail/2026/10/64710/Netto92026-1_20_2448x3233_4888x5154_zoom.jpg,2026-02-28,2026-03-06,https://res.cloudinary.com/dfqzmnlga/image/upload/v1772249954/2026-02-28/10985739.jpg,Spicy Chili Peanuts,🔥 Spicy Chili Peanuts: The ultimate flavor bomb that turns any snack into a party! 🌟
10985735,12.0,Taffel,Snacknødder & Nøddeblandinger,Honningristede Mandel Mix,1,0,ps.,Netto,https://static.tilbudsugen.dk/1st-retail/2026/10/64710/Netto92026-1_20_2448x3233_4888x5154_zoom.jpg,2026-02-28,2026-03-06,https://res.cloudinary.com/dfqzmnlga/image/upload/v1772249954/2026-02-28/10985735.jpg,Honey roasted Mandel Mix,"✨ Sweet, sticky, and spicy — my flavor is a tropical twist on the classic mix!"
10985737,12.0,Taffel,Snacknødder & Nøddeblandinger,Mix af ristede nødder,1,0,ps.,Netto,https://static.tilbudsugen.dk/1st-retail/2026/10/64710/Netto92026-1_20_2448x3233_4888x5154_zoom.jpg,2026-02-28,2026-03-06,https://res.cloudinary.com/dfqzmnlga/image/upload/v1772249955/2026-02-28/10985737.jpg,Mix of roasted nuts,"Crunchy, nutty, and just the right amount of flavor—perfect for any snack moment. 🍳"
10985734,12.0,Taffel,Snacknødder & Nøddeblandinger,Nøddemix sweet og spicy,1,0,pk.,Netto,https://static.tilbudsugen.dk/1st-retail/2026/10/64710/Netto92026-1_20_2448x3233_4888x5154_zoom.jpg,2026-02-28,2026-03-06,https://res.cloudinary.com/dfqzmnlga/image/upload/v1772249956/2026-02-28/10985734.jpg,Nut mix sweet and spicy,🔥 Spicy sweet nut mix that's the perfect bite — taste the flavor! 🍫
10985760,20.0,Marabou,Chokolade,Chokoladeplade Home Style Soft Inside,1,0,stk.,Netto,https://static.tilbudsugen.dk/1st-retail/2026/10/64710/Netto92026-1_22_54x4849_2469x6845_zoom.jpg,2026-02-28,2026-03-06,https://res.cloudinary.com/dfqzmnlga/image/upload/v1772249956/2026-02-28/10985760.jpg,Chocolate Plate Home Style Soft Inside,"✨ Chocolate plate, soft inside, perfect for a sweet escape! 🍫"
10985762,20.0,Marabou,Chokolade,Chokoladeplade Home Style Oreo,1,0,stk.,Netto,https://static.tilbudsugen.dk/1st-retail/2026/10/64710/Netto92026-1_22_54x4849_2469x6845_zoom.jpg,2026-02-28,2026-03-06,https://res.cloudinary.com/dfqzmnlga/image/upload/v1772249957/2026-02-28/10985762.jpg,Chocolate Plate Home Style Oreo,✨ Chocolate Plate Home Style Oreo 🍫
10985614,20.0,Glyngøre,Sild,Sild,1,0,gl.,Netto,https://static.tilbudsugen.dk/1st-retail/2026/10/64710/Netto92026-1_16_3243x2856_4911x4879_zoom.jpg,2026-02-28,2026-03-06,https://res.cloudinary.com/dfqzmnlga/image/upload/v1772249957/2026-02-28/10985614.jpg,Herring,"Sunny day, salty breeze, and a little bit of adventure—just like the herring I'm catching. 🎣"
10985768,20.0,Marabou,Chokolade,Chokoladeplade Home Style Chocolate Filled,1,0,stk.,Netto,https://static.tilbudsugen.dk/1st-retail/2026/10/64710/Netto92026-1_22_54x4849_2469x6845_zoom.jpg,2026-02-28,2026-03-06,https://res.cloudinary.com/dfqzmnlga/image/upload/v1772249957/2026-02-28/10985768.jpg,Chocolate Plate Home Style Chocolate Filled,✨ Chocolate Plate Home Style Chocolate Filled 🍫
10983005,10.0,Pålækker,"Pålæg, skiveskåret",Hamburgerryg,1,0,pk.,Netto,https://static.tilbudsugen.dk/1st-retail/2026/10/64710/Netto92026-1_1_2502x1374_4914x4162_zoom.jpg,2026-02-28,2026-03-06,https://res.cloudinary.com/dfqzmnlga/image/upload/v1772249958/2026-02-28/10983005.jpg,Hamburger back,"Savor the crunch, not the crumb—because I'm the real deal! 🍔"
10983008,10.0,Sandwich,"Pålæg, skiveskåret",Kyllingebryst,1,0,pk.,Netto,https://static.tilbudsugen.dk/1st-retail/2026/10/64710/Netto92026-1_1_2502x1374_4914x4162_zoom.jpg,2026-02-28,2026-03-06,https://res.cloudinary.com/dfqzmnlga/image/upload/v1772249958/2026-02-28/10983008.jpg,Chicken breast,"Sizzling with flavor, ready to conquer any dish! 🍗"
10983007,10.0,Pålækker,"Pålæg, skiveskåret",Rullepølse,1,0,pk.,Netto,https://static.tilbudsugen.dk/1st-retail/2026/10/64710/Netto92026-1_1_2502x1374_4914x4162_zoom.jpg,2026-02-28,2026-03-06,https://res.cloudinary.com/dfqzmnlga/image/upload/v1772249959/2026-02-28/10983007.jpg,Roller sausage,"🔥Sausage that slaps, not just rolls! 🥩"
10983010,10.0,Sandwich,"Pålæg, skiveskåret",Kyllingebryst Bacon,1,0,pk.,Netto,https://static.tilbudsugen.dk/1st-retail/2026/10/64710/Netto92026-1_1_2502x1374_4914x4162_zoom.jpg,2026-02-28,2026-03-06,https://res.cloudinary.com/dfqzmnlga/image/upload/v1772249959/2026-02-28/10983010.jpg,Chicken breast Bacon,"Savor the crunch, flip the script, and let the bacon speak—because every bite is a bold statement. 🥩"
10983009,10.0,Sandwich,"Pålæg, skiveskåret",Kyllingebryst Tomat & Timian,1,0,pk.,Netto,https://static.tilbudsugen.dk/1st-retail/2026/10/64710/Netto92026-1_1_2502x1374_4914x4162_zoom.jpg,2026-02-28,2026-03-06,https://res.cloudinary.com/dfqzmnlga/image/upload/v1772249960/2026-02-28/10983009.jpg,Chicken Breast Tomato & Thyme,"Sizzling with flavor, this chicken breast is a tomato & thyme love letter to the grill. 🍳"
10985611,18.0,,Færdigretter Frost,Færdigretter,1,0,stk.,Netto,https://static.tilbudsugen.dk/1st-retail/2026/10/64710/Netto92026-1_16_16x2808_1716x4910_zoom.jpg,2026-02-28,2026-03-06,https://res.cloudinary.com/dfqzmnlga/image/upload/v1772249960/2026-02-28/10985611.jpg,Prepared meals and dishes,"Satisfy your cravings with delicious, ready-to-eat meals! 🍽️"
10985726,12.0,True Dates,Tørret Frugt,Dadler,1,0,ps.,Netto,https://static.tilbudsugen.dk/1st-retail/2026/10/64710/Netto92026-1_20_55x3241_2527x5060_zoom.jpg,2026-02-28,2026-03-06,https://res.cloudinary.com/dfqzmnlga/image/upload/v1772249960/2026-02-28/10985726.jpg,Dates,"Sweet, sticky, and sugary, I'm the date that keeps things sweet in your life 🍒"
10985758,30.0,Alparka Cola,Slik,Slikposer,1,0,ps.,Netto,https://static.tilbudsugen.dk/1st-retail/2026/10/64710/Netto92026-1_22_2445x4909_4998x6827_zoom.jpg,2026-02-28,2026-03-06,https://res.cloudinary.com/dfqzmnlga/image/upload/v1772249961/2026-02-28/10985758.jpg,Candy bags,"Sweet treat, ready to spark a smile—because every bag is a celebration of joy! 🍬"
10985756,30.0,Tappsy,Slik,Slikposer,1,0,ps.,Netto,https://static.tilbudsugen.dk/1st-retail/2026/10/64710/Netto92026-1_22_2445x4909_4998x6827_zoom.jpg,2026-02-28,2026-03-06,https://res.cloudinary.com/dfqzmnlga/image/upload/v1772249961/2026-02-28/10985756.jpg,Candy bags,✨ Treat yourself to a sweet escape with every bite! 🍬
10985757,30.0,Salte Fisk,Slik,Slikposer,1,0,ps.,Netto,https://static.tilbudsugen.dk/1st-retail/2026/10/64710/Netto92026-1_22_2445x4909_4998x6827_zoom.jpg,2026-02-28,2026-03-06,https://res.cloudinary.com/dfqzmnlga/image/upload/v1772249962/2026-02-28/10985757.jpg,Candy bags,"Sweet treats in a bag, ready to spark joy and spark a conversation. 🍬"
10985627,15.0,Næmt,Toppings,Kyllingetern,1,0,pk.,Netto,https://static.tilbudsugen.dk/1st-retail/2026/10/64710/Netto92026-1_17_31x2793_1676x4950_zoom.jpg,2026-02-28,2026-03-06,https://res.cloudinary.com/dfqzmnlga/image/upload/v1772249962/2026-02-28/10985627.jpg,Chicken Tea,"Sip, savor, and soar with chicken tea—where flavor meets flight! 🐔✈️"
10985759,30.0,Hundebanden,Slik,Slikposer,1,0,ps.,Netto,https://static.tilbudsugen.dk/1st-retail/2026/10/64710/Netto92026-1_22_2445x4909_4998x6827_zoom.jpg,2026-02-28,2026-03-06,https://res.cloudinary.com/dfqzmnlga/image/upload/v1772249962/2026-02-28/10985759.jpg,Candy bags,"Sweet treat, always ready to pop! 🍬"
10985749,25.0,Toffifee,Chokolade,Dessertchokolade,1,0,æsk.,Netto,https://static.tilbudsugen.dk/1st-retail/2026/10/64710/Netto92026-1_22_96x1157_3530x2835_zoom.jpg,2026-02-28,2026-03-06,https://res.cloudinary.com/dfqzmnlga/image/upload/v1772249963/2026-02-28/10985749.jpg,Dessert chocolate,"Sweet indulgence, ready to melt your heart with a touch of chocolatey joy 🍫"
10985742,25.0,Sigdal,Knækbrød,Everything Smag af Løg & Hvidløg knækbrød,1,0,pk.,Netto,https://static.tilbudsugen.dk/1st-retail/2026/10/64710/Netto92026-1_20_2448x5115_4848x6855_zoom.jpg,2026-02-28,2026-03-06,https://res.cloudinary.com/dfqzmnlga/image/upload/v1772249963/2026-02-28/10985742.jpg,Everything Taste of Onion & Garlic Crispbread,"Crunchy, savory, and perfectly crispy—every bite is a burst of onion and garlic. 🍲"
10985740,25.0,Sigdal,Knækbrød,Solsikkekerne & Quinoa knækbrød,1,0,pk.,Netto,https://static.tilbudsugen.dk/1st-retail/2026/10/64710/Netto92026-1_20_2448x5115_4848x6855_zoom.jpg,2026-02-28,2026-03-06,https://res.cloudinary.com/dfqzmnlga/image/upload/v1772249964/2026-02-28/10985740.jpg,Sunflowers & Quinoa Crispbread,"Sunflowers & Quinoa Crispbread: A sweet, crunchy treat that brings a touch of nature to your plate 🌼✨"
10985743,25.0,Sigdal,Knækbrød,Havreknækbrød,1,0,pk.,Netto,https://static.tilbudsugen.dk/1st-retail/2026/10/64710/Netto92026-1_20_2448x5115_4848x6855_zoom.jpg,2026-02-28,2026-03-06,https://res.cloudinary.com/dfqzmnlga/image/upload/v1772249964/2026-02-28/10985743.jpg,Oat-cracked bread,"Crunchy, buttery, and perfectly toasted — the perfect snack to fuel your day! 🍞"
10985786,99.0,Espresso,Kaffe,Kaffebønner,1,0,pk.,Netto,https://static.tilbudsugen.dk/1st-retail/2026/10/64710/Netto92026-1_23_2373x108_4896x3602_zoom.jpg,2026-02-28,2026-03-06,https://res.cloudinary.com/dfqzmnlga/image/upload/v1772249965/2026-02-28/10985786.jpg,Coffee beans,☕️ The world needs a little more caffeine.
10985781,99.0,Crema,Kaffe,Kaffebønner,1,0,pk.,Netto,https://static.tilbudsugen.dk/1st-retail/2026/10/64710/Netto92026-1_23_2373x108_4896x3602_zoom.jpg,2026-02-28,2026-03-06,https://res.cloudinary.com/dfqzmnlga/image/upload/v1772249965/2026-02-28/10985781.jpg,Coffee beans,☕️ The world needs a little more caffeine in their day.
10983078,45.0,Qualita Oro,Kaffe,Kaffe Formalet,1,0,ps.,Netto,https://static.tilbudsugen.dk/1st-retail/2026/10/64710/Netto92026-1_3_32x3507_2476x6840_zoom.jpg,2026-02-28,2026-03-06,https://res.cloudinary.com/dfqzmnlga/image/upload/v1772249966/2026-02-28/10983078.jpg,Coffee Painted,☕️ Coffee Painted — where every cup is a masterpiece of flavor and chaos.
10985933,20.0,Poly Swing,Styling,Hårmousse,1,0,stk.,Netto,https://static.tilbudsugen.dk/1st-retail/2026/10/64710/Netto92026-1_26_1648x4927_3272x6839_zoom.jpg,2026-02-28,2026-03-06,https://res.cloudinary.com/dfqzmnlga/image/upload/v1772249966/2026-02-28/10985933.jpg,Hair mousse,"✨ Shine like a hair mousse – bright, bubbly, and always in the spotlight! ✨"
10985617,20.0,Zendium,Tandpleje,Tandpasta,1,0,pk.,Netto,https://static.tilbudsugen.dk/1st-retail/2026/10/64710/Netto92026-1_8_48x162_2469x3536_zoom.jpg,2026-02-28,2026-03-06,https://res.cloudinary.com/dfqzmnlga/image/upload/v1772249966/2026-02-28/10985617.jpg,Toothpaste,"✨ Brushing away doubts, one smile at a time."
10983068,29.0,Galle & Jessen,Pålægschokolade,Pålægschokolade Mørk,1,0,pk.,Netto,https://static.tilbudsugen.dk/1st-retail/2026/10/64710/Netto92026-1_3_52x389_2470x3566_zoom.jpg,2026-02-28,2026-03-06,https://res.cloudinary.com/dfqzmnlga/image/upload/v1772249967/2026-02-28/10983068.jpg,Layer chocolate Dark,🍫 Layer chocolate Dark — the perfect blend of sweet and bold.
10983066,29.0,Galle & Jessen,Pålægschokolade,Pålægschokolade Mælk,1,0,pk.,Netto,https://static.tilbudsugen.dk/1st-retail/2026/10/64710/Netto92026-1_3_52x389_2470x3566_zoom.jpg,2026-02-28,2026-03-06,https://res.cloudinary.com/dfqzmnlga/image/upload/v1772249967/2026-02-28/10983066.jpg,"Meat of bovine animals, fresh, chilled or frozen","Savory, chilled meat that never loses its flavor—perfect for a quick meal or a midnight snack! 🍖"
10985721,69.0,Løgismose,Olier,Olivenolie,1,0,fl.,Netto,https://static.tilbudsugen.dk/1st-retail/2026/10/64710/Netto92026-1_19_3266x2769_4778x4824_zoom.jpg,2026-02-28,2026-03-06,https://res.cloudinary.com/dfqzmnlga/image/upload/v1772249967/2026-02-28/10985721.jpg,Olive oil,"✨ Drizzle your day with flavor, one spoonful at a time. ✨"
10985711,25.0,Løgismose,Kiks,Rugkiks med Rosmarin og Havsalt,1,0,pk.,Netto,https://static.tilbudsugen.dk/1st-retail/2026/10/64710/Netto92026-1_19_173x4855_1732x6784_zoom.jpg,2026-02-28,2026-03-06,https://res.cloudinary.com/dfqzmnlga/image/upload/v1772249968/2026-02-28/10985711.jpg,Rug biscuits with rosemary and sea salt,✨ Rosemary-ridden biscuits that taste like a sunlit kitchen—perfect for a quick snack or a cozy afternoon. 🌿
10985712,25.0,Løgismose,Kiks,Rugkiks med Kerner og Frø,1,0,pk.,Netto,https://static.tilbudsugen.dk/1st-retail/2026/10/64710/Netto92026-1_19_173x4855_1732x6784_zoom.jpg,2026-02-28,2026-03-06,https://res.cloudinary.com/dfqzmnlga/image/upload/v1772249968/2026-02-28/10985712.jpg,Rye biscuit with Kernels and Seeds,"Crunchy, nutty, and full of life—just like a good rye biscuit with kernels and seeds. 🍞"
10983858,99.0,London Dry Gin,Gin,Gin,1,0,fl.,Netto,https://static.tilbudsugen.dk/1st-retail/2026/10/64710/Netto92026-1_5_2411x3544_4998x6840_zoom.jpg,2026-02-28,2026-03-06,https://res.cloudinary.com/dfqzmnlga/image/upload/v1772249969/2026-02-28/10983858.jpg,Gin,"Sip, savor, and savor the moment — with a twist of citrus and a dash of mischief. 🍸"
10983861,99.0,1-Enkelt,Bitter,Bitter,1,0,fl.,Netto,https://static.tilbudsugen.dk/1st-retail/2026/10/64710/Netto92026-1_5_2411x3544_4998x6840_zoom.jpg,2026-02-28,2026-03-06,https://res.cloudinary.com/dfqzmnlga/image/upload/v1772249970/2026-02-28/10983861.jpg,Bitter,Bitter. I taste the truth in every bite. 🍃
10983851,99.0,Dark Rum,Rom,Rom,1,0,fl.,Netto,https://static.tilbudsugen.dk/1st-retail/2026/10/64710/Netto92026-1_5_2411x3544_4998x6840_zoom.jpg,2026-02-28,2026-03-06,https://res.cloudinary.com/dfqzmnlga/image/upload/v1772249970/2026-02-28/10983851.jpg,Rome,Rome: Where every corner tells a story and every street has a legend. 🌍✨
10983856,99.0,Original,Likør,Likør,1,0,fl.,Netto,https://static.tilbudsugen.dk/1st-retail/2026/10/64710/Netto92026-1_5_2411x3544_4998x6840_zoom.jpg,2026-02-28,2026-03-06,https://res.cloudinary.com/dfqzmnlga/image/upload/v1772249971/2026-02-28/10983856.jpg,Liqueurs and cordials,"Sip, savor, and savor more — my specialty is turning ordinary into extraordinary. 🍸"
10983860,99.0,Smirnoff,Vodka,Vodka,1,0,fl.,Netto,https://static.tilbudsugen.dk/1st-retail/2026/10/64710/Netto92026-1_5_2411x3544_4998x6840_zoom.jpg,2026-02-28,2026-03-06,https://res.cloudinary.com/dfqzmnlga/image/upload/v1772249972/2026-02-28/10983860.jpg,Vodka,"Vodka: ""Sip, savor, and never say 'no' to a good mix."" 🍸"
10983850,99.0,Linie Aquavit,Snaps,Akvavit,1,0,fl.,Netto,https://static.tilbudsugen.dk/1st-retail/2026/10/64710/Netto92026-1_5_2411x3544_4998x6840_zoom.jpg,2026-02-28,2026-03-06,https://res.cloudinary.com/dfqzmnlga/image/upload/v1772249972/2026-02-28/10983850.jpg,Aquavit,"A bubbly, bold spirit that dances on the tongue and never forgets to toast the day! 🍸"
10983852,99.0,Spiced Gold,Rom,Rom,1,0,fl.,Netto,https://static.tilbudsugen.dk/1st-retail/2026/10/64710/Netto92026-1_5_2411x3544_4998x6840_zoom.jpg,2026-02-28,2026-03-06,https://res.cloudinary.com/dfqzmnlga/image/upload/v1772249973/2026-02-28/10983852.jpg,Rome,Rome: where the streets are poetry and the chaos is charm. 🗺️
10983854,99.0,Red Label,Whisky,Whisky,1,0,fl.,Netto,https://static.tilbudsugen.dk/1st-retail/2026/10/64710/Netto92026-1_5_2411x3544_4998x6840_zoom.jpg,2026-02-28,2026-03-06,https://res.cloudinary.com/dfqzmnlga/image/upload/v1772249973/2026-02-28/10983854.jpg,Whiskey,"Whiskey: ""Sip, savor, and let the whiskey do the talking."" 🍸"
10983021,85.0,Velsmag,Fersk fisk,Lakseside,1,0,pk.,Netto,https://static.tilbudsugen.dk/1st-retail/2026/10/64710/Netto92026-1_2_2230x4811_4933x6762_zoom.jpg,2026-02-28,2026-03-06,https://res.cloudinary.com/dfqzmnlga/image/upload/v1772249974/2026-02-28/10983021.jpg,Salmonside,"Salmonside: The ocean's sweetest surprise, delivered in a bag that looks like a rainbow. 🌊✨"
10986010,10.0,Rodeo,Hundefoder,Hundesnacks,1,0,ps.,Netto,https://static.tilbudsugen.dk/1st-retail/2026/10/64710/Netto92026-1_28_0x989_2996x3027_zoom.jpg,2026-02-28,2026-03-06,https://res.cloudinary.com/dfqzmnlga/image/upload/v1772249974/2026-02-28/10986010.jpg,Dog snacks,🐶 Snack time! 🐾
10985697,10.0,Påskeskum,Slik,Skum Appelsin & Ferskensmag,1,0,ps.,Netto,https://static.tilbudsugen.dk/1st-retail/2026/10/64710/Netto92026-1_21_3212x4735_4998x6827_zoom.jpg,2026-02-28,2026-03-06,https://res.cloudinary.com/dfqzmnlga/image/upload/v1772249975/2026-02-28/10985697.jpg,Foam Orange & Peaches Taste,"✨ Peachy joy in every bite, fresh and vibrant!"
10985919,29.0,Batiste,Shampoo,Tørshampoo,1,0,stk.,Netto,https://static.tilbudsugen.dk/1st-retail/2026/10/64710/Netto92026-1_26_3278x2835_4938x4957_zoom.jpg,2026-02-28,2026-03-06,https://res.cloudinary.com/dfqzmnlga/image/upload/v1772249975/2026-02-28/10985919.jpg,Thirst shampoo,✨ Hydration + Haircare = Pure Radiance ✨
10985997,25.0,Raakraft,Hundefoder,Hundesnacks,1,0,ps.,Netto,https://static.tilbudsugen.dk/1st-retail/2026/10/64710/Netto92026-1_28_0x4741_1684x6851_zoom.jpg,2026-02-28,2026-03-06,https://res.cloudinary.com/dfqzmnlga/image/upload/v1772249976/2026-02-28/10985997.jpg,Dog snacks,🐾 Treat your dog to some tasty treats—because they deserve the best!
10985788,149.0,Qualita Oro,Kaffe,Kaffebønner,1,1,ps.,Netto,https://static.tilbudsugen.dk/1st-retail/2026/10/64710/Netto92026-1_23_2433x3620_4998x6839_zoom.jpg,2026-02-28,2026-03-06,https://res.cloudinary.com/dfqzmnlga/image/upload/v1772249976/2026-02-28/10985788.jpg,Coffee beans,"☕️ The world needs more coffee, and I'm here to brew it all."
10985789,149.0,Espresso Barista Perfetto,Kaffe,Kaffebønner,1,1,ps.,Netto,https://static.tilbudsugen.dk/1st-retail/2026/10/64710/Netto92026-1_23_2433x3620_4998x6839_zoom.jpg,2026-02-28,2026-03-06,https://res.cloudinary.com/dfqzmnlga/image/upload/v1772249976/2026-02-28/10985789.jpg,Coffee beans,☕️ The world needs a cup of energy.
10985790,149.0,Qualita Oro Dark Roast,Kaffe,Kaffebønner,1,1,ps.,Netto,https://static.tilbudsugen.dk/1st-retail/2026/10/64710/Netto92026-1_23_2433x3620_4998x6839_zoom.jpg,2026-02-28,2026-03-06,https://res.cloudinary.com/dfqzmnlga/image/upload/v1772249977/2026-02-28/10985790.jpg,Coffee beans,"☕️ The world needs more coffee, and I'm here to brew it all."
10983024,30.0,,Specialost,Grana Padano,1,0,pk.,Netto,https://static.tilbudsugen.dk/1st-retail/2026/10/64710/Netto92026-1_2_155x4817_2243x6756_zoom.jpg,2026-02-28,2026-03-06,https://res.cloudinary.com/dfqzmnlga/image/upload/v1772249978/2026-02-28/10983024.jpg,Grana Padano,"A master of cheese, crafting flavors that melt in your mouth and leave you craving more. 🧀"
10985745,15.0,,Chokolade,Chokoladehare,1,0,ps.,Netto,https://static.tilbudsugen.dk/1st-retail/2026/10/64710/Netto92026-1_21_24x2913_2852x4837_zoom.jpg,2026-02-28,2026-03-06,https://res.cloudinary.com/dfqzmnlga/image/upload/v1772249978/2026-02-28/10985745.jpg,Chocolate bunny,✨ Chocolate bunny who loves to spread joy and chocolatey vibes! 🍫
10985701,15.0,Jelly Æg,Slik,Slikposer,1,0,ps.,Netto,https://static.tilbudsugen.dk/1st-retail/2026/10/64710/Netto92026-1_21_24x2913_2852x4837_zoom.jpg,2026-02-28,2026-03-06,https://res.cloudinary.com/dfqzmnlga/image/upload/v1772249978/2026-02-28/10985701.jpg,Candy bags,"Sweet treats in a bag, ready to spark joy and spark a conversation— 🍬"
10985569,139.0,Velsmag,Oksekød,Okseentrecotes,1,0,bk.,Netto,https://static.tilbudsugen.dk/1st-retail/2026/10/64710/Netto92026-1_14_63x4698_2172x6823_zoom.jpg,2026-02-28,2026-03-06,https://res.cloudinary.com/dfqzmnlga/image/upload/v1772249979/2026-02-28/10985569.jpg,Oxeentrecottes,"Oxeentrecottes: The ultimate flavor booster, blending sweet and spicy in a single bite! 🌟"
10985595,39.0,Serrano,"Pålæg, skiveskåret",Chorizo,1,0,pk.,Netto,https://static.tilbudsugen.dk/1st-retail/2026/10/64710/Netto92026-1_16_110x1077_2330x2942_zoom.jpg,2026-02-28,2026-03-06,https://res.cloudinary.com/dfqzmnlga/image/upload/v1772249979/2026-02-28/10985595.jpg,Chorizo,"🔥 Spicy, smoky, and ready to ignite your taste buds—chorizo is the boss. 🌟"
10985597,39.0,Serrano,"Pålæg, skiveskåret",Serranoskinke,1,0,pk.,Netto,https://static.tilbudsugen.dk/1st-retail/2026/10/64710/Netto92026-1_16_110x1077_2330x2942_zoom.jpg,2026-02-28,2026-03-06,https://res.cloudinary.com/dfqzmnlga/image/upload/v1772249980/2026-02-28/10985597.jpg,Serrano chinke,"🔥 Spicy, smoky, and bold—Serrano chinkes are the real deal! 🌟"
10970431,8.0,,Garn,Garn,1,0,stk.,Netto,https://static.tilbudsugen.dk/1st-retail/2026/9/64663/Netto82026-1_38_189x228_2782x3584_zoom.jpg,2026-02-21,2026-03-27,https://res.cloudinary.com/dfqzmnlga/image/upload/v1772249980/2026-02-28/10970431.jpg,Yarn,"Woven in color, spun from dreams—create your own story with me! 🌟"
10985983,10.0,Dreamies,Kattefoder,Kattesnacks,1,0,pk.,Netto,https://static.tilbudsugen.dk/1st-retail/2026/10/64710/Netto92026-1_28_0x989_2996x3027_zoom.jpg,2026-02-28,2026-03-06,https://res.cloudinary.com/dfqzmnlga/image/upload/v1772249981/2026-02-28/10985983.jpg,Cat snacks,Snack time! 🐱✨
10986005,10.0,Ranchos,Hundefoder,Hundesnacks,1,0,ps.,Netto,https://static.tilbudsugen.dk/1st-retail/2026/10/64710/Netto92026-1_28_0x989_2996x3027_zoom.jpg,2026-02-28,2026-03-06,https://res.cloudinary.com/dfqzmnlga/image/upload/v1772249981/2026-02-28/10986005.jpg,Dog snacks,🐾 Treat your dog to some tasty treats—because they deserve the best!
10985607,59.0,Premieur,Rejer og andre skaldyr,Rejer,1,0,ps.,Netto,https://static.tilbudsugen.dk/1st-retail/2026/10/64710/Netto92026-1_16_3345x4831_4848x6917_zoom.jpg,2026-02-28,2026-03-06,https://res.cloudinary.com/dfqzmnlga/image/upload/v1772249982/2026-02-28/10985607.jpg,Shrimps and prawns,"Crackling with flavor, I'm the shrimp and prawn whisperer—crunchy, fresh, and ready to conquer your plate! 🍤✨"
10985741,15.0,,Chokolade,Chokoladeæg,1,0,ps.,Netto,https://static.tilbudsugen.dk/1st-retail/2026/10/64710/Netto92026-1_21_24x2913_2852x4837_zoom.jpg,2026-02-28,2026-03-06,https://res.cloudinary.com/dfqzmnlga/image/upload/v1772249982/2026-02-28/10985741.jpg,Chocolate eggs,"✨ Chocolate eggs, ready to melt your heart and fill your day with joy! 🍫"
10985605,59.0,Premieur,Rejer og andre skaldyr,Rejer,1,0,bg.,Netto,https://static.tilbudsugen.dk/1st-retail/2026/10/64710/Netto92026-1_16_3345x4831_4848x6917_zoom.jpg,2026-02-28,2026-03-06,https://res.cloudinary.com/dfqzmnlga/image/upload/v1772249982/2026-02-28/10985605.jpg,Shrimps and prawns,"Craving a feast? I’m the shrimp and prawn king—crunchy, fresh, and ready to conquer your taste buds! 🐟🦐"
10985623,59.0,Premieur,Rejer og andre skaldyr,Skalrejer,1,0,ps.,Netto,https://static.tilbudsugen.dk/1st-retail/2026/10/64710/Netto92026-1_16_3345x4831_4848x6917_zoom.jpg,2026-02-28,2026-03-06,https://res.cloudinary.com/dfqzmnlga/image/upload/v1772249983/2026-02-28/10985623.jpg,Shrimps and prawns,"Crackling with flavor, I'm the shrimp and prawn whisperer—crispy, fresh, and ready to conquer your plate! 🐞"
10983011,10.0,Salami Hapser,Pålægspølser,Salami Snacks,1,0,pk.,Netto,https://static.tilbudsugen.dk/1st-retail/2026/10/64710/Netto92026-1_1_2502x1374_4914x4162_zoom.jpg,2026-02-28,2026-03-06,https://res.cloudinary.com/dfqzmnlga/image/upload/v1772249983/2026-02-28/10983011.jpg,Salami Snacks,"Savor the crunch of flavor, one slice at a time 🍴"
10970432,10.0,,Garn,Garn,1,0,stk.,Netto,https://static.tilbudsugen.dk/1st-retail/2026/9/64663/Netto82026-1_39_2600x4490_4939x6628_zoom.jpg,2026-02-21,2026-03-27,https://res.cloudinary.com/dfqzmnlga/image/upload/v1772249984/2026-02-28/10970432.jpg,Yarn,"✨ Weaving dreams into every stitch, one loop at a time. 🧶"
10985724,25.0,Curré,Chokolade,Marcipanbrød,1,0,stk.,Netto,https://static.tilbudsugen.dk/1st-retail/2026/10/64710/Netto92026-1_21_2840x12_4884x4681_zoom.jpg,2026-02-28,2026-03-06,https://res.cloudinary.com/dfqzmnlga/image/upload/v1772249984/2026-02-28/10985724.jpg,Marzipan bread,"Sweet, sticky, and slightly sweetened, I'm the perfect companion for any snack time—especially when you need a little sugar boost. 🍫"
10985695,25.0,Fugleæg,Chokolade,Marcipanæg,1,0,ps.,Netto,https://static.tilbudsugen.dk/1st-retail/2026/10/64710/Netto92026-1_21_2840x12_4884x4681_zoom.jpg,2026-02-28,2026-03-06,https://res.cloudinary.com/dfqzmnlga/image/upload/v1772249984/2026-02-28/10985695.jpg,Marzipan eggs,"✨ Marzipan eggs: sweet, sticky, and ready to melt into your heart. 🍫"
10985705,25.0,Fugleæg,Chokolade,Marcipanæg Pistaciesmag,1,0,ps.,Netto,https://static.tilbudsugen.dk/1st-retail/2026/10/64710/Netto92026-1_21_2840x12_4884x4681_zoom.jpg,2026-02-28,2026-03-06,https://res.cloudinary.com/dfqzmnlga/image/upload/v1772249985/2026-02-28/10985705.jpg,Marzipan eggs Pistachiosmag,✨ Marzipan eggs Pistachiosmag 🍬
10985608,22.0,Bådsmand,Røget og gravad,Makrel,1,0,stk.,Netto,https://static.tilbudsugen.dk/1st-retail/2026/10/64710/Netto92026-1_16_1574x2864_3290x4839_zoom.jpg,2026-02-28,2026-03-06,https://res.cloudinary.com/dfqzmnlga/image/upload/v1772249986/2026-02-28/10985608.jpg,Mackerel,"Salty, smoky, and ready to spark a conversation—just like a good fish story. 🐟"
10985753,10.0,Lion,Chokolade,Chokoladebar White,1,0,stk.,Netto,https://static.tilbudsugen.dk/1st-retail/2026/10/64710/Netto92026-1_22_0x2781_2379x4873_zoom.jpg,2026-02-28,2026-03-06,https://res.cloudinary.com/dfqzmnlga/image/upload/v1772249986/2026-02-28/10985753.jpg,Chocolate Bar White,"✨ Chocolate Bar White, with a twist of sweetness and a sprinkle of fun. 🍫"
10985752,10.0,Lion,Chokolade,Chokoladebar,1,0,stk.,Netto,https://static.tilbudsugen.dk/1st-retail/2026/10/64710/Netto92026-1_22_0x2781_2379x4873_zoom.jpg,2026-02-28,2026-03-06,https://res.cloudinary.com/dfqzmnlga/image/upload/v1772249986/2026-02-28/10985752.jpg,Chocolate bar,✨ Treat yourself to a sweet escape with every bite! 🍫
10985706,25.0,,Chokolade,Chokoladeæg,1,0,pk.,Netto,https://static.tilbudsugen.dk/1st-retail/2026/10/64710/Netto92026-1_21_2840x12_4884x4681_zoom.jpg,2026-02-28,2026-03-06,https://res.cloudinary.com/dfqzmnlga/image/upload/v1772249987/2026-02-28/10985706.jpg,Chocolate eggs,"✨ Chocolate eggs, sweet and spicy, bring joy to any holiday cheer! 🎄"
10970425,25.0,,Garn,Garn,1,0,stk.,Netto,https://static.tilbudsugen.dk/1st-retail/2026/9/64663/Netto82026-1_37_235x4744_2470x6543_zoom.jpg,2026-02-21,2026-03-27,https://res.cloudinary.com/dfqzmnlga/image/upload/v1772249987/2026-02-28/10970425.jpg,Yarn,"🌈 Weaving dreams into every stitch, one loop at a time. 🧶"
10985703,20.0,Anthon Berg,Chokolade,Chokoladeæg Mandelæg med Lakrids,1,0,ps.,Netto,https://static.tilbudsugen.dk/1st-retail/2026/10/64710/Netto92026-1_21_30x677_2840x2883_zoom.jpg,2026-02-28,2026-03-06,https://res.cloudinary.com/dfqzmnlga/image/upload/v1772249988/2026-02-28/10985703.jpg,Chocolate eggs Maned vegetables with Liquorice,"Melted chocolate, bold flavors, and a dash of licorice—perfect for a rainy day. 🍫🌿"
10985704,20.0,Anthon Berg,Chokolade,Chokoladeæg Mini Fugleæg,1,0,ps.,Netto,https://static.tilbudsugen.dk/1st-retail/2026/10/64710/Netto92026-1_21_30x677_2840x2883_zoom.jpg,2026-02-28,2026-03-06,https://res.cloudinary.com/dfqzmnlga/image/upload/v1772249988/2026-02-28/10985704.jpg,Chocolate eggs Mini Birds' eggs,"✨ Chocolate eggs Mini Birds — the sweetest surprise, ever! 🐦"
10985754,10.0,Chunky,Chokolade,Chokoladebar,1,0,stk.,Netto,https://static.tilbudsugen.dk/1st-retail/2026/10/64710/Netto92026-1_22_0x2781_2379x4873_zoom.jpg,2026-02-28,2026-03-06,https://res.cloudinary.com/dfqzmnlga/image/upload/v1772249989/2026-02-28/10985754.jpg,Chocolate bar,🍫 Treat yourself to a sweet escape—because every bite is a little adventure. 🌟
10985693,20.0,Anthon Berg,Chokolade,Chokoladeæg Mandelæg,1,0,ps.,Netto,https://static.tilbudsugen.dk/1st-retail/2026/10/64710/Netto92026-1_21_30x677_2840x2883_zoom.jpg,2026-02-28,2026-03-06,https://res.cloudinary.com/dfqzmnlga/image/upload/v1772249990/2026-02-28/10985693.jpg,Chocolate eggs Almonds,"🍫✨ Almond-dusted chocolate eggs, ready to melt into your heart. 🍫✨"
10985748,15.0,,Chokolade,Chokolade,1,0,pk.,Netto,https://static.tilbudsugen.dk/1st-retail/2026/10/64710/Netto92026-1_21_24x2913_2852x4837_zoom.jpg,2026-02-28,2026-03-06,https://res.cloudinary.com/dfqzmnlga/image/upload/v1772249990/2026-02-28/10985748.jpg,Chocolate,"✨ Chocolate lover, sweet tooth, and occasional mood booster. 🍫"
10985755,10.0,Chunky,Chokolade,Chokoladebar,1,0,stk.,Netto,https://static.tilbudsugen.dk/1st-retail/2026/10/64710/Netto92026-1_22_0x2781_2379x4873_zoom.jpg,2026-02-28,2026-03-06,https://res.cloudinary.com/dfqzmnlga/image/upload/v1772249991/2026-02-28/10985755.jpg,Chocolate bar,✨ Treat yourself to a sweet escape with every bite! 🍫
10983071,69.0,Original,Instant Kaffe,Instant Kaffe,1,0,pk.,Netto,https://static.tilbudsugen.dk/1st-retail/2026/10/64710/Netto92026-1_3_2437x3592_4998x6833_zoom.jpg,2026-02-28,2026-03-06,https://res.cloudinary.com/dfqzmnlga/image/upload/v1772249991/2026-02-28/10983071.jpg,Instant Coffee," ☕ Brew your own joy, anytime, anywhere."
10985612,35.0,Bådsmand,Røget og gravad,Laks,1,0,bk.,Netto,https://static.tilbudsugen.dk/1st-retail/2026/10/64710/Netto92026-1_16_31x4847_1747x6878_zoom.jpg,2026-02-28,2026-03-06,https://res.cloudinary.com/dfqzmnlga/image/upload/v1772249992/2026-02-28/10985612.jpg,Salmon,"✨ Salmon: The ocean's favorite flavor, always fresh and full of energy! 🐟"
10970426,59.0,,Garn,Garn,1,0,stk.,Netto,https://static.tilbudsugen.dk/1st-retail/2026/9/64663/Netto82026-1_37_39x2379_2203x4751_zoom.jpg,2026-02-21,2026-03-27,https://res.cloudinary.com/dfqzmnlga/image/upload/v1772249992/2026-02-28/10970426.jpg,Yarn,Weave the world with threads of wonder 🌟
10983079,45.0,Gold,Instant Kaffe,Instant Kaffe,1,0,gl.,Netto,https://static.tilbudsugen.dk/1st-retail/2026/10/64710/Netto92026-1_3_32x3507_2476x6840_zoom.jpg,2026-02-28,2026-03-06,https://res.cloudinary.com/dfqzmnlga/image/upload/v1772249992/2026-02-28/10983079.jpg,Instant Coffee," ☕ Brew your day with a twist — instant coffee, ready to ignite your morning."
10985807,30.0,,Garn,Garn,1,0,stk.,Netto,https://static.tilbudsugen.dk/1st-retail/2026/10/64710/Netto92026-1_36_2527x2438_4723x4595_zoom.jpg,2026-02-28,2026-03-06,https://res.cloudinary.com/dfqzmnlga/image/upload/v1772249993/2026-02-28/10985807.jpg,Yarn,"Wooly wonder, spinning dreams into fabric — 🧶"
10985699,30.0,Curré,Chokolade,Dragee Nougatæg,1,0,pk.,Netto,https://static.tilbudsugen.dk/1st-retail/2026/10/64710/Netto92026-1_21_1624x4783_3248x6833_zoom.jpg,2026-02-28,2026-03-06,https://res.cloudinary.com/dfqzmnlga/image/upload/v1772249993/2026-02-28/10985699.jpg,Dragons Nougat eggs,"✨ Dragon-nugget eggs that sing in the morning, ready to conquer your day! 🐉"
10985698,30.0,Curré,Chokolade,Dragee Mågeæg,1,0,pk.,Netto,https://static.tilbudsugen.dk/1st-retail/2026/10/64710/Netto92026-1_21_1624x4783_3248x6833_zoom.jpg,2026-02-28,2026-03-06,https://res.cloudinary.com/dfqzmnlga/image/upload/v1772249994/2026-02-28/10985698.jpg,Dragons Seagull eggs,✨ Dragon seagull eggs – the ultimate flavor burst with a twist! 🐦🍳
10970442,30.0,,Garn,Garn,1,0,stk.,Netto,https://static.tilbudsugen.dk/1st-retail/2026/9/64663/Netto82026-1_39_7x20_4359x3578_zoom.jpg,2026-02-21,2026-03-27,https://res.cloudinary.com/dfqzmnlga/image/upload/v1772249994/2026-02-28/10970442.jpg,Yarn,"Yarn: Weaving dreams into fabric, one stitch at a time. 🌟"
10985915,99.0,Bodylab,Kosttilskud,Træningstilskud,1,0,ps.,Netto,https://static.tilbudsugen.dk/1st-retail/2026/10/64710/Netto92026-1_26_3266x4927_4998x6827_zoom.jpg,2026-02-28,2026-03-06,https://res.cloudinary.com/dfqzmnlga/image/upload/v1772249995/2026-02-28/10985915.jpg,Training grants,"🚀 Training grants, fueled by ambition and endless hustle! 🌟"
10983072,69.0,Gold,Instant Kaffe,Instant Kaffe,1,0,gl.,Netto,https://static.tilbudsugen.dk/1st-retail/2026/10/64710/Netto92026-1_3_2437x3592_4998x6833_zoom.jpg,2026-02-28,2026-03-06,https://res.cloudinary.com/dfqzmnlga/image/upload/v1772249995/2026-02-28/10983072.jpg,Instant Coffee," ☕ Brewed anytime, anywhere — life's too short for slow moments."
10983073,69.0,Gold Crema,Instant Kaffe,Instant Kaffe,1,0,gl.,Netto,https://static.tilbudsugen.dk/1st-retail/2026/10/64710/Netto92026-1_3_2437x3592_4998x6833_zoom.jpg,2026-02-28,2026-03-06,https://res.cloudinary.com/dfqzmnlga/image/upload/v1772249996/2026-02-28/10983073.jpg,Instant Coffee,"☕ Brew your day with me—quick, strong, and always ready."
10983074,69.0,Gold koffeinfri,Instant Kaffe,Instant Kaffe,1,0,gl.,Netto,https://static.tilbudsugen.dk/1st-retail/2026/10/64710/Netto92026-1_3_2437x3592_4998x6833_zoom.jpg,2026-02-28,2026-03-06,https://res.cloudinary.com/dfqzmnlga/image/upload/v1772249997/2026-02-28/10983074.jpg,Instant Coffee,"☕ Brew your day with a twist—instant, convenient, and always ready."
10970427,35.0,,Garn,Garn,1,0,stk.,Netto,https://static.tilbudsugen.dk/1st-retail/2026/9/64663/Netto82026-1_38_2795x98_4998x2959_zoom.jpg,2026-02-21,2026-03-27,https://res.cloudinary.com/dfqzmnlga/image/upload/v1772249997/2026-02-28/10970427.jpg,Yarn,"Weaving dreams into every stitch, yarn and imagination. 🎨✨"
10985700,45.0,Oreo,Chokolade,Chokoladeæg,1,0,pk.,Netto,https://static.tilbudsugen.dk/1st-retail/2026/10/64710/Netto92026-1_21_48x4945_1624x6845_zoom.jpg,2026-02-28,2026-03-06,https://res.cloudinary.com/dfqzmnlga/image/upload/v1772249998/2026-02-28/10985700.jpg,Chocolate eggs,"✨ Chocolate eggs, wrapped in joy, ready to melt your heart with a sweet surprise! 🍫"
10983081,45.0,Crema,Instant Kaffe,Instant Kaffe,1,0,gl.,Netto,https://static.tilbudsugen.dk/1st-retail/2026/10/64710/Netto92026-1_3_32x3507_2476x6840_zoom.jpg,2026-02-28,2026-03-06,https://res.cloudinary.com/dfqzmnlga/image/upload/v1772249998/2026-02-28/10983081.jpg,Instant Coffee,"☕ Brew your day with me—instant, ready, and always perfect."
10985806,20.0,,Garn,Garn,1,0,stk.,Netto,https://static.tilbudsugen.dk/1st-retail/2026/10/64710/Netto92026-1_36_126x2478_2448x4650_zoom.jpg,2026-02-28,2026-03-06,https://res.cloudinary.com/dfqzmnlga/image/upload/v1772249999/2026-02-28/10985806.jpg,Yarn,"Weave dreams with every stitch—yarn, ready to create. 🌟"
10970456,20.0,,Garn,Garn,1,0,stk.,Netto,https://static.tilbudsugen.dk/1st-retail/2026/9/64663/Netto82026-1_40_0x3415_2502x6602_zoom.jpg,2026-02-21,2026-03-27,https://res.cloudinary.com/dfqzmnlga/image/upload/v1772250000/2026-02-28/10970456.jpg,Yarn,Weave your dreams into a tapestry of possibilities 🌟
10970434,25.0,,Garn,Garn,1,0,stk.,Netto,https://static.tilbudsugen.dk/1st-retail/2026/9/64663/Netto82026-1_39_143x4503_2561x6595_zoom.jpg,2026-02-21,2026-03-27,https://res.cloudinary.com/dfqzmnlga/image/upload/v1772250000/2026-02-28/10970434.jpg,Yarn,"✨ Weaving dreams into every stitch, one twist at a time. ✨"
10970429,30.0,,Garn,Garn,1,0,stk.,Netto,https://static.tilbudsugen.dk/1st-retail/2026/9/64663/Netto82026-1_38_2333x2991_4803x6530_zoom.jpg,2026-02-21,2026-03-27,https://res.cloudinary.com/dfqzmnlga/image/upload/v1772250000/2026-02-28/10970429.jpg,Yarn,"Weaving dreams into fabric, one stitch at a time. 🎨 yarn"
10970458,30.0,,Garn,Garn,1,0,stk.,Netto,https://static.tilbudsugen.dk/1st-retail/2026/9/64663/Netto82026-1_40_2691x137_4887x3421_zoom.jpg,2026-02-21,2026-03-27,https://res.cloudinary.com/dfqzmnlga/image/upload/v1772250001/2026-02-28/10970458.jpg,Yarn,"Weave dreams into every stitch, yarn by yarn. 🎨✨"
10970457,69.0,,Garn,Garn,1,0,stk.,Netto,https://static.tilbudsugen.dk/1st-retail/2026/9/64663/Netto82026-1_40_215x267_2698x3434_zoom.jpg,2026-02-21,2026-03-27,https://res.cloudinary.com/dfqzmnlga/image/upload/v1772250002/2026-02-28/10970457.jpg,Yarn,"✨ Weaving dreams into every stitch, one loop at a time. 🧶"
10985973,379.0,Nicorette,Nikotinprodukter,Mundspray,1,0,pk.,Netto,https://static.tilbudsugen.dk/1st-retail/2026/10/64710/Netto92026-1_27_1726x84_3793x1241_zoom.jpg,2026-02-28,2026-03-06,https://res.cloudinary.com/dfqzmnlga/image/upload/v1772250002/2026-02-28/10985973.jpg,Mouth spray,✨ Spray your day with confidence and flavor!
10985785,229.0,Leifheit,Husholdningsartikler,Tørrestativ,1,0,stk.,Netto,https://static.tilbudsugen.dk/1st-retail/2026/10/64710/Netto92026-1_33_1865x4501_4911x6878_zoom.jpg,2026-02-28,2026-03-06,https://res.cloudinary.com/dfqzmnlga/image/upload/v1772250003/2026-02-28/10985785.jpg,Dry-breathing,"Dry-breathing: The quiet rebel who never cries, but always has a story to tell. 🌟"
10985787,399.0,,"Hårtørrer, krøljern, trimmer m.m",Airstyler,1,0,stk.,Netto,https://static.tilbudsugen.dk/1st-retail/2026/10/64710/Netto92026-1_34_244x179_4864x4139_zoom.jpg,2026-02-28,2026-03-06,https://res.cloudinary.com/dfqzmnlga/image/upload/v1772250003/2026-02-28/10985787.jpg,Airstyler,✨ Airstyler: Elevate your day with a little sparkle and a dash of style. ✨
10985792,399.0,,"Hårtørrer, krøljern, trimmer m.m",Airstyler,1,0,stk.,Netto,https://static.tilbudsugen.dk/1st-retail/2026/10/64710/Netto92026-1_34_173x4099_2755x6839_zoom.jpg,2026-02-28,2026-03-06,https://res.cloudinary.com/dfqzmnlga/image/upload/v1772250004/2026-02-28/10985792.jpg,Airstyler,"✨✨✨ Airstyler: The magic that makes your days shine brighter, one stylish detail at a time ✨"
10985800,50.0,,Tæpper,Lammeskind,1,0,stk.,Netto,https://static.tilbudsugen.dk/1st-retail/2026/10/64710/Netto92026-1_35_2487x4643_4730x6855_zoom.jpg,2026-02-28,2026-03-06,https://res.cloudinary.com/dfqzmnlga/image/upload/v1772250004/2026-02-28/10985800.jpg,Lamb's skin,"🔥Searched for the perfect crunch? I'm lamb's skin, ready to spark a fire in your mouth. 🍄"
10985805,60.0,,Skønlitteratur,Skønlitteratur,1,0,stk.,Netto,https://static.tilbudsugen.dk/1st-retail/2026/10/64710/Netto92026-1_36_205x266_2479x2383_zoom.jpg,2026-02-28,2026-03-06,https://res.cloudinary.com/dfqzmnlga/image/upload/v1772250005/2026-02-28/10985805.jpg,Wonderful literature,📖✨ A book that turns mundane days into magical adventures!
10985820,20.0,Pokemon,Skriveartikler,Skriveartikler,1,0,pk.,Netto,https://static.tilbudsugen.dk/1st-retail/2026/10/64710/Netto92026-1_37_2542x3777_4723x6870_zoom.jpg,2026-02-28,2026-03-06,https://res.cloudinary.com/dfqzmnlga/image/upload/v1772250005/2026-02-28/10985820.jpg,Writing articles,"Writer of words, creator of connections. 📝✨"
10985831,99.0,Polly Pocket,Diverse legetøj,Legetøj,1,0,stk.,Netto,https://static.tilbudsugen.dk/1st-retail/2026/10/64710/Netto92026-1_38_1779x2446_3235x4650_zoom.jpg,2026-02-28,2026-03-06,https://res.cloudinary.com/dfqzmnlga/image/upload/v1772250006/2026-02-28/10985831.jpg,Toys,"Playful, adventurous, and always ready for a fun ride — 🎉"
10985363,9.0,,Grønt,Persille,1,0,bdt.,Netto,https://static.tilbudsugen.dk/1st-retail/2026/10/64710/Netto92026-1_12_3790x3583_4963x5014_zoom.jpg,2026-02-28,2026-03-06,https://res.cloudinary.com/dfqzmnlga/image/upload/v1772250006/2026-02-28/10985363.jpg,Parsley,"Parsley: The green whisper of freshness, always ready to add a touch of flavor to your day 🌿"
10985765,50.0,,Gryder og pander,Bradepande,1,0,stk.,Netto,https://static.tilbudsugen.dk/1st-retail/2026/10/64710/Netto92026-1_32_220x266_2519x2478_zoom.jpg,2026-02-28,2026-03-06,https://res.cloudinary.com/dfqzmnlga/image/upload/v1772250007/2026-02-28/10985765.jpg,Bradle pan,✨Pan that flips the script on kitchen chaos!✨
10970459,30.0,,Garn,Strikketilbehør,1,0,stk.,Netto,https://static.tilbudsugen.dk/1st-retail/2026/9/64663/Netto82026-1_40_2470x3441_4750x6530_zoom.jpg,2026-02-21,2026-03-27,https://res.cloudinary.com/dfqzmnlga/image/upload/v1772250007/2026-02-28/10970459.jpg,Knitting accessories,Knitting accessories that turn everyday moments into cozy stories 🎩✨
10985761,899.0,,Køkkenmaskiner,Slush Ice maskine,1,0,stk.,Netto,https://static.tilbudsugen.dk/1st-retail/2026/10/64710/Netto92026-1_31_252x415_4683x6965_zoom.jpg,2026-02-28,2026-03-06,https://res.cloudinary.com/dfqzmnlga/image/upload/v1772250008/2026-02-28/10985761.jpg,Slush Ice Machine,❄️ Chill out with my slush ice machine—turning ordinary into extraordinary!
10985766,129.0,,Service,Kande,1,0,stk.,Netto,https://static.tilbudsugen.dk/1st-retail/2026/10/64710/Netto92026-1_32_2495x2470_4762x4619_zoom.jpg,2026-02-28,2026-03-06,https://res.cloudinary.com/dfqzmnlga/image/upload/v1772250009/2026-02-28/10985766.jpg,Jugs,"✨Pouring joy into every glass, one jug at a time.✨"
10985767,99.0,,Køkkenartikler,Køkkenvægt,1,0,stk.,Netto,https://static.tilbudsugen.dk/1st-retail/2026/10/64710/Netto92026-1_32_2519x242_4754x2446_zoom.jpg,2026-02-28,2026-03-06,https://res.cloudinary.com/dfqzmnlga/image/upload/v1772250009/2026-02-28/10985767.jpg,Kitchen weight,"Spoon-sized perfection, serving up joy with every bite. 🍽️"
10985774,40.0,,Køkkenartikler,Opbevaringsboks,1,0,stk.,Netto,https://static.tilbudsugen.dk/1st-retail/2026/10/64710/Netto92026-1_32_2503x4635_4825x6823_zoom.jpg,2026-02-28,2026-03-06,https://res.cloudinary.com/dfqzmnlga/image/upload/v1772250010/2026-02-28/10985774.jpg,Storage box,"📦 Treasure trove of chaos, ready to hold everything you need! 🛋️"
10985779,79.0,,Dyner og puder,Hovedpude,1,0,stk.,Netto,https://static.tilbudsugen.dk/1st-retail/2026/10/64710/Netto92026-1_33_1944x526_4738x2911_zoom.jpg,2026-02-28,2026-03-06,https://res.cloudinary.com/dfqzmnlga/image/upload/v1772250010/2026-02-28/10985779.jpg,Head cushion,✨ Pillow that keeps your head comfy and your vibe high!
10986018,30.0,Planteliv,Frø & løg,Frø,1,0,pk.,Netto,https://static.tilbudsugen.dk/1st-retail/2026/10/64710/Netto92026-1_29_264x575_2487x2409_zoom.jpg,2026-02-28,2026-03-06,https://res.cloudinary.com/dfqzmnlga/image/upload/v1772250011/2026-02-28/10986018.jpg,Seeds,"🌱 Seeds of possibility, sprouting dreams in every soil."
10985817,69.0,Pokemon,Diverse legetøj,Figurer,1,0,stk.,Netto,https://static.tilbudsugen.dk/1st-retail/2026/10/64710/Netto92026-1_37_134x903_2479x3737_zoom.jpg,2026-02-28,2026-03-06,https://res.cloudinary.com/dfqzmnlga/image/upload/v1772250012/2026-02-28/10985817.jpg,Figurines,"✨ Figurines that spark imagination, one tiny masterpiece at a time ✨"
10985818,99.0,Pokemon,"Dukker, bamser & plysdyr",Plysdyr,1,0,stk.,Netto,https://static.tilbudsugen.dk/1st-retail/2026/10/64710/Netto92026-1_37_2487x659_4675x3698_zoom.jpg,2026-02-28,2026-03-06,https://res.cloudinary.com/dfqzmnlga/image/upload/v1772250012/2026-02-28/10985818.jpg,Poohs,✨ Poohs are the little helpers who make your day just a bit more cozy and cheerful! ✨
10985819,25.0,Pokemon,Skriveartikler,Skriveartikler,1,0,pk.,Netto,https://static.tilbudsugen.dk/1st-retail/2026/10/64710/Netto92026-1_37_220x3792_2471x6784_zoom.jpg,2026-02-28,2026-03-06,https://res.cloudinary.com/dfqzmnlga/image/upload/v1772250012/2026-02-28/10985819.jpg,Writing articles,"Word wizard and sentence sculptor, turning ideas into impactful stories. 📝✨"
10985826,40.0,,"Dukker, bamser & plysdyr",Plysdyr,1,0,stk.,Netto,https://static.tilbudsugen.dk/1st-retail/2026/10/64710/Netto92026-1_38_2448x258_4935x2407_zoom.jpg,2026-02-28,2026-03-06,https://res.cloudinary.com/dfqzmnlga/image/upload/v1772250013/2026-02-28/10985826.jpg,Poohs,"Poohs are the unsung heroes of chaos, bringing a little whimsy to every mundane moment 🐘"
10985798,69.0,,"Billeder, plakater mm.",Billedramme,1,0,stk.,Netto,https://static.tilbudsugen.dk/1st-retail/2026/10/64710/Netto92026-1_35_189x2399_1747x4611_zoom.jpg,2026-02-28,2026-03-06,https://res.cloudinary.com/dfqzmnlga/image/upload/v1772250013/2026-02-28/10985798.jpg,Image Frame,"✨ Framing memories, one photo at a time. ✨"
10985808,30.0,,Hobbyartikler,Nakkelampe,1,0,stk.,Netto,https://static.tilbudsugen.dk/1st-retail/2026/10/64710/Netto92026-1_36_2503x211_4754x2391_zoom.jpg,2026-02-28,2026-03-06,https://res.cloudinary.com/dfqzmnlga/image/upload/v1772250014/2026-02-28/10985808.jpg,Headlamp,✨ Light up the dark with a flick of your wrist! ✨
10970430,35.0,,Service,Krus,1,0,stk.,Netto,https://static.tilbudsugen.dk/1st-retail/2026/9/64663/Netto82026-1_38_65x3643_2339x6602_zoom.jpg,2026-02-21,2026-03-27,https://res.cloudinary.com/dfqzmnlga/image/upload/v1772250014/2026-02-28/10970430.jpg,Mush,Mush: The ultimate snack that makes every day a little more interesting 🍲
10985771,30.0,,Køkkenartikler,Opbevaringsboks,1,0,stk.,Netto,https://static.tilbudsugen.dk/1st-retail/2026/10/64710/Netto92026-1_32_2503x4635_4825x6823_zoom.jpg,2026-02-28,2026-03-06,https://res.cloudinary.com/dfqzmnlga/image/upload/v1772250015/2026-02-28/10985771.jpg,Storage box,📦 Treasure chest of forgotten memories and endless possibilities! 🛍️
10985777,99.0,,Belysning indendørs,Gulvlampe,1,0,stk.,Netto,https://static.tilbudsugen.dk/1st-retail/2026/10/64710/Netto92026-1_33_110x526_2141x6847_zoom.jpg,2026-02-28,2026-03-06,https://res.cloudinary.com/dfqzmnlga/image/upload/v1772250015/2026-02-28/10985777.jpg,Floor lamp,✨ Glow up your space with a little light magic! 🌟
10985780,119.0,,Dyner og puder,Dyne,1,0,stk.,Netto,https://static.tilbudsugen.dk/1st-retail/2026/10/64710/Netto92026-1_33_1944x526_4738x2911_zoom.jpg,2026-02-28,2026-03-06,https://res.cloudinary.com/dfqzmnlga/image/upload/v1772250016/2026-02-28/10985780.jpg,Dyne,"✨Dynamic, unstoppable, and always ready to revolutionize your day! 🛒"
10986032,10.0,,Sokker/Strømper,Strømper,1,0,pk.,Netto,https://static.tilbudsugen.dk/1st-retail/2026/10/64710/Netto92026-1_30_198x108_4716x2859_zoom.jpg,2026-02-28,2026-03-06,https://res.cloudinary.com/dfqzmnlga/image/upload/v1772250016/2026-02-28/10986032.jpg,Stockings,"✨ Unzip your worries, tie them up with joy! 🧣"
10985784,119.0,,Senge,Rullemadras,1,0,stk.,Netto,https://static.tilbudsugen.dk/1st-retail/2026/10/64710/Netto92026-1_33_1976x2808_4833x4619_zoom.jpg,2026-02-28,2026-03-06,https://res.cloudinary.com/dfqzmnlga/image/upload/v1772250017/2026-02-28/10985784.jpg,Roller mattress,"Sleeping on a cloud, soft and squishy, with a sprinkle of dreams. 🛌"
10985791,199.0,,Toiletartikler,Makeupspejl,1,0,stk.,Netto,https://static.tilbudsugen.dk/1st-retail/2026/10/64710/Netto92026-1_34_2708x4147_4738x6839_zoom.jpg,2026-02-28,2026-03-06,https://res.cloudinary.com/dfqzmnlga/image/upload/v1772250017/2026-02-28/10985791.jpg,Makeup mirror,"✨ Reflect, reveal, and relish in your best self! ✨"
10985794,139.0,,Reoler & hylder,Hylde,1,0,stk.,Netto,https://static.tilbudsugen.dk/1st-retail/2026/10/64710/Netto92026-1_35_3542x187_4833x4611_zoom.jpg,2026-02-28,2026-03-06,https://res.cloudinary.com/dfqzmnlga/image/upload/v1772250018/2026-02-28/10985794.jpg,Shelf,"✨ Shelf of possibilities, where every item waits to be discovered. ✨"
10985795,30.0,Kodak,Outdoor,Pandelygte,1,0,stk.,Netto,https://static.tilbudsugen.dk/1st-retail/2026/10/64710/Netto92026-1_35_1637x2368_3597x4603_zoom.jpg,2026-02-28,2026-03-06,https://res.cloudinary.com/dfqzmnlga/image/upload/v1772250018/2026-02-28/10985795.jpg,Headlamp,"✨ Glow through the dark with a headlamp – light up your day, one shine at a time. ✨"
10985799,40.0,,Tæpper,Lammeskind,1,0,stk.,Netto,https://static.tilbudsugen.dk/1st-retail/2026/10/64710/Netto92026-1_35_189x4517_2487x6823_zoom.jpg,2026-02-28,2026-03-06,https://res.cloudinary.com/dfqzmnlga/image/upload/v1772250019/2026-02-28/10985799.jpg,Lamb's skin,"🔥Sizzling with flavor, ready to ignite your taste buds! 🍗"
10985809,99.0,,Hobbyartikler,Hobbyartikler,1,0,stk.,Netto,https://static.tilbudsugen.dk/1st-retail/2026/10/64710/Netto92026-1_36_2503x4532_4699x6847_zoom.jpg,2026-02-28,2026-03-06,https://res.cloudinary.com/dfqzmnlga/image/upload/v1772250019/2026-02-28/10985809.jpg,Hobby articles,"✨ Curator of curious adventures, turning mundane into magical ✨"
10985810,69.0,,Garn,Garntaske,1,0,stk.,Netto,https://static.tilbudsugen.dk/1st-retail/2026/10/64710/Netto92026-1_36_260x4666_2542x6815_zoom.jpg,2026-02-28,2026-03-06,https://res.cloudinary.com/dfqzmnlga/image/upload/v1772250020/2026-02-28/10985810.jpg,Yarn bag,"Cable knit confessions in a bag, ready to unravel your day. 🎨✨"
10985832,99.0,Barbie,"Dukker, bamser & plysdyr",Dukke,1,0,stk.,Netto,https://static.tilbudsugen.dk/1st-retail/2026/10/64710/Netto92026-1_38_3282x2446_4785x4658_zoom.jpg,2026-02-28,2026-03-06,https://res.cloudinary.com/dfqzmnlga/image/upload/v1772250021/2026-02-28/10985832.jpg,Doll,"✨ Doll & dreams, ready to spark joy with a little chaos! ✨"
10985833,25.0,Majorette,"Biler, tog",Biler,1,0,stk.,Netto,https://static.tilbudsugen.dk/1st-retail/2026/10/64710/Netto92026-1_38_3227x4666_4762x6799_zoom.jpg,2026-02-28,2026-03-06,https://res.cloudinary.com/dfqzmnlga/image/upload/v1772250021/2026-02-28/10985833.jpg,Cars,"🚗💨 Ride, ride, ride—where wheels meet wonder! 🚗✨"
10985770,25.0,,Køkkenredskaber,Kagespade,1,0,stk.,Netto,https://static.tilbudsugen.dk/1st-retail/2026/10/64710/Netto92026-1_32_181x2438_2471x4587_zoom.jpg,2026-02-28,2026-03-06,https://res.cloudinary.com/dfqzmnlga/image/upload/v1772250021/2026-02-28/10985770.jpg,Cakes' paddle,"🍰 Swirls of joy with every bite, my paddle of sweetness! 🍪"
10985783,89.0,,Senge,Rullemadras,1,0,stk.,Netto,https://static.tilbudsugen.dk/1st-retail/2026/10/64710/Netto92026-1_33_1976x2808_4833x4619_zoom.jpg,2026-02-28,2026-03-06,https://res.cloudinary.com/dfqzmnlga/image/upload/v1772250022/2026-02-28/10985783.jpg,Roller mattress,Sleeping on a cloud—except it's a mattress. 🛏️
10970436,60.0,,Diverse bøger,Hobbybøger,1,0,stk.,Netto,https://static.tilbudsugen.dk/1st-retail/2026/9/64663/Netto82026-1_39_2880x808_4952x4484_zoom.jpg,2026-02-21,2026-03-27,https://res.cloudinary.com/dfqzmnlga/image/upload/v1772250022/2026-02-28/10970436.jpg,Hobby Books,📚✨ Love books that make you want to live again.
10985763,40.0,,"Skåle, fade og forme",Springform,1,0,stk.,Netto,https://static.tilbudsugen.dk/1st-retail/2026/10/64710/Netto92026-1_32_220x266_2519x2478_zoom.jpg,2026-02-28,2026-03-06,https://res.cloudinary.com/dfqzmnlga/image/upload/v1772250023/2026-02-28/10985763.jpg,Spring shape,"🌸 Spring shape, the perfect blend of fresh and vibrant, bringing life to every moment. 🌸"
10985773,25.0,,Køkkenartikler,Køleskabsopbevaring,1,0,stk.,Netto,https://static.tilbudsugen.dk/1st-retail/2026/10/64710/Netto92026-1_32_173x4666_2503x6807_zoom.jpg,2026-02-28,2026-03-06,https://res.cloudinary.com/dfqzmnlga/image/upload/v1772250023/2026-02-28/10985773.jpg,Refrigerator storage,"❄️ Keep your snacks cold, and your ideas fresh—just don't forget to open the door."
10985778,7.0,,Butiksbagt,Bageren kager,1,0,stk.,Netto,https://static.tilbudsugen.dk/1st-retail/2026/10/64710/Netto92026-1_23_0x965_2367x3560_zoom.jpg,2026-02-28,2026-03-06,https://res.cloudinary.com/dfqzmnlga/image/upload/v1772250023/2026-02-28/10985778.jpg,Bakery cookies,"Soft, sweet, and slightly sassy — I'm the kind of cookie that makes your day just a little sweeter. 🍪"
10985782,69.0,,Senge,Rullemadras,1,0,stk.,Netto,https://static.tilbudsugen.dk/1st-retail/2026/10/64710/Netto92026-1_33_1976x2808_4833x4619_zoom.jpg,2026-02-28,2026-03-06,https://res.cloudinary.com/dfqzmnlga/image/upload/v1772250024/2026-02-28/10985782.jpg,Roller mattress,"Sleeping on a cloud—roll, roll, roll! 🛌"
10985793,50.0,,Pyntegenstande,Bordflag,1,0,stk.,Netto,https://static.tilbudsugen.dk/1st-retail/2026/10/64710/Netto92026-1_35_268x604_1771x2407_zoom.jpg,2026-02-28,2026-03-06,https://res.cloudinary.com/dfqzmnlga/image/upload/v1772250024/2026-02-28/10985793.jpg,Table flags,"Swaggering with a flair, like a flag in a storm—no need for a grocery list, just a vibe. 🏁"
10985834,25.0,,Diverse legetøj,Legetøj,1,0,stk.,Netto,https://static.tilbudsugen.dk/1st-retail/2026/10/64710/Netto92026-1_38_197x4643_3314x6855_zoom.jpg,2026-02-28,2026-03-06,https://res.cloudinary.com/dfqzmnlga/image/upload/v1772250025/2026-02-28/10985834.jpg,Toys,"🎉 Playful, curious, and always ready to spark a laugh—just like a toy that never stops giggling!"
10985837,20.0,,Kreativitetslegetøj & puslespil,Puslespil,1,0,stk.,Netto,https://static.tilbudsugen.dk/1st-retail/2026/10/64710/Netto92026-1_38_165x242_2503x2415_zoom.jpg,2026-02-28,2026-03-06,https://res.cloudinary.com/dfqzmnlga/image/upload/v1772250025/2026-02-28/10985837.jpg,Puzzles,"Hmm, I'm a clever puzzle piece who loves to fit together fun and surprises! 🧩"
