data_id,price,brand,category,product_name,units,quantity,unit_type,store_name,image_url,start_date,end_date,public_urls,translated_product,tinder_bio
10921201,9.0,Hello Sensitive,Babypleje,Vådservietter,1,100,pk.,Netto,https://static.tilbudsugen.dk/1st-retail/2026/4/64393/Netto32026-1_2_2448x4902_4974x6862_zoom.jpg,2026-01-17,2026-01-23,https://res.cloudinary.com/dfqzmnlga/image/upload/v1768685340/2026-01-17/10921201.jpg,Wet napkins,Wet napkins: the ultimate refresh for your daily grind 🧂
10921754,10.0,Hello Sensitive,Babypleje,Skumklude,1,50,pk.,Netto,https://static.tilbudsugen.dk/1st-retail/2026/4/64393/Netto32026-1_22_205x2541_2857x4280_zoom.jpg,2026-01-17,2026-01-23,https://res.cloudinary.com/dfqzmnlga/image/upload/v1768685340/2026-01-17/10921754.jpg,Foam cloths,"Soft, squishy, and super useful—perfect for keeping your surfaces clean and your hands safe! 🧼"
10925965,12.0,Pickwick,Te,Warming Chai Tebreve,1,20,pk.,Netto,https://static.tilbudsugen.dk/1st-retail/2026/4/64393/Netto32026-1_17_2442x1130_4964x2956_zoom.jpg,2026-01-17,2026-01-23,https://res.cloudinary.com/dfqzmnlga/image/upload/v1768685341/2026-01-17/10925965.jpg,Warming Chai Tebreve,"🔥 Hot, comforting, and just right for a cold day — my chai is a warm hug for your soul. 🌟"
10926108,12.0,Pickwick,Te,Strawberry Tebreve,1,20,pk.,Netto,https://static.tilbudsugen.dk/1st-retail/2026/4/64393/Netto32026-1_17_2442x1130_4964x2956_zoom.jpg,2026-01-17,2026-01-23,https://res.cloudinary.com/dfqzmnlga/image/upload/v1768685341/2026-01-17/10926108.jpg,Strawberry Tebrevs,"Sour, sweet, and slightly spicy — the perfect match for a rainy day. 🍓"
10926107,12.0,Pickwick,Te,Forest Fruit Tebreve,1,20,pk.,Netto,https://static.tilbudsugen.dk/1st-retail/2026/4/64393/Netto32026-1_17_2442x1130_4964x2956_zoom.jpg,2026-01-17,2026-01-23,https://res.cloudinary.com/dfqzmnlga/image/upload/v1768685342/2026-01-17/10926107.jpg,Forest Fruit Tebreves,"✨ Harvesting nature's sweetness, one bite at a time. 🌳"
10926109,12.0,Pickwick,Te,Green Tea Lemon Tebreve,1,20,pk.,Netto,https://static.tilbudsugen.dk/1st-retail/2026/4/64393/Netto32026-1_17_2442x1130_4964x2956_zoom.jpg,2026-01-17,2026-01-23,https://res.cloudinary.com/dfqzmnlga/image/upload/v1768685342/2026-01-17/10926109.jpg,Green Tea Lemon Tebrevs,"Refreshing, zesty, and perfectly balanced—Green Tea Lemon Tebrevs are the ultimate refreshment. 🍵🍋"
10921373,12.0,Pickwick,Te,Liquorice Tebreve,1,20,pk.,Netto,https://static.tilbudsugen.dk/1st-retail/2026/4/64393/Netto32026-1_17_2442x1130_4964x2956_zoom.jpg,2026-01-17,2026-01-23,https://res.cloudinary.com/dfqzmnlga/image/upload/v1768685343/2026-01-17/10921373.jpg,Liquorice Tebreve,"Soft, soothing, and slightly rebellious — like a whisper that never quite stays quiet. 🌟"
10921755,20.0,Newborn,Bleer,Bleer str 1 2-4 kg,1,28,pk.,Netto,https://static.tilbudsugen.dk/1st-retail/2026/4/64393/Netto32026-1_22_181x4099_4998x6894_zoom.jpg,2026-01-17,2026-01-23,https://res.cloudinary.com/dfqzmnlga/image/upload/v1768685344/2026-01-17/10921755.jpg,Diapers size 1 2-4 kg,"✨ Super versatile parent hero, ready to tackle any diaper challenge!"
10921756,30.0,Mini,Bleer,Bleer str 2 3-6 kg,1,38,pk.,Netto,https://static.tilbudsugen.dk/1st-retail/2026/4/64393/Netto32026-1_22_181x4099_4998x6894_zoom.jpg,2026-01-17,2026-01-23,https://res.cloudinary.com/dfqzmnlga/image/upload/v1768685344/2026-01-17/10921756.jpg,Diapers size 2 3-6 kg,"✨ Size up your baby's needs with me, the ultimate diaper guardian!"
10926110,12.0,Pickwick,Te,Ginger Goodness Lemon Tebreve,1,15,pk.,Netto,https://static.tilbudsugen.dk/1st-retail/2026/4/64393/Netto32026-1_17_2442x1130_4964x2956_zoom.jpg,2026-01-17,2026-01-23,https://res.cloudinary.com/dfqzmnlga/image/upload/v1768685345/2026-01-17/10926110.jpg,Ginger Goodness Lemon Tebreve,"✨ Lemonade lover with a twist—ginger, sweet, and unforgettable!"
10921435,20.0,,Husholdningsartikler,Muffinforme,1,24,pk.,Netto,https://static.tilbudsugen.dk/1st-retail/2026/4/64393/Netto32026-1_28_243x4789_4667x6751_zoom.jpg,2026-01-17,2026-01-23,https://res.cloudinary.com/dfqzmnlga/image/upload/v1768685346/2026-01-17/10921435.jpg,Muffins,"Savory, sweet, and slightly rebellious — the muffin who never stays still. 🥞"
10921759,50.0,Midi,Bleer,Bleer str 3 4-9 kg,1,56,pk.,Netto,https://static.tilbudsugen.dk/1st-retail/2026/4/64393/Netto32026-1_22_181x4099_4998x6894_zoom.jpg,2026-01-17,2026-01-23,https://res.cloudinary.com/dfqzmnlga/image/upload/v1768685346/2026-01-17/10921759.jpg,Diapers size 3 4-9 kg,✨ Size 3-9 kg: The ultimate protector of little ones! 🛒
10904784,18.0,Murph,Kosttilskud,Træningstilskud,1,20,stk.,Netto,https://static.tilbudsugen.dk/1st-retail/2026/2/64322/Netto022026-1_25_3299x1871_4924x3817_zoom.jpg,2026-01-02,2026-01-31,https://res.cloudinary.com/dfqzmnlga/image/upload/v1768685347/2026-01-17/10904784.jpg,Training grants,"✨ Training grants: fueling your growth, one step at a time. ✨"
10921780,18.0,Murph,Kosttilskud,Træningstilskud,1,20,stk.,Netto,https://static.tilbudsugen.dk/1st-retail/2026/4/64393/Netto32026-1_24_3274x1848_4935x3855_zoom.jpg,2026-01-01,2026-01-31,https://res.cloudinary.com/dfqzmnlga/image/upload/v1768685347/2026-01-17/10921780.jpg,Training grants,🚀 Training grants = unstoppable momentum! 💪
10921760,50.0,Maxi,Bleer,Bleer str 4 7-18 kg,1,50,pk.,Netto,https://static.tilbudsugen.dk/1st-retail/2026/4/64393/Netto32026-1_22_181x4099_4998x6894_zoom.jpg,2026-01-17,2026-01-23,https://res.cloudinary.com/dfqzmnlga/image/upload/v1768685348/2026-01-17/10921760.jpg,Diapers size 4 7-18 kg,"✨ Super versatile parent! 🌟  
I'm the ultimate backup for any baby's needs — whether it's a sudden nap or a midnight snack. 🍼"
10921761,50.0,Junior,Bleer,Bleer str 5 11-25 kg,1,44,pk.,Netto,https://static.tilbudsugen.dk/1st-retail/2026/4/64393/Netto32026-1_22_181x4099_4998x6894_zoom.jpg,2026-01-17,2026-01-23,https://res.cloudinary.com/dfqzmnlga/image/upload/v1768685349/2026-01-17/10921761.jpg,Diapers size 5 11-25 kg,"✨ Super flexible parent, ready to tackle any baby size challenge!"
10921771,85.0,Neophos,Opvask,Maskinopvask-tabs,1,70,pk.,Netto,https://static.tilbudsugen.dk/1st-retail/2026/4/64393/Netto32026-1_23_2424x4643_4974x6862_zoom.jpg,2026-01-17,2026-01-23,https://res.cloudinary.com/dfqzmnlga/image/upload/v1768685350/2026-01-17/10921771.jpg,Machine-washing losses,✨ Laundry hero with a twist—machine-wash losses are my new favorite thing!
10921762,50.0,XL,Bleer,Bleer str 6 15-30 kg,1,40,pk.,Netto,https://static.tilbudsugen.dk/1st-retail/2026/4/64393/Netto32026-1_22_181x4099_4998x6894_zoom.jpg,2026-01-17,2026-01-23,https://res.cloudinary.com/dfqzmnlga/image/upload/v1768685350/2026-01-17/10921762.jpg,Diapers size 6 15-30 kg,"Size 6, ready for any adventure—just in time. 🛒"
10921758,30.0,Junior,Bleer,Bleer str 5 Pants 12-17 kg,1,20,pk.,Netto,https://static.tilbudsugen.dk/1st-retail/2026/4/64393/Netto32026-1_22_181x4099_4998x6894_zoom.jpg,2026-01-17,2026-01-23,https://res.cloudinary.com/dfqzmnlga/image/upload/v1768685351/2026-01-17/10921758.jpg,Diapers size 5 Pants 12-17 kg,"✨ Size 5 Diapers, 12-17 kg Pants ✨"
10921757,30.0,XL,Bleer,Bleer str 6 Pants 15+ kg,1,18,pk.,Netto,https://static.tilbudsugen.dk/1st-retail/2026/4/64393/Netto32026-1_22_181x4099_4998x6894_zoom.jpg,2026-01-17,2026-01-23,https://res.cloudinary.com/dfqzmnlga/image/upload/v1768685351/2026-01-17/10921757.jpg,Diapers size 6 Pants 15+ kg,"Size 6 diapers, 15+ kg pants — ready to keep up with the chaos. 🛒"
10921437,20.0,,Engangsservice,Slikposer,1,12,ps.,Netto,https://static.tilbudsugen.dk/1st-retail/2026/4/64393/Netto32026-1_28_243x4789_4667x6751_zoom.jpg,2026-01-17,2026-01-23,https://res.cloudinary.com/dfqzmnlga/image/upload/v1768685352/2026-01-17/10921437.jpg,Candy bags,Candy bags: the ultimate escape from monotony 🍬✨
10921203,19.0,Classic,Husholdningspapir,Toiletpapir,1,8,pk.,Netto,https://static.tilbudsugen.dk/1st-retail/2026/4/64393/Netto32026-1_2_39x4721_2558x6847_zoom.jpg,2026-01-17,2026-01-23,https://res.cloudinary.com/dfqzmnlga/image/upload/v1768685352/2026-01-17/10921203.jpg,Toilet paper,"Soft, sticky, and always ready to clean up — 🧼"
10921292,4.97,Dr Jones,Tandpleje,Tandbørste,1,2,pk.,Netto,https://static.tilbudsugen.dk/1st-retail/2026/4/64393/Netto32026-1_14_3754x609_4971x5039_zoom.jpg,2026-01-17,2026-01-23,https://res.cloudinary.com/dfqzmnlga/image/upload/v1768685353/2026-01-17/10921292.jpg,Toothbrush,Brushing away the day's chaos with a little sparkle and a dash of fun! 🧼✨
10921440,10.0,,Papir,Kort,1,4,pk.,Netto,https://static.tilbudsugen.dk/1st-retail/2026/4/64393/Netto32026-1_28_1488x2760_3233x4613_zoom.jpg,2026-01-17,2026-01-23,https://res.cloudinary.com/dfqzmnlga/image/upload/v1768685353/2026-01-17/10921440.jpg,Map,"A map of dreams, guiding you through the unknown with every step. 🌍"
10921436,20.0,,Engangsservice,Engangsbæger,1,8,pk.,Netto,https://static.tilbudsugen.dk/1st-retail/2026/4/64393/Netto32026-1_28_243x4789_4667x6751_zoom.jpg,2026-01-17,2026-01-23,https://res.cloudinary.com/dfqzmnlga/image/upload/v1768685354/2026-01-17/10921436.jpg,Single-cup,"Single-cup: One scoop of joy, one sip at a time. 🍵"
10921775,25.0,A+,Vaskemiddel,Vaskemiddel-tabs,1,10,pk.,Netto,https://static.tilbudsugen.dk/1st-retail/2026/4/64393/Netto32026-1_23_55x4603_2527x6862_zoom.jpg,2026-01-17,2026-01-23,https://res.cloudinary.com/dfqzmnlga/image/upload/v1768685355/2026-01-17/10921775.jpg,Laundry loss,"Laundry loss? I'm the one who gets messy, but I'm also the one who gets washed clean. 🧼"
10921779,25.0,Arola,Luftfrisker,Duftblok,1,8,pk.,Netto,https://static.tilbudsugen.dk/1st-retail/2026/4/64393/Netto32026-1_23_24x2415_3400x4650_zoom.jpg,2026-01-17,2026-01-23,https://res.cloudinary.com/dfqzmnlga/image/upload/v1768685356/2026-01-17/10921779.jpg,Scent Block,"Scent Block: Neutralize the chaos, one aroma at a time. 🌿"
10921434,20.0,,Engangsservice,Paptallerkner,1,6,stk.,Netto,https://static.tilbudsugen.dk/1st-retail/2026/4/64393/Netto32026-1_28_243x4789_4667x6751_zoom.jpg,2026-01-17,2026-01-23,https://res.cloudinary.com/dfqzmnlga/image/upload/v1768685356/2026-01-17/10921434.jpg,Cardboard plates,✨ Eco-friendly plates that turn every meal into a little eco-achievement! ✨
10921439,20.0,,Papir,Partyhatte,1,6,pk.,Netto,https://static.tilbudsugen.dk/1st-retail/2026/4/64393/Netto32026-1_28_243x4789_4667x6751_zoom.jpg,2026-01-17,2026-01-23,https://res.cloudinary.com/dfqzmnlga/image/upload/v1768685356/2026-01-17/10921439.jpg,Party hats,"Surfing the chaos with a hat, ready to party and never stop laughing. 🎉"
10921438,20.0,,Engangsservice,Papkrus,1,6,pk.,Netto,https://static.tilbudsugen.dk/1st-retail/2026/4/64393/Netto32026-1_28_243x4789_4667x6751_zoom.jpg,2026-01-17,2026-01-23,https://res.cloudinary.com/dfqzmnlga/image/upload/v1768685357/2026-01-17/10921438.jpg,Cardboard cup,"✨ Eco-friendly cup that holds all your drinks, but never forgets to be a hero. 🌍"
10921202,19.0,Classic,Husholdningspapir,Køkkenrulle,1,4,pk.,Netto,https://static.tilbudsugen.dk/1st-retail/2026/4/64393/Netto32026-1_2_39x4721_2558x6847_zoom.jpg,2026-01-17,2026-01-23,https://res.cloudinary.com/dfqzmnlga/image/upload/v1768685358/2026-01-17/10921202.jpg,Kitchen roll,"Rolling up the fun, keeping things tidy, and always ready for a good laugh— 🌟"
10921441,12.0,,Bånd/papir,Gavepapir,1,2,stk.,Netto,https://static.tilbudsugen.dk/1st-retail/2026/4/64393/Netto32026-1_28_0x2530_1556x5208_zoom.jpg,2026-01-17,2026-01-23,https://res.cloudinary.com/dfqzmnlga/image/upload/v1768685358/2026-01-17/10921441.jpg,Gift paper,"Wrap presents in joy, and let the world know you're the gift paper who brings magic to every occasion 🎁"
10921222,12.0,,Grønt,Porrer,1,2,bdt.,Netto,https://static.tilbudsugen.dk/1st-retail/2026/4/64393/Netto32026-1_3_3503x3123_4927x4918_zoom.jpg,2026-01-17,2026-01-23,https://res.cloudinary.com/dfqzmnlga/image/upload/v1768685359/2026-01-17/10921222.jpg,Leek,"A humble leek, ready to sneak into your meal with a twist of flavor and a dash of whimsy. 🌱"
10921243,8.0,,Frugt,Mango,1,1,stk.,Netto,https://static.tilbudsugen.dk/1st-retail/2026/4/64393/Netto32026-1_4_47x864_1606x2903_zoom.jpg,2026-01-17,2026-01-23,https://res.cloudinary.com/dfqzmnlga/image/upload/v1768685359/2026-01-17/10921243.jpg,Mango,"Sweet, juicy, and ready to burst—like a tropical surprise! 🍌"
10904509,25.0,Magnum,Multipak,Ispinde,1,3,pk.,Netto,https://static.tilbudsugen.dk/1st-retail/2026/2/64322/Netto022026-1_15_3247x4773_4998x6833_zoom.jpg,2026-01-01,2026-01-31,https://res.cloudinary.com/dfqzmnlga/image/upload/v1768685360/2026-01-17/10904509.jpg,Popsicles,"Sip, savor, and smile—because life's too sweet to skip a pop! 🍦"
10904508,25.0,Magnum,Multipak,Double Sunlover Ispinde,1,3,pk.,Netto,https://static.tilbudsugen.dk/1st-retail/2026/2/64322/Netto022026-1_15_3247x4773_4998x6833_zoom.jpg,2026-01-01,2026-01-31,https://res.cloudinary.com/dfqzmnlga/image/upload/v1768685361/2026-01-17/10904508.jpg,Double Sunlover Ispine,"✨ Sunlover with a twinkle in the eye, always ready to shine! 🌞"
10904506,25.0,Magnum,Multipak,Wonder Ispinde ,1,3,pk.,Netto,https://static.tilbudsugen.dk/1st-retail/2026/2/64322/Netto022026-1_15_3247x4773_4998x6833_zoom.jpg,2026-01-01,2026-01-31,https://res.cloudinary.com/dfqzmnlga/image/upload/v1768685361/2026-01-17/10904506.jpg,Wonder Ispine,✨ The only thing better than a perfect day is a perfect day with a Wonder Ispine by your side! ✨
10921285,8.4,ØGO,Grønt,Rødbeder,1,1,ps.,Netto,https://static.tilbudsugen.dk/1st-retail/2026/4/64393/Netto32026-1_13_115x676_2786x3477_zoom.jpg,2026-01-17,2026-01-23,https://res.cloudinary.com/dfqzmnlga/image/upload/v1768685362/2026-01-17/10921285.jpg,Beetroot,"Deep red, bold, and full of flavor—like a fiery passion. 🍅"
10921696,13.0,Pepsi Max,Sodavand,Cola,1,1,fl.,Netto,https://static.tilbudsugen.dk/1st-retail/2026/4/64393/Netto32026-1_20_2550x549_4904x3792_zoom.jpg,2026-01-17,2026-01-23,https://res.cloudinary.com/dfqzmnlga/image/upload/v1768685362/2026-01-17/10921696.jpg,Cola,"Fizzing fun, never boring—stay bubbly and ready for the next adventure! 🐾"
10921691,13.0,Faxe Kondi,Sodavand,Sportssodavand,1,1,fl.,Netto,https://static.tilbudsugen.dk/1st-retail/2026/4/64393/Netto32026-1_20_2550x549_4904x3792_zoom.jpg,2026-01-17,2026-01-23,https://res.cloudinary.com/dfqzmnlga/image/upload/v1768685363/2026-01-17/10921691.jpg,Sports soda,"Sip, sprint, and smile—sports soda keeps you fueled for the game! 🎉"
10921695,13.0,0 Kalorier,Sodavand,Sportssodavand,1,1,fl.,Netto,https://static.tilbudsugen.dk/1st-retail/2026/4/64393/Netto32026-1_20_2550x549_4904x3792_zoom.jpg,2026-01-17,2026-01-23,https://res.cloudinary.com/dfqzmnlga/image/upload/v1768685363/2026-01-17/10921695.jpg,Sports soda,"Sip, shout, and stay unstoppable—sports soda is the ultimate energy boost! 🎉"
10921700,13.0,0 Kalorier Lemonade,Sodavand,Sodavand,1,1,fl.,Netto,https://static.tilbudsugen.dk/1st-retail/2026/4/64393/Netto32026-1_20_2550x549_4904x3792_zoom.jpg,2026-01-17,2026-01-23,https://res.cloudinary.com/dfqzmnlga/image/upload/v1768685364/2026-01-17/10921700.jpg,Soda water,"Fizzing fun, never boring — just a little bubbly joy in every sip! 🌟"
10921713,13.0,0 Kalorier Eksotisk,Sodavand,Sodavand,1,1,fl.,Netto,https://static.tilbudsugen.dk/1st-retail/2026/4/64393/Netto32026-1_20_2550x549_4904x3792_zoom.jpg,2026-01-17,2026-01-23,https://res.cloudinary.com/dfqzmnlga/image/upload/v1768685364/2026-01-17/10921713.jpg,Soda water,"Fizzing fun, never boring—soda water keeps it light and lively. 🚀"
10921674,10.0,Rynkeby,Sodavand,Frugtbrus Pink Grape & Tranebær,1,1,fl.,Netto,https://static.tilbudsugen.dk/1st-retail/2026/4/64393/Netto32026-1_20_55x2564_2574x4698_zoom.jpg,2026-01-17,2026-01-23,https://res.cloudinary.com/dfqzmnlga/image/upload/v1768685365/2026-01-17/10921674.jpg,Fruit Shrimp Pink Grapefruit & Cranberries,✨ Sushi-grade shrimp with a side of tangy pink grapefruit and cranberry punch! 🍐
10921254,15.0,Samsø,Grønt,Kartofler,1,1,ps.,Netto,https://static.tilbudsugen.dk/1st-retail/2026/4/64393/Netto32026-1_4_1676x2856_3322x4729_zoom.jpg,2026-01-17,2026-01-23,https://res.cloudinary.com/dfqzmnlga/image/upload/v1768685365/2026-01-17/10921254.jpg,Potatoes,"I'm a starchy wonder, ready to turn any meal into a masterpiece! 🌟"
10921672,10.0,Rynkeby,Sodavand,Frugtbrus Appelsin & Mandarin,1,1,fl.,Netto,https://static.tilbudsugen.dk/1st-retail/2026/4/64393/Netto32026-1_20_55x2564_2574x4698_zoom.jpg,2026-01-17,2026-01-23,https://res.cloudinary.com/dfqzmnlga/image/upload/v1768685366/2026-01-17/10921672.jpg,Fruit pulp Orange & Mandarin,"Tropical twist on a citrus dream, I'm the sweet, zesty pulp that brings a whole orchard to your plate 🍌🍊."
10921505,30.0,,Køkkenartikler,Opbevaringsboks,1,3,pk.,Netto,https://static.tilbudsugen.dk/1st-retail/2026/4/64393/Netto32026-1_34_81x210_2976x2401_zoom.jpg,2026-01-17,2026-01-23,https://res.cloudinary.com/dfqzmnlga/image/upload/v1768685366/2026-01-17/10921505.jpg,Storage box,📦 Treasure chest of forgotten memories and endless possibilities! 🛍️
10921673,10.0,Rynkeby,Sodavand,Frugtbrus Lime & Citron,1,1,fl.,Netto,https://static.tilbudsugen.dk/1st-retail/2026/4/64393/Netto32026-1_20_55x2564_2574x4698_zoom.jpg,2026-01-17,2026-01-23,https://res.cloudinary.com/dfqzmnlga/image/upload/v1768685367/2026-01-17/10921673.jpg,Fruit pulp Lime & Lemon,Citrus rebellion in every bite 🍋✨
10921127,10.0,Herkules,Rugbrød i Skiver,Rugbrødsskiver,1,1,pk.,Netto,https://static.tilbudsugen.dk/1st-retail/2026/4/64393/Netto32026-1_1_2448x3800_4935x6650_zoom.jpg,2026-01-17,2026-01-23,https://res.cloudinary.com/dfqzmnlga/image/upload/v1768685367/2026-01-17/10921127.jpg,Rye bread slices,"Toast-worthy rebellion, served on a slice. 🍞"
10921126,10.0,Kohberg,Rugbrød i Skiver,Solsikkerugbrød,1,0,pk.,Netto,https://static.tilbudsugen.dk/1st-retail/2026/4/64393/Netto32026-1_1_2448x3800_4935x6650_zoom.jpg,2026-01-17,2026-01-23,https://res.cloudinary.com/dfqzmnlga/image/upload/v1768685368/2026-01-17/10921126.jpg,"Sunflower-seed oil and its fractions, whether or not refined, but not chemically modified","Golden-hued, earthy, and nourishing — a tribute to the sun and the soil, with a touch of warmth and nature. 🌾"
10904716,69.0,0 Kalorier,Sodavand,Sportssodavand 18 pk.,18,0,ds.,Netto,https://static.tilbudsugen.dk/1st-retail/2026/2/64322/Netto022026-1_22_3233x4815_4973x6886_zoom.jpg,2026-01-02,2026-01-31,https://res.cloudinary.com/dfqzmnlga/image/upload/v1768685368/2026-01-17/10904716.jpg,Sports soda 18 pk.,"Sip, sprint, and smile—sports soda keeps you fueled! 🎉"
10921699,69.0,0 Kalorier,Sodavand,Sportssodavand 18 pk.,18,0,ds.,Netto,https://static.tilbudsugen.dk/1st-retail/2026/4/64393/Netto32026-1_20_2416x3769_4848x6807_zoom.jpg,2026-01-01,2026-01-31,https://res.cloudinary.com/dfqzmnlga/image/upload/v1768685369/2026-01-17/10921699.jpg,Sports soda 18 pk.,"Sip, sprint, and smile—sports soda keeps you fueled! 🎉"
10921698,69.0,Pepsi Max,Sodavand,Cola 18 pk.,18,0,ds.,Netto,https://static.tilbudsugen.dk/1st-retail/2026/4/64393/Netto32026-1_20_2416x3769_4848x6807_zoom.jpg,2026-01-01,2026-01-31,https://res.cloudinary.com/dfqzmnlga/image/upload/v1768685370/2026-01-17/10921698.jpg,Cola 18 pk.,"Sip, savor, and never forget—Cola 18 pk. 🍹"
10904715,69.0,Pepsi Max,Sodavand,Cola 18 pk.,18,0,ds.,Netto,https://static.tilbudsugen.dk/1st-retail/2026/2/64322/Netto022026-1_22_3233x4815_4973x6886_zoom.jpg,2026-01-02,2026-01-31,https://res.cloudinary.com/dfqzmnlga/image/upload/v1768685370/2026-01-17/10904715.jpg,Cola 18 pk.,"Sip, sway, and stay thirsty—just like you! 🍹"
10921165,5.0,Harvest Best,Grønt,Chilibønner,1,0,ds.,Netto,https://static.tilbudsugen.dk/1st-retail/2026/4/64393/Netto32026-1_2_55x124_2471x2643_zoom.jpg,2026-01-17,2026-01-23,https://res.cloudinary.com/dfqzmnlga/image/upload/v1768685371/2026-01-17/10921165.jpg,Chilli beans,"🔥 Spicy, smoky, and ready to spice up your day! 🌶️"
10921170,5.0,Harvest Best,Grønt,Baked Beans,1,0,ds.,Netto,https://static.tilbudsugen.dk/1st-retail/2026/4/64393/Netto32026-1_2_55x124_2471x2643_zoom.jpg,2026-01-17,2026-01-23,https://res.cloudinary.com/dfqzmnlga/image/upload/v1768685372/2026-01-17/10921170.jpg,Baked Beans,"Savor the flavor, one hearty bean at a time 🌱"
10921348,12.0,Cheasy,Syrnet morgenmad,Citron Yoghurt,1,1,stk.,Netto,https://static.tilbudsugen.dk/1st-retail/2026/4/64393/Netto32026-1_9_63x163_2408x2706_zoom.jpg,2026-01-17,2026-01-23,https://res.cloudinary.com/dfqzmnlga/image/upload/v1768685372/2026-01-17/10921348.jpg,Lemon Yogurt,"Tropical twist on a classic: Lemon Yogurt, the sweet, zesty secret to fresh, fizzy adventures. 🍋"
10921345,12.0,Cheasy,Syrnet morgenmad,Jordbær & Rababer Yoghurt ,1,1,stk.,Netto,https://static.tilbudsugen.dk/1st-retail/2026/4/64393/Netto32026-1_9_63x163_2408x2706_zoom.jpg,2026-01-17,2026-01-23,https://res.cloudinary.com/dfqzmnlga/image/upload/v1768685372/2026-01-17/10921345.jpg,Strawberries & Rababer Yogurt,"Sip on sweet joy, and maybe a little tart—strawberries & rababer yogurt. 🍓 Yogurt 🥤"
10921346,12.0,Cheasy,Syrnet morgenmad,Vanilje Yoghurt ,1,1,stk.,Netto,https://static.tilbudsugen.dk/1st-retail/2026/4/64393/Netto32026-1_9_63x163_2408x2706_zoom.jpg,2026-01-17,2026-01-23,https://res.cloudinary.com/dfqzmnlga/image/upload/v1768685373/2026-01-17/10921346.jpg,Vanilla Yogurt,"Sweet, creamy, and slightly sweet, I'm the vanilla yogurt that makes every day a little sweeter. 🍯"
10914230,12.0,Oat Barista Tasty Wiener,Vegetabilske drikke,Havredrik,1,1,stk.,Netto,https://static.tilbudsugen.dk/1st-retail/2026/3/64366/Netto032026-1_11_41x4376_2516x6859_zoom.jpg,2026-01-02,2026-01-31,https://res.cloudinary.com/dfqzmnlga/image/upload/v1768685373/2026-01-17/10914230.jpg,Oat drink,"✨ Fluffy and frothy, I'm the perfect companion for any lazy day! 🌟"
10914231,12.0,Oat Barista Tasty Pumpkin Spice,Vegetabilske drikke,Havredrik,1,1,stk.,Netto,https://static.tilbudsugen.dk/1st-retail/2026/3/64366/Netto032026-1_11_41x4376_2516x6859_zoom.jpg,2026-01-02,2026-01-31,https://res.cloudinary.com/dfqzmnlga/image/upload/v1768685374/2026-01-17/10914231.jpg,Oat drink,"✨ Brewed with oats, it's the perfect pick for any day! 🍓"
10914216,12.0,Naturli',Vegetabilske drikke,Mandeldrik,1,1,stk.,Netto,https://static.tilbudsugen.dk/1st-retail/2026/3/64366/Netto032026-1_11_41x4376_2516x6859_zoom.jpg,2026-01-02,2026-01-31,https://res.cloudinary.com/dfqzmnlga/image/upload/v1768685375/2026-01-17/10914216.jpg,Almond Drink,"✨ Smooth, creamy, and refreshing — the perfect drink to keep your day flowing! ✨"
10914229,12.0,Oat Barista,Vegetabilske drikke,Havredrik,1,1,stk.,Netto,https://static.tilbudsugen.dk/1st-retail/2026/3/64366/Netto032026-1_11_41x4376_2516x6859_zoom.jpg,2026-01-02,2026-01-31,https://res.cloudinary.com/dfqzmnlga/image/upload/v1768685375/2026-01-17/10914229.jpg,Oat drink,"✨ Fluffy and fizzy, with a twist of warmth — perfect for any day! 🍽️"
10914225,12.0,Naturli',Vegetabilske drikke,Soyadrik Kakao,1,1,stk.,Netto,https://static.tilbudsugen.dk/1st-retail/2026/3/64366/Netto032026-1_11_41x4376_2516x6859_zoom.jpg,2026-01-02,2026-01-31,https://res.cloudinary.com/dfqzmnlga/image/upload/v1768685376/2026-01-17/10914225.jpg,Soyadrik Cocoa,✨ Cocoa lover with a sweet twist – the perfect blend of flavor and fun!
10914226,12.0,Naturli',Vegetabilske drikke,Havredrik,1,1,stk.,Netto,https://static.tilbudsugen.dk/1st-retail/2026/3/64366/Netto032026-1_11_41x4376_2516x6859_zoom.jpg,2026-01-02,2026-01-31,https://res.cloudinary.com/dfqzmnlga/image/upload/v1768685377/2026-01-17/10914226.jpg,Oat drink,"✨ Sip on the sweet, creamy magic of oat drink and let your day start right! 🌟"
10914227,12.0,Naturli',Vegetabilske drikke,Rugdrik,1,1,stk.,Netto,https://static.tilbudsugen.dk/1st-retail/2026/3/64366/Netto032026-1_11_41x4376_2516x6859_zoom.jpg,2026-01-02,2026-01-31,https://res.cloudinary.com/dfqzmnlga/image/upload/v1768685377/2026-01-17/10914227.jpg,Rye drink,"Rye drink: The bartender's secret weapon, fueled by bold flavors and a dash of rebellion. 🍻"
10914228,12.0,Naturli',Vegetabilske drikke,Soyadrik Vanilje,1,1,stk.,Netto,https://static.tilbudsugen.dk/1st-retail/2026/3/64366/Netto032026-1_11_41x4376_2516x6859_zoom.jpg,2026-01-02,2026-01-31,https://res.cloudinary.com/dfqzmnlga/image/upload/v1768685378/2026-01-17/10914228.jpg,Soyadrik Vanilla,"✨ Vanilla lover with a sweet twist – soyadrik, wherever you are! 🌟"
10921347,12.0,Cheasy,Syrnet morgenmad,Skovbær Yoghurt ,1,1,stk.,Netto,https://static.tilbudsugen.dk/1st-retail/2026/4/64393/Netto32026-1_9_63x163_2408x2706_zoom.jpg,2026-01-17,2026-01-23,https://res.cloudinary.com/dfqzmnlga/image/upload/v1768685378/2026-01-17/10921347.jpg,Blackberries Yogurt,"Savor the sweetness of blackberries in every bite, paired with a scoop of yogurt—nature's perfect blend of flavor and comfort. 🍓 Yogurt 🍯"
10921176,5.0,La Campagna,Grønt,Hakkede tomater,1,0,ds.,Netto,https://static.tilbudsugen.dk/1st-retail/2026/4/64393/Netto32026-1_2_55x124_2471x2643_zoom.jpg,2026-01-17,2026-01-23,https://res.cloudinary.com/dfqzmnlga/image/upload/v1768685379/2026-01-17/10921176.jpg,Chicked tomatoes,"✨ Chicked tomatoes: the ultimate flavor explosion, ready to turn any meal into a masterpiece! 🍅"
10921187,5.0,La Campagna,Grønt,Hakkede tomater Hvidløg,1,0,ds.,Netto,https://static.tilbudsugen.dk/1st-retail/2026/4/64393/Netto32026-1_2_55x124_2471x2643_zoom.jpg,2026-01-17,2026-01-23,https://res.cloudinary.com/dfqzmnlga/image/upload/v1768685379/2026-01-17/10921187.jpg,Chicked tomatoes Garlic,"Smell the spice, taste the flavor—chicked tomatoes and garlic, ready to ignite your kitchen. 🍳🔥"
10921184,5.0,La Campagna,Grønt,Hakkede tomater Chili,1,0,ds.,Netto,https://static.tilbudsugen.dk/1st-retail/2026/4/64393/Netto32026-1_2_55x124_2471x2643_zoom.jpg,2026-01-17,2026-01-23,https://res.cloudinary.com/dfqzmnlga/image/upload/v1768685380/2026-01-17/10921184.jpg,Chop-chop tomatoes Chili,"Chop-chop tomatoes Chili: Spicy, bold, and ready to conquer the kitchen! 🍅🔥"
10921181,5.0,La Campagna,Grønt,Hakkede tomater Urter,1,0,ds.,Netto,https://static.tilbudsugen.dk/1st-retail/2026/4/64393/Netto32026-1_2_55x124_2471x2643_zoom.jpg,2026-01-17,2026-01-23,https://res.cloudinary.com/dfqzmnlga/image/upload/v1768685380/2026-01-17/10921181.jpg,Chicked tomatoes Herbs,"Smoky, tangy, and perfectly balanced — like a perfect date. 🍴✨"
10921212,5.45,Næmt,Dej Køl,Pizzadej,1,0,pk.,Netto,https://static.tilbudsugen.dk/1st-retail/2026/4/64393/Netto32026-1_3_2574x1305_3802x3045_zoom.jpg,2026-01-17,2026-01-23,https://res.cloudinary.com/dfqzmnlga/image/upload/v1768685381/2026-01-17/10921212.jpg,Pizza dough,Craving a perfect slice? I'm the dough that turns dreams into pizza! 🍕
10921295,5.45,Næmt,Dej Køl,Pizzadej,1,0,pk.,Netto,https://static.tilbudsugen.dk/1st-retail/2026/4/64393/Netto32026-1_14_88x764_3754x3517_zoom.jpg,2026-01-17,2026-01-23,https://res.cloudinary.com/dfqzmnlga/image/upload/v1768685381/2026-01-17/10921295.jpg,Pizza dough,Craving a perfect slice? I'm the dough that turns dreams into delicious bites! 🍕
10921288,13.96,ØGO,Mel & Melblandinger,Manitobamel,1,1,pk.,Netto,https://static.tilbudsugen.dk/1st-retail/2026/4/64393/Netto32026-1_13_2381x3876_4883x6852_zoom.jpg,2026-01-17,2026-01-23,https://res.cloudinary.com/dfqzmnlga/image/upload/v1768685382/2026-01-17/10921288.jpg,Manitobamel,Manitobamel: The only one who can make your day better with a little help from the wild! 🌿
10921289,13.96,ØGO,Mel & Melblandinger,Rugmel,1,1,pk.,Netto,https://static.tilbudsugen.dk/1st-retail/2026/4/64393/Netto32026-1_13_2381x3876_4883x6852_zoom.jpg,2026-01-17,2026-01-23,https://res.cloudinary.com/dfqzmnlga/image/upload/v1768685382/2026-01-17/10921289.jpg,Rye flour,"Breaded with bold flavors, I rise and conquer. 🍞"
10921291,13.96,ØGO,Mel & Melblandinger,Ølands Hvedemel,1,1,pk.,Netto,https://static.tilbudsugen.dk/1st-retail/2026/4/64393/Netto32026-1_13_2381x3876_4883x6852_zoom.jpg,2026-01-17,2026-01-23,https://res.cloudinary.com/dfqzmnlga/image/upload/v1768685383/2026-01-17/10921291.jpg,Island Wheat flour,"✨ Flaky, crisp, and full of flavor – the island breeze in every bite! ✨"
10921290,13.96,ØGO,Mel & Melblandinger,Tipo 00 Hvedemel,1,1,pk.,Netto,https://static.tilbudsugen.dk/1st-retail/2026/4/64393/Netto32026-1_13_2381x3876_4883x6852_zoom.jpg,2026-01-17,2026-01-23,https://res.cloudinary.com/dfqzmnlga/image/upload/v1768685383/2026-01-17/10921290.jpg,Tipo 00 Wheat flour,"✨ The ultimate base for baking adventures, perfect for making bread, pasta, and everything in between! 🍞"
10921458,30.0,,Sokker/Strømper,Strømper,1,2,pk.,Netto,https://static.tilbudsugen.dk/1st-retail/2026/4/64393/Netto32026-1_31_1528x386_3679x2442_zoom.jpg,2026-01-17,2026-01-23,https://res.cloudinary.com/dfqzmnlga/image/upload/v1768685384/2026-01-17/10921458.jpg,Stockings,"✨ Twitching with purpose, one knot at a time. 🌟"
10921447,30.0,,Børnetøj,Strømper,1,2,pk.,Netto,https://static.tilbudsugen.dk/1st-retail/2026/4/64393/Netto32026-1_29_2083x4640_4998x6757_zoom.jpg,2026-01-17,2026-01-23,https://res.cloudinary.com/dfqzmnlga/image/upload/v1768685385/2026-01-17/10921447.jpg,Stockings,✨ I'm the ultimate stocking—perfect for keeping things snug and stylish! ✨
10921245,15.0,ØGO,Grønt,Hokkaidogræskar,1,1,stk.,Netto,https://static.tilbudsugen.dk/1st-retail/2026/4/64393/Netto32026-1_4_1669x620_3243x2887_zoom.jpg,2026-01-17,2026-01-23,https://res.cloudinary.com/dfqzmnlga/image/upload/v1768685385/2026-01-17/10921245.jpg,Hokkaido pumpkin,"🎃 Pumpkin-powered vibes, minus the grocery store hassle."
10921244,15.0,ØGO,Frugt,Æbler,1,1,ps.,Netto,https://static.tilbudsugen.dk/1st-retail/2026/4/64393/Netto32026-1_4_63x2864_1669x4745_zoom.jpg,2026-01-17,2026-01-23,https://res.cloudinary.com/dfqzmnlga/image/upload/v1768685385/2026-01-17/10921244.jpg,Apples,"Red, juicy, and always in season — the apple's perfect match! 🍎"
10921230,8.0,La Campagna,Pasta,Suppehorn,1,0,pk.,Netto,https://static.tilbudsugen.dk/1st-retail/2026/4/64393/Netto32026-1_3_2456x5272_3723x6839_zoom.jpg,2026-01-17,2026-01-23,https://res.cloudinary.com/dfqzmnlga/image/upload/v1768685386/2026-01-17/10921230.jpg,Soup horns,"Soup horns: Sip, sizzle, and serve with flair! 🍲"
10921778,25.0,Klorin,Rengøringsmidler,Klor,1,1,fl.,Netto,https://static.tilbudsugen.dk/1st-retail/2026/4/64393/Netto32026-1_23_24x2415_3400x4650_zoom.jpg,2026-01-17,2026-01-23,https://res.cloudinary.com/dfqzmnlga/image/upload/v1768685386/2026-01-17/10921778.jpg,Chlorine,"✨ Disinfecting the chaos, one bleach blast at a time. 🌟"
10921158,5.0,Harvest Best,Grønt,Røde Kidneybønner,1,0,ds.,Netto,https://static.tilbudsugen.dk/1st-retail/2026/4/64393/Netto32026-1_2_55x124_2471x2643_zoom.jpg,2026-01-17,2026-01-23,https://res.cloudinary.com/dfqzmnlga/image/upload/v1768685387/2026-01-17/10921158.jpg,Red Kidney beans,"Red Kidney beans: The spicy heart of any meal, ready to burst with flavor! 🌱"
10921152,5.0,Harvest Best,Grønt,Kikærter,1,0,ds.,Netto,https://static.tilbudsugen.dk/1st-retail/2026/4/64393/Netto32026-1_2_55x124_2471x2643_zoom.jpg,2026-01-17,2026-01-23,https://res.cloudinary.com/dfqzmnlga/image/upload/v1768685387/2026-01-17/10921152.jpg,Chickpeas,"Spicy, versatile, and ready to add flavor to any meal 🌮"
10921287,10.46,ØGO,Koncentreret Saft,Hyldeblomstdrik,1,0,fl.,Netto,https://static.tilbudsugen.dk/1st-retail/2026/4/64393/Netto32026-1_13_0x3483_2442x6893_zoom.jpg,2026-01-17,2026-01-23,https://res.cloudinary.com/dfqzmnlga/image/upload/v1768685388/2026-01-17/10921287.jpg,Golden flower potion,🌼 Golden flower potion – the ultimate flavor of joy and wonder! 🌟
10921128,10.0,Kohberg,Boller & Morgenbrød,Yoghurtboller,1,0,ps.,Netto,https://static.tilbudsugen.dk/1st-retail/2026/4/64393/Netto32026-1_1_2448x3800_4935x6650_zoom.jpg,2026-01-17,2026-01-23,https://res.cloudinary.com/dfqzmnlga/image/upload/v1768685388/2026-01-17/10921128.jpg,Yogurt balls,"Sweeter than a smile, creamy and bold—yogurt balls, ready to conquer your day! 🍯"
10921256,22.0,Premieur,Frugt,Clementiner,1,0,bk.,Netto,https://static.tilbudsugen.dk/1st-retail/2026/4/64393/Netto32026-1_4_3274x2793_4856x4737_zoom.jpg,2026-01-17,2026-01-23,https://res.cloudinary.com/dfqzmnlga/image/upload/v1768685389/2026-01-17/10921256.jpg,Clementines,"Tart and sweet, with a smile that never fades 🍐"
10904424,20.0,Løgismose,Syrnet morgenmad,Naturel Skyr ,1,0,bg.,Netto,https://static.tilbudsugen.dk/1st-retail/2026/2/64322/Netto022026-1_5_58x4898_2458x6853_zoom.jpg,2026-01-02,2026-01-31,https://res.cloudinary.com/dfqzmnlga/image/upload/v1768685389/2026-01-17/10904424.jpg,Natural Skyr,Skyr that's sky-high in flavor and sky-blue in color! 🌌✨
10904425,20.0,Løgismose,Syrnet morgenmad,Vanilje Skyr ,1,0,bg.,Netto,https://static.tilbudsugen.dk/1st-retail/2026/2/64322/Netto022026-1_5_58x4898_2458x6853_zoom.jpg,2026-01-02,2026-01-31,https://res.cloudinary.com/dfqzmnlga/image/upload/v1768685390/2026-01-17/10904425.jpg,Vanilla Skyr,"Sweet, creamy, and slightly tangy — the perfect cup of vanilla skyr to lift any day. 🍵"
10904426,20.0,Løgismose,Syrnet morgenmad,Rabeber & Æble Skyr ,1,0,bg.,Netto,https://static.tilbudsugen.dk/1st-retail/2026/2/64322/Netto022026-1_5_58x4898_2458x6853_zoom.jpg,2026-01-02,2026-01-31,https://res.cloudinary.com/dfqzmnlga/image/upload/v1768685390/2026-01-17/10904426.jpg,Rabeber & Apple Skyr,"Rabeber & Apple Skyr: The perfect blend of sweet and tangy, topped with a sprinkle of joy 🍓✨"
10921130,10.0,Bistronne,Færdigretter Frost,Kyllingenuggets,1,0,ps.,Netto,https://static.tilbudsugen.dk/1st-retail/2026/4/64393/Netto32026-1_1_79x3800_2393x6650_zoom.jpg,2026-01-17,2026-01-23,https://res.cloudinary.com/dfqzmnlga/image/upload/v1768685391/2026-01-17/10921130.jpg,Chicken uggets,"🔥 Chicken uggets, ready to ignite your taste buds and your day! 🥩"
10921135,20.0,Løgismose,Syrnet morgenmad,Vanilje Skyr ,1,0,bg.,Netto,https://static.tilbudsugen.dk/1st-retail/2026/4/64393/Netto32026-1_2_2440x258_4911x2533_zoom.jpg,2026-01-01,2026-01-31,https://res.cloudinary.com/dfqzmnlga/image/upload/v1768685392/2026-01-17/10921135.jpg,Vanilla Skyr,"Lightly sweet, creamy, and perfectly fluffy—like a cloud in a cup. 🌟"
10921136,20.0,Løgismose,Syrnet morgenmad,Rabeber & Æble Skyr ,1,0,bg.,Netto,https://static.tilbudsugen.dk/1st-retail/2026/4/64393/Netto32026-1_2_2440x258_4911x2533_zoom.jpg,2026-01-01,2026-01-31,https://res.cloudinary.com/dfqzmnlga/image/upload/v1768685392/2026-01-17/10921136.jpg,Rabeber & Apple Skyr,"Rabeber & Apple Skyr: The sweet, tangy burst of freshness that makes every bite a celebration of flavor! 🍐✨"
10921132,20.0,Løgismose,Syrnet morgenmad,Naturel Skyr ,1,0,bg.,Netto,https://static.tilbudsugen.dk/1st-retail/2026/4/64393/Netto32026-1_2_2440x258_4911x2533_zoom.jpg,2026-01-01,2026-01-31,https://res.cloudinary.com/dfqzmnlga/image/upload/v1768685393/2026-01-17/10921132.jpg,Natural Skyr,Skyr that's sky-high in flavor and sky-blue in color! 🌌✨
10921129,10.0,Kohberg,Sandwich & Toastbrød,Cafe Sandwich Grov,1,0,ps.,Netto,https://static.tilbudsugen.dk/1st-retail/2026/4/64393/Netto32026-1_1_2448x3800_4935x6650_zoom.jpg,2026-01-17,2026-01-23,https://res.cloudinary.com/dfqzmnlga/image/upload/v1768685393/2026-01-17/10921129.jpg,Cafe Sandwich Grov,Café Sandwich Grov: Satisfy your cravings with a twist—every bite is a mini masterpiece. 🍞
10921362,25.0,Athena,Syrnet morgenmad,Græsk Yoghurt 2%,1,1,bg.,Netto,https://static.tilbudsugen.dk/1st-retail/2026/4/64393/Netto32026-1_9_2440x1903_4959x5091_zoom.jpg,2026-01-17,2026-01-23,https://res.cloudinary.com/dfqzmnlga/image/upload/v1768685393/2026-01-17/10921362.jpg,Greek Yogurt 2%,"Savory, creamy, and slightly tangy—perfect for a morning boost! 🥤"
10921363,25.0,Athena,Syrnet morgenmad,Græsk Yoghurt 10%,1,1,bg.,Netto,https://static.tilbudsugen.dk/1st-retail/2026/4/64393/Netto32026-1_9_2440x1903_4959x5091_zoom.jpg,2026-01-17,2026-01-23,https://res.cloudinary.com/dfqzmnlga/image/upload/v1768685394/2026-01-17/10921363.jpg,Greek Yogurt 10%,"Greek Yogurt 10%: The creamy, tangy twist that makes every bite feel like a celebration. 🍼"
10921361,25.0,Athena,Syrnet morgenmad,Græsk Yoghurt 0%,1,1,bg.,Netto,https://static.tilbudsugen.dk/1st-retail/2026/4/64393/Netto32026-1_9_2440x1903_4959x5091_zoom.jpg,2026-01-17,2026-01-23,https://res.cloudinary.com/dfqzmnlga/image/upload/v1768685394/2026-01-17/10921361.jpg,Greek Yogurt 0%,Slaying the day with a sprinkle of sweetness and a dash of rebellion—Greek Yogurt 0%. 🥤✨
10921386,32.0,Beauvais,Ketchup,Ketchup,1,1,fl.,Netto,https://static.tilbudsugen.dk/1st-retail/2026/4/64393/Netto32026-1_18_3287x4782_4998x6852_zoom.jpg,2026-01-17,2026-01-23,https://res.cloudinary.com/dfqzmnlga/image/upload/v1768685395/2026-01-17/10921386.jpg,Ketchup,"Sauce up the vibes, wherever you are! 🍐"
10921216,10.0,ØGO,Saucer,Pizzasauce,1,0,krt.,Netto,https://static.tilbudsugen.dk/1st-retail/2026/4/64393/Netto32026-1_3_3676x1454_4919x3005_zoom.jpg,2026-01-17,2026-01-23,https://res.cloudinary.com/dfqzmnlga/image/upload/v1768685395/2026-01-17/10921216.jpg,Pizza sauce,"Tasty, fiery, and perfect for any pizza — just a dash of flavor. 🍕"
10921231,10.0,Heinz,"Suppe, Boullion & Fond",Tomatsuppe,1,0,ds.,Netto,https://static.tilbudsugen.dk/1st-retail/2026/4/64393/Netto32026-1_3_1220x5280_2471x6823_zoom.jpg,2026-01-17,2026-01-23,https://res.cloudinary.com/dfqzmnlga/image/upload/v1768685396/2026-01-17/10921231.jpg,Tomato soup,"Sour and satisfying, I'm the perfect companion for any meal—especially when you're feeling down. 🍲"
10921496,79.0,,Lys/lyskæder,LED bloklys,1,3,stk.,Netto,https://static.tilbudsugen.dk/1st-retail/2026/4/64393/Netto32026-1_34_3043x271_4809x2422_zoom.jpg,2026-01-17,2026-01-23,https://res.cloudinary.com/dfqzmnlga/image/upload/v1768685397/2026-01-17/10921496.jpg,LED block lights,✨ Glow up your space with LED block lights! ✨
10921354,24.0,innocent,Juice,"Ananas, jordbær & æblejuice",1,0,fl.,Netto,https://static.tilbudsugen.dk/1st-retail/2026/4/64393/Netto32026-1_9_79x2627_2566x5075_zoom.jpg,2026-01-17,2026-01-23,https://res.cloudinary.com/dfqzmnlga/image/upload/v1768685397/2026-01-17/10921354.jpg,"Pineapples, strawberries & apple juice","Savor the sweet, tangy, and refreshing blend of pineapple, strawberries, and apple juice—nature's tropical delight! 🍎🍓pineapple"
10921356,24.0,innocent,Juice,Appelsinjuice Gulerod,1,0,fl.,Netto,https://static.tilbudsugen.dk/1st-retail/2026/4/64393/Netto32026-1_9_79x2627_2566x5075_zoom.jpg,2026-01-17,2026-01-23,https://res.cloudinary.com/dfqzmnlga/image/upload/v1768685398/2026-01-17/10921356.jpg,Orange juice Carrot,"Citrusy and zesty, I'm the perfect companion to any morning ritual. 🍊🍊"
10921351,24.0,innocent,Juice,Tropisk Juice,1,0,fl.,Netto,https://static.tilbudsugen.dk/1st-retail/2026/4/64393/Netto32026-1_9_79x2627_2566x5075_zoom.jpg,2026-01-17,2026-01-23,https://res.cloudinary.com/dfqzmnlga/image/upload/v1768685398/2026-01-17/10921351.jpg,Tropical Juice,"Sip on the sweet, tropical vibes—refreshing, energizing, and always a little wild. 🍹"
10921353,24.0,innocent,Juice,Æblejuice,1,0,fl.,Netto,https://static.tilbudsugen.dk/1st-retail/2026/4/64393/Netto32026-1_9_79x2627_2566x5075_zoom.jpg,2026-01-17,2026-01-23,https://res.cloudinary.com/dfqzmnlga/image/upload/v1768685399/2026-01-17/10921353.jpg,Apple juice,"Sip, savor, and smile—apple juice is the perfect refreshment! 🍎✨"
10921352,24.0,innocent,Juice,"Æblejuice, Hindbær",1,0,fl.,Netto,https://static.tilbudsugen.dk/1st-retail/2026/4/64393/Netto32026-1_9_79x2627_2566x5075_zoom.jpg,2026-01-17,2026-01-23,https://res.cloudinary.com/dfqzmnlga/image/upload/v1768685399/2026-01-17/10921352.jpg,"Apple juice, Raspberry",Tropical flavor meets tart sweetness — perfect for a refreshing drink! 🍐aspberry
10921355,24.0,innocent,Juice,Appelsinjuice med frugtkød,1,0,fl.,Netto,https://static.tilbudsugen.dk/1st-retail/2026/4/64393/Netto32026-1_9_79x2627_2566x5075_zoom.jpg,2026-01-17,2026-01-23,https://res.cloudinary.com/dfqzmnlga/image/upload/v1768685400/2026-01-17/10921355.jpg,Fruit-flesh orange juice,"Citrusy, zesty, and perfectly balanced—just the way you want it. 🍊"
10921357,24.0,innocent,Juice,"Æblejuice, Druer, Pære & Granatæble",1,0,fl.,Netto,https://static.tilbudsugen.dk/1st-retail/2026/4/64393/Netto32026-1_9_79x2627_2566x5075_zoom.jpg,2026-01-17,2026-01-23,https://res.cloudinary.com/dfqzmnlga/image/upload/v1768685400/2026-01-17/10921357.jpg,"Apple juice, Grapes, Pear & Pomegranate","Juicy mix of flavors, fresh and bold—perfect for a refreshing drink. 🍎🍇 🍐💥"
10921417,25.0,Kilic,Grønt,Belugalinser,1,0,ps.,Netto,https://static.tilbudsugen.dk/1st-retail/2026/4/64393/Netto32026-1_18_2448x2814_4998x4830_zoom.jpg,2026-01-17,2026-01-23,https://res.cloudinary.com/dfqzmnlga/image/upload/v1768685401/2026-01-17/10921417.jpg,Belugalinses,✨ Magical mix of flavors that make every bite a surprise!
10921416,25.0,Kilic,Grønt,Røde linser hele,1,0,ps.,Netto,https://static.tilbudsugen.dk/1st-retail/2026/4/64393/Netto32026-1_18_2448x2814_4998x4830_zoom.jpg,2026-01-17,2026-01-23,https://res.cloudinary.com/dfqzmnlga/image/upload/v1768685402/2026-01-17/10921416.jpg,Red lenses whole,✨ Eye-to-eye adventures with a twist! 🌟
10921432,25.0,Kilic,Pasta,Couscous medium,1,0,ps.,Netto,https://static.tilbudsugen.dk/1st-retail/2026/4/64393/Netto32026-1_18_2448x2814_4998x4830_zoom.jpg,2026-01-17,2026-01-23,https://res.cloudinary.com/dfqzmnlga/image/upload/v1768685403/2026-01-17/10921432.jpg,Couscous medium,"Satisfy your cravings with a sprinkle of flavor—couscous medium, ready to elevate any meal. 🍝✨"
10921385,25.0,Kilic,Grønt,Grønne linser,1,0,ps.,Netto,https://static.tilbudsugen.dk/1st-retail/2026/4/64393/Netto32026-1_18_2448x2814_4998x4830_zoom.jpg,2026-01-17,2026-01-23,https://res.cloudinary.com/dfqzmnlga/image/upload/v1768685404/2026-01-17/10921385.jpg,Green lenses,✨ See the world through a new lens—where every view is a revelation! ✨
10921420,25.0,Kilic,Pasta,Couscous perle,1,0,ps.,Netto,https://static.tilbudsugen.dk/1st-retail/2026/4/64393/Netto32026-1_18_2448x2814_4998x4830_zoom.jpg,2026-01-17,2026-01-23,https://res.cloudinary.com/dfqzmnlga/image/upload/v1768685404/2026-01-17/10921420.jpg,Couscous pearl,"Couscous pearl: The ultimate flavor booster, lifting every dish to new heights with a touch of magic. 🌟"
10921431,25.0,Kilic,Ris,Grov Bulgur,1,0,ps.,Netto,https://static.tilbudsugen.dk/1st-retail/2026/4/64393/Netto32026-1_18_2448x2814_4998x4830_zoom.jpg,2026-01-17,2026-01-23,https://res.cloudinary.com/dfqzmnlga/image/upload/v1768685405/2026-01-17/10921431.jpg,Groovy Bulgur,"Spicy, smoky, and perfect for any meal—just add some life. 🌟"
10921253,59.0,Rose,Færdigretter Frost,Hot Wings,1,2,ps.,Netto,https://static.tilbudsugen.dk/1st-retail/2026/4/64393/Netto32026-1_11_2469x2936_4971x4843_zoom.jpg,2026-01-17,2026-01-23,https://res.cloudinary.com/dfqzmnlga/image/upload/v1768685405/2026-01-17/10921253.jpg,Hot Wings,"Sizzle with flavor, never shy! 🍗"
10921669,10.0,Bombay IPA,Specialøl,Specialøl,1,0,ds.,Netto,https://static.tilbudsugen.dk/1st-retail/2026/4/64393/Netto32026-1_20_102x604_2652x2462_zoom.jpg,2026-01-17,2026-01-23,https://res.cloudinary.com/dfqzmnlga/image/upload/v1768685406/2026-01-17/10921669.jpg,Special beer,"✨ Brewed for the bold, poured for the curious. 🍻"
10921671,10.0,Ravnsborg Rød Ale,Specialøl,Specialøl,1,0,ds.,Netto,https://static.tilbudsugen.dk/1st-retail/2026/4/64393/Netto32026-1_20_102x604_2652x2462_zoom.jpg,2026-01-17,2026-01-23,https://res.cloudinary.com/dfqzmnlga/image/upload/v1768685406/2026-01-17/10921671.jpg,Special beer,"✨ Brewed for the bold, poured for the curious. 🍻"
10921690,16.0,Booster Original Zero,Energi- Sports- & Vitamindrikke,Energidrik,1,0,ds.,Netto,https://static.tilbudsugen.dk/1st-retail/2026/4/64393/Netto32026-1_20_31x4666_2519x6886_zoom.jpg,2026-01-17,2026-01-23,https://res.cloudinary.com/dfqzmnlga/image/upload/v1768685407/2026-01-17/10921690.jpg,Energy Drink,"⚡ Stay charged, stay wild, stay unstoppable! 🌟"
10921724,16.0,Booster Retro Boost,Energi- Sports- & Vitamindrikke,Energidrik,1,0,ds.,Netto,https://static.tilbudsugen.dk/1st-retail/2026/4/64393/Netto32026-1_20_31x4666_2519x6886_zoom.jpg,2026-01-17,2026-01-23,https://res.cloudinary.com/dfqzmnlga/image/upload/v1768685407/2026-01-17/10921724.jpg,Energy Drink,"💥 Supercharged with energy, ready to crush any challenge!"
10921675,16.0,Booster Original,Energi- Sports- & Vitamindrikke,Energidrik,1,0,ds.,Netto,https://static.tilbudsugen.dk/1st-retail/2026/4/64393/Netto32026-1_20_31x4666_2519x6886_zoom.jpg,2026-01-17,2026-01-23,https://res.cloudinary.com/dfqzmnlga/image/upload/v1768685408/2026-01-17/10921675.jpg,Energy Drink,"💥 Stay charged, never bored — I'm the energy that keeps you moving!"
10921349,24.0,innocent,Juice,Juicy Refresher Hindbær & Solbær,1,0,fl.,Netto,https://static.tilbudsugen.dk/1st-retail/2026/4/64393/Netto32026-1_9_79x2627_2566x5075_zoom.jpg,2026-01-17,2026-01-23,https://res.cloudinary.com/dfqzmnlga/image/upload/v1768685408/2026-01-17/10921349.jpg,Juicy Refresher Raspberry & Blackcurrant,"Sip on the sweet, tangy joy of summer with a twist of raspberry and blackcurrant — refresh your taste buds, one delicious bite at a time. 🍓✨"
10921718,16.0,Booster Dreamy Boost Zero,Energi- Sports- & Vitamindrikke,Energidrik,1,0,ds.,Netto,https://static.tilbudsugen.dk/1st-retail/2026/4/64393/Netto32026-1_20_31x4666_2519x6886_zoom.jpg,2026-01-17,2026-01-23,https://res.cloudinary.com/dfqzmnlga/image/upload/v1768685409/2026-01-17/10921718.jpg,Energy Drink,💥 Never gonna let you sleep without a jolt of energy—because life's too short for slow days! 🍀
10921350,24.0,Inner Winner,Juice,Multifrugtjuice,1,0,fl.,Netto,https://static.tilbudsugen.dk/1st-retail/2026/4/64393/Netto32026-1_9_79x2627_2566x5075_zoom.jpg,2026-01-17,2026-01-23,https://res.cloudinary.com/dfqzmnlga/image/upload/v1768685409/2026-01-17/10921350.jpg,Multi fruit juice,"Sip, savor, and shine—multi fruit juice, ready to boost your day! 🍊✨"
10921389,29.0,Graasten,Dressing,Pommes frites sauce,1,0,stk.,Netto,https://static.tilbudsugen.dk/1st-retail/2026/4/64393/Netto32026-1_18_20x4830_1684x6838_zoom.jpg,2026-01-17,2026-01-23,https://res.cloudinary.com/dfqzmnlga/image/upload/v1768685409/2026-01-17/10921389.jpg,Pommes fries sauce,"Sizzling with flavor, I'm the perfect sidekick to any meal—just ask the chef. 🍗"
10921392,29.0,Graasten,Dressing,Hvidløgsdressing,1,0,stk.,Netto,https://static.tilbudsugen.dk/1st-retail/2026/4/64393/Netto32026-1_18_20x4830_1684x6838_zoom.jpg,2026-01-17,2026-01-23,https://res.cloudinary.com/dfqzmnlga/image/upload/v1768685410/2026-01-17/10921392.jpg,Garlic dressing,"🧄 Spicy, zesty, and super sharp—perfect for any salad or dish!"
10921393,29.0,Graasten,Dressing,Burgerdressing,1,0,stk.,Netto,https://static.tilbudsugen.dk/1st-retail/2026/4/64393/Netto32026-1_18_20x4830_1684x6838_zoom.jpg,2026-01-17,2026-01-23,https://res.cloudinary.com/dfqzmnlga/image/upload/v1768685410/2026-01-17/10921393.jpg,Burger dressing,Savor the flavor of a perfect burger—just like you would your favorite date. 🍔✨
10921390,29.0,Graasten,Dressing,Creme Fraiche Dressing,1,0,stk.,Netto,https://static.tilbudsugen.dk/1st-retail/2026/4/64393/Netto32026-1_18_20x4830_1684x6838_zoom.jpg,2026-01-17,2026-01-23,https://res.cloudinary.com/dfqzmnlga/image/upload/v1768685411/2026-01-17/10921390.jpg,Cream Fraiche Dressing,"✨ Savor the creamy, zesty kick of flavor with every bite! ✨"
10921391,29.0,Graasten,Dressing,Thousand Island Dressing,1,0,stk.,Netto,https://static.tilbudsugen.dk/1st-retail/2026/4/64393/Netto32026-1_18_20x4830_1684x6838_zoom.jpg,2026-01-17,2026-01-23,https://res.cloudinary.com/dfqzmnlga/image/upload/v1768685411/2026-01-17/10921391.jpg,Thousand Island Dressing,"✨ Savor the sweet, tangy blend of flavor — perfect for any occasion! ✨"
10921403,12.0,Santa Maria,Mexicansk,Tortillawraps Original,1,0,pk.,Netto,https://static.tilbudsugen.dk/1st-retail/2026/4/64393/Netto32026-1_18_27x135_2523x2787_zoom.jpg,2026-01-17,2026-01-23,https://res.cloudinary.com/dfqzmnlga/image/upload/v1768685413/2026-01-17/10921403.jpg,Tortillawraps Original,"Wrap yourself in flavor, one cheesy bite at a time 🍫"
10921131,10.0,Bistronne,Færdigretter Frost,Kyllingeburger,1,0,ps.,Netto,https://static.tilbudsugen.dk/1st-retail/2026/4/64393/Netto32026-1_1_79x3800_2393x6650_zoom.jpg,2026-01-17,2026-01-23,https://res.cloudinary.com/dfqzmnlga/image/upload/v1768685413/2026-01-17/10921131.jpg,Chicken burger,"Savor the crunch, not the calories — I'm the star of the burger battle! 🍔💥"
10921776,25.0,Klorin,Rengøringsmidler,Rengøringsmiddel,1,0,stk.,Netto,https://static.tilbudsugen.dk/1st-retail/2026/4/64393/Netto32026-1_23_24x2415_3400x4650_zoom.jpg,2026-01-17,2026-01-23,https://res.cloudinary.com/dfqzmnlga/image/upload/v1768685414/2026-01-17/10921776.jpg,Cleaning agent,"✨ Clean vibes, clean vibes, clean vibes! 🧼"
10921773,25.0,Ajax,Rengøringsmidler,Rengøring - universal,1,0,fl.,Netto,https://static.tilbudsugen.dk/1st-retail/2026/4/64393/Netto32026-1_23_24x2415_3400x4650_zoom.jpg,2026-01-17,2026-01-23,https://res.cloudinary.com/dfqzmnlga/image/upload/v1768685415/2026-01-17/10921773.jpg,Cleaning - universal,"✨ Clean up the mess, but never the vibe! ✨"
10921777,25.0,Domestos,Rengøringsmidler,WC-rens,1,0,stk.,Netto,https://static.tilbudsugen.dk/1st-retail/2026/4/64393/Netto32026-1_23_24x2415_3400x4650_zoom.jpg,2026-01-17,2026-01-23,https://res.cloudinary.com/dfqzmnlga/image/upload/v1768685415/2026-01-17/10921777.jpg,WC-cleansing,"Wash, cleanse, and wipe—keeping it all spotless! 🧼"
10921797,69.0,,Opbevaring,Opbevaringskurv,1,2,pk.,Netto,https://static.tilbudsugen.dk/1st-retail/2026/4/64393/Netto32026-1_27_2629x431_4943x2651_zoom.jpg,2026-01-17,2026-01-23,https://res.cloudinary.com/dfqzmnlga/image/upload/v1768685416/2026-01-17/10921797.jpg,Storage Basket,"📦 Treasure your stuff, keep it organized, and let the chaos be your friend! 🛍️"
10921697,69.0,Energy,Energi- Sports- & Vitamindrikke,Energidrik 8 pk.,8,0,ds.,Netto,https://static.tilbudsugen.dk/1st-retail/2026/4/64393/Netto32026-1_20_2416x3769_4848x6807_zoom.jpg,2026-01-01,2026-01-31,https://res.cloudinary.com/dfqzmnlga/image/upload/v1768685417/2026-01-17/10921697.jpg,Energy Drink 8 pk.,"💥 Stay charged, stay sharp, stay unstoppable! 🌟"
10921475,69.0,,Boligtekstiler,Håndklæde,1,2,pk.,Netto,https://static.tilbudsugen.dk/1st-retail/2026/4/64393/Netto32026-1_32_2462x4816_4930x6608_zoom.jpg,2026-01-17,2026-01-23,https://res.cloudinary.com/dfqzmnlga/image/upload/v1768685417/2026-01-17/10921475.jpg,Towel,"Soft and cozy, I wipe away the days and keep the world feeling clean. 🛁"
10904706,69.0,Energy,Energi- Sports- & Vitamindrikke,Energidrik 8 pk.,8,0,ds.,Netto,https://static.tilbudsugen.dk/1st-retail/2026/2/64322/Netto022026-1_22_3233x4815_4973x6886_zoom.jpg,2026-01-02,2026-01-31,https://res.cloudinary.com/dfqzmnlga/image/upload/v1768685418/2026-01-17/10904706.jpg,Energy Drink 8 pk.,"💥 Supercharged with energy, ready to conquer anything!"
10921341,35.0,Free Bakery,Mel & Melblandinger,Mixed Flour,1,1,ps.,Netto,https://static.tilbudsugen.dk/1st-retail/2026/4/64393/Netto32026-1_16_2475x3044_4849x4951_zoom.jpg,2026-01-17,2026-01-23,https://res.cloudinary.com/dfqzmnlga/image/upload/v1768685419/2026-01-17/10921341.jpg,Mixed Fluor,Mixed Fluor: The ultimate flavor enhancer that makes every bite feel like a party! 🌟
10921335,35.0,Free Bakery,Mel & Melblandinger,Mix for Bread,1,1,ps.,Netto,https://static.tilbudsugen.dk/1st-retail/2026/4/64393/Netto32026-1_16_2475x3044_4849x4951_zoom.jpg,2026-01-17,2026-01-23,https://res.cloudinary.com/dfqzmnlga/image/upload/v1768685419/2026-01-17/10921335.jpg,Mix for Bread,Mix for Bread 🍞✨
10921210,16.0,Grovhakket,Postej og Paté,Leverpostej,1,0,pk.,Netto,https://static.tilbudsugen.dk/1st-retail/2026/4/64393/Netto32026-1_10_3253x2888_4998x4830_zoom.jpg,2026-01-17,2026-01-23,https://res.cloudinary.com/dfqzmnlga/image/upload/v1768685420/2026-01-17/10921210.jpg,Liver pie,"Craving a little extra flavor? I'm liver pie—bold, hearty, and ready to satisfy your taste buds! 🍽️"
10921294,17.97,Bell's,Müsli & Granola,Granola Triple Choco,1,0,ps.,Netto,https://static.tilbudsugen.dk/1st-retail/2026/4/64393/Netto32026-1_14_41x3483_2252x6818_zoom.jpg,2026-01-17,2026-01-23,https://res.cloudinary.com/dfqzmnlga/image/upload/v1768685421/2026-01-17/10921294.jpg,Granola Triple Choco,"✨ Crunchy, creamy, and chocolatey — perfect for a quick snack or a sweet escape! ✨"
10921747,109.0,,Californiske vine,Californisk Hvidvin,1,3,krt.,Netto,https://static.tilbudsugen.dk/1st-retail/2026/4/64393/Netto32026-1_21_2361x4768_4959x6855_zoom.jpg,2026-01-17,2026-01-23,https://res.cloudinary.com/dfqzmnlga/image/upload/v1768685422/2026-01-17/10921747.jpg,California White wine,"Sip, savor, and smile—California White wine is the perfect companion to any good time. 🍷"
10921746,109.0,,Californiske vine,Californisk Rødvin,1,3,krt.,Netto,https://static.tilbudsugen.dk/1st-retail/2026/4/64393/Netto32026-1_21_2361x4768_4959x6855_zoom.jpg,2026-01-17,2026-01-23,https://res.cloudinary.com/dfqzmnlga/image/upload/v1768685422/2026-01-17/10921746.jpg,California Red Wine,"Sip, savor, and let the red wine do the talking—because life's too short for boring drinks. 🍷"
10921224,10.0,Næmt,Dej Køl,Tærtedej,1,0,pk.,Netto,https://static.tilbudsugen.dk/1st-retail/2026/4/64393/Netto32026-1_3_2645x3328_3652x4910_zoom.jpg,2026-01-17,2026-01-23,https://res.cloudinary.com/dfqzmnlga/image/upload/v1768685423/2026-01-17/10921224.jpg,Piece of cake,"""Piece of cake—just the right amount of fun and effortless joy. 🍰"""
10921774,25.0,A+,Vaskemiddel,Vaskemiddel-flydende,1,0,stk.,Netto,https://static.tilbudsugen.dk/1st-retail/2026/4/64393/Netto32026-1_23_55x4603_2527x6862_zoom.jpg,2026-01-17,2026-01-23,https://res.cloudinary.com/dfqzmnlga/image/upload/v1768685423/2026-01-17/10921774.jpg,Laundry liquid,"Wash your clothes, but don't worry—my formula is perfect for the job. 🧼"
10921248,15.0,ØGO,Grønt,Tomater,1,0,bk.,Netto,https://static.tilbudsugen.dk/1st-retail/2026/4/64393/Netto32026-1_4_3274x565_4919x2824_zoom.jpg,2026-01-17,2026-01-23,https://res.cloudinary.com/dfqzmnlga/image/upload/v1768685424/2026-01-17/10921248.jpg,Tomatoes,"Red, ripe, and ready to burst—tomatoes are the ultimate flavor booster! 🍅"
10921399,12.0,Santa Maria,Mexicansk,Tortillawraps Original 8 Medium,1,0,pk.,Netto,https://static.tilbudsugen.dk/1st-retail/2026/4/64393/Netto32026-1_18_27x135_2523x2787_zoom.jpg,2026-01-17,2026-01-23,https://res.cloudinary.com/dfqzmnlga/image/upload/v1768685424/2026-01-17/10921399.jpg,Tortillawraps Original 8 Medium,Wrap your day in flavor with a sprinkle of joy 🌟
10921400,12.0,Santa Maria,Mexicansk,Tortillawraps Whole Wheat,1,0,pk.,Netto,https://static.tilbudsugen.dk/1st-retail/2026/4/64393/Netto32026-1_18_27x135_2523x2787_zoom.jpg,2026-01-17,2026-01-23,https://res.cloudinary.com/dfqzmnlga/image/upload/v1768685425/2026-01-17/10921400.jpg,Tortillawraps Whole Wheat,"Wrap yourself in a burst of flavor with every bite, 🥖✨"
10921358,24.0,Kids,Juice,Smoothie,1,0,pk.,Netto,https://static.tilbudsugen.dk/1st-retail/2026/4/64393/Netto32026-1_9_79x2627_2566x5075_zoom.jpg,2026-01-17,2026-01-23,https://res.cloudinary.com/dfqzmnlga/image/upload/v1768685425/2026-01-17/10921358.jpg,Smoothie,"✨ Flavors in a glass, energy in a splash – your daily dose of superpower. 🌟"
10921255,30.0,Premier,Is,Kæmpe Solbær is,1,0,bg.,Netto,https://static.tilbudsugen.dk/1st-retail/2026/4/64393/Netto32026-1_11_27x2800_2442x4843_zoom.jpg,2026-01-17,2026-01-23,https://res.cloudinary.com/dfqzmnlga/image/upload/v1768685426/2026-01-17/10921255.jpg,Giant Blackcurrant ice,"Sour, sweet, and ready to burst—my flavor is a wild, juicy explosion of blackcurrant madness 🍓✨"
10921276,30.0,Premier,Is,Nougat Flødeis,1,0,bg.,Netto,https://static.tilbudsugen.dk/1st-retail/2026/4/64393/Netto32026-1_11_27x2800_2442x4843_zoom.jpg,2026-01-17,2026-01-23,https://res.cloudinary.com/dfqzmnlga/image/upload/v1768685427/2026-01-17/10921276.jpg,Nougat Cream ice cream,Melted dreams in a creamy swirl 🍦
10921278,30.0,Premier,Is,Toms Skildpadde is,1,0,bg.,Netto,https://static.tilbudsugen.dk/1st-retail/2026/4/64393/Netto32026-1_11_27x2800_2442x4843_zoom.jpg,2026-01-17,2026-01-23,https://res.cloudinary.com/dfqzmnlga/image/upload/v1768685427/2026-01-17/10921278.jpg,Tom's Turtle ice,"🌞 Sprinkles of sunshine in every bite, served with a dash of adventure."
10921279,30.0,Premier,Is,Karamel Flødeis,1,0,bg.,Netto,https://static.tilbudsugen.dk/1st-retail/2026/4/64393/Netto32026-1_11_27x2800_2442x4843_zoom.jpg,2026-01-17,2026-01-23,https://res.cloudinary.com/dfqzmnlga/image/upload/v1768685428/2026-01-17/10921279.jpg,Caramel Cream ice cream,"Savoring sweet moments with a sprinkle of caramel and cream, 🍦✨"
10921384,20.0,Pastificio Di Martino,Pasta,Pasta,1,0,ps.,Netto,https://static.tilbudsugen.dk/1st-retail/2026/4/64393/Netto32026-1_18_2442x0_4998x2841_zoom.jpg,2026-01-17,2026-01-23,https://res.cloudinary.com/dfqzmnlga/image/upload/v1768685428/2026-01-17/10921384.jpg,Pasta,"Pasta: The ultimate flavor booster, always in style. 🍝"
10921277,30.0,Premier,Is,Karamelsymfoni,1,0,bg.,Netto,https://static.tilbudsugen.dk/1st-retail/2026/4/64393/Netto32026-1_11_27x2800_2442x4843_zoom.jpg,2026-01-17,2026-01-23,https://res.cloudinary.com/dfqzmnlga/image/upload/v1768685429/2026-01-17/10921277.jpg,Caramel Symphony,✨ Caramel Symphony: Where sweet whispers and bold flavors dance in every bite! 🍫
10921344,18.0,Mammen,Madlavningsost,"Hytteost 1,5%",1,0,bg.,Netto,https://static.tilbudsugen.dk/1st-retail/2026/4/64393/Netto32026-1_8_551x4776_2637x6736_zoom.jpg,2026-01-17,2026-01-23,https://res.cloudinary.com/dfqzmnlga/image/upload/v1768685429/2026-01-17/10921344.jpg,"Cabin cheese 1,5%","✨ Curious cheese with a hint of adventure, always ready to melt into a story. 🥰"
10921311,25.0,,Kylling,Kyllingeunderlår,1,0,pk.,Netto,https://static.tilbudsugen.dk/1st-retail/2026/4/64393/Netto32026-1_6_55x4824_2542x6870_zoom.jpg,2026-01-17,2026-01-23,https://res.cloudinary.com/dfqzmnlga/image/upload/v1768685430/2026-01-17/10921311.jpg,Chicken's thighs,"🔥Sizzling thighs, ready to conquer your taste buds! 🍗"
10921274,6.0,ØGO,Grønt,Majs,1,0,ds.,Netto,https://static.tilbudsugen.dk/1st-retail/2026/4/64393/Netto32026-1_12_162x4830_1711x6791_zoom.jpg,2026-01-17,2026-01-23,https://res.cloudinary.com/dfqzmnlga/image/upload/v1768685430/2026-01-17/10921274.jpg,Maize,"Golden grain, sweet and bold, I'm maize—flavorful, versatile, and always ready to shine. 🌾"
10921262,39.0,Slow Cooked,Færdigretter Køl,Mexican Pork Neck,2,0,pk.,Netto,https://static.tilbudsugen.dk/1st-retail/2026/4/64393/Netto32026-1_11_3192x4775_4951x6866_zoom.jpg,2026-01-17,2026-01-23,https://res.cloudinary.com/dfqzmnlga/image/upload/v1768685430/2026-01-17/10921262.jpg,Mexican Pork Neck,"Savoring the smoky, savory thrill of a Mexican Pork Neck—perfect for a spicy, satisfying meal. 🌮"
10921264,39.0,Slow Cooked,Færdigretter Køl,Pork Neck Soya Sesam,2,0,pk.,Netto,https://static.tilbudsugen.dk/1st-retail/2026/4/64393/Netto32026-1_11_3192x4775_4951x6866_zoom.jpg,2026-01-17,2026-01-23,https://res.cloudinary.com/dfqzmnlga/image/upload/v1768685431/2026-01-17/10921264.jpg,Pork Neck Soya Sesam,"Savory, smoky, and slightly sweet — pork neck soya sesame is the perfect flavor boost for your day. 🍲"
10921263,39.0,Slow Cooked,Færdigretter Køl,Pork N'Pepper,2,0,pk.,Netto,https://static.tilbudsugen.dk/1st-retail/2026/4/64393/Netto32026-1_11_3192x4775_4951x6866_zoom.jpg,2026-01-17,2026-01-23,https://res.cloudinary.com/dfqzmnlga/image/upload/v1768685432/2026-01-17/10921263.jpg,Pork N'Pepper,"Sizzling with flavor, I'm the perfect partner for a spicy night out! 🍳🔥"
10921753,12.0,Hello Sensitive,Babypleje,Babybad,1,0,stk.,Netto,https://static.tilbudsugen.dk/1st-retail/2026/4/64393/Netto32026-1_22_3125x2368_4911x4202_zoom.jpg,2026-01-17,2026-01-23,https://res.cloudinary.com/dfqzmnlga/image/upload/v1768685433/2026-01-17/10921753.jpg,Babybad,Babybad: 🌟 Always here to baby-proof your chaos!
10921748,109.0,,Italienske vine,Italiensk Rødvin,1,2,krt.,Netto,https://static.tilbudsugen.dk/1st-retail/2026/4/64393/Netto32026-1_21_2361x4768_4959x6855_zoom.jpg,2026-01-17,2026-01-23,https://res.cloudinary.com/dfqzmnlga/image/upload/v1768685433/2026-01-17/10921748.jpg,Italian Red Wine,"Ripostando con un bicchiere di vino rossino, io sono il vino che sa di storia e di pace. 🍷"
10921749,109.0,,Italienske vine,Italiensk Hvidvin,1,2,krt.,Netto,https://static.tilbudsugen.dk/1st-retail/2026/4/64393/Netto32026-1_21_2361x4768_4959x6855_zoom.jpg,2026-01-17,2026-01-23,https://res.cloudinary.com/dfqzmnlga/image/upload/v1768685434/2026-01-17/10921749.jpg,Italian White wine,"Sip, savor, and let the flavors tell tales—Italian white wine, always. 🍷"
10921364,16.0,Starbucks,Iste & Iskaffe,Protein Iskaffe,1,0,fl.,Netto,https://static.tilbudsugen.dk/1st-retail/2026/4/64393/Netto32026-1_9_102x5036_2503x6878_zoom.jpg,2026-01-17,2026-01-23,https://res.cloudinary.com/dfqzmnlga/image/upload/v1768685434/2026-01-17/10921364.jpg,Protein Ice coffee,✨ Boost your energy with protein-packed coffee that's as refreshing as it is satisfying!
10921770,85.0,Neutral,Vaskemiddel,Vaskemiddel-flydende,1,1,fl.,Netto,https://static.tilbudsugen.dk/1st-retail/2026/4/64393/Netto32026-1_23_2424x4643_4974x6862_zoom.jpg,2026-01-17,2026-01-23,https://res.cloudinary.com/dfqzmnlga/image/upload/v1768685435/2026-01-17/10921770.jpg,Laundry liquid,"✨ Clean your clothes, but not your life. ✨"
10921308,24.95,Velsmag,Grisekød,Hamburgerryg,1,0,bk.,Netto,https://static.tilbudsugen.dk/1st-retail/2026/4/64393/Netto32026-1_6_2440x2801_4919x4839_zoom.jpg,2026-01-17,2026-01-23,https://res.cloudinary.com/dfqzmnlga/image/upload/v1768685436/2026-01-17/10921308.jpg,Hamburger back,"🔥 Eat, eat, eat — and never stop craving a good burger! 🍔"
10921309,24.95,Velsmag,Grisekød,Nakkefilet,1,0,bk.,Netto,https://static.tilbudsugen.dk/1st-retail/2026/4/64393/Netto32026-1_6_2440x2801_4919x4839_zoom.jpg,2026-01-17,2026-01-23,https://res.cloudinary.com/dfqzmnlga/image/upload/v1768685436/2026-01-17/10921309.jpg,Neck filet,"Slaying the kitchen with a perfect filet, ready to conquer any plate. 🍽️"
10921251,20.0,Næmt,Færdigretter Frost,Pizzasnegle,1,0,ps.,Netto,https://static.tilbudsugen.dk/1st-retail/2026/4/64393/Netto32026-1_11_2442x122_4924x2888_zoom.jpg,2026-01-17,2026-01-23,https://res.cloudinary.com/dfqzmnlga/image/upload/v1768685437/2026-01-17/10921251.jpg,Pizza snails,"Craving a meal that's as delicious as it is quirky? I'm the pizza snails—crunchy, cheesy, and definitely not a regular. 🍕✨"
10921117,10.0,Buko,Specialost,Flødeost Grøn Pikant,1,0,bg.,Netto,https://static.tilbudsugen.dk/1st-retail/2026/4/64393/Netto32026-1_1_2456x1415_4935x3785_zoom.jpg,2026-01-17,2026-01-23,https://res.cloudinary.com/dfqzmnlga/image/upload/v1768685437/2026-01-17/10921117.jpg,Cream cheese Green Picker,"Savory, smooth, and slightly tangy — the perfect companion to any snack or snack bar. 🍫"
10921118,10.0,Buko,Specialost,Flødeost Pikant,1,0,bg.,Netto,https://static.tilbudsugen.dk/1st-retail/2026/4/64393/Netto32026-1_1_2456x1415_4935x3785_zoom.jpg,2026-01-17,2026-01-23,https://res.cloudinary.com/dfqzmnlga/image/upload/v1768685438/2026-01-17/10921118.jpg,Cream cheese Picant,"Savory, creamy, and slightly tangy—perfect for a sunny day with a latte. 🍯"
10921120,10.0,Buko,Specialost,Flødeost Hvidløg,1,0,bg.,Netto,https://static.tilbudsugen.dk/1st-retail/2026/4/64393/Netto32026-1_1_2456x1415_4935x3785_zoom.jpg,2026-01-17,2026-01-23,https://res.cloudinary.com/dfqzmnlga/image/upload/v1768685438/2026-01-17/10921120.jpg,Cream cheese Garlic,"Smooth, savory, and slightly cheesy — the perfect partner to any dish. 🧀✨"
10921206,20.0,Velsmag,Grisekød,Hakket grisekød,1,0,bk.,Netto,https://static.tilbudsugen.dk/1st-retail/2026/4/64393/Netto32026-1_3_1244x1573_2527x3068_zoom.jpg,2026-01-17,2026-01-23,https://res.cloudinary.com/dfqzmnlga/image/upload/v1768685439/2026-01-17/10921206.jpg,Minced pig meat,"🔥 Sizzling spice master, ready to ignite your taste buds with every bite! 🍳"
10921250,20.0,Næmt,Færdigretter Frost,Pølsehorn,1,0,ps.,Netto,https://static.tilbudsugen.dk/1st-retail/2026/4/64393/Netto32026-1_11_2442x122_4924x2888_zoom.jpg,2026-01-17,2026-01-23,https://res.cloudinary.com/dfqzmnlga/image/upload/v1768685439/2026-01-17/10921250.jpg,Sausage horns,🔥Sausage horns: The ultimate snack for any daredevil moment! 🐷
10921316,20.0,Velsmag,Grisekød,Grisekoteletter,1,0,bk.,Netto,https://static.tilbudsugen.dk/1st-retail/2026/4/64393/Netto32026-1_6_47x2840_2519x4831_zoom.jpg,2026-01-17,2026-01-23,https://res.cloudinary.com/dfqzmnlga/image/upload/v1768685440/2026-01-17/10921316.jpg,Pig chops,"Sizzling with flavor, I’m the perfect sidekick to any meal—whether it's a dinner party or a cozy night in. 🍳"
10921119,10.0,Buko,Specialost,Flødeost Naturel,1,0,bg.,Netto,https://static.tilbudsugen.dk/1st-retail/2026/4/64393/Netto32026-1_1_2456x1415_4935x3785_zoom.jpg,2026-01-17,2026-01-23,https://res.cloudinary.com/dfqzmnlga/image/upload/v1768685440/2026-01-17/10921119.jpg,Cream cheese Naturel,"Soft, creamy, and slightly wild — like a smoothie made of joy. 🍯"
10921325,35.0,Danpo,Kylling,Hakket kylling,1,0,bk.,Netto,https://static.tilbudsugen.dk/1st-retail/2026/4/64393/Netto32026-1_6_2503x4666_4911x6886_zoom.jpg,2026-01-17,2026-01-23,https://res.cloudinary.com/dfqzmnlga/image/upload/v1768685441/2026-01-17/10921325.jpg,Chicked chicken,Chicked chicken: The ultimate flavor burst that never gets old 🍗✨
10921326,69.0,De Danske Familiegårde,Kylling,Kylling,1,1,stk.,Netto,https://static.tilbudsugen.dk/1st-retail/2026/4/64393/Netto32026-1_7_244x1667_4896x6862_zoom.jpg,2026-01-17,2026-01-23,https://res.cloudinary.com/dfqzmnlga/image/upload/v1768685442/2026-01-17/10921326.jpg,Chicken,"Sizzling with flavor, I'm the chicken that never gets tired of cooking! 🍗"
10921398,12.0,Santa Maria,Mexicansk,Taco sauce,1,0,gl.,Netto,https://static.tilbudsugen.dk/1st-retail/2026/4/64393/Netto32026-1_18_27x135_2523x2787_zoom.jpg,2026-01-17,2026-01-23,https://res.cloudinary.com/dfqzmnlga/image/upload/v1768685442/2026-01-17/10921398.jpg,Taco sauce,"🔥 Sizzling with flavor, ready to spice up your day! 🌮"
10921397,12.0,Santa Maria,Mexicansk,Chunky Salsa Medium,1,0,gl.,Netto,https://static.tilbudsugen.dk/1st-retail/2026/4/64393/Netto32026-1_18_27x135_2523x2787_zoom.jpg,2026-01-17,2026-01-23,https://res.cloudinary.com/dfqzmnlga/image/upload/v1768685443/2026-01-17/10921397.jpg,Chunky Salsa Medium,"Salsa with a twist—chunky, bold, and ready to spice up your day 🌮"
10921208,16.0,Bacon,Postej og Paté,Leverpostej,1,0,pk.,Netto,https://static.tilbudsugen.dk/1st-retail/2026/4/64393/Netto32026-1_10_3253x2888_4998x4830_zoom.jpg,2026-01-17,2026-01-23,https://res.cloudinary.com/dfqzmnlga/image/upload/v1768685443/2026-01-17/10921208.jpg,Liver pie,Liver pie: The ultimate flavor bomb that turns your day into a feast! 🍽️
10921209,16.0,Fransk,Postej og Paté,Leverpostej,1,0,pk.,Netto,https://static.tilbudsugen.dk/1st-retail/2026/4/64393/Netto32026-1_10_3253x2888_4998x4830_zoom.jpg,2026-01-17,2026-01-23,https://res.cloudinary.com/dfqzmnlga/image/upload/v1768685444/2026-01-17/10921209.jpg,Liver pie,Liver pie: The ultimate flavor bomb that turns your day into a celebration 🍽️
10921284,19.0,ØGO,Dybfrost Brød,Durum Kernestykker,1,0,ps.,Netto,https://static.tilbudsugen.dk/1st-retail/2026/4/64393/Netto32026-1_12_129x2381_2516x4701_zoom.jpg,2026-01-17,2026-01-23,https://res.cloudinary.com/dfqzmnlga/image/upload/v1768685444/2026-01-17/10921284.jpg,Durum Cores,"🔥 Spicy, smoky, and super satisfying — the perfect crunch for any meal! 🍽️"
10921275,19.0,ØGO,Dybfrost Brød,Ølandsstykker,1,0,ps.,Netto,https://static.tilbudsugen.dk/1st-retail/2026/4/64393/Netto32026-1_12_129x2381_2516x4701_zoom.jpg,2026-01-17,2026-01-23,https://res.cloudinary.com/dfqzmnlga/image/upload/v1768685445/2026-01-17/10921275.jpg,Pieces of the island,"A piece of the island, lost in the tide, waiting to be found. 🌊✨"
10921226,14.0,Cheasy,Madlavningsost,Hytteost,1,0,bg.,Netto,https://static.tilbudsugen.dk/1st-retail/2026/4/64393/Netto32026-1_3_1228x3533_2487x4997_zoom.jpg,2026-01-17,2026-01-23,https://res.cloudinary.com/dfqzmnlga/image/upload/v1768685445/2026-01-17/10921226.jpg,Cottage cheese,"Melted into perfect slices, I'm the creamy comfort of a morning breakfast. 🥭"
10921228,14.0,Premieur,Ciabatta & Flutes,Baguettes,1,0,pk.,Netto,https://static.tilbudsugen.dk/1st-retail/2026/4/64393/Netto32026-1_3_3723x5146_4927x6862_zoom.jpg,2026-01-17,2026-01-23,https://res.cloudinary.com/dfqzmnlga/image/upload/v1768685446/2026-01-17/10921228.jpg,Baguettes,"🍞 Baked to perfection, fresh every day, and always ready to take you somewhere delicious. 🥖"
10921196,20.0,Thai Cube,Færdigretter Frost,Panang Curry Chicken,1,0,pk.,Netto,https://static.tilbudsugen.dk/1st-retail/2026/4/64393/Netto32026-1_2_47x2564_2503x4768_zoom.jpg,2026-01-17,2026-01-23,https://res.cloudinary.com/dfqzmnlga/image/upload/v1768685446/2026-01-17/10921196.jpg,Panang Curry Chicken,"🔥 Spicy, savory, and satisfying – panang curry chicken is the ultimate flavor bomb! 🍳"
10921220,10.0,Tjia,Pålægssalat,Hytteostsalat Kylling og Karry,1,0,bg.,Netto,https://static.tilbudsugen.dk/1st-retail/2026/4/64393/Netto32026-1_10_14x2821_1664x4870_zoom.jpg,2026-01-17,2026-01-23,https://res.cloudinary.com/dfqzmnlga/image/upload/v1768685447/2026-01-17/10921220.jpg,Cabin cheese salad Chicken and Curry,"Savoring the crunch of cheese, the warmth of curry, and the joy of a perfect salad—because life's too short for boring meals. 🍲"
10921219,10.0,Tjia,Pålægssalat,Hytteostsalat Laks,1,0,bg.,Netto,https://static.tilbudsugen.dk/1st-retail/2026/4/64393/Netto32026-1_10_14x2821_1664x4870_zoom.jpg,2026-01-17,2026-01-23,https://res.cloudinary.com/dfqzmnlga/image/upload/v1768685448/2026-01-17/10921219.jpg,Cottage cheese salad Salmon,"Savoring the perfect blend of creamy cottage cheese and crispy salmon, topped with a sprinkle of freshness—because a great meal starts with a great bite. 🍣✨"
10921194,20.0,Thai Cube,Færdigretter Frost,Sweet Chili Chicken Teriyaki,1,0,pk.,Netto,https://static.tilbudsugen.dk/1st-retail/2026/4/64393/Netto32026-1_2_47x2564_2503x4768_zoom.jpg,2026-01-17,2026-01-23,https://res.cloudinary.com/dfqzmnlga/image/upload/v1768685448/2026-01-17/10921194.jpg,Sweet Chili Chicken Teriyaki,"Sizzling with flavor, my teriyaki is a flavor explosion that never gets old! 🍛"
10921198,20.0,Indian Cube,Færdigretter Frost,Chicken Tikka Masala,1,0,pk.,Netto,https://static.tilbudsugen.dk/1st-retail/2026/4/64393/Netto32026-1_2_47x2564_2503x4768_zoom.jpg,2026-01-17,2026-01-23,https://res.cloudinary.com/dfqzmnlga/image/upload/v1768685449/2026-01-17/10921198.jpg,Chicken Tikka Masala,"🔥 Spicy, smoky, and soulful — the ultimate chicken tikka masala. 🍗"
10921199,20.0,Indian Cube,Færdigretter Frost,Butter Chicken,1,0,pk.,Netto,https://static.tilbudsugen.dk/1st-retail/2026/4/64393/Netto32026-1_2_47x2564_2503x4768_zoom.jpg,2026-01-17,2026-01-23,https://res.cloudinary.com/dfqzmnlga/image/upload/v1768685449/2026-01-17/10921199.jpg,Butter Chicken,"Savor the flavor of a classic, with a twist of nostalgia and a dash of spice — 🍲"
10921197,20.0,Thai Cube,Færdigretter Frost,Red Curry Chicken,1,0,pk.,Netto,https://static.tilbudsugen.dk/1st-retail/2026/4/64393/Netto32026-1_2_47x2564_2503x4768_zoom.jpg,2026-01-17,2026-01-23,https://res.cloudinary.com/dfqzmnlga/image/upload/v1768685450/2026-01-17/10921197.jpg,Red Curry Chicken,"🔥 Flavors that melt in your mouth, served with a side of joy! 🍳"
10921215,10.0,Tjia,Pålægssalat,Hytteostsalat Tun,1,0,bg.,Netto,https://static.tilbudsugen.dk/1st-retail/2026/4/64393/Netto32026-1_10_14x2821_1664x4870_zoom.jpg,2026-01-17,2026-01-23,https://res.cloudinary.com/dfqzmnlga/image/upload/v1768685451/2026-01-17/10921215.jpg,Cottage cheese salad Tun,"Savory salad of creamy cottage cheese and fresh veggies, topped with a sprinkle of sunshine—just a tiny taste of summer in every bite 🍅"
10921217,10.0,Tjia,Pålægssalat,Hytteostsalat Skinke,1,0,bg.,Netto,https://static.tilbudsugen.dk/1st-retail/2026/4/64393/Netto32026-1_10_14x2821_1664x4870_zoom.jpg,2026-01-17,2026-01-23,https://res.cloudinary.com/dfqzmnlga/image/upload/v1768685451/2026-01-17/10921217.jpg,Cottage cheese salad Ham,"Savory salad of creamy cottage cheese and juicy ham, served with a side of fun. 🥑"
10921218,10.0,Tjia,Pålægssalat,Hytteostsalat Tomater,1,0,bg.,Netto,https://static.tilbudsugen.dk/1st-retail/2026/4/64393/Netto32026-1_10_14x2821_1664x4870_zoom.jpg,2026-01-17,2026-01-23,https://res.cloudinary.com/dfqzmnlga/image/upload/v1768685452/2026-01-17/10921218.jpg,Cabin cheese salad Tomatoes,"Savoring the perfect blend of tangy and creamy, with a dash of sunshine—just like a summer day. 🍅🧀"
10921286,11.99,ØGO,Pålægssalat,Hummus,1,0,bg.,Netto,https://static.tilbudsugen.dk/1st-retail/2026/4/64393/Netto32026-1_13_3010x690_4863x3943_zoom.jpg,2026-01-17,2026-01-23,https://res.cloudinary.com/dfqzmnlga/image/upload/v1768685452/2026-01-17/10921286.jpg,Hummus,"Savor the crunch, one dip at a time 🍬"
10921247,12.0,Carte d'Or,Is,Vanilla Caramel Pecan Dream,1,0,bg.,Netto,https://static.tilbudsugen.dk/1st-retail/2026/4/64393/Netto32026-1_11_0x731_2421x2895_zoom.jpg,2026-01-01,2026-01-31,https://res.cloudinary.com/dfqzmnlga/image/upload/v1768685453/2026-01-17/10921247.jpg,Vanilla Caramel Pecan Dream,✨ Vanilla Caramel Pecan Dream 🍯
10921246,12.0,Carte d'Or,Is,Cookie Crumble Dream,1,0,bg.,Netto,https://static.tilbudsugen.dk/1st-retail/2026/4/64393/Netto32026-1_11_0x731_2421x2895_zoom.jpg,2026-01-01,2026-01-31,https://res.cloudinary.com/dfqzmnlga/image/upload/v1768685453/2026-01-17/10921246.jpg,Cookie Crumble Dream,"✨ A sweet dream of buttery cookies and golden crumble, just waiting to be shared! ✨"
10921339,12.0,Arla Protein,Mellemmåltider,Chocolate Fudge Flavour Mousse,1,0,bg.,Netto,https://static.tilbudsugen.dk/1st-retail/2026/4/64393/Netto32026-1_8_2731x4879_4809x6807_zoom.jpg,2026-01-17,2026-01-23,https://res.cloudinary.com/dfqzmnlga/image/upload/v1768685456/2026-01-17/10921339.jpg,Chocolate Fudge Flavour Mousse,"Sweet, creamy, and irresistible—flakey, melt-in-your-mouth perfection. 🍫✨"
10921340,12.0,Arla Protein,Mellemmåltider,Banoffee Pie Mousse,1,0,bg.,Netto,https://static.tilbudsugen.dk/1st-retail/2026/4/64393/Netto32026-1_8_2731x4879_4809x6807_zoom.jpg,2026-01-17,2026-01-23,https://res.cloudinary.com/dfqzmnlga/image/upload/v1768685458/2026-01-17/10921340.jpg,Banoffee Pie Mousse,"Melted joy in every bite, served with a sprinkle of sweetness and a dash of whimsy 🍰"
10921242,12.0,Carte d'Or,Is,Tiramisu Dream,1,0,bg.,Netto,https://static.tilbudsugen.dk/1st-retail/2026/4/64393/Netto32026-1_11_0x731_2421x2895_zoom.jpg,2026-01-01,2026-01-31,https://res.cloudinary.com/dfqzmnlga/image/upload/v1768685459/2026-01-17/10921242.jpg,Tiramisu Dream,"✨ Sip, savor, and dream of a latte with a touch of cocoa — because life's too short for boring desserts. 🍫"
10921734,45.0,,Californiske vine,Californisk Rødvin,1,0,fl.,Netto,https://static.tilbudsugen.dk/1st-retail/2026/4/64393/Netto32026-1_21_94x156_2605x2399_zoom.jpg,2026-01-17,2026-01-23,https://res.cloudinary.com/dfqzmnlga/image/upload/v1768685459/2026-01-17/10921734.jpg,California Red Wine,"Sip, savor, and let the red wine do the talking—because life's too short for boring drinks. 🍷"
10921736,45.0,,Sydafrikanske vine,Sydafrikansk Hvidvin,1,0,fl.,Netto,https://static.tilbudsugen.dk/1st-retail/2026/4/64393/Netto32026-1_21_94x156_2605x2399_zoom.jpg,2026-01-17,2026-01-23,https://res.cloudinary.com/dfqzmnlga/image/upload/v1768685460/2026-01-17/10921736.jpg,South African White wine,Sip on the taste of South Africa—where every grape tells a story. 🍷
10921737,45.0,,Sydafrikanske vine,Sydafrikansk Rødvin,1,0,fl.,Netto,https://static.tilbudsugen.dk/1st-retail/2026/4/64393/Netto32026-1_21_94x156_2605x2399_zoom.jpg,2026-01-17,2026-01-23,https://res.cloudinary.com/dfqzmnlga/image/upload/v1768685460/2026-01-17/10921737.jpg,South African Red Wine,"Ripred wine, bold and bold, with a twist of spice—served with a side of adventure. 🍷"
10921317,25.0,,Kylling,Kyllingeoverlår,1,0,bk.,Netto,https://static.tilbudsugen.dk/1st-retail/2026/4/64393/Netto32026-1_6_55x4824_2542x6870_zoom.jpg,2026-01-17,2026-01-23,https://res.cloudinary.com/dfqzmnlga/image/upload/v1768685461/2026-01-17/10921317.jpg,Chicken upper thighs,"🔥 Sizzling with flavor, ready to conquer your taste buds! 🍗"
10921252,20.0,Næmt,Færdigretter Frost,Kyllinge Pølsehorn,1,0,ps.,Netto,https://static.tilbudsugen.dk/1st-retail/2026/4/64393/Netto32026-1_11_2442x122_4924x2888_zoom.jpg,2026-01-17,2026-01-23,https://res.cloudinary.com/dfqzmnlga/image/upload/v1768685461/2026-01-17/10921252.jpg,Chicken Sausage Horn,"Sausage-shaped chicken, ready to spark a conversation or two! 🥩"
10921195,20.0,Thai Cube,Færdigretter Frost,Creamy Tom Yom Chicken & Noodles ,1,0,pk.,Netto,https://static.tilbudsugen.dk/1st-retail/2026/4/64393/Netto32026-1_2_47x2564_2503x4768_zoom.jpg,2026-01-17,2026-01-23,https://res.cloudinary.com/dfqzmnlga/image/upload/v1768685462/2026-01-17/10921195.jpg,Creamy Tom Yom Chicken & Noodles,"Satisfy your cravings with a creamy, comforting bowl of Tom Yom Chicken & Noodles—perfect for a quick, delicious escape! 🍜"
10921249,20.0,Næmt,Færdigretter Frost,Mini Focaccia,1,0,ps.,Netto,https://static.tilbudsugen.dk/1st-retail/2026/4/64393/Netto32026-1_11_2442x122_4924x2888_zoom.jpg,2026-01-17,2026-01-23,https://res.cloudinary.com/dfqzmnlga/image/upload/v1768685462/2026-01-17/10921249.jpg,Mini Focaccia,"Soft, golden, and perfect for a quick snack—just the right size to satisfy any craving. 🍞"
10921266,69.0,,Kylling,Kylling,1,1,stk.,Netto,https://static.tilbudsugen.dk/1st-retail/2026/4/64393/Netto32026-1_5_2361x675_4927x2958_zoom.jpg,2026-01-17,2026-01-23,https://res.cloudinary.com/dfqzmnlga/image/upload/v1768685463/2026-01-17/10921266.jpg,Chicken,"I'm the winged warrior of the kitchen, ready to conquer any dish with a juicy, bold flavor. 🍗"
10921381,39.0,Frosties,Cornflakes,Cornflakes,1,0,pk.,Netto,https://static.tilbudsugen.dk/1st-retail/2026/4/64393/Netto32026-1_17_1671x4870_4930x6845_zoom.jpg,2026-01-17,2026-01-23,https://res.cloudinary.com/dfqzmnlga/image/upload/v1768685463/2026-01-17/10921381.jpg,Cornflakes,"Golden flake, golden dream, always ready to sprinkle joy—✨"
10921379,39.0,Smacks,Morgenmadsprodukter,Morgenmadsprodukt,1,0,pk.,Netto,https://static.tilbudsugen.dk/1st-retail/2026/4/64393/Netto32026-1_17_1671x4870_4930x6845_zoom.jpg,2026-01-17,2026-01-23,https://res.cloudinary.com/dfqzmnlga/image/upload/v1768685464/2026-01-17/10921379.jpg,Breakfast product,"✨ Wake up, eat well, and never miss a breakfast moment! ✨"
10921383,39.0,Special K,Morgenmadsprodukter,Morgenmadsprodukt,1,0,pk.,Netto,https://static.tilbudsugen.dk/1st-retail/2026/4/64393/Netto32026-1_17_1671x4870_4930x6845_zoom.jpg,2026-01-17,2026-01-23,https://res.cloudinary.com/dfqzmnlga/image/upload/v1768685464/2026-01-17/10921383.jpg,Breakfast product,"Egg-shaped joy, ready to flip your day! 🥚"
10921382,39.0,Kelloggs,Cornflakes,Cornflakes,1,0,pk.,Netto,https://static.tilbudsugen.dk/1st-retail/2026/4/64393/Netto32026-1_17_1671x4870_4930x6845_zoom.jpg,2026-01-17,2026-01-23,https://res.cloudinary.com/dfqzmnlga/image/upload/v1768685465/2026-01-17/10921382.jpg,Cornflakes,"Sunny day, cornflakes, and a little chaos—just me and the toaster. 🥞"
10921378,39.0,Choco Krispies,Morgenmadsprodukter,Morgenmadsprodukt,1,0,pk.,Netto,https://static.tilbudsugen.dk/1st-retail/2026/4/64393/Netto32026-1_17_1671x4870_4930x6845_zoom.jpg,2026-01-17,2026-01-23,https://res.cloudinary.com/dfqzmnlga/image/upload/v1768685465/2026-01-17/10921378.jpg,Breakfast product,"✨ Wake up, eat well, and never miss a morning rush! ✨"
10921380,39.0,Tresor,Morgenmadsprodukter,Morgenmadsprodukt,1,0,pk.,Netto,https://static.tilbudsugen.dk/1st-retail/2026/4/64393/Netto32026-1_17_1671x4870_4930x6845_zoom.jpg,2026-01-17,2026-01-23,https://res.cloudinary.com/dfqzmnlga/image/upload/v1768685466/2026-01-17/10921380.jpg,Breakfast product,"✨ Wake up, eat well, and never miss a morning ritual! ✨"
10921740,49.0,,Tyske vine,Tysk Rosevin,1,0,fl.,Netto,https://static.tilbudsugen.dk/1st-retail/2026/4/64393/Netto32026-1_21_2401x148_4943x2549_zoom.jpg,2026-01-17,2026-01-23,https://res.cloudinary.com/dfqzmnlga/image/upload/v1768685466/2026-01-17/10921740.jpg,German Rosevin,"German Rosevin: The sweet, floral whisper of a perfect afternoon, with a touch of elegance. 🌸"
10921741,49.0,,Franske vine,Fransk Hvidvin,1,0,fl.,Netto,https://static.tilbudsugen.dk/1st-retail/2026/4/64393/Netto32026-1_21_2401x148_4943x2549_zoom.jpg,2026-01-17,2026-01-23,https://res.cloudinary.com/dfqzmnlga/image/upload/v1768685467/2026-01-17/10921741.jpg,French White wine,"Sip, savor, and let the wine do the talking—each glass a story, each bottle a celebration. 🍷"
10921738,49.0,,Tyske vine,Tysk Hvidvin,1,0,fl.,Netto,https://static.tilbudsugen.dk/1st-retail/2026/4/64393/Netto32026-1_21_2401x148_4943x2549_zoom.jpg,2026-01-17,2026-01-23,https://res.cloudinary.com/dfqzmnlga/image/upload/v1768685468/2026-01-17/10921738.jpg,German White wine,"Sip, savor, and let the taste tell your story—🍷"
10921742,49.0,,Franske vine,Fransk Rødvin,1,0,fl.,Netto,https://static.tilbudsugen.dk/1st-retail/2026/4/64393/Netto32026-1_21_2401x148_4943x2549_zoom.jpg,2026-01-17,2026-01-23,https://res.cloudinary.com/dfqzmnlga/image/upload/v1768685469/2026-01-17/10921742.jpg,French Red Wine,"Sip, savor, and share—my taste is bold, my vibe is bold. 🍷"
10921239,10.0,La Campagna,Postej og Paté,Paté Hvidløg,1,0,stk.,Netto,https://static.tilbudsugen.dk/1st-retail/2026/4/64393/Netto32026-1_10_0x676_3246x2848_zoom.jpg,2026-01-17,2026-01-23,https://res.cloudinary.com/dfqzmnlga/image/upload/v1768685469/2026-01-17/10921239.jpg,Paté Garlic,"Savor the savory thrill of garlic, wrapped in a crispy shell — your taste buds will thank you. 🍴"
10921205,12.0,Royal Arctic,Rejer og andre skaldyr,Rejer,1,0,bg.,Netto,https://static.tilbudsugen.dk/1st-retail/2026/4/64393/Netto32026-1_10_3260x717_4998x2841_zoom.jpg,2026-01-17,2026-01-23,https://res.cloudinary.com/dfqzmnlga/image/upload/v1768685470/2026-01-17/10921205.jpg,Shrimps and prawns,"Craving a delicious feast? I'm the shrimp and prawn star, bringing flavor to every bite! 🐞🍝"
10921370,15.0,ØGO,Knækbrød,Fuldkorn knækbrød,1,0,pk.,Netto,https://static.tilbudsugen.dk/1st-retail/2026/4/64393/Netto32026-1_17_0x1096_2496x2848_zoom.jpg,2026-01-17,2026-01-23,https://res.cloudinary.com/dfqzmnlga/image/upload/v1768685472/2026-01-17/10921370.jpg,Whole grain crisps,"✨ Crunchy, creamy, and full of flavor—whole grain crisps are the ultimate snack that keeps you energized and ready to conquer anything! ✨"
10921283,30.0,Protein Lab,Is,High Protein salty caramel is,1,0,bg.,Netto,https://static.tilbudsugen.dk/1st-retail/2026/4/64393/Netto32026-1_11_27x2800_2442x4843_zoom.jpg,2026-01-17,2026-01-23,https://res.cloudinary.com/dfqzmnlga/image/upload/v1768685472/2026-01-17/10921283.jpg,High Protein Salty Caramel is,🔥 High Protein Salty Caramel — your go-to for energy and flavor! 🍫
10921280,30.0,Protein Lab,Is,High Protein strawberry vanilla is,1,0,bg.,Netto,https://static.tilbudsugen.dk/1st-retail/2026/4/64393/Netto32026-1_11_27x2800_2442x4843_zoom.jpg,2026-01-17,2026-01-23,https://res.cloudinary.com/dfqzmnlga/image/upload/v1768685473/2026-01-17/10921280.jpg,High Protein Strawberry Vanilla is,"Strawberry vanilla protein boost your day with a sweet, savory kick 🍓💪"
10921657,12.0,Lays,Chips,Heinz Tomato Ketchup Chips,1,0,ps.,Netto,https://static.tilbudsugen.dk/1st-retail/2026/4/64393/Netto32026-1_19_63x4666_2542x6870_zoom.jpg,2026-01-17,2026-01-23,https://res.cloudinary.com/dfqzmnlga/image/upload/v1768685473/2026-01-17/10921657.jpg,Heinz Tomato Ketchup Chips,Savor the tangy flavor of summer with a sprinkle of spice—because every bite is a flavor explosion! 🍴✨
10921658,12.0,Lays,Chips,Barbecue Flavour Chips,1,0,ps.,Netto,https://static.tilbudsugen.dk/1st-retail/2026/4/64393/Netto32026-1_19_63x4666_2542x6870_zoom.jpg,2026-01-17,2026-01-23,https://res.cloudinary.com/dfqzmnlga/image/upload/v1768685474/2026-01-17/10921658.jpg,Barbecue Flavour Chips,"🔥 Sizzling with smoky BBQ flavor, these chips are the perfect snack for any occasion! 🍪"
10921659,12.0,Lays,Chips,Saltede Chips,1,0,ps.,Netto,https://static.tilbudsugen.dk/1st-retail/2026/4/64393/Netto32026-1_19_63x4666_2542x6870_zoom.jpg,2026-01-17,2026-01-23,https://res.cloudinary.com/dfqzmnlga/image/upload/v1768685475/2026-01-17/10921659.jpg,Salted Chips,"Crunchy, salty, and ready to elevate any snack game 🍺✨"
10921651,12.0,Doritos,Chips,Sweet Chili Pepper Chips,1,0,ps.,Netto,https://static.tilbudsugen.dk/1st-retail/2026/4/64393/Netto32026-1_19_63x4666_2542x6870_zoom.jpg,2026-01-17,2026-01-23,https://res.cloudinary.com/dfqzmnlga/image/upload/v1768685475/2026-01-17/10921651.jpg,Sweet Chili Pepper Chips,"🔥 Spicy, smoky, and spicy—perfect for a quick snack or a bold twist on a salad! 🌟"
10921654,12.0,Doritos,Chips,Cool American Chips,1,0,ps.,Netto,https://static.tilbudsugen.dk/1st-retail/2026/4/64393/Netto32026-1_19_63x4666_2542x6870_zoom.jpg,2026-01-17,2026-01-23,https://res.cloudinary.com/dfqzmnlga/image/upload/v1768685476/2026-01-17/10921654.jpg,Cool American Chips,"🔥 Crunchy, salty, and totally addictive—just like the perfect afternoon snack! 🍬"
10921259,50.0,Velsmag,Grisekød,Flæsk i skiver,1,0,bk.,Netto,https://static.tilbudsugen.dk/1st-retail/2026/4/64393/Netto32026-1_5_47x2753_2558x4847_zoom.jpg,2026-01-17,2026-01-23,https://res.cloudinary.com/dfqzmnlga/image/upload/v1768685476/2026-01-17/10921259.jpg,Pork in slices,"Slices of pork, ready to grill or slice—perfect for a quick, tasty snack or meal. 🍖"
10921265,50.0,Velsmag,Kalve- og grisekød,Hakket kalv og grisekød 8-12%,1,0,bk.,Netto,https://static.tilbudsugen.dk/1st-retail/2026/4/64393/Netto32026-1_5_47x2753_2558x4847_zoom.jpg,2026-01-17,2026-01-23,https://res.cloudinary.com/dfqzmnlga/image/upload/v1768685477/2026-01-17/10921265.jpg,Minced calf and pig meat 8-12 per cent,"🔥 Sizzling flavor, endless possibilities! 🥢"
10921751,55.0,,New Zealandske vine,New Zealandsk Hvidvin,1,0,fl.,Netto,https://static.tilbudsugen.dk/1st-retail/2026/4/64393/Netto32026-1_21_94x2509_2558x4650_zoom.jpg,2026-01-17,2026-01-23,https://res.cloudinary.com/dfqzmnlga/image/upload/v1768685478/2026-01-17/10921751.jpg,New Zealand White wine,"Sip, savor, and let the world taste your flavor—New Zealand White wine. 🍷"
10921318,55.0,Løgismose,Øvrige vinlande,Rosevin,1,0,fl.,Netto,https://static.tilbudsugen.dk/1st-retail/2026/4/64393/Netto32026-1_15_3260x4775_4849x6838_zoom.jpg,2026-01-17,2026-01-23,https://res.cloudinary.com/dfqzmnlga/image/upload/v1768685478/2026-01-17/10921318.jpg,Rose wine,"Sip, savor, and let the wine do the talking — 🍷"
10921315,55.0,Løgismose,Øvrige vinlande,Hvidvin,1,0,fl.,Netto,https://static.tilbudsugen.dk/1st-retail/2026/4/64393/Netto32026-1_15_3260x4775_4849x6838_zoom.jpg,2026-01-17,2026-01-23,https://res.cloudinary.com/dfqzmnlga/image/upload/v1768685479/2026-01-17/10921315.jpg,White wine,"Sip, savor, and share—white wine is the perfect companion to any good story. 🍷"
10921745,55.0,,Italienske vine,Italiensk Rødvin,1,0,fl.,Netto,https://static.tilbudsugen.dk/1st-retail/2026/4/64393/Netto32026-1_21_94x2509_2558x4650_zoom.jpg,2026-01-17,2026-01-23,https://res.cloudinary.com/dfqzmnlga/image/upload/v1768685479/2026-01-17/10921745.jpg,Italian Red Wine,"Sip, savor, and let the flavors speak — my taste is bold, my vibe is bold. 🍷"
10921319,55.0,Løgismose,Øvrige vinlande,Rødvin,1,0,fl.,Netto,https://static.tilbudsugen.dk/1st-retail/2026/4/64393/Netto32026-1_15_3260x4775_4849x6838_zoom.jpg,2026-01-17,2026-01-23,https://res.cloudinary.com/dfqzmnlga/image/upload/v1768685480/2026-01-17/10921319.jpg,Red wine,"Ripply red, pour it bold—where every sip tells a story. 🍷"
10921656,12.0,Doritos,Chips,Flamin Hot,1,0,ps.,Netto,https://static.tilbudsugen.dk/1st-retail/2026/4/64393/Netto32026-1_19_63x4666_2542x6870_zoom.jpg,2026-01-17,2026-01-23,https://res.cloudinary.com/dfqzmnlga/image/upload/v1768685480/2026-01-17/10921656.jpg,Flaming Hot,"🔥 Spicy, fiery, and unforgettable — the perfect match for a hot day! 🌞"
10921368,25.0,Bell's,Müsli & Granola,Granola,1,0,ps.,Netto,https://static.tilbudsugen.dk/1st-retail/2026/4/64393/Netto32026-1_16_3287x4992_4937x6852_zoom.jpg,2026-01-17,2026-01-23,https://res.cloudinary.com/dfqzmnlga/image/upload/v1768685481/2026-01-17/10921368.jpg,Granola,"✨ Crunchy, sweet, and satisfying — the perfect snack to fuel your day!"
10921369,10.0,Bådsmand,Fisk og skaldyr Køl,Fiskefrikadeller,1,0,bk.,Netto,https://static.tilbudsugen.dk/1st-retail/2026/4/64393/Netto32026-1_16_61x4978_1698x6805_zoom.jpg,2026-01-17,2026-01-23,https://res.cloudinary.com/dfqzmnlga/image/upload/v1768685482/2026-01-17/10921369.jpg,Fish meatballs,"Sizzling with flavor, I'm the perfect partner for a meal that's both satisfying and unforgettable! 🍣"
10904488,55.0,,Kylling,Kyllingebryst,1,0,pk.,Netto,https://static.tilbudsugen.dk/1st-retail/2026/2/64322/Netto022026-1_10_2837x3091_4932x4824_zoom.jpg,2026-01-02,2026-01-31,https://res.cloudinary.com/dfqzmnlga/image/upload/v1768685482/2026-01-17/10904488.jpg,Chicken breast,"Sizzling with flavor, I'm the chicken breast that never misses a chance to shine! 🍗"
10921744,59.0,,New Zealandske vine,New Zealandsk Hvidvin,1,0,fl.,Netto,https://static.tilbudsugen.dk/1st-retail/2026/4/64393/Netto32026-1_21_2361x2533_4998x4776_zoom.jpg,2026-01-17,2026-01-23,https://res.cloudinary.com/dfqzmnlga/image/upload/v1768685483/2026-01-17/10921744.jpg,New Zealand White wine,"Sip the moment, pour the story—New Zealand White wine. 🍷"
10921743,59.0,,Italienske vine,Italiensk Rødvin,1,0,fl.,Netto,https://static.tilbudsugen.dk/1st-retail/2026/4/64393/Netto32026-1_21_2361x2533_4998x4776_zoom.jpg,2026-01-17,2026-01-23,https://res.cloudinary.com/dfqzmnlga/image/upload/v1768685484/2026-01-17/10921743.jpg,Italian Red Wine,"Sip, savor, and let the taste tell tales—🍷✨"
10921211,12.0,Min første,Pålægssalat,Kyllingesalat,1,0,bg.,Netto,https://static.tilbudsugen.dk/1st-retail/2026/4/64393/Netto32026-1_10_1562x2773_3280x4870_zoom.jpg,2026-01-17,2026-01-23,https://res.cloudinary.com/dfqzmnlga/image/upload/v1768685484/2026-01-17/10921211.jpg,Chicken lettuce,"Sizzling with flavor, I'm the ultimate kitchen warrior—chicken lettuce, ready to conquer your taste buds! 🍗🔥"
10921213,12.0,Min første,Pålægssalat,Æggesalat,1,0,bg.,Netto,https://static.tilbudsugen.dk/1st-retail/2026/4/64393/Netto32026-1_10_1562x2773_3280x4870_zoom.jpg,2026-01-17,2026-01-23,https://res.cloudinary.com/dfqzmnlga/image/upload/v1768685484/2026-01-17/10921213.jpg,Egg salad,"Egg salad: the perfect blend of crunch and flavor, ready to elevate any meal. 🥚"
10921388,12.0,Sereno,Snacks/bar,Myslibar,1,0,pk.,Netto,https://static.tilbudsugen.dk/1st-retail/2026/4/64393/Netto32026-1_18_34x2814_2489x4877_zoom.jpg,2026-01-17,2026-01-23,https://res.cloudinary.com/dfqzmnlga/image/upload/v1768685485/2026-01-17/10921388.jpg,Myslibacy,✨ MySlibacy: The ultimate snack that makes your day just a little brighter! 🌟
10921214,12.0,Min første,Pålægssalat,Torskerognsalat,1,0,bg.,Netto,https://static.tilbudsugen.dk/1st-retail/2026/4/64393/Netto32026-1_10_1562x2773_3280x4870_zoom.jpg,2026-01-17,2026-01-23,https://res.cloudinary.com/dfqzmnlga/image/upload/v1768685486/2026-01-17/10921214.jpg,Cod and lettuce,"Cod and lettuce, ready to melt into a perfect meal—fresh, flavorful, and always in season. 🍣 lettuce 🐟"
10921767,20.0,Head&Shoulders,Shampoo,Shampoo,1,0,stk.,Netto,https://static.tilbudsugen.dk/1st-retail/2026/4/64393/Netto32026-1_23_3290x2375_4927x4666_zoom.jpg,2026-01-17,2026-01-23,https://res.cloudinary.com/dfqzmnlga/image/upload/v1768685486/2026-01-17/10921767.jpg,Shampoo,"✨ Shine bright, rinse clean, and never forget your sparkle! ✨"
10921221,25.0,Egelykke,Bacon,Baconskiver,1,0,pk.,Netto,https://static.tilbudsugen.dk/1st-retail/2026/4/64393/Netto32026-1_10_20x4938_1610x6838_zoom.jpg,2026-01-17,2026-01-23,https://res.cloudinary.com/dfqzmnlga/image/upload/v1768685487/2026-01-17/10921221.jpg,Bacon washers,"Sizzling with flavor, I'm the bacon washers—crunchy, ready to roll, and never boring. 🍬"
10921306,50.0,Velsmag,Grisekød,Nakkekoteletter,1,0,bk.,Netto,https://static.tilbudsugen.dk/1st-retail/2026/4/64393/Netto32026-1_5_47x2753_2558x4847_zoom.jpg,2026-01-17,2026-01-23,https://res.cloudinary.com/dfqzmnlga/image/upload/v1768685487/2026-01-17/10921306.jpg,Neck chops,"Savoring the crunch of life, one chop at a time 🍲"
10921752,10.0,ØGO,Babymad,Grød,1,0,stk.,Netto,https://static.tilbudsugen.dk/1st-retail/2026/4/64393/Netto32026-1_22_2519x179_4998x2431_zoom.jpg,2026-01-17,2026-01-23,https://res.cloudinary.com/dfqzmnlga/image/upload/v1768685488/2026-01-17/10921752.jpg,Porridge,"Spoonful of joy, served with a sprinkle of whimsy. 🍞✨"
10921261,17.0,Næmt,Færdigretter Køl,Frikadeller,1,0,bk.,Netto,https://static.tilbudsugen.dk/1st-retail/2026/4/64393/Netto32026-1_11_1643x4830_3213x6893_zoom.jpg,2026-01-17,2026-01-23,https://res.cloudinary.com/dfqzmnlga/image/upload/v1768685488/2026-01-17/10921261.jpg,Meatballs,"Sizzling with flavor, I'm the perfect partner for a delicious meal! 🍳"
10921321,35.0,Danpo,Kylling,Kyllingeinderfileter,1,0,bk.,Netto,https://static.tilbudsugen.dk/1st-retail/2026/4/64393/Netto32026-1_6_2503x4666_4911x6886_zoom.jpg,2026-01-17,2026-01-23,https://res.cloudinary.com/dfqzmnlga/image/upload/v1768685491/2026-01-17/10921321.jpg,Chicken eiderphilets,"Feasting on every chicken egg ever, with a side of whimsy 🍳"
10921312,35.0,Danpo,Kylling,Kyllingebrystfilet,1,0,bk.,Netto,https://static.tilbudsugen.dk/1st-retail/2026/4/64393/Netto32026-1_6_2503x4666_4911x6886_zoom.jpg,2026-01-17,2026-01-23,https://res.cloudinary.com/dfqzmnlga/image/upload/v1768685492/2026-01-17/10921312.jpg,Chicken breast fillet,"Sizzling with flavor, ready to conquer any dish! 🍗"
10921301,15.0,Løgismose,Specialost,Rygeost,1,0,pk.,Netto,https://static.tilbudsugen.dk/1st-retail/2026/4/64393/Netto32026-1_15_122x2726_1684x4748_zoom.jpg,2026-01-17,2026-01-23,https://res.cloudinary.com/dfqzmnlga/image/upload/v1768685492/2026-01-17/10921301.jpg,Smoking cheese,"🔥 Charred and cheesy, I'm the kind of snack that makes your mouth water with a little fire."
10921635,14.0,Oreo,Kiks,Oreo Double Creme Kiks,1,0,pk.,Netto,https://static.tilbudsugen.dk/1st-retail/2026/4/64393/Netto32026-1_19_31x2604_2471x4682_zoom.jpg,2026-01-17,2026-01-23,https://res.cloudinary.com/dfqzmnlga/image/upload/v1768685494/2026-01-17/10921635.jpg,Oreo Double Cream Biscuits,"✨ Crispy, creamy, and delicious—perfect for a snack or a treat! 🍪"
10921359,18.0,Lurpak,Fedtstoffer,Smør,1,0,pk.,Netto,https://static.tilbudsugen.dk/1st-retail/2026/4/64393/Netto32026-1_9_2456x5036_4904x6839_zoom.jpg,2026-01-17,2026-01-23,https://res.cloudinary.com/dfqzmnlga/image/upload/v1768685494/2026-01-17/10921359.jpg,Butter,"Soft, creamy, and perfect for spreading on bread — just like me. 🧀"
10921360,18.0,Lurpak,Fedtstoffer,Smørbar,1,0,bg.,Netto,https://static.tilbudsugen.dk/1st-retail/2026/4/64393/Netto32026-1_9_2456x5036_4904x6839_zoom.jpg,2026-01-17,2026-01-23,https://res.cloudinary.com/dfqzmnlga/image/upload/v1768685495/2026-01-17/10921360.jpg,Butterable,✨ Spread buttery joy with every bite!
10921645,45.0,I Like Mix,Slik,Slikposer,1,0,ps.,Netto,https://static.tilbudsugen.dk/1st-retail/2026/4/64393/Netto32026-1_19_2338x4587_4998x6878_zoom.jpg,2026-01-17,2026-01-23,https://res.cloudinary.com/dfqzmnlga/image/upload/v1768685495/2026-01-17/10921645.jpg,Candy bags,"Candy bags, always ready for a sweet surprise 🍬"
10921648,45.0,Matador Mix,Slik,Slikposer,1,0,ps.,Netto,https://static.tilbudsugen.dk/1st-retail/2026/4/64393/Netto32026-1_19_2338x4587_4998x6878_zoom.jpg,2026-01-17,2026-01-23,https://res.cloudinary.com/dfqzmnlga/image/upload/v1768685496/2026-01-17/10921648.jpg,Candy bags,"Sip, snort, and share—my candy bags are ready to explode with joy! 🍬✨"
10921649,45.0,Stjernemix,Slik,Slikposer,1,0,ps.,Netto,https://static.tilbudsugen.dk/1st-retail/2026/4/64393/Netto32026-1_19_2338x4587_4998x6878_zoom.jpg,2026-01-17,2026-01-23,https://res.cloudinary.com/dfqzmnlga/image/upload/v1768685496/2026-01-17/10921649.jpg,Candy bags,✨ Candy bag enthusiast with a sweet tooth and a knack for spreading joy! 🍬
10921636,15.0,Pringles,Chips,Texas BBQ Sauce Chips,1,0,ds.,Netto,https://static.tilbudsugen.dk/1st-retail/2026/4/64393/Netto32026-1_19_2519x2470_4848x4643_zoom.jpg,2026-01-17,2026-01-23,https://res.cloudinary.com/dfqzmnlga/image/upload/v1768685497/2026-01-17/10921636.jpg,Texas BBQ Sauce Chips,"🔥 Sizzling with smoky Texas flavor, these chips are the perfect snack for any occasion! 🍺"
10921640,15.0,Pringles,Chips,Original Chips,1,0,ds.,Netto,https://static.tilbudsugen.dk/1st-retail/2026/4/64393/Netto32026-1_19_2519x2470_4848x4643_zoom.jpg,2026-01-17,2026-01-23,https://res.cloudinary.com/dfqzmnlga/image/upload/v1768685497/2026-01-17/10921640.jpg,Original Chips,"✨ Crispy, cheesy, and ready to conquer your taste buds! 🍬"
10921641,15.0,Pringles,Chips,Sour Cream & Onion Chips,1,0,ds.,Netto,https://static.tilbudsugen.dk/1st-retail/2026/4/64393/Netto32026-1_19_2519x2470_4848x4643_zoom.jpg,2026-01-17,2026-01-23,https://res.cloudinary.com/dfqzmnlga/image/upload/v1768685498/2026-01-17/10921641.jpg,Sour Cream & Onion Chips,Sour Cream & Onion Chips — the ultimate snack that makes every bite a flavor explosion! 🍫✨
10921642,15.0,Pringles,Chips,Salt & Vinegar Chips,1,0,ds.,Netto,https://static.tilbudsugen.dk/1st-retail/2026/4/64393/Netto32026-1_19_2519x2470_4848x4643_zoom.jpg,2026-01-17,2026-01-23,https://res.cloudinary.com/dfqzmnlga/image/upload/v1768685500/2026-01-17/10921642.jpg,Salt & Vinegar Chips,"Crunchy, salty, and slightly sour—perfect for a quick snack or a bold statement. 🍬"
10921639,15.0,Pringles,Chips,Cheese & Onion Chips,1,0,ds.,Netto,https://static.tilbudsugen.dk/1st-retail/2026/4/64393/Netto32026-1_19_2519x2470_4848x4643_zoom.jpg,2026-01-17,2026-01-23,https://res.cloudinary.com/dfqzmnlga/image/upload/v1768685500/2026-01-17/10921639.jpg,Cheese & Onion Chips,"Crunchy, cheesy, and onion-laced—perfect for a midnight snack! 🍬🍿"
10921634,14.0,Oreo,Kiks,Oreo Original Kiks,1,0,pk.,Netto,https://static.tilbudsugen.dk/1st-retail/2026/4/64393/Netto32026-1_19_31x2604_2471x4682_zoom.jpg,2026-01-17,2026-01-23,https://res.cloudinary.com/dfqzmnlga/image/upload/v1768685501/2026-01-17/10921634.jpg,Oreo Original Biscuits,"Crunchy, buttery, and ready to roll — the ultimate snack that makes every day a little sweeter. 🍪"
10921633,14.0,Oreo,Kiks,Oreo Golden Kiks,1,0,pk.,Netto,https://static.tilbudsugen.dk/1st-retail/2026/4/64393/Netto32026-1_19_31x2604_2471x4682_zoom.jpg,2026-01-17,2026-01-23,https://res.cloudinary.com/dfqzmnlga/image/upload/v1768685502/2026-01-17/10921633.jpg,Oreo Golden Biscuits,"Golden Biscuit with a twist, ready to sprinkle joy on any snack day! 🍪"
10921629,14.0,Oreo,Kiks,Oreo Chocò Brownie Kiks,1,0,pk.,Netto,https://static.tilbudsugen.dk/1st-retail/2026/4/64393/Netto32026-1_19_31x2604_2471x4682_zoom.jpg,2026-01-17,2026-01-23,https://res.cloudinary.com/dfqzmnlga/image/upload/v1768685502/2026-01-17/10921629.jpg,Oreo Chocò Brownie Kiks,"✨ Chocolate conqueror, cookie enthusiast, and snack savant in one irresistible bite! 🍫"
10921372,69.0,Piccardo,Olier,Olivenolie,1,0,fl.,Netto,https://static.tilbudsugen.dk/1st-retail/2026/4/64393/Netto32026-1_17_0x4830_1691x6852_zoom.jpg,2026-01-17,2026-01-23,https://res.cloudinary.com/dfqzmnlga/image/upload/v1768685503/2026-01-17/10921372.jpg,Olive oil,"Pouring passion into every drop, 🍵"
10921334,30.0,Andoni,Pizza Frost,Salami Pizza,1,0,stk.,Netto,https://static.tilbudsugen.dk/1st-retail/2026/4/64393/Netto32026-1_16_41x2949_2496x5046_zoom.jpg,2026-01-17,2026-01-23,https://res.cloudinary.com/dfqzmnlga/image/upload/v1768685503/2026-01-17/10921334.jpg,Salami Pizza,"Slice of chaos, bite of rebellion — Salami Pizza. 🍴"
10921300,19.0,Løgismose,Saucer,Mornaysauce,1,0,bg.,Netto,https://static.tilbudsugen.dk/1st-retail/2026/4/64393/Netto32026-1_15_3260x2881_4822x4762_zoom.jpg,2026-01-17,2026-01-23,https://res.cloudinary.com/dfqzmnlga/image/upload/v1768685504/2026-01-17/10921300.jpg,Mornay sauce,"✨ Whisked with cheese and love, I bring flavor to every bite! ✨"
10921299,19.0,Løgismose,Saucer,Bearnaisesauce,1,0,bg.,Netto,https://static.tilbudsugen.dk/1st-retail/2026/4/64393/Netto32026-1_15_3260x2881_4822x4762_zoom.jpg,2026-01-17,2026-01-23,https://res.cloudinary.com/dfqzmnlga/image/upload/v1768685505/2026-01-17/10921299.jpg,Bearnaise sauce,"🔥 A fiery blend of bold flavors and bold bravado, perfect for any occasion! 🍴"
10921650,45.0,Click Mix,Slik,Slikposer,1,0,ps.,Netto,https://static.tilbudsugen.dk/1st-retail/2026/4/64393/Netto32026-1_19_2338x4587_4998x6878_zoom.jpg,2026-01-17,2026-01-23,https://res.cloudinary.com/dfqzmnlga/image/upload/v1768685505/2026-01-17/10921650.jpg,Candy bags,✨ Treat yourself to a sweet escape with every bite! 🍬
10921338,69.0,Mammen,Skæreost,Skæreost,1,0,stk.,Netto,https://static.tilbudsugen.dk/1st-retail/2026/4/64393/Netto32026-1_8_2613x2832_4990x4698_zoom.jpg,2026-01-17,2026-01-23,https://res.cloudinary.com/dfqzmnlga/image/upload/v1768685506/2026-01-17/10921338.jpg,Cut-cheese,"Slice of mischief, whispering secrets with every bite. 🍃"
10921655,12.0,Bugles,Snacks,Bugles nacho cheese,1,0,ps.,Netto,https://static.tilbudsugen.dk/1st-retail/2026/4/64393/Netto32026-1_19_63x4666_2542x6870_zoom.jpg,2026-01-17,2026-01-23,https://res.cloudinary.com/dfqzmnlga/image/upload/v1768685506/2026-01-17/10921655.jpg,Bugles nacho cheese,🎵🍔✨ Bugles nacho cheese – the ultimate snack that turns your day into a musical performance! 🎵
10921305,20.0,Løgismose,Pålægssalat,Hummus citron spidskommen,1,0,bg.,Netto,https://static.tilbudsugen.dk/1st-retail/2026/4/64393/Netto32026-1_15_108x4755_1691x6751_zoom.jpg,2026-01-17,2026-01-23,https://res.cloudinary.com/dfqzmnlga/image/upload/v1768685507/2026-01-17/10921305.jpg,Hummus lemon cumin,"A tangy, zesty burst of flavor that makes every bite feel like a picnic in the sun 🍋"
10921123,10.0,Minimum,"Pålæg, skiveskåret",Burgunderskinke,1,0,pk.,Netto,https://static.tilbudsugen.dk/1st-retail/2026/4/64393/Netto32026-1_1_55x1415_2550x3792_zoom.jpg,2026-01-17,2026-01-23,https://res.cloudinary.com/dfqzmnlga/image/upload/v1768685507/2026-01-17/10921123.jpg,Burgundy ham,"Savoring the perfect bite, one slice at a time. 🍴"
10921121,10.0,Minimum,"Pålæg, skiveskåret",Kyllingebryst,1,0,pk.,Netto,https://static.tilbudsugen.dk/1st-retail/2026/4/64393/Netto32026-1_1_55x1415_2550x3792_zoom.jpg,2026-01-17,2026-01-23,https://res.cloudinary.com/dfqzmnlga/image/upload/v1768685510/2026-01-17/10921121.jpg,Chicken breast,"Sizzling with flavor, ready to conquer your taste buds! 🍗"
10921124,10.0,Minimum,"Pålæg, skiveskåret",Honningskinke,1,0,pk.,Netto,https://static.tilbudsugen.dk/1st-retail/2026/4/64393/Netto32026-1_1_55x1415_2550x3792_zoom.jpg,2026-01-17,2026-01-23,https://res.cloudinary.com/dfqzmnlga/image/upload/v1768685510/2026-01-17/10921124.jpg,Honey ham,"Sweet, sticky, and slightly smoky — the perfect companion to any afternoon snack. 🍯"
10921200,20.0,Kitchen Joy,Færdigretter Frost,Gyoza med Teriyaki,1,0,pk.,Netto,https://static.tilbudsugen.dk/1st-retail/2026/4/64393/Netto32026-1_2_47x2564_2503x4768_zoom.jpg,2026-01-17,2026-01-23,https://res.cloudinary.com/dfqzmnlga/image/upload/v1768685511/2026-01-17/10921200.jpg,Gyoza with Teriyaki,Sizzling teriyaki gyoza with a side of flavor — ready to spice up your meal! 🍳🔥
10921235,10.0,La Campagna,"Pålæg, skiveskåret",Schwarzwaldskinke,1,0,pk.,Netto,https://static.tilbudsugen.dk/1st-retail/2026/4/64393/Netto32026-1_10_0x676_3246x2848_zoom.jpg,2026-01-17,2026-01-23,https://res.cloudinary.com/dfqzmnlga/image/upload/v1768685511/2026-01-17/10921235.jpg,Schwarzwald ham,"Smoky, savory, and slightly sweet — the perfect companion for a cold winter night 🍴"
10921122,10.0,Minimum,"Pålæg, skiveskåret",Kyllingebryst Krydderurter,1,0,pk.,Netto,https://static.tilbudsugen.dk/1st-retail/2026/4/64393/Netto32026-1_1_55x1415_2550x3792_zoom.jpg,2026-01-17,2026-01-23,https://res.cloudinary.com/dfqzmnlga/image/upload/v1768685512/2026-01-17/10921122.jpg,Chicken breast Herbs,"Sizzling with flavor, ready to conquer your taste buds! 🍗"
10921125,10.0,Minimum,"Pålæg, skiveskåret",Kylling Silkeskåret,1,0,pk.,Netto,https://static.tilbudsugen.dk/1st-retail/2026/4/64393/Netto32026-1_1_55x1415_2550x3792_zoom.jpg,2026-01-17,2026-01-23,https://res.cloudinary.com/dfqzmnlga/image/upload/v1768685513/2026-01-17/10921125.jpg,Chicken Silk Carved,Savor the crunch of a perfect carve — and the thrill of the hunt. 🍗
10921750,75.0,ISH,Mousserende,Mousserende Vin,1,0,fl.,Netto,https://static.tilbudsugen.dk/1st-retail/2026/4/64393/Netto32026-1_21_110x4643_2495x6855_zoom.jpg,2026-01-17,2026-01-23,https://res.cloudinary.com/dfqzmnlga/image/upload/v1768685513/2026-01-17/10921750.jpg,Sparkling Wine,✨ Sparkling wine that turns every sip into a sparkling adventure! 🍷
10921269,35.0,Burger Boost,Oksekød,Hakkebøffer,1,0,bk.,Netto,https://static.tilbudsugen.dk/1st-retail/2026/4/64393/Netto32026-1_5_2676x4761_4904x6855_zoom.jpg,2026-01-17,2026-01-23,https://res.cloudinary.com/dfqzmnlga/image/upload/v1768685514/2026-01-17/10921269.jpg,Chick steaks,"🔥 Sizzling with flavor, ready to conquer any plate! 🍳"
10921365,12.0,Oxford,Riskiks,Corn Cakes Sour Cream & Onion,1,0,pk.,Netto,https://static.tilbudsugen.dk/1st-retail/2026/4/64393/Netto32026-1_16_20x994_2442x3003_zoom.jpg,2026-01-17,2026-01-23,https://res.cloudinary.com/dfqzmnlga/image/upload/v1768685515/2026-01-17/10921365.jpg,Corn Cakes Sour Cream & Onion,"Sour cream and onion, served with a side of fun and a sprinkle of joy 🍽️"
10921366,12.0,Oxford,Riskiks,Corn Cakes Cheese,1,0,pk.,Netto,https://static.tilbudsugen.dk/1st-retail/2026/4/64393/Netto32026-1_16_20x994_2442x3003_zoom.jpg,2026-01-17,2026-01-23,https://res.cloudinary.com/dfqzmnlga/image/upload/v1768685515/2026-01-17/10921366.jpg,Corn Cakes Cheese,Corn Cakes Cheese 🍞✨
10921367,12.0,Oxford,Riskiks,Corn Cakes Paprika,1,0,pk.,Netto,https://static.tilbudsugen.dk/1st-retail/2026/4/64393/Netto32026-1_16_20x994_2442x3003_zoom.jpg,2026-01-17,2026-01-23,https://res.cloudinary.com/dfqzmnlga/image/upload/v1768685515/2026-01-17/10921367.jpg,Corn Cakes Paprika,"Golden fluff with a kick, perfect for a quick snack or a bold statement—just ask me what I’m doing. 🌟"
10921307,69.0,Velsmag,Oksekød,Hakket oksekød 8-12%,1,0,bk.,Netto,https://static.tilbudsugen.dk/1st-retail/2026/4/64393/Netto32026-1_6_63x53_2527x2328_zoom.jpg,2026-01-17,2026-01-23,https://res.cloudinary.com/dfqzmnlga/image/upload/v1768685517/2026-01-17/10921307.jpg,Minced beef 8-12 per cent,"🔥 Whisked with flavor, it's the perfect kick to any meal! 🍗"
10921260,17.0,Naturli',Færdigretter Køl,ÆBajcon Men Sandwich,1,0,pk.,Netto,https://static.tilbudsugen.dk/1st-retail/2026/4/64393/Netto32026-1_11_0x4796_1684x6866_zoom.jpg,2026-01-17,2026-01-23,https://res.cloudinary.com/dfqzmnlga/image/upload/v1768685517/2026-01-17/10921260.jpg,ABajcon But Sandwich,Bite-sized bliss with a twist—your favorite snack meets a bold flavor explosion! 🍞
10921257,17.0,Naturli',Færdigretter Køl,Kebab´ish Sandwich,1,0,pk.,Netto,https://static.tilbudsugen.dk/1st-retail/2026/4/64393/Netto32026-1_11_0x4796_1684x6866_zoom.jpg,2026-01-17,2026-01-23,https://res.cloudinary.com/dfqzmnlga/image/upload/v1768685518/2026-01-17/10921257.jpg,Kebab ^ish Sandwich,"Served with a side of sass and a sprinkle of spice, this kebab ^ish sandwich is the ultimate combo of crunch and chaos. 🍔✨"
10921324,25.0,Hookies,Kiks,Kiks,1,0,pk.,Netto,https://static.tilbudsugen.dk/1st-retail/2026/4/64393/Netto32026-1_16_2421x852_4998x2976_zoom.jpg,2026-01-17,2026-01-23,https://res.cloudinary.com/dfqzmnlga/image/upload/v1768685519/2026-01-17/10921324.jpg,Biscuits,"Crunchy, cheerful, and always ready for a good time — just wait for me to pop up! 🍞"
10921331,25.0,Gullon,Kiks,Sandwich Chocolate Kiks,1,0,pk.,Netto,https://static.tilbudsugen.dk/1st-retail/2026/4/64393/Netto32026-1_16_2421x852_4998x2976_zoom.jpg,2026-01-17,2026-01-23,https://res.cloudinary.com/dfqzmnlga/image/upload/v1768685519/2026-01-17/10921331.jpg,Sandwich Chocolate Biscuits,"Craving a sweet escape? I'm the sandwich chocolate biscuits—crunchy, creamy, and ready to satisfy your cravings. 🍫"
10921371,45.0,Blanding 66,Kaffe,Kaffe Formalet,1,0,ps.,Netto,https://static.tilbudsugen.dk/1st-retail/2026/4/64393/Netto32026-1_17_0x2827_1731x4884_zoom.jpg,2026-01-17,2026-01-23,https://res.cloudinary.com/dfqzmnlga/image/upload/v1768685520/2026-01-17/10921371.jpg,Coffee Painted,"☕️ Painted with coffee, I'm a flavor twist that turns ordinary into extraordinary."
10921328,25.0,Gullon,Kiks,Havrekiks med Choko Chips,1,0,pk.,Netto,https://static.tilbudsugen.dk/1st-retail/2026/4/64393/Netto32026-1_16_2421x852_4998x2976_zoom.jpg,2026-01-17,2026-01-23,https://res.cloudinary.com/dfqzmnlga/image/upload/v1768685521/2026-01-17/10921328.jpg,Oat biscuits with Choko Chips,"Crunchy, sweet, and choco-chip happy — just the way life should be. 🍞✨"
10921333,15.0,Bakersfield,Dybfrost Brød,Chia/kartoffel stykker,1,0,ps.,Netto,https://static.tilbudsugen.dk/1st-retail/2026/4/64393/Netto32026-1_16_1643x5005_3307x6845_zoom.jpg,2026-01-17,2026-01-23,https://res.cloudinary.com/dfqzmnlga/image/upload/v1768685521/2026-01-17/10921333.jpg,Chia/potato pieces,"Chia/potato pieces: Nature's perfect snack, blending earthy flavor with a touch of whimsy. 🌱✨"
10921227,49.0,Glyngøre,Konserves,Tun i olie,1,0,pk.,Netto,https://static.tilbudsugen.dk/1st-retail/2026/4/64393/Netto32026-1_10_3267x4816_4890x6845_zoom.jpg,2026-01-17,2026-01-23,https://res.cloudinary.com/dfqzmnlga/image/upload/v1768685522/2026-01-17/10921227.jpg,Tunas in oil,"🔥 Sizzling in oil, ready to spark a flavor explosion! 🍳"
10921225,49.0,Glyngøre,Konserves,Tun i vand,1,0,pk.,Netto,https://static.tilbudsugen.dk/1st-retail/2026/4/64393/Netto32026-1_10_3267x4816_4890x6845_zoom.jpg,2026-01-17,2026-01-23,https://res.cloudinary.com/dfqzmnlga/image/upload/v1768685523/2026-01-17/10921225.jpg,Tunas in water,🌊 Snack-sized ocean adventures in a bottle!
10921374,59.0,Blanding 72,Kaffe,Kaffe Formalet,1,0,ps.,Netto,https://static.tilbudsugen.dk/1st-retail/2026/4/64393/Netto32026-1_17_1643x2834_4971x4870_zoom.jpg,2026-01-17,2026-01-23,https://res.cloudinary.com/dfqzmnlga/image/upload/v1768685523/2026-01-17/10921374.jpg,Coffee Painted,"☕️ Painted with coffee, I'm the ultimate mood booster—perfect for any day."
10921296,18.0,Løgismose,Madlavningsost,Salatost,1,0,stk.,Netto,https://static.tilbudsugen.dk/1st-retail/2026/4/64393/Netto32026-1_15_1677x2929_3273x4742_zoom.jpg,2026-01-17,2026-01-23,https://res.cloudinary.com/dfqzmnlga/image/upload/v1768685524/2026-01-17/10921296.jpg,Salad cheese,Savory snack that's as refreshing as it is creamy — perfect for any salad! 🥗✨
10921330,24.0,Klovborg,Skiveost,Skiveost Danbo Mellemlagret,1,0,pk.,Netto,https://static.tilbudsugen.dk/1st-retail/2026/4/64393/Netto32026-1_8_1614x833_3259x2919_zoom.jpg,2026-01-17,2026-01-23,https://res.cloudinary.com/dfqzmnlga/image/upload/v1768685524/2026-01-17/10921330.jpg,Skiveost Danbo Intermediate stock,Skiveost Danbo Intermediate stock: The ultimate flavor booster for any snack time! 🍬
10921343,24.0,Cheasy,Skiveost,Skiveost 13% mild,1,0,pk.,Netto,https://static.tilbudsugen.dk/1st-retail/2026/4/64393/Netto32026-1_8_24x2761_2637x4753_zoom.jpg,2026-01-17,2026-01-23,https://res.cloudinary.com/dfqzmnlga/image/upload/v1768685525/2026-01-17/10921343.jpg,Skive cheese 13% mild,"Slightly shy but perfectly sharp, like a cheese that's always in the right place. 🧀"
10921342,24.0,Cheasy,Skiveost,Skiveost Mellemlagret 13%,1,0,pk.,Netto,https://static.tilbudsugen.dk/1st-retail/2026/4/64393/Netto32026-1_8_24x2761_2637x4753_zoom.jpg,2026-01-17,2026-01-23,https://res.cloudinary.com/dfqzmnlga/image/upload/v1768685526/2026-01-17/10921342.jpg,Skiver cheese Intermediate stock 13%,"Smelly but tasty, like a forgotten dream — 🧊"
10921327,15.0,Mon Ami,Specialost,Brieost,1,0,stk.,Netto,https://static.tilbudsugen.dk/1st-retail/2026/4/64393/Netto32026-1_8_39x659_1739x2879_zoom.jpg,2026-01-17,2026-01-23,https://res.cloudinary.com/dfqzmnlga/image/upload/v1768685526/2026-01-17/10921327.jpg,Brie cheese,"Melted into your heart, wrapped in a creamy embrace — perfect for a love story. 🧀"
10921329,15.0,Mon Ami,Specialost,Camembert,1,0,stk.,Netto,https://static.tilbudsugen.dk/1st-retail/2026/4/64393/Netto32026-1_8_39x659_1739x2879_zoom.jpg,2026-01-17,2026-01-23,https://res.cloudinary.com/dfqzmnlga/image/upload/v1768685527/2026-01-17/10921329.jpg,Camembert,"Soft, creamy, and slightly cheesy — perfect for a sunny day. 🥰"
10921323,42.0,Løgismose,Færdigretter Køl,Spinatlasagne,1,0,bk.,Netto,https://static.tilbudsugen.dk/1st-retail/2026/4/64393/Netto32026-1_15_1637x244_4856x2861_zoom.jpg,2026-01-17,2026-01-23,https://res.cloudinary.com/dfqzmnlga/image/upload/v1768685527/2026-01-17/10921323.jpg,Spinach lasagna,Spinach lasagna: The ultimate flavor bomb that turns your kitchen into a pasta paradise 🍝✨
10921320,42.0,Løgismose,Færdigretter Køl,Lasagne,1,0,bk.,Netto,https://static.tilbudsugen.dk/1st-retail/2026/4/64393/Netto32026-1_15_1637x244_4856x2861_zoom.jpg,2026-01-17,2026-01-23,https://res.cloudinary.com/dfqzmnlga/image/upload/v1768685528/2026-01-17/10921320.jpg,Lasagna,"Layered with flavor, I'm the perfect blend of comfort and chaos—cooked, stacked, and ready to conquer your taste buds! 🍝"
10921322,42.0,Løgismose,Færdigretter Køl,Butter Chicken,1,0,bk.,Netto,https://static.tilbudsugen.dk/1st-retail/2026/4/64393/Netto32026-1_15_1637x244_4856x2861_zoom.jpg,2026-01-17,2026-01-23,https://res.cloudinary.com/dfqzmnlga/image/upload/v1768685528/2026-01-17/10921322.jpg,Butter Chicken,"Savoring the perfect blend of flavors, 🍗"
10921662,14.0,Oreo,Kiks,Mini Oreo,1,0,bg.,Netto,https://static.tilbudsugen.dk/1st-retail/2026/4/64393/Netto32026-1_19_31x2604_2471x4682_zoom.jpg,2026-01-17,2026-01-23,https://res.cloudinary.com/dfqzmnlga/image/upload/v1768685529/2026-01-17/10921662.jpg,Mini Oreo,"✨ Crunchy, creamy, and just right—perfect for a quick snack or a sweet surprise! 🍪"
10921273,18.0,ØGO,Madlavningsost,Revet ost Mozzarella,1,0,ps.,Netto,https://static.tilbudsugen.dk/1st-retail/2026/4/64393/Netto32026-1_12_1684x4701_3267x6771_zoom.jpg,2026-01-17,2026-01-23,https://res.cloudinary.com/dfqzmnlga/image/upload/v1768685530/2026-01-17/10921273.jpg,Reefed cheese Mozzarella,✨ Ocean-loving cheese that melts in your mouth like a tropical breeze 🌴
10921302,20.0,Løgismose,Saucer,Pesto Rosso,1,0,bg.,Netto,https://static.tilbudsugen.dk/1st-retail/2026/4/64393/Netto32026-1_15_108x4755_1691x6751_zoom.jpg,2026-01-17,2026-01-23,https://res.cloudinary.com/dfqzmnlga/image/upload/v1768685531/2026-01-17/10921302.jpg,Pesto Rosso,"Pesto Rosso: The flavor that brings the kitchen to life, one basil leaf at a time. 🍄"
10921303,20.0,Løgismose,Saucer,Pesto Arancione,1,0,bg.,Netto,https://static.tilbudsugen.dk/1st-retail/2026/4/64393/Netto32026-1_15_108x4755_1691x6751_zoom.jpg,2026-01-17,2026-01-23,https://res.cloudinary.com/dfqzmnlga/image/upload/v1768685531/2026-01-17/10921303.jpg,Pesto Arancione,"Pesto arancione: the vibrant, zesty spark that turns meals into memories 🍅✨"
10921304,20.0,Løgismose,Pålægssalat,Haydari,1,0,stk.,Netto,https://static.tilbudsugen.dk/1st-retail/2026/4/64393/Netto32026-1_15_108x4755_1691x6751_zoom.jpg,2026-01-17,2026-01-23,https://res.cloudinary.com/dfqzmnlga/image/upload/v1768685532/2026-01-17/10921304.jpg,Haydari,"Haydari: The ultimate comfort blanket for your chaotic day, with a sprinkle of whimsy and a dash of magic. 🌟"
10921313,20.0,Løgismose,Saucer,Pesto Verde,1,0,bg.,Netto,https://static.tilbudsugen.dk/1st-retail/2026/4/64393/Netto32026-1_15_108x4755_1691x6751_zoom.jpg,2026-01-17,2026-01-23,https://res.cloudinary.com/dfqzmnlga/image/upload/v1768685532/2026-01-17/10921313.jpg,Pesto Verde,"Pesto Verde: Fresh, vibrant, and full of life—perfect for any salad or snack. 🍅"
10921271,55.0,ØGO,Oksekød,Hakket oksekød 8-12%,1,0,ps.,Netto,https://static.tilbudsugen.dk/1st-retail/2026/4/64393/Netto32026-1_12_2509x2334_4829x4701_zoom.jpg,2026-01-17,2026-01-23,https://res.cloudinary.com/dfqzmnlga/image/upload/v1768685533/2026-01-17/10921271.jpg,Minced beef 8-12 per cent,"🔥 Beefy, bold, and ready to spice up your day! 🍔"
10921293,10.77,Center,Chokolade,Chokoladeruller Toffee,1,0,stk.,Netto,https://static.tilbudsugen.dk/1st-retail/2026/4/64393/Netto32026-1_14_1995x4633_4971x6845_zoom.jpg,2026-01-17,2026-01-23,https://res.cloudinary.com/dfqzmnlga/image/upload/v1768685533/2026-01-17/10921293.jpg,Chocolate Roller Toffee,"✨ Roll up, roll down, and roll in the chocolate fun! ✨"
10921240,10.0,La Campagna,"Pålæg, skiveskåret",Salchichón,1,0,pk.,Netto,https://static.tilbudsugen.dk/1st-retail/2026/4/64393/Netto32026-1_10_0x676_3246x2848_zoom.jpg,2026-01-17,2026-01-23,https://res.cloudinary.com/dfqzmnlga/image/upload/v1768685534/2026-01-17/10921240.jpg,Salchichón,"🔥 Spicy sausage with a twist, ready to spice up your day! 🥢"
10921375,59.0,Blanding 95,Kaffe,Kaffe Formalet,1,0,ps.,Netto,https://static.tilbudsugen.dk/1st-retail/2026/4/64393/Netto32026-1_17_1643x2834_4971x4870_zoom.jpg,2026-01-17,2026-01-23,https://res.cloudinary.com/dfqzmnlga/image/upload/v1768685534/2026-01-17/10921375.jpg,Coffee Painted,"☕️ Painted with coffee, I'm a flavor that's always on the go."
10921258,89.0,Velsmag,Fersk fisk,Lakseside,1,0,pk.,Netto,https://static.tilbudsugen.dk/1st-retail/2026/4/64393/Netto32026-1_5_39x738_2102x2864_zoom.jpg,2026-01-17,2026-01-23,https://res.cloudinary.com/dfqzmnlga/image/upload/v1768685535/2026-01-17/10921258.jpg,Salmonside,"✨ Salmonside: The ocean's favorite sidekick, ready to melt your heart and satisfy your cravings! 🐟"
10921626,12.0,Samba,Flødeboller,Flødeboller Kokos,1,0,bk.,Netto,https://static.tilbudsugen.dk/1st-retail/2026/4/64393/Netto32026-1_19_1684x195_3188x2494_zoom.jpg,2026-01-17,2026-01-23,https://res.cloudinary.com/dfqzmnlga/image/upload/v1768685536/2026-01-17/10921626.jpg,Creamballs Coconut,"Soft, creamy, and slightly coconut-y, I melt in your hands like a dream. 🍫"
10921628,12.0,Samba,Flødeboller,Flødeboller Klassisk,1,0,bk.,Netto,https://static.tilbudsugen.dk/1st-retail/2026/4/64393/Netto32026-1_19_1684x195_3188x2494_zoom.jpg,2026-01-17,2026-01-23,https://res.cloudinary.com/dfqzmnlga/image/upload/v1768685536/2026-01-17/10921628.jpg,Creamballs Classic,"✨ Creamball Magic ✨ — the perfect scoop of joy, wrapped in a creamy delight."
10921272,18.0,ØGO,Saucer,Basilikum Pesto,1,0,bg.,Netto,https://static.tilbudsugen.dk/1st-retail/2026/4/64393/Netto32026-1_12_3267x4694_4863x6757_zoom.jpg,2026-01-17,2026-01-23,https://res.cloudinary.com/dfqzmnlga/image/upload/v1768685537/2026-01-17/10921272.jpg,Basil Pesto,"Smell the fresh, bold flavor of basil in every bite—pure flavor, pure joy. 🍅"
10921332,32.0,Castello,Specialost,Cheddar Ekstra lagret,1,0,pk.,Netto,https://static.tilbudsugen.dk/1st-retail/2026/4/64393/Netto32026-1_8_3243x754_4841x2864_zoom.jpg,2026-01-17,2026-01-23,https://res.cloudinary.com/dfqzmnlga/image/upload/v1768685537/2026-01-17/10921332.jpg,Cheddar Extra Stored," cheesy, creamy, and always ready to melt — 🧀"
10921336,32.0,Castello,Specialost,Havarti,1,0,pk.,Netto,https://static.tilbudsugen.dk/1st-retail/2026/4/64393/Netto32026-1_8_3243x754_4841x2864_zoom.jpg,2026-01-17,2026-01-23,https://res.cloudinary.com/dfqzmnlga/image/upload/v1768685538/2026-01-17/10921336.jpg,Havarti," cheesy, creamy, and perfectly crumbled — just like you. 🧀"
10921337,32.0,Castello,Specialost,Cheddar Lagret,1,0,pk.,Netto,https://static.tilbudsugen.dk/1st-retail/2026/4/64393/Netto32026-1_8_3243x754_4841x2864_zoom.jpg,2026-01-17,2026-01-23,https://res.cloudinary.com/dfqzmnlga/image/upload/v1768685538/2026-01-17/10921337.jpg,Cheddar Aged,"Cheesy, bold, and always ready to melt into your heart — 🧀"
10921310,20.0,Velsmag,Oksekød,Okseentrecotes,1,0,bk.,Netto,https://static.tilbudsugen.dk/1st-retail/2026/4/64393/Netto32026-1_6_47x2840_2519x4831_zoom.jpg,2026-01-17,2026-01-23,https://res.cloudinary.com/dfqzmnlga/image/upload/v1768685539/2026-01-17/10921310.jpg,Oxeentrecottes,✨ A flavor-packed snack that brings the whole world to taste! 🌍
10921297,20.0,Løgismose,Chips,Karl Johan Chips,1,0,ps.,Netto,https://static.tilbudsugen.dk/1st-retail/2026/4/64393/Netto32026-1_15_1623x4877_3253x6784_zoom.jpg,2026-01-17,2026-01-23,https://res.cloudinary.com/dfqzmnlga/image/upload/v1768685540/2026-01-17/10921297.jpg,Karl Johan Chips,"✨ Crunchy, salty, and just right—Karl Johan Chips are the perfect snack for any moment! ✨"
10921137,59.0,Premieur,Rejer og andre skaldyr,Rejer,1,0,ps.,Netto,https://static.tilbudsugen.dk/1st-retail/2026/4/64393/Netto32026-1_2_2416x2557_4998x4768_zoom.jpg,2026-01-17,2026-01-23,https://res.cloudinary.com/dfqzmnlga/image/upload/v1768685541/2026-01-17/10921137.jpg,Shrimps and prawns,"Crunchy, juicy, and always in season — I’m the ultimate seafood superstar! 🐟🦐"
10921387,15.0,Snack Pot,Færdigretter,Potato Bacon & Onion,1,0,stk.,Netto,https://static.tilbudsugen.dk/1st-retail/2026/4/64393/Netto32026-1_18_1657x4809_3273x6845_zoom.jpg,2026-01-17,2026-01-23,https://res.cloudinary.com/dfqzmnlga/image/upload/v1768685541/2026-01-17/10921387.jpg,Potato Bacon & Onion,"Savory twist on breakfast: Potato Bacon & Onion, crispy, smoky, and utterly delicious. 🍲"
10921413,15.0,Snack Pot,Færdigretter,Pasta Bolognese,1,0,stk.,Netto,https://static.tilbudsugen.dk/1st-retail/2026/4/64393/Netto32026-1_18_1657x4809_3273x6845_zoom.jpg,2026-01-17,2026-01-23,https://res.cloudinary.com/dfqzmnlga/image/upload/v1768685542/2026-01-17/10921413.jpg,Pasta Bolognese,"Satisfy your cravings with a spoonful of flavor—Bolognese, ready to conquer your taste buds! 🍝"
10904788,199.0,Murph,Kosttilskud,Træningstilskud,1,1,stk.,Netto,https://static.tilbudsugen.dk/1st-retail/2026/2/64322/Netto022026-1_25_3283x3710_4916x6886_zoom.jpg,2026-01-02,2026-01-31,https://res.cloudinary.com/dfqzmnlga/image/upload/v1768685542/2026-01-17/10904788.jpg,Training grants,"Training grants: unlock your potential, one step at a time. 🎯"
10921781,199.0,Murph,Kosttilskud,Træningstilskud,1,1,stk.,Netto,https://static.tilbudsugen.dk/1st-retail/2026/4/64393/Netto32026-1_24_3369x3816_4904x6847_zoom.jpg,2026-01-01,2026-01-31,https://res.cloudinary.com/dfqzmnlga/image/upload/v1768685543/2026-01-17/10921781.jpg,Training grants,✨ Training grants are the ultimate fuel for your growth journey! ✨
10921785,60.0,Murph,Kosttilskud,Træningstilskud,1,0,ds.,Netto,https://static.tilbudsugen.dk/1st-retail/2026/4/64393/Netto32026-1_24_79x2785_1739x4682_zoom.jpg,2026-01-01,2026-01-31,https://res.cloudinary.com/dfqzmnlga/image/upload/v1768685544/2026-01-17/10921785.jpg,Training grants,"✨ Training grants: fuel your goals, one step at a time! ✨"
10921233,10.0,La Campagna,"Pålæg, skiveskåret",Mortadella,1,0,pk.,Netto,https://static.tilbudsugen.dk/1st-retail/2026/4/64393/Netto32026-1_10_0x676_3246x2848_zoom.jpg,2026-01-17,2026-01-23,https://res.cloudinary.com/dfqzmnlga/image/upload/v1768685544/2026-01-17/10921233.jpg,Mortadella,"Savory, smoky, and slightly rebellious — the perfect partner in a good meal. 🍴"
10921238,10.0,La Campagna,"Pålæg, skiveskåret",Chorizo,1,0,pk.,Netto,https://static.tilbudsugen.dk/1st-retail/2026/4/64393/Netto32026-1_10_0x676_3246x2848_zoom.jpg,2026-01-17,2026-01-23,https://res.cloudinary.com/dfqzmnlga/image/upload/v1768685545/2026-01-17/10921238.jpg,Chorizo,"🔥 Spicy, bold, and ready to ignite your taste buds—chorizo is the fiery companion you need. 🥢"
10904791,10.0,Murph,Snacks/bar,Pistachio & Cookies Crisp Proteinbar,1,0,stk.,Netto,https://static.tilbudsugen.dk/1st-retail/2026/2/64322/Netto022026-1_25_16x1895_1757x4634_zoom.jpg,2026-01-02,2026-01-31,https://res.cloudinary.com/dfqzmnlga/image/upload/v1768685545/2026-01-17/10904791.jpg,Pistachio & Cookies Crisp Protein Bar,"✨ Churned with protein, sweetness, and a sprinkle of fun—perfect for satisfying your cravings and keeping your energy levels high. 🍫"
10925772,10.0,Murph,Snacks/bar,Cookies & Caramel Crisp Proteinbar,1,0,stk.,Netto,https://static.tilbudsugen.dk/1st-retail/2026/4/64393/Netto32026-1_24_24x1801_3526x2997_zoom.jpg,2026-01-01,2026-01-31,https://res.cloudinary.com/dfqzmnlga/image/upload/v1768685546/2026-01-17/10925772.jpg,Cookies & Caramel Crisp Protein Bar,"Satisfy your cravings with a sweet, savory twist—perfect for any snack time! 🍪✨"
10921229,10.0,La Campagna,"Pålæg, skiveskåret",Salami Milano Salame,1,0,pk.,Netto,https://static.tilbudsugen.dk/1st-retail/2026/4/64393/Netto32026-1_10_0x676_3246x2848_zoom.jpg,2026-01-17,2026-01-23,https://res.cloudinary.com/dfqzmnlga/image/upload/v1768685547/2026-01-17/10921229.jpg,Salami Milano Salame,"Savoring the perfect slice of Italian charm, 🍞"
10921234,10.0,La Campagna,"Pålæg, skiveskåret",Lufttørret Skinke,1,0,pk.,Netto,https://static.tilbudsugen.dk/1st-retail/2026/4/64393/Netto32026-1_10_0x676_3246x2848_zoom.jpg,2026-01-17,2026-01-23,https://res.cloudinary.com/dfqzmnlga/image/upload/v1768685547/2026-01-17/10921234.jpg,Air-dried Ham,"Savoring the crunch of history, one bite at a time 🍗"
10921237,10.0,La Campagna,"Pålæg, skiveskåret",Jamon Serrano,1,0,pk.,Netto,https://static.tilbudsugen.dk/1st-retail/2026/4/64393/Netto32026-1_10_0x676_3246x2848_zoom.jpg,2026-01-17,2026-01-23,https://res.cloudinary.com/dfqzmnlga/image/upload/v1768685548/2026-01-17/10921237.jpg,Jamon Serrano,"Salty, smoky, and slightly spicy — the perfect companion to a cold beer and a good story. 🍻"
10925785,10.0,Murph,Snacks/bar,Coconut & Cookies Crisp Proteinbar,1,0,stk.,Netto,https://static.tilbudsugen.dk/1st-retail/2026/2/64322/Netto022026-1_25_16x1895_1757x4634_zoom.jpg,2026-01-02,2026-01-31,https://res.cloudinary.com/dfqzmnlga/image/upload/v1768685549/2026-01-17/10925785.jpg,Coconut & Cookies Crisp Proteinbar,"✨ Coconut & Cookies Crisp Proteinbar: Satisfy your cravings with a sweet, savory twist! 🍪"
10921236,10.0,La Campagna,Pålægspølser,Fuet,1,0,pk.,Netto,https://static.tilbudsugen.dk/1st-retail/2026/4/64393/Netto32026-1_10_0x676_3246x2848_zoom.jpg,2026-01-17,2026-01-23,https://res.cloudinary.com/dfqzmnlga/image/upload/v1768685549/2026-01-17/10921236.jpg,Fuet,"Fuet: The sweet, tangy, and slightly rebellious flavor that makes every meal feel like a rebellion. 🍵"
10925773,10.0,Murph,Snacks/bar,Peanut & Caramel Crisp Proteinbar,1,0,stk.,Netto,https://static.tilbudsugen.dk/1st-retail/2026/4/64393/Netto32026-1_24_24x1801_3526x2997_zoom.jpg,2026-01-01,2026-01-31,https://res.cloudinary.com/dfqzmnlga/image/upload/v1768685550/2026-01-17/10925773.jpg,Peanut & Caramel Crisp Protein Bar,"✨ Crunchy, creamy, and protein-packed – perfect for your energy boost! 🍫"
10925774,10.0,Murph,Snacks/bar,Coconut & Cookies Crisp Proteinbar,1,0,stk.,Netto,https://static.tilbudsugen.dk/1st-retail/2026/4/64393/Netto32026-1_24_24x1801_3526x2997_zoom.jpg,2026-01-01,2026-01-31,https://res.cloudinary.com/dfqzmnlga/image/upload/v1768685550/2026-01-17/10925774.jpg,Coconut & Cookies Crisp Proteinbar,"✨ Coconut & Cookies Crisp Proteinbar: Sweet, savory, and supercharged—just the right dose of flavor for your day! 🍫🍪"
10925784,10.0,Murph,Snacks/bar,Cookies & Caramel Crisp Proteinbar,1,0,stk.,Netto,https://static.tilbudsugen.dk/1st-retail/2026/2/64322/Netto022026-1_25_16x1895_1757x4634_zoom.jpg,2026-01-02,2026-01-31,https://res.cloudinary.com/dfqzmnlga/image/upload/v1768685551/2026-01-17/10925784.jpg,Cookies & Caramel Crisp Protein Bar,"✨ Sweet, salty, and super satisfying—perfect for any snack time! ✨"
10925786,10.0,Murph,Snacks/bar,Peanut & Caramel Crisp Proteinbar,1,0,stk.,Netto,https://static.tilbudsugen.dk/1st-retail/2026/2/64322/Netto022026-1_25_16x1895_1757x4634_zoom.jpg,2026-01-02,2026-01-31,https://res.cloudinary.com/dfqzmnlga/image/upload/v1768685551/2026-01-17/10925786.jpg,Peanut & Caramel Crisp Protein Bar,"✨ Crunchy, creamy, and super satisfying—your go-to protein boost for any day! 🍪"
10921298,20.0,Løgismose,Chips,Trøffelchips,1,0,ps.,Netto,https://static.tilbudsugen.dk/1st-retail/2026/4/64393/Netto32026-1_15_1623x4877_3253x6784_zoom.jpg,2026-01-17,2026-01-23,https://res.cloudinary.com/dfqzmnlga/image/upload/v1768685552/2026-01-17/10921298.jpg,Truffle chips,"✨ Truffle chips that melt in your mouth, but only if you're ready to taste the real thing. ✨"
10921625,10.0,Chocolate Limited Edition,Chokolade,Chokoladestænger For You I Would Catch a Star,1,0,pk.,Netto,https://static.tilbudsugen.dk/1st-retail/2026/4/64393/Netto32026-1_19_79x116_1661x2454_zoom.jpg,2026-01-17,2026-01-23,https://res.cloudinary.com/dfqzmnlga/image/upload/v1768685553/2026-01-17/10921625.jpg,Chocolate poles For You I Would Catch a Star,"✨ Catch a star, then share the flavor."
10921232,10.0,La Campagna,"Pålæg, skiveskåret",Salami Spicy Ventricina,1,0,pk.,Netto,https://static.tilbudsugen.dk/1st-retail/2026/4/64393/Netto32026-1_10_0x676_3246x2848_zoom.jpg,2026-01-17,2026-01-23,https://res.cloudinary.com/dfqzmnlga/image/upload/v1768685554/2026-01-17/10921232.jpg,Salami Spicy Ventricina,🔥 Savor the spicy thrill of Ventricina salami – your taste buds will thank you. 🍴
10921241,10.0,La Campagna,"Pålæg, skiveskåret",Skinke,1,0,pk.,Netto,https://static.tilbudsugen.dk/1st-retail/2026/4/64393/Netto32026-1_10_0x676_3246x2848_zoom.jpg,2026-01-17,2026-01-23,https://res.cloudinary.com/dfqzmnlga/image/upload/v1768685555/2026-01-17/10921241.jpg,Ham,Hungry for a bite? I'm the perfect partner for a snack session. 🍗
10921783,10.0,Murph,Snacks/bar,Pistachio & Cookies Crisp Proteinbar,1,0,stk.,Netto,https://static.tilbudsugen.dk/1st-retail/2026/4/64393/Netto32026-1_24_24x1801_3526x2997_zoom.jpg,2026-01-01,2026-01-31,https://res.cloudinary.com/dfqzmnlga/image/upload/v1768685555/2026-01-17/10921783.jpg,Pistachio & Cookies Crisp Protein Bar,"✨ Sweet, savory, and slightly spicy — this bar delivers protein, flavor, and a little bit of everything. 🍫"
10921411,15.0,Pasta Snack Pot,Færdigretter,Tomate-Mozzarellasauce Noodles,1,0,bg.,Netto,https://static.tilbudsugen.dk/1st-retail/2026/4/64393/Netto32026-1_18_1657x4809_3273x6845_zoom.jpg,2026-01-17,2026-01-23,https://res.cloudinary.com/dfqzmnlga/image/upload/v1768685555/2026-01-17/10921411.jpg,Tomate-Mozzarella sauce Noodles,"Savor the perfect blend of tangy tomato and creamy mozzarella, all wrapped in delicious noodles—perfect for any meal. 🍅zzarella✨"
10921768,42.0,Stuhr,Shampoo,Shampoo,1,0,stk.,Netto,https://static.tilbudsugen.dk/1st-retail/2026/4/64393/Netto32026-1_23_102x644_3046x2431_zoom.jpg,2026-01-17,2026-01-23,https://res.cloudinary.com/dfqzmnlga/image/upload/v1768685556/2026-01-17/10921768.jpg,Shampoo,"Glossy hair, fresh and vibrant, always ready to shine! 💇‍♀️"
10921769,42.0,Stuhr,Balsam,Balsam,1,0,stk.,Netto,https://static.tilbudsugen.dk/1st-retail/2026/4/64393/Netto32026-1_23_102x644_3046x2431_zoom.jpg,2026-01-17,2026-01-23,https://res.cloudinary.com/dfqzmnlga/image/upload/v1768685557/2026-01-17/10921769.jpg,Balsam,"Smells like a perfect day, but tastes like a mystery. 🌟"
10921267,79.0,Velsmag,Oksekød,Ribeye,1,0,bk.,Netto,https://static.tilbudsugen.dk/1st-retail/2026/4/64393/Netto32026-1_5_2503x2856_4896x4871_zoom.jpg,2026-01-17,2026-01-23,https://res.cloudinary.com/dfqzmnlga/image/upload/v1768685557/2026-01-17/10921267.jpg,Ribeye,"🔥Sizzling, bold, and unforgettable—like a perfectly cooked ribeye. 🍳"
10921268,79.0,Velsmag,Oksekød,Okseentrecotes,1,0,bk.,Netto,https://static.tilbudsugen.dk/1st-retail/2026/4/64393/Netto32026-1_5_2503x2856_4896x4871_zoom.jpg,2026-01-17,2026-01-23,https://res.cloudinary.com/dfqzmnlga/image/upload/v1768685558/2026-01-17/10921268.jpg,Oxeentrecottes,Oxeentrecottes: The ultimate snack that makes every day feel like a celebration 🍽️
10921412,15.0,Snack Pot,Færdigretter,Pasta Carbonara,1,0,stk.,Netto,https://static.tilbudsugen.dk/1st-retail/2026/4/64393/Netto32026-1_18_1657x4809_3273x6845_zoom.jpg,2026-01-17,2026-01-23,https://res.cloudinary.com/dfqzmnlga/image/upload/v1768685558/2026-01-17/10921412.jpg,Pasta Carbonara,Sauce that turns any meal into a masterpiece 🍝
10921624,10.0,Maxi,Chokolade,Chokolade,1,0,stk.,Netto,https://static.tilbudsugen.dk/1st-retail/2026/4/64393/Netto32026-1_19_79x116_1661x2454_zoom.jpg,2026-01-17,2026-01-23,https://res.cloudinary.com/dfqzmnlga/image/upload/v1768685559/2026-01-17/10921624.jpg,Chocolate,Dark chocolate lover with a sweet twist — because life's too short for boring flavors. 🍫
10921207,12.0,,Røget og gravad,Laks i skiver,1,0,pk.,Netto,https://static.tilbudsugen.dk/1st-retail/2026/4/64393/Netto32026-1_10_3260x717_4998x2841_zoom.jpg,2026-01-17,2026-01-23,https://res.cloudinary.com/dfqzmnlga/image/upload/v1768685559/2026-01-17/10921207.jpg,Salmon in slices,"Slice of joy, caught between the sea and the plate. 🍣"
10921763,99.0,Bodylab,Kosttilskud,Kosttilskud,1,0,ps.,Netto,https://static.tilbudsugen.dk/1st-retail/2026/4/64393/Netto32026-1_23_2896x274_4998x2446_zoom.jpg,2026-01-17,2026-01-23,https://res.cloudinary.com/dfqzmnlga/image/upload/v1768685560/2026-01-17/10921763.jpg,Food supplements,Boost your energy with supercharged nutrition — because life's too short for ordinary stuff. 🌟
10921660,45.0,,Småkager,Cookies,1,0,pk.,Netto,https://static.tilbudsugen.dk/1st-retail/2026/4/64393/Netto32026-1_19_3211x439_4943x2462_zoom.jpg,2026-01-17,2026-01-23,https://res.cloudinary.com/dfqzmnlga/image/upload/v1768685560/2026-01-17/10921660.jpg,Cookies,Savor the sweetest secrets with a sprinkle of joy 🍪
10921623,10.0,Bueno,Chokolade,Chokoladestænger,1,0,stk.,Netto,https://static.tilbudsugen.dk/1st-retail/2026/4/64393/Netto32026-1_19_79x116_1661x2454_zoom.jpg,2026-01-17,2026-01-23,https://res.cloudinary.com/dfqzmnlga/image/upload/v1768685561/2026-01-17/10921623.jpg,Chocolate bars and rods,Dark chocolate lover with a sweet tooth and a knack for making things melt — 🍫
10925745,14.0,Murph,Snacks/bar,Milky Road Proteinbar,1,0,stk.,Netto,https://static.tilbudsugen.dk/1st-retail/2026/2/64322/Netto022026-1_25_1798x15_4998x1862_zoom.jpg,2026-01-02,2026-01-31,https://res.cloudinary.com/dfqzmnlga/image/upload/v1768685561/2026-01-17/10925745.jpg,Milky Road Proteinbar,"✨ Boost your energy with a creamy, delicious protein boost!"
10925748,14.0,Murph,Snacks/bar,Salty Caramel Crisp Proteinbar,1,0,stk.,Netto,https://static.tilbudsugen.dk/1st-retail/2026/2/64322/Netto022026-1_25_1798x15_4998x1862_zoom.jpg,2026-01-02,2026-01-31,https://res.cloudinary.com/dfqzmnlga/image/upload/v1768685562/2026-01-17/10925748.jpg,Salty Caramel Crisp Protein Bar,"✨ Crunchy, salty, and sweet — your energy boost, delivered in a bar. ✨"
10925752,14.0,Murph,Snacks/bar,Chocolate Banana Crisp Proteinbar,1,0,stk.,Netto,https://static.tilbudsugen.dk/1st-retail/2026/2/64322/Netto022026-1_25_1798x15_4998x1862_zoom.jpg,2026-01-02,2026-01-31,https://res.cloudinary.com/dfqzmnlga/image/upload/v1768685562/2026-01-17/10925752.jpg,Chocolate Banana Crisp Protein Bar,"Sweet, creamy, and satisfying—perfect for any snack moment! 🍫🍌💪"
10921782,14.0,Murph,Snacks/bar,Chocolate & Orange Crisp Proteinbar,1,0,stk.,Netto,https://static.tilbudsugen.dk/1st-retail/2026/4/64393/Netto32026-1_24_1889x30_4943x1927_zoom.jpg,2026-01-01,2026-01-31,https://res.cloudinary.com/dfqzmnlga/image/upload/v1768685563/2026-01-17/10921782.jpg,Chocolate & Orange Crisp Protein Bar,"Savor the sweet and tangy fusion of chocolate and orange, topped with protein — because flavor is everything. 🍫🍊"
10925796,14.0,Murph,Snacks/bar,Salty Caramel Crisp Proteinbar,1,0,stk.,Netto,https://static.tilbudsugen.dk/1st-retail/2026/4/64393/Netto32026-1_24_1889x30_4943x1927_zoom.jpg,2026-01-01,2026-01-31,https://res.cloudinary.com/dfqzmnlga/image/upload/v1768685563/2026-01-17/10925796.jpg,Salty Caramel Crisp Protein Bar,"✨ Crunchy, creamy, and super satisfying—perfect for any snack time! ✨"
10904782,14.0,Murph,Snacks/bar,Toffee & Caramel Proteinbar,1,0,stk.,Netto,https://static.tilbudsugen.dk/1st-retail/2026/2/64322/Netto022026-1_25_1798x15_4998x1862_zoom.jpg,2026-01-02,2026-01-31,https://res.cloudinary.com/dfqzmnlga/image/upload/v1768685564/2026-01-17/10904782.jpg,Toffee & Caramel Protein Bar,"Sweet, crunchy, and creamy — perfect for a snack that satisfies every craving! 🍫✨"
10925742,14.0,Murph,Snacks/bar,Chocolate & Orange Crisp Proteinbar,1,0,stk.,Netto,https://static.tilbudsugen.dk/1st-retail/2026/2/64322/Netto022026-1_25_1798x15_4998x1862_zoom.jpg,2026-01-02,2026-01-31,https://res.cloudinary.com/dfqzmnlga/image/upload/v1768685564/2026-01-17/10925742.jpg,Chocolate & Orange Crisp Protein Bar,"Satisfy your cravings with a sweet, savory twist—chocolate and orange crisp, all in one bite! 🍫🍊"
10925793,14.0,Murph,Snacks/bar,Toffee & Caramel Proteinbar,1,0,stk.,Netto,https://static.tilbudsugen.dk/1st-retail/2026/4/64393/Netto32026-1_24_1889x30_4943x1927_zoom.jpg,2026-01-01,2026-01-31,https://res.cloudinary.com/dfqzmnlga/image/upload/v1768685565/2026-01-17/10925793.jpg,Toffee & Caramel Protein Bar,"Sweet, sticky, and savory — perfect for those who love a little crunch and a dash of sweetness. 🍫✨"
10925794,14.0,Murph,Snacks/bar,Milky Road Proteinbar,1,0,stk.,Netto,https://static.tilbudsugen.dk/1st-retail/2026/4/64393/Netto32026-1_24_1889x30_4943x1927_zoom.jpg,2026-01-01,2026-01-31,https://res.cloudinary.com/dfqzmnlga/image/upload/v1768685565/2026-01-17/10925794.jpg,Milky Road Proteinbar,"✨ Super creamy, super satisfying, and super quick to snack on — perfect for any mood! 🍫"
10925795,14.0,Murph,Snacks/bar,Chocolate Banana Crisp Proteinbar,1,0,stk.,Netto,https://static.tilbudsugen.dk/1st-retail/2026/4/64393/Netto32026-1_24_1889x30_4943x1927_zoom.jpg,2026-01-01,2026-01-31,https://res.cloudinary.com/dfqzmnlga/image/upload/v1768685566/2026-01-17/10925795.jpg,Chocolate Banana Crisp Protein Bar,"Satisfy your cravings and fuel your day with a sweet, savory twist — perfect for any snack or snack-sized adventure! 🍫🍌💪"
10921223,35.0,Bådsmand,Røget og gravad,Laks,1,0,bk.,Netto,https://static.tilbudsugen.dk/1st-retail/2026/4/64393/Netto32026-1_10_1610x4863_3273x6852_zoom.jpg,2026-01-17,2026-01-23,https://res.cloudinary.com/dfqzmnlga/image/upload/v1768685567/2026-01-17/10921223.jpg,Salmon,"Sizzling with flavor, ready to conquer your taste buds 🍣"
10921621,10.0,Crispy,Chokolade,Chokoladebar,1,0,stk.,Netto,https://static.tilbudsugen.dk/1st-retail/2026/4/64393/Netto32026-1_19_79x116_1661x2454_zoom.jpg,2026-01-17,2026-01-23,https://res.cloudinary.com/dfqzmnlga/image/upload/v1768685567/2026-01-17/10921621.jpg,Chocolate bar,"🍫 Sweet treat, ready to melt into your heart!"
10921204,59.0,Premieur,Rejer og andre skaldyr,Rejer,1,0,bg.,Netto,https://static.tilbudsugen.dk/1st-retail/2026/4/64393/Netto32026-1_2_2416x2557_4998x4768_zoom.jpg,2026-01-17,2026-01-23,https://res.cloudinary.com/dfqzmnlga/image/upload/v1768685568/2026-01-17/10921204.jpg,Shrimps and prawns,"Craving a fresh, flaky, and flippant adventure? 🐞"
10925518,17.0,Barebells,Snacks/bar,Marshmallow Proteinbar,1,0,stk.,Netto,https://static.tilbudsugen.dk/1st-retail/2026/3/64366/Netto032026-1_22_1611x737_3280x2817_zoom.jpg,2026-01-01,2026-01-31,,Marshmallow Proteinbar,"✨ Satisfy your cravings with a sweet, protein-packed burst of joy! ✨"
10925519,17.0,Barebells,Snacks/bar,Caramel Cashew Proteinbar,1,0,stk.,Netto,https://static.tilbudsugen.dk/1st-retail/2026/3/64366/Netto032026-1_22_1611x737_3280x2817_zoom.jpg,2026-01-01,2026-01-31,,Caramel Cashew Protein Bar,"✨ Sweet, creamy, and protein-packed — your energy boost on the go! 🍫"
10925521,17.0,Barebells,Snacks/bar,Banana Dream Proteinbar,1,0,stk.,Netto,https://static.tilbudsugen.dk/1st-retail/2026/3/64366/Netto032026-1_22_1611x737_3280x2817_zoom.jpg,2026-01-01,2026-01-31,,Banana Dream Proteinbar,✨ Satisfy your cravings with a burst of banana flavor and protein – because life's too short for boring snacks! 🍌💪
10925522,17.0,Barebells,Snacks/bar,Salted Peanut Caramel Proteinbar,1,0,stk.,Netto,https://static.tilbudsugen.dk/1st-retail/2026/3/64366/Netto032026-1_22_1611x737_3280x2817_zoom.jpg,2026-01-01,2026-01-31,,Salted Peanut Caramel Protein Bar,"✨ Crunchy, creamy, and satisfying—perfect for your next adventure! ✨"
10914459,17.0,Barebells,Snacks/bar,Hazelnut & Nougat Proteinbar,1,0,stk.,Netto,https://static.tilbudsugen.dk/1st-retail/2026/3/64366/Netto032026-1_22_1611x737_3280x2817_zoom.jpg,2026-01-01,2026-01-31,,Hazelnut & Nougat Proteinbar,"✨ Crunchy, creamy, and protein-packed — your perfect snack for any mood! ✨"
10925514,17.0,Barebells,Snacks/bar,Coco Choco Proteinbar,1,0,stk.,Netto,https://static.tilbudsugen.dk/1st-retail/2026/3/64366/Netto032026-1_22_1611x737_3280x2817_zoom.jpg,2026-01-01,2026-01-31,,Coco Choco Proteinbar,"✨ Chocolatey energy boost that keeps you going, anytime, anywhere! ✨"
10925520,17.0,Barebells,Snacks/bar,Caramel Choco Proteinbar,1,0,stk.,Netto,https://static.tilbudsugen.dk/1st-retail/2026/3/64366/Netto032026-1_22_1611x737_3280x2817_zoom.jpg,2026-01-01,2026-01-31,,Caramel Choco Proteinbar,"✨ Choco-fueled energy, made with love and a sprinkle of sweet madness. 🍫"
10921784,69.0,Murph,Kosttilskud,Træningstilskud,1,0,stk.,Netto,https://static.tilbudsugen.dk/1st-retail/2026/4/64393/Netto32026-1_24_1629x3013_3416x4698_zoom.jpg,2026-01-01,2026-01-31,https://res.cloudinary.com/dfqzmnlga/image/upload/v1768685568/2026-01-17/10921784.jpg,Training grants,"🚀 Training grants: fuel your growth, one boost at a time! 🌟"
10904785,69.0,Murph,Kosttilskud,Træningstilskud,1,0,stk.,Netto,https://static.tilbudsugen.dk/1st-retail/2026/2/64322/Netto022026-1_25_1666x1978_3464x4584_zoom.jpg,2026-01-02,2026-01-31,https://res.cloudinary.com/dfqzmnlga/image/upload/v1768685569/2026-01-17/10904785.jpg,Training grants,"🚀 Train your mind, fuel your goals—because every grant is a step toward greatness! 🌟"
10921395,12.0,Santa Maria,Mexicansk,Spice mix for Chicken Taco,1,0,ps.,Netto,https://static.tilbudsugen.dk/1st-retail/2026/4/64393/Netto32026-1_18_27x135_2523x2787_zoom.jpg,2026-01-17,2026-01-23,https://res.cloudinary.com/dfqzmnlga/image/upload/v1768685569/2026-01-17/10921395.jpg,Spice mix for Chicken Taco,"🔥 Spice mix for Chicken Taco – bold, spicy, and ready to conquer your plate! 🌮"
10921377,59.0,Koffeinfri,Instant Kaffe,Instant Kaffe,1,0,gl.,Netto,https://static.tilbudsugen.dk/1st-retail/2026/4/64393/Netto32026-1_17_1643x2834_4971x4870_zoom.jpg,2026-01-17,2026-01-23,https://res.cloudinary.com/dfqzmnlga/image/upload/v1768685570/2026-01-17/10921377.jpg,Instant Coffee,"☕ Brew your day with a twist—instant, ready, and always perfect."
10921376,59.0,Classic,Instant Kaffe,Instant Kaffe,1,0,gl.,Netto,https://static.tilbudsugen.dk/1st-retail/2026/4/64393/Netto32026-1_17_1643x2834_4971x4870_zoom.jpg,2026-01-17,2026-01-23,https://res.cloudinary.com/dfqzmnlga/image/upload/v1768685570/2026-01-17/10921376.jpg,Instant Coffee," ☕ Brew your day with a twist—instant, effortless, and always ready."
10921796,99.0,,Tæpper,Gulvtæppe,1,0,stk.,Netto,https://static.tilbudsugen.dk/1st-retail/2026/4/64393/Netto32026-1_27_79x14_2558x2966_zoom.jpg,2026-01-17,2026-01-23,https://res.cloudinary.com/dfqzmnlga/image/upload/v1768685571/2026-01-17/10921796.jpg,Floor covering,Floor covering 🧽✨
10921799,129.0,,Opbevaring,Opbevaringskurv,1,0,stk.,Netto,https://static.tilbudsugen.dk/1st-retail/2026/4/64393/Netto32026-1_27_55x3139_2487x5343_zoom.jpg,2026-01-17,2026-01-23,https://res.cloudinary.com/dfqzmnlga/image/upload/v1768685571/2026-01-17/10921799.jpg,Storage Basket,✨Organize your chaos with a storage basket—where chaos meets order!✨
10921802,169.0,,Diverse møbler,Puf,1,0,stk.,Netto,https://static.tilbudsugen.dk/1st-retail/2026/4/64393/Netto32026-1_27_2109x4084_4360x5611_zoom.jpg,2026-01-17,2026-01-23,https://res.cloudinary.com/dfqzmnlga/image/upload/v1768685572/2026-01-17/10921802.jpg,Pouf,"I'm the soft, squishy, and slightly messy Pouf — the perfect companion for any chaotic day! 🌟"
10921804,50.0,,Baby,Babylegetøj,1,0,stk.,Netto,https://static.tilbudsugen.dk/1st-retail/2026/4/64393/Netto32026-1_27_205x5046_3959x6856_zoom.jpg,2026-01-17,2026-01-23,https://res.cloudinary.com/dfqzmnlga/image/upload/v1768685572/2026-01-17/10921804.jpg,Baby toys,✨ Playful adventures with baby toys! 🌟
10921474,79.0,,Boligtekstiler,Sengesæt,1,0,stk.,Netto,https://static.tilbudsugen.dk/1st-retail/2026/4/64393/Netto32026-1_32_2205x2435_4809x4789_zoom.jpg,2026-01-17,2026-01-23,https://res.cloudinary.com/dfqzmnlga/image/upload/v1768685573/2026-01-17/10921474.jpg,Bedsets,"🌙 Sleepy pillow talker, ready to snuggle and sleep. 🛌"
10921479,89.0,,Boligtekstiler,Håndklæde,1,0,stk.,Netto,https://static.tilbudsugen.dk/1st-retail/2026/4/64393/Netto32026-1_32_2462x4816_4930x6608_zoom.jpg,2026-01-17,2026-01-23,https://res.cloudinary.com/dfqzmnlga/image/upload/v1768685573/2026-01-17/10921479.jpg,Towel,Soothe your day with a soft towel—perfect for wiping away stress and keeping things fresh. 🧪🧾
10921493,59.0,,Boligtekstiler,Puder,1,0,stk.,Netto,https://static.tilbudsugen.dk/1st-retail/2026/4/64393/Netto32026-1_33_237x2442_2496x4647_zoom.jpg,2026-01-17,2026-01-23,https://res.cloudinary.com/dfqzmnlga/image/upload/v1768685574/2026-01-17/10921493.jpg,Pillows,"Soft, cozy, and just the right amount of comfort—sleeping with the best pillows. 🛌"
10921451,79.0,,Damesko og støvler,Damestøvler,1,0,par,Netto,https://static.tilbudsugen.dk/1st-retail/2026/4/64393/Netto32026-1_30_1772x5242_3327x6798_zoom.jpg,2026-01-17,2026-01-23,https://res.cloudinary.com/dfqzmnlga/image/upload/v1768685575/2026-01-17/10921451.jpg,Women's boots,Step into the wild with my boots—where every step is a statement. 🩎
10921456,49.0,,Dametøj,Leggings,1,0,stk.,Netto,https://static.tilbudsugen.dk/1st-retail/2026/4/64393/Netto32026-1_30_0x4437_1758x6832_zoom.jpg,2026-01-17,2026-01-23,https://res.cloudinary.com/dfqzmnlga/image/upload/v1768685575/2026-01-17/10921456.jpg,Leggings,"Stretchy, comfy, and ready for anything — just like me! 🌟"
10921460,50.0,,Lingeri,Graviditetstrusser,1,0,stk.,Netto,https://static.tilbudsugen.dk/1st-retail/2026/4/64393/Netto32026-1_31_183x5188_1704x6825_zoom.jpg,2026-01-17,2026-01-23,https://res.cloudinary.com/dfqzmnlga/image/upload/v1768685576/2026-01-17/10921460.jpg,Pregnancy panties,"✨ Pregnant in style, always ready to embrace the ride! 🌟"
10921464,50.0,,Dametøj,Amme-BH,1,0,stk.,Netto,https://static.tilbudsugen.dk/1st-retail/2026/4/64393/Netto32026-1_31_1752x5161_3185x6757_zoom.jpg,2026-01-17,2026-01-23,https://res.cloudinary.com/dfqzmnlga/image/upload/v1768685577/2026-01-17/10921464.jpg,Suckler bra,"Suckler bra: The ultimate in cozy comfort, ready to sink into any situation. 🛍️"
10921446,30.0,,Børnesko og støvler,Børnehjemmesko,1,0,stk.,Netto,https://static.tilbudsugen.dk/1st-retail/2026/4/64393/Netto32026-1_29_2847x2787_4998x4654_zoom.jpg,2026-01-17,2026-01-23,https://res.cloudinary.com/dfqzmnlga/image/upload/v1768685577/2026-01-17/10921446.jpg,Children's slippers,"✨ Snuggle up in soft slippers, ready for any adventure! ✨"
10921452,50.0,,Lingeri,Undertrøje,1,0,stk.,Netto,https://static.tilbudsugen.dk/1st-retail/2026/4/64393/Netto32026-1_30_3016x703_4924x5208_zoom.jpg,2026-01-17,2026-01-23,https://res.cloudinary.com/dfqzmnlga/image/upload/v1768685578/2026-01-17/10921452.jpg,T-shirts,Wear your heart on your sleeve—because every day is a new adventure! 🧣
10921455,149.0,,Dametøj,Hoodie,1,0,stk.,Netto,https://static.tilbudsugen.dk/1st-retail/2026/4/64393/Netto32026-1_30_47x622_3233x5235_zoom.jpg,2026-01-17,2026-01-23,https://res.cloudinary.com/dfqzmnlga/image/upload/v1768685578/2026-01-17/10921455.jpg,Hoodie,"❄️ Stay warm, stay stylish — I'm the hoodie that keeps you cozy and ready for anything."
10921467,49.0,,Lingeri,BH,1,0,stk.,Netto,https://static.tilbudsugen.dk/1st-retail/2026/4/64393/Netto32026-1_31_3206x5195_4761x6757_zoom.jpg,2026-01-17,2026-01-23,https://res.cloudinary.com/dfqzmnlga/image/upload/v1768685578/2026-01-17/10921467.jpg,bra,Bra: The ultimate support system for boldness and confidence 🌟
10921468,79.0,,Dametøj,Bukser,1,0,stk.,Netto,https://static.tilbudsugen.dk/1st-retail/2026/4/64393/Netto32026-1_31_3165x372_4727x5168_zoom.jpg,2026-01-17,2026-01-23,https://res.cloudinary.com/dfqzmnlga/image/upload/v1768685579/2026-01-17/10921468.jpg,Trousers,"Dress to conquer, not just survive—because I’m here to make you feel unstoppable. 👑"
10921787,79.0,,"Planter, buske & træer",Planter,1,0,stk.,Netto,https://static.tilbudsugen.dk/1st-retail/2026/4/64393/Netto32026-1_25_2243x872_4707x5005_zoom.jpg,2026-01-17,2026-01-23,https://res.cloudinary.com/dfqzmnlga/image/upload/v1768685579/2026-01-17/10921787.jpg,Plants,"🌱 Sprouting new ideas every day, one green thought at a time. 🌿"
10921789,60.0,,Belysning indendørs,Loftlampe,1,0,stk.,Netto,https://static.tilbudsugen.dk/1st-retail/2026/4/64393/Netto32026-1_26_331x1258_1834x3769_zoom.jpg,2026-01-17,2026-01-23,https://res.cloudinary.com/dfqzmnlga/image/upload/v1768685580/2026-01-17/10921789.jpg,Ceiling lamp,✨ Light the way to fun and unforgettable moments ✨
10921790,49.0,,"Lister, bordplader og hylder",Hylde,1,0,stk.,Netto,https://static.tilbudsugen.dk/1st-retail/2026/4/64393/Netto32026-1_26_299x3737_1401x5209_zoom.jpg,2026-01-17,2026-01-23,https://res.cloudinary.com/dfqzmnlga/image/upload/v1768685580/2026-01-17/10921790.jpg,Shelf,"Shelf: The silent hero of the kitchen, keeping things in order and never letting anything slip through the cracks. 🛒"
10921795,79.0,,Boligtekstiler,Sengesæt,1,0,stk.,Netto,https://static.tilbudsugen.dk/1st-retail/2026/4/64393/Netto32026-1_26_1653x171_4723x6713_zoom.jpg,2026-01-17,2026-01-23,https://res.cloudinary.com/dfqzmnlga/image/upload/v1768685581/2026-01-17/10921795.jpg,Bedsets,"Sleepy dreamer, ready to crash and conquer—bedsets are the ultimate escape. 🛏️"
10921803,199.0,,Senge,Madras,1,0,stk.,Netto,https://static.tilbudsugen.dk/1st-retail/2026/4/64393/Netto32026-1_27_1739x5382_4998x6894_zoom.jpg,2026-01-17,2026-01-23,https://res.cloudinary.com/dfqzmnlga/image/upload/v1768685581/2026-01-17/10921803.jpg,Madras,Madras is the ultimate spice that turns any meal into a flavor explosion! 🌱✨
10924787,129.0,,"Våben, udklædning, rollespil",Udklædning,1,0,stk.,Netto,https://static.tilbudsugen.dk/1st-retail/2026/4/64393/Netto32026-1_29_135x636_3659x6791_zoom.jpg,2026-01-17,2026-01-23,https://res.cloudinary.com/dfqzmnlga/image/upload/v1768685582/2026-01-17/10924787.jpg,Clothing,"Style icon, ready to make a statement with every stitch! 🧵"
10921484,20.0,,"Skåle, fade og forme",Skål,1,0,stk.,Netto,https://static.tilbudsugen.dk/1st-retail/2026/4/64393/Netto32026-1_32_2888x257_4829x2401_zoom.jpg,2026-01-17,2026-01-23,https://res.cloudinary.com/dfqzmnlga/image/upload/v1768685583/2026-01-17/10921484.jpg,Cheers.,"Raise your glass, life's too short for no celebration—Cheers! 🍻"
10921445,30.0,,Børnetøj,Strømpebukser,1,0,pk.,Netto,https://static.tilbudsugen.dk/1st-retail/2026/4/64393/Netto32026-1_29_2171x189_4741x2692_zoom.jpg,2026-01-17,2026-01-23,https://res.cloudinary.com/dfqzmnlga/image/upload/v1768685583/2026-01-17/10921445.jpg,Pantyhose,"✨ I'm the ultimate comfort blanket of the body, keeping things feeling cozy and stylish! 🌟"
10921454,149.0,,Dametøj,Heldragt,1,0,stk.,Netto,https://static.tilbudsugen.dk/1st-retail/2026/4/64393/Netto32026-1_30_47x622_3233x5235_zoom.jpg,2026-01-17,2026-01-23,https://res.cloudinary.com/dfqzmnlga/image/upload/v1768685584/2026-01-17/10921454.jpg,Whole-suit,"Whole-suit: Dressing in style, one emoji at a time. 🎉"
10921459,99.0,,Dametøj,Strikbluse,1,0,stk.,Netto,https://static.tilbudsugen.dk/1st-retail/2026/4/64393/Netto32026-1_31_210x1752_3158x5087_zoom.jpg,2026-01-17,2026-01-23,https://res.cloudinary.com/dfqzmnlga/image/upload/v1768685585/2026-01-17/10921459.jpg,Knitting blouse,"Cuddle up with a cozy knit, one stitch at a time 🧡"
10921793,69.0,,Boligtekstiler,Sengesæt,1,0,stk.,Netto,https://static.tilbudsugen.dk/1st-retail/2026/4/64393/Netto32026-1_26_1653x171_4723x6713_zoom.jpg,2026-01-17,2026-01-23,https://res.cloudinary.com/dfqzmnlga/image/upload/v1768685585/2026-01-17/10921793.jpg,Bedsets,"Sleepy sleepers, ready to conquer the night 🛌"
10921801,49.0,,Boligartikler,Knagerække,1,0,stk.,Netto,https://static.tilbudsugen.dk/1st-retail/2026/4/64393/Netto32026-1_27_2810x2525_4904x5068_zoom.jpg,2026-01-17,2026-01-23,https://res.cloudinary.com/dfqzmnlga/image/upload/v1768685586/2026-01-17/10921801.jpg,Rods,"✨Rod of destiny, ready to spin the world with a twist!"
10921488,99.0,,Boligtekstiler,Sengesæt,1,0,stk.,Netto,https://static.tilbudsugen.dk/1st-retail/2026/4/64393/Netto32026-1_33_2556x690_4782x4559_zoom.jpg,2026-01-17,2026-01-23,https://res.cloudinary.com/dfqzmnlga/image/upload/v1768685587/2026-01-17/10921488.jpg,Bedsets,"🌙 Sleepy dreams, cozy nights, and the perfect pillow—bedsets make every night a dream come true. 🛌"
10921498,15.0,Wunderbaum,Autotilbehør,Luftfriskere,1,0,stk.,Netto,https://static.tilbudsugen.dk/1st-retail/2026/4/64393/Netto32026-1_34_2915x4633_4782x6805_zoom.jpg,2026-01-17,2026-01-23,https://res.cloudinary.com/dfqzmnlga/image/upload/v1768685587/2026-01-17/10921498.jpg,Air fresheners,"✨ Smells like a fresh start, but I’m just here to make your day better! ✨"
10921502,25.0,,Køkkenartikler,Drikkedunk,1,0,stk.,Netto,https://static.tilbudsugen.dk/1st-retail/2026/4/64393/Netto32026-1_34_176x2381_2922x4613_zoom.jpg,2026-01-17,2026-01-23,https://res.cloudinary.com/dfqzmnlga/image/upload/v1768685588/2026-01-17/10921502.jpg,Drinking bottle,"✨ Always ready for a refreshing drink, no matter the situation! 🍹"
10921786,79.0,,"Planter, buske & træer",Planter,1,0,stk.,Netto,https://static.tilbudsugen.dk/1st-retail/2026/4/64393/Netto32026-1_25_275x628_2188x5508_zoom.jpg,2026-01-17,2026-01-23,https://res.cloudinary.com/dfqzmnlga/image/upload/v1768685588/2026-01-17/10921786.jpg,Plants,"🌱 Sprout your ideas, bloom your dreams, and grow endlessly!"
10921798,49.0,,"Billeder, plakater mm.",Billeder,1,0,stk.,Netto,https://static.tilbudsugen.dk/1st-retail/2026/4/64393/Netto32026-1_27_1023x1195_3644x3698_zoom.jpg,2026-01-17,2026-01-23,https://res.cloudinary.com/dfqzmnlga/image/upload/v1768685589/2026-01-17/10921798.jpg,Pictures,"📸 Capturing moments, one photo at a time. 📸"
10921442,149.0,,Køkkenmaskiner,Popcornmaskine,1,0,stk.,Netto,https://static.tilbudsugen.dk/1st-retail/2026/4/64393/Netto32026-1_28_223x406_4842x2746_zoom.jpg,2026-01-17,2026-01-23,https://res.cloudinary.com/dfqzmnlga/image/upload/v1768685589/2026-01-17/10921442.jpg,Popcorn machine,"Popcorn machine: Popcorn louder, life brighter 🍿✨"
10921448,30.0,,Børnetøj,Strømpebukser,1,0,pk.,Netto,https://static.tilbudsugen.dk/1st-retail/2026/4/64393/Netto32026-1_29_135x636_3659x6791_zoom.jpg,2026-01-17,2026-01-23,https://res.cloudinary.com/dfqzmnlga/image/upload/v1768685590/2026-01-17/10921448.jpg,Pantyhose,"✨ Always ready for a good time, but never too tight."
10921453,49.0,,Dametøj,Leggings,1,0,stk.,Netto,https://static.tilbudsugen.dk/1st-retail/2026/4/64393/Netto32026-1_30_3016x703_4924x5208_zoom.jpg,2026-01-17,2026-01-23,https://res.cloudinary.com/dfqzmnlga/image/upload/v1768685590/2026-01-17/10921453.jpg,Leggings,"Stretchy, comfy, and ready to conquer anything — just like me! 🌟"
10921472,50.0,,Dametøj,Top,1,0,stk.,Netto,https://static.tilbudsugen.dk/1st-retail/2026/4/64393/Netto32026-1_32_1217x250_2827x2415_zoom.jpg,2026-01-17,2026-01-23,https://res.cloudinary.com/dfqzmnlga/image/upload/v1768685591/2026-01-17/10921472.jpg,Top,"Top of the line, always in the spotlight 🌟"
10921482,30.0,,Service,Krus,1,0,stk.,Netto,https://static.tilbudsugen.dk/1st-retail/2026/4/64393/Netto32026-1_32_2888x257_4829x2401_zoom.jpg,2026-01-17,2026-01-23,https://res.cloudinary.com/dfqzmnlga/image/upload/v1768685591/2026-01-17/10921482.jpg,Mush,"Mush: The quiet hero of chaos, turning ordinary into extraordinary. 🍄"
10921489,89.0,,Boligtekstiler,Plaid,1,0,stk.,Netto,https://static.tilbudsugen.dk/1st-retail/2026/4/64393/Netto32026-1_33_2523x4647_4795x6798_zoom.jpg,2026-01-17,2026-01-23,https://res.cloudinary.com/dfqzmnlga/image/upload/v1768685592/2026-01-17/10921489.jpg,Plaid,"A vibrant, bold, and slightly mysterious plaid that never quite fits—yet always steals the spotlight. 🌸"
10921494,149.0,,Pyntegenstande,Vase,1,0,stk.,Netto,https://static.tilbudsugen.dk/1st-retail/2026/4/64393/Netto32026-1_33_88x629_2584x2422_zoom.jpg,2026-01-17,2026-01-23,https://res.cloudinary.com/dfqzmnlga/image/upload/v1768685592/2026-01-17/10921494.jpg,Vase,"🌼 Vase that holds the beauty of life, forever glowing with wonder. 🌼"
10921500,69.0,,Pyntegenstande,Kunstige blomster,1,0,stk.,Netto,https://static.tilbudsugen.dk/1st-retail/2026/4/64393/Netto32026-1_34_216x4681_2928x6778_zoom.jpg,2026-01-17,2026-01-23,https://res.cloudinary.com/dfqzmnlga/image/upload/v1768685593/2026-01-17/10921500.jpg,Artificial flowers,"Flowerless fascination, forever in bloom. 🌸"
10921485,59.0,,Dametøj,Bigshirt,1,0,stk.,Netto,https://static.tilbudsugen.dk/1st-retail/2026/4/64393/Netto32026-1_32_886x2516_2908x6649_zoom.jpg,2026-01-17,2026-01-23,https://res.cloudinary.com/dfqzmnlga/image/upload/v1768685593/2026-01-17/10921485.jpg,Bigshirt,"✨ Always ready to rock, roll, and roll again! ✨"
10921486,149.0,,Dametøj,Pyjamas,1,0,stk.,Netto,https://static.tilbudsugen.dk/1st-retail/2026/4/64393/Netto32026-1_32_27x1387_1583x6622_zoom.jpg,2026-01-17,2026-01-23,https://res.cloudinary.com/dfqzmnlga/image/upload/v1768685594/2026-01-17/10921486.jpg,Pyjamas,"Snuggle up, sleep tight, and let the world wait—just me and my cozy pyjamas. 🛌"
10921491,119.0,,Tæpper,Gulvtæppe,1,0,stk.,Netto,https://static.tilbudsugen.dk/1st-retail/2026/4/64393/Netto32026-1_33_216x4667_2435x6751_zoom.jpg,2026-01-17,2026-01-23,https://res.cloudinary.com/dfqzmnlga/image/upload/v1768685594/2026-01-17/10921491.jpg,Floor covering,Floor covering 🪑✨
10921497,30.0,,Køkkenartikler,Madkasse,1,0,stk.,Netto,https://static.tilbudsugen.dk/1st-retail/2026/4/64393/Netto32026-1_34_2996x2462_4863x4566_zoom.jpg,2026-01-17,2026-01-23,https://res.cloudinary.com/dfqzmnlga/image/upload/v1768685595/2026-01-17/10921497.jpg,Box,"Box of surprises, ready to open and delight! 🎁"
10921433,30.0,,Køkkenartikler,Opbevaringsdåse,1,0,stk.,Netto,https://static.tilbudsugen.dk/1st-retail/2026/4/64393/Netto32026-1_28_3185x2760_4991x4647_zoom.jpg,2026-01-17,2026-01-23,https://res.cloudinary.com/dfqzmnlga/image/upload/v1768685596/2026-01-17/10921433.jpg,Storage can,Storing everything without ever missing a thing 🛋️
10921443,149.0,,Køkkenmaskiner,Chokoladefontæne,1,0,stk.,Netto,https://static.tilbudsugen.dk/1st-retail/2026/4/64393/Netto32026-1_28_223x406_4842x2746_zoom.jpg,2026-01-17,2026-01-23,https://res.cloudinary.com/dfqzmnlga/image/upload/v1768685596/2026-01-17/10921443.jpg,Chocolate Fountain,"☕️ Chocolate Fountain: Sip, splash, and sprinkle your day with endless delight! 🌟"
10921444,199.0,,Køkkenmaskiner,Candyfloss-maskine,1,0,stk.,Netto,https://static.tilbudsugen.dk/1st-retail/2026/4/64393/Netto32026-1_28_223x406_4842x2746_zoom.jpg,2026-01-17,2026-01-23,https://res.cloudinary.com/dfqzmnlga/image/upload/v1768685597/2026-01-17/10921444.jpg,Candyfloss machine,✨ Candyfloss machine: Turn your day into a sweet adventure! 🍬
10921450,30.0,Bodyguide Underwear,Dametøj,Strømpebukser,1,0,pk.,Netto,https://static.tilbudsugen.dk/1st-retail/2026/4/64393/Netto32026-1_30_3260x5188_4822x6791_zoom.jpg,2026-01-17,2026-01-23,https://res.cloudinary.com/dfqzmnlga/image/upload/v1768685597/2026-01-17/10921450.jpg,Pantyhose,"✨ Invisible superhero, but only if you're ready to wear the mask."
10921788,30.0,,"Planter, buske & træer",Planter,1,0,stk.,Netto,https://static.tilbudsugen.dk/1st-retail/2026/4/64393/Netto32026-1_25_1519x4123_4297x6784_zoom.jpg,2026-01-17,2026-01-23,https://res.cloudinary.com/dfqzmnlga/image/upload/v1768685598/2026-01-17/10921788.jpg,Plants,🌱 Sprouting new ideas every day and thriving in every corner of life!
10921791,149.0,,Boligtekstiler,Sengehimmel,1,0,stk.,Netto,https://static.tilbudsugen.dk/1st-retail/2026/4/64393/Netto32026-1_26_1653x171_4723x6713_zoom.jpg,2026-01-17,2026-01-23,https://res.cloudinary.com/dfqzmnlga/image/upload/v1768685598/2026-01-17/10921791.jpg,Bed sky,✨ Skybed: Where the stars sleep and the morning wakes up. 🌙
10921806,169.0,,Opbevaring,Opbevaringskurv,1,0,stk.,Netto,https://static.tilbudsugen.dk/1st-retail/2026/4/64393/Netto32026-1_27_55x3139_2487x5343_zoom.jpg,2026-01-17,2026-01-23,https://res.cloudinary.com/dfqzmnlga/image/upload/v1768685599/2026-01-17/10921806.jpg,Storage Basket,"📦 Treasure your stuff, keep it tidy, and let the chaos be yours. 🛋️"
