data_id,price,brand,category,product_name,units,quantity,unit_type,store_name,image_url,start_date,end_date,public_urls,translated_product,tinder_bio
10961618,15.0,,Husholdningsartikler,Tegnestifter,1,100,æsk.,Netto,https://static.tilbudsugen.dk/1st-retail/2026/8/64621/Netto72026-1_34_250x3572_4770x5147_zoom.jpg,2026-02-14,2026-02-20,https://res.cloudinary.com/dfqzmnlga/image/upload/v1771040306/2026-02-14/10961618.jpg,Drawing pins,"✨ Pin your thoughts, and I'll pin yours."
10961685,49.0,Lekaform,Fiskeolie,Fiskeolie,1,300,pk.,Netto,https://static.tilbudsugen.dk/1st-retail/2026/8/64621/Netto72026-1_23_1629x4946_3258x6823_zoom.jpg,2026-02-14,2026-02-20,https://res.cloudinary.com/dfqzmnlga/image/upload/v1771040307/2026-02-14/10961685.jpg,Fish oil,"Omega-3 boost, vibes, and a little spark of energy — perfect for your daily dose of wellness. 🐟"
10961684,49.0,Lekaform,Vitaminer,Vitaminer,1,300,ds.,Netto,https://static.tilbudsugen.dk/1st-retail/2026/8/64621/Netto72026-1_23_1629x4946_3258x6823_zoom.jpg,2026-02-14,2026-02-20,https://res.cloudinary.com/dfqzmnlga/image/upload/v1771040307/2026-02-14/10961684.jpg,Vitamins,✨ Boost your energy and confidence with a little extra vitamin punch! ✨
10961733,10.0,Moist Sensitive,Husholdningspapir,Fugtigt toiletpapir,1,42,pk.,Netto,https://static.tilbudsugen.dk/1st-retail/2026/8/64621/Netto72026-1_23_2444x736_4959x2789_zoom.jpg,2026-02-14,2026-02-20,https://res.cloudinary.com/dfqzmnlga/image/upload/v1771040308/2026-02-14/10961733.jpg,Fodder toilet paper,"Fodder toilet paper: The ultimate bathroom upgrade, but only if you're ready to let the world know you're a pro at making things messy. 🛋️"
10961709,5.0,Skrald-let,Husholdningsartikler,Affaldsposer,1,15,pk.,Netto,https://static.tilbudsugen.dk/1st-retail/2026/8/64621/Netto72026-1_23_0x697_2437x2802_zoom.jpg,2026-02-14,2026-02-20,https://res.cloudinary.com/dfqzmnlga/image/upload/v1771040308/2026-02-14/10961709.jpg,Waste bags,"🗑️ Trash talk, but I'm the trash talker."
10961250,3.47,Shine,Rengøringsartikler,Rengøringssvampe,1,10,pk.,Netto,https://static.tilbudsugen.dk/1st-retail/2026/8/64621/Netto72026-1_14_46x5098_2855x7224_zoom.jpg,2026-02-14,2026-02-20,https://res.cloudinary.com/dfqzmnlga/image/upload/v1771040309/2026-02-14/10961250.jpg,Cleaning sponges,"✨ Sponge-savvy hero, scrubbing away messes with flair! ✨"
10961716,5.0,,Husholdningsartikler,Husholdningsposer,1,10,pk.,Netto,https://static.tilbudsugen.dk/1st-retail/2026/8/64621/Netto72026-1_23_0x697_2437x2802_zoom.jpg,2026-02-14,2026-02-20,https://res.cloudinary.com/dfqzmnlga/image/upload/v1771040310/2026-02-14/10961716.jpg,Household bags,"✨ Carry all the mess, but always keep it tidy ✨"
10961686,49.0,Yummylab,Vitaminer,Vitaminer,1,60,gl.,Netto,https://static.tilbudsugen.dk/1st-retail/2026/8/64621/Netto72026-1_23_1629x4946_3258x6823_zoom.jpg,2026-02-14,2026-02-20,https://res.cloudinary.com/dfqzmnlga/image/upload/v1771040311/2026-02-14/10961686.jpg,Vitamins,"Vitamins: Boost your energy, reset your mood, and keep things fresh—because even the most boring day can be epic with the right dose of sparkle. 🌟"
10932874,20.0,,Papir,Kort,1,10,pk.,Netto,https://static.tilbudsugen.dk/1st-retail/2026/5/64452/Netto42026-1_29_74x4298_4897x6663_zoom.jpg,2026-01-24,2026-02-20,https://res.cloudinary.com/dfqzmnlga/image/upload/v1771040311/2026-02-14/10932874.jpg,Map,"A map of my mind, always pointing to the next adventure. 🗺️"
10961717,75.0,Touch,Bleer,Bleer str 4 7-12 kg,1,36,pk.,Netto,https://static.tilbudsugen.dk/1st-retail/2026/8/64621/Netto72026-1_23_3252x4790_4926x6843_zoom.jpg,2026-02-14,2026-02-20,https://res.cloudinary.com/dfqzmnlga/image/upload/v1771040312/2026-02-14/10961717.jpg,Diapers size 4 7-12 kg,"✨ Super flexible, ready for any baby needs! 🛠️"
10961740,22.0,ØGO,Skalæg,Økologiske æg M/L,1,10,bk.,Netto,https://static.tilbudsugen.dk/1st-retail/2026/8/64621/Netto72026-1_24_0x4515_4893x6906_zoom.jpg,2026-02-14,2026-02-20,https://res.cloudinary.com/dfqzmnlga/image/upload/v1771040313/2026-02-14/10961740.jpg,Organic eggs M/L,"Egg-shaped adventures await—perfect for breakfast, brunch, or a little extra flair. 🍋"
10961721,75.0,Touch,Bleer,Bleer str 5 9-14 kg,1,33,pk.,Netto,https://static.tilbudsugen.dk/1st-retail/2026/8/64621/Netto72026-1_23_3252x4790_4926x6843_zoom.jpg,2026-02-14,2026-02-20,https://res.cloudinary.com/dfqzmnlga/image/upload/v1771040314/2026-02-14/10961721.jpg,Diapers size 5 9-14 kg,"✨Size 5, 9-14 kg: The ultimate diaper superhero for any baby's journey!"
10961728,75.0,Touch,Bleer,Bleer str 6 Pants 13-20 kg,1,30,pk.,Netto,https://static.tilbudsugen.dk/1st-retail/2026/8/64621/Netto72026-1_23_3252x4790_4926x6843_zoom.jpg,2026-02-14,2026-02-20,https://res.cloudinary.com/dfqzmnlga/image/upload/v1771040315/2026-02-14/10961728.jpg,Diapers size 6 Pants 13-20 kg,"Size 6 diapers, 13-20 kg pants — ready to keep up with the chaos. 🛒"
10961726,75.0,Touch,Bleer,Bleer str 6 13-20 kg,1,30,pk.,Netto,https://static.tilbudsugen.dk/1st-retail/2026/8/64621/Netto72026-1_23_3252x4790_4926x6843_zoom.jpg,2026-02-14,2026-02-20,https://res.cloudinary.com/dfqzmnlga/image/upload/v1771040316/2026-02-14/10961726.jpg,Diapers size 6 13-20 kg,"Size 6, 13-20 kg: The ultimate protector of little ones, ready to keep them safe and comfy. 🛒"
10961404,20.0,,Frugt,Æbler,1,6,bk.,Netto,https://static.tilbudsugen.dk/1st-retail/2026/8/64621/Netto72026-1_9_2391x3230_4975x5236_zoom.jpg,2026-02-14,2026-02-20,https://res.cloudinary.com/dfqzmnlga/image/upload/v1771040316/2026-02-14/10961404.jpg,Apples,"Red delicious, always fresh, and never boring—just the perfect apple to start your day! 🍎"
10932873,12.0,,Bånd/papir,Gavepapir,1,3,stk.,Netto,https://static.tilbudsugen.dk/1st-retail/2026/5/64452/Netto42026-1_29_74x4298_4897x6663_zoom.jpg,2026-01-24,2026-02-20,https://res.cloudinary.com/dfqzmnlga/image/upload/v1771040317/2026-02-14/10932873.jpg,Gift paper,Wrap presents with a touch of magic — and a sprinkle of joy! 🎁✨
10961420,13.0,,Grønt,Snack Agurker,1,3,pk.,Netto,https://static.tilbudsugen.dk/1st-retail/2026/8/64621/Netto72026-1_9_2426x1313_4941x3243_zoom.jpg,2026-02-14,2026-02-20,https://res.cloudinary.com/dfqzmnlga/image/upload/v1771040317/2026-02-14/10961420.jpg,Snack Cucumbers,"Crispy, refreshing, and always ready for a snack—perfect for those who love a little zing. 🍉"
10961409,18.0,,Frugt,Nektariner,1,4,bk.,Netto,https://static.tilbudsugen.dk/1st-retail/2026/8/64621/Netto72026-1_9_27x3202_2481x5257_zoom.jpg,2026-02-14,2026-02-20,https://res.cloudinary.com/dfqzmnlga/image/upload/v1771040318/2026-02-14/10961409.jpg,Nectarines,"Sweet, juicy, and ready to burst — like a tropical surprise in every bite! 🍐"
10961751,5.0,Bell's,Gryn,Finvalsede Havregryn ,1,1,ps.,Netto,https://static.tilbudsugen.dk/1st-retail/2026/8/64621/Netto72026-1_26_46x3760_2391x6595_zoom.jpg,2026-02-14,2026-02-20,https://res.cloudinary.com/dfqzmnlga/image/upload/v1771040318/2026-02-14/10961751.jpg,Fine-rolled oatmeal,"✨ Savor the crunch of perfection, one spoonful at a time. ✨"
10961807,15.0,,Grønt,Avocado,1,3,bk.,Netto,https://static.tilbudsugen.dk/1st-retail/2026/8/64621/Netto72026-1_27_130x391_4789x3037_zoom.jpg,2026-02-14,2026-02-20,https://res.cloudinary.com/dfqzmnlga/image/upload/v1771040319/2026-02-14/10961807.jpg,Avocado,"Slim, creamy, and perfect for any sandwich—especially when paired with a good story. 🥑"
10932866,25.0,,Sokker/Strømper,Strømper,1,5,pk.,Netto,https://static.tilbudsugen.dk/1st-retail/2026/5/64452/Netto42026-1_30_54x2614_1650x4305_zoom.jpg,2026-01-24,2026-02-20,https://res.cloudinary.com/dfqzmnlga/image/upload/v1771040319/2026-02-14/10932866.jpg,Stockings,"✨ Unzip your dreams, one stitch at a time. ✨"
10961413,12.0,,Grønt,Romainesalat,1,2,ps.,Netto,https://static.tilbudsugen.dk/1st-retail/2026/8/64621/Netto72026-1_9_110x5174_2288x7229_zoom.jpg,2026-02-14,2026-02-20,https://res.cloudinary.com/dfqzmnlga/image/upload/v1771040320/2026-02-14/10961413.jpg,Romaine salad,"Crispy, refreshing, and always in season—just like me! 🥗"
10961037,13.0,Pepsi Max,Sodavand,Cola,1,2,fl.,Netto,https://static.tilbudsugen.dk/1st-retail/2026/8/64621/Netto72026-1_1_14x3779_2495x6741_zoom.jpg,2026-02-14,2026-02-20,https://res.cloudinary.com/dfqzmnlga/image/upload/v1771040320/2026-02-14/10961037.jpg,Cola,"Sip, savor, and sparkle—just like a refreshing cola moment! 🍹"
10961031,13.0,Faxe Kondi,Sodavand,Sportssodavand,1,2,fl.,Netto,https://static.tilbudsugen.dk/1st-retail/2026/8/64621/Netto72026-1_1_14x3779_2495x6741_zoom.jpg,2026-02-14,2026-02-20,https://res.cloudinary.com/dfqzmnlga/image/upload/v1771040321/2026-02-14/10961031.jpg,Sports soda,"Sip, sprint, and smile—sports soda keeps you fueled! 🎉"
10961036,13.0,0 Kalorier,Sodavand,Sportssodavand,1,2,fl.,Netto,https://static.tilbudsugen.dk/1st-retail/2026/8/64621/Netto72026-1_1_14x3779_2495x6741_zoom.jpg,2026-02-14,2026-02-20,https://res.cloudinary.com/dfqzmnlga/image/upload/v1771040322/2026-02-14/10961036.jpg,Sports soda,"Sip, sprint, and stay unstoppable—because even soda can be a game-changer! 🎉"
10932875,20.0,,Bånd/papir,Gavepose,1,3,pk.,Netto,https://static.tilbudsugen.dk/1st-retail/2026/5/64452/Netto42026-1_29_74x4298_4897x6663_zoom.jpg,2026-01-24,2026-02-20,https://res.cloudinary.com/dfqzmnlga/image/upload/v1771040322/2026-02-14/10932875.jpg,Gift bag,"🎁 Happy to deliver joy, wrapped in a gift bag—where every little thing feels special."
10961636,20.0,,Skotilbehør,Duftpose,1,3,pk.,Netto,https://static.tilbudsugen.dk/1st-retail/2026/8/64621/Netto72026-1_34_235x274_4836x3484_zoom.jpg,2026-02-14,2026-02-20,https://res.cloudinary.com/dfqzmnlga/image/upload/v1771040323/2026-02-14/10961636.jpg,Scent bag,"✨ Smell the fun, pack the vibe — I'm the scent of joy in your bag! ✨"
10961603,14.0,,Sokker/Strømper,Strømper,1,2,pk.,Netto,https://static.tilbudsugen.dk/1st-retail/2026/8/64621/Netto72026-1_33_2451x4927_4704x6819_zoom.jpg,2026-02-14,2026-02-20,https://res.cloudinary.com/dfqzmnlga/image/upload/v1771040323/2026-02-14/10961603.jpg,Stockings,✨ Wrap 'n' wrap your day with style—stockings are the ultimate fashion statement! ✨
10961604,14.0,,Sokker/Strømper,Strømper,1,2,pk.,Netto,https://static.tilbudsugen.dk/1st-retail/2026/8/64621/Netto72026-1_33_294x4941_2451x6782_zoom.jpg,2026-02-14,2026-02-20,https://res.cloudinary.com/dfqzmnlga/image/upload/v1771040324/2026-02-14/10961604.jpg,Stockings,"✨ Unzip your dreams, one knot at a time."
10952741,25.0,Magnum,Multipak,La-Peche ispinde,1,3,pk.,Netto,https://static.tilbudsugen.dk/1st-retail/2026/7/64562/Netto62026-1_19_1673x2799_3366x4831_zoom.jpg,2026-02-01,2026-02-28,https://res.cloudinary.com/dfqzmnlga/image/upload/v1771040324/2026-02-14/10952741.jpg,La-Peche Popsicles,"Sip, savor, and smile—La-Peche Popsicles melt in your mouth, leaving only joy behind. 🍦"
10952749,25.0,Magnum,Multipak,Double Gold Caramel ispinde,1,3,pk.,Netto,https://static.tilbudsugen.dk/1st-retail/2026/7/64562/Netto62026-1_19_1673x2799_3366x4831_zoom.jpg,2026-02-01,2026-02-28,https://res.cloudinary.com/dfqzmnlga/image/upload/v1771040325/2026-02-14/10952749.jpg,Double Gold Caramel Popsicles,"✨ Double Gold Caramel Popsicles — sweet, creamy, and perfect for any occasion! 🍫"
10952740,25.0,Magnum,Multipak,La-Pistachie ispinde,1,3,pk.,Netto,https://static.tilbudsugen.dk/1st-retail/2026/7/64562/Netto62026-1_19_1673x2799_3366x4831_zoom.jpg,2026-02-01,2026-02-28,https://res.cloudinary.com/dfqzmnlga/image/upload/v1771040326/2026-02-14/10952740.jpg,La-Pistachie Popsicles,"Sour, sweet, and super fun—la-pistachiodee popsicles! 🍓❄️"
10952739,25.0,Magnum,Multipak,Almond ispinde,1,3,pk.,Netto,https://static.tilbudsugen.dk/1st-retail/2026/7/64562/Netto62026-1_19_1673x2799_3366x4831_zoom.jpg,2026-02-01,2026-02-28,https://res.cloudinary.com/dfqzmnlga/image/upload/v1771040326/2026-02-14/10952739.jpg,Almond Popsicle,"Salty, sweet, and slightly messy — I melt in your mouth, leaving a lasting impression. 🍫"
10952742,25.0,Magnum,Multipak,Euphoria Ispinde ,1,3,pk.,Netto,https://static.tilbudsugen.dk/1st-retail/2026/7/64562/Netto62026-1_19_1673x2799_3366x4831_zoom.jpg,2026-02-01,2026-02-28,https://res.cloudinary.com/dfqzmnlga/image/upload/v1771040326/2026-02-14/10952742.jpg,Euphoria Ispine,✨Euphoria Ispine: The one that makes your heart skip a beat and your soul sing in the dark. ✨
10952738,25.0,Magnum,Multipak,Classic ispinde,1,3,pk.,Netto,https://static.tilbudsugen.dk/1st-retail/2026/7/64562/Netto62026-1_19_1673x2799_3366x4831_zoom.jpg,2026-02-01,2026-02-28,https://res.cloudinary.com/dfqzmnlga/image/upload/v1771040327/2026-02-14/10952738.jpg,Classic Popsicles,"Savor the sweet nostalgia of a classic popsicle—melting perfection, always. 🍦"
10961512,3.0,Classic,Øl,Øl,1,0,ds.,Netto,https://static.tilbudsugen.dk/1st-retail/2026/8/64621/Netto72026-1_20_1844x626_3343x1877_zoom.jpg,2026-02-14,2026-02-20,https://res.cloudinary.com/dfqzmnlga/image/upload/v1771040327/2026-02-14/10961512.jpg,Beer,"""Raise your glass to life—beer, vibes, and endless fun!"" 🍻"
10961514,3.0,Pilsner,Øl,Øl,1,0,ds.,Netto,https://static.tilbudsugen.dk/1st-retail/2026/8/64621/Netto72026-1_20_1844x626_3343x1877_zoom.jpg,2026-02-14,2026-02-20,https://res.cloudinary.com/dfqzmnlga/image/upload/v1771040328/2026-02-14/10961514.jpg,Beer,"Sip, savor, and share—beer is the vibe. 🍻"
10952872,79.0,Coca Cola Zero,Sodavand,Cola 24 pk.,24,0,fl.,Netto,https://static.tilbudsugen.dk/1st-retail/2026/7/64562/Netto62026-1_25_15x2395_2608x4649_zoom.jpg,2026-02-01,2026-02-28,https://res.cloudinary.com/dfqzmnlga/image/upload/v1771040328/2026-02-14/10952872.jpg,Cola 24 pk.,"Sip, savor, and never forget—Cola 24 pk. 🍹"
10952867,79.0,Coca Cola,Sodavand,Cola 24 pk.,24,0,fl.,Netto,https://static.tilbudsugen.dk/1st-retail/2026/7/64562/Netto62026-1_25_15x2395_2608x4649_zoom.jpg,2026-02-01,2026-02-28,https://res.cloudinary.com/dfqzmnlga/image/upload/v1771040329/2026-02-14/10952867.jpg,Cola 24 pk.,"Sip, sip, and never stop drinking—because life's too short for empty bottles! 🍹"
10961276,12.0,Lacto FREE,Mælk,Letmælk,1,1,krt.,Netto,https://static.tilbudsugen.dk/1st-retail/2026/8/64621/Netto72026-1_15_2172x692_4872x3477_zoom.jpg,2026-02-14,2026-02-20,https://res.cloudinary.com/dfqzmnlga/image/upload/v1771040329/2026-02-14/10961276.jpg,Light milk,"Sip on the light, creamy refreshment that's just right for a perfect day ☕️"
10961275,12.0,Lacto FREE,Mælk,Minimælk,1,1,krt.,Netto,https://static.tilbudsugen.dk/1st-retail/2026/8/64621/Netto72026-1_15_2172x692_4872x3477_zoom.jpg,2026-02-14,2026-02-20,https://res.cloudinary.com/dfqzmnlga/image/upload/v1771040329/2026-02-14/10961275.jpg,Mini-milk,"✨ Tiny milk, big flavor, perfect for any moment! 🍸"
10961277,12.0,Lacto FREE,Mælk,Sødmælk,1,1,krt.,Netto,https://static.tilbudsugen.dk/1st-retail/2026/8/64621/Netto72026-1_15_2172x692_4872x3477_zoom.jpg,2026-02-14,2026-02-20,https://res.cloudinary.com/dfqzmnlga/image/upload/v1771040330/2026-02-14/10961277.jpg,Whole milk,"Smooth, creamy, and perfectly balanced — like a soft hug. 🍸"
10961183,10.0,Harvest Best,Grøntsager,Haricots Verts,1,0,ps.,Netto,https://static.tilbudsugen.dk/1st-retail/2026/8/64621/Netto72026-1_1_7x1416_2536x3807_zoom.jpg,2026-02-14,2026-02-20,https://res.cloudinary.com/dfqzmnlga/image/upload/v1771040330/2026-02-14/10961183.jpg,Haricots Verts,Green bean lover with a side of sass and a penchant for unexpected pairings. 🌱✨
10961503,40.0,,Lingeri,Trusser,1,3,pk.,Netto,https://static.tilbudsugen.dk/1st-retail/2026/8/64621/Netto72026-1_29_1870x5133_3320x6789_zoom.jpg,2026-02-14,2026-02-20,https://res.cloudinary.com/dfqzmnlga/image/upload/v1771040331/2026-02-14/10961503.jpg,Panties,"✨Barely contained, but always ready to be discovered.✨"
10961189,10.0,Harvest Best,Grøntsager,Helbladet Spinat,1,0,ps.,Netto,https://static.tilbudsugen.dk/1st-retail/2026/8/64621/Netto72026-1_1_7x1416_2536x3807_zoom.jpg,2026-02-14,2026-02-20,https://res.cloudinary.com/dfqzmnlga/image/upload/v1771040332/2026-02-14/10961189.jpg,Chinese cabbages/pe-tsai,"A burst of flavor and warmth, like a hug from the East—pe-tsai, ready to elevate your meal! 🌱"
10961543,14.0,Løgismose,Juice,Æblemost,1,1,krt.,Netto,https://static.tilbudsugen.dk/1st-retail/2026/8/64621/Netto72026-1_20_2515x5220_4998x6758_zoom.jpg,2026-02-14,2026-02-20,https://res.cloudinary.com/dfqzmnlga/image/upload/v1771040332/2026-02-14/10961543.jpg,Seasonal cheese,"Savor the flavor of change—seasonal cheese, always in season. 🍃"
10961538,14.0,Løgismose,Juice,Æblemost Hyldeblomst & Citron,1,1,krt.,Netto,https://static.tilbudsugen.dk/1st-retail/2026/8/64621/Netto72026-1_20_2515x5220_4998x6758_zoom.jpg,2026-02-14,2026-02-20,https://res.cloudinary.com/dfqzmnlga/image/upload/v1771040333/2026-02-14/10961538.jpg,Emblem Cheese Shelf Blossom & Lemon,✨ Lemon-laced blooms that make every bite a burst of joy! 🌸
10961542,14.0,Løgismose,Juice,Æblemost Ingefær,1,1,krt.,Netto,https://static.tilbudsugen.dk/1st-retail/2026/8/64621/Netto72026-1_20_2515x5220_4998x6758_zoom.jpg,2026-02-14,2026-02-20,https://res.cloudinary.com/dfqzmnlga/image/upload/v1771040333/2026-02-14/10961542.jpg,Apple cheese Ginger,"Sour, sweet, and spicy—perfect for a morning snack with a twist! 🍎🌿"
10961179,10.0,Harvest Best,Grøntsager,Fine Ærter,1,0,ps.,Netto,https://static.tilbudsugen.dk/1st-retail/2026/8/64621/Netto72026-1_1_7x1416_2536x3807_zoom.jpg,2026-02-14,2026-02-20,https://res.cloudinary.com/dfqzmnlga/image/upload/v1771040334/2026-02-14/10961179.jpg,Fine Peas,✨ Peas that taste like a secret mission — perfect for keeping things fresh and exciting! ✨
10961811,15.0,Ollineo,Olier,Rapsolie,1,1,fl.,Netto,https://static.tilbudsugen.dk/1st-retail/2026/8/64621/Netto72026-1_27_104x2594_4913x6556_zoom.jpg,2026-02-14,2026-02-20,https://res.cloudinary.com/dfqzmnlga/image/upload/v1771040334/2026-02-14/10961811.jpg,Rape oil,"🔥 Unapologetically fierce, I'm the oil that makes your day better — and your confidence shine. 🍹"
10961817,15.0,Ollineo,Olier,Solsikkeolie,1,1,fl.,Netto,https://static.tilbudsugen.dk/1st-retail/2026/8/64621/Netto72026-1_27_104x2594_4913x6556_zoom.jpg,2026-02-14,2026-02-20,https://res.cloudinary.com/dfqzmnlga/image/upload/v1771040335/2026-02-14/10961817.jpg,Sunflower-seed oil,"Golden-hued sparkles that light up any dish, 🌟"
10961194,12.0,Kohberg,Rugbrød i Skiver,Solsikkerugbrød,1,0,pk.,Netto,https://static.tilbudsugen.dk/1st-retail/2026/8/64621/Netto72026-1_2_2359x2457_4907x4686_zoom.jpg,2026-02-14,2026-02-20,https://res.cloudinary.com/dfqzmnlga/image/upload/v1771040335/2026-02-14/10961194.jpg,"Sunflower-seed oil and its fractions, whether or not refined, but not chemically modified","✨ Golden liquid sunshine, nature's own butter, pure and unprocessed. ✨"
10961226,14.0,ØGO,Grønt,Gulerødder,1,0,ps.,Netto,https://static.tilbudsugen.dk/1st-retail/2026/8/64621/Netto72026-1_12_1683x188_4887x2112_zoom.jpg,2026-02-14,2026-02-20,https://res.cloudinary.com/dfqzmnlga/image/upload/v1771040337/2026-02-14/10961226.jpg,Carrots,"Golden root with a twist—crunchy, bold, and always ready to shine! 🍂"
10961450,18.0,Klar & Klassisk,Klar Suppe,Hønsekødssuppe,1,1,pk.,Netto,https://static.tilbudsugen.dk/1st-retail/2026/8/64621/Netto72026-1_19_1688x782_3265x2848_zoom.jpg,2026-02-14,2026-02-20,https://res.cloudinary.com/dfqzmnlga/image/upload/v1771040337/2026-02-14/10961450.jpg,Chicken meat soup,"Sip, laugh, and let the soup do the talking—because life's too short for bland meals! 🍲"
10961454,18.0,Klar & Klassisk,Klar Suppe,Oksekødssuppe,1,1,pk.,Netto,https://static.tilbudsugen.dk/1st-retail/2026/8/64621/Netto72026-1_19_1688x782_3265x2848_zoom.jpg,2026-02-14,2026-02-20,https://res.cloudinary.com/dfqzmnlga/image/upload/v1771040338/2026-02-14/10961454.jpg,Beef soup,"Soulful soup, simmered with stories and spice — ready to warm your day. 🌟"
10952874,79.0,Energy,Energi- Sports- & Vitamindrikke,Energidrik 8 pk.,8,0,ds.,Netto,https://static.tilbudsugen.dk/1st-retail/2026/7/64562/Netto62026-1_25_15x2395_2608x4649_zoom.jpg,2026-02-01,2026-02-28,https://res.cloudinary.com/dfqzmnlga/image/upload/v1771040338/2026-02-14/10952874.jpg,Energy Drink 8 pk.,💥 Boost your energy with a pack of power! 🌟
10952873,79.0,Ultra Energy,Energi- Sports- & Vitamindrikke,Energidrik 8 pk.,8,0,ds.,Netto,https://static.tilbudsugen.dk/1st-retail/2026/7/64562/Netto62026-1_25_15x2395_2608x4649_zoom.jpg,2026-02-01,2026-02-28,https://res.cloudinary.com/dfqzmnlga/image/upload/v1771040338/2026-02-14/10952873.jpg,Energy Drink 8 pk.,"💥 Supercharged with energy, ready to crush any challenge!"
10961196,12.0,Mesterværk,Rugbrød i Skiver,Rugbrødsskiver,1,0,pk.,Netto,https://static.tilbudsugen.dk/1st-retail/2026/8/64621/Netto72026-1_2_2359x2457_4907x4686_zoom.jpg,2026-02-14,2026-02-20,https://res.cloudinary.com/dfqzmnlga/image/upload/v1771040339/2026-02-14/10961196.jpg,Rye bread slices,"Slice of life, slice of chaos, slice of joy—because every day is a new loaf. 🍞"
10961601,10.0,Vitamin By State Zero Citrus & Hylde,Energi- Sports- & Vitamindrikke,Energidrik,1,0,fl.,Netto,https://static.tilbudsugen.dk/1st-retail/2026/8/64621/Netto72026-1_20_0x3578_2457x5207_zoom.jpg,2026-02-14,2026-02-20,https://res.cloudinary.com/dfqzmnlga/image/upload/v1771040339/2026-02-14/10961601.jpg,Energy Drink,"⚡ Stay powered, stay unstoppable!"
10961693,40.0,Noora,Skyllemiddel,Skyllemiddel,1,2,fl.,Netto,https://static.tilbudsugen.dk/1st-retail/2026/8/64621/Netto72026-1_23_39x4770_1636x6836_zoom.jpg,2026-02-14,2026-02-20,https://res.cloudinary.com/dfqzmnlga/image/upload/v1771040339/2026-02-14/10961693.jpg,Sliding agent,"✨ Sliding agent, master of smooth transitions! ✨"
10961697,20.0,Vel,Opvask,Opvaskemiddel,1,1,pk.,Netto,https://static.tilbudsugen.dk/1st-retail/2026/8/64621/Netto72026-1_23_1688x2809_3226x4914_zoom.jpg,2026-02-14,2026-02-20,https://res.cloudinary.com/dfqzmnlga/image/upload/v1771040340/2026-02-14/10961697.jpg,Dishwasher,"Wash the dishes, clean the mess, and leave the world sparkling — just like me! 🧼✨"
10961181,10.0,Harvest Best,Grøntsager,Wok Mix,1,0,ps.,Netto,https://static.tilbudsugen.dk/1st-retail/2026/8/64621/Netto72026-1_1_7x1416_2536x3807_zoom.jpg,2026-02-14,2026-02-20,https://res.cloudinary.com/dfqzmnlga/image/upload/v1771040341/2026-02-14/10961181.jpg,Wok Mix,"🔥 Stir-fry master, ready to turn any meal into a feast! 🍳"
10961600,10.0,Vitamin By State Lemonade,Energi- Sports- & Vitamindrikke,Energidrik,1,0,fl.,Netto,https://static.tilbudsugen.dk/1st-retail/2026/8/64621/Netto72026-1_20_0x3578_2457x5207_zoom.jpg,2026-02-14,2026-02-20,https://res.cloudinary.com/dfqzmnlga/image/upload/v1771040341/2026-02-14/10961600.jpg,Energy Drink,💥 Never forget to charge your energy—because life's too short for flat batteries. 🌟
10961610,10.0,Tørst,Saft,Jordbær & Rababerdrik Zero,1,0,fl.,Netto,https://static.tilbudsugen.dk/1st-retail/2026/8/64621/Netto72026-1_20_0x3578_2457x5207_zoom.jpg,2026-02-14,2026-02-20,https://res.cloudinary.com/dfqzmnlga/image/upload/v1771040342/2026-02-14/10961610.jpg,Strawberry & Rabber Drink Zero,Sip on sweetness and surprise with Strawberry & Rabber Drink Zero — your daily dose of fun and flavor! 🍓✨
10961606,10.0,Valsølille,Juice,Vitamin Water Citron & Lime,1,0,stk.,Netto,https://static.tilbudsugen.dk/1st-retail/2026/8/64621/Netto72026-1_20_0x3578_2457x5207_zoom.jpg,2026-02-14,2026-02-20,https://res.cloudinary.com/dfqzmnlga/image/upload/v1771040343/2026-02-14/10961606.jpg,Vitamin Water Lemon & Lime,"Sip, refresh, and stay unstoppable—because life's too short for boring drinks. 🍹"
10961608,10.0,Valsølille,Juice,Vitamin Water Fersken & Passion,1,0,stk.,Netto,https://static.tilbudsugen.dk/1st-retail/2026/8/64621/Netto72026-1_20_0x3578_2457x5207_zoom.jpg,2026-02-14,2026-02-20,https://res.cloudinary.com/dfqzmnlga/image/upload/v1771040344/2026-02-14/10961608.jpg,Vitamin Water Peach & Passion,"Sip on flavor, refresh your day with Vitamin Water Peach & Passion 🍓✨"
10961256,5.0,Coffee & Milk,Iste & Iskaffe,Iskaffe,1,0,stk.,Netto,https://static.tilbudsugen.dk/1st-retail/2026/8/64621/Netto72026-1_15_46x3485_1714x5253_zoom.jpg,2026-02-14,2026-02-20,https://res.cloudinary.com/dfqzmnlga/image/upload/v1771040346/2026-02-14/10961256.jpg,Ice coffee,"I'm the ice coffee, chillin' with a side of frost and a dash of spark, ready to melt your day. 🍵❄️"
10961312,5.0,Matilde,Mælk m/smag,Kakaomælk,1,0,ds.,Netto,https://static.tilbudsugen.dk/1st-retail/2026/8/64621/Netto72026-1_15_46x3485_1714x5253_zoom.jpg,2026-02-14,2026-02-20,https://res.cloudinary.com/dfqzmnlga/image/upload/v1771040346/2026-02-14/10961312.jpg,Cocoa milk,"✨ Cocoa milk that makes every day a little sweeter, one cup at a time. 🍫"
10961580,49.0,Juicy IPA,Specialøl,Specialøl 6 pk.,6,0,ds.,Netto,https://static.tilbudsugen.dk/1st-retail/2026/8/64621/Netto72026-1_20_59x1825_2483x3558_zoom.jpg,2026-02-14,2026-02-20,https://res.cloudinary.com/dfqzmnlga/image/upload/v1771040348/2026-02-14/10961580.jpg,Special beer 6 pc.,"🔥 Crafted for the bold, brewed for the fearless — a special beer to make your night unforgettable. 🍻"
10961577,49.0,Yakima IPA,Specialøl,Specialøl 6 pk.,6,0,ds.,Netto,https://static.tilbudsugen.dk/1st-retail/2026/8/64621/Netto72026-1_20_59x1825_2483x3558_zoom.jpg,2026-02-14,2026-02-20,https://res.cloudinary.com/dfqzmnlga/image/upload/v1771040349/2026-02-14/10961577.jpg,Special beer 6 pc.,"✨ Brewed for the bold, poured for the wild. 🍻"
10961582,49.0,Stonewall Inn IPA,Specialøl,Specialøl 6 pk.,6,0,ds.,Netto,https://static.tilbudsugen.dk/1st-retail/2026/8/64621/Netto72026-1_20_59x1825_2483x3558_zoom.jpg,2026-02-14,2026-02-20,https://res.cloudinary.com/dfqzmnlga/image/upload/v1771040350/2026-02-14/10961582.jpg,Special beer 6 pc.,"""Raise a glass to the night—especially when it's special beer."" 🍻"
10961592,10.0,Lime Orange,Energi- Sports- & Vitamindrikke,Energidrik,1,0,fl.,Netto,https://static.tilbudsugen.dk/1st-retail/2026/8/64621/Netto72026-1_20_0x3578_2457x5207_zoom.jpg,2026-02-14,2026-02-20,https://res.cloudinary.com/dfqzmnlga/image/upload/v1771040350/2026-02-14/10961592.jpg,Energy Drink,"💥 Supercharged with energy, ready to crush any challenge! 🚀"
10961116,10.0,Harvest Best,Grøntsager,Mukimame Bønner,1,0,ps.,Netto,https://static.tilbudsugen.dk/1st-retail/2026/8/64621/Netto72026-1_1_7x1416_2536x3807_zoom.jpg,2026-02-14,2026-02-20,https://res.cloudinary.com/dfqzmnlga/image/upload/v1771040351/2026-02-14/10961116.jpg,Mukimame Beans,"✨ Sprouts that grow in the dark, but always keep a smile. 🌱"
10961586,10.0,Pineapple,Energi- Sports- & Vitamindrikke,Energidrik,1,0,fl.,Netto,https://static.tilbudsugen.dk/1st-retail/2026/8/64621/Netto72026-1_20_0x3578_2457x5207_zoom.jpg,2026-02-14,2026-02-20,https://res.cloudinary.com/dfqzmnlga/image/upload/v1771040351/2026-02-14/10961586.jpg,Energy Drink,"💥 Supercharged energy, no limits! 🌟"
10961597,10.0,Lime Orange Zero,Energi- Sports- & Vitamindrikke,Energidrik,1,0,fl.,Netto,https://static.tilbudsugen.dk/1st-retail/2026/8/64621/Netto72026-1_20_0x3578_2457x5207_zoom.jpg,2026-02-14,2026-02-20,https://res.cloudinary.com/dfqzmnlga/image/upload/v1771040353/2026-02-14/10961597.jpg,Energy Drink,"💥 Supercharged with energy, ready to crush any challenge! 🌟"
10961598,10.0,Pineapple Zero,Energi- Sports- & Vitamindrikke,Energidrik,1,0,fl.,Netto,https://static.tilbudsugen.dk/1st-retail/2026/8/64621/Netto72026-1_20_0x3578_2457x5207_zoom.jpg,2026-02-14,2026-02-20,https://res.cloudinary.com/dfqzmnlga/image/upload/v1771040353/2026-02-14/10961598.jpg,Energy Drink,"💥 Stay charged, stay unstoppable—because I'm the energy that makes you go beyond limits! 🚀"
10961689,10.0,Fiona&Friends,"Sæbe, bad, dusch",Flydende sæbe,1,0,stk.,Netto,https://static.tilbudsugen.dk/1st-retail/2026/8/64621/Netto72026-1_23_65x2854_1707x4881_zoom.jpg,2026-02-14,2026-02-20,https://res.cloudinary.com/dfqzmnlga/image/upload/v1771040354/2026-02-14/10961689.jpg,Liquid soap,"Lather up, smile, and let the soap do the work! 🧼"
10961533,25.0,Booster ,Energi- Sports- & Vitamindrikke,Energidrik 24 pk.,4,0,ds.,Netto,https://static.tilbudsugen.dk/1st-retail/2026/8/64621/Netto72026-1_20_46x684_1870x1831_zoom.jpg,2026-02-14,2026-02-20,https://res.cloudinary.com/dfqzmnlga/image/upload/v1771040354/2026-02-14/10961533.jpg,Energy Drink 24 pk.,"💥 Turbocharged energy, fueled by life. 🌟"
10961195,12.0,Kohberg,Boller & Morgenbrød,Yoghurtboller,1,0,ps.,Netto,https://static.tilbudsugen.dk/1st-retail/2026/8/64621/Netto72026-1_2_2359x2457_4907x4686_zoom.jpg,2026-02-14,2026-02-20,https://res.cloudinary.com/dfqzmnlga/image/upload/v1771040355/2026-02-14/10961195.jpg,Yogurt balls,"Satisfy your cravings with a creamy, fun twist—yogurt balls, ready to burst with joy! 🍯"
10961229,16.0,ØGO,Kartofler,Steak Fries,1,0,ps.,Netto,https://static.tilbudsugen.dk/1st-retail/2026/8/64621/Netto72026-1_12_1792x5106_3406x7263_zoom.jpg,2026-02-14,2026-02-20,https://res.cloudinary.com/dfqzmnlga/image/upload/v1771040355/2026-02-14/10961229.jpg,Steak Fries,🔥 Sizzling steak fries that make your taste buds dance and your heart skip a beat! 🍔✨
10961694,20.0,Ajax,Rengøringsmidler,Rengøring - universal,1,0,fl.,Netto,https://static.tilbudsugen.dk/1st-retail/2026/8/64621/Netto72026-1_23_1688x2809_3226x4914_zoom.jpg,2026-02-14,2026-02-20,https://res.cloudinary.com/dfqzmnlga/image/upload/v1771040356/2026-02-14/10961694.jpg,Cleaning - universal,"✨ Clean your space, clean your mind, and clean your vibe! ✨"
10961268,12.0,Cultura,Syrnet morgenmad,Naturel Yoghurt ,1,0,bg.,Netto,https://static.tilbudsugen.dk/1st-retail/2026/8/64621/Netto72026-1_15_1614x3430_3344x5315_zoom.jpg,2026-02-14,2026-02-20,https://res.cloudinary.com/dfqzmnlga/image/upload/v1771040357/2026-02-14/10961268.jpg,Natural Yogurt,"Slay your day with a creamy, delicious boost—yogurt, wherever you go! 🥛"
10961267,12.0,Cultura,Syrnet morgenmad,Jordbær Yoghurt ,1,0,bg.,Netto,https://static.tilbudsugen.dk/1st-retail/2026/8/64621/Netto72026-1_15_1614x3430_3344x5315_zoom.jpg,2026-02-14,2026-02-20,https://res.cloudinary.com/dfqzmnlga/image/upload/v1771040357/2026-02-14/10961267.jpg,Strawberries Yogurt,"Sip, savor, and share—strawberries and yogurt in every bite! 🍓 Yogurt 🍯"
10961266,12.0,Cultura,Syrnet morgenmad,Blåbær Yoghurt ,1,0,bg.,Netto,https://static.tilbudsugen.dk/1st-retail/2026/8/64621/Netto72026-1_15_1614x3430_3344x5315_zoom.jpg,2026-02-14,2026-02-20,https://res.cloudinary.com/dfqzmnlga/image/upload/v1771040358/2026-02-14/10961266.jpg,Blueberries Yogurt,"Sip, savor, and swoon—blueberries and yogurt in every bite! 🍓 Yogurt 🍯"
10961691,40.0,A+,Vaskemiddel,Vaskemiddel-flydende,1,1,stk.,Netto,https://static.tilbudsugen.dk/1st-retail/2026/8/64621/Netto72026-1_23_39x4770_1636x6836_zoom.jpg,2026-02-14,2026-02-20,https://res.cloudinary.com/dfqzmnlga/image/upload/v1771040359/2026-02-14/10961691.jpg,Laundry liquid,"Dish soap for the laundry, but more fun. 🧼✨"
10961523,14.0,Ultra Peachy Keen,Energi- Sports- & Vitamindrikke,Energidrik,1,0,ds.,Netto,https://static.tilbudsugen.dk/1st-retail/2026/8/64621/Netto72026-1_20_3317x215_4913x1903_zoom.jpg,2026-02-14,2026-02-20,https://res.cloudinary.com/dfqzmnlga/image/upload/v1771040359/2026-02-14/10961523.jpg,Energy Drink,💥 Never gonna let you sleep without me!
10961530,14.0,Lando Norris,Energi- Sports- & Vitamindrikke,Energidrik,1,0,ds.,Netto,https://static.tilbudsugen.dk/1st-retail/2026/8/64621/Netto72026-1_20_3317x215_4913x1903_zoom.jpg,2026-02-14,2026-02-20,https://res.cloudinary.com/dfqzmnlga/image/upload/v1771040360/2026-02-14/10961530.jpg,Energy Drink,"💥 Supercharged with energy, ready to crush any challenge! 🌟"
10961486,7.0,Egelykke,Mellemmåltider,Drikkeyoghurt Lemon & Lime,1,0,fl.,Netto,https://static.tilbudsugen.dk/1st-retail/2026/8/64621/Netto72026-1_18_258x2306_3298x3984_zoom.jpg,2026-02-14,2026-02-20,https://res.cloudinary.com/dfqzmnlga/image/upload/v1771040360/2026-02-14/10961486.jpg,Drinkyogurt Lemon & Lime,"Sip, savor, and squeeze—Drinkyogurt Lemon & Lime is the ultimate refreshment. 🍋"
10961487,7.0,Egelykke,Mellemmåltider,Drikkeyoghurt Jordbær,1,0,fl.,Netto,https://static.tilbudsugen.dk/1st-retail/2026/8/64621/Netto72026-1_18_258x2306_3298x3984_zoom.jpg,2026-02-14,2026-02-20,https://res.cloudinary.com/dfqzmnlga/image/upload/v1771040360/2026-02-14/10961487.jpg,Drinking yoghurt Strawberry,"Sip, swirl, and smile—strawberry yogurt is the ultimate refreshment! 🍓✨"
10961528,14.0,Ultra Energy,Energi- Sports- & Vitamindrikke,Energidrik,1,0,ds.,Netto,https://static.tilbudsugen.dk/1st-retail/2026/8/64621/Netto72026-1_20_3317x215_4913x1903_zoom.jpg,2026-02-14,2026-02-20,https://res.cloudinary.com/dfqzmnlga/image/upload/v1771040361/2026-02-14/10961528.jpg,Energy Drink,"💥 Stay pumped, stay electric — I'm the energy that keeps you moving! 🌟"
10961526,14.0,Rio Punch,Energi- Sports- & Vitamindrikke,Energidrik,1,0,ds.,Netto,https://static.tilbudsugen.dk/1st-retail/2026/8/64621/Netto72026-1_20_3317x215_4913x1903_zoom.jpg,2026-02-14,2026-02-20,https://res.cloudinary.com/dfqzmnlga/image/upload/v1771040361/2026-02-14/10961526.jpg,Energy Drink,"🔥 Supercharged with energy, ready to conquer anything! 🌟"
10961531,14.0,Energy,Energi- Sports- & Vitamindrikke,Energidrik,1,0,ds.,Netto,https://static.tilbudsugen.dk/1st-retail/2026/8/64621/Netto72026-1_20_3317x215_4913x1903_zoom.jpg,2026-02-14,2026-02-20,https://res.cloudinary.com/dfqzmnlga/image/upload/v1771040362/2026-02-14/10961531.jpg,Energy Drink,"💥 Supercharged energy, no limits! 🌟"
10961481,7.0,Egelykke,Mellemmåltider,Drikkeyoghurt Fersken & Mango,1,0,fl.,Netto,https://static.tilbudsugen.dk/1st-retail/2026/8/64621/Netto72026-1_18_258x2306_3298x3984_zoom.jpg,2026-02-14,2026-02-20,https://res.cloudinary.com/dfqzmnlga/image/upload/v1771040363/2026-02-14/10961481.jpg,Drinking yogurt Peach & Mango,"Tropical flavor, creamy texture, and a dash of sunshine — perfect for a quick snack or a refreshing treat. 🍑✨"
10961485,7.0,Egelykke,Mellemmåltider,Drikkeyoghurt Skovbær,1,0,fl.,Netto,https://static.tilbudsugen.dk/1st-retail/2026/8/64621/Netto72026-1_18_258x2306_3298x3984_zoom.jpg,2026-02-14,2026-02-20,https://res.cloudinary.com/dfqzmnlga/image/upload/v1771040363/2026-02-14/10961485.jpg,Drinking yoghurt Forestberries,"✨ Drunk in the fridge, but still sweet inside. 🍯"
10961245,14.06,Karolines,Saucer,Let Mornaysauce,1,0,krt.,Netto,https://static.tilbudsugen.dk/1st-retail/2026/8/64621/Netto72026-1_14_2250x661_4887x3322_zoom.jpg,2026-02-14,2026-02-20,https://res.cloudinary.com/dfqzmnlga/image/upload/v1771040363/2026-02-14/10961245.jpg,Light Mornaysauce,"✨ Light Mornaysauce: The perfect start to any morning, with a touch of whimsy and a sprinkle of flavor. 🌟"
10961305,25.0,Valsølille,Saft,Fokus Smoothie,1,0,fl.,Netto,https://static.tilbudsugen.dk/1st-retail/2026/8/64621/Netto72026-1_15_2436x5215_4965x7232_zoom.jpg,2026-02-14,2026-02-20,https://res.cloudinary.com/dfqzmnlga/image/upload/v1771040364/2026-02-14/10961305.jpg,Focus Smoothie,✨ Boost your focus with a delicious smoothie that keeps you energized and ready to conquer anything! ✨
10961337,25.0,Valsølille,Juice,Æblemost med Hindbær,1,0,fl.,Netto,https://static.tilbudsugen.dk/1st-retail/2026/8/64621/Netto72026-1_15_2436x5215_4965x7232_zoom.jpg,2026-02-14,2026-02-20,https://res.cloudinary.com/dfqzmnlga/image/upload/v1771040364/2026-02-14/10961337.jpg,Apple cheese with Raspberry,"Sweet, tangy, and slightly cheesy — Apple cheese with Raspberry 🍐"
10961279,25.0,Valsølille,Juice,Appelsinjuice,1,0,fl.,Netto,https://static.tilbudsugen.dk/1st-retail/2026/8/64621/Netto72026-1_15_2436x5215_4965x7232_zoom.jpg,2026-02-14,2026-02-20,https://res.cloudinary.com/dfqzmnlga/image/upload/v1771040366/2026-02-14/10961279.jpg,Orange juice,"Sip, savor, and shine—because orange juice is the perfect punch to any day. 🍊"
10961327,25.0,Valsølille,Juice,Appelsinjuice uden frugtkød,1,0,fl.,Netto,https://static.tilbudsugen.dk/1st-retail/2026/8/64621/Netto72026-1_15_2436x5215_4965x7232_zoom.jpg,2026-02-14,2026-02-20,https://res.cloudinary.com/dfqzmnlga/image/upload/v1771040366/2026-02-14/10961327.jpg,Orange juice without pulp,Sip on the purest sunshine—orange juice without pulp. 🍊
10961328,25.0,Valsølille,Saft,Lemonade Fersken & Passion,1,0,fl.,Netto,https://static.tilbudsugen.dk/1st-retail/2026/8/64621/Netto72026-1_15_2436x5215_4965x7232_zoom.jpg,2026-02-14,2026-02-20,https://res.cloudinary.com/dfqzmnlga/image/upload/v1771040367/2026-02-14/10961328.jpg,Lemonade Peach & Passion,"Tropical twist in every bite, with a hint of sunshine and a splash of sweetness—lemonade peach & passion. 🍑✨"
10961304,25.0,Valsølille,Saft,Citrolicious Lemonade,1,0,fl.,Netto,https://static.tilbudsugen.dk/1st-retail/2026/8/64621/Netto72026-1_15_2436x5215_4965x7232_zoom.jpg,2026-02-14,2026-02-20,https://res.cloudinary.com/dfqzmnlga/image/upload/v1771040367/2026-02-14/10961304.jpg,Citrolicious Lemonade,"Citrolicious Lemonade: Sip, savor, and smile—because life's too sweet to skip the flavor. 🍹"
10961326,25.0,Valsølille,Juice,Appelsinjuice,1,0,fl.,Netto,https://static.tilbudsugen.dk/1st-retail/2026/8/64621/Netto72026-1_15_2436x5215_4965x7232_zoom.jpg,2026-02-14,2026-02-20,https://res.cloudinary.com/dfqzmnlga/image/upload/v1771040368/2026-02-14/10961326.jpg,Orange juice,"Sip on the sweetest sunshine, always. 🍊"
10961369,25.0,Valsølille,Juice,Hindbærjuice,1,0,fl.,Netto,https://static.tilbudsugen.dk/1st-retail/2026/8/64621/Netto72026-1_15_2436x5215_4965x7232_zoom.jpg,2026-02-14,2026-02-20,https://res.cloudinary.com/dfqzmnlga/image/upload/v1771040368/2026-02-14/10961369.jpg,Raspberry juice,"Sip, savor, and spark joy with every raspberry twist—nature's sweet, unexpected delight 🍓"
10961669,15.0,Rummo,Pasta,Pasta,1,0,ps.,Netto,https://static.tilbudsugen.dk/1st-retail/2026/8/64621/Netto72026-1_22_13x2907_2496x4803_zoom.jpg,2026-02-14,2026-02-20,https://res.cloudinary.com/dfqzmnlga/image/upload/v1771040370/2026-02-14/10961669.jpg,Pasta,"Savory, versatile, and always ready to conquer any dish—just ask me what I’m cooking. 🍝"
10961510,30.0,Bistronne,Fjerkræ,Kyllingelår,1,1,pk.,Netto,https://static.tilbudsugen.dk/1st-retail/2026/8/64621/Netto72026-1_19_1655x4797_3245x6843_zoom.jpg,2026-02-14,2026-02-20,https://res.cloudinary.com/dfqzmnlga/image/upload/v1771040370/2026-02-14/10961510.jpg,Chicken years,Chicken years: The only thing better than a good meal is a good laugh. 🍗
10961225,65.0,Rokkedahl,Fjerkræ,Kyllingeunderlår,1,2,ps.,Netto,https://static.tilbudsugen.dk/1st-retail/2026/8/64621/Netto72026-1_12_77x4718_1823x7239_zoom.jpg,2026-02-14,2026-02-20,https://res.cloudinary.com/dfqzmnlga/image/upload/v1771040371/2026-02-14/10961225.jpg,Chicken's thighs,"🔥Sizzling thighs, ready to ignite your taste buds! 🍗"
10961568,49.0,Blanc,Specialøl,Specialøl 6 pk.,6,0,fl.,Netto,https://static.tilbudsugen.dk/1st-retail/2026/8/64621/Netto72026-1_20_59x1825_2483x3558_zoom.jpg,2026-02-14,2026-02-20,https://res.cloudinary.com/dfqzmnlga/image/upload/v1771040371/2026-02-14/10961568.jpg,Special beer 6 pc.,"✨ Brewed for the bold, poured for the wild. 🍻"
10961575,49.0,"Blanc 0,0%",Alkoholfrie Øl,Øl - Alkoholfri 6 pk.,6,0,fl.,Netto,https://static.tilbudsugen.dk/1st-retail/2026/8/64621/Netto72026-1_20_59x1825_2483x3558_zoom.jpg,2026-02-14,2026-02-20,https://res.cloudinary.com/dfqzmnlga/image/upload/v1771040372/2026-02-14/10961575.jpg,Beer - Alcohol-free 6 pk.,"Sip, savor, and skip the rules—just a beer in your hand, ready to brew your own fun. 🍻"
10961341,99.0,Løgismose,Øvrige vinlande,Rosevin,1,3,krt.,Netto,https://static.tilbudsugen.dk/1st-retail/2026/8/64621/Netto72026-1_7_1635x182_4887x2496_zoom.jpg,2026-02-14,2026-02-20,https://res.cloudinary.com/dfqzmnlga/image/upload/v1771040372/2026-02-14/10961341.jpg,Rose wine,Sip on the sweetest memories with a dash of sparkles—Rose wine 🍷
10961280,99.0,,Italienske vine,Italiensk Rosévin,1,3,krt.,Netto,https://static.tilbudsugen.dk/1st-retail/2026/8/64621/Netto72026-1_3_0x2927_2240x5236_zoom.jpg,2026-02-14,2026-02-20,https://res.cloudinary.com/dfqzmnlga/image/upload/v1771040373/2026-02-14/10961280.jpg,Italian Rosé wine,"Sip, savor, and smile—Italian Rosé wine is the perfect companion for any good time. 🍷"
10961281,99.0,,Italienske vine,Italiensk Hvidvin,1,3,krt.,Netto,https://static.tilbudsugen.dk/1st-retail/2026/8/64621/Netto72026-1_3_0x2927_2240x5236_zoom.jpg,2026-02-14,2026-02-20,https://res.cloudinary.com/dfqzmnlga/image/upload/v1771040374/2026-02-14/10961281.jpg,Italian White wine,"Sip, savor, and let the flavors tell tales—Italian white wine, ready to elevate any moment. 🍷"
10961340,99.0,Løgismose,Øvrige vinlande,Rødvin,1,3,krt.,Netto,https://static.tilbudsugen.dk/1st-retail/2026/8/64621/Netto72026-1_7_1635x182_4887x2496_zoom.jpg,2026-02-14,2026-02-20,https://res.cloudinary.com/dfqzmnlga/image/upload/v1771040375/2026-02-14/10961340.jpg,Red wine,"Sip, savor, and let the wine do the talking. 🍷"
10961278,99.0,,Italienske vine,Italiensk Rødvin,1,3,krt.,Netto,https://static.tilbudsugen.dk/1st-retail/2026/8/64621/Netto72026-1_3_0x2927_2240x5236_zoom.jpg,2026-02-14,2026-02-20,https://res.cloudinary.com/dfqzmnlga/image/upload/v1771040375/2026-02-14/10961278.jpg,Italian Red Wine,"A smooth, bold sip of Italian elegance, perfect for any occasion. 🍷"
10961339,99.0,Løgismose,Øvrige vinlande,Hvidvin,1,3,krt.,Netto,https://static.tilbudsugen.dk/1st-retail/2026/8/64621/Netto72026-1_7_1635x182_4887x2496_zoom.jpg,2026-02-14,2026-02-20,https://res.cloudinary.com/dfqzmnlga/image/upload/v1771040376/2026-02-14/10961339.jpg,White wine,"Sip, savor, and share—white wine is the perfect companion to any good time. 🍷"
10961688,10.0,Bodyx Fuze,"Sæbe, bad, dusch",Bodyshampoo,1,0,stk.,Netto,https://static.tilbudsugen.dk/1st-retail/2026/8/64621/Netto72026-1_23_65x2854_1707x4881_zoom.jpg,2026-02-14,2026-02-20,https://res.cloudinary.com/dfqzmnlga/image/upload/v1771040377/2026-02-14/10961688.jpg,Body shampoo,✨Lather up your day with my refreshing scent!✨
10932868,69.0,,Boligtekstiler,Håndklæde,1,2,pk.,Netto,https://static.tilbudsugen.dk/1st-retail/2026/5/64452/Netto42026-1_30_216x4359_3577x6548_zoom.jpg,2026-01-24,2026-02-20,https://res.cloudinary.com/dfqzmnlga/image/upload/v1771040377/2026-02-14/10932868.jpg,Towel,"✨ Wipe away the chaos, one towel at a time. ✨"
10961311,109.0,,Tyske vine,Tysk Hvidvin,1,3,krt.,Netto,https://static.tilbudsugen.dk/1st-retail/2026/8/64621/Netto72026-1_5_2412x4329_4962x7202_zoom.jpg,2026-02-14,2026-02-20,https://res.cloudinary.com/dfqzmnlga/image/upload/v1771040378/2026-02-14/10961311.jpg,German White wine,"Sip the perfect pour, pour the perfect sip — German White wine, wherever you are. 🍷"
10961314,12.0,Ama,Madlavning friskvarer,Madlavningsfløde 8%,1,0,krt.,Netto,https://static.tilbudsugen.dk/1st-retail/2026/8/64621/Netto72026-1_15_3274x3485_4880x5277_zoom.jpg,2026-02-14,2026-02-20,https://res.cloudinary.com/dfqzmnlga/image/upload/v1771040379/2026-02-14/10961314.jpg,Cooking cream 8%,"Spicy and creamy, perfect for adding a dash of flavor to any meal! 🌮"
10961271,12.0,Ama,Madlavning friskvarer,Madlavningsfløde 15 %,1,0,krt.,Netto,https://static.tilbudsugen.dk/1st-retail/2026/8/64621/Netto72026-1_15_3274x3485_4880x5277_zoom.jpg,2026-02-14,2026-02-20,https://res.cloudinary.com/dfqzmnlga/image/upload/v1771040379/2026-02-14/10961271.jpg,Cooking cream 15 %,✨ Boost your flavor with a dash of creativity!
10961459,10.0,Langelænder,Postej og Paté,Grov Postej,1,0,stk.,Netto,https://static.tilbudsugen.dk/1st-retail/2026/8/64621/Netto72026-1_17_88x5000_1649x6907_zoom.jpg,2026-02-14,2026-02-20,https://res.cloudinary.com/dfqzmnlga/image/upload/v1771040379/2026-02-14/10961459.jpg,Grov Postej,"Grov Postej delivers fresh, fun, and forgettable memories with every delivery! 🛒✨"
10961403,10.0,Langelænder,Postej og Paté,Bacon Postej,1,0,stk.,Netto,https://static.tilbudsugen.dk/1st-retail/2026/8/64621/Netto72026-1_17_88x5000_1649x6907_zoom.jpg,2026-02-14,2026-02-20,https://res.cloudinary.com/dfqzmnlga/image/upload/v1771040380/2026-02-14/10961403.jpg,Bacon Postej,Bacon Postej: The ultimate snack that turns your day into a bacon-induced adventure 🍞
10961222,30.0,,Kylling,Kyllingeunderlår,1,0,pk.,Netto,https://static.tilbudsugen.dk/1st-retail/2026/8/64621/Netto72026-1_11_109x3198_2568x5106_zoom.jpg,2026-02-14,2026-02-20,https://res.cloudinary.com/dfqzmnlga/image/upload/v1771040381/2026-02-14/10961222.jpg,Chicken's thighs,"Sizzling with flavor, I'm the chicken's thigh that's ready to conquer your taste buds! 🍗🔥"
10961479,30.0,Bistronne,Færdigretter Frost,Hot Wings,1,0,ps.,Netto,https://static.tilbudsugen.dk/1st-retail/2026/8/64621/Netto72026-1_19_1655x4797_3245x6843_zoom.jpg,2026-02-14,2026-02-20,https://res.cloudinary.com/dfqzmnlga/image/upload/v1771040381/2026-02-14/10961479.jpg,Hot Wings,"🔥 Sizzling with flavor, ready to spice up your day! 🍔"
10961545,20.0,Løgismose,Sodavand,Pink Tonic,1,0,fl.,Netto,https://static.tilbudsugen.dk/1st-retail/2026/8/64621/Netto72026-1_20_143x5181_2522x6758_zoom.jpg,2026-02-14,2026-02-20,https://res.cloudinary.com/dfqzmnlga/image/upload/v1771040382/2026-02-14/10961545.jpg,Pink Tonic,"✨ Sparkle in every sip, glow from within—Pink Tonic, your secret weapon for radiant confidence. ✨"
10961548,20.0,Løgismose,Sodavand,Ginger Beer,1,0,fl.,Netto,https://static.tilbudsugen.dk/1st-retail/2026/8/64621/Netto72026-1_20_143x5181_2522x6758_zoom.jpg,2026-02-14,2026-02-20,https://res.cloudinary.com/dfqzmnlga/image/upload/v1771040382/2026-02-14/10961548.jpg,Ginger Beer,"Sip, savor, and spice up your day with me—ginger beer, bold and bright. 🍀"
10961549,20.0,Løgismose,Sodavand,Indian Tonic,1,0,fl.,Netto,https://static.tilbudsugen.dk/1st-retail/2026/8/64621/Netto72026-1_20_143x5181_2522x6758_zoom.jpg,2026-02-14,2026-02-20,https://res.cloudinary.com/dfqzmnlga/image/upload/v1771040382/2026-02-14/10961549.jpg,Indian Tonic,"Sip on the flavor of tradition, one tonic at a time 🍵"
10961182,10.0,Harvest Best,Grøntsager,Broccolibuketter,1,0,ps.,Netto,https://static.tilbudsugen.dk/1st-retail/2026/8/64621/Netto72026-1_1_7x1416_2536x3807_zoom.jpg,2026-02-14,2026-02-20,https://res.cloudinary.com/dfqzmnlga/image/upload/v1771040383/2026-02-14/10961182.jpg,Broccoli bouquets,"A kaleidoscope of green in every bite, ready to turn ordinary meals into magical ones 🌱✨"
10961668,20.0,Bell's,Müsli & Granola,Granola Triple Choco,1,0,ps.,Netto,https://static.tilbudsugen.dk/1st-retail/2026/8/64621/Netto72026-1_22_0x4836_1642x6915_zoom.jpg,2026-02-14,2026-02-20,https://res.cloudinary.com/dfqzmnlga/image/upload/v1771040383/2026-02-14/10961668.jpg,Granola Triple Choco,"✨ ChocoGranola: Sweet, salty, and super crunchy—perfect for any snack time! ✨"
10961185,10.0,Harvest Best,Grøntsager,Broccoli Mix,1,0,ps.,Netto,https://static.tilbudsugen.dk/1st-retail/2026/8/64621/Netto72026-1_1_7x1416_2536x3807_zoom.jpg,2026-02-14,2026-02-20,https://res.cloudinary.com/dfqzmnlga/image/upload/v1771040384/2026-02-14/10961185.jpg,Broccoli Mix,"Sprout up with a twist—fresh, vibrant, and full of flavor! 🌱"
10961124,10.0,Harvest Best,Grøntsager,Majs,1,0,ps.,Netto,https://static.tilbudsugen.dk/1st-retail/2026/8/64621/Netto72026-1_1_7x1416_2536x3807_zoom.jpg,2026-02-14,2026-02-20,https://res.cloudinary.com/dfqzmnlga/image/upload/v1771040384/2026-02-14/10961124.jpg,Maize,"Golden grain with a spark of joy, 🌾"
10961671,25.0,Cocoa Crunchers,Morgenmadsprodukter,Morgenmadsprodukt,1,0,ps.,Netto,https://static.tilbudsugen.dk/1st-retail/2026/8/64621/Netto72026-1_22_1681x4836_3265x6875_zoom.jpg,2026-02-14,2026-02-20,https://res.cloudinary.com/dfqzmnlga/image/upload/v1771040384/2026-02-14/10961671.jpg,Breakfast product,"Sizzle your day with a breakfast twist—flavor, texture, and a dash of magic. 🍓"
10961562,12.0,Breezer,RTD,Zesty Orange RTD,1,0,fl.,Netto,https://static.tilbudsugen.dk/1st-retail/2026/8/64621/Netto72026-1_20_2476x1851_4965x3506_zoom.jpg,2026-02-14,2026-02-20,https://res.cloudinary.com/dfqzmnlga/image/upload/v1771040385/2026-02-14/10961562.jpg,Zesty Orange RTD,"Zesty Orange RTD: Sip, savor, and smile—because life's too short for boring flavors! 🍊"
10961565,12.0,Apple,Ciders,Apple Cider,1,0,fl.,Netto,https://static.tilbudsugen.dk/1st-retail/2026/8/64621/Netto72026-1_20_2476x1851_4965x3506_zoom.jpg,2026-02-14,2026-02-20,https://res.cloudinary.com/dfqzmnlga/image/upload/v1771040385/2026-02-14/10961565.jpg,Apple Cider,"Sweet, tart, and warm — the perfect companion to any cold day. 🍎"
10961555,12.0,Breezer,RTD,Sweet Pineapple RTD,1,0,fl.,Netto,https://static.tilbudsugen.dk/1st-retail/2026/8/64621/Netto72026-1_20_2476x1851_4965x3506_zoom.jpg,2026-02-14,2026-02-20,https://res.cloudinary.com/dfqzmnlga/image/upload/v1771040385/2026-02-14/10961555.jpg,Sweet Pineapple RTD,"Tropical twist, sweet and zesty—mix it up with a dash of sunshine! 🍑"
10961560,12.0,Breezer,RTD,Vibrant Raspberry & Yuzu RTD,1,0,fl.,Netto,https://static.tilbudsugen.dk/1st-retail/2026/8/64621/Netto72026-1_20_2476x1851_4965x3506_zoom.jpg,2026-02-14,2026-02-20,https://res.cloudinary.com/dfqzmnlga/image/upload/v1771040386/2026-02-14/10961560.jpg,Vibrant Raspberry & Yuzu RTD,"✨ Sip on the sweet, zesty burst of vibrant raspberry and yuzu—perfect for a refreshing twist on anything! ✨"
10961563,12.0,Breezer,RTD,Sweet Strawberry RTD,1,0,fl.,Netto,https://static.tilbudsugen.dk/1st-retail/2026/8/64621/Netto72026-1_20_2476x1851_4965x3506_zoom.jpg,2026-02-14,2026-02-20,https://res.cloudinary.com/dfqzmnlga/image/upload/v1771040386/2026-02-14/10961563.jpg,Sweet Strawberry RTD,"Sip on sweetness, refresh your day with a tangy twist — 🍓✨"
10961564,12.0,Breezer,RTD,White Tea & Raspberry,1,0,fl.,Netto,https://static.tilbudsugen.dk/1st-retail/2026/8/64621/Netto72026-1_20_2476x1851_4965x3506_zoom.jpg,2026-02-14,2026-02-20,https://res.cloudinary.com/dfqzmnlga/image/upload/v1771040387/2026-02-14/10961564.jpg,White Tea & Raspberry,"A delicate blend of white tea and raspberry, perfect for those who love a touch of sweetness and a hint of elegance. 🍵🍓"
10961634,10.0,Fintons,Kager,Kardemommegifler,1,0,pk.,Netto,https://static.tilbudsugen.dk/1st-retail/2026/8/64621/Netto72026-1_21_26x4829_1629x6856_zoom.jpg,2026-02-14,2026-02-20,https://res.cloudinary.com/dfqzmnlga/image/upload/v1771040388/2026-02-14/10961634.jpg,Cardamom gifters,✨ Spice whisperers who gift delight with every flavor ✨
10961632,10.0,Fintons,Kager,Kanelgifler,1,0,pk.,Netto,https://static.tilbudsugen.dk/1st-retail/2026/8/64621/Netto72026-1_21_26x4829_1629x6856_zoom.jpg,2026-02-14,2026-02-20,https://res.cloudinary.com/dfqzmnlga/image/upload/v1771040389/2026-02-14/10961632.jpg,Cinnamon gifters,✨ Cinnamon gifters: Sweetening your day with a sprinkle of joy. 🌟
10961324,35.0,,Californiske vine,Californisk Rosevin,1,0,fl.,Netto,https://static.tilbudsugen.dk/1st-retail/2026/8/64621/Netto72026-1_6_2769x2213_4996x5064_zoom.jpg,2026-02-14,2026-02-20,https://res.cloudinary.com/dfqzmnlga/image/upload/v1771040389/2026-02-14/10961324.jpg,California Rosevin,"🌸 Bloom where you stand, but always with a twist of citrus."
10961322,35.0,,Californiske vine,Californisk Rødvin,1,0,fl.,Netto,https://static.tilbudsugen.dk/1st-retail/2026/8/64621/Netto72026-1_6_2769x2213_4996x5064_zoom.jpg,2026-02-14,2026-02-20,https://res.cloudinary.com/dfqzmnlga/image/upload/v1771040389/2026-02-14/10961322.jpg,California Red Wine,"Sip, savor, and let the flavors speak — 🍷"
10961323,35.0,,Californiske vine,Californisk Rosevin,1,0,fl.,Netto,https://static.tilbudsugen.dk/1st-retail/2026/8/64621/Netto72026-1_6_2769x2213_4996x5064_zoom.jpg,2026-02-14,2026-02-20,https://res.cloudinary.com/dfqzmnlga/image/upload/v1771040390/2026-02-14/10961323.jpg,California Rosevin,"✨ Bloom where you least expect it, and always keep your vibe in full bloom."
10961239,23.77,ØGO,Olier,Rapsolie,1,0,fl.,Netto,https://static.tilbudsugen.dk/1st-retail/2026/8/64621/Netto72026-1_13_225x3904_2630x7185_zoom.jpg,2026-02-14,2026-02-20,https://res.cloudinary.com/dfqzmnlga/image/upload/v1771040390/2026-02-14/10961239.jpg,Rape oil,"🔥 Liquid courage, ready to ignite your day!"
10961392,11.97,Premieur,Færdigretter Køl,Ricotta & Spinat Pasta,1,0,bk.,Netto,https://static.tilbudsugen.dk/1st-retail/2026/8/64621/Netto72026-1_8_3656x5298_4907x7243_zoom.jpg,2026-02-14,2026-02-20,https://res.cloudinary.com/dfqzmnlga/image/upload/v1771040391/2026-02-14/10961392.jpg,Ricotta & Spinach Pasta,"A creamy, cheesy, and spinach-laced dream that melts in your mouth—perfect for a lazy Sunday afternoon. 🍝✨"
10961248,11.97,Premieur,Færdigretter Køl,Ricotta & Spinat Pasta,1,0,bk.,Netto,https://static.tilbudsugen.dk/1st-retail/2026/8/64621/Netto72026-1_14_2552x4284_4887x7239_zoom.jpg,2026-02-14,2026-02-20,https://res.cloudinary.com/dfqzmnlga/image/upload/v1771040391/2026-02-14/10961248.jpg,Ricotta & Spinach Pasta,"A creamy, cheesy, and spinach-filled dream that melts in your mouth—perfect for a midnight snack or a cozy dinner. 🍝✨"
10961428,6.0,Casa Milo,Pasta,Trofiette,1,0,ps.,Netto,https://static.tilbudsugen.dk/1st-retail/2026/8/64621/Netto72026-1_19_52x873_1681x2861_zoom.jpg,2026-02-14,2026-02-20,https://res.cloudinary.com/dfqzmnlga/image/upload/v1771040392/2026-02-14/10961428.jpg,Trofiette,"✨ Snack that talks, eats, and leaves you curious—perfect for a quick, fun conversation. ✨"
10961433,6.0,Casa Milo,Pasta,Orecchiette,1,0,ps.,Netto,https://static.tilbudsugen.dk/1st-retail/2026/8/64621/Netto72026-1_19_52x873_1681x2861_zoom.jpg,2026-02-14,2026-02-20,https://res.cloudinary.com/dfqzmnlga/image/upload/v1771040392/2026-02-14/10961433.jpg,Orecchiette,"Serving up a perfect pasta experience, one bite at a time. 🍝"
10961207,24.95,Velsmag,Grisekød,Ribbensteg,1,0,bk.,Netto,https://static.tilbudsugen.dk/1st-retail/2026/8/64621/Netto72026-1_10_2428x5191_4833x7224_zoom.jpg,2026-02-14,2026-02-20,https://res.cloudinary.com/dfqzmnlga/image/upload/v1771040392/2026-02-14/10961207.jpg,Robin roast,Robin roast 🥘✨
10952610,24.95,,Grisekød,Nakkefilet,1,0,stk.,Netto,https://static.tilbudsugen.dk/1st-retail/2026/7/64562/Netto62026-1_14_1663x727_3356x2683_zoom.jpg,2026-02-01,2026-02-28,https://res.cloudinary.com/dfqzmnlga/image/upload/v1771040393/2026-02-14/10952610.jpg,Neck filet,"Slaying the kitchen with a perfect filet, ready to conquer any plate. 🍽️"
10961204,10.0,Buko,Specialost,Flødeost Grøn Pikant,1,0,bg.,Netto,https://static.tilbudsugen.dk/1st-retail/2026/8/64621/Netto72026-1_2_2365x143_4998x2444_zoom.jpg,2026-02-14,2026-02-20,https://res.cloudinary.com/dfqzmnlga/image/upload/v1771040393/2026-02-14/10961204.jpg,Cream cheese Green Picker,Cream cheese Green Picker 🍫✨
10961202,10.0,Buko,Specialost,Flødeost Hvidløg,1,0,bg.,Netto,https://static.tilbudsugen.dk/1st-retail/2026/8/64621/Netto72026-1_2_2365x143_4998x2444_zoom.jpg,2026-02-14,2026-02-20,https://res.cloudinary.com/dfqzmnlga/image/upload/v1771040394/2026-02-14/10961202.jpg,Cream cheese Garlic,"Savory and cheesy, with a hint of garlic—perfect for any tasty moment. 🧀🧄"
10961215,20.0,Velsmag,Grisekød,Hakket grisekød 8-12%,1,0,bk.,Netto,https://static.tilbudsugen.dk/1st-retail/2026/8/64621/Netto72026-1_11_2482x2949_4911x5215_zoom.jpg,2026-02-14,2026-02-20,https://res.cloudinary.com/dfqzmnlga/image/upload/v1771040394/2026-02-14/10961215.jpg,Minced pig meat 8-12 per cent,"🔥 Smoky, savory, and perfectly seasoned – my flavor is ready to conquer your taste buds! 🍴"
10961201,10.0,Buko,Specialost,Flødeost Naturel,1,0,bg.,Netto,https://static.tilbudsugen.dk/1st-retail/2026/8/64621/Netto72026-1_2_2365x143_4998x2444_zoom.jpg,2026-02-14,2026-02-20,https://res.cloudinary.com/dfqzmnlga/image/upload/v1771040395/2026-02-14/10961201.jpg,Cream cheese Naturel,"Soft, creamy, and slightly whimsical—like a dream on a plate. 🍼"
10961216,20.0,Velsmag,Grisekød,Medister,1,0,bk.,Netto,https://static.tilbudsugen.dk/1st-retail/2026/8/64621/Netto72026-1_11_2482x2949_4911x5215_zoom.jpg,2026-02-14,2026-02-20,https://res.cloudinary.com/dfqzmnlga/image/upload/v1771040395/2026-02-14/10961216.jpg,Medists,Medists: The only thing better than a good meal is a good Medist. 🍽️
10961680,25.0,Crunchy Loops,Morgenmadsprodukter,Morgenmadsprodukt,1,0,ps.,Netto,https://static.tilbudsugen.dk/1st-retail/2026/8/64621/Netto72026-1_22_1681x4836_3265x6875_zoom.jpg,2026-02-14,2026-02-20,https://res.cloudinary.com/dfqzmnlga/image/upload/v1771040395/2026-02-14/10961680.jpg,Breakfast product,🌞 Morning magic in every bite!
10961682,25.0,Crispy Puffs,Morgenmadsprodukter,Morgenmadsprodukt,1,0,ps.,Netto,https://static.tilbudsugen.dk/1st-retail/2026/8/64621/Netto72026-1_22_1681x4836_3265x6875_zoom.jpg,2026-02-14,2026-02-20,https://res.cloudinary.com/dfqzmnlga/image/upload/v1771040396/2026-02-14/10961682.jpg,Breakfast product,"🌟 Morning energy booster, delivered with a side of fun! 🌞"
10961042,39.0,,Spanske vine,Spansk Hvidvin,1,0,fl.,Netto,https://static.tilbudsugen.dk/1st-retail/2026/8/64621/Netto72026-1_1_2515x3759_4900x6762_zoom.jpg,2026-02-14,2026-02-20,https://res.cloudinary.com/dfqzmnlga/image/upload/v1771040396/2026-02-14/10961042.jpg,Spanish White wine,"Sip, savor, and let the flavors tell tales—Spanish white wine, ready to elevate any moment. 🍷"
10961293,39.0,,Franske vine,Fransk Rødvin,1,0,fl.,Netto,https://static.tilbudsugen.dk/1st-retail/2026/8/64621/Netto72026-1_4_2776x2281_4982x4563_zoom.jpg,2026-02-14,2026-02-20,https://res.cloudinary.com/dfqzmnlga/image/upload/v1771040397/2026-02-14/10961293.jpg,French Red Wine,"Sip, savor, and let the world taste your passion — 🍷"
10961045,39.0,,Spanske vine,Spansk Rødvin,1,0,fl.,Netto,https://static.tilbudsugen.dk/1st-retail/2026/8/64621/Netto72026-1_1_2515x3759_4900x6762_zoom.jpg,2026-02-14,2026-02-20,https://res.cloudinary.com/dfqzmnlga/image/upload/v1771040397/2026-02-14/10961045.jpg,Spanish Red Wine,"Sip, savor, and let the flavors speak — ¡Sí, por favor! 🍷"
10961274,39.0,,Italienske vine,Italiensk Rødvin,1,0,fl.,Netto,https://static.tilbudsugen.dk/1st-retail/2026/8/64621/Netto72026-1_3_0x914_1766x2996_zoom.jpg,2026-02-14,2026-02-20,https://res.cloudinary.com/dfqzmnlga/image/upload/v1771040398/2026-02-14/10961274.jpg,Italian Red Wine,"Sip, savor, and let the flavors speak — my taste is bold, my vibe is bold. 🍷"
10961041,39.0,,Spanske vine,Spansk Rødvin,1,0,fl.,Netto,https://static.tilbudsugen.dk/1st-retail/2026/8/64621/Netto72026-1_1_2515x3759_4900x6762_zoom.jpg,2026-02-14,2026-02-20,https://res.cloudinary.com/dfqzmnlga/image/upload/v1771040398/2026-02-14/10961041.jpg,Spanish Red Wine,"Sip, savor, and let the taste tell your story — 🍷"
10961043,39.0,,Spanske vine,Spansk Hvidvin,1,0,fl.,Netto,https://static.tilbudsugen.dk/1st-retail/2026/8/64621/Netto72026-1_1_2515x3759_4900x6762_zoom.jpg,2026-02-14,2026-02-20,https://res.cloudinary.com/dfqzmnlga/image/upload/v1771040398/2026-02-14/10961043.jpg,Spanish White wine,Sip the flavors of Spain with every glass — 🍷
10961044,39.0,,Mousserende,Spansk Mousserende Vin,1,0,fl.,Netto,https://static.tilbudsugen.dk/1st-retail/2026/8/64621/Netto72026-1_1_2515x3759_4900x6762_zoom.jpg,2026-02-14,2026-02-20,https://res.cloudinary.com/dfqzmnlga/image/upload/v1771040399/2026-02-14/10961044.jpg,Spanish Sparkling Wine,"✨ Sip the spark of Spain, where flavor meets fun. ✨"
10961457,25.0,Premieur,Dej Køl,Pizzabunde,1,0,pk.,Netto,https://static.tilbudsugen.dk/1st-retail/2026/8/64621/Netto72026-1_19_3271x560_4887x2854_zoom.jpg,2026-02-14,2026-02-20,https://res.cloudinary.com/dfqzmnlga/image/upload/v1771040399/2026-02-14/10961457.jpg,Pizza bottoms,Craving a slice of pizza? I'm the bottom that delivers the perfect base. 🍕
10961370,22.0,Premieur,Fastfoodbrød,Hvedepitabrød,1,0,pk.,Netto,https://static.tilbudsugen.dk/1st-retail/2026/8/64621/Netto72026-1_8_2467x1450_3690x3230_zoom.jpg,2026-02-14,2026-02-20,https://res.cloudinary.com/dfqzmnlga/image/upload/v1771040399/2026-02-14/10961370.jpg,Wheat pita bread,"Soft, chewy, and perfect for a quick snack—wheat pita bread 🥖✨"
10961237,10.5,ØGO,Grønt,Ingefær,1,0,bk.,Netto,https://static.tilbudsugen.dk/1st-retail/2026/8/64621/Netto72026-1_13_2242x793_4926x3795_zoom.jpg,2026-02-14,2026-02-20,https://res.cloudinary.com/dfqzmnlga/image/upload/v1771040400/2026-02-14/10961237.jpg,Ginger,"Spicy, sharp, and always in the right place—like a good conversation starter. 🌿"
10961395,10.0,Royal Arctic,Rejer og andre skaldyr,Rejer,1,0,bg.,Netto,https://static.tilbudsugen.dk/1st-retail/2026/8/64621/Netto72026-1_17_88x1172_1627x3233_zoom.jpg,2026-02-14,2026-02-20,https://res.cloudinary.com/dfqzmnlga/image/upload/v1771040401/2026-02-14/10961395.jpg,Shrimps and prawns,"Craving a feast? I’m the shrimp and prawn king — fresh, flaky, and ready to conquer your taste buds! 🐟✨"
10961302,42.0,,Tyske vine,Tysk Hvidvin,1,0,fl.,Netto,https://static.tilbudsugen.dk/1st-retail/2026/8/64621/Netto72026-1_5_2769x337_4996x4281_zoom.jpg,2026-02-14,2026-02-20,https://res.cloudinary.com/dfqzmnlga/image/upload/v1771040401/2026-02-14/10961302.jpg,German White wine,"Sip on the perfect blend of tradition and taste, 🍷"
10961478,29.0,Pølsemesteren,300 g - 599 g Normalpakke Pølser,Hotdogpølser,1,0,pk.,Netto,https://static.tilbudsugen.dk/1st-retail/2026/8/64621/Netto72026-1_19_3245x2868_4907x4836_zoom.jpg,2026-02-14,2026-02-20,https://res.cloudinary.com/dfqzmnlga/image/upload/v1771040402/2026-02-14/10961478.jpg,Hot dog sausages,"Sizzling with flavor, I’m the perfect snack for any meal! 🍗"
10961411,35.0,Amanda Seafood,Konserves,Torskerogn,1,0,pk.,Netto,https://static.tilbudsugen.dk/1st-retail/2026/8/64621/Netto72026-1_17_3150x384_4696x3152_zoom.jpg,2026-02-14,2026-02-20,https://res.cloudinary.com/dfqzmnlga/image/upload/v1771040402/2026-02-14/10961411.jpg,Cod eggs,"Crackling with energy, I’m the cod egg that’s ready to jump into the chaos! 🐟"
10961298,45.0,,Franske vine,Fransk Hvidvin,1,0,fl.,Netto,https://static.tilbudsugen.dk/1st-retail/2026/8/64621/Netto72026-1_4_2852x4556_4920x7202_zoom.jpg,2026-02-14,2026-02-20,https://res.cloudinary.com/dfqzmnlga/image/upload/v1771040403/2026-02-14/10961298.jpg,French White wine,"Sip, savor, and let the wine do the talking—each glass a story, each bottle a celebration. 🍷"
10961317,45.0,,Tyske vine,Tysk Rødvin,1,0,fl.,Netto,https://static.tilbudsugen.dk/1st-retail/2026/8/64621/Netto72026-1_5_55x969_2495x4364_zoom.jpg,2026-02-14,2026-02-20,https://res.cloudinary.com/dfqzmnlga/image/upload/v1771040403/2026-02-14/10961317.jpg,German Red Wine,"A smoky, bold red that whispers tales of vineyards and midnight adventures 🍷"
10961319,45.0,,Tyske vine,Tysk Mousserende Vin,1,0,fl.,Netto,https://static.tilbudsugen.dk/1st-retail/2026/8/64621/Netto72026-1_5_55x969_2495x4364_zoom.jpg,2026-02-14,2026-02-20,https://res.cloudinary.com/dfqzmnlga/image/upload/v1771040403/2026-02-14/10961319.jpg,German Sparkling Wine,"A sparkling burst of German elegance, served with a side of mischief—*✨*"
10961295,45.0,,Franske vine,Fransk Rødvin,1,0,fl.,Netto,https://static.tilbudsugen.dk/1st-retail/2026/8/64621/Netto72026-1_4_2852x4556_4920x7202_zoom.jpg,2026-02-14,2026-02-20,https://res.cloudinary.com/dfqzmnlga/image/upload/v1771040404/2026-02-14/10961295.jpg,French Red Wine,"Sip, savor, and let the world taste your passion — 🍷"
10961297,45.0,,Mousserende,Fransk Mousserende Vin,1,0,fl.,Netto,https://static.tilbudsugen.dk/1st-retail/2026/8/64621/Netto72026-1_4_2852x4556_4920x7202_zoom.jpg,2026-02-14,2026-02-20,https://res.cloudinary.com/dfqzmnlga/image/upload/v1771040404/2026-02-14/10961297.jpg,French Sparkling Wine,"Sip, savor, and sparkle—perfect for any occasion! 🍷✨"
10961315,45.0,,Tyske vine,Tysk Hvidvin,1,0,fl.,Netto,https://static.tilbudsugen.dk/1st-retail/2026/8/64621/Netto72026-1_5_55x969_2495x4364_zoom.jpg,2026-02-14,2026-02-20,https://res.cloudinary.com/dfqzmnlga/image/upload/v1771040405/2026-02-14/10961315.jpg,German White wine,"Sip on elegance, one glass at a time. 🍷"
10961400,45.0,Premieur,Frugt,Vindruer,1,0,bk.,Netto,https://static.tilbudsugen.dk/1st-retail/2026/8/64621/Netto72026-1_9_2282x5264_4920x7222_zoom.jpg,2026-02-14,2026-02-20,https://res.cloudinary.com/dfqzmnlga/image/upload/v1771040405/2026-02-14/10961400.jpg,Grapes,"Juicy and bold, I’m the grape that never stops tasting better. 🍇"
10961462,25.0,Tradizionale,Pizza Frost,Spinacie Ricotta Pizza,1,0,stk.,Netto,https://static.tilbudsugen.dk/1st-retail/2026/8/64621/Netto72026-1_19_1616x2828_3239x4816_zoom.jpg,2026-02-14,2026-02-20,https://res.cloudinary.com/dfqzmnlga/image/upload/v1771040406/2026-02-14/10961462.jpg,Spinacie Ricotta Pizza,"Sizzling spinach and ricotta on a pizza—crispy, cheesy, and perfect for a quick snack. 🍕"
10961209,25.0,Rose,Kylling,Hakket kylling 7-10%,1,0,bk.,Netto,https://static.tilbudsugen.dk/1st-retail/2026/8/64621/Netto72026-1_11_54x110_2607x2507_zoom.jpg,2026-02-14,2026-02-20,https://res.cloudinary.com/dfqzmnlga/image/upload/v1771040407/2026-02-14/10961209.jpg,Chicked chicken 7-10%,✨ Chickened chicken 7-10% – the perfect blend of flavor and fun! 🥩
10961415,10.0,Grown By Nature,Tørret Frugt,Dadler,1,0,bk.,Netto,https://static.tilbudsugen.dk/1st-retail/2026/8/64621/Netto72026-1_9_0x1718_2426x3195_zoom.jpg,2026-02-14,2026-02-20,https://res.cloudinary.com/dfqzmnlga/image/upload/v1771040408/2026-02-14/10961415.jpg,Dates,"Sweet, sticky, and slightly sweet, I'm the date that brings warmth to any moment. 🍑"
10961463,25.0,Tradizionale,Pizza Frost,Pancetta Delicata Pizza,1,0,stk.,Netto,https://static.tilbudsugen.dk/1st-retail/2026/8/64621/Netto72026-1_19_1616x2828_3239x4816_zoom.jpg,2026-02-14,2026-02-20,https://res.cloudinary.com/dfqzmnlga/image/upload/v1771040408/2026-02-14/10961463.jpg,Pancetta Delicata Pizza,"🔥 Crispy, smoky, and utterly delicious — the perfect pizza to melt your heart. 🍕"
10961477,29.0,Pølsemesteren,300 g - 599 g Normalpakke Pølser,Grillpølser,1,0,pk.,Netto,https://static.tilbudsugen.dk/1st-retail/2026/8/64621/Netto72026-1_19_3245x2868_4907x4836_zoom.jpg,2026-02-14,2026-02-20,https://res.cloudinary.com/dfqzmnlga/image/upload/v1771040409/2026-02-14/10961477.jpg,Barbecue sausages,"Smoky, spicy, and ready to ignite your taste buds—just wait until you taste me! 🍳🔥"
10961461,25.0,Tradizionale,Pizza Frost,Mozzarella e Pesto Pizza,1,0,stk.,Netto,https://static.tilbudsugen.dk/1st-retail/2026/8/64621/Netto72026-1_19_1616x2828_3239x4816_zoom.jpg,2026-02-14,2026-02-20,https://res.cloudinary.com/dfqzmnlga/image/upload/v1771040409/2026-02-14/10961461.jpg,Mozzarella e Pesto Pizza," cheesy, fresh, and unforgettable — like a summer dream on a plate 🍕"
10961460,25.0,Tradizionale,Pizza Frost,Salame Romano Pizza,1,0,stk.,Netto,https://static.tilbudsugen.dk/1st-retail/2026/8/64621/Netto72026-1_19_1616x2828_3239x4816_zoom.jpg,2026-02-14,2026-02-20,https://res.cloudinary.com/dfqzmnlga/image/upload/v1771040410/2026-02-14/10961460.jpg,Salame Romano Pizza,"A cheesy, creamy pizza that brings the whole family together, 🍕"
10961423,13.0,,Grønt,Gulerødder,1,0,ps.,Netto,https://static.tilbudsugen.dk/1st-retail/2026/8/64621/Netto72026-1_9_2426x1313_4941x3243_zoom.jpg,2026-02-14,2026-02-20,https://res.cloudinary.com/dfqzmnlga/image/upload/v1771040411/2026-02-14/10961423.jpg,Carrots,"Crispy, vibrant, and always ready to add a touch of color to your day 🍂"
10961231,16.0,ØGO,Mayonnaise,Mayonnaise,1,0,fl.,Netto,https://static.tilbudsugen.dk/1st-retail/2026/8/64621/Netto72026-1_12_3359x5184_4887x7270_zoom.jpg,2026-02-14,2026-02-20,https://res.cloudinary.com/dfqzmnlga/image/upload/v1771040411/2026-02-14/10961231.jpg,Mayonnaise,"Spread the flavor, my friend—let’s make every bite a masterpiece. 🍩"
10961412,25.0,Skagen Fiskerestaurant,Fisk og skaldyr Køl,Fiskefrikadeller,1,0,pk.,Netto,https://static.tilbudsugen.dk/1st-retail/2026/8/64621/Netto72026-1_17_2289x3182_4637x5125_zoom.jpg,2026-02-14,2026-02-20,https://res.cloudinary.com/dfqzmnlga/image/upload/v1771040411/2026-02-14/10961412.jpg,Fish meatballs,"Sizzling with flavor, I'm the perfect partner for a spicy night out! 🍴"
10961262,10.0,K-salat,Pålægssalat,Kylling & Baconsalat,1,0,bg.,Netto,https://static.tilbudsugen.dk/1st-retail/2026/8/64621/Netto72026-1_2_59x13_2359x2450_zoom.jpg,2026-02-14,2026-02-20,https://res.cloudinary.com/dfqzmnlga/image/upload/v1771040412/2026-02-14/10961262.jpg,Chicken & Bacon Salad,Savor the crunch of chicken and the smoky charm of bacon in every bite! 🍗 Bacon 🥩
10961198,10.0,Buko,Specialost,Flødeost Pikant,1,0,bg.,Netto,https://static.tilbudsugen.dk/1st-retail/2026/8/64621/Netto72026-1_2_2365x143_4998x2444_zoom.jpg,2026-02-14,2026-02-20,https://res.cloudinary.com/dfqzmnlga/image/upload/v1771040412/2026-02-14/10961198.jpg,Cream cheese Picant,"Cream cheese Picant: A creamy, tangy twist on classic cheese, perfect for spreading, baking, or adding a spark to any dish. 🧀"
10961700,20.0,Airwick,Luftfrisker,Luftfrisker,1,0,stk.,Netto,https://static.tilbudsugen.dk/1st-retail/2026/8/64621/Netto72026-1_23_1688x2809_3226x4914_zoom.jpg,2026-02-14,2026-02-20,https://res.cloudinary.com/dfqzmnlga/image/upload/v1771040412/2026-02-14/10961700.jpg,Air freshener,"Scented with joy, freshening the air and the vibe — 🌿✨"
10961263,10.0,K-salat,Pålægssalat,Hønsesalat,1,0,bg.,Netto,https://static.tilbudsugen.dk/1st-retail/2026/8/64621/Netto72026-1_2_59x13_2359x2450_zoom.jpg,2026-02-14,2026-02-20,https://res.cloudinary.com/dfqzmnlga/image/upload/v1771040413/2026-02-14/10961263.jpg,Chicken lettuce,"Squid-like chicken lettuce: crispy, tangy, and ready to conquer your plate 🍗 lettuce"
10961742,20.0,Bistronne,Fjerkræ,Kyllingekebab,1,0,ps.,Netto,https://static.tilbudsugen.dk/1st-retail/2026/8/64621/Netto72026-1_25_2371x708_4996x3773_zoom.jpg,2026-02-14,2026-02-20,https://res.cloudinary.com/dfqzmnlga/image/upload/v1771040414/2026-02-14/10961742.jpg,Chicken cheek,"Savory cheek with a twist—flaky, smoky, and full of flavor! 🍗"
10961218,10.0,Buko,Specialost,Flødeost Pikant Løg og Krydderurter,1,0,bg.,Netto,https://static.tilbudsugen.dk/1st-retail/2026/8/64621/Netto72026-1_2_2365x143_4998x2444_zoom.jpg,2026-02-14,2026-02-20,https://res.cloudinary.com/dfqzmnlga/image/upload/v1771040414/2026-02-14/10961218.jpg,Cream cheese Picant Bulbs and herbs,"Smooth, savory, and slightly cheesy — perfect for any meal, any moment. 🌱✨"
10961261,10.0,K-salat,Pålægssalat,Finthakket  Skinkesalat,1,0,bg.,Netto,https://static.tilbudsugen.dk/1st-retail/2026/8/64621/Netto72026-1_2_59x13_2359x2450_zoom.jpg,2026-02-14,2026-02-20,https://res.cloudinary.com/dfqzmnlga/image/upload/v1771040415/2026-02-14/10961261.jpg,Finely ground ham salad,"Savory, spicy, and slightly tangy—perfect for a quick snack or a bold twist on a salad. 🍲"
10961199,10.0,Buko,Specialost,Flødeost Naturel,1,0,bg.,Netto,https://static.tilbudsugen.dk/1st-retail/2026/8/64621/Netto72026-1_2_2365x143_4998x2444_zoom.jpg,2026-02-14,2026-02-20,https://res.cloudinary.com/dfqzmnlga/image/upload/v1771040415/2026-02-14/10961199.jpg,Cream cheese Naturel,"Curdly and creamy, with a twist of adventure. 🧁"
10961745,20.0,Egelykke,Bacon,Baconskiver,1,0,pk.,Netto,https://static.tilbudsugen.dk/1st-retail/2026/8/64621/Netto72026-1_25_158x3896_4934x6954_zoom.jpg,2026-02-14,2026-02-20,https://res.cloudinary.com/dfqzmnlga/image/upload/v1771040416/2026-02-14/10961745.jpg,Bacon washers,"Sweat and grease in one sleek, savory package 🍗"
10961259,10.0,Min første,Pålægssalat,Æggesalat,1,0,bg.,Netto,https://static.tilbudsugen.dk/1st-retail/2026/8/64621/Netto72026-1_2_59x13_2359x2450_zoom.jpg,2026-02-14,2026-02-20,https://res.cloudinary.com/dfqzmnlga/image/upload/v1771040416/2026-02-14/10961259.jpg,Egg salad,"Toast to the perfect sandwich—egg salad, the ultimate flavor fusion! 🥪"
10961260,10.0,K-salat,Pålægssalat,Æggesalat 30% mindre fedt,1,0,bg.,Netto,https://static.tilbudsugen.dk/1st-retail/2026/8/64621/Netto72026-1_2_59x13_2359x2450_zoom.jpg,2026-02-14,2026-02-20,https://res.cloudinary.com/dfqzmnlga/image/upload/v1771040417/2026-02-14/10961260.jpg,Egg salad 30% less fat,"Savory, creamy, and slightly less fatty – perfect for a quick, delicious snack or lunch. 🥚"
10961265,10.0,K-salat,Pålægssalat,Krabbesalat,1,0,bg.,Netto,https://static.tilbudsugen.dk/1st-retail/2026/8/64621/Netto72026-1_2_59x13_2359x2450_zoom.jpg,2026-02-14,2026-02-20,https://res.cloudinary.com/dfqzmnlga/image/upload/v1771040418/2026-02-14/10961265.jpg,Crab salad,"Crab salad: The ultimate mix of salty, sweet, and tangy, ready to conquer any plate. 🍤"
10961325,50.0,,New Zealandske vine,New Zealandsk Hvidvin,1,0,fl.,Netto,https://static.tilbudsugen.dk/1st-retail/2026/8/64621/Netto72026-1_6_82x5085_2550x7236_zoom.jpg,2026-02-14,2026-02-20,https://res.cloudinary.com/dfqzmnlga/image/upload/v1771040418/2026-02-14/10961325.jpg,New Zealand White wine,"Sip, savor, and let the wine do the talking—each sip a story, each bottle a celebration. 🍷"
10961329,50.0,,Californiske vine,Californisk Hvidvin,1,0,fl.,Netto,https://static.tilbudsugen.dk/1st-retail/2026/8/64621/Netto72026-1_6_110x96_2563x2213_zoom.jpg,2026-02-14,2026-02-20,https://res.cloudinary.com/dfqzmnlga/image/upload/v1771040418/2026-02-14/10961329.jpg,California White wine,"Sip, savor, and share—California White wine is the perfect companion to any good time. 🍷"
10961288,50.0,,Italienske vine,Italiensk Rødvin,1,0,fl.,Netto,https://static.tilbudsugen.dk/1st-retail/2026/8/64621/Netto72026-1_3_27x5326_1656x7236_zoom.jpg,2026-02-14,2026-02-20,https://res.cloudinary.com/dfqzmnlga/image/upload/v1771040419/2026-02-14/10961288.jpg,Italian Red Wine,"Sip, savor, and let the taste tell your story — 🍷"
10961283,50.0,,Italienske vine,Italiensk Rødvin,1,0,fl.,Netto,https://static.tilbudsugen.dk/1st-retail/2026/8/64621/Netto72026-1_3_3257x5229_4975x7174_zoom.jpg,2026-02-14,2026-02-20,https://res.cloudinary.com/dfqzmnlga/image/upload/v1771040419/2026-02-14/10961283.jpg,Italian Red Wine,"A sip of passion, a toast to flavor—red wine, bold and bold. 🍷"
10961330,50.0,,Californiske vine,Californisk Rødvin,1,0,fl.,Netto,https://static.tilbudsugen.dk/1st-retail/2026/8/64621/Netto72026-1_6_110x96_2563x2213_zoom.jpg,2026-02-14,2026-02-20,https://res.cloudinary.com/dfqzmnlga/image/upload/v1771040420/2026-02-14/10961330.jpg,California Red Wine,"Sip, savor, and savor the moment—like a perfect pour. 🍷"
10961631,14.0,Pågen,Kager,Små Semle Bullar,1,0,ps.,Netto,https://static.tilbudsugen.dk/1st-retail/2026/8/64621/Netto72026-1_21_1590x4940_3213x6817_zoom.jpg,2026-02-14,2026-02-20,https://res.cloudinary.com/dfqzmnlga/image/upload/v1771040420/2026-02-14/10961631.jpg,Small Semle Bullar,✨ Tiny titan with a mission to conquer the world with a single step!
10961373,45.0,Naturli',Færdigretter Køl,Tartelet Gjort Let,1,0,gl.,Netto,https://static.tilbudsugen.dk/1st-retail/2026/8/64621/Netto72026-1_8_1257x3532_2460x5188_zoom.jpg,2026-02-14,2026-02-20,https://res.cloudinary.com/dfqzmnlga/image/upload/v1771040421/2026-02-14/10961373.jpg,Tartelet Done Light,"✨ A little bite of joy, just enough to satisfy your cravings. ✨"
10961228,18.0,Slooow,Ciabatta & Flutes,Baguettes,1,0,pk.,Netto,https://static.tilbudsugen.dk/1st-retail/2026/8/64621/Netto72026-1_12_2459x3748_4810x5215_zoom.jpg,2026-02-14,2026-02-20,https://res.cloudinary.com/dfqzmnlga/image/upload/v1771040421/2026-02-14/10961228.jpg,Baguettes,"Breaded with joy, every bite tells a story. 🍞"
10961458,29.0,Rahbek,Fisk,Fiskefileter,1,0,ps.,Netto,https://static.tilbudsugen.dk/1st-retail/2026/8/64621/Netto72026-1_19_0x2868_1636x4868_zoom.jpg,2026-02-14,2026-02-20,https://res.cloudinary.com/dfqzmnlga/image/upload/v1771040422/2026-02-14/10961458.jpg,Fish fillets,"Sashimi master, sushi chef, and salty adventure seeker – ready to slice, serve, and ignite your taste buds. 🍣"
10961476,29.0,Pølsemesteren,Pølser Frost,Frankfurter,1,0,pk.,Netto,https://static.tilbudsugen.dk/1st-retail/2026/8/64621/Netto72026-1_19_3245x2868_4907x4836_zoom.jpg,2026-02-14,2026-02-20,https://res.cloudinary.com/dfqzmnlga/image/upload/v1771040424/2026-02-14/10961476.jpg,Frankfurter,"🔥 Savor the crunch, never the crumb. 🥪"
10961474,29.0,Pølsemesteren,300 g - 599 g Normalpakke Pølser,Kyllingepølser,1,0,pk.,Netto,https://static.tilbudsugen.dk/1st-retail/2026/8/64621/Netto72026-1_19_3245x2868_4907x4836_zoom.jpg,2026-02-14,2026-02-20,https://res.cloudinary.com/dfqzmnlga/image/upload/v1771040425/2026-02-14/10961474.jpg,Chicken sausages,"Savoring the crunch of a perfect chicken sausage, ready to spice up your day 🍗"
10961346,55.0,Løgismose,Øvrige vinlande,Hvidvin,1,0,fl.,Netto,https://static.tilbudsugen.dk/1st-retail/2026/8/64621/Netto72026-1_7_1447x2496_4881x4562_zoom.jpg,2026-02-14,2026-02-20,https://res.cloudinary.com/dfqzmnlga/image/upload/v1771040426/2026-02-14/10961346.jpg,White wine,"Sip, savor, and share—white wine is the perfect companion to any good time. 🍷"
10961285,55.0,,Italienske vine,Italiensk Rødvin,1,0,fl.,Netto,https://static.tilbudsugen.dk/1st-retail/2026/8/64621/Netto72026-1_3_1615x5298_3257x7229_zoom.jpg,2026-02-14,2026-02-20,https://res.cloudinary.com/dfqzmnlga/image/upload/v1771040426/2026-02-14/10961285.jpg,Italian Red Wine,"Ripostando un'intera tavola rotonda con un sorriso, il vino rossu è l'unico che sa di autenticità. 🍷"
10961348,55.0,Løgismose,Øvrige vinlande,Rosevin,1,0,fl.,Netto,https://static.tilbudsugen.dk/1st-retail/2026/8/64621/Netto72026-1_7_1447x2496_4881x4562_zoom.jpg,2026-02-14,2026-02-20,https://res.cloudinary.com/dfqzmnlga/image/upload/v1771040428/2026-02-14/10961348.jpg,Rose wine,"Sip on elegance, one glass at a time. 🍷"
10961349,55.0,Løgismose,Øvrige vinlande,Rødvin,1,0,fl.,Netto,https://static.tilbudsugen.dk/1st-retail/2026/8/64621/Netto72026-1_7_1447x2496_4881x4562_zoom.jpg,2026-02-14,2026-02-20,https://res.cloudinary.com/dfqzmnlga/image/upload/v1771040428/2026-02-14/10961349.jpg,Red wine,"Sip, savor, and let the wine do the talking—because every glass tells a story. 🍷"
10961223,20.0,Velsmag,Grisekød,Grisekoteletter,1,0,bk.,Netto,https://static.tilbudsugen.dk/1st-retail/2026/8/64621/Netto72026-1_11_2482x2949_4911x5215_zoom.jpg,2026-02-14,2026-02-20,https://res.cloudinary.com/dfqzmnlga/image/upload/v1771040429/2026-02-14/10961223.jpg,Pig chops,"Sizzling with flavor, I’m the star of the kitchen—flipping, dancing, and leaving everyone hungry. 🍳"
10961738,30.0,Velsmag,Oksekød,Hakket Okse & Grisekød 8-12%,1,0,ps.,Netto,https://static.tilbudsugen.dk/1st-retail/2026/8/64621/Netto72026-1_24_76x1161_4735x3676_zoom.jpg,2026-02-14,2026-02-20,https://res.cloudinary.com/dfqzmnlga/image/upload/v1771040430/2026-02-14/10961738.jpg,Minced Beef & Pigmeat 8-12 per cent,"Sizzling with flavor, ready to conquer any dish! 🍳"
10961391,30.0,Spot On,Madlavningsost,Revet ost,1,0,ps.,Netto,https://static.tilbudsugen.dk/1st-retail/2026/8/64621/Netto72026-1_16_2405x4990_4965x7301_zoom.jpg,2026-02-14,2026-02-20,https://res.cloudinary.com/dfqzmnlga/image/upload/v1771040430/2026-02-14/10961391.jpg,"Of a fat content, by weight, not exceeding 6%","Slim and smooth, like a perfect slice of dessert—no fat, just pure flavor. 🍪"
10961490,30.0,Næmt,Færdigretter Køl,Pulled Pork,1,0,pk.,Netto,https://static.tilbudsugen.dk/1st-retail/2026/8/64621/Netto72026-1_19_46x4855_1655x6902_zoom.jpg,2026-02-14,2026-02-20,https://res.cloudinary.com/dfqzmnlga/image/upload/v1771040431/2026-02-14/10961490.jpg,Pulled Pork,"Sizzling with flavor, I'm the BBQ that never sleeps—smoky, spicy, and ready to conquer your taste buds! 🍛"
10961213,30.0,,Kylling,Kyllingeoverlår,1,0,bk.,Netto,https://static.tilbudsugen.dk/1st-retail/2026/8/64621/Netto72026-1_11_109x3198_2568x5106_zoom.jpg,2026-02-14,2026-02-20,https://res.cloudinary.com/dfqzmnlga/image/upload/v1771040431/2026-02-14/10961213.jpg,Chicken upper thighs,"Sizzling with flavor, ready to conquer any plate! 🍗"
10961736,30.0,Velsmag,Oksekød,Hakket oksekød 14-18%,1,0,bk.,Netto,https://static.tilbudsugen.dk/1st-retail/2026/8/64621/Netto72026-1_24_76x1161_4735x3676_zoom.jpg,2026-02-14,2026-02-20,https://res.cloudinary.com/dfqzmnlga/image/upload/v1771040431/2026-02-14/10961736.jpg,Minced beef 14-18%,"Sizzling with flavor, ready to conquer any dish! 🍳"
10961205,55.0,Velsmag,Kalve- og grisekød,Hakket kalv og grisekød 8-12%,1,0,bk.,Netto,https://static.tilbudsugen.dk/1st-retail/2026/8/64621/Netto72026-1_10_2513x692_4825x3314_zoom.jpg,2026-02-14,2026-02-20,https://res.cloudinary.com/dfqzmnlga/image/upload/v1771040432/2026-02-14/10961205.jpg,Minced calf and pig meat 8-12 per cent,"🔥 Sizzling blend of flavors, perfect for any cook! 🍳"
10961321,59.0,,Californiske vine,Californisk Rosevin,1,0,fl.,Netto,https://static.tilbudsugen.dk/1st-retail/2026/8/64621/Netto72026-1_6_2501x0_4996x2144_zoom.jpg,2026-02-14,2026-02-20,https://res.cloudinary.com/dfqzmnlga/image/upload/v1771040432/2026-02-14/10961321.jpg,California Rosevin,"🌸 A rose that blooms in the heart of California, sweet and bold, with a twist of mystery."
10961290,59.0,,Franske vine,Fransk Rødvin,1,0,fl.,Netto,https://static.tilbudsugen.dk/1st-retail/2026/8/64621/Netto72026-1_4_2776x0_4920x2302_zoom.jpg,2026-02-14,2026-02-20,https://res.cloudinary.com/dfqzmnlga/image/upload/v1771040432/2026-02-14/10961290.jpg,French Red Wine,"A sip of elegance, a toast to flavor—red wine, always. 🍷"
10961320,59.0,,Californiske vine,Californisk Hvidvin,1,0,fl.,Netto,https://static.tilbudsugen.dk/1st-retail/2026/8/64621/Netto72026-1_6_2501x0_4996x2144_zoom.jpg,2026-02-14,2026-02-20,https://res.cloudinary.com/dfqzmnlga/image/upload/v1771040433/2026-02-14/10961320.jpg,California White wine,"Sip, savor, and shine—California White wine, where flavor meets fun. 🍷"
10961208,119.0,Velsmag,Grisekød,Grisemørbrad,1,1,bk.,Netto,https://static.tilbudsugen.dk/1st-retail/2026/8/64621/Netto72026-1_10_46x3097_2343x5199_zoom.jpg,2026-02-14,2026-02-20,https://res.cloudinary.com/dfqzmnlga/image/upload/v1771040434/2026-02-14/10961208.jpg,Pig tenderloin,"Savoring the perfect cut of meat, ready to shine. 🍗"
10961465,12.0,Sereno,Snacks/bar,Myslibar,1,0,pk.,Netto,https://static.tilbudsugen.dk/1st-retail/2026/8/64621/Netto72026-1_18_1634x215_4895x2291_zoom.jpg,2026-02-14,2026-02-20,https://res.cloudinary.com/dfqzmnlga/image/upload/v1771040435/2026-02-14/10961465.jpg,Myslibacy,✨ MySlibacy: The one who makes your day brighter with a sprinkle of magic and a dash of fun! 🌟
10961683,20.0,Head&Shoulders,Shampoo,Shampoo,1,0,stk.,Netto,https://static.tilbudsugen.dk/1st-retail/2026/8/64621/Netto72026-1_23_3278x2841_4998x4797_zoom.jpg,2026-02-14,2026-02-20,https://res.cloudinary.com/dfqzmnlga/image/upload/v1771040436/2026-02-14/10961683.jpg,Shampoo,"✨ Shine bright, wash away stress, and let your hair do the talking. ✨"
10961484,30.0,Næmt,Færdigretter Køl,Pulled Chicken,1,0,pk.,Netto,https://static.tilbudsugen.dk/1st-retail/2026/8/64621/Netto72026-1_19_46x4855_1655x6902_zoom.jpg,2026-02-14,2026-02-20,https://res.cloudinary.com/dfqzmnlga/image/upload/v1771040436/2026-02-14/10961484.jpg,Pulled Chicken,"Sizzling with flavor, I'm the star of the kitchen—flaky, juicy, and ready to conquer any meal. 🍗"
10961377,10.0,Fintons,Tarteletter,Tarteletter,1,0,pk.,Netto,https://static.tilbudsugen.dk/1st-retail/2026/8/64621/Netto72026-1_8_2281x3917_3848x5223_zoom.jpg,2026-02-14,2026-02-20,https://res.cloudinary.com/dfqzmnlga/image/upload/v1771040437/2026-02-14/10961377.jpg,Tartelettes,"✨ Flaky, buttery, and full of joy—tartelettes are the little treats that make every day a little sweeter! ✨"
10961651,15.0,Taffel,Chips,American Ranch Chips,1,0,ps.,Netto,https://static.tilbudsugen.dk/1st-retail/2026/8/64621/Netto72026-1_21_20x1049_3258x4855_zoom.jpg,2026-02-14,2026-02-20,https://res.cloudinary.com/dfqzmnlga/image/upload/v1771040437/2026-02-14/10961651.jpg,American Ranch Chips,"Savor the crunch of flavor, one chip at a time 🍣"
10961402,25.0,Bådsmand,Sild,Sild,1,0,gl.,Netto,https://static.tilbudsugen.dk/1st-retail/2026/8/64621/Netto72026-1_17_81x3123_2341x5000_zoom.jpg,2026-02-14,2026-02-20,https://res.cloudinary.com/dfqzmnlga/image/upload/v1771040438/2026-02-14/10961402.jpg,Herring,"Silent swimmer, sea whisperer, and salty companion — 🐟"
10961422,13.0,Salling,Grønt,Selleristænger,1,0,ps.,Netto,https://static.tilbudsugen.dk/1st-retail/2026/8/64621/Netto72026-1_9_2426x1313_4941x3243_zoom.jpg,2026-02-14,2026-02-20,https://res.cloudinary.com/dfqzmnlga/image/upload/v1771040438/2026-02-14/10961422.jpg,Celeriacs/turnip rooted celery,"Tastes like a secret garden, but it's just a root vegetable. 🥕🌱"
10961424,13.0,,Grønt,Tomater,1,0,pk.,Netto,https://static.tilbudsugen.dk/1st-retail/2026/8/64621/Netto72026-1_9_2426x1313_4941x3243_zoom.jpg,2026-02-14,2026-02-20,https://res.cloudinary.com/dfqzmnlga/image/upload/v1771040439/2026-02-14/10961424.jpg,Tomatoes,"Red, juicy, and ready to burst—tomatoes are the ultimate flavor booster! 🍅"
10961425,13.0,,Grønt,Peberfrugt,1,0,pk.,Netto,https://static.tilbudsugen.dk/1st-retail/2026/8/64621/Netto72026-1_9_2426x1313_4941x3243_zoom.jpg,2026-02-14,2026-02-20,https://res.cloudinary.com/dfqzmnlga/image/upload/v1771040439/2026-02-14/10961425.jpg,Pepper,"🔥 Spicy, sharp, and always in the right place to add flavor to your day! 🌶️"
10961352,65.0,Løgismose,Øvrige vinlande,Hvidvin,1,0,fl.,Netto,https://static.tilbudsugen.dk/1st-retail/2026/8/64621/Netto72026-1_7_2398x4575_4802x6745_zoom.jpg,2026-02-14,2026-02-20,https://res.cloudinary.com/dfqzmnlga/image/upload/v1771040439/2026-02-14/10961352.jpg,White wine,"Sip, savor, and share—white wine is the perfect companion to any good time. 🍷"
10961219,65.0,Rose,Kylling,Kyllingebrystfilet,1,0,bk.,Netto,https://static.tilbudsugen.dk/1st-retail/2026/8/64621/Netto72026-1_11_70x5114_2529x7193_zoom.jpg,2026-02-14,2026-02-20,https://res.cloudinary.com/dfqzmnlga/image/upload/v1771040440/2026-02-14/10961219.jpg,Chicken breast fillet,"Sizzling with flavor, ready to conquer your taste buds! 🍗"
10961221,65.0,Rose,Kylling,Kyllingeinderfileter,1,0,bk.,Netto,https://static.tilbudsugen.dk/1st-retail/2026/8/64621/Netto72026-1_11_70x5114_2529x7193_zoom.jpg,2026-02-14,2026-02-20,https://res.cloudinary.com/dfqzmnlga/image/upload/v1771040440/2026-02-14/10961221.jpg,Chicken eiderphilets,✨ Chicken eiderphilets: The ultimate crunch in every bite! 🍗
10961363,65.0,Løgismose,Mousserende,Mousserende Vin,1,0,fl.,Netto,https://static.tilbudsugen.dk/1st-retail/2026/8/64621/Netto72026-1_7_2398x4575_4802x6745_zoom.jpg,2026-02-14,2026-02-20,https://res.cloudinary.com/dfqzmnlga/image/upload/v1771040441/2026-02-14/10961363.jpg,Sparkling Wine,"✨ Sip, savor, and sparkle with every sip—perfect for a night out or a quiet evening. 🍷"
10961238,16.06,ØGO,Diverse kolonial,Tahin,1,0,gl.,Netto,https://static.tilbudsugen.dk/1st-retail/2026/8/64621/Netto72026-1_13_2669x4260_4887x7224_zoom.jpg,2026-02-14,2026-02-20,https://res.cloudinary.com/dfqzmnlga/image/upload/v1771040441/2026-02-14/10961238.jpg,Tahin,"Savory spice that adds a kick to any dish, 🍳"
10961639,15.0,Pringles,Chips,Mystery Flavour Super Mario Chips,1,0,ds.,Netto,https://static.tilbudsugen.dk/1st-retail/2026/8/64621/Netto72026-1_21_20x1049_3258x4855_zoom.jpg,2026-02-14,2026-02-20,https://res.cloudinary.com/dfqzmnlga/image/upload/v1771040442/2026-02-14/10961639.jpg,Mystery Flavour Super Mario Chips,"✨ Unbox the surprise, taste the magic, and never forget the fun! 🌟"
10961637,15.0,Pringles,Chips,Sour Cream & Onion Chips,1,0,ds.,Netto,https://static.tilbudsugen.dk/1st-retail/2026/8/64621/Netto72026-1_21_20x1049_3258x4855_zoom.jpg,2026-02-14,2026-02-20,https://res.cloudinary.com/dfqzmnlga/image/upload/v1771040442/2026-02-14/10961637.jpg,Sour Cream & Onion Chips,"Sour Cream & Onion Chips: Crunchy, creamy, and ready to conquer your cravings! 🍬"
10961638,15.0,Pringles,Chips,Original Chips,1,0,ds.,Netto,https://static.tilbudsugen.dk/1st-retail/2026/8/64621/Netto72026-1_21_20x1049_3258x4855_zoom.jpg,2026-02-14,2026-02-20,https://res.cloudinary.com/dfqzmnlga/image/upload/v1771040443/2026-02-14/10961638.jpg,Original Chips,"✨ Crispy, cheesy, and utterly irresistible – the original taste that never forgets. ✨"
10961203,55.0,,Grisekød,Nakkekoteletter,1,0,bk.,Netto,https://static.tilbudsugen.dk/1st-retail/2026/8/64621/Netto72026-1_10_2513x692_4825x3314_zoom.jpg,2026-02-14,2026-02-20,https://res.cloudinary.com/dfqzmnlga/image/upload/v1771040443/2026-02-14/10961203.jpg,Neck chops,"Savoring the crunch of life, one chop at a time 🍖"
10961357,69.0,Løgismose,Øvrige vinlande,Rødvin,1,0,fl.,Netto,https://static.tilbudsugen.dk/1st-retail/2026/8/64621/Netto72026-1_7_208x2646_2411x6719_zoom.jpg,2026-02-14,2026-02-20,https://res.cloudinary.com/dfqzmnlga/image/upload/v1771040444/2026-02-14/10961357.jpg,Red wine,"Sip, savor, and let the wine do the talking. 🍷"
10961642,15.0,Taffel,Chips,Corners Chili Cheese,1,0,ps.,Netto,https://static.tilbudsugen.dk/1st-retail/2026/8/64621/Netto72026-1_21_20x1049_3258x4855_zoom.jpg,2026-02-14,2026-02-20,https://res.cloudinary.com/dfqzmnlga/image/upload/v1771040444/2026-02-14/10961642.jpg,Corners Chili Cheese,"🔥 Spicy, cheesy, and always ready to melt your day! 🧀"
10961644,15.0,Taffel,Chips,Corners Chili & Lime Style,1,0,ps.,Netto,https://static.tilbudsugen.dk/1st-retail/2026/8/64621/Netto72026-1_21_20x1049_3258x4855_zoom.jpg,2026-02-14,2026-02-20,https://res.cloudinary.com/dfqzmnlga/image/upload/v1771040444/2026-02-14/10961644.jpg,Corners Chili & Lime Style,"🔥 Spicy, zesty, and ready to kickstart your day—Corners Chili & Lime Style! 🌟"
10961649,15.0,Taffel,Chips,Corners Cheese,1,0,ps.,Netto,https://static.tilbudsugen.dk/1st-retail/2026/8/64621/Netto72026-1_21_20x1049_3258x4855_zoom.jpg,2026-02-14,2026-02-20,https://res.cloudinary.com/dfqzmnlga/image/upload/v1771040445/2026-02-14/10961649.jpg,Corners Cheese," cheesy grin, ready to slice through any day with a perfect bite! 🍃"
10961191,39.0,Blanding 66,Kaffe,Kaffe Formalet,1,0,ps.,Netto,https://static.tilbudsugen.dk/1st-retail/2026/8/64621/Netto72026-1_2_2528x4673_4998x6882_zoom.jpg,2026-02-14,2026-02-20,https://res.cloudinary.com/dfqzmnlga/image/upload/v1771040445/2026-02-14/10961191.jpg,Coffee Painted,"☕️ Painted with coffee, I'm the ultimate mood booster—perfect for those who need a little color and caffeine to keep things going."
10961416,39.0,Steff Houlberg,Toppings,Skinkestrimler,1,0,pk.,Netto,https://static.tilbudsugen.dk/1st-retail/2026/8/64621/Netto72026-1_17_1597x4897_3165x6929_zoom.jpg,2026-02-14,2026-02-20,https://res.cloudinary.com/dfqzmnlga/image/upload/v1771040446/2026-02-14/10961416.jpg,Skimmers (including skimmers),✨ Skimmers (including skimmers) – the ultimate clean-up crew! ✨
10961418,39.0,Steff Houlberg,Toppings,Cocktailpølser,1,0,pk.,Netto,https://static.tilbudsugen.dk/1st-retail/2026/8/64621/Netto72026-1_17_1597x4897_3165x6929_zoom.jpg,2026-02-14,2026-02-20,https://res.cloudinary.com/dfqzmnlga/image/upload/v1771040446/2026-02-14/10961418.jpg,Cocktail sausages,"Sip, savor, and swing—my name is Cocktail Sausages, and I’m the perfect partner for any delicious drink. 🍸"
10961469,30.0,Premieur,Ciabatta & Flutes,Brioche Bagels,1,0,pk.,Netto,https://static.tilbudsugen.dk/1st-retail/2026/8/64621/Netto72026-1_18_140x5236_2444x6848_zoom.jpg,2026-02-14,2026-02-20,https://res.cloudinary.com/dfqzmnlga/image/upload/v1771040447/2026-02-14/10961469.jpg,Brioche Bagels,"Golden-brown, buttery, and always ready to share — 🥐"
10961227,10.0,Castus,Frugtpålæg,Frugtstænger Æble & Hindbær,1,0,pk.,Netto,https://static.tilbudsugen.dk/1st-retail/2026/8/64621/Netto72026-1_2_72x2483_2378x4705_zoom.jpg,2026-02-14,2026-02-20,https://res.cloudinary.com/dfqzmnlga/image/upload/v1771040447/2026-02-14/10961227.jpg,Fruit poles Apple & Raspberry,✨ Savor the sweet clash of apple and raspberry in every bite! 🍎 raspberries 🍓
10961230,10.0,Castus,Frugtpålæg,Frugtstænger Blåbær,1,0,pk.,Netto,https://static.tilbudsugen.dk/1st-retail/2026/8/64621/Netto72026-1_2_72x2483_2378x4705_zoom.jpg,2026-02-14,2026-02-20,https://res.cloudinary.com/dfqzmnlga/image/upload/v1771040448/2026-02-14/10961230.jpg,Fruit bars Blueberries,"✨ Blueberry bliss in every bite, perfect for a quick snack or a mood booster! 🍓"
10961252,20.0,Arla,Fedtstoffer,Smør,1,0,pk.,Netto,https://static.tilbudsugen.dk/1st-retail/2026/8/64621/Netto72026-1_15_77x824_2157x3547_zoom.jpg,2026-02-14,2026-02-20,https://res.cloudinary.com/dfqzmnlga/image/upload/v1771040448/2026-02-14/10961252.jpg,Butter,"Soft, creamy, and perfect for any buttery moment 🧀"
10961234,10.0,Castus,Frugtpålæg,Frugtstænger Jordbær Sour,1,0,pk.,Netto,https://static.tilbudsugen.dk/1st-retail/2026/8/64621/Netto72026-1_2_72x2483_2378x4705_zoom.jpg,2026-02-14,2026-02-20,https://res.cloudinary.com/dfqzmnlga/image/upload/v1771040448/2026-02-14/10961234.jpg,Fruit poles Strawberry Sour,"Strawberry Sour with a twist—sour, sweet, and never boring! 🍓✨"
10961101,10.0,Den Grønne Slagter,"Pålæg, skiveskåret",Kyllingebryst Chili,1,0,pk.,Netto,https://static.tilbudsugen.dk/1st-retail/2026/8/64621/Netto72026-1_1_2433x1436_4989x3786_zoom.jpg,2026-02-14,2026-02-20,https://res.cloudinary.com/dfqzmnlga/image/upload/v1771040449/2026-02-14/10961101.jpg,Chicken breast Chili,"Sizzling with flavor, I'm the perfect partner for any spicy night! 🍳🔥"
10961255,20.0,Kærgården,Fedtstoffer,Smørbar,1,0,bg.,Netto,https://static.tilbudsugen.dk/1st-retail/2026/8/64621/Netto72026-1_15_77x824_2157x3547_zoom.jpg,2026-02-14,2026-02-20,https://res.cloudinary.com/dfqzmnlga/image/upload/v1771040449/2026-02-14/10961255.jpg,Butterable,"Smooth, creamy, and perfectly soft — the butterable that melts in your mouth. 🧀"
10961105,10.0,Den Grønne Slagter,"Pålæg, skiveskåret",Skinke Sandwich,1,0,pk.,Netto,https://static.tilbudsugen.dk/1st-retail/2026/8/64621/Netto72026-1_1_2433x1436_4989x3786_zoom.jpg,2026-02-14,2026-02-20,https://res.cloudinary.com/dfqzmnlga/image/upload/v1771040450/2026-02-14/10961105.jpg,Ham Sandwich,"Ham Sandwich 🍛 - The perfect bite, always."
10961393,10.0,Ice Cap,Rejer og andre skaldyr,Rejer,1,0,ps.,Netto,https://static.tilbudsugen.dk/1st-retail/2026/8/64621/Netto72026-1_17_88x1172_1627x3233_zoom.jpg,2026-02-14,2026-02-20,https://res.cloudinary.com/dfqzmnlga/image/upload/v1771040450/2026-02-14/10961393.jpg,Shrimps and prawns,"Crunchy, crispy, and super tasty—shrimp and prawn vibes all in one bite! 🛟"
10961224,10.0,Castus,Frugtpålæg,Frugtstænger Jordbær,1,0,pk.,Netto,https://static.tilbudsugen.dk/1st-retail/2026/8/64621/Netto72026-1_2_72x2483_2378x4705_zoom.jpg,2026-02-14,2026-02-20,https://res.cloudinary.com/dfqzmnlga/image/upload/v1771040451/2026-02-14/10961224.jpg,Fruit poles Strawberry,"Strawberry obsessed, always in season — and never shy about showing off my flavor. 🍓"
10961233,10.0,Castus,Frugtpålæg,Frugtstænger Sure Æbler,1,0,pk.,Netto,https://static.tilbudsugen.dk/1st-retail/2026/8/64621/Netto72026-1_2_72x2483_2378x4705_zoom.jpg,2026-02-14,2026-02-20,https://res.cloudinary.com/dfqzmnlga/image/upload/v1771040451/2026-02-14/10961233.jpg,Fruit poles Sure Apples,Orange juice lover with a sweet tooth and a sprinkle of adventure 🍎✨
10961383,50.0,Mammen,Skæreost,Skæreost Danbo Lagret,1,0,stk.,Netto,https://static.tilbudsugen.dk/1st-retail/2026/8/64621/Netto72026-1_16_70x4105_2397x7255_zoom.jpg,2026-02-14,2026-02-20,https://res.cloudinary.com/dfqzmnlga/image/upload/v1771040451/2026-02-14/10961383.jpg,Cutting cheese Danbo Aged,Cheese connoisseur with a taste for aged flavors 🥕✨
10961397,25.0,Bådsmand,Sild,Sild,1,0,bg.,Netto,https://static.tilbudsugen.dk/1st-retail/2026/8/64621/Netto72026-1_17_81x3123_2341x5000_zoom.jpg,2026-02-14,2026-02-20,https://res.cloudinary.com/dfqzmnlga/image/upload/v1771040452/2026-02-14/10961397.jpg,Herring,"Sashimi master, sushi enthusiast, and occasional seafood smuggler — ready to grill or eat. 🍣"
10961390,13.0,Zelected,Saucer,Basilikum Pesto,1,0,gl.,Netto,https://static.tilbudsugen.dk/1st-retail/2026/8/64621/Netto72026-1_8_2488x5539_3594x7215_zoom.jpg,2026-02-14,2026-02-20,https://res.cloudinary.com/dfqzmnlga/image/upload/v1771040452/2026-02-14/10961390.jpg,Basil Pesto,🌿 Spritz your day with a sprinkle of flavor and a dash of adventure!
10961379,25.0,Riberhus,Skiveost,Skiveost Danbo Mellemlagret,1,0,pk.,Netto,https://static.tilbudsugen.dk/1st-retail/2026/8/64621/Netto72026-1_16_0x1638_2482x4028_zoom.jpg,2026-02-14,2026-02-20,https://res.cloudinary.com/dfqzmnlga/image/upload/v1771040453/2026-02-14/10961379.jpg,Skiveost Danbo Intermediate stock,Snooze your day with a twist—Danbo's got your back! 🛍️
10961217,69.0,Velsmag,Oksekød,Hakket oksekød 8-12%,1,0,ps.,Netto,https://static.tilbudsugen.dk/1st-retail/2026/8/64621/Netto72026-1_11_2467x5168_4872x7232_zoom.jpg,2026-02-14,2026-02-20,https://res.cloudinary.com/dfqzmnlga/image/upload/v1771040453/2026-02-14/10961217.jpg,Minced beef 8-12 per cent,"✨ Beef lover with a twist – 8-12% minced, ready to cook or eat!"
10961773,15.0,MilkSlice,Mellemmåltider,Cool Snacks,1,0,pk.,Netto,https://static.tilbudsugen.dk/1st-retail/2026/8/64621/Netto72026-1_26_2476x3513_4646x6589_zoom.jpg,2026-02-14,2026-02-20,https://res.cloudinary.com/dfqzmnlga/image/upload/v1771040453/2026-02-14/10961773.jpg,Cool Snacks,✨ Snackify your day with a dash of fun and a sprinkle of flavor! ✨
10961650,15.0,Taffel,Chips,Havsalt Chips,1,0,ps.,Netto,https://static.tilbudsugen.dk/1st-retail/2026/8/64621/Netto72026-1_21_20x1049_3258x4855_zoom.jpg,2026-02-14,2026-02-20,https://res.cloudinary.com/dfqzmnlga/image/upload/v1771040454/2026-02-14/10961650.jpg,Sea salt Chips,"Crunchy sea salt bliss, just like the first bite of a perfect day. 🍬"
10961750,22.0,Cheasy,Skiveost,Skiveost 13% mild,1,0,pk.,Netto,https://static.tilbudsugen.dk/1st-retail/2026/8/64621/Netto72026-1_25_82x550_2330x3821_zoom.jpg,2026-02-14,2026-02-20,https://res.cloudinary.com/dfqzmnlga/image/upload/v1771040455/2026-02-14/10961750.jpg,Skive cheese 13% mild,"Mild and slightly lazy, I’m the perfect companion for a slow day. 🥨"
10961747,22.0,Cheasy,Skiveost,Skiveost Mellemlagret 13%,1,0,pk.,Netto,https://static.tilbudsugen.dk/1st-retail/2026/8/64621/Netto72026-1_25_82x550_2330x3821_zoom.jpg,2026-02-14,2026-02-20,https://res.cloudinary.com/dfqzmnlga/image/upload/v1771040455/2026-02-14/10961747.jpg,Skiver cheese Intermediate stock 13%,Cheese lover with a knack for mixing flavors—especially when it comes to the perfect blend of creamy and tangy. 🧀
10961613,22.0,Dumle,Slik,Karameller Original,1,0,ps.,Netto,https://static.tilbudsugen.dk/1st-retail/2026/8/64621/Netto72026-1_21_3245x39_4998x2828_zoom.jpg,2026-02-14,2026-02-20,https://res.cloudinary.com/dfqzmnlga/image/upload/v1771040456/2026-02-14/10961613.jpg,Karamelle Original,"✨ A sweet, spicy twist that turns every bite into a story. ✨"
10961620,22.0,Dumle,Slik,Karameller Mix,1,0,ps.,Netto,https://static.tilbudsugen.dk/1st-retail/2026/8/64621/Netto72026-1_21_3245x39_4998x2828_zoom.jpg,2026-02-14,2026-02-20,https://res.cloudinary.com/dfqzmnlga/image/upload/v1771040456/2026-02-14/10961620.jpg,Karamelle Mix,"✨ A sweet, spicy twist on flavor that never fails to delight! ✨"
10961777,55.0,Original,Kaffe,Kaffe Formalet,1,0,ps.,Netto,https://static.tilbudsugen.dk/1st-retail/2026/8/64621/Netto72026-1_26_98x202_4724x3767_zoom.jpg,2026-02-14,2026-02-20,https://res.cloudinary.com/dfqzmnlga/image/upload/v1771040457/2026-02-14/10961777.jpg,Coffee Painted,"☕️ Painted with coffee, I'm the ultimate mood booster—perfect for any moment. 🌟"
10961790,55.0,Blanding 72,Kaffe,Kaffe Formalet,1,0,ps.,Netto,https://static.tilbudsugen.dk/1st-retail/2026/8/64621/Netto72026-1_26_98x202_4724x3767_zoom.jpg,2026-02-14,2026-02-20,https://res.cloudinary.com/dfqzmnlga/image/upload/v1771040457/2026-02-14/10961790.jpg,Coffee Painted,"☕️ Painted with coffee, I’m the ultimate mood booster—perfect for any day."
10961366,20.0,Naturli',Vegetarisk Fjerkræalternativ,Plantestykker,1,0,bk.,Netto,https://static.tilbudsugen.dk/1st-retail/2026/8/64621/Netto72026-1_8_1182x1450_2536x3182_zoom.jpg,2026-02-14,2026-02-20,https://res.cloudinary.com/dfqzmnlga/image/upload/v1771040457/2026-02-14/10961366.jpg,Pieces of plants,"🌿 Botanical adventurer, collecting nature's little gems in every corner of the world."
10961099,10.0,Den Grønne Slagter,"Pålæg, skiveskåret",Kyllingebryst Grillet,1,0,pk.,Netto,https://static.tilbudsugen.dk/1st-retail/2026/8/64621/Netto72026-1_1_2433x1436_4989x3786_zoom.jpg,2026-02-14,2026-02-20,https://res.cloudinary.com/dfqzmnlga/image/upload/v1771040458/2026-02-14/10961099.jpg,Chicken breast Grilled,"Grilled chicken breast: crispy, smoky, and ready to conquer the plate! 🍗"
10961378,12.0,Lillebror,Specialost,Ostehaps,1,0,pk.,Netto,https://static.tilbudsugen.dk/1st-retail/2026/8/64621/Netto72026-1_16_3227x226_4895x2841_zoom.jpg,2026-02-14,2026-02-20,https://res.cloudinary.com/dfqzmnlga/image/upload/v1771040459/2026-02-14/10961378.jpg,Ostephaps,Ostephaps: The ultimate snack that makes every day a little sweeter 🍫
10961382,50.0,Mammen,Skæreost,Skæreost Danbo Guld Mellemlagret,1,0,stk.,Netto,https://static.tilbudsugen.dk/1st-retail/2026/8/64621/Netto72026-1_16_70x4105_2397x7255_zoom.jpg,2026-02-14,2026-02-20,https://res.cloudinary.com/dfqzmnlga/image/upload/v1771040459/2026-02-14/10961382.jpg,Cutting cheese Danbo Gold Intermediate stock,"Cheese lover with a taste for the bold — Danbo Gold Intermediate stock, served with a side of adventure. 🧀✨"
10961665,79.0,Buldak,Nudler,Hot Chicken Ramen Ost,1,0,ps.,Netto,https://static.tilbudsugen.dk/1st-retail/2026/8/64621/Netto72026-1_22_3265x4920_4972x6830_zoom.jpg,2026-02-14,2026-02-20,https://res.cloudinary.com/dfqzmnlga/image/upload/v1771040459/2026-02-14/10961665.jpg,Hot Chicken Ramen Cheese,🔥 Hot Chicken Ramen Cheese – the ultimate flavor bomb that melts in your mouth and leaves you craving more! 🍜
10961243,8.0,Konfetti Mix,Chokolade,Dragée,1,0,ps.,Netto,https://static.tilbudsugen.dk/1st-retail/2026/8/64621/Netto72026-1_14_62x816_1854x4741_zoom.jpg,2026-02-14,2026-02-20,https://res.cloudinary.com/dfqzmnlga/image/upload/v1771040460/2026-02-14/10961243.jpg,Dragée,"✨ Sweet, sticky, and slightly dangerous—like a dessert that's also a flavor bomb! ✨"
10961407,35.0,John West,Konserves,Tun i solsikkeolie,1,0,pk.,Netto,https://static.tilbudsugen.dk/1st-retail/2026/8/64621/Netto72026-1_17_3150x384_4696x3152_zoom.jpg,2026-02-14,2026-02-20,https://res.cloudinary.com/dfqzmnlga/image/upload/v1771040460/2026-02-14/10961407.jpg,Tunas in sunflower oil,Sunflower oil-loving tuna warrior 🍬✨
10961410,35.0,John West,Konserves,Tun i vand,1,0,pk.,Netto,https://static.tilbudsugen.dk/1st-retail/2026/8/64621/Netto72026-1_17_3150x384_4696x3152_zoom.jpg,2026-02-14,2026-02-20,https://res.cloudinary.com/dfqzmnlga/image/upload/v1771040461/2026-02-14/10961410.jpg,Tunas in water,"Swim through the sea in a bottle — salty, fresh, and always ready for a date. 🌊"
10961645,15.0,Taffel,Snacks,Osterejer med Ægte Cheddar,1,0,ps.,Netto,https://static.tilbudsugen.dk/1st-retail/2026/8/64621/Netto72026-1_21_20x1049_3258x4855_zoom.jpg,2026-02-14,2026-02-20,https://res.cloudinary.com/dfqzmnlga/image/upload/v1771040461/2026-02-14/10961645.jpg,Cheese owner with True Cheddar,Cheese owner with True Cheddar 🧀
10961767,15.0,Maxi King,Mellemmåltider,Cool Snacks,1,0,stk.,Netto,https://static.tilbudsugen.dk/1st-retail/2026/8/64621/Netto72026-1_26_2476x3513_4646x6589_zoom.jpg,2026-02-14,2026-02-20,https://res.cloudinary.com/dfqzmnlga/image/upload/v1771040461/2026-02-14/10961767.jpg,Cool Snacks,"✨ Snack your day with flavor, vibe, and a little bit of spark! ✨"
10961301,89.0,,Mousserende,Fransk Mousserende Vin,1,0,fl.,Netto,https://static.tilbudsugen.dk/1st-retail/2026/8/64621/Netto72026-1_4_14x1952_2845x7222_zoom.jpg,2026-02-14,2026-02-20,https://res.cloudinary.com/dfqzmnlga/image/upload/v1771040462/2026-02-14/10961301.jpg,French Sparkling Wine,"Sip, savor, and sparkle—perfect for any evening. 🍷✨"
10961313,89.0,,Tyske vine,Tysk Hvidvin,1,0,fl.,Netto,https://static.tilbudsugen.dk/1st-retail/2026/8/64621/Netto72026-1_5_144x4419_2398x7208_zoom.jpg,2026-02-14,2026-02-20,https://res.cloudinary.com/dfqzmnlga/image/upload/v1771040462/2026-02-14/10961313.jpg,German White wine,"Sip the perfect blend of tradition and taste, 🍷"
10961300,89.0,,Franske vine,Fransk Hvidvin,1,0,fl.,Netto,https://static.tilbudsugen.dk/1st-retail/2026/8/64621/Netto72026-1_4_14x1952_2845x7222_zoom.jpg,2026-02-14,2026-02-20,https://res.cloudinary.com/dfqzmnlga/image/upload/v1771040463/2026-02-14/10961300.jpg,French White wine,"Sip, savor, and share—French white wine is the perfect companion to any good story. 🍷"
10961782,55.0,Java Colombia,Kaffe,Kaffebønner,1,0,ps.,Netto,https://static.tilbudsugen.dk/1st-retail/2026/8/64621/Netto72026-1_26_98x202_4724x3767_zoom.jpg,2026-02-14,2026-02-20,https://res.cloudinary.com/dfqzmnlga/image/upload/v1771040463/2026-02-14/10961782.jpg,Coffee beans,"☕️ The world needs more coffee, and I'm here to make it happen."
10961419,25.0,Poli,Toppings,Salsiccia Chili,1,0,pk.,Netto,https://static.tilbudsugen.dk/1st-retail/2026/8/64621/Netto72026-1_17_3114x4934_4608x6907_zoom.jpg,2026-02-14,2026-02-20,https://res.cloudinary.com/dfqzmnlga/image/upload/v1771040464/2026-02-14/10961419.jpg,Salsiccia Chili,"🔥 Spicy, smoky, and ready to take over your kitchen—salsiccia chili is the flavor you need! 🌮"
10961434,25.0,Poli,Toppings,Salsiccia Original,1,0,pk.,Netto,https://static.tilbudsugen.dk/1st-retail/2026/8/64621/Netto72026-1_17_3114x4934_4608x6907_zoom.jpg,2026-02-14,2026-02-20,https://res.cloudinary.com/dfqzmnlga/image/upload/v1771040465/2026-02-14/10961434.jpg,Salsiccia Original,"🔥 Salsiccia Original: The spicy, savory, and unstoppable flavor that turns every bite into a celebration! 🍴"
10961771,15.0,Pingui,Mellemmåltider,Cool Snacks,1,0,pk.,Netto,https://static.tilbudsugen.dk/1st-retail/2026/8/64621/Netto72026-1_26_2476x3513_4646x6589_zoom.jpg,2026-02-14,2026-02-20,https://res.cloudinary.com/dfqzmnlga/image/upload/v1771040466/2026-02-14/10961771.jpg,Cool Snacks,"✨ Snack your day with flavor, never a hassle! 🍫"
10961102,10.0,Den Grønne Slagter,Vegetarpålæg,Veggiepålæg Peberfrugt,1,0,pk.,Netto,https://static.tilbudsugen.dk/1st-retail/2026/8/64621/Netto72026-1_1_2433x1436_4989x3786_zoom.jpg,2026-02-14,2026-02-20,https://res.cloudinary.com/dfqzmnlga/image/upload/v1771040466/2026-02-14/10961102.jpg,Veggie vegetables Pepper fruit,"Savoring the taste of fresh veggies and fruits, one bite at a time 🌱✨"
10961100,10.0,Den Grønne Slagter,"Pålæg, skiveskåret",Hamburgerryg,1,0,pk.,Netto,https://static.tilbudsugen.dk/1st-retail/2026/8/64621/Netto72026-1_1_2433x1436_4989x3786_zoom.jpg,2026-02-14,2026-02-20,https://res.cloudinary.com/dfqzmnlga/image/upload/v1771040467/2026-02-14/10961100.jpg,Hamburger back,Bite-sized bliss with a side of sass 🍔✨
10961624,25.0,Milky Way,Boller & Morgenbrød,Croissanter,1,0,pk.,Netto,https://static.tilbudsugen.dk/1st-retail/2026/8/64621/Netto72026-1_21_3200x4888_4998x6797_zoom.jpg,2026-02-14,2026-02-20,https://res.cloudinary.com/dfqzmnlga/image/upload/v1771040468/2026-02-14/10961624.jpg,Croissants,"Baked to perfection, with a sprinkle of joy and a dash of whimsy. 🥐"
10961623,25.0,Mars,Boller & Morgenbrød,Croissanter,1,0,pk.,Netto,https://static.tilbudsugen.dk/1st-retail/2026/8/64621/Netto72026-1_21_3200x4888_4998x6797_zoom.jpg,2026-02-14,2026-02-20,https://res.cloudinary.com/dfqzmnlga/image/upload/v1771040468/2026-02-14/10961623.jpg,Croissants,"Baked to perfection, with a perfect crunch and a smile on my face. 🥐"
10961331,99.0,,Californiske vine,Californisk Hvidvin,1,0,fl.,Netto,https://static.tilbudsugen.dk/1st-retail/2026/8/64621/Netto72026-1_6_2481x5133_4948x7188_zoom.jpg,2026-02-14,2026-02-20,https://res.cloudinary.com/dfqzmnlga/image/upload/v1771040469/2026-02-14/10961331.jpg,California White wine,"Sip, savor, and let the wine do the talking—life's too short for bad wine. 🍷"
10961332,99.0,,Californiske vine,Californisk Rødvin,1,0,fl.,Netto,https://static.tilbudsugen.dk/1st-retail/2026/8/64621/Netto72026-1_6_2481x5133_4948x7188_zoom.jpg,2026-02-14,2026-02-20,https://res.cloudinary.com/dfqzmnlga/image/upload/v1771040470/2026-02-14/10961332.jpg,California Red Wine,"Sip, savor, and let the wine do the talking—because life's too short for bad wine. 🍷"
10961386,10.0,,Grønt,Rucolasalat,1,0,ps.,Netto,https://static.tilbudsugen.dk/1st-retail/2026/8/64621/Netto72026-1_8_1216x5607_2460x7208_zoom.jpg,2026-02-14,2026-02-20,https://res.cloudinary.com/dfqzmnlga/image/upload/v1771040470/2026-02-14/10961386.jpg,Rucola lettuce,"Chill and fresh, like a green revolution in your mouth! 🥬"
10961648,15.0,Taffel,Snacks,Grilled Chicken Snacks,1,0,ps.,Netto,https://static.tilbudsugen.dk/1st-retail/2026/8/64621/Netto72026-1_21_20x1049_3258x4855_zoom.jpg,2026-02-14,2026-02-20,https://res.cloudinary.com/dfqzmnlga/image/upload/v1771040471/2026-02-14/10961648.jpg,Grilled Chicken Snacks,"Sizzling with flavor, ready to spice up your day! 🍗"
10961791,55.0,Original,Kaffe,Kaffe Formalet,1,0,ps.,Netto,https://static.tilbudsugen.dk/1st-retail/2026/8/64621/Netto72026-1_26_98x202_4724x3767_zoom.jpg,2026-02-14,2026-02-20,https://res.cloudinary.com/dfqzmnlga/image/upload/v1771040472/2026-02-14/10961791.jpg,Coffee Painted,"☕️ Painted with coffee, I'm the ultimate mood booster—perfect for any day, any vibe."
10961779,55.0,Blanding 95,Kaffe,Kaffe Formalet,1,0,ps.,Netto,https://static.tilbudsugen.dk/1st-retail/2026/8/64621/Netto72026-1_26_98x202_4724x3767_zoom.jpg,2026-02-14,2026-02-20,https://res.cloudinary.com/dfqzmnlga/image/upload/v1771040473/2026-02-14/10961779.jpg,Coffee Painted,"☕️ Painted with coffee, I'm a flavor that's both bold and whimsical."
10961783,55.0,Peter Larsen,Kaffe,Kaffebønner,1,0,ps.,Netto,https://static.tilbudsugen.dk/1st-retail/2026/8/64621/Netto72026-1_26_98x202_4724x3767_zoom.jpg,2026-02-14,2026-02-20,https://res.cloudinary.com/dfqzmnlga/image/upload/v1771040473/2026-02-14/10961783.jpg,Coffee beans,"☕ Brewed with passion, every cup is a rebellion. 🌟"
10961247,22.0,Marabou,Chokolade,Chokoladeplade Schweizernöt,1,0,pk.,Netto,https://static.tilbudsugen.dk/1st-retail/2026/8/64621/Netto72026-1_2_72x4699_2457x6817_zoom.jpg,2026-02-14,2026-02-20,https://res.cloudinary.com/dfqzmnlga/image/upload/v1771040474/2026-02-14/10961247.jpg,Chocolate plate Schweizernöt,"✨ Swiss chocolate plate, ready to melt your day! 🌟"
10961253,22.0,Oreo,Chokolade,Chokoladeplade ,1,0,stk.,Netto,https://static.tilbudsugen.dk/1st-retail/2026/8/64621/Netto72026-1_2_72x4699_2457x6817_zoom.jpg,2026-02-14,2026-02-20,https://res.cloudinary.com/dfqzmnlga/image/upload/v1771040474/2026-02-14/10961253.jpg,Chocolate plate,"✨ Chocolate plate, melting into dreams and delight! 🍫"
10961249,22.0,Marabou,Chokolade,"Chokoladeplade Lakritz, Hallon & Caramel",1,0,stk.,Netto,https://static.tilbudsugen.dk/1st-retail/2026/8/64621/Netto72026-1_2_72x4699_2457x6817_zoom.jpg,2026-02-14,2026-02-20,https://res.cloudinary.com/dfqzmnlga/image/upload/v1771040475/2026-02-14/10961249.jpg,"Chocolate plate Lakritz, Hallon & Caramel","✨ Chocolate plate Lakritz, Hallon & Caramel — sweet, spicy, and unforgettable. 🍫"
10961251,22.0,Marabou,Chokolade,Chokoladeplade Appelsin Krokant,1,0,stk.,Netto,https://static.tilbudsugen.dk/1st-retail/2026/8/64621/Netto72026-1_2_72x4699_2457x6817_zoom.jpg,2026-02-14,2026-02-20,https://res.cloudinary.com/dfqzmnlga/image/upload/v1771040475/2026-02-14/10961251.jpg,Chocolate plate Orange Krokant,✨ Chocolate plate Orange Krokant 🍫
10961254,22.0,Daim,Chokolade,Chokoladeplade ,1,0,pk.,Netto,https://static.tilbudsugen.dk/1st-retail/2026/8/64621/Netto72026-1_2_72x4699_2457x6817_zoom.jpg,2026-02-14,2026-02-20,https://res.cloudinary.com/dfqzmnlga/image/upload/v1771040475/2026-02-14/10961254.jpg,Chocolate plate,"✨ Chocolate plate, melting into dreams and memories. 🍫"
10961257,22.0,Marabou,Chokolade,Chokoladeplade Cookie Dough,1,0,stk.,Netto,https://static.tilbudsugen.dk/1st-retail/2026/8/64621/Netto72026-1_2_72x4699_2457x6817_zoom.jpg,2026-02-14,2026-02-20,https://res.cloudinary.com/dfqzmnlga/image/upload/v1771040476/2026-02-14/10961257.jpg,Chocolate plate Cookie Dough,"✨ Chocolate plate Cookie Dough – sweet, salty, and slightly messy. 🍪😊"
10961258,22.0,Marabou,Chokolade,Chokoladeplade Mjölk Choklad,1,0,pk.,Netto,https://static.tilbudsugen.dk/1st-retail/2026/8/64621/Netto72026-1_2_72x4699_2457x6817_zoom.jpg,2026-02-14,2026-02-20,https://res.cloudinary.com/dfqzmnlga/image/upload/v1771040476/2026-02-14/10961258.jpg,Chocolate plate Mjölk Chocolate,✨ Chocolate plate Mjölk Chocolate ✨
10961246,22.0,Marabou,Chokolade,Chokoladeplade Helnöt,1,0,stk.,Netto,https://static.tilbudsugen.dk/1st-retail/2026/8/64621/Netto72026-1_2_72x4699_2457x6817_zoom.jpg,2026-02-14,2026-02-20,https://res.cloudinary.com/dfqzmnlga/image/upload/v1771040477/2026-02-14/10961246.jpg,Chocolate plate Helnöt,"✨ Chocolate plate Helnöt: The sweetest dessert, ever. 🍫"
10961240,22.0,Marabou,Chokolade,Chokoladeplade Mint Krokant,1,0,stk.,Netto,https://static.tilbudsugen.dk/1st-retail/2026/8/64621/Netto72026-1_2_72x4699_2457x6817_zoom.jpg,2026-02-14,2026-02-20,https://res.cloudinary.com/dfqzmnlga/image/upload/v1771040477/2026-02-14/10961240.jpg,Chocolate plate Mint Krokant,"Minty sweet, chocolatey dream — the perfect bite to melt your day. 🍫✨"
10961659,139.0,Espresso Forza,Kaffe,Kaffebønner,1,1,pk.,Netto,https://static.tilbudsugen.dk/1st-retail/2026/8/64621/Netto72026-1_22_2489x104_4998x2854_zoom.jpg,2026-02-14,2026-02-20,https://res.cloudinary.com/dfqzmnlga/image/upload/v1771040478/2026-02-14/10961659.jpg,Coffee beans,"☕️ Ground truth, but brewed with passion."
10961657,139.0,Espresso Italiano,Kaffe,Kaffebønner,1,1,ps.,Netto,https://static.tilbudsugen.dk/1st-retail/2026/8/64621/Netto72026-1_22_2489x104_4998x2854_zoom.jpg,2026-02-14,2026-02-20,https://res.cloudinary.com/dfqzmnlga/image/upload/v1771040478/2026-02-14/10961657.jpg,Coffee beans,"☕️ Ground truth, but brewed with passion."
10961658,139.0,Crema Absolu Classique,Kaffe,Kaffebønner,1,1,pk.,Netto,https://static.tilbudsugen.dk/1st-retail/2026/8/64621/Netto72026-1_22_2489x104_4998x2854_zoom.jpg,2026-02-14,2026-02-20,https://res.cloudinary.com/dfqzmnlga/image/upload/v1771040479/2026-02-14/10961658.jpg,Coffee beans,"☕️ The world needs more caffeine, and I'm here to deliver it."
10961660,139.0,Espresso Brazil,Kaffe,Kaffebønner,1,1,ps.,Netto,https://static.tilbudsugen.dk/1st-retail/2026/8/64621/Netto72026-1_22_2489x104_4998x2854_zoom.jpg,2026-02-14,2026-02-20,https://res.cloudinary.com/dfqzmnlga/image/upload/v1771040479/2026-02-14/10961660.jpg,Coffee beans,"☕️ The world needs more bold, bitter, and unforgettable coffee."
10961652,139.0,Caffe Crema Classico,Kaffe,Kaffebønner,1,1,pk.,Netto,https://static.tilbudsugen.dk/1st-retail/2026/8/64621/Netto72026-1_22_2489x104_4998x2854_zoom.jpg,2026-02-14,2026-02-20,https://res.cloudinary.com/dfqzmnlga/image/upload/v1771040480/2026-02-14/10961652.jpg,Coffee beans,☕️ The world needs more buzzwords.
10961120,10.0,Harvest Best,Grøntsager,Persille,1,0,ps.,Netto,https://static.tilbudsugen.dk/1st-retail/2026/8/64621/Netto72026-1_1_7x1416_2536x3807_zoom.jpg,2026-02-14,2026-02-20,https://res.cloudinary.com/dfqzmnlga/image/upload/v1771040481/2026-02-14/10961120.jpg,Parsley,"✨ Spritzing freshness into every bite, I'm the green hero of your meal! 🌿"
10961054,10.0,Den Grønne Slagter,"Pålæg, skiveskåret",Rullepølse med Løg & Krydderier,1,0,pk.,Netto,https://static.tilbudsugen.dk/1st-retail/2026/8/64621/Netto72026-1_1_2433x1436_4989x3786_zoom.jpg,2026-02-14,2026-02-20,https://res.cloudinary.com/dfqzmnlga/image/upload/v1771040481/2026-02-14/10961054.jpg,Roller Sausage with Onion & Spices,"Sizzle it, spice it, and let the onion dance—this sausage is ready to ignite your day! 🍞🔥"
10961289,109.0,,Italienske vine,Italiensk Rødvin,1,0,fl.,Netto,https://static.tilbudsugen.dk/1st-retail/2026/8/64621/Netto72026-1_3_2172x1003_4914x5291_zoom.jpg,2026-02-14,2026-02-20,https://res.cloudinary.com/dfqzmnlga/image/upload/v1771040482/2026-02-14/10961289.jpg,Italian Red Wine,"Sip, savor, and let the taste tell your story — 🍷"
10961387,30.0,Castello,Specialost,Cheddar Mature,1,0,pk.,Netto,https://static.tilbudsugen.dk/1st-retail/2026/8/64621/Netto72026-1_16_2428x2864_4950x5067_zoom.jpg,2026-02-14,2026-02-20,https://res.cloudinary.com/dfqzmnlga/image/upload/v1771040482/2026-02-14/10961387.jpg,Cheddar Mature,"Cheddar Mature: A creamy, bold flavor that never hides its heart — just a delicious, cheesy surprise. 🧀"
10961388,30.0,Castello,Specialost,Cheddar Extra Mature,1,0,pk.,Netto,https://static.tilbudsugen.dk/1st-retail/2026/8/64621/Netto72026-1_16_2428x2864_4950x5067_zoom.jpg,2026-02-14,2026-02-20,https://res.cloudinary.com/dfqzmnlga/image/upload/v1771040482/2026-02-14/10961388.jpg,Cheddar Extra Mature,"Aged to perfection, with a bold flavor and a cheeky grin—cheddar extra mature. 🧀"
10961389,30.0,Castello,Specialost,Havarti Aged,1,0,pk.,Netto,https://static.tilbudsugen.dk/1st-retail/2026/8/64621/Netto72026-1_16_2428x2864_4950x5067_zoom.jpg,2026-02-14,2026-02-20,https://res.cloudinary.com/dfqzmnlga/image/upload/v1771040483/2026-02-14/10961389.jpg,Havarti Aged,"Aged cheese with a twinkle in its eye, ready to melt into your heart. 🧀"
10961385,30.0,Castello,Specialost,Gouda Aged,1,0,pk.,Netto,https://static.tilbudsugen.dk/1st-retail/2026/8/64621/Netto72026-1_16_2428x2864_4950x5067_zoom.jpg,2026-02-14,2026-02-20,https://res.cloudinary.com/dfqzmnlga/image/upload/v1771040484/2026-02-14/10961385.jpg,Gouda Aged,"Aged with time, bold and creamy, I melt on your taste buds — perfect for those who love a good story. 🍃"
10961200,99.0,Velsmag,Fersk fisk,Lakseside,1,0,pk.,Netto,https://static.tilbudsugen.dk/1st-retail/2026/8/64621/Netto72026-1_10_116x692_2405x3167_zoom.jpg,2026-02-14,2026-02-20,https://res.cloudinary.com/dfqzmnlga/image/upload/v1771040484/2026-02-14/10961200.jpg,Salmonside,"Salmonside: The ultimate seafood fusion, where ocean meets flavor—fresh, bold, and ready to conquer your taste buds! 🐟✨"
10961520,129.0,Kahlua,Likør,Likør,1,0,fl.,Netto,https://static.tilbudsugen.dk/1st-retail/2026/8/64621/Netto72026-1_20_2444x3474_4998x5227_zoom.jpg,2026-02-14,2026-02-20,https://res.cloudinary.com/dfqzmnlga/image/upload/v1771040484/2026-02-14/10961520.jpg,Liqueurs and cordials,"Sip, savor, and sway with every drink—perfect for a night out! 🍸"
10961517,129.0,Fernet Branca,Bitter,Bitter,1,0,fl.,Netto,https://static.tilbudsugen.dk/1st-retail/2026/8/64621/Netto72026-1_20_2444x3474_4998x5227_zoom.jpg,2026-02-14,2026-02-20,https://res.cloudinary.com/dfqzmnlga/image/upload/v1771040485/2026-02-14/10961517.jpg,Bitter,"Bitter, but sweet in my own way 🍃"
10961521,129.0,London Dry,Gin,Gin,1,0,fl.,Netto,https://static.tilbudsugen.dk/1st-retail/2026/8/64621/Netto72026-1_20_2444x3474_4998x5227_zoom.jpg,2026-02-14,2026-02-20,https://res.cloudinary.com/dfqzmnlga/image/upload/v1771040485/2026-02-14/10961521.jpg,Gin,"Sip, savor, and sway—my drink is a rebellion against the mundane. 🍸"
10961522,129.0,Tullamore Dew,Whisky,Whisky,1,0,fl.,Netto,https://static.tilbudsugen.dk/1st-retail/2026/8/64621/Netto72026-1_20_2444x3474_4998x5227_zoom.jpg,2026-02-14,2026-02-20,https://res.cloudinary.com/dfqzmnlga/image/upload/v1771040486/2026-02-14/10961522.jpg,Whiskey,"Whiskey: ""Sip, savor, and let the whiskey do the talking."" 🍸"
10961516,129.0,Old No. 7,Whisky,Whisky,1,0,fl.,Netto,https://static.tilbudsugen.dk/1st-retail/2026/8/64621/Netto72026-1_20_2444x3474_4998x5227_zoom.jpg,2026-02-14,2026-02-20,https://res.cloudinary.com/dfqzmnlga/image/upload/v1771040486/2026-02-14/10961516.jpg,Whiskey,"Whiskey: ""Sip, savor, and let the whiskey speak — it's always got a story to tell."" 🍸"
10961519,129.0,Jägermeister,Bitter,Bitter,1,0,fl.,Netto,https://static.tilbudsugen.dk/1st-retail/2026/8/64621/Netto72026-1_20_2444x3474_4998x5227_zoom.jpg,2026-02-14,2026-02-20,https://res.cloudinary.com/dfqzmnlga/image/upload/v1771040486/2026-02-14/10961519.jpg,Bitter,"Bitter, but beautifully sharp—like a secret that tastes better than it looks. 🍵"
10961396,10.0,,Røget og gravad,Laks i skiver,1,0,pk.,Netto,https://static.tilbudsugen.dk/1st-retail/2026/8/64621/Netto72026-1_17_88x1172_1627x3233_zoom.jpg,2026-02-14,2026-02-20,https://res.cloudinary.com/dfqzmnlga/image/upload/v1771040487/2026-02-14/10961396.jpg,Salmon in slices,"Slicing the ocean into delicious bites, one flavor at a time 🍣"
10961661,20.0,Wildly Crisp,Snacknødder & Nøddeblandinger,Cashewnødder Chili & Ahorn,1,0,ps.,Netto,https://static.tilbudsugen.dk/1st-retail/2026/8/64621/Netto72026-1_22_2476x2861_4920x4829_zoom.jpg,2026-02-14,2026-02-20,https://res.cloudinary.com/dfqzmnlga/image/upload/v1771040487/2026-02-14/10961661.jpg,Cashew nuts Chili & Maple,"Cashew nuts chili with a touch of maple — perfect for a spicy, sweet escape. 🍲🔥"
10961677,20.0,Wildly Crisp,Snacknødder & Nøddeblandinger,Trøffeldrys Nøddemix,1,0,ps.,Netto,https://static.tilbudsugen.dk/1st-retail/2026/8/64621/Netto72026-1_22_2476x2861_4920x4829_zoom.jpg,2026-02-14,2026-02-20,https://res.cloudinary.com/dfqzmnlga/image/upload/v1771040488/2026-02-14/10961677.jpg,Tdufffeldry's Nut Mix,"✨ Nutty bursts of joy, delivered in a fun and playful way! 🍬"
10961679,20.0,Wildly Crisp,Snacknødder & Nøddeblandinger,Mandler Rosmarin & Chili,1,0,ps.,Netto,https://static.tilbudsugen.dk/1st-retail/2026/8/64621/Netto72026-1_22_2476x2861_4920x4829_zoom.jpg,2026-02-14,2026-02-20,https://res.cloudinary.com/dfqzmnlga/image/upload/v1771040488/2026-02-14/10961679.jpg,Almonds Rosemary & Chili,"✨ A burst of flavor, a sprinkle of spice, and a touch of elegance in every bite. ✨"
10961466,4.0,Egelykke,"Pålæg, skiveskåret",Salami,1,0,pk.,Netto,https://static.tilbudsugen.dk/1st-retail/2026/8/64621/Netto72026-1_18_3312x2225_4836x4463_zoom.jpg,2026-02-14,2026-02-20,https://res.cloudinary.com/dfqzmnlga/image/upload/v1771040488/2026-02-14/10961466.jpg,Salami,"Smelly, salty, and ready to snack—just wait for the crowd! 🍔"
10961309,18.0,Toblerone,Dybfrost Kager & Tærter,Cheesecake,1,0,pk.,Netto,https://static.tilbudsugen.dk/1st-retail/2026/8/64621/Netto72026-1_15_62x5261_2529x7208_zoom.jpg,2026-02-14,2026-02-20,https://res.cloudinary.com/dfqzmnlga/image/upload/v1771040489/2026-02-14/10961309.jpg,Cheesecake,"Slice of joy, crusty and creamy, with a hint of mischief. 🍛"
10961307,18.0,Daim,Dybfrost Kager & Tærter,Cheesecake,1,0,pk.,Netto,https://static.tilbudsugen.dk/1st-retail/2026/8/64621/Netto72026-1_15_62x5261_2529x7208_zoom.jpg,2026-02-14,2026-02-20,https://res.cloudinary.com/dfqzmnlga/image/upload/v1771040489/2026-02-14/10961307.jpg,Cheesecake,"Slice of happiness, served with a side of joy — and a sprinkle of sweetness. 🍰"
10961626,10.0,Guldbarre,Chokolade,Chokoladebar Knas,1,0,stk.,Netto,https://static.tilbudsugen.dk/1st-retail/2026/8/64621/Netto72026-1_21_3265x2868_4959x4849_zoom.jpg,2026-02-14,2026-02-20,https://res.cloudinary.com/dfqzmnlga/image/upload/v1771040490/2026-02-14/10961626.jpg,Chocolate Bar Knas,"✨ Chocolate Bar Knas: Sweet, salty, and slightly spicy — perfect for a rainy day. 🍫"
10961629,10.0,Guldbarre,Chokolade,Chokoladebar Hasselnød,1,0,stk.,Netto,https://static.tilbudsugen.dk/1st-retail/2026/8/64621/Netto72026-1_21_3265x2868_4959x4849_zoom.jpg,2026-02-14,2026-02-20,https://res.cloudinary.com/dfqzmnlga/image/upload/v1771040490/2026-02-14/10961629.jpg,Chocolate-bar Hazelnut,"✨ Chocolate-bar Hazelnut: Sweet, bold, and always ready to melt your day. 🍫"
10961625,10.0,Guldbarre,Chokolade,Chokoladebar Mælkechokolade,1,0,stk.,Netto,https://static.tilbudsugen.dk/1st-retail/2026/8/64621/Netto72026-1_21_3265x2868_4959x4849_zoom.jpg,2026-02-14,2026-02-20,https://res.cloudinary.com/dfqzmnlga/image/upload/v1771040491/2026-02-14/10961625.jpg,Chocolate bar Milk chocolate,✨ Milk chocolate lover who loves to melt in your hands and taste the sweetest vibes. ✨
10961627,10.0,Guldbarre,Chokolade,Chokoladebar Orangeknas,1,0,stk.,Netto,https://static.tilbudsugen.dk/1st-retail/2026/8/64621/Netto72026-1_21_3265x2868_4959x4849_zoom.jpg,2026-02-14,2026-02-20,https://res.cloudinary.com/dfqzmnlga/image/upload/v1771040491/2026-02-14/10961627.jpg,Chocolate bar Orangeknas,✨ Chocolate bar Orangeknas — the sweetest rebellion ever. 🍫
10961310,18.0,Philadelphia,Dybfrost Kager & Tærter,Cheesecake,1,0,pk.,Netto,https://static.tilbudsugen.dk/1st-retail/2026/8/64621/Netto72026-1_15_62x5261_2529x7208_zoom.jpg,2026-02-14,2026-02-20,https://res.cloudinary.com/dfqzmnlga/image/upload/v1771040492/2026-02-14/10961310.jpg,Cheesecake,"Slice of joy, crumbly and sweet, with a hint of rebellion — the cheesecake. 🍯"
10961308,18.0,Oreo,Dybfrost Kager & Tærter,Cheesecake,1,0,pk.,Netto,https://static.tilbudsugen.dk/1st-retail/2026/8/64621/Netto72026-1_15_62x5261_2529x7208_zoom.jpg,2026-02-14,2026-02-20,https://res.cloudinary.com/dfqzmnlga/image/upload/v1771040492/2026-02-14/10961308.jpg,Cheesecake,"Slice of joy, wrapped in cream and crumbly bliss—because sometimes, the best treats are the ones that make you smile. 🍼"
10961472,16.0,ØGO,"Pålæg, skiveskåret",Hamburgerryg,1,0,pk.,Netto,https://static.tilbudsugen.dk/1st-retail/2026/8/64621/Netto72026-1_18_162x3881_2775x5287_zoom.jpg,2026-02-14,2026-02-20,https://res.cloudinary.com/dfqzmnlga/image/upload/v1771040493/2026-02-14/10961472.jpg,Hamburger back,"🍔 Rollin' with the rhythm of a good meal, never stopping for a second! 🍔"
10961480,16.0,ØGO,"Pålæg, skiveskåret",Rullepølse,1,0,pk.,Netto,https://static.tilbudsugen.dk/1st-retail/2026/8/64621/Netto72026-1_18_162x3881_2775x5287_zoom.jpg,2026-02-14,2026-02-20,https://res.cloudinary.com/dfqzmnlga/image/upload/v1771040494/2026-02-14/10961480.jpg,Roller sausage,"🔥Sausage that slithers, not slides—perfect for a spicy twist on life. 🐍"
10961414,25.0,,Røget og gravad,Laks,1,0,bk.,Netto,https://static.tilbudsugen.dk/1st-retail/2026/8/64621/Netto72026-1_17_2289x3182_4637x5125_zoom.jpg,2026-02-14,2026-02-20,https://res.cloudinary.com/dfqzmnlga/image/upload/v1771040494/2026-02-14/10961414.jpg,Salmon,"✨ Catchy, flaky, and full of flavor—salmon is the ocean's finest chef. 🍣"
10961663,65.0,Gold,Instant Kaffe,Instant Kaffe,1,0,ps.,Netto,https://static.tilbudsugen.dk/1st-retail/2026/8/64621/Netto72026-1_22_65x0_2476x2887_zoom.jpg,2026-02-14,2026-02-20,https://res.cloudinary.com/dfqzmnlga/image/upload/v1771040494/2026-02-14/10961663.jpg,Instant Coffee,"☕️ Brew your own magic with every sip—instant, fresh, and always ready."
10961664,65.0,Cafe Noir,Instant Kaffe,Instant Kaffe,1,0,ps.,Netto,https://static.tilbudsugen.dk/1st-retail/2026/8/64621/Netto72026-1_22_65x0_2476x2887_zoom.jpg,2026-02-14,2026-02-20,https://res.cloudinary.com/dfqzmnlga/image/upload/v1771040495/2026-02-14/10961664.jpg,Instant Coffee,"☕ Brew your day with a twist—instant, ready, and always perfect."
10961662,65.0,Crema,Instant Kaffe,Instant Kaffe,1,0,ps.,Netto,https://static.tilbudsugen.dk/1st-retail/2026/8/64621/Netto72026-1_22_65x0_2476x2887_zoom.jpg,2026-02-14,2026-02-20,https://res.cloudinary.com/dfqzmnlga/image/upload/v1771040495/2026-02-14/10961662.jpg,Instant Coffee," ☕ Brew your day with a twist—instant, ready, and always perfect."
10961633,30.0,,Rengøringsartikler,Duftspray,1,0,stk.,Netto,https://static.tilbudsugen.dk/1st-retail/2026/8/64621/Netto72026-1_34_235x274_4836x3484_zoom.jpg,2026-02-14,2026-02-20,https://res.cloudinary.com/dfqzmnlga/image/upload/v1771040496/2026-02-14/10961633.jpg,Scent spray,"Scent spray: Smells like a dream, but actually smells like a disaster. 🌟"
10961488,59.0,Portiny,Færdigretter Køl,Hamburger,1,0,bk.,Netto,https://static.tilbudsugen.dk/1st-retail/2026/8/64621/Netto72026-1_19_3252x4973_4887x6817_zoom.jpg,2026-02-14,2026-02-20,https://res.cloudinary.com/dfqzmnlga/image/upload/v1771040497/2026-02-14/10961488.jpg,Hamburger,"Savor the crunch, but don't forget to add a side of fun! 🍔✨"
10961406,35.0,Bådsmand,Røget og gravad,Laks i skiver,1,0,pk.,Netto,https://static.tilbudsugen.dk/1st-retail/2026/8/64621/Netto72026-1_17_1560x1260_3136x3226_zoom.jpg,2026-02-14,2026-02-20,https://res.cloudinary.com/dfqzmnlga/image/upload/v1771040497/2026-02-14/10961406.jpg,Salmon in slices,"Savoring the ocean in every slice — perfect for a quick, tasty snack. 🍣"
10961628,30.0,,Luftfrisker,Duftolie,1,0,stk.,Netto,https://static.tilbudsugen.dk/1st-retail/2026/8/64621/Netto72026-1_34_235x274_4836x3484_zoom.jpg,2026-02-14,2026-02-20,https://res.cloudinary.com/dfqzmnlga/image/upload/v1771040497/2026-02-14/10961628.jpg,Scent oil,Scent oil: the invisible magic that turns everyday moments into unforgettable memories 🌟
10932861,20.0,,Luftfrisker,Duftolie,1,0,stk.,Netto,https://static.tilbudsugen.dk/1st-retail/2026/5/64452/Netto42026-1_31_141x135_2843x2223_zoom.jpg,2026-01-24,2026-02-20,https://res.cloudinary.com/dfqzmnlga/image/upload/v1771040498/2026-02-14/10932861.jpg,Scent oil,✨ Scent your day with a dash of magic! ✨
10961788,55.0,Koffeinfri,Instant Kaffe,Instant Kaffe,1,0,gl.,Netto,https://static.tilbudsugen.dk/1st-retail/2026/8/64621/Netto72026-1_26_98x202_4724x3767_zoom.jpg,2026-02-14,2026-02-20,https://res.cloudinary.com/dfqzmnlga/image/upload/v1771040499/2026-02-14/10961788.jpg,Instant Coffee," ☕ Brew your day with a twist—instant, ready, and always perfect."
10961787,55.0,Classic,Instant Kaffe,Instant Kaffe,1,0,gl.,Netto,https://static.tilbudsugen.dk/1st-retail/2026/8/64621/Netto72026-1_26_98x202_4724x3767_zoom.jpg,2026-02-14,2026-02-20,https://res.cloudinary.com/dfqzmnlga/image/upload/v1771040499/2026-02-14/10961787.jpg,Instant Coffee,"☕ Brew your day with a twist—instant, effortless, and always ready."
10961504,40.0,,Diverse isenkram og boligindretning,Kølemaske,1,0,stk.,Netto,https://static.tilbudsugen.dk/1st-retail/2026/8/64621/Netto72026-1_29_228x1982_3379x3572_zoom.jpg,2026-02-14,2026-02-20,https://res.cloudinary.com/dfqzmnlga/image/upload/v1771040500/2026-02-14/10961504.jpg,Cooling mask,"❄️ Cool as a winter breeze, refresh your skin with a spray that keeps you cool and calm."
10961236,19.56,ØGO,Krydderier,Vaniljestang,1,0,pk.,Netto,https://static.tilbudsugen.dk/1st-retail/2026/8/64621/Netto72026-1_13_70x676_2172x3624_zoom.jpg,2026-02-14,2026-02-20,https://res.cloudinary.com/dfqzmnlga/image/upload/v1771040500/2026-02-14/10961236.jpg,Vanilla rod,"Savory vanilla, sweet and bold, with a twist of spice—perfect for any moment. 🌟"
10961518,25.0,,Diverse isenkram og boligindretning,Pilleæske,1,0,stk.,Netto,https://static.tilbudsugen.dk/1st-retail/2026/8/64621/Netto72026-1_29_162x443_1781x1982_zoom.jpg,2026-02-14,2026-02-20,https://res.cloudinary.com/dfqzmnlga/image/upload/v1771040501/2026-02-14/10961518.jpg,Pillbox,"✨ Capsule of calm, where your day's essentials are stored in perfect order. ✨"
10961544,149.0,,Dametøj,Hjemmesæt,1,0,stk.,Netto,https://static.tilbudsugen.dk/1st-retail/2026/8/64621/Netto72026-1_30_3290x208_4807x5096_zoom.jpg,2026-02-14,2026-02-20,https://res.cloudinary.com/dfqzmnlga/image/upload/v1771040501/2026-02-14/10961544.jpg,Homesets,🧳✨ The ultimate kitchen companion that makes every meal feel like a celebration!
10961557,35.0,,El-artikler,Sensorlampe,1,0,stk.,Netto,https://static.tilbudsugen.dk/1st-retail/2026/8/64621/Netto72026-1_30_206x208_1796x2004_zoom.jpg,2026-02-14,2026-02-20,https://res.cloudinary.com/dfqzmnlga/image/upload/v1771040502/2026-02-14/10961557.jpg,Sensor lamp,"✨ Glow with purpose, light up the day with a touch. ✨"
10961558,35.0,,Toiletartikler,Makeupspejl,1,0,stk.,Netto,https://static.tilbudsugen.dk/1st-retail/2026/8/64621/Netto72026-1_30_206x208_1796x2004_zoom.jpg,2026-02-14,2026-02-20,https://res.cloudinary.com/dfqzmnlga/image/upload/v1771040502/2026-02-14/10961558.jpg,Makeup mirror,"✨ Reflect, reveal, and reframe your look with me! ✨"
10961573,49.0,,Boligartikler,Kurv,1,0,stk.,Netto,https://static.tilbudsugen.dk/1st-retail/2026/8/64621/Netto72026-1_31_2422x4426_4998x6760_zoom.jpg,2026-02-14,2026-02-20,https://res.cloudinary.com/dfqzmnlga/image/upload/v1771040503/2026-02-14/10961573.jpg,Basket,"✨ Carry the world in my hands, one item at a time. ✨"
10961594,59.0,,Pyntegenstande,Dekorationsbakke,1,0,stk.,Netto,https://static.tilbudsugen.dk/1st-retail/2026/8/64621/Netto72026-1_32_22x23_4939x4492_zoom.jpg,2026-02-14,2026-02-20,https://res.cloudinary.com/dfqzmnlga/image/upload/v1771040503/2026-02-14/10961594.jpg,Decoration tray,✨ Decorate your space with style and flair! ✨
10961630,30.0,,Luftfrisker,Diffuser,1,0,stk.,Netto,https://static.tilbudsugen.dk/1st-retail/2026/8/64621/Netto72026-1_34_235x274_4836x3484_zoom.jpg,2026-02-14,2026-02-20,https://res.cloudinary.com/dfqzmnlga/image/upload/v1771040504/2026-02-14/10961630.jpg,Diffuser,"✨ Diffuser of vibes, but not the kind that makes you sleepy. 🌿"
10932864,69.0,,Pyntegenstande,Vase,1,0,stk.,Netto,https://static.tilbudsugen.dk/1st-retail/2026/5/64452/Netto42026-1_31_2081x930_4964x6622_zoom.jpg,2026-01-24,2026-02-20,https://res.cloudinary.com/dfqzmnlga/image/upload/v1771040504/2026-02-14/10932864.jpg,Vase,✨ Glass vessel that holds the world in its embrace ✨
10961502,79.0,,Dametøj,Natkjole,1,0,stk.,Netto,https://static.tilbudsugen.dk/1st-retail/2026/8/64621/Netto72026-1_29_3342x1908_4998x6745_zoom.jpg,2026-02-14,2026-02-20,https://res.cloudinary.com/dfqzmnlga/image/upload/v1771040505/2026-02-14/10961502.jpg,Nightdress,"✨ Nightdress that dreams in the dark, ready to slumber or shine. 🌙"
10961508,25.0,,Diverse,Kløpind,1,0,stk.,Netto,https://static.tilbudsugen.dk/1st-retail/2026/8/64621/Netto72026-1_29_3239x53_4983x1960_zoom.jpg,2026-02-14,2026-02-20,https://res.cloudinary.com/dfqzmnlga/image/upload/v1771040505/2026-02-14/10961508.jpg,Itch,"✨ Itch, the tiny hero who makes you want to scratch your head and smile at the same time. ✨"
10932862,20.0,,Køkkenartikler,Drikkedunk,1,0,stk.,Netto,https://static.tilbudsugen.dk/1st-retail/2026/5/64452/Netto42026-1_31_40x2243_2640x4082_zoom.jpg,2026-01-24,2026-02-20,https://res.cloudinary.com/dfqzmnlga/image/upload/v1771040506/2026-02-14/10932862.jpg,Drinking bottle,💧 Never forget to sip the moment—because life's too short for empty bottles.
10932872,20.0,,"Skåle, fade og forme",Skål,1,0,stk.,Netto,https://static.tilbudsugen.dk/1st-retail/2026/5/64452/Netto42026-1_29_209x243_4574x4278_zoom.jpg,2026-01-24,2026-02-20,https://res.cloudinary.com/dfqzmnlga/image/upload/v1771040506/2026-02-14/10932872.jpg,Cheers.,"Raise your glass, life's too short for no celebration—Cheers! 🍻"
10961546,139.0,,Personlig,Pedaltræner,1,0,stk.,Netto,https://static.tilbudsugen.dk/1st-retail/2026/8/64621/Netto72026-1_30_243x5155_2495x6789_zoom.jpg,2026-02-14,2026-02-20,https://res.cloudinary.com/dfqzmnlga/image/upload/v1771040507/2026-02-14/10961546.jpg,Pedal Trainer,⚡ Boost your pedal power with a little extra fun! 🚴‍♂️
10961547,79.0,,Mobiltelefon tilbehør,Mobilholder,1,0,stk.,Netto,https://static.tilbudsugen.dk/1st-retail/2026/8/64621/Netto72026-1_30_191x3454_1686x5147_zoom.jpg,2026-02-14,2026-02-20,https://res.cloudinary.com/dfqzmnlga/image/upload/v1771040507/2026-02-14/10961547.jpg,Mobile Holder,📱 Stand by—your phone is in safe hands! 📱✨
10961550,79.0,,Boligartikler,Nøglering,1,0,stk.,Netto,https://static.tilbudsugen.dk/1st-retail/2026/8/64621/Netto72026-1_30_1767x1982_3180x3476_zoom.jpg,2026-02-14,2026-02-20,https://res.cloudinary.com/dfqzmnlga/image/upload/v1771040507/2026-02-14/10961550.jpg,Keychain,"✨ Carry your style everywhere—pins, vibes, and never forget your favorite color! ✨"
10961569,30.0,,Lys/lyskæder,Lyskæder,1,0,stk.,Netto,https://static.tilbudsugen.dk/1st-retail/2026/8/64621/Netto72026-1_31_2525x0_4902x1201_zoom.jpg,2026-02-14,2026-02-20,https://res.cloudinary.com/dfqzmnlga/image/upload/v1771040508/2026-02-14/10961569.jpg,Light chains,"✨ Chains that light up the night, one by one. ✨"
10961578,69.0,,Pyntegenstande,Lanterne,1,0,stk.,Netto,https://static.tilbudsugen.dk/1st-retail/2026/8/64621/Netto72026-1_31_184x4757_2481x6811_zoom.jpg,2026-02-14,2026-02-20,https://res.cloudinary.com/dfqzmnlga/image/upload/v1771040508/2026-02-14/10961578.jpg,Lanterns,"✨ Glow up, light the way with a touch of magic. ✨"
10961581,89.0,,Boligartikler,Kurv,1,0,stk.,Netto,https://static.tilbudsugen.dk/1st-retail/2026/8/64621/Netto72026-1_31_2422x4426_4998x6760_zoom.jpg,2026-02-14,2026-02-20,https://res.cloudinary.com/dfqzmnlga/image/upload/v1771040508/2026-02-14/10961581.jpg,Basket,"✨ Carry the world in my hands, one item at a time. ✨"
10961585,79.0,,Boligtekstiler,Duge,1,0,stk.,Netto,https://static.tilbudsugen.dk/1st-retail/2026/8/64621/Netto72026-1_32_2392x4551_4917x6848_zoom.jpg,2026-02-14,2026-02-20,https://res.cloudinary.com/dfqzmnlga/image/upload/v1771040509/2026-02-14/10961585.jpg,Tablecloths,"Garnished with flair, I'm the tablecloths that make every meal a feast! 🎉"
10961602,14.0,,Lingeri,Trusser,1,0,stk.,Netto,https://static.tilbudsugen.dk/1st-retail/2026/8/64621/Netto72026-1_33_2488x2828_4755x4927_zoom.jpg,2026-02-14,2026-02-20,https://res.cloudinary.com/dfqzmnlga/image/upload/v1771040509/2026-02-14/10961602.jpg,Panties,"✨ Curves that curtsy, secrets that shine—just a little bit of me, always. 🌟"
10961612,10.0,,Papir,Kort,1,0,pk.,Netto,https://static.tilbudsugen.dk/1st-retail/2026/8/64621/Netto72026-1_34_250x5258_2569x6774_zoom.jpg,2026-02-14,2026-02-20,https://res.cloudinary.com/dfqzmnlga/image/upload/v1771040510/2026-02-14/10961612.jpg,Map,"A compass to guide the lost, a map to navigate the unknown, and a reminder that every turn leads to a new adventure. 🗺️"
10961730,10.0,Ambi Pur,Rengøringsmidler,WC-flush,1,0,pk.,Netto,https://static.tilbudsugen.dk/1st-retail/2026/8/64621/Netto72026-1_23_2444x736_4959x2789_zoom.jpg,2026-02-14,2026-02-20,https://res.cloudinary.com/dfqzmnlga/image/upload/v1771040510/2026-02-14/10961730.jpg,WC-flush,✨ Flush your worries away with a little help from me! 🌟
10961541,25.0,,Diverse bøger,Sudokuhæfte,1,0,stk.,Netto,https://static.tilbudsugen.dk/1st-retail/2026/8/64621/Netto72026-1_30_1700x3469_3253x5162_zoom.jpg,2026-02-14,2026-02-20,https://res.cloudinary.com/dfqzmnlga/image/upload/v1771040510/2026-02-14/10961541.jpg,Sudokubæfte,Sudoku mastermind with a knack for solving life's puzzles 🧩✨
10961551,199.0,,Belysning indendørs,Bordlampe,1,0,stk.,Netto,https://static.tilbudsugen.dk/1st-retail/2026/8/64621/Netto72026-1_30_1796x156_3202x1996_zoom.jpg,2026-02-14,2026-02-20,https://res.cloudinary.com/dfqzmnlga/image/upload/v1771040511/2026-02-14/10961551.jpg,Table lamp,✨ Glow up your space with a little light magic! ✨
10961554,35.0,,Personlig,Forstørrelsesglas,1,0,stk.,Netto,https://static.tilbudsugen.dk/1st-retail/2026/8/64621/Netto72026-1_30_206x208_1796x2004_zoom.jpg,2026-02-14,2026-02-20,https://res.cloudinary.com/dfqzmnlga/image/upload/v1771040511/2026-02-14/10961554.jpg,Magnifying glass,✨ Uncover the hidden wonders of the world with a magnifying glass! ✨
10961556,35.0,,El-artikler,LED pære,1,0,pk.,Netto,https://static.tilbudsugen.dk/1st-retail/2026/8/64621/Netto72026-1_30_206x208_1796x2004_zoom.jpg,2026-02-14,2026-02-20,https://res.cloudinary.com/dfqzmnlga/image/upload/v1771040511/2026-02-14/10961556.jpg,LED light bulb,✨ Glow up your day with a little light magic!
10961567,20.0,Nord Home LIving,Boligtekstiler,Dækkeserviet,1,0,stk.,Netto,https://static.tilbudsugen.dk/1st-retail/2026/8/64621/Netto72026-1_31_154x1400_2760x3160_zoom.jpg,2026-02-14,2026-02-20,https://res.cloudinary.com/dfqzmnlga/image/upload/v1771040512/2026-02-14/10961567.jpg,Table swab,"Cleaner of tables, but more fun than a mop—just a swipe to clean up! 🧽✨"
10961571,79.0,,Boligtekstiler,Plaid,1,0,stk.,Netto,https://static.tilbudsugen.dk/1st-retail/2026/8/64621/Netto72026-1_31_2657x1032_4843x3012_zoom.jpg,2026-02-14,2026-02-20,https://res.cloudinary.com/dfqzmnlga/image/upload/v1771040512/2026-02-14/10961571.jpg,Plaid,"A bold, vibrant statement in a patchwork world—confident, cozy, and always in the right place. 🧥"
10961576,69.0,,Boligartikler,Kurv,1,0,stk.,Netto,https://static.tilbudsugen.dk/1st-retail/2026/8/64621/Netto72026-1_31_2422x4426_4998x6760_zoom.jpg,2026-02-14,2026-02-20,https://res.cloudinary.com/dfqzmnlga/image/upload/v1771040513/2026-02-14/10961576.jpg,Basket,"✨ Carry the world in my hands, one item at a time. ✨"
10961579,129.0,,Pyntegenstande,Lanterne,1,0,stk.,Netto,https://static.tilbudsugen.dk/1st-retail/2026/8/64621/Netto72026-1_31_184x4757_2481x6811_zoom.jpg,2026-02-14,2026-02-20,https://res.cloudinary.com/dfqzmnlga/image/upload/v1771040513/2026-02-14/10961579.jpg,Lanterns,✨ Glow up with a flick of light 🌟
10961584,129.0,,Gardiner og persienner,Gardin,1,0,stk.,Netto,https://static.tilbudsugen.dk/1st-retail/2026/8/64621/Netto72026-1_32_154x3712_2444x6870_zoom.jpg,2026-02-14,2026-02-20,https://res.cloudinary.com/dfqzmnlga/image/upload/v1771040514/2026-02-14/10961584.jpg,Gardin,"Gardin: The ultimate helper in keeping your space tidy and stylish, with a dash of flair and a sprinkle of fun. 🌟"
10961591,49.0,,Pyntegenstande,Dekorationsbakke,1,0,stk.,Netto,https://static.tilbudsugen.dk/1st-retail/2026/8/64621/Netto72026-1_32_22x23_4939x4492_zoom.jpg,2026-02-14,2026-02-20,https://res.cloudinary.com/dfqzmnlga/image/upload/v1771040514/2026-02-14/10961591.jpg,Decoration tray,✨ Decorate your space with flair! 🌟
10961611,129.0,,Outdoor,Gummistøvler,1,0,stk.,Netto,https://static.tilbudsugen.dk/1st-retail/2026/8/64621/Netto72026-1_34_2488x5074_4924x6885_zoom.jpg,2026-02-14,2026-02-20,https://res.cloudinary.com/dfqzmnlga/image/upload/v1771040515/2026-02-14/10961611.jpg,Rubber boots,Protect your feet from the wild — 🚶‍♂️
10961614,15.0,,Diverse kontorartikler,Hæftemaskine,1,0,stk.,Netto,https://static.tilbudsugen.dk/1st-retail/2026/8/64621/Netto72026-1_34_250x3572_4770x5147_zoom.jpg,2026-02-14,2026-02-20,https://res.cloudinary.com/dfqzmnlga/image/upload/v1771040515/2026-02-14/10961614.jpg,Stapling machine,"✨ Staples the chaos, one knot at a time. 📌"
10961616,10.0,,Diverse kontorartikler,Elefantsnot,1,0,stk.,Netto,https://static.tilbudsugen.dk/1st-retail/2026/8/64621/Netto72026-1_34_250x3572_4770x5147_zoom.jpg,2026-02-14,2026-02-20,https://res.cloudinary.com/dfqzmnlga/image/upload/v1771040516/2026-02-14/10961616.jpg,Elephantsnot,"✨ Elephant-sized fun, never too much, always a laugh. 🐘"
10961621,30.0,,Dufteprodukter,Duftlys,1,0,stk.,Netto,https://static.tilbudsugen.dk/1st-retail/2026/8/64621/Netto72026-1_34_235x274_4836x3484_zoom.jpg,2026-02-14,2026-02-20,https://res.cloudinary.com/dfqzmnlga/image/upload/v1771040516/2026-02-14/10961621.jpg,Scented candles,✨ Scented candles that make your space feel like a secret sanctuary ✨
10961492,149.0,,Dyner og puder,Hovedpude,1,0,stk.,Netto,https://static.tilbudsugen.dk/1st-retail/2026/8/64621/Netto72026-1_28_140x215_4866x2423_zoom.jpg,2026-02-14,2026-02-20,https://res.cloudinary.com/dfqzmnlga/image/upload/v1771040516/2026-02-14/10961492.jpg,Head cushion,✨ Pillow that keeps your head comfortable and calm ✨
10961494,69.0,,Diverse isenkram og boligindretning,Nakkepude,1,0,stk.,Netto,https://static.tilbudsugen.dk/1st-retail/2026/8/64621/Netto72026-1_28_177x4566_2458x6819_zoom.jpg,2026-02-14,2026-02-20,https://res.cloudinary.com/dfqzmnlga/image/upload/v1771040517/2026-02-14/10961494.jpg,Neck cushion,"✨ Stay comfy, stay stylish — the ultimate neck cushion for your daily vibe! ✨"
10961513,149.0,,Diverse elartikler,Blodtryksmåler,1,0,stk.,Netto,https://static.tilbudsugen.dk/1st-retail/2026/8/64621/Netto72026-1_29_103x5221_1914x6774_zoom.jpg,2026-02-14,2026-02-20,https://res.cloudinary.com/dfqzmnlga/image/upload/v1771040519/2026-02-14/10961513.jpg,Blood pressure gauge,"Monitor your pulse, not your budget. 📊"
10932870,59.0,,Dametøj,Bigshirt,1,0,stk.,Netto,https://static.tilbudsugen.dk/1st-retail/2026/5/64452/Netto42026-1_30_2903x640_4944x6703_zoom.jpg,2026-01-24,2026-02-20,https://res.cloudinary.com/dfqzmnlga/image/upload/v1771040520/2026-02-14/10932870.jpg,Bigshirt,"✨ Bigshirt: The ultimate fashion statement that makes you feel like a boss, minus the stress. 🛍️"
10932871,30.0,,Service,Krus,1,0,stk.,Netto,https://static.tilbudsugen.dk/1st-retail/2026/5/64452/Netto42026-1_29_209x243_4574x4278_zoom.jpg,2026-01-24,2026-02-20,https://res.cloudinary.com/dfqzmnlga/image/upload/v1771040521/2026-02-14/10932871.jpg,Mush,Mush: The ultimate snack that makes every day a little more delicious! 🍲
10932863,30.0,,Diverse kontorartikler,Notesbog,1,0,stk.,Netto,https://static.tilbudsugen.dk/1st-retail/2026/5/64452/Netto42026-1_31_222x4082_2843x6595_zoom.jpg,2026-01-24,2026-02-20,https://res.cloudinary.com/dfqzmnlga/image/upload/v1771040521/2026-02-14/10932863.jpg,Notebook,"Creative note-journaler 📝 | Capturing moments, one page at a time."
10932867,30.0,,Sokker/Strømper,Strømper,1,0,pk.,Netto,https://static.tilbudsugen.dk/1st-retail/2026/5/64452/Netto42026-1_30_1657x2681_3098x4325_zoom.jpg,2026-01-24,2026-02-20,https://res.cloudinary.com/dfqzmnlga/image/upload/v1771040522/2026-02-14/10932867.jpg,Stockings,✨Sock-clad adventurer who loves to explore the world with a pair of stylish socks!
10961553,30.0,,Damesko og støvler,Damehjemmesko,1,0,stk.,Netto,https://static.tilbudsugen.dk/1st-retail/2026/8/64621/Netto72026-1_30_177x1945_1715x3520_zoom.jpg,2026-02-14,2026-02-20,https://res.cloudinary.com/dfqzmnlga/image/upload/v1771040523/2026-02-14/10961553.jpg,Women's slippers,"Soft, cozy slippers that make every step feel like a holiday. 🌟"
10961572,49.0,,Boligtekstiler,Puder,1,0,stk.,Netto,https://static.tilbudsugen.dk/1st-retail/2026/8/64621/Netto72026-1_31_125x2637_4733x5147_zoom.jpg,2026-02-14,2026-02-20,https://res.cloudinary.com/dfqzmnlga/image/upload/v1771040524/2026-02-14/10961572.jpg,Pillows,"Soft, cozy, and ever-present—perfect for any sleepless night 😴."
10961590,50.0,,Student,Bordløber,1,0,stk.,Netto,https://static.tilbudsugen.dk/1st-retail/2026/8/64621/Netto72026-1_32_22x23_4939x4492_zoom.jpg,2026-02-14,2026-02-20,https://res.cloudinary.com/dfqzmnlga/image/upload/v1771040524/2026-02-14/10961590.jpg,Table runners,"Soft, vibrant table runners that turn any meal into a cozy escape 🌟"
10961617,10.0,,Diverse kontorartikler,Lim,1,0,stk.,Netto,https://static.tilbudsugen.dk/1st-retail/2026/8/64621/Netto72026-1_34_250x3572_4770x5147_zoom.jpg,2026-02-14,2026-02-20,https://res.cloudinary.com/dfqzmnlga/image/upload/v1771040525/2026-02-14/10961617.jpg,Glues,"✨ Glues together chaos and order, turning mess into masterpiece ✨"
10961500,79.0,,Boligtekstiler,Hynde,1,0,stk.,Netto,https://static.tilbudsugen.dk/1st-retail/2026/8/64621/Netto72026-1_28_2532x4595_4829x6796_zoom.jpg,2026-02-14,2026-02-20,https://res.cloudinary.com/dfqzmnlga/image/upload/v1771040526/2026-02-14/10961500.jpg,Hynde,Hynde: 🌟 Where the pantry talks back and the fridge tells stories.
10961515,40.0,,Diverse isenkram og boligindretning,Pilleæske,1,0,stk.,Netto,https://static.tilbudsugen.dk/1st-retail/2026/8/64621/Netto72026-1_29_1715x487_3312x1982_zoom.jpg,2026-02-14,2026-02-20,https://res.cloudinary.com/dfqzmnlga/image/upload/v1771040527/2026-02-14/10961515.jpg,Pillbox,"✨ Organize your chaos, one pill at a time."
10961372,15.0,Salling,Grønt,Salat,1,0,bk.,Netto,https://static.tilbudsugen.dk/1st-retail/2026/8/64621/Netto72026-1_8_3690x1477_4968x3257_zoom.jpg,2026-02-14,2026-02-20,https://res.cloudinary.com/dfqzmnlga/image/upload/v1771040528/2026-02-14/10961372.jpg,Lettuce,"Lettuce: The green heart of summer, always fresh and always green. 🥦"
10961381,9.0,,Grønt,Persille,1,0,bdt.,Netto,https://static.tilbudsugen.dk/1st-retail/2026/8/64621/Netto72026-1_8_3663x3347_4934x5229_zoom.jpg,2026-02-14,2026-02-20,https://res.cloudinary.com/dfqzmnlga/image/upload/v1771040528/2026-02-14/10961381.jpg,Parsley,"Parsley: The green whisper of spring, always fresh, always vibrant. 🌿"
10961493,249.0,,Dyner og puder,Kropspude,1,0,stk.,Netto,https://static.tilbudsugen.dk/1st-retail/2026/8/64621/Netto72026-1_28_243x2423_4829x4617_zoom.jpg,2026-02-14,2026-02-20,https://res.cloudinary.com/dfqzmnlga/image/upload/v1771040529/2026-02-14/10961493.jpg,Body cushion,"✨ Soft, silky, and super smooth—perfect for keeping your skin glowing! ✨"
10961509,50.0,,Diverse isenkram og boligindretning,Pilleæske,1,0,stk.,Netto,https://static.tilbudsugen.dk/1st-retail/2026/8/64621/Netto72026-1_29_1884x3572_3452x5103_zoom.jpg,2026-02-14,2026-02-20,https://res.cloudinary.com/dfqzmnlga/image/upload/v1771040530/2026-02-14/10961509.jpg,Pillbox,"✨ Pillbox: Organize your chaos, one snack at a time. ✨"
10961511,40.0,,Toiletartikler,Bademåtte,1,0,stk.,Netto,https://static.tilbudsugen.dk/1st-retail/2026/8/64621/Netto72026-1_29_272x3565_1936x5221_zoom.jpg,2026-02-14,2026-02-20,https://res.cloudinary.com/dfqzmnlga/image/upload/v1771040531/2026-02-14/10961511.jpg,Bath mat,"✨ Sponge-clean your space with a soft, suds-filled hug! 🛁"
10932865,50.0,,Dametøj,Top,1,0,stk.,Netto,https://static.tilbudsugen.dk/1st-retail/2026/5/64452/Netto42026-1_30_222x532_3226x2600_zoom.jpg,2026-01-24,2026-02-20,https://res.cloudinary.com/dfqzmnlga/image/upload/v1771040532/2026-02-14/10932865.jpg,Top,"Top of the line, always on trend, and never out of style. 🌟"
10932869,89.0,,Boligtekstiler,Håndklæde,1,0,stk.,Netto,https://static.tilbudsugen.dk/1st-retail/2026/5/64452/Netto42026-1_30_216x4359_3577x6548_zoom.jpg,2026-01-24,2026-02-20,https://res.cloudinary.com/dfqzmnlga/image/upload/v1771040532/2026-02-14/10932869.jpg,Towel,Soothe your day with a soft towel—perfect for wiping away stress and keeping things tidy. 🧴✨
10961536,60.0,,Diverse isenkram og boligindretning,Kølehalskrave,1,0,stk.,Netto,https://static.tilbudsugen.dk/1st-retail/2026/8/64621/Netto72026-1_29_228x1982_3379x3572_zoom.jpg,2026-02-14,2026-02-20,https://res.cloudinary.com/dfqzmnlga/image/upload/v1771040532/2026-02-14/10961536.jpg,Cooling collar,❄️ Stay cool with me—your go-to chill companion!
10961539,249.0,,Boligtekstiler,Tyngdetæppe,1,0,stk.,Netto,https://static.tilbudsugen.dk/1st-retail/2026/8/64621/Netto72026-1_30_2466x5147_4785x6833_zoom.jpg,2026-02-14,2026-02-20,https://res.cloudinary.com/dfqzmnlga/image/upload/v1771040533/2026-02-14/10961539.jpg,Gravity blanket,"✨ Floating with you, even when the world feels heavy. 🌍"
10961587,89.0,,Boligtekstiler,Duge,1,0,stk.,Netto,https://static.tilbudsugen.dk/1st-retail/2026/8/64621/Netto72026-1_32_2392x4551_4917x6848_zoom.jpg,2026-02-14,2026-02-20,https://res.cloudinary.com/dfqzmnlga/image/upload/v1771040533/2026-02-14/10961587.jpg,Tablecloths,Liven up the table with a splash of color and a dash of flair! 🎉
10961588,30.0,,Lys/lyskæder,Lyskæder,1,0,stk.,Netto,https://static.tilbudsugen.dk/1st-retail/2026/8/64621/Netto72026-1_32_22x23_4939x4492_zoom.jpg,2026-02-14,2026-02-20,https://res.cloudinary.com/dfqzmnlga/image/upload/v1771040534/2026-02-14/10961588.jpg,Light chains,"✨ Chain whisperer, light in motion, forever in motion. ✨"
10961596,59.0,,Dametøj,T-shirt,1,0,stk.,Netto,https://static.tilbudsugen.dk/1st-retail/2026/8/64621/Netto72026-1_33_2481x178_4785x2924_zoom.jpg,2026-02-14,2026-02-20,https://res.cloudinary.com/dfqzmnlga/image/upload/v1771040534/2026-02-14/10961596.jpg,T-shirt,"Sweat-drenched, style-obsessed, and ready to conquer any challenge — just don't forget your shirt. 🧣"
10961615,15.0,,Diverse isenkram og boligindretning,Saks,1,0,stk.,Netto,https://static.tilbudsugen.dk/1st-retail/2026/8/64621/Netto72026-1_34_250x3572_4770x5147_zoom.jpg,2026-02-14,2026-02-20,https://res.cloudinary.com/dfqzmnlga/image/upload/v1771040534/2026-02-14/10961615.jpg,Scissors,"✨Cut through the chaos, one stitch at a time! ✨"
10961619,15.0,,Diverse kontorartikler,Tape,1,0,stk.,Netto,https://static.tilbudsugen.dk/1st-retail/2026/8/64621/Netto72026-1_34_250x3572_4770x5147_zoom.jpg,2026-02-14,2026-02-20,https://res.cloudinary.com/dfqzmnlga/image/upload/v1771040535/2026-02-14/10961619.jpg,Tape,"Tape: I glue moments together, even when they’re messy. 🎉"
