data_id,price,brand,category,product_name,units,quantity,unit_type,store_name,image_url,start_date,end_date,public_urls,translated_product,tinder_bio
10970304,8.0,Hello Sensitive,Babypleje,Vådservietter,1,100,pk.,Netto,https://static.tilbudsugen.dk/1st-retail/2026/9/64663/Netto82026-1_8_87x270_2484x3278_zoom.jpg,2026-02-21,2026-02-27,https://res.cloudinary.com/dfqzmnlga/image/upload/v1771644989/2026-02-21/10970304.jpg,Wet napkins,Soothe your cravings with a wet napkin—perfect for when your taste buds are in a slump. 😄
10970370,20.0,,Papir,Servietter,1,50,pk.,Netto,https://static.tilbudsugen.dk/1st-retail/2026/9/64663/Netto82026-1_32_221x4640_2483x6784_zoom.jpg,2026-02-21,2026-02-27,https://res.cloudinary.com/dfqzmnlga/image/upload/v1771644990/2026-02-21/10970370.jpg,Napkins and napkin liners for babies,"Soft, gentle napkins and liners for little ones, perfect for messy moments and cozy cuddles 🌟"
10970680,75.0,Livol Multi,Vitaminer,Vitaminer,1,165,gl.,Netto,https://static.tilbudsugen.dk/1st-retail/2026/9/64663/Netto82026-1_29_3320x4804_4845x6875_zoom.jpg,2026-02-21,2026-02-27,https://res.cloudinary.com/dfqzmnlga/image/upload/v1771644990/2026-02-21/10970680.jpg,Vitamins,Vitamins: Boost your energy and keep your spirit high! 🌟
10970684,75.0,Livol Multi,Kosttilskud,Mineraler,1,165,bg.,Netto,https://static.tilbudsugen.dk/1st-retail/2026/9/64663/Netto82026-1_29_3320x4804_4845x6875_zoom.jpg,2026-02-21,2026-02-27,https://res.cloudinary.com/dfqzmnlga/image/upload/v1771644991/2026-02-21/10970684.jpg,Minerals,"✨ Mineral magnet, always ready to spark a spark! ✨"
10970656,28.0,Libresse,Intimhygiejne,Regular Black Trusseindlæg,1,60,pk.,Netto,https://static.tilbudsugen.dk/1st-retail/2026/9/64663/Netto82026-1_29_2448x822_4925x2871_zoom.jpg,2026-02-21,2026-02-27,https://res.cloudinary.com/dfqzmnlga/image/upload/v1771644991/2026-02-21/10970656.jpg,Regular Black Thong Post,✨💃 Regular Black Thong Post✨
10970657,28.0,Libresse,Intimhygiejne,Regular Trusseindlæg,1,58,pk.,Netto,https://static.tilbudsugen.dk/1st-retail/2026/9/64663/Netto82026-1_29_2448x822_4925x2871_zoom.jpg,2026-02-21,2026-02-27,https://res.cloudinary.com/dfqzmnlga/image/upload/v1771644992/2026-02-21/10970657.jpg,Regular Panty Posts,"✨ Always ready for a good post, whether it's a photo or a comment."
10970481,10.0,Pickwick,Te,Fruit Variation Tebreve,1,20,pk.,Netto,https://static.tilbudsugen.dk/1st-retail/2026/9/64663/Netto82026-1_23_2492x110_4918x2777_zoom.jpg,2026-02-21,2026-02-27,https://res.cloudinary.com/dfqzmnlga/image/upload/v1771644992/2026-02-21/10970481.jpg,Fruit Variation Tebrevs,"✨ Super sweet, super versatile — perfect for any snack or treat! 🍌"
10970455,10.0,Pickwick,Te,Warming Chai Tebreve,1,20,pk.,Netto,https://static.tilbudsugen.dk/1st-retail/2026/9/64663/Netto82026-1_23_2492x110_4918x2777_zoom.jpg,2026-02-21,2026-02-27,https://res.cloudinary.com/dfqzmnlga/image/upload/v1771644993/2026-02-21/10970455.jpg,Warming Chai Tebreve,"🔥 Hot, comforting, and just the right amount of spice—Warming Chai Tebreve is here to keep you cozy. 🌟"
10970480,10.0,Pickwick,Te,Earl Grey Tebreve,1,20,pk.,Netto,https://static.tilbudsugen.dk/1st-retail/2026/9/64663/Netto82026-1_23_2492x110_4918x2777_zoom.jpg,2026-02-21,2026-02-27,https://res.cloudinary.com/dfqzmnlga/image/upload/v1771644993/2026-02-21/10970480.jpg,Earl Grey Tebreve,"✨ Sip, savor, and savour every moment—like a perfect cup of Earl Grey Tebreve. 🍵"
10970483,10.0,Pickwick,Te,Lemon Tebreve,1,20,pk.,Netto,https://static.tilbudsugen.dk/1st-retail/2026/9/64663/Netto82026-1_23_2492x110_4918x2777_zoom.jpg,2026-02-21,2026-02-27,https://res.cloudinary.com/dfqzmnlga/image/upload/v1771644994/2026-02-21/10970483.jpg,Lemon Tebreve,Citrusy surprise that makes every day brighter 🍋
10970460,10.0,Pickwick,Te,Forest Fruit Tebreve,1,20,pk.,Netto,https://static.tilbudsugen.dk/1st-retail/2026/9/64663/Netto82026-1_23_2492x110_4918x2777_zoom.jpg,2026-02-21,2026-02-27,https://res.cloudinary.com/dfqzmnlga/image/upload/v1771644994/2026-02-21/10970460.jpg,Forest Fruit Tebreves,"✨ Nature's sweetest surprise, bursting with flavor and wild charm! 🌳"
10970461,10.0,Pickwick,Te,Green Tea Lemon Tebreve,1,20,pk.,Netto,https://static.tilbudsugen.dk/1st-retail/2026/9/64663/Netto82026-1_23_2492x110_4918x2777_zoom.jpg,2026-02-21,2026-02-27,https://res.cloudinary.com/dfqzmnlga/image/upload/v1771644995/2026-02-21/10970461.jpg,Green Tea Lemon Tebrevs,"✨ Brewed with flair, sip with style—Green Tea Lemon Tebrevs are the perfect twist on a classic. 🍵🍵"
10970482,10.0,Pickwick,Te,Black Tea Variation Tebreve,1,20,pk.,Netto,https://static.tilbudsugen.dk/1st-retail/2026/9/64663/Netto82026-1_23_2492x110_4918x2777_zoom.jpg,2026-02-21,2026-02-27,https://res.cloudinary.com/dfqzmnlga/image/upload/v1771644995/2026-02-21/10970482.jpg,Black Tea Variation Tea Letters,"Sip, savor, and sip some tea—because every letter tells a story. ☕️"
10970658,28.0,Libresse,Intimhygiejne,Long Trusseindlæg,1,50,pk.,Netto,https://static.tilbudsugen.dk/1st-retail/2026/9/64663/Netto82026-1_29_2448x822_4925x2871_zoom.jpg,2026-02-21,2026-02-27,https://res.cloudinary.com/dfqzmnlga/image/upload/v1771644996/2026-02-21/10970658.jpg,Long Thong Post,"✨ Postie who delivers dreams, one parcel at a time. ✨"
10970490,10.0,Pickwick,Te,Super Blends Immunity Tebreve,1,15,pk.,Netto,https://static.tilbudsugen.dk/1st-retail/2026/9/64663/Netto82026-1_23_2492x110_4918x2777_zoom.jpg,2026-02-21,2026-02-27,https://res.cloudinary.com/dfqzmnlga/image/upload/v1771644996/2026-02-21/10970490.jpg,Super Blends Immunity Tebrevs,✨ Boost your immunity with Super Blends Tebrevs – your new favorite superpower! ✨
10970655,28.0,Libresse,Intimhygiejne,Extra Long Trusseindlæg,1,38,pk.,Netto,https://static.tilbudsugen.dk/1st-retail/2026/9/64663/Netto82026-1_29_2448x822_4925x2871_zoom.jpg,2026-02-21,2026-02-27,https://res.cloudinary.com/dfqzmnlga/image/upload/v1771644997/2026-02-21/10970655.jpg,Extra Long Thong Post,✨ Extra Long Thong Post 🌟
10970108,1.0,,Frugt,Blommer,1,1,stk.,Netto,https://static.tilbudsugen.dk/1st-retail/2026/9/64663/Netto82026-1_2_2368x670_4998x2552_zoom.jpg,2026-02-21,2026-02-27,https://res.cloudinary.com/dfqzmnlga/image/upload/v1771644998/2026-02-21/10970108.jpg,Plums,"Sweet, juicy, and slightly tart — I'm the perfect companion for a rainy afternoon tea. 🍓"
10970661,28.0,Tena,Intimhygiejne,Discreet Ultra Mini Trusseindlæg,1,28,pk.,Netto,https://static.tilbudsugen.dk/1st-retail/2026/9/64663/Netto82026-1_29_2448x822_4925x2871_zoom.jpg,2026-02-21,2026-02-27,https://res.cloudinary.com/dfqzmnlga/image/upload/v1771644998/2026-02-21/10970661.jpg,Discreet Ultra Mini Thong Post,"✨ Secretly flaunting a tiny, ultra-comfy thong in the dark, ready to dazzle with a smile. 💃"
10970415,50.0,,Skriveartikler,Tusser,1,48,pk.,Netto,https://static.tilbudsugen.dk/1st-retail/2026/9/64663/Netto82026-1_36_222x4640_1766x6784_zoom.jpg,2026-02-21,2026-02-27,https://res.cloudinary.com/dfqzmnlga/image/upload/v1771644999/2026-02-21/10970415.jpg,Tusses,Tusses are the ultimate snack that makes every day a little sweeter 🍫
10970652,28.0,Libresse,Intimhygiejne,Ultra Normal Wing Bind,1,26,pk.,Netto,https://static.tilbudsugen.dk/1st-retail/2026/9/64663/Netto82026-1_29_2448x822_4925x2871_zoom.jpg,2026-02-21,2026-02-27,https://res.cloudinary.com/dfqzmnlga/image/upload/v1771644999/2026-02-21/10970652.jpg,Ultra Normal Wing Volume,"✨ Fluffier than a cloud, squishier than a puddle—perfect for any snack moment! ✨"
10970367,99.0,,Skriveartikler,Tusser,1,80,pk.,Netto,https://static.tilbudsugen.dk/1st-retail/2026/9/64663/Netto82026-1_32_2437x417_4757x3578_zoom.jpg,2026-02-21,2026-02-27,https://res.cloudinary.com/dfqzmnlga/image/upload/v1771645000/2026-02-21/10970367.jpg,Tusses,Tusses are the ultimate snack that makes every day feel like a party 🎉
10970653,28.0,Libresse,Intimhygiejne,Ultra Long Wing Bind,1,22,pk.,Netto,https://static.tilbudsugen.dk/1st-retail/2026/9/64663/Netto82026-1_29_2448x822_4925x2871_zoom.jpg,2026-02-21,2026-02-27,https://res.cloudinary.com/dfqzmnlga/image/upload/v1771645000/2026-02-21/10970653.jpg,Ultra Long Wing Volume,"I'm the ultimate wing booster, bringing endless volume and style to your look! ✨"
10970654,28.0,Libresse,Intimhygiejne,Ultra Night Wing Bind,1,18,pk.,Netto,https://static.tilbudsugen.dk/1st-retail/2026/9/64663/Netto82026-1_29_2448x822_4925x2871_zoom.jpg,2026-02-21,2026-02-27,https://res.cloudinary.com/dfqzmnlga/image/upload/v1771645001/2026-02-21/10970654.jpg,Ultra Night Wing Volume,"✨ Fly high, fluff up, and glow brighter than the stars—Ultra Night Wing Volume! ✨"
10970677,79.0,Neophos,Opvask,Maskinopvask-tabs,1,40,pk.,Netto,https://static.tilbudsugen.dk/1st-retail/2026/9/64663/Netto82026-1_29_1707x4768_3334x6875_zoom.jpg,2026-02-21,2026-02-27,https://res.cloudinary.com/dfqzmnlga/image/upload/v1771645002/2026-02-21/10970677.jpg,Machine-washing losses,"I'm the machine-washing losses, but I'm not sure if I'm the one losing or the one gaining. 🧹✨"
10970355,20.0,Energizer,Ladere & batterier,Batterier,1,10,pk.,Netto,https://static.tilbudsugen.dk/1st-retail/2026/9/64663/Netto82026-1_31_2496x2483_4789x4627_zoom.jpg,2026-02-21,2026-02-27,https://res.cloudinary.com/dfqzmnlga/image/upload/v1771645002/2026-02-21/10970355.jpg,Batteries,✨⚡ Charge up your day with me! ✨⚡
10970310,18.0,Classic,Husholdningspapir,Toiletpapir,1,8,pk.,Netto,https://static.tilbudsugen.dk/1st-retail/2026/9/64663/Netto82026-1_8_2470x205_4918x3278_zoom.jpg,2026-02-21,2026-02-27,https://res.cloudinary.com/dfqzmnlga/image/upload/v1771645003/2026-02-21/10970310.jpg,Toilet paper,"Sweat-free sanctuary, always ready to absorb the day's mess. 🛁"
10970472,39.0,Americano,Kapselkaffe,Kaffekapsler,1,16,pk.,Netto,https://static.tilbudsugen.dk/1st-retail/2026/9/64663/Netto82026-1_23_22x4862_2506x6867_zoom.jpg,2026-02-21,2026-02-27,https://res.cloudinary.com/dfqzmnlga/image/upload/v1771645003/2026-02-21/10970472.jpg,Coffee capsules,"☕️ Sip, sip, and stay awake—because life's too short for boring coffee."
10973136,39.0,Latte Macchiato Caramel,Kapselkaffe,Kaffekapsler,1,16,pk.,Netto,https://static.tilbudsugen.dk/1st-retail/2026/9/64663/Netto82026-1_23_22x4862_2506x6867_zoom.jpg,2026-02-21,2026-02-27,https://res.cloudinary.com/dfqzmnlga/image/upload/v1771645004/2026-02-21/10973136.jpg,Coffee capsules,"☕️ Unpack the morning with a twist—each capsule is a story, a sip, a spark."
10973137,39.0,Flat White,Kapselkaffe,Kaffekapsler,1,16,pk.,Netto,https://static.tilbudsugen.dk/1st-retail/2026/9/64663/Netto82026-1_23_22x4862_2506x6867_zoom.jpg,2026-02-21,2026-02-27,https://res.cloudinary.com/dfqzmnlga/image/upload/v1771645004/2026-02-21/10973137.jpg,Coffee capsules," ☕️ Brew your own magic with every capsule—fresh, bold, and always ready."
10970462,25.0,Chocolate Hazelnut,Kapselkaffe,Kaffekapsler,1,10,pk.,Netto,https://static.tilbudsugen.dk/1st-retail/2026/9/64663/Netto82026-1_23_94x2857_2535x4891_zoom.jpg,2026-02-21,2026-02-27,https://res.cloudinary.com/dfqzmnlga/image/upload/v1771645004/2026-02-21/10970462.jpg,Coffee capsules,"☕️ Sip, swap, and stir — the ultimate coffee companion."
10970476,25.0,House Blend Lungo,Kapselkaffe,Kaffekapsler,1,10,pk.,Netto,https://static.tilbudsugen.dk/1st-retail/2026/9/64663/Netto82026-1_23_94x2857_2535x4891_zoom.jpg,2026-02-21,2026-02-27,https://res.cloudinary.com/dfqzmnlga/image/upload/v1771645005/2026-02-21/10970476.jpg,Coffee capsules," ☕️ Sip, skip, and switch – I'm the caffeine-powered shortcut to your day."
10970477,25.0,Ristretto Shot,Kapselkaffe,Kaffekapsler,1,10,pk.,Netto,https://static.tilbudsugen.dk/1st-retail/2026/9/64663/Netto82026-1_23_94x2857_2535x4891_zoom.jpg,2026-02-21,2026-02-27,https://res.cloudinary.com/dfqzmnlga/image/upload/v1771645006/2026-02-21/10970477.jpg,Coffee capsules," ☕️ Brewed anytime, anywhere. Just pour, twist, and enjoy."
10970473,25.0,Espresso Roast,Kapselkaffe,Kaffekapsler,1,10,pk.,Netto,https://static.tilbudsugen.dk/1st-retail/2026/9/64663/Netto82026-1_23_94x2857_2535x4891_zoom.jpg,2026-02-21,2026-02-27,https://res.cloudinary.com/dfqzmnlga/image/upload/v1771645006/2026-02-21/10970473.jpg,Coffee capsules,"☕️ Sip, sip, and savor the perfect cup every single day."
10970474,25.0,Breakfast Blend,Kapselkaffe,Kaffekapsler,1,10,pk.,Netto,https://static.tilbudsugen.dk/1st-retail/2026/9/64663/Netto82026-1_23_94x2857_2535x4891_zoom.jpg,2026-02-21,2026-02-27,https://res.cloudinary.com/dfqzmnlga/image/upload/v1771645006/2026-02-21/10970474.jpg,Coffee capsules," ☕️ I'm the caffeine-powered companion that keeps you going, one capsule at a time."
10970475,25.0,Colombia,Kapselkaffe,Kaffekapsler,1,10,pk.,Netto,https://static.tilbudsugen.dk/1st-retail/2026/9/64663/Netto82026-1_23_94x2857_2535x4891_zoom.jpg,2026-02-21,2026-02-27,https://res.cloudinary.com/dfqzmnlga/image/upload/v1771645007/2026-02-21/10970475.jpg,Coffee capsules, ☕️ Brew your own coffee with a twist—every capsule is a story.
10970659,28.0,Tena,Intimhygiejne,Discreet Extra Bind,1,10,pk.,Netto,https://static.tilbudsugen.dk/1st-retail/2026/9/64663/Netto82026-1_29_2448x822_4925x2871_zoom.jpg,2026-02-21,2026-02-27,https://res.cloudinary.com/dfqzmnlga/image/upload/v1771645007/2026-02-21/10970659.jpg,Discreet Extra Volume,"✨ Whispering depth in every scoop, without a single word said."
10970412,25.0,Frisko,Multipak,Champagnebrus Mini,1,8,pk.,Netto,https://static.tilbudsugen.dk/1st-retail/2026/9/64663/Netto82026-1_21_65x619_2608x2879_zoom.jpg,2026-02-21,2026-02-27,https://res.cloudinary.com/dfqzmnlga/image/upload/v1771645008/2026-02-21/10970412.jpg,Champagnebrus Mini,"✨ Sparkling sip, unexpected twist—champagnebrus mini, with a twist of whimsy! ✨"
10970385,25.0,Frisko,Multipak,Filur Mini ispinde,1,8,pk.,Netto,https://static.tilbudsugen.dk/1st-retail/2026/9/64663/Netto82026-1_21_65x619_2608x2879_zoom.jpg,2026-02-21,2026-02-27,https://res.cloudinary.com/dfqzmnlga/image/upload/v1771645008/2026-02-21/10970385.jpg,Filur Mini Popsicle,"✨ Frosty friend, thawed and ready to melt into your heart! ✨"
10970309,18.0,Classic,Husholdningspapir,Køkkenrulle,1,4,pk.,Netto,https://static.tilbudsugen.dk/1st-retail/2026/9/64663/Netto82026-1_8_2470x205_4918x3278_zoom.jpg,2026-02-21,2026-02-27,https://res.cloudinary.com/dfqzmnlga/image/upload/v1771645009/2026-02-21/10970309.jpg,Kitchen roll,"🧼 Roll up, roll down, and never let your kitchen get messy again!"
10970660,28.0,Tena,Intimhygiejne,Discreet Maxi Night Bind,1,6,pk.,Netto,https://static.tilbudsugen.dk/1st-retail/2026/9/64663/Netto82026-1_29_2448x822_4925x2871_zoom.jpg,2026-02-21,2026-02-27,https://res.cloudinary.com/dfqzmnlga/image/upload/v1771645009/2026-02-21/10970660.jpg,Screen Maxi Night Volume,✨ Light up your day with a screen that never sleeps! 🌙
10970424,59.0,,Syartikler,Hæklenåle,1,12,pk.,Netto,https://static.tilbudsugen.dk/1st-retail/2026/9/64663/Netto82026-1_37_2528x4751_4998x6595_zoom.jpg,2026-02-21,2026-03-27,https://res.cloudinary.com/dfqzmnlga/image/upload/v1771645010/2026-02-21/10970424.jpg,Crochet needles,"Weave dreams into fabric, one stitch at a time 🌸"
10970423,25.0,Mars,Multipak,Issnack Creame,1,5,pk.,Netto,https://static.tilbudsugen.dk/1st-retail/2026/9/64663/Netto82026-1_21_65x619_2608x2879_zoom.jpg,2026-02-21,2026-02-27,https://res.cloudinary.com/dfqzmnlga/image/upload/v1771645010/2026-02-21/10970423.jpg,Issnack Creame,"✨ Fluffy, creamy, and full of flavor—your go-to snack for a perfect afternoon snack! ✨"
10970420,25.0,Snickers,Multipak,Issnack Caramel,1,5,pk.,Netto,https://static.tilbudsugen.dk/1st-retail/2026/9/64663/Netto82026-1_21_65x619_2608x2879_zoom.jpg,2026-02-21,2026-02-27,https://res.cloudinary.com/dfqzmnlga/image/upload/v1771645011/2026-02-21/10970420.jpg,Issnack Caramel,"✨ Caramel that's sweet, spicy, and just a little bit weird. ✨"
10970579,10.0,Mamone,Mel & Melblandinger,Hvedemel,1,2,ps.,Netto,https://static.tilbudsugen.dk/1st-retail/2026/9/64663/Netto82026-1_26_232x4535_2477x6729_zoom.jpg,2026-02-21,2026-02-27,https://res.cloudinary.com/dfqzmnlga/image/upload/v1771645012/2026-02-21/10970579.jpg,Wheat flour,"Soft, sturdy, and versatile — the heart of countless meals, baked into every bite. 🍞"
10970386,50.0,,Sokker/Strømper,Strømper,1,10,pk.,Netto,https://static.tilbudsugen.dk/1st-retail/2026/9/64663/Netto82026-1_34_2574x3754_4816x6817_zoom.jpg,2026-02-21,2026-02-27,https://res.cloudinary.com/dfqzmnlga/image/upload/v1771645013/2026-02-21/10970386.jpg,Stockings,"✨ I'm the perfect match for your cozy, quiet moments—just like the way I curl up with a good book or a warm blanket. 🌟"
10970414,25.0,Snickers,Multipak,Issnack White,1,5,pk.,Netto,https://static.tilbudsugen.dk/1st-retail/2026/9/64663/Netto82026-1_21_65x619_2608x2879_zoom.jpg,2026-02-21,2026-02-27,https://res.cloudinary.com/dfqzmnlga/image/upload/v1771645014/2026-02-21/10970414.jpg,Issnack White,"✨ A snack that makes your day brighter, one bite at a time! ✨"
10970418,25.0,Snickers,Multipak,Issnack Creame,1,5,pk.,Netto,https://static.tilbudsugen.dk/1st-retail/2026/9/64663/Netto82026-1_21_65x619_2608x2879_zoom.jpg,2026-02-21,2026-02-27,https://res.cloudinary.com/dfqzmnlga/image/upload/v1771645014/2026-02-21/10970418.jpg,Issnack Creame,"✨ Sip, snack, and satisfy your cravings with Issnack Creame! 🍫"
10970401,59.0,Playgo,Kreativitetslegetøj & puslespil,Modellervoks,1,10,pk.,Netto,https://static.tilbudsugen.dk/1st-retail/2026/9/64663/Netto82026-1_36_3271x4621_4718x6817_zoom.jpg,2026-02-21,2026-02-27,https://res.cloudinary.com/dfqzmnlga/image/upload/v1771645015/2026-02-21/10970401.jpg,Model wax,"Smooth out the edges, but keep the flair—just like a model waxed in style. 🌟"
10970422,59.0,,Garn,Strikkepinde,1,10,pk.,Netto,https://static.tilbudsugen.dk/1st-retail/2026/9/64663/Netto82026-1_37_2528x4751_4998x6595_zoom.jpg,2026-02-21,2026-03-27,https://res.cloudinary.com/dfqzmnlga/image/upload/v1771645015/2026-02-21/10970422.jpg,Knitting needles,Sew your way through life with a little bit of yarn and a lot of charm 🎨✨
10970101,9.0,Raspberry,Sodavand,Hindbærsodavand,1,1,fl.,Netto,https://static.tilbudsugen.dk/1st-retail/2026/9/64663/Netto82026-1_1_51x4288_2688x6896_zoom.jpg,2026-02-21,2026-02-27,https://res.cloudinary.com/dfqzmnlga/image/upload/v1771645016/2026-02-21/10970101.jpg,Raspberry soda,"Sour, sweet, and slightly bitter—my flavor is pure rebellion. 🍓🌞"
10970103,9.0,Orange,Sodavand,Appelsinsodavand,1,1,fl.,Netto,https://static.tilbudsugen.dk/1st-retail/2026/9/64663/Netto82026-1_1_51x4288_2688x6896_zoom.jpg,2026-02-21,2026-02-27,https://res.cloudinary.com/dfqzmnlga/image/upload/v1771645017/2026-02-21/10970103.jpg,Orange soda,"Sip, savor, and smile—orange soda is the perfect punch to your day! 🍊"
10970089,6.0,,Grønt,Løg,1,1,ps.,Netto,https://static.tilbudsugen.dk/1st-retail/2026/9/64663/Netto82026-1_11_2014x613_4907x3884_zoom.jpg,2026-02-21,2026-02-27,https://res.cloudinary.com/dfqzmnlga/image/upload/v1771645017/2026-02-21/10970089.jpg,Bulb vegetables,✨ Glow up with every bite! 🌟
10970100,9.0,Coca Cola Zero,Sodavand,Cola,1,1,fl.,Netto,https://static.tilbudsugen.dk/1st-retail/2026/9/64663/Netto82026-1_1_51x4288_2688x6896_zoom.jpg,2026-02-21,2026-02-27,https://res.cloudinary.com/dfqzmnlga/image/upload/v1771645018/2026-02-21/10970100.jpg,Cola,"Sip, savor, and never forget the taste of joy— 🍹"
10970102,9.0,Exotic,Sodavand,Sodavand,1,1,fl.,Netto,https://static.tilbudsugen.dk/1st-retail/2026/9/64663/Netto82026-1_1_51x4288_2688x6896_zoom.jpg,2026-02-21,2026-02-27,https://res.cloudinary.com/dfqzmnlga/image/upload/v1771645018/2026-02-21/10970102.jpg,Soda water,"Fizzing fun, never boring — just a refreshing splash of joy. 🌟"
10970094,9.0,Coca Cola,Sodavand,Cola,1,1,fl.,Netto,https://static.tilbudsugen.dk/1st-retail/2026/9/64663/Netto82026-1_1_51x4288_2688x6896_zoom.jpg,2026-02-21,2026-02-27,https://res.cloudinary.com/dfqzmnlga/image/upload/v1771645019/2026-02-21/10970094.jpg,Cola,"Fizzing fun, never boring — I'm the refreshment that keeps things lively. 🚀"
10970104,9.0,Lemon Zero,Sodavand,Lemonsodavand,1,1,fl.,Netto,https://static.tilbudsugen.dk/1st-retail/2026/9/64663/Netto82026-1_1_51x4288_2688x6896_zoom.jpg,2026-02-21,2026-02-27,https://res.cloudinary.com/dfqzmnlga/image/upload/v1771645019/2026-02-21/10970104.jpg,Lemon soda,Citrusy refreshment that's never too sweet—just a squeeze of joy. 🍋
10970366,20.0,,Husholdningsartikler,Støvsugerposer,1,3,pk.,Netto,https://static.tilbudsugen.dk/1st-retail/2026/9/64663/Netto82026-1_31_254x1043_2483x3584_zoom.jpg,2026-02-21,2026-02-27,https://res.cloudinary.com/dfqzmnlga/image/upload/v1771645020/2026-02-21/10970366.jpg,Vacuum cleaners bags,✨ Vacuum cleaner bag wizard who makes cleanup easier and more stylish! ✨
10970616,7.0,Kingsway,Koncentreret Saft,Sport Frugtdrik,1,1,fl.,Netto,https://static.tilbudsugen.dk/1st-retail/2026/9/64663/Netto82026-1_27_2325x5167_4809x6875_zoom.jpg,2026-02-21,2026-02-27,https://res.cloudinary.com/dfqzmnlga/image/upload/v1771645020/2026-02-21/10970616.jpg,Sport Fruit Drink,"Sip, swing, and stay energized—because every bite is a flavor explosion! 🍌💪"
10970617,7.0,Kingsway,Koncentreret Saft,Jordbær Frugtdrik,1,1,fl.,Netto,https://static.tilbudsugen.dk/1st-retail/2026/9/64663/Netto82026-1_27_2325x5167_4809x6875_zoom.jpg,2026-02-21,2026-02-27,https://res.cloudinary.com/dfqzmnlga/image/upload/v1771645021/2026-02-21/10970617.jpg,Strawberries Fruit drink,"Sip, savor, and smile—strawberries in every sip! 🍓✨"
10970614,7.0,Kingsway,Koncentreret Saft,Solbær Frugtdrik,1,1,fl.,Netto,https://static.tilbudsugen.dk/1st-retail/2026/9/64663/Netto82026-1_27_2325x5167_4809x6875_zoom.jpg,2026-02-21,2026-02-27,https://res.cloudinary.com/dfqzmnlga/image/upload/v1771645021/2026-02-21/10970614.jpg,Currants Fruit drink,"Sour, sweet, and slightly tangy—perfect for a rainy day with a good book. 🍓"
10970615,7.0,Kingsway,Koncentreret Saft,Hindbær Frugtdrik,1,1,fl.,Netto,https://static.tilbudsugen.dk/1st-retail/2026/9/64663/Netto82026-1_27_2325x5167_4809x6875_zoom.jpg,2026-02-21,2026-02-27,https://res.cloudinary.com/dfqzmnlga/image/upload/v1771645022/2026-02-21/10970615.jpg,Raspberries Fruit drink,"Sip on the sweetest refreshment, where berries and flavor collide — 🍓✨"
10970396,40.0,Hummel,Sokker/Strømper,Strømper,1,5,pk.,Netto,https://static.tilbudsugen.dk/1st-retail/2026/9/64663/Netto82026-1_35_2450x3571_4692x6771_zoom.jpg,2026-02-21,2026-02-27,https://res.cloudinary.com/dfqzmnlga/image/upload/v1771645022/2026-02-21/10970396.jpg,Stockings,✨ Wrap 'n' wrap your day with a little extra flair! ✨
10970223,65.0,Pepsi Max,Sodavand,Cola 24 pk.,24,0,ds.,Netto,https://static.tilbudsugen.dk/1st-retail/2026/9/64663/Netto82026-1_5_2441x532_4954x3598_zoom.jpg,2026-02-21,2026-02-27,https://res.cloudinary.com/dfqzmnlga/image/upload/v1771645023/2026-02-21/10970223.jpg,Cola 24 pk.,"Sip, savor, and never forget—Cola 24 pk. 🍹"
10970220,65.0,Faxe Kondi,Sodavand,Sportssodavand 24 pk.,24,0,ds.,Netto,https://static.tilbudsugen.dk/1st-retail/2026/9/64663/Netto82026-1_5_2441x532_4954x3598_zoom.jpg,2026-02-21,2026-02-27,https://res.cloudinary.com/dfqzmnlga/image/upload/v1771645023/2026-02-21/10970220.jpg,Sports soda 24 pk.,"Sip, sprint, and stay hydrated—because life's too short for empty bottles! 🎉"
10952740,25.0,Magnum,Multipak,La-Pistachie ispinde,1,3,pk.,Netto,https://static.tilbudsugen.dk/1st-retail/2026/7/64562/Netto62026-1_19_1673x2799_3366x4831_zoom.jpg,2026-02-01,2026-02-28,https://res.cloudinary.com/dfqzmnlga/image/upload/v1771645023/2026-02-21/10952740.jpg,La-Pistachie Popsicles,"Savoring sweet adventures with a twist—churned, chilled, and perfectly ripe. 🍓"
10970413,25.0,Solero Exotic,Multipak,Ispinde,1,3,pk.,Netto,https://static.tilbudsugen.dk/1st-retail/2026/9/64663/Netto82026-1_21_65x619_2608x2879_zoom.jpg,2026-02-21,2026-02-27,https://res.cloudinary.com/dfqzmnlga/image/upload/v1771645024/2026-02-21/10970413.jpg,Popsicles,"Melt into memories, one icy bite at a time 🍦"
10952749,25.0,Magnum,Multipak,Double Gold Caramel ispinde,1,3,pk.,Netto,https://static.tilbudsugen.dk/1st-retail/2026/7/64562/Netto62026-1_19_1673x2799_3366x4831_zoom.jpg,2026-02-01,2026-02-28,https://res.cloudinary.com/dfqzmnlga/image/upload/v1771645025/2026-02-21/10952749.jpg,Double Gold Caramel Popsicles,"✨ Double Gold Caramel Popsicles — sweet, creamy, and always a hit! 🍦"
10952742,25.0,Magnum,Multipak,Euphoria Ispinde ,1,3,pk.,Netto,https://static.tilbudsugen.dk/1st-retail/2026/7/64562/Netto62026-1_19_1673x2799_3366x4831_zoom.jpg,2026-02-01,2026-02-28,https://res.cloudinary.com/dfqzmnlga/image/upload/v1771645026/2026-02-21/10952742.jpg,Euphoria Ispine,✨Euphoria Ispine: The ultimate dopamine booster that makes every moment feel like a dream.✨
10970393,25.0,Magnum,Multipak,Euphoria Ispinde ,1,3,pk.,Netto,https://static.tilbudsugen.dk/1st-retail/2026/9/64663/Netto82026-1_21_2499x597_4911x2828_zoom.jpg,2026-02-21,2026-02-27,https://res.cloudinary.com/dfqzmnlga/image/upload/v1771645026/2026-02-21/10970393.jpg,Euphoria Ispine,✨Euphoria Ispine: The ultimate thrill that makes every moment feel like a rollercoaster.✨
10970394,25.0,Magnum,Multipak,Double Gold Caramel ispinde,1,3,pk.,Netto,https://static.tilbudsugen.dk/1st-retail/2026/9/64663/Netto82026-1_21_2499x597_4911x2828_zoom.jpg,2026-02-21,2026-02-27,https://res.cloudinary.com/dfqzmnlga/image/upload/v1771645027/2026-02-21/10970394.jpg,Double Gold Caramel Popsicles,"✨ Double Gold Caramel Popsicles — sweet, salty, and unstoppable! 🍦"
10952739,25.0,Magnum,Multipak,Almond ispinde,1,3,pk.,Netto,https://static.tilbudsugen.dk/1st-retail/2026/7/64562/Netto62026-1_19_1673x2799_3366x4831_zoom.jpg,2026-02-01,2026-02-28,https://res.cloudinary.com/dfqzmnlga/image/upload/v1771645027/2026-02-21/10952739.jpg,Almond Popsicle,"Sweet, creamy, and slightly sweet, I'm the almond popsicle that melts in your mouth—just like a dream. 🍫"
10952741,25.0,Magnum,Multipak,La-Peche ispinde,1,3,pk.,Netto,https://static.tilbudsugen.dk/1st-retail/2026/7/64562/Netto62026-1_19_1673x2799_3366x4831_zoom.jpg,2026-02-01,2026-02-28,https://res.cloudinary.com/dfqzmnlga/image/upload/v1771645028/2026-02-21/10952741.jpg,La-Peche Popsicles,"Sip, slather, and smile—La-Peche Popsicles melt into your heart with every bite! 🍦"
10970388,25.0,Magnum,Multipak,Classic ispinde,1,3,pk.,Netto,https://static.tilbudsugen.dk/1st-retail/2026/9/64663/Netto82026-1_21_2499x597_4911x2828_zoom.jpg,2026-02-21,2026-02-27,https://res.cloudinary.com/dfqzmnlga/image/upload/v1771645029/2026-02-21/10970388.jpg,Classic Popsicles,"Savor the sweet, icy joy of classic popsicles—because life's too short for boring desserts. 🍦"
10952738,25.0,Magnum,Multipak,Classic ispinde,1,3,pk.,Netto,https://static.tilbudsugen.dk/1st-retail/2026/7/64562/Netto62026-1_19_1673x2799_3366x4831_zoom.jpg,2026-02-01,2026-02-28,https://res.cloudinary.com/dfqzmnlga/image/upload/v1771645029/2026-02-21/10952738.jpg,Classic Popsicles,"Tropical vibes, icy sweetness, and a dash of nostalgia — just like me. 🍦"
10970390,25.0,Magnum,Multipak,Almond ispinde,1,3,pk.,Netto,https://static.tilbudsugen.dk/1st-retail/2026/9/64663/Netto82026-1_21_2499x597_4911x2828_zoom.jpg,2026-02-21,2026-02-27,https://res.cloudinary.com/dfqzmnlga/image/upload/v1771645029/2026-02-21/10970390.jpg,Almond Popsicle,Melted joy in a sugary shell 🍫
10970391,25.0,Magnum,Multipak,La-Pistachie ispinde,1,3,pk.,Netto,https://static.tilbudsugen.dk/1st-retail/2026/9/64663/Netto82026-1_21_2499x597_4911x2828_zoom.jpg,2026-02-21,2026-02-27,https://res.cloudinary.com/dfqzmnlga/image/upload/v1771645030/2026-02-21/10970391.jpg,La-Pistachie Popsicles,"Savor the sweet, tangy joy of La-Pistachie Popsicles—refreshing, delicious, and always a hit! 🍓"
10970392,25.0,Magnum,Multipak,La-Peche ispinde,1,3,pk.,Netto,https://static.tilbudsugen.dk/1st-retail/2026/9/64663/Netto82026-1_21_2499x597_4911x2828_zoom.jpg,2026-02-21,2026-02-27,https://res.cloudinary.com/dfqzmnlga/image/upload/v1771645030/2026-02-21/10970392.jpg,La-Peche Popsicles,"Sip, smile, and melt—La-Peche Popsicles bring joy to every bite! 🍦"
10970400,25.0,Hummel,Sokker/Strømper,Strømper,1,3,pk.,Netto,https://static.tilbudsugen.dk/1st-retail/2026/9/64663/Netto82026-1_35_202x3526_2431x6784_zoom.jpg,2026-02-21,2026-02-27,https://res.cloudinary.com/dfqzmnlga/image/upload/v1771645031/2026-02-21/10970400.jpg,Stockings,"✨ Unzip your dreams, one knot at a time."
10970115,9.0,Chef de Pomme,Kartofler,Pommes Frites Crinkle Cut,1,1,ps.,Netto,https://static.tilbudsugen.dk/1st-retail/2026/9/64663/Netto82026-1_2_65x2544_2397x4877_zoom.jpg,2026-02-21,2026-02-27,https://res.cloudinary.com/dfqzmnlga/image/upload/v1771645031/2026-02-21/10970115.jpg,Pommes Frites Crinkle Cut,"Crinkle-cut fries that pop with flavor and laughter, perfect for any snack moment. 🍖✨"
10970117,9.0,Chef de Pomme,Kartofler,Pommes Frites Slim,1,1,ps.,Netto,https://static.tilbudsugen.dk/1st-retail/2026/9/64663/Netto82026-1_2_65x2544_2397x4877_zoom.jpg,2026-02-21,2026-02-27,https://res.cloudinary.com/dfqzmnlga/image/upload/v1771645032/2026-02-21/10970117.jpg,Pommes Frites Slim,Savory snack that's as slim as a smile 🍖✨
10970238,55.0,Pilsner,Øl,Øl 18 pk.,18,0,ds.,Netto,https://static.tilbudsugen.dk/1st-retail/2026/9/64663/Netto82026-1_5_65x3641_2521x6853_zoom.jpg,2026-02-21,2026-02-27,https://res.cloudinary.com/dfqzmnlga/image/upload/v1771645032/2026-02-21/10970238.jpg,Beer 18 pc.,"""Raise a glass to fun, laughter, and the occasional beer-induced giggles—18 pcs. 🍻"""
10970232,55.0,Grøn,Øl,Øl 18 pk.,18,0,ds.,Netto,https://static.tilbudsugen.dk/1st-retail/2026/9/64663/Netto82026-1_5_65x3641_2521x6853_zoom.jpg,2026-02-21,2026-02-27,https://res.cloudinary.com/dfqzmnlga/image/upload/v1771645033/2026-02-21/10970232.jpg,Beer 18 pc.,"Sip, laugh, and let the beer speak—my life's a brew! 🍻"
10952872,79.0,Coca Cola Zero,Sodavand,Cola 24 pk.,24,0,fl.,Netto,https://static.tilbudsugen.dk/1st-retail/2026/7/64562/Netto62026-1_25_15x2395_2608x4649_zoom.jpg,2026-02-01,2026-02-28,https://res.cloudinary.com/dfqzmnlga/image/upload/v1771645033/2026-02-21/10952872.jpg,Cola 24 pk.,"Fizzing fun, never boring — 🥤"
10970610,79.0,Coca Cola,Sodavand,Cola 24 pk.,24,0,fl.,Netto,https://static.tilbudsugen.dk/1st-retail/2026/9/64663/Netto82026-1_27_3225x2857_4940x5145_zoom.jpg,2026-02-01,2026-02-28,https://res.cloudinary.com/dfqzmnlga/image/upload/v1771645033/2026-02-21/10970610.jpg,Cola 24 pk.,"Sip, savor, and never let the taste fade—Cola 24 pk. 🍹"
10970611,79.0,Coca Cola Zero,Sodavand,Cola 24 pk.,24,0,fl.,Netto,https://static.tilbudsugen.dk/1st-retail/2026/9/64663/Netto82026-1_27_3225x2857_4940x5145_zoom.jpg,2026-02-01,2026-02-28,https://res.cloudinary.com/dfqzmnlga/image/upload/v1771645034/2026-02-21/10970611.jpg,Cola 24 pk.,"Sip, savor, and never forget—Cola 24 pk. 🍹"
10952867,79.0,Coca Cola,Sodavand,Cola 24 pk.,24,0,fl.,Netto,https://static.tilbudsugen.dk/1st-retail/2026/7/64562/Netto62026-1_25_15x2395_2608x4649_zoom.jpg,2026-02-01,2026-02-28,https://res.cloudinary.com/dfqzmnlga/image/upload/v1771645035/2026-02-21/10952867.jpg,Cola 24 pk.,"Sip, savor, and never forget—Cola 24 pk. 🍹"
10970222,10.0,Cappuccino,Iste & Iskaffe,Iskaffe,1,1,stk.,Netto,https://static.tilbudsugen.dk/1st-retail/2026/9/64663/Netto82026-1_17_39x3715_2437x6823_zoom.jpg,2026-02-21,2026-02-27,https://res.cloudinary.com/dfqzmnlga/image/upload/v1771645035/2026-02-21/10970222.jpg,Ice coffee,"Sip, sip, and chill—ice coffee keeps the chill alive. 🍵"
10970359,10.0,Naturli',Vegetabilske drikke,Mandeldrik,1,1,stk.,Netto,https://static.tilbudsugen.dk/1st-retail/2026/9/64663/Netto82026-1_9_51x4390_4998x6889_zoom.jpg,2026-02-21,2026-02-27,https://res.cloudinary.com/dfqzmnlga/image/upload/v1771645036/2026-02-21/10970359.jpg,Almond Drink,"✨ Sip on the sweet, creamy joy of life! ✨"
10970360,10.0,Oat Barista,Vegetabilske drikke,Havredrik,1,1,stk.,Netto,https://static.tilbudsugen.dk/1st-retail/2026/9/64663/Netto82026-1_9_51x4390_4998x6889_zoom.jpg,2026-02-21,2026-02-27,https://res.cloudinary.com/dfqzmnlga/image/upload/v1771645036/2026-02-21/10970360.jpg,Oat drink,"✨ A cozy cup of warmth, perfect for any day. 🌟"
10970361,10.0,Oat Barista Tasty Wiener,Vegetabilske drikke,Havredrik,1,1,stk.,Netto,https://static.tilbudsugen.dk/1st-retail/2026/9/64663/Netto82026-1_9_51x4390_4998x6889_zoom.jpg,2026-02-21,2026-02-27,https://res.cloudinary.com/dfqzmnlga/image/upload/v1771645036/2026-02-21/10970361.jpg,Oat drink,"✨ Brewed with oats, it's the perfect pick for a cozy, caffeine-free escape. ✨"
10970357,10.0,Naturli',Vegetabilske drikke,Havredrik,1,1,stk.,Netto,https://static.tilbudsugen.dk/1st-retail/2026/9/64663/Netto82026-1_9_51x4390_4998x6889_zoom.jpg,2026-02-21,2026-02-27,https://res.cloudinary.com/dfqzmnlga/image/upload/v1771645037/2026-02-21/10970357.jpg,Oat drink,"☕️ Sip, sip, and stay hydrated—because oat drink is the perfect pick for any day!"
10970221,10.0,Wiener ,Iste & Iskaffe,Iskaffe,1,1,stk.,Netto,https://static.tilbudsugen.dk/1st-retail/2026/9/64663/Netto82026-1_17_39x3715_2437x6823_zoom.jpg,2026-02-21,2026-02-27,https://res.cloudinary.com/dfqzmnlga/image/upload/v1771645037/2026-02-21/10970221.jpg,Ice coffee,"I'm the ice coffee, chillin' with a twist of frost and a dash of surprise—because life's too short for plain coffee. 🍵❄️"
10970358,10.0,Naturli',Vegetabilske drikke,Mandeldrik,1,1,stk.,Netto,https://static.tilbudsugen.dk/1st-retail/2026/9/64663/Netto82026-1_9_51x4390_4998x6889_zoom.jpg,2026-02-21,2026-02-27,https://res.cloudinary.com/dfqzmnlga/image/upload/v1771645038/2026-02-21/10970358.jpg,Almond Drink,"Smooth, creamy, and slightly sweet — the perfect drink to keep your day flowing. 🍽️"
10970362,10.0,Naturli',Vegetabilske drikke,Soyadrik Vanilje,1,1,stk.,Netto,https://static.tilbudsugen.dk/1st-retail/2026/9/64663/Netto82026-1_9_51x4390_4998x6889_zoom.jpg,2026-02-21,2026-02-27,https://res.cloudinary.com/dfqzmnlga/image/upload/v1771645038/2026-02-21/10970362.jpg,Soyadrik Vanilla,"Soyadrik Vanilla: The sweetest flavor, always ready to delight. 🌟"
10970600,10.0,Rynkeby,Sodavand,Frugtbrus Lime & Citron,1,1,fl.,Netto,https://static.tilbudsugen.dk/1st-retail/2026/9/64663/Netto82026-1_27_43x2879_1605x5160_zoom.jpg,2026-02-21,2026-02-27,https://res.cloudinary.com/dfqzmnlga/image/upload/v1771645039/2026-02-21/10970600.jpg,Fruit pulp Lime & Lemon,"Sour, sweet, and sparkly—perfect for a morning latte. 🍑🍋"
10970603,5.0,Lemon-Lime,Energi- Sports- & Vitamindrikke,Energidrik,1,0,ds.,Netto,https://static.tilbudsugen.dk/1st-retail/2026/9/64663/Netto82026-1_27_755x5225_2397x6817_zoom.jpg,2026-02-21,2026-02-27,https://res.cloudinary.com/dfqzmnlga/image/upload/v1771645040/2026-02-21/10970603.jpg,Energy Drink,"💥 Supercharged with energy, ready to conquer anything!"
10970599,10.0,Rynkeby,Sodavand,Frugtbrus Appelsin & Mandarin,1,1,fl.,Netto,https://static.tilbudsugen.dk/1st-retail/2026/9/64663/Netto82026-1_27_43x2879_1605x5160_zoom.jpg,2026-02-21,2026-02-27,https://res.cloudinary.com/dfqzmnlga/image/upload/v1771645040/2026-02-21/10970599.jpg,Fruit pulp Orange & Mandarin,"Tart & tangy, ready to spark a conversation—just wait till you see the emoji. 🍑"
10970363,10.0,Naturli',Iste & Iskaffe,Iskaffe,1,1,stk.,Netto,https://static.tilbudsugen.dk/1st-retail/2026/9/64663/Netto82026-1_9_51x4390_4998x6889_zoom.jpg,2026-02-21,2026-02-27,https://res.cloudinary.com/dfqzmnlga/image/upload/v1771645041/2026-02-21/10970363.jpg,Ice coffee,"Sip, savor, and freeze the day with ice coffee—because life's too short for ordinary drinks. 🍵❄️"
10970601,10.0,Rynkeby,Sodavand,Frugtbrus Pink Grape & Tranebær,1,1,fl.,Netto,https://static.tilbudsugen.dk/1st-retail/2026/9/64663/Netto82026-1_27_43x2879_1605x5160_zoom.jpg,2026-02-21,2026-02-27,https://res.cloudinary.com/dfqzmnlga/image/upload/v1771645041/2026-02-21/10970601.jpg,Fruit Shrimp Pink Grapefruit & Cranberries,"✨ Crispy, tangy, and slightly spicy—perfect for a fresh twist on a classic! 🍐"
10970085,10.0,Det Gode,Rugbrød i Skiver,Solsikkerugbrød,1,0,pk.,Netto,https://static.tilbudsugen.dk/1st-retail/2026/9/64663/Netto82026-1_1_2419x1331_4962x4332_zoom.jpg,2026-02-21,2026-02-27,https://res.cloudinary.com/dfqzmnlga/image/upload/v1771645042/2026-02-21/10970085.jpg,"Sunflower-seed oil and its fractions, whether or not refined, but not chemically modified","Golden-brown, earthy, and full of life—like a sunset in a jar. 🌅"
10970242,55.0,Classic,Øl,Øl 15 pk.,15,0,ds.,Netto,https://static.tilbudsugen.dk/1st-retail/2026/9/64663/Netto82026-1_5_65x3641_2521x6853_zoom.jpg,2026-02-21,2026-02-27,https://res.cloudinary.com/dfqzmnlga/image/upload/v1771645043/2026-02-21/10970242.jpg,Beer 15 pc.,"""Drunk on life, never on empty—🍺"""
10970244,55.0,"Classic 0,0",Alkoholfrie Øl,Øl - Alkoholfri 15 pk.,15,0,ds.,Netto,https://static.tilbudsugen.dk/1st-retail/2026/9/64663/Netto82026-1_5_65x3641_2521x6853_zoom.jpg,2026-02-21,2026-02-27,https://res.cloudinary.com/dfqzmnlga/image/upload/v1771645043/2026-02-21/10970244.jpg,Beer - Alcohol-free 15 pc.,"Sip, savor, and skip the rules—just a beer to keep things light. 🍻"
10970211,14.0,Løgismose,Mælk,Letmælk,1,1,krt.,Netto,https://static.tilbudsugen.dk/1st-retail/2026/9/64663/Netto82026-1_16_1681x163_4855x2620_zoom.jpg,2026-02-21,2026-02-27,https://res.cloudinary.com/dfqzmnlga/image/upload/v1771645044/2026-02-21/10970211.jpg,Light milk,"Lighthearted milk lover, ready to add a splash of joy to your day ☕✨"
10970210,14.0,Løgismose,Mælk,Skummetmælk,1,1,krt.,Netto,https://static.tilbudsugen.dk/1st-retail/2026/9/64663/Netto82026-1_16_1681x163_4855x2620_zoom.jpg,2026-02-21,2026-02-27,https://res.cloudinary.com/dfqzmnlga/image/upload/v1771645044/2026-02-21/10970210.jpg,Skimmed milk,"✨ Smooth, creamy, and never full—just the right amount for a perfect drink. ✨"
10970212,14.0,Løgismose,Mælk,Sødmælk,1,1,krt.,Netto,https://static.tilbudsugen.dk/1st-retail/2026/9/64663/Netto82026-1_16_1681x163_4855x2620_zoom.jpg,2026-02-21,2026-02-27,https://res.cloudinary.com/dfqzmnlga/image/upload/v1771645044/2026-02-21/10970212.jpg,Whole milk,"Smooth, creamy, and perfectly poured — just like you. 🧀"
10970181,14.0,Løgismose,Mælk,Minimælk,1,1,krt.,Netto,https://static.tilbudsugen.dk/1st-retail/2026/9/64663/Netto82026-1_16_1681x163_4855x2620_zoom.jpg,2026-02-21,2026-02-27,https://res.cloudinary.com/dfqzmnlga/image/upload/v1771645045/2026-02-21/10970181.jpg,Mini-milk,"✨ Tiny milk, big flavor, perfect for any moment. 🥤"
10970118,9.0,Chef de Pomme,Kartofler,Potato Grids,1,0,ps.,Netto,https://static.tilbudsugen.dk/1st-retail/2026/9/64663/Netto82026-1_2_65x2544_2397x4877_zoom.jpg,2026-02-21,2026-02-27,https://res.cloudinary.com/dfqzmnlga/image/upload/v1771645045/2026-02-21/10970118.jpg,Potato Grids,"Sizzling with flavor, I'm the perfect partner for any meal—whether it's a quick snack or a hearty dinner. 🍗"
10970119,9.0,Chef de Pomme,Kartofler,Curly Fries,1,0,ps.,Netto,https://static.tilbudsugen.dk/1st-retail/2026/9/64663/Netto82026-1_2_65x2544_2397x4877_zoom.jpg,2026-02-21,2026-02-27,https://res.cloudinary.com/dfqzmnlga/image/upload/v1771645046/2026-02-21/10970119.jpg,Curly Fries,"✨ Curly Fries: The crispy, curly delight that makes every bite a party! 🍔"
10970372,30.0,,Tasker,Toilettaske,1,2,stk.,Netto,https://static.tilbudsugen.dk/1st-retail/2026/9/64663/Netto82026-1_33_2528x841_4705x3676_zoom.jpg,2026-02-21,2026-02-27,https://res.cloudinary.com/dfqzmnlga/image/upload/v1771645046/2026-02-21/10970372.jpg,Toilettas,✨ Always ready to clean up after the fun!
10970113,15.0,ØGO,Ris,Brune ris,1,1,ps.,Netto,https://static.tilbudsugen.dk/1st-retail/2026/9/64663/Netto82026-1_12_2509x5188_3721x6836_zoom.jpg,2026-02-21,2026-02-27,https://res.cloudinary.com/dfqzmnlga/image/upload/v1771645047/2026-02-21/10970113.jpg,Brown rice,"Soft, hearty, and always ready to soak up the day — 🌾"
10970192,15.0,Løgismose,Syrnet morgenmad,Pære & Banan Yoghurt ,1,1,krt.,Netto,https://static.tilbudsugen.dk/1st-retail/2026/9/64663/Netto82026-1_16_1629x2581_3232x4673_zoom.jpg,2026-02-21,2026-02-27,https://res.cloudinary.com/dfqzmnlga/image/upload/v1771645047/2026-02-21/10970192.jpg,Pear & Banan Yogurt,"A sweet, tangy burst of fruitfulness in every sip 🍐🍌"
10970191,15.0,Løgismose,Syrnet morgenmad,Appelsin Yoghurt ,1,1,krt.,Netto,https://static.tilbudsugen.dk/1st-retail/2026/9/64663/Netto82026-1_16_1629x2581_3232x4673_zoom.jpg,2026-02-21,2026-02-27,https://res.cloudinary.com/dfqzmnlga/image/upload/v1771645048/2026-02-21/10970191.jpg,Orange Yogurt,"Sour, sweet, and slightly spicy—perfect for a morning meltdown. 🍊"
10970193,15.0,Løgismose,Syrnet morgenmad,Naturel Yoghurt ,1,1,krt.,Netto,https://static.tilbudsugen.dk/1st-retail/2026/9/64663/Netto82026-1_16_1629x2581_3232x4673_zoom.jpg,2026-02-21,2026-02-27,https://res.cloudinary.com/dfqzmnlga/image/upload/v1771645048/2026-02-21/10970193.jpg,Natural Yogurt,"Savor the creamy sweetness of nature, one delicious scoop at a time 🍼"
10970083,10.0,Det Gode,Brød,Femkornsbrød,1,0,stk.,Netto,https://static.tilbudsugen.dk/1st-retail/2026/9/64663/Netto82026-1_1_2419x1331_4962x4332_zoom.jpg,2026-02-21,2026-02-27,https://res.cloudinary.com/dfqzmnlga/image/upload/v1771645049/2026-02-21/10970083.jpg,Five-grain bread,"Toast-worthy escape, wrapped in a golden crust—perfect for a quick, satisfying snack. 🍞"
10970678,79.0,Omo,Vaskemiddel,Vaskepulver,1,4,pk.,Netto,https://static.tilbudsugen.dk/1st-retail/2026/9/64663/Netto82026-1_29_1707x4768_3334x6875_zoom.jpg,2026-02-21,2026-02-27,https://res.cloudinary.com/dfqzmnlga/image/upload/v1771645049/2026-02-21/10970678.jpg,Washing powder,✨ Clean your chaos with a splash of sparkle!
10970144,18.0,Cheasy,Syrnet morgenmad,Vanilje Skyr ,1,1,bg.,Netto,https://static.tilbudsugen.dk/1st-retail/2026/9/64663/Netto82026-1_3_22x277_2521x3612_zoom.jpg,2026-02-21,2026-02-27,https://res.cloudinary.com/dfqzmnlga/image/upload/v1771645049/2026-02-21/10970144.jpg,Vanilla Skyr,"Sweet, creamy, and perfectly whipped – just like you. 🌟"
10970127,18.0,Karolines,"Suppe, Boullion & Fond",Karrysuppe,1,1,krt.,Netto,https://static.tilbudsugen.dk/1st-retail/2026/9/64663/Netto82026-1_2_2390x4739_4896x6838_zoom.jpg,2026-02-21,2026-02-27,https://res.cloudinary.com/dfqzmnlga/image/upload/v1771645050/2026-02-21/10970127.jpg,Curry soup,"Spicy, savory, and slightly confusing—just ask me what I'm doing. 😄"
10970128,18.0,Karolines,"Suppe, Boullion & Fond",Tomatsuppe,1,1,krt.,Netto,https://static.tilbudsugen.dk/1st-retail/2026/9/64663/Netto82026-1_2_2390x4739_4896x6838_zoom.jpg,2026-02-21,2026-02-27,https://res.cloudinary.com/dfqzmnlga/image/upload/v1771645051/2026-02-21/10970128.jpg,Tomato soup,"Sip, savor, and share—tomato soup is the ultimate flavor booster! 🍲"
10970132,18.0,Pink lady,Frugt,Æbler,1,1,bk.,Netto,https://static.tilbudsugen.dk/1st-retail/2026/9/64663/Netto82026-1_13_26x3037_4874x5129_zoom.jpg,2026-02-21,2026-02-27,https://res.cloudinary.com/dfqzmnlga/image/upload/v1771645051/2026-02-21/10970132.jpg,Apples,"Red delicious, juicy, and always ready to burst with flavor 🍎"
10970112,9.0,La Campagna,Pasta,Lasagneplader,1,0,pk.,Netto,https://static.tilbudsugen.dk/1st-retail/2026/9/64663/Netto82026-1_12_2502x3330_3727x4973_zoom.jpg,2026-02-21,2026-02-27,https://res.cloudinary.com/dfqzmnlga/image/upload/v1771645051/2026-02-21/10970112.jpg,Lasagne plates,"Savor the flavors of pasta, layered and delicious! 🍝"
10970129,18.0,Karolines,"Suppe, Boullion & Fond",Kartoffel-Porresuppe,1,1,krt.,Netto,https://static.tilbudsugen.dk/1st-retail/2026/9/64663/Netto82026-1_2_2390x4739_4896x6838_zoom.jpg,2026-02-21,2026-02-27,https://res.cloudinary.com/dfqzmnlga/image/upload/v1771645052/2026-02-21/10970129.jpg,Potato Porreso soup,"Sour, spicy, and super satisfying—perfect for any night! 🍲"
10970143,18.0,Cheasy,Syrnet morgenmad,Skovbær Skyr ,1,1,bg.,Netto,https://static.tilbudsugen.dk/1st-retail/2026/9/64663/Netto82026-1_3_22x277_2521x3612_zoom.jpg,2026-02-21,2026-02-27,https://res.cloudinary.com/dfqzmnlga/image/upload/v1771645053/2026-02-21/10970143.jpg,Blackberries Clover,"✨ Berry bliss, bold and bold, with a clover twist! 🌿"
10970145,18.0,Cheasy,Syrnet morgenmad,Naturel Skyr ,1,1,bg.,Netto,https://static.tilbudsugen.dk/1st-retail/2026/9/64663/Netto82026-1_3_22x277_2521x3612_zoom.jpg,2026-02-21,2026-02-27,https://res.cloudinary.com/dfqzmnlga/image/upload/v1771645053/2026-02-21/10970145.jpg,Natural Skyr,"Skyr that tastes like sunshine—fresh, creamy, and full of life. 🌞"
10970146,18.0,Cheasy,Syrnet morgenmad,Mango & Lime Skyr ,1,1,bg.,Netto,https://static.tilbudsugen.dk/1st-retail/2026/9/64663/Netto82026-1_3_22x277_2521x3612_zoom.jpg,2026-02-21,2026-02-27,https://res.cloudinary.com/dfqzmnlga/image/upload/v1771645053/2026-02-21/10970146.jpg,Mango & Lime Skyr,"Sour-sweet, tangy, and perfectly balanced—like a tropical breeze on your tongue. 🍌🍋"
10970147,18.0,Cheasy,Syrnet morgenmad,Passion & Banan Skyr,1,1,bg.,Netto,https://static.tilbudsugen.dk/1st-retail/2026/9/64663/Netto82026-1_3_22x277_2521x3612_zoom.jpg,2026-02-21,2026-02-27,https://res.cloudinary.com/dfqzmnlga/image/upload/v1771645054/2026-02-21/10970147.jpg,Passion & Banan Skyr,"Passion & Banan Skyr: The sweet, creamy love that makes every bite unforgettable. 🍌✨"
10970679,79.0,Neutral,Vaskemiddel,Vaskepulver,1,4,pk.,Netto,https://static.tilbudsugen.dk/1st-retail/2026/9/64663/Netto82026-1_29_1707x4768_3334x6875_zoom.jpg,2026-02-21,2026-02-27,https://res.cloudinary.com/dfqzmnlga/image/upload/v1771645054/2026-02-21/10970679.jpg,Washing powder,"✨ Clean your doubts, rinse them away! 🌟"
10970107,13.0,Samsø Syltefabrik,Grønt-syltet,Rødkål-syltet,1,0,gl.,Netto,https://static.tilbudsugen.dk/1st-retail/2026/9/64663/Netto82026-1_12_3721x1447_4946x3122_zoom.jpg,2026-02-21,2026-02-27,https://res.cloudinary.com/dfqzmnlga/image/upload/v1771645055/2026-02-21/10970107.jpg,Red cabbage pickled,"Red cabbage pickled: fiery, tangy, and ready to spark a conversation. 🍅"
10970280,19.0,Heinz,Ketchup,Ketchup,1,1,fl.,Netto,https://static.tilbudsugen.dk/1st-retail/2026/9/64663/Netto82026-1_7_58x3547_2470x6838_zoom.jpg,2026-02-21,2026-02-27,https://res.cloudinary.com/dfqzmnlga/image/upload/v1771645055/2026-02-21/10970280.jpg,Ketchup,"Sour, sweet, and ready to pair with any meal — just ask me what I'm doing. 🍴"
10970306,18.0,Bamseline,Skyllemiddel,Skyllemiddel,1,0,stk.,Netto,https://static.tilbudsugen.dk/1st-retail/2026/9/64663/Netto82026-1_8_51x3307_2586x6846_zoom.jpg,2026-02-21,2026-02-27,https://res.cloudinary.com/dfqzmnlga/image/upload/v1771645056/2026-02-21/10970306.jpg,Sliding agent,"✨ Sliding agent, making things slide smoothly—whether it's your life or your groceries! ✨"
10970612,79.0,Ultra Energy,Energi- Sports- & Vitamindrikke,Energidrik 8 pk.,8,0,ds.,Netto,https://static.tilbudsugen.dk/1st-retail/2026/9/64663/Netto82026-1_27_3225x2857_4940x5145_zoom.jpg,2026-02-01,2026-02-28,https://res.cloudinary.com/dfqzmnlga/image/upload/v1771645056/2026-02-21/10970612.jpg,Energy Drink 8 pk.,💥 Boost your energy with a pack of power!
10952873,79.0,Ultra Energy,Energi- Sports- & Vitamindrikke,Energidrik 8 pk.,8,0,ds.,Netto,https://static.tilbudsugen.dk/1st-retail/2026/7/64562/Netto62026-1_25_15x2395_2608x4649_zoom.jpg,2026-02-01,2026-02-28,https://res.cloudinary.com/dfqzmnlga/image/upload/v1771645057/2026-02-21/10952873.jpg,Energy Drink 8 pk.,💥 Energize your day with 8 shots of pure hype!
10952874,79.0,Energy,Energi- Sports- & Vitamindrikke,Energidrik 8 pk.,8,0,ds.,Netto,https://static.tilbudsugen.dk/1st-retail/2026/7/64562/Netto62026-1_25_15x2395_2608x4649_zoom.jpg,2026-02-01,2026-02-28,https://res.cloudinary.com/dfqzmnlga/image/upload/v1771645057/2026-02-21/10952874.jpg,Energy Drink 8 pk.,"💥 Supercharged with energy, ready to conquer anything! 🎉"
10970613,79.0,Energy,Energi- Sports- & Vitamindrikke,Energidrik 8 pk.,8,0,ds.,Netto,https://static.tilbudsugen.dk/1st-retail/2026/9/64663/Netto82026-1_27_3225x2857_4940x5145_zoom.jpg,2026-02-01,2026-02-28,https://res.cloudinary.com/dfqzmnlga/image/upload/v1771645058/2026-02-21/10970613.jpg,Energy Drink 8 pk.,"💥 Supercharged with energy, ready to conquer anything!"
10970209,10.0,Booster Original,Energi- Sports- & Vitamindrikke,Energidrik,1,0,ds.,Netto,https://static.tilbudsugen.dk/1st-retail/2026/9/64663/Netto82026-1_5_80x161_2310x3612_zoom.jpg,2026-02-21,2026-02-27,https://res.cloudinary.com/dfqzmnlga/image/upload/v1771645058/2026-02-21/10970209.jpg,Energy Drink,"💥 Never underestimate the power of a good energy boost—because I'm here to keep you fueled, focused, and unstoppable! 🌟"
10970670,10.0,Vel,Opvask,Opvaskemiddel,1,0,fl.,Netto,https://static.tilbudsugen.dk/1st-retail/2026/9/64663/Netto82026-1_29_87x4862_1656x6846_zoom.jpg,2026-02-21,2026-02-27,https://res.cloudinary.com/dfqzmnlga/image/upload/v1771645059/2026-02-21/10970670.jpg,Dishwasher,"✨ Clean up the mess, one cycle at a time! ✨"
10970686,10.0,Vel,Opvask,Opvaskemiddel,1,0,fl.,Netto,https://static.tilbudsugen.dk/1st-retail/2026/9/64663/Netto82026-1_29_87x4862_1656x6846_zoom.jpg,2026-02-21,2026-02-27,https://res.cloudinary.com/dfqzmnlga/image/upload/v1771645059/2026-02-21/10970686.jpg,Dishwasher,"Wash, rinse, repeat — and never forget your favorite snack! 😎"
10970692,10.0,at home CLEAN,Opvask,Afspændingsmiddel,1,0,fl.,Netto,https://static.tilbudsugen.dk/1st-retail/2026/9/64663/Netto82026-1_29_87x4862_1656x6846_zoom.jpg,2026-02-21,2026-02-27,https://res.cloudinary.com/dfqzmnlga/image/upload/v1771645059/2026-02-21/10970692.jpg,Lightning agent,"⚡Charge the day with energy, one lightning strike at a time. 🌟"
10970217,10.0,Booster Original Zero,Energi- Sports- & Vitamindrikke,Energidrik,1,0,ds.,Netto,https://static.tilbudsugen.dk/1st-retail/2026/9/64663/Netto82026-1_5_80x161_2310x3612_zoom.jpg,2026-02-21,2026-02-27,https://res.cloudinary.com/dfqzmnlga/image/upload/v1771645060/2026-02-21/10970217.jpg,Energy Drink,"💥 Stay charged, stay unstoppable! 🍁"
10970218,10.0,Booster Red Berry Boost,Energi- Sports- & Vitamindrikke,Energidrik,1,0,ds.,Netto,https://static.tilbudsugen.dk/1st-retail/2026/9/64663/Netto82026-1_5_80x161_2310x3612_zoom.jpg,2026-02-21,2026-02-27,https://res.cloudinary.com/dfqzmnlga/image/upload/v1771645060/2026-02-21/10970218.jpg,Energy Drink,"💥 Never underestimate the power of a quick, energizing boost—because life's too short for slow moments."
10970239,10.0,Booster Citrus Boost,Energi- Sports- & Vitamindrikke,Energidrik,1,0,ds.,Netto,https://static.tilbudsugen.dk/1st-retail/2026/9/64663/Netto82026-1_5_80x161_2310x3612_zoom.jpg,2026-02-21,2026-02-27,https://res.cloudinary.com/dfqzmnlga/image/upload/v1771645061/2026-02-21/10970239.jpg,Energy Drink,"💥 Supercharged with energy, ready to conquer anything!"
10970084,10.0,Det Gode,Brød,Solsikkeboller,1,0,ps.,Netto,https://static.tilbudsugen.dk/1st-retail/2026/9/64663/Netto82026-1_1_2419x1331_4962x4332_zoom.jpg,2026-02-21,2026-02-27,https://res.cloudinary.com/dfqzmnlga/image/upload/v1771645061/2026-02-21/10970084.jpg,Sunflower balls,"Sunflower balls: Fluffy, buttery, and always a hit — perfect for a quick snack or a fun treat! 🌼"
10970570,5.0,Mamone,Sukker,Flormelis,1,0,pk.,Netto,https://static.tilbudsugen.dk/1st-retail/2026/9/64663/Netto82026-1_26_1736x2312_2971x4630_zoom.jpg,2026-02-21,2026-02-27,https://res.cloudinary.com/dfqzmnlga/image/upload/v1771645062/2026-02-21/10970570.jpg,Flormellis,Flormellis: The plant that turns your day into a blooming celebration 🌸
10970312,15.0,Peka,Færdigretter Køl,Flødekartofler,1,0,ps.,Netto,https://static.tilbudsugen.dk/1st-retail/2026/9/64663/Netto82026-1_20_39x4868_2698x6810_zoom.jpg,2026-02-21,2026-02-27,https://res.cloudinary.com/dfqzmnlga/image/upload/v1771645062/2026-02-21/10970312.jpg,Cream potatoes,"Spoon-creamed, heart-soft, and ready to melt into your soul — cream potatoes. 🍲"
10970313,15.0,Peka,Færdigretter Køl,Flødekartofler med peberfrugt,1,0,ps.,Netto,https://static.tilbudsugen.dk/1st-retail/2026/9/64663/Netto82026-1_20_39x4868_2698x6810_zoom.jpg,2026-02-21,2026-02-27,https://res.cloudinary.com/dfqzmnlga/image/upload/v1771645062/2026-02-21/10970313.jpg,Cream potatoes with peppers,Cream potatoes with peppers 🍳✨
10970502,8.0,Mex & Co,Mexicansk,Tortillawrap,1,0,pk.,Netto,https://static.tilbudsugen.dk/1st-retail/2026/9/64663/Netto82026-1_24_73x394_2601x2523_zoom.jpg,2026-02-21,2026-02-27,https://res.cloudinary.com/dfqzmnlga/image/upload/v1771645063/2026-02-21/10970502.jpg,Tortillawrap,"Wrap the world in a golden, crispy delight 🥖"
10970163,20.0,innocent,Juice,"Ananas, jordbær & æblejuice",1,0,fl.,Netto,https://static.tilbudsugen.dk/1st-retail/2026/9/64663/Netto82026-1_3_2419x3511_4904x6867_zoom.jpg,2026-02-21,2026-02-27,https://res.cloudinary.com/dfqzmnlga/image/upload/v1771645063/2026-02-21/10970163.jpg,"Pineapples, strawberries & apple juice","Pineapple paradise, strawberry bliss, and apple juice joy — all in one vibrant blast! 🍎🍓🍍"
10970154,20.0,innocent,Juice,Tropisk Juice,1,0,fl.,Netto,https://static.tilbudsugen.dk/1st-retail/2026/9/64663/Netto82026-1_3_2419x3511_4904x6867_zoom.jpg,2026-02-21,2026-02-27,https://res.cloudinary.com/dfqzmnlga/image/upload/v1771645063/2026-02-21/10970154.jpg,Tropical Juice,"Sip on the sunshine—Tropical Juice, refreshingly sweet and vibrant. 🌴✨"
10970162,20.0,innocent,Juice,Æblejuice,1,0,fl.,Netto,https://static.tilbudsugen.dk/1st-retail/2026/9/64663/Netto82026-1_3_2419x3511_4904x6867_zoom.jpg,2026-02-21,2026-02-27,https://res.cloudinary.com/dfqzmnlga/image/upload/v1771645064/2026-02-21/10970162.jpg,Apple juice,"Sip, savor, and smile—apple juice is the perfect refreshment! 🍎✨"
10970161,20.0,innocent,Juice,"Æblejuice, Hindbær",1,0,fl.,Netto,https://static.tilbudsugen.dk/1st-retail/2026/9/64663/Netto82026-1_3_2419x3511_4904x6867_zoom.jpg,2026-02-21,2026-02-27,https://res.cloudinary.com/dfqzmnlga/image/upload/v1771645064/2026-02-21/10970161.jpg,"Apple juice, Raspberry","Sour and sweet, perfect for a morning boost—raspberry tang, apple joy 🍎raspberry."
10970164,20.0,innocent,Juice,Appelsinjuice med frugtkød,1,0,fl.,Netto,https://static.tilbudsugen.dk/1st-retail/2026/9/64663/Netto82026-1_3_2419x3511_4904x6867_zoom.jpg,2026-02-21,2026-02-27,https://res.cloudinary.com/dfqzmnlga/image/upload/v1771645066/2026-02-21/10970164.jpg,Fruit-flesh orange juice,"Sour and sweet, perfect for a morning meltdown 🍌🍊"
10970165,20.0,innocent,Juice,Appelsinjuice Gulerod,1,0,fl.,Netto,https://static.tilbudsugen.dk/1st-retail/2026/9/64663/Netto82026-1_3_2419x3511_4904x6867_zoom.jpg,2026-02-21,2026-02-27,https://res.cloudinary.com/dfqzmnlga/image/upload/v1771645066/2026-02-21/10970165.jpg,Orange juice Carrot,"Citrusy and hearty, I'm the perfect blend of freshness and warmth—just like a perfect morning coffee. 🍊☕"
10970166,20.0,innocent,Juice,"Æblejuice, Druer, Pære & Granatæble",1,0,fl.,Netto,https://static.tilbudsugen.dk/1st-retail/2026/9/64663/Netto82026-1_3_2419x3511_4904x6867_zoom.jpg,2026-02-21,2026-02-27,https://res.cloudinary.com/dfqzmnlga/image/upload/v1771645067/2026-02-21/10970166.jpg,"Apple juice, Grapes, Pear & Pomegranate","Juicy blend of fruit and flavor, perfect for any occasion 🍎🍇 🍐✨"
10970172,20.0,Limited Edition,Juice,Summer Crush Juice,1,0,fl.,Netto,https://static.tilbudsugen.dk/1st-retail/2026/9/64663/Netto82026-1_3_2419x3511_4904x6867_zoom.jpg,2026-02-21,2026-02-27,https://res.cloudinary.com/dfqzmnlga/image/upload/v1771645067/2026-02-21/10970172.jpg,Summer Crush Juice,"Sip on summer vibes, crushes, and endless joy in every sip! 🍹"
10970593,12.0,Defence Citrus og Hyldeblomst,Energi- Sports- & Vitamindrikke,Vitamindrik,1,0,fl.,Netto,https://static.tilbudsugen.dk/1st-retail/2026/9/64663/Netto82026-1_27_3240x546_4925x2842_zoom.jpg,2026-02-21,2026-02-27,https://res.cloudinary.com/dfqzmnlga/image/upload/v1771645067/2026-02-21/10970593.jpg,Vitamin Drink,✨ Boost your energy with a vitamin boost! 🌟
10970595,12.0,Boost,Energi- Sports- & Vitamindrikke,Vitamindrik,1,0,fl.,Netto,https://static.tilbudsugen.dk/1st-retail/2026/9/64663/Netto82026-1_27_3240x546_4925x2842_zoom.jpg,2026-02-21,2026-02-27,https://res.cloudinary.com/dfqzmnlga/image/upload/v1771645068/2026-02-21/10970595.jpg,Vitamin Drink,✨ Boost your energy with a vitamin boost! 🌟
10970109,12.0,Zelected,Saucer,Bechamel Sauce,1,0,krt.,Netto,https://static.tilbudsugen.dk/1st-retail/2026/9/64663/Netto82026-1_12_3688x3382_4946x4966_zoom.jpg,2026-02-21,2026-02-27,https://res.cloudinary.com/dfqzmnlga/image/upload/v1771645069/2026-02-21/10970109.jpg,Bechamel Sauce,"✨ Creamy, cozy, and perfectly balanced — I'm the star of the kitchen, bringing flavor to every bite!"
10970216,12.0,Arla Protein,Mellemmåltider,Proteindrik Chocolate,1,0,fl.,Netto,https://static.tilbudsugen.dk/1st-retail/2026/9/64663/Netto82026-1_17_2450x3715_4985x6849_zoom.jpg,2026-02-21,2026-02-27,https://res.cloudinary.com/dfqzmnlga/image/upload/v1771645069/2026-02-21/10970216.jpg,Protein Drink Chocolate,"✨ High-protein, chocolate-fueled energy boost for your everyday adventures! ✨"
10970592,12.0,Zero Pineapple,Energi- Sports- & Vitamindrikke,Vitamindrik,1,0,fl.,Netto,https://static.tilbudsugen.dk/1st-retail/2026/9/64663/Netto82026-1_27_3240x546_4925x2842_zoom.jpg,2026-02-21,2026-02-27,https://res.cloudinary.com/dfqzmnlga/image/upload/v1771645070/2026-02-21/10970592.jpg,Vitamin Drink,✨ Boost your energy with a vitamin boost! ✨
10970586,12.0,Nobe,Saft,Drikkeklar saft Jordbær,1,0,fl.,Netto,https://static.tilbudsugen.dk/1st-retail/2026/9/64663/Netto82026-1_27_3240x546_4925x2842_zoom.jpg,2026-02-21,2026-02-27,https://res.cloudinary.com/dfqzmnlga/image/upload/v1771645070/2026-02-21/10970586.jpg,Drinkable juice Strawberry,"Sip on sunshine, sweet and juicy! 🍓"
10970587,12.0,Nobe,Saft,Drikkeklar saft Citron,1,0,fl.,Netto,https://static.tilbudsugen.dk/1st-retail/2026/9/64663/Netto82026-1_27_3240x546_4925x2842_zoom.jpg,2026-02-21,2026-02-27,https://res.cloudinary.com/dfqzmnlga/image/upload/v1771645071/2026-02-21/10970587.jpg,Drinkable Juice Lemon,"Sip, savor, and shine—because every drop is a flavor of the day! 🍋"
10970590,12.0,Zero Rasperry,Energi- Sports- & Vitamindrikke,Vitamindrik,1,0,fl.,Netto,https://static.tilbudsugen.dk/1st-retail/2026/9/64663/Netto82026-1_27_3240x546_4925x2842_zoom.jpg,2026-02-21,2026-02-27,https://res.cloudinary.com/dfqzmnlga/image/upload/v1771645071/2026-02-21/10970590.jpg,Vitamin Drink,✨ Boost your energy with a sip of vitality! 🌟
10970588,12.0,Nobe,Saft,Drikkeklar saft Mango,1,0,fl.,Netto,https://static.tilbudsugen.dk/1st-retail/2026/9/64663/Netto82026-1_27_3240x546_4925x2842_zoom.jpg,2026-02-21,2026-02-27,https://res.cloudinary.com/dfqzmnlga/image/upload/v1771645071/2026-02-21/10970588.jpg,Drinkable Juice Mango,"Sip on the sweetest juice, anytime, anywhere 🍌✨"
10970589,12.0,Antioxidant Fersken,Energi- Sports- & Vitamindrikke,Vitamindrik,1,0,fl.,Netto,https://static.tilbudsugen.dk/1st-retail/2026/9/64663/Netto82026-1_27_3240x546_4925x2842_zoom.jpg,2026-02-21,2026-02-27,https://res.cloudinary.com/dfqzmnlga/image/upload/v1771645072/2026-02-21/10970589.jpg,Vitamin Drink,✨ Boost your energy with a vitamin boost! ✨
10970219,12.0,Arla Protein,Mellemmåltider,Proteindrik Strawberry & Raspberry,1,0,fl.,Netto,https://static.tilbudsugen.dk/1st-retail/2026/9/64663/Netto82026-1_17_2450x3715_4985x6849_zoom.jpg,2026-02-21,2026-02-27,https://res.cloudinary.com/dfqzmnlga/image/upload/v1771645072/2026-02-21/10970219.jpg,Protein Drink Strawberry & Raspberry,"Sip on flavor, fuel your day with this sweet and savory blend of protein and fruit! 🍓🍓"
10970585,12.0,Nobe,Saft,Drikkeklar saft Kiwi,1,0,fl.,Netto,https://static.tilbudsugen.dk/1st-retail/2026/9/64663/Netto82026-1_27_3240x546_4925x2842_zoom.jpg,2026-02-21,2026-02-27,https://res.cloudinary.com/dfqzmnlga/image/upload/v1771645073/2026-02-21/10970585.jpg,Drinking Ready Juice Kiwi,"Sip on flavor, refresh your day with 🍐!"
10970591,12.0,Sport 001,Energi- Sports- & Vitamindrikke,Vitamindrik,1,0,fl.,Netto,https://static.tilbudsugen.dk/1st-retail/2026/9/64663/Netto82026-1_27_3240x546_4925x2842_zoom.jpg,2026-02-21,2026-02-27,https://res.cloudinary.com/dfqzmnlga/image/upload/v1771645073/2026-02-21/10970591.jpg,Vitamin Drink,✨ Boost your energy with a vitamin boost — perfect for the busy day! ✨
10970314,15.0,Peka,Færdigretter Køl,Flødekartofler med Bacon & Ost,1,0,ps.,Netto,https://static.tilbudsugen.dk/1st-retail/2026/9/64663/Netto82026-1_20_39x4868_2698x6810_zoom.jpg,2026-02-21,2026-02-27,https://res.cloudinary.com/dfqzmnlga/image/upload/v1771645074/2026-02-21/10970314.jpg,Cream potatoes with Bacon & Cheese,"Melt-in-your-mouth bliss with bacon, cheese, and a touch of creamy love. 🥦✨"
10970169,20.0,Actimel,Mellemmåltider,Drikkeyoghurt Multifrugt,1,0,pk.,Netto,https://static.tilbudsugen.dk/1st-retail/2026/9/64663/Netto82026-1_3_29x3620_2477x6860_zoom.jpg,2026-02-21,2026-02-27,https://res.cloudinary.com/dfqzmnlga/image/upload/v1771645074/2026-02-21/10970169.jpg,Drinking yoghurt Multifruit,"Sip, snack, and savor—my flavor is everywhere! 🍯✨"
10970170,20.0,Actimel,Mellemmåltider,Drikkeyoghurt Jordbær & Banan,1,0,pk.,Netto,https://static.tilbudsugen.dk/1st-retail/2026/9/64663/Netto82026-1_3_29x3620_2477x6860_zoom.jpg,2026-02-21,2026-02-27,https://res.cloudinary.com/dfqzmnlga/image/upload/v1771645075/2026-02-21/10970170.jpg,Drinking yogurt Strawberry & Banana,"Sip, savor, and sprinkle joy—strawberry and banana in every bite! 🍓🍌"
10970168,20.0,Actimel,Mellemmåltider,Drikkeyoghurt Jordbær,1,0,pk.,Netto,https://static.tilbudsugen.dk/1st-retail/2026/9/64663/Netto82026-1_3_29x3620_2477x6860_zoom.jpg,2026-02-21,2026-02-27,https://res.cloudinary.com/dfqzmnlga/image/upload/v1771645075/2026-02-21/10970168.jpg,Drinking yoghurt Strawberry,"Sip, swirl, and smile—strawberry yoghurt is the ultimate refreshment! 🍓✨"
10970407,25.0,Mou,Special Suppe,Aspargessuppe,1,1,pk.,Netto,https://static.tilbudsugen.dk/1st-retail/2026/9/64663/Netto82026-1_21_1693x4768_4933x6896_zoom.jpg,2026-02-21,2026-02-27,https://res.cloudinary.com/dfqzmnlga/image/upload/v1771645076/2026-02-21/10970407.jpg,Asparagus soup,"Sip on the fresh, spicy thrill of asparagus soup, where every bite is a flavor adventure. 🥦✨"
10970410,25.0,Mou,Special Suppe,Gullaschsuppe,1,1,pk.,Netto,https://static.tilbudsugen.dk/1st-retail/2026/9/64663/Netto82026-1_21_1693x4768_4933x6896_zoom.jpg,2026-02-21,2026-02-27,https://res.cloudinary.com/dfqzmnlga/image/upload/v1771645076/2026-02-21/10970410.jpg,Gullasch soup,"Sip on flavor, not just the soup—because Gullasch is the star of the kitchen! 🍲"
10970374,50.0,,Herretøj,T-shirt,1,2,pk.,Netto,https://static.tilbudsugen.dk/1st-retail/2026/9/64663/Netto82026-1_33_2554x3780_4757x6797_zoom.jpg,2026-02-21,2026-02-27,https://res.cloudinary.com/dfqzmnlga/image/upload/v1771645076/2026-02-21/10970374.jpg,T-shirt,😄 Fashionista with a twist—unzip your clothes and see the fun inside.
10970409,25.0,Mou,Special Suppe,Tomatsuppe,1,1,pk.,Netto,https://static.tilbudsugen.dk/1st-retail/2026/9/64663/Netto82026-1_21_1693x4768_4933x6896_zoom.jpg,2026-02-21,2026-02-27,https://res.cloudinary.com/dfqzmnlga/image/upload/v1771645077/2026-02-21/10970409.jpg,Tomato soup,"Sip, savor, and smile—tomato soup is the perfect companion to any meal! 🍲✨"
10970377,50.0,,Dametøj,T-shirt,1,2,pk.,Netto,https://static.tilbudsugen.dk/1st-retail/2026/9/64663/Netto82026-1_33_2554x3780_4757x6797_zoom.jpg,2026-02-21,2026-02-27,https://res.cloudinary.com/dfqzmnlga/image/upload/v1771645078/2026-02-21/10970377.jpg,T-shirt,"Wearing the world on my back, one stitch at a time. 🧣"
10970408,25.0,Mou,Special Suppe,Karrysuppe,1,1,pk.,Netto,https://static.tilbudsugen.dk/1st-retail/2026/9/64663/Netto82026-1_21_1693x4768_4933x6896_zoom.jpg,2026-02-21,2026-02-27,https://res.cloudinary.com/dfqzmnlga/image/upload/v1771645079/2026-02-21/10970408.jpg,Curry soup,"Spicy, savory, and super satisfying — just add some love. 🌶️"
10970307,18.0,Omo,Vaskemiddel,Vaskemiddel-flydende,1,0,fl.,Netto,https://static.tilbudsugen.dk/1st-retail/2026/9/64663/Netto82026-1_8_51x3307_2586x6846_zoom.jpg,2026-02-21,2026-02-27,https://res.cloudinary.com/dfqzmnlga/image/upload/v1771645079/2026-02-21/10970307.jpg,Laundry liquid,"Wash your clothes, but don't worry—my job is done. 💦"
10970308,18.0,Omo,Vaskemiddel,Vaskepulver,1,0,pk.,Netto,https://static.tilbudsugen.dk/1st-retail/2026/9/64663/Netto82026-1_8_51x3307_2586x6846_zoom.jpg,2026-02-21,2026-02-27,https://res.cloudinary.com/dfqzmnlga/image/upload/v1771645080/2026-02-21/10970308.jpg,Washing powder,✨ Clean your life with a splash of sparkling magic! ✨
10970086,10.0,Det Gode,Sandwich & Toastbrød,Rug Go Solsikke Rugbrødssandwichbrød,1,0,pk.,Netto,https://static.tilbudsugen.dk/1st-retail/2026/9/64663/Netto82026-1_1_2419x1331_4962x4332_zoom.jpg,2026-02-21,2026-02-27,https://res.cloudinary.com/dfqzmnlga/image/upload/v1771645080/2026-02-21/10970086.jpg,Rye Go Sunflower Rye bread sandwich bread,"Sunflower rye bread sandwich: fresh, flavorful, and perfectly balanced. 🥗"
10970604,20.0,Smirnoff Ice,RTD,RTD,1,0,fl.,Netto,https://static.tilbudsugen.dk/1st-retail/2026/9/64663/Netto82026-1_27_1642x2871_3233x5189_zoom.jpg,2026-02-21,2026-02-27,https://res.cloudinary.com/dfqzmnlga/image/upload/v1771645080/2026-02-21/10970604.jpg,RTD,RTD: Refresh your day with a splash of energy—no pre-packaged stress. 🚀
10970643,10.0,Palmolive,"Sæbe, bad, dusch",Bodyshampoo,1,0,stk.,Netto,https://static.tilbudsugen.dk/1st-retail/2026/9/64663/Netto82026-1_29_65x859_2557x2893_zoom.jpg,2026-02-21,2026-02-27,https://res.cloudinary.com/dfqzmnlga/image/upload/v1771645081/2026-02-21/10970643.jpg,Body shampoo,✨Lather up your day with my refreshing scent!✨
10970646,10.0,Palmolive,Shampoo,Shampoo,1,0,stk.,Netto,https://static.tilbudsugen.dk/1st-retail/2026/9/64663/Netto82026-1_29_65x859_2557x2893_zoom.jpg,2026-02-21,2026-02-27,https://res.cloudinary.com/dfqzmnlga/image/upload/v1771645081/2026-02-21/10970646.jpg,Shampoo,"✨ Shine bright, rinse clean, and let your hair do the talking! ✨"
10970105,14.95,Velsmag,Grisekød,Flæskesteg,1,0,stk.,Netto,https://static.tilbudsugen.dk/1st-retail/2026/9/64663/Netto82026-1_12_1245x1538_2522x3037_zoom.jpg,2026-02-21,2026-02-27,https://res.cloudinary.com/dfqzmnlga/image/upload/v1771645082/2026-02-21/10970105.jpg,Pork roast,"🔥 Sizzling, smoky, and ready to conquer your taste buds! 🥩"
10970255,14.95,Velsmag,Grisekød,Flæskesteg,1,0,stk.,Netto,https://static.tilbudsugen.dk/1st-retail/2026/9/64663/Netto82026-1_6_80x2973_2390x4819_zoom.jpg,2026-02-21,2026-02-27,https://res.cloudinary.com/dfqzmnlga/image/upload/v1771645083/2026-02-21/10970255.jpg,Pork roast,"🔥 Sizzling, smoky, and ready to conquer your taste buds! 🥘"
10970111,12.0,ØGO,Kokosmælk,Kokosmælk,1,0,ds.,Netto,https://static.tilbudsugen.dk/1st-retail/2026/9/64663/Netto82026-1_12_3656x5279_4998x6875_zoom.jpg,2026-02-21,2026-02-27,https://res.cloudinary.com/dfqzmnlga/image/upload/v1771645083/2026-02-21/10970111.jpg,Coconut milk,"Smooth, creamy, and tropical — just pour it into your drink. 🌴"
10970130,15.0,,Frugt,Vindruer,1,0,bk.,Netto,https://static.tilbudsugen.dk/1st-retail/2026/9/64663/Netto82026-1_2_7x670_2484x2566_zoom.jpg,2026-02-21,2026-02-27,https://res.cloudinary.com/dfqzmnlga/image/upload/v1771645084/2026-02-21/10970130.jpg,Grapes,"✨ Sip, savor, and share—my grapes are the perfect punchline. 🍇"
10970131,15.0,,Grønt,Peberfrugt,1,0,ps.,Netto,https://static.tilbudsugen.dk/1st-retail/2026/9/64663/Netto82026-1_13_52x1284_4998x3324_zoom.jpg,2026-02-21,2026-02-27,https://res.cloudinary.com/dfqzmnlga/image/upload/v1771645084/2026-02-21/10970131.jpg,Pepper,"Spicy, bold, and always in the mix — #PepperPunch! 🍳"
10970580,10.0,Blackberry,Ciders,Blackberry Cider,1,0,ds.,Netto,https://static.tilbudsugen.dk/1st-retail/2026/9/64663/Netto82026-1_27_7x786_1685x2857_zoom.jpg,2026-02-21,2026-02-27,https://res.cloudinary.com/dfqzmnlga/image/upload/v1771645085/2026-02-21/10970580.jpg,Blackberry Cider,"A sweet, tart twist on summer, with a touch of mischief—perfect for a rainy day. 🍓"
10970581,10.0,Elderflower & Lime,Ciders,Elderflower & Lime Cider,1,0,ds.,Netto,https://static.tilbudsugen.dk/1st-retail/2026/9/64663/Netto82026-1_27_7x786_1685x2857_zoom.jpg,2026-02-21,2026-02-27,https://res.cloudinary.com/dfqzmnlga/image/upload/v1771645085/2026-02-21/10970581.jpg,Elderflower & Lime Cider,"A tangy, floral delight that cheers up any afternoon — perfect for a refreshing sip or a bold twist on a classic. 🍹"
10970582,10.0,Apple,Ciders,Apple Cider,1,0,ds.,Netto,https://static.tilbudsugen.dk/1st-retail/2026/9/64663/Netto82026-1_27_7x786_1685x2857_zoom.jpg,2026-02-21,2026-02-27,https://res.cloudinary.com/dfqzmnlga/image/upload/v1771645086/2026-02-21/10970582.jpg,Apple Cider,"Sweet, tangy, and slightly spooky — the perfect companion to any cold day. 🍎"
10970583,10.0,Mango & Lime,Ciders,Mango & Lime Cider,1,0,ds.,Netto,https://static.tilbudsugen.dk/1st-retail/2026/9/64663/Netto82026-1_27_7x786_1685x2857_zoom.jpg,2026-02-21,2026-02-27,https://res.cloudinary.com/dfqzmnlga/image/upload/v1771645094/2026-02-21/10970583.jpg,Mango & Lime Cider,"Sour and sweet, perfect for any occasion—tropical vibes, anytime. 🍌🍋"
10970262,45.0,Rose,Kylling,Kylling,1,1,stk.,Netto,https://static.tilbudsugen.dk/1st-retail/2026/9/64663/Netto82026-1_6_2455x4833_4940x6875_zoom.jpg,2026-02-21,2026-02-27,https://res.cloudinary.com/dfqzmnlga/image/upload/v1771645095/2026-02-21/10970262.jpg,Chicken,"Crunchy, bold, and always ready to spark a conversation — I'm the chicken. 🍗"
10970215,8.0,LavAzza,Iste & Iskaffe,Iskaffe,1,0,ds.,Netto,https://static.tilbudsugen.dk/1st-retail/2026/9/64663/Netto82026-1_17_2496x1101_4920x3728_zoom.jpg,2026-02-21,2026-02-27,https://res.cloudinary.com/dfqzmnlga/image/upload/v1771645095/2026-02-21/10970215.jpg,Ice coffee,"I'm the ice coffee, chilling with a perfect blend of frost and flavor, ready to cool your day. 🍵❄️"
10970389,99.0,Hummel,Herretøj,Boxershorts,1,3,pk.,Netto,https://static.tilbudsugen.dk/1st-retail/2026/9/64663/Netto82026-1_35_59x59_4744x3004_zoom.jpg,2026-02-21,2026-02-27,https://res.cloudinary.com/dfqzmnlga/image/upload/v1771645095/2026-02-21/10970389.jpg,Boxers shorts,"🔥Sneaker-clad boxers shorts, ready to conquer any adventure. 🌟"
10970636,99.0,,Italienske vine,Italiensk Rødvin,1,3,krt.,Netto,https://static.tilbudsugen.dk/1st-retail/2026/9/64663/Netto82026-1_28_29x4906_3037x6867_zoom.jpg,2026-02-21,2026-02-27,https://res.cloudinary.com/dfqzmnlga/image/upload/v1771645096/2026-02-21/10970636.jpg,Italian Red Wine,"Sip, savor, and let the flavors speak — perfect for a night of wine-tasting. 🍷"
10970633,99.0,,Australske vine,Australsk Rødvin,1,3,krt.,Netto,https://static.tilbudsugen.dk/1st-retail/2026/9/64663/Netto82026-1_28_29x4906_3037x6867_zoom.jpg,2026-02-21,2026-02-27,https://res.cloudinary.com/dfqzmnlga/image/upload/v1771645096/2026-02-21/10970633.jpg,Australian Red Wine,"Sip, savor, and let the taste of Australia guide your taste buds — 🍷"
10970634,99.0,,Australske vine,Australsk Rosevin,1,3,krt.,Netto,https://static.tilbudsugen.dk/1st-retail/2026/9/64663/Netto82026-1_28_29x4906_3037x6867_zoom.jpg,2026-02-21,2026-02-27,https://res.cloudinary.com/dfqzmnlga/image/upload/v1771645097/2026-02-21/10970634.jpg,Australian Rosevin,"🌸 A burst of flavor that blooms in every bite, perfect for those who love a little extra zest in their life."
10970635,99.0,,Australske vine,Australsk Hvidvin,1,3,krt.,Netto,https://static.tilbudsugen.dk/1st-retail/2026/9/64663/Netto82026-1_28_29x4906_3037x6867_zoom.jpg,2026-02-21,2026-02-27,https://res.cloudinary.com/dfqzmnlga/image/upload/v1771645097/2026-02-21/10970635.jpg,Australian White wine,"Sip on the best of the best—Australian White wine, where flavor meets freedom. 🍷"
10970099,24.97,Les Authentiques,Is,Vanilla Is,1,0,bg.,Netto,https://static.tilbudsugen.dk/1st-retail/2026/9/64663/Netto82026-1_11_72x4347_2457x6849_zoom.jpg,2026-02-21,2026-02-27,https://res.cloudinary.com/dfqzmnlga/image/upload/v1771645097/2026-02-21/10970099.jpg,Vanilla Is,"Savory, sweet, and slightly mysterious — Vanilla Is, with a twist. 🌟"
10970167,20.0,Kids,Juice,Smoothie,1,0,pk.,Netto,https://static.tilbudsugen.dk/1st-retail/2026/9/64663/Netto82026-1_3_2419x3511_4904x6867_zoom.jpg,2026-02-21,2026-02-27,https://res.cloudinary.com/dfqzmnlga/image/upload/v1771645098/2026-02-21/10970167.jpg,Smoothie,"Sip, swirl, and shine—my smoothie is your daily glow. 🌟"
10970405,25.0,Bistronne,Færdigretter Frost,Kyllingenuggets,1,0,ps.,Netto,https://static.tilbudsugen.dk/1st-retail/2026/9/64663/Netto82026-1_21_3291x2820_4824x5000_zoom.jpg,2026-02-21,2026-02-27,https://res.cloudinary.com/dfqzmnlga/image/upload/v1771645098/2026-02-21/10970405.jpg,Chicken uggets,"Searched for the perfect meal? I'm the chicken uggets – crispy, smoky, and ready to conquer any plate. 🍗"
10970596,15.0,Wheat in Motion,Specialøl,Specialøl,1,0,ds.,Netto,https://static.tilbudsugen.dk/1st-retail/2026/9/64663/Netto82026-1_27_1671x779_3131x2893_zoom.jpg,2026-02-21,2026-02-27,https://res.cloudinary.com/dfqzmnlga/image/upload/v1771645099/2026-02-21/10970596.jpg,Special beer,"🍺✨ One sip, one story—special beer, always. 🍻"
10970584,15.0,Humlesovs,Specialøl,Specialøl,1,0,ds.,Netto,https://static.tilbudsugen.dk/1st-retail/2026/9/64663/Netto82026-1_27_1671x779_3131x2893_zoom.jpg,2026-02-21,2026-02-27,https://res.cloudinary.com/dfqzmnlga/image/upload/v1771645099/2026-02-21/10970584.jpg,Special beer,"✨ Brewed for the bold, poured for the curious. 🍻"
10970404,65.0,Rose,Færdigretter Frost,Hot Wings,1,1,ps.,Netto,https://static.tilbudsugen.dk/1st-retail/2026/9/64663/Netto82026-1_21_1678x2719_3247x4913_zoom.jpg,2026-02-21,2026-02-27,https://res.cloudinary.com/dfqzmnlga/image/upload/v1771645100/2026-02-21/10970404.jpg,Hot Wings,"Savor the crunch, one bite at a time! 🍗"
10970214,6.0,Yoggi,Mellemmåltider,Yoghurt Appelsin Med Müsli Top,1,0,bg.,Netto,https://static.tilbudsugen.dk/1st-retail/2026/9/64663/Netto82026-1_17_65x1284_2457x3695_zoom.jpg,2026-02-21,2026-02-27,https://res.cloudinary.com/dfqzmnlga/image/upload/v1771645100/2026-02-21/10970214.jpg,Yogurt Orange With Müsli Top,"Churned up with a sprinkle of joy and a dash of sweetness, this yogurt orange with musli top is the perfect snack for any mood. 🍋✨"
10970213,6.0,Yoggi,Mellemmåltider,Yoghurt Vanilje Med Müsli Top,1,0,bg.,Netto,https://static.tilbudsugen.dk/1st-retail/2026/9/64663/Netto82026-1_17_65x1284_2457x3695_zoom.jpg,2026-02-21,2026-02-27,https://res.cloudinary.com/dfqzmnlga/image/upload/v1771645101/2026-02-21/10970213.jpg,Yogurt Vanilla With Müsli Top,"✨ Vanilla yogurt with musli, topped with joy!"
10970549,15.0,Mutti,Saucer,Pizzasauce Aromatica,1,0,ds.,Netto,https://static.tilbudsugen.dk/1st-retail/2026/9/64663/Netto82026-1_25_174x2624_2535x4644_zoom.jpg,2026-02-21,2026-02-27,https://res.cloudinary.com/dfqzmnlga/image/upload/v1771645101/2026-02-21/10970549.jpg,Pizza sauce Aromatica,"🔥 Sizzle it, flavor it, and let your taste buds dance with the perfect blend of garlic, olive oil, and love. 🍕"
10970574,15.0,Bellafonde,Marmelade,Jordbærmarmelade,1,0,fl.,Netto,https://static.tilbudsugen.dk/1st-retail/2026/9/64663/Netto82026-1_26_2920x1941_4816x4550_zoom.jpg,2026-02-21,2026-02-27,https://res.cloudinary.com/dfqzmnlga/image/upload/v1771645101/2026-02-21/10970574.jpg,Strawberry marmalade,"Sweet, tangy, and always ready to spread joy — 🍓✨"
10970158,30.0,Velsmag,Kylling,Kyllingeoverlår,1,0,pk.,Netto,https://static.tilbudsugen.dk/1st-retail/2026/9/64663/Netto82026-1_14_26x697_2489x2900_zoom.jpg,2026-02-21,2026-02-27,https://res.cloudinary.com/dfqzmnlga/image/upload/v1771645102/2026-02-21/10970158.jpg,Chicken upper thighs,"🔥Sizzling with flavor, ready to ignite your taste buds! 🥘"
10970572,15.0,Bellafonde,Marmelade,Hindbærmarmelade,1,0,stk.,Netto,https://static.tilbudsugen.dk/1st-retail/2026/9/64663/Netto82026-1_26_2920x1941_4816x4550_zoom.jpg,2026-02-21,2026-02-27,https://res.cloudinary.com/dfqzmnlga/image/upload/v1771645102/2026-02-21/10970572.jpg,Raspberry jam,Pink raspberry confetti lover | 🍒✨
10970575,15.0,Bellafonde,Marmelade,Solbærmarmelade,1,0,stk.,Netto,https://static.tilbudsugen.dk/1st-retail/2026/9/64663/Netto82026-1_26_2920x1941_4816x4550_zoom.jpg,2026-02-21,2026-02-27,https://res.cloudinary.com/dfqzmnlga/image/upload/v1771645103/2026-02-21/10970575.jpg,Blackcurrant jam,"A sweet, bold flavor that turns ordinary moments into unforgettable memories 🍓"
10970375,13.29,ØGO,Boller & Morgenbrød,Surdejsboller,1,0,ps.,Netto,https://static.tilbudsugen.dk/1st-retail/2026/9/64663/Netto82026-1_10_2252x830_4940x3511_zoom.jpg,2026-02-21,2026-02-27,https://res.cloudinary.com/dfqzmnlga/image/upload/v1771645103/2026-02-21/10970375.jpg,Surdies,✨ Surdies are the perfect chaos in a cupcake cup. 🍰
10970098,5.96,Egelykke,Postej og Paté,Paté,1,0,pk.,Netto,https://static.tilbudsugen.dk/1st-retail/2026/9/64663/Netto82026-1_11_20x684_2111x4314_zoom.jpg,2026-02-21,2026-02-27,https://res.cloudinary.com/dfqzmnlga/image/upload/v1771645103/2026-02-21/10970098.jpg,Paté,"Pâté de passion, always in season 🍴"
10970184,16.0,Grovhakket,Postej og Paté,Leverpostej,1,0,pk.,Netto,https://static.tilbudsugen.dk/1st-retail/2026/9/64663/Netto82026-1_4_2492x3627_4998x6867_zoom.jpg,2026-02-21,2026-02-27,https://res.cloudinary.com/dfqzmnlga/image/upload/v1771645104/2026-02-21/10970184.jpg,Liver pie,Craving a little chaos? I’m liver pie — the perfect snack for when your soul needs a little more flavor. 🍽️
10970185,16.0,Fransk Postej,Postej og Paté,Leverpostej,1,0,pk.,Netto,https://static.tilbudsugen.dk/1st-retail/2026/9/64663/Netto82026-1_4_2492x3627_4998x6867_zoom.jpg,2026-02-21,2026-02-27,https://res.cloudinary.com/dfqzmnlga/image/upload/v1771645105/2026-02-21/10970185.jpg,Liver pie,Craving a little more than just a meal—my liver pie is ready to satisfy your cravings! 🍽️
10970208,32.0,Løgismose,Syrnet morgenmad,Græsk Yoghurt Solbær & Aronia,1,0,bg.,Netto,https://static.tilbudsugen.dk/1st-retail/2026/9/64663/Netto82026-1_16_98x4705_1681x6765_zoom.jpg,2026-02-21,2026-02-27,https://res.cloudinary.com/dfqzmnlga/image/upload/v1771645105/2026-02-21/10970208.jpg,Greek Yogurt Currant & Aronia,"Churned with tangy sweetness, this yogurt is a flavor explosion—perfect for a morning pick-me-up or a snack that makes your heart skip a beat. 🍯"
10970206,32.0,Løgismose,Syrnet morgenmad,Græsk Yoghurt 10%,1,0,bg.,Netto,https://static.tilbudsugen.dk/1st-retail/2026/9/64663/Netto82026-1_16_98x4705_1681x6765_zoom.jpg,2026-02-21,2026-02-27,https://res.cloudinary.com/dfqzmnlga/image/upload/v1771645106/2026-02-21/10970206.jpg,Greek Yogurt 10%,Savor the tang of adventure with Greek Yogurt 10%—where every spoonful is a flavor adventure. 🥛
10970207,32.0,Løgismose,Syrnet morgenmad,Græsk Yoghurt 2%,1,0,bg.,Netto,https://static.tilbudsugen.dk/1st-retail/2026/9/64663/Netto82026-1_16_98x4705_1681x6765_zoom.jpg,2026-02-21,2026-02-27,https://res.cloudinary.com/dfqzmnlga/image/upload/v1771645106/2026-02-21/10970207.jpg,Greek Yogurt 2%,"Savor the tang of the day with a creamy, wholesome twist—yogurt that's both bold and bright, perfect for the bold and the brave. 🥛"
10970541,20.0,Dolmio,Saucer,Bolognese Classico,1,0,gl.,Netto,https://static.tilbudsugen.dk/1st-retail/2026/9/64663/Netto82026-1_25_102x372_4933x2530_zoom.jpg,2026-02-21,2026-02-27,https://res.cloudinary.com/dfqzmnlga/image/upload/v1771645106/2026-02-21/10970541.jpg,Bolognese Classico,Bolognese Classico: The pasta lover who never stops cooking. 🍝
10970645,10.0,Palmolive,"Sæbe, bad, dusch",Flydende sæbe,1,0,stk.,Netto,https://static.tilbudsugen.dk/1st-retail/2026/9/64663/Netto82026-1_29_65x859_2557x2893_zoom.jpg,2026-02-21,2026-02-27,https://res.cloudinary.com/dfqzmnlga/image/upload/v1771645107/2026-02-21/10970645.jpg,Liquid soap,"Glow up, scrub off the chaos with my shimmering power! 💧✨"
10970171,20.0,innocent,Juice,Ingefærshot,1,0,fl.,Netto,https://static.tilbudsugen.dk/1st-retail/2026/9/64663/Netto82026-1_3_2419x3511_4904x6867_zoom.jpg,2026-02-21,2026-02-27,https://res.cloudinary.com/dfqzmnlga/image/upload/v1771645107/2026-02-21/10970171.jpg,Gingerhot,"Spicy, zesty, and super smooth—perfect for any mood. 🌟"
10970607,20.0,Fever-Tree,Sodavand,Mediterranian Tonic Water,1,0,fl.,Netto,https://static.tilbudsugen.dk/1st-retail/2026/9/64663/Netto82026-1_27_1642x2871_3233x5189_zoom.jpg,2026-02-21,2026-02-27,https://res.cloudinary.com/dfqzmnlga/image/upload/v1771645108/2026-02-21/10970607.jpg,Mediterranean Tonic Water,"Sip, savor, and sparkle—my flavor is a mix of sea and spark. 🌊✨"
10970365,20.0,ØGO,Koncentreret Saft,Rababerdrik,1,0,fl.,Netto,https://static.tilbudsugen.dk/1st-retail/2026/9/64663/Netto82026-1_9_36x1825_2114x4717_zoom.jpg,2026-02-21,2026-02-27,https://res.cloudinary.com/dfqzmnlga/image/upload/v1771645108/2026-02-21/10970365.jpg,Rabber Drink,"Sip, savor, and sparkle—Rabber Drink is the ultimate refreshment! 🍹"
10970605,20.0,Fever-Tree,Sodavand,Tonicvand,1,0,fl.,Netto,https://static.tilbudsugen.dk/1st-retail/2026/9/64663/Netto82026-1_27_1642x2871_3233x5189_zoom.jpg,2026-02-21,2026-02-27,https://res.cloudinary.com/dfqzmnlga/image/upload/v1771645109/2026-02-21/10970605.jpg,Tonic water,Sip up with a twist—refresh your taste buds with a splash of fun! 🍹
10970690,10.0,at home CLEAN,Opvask,Maskinrens,1,0,stk.,Netto,https://static.tilbudsugen.dk/1st-retail/2026/9/64663/Netto82026-1_29_87x4862_1656x6846_zoom.jpg,2026-02-21,2026-02-27,https://res.cloudinary.com/dfqzmnlga/image/upload/v1771645109/2026-02-21/10970690.jpg,Machine-cleaning,"✨ Cleaners of the future, wiping away clutter and chaos with a touch of magic! 🌟"
10970544,20.0,Dolmio,Saucer,Bolognese Krydret,1,0,gl.,Netto,https://static.tilbudsugen.dk/1st-retail/2026/9/64663/Netto82026-1_25_102x372_4933x2530_zoom.jpg,2026-02-21,2026-02-27,https://res.cloudinary.com/dfqzmnlga/image/upload/v1771645110/2026-02-21/10970544.jpg,Bolognese Spicy,🔥 Spicy Bolognese that turns every bite into a bold adventure! 🍝
10970546,20.0,Dolmio,Saucer,Bolognese Spicy Chili,1,0,gl.,Netto,https://static.tilbudsugen.dk/1st-retail/2026/9/64663/Netto82026-1_25_102x372_4933x2530_zoom.jpg,2026-02-21,2026-02-27,https://res.cloudinary.com/dfqzmnlga/image/upload/v1771645110/2026-02-21/10970546.jpg,Bolognese Spicy Chili,"🔥 Spicy, hearty, and unstoppable — the Bolognese Spicy Chili is here to conquer your taste buds! 🌟"
10970609,20.0,Fever-Tree,Sodavand,Pink Grapefruit,1,0,fl.,Netto,https://static.tilbudsugen.dk/1st-retail/2026/9/64663/Netto82026-1_27_1642x2871_3233x5189_zoom.jpg,2026-02-21,2026-02-27,https://res.cloudinary.com/dfqzmnlga/image/upload/v1771645111/2026-02-21/10970609.jpg,Pink Grapefruit,"Peachy pink, zesty, and always ready for a good laugh—✨"
10970688,10.0,at home SCENTS,Luftfrisker,Luftfrisker,1,0,stk.,Netto,https://static.tilbudsugen.dk/1st-retail/2026/9/64663/Netto82026-1_29_87x4862_1656x6846_zoom.jpg,2026-02-21,2026-02-27,https://res.cloudinary.com/dfqzmnlga/image/upload/v1771645111/2026-02-21/10970688.jpg,Air freshener,"✨ Freshen the vibe, but never the mood. ✨"
10970353,20.0,ØGO,Koncentreret Saft,Tranebærdrik,1,0,fl.,Netto,https://static.tilbudsugen.dk/1st-retail/2026/9/64663/Netto82026-1_9_36x1825_2114x4717_zoom.jpg,2026-02-21,2026-02-27,https://res.cloudinary.com/dfqzmnlga/image/upload/v1771645111/2026-02-21/10970353.jpg,Cranberry potion,"✨ Cranberry potion: Sips, sips, and sips of sunshine in every glass. 🍷"
10970369,20.0,ØGO,Koncentreret Saft,Jordbærdrik,1,0,fl.,Netto,https://static.tilbudsugen.dk/1st-retail/2026/9/64663/Netto82026-1_9_36x1825_2114x4717_zoom.jpg,2026-02-21,2026-02-27,https://res.cloudinary.com/dfqzmnlga/image/upload/v1771645112/2026-02-21/10970369.jpg,Strawberry drink,"Sip, smile, and sprinkle joy into every sip—strawberry drink 🍓✨"
10970606,20.0,Fever-Tree,Sodavand,Rose & Raspberry Lemonade,1,0,fl.,Netto,https://static.tilbudsugen.dk/1st-retail/2026/9/64663/Netto82026-1_27_1642x2871_3233x5189_zoom.jpg,2026-02-21,2026-02-27,https://res.cloudinary.com/dfqzmnlga/image/upload/v1771645112/2026-02-21/10970606.jpg,Rose & Raspberry Lemonade,"A tangy blend of rose and raspberry, perfect for any sunny day—fresh, fruity, and unforgettable. 🍹"
10970608,20.0,Fever-Tree,Sodavand,Ginger Beer,1,0,fl.,Netto,https://static.tilbudsugen.dk/1st-retail/2026/9/64663/Netto82026-1_27_1642x2871_3233x5189_zoom.jpg,2026-02-21,2026-02-27,https://res.cloudinary.com/dfqzmnlga/image/upload/v1771645113/2026-02-21/10970608.jpg,Ginger Beer,"Zesty and zany, I'm the ginger beer—spicy, refreshing, and always ready to mix things up! 🍀"
10970649,10.0,Imperial Leather,"Sæbe, bad, dusch",Bodyshampoo,1,0,stk.,Netto,https://static.tilbudsugen.dk/1st-retail/2026/9/64663/Netto82026-1_29_65x859_2557x2893_zoom.jpg,2026-02-21,2026-02-27,https://res.cloudinary.com/dfqzmnlga/image/upload/v1771645114/2026-02-21/10970649.jpg,Body shampoo,"✨Lather up your day with my fresh scent—clean, confident, and always ready to shine! ✨"
10970545,20.0,Dolmio,Saucer,Al Forno Creamy Tomato,1,0,gl.,Netto,https://static.tilbudsugen.dk/1st-retail/2026/9/64663/Netto82026-1_25_102x372_4933x2530_zoom.jpg,2026-02-21,2026-02-27,https://res.cloudinary.com/dfqzmnlga/image/upload/v1771645114/2026-02-21/10970545.jpg,Al Forno Creamy Tomato,"✨ A creamy, artisanal tomato sauce that melts in your mouth and makes every bite feel like a celebration. ✨"
10970134,12.0,Den Gamle Fabrik,Marmelade,Abrikosmarmelade,1,0,gl.,Netto,https://static.tilbudsugen.dk/1st-retail/2026/9/64663/Netto82026-1_2_2296x2523_4933x4797_zoom.jpg,2026-02-21,2026-02-27,https://res.cloudinary.com/dfqzmnlga/image/upload/v1771645114/2026-02-21/10970134.jpg,Apricot marmalade,"Sweet, tangy, and perfectly poised—just like a perfect apricot marmalade spread on a slice of toast. 🍞"
10970110,12.0,Den Gamle Fabrik,Marmelade,Hindbærmarmelade,1,0,gl.,Netto,https://static.tilbudsugen.dk/1st-retail/2026/9/64663/Netto82026-1_2_2296x2523_4933x4797_zoom.jpg,2026-02-21,2026-02-27,https://res.cloudinary.com/dfqzmnlga/image/upload/v1771645115/2026-02-21/10970110.jpg,Raspberry jam,"Sweet, tangy, and timeless — my flavor is pure love. 🍓"
10970139,12.0,Den Gamle Fabrik,Marmelade,Boysenbærmarmelade,1,0,gl.,Netto,https://static.tilbudsugen.dk/1st-retail/2026/9/64663/Netto82026-1_2_2296x2523_4933x4797_zoom.jpg,2026-02-21,2026-02-27,https://res.cloudinary.com/dfqzmnlga/image/upload/v1771645115/2026-02-21/10970139.jpg,Boysenberry jam,"Smiling through every berry, always ready to crush your day with a perfect punch of sweetness 🍓"
10970136,12.0,Den Gamle Fabrik,Marmelade,Appelsinmarmelade,1,0,gl.,Netto,https://static.tilbudsugen.dk/1st-retail/2026/9/64663/Netto82026-1_2_2296x2523_4933x4797_zoom.jpg,2026-02-21,2026-02-27,https://res.cloudinary.com/dfqzmnlga/image/upload/v1771645116/2026-02-21/10970136.jpg,Orange marmalade,Smothering sweet memories in every drop—because the best flavors are always ready to be shared. 🍊
10970138,12.0,Den Gamle Fabrik,Marmelade,Jordbærmarmelade,1,0,gl.,Netto,https://static.tilbudsugen.dk/1st-retail/2026/9/64663/Netto82026-1_2_2296x2523_4933x4797_zoom.jpg,2026-02-21,2026-02-27,https://res.cloudinary.com/dfqzmnlga/image/upload/v1771645116/2026-02-21/10970138.jpg,Strawberry marmalade,Savoring sweet memories with every drop—strawberry marmalade. 🍓
10970133,12.0,Den Gamle Fabrik,Marmelade,Fintskårne Jordbær,1,0,gl.,Netto,https://static.tilbudsugen.dk/1st-retail/2026/9/64663/Netto82026-1_2_2296x2523_4933x4797_zoom.jpg,2026-02-21,2026-02-27,https://res.cloudinary.com/dfqzmnlga/image/upload/v1771645117/2026-02-21/10970133.jpg,Finely sliced strawberries,"Slice of sweetness, ready to conquer your taste buds 🍓"
10970137,12.0,Den Gamle Fabrik,Marmelade,Solbærmarmelade,1,0,gl.,Netto,https://static.tilbudsugen.dk/1st-retail/2026/9/64663/Netto82026-1_2_2296x2523_4933x4797_zoom.jpg,2026-02-21,2026-02-27,https://res.cloudinary.com/dfqzmnlga/image/upload/v1771645117/2026-02-21/10970137.jpg,Blackcurrant jam,"✨ Suckers on the sweetest flavor, always. 🍓"
10970141,12.0,Den Gamle Fabrik,Marmelade,Blåbærmarmelade,1,0,gl.,Netto,https://static.tilbudsugen.dk/1st-retail/2026/9/64663/Netto82026-1_2_2296x2523_4933x4797_zoom.jpg,2026-02-21,2026-02-27,https://res.cloudinary.com/dfqzmnlga/image/upload/v1771645117/2026-02-21/10970141.jpg,Blueberry jam,Savor the sweetest moments with a smile and a spoon 🍓
10970531,20.0,Ben's Original,Saucer,Sweet and Sour,1,0,gl.,Netto,https://static.tilbudsugen.dk/1st-retail/2026/9/64663/Netto82026-1_25_102x372_4933x2530_zoom.jpg,2026-02-21,2026-02-27,https://res.cloudinary.com/dfqzmnlga/image/upload/v1771645118/2026-02-21/10970531.jpg,Sweet and Sour,"Sweet and sour, bursting with flavor, 🍫—the perfect blend of sweet and spicy, ready to ignite your taste buds!"
10970540,20.0,Ben's Original,Saucer,Medium Curry,1,0,gl.,Netto,https://static.tilbudsugen.dk/1st-retail/2026/9/64663/Netto82026-1_25_102x372_4933x2530_zoom.jpg,2026-02-21,2026-02-27,https://res.cloudinary.com/dfqzmnlga/image/upload/v1771645118/2026-02-21/10970540.jpg,Medium Curry,"Curry the star of the kitchen, with a spicy twist and a smile that never fades 🌟"
10970512,19.0,Bonduelle,Grønt,Majs,1,0,pk.,Netto,https://static.tilbudsugen.dk/1st-retail/2026/9/64663/Netto82026-1_24_2448x277_4991x2494_zoom.jpg,2026-02-21,2026-02-27,https://res.cloudinary.com/dfqzmnlga/image/upload/v1771645119/2026-02-21/10970512.jpg,Maize,"Golden maize, sweet and bold, with a flavor that's just right for a good time! 🌾✨"
10970318,15.0,Barebells,Mælk m/smag,Milkshake Vanilla,1,0,stk.,Netto,https://static.tilbudsugen.dk/1st-retail/2026/9/64663/Netto82026-1_8_2463x3285_4933x6831_zoom.jpg,2026-02-21,2026-02-27,https://res.cloudinary.com/dfqzmnlga/image/upload/v1771645119/2026-02-21/10970318.jpg,Milkshake Vanilla,"Sip, swirl, and shine—my flavor is everywhere! 🍦"
10970311,15.0,Barebells,Mælk m/smag,Milkshake Strawberry,1,0,stk.,Netto,https://static.tilbudsugen.dk/1st-retail/2026/9/64663/Netto82026-1_8_2463x3285_4933x6831_zoom.jpg,2026-02-21,2026-02-27,https://res.cloudinary.com/dfqzmnlga/image/upload/v1771645120/2026-02-21/10970311.jpg,Milkshake Strawberry,"Sip, swirl, and share—my flavor is unstoppable! 🍓✨"
10970543,20.0,Dolmio,Saucer,Bolognese Original,1,0,gl.,Netto,https://static.tilbudsugen.dk/1st-retail/2026/9/64663/Netto82026-1_25_102x372_4933x2530_zoom.jpg,2026-02-21,2026-02-27,https://res.cloudinary.com/dfqzmnlga/image/upload/v1771645120/2026-02-21/10970543.jpg,Bolognese Original,"Bolognese Original: The pasta lover who never says ""no"" to a good sauce — and always leaves a trail of flavor. 🍝"
10970547,20.0,Dolmio,Saucer,Bolognese Smooth Tomatsauce,1,0,gl.,Netto,https://static.tilbudsugen.dk/1st-retail/2026/9/64663/Netto82026-1_25_102x372_4933x2530_zoom.jpg,2026-02-21,2026-02-27,https://res.cloudinary.com/dfqzmnlga/image/upload/v1771645121/2026-02-21/10970547.jpg,Bolognese Smooth Tomato sauce,"Savoring the perfect blend of tomatoes and flavor, 🍅✨"
10970548,20.0,Dolmio,Saucer,Lasagne Creamy,1,0,gl.,Netto,https://static.tilbudsugen.dk/1st-retail/2026/9/64663/Netto82026-1_25_102x372_4933x2530_zoom.jpg,2026-02-21,2026-02-27,https://res.cloudinary.com/dfqzmnlga/image/upload/v1771645121/2026-02-21/10970548.jpg,Lasagne Creamy,"✨ Layers of flavor, one creamy dish at a time."
10970542,20.0,Dolmio,Saucer,Lasagne Creamy,1,0,gl.,Netto,https://static.tilbudsugen.dk/1st-retail/2026/9/64663/Netto82026-1_25_102x372_4933x2530_zoom.jpg,2026-02-21,2026-02-27,https://res.cloudinary.com/dfqzmnlga/image/upload/v1771645121/2026-02-21/10970542.jpg,Lasagne Creamy,"Savor the creamy, cheesy delight of life — and let your taste buds be the stars of the show. 🍴✨"
10970352,12.0,ØGO,Grønt,Tomater,1,0,bk.,Netto,https://static.tilbudsugen.dk/1st-retail/2026/9/64663/Netto82026-1_9_1300x103_3044x2472_zoom.jpg,2026-02-21,2026-02-27,https://res.cloudinary.com/dfqzmnlga/image/upload/v1771645122/2026-02-21/10970352.jpg,Tomatoes,"Red, ripe, and ready to burst—like a tomato in a basket. 🍅"
10970403,12.0,Rahbek,Fisk og skaldyr Frost ,Indbagt Hvid Alaska Sej,1,0,pk.,Netto,https://static.tilbudsugen.dk/1st-retail/2026/9/64663/Netto82026-1_21_65x4717_1678x6889_zoom.jpg,2026-02-21,2026-02-27,https://res.cloudinary.com/dfqzmnlga/image/upload/v1771645123/2026-02-21/10970403.jpg,Baked White Alaska Saithe,"✨ A buttery, flaky, and creamy savor of the sea, wrapped in a golden shell—perfect for a cozy, delicious snack or a delightful treat to share. 🍽️"
10970399,12.0,Rahbek,Fisk og skaldyr Frost ,Indbagte Rejer med Asparges og Dildsauce,1,0,pk.,Netto,https://static.tilbudsugen.dk/1st-retail/2026/9/64663/Netto82026-1_21_65x4717_1678x6889_zoom.jpg,2026-02-21,2026-02-27,https://res.cloudinary.com/dfqzmnlga/image/upload/v1771645123/2026-02-21/10970399.jpg,Baked Shrimps with Asparagus and Dildsauce,"Sizzling shrimp, fresh asparagus, and a dash of delight—ready to satisfy any craving! 🍤✨"
10970402,12.0,Rahbek,Fisk og skaldyr Frost ,Indbagt Laks med Spinat og Ostesauce,1,0,pk.,Netto,https://static.tilbudsugen.dk/1st-retail/2026/9/64663/Netto82026-1_21_65x4717_1678x6889_zoom.jpg,2026-02-21,2026-02-27,https://res.cloudinary.com/dfqzmnlga/image/upload/v1771645123/2026-02-21/10970402.jpg,Baked Salmon with Spinach and Cheese sauce,Savor the perfect blend of ocean and earth with a sprinkle of joy — 🍣✨
10952610,24.95,,Grisekød,Nakkefilet,1,0,stk.,Netto,https://static.tilbudsugen.dk/1st-retail/2026/7/64562/Netto62026-1_14_1663x727_3356x2683_zoom.jpg,2026-02-01,2026-02-28,https://res.cloudinary.com/dfqzmnlga/image/upload/v1771645124/2026-02-21/10952610.jpg,Neck filet,Slaying the kitchen with a perfect fillet—no chef's kiss needed. 🍣
10970356,10.0,Naturli',Vegetarisk Mejerialternativ,Smørbar - Blok,1,0,pk.,Netto,https://static.tilbudsugen.dk/1st-retail/2026/9/64663/Netto82026-1_9_51x4390_4998x6889_zoom.jpg,2026-02-21,2026-02-27,https://res.cloudinary.com/dfqzmnlga/image/upload/v1771645124/2026-02-21/10970356.jpg,Butterable - Block,"Soft, creamy, and perfect for spreading on toast — just like a warm hug. 🥧"
10970152,20.0,Steff Houlberg,300 g - 599 g Normalpakke Pølser,Grillpølser,1,0,pk.,Netto,https://static.tilbudsugen.dk/1st-retail/2026/9/64663/Netto82026-1_3_2463x248_4904x3641_zoom.jpg,2026-02-21,2026-02-27,https://res.cloudinary.com/dfqzmnlga/image/upload/v1771645125/2026-02-21/10970152.jpg,Barbecue sausages,"🔥 Sizzle, smoke, and spice—my flavor is unstoppable! 🍴"
10970354,10.0,Naturli',Vegetarisk Mejerialternativ,Smørbar,1,0,bg.,Netto,https://static.tilbudsugen.dk/1st-retail/2026/9/64663/Netto82026-1_9_51x4390_4998x6889_zoom.jpg,2026-02-21,2026-02-27,https://res.cloudinary.com/dfqzmnlga/image/upload/v1771645125/2026-02-21/10970354.jpg,Butterable,"Savory, creamy, and perfect for any snack—butterable. 🧀"
10970651,10.0,Pantene pro-v,Balsam,Balsam,1,0,stk.,Netto,https://static.tilbudsugen.dk/1st-retail/2026/9/64663/Netto82026-1_29_65x859_2557x2893_zoom.jpg,2026-02-21,2026-02-27,https://res.cloudinary.com/dfqzmnlga/image/upload/v1771645125/2026-02-21/10970651.jpg,Balsam,"✨ A refreshing burst of clean, crisp energy that leaves you feeling revitalized and ready to conquer the day! ✨"
10970264,20.0,Velsmag,Kalve- og grisekød,Hakket kalv og grisekød 8-12%,1,0,bk.,Netto,https://static.tilbudsugen.dk/1st-retail/2026/9/64663/Netto82026-1_6_2368x2857_4991x4797_zoom.jpg,2026-02-21,2026-02-27,https://res.cloudinary.com/dfqzmnlga/image/upload/v1771645126/2026-02-21/10970264.jpg,Minced calf and pig meat 8-12 per cent,"🔥 Flaky, flavorful, and perfectly balanced—perfect for any meal! 🍴"
10970650,10.0,Pantene pro-v,Shampoo,Shampoo,1,0,stk.,Netto,https://static.tilbudsugen.dk/1st-retail/2026/9/64663/Netto82026-1_29_65x859_2557x2893_zoom.jpg,2026-02-21,2026-02-27,https://res.cloudinary.com/dfqzmnlga/image/upload/v1771645126/2026-02-21/10970650.jpg,Shampoo,"✨ Shine bright, wash away stress, and keep your hair in perfect shape! ✨"
10970142,50.0,Velsmag,Grisekød,Hakket grisekød 4-7%,1,1,bk.,Netto,https://static.tilbudsugen.dk/1st-retail/2026/9/64663/Netto82026-1_14_2457x645_4946x2828_zoom.jpg,2026-02-21,2026-02-27,https://res.cloudinary.com/dfqzmnlga/image/upload/v1771645127/2026-02-21/10970142.jpg,Minced pig meat 4-7%,"✨ Sizzling with flavor, ready to conquer any dish!"
10970560,50.0,Kims,Snacknødder & Nøddeblandinger,Peanuts,1,1,ps.,Netto,https://static.tilbudsugen.dk/1st-retail/2026/9/64663/Netto82026-1_25_2586x4644_4940x6896_zoom.jpg,2026-02-21,2026-02-27,https://res.cloudinary.com/dfqzmnlga/image/upload/v1771645127/2026-02-21/10970560.jpg,Peanuts,"✨ Peanut butter on toast, always."
10970668,25.0,Respons,Shampoo,Shampoo,1,0,fl.,Netto,https://static.tilbudsugen.dk/1st-retail/2026/9/64663/Netto82026-1_29_1664x2857_3342x4913_zoom.jpg,2026-02-21,2026-02-27,https://res.cloudinary.com/dfqzmnlga/image/upload/v1771645128/2026-02-21/10970668.jpg,Shampoo,"✨ Shine bright, rinse clean, and never forget your sparkle! ✨"
10970116,25.0,Tulip,Færdigretter Frost,Kødboller,1,0,ps.,Netto,https://static.tilbudsugen.dk/1st-retail/2026/9/64663/Netto82026-1_12_1225x5285_2509x6849_zoom.jpg,2026-02-21,2026-02-27,https://res.cloudinary.com/dfqzmnlga/image/upload/v1771645128/2026-02-21/10970116.jpg,Meatballs,"Savoring the perfect blend of flavor and fun, 🍔✨"
10970577,12.0,Fintons,Kager,Lagkagebunde,1,0,pk.,Netto,https://static.tilbudsugen.dk/1st-retail/2026/9/64663/Netto82026-1_26_2434x4593_4816x6904_zoom.jpg,2026-02-21,2026-02-27,https://res.cloudinary.com/dfqzmnlga/image/upload/v1771645128/2026-02-21/10970577.jpg,"Cakes and other products of the genus Capsicum or of the genus Pimenta, whether or not containing added sugar or other sweetening matter","🔥 Sweet, spicy, and slightly sweet — I'm the flavor that makes every day just a little more exciting! 🍯"
10970097,16.47,Dinner Kitt,Risretter,Asian Chicken Curry,1,0,pk.,Netto,https://static.tilbudsugen.dk/1st-retail/2026/9/64663/Netto82026-1_11_2424x3910_4959x6902_zoom.jpg,2026-02-21,2026-02-27,https://res.cloudinary.com/dfqzmnlga/image/upload/v1771645129/2026-02-21/10970097.jpg,Asian Chicken Curry,"Sizzling with flavor, ready to spice up your day! 🍳"
10970376,17.46,ØGO,Smørepålæg,Peanutbutter Crunchy,1,0,gl.,Netto,https://static.tilbudsugen.dk/1st-retail/2026/9/64663/Netto82026-1_10_2426x3729_4998x6802_zoom.jpg,2026-02-21,2026-02-27,https://res.cloudinary.com/dfqzmnlga/image/upload/v1771645129/2026-02-21/10970376.jpg,Peanut butter Crunchy,Crunchy peanut butter: the ultimate snack that makes every bite a little more exciting. 🍬
10970378,17.46,ØGO,Smørepålæg,Peanutbutter Smooth,1,0,gl.,Netto,https://static.tilbudsugen.dk/1st-retail/2026/9/64663/Netto82026-1_10_2426x3729_4998x6802_zoom.jpg,2026-02-21,2026-02-27,https://res.cloudinary.com/dfqzmnlga/image/upload/v1771645129/2026-02-21/10970378.jpg,Peanut butter Smooth,Smooth peanut butter lover | 🍬
10970120,18.0,Thai Cube,Færdigretter Frost,Sweet Chili Chicken Teriyaki,1,0,pk.,Netto,https://static.tilbudsugen.dk/1st-retail/2026/9/64663/Netto82026-1_2_65x4862_2325x6795_zoom.jpg,2026-02-21,2026-02-27,https://res.cloudinary.com/dfqzmnlga/image/upload/v1771645130/2026-02-21/10970120.jpg,Sweet Chili Chicken Teriyaki,"Sizzling with flavor, my teriyaki is a spicy, sweet blast of chicken that's ready to conquer your taste buds! 🍛"
10970122,18.0,Thai Cube,Færdigretter Frost,Panang Curry Chicken,1,0,pk.,Netto,https://static.tilbudsugen.dk/1st-retail/2026/9/64663/Netto82026-1_2_65x4862_2325x6795_zoom.jpg,2026-02-21,2026-02-27,https://res.cloudinary.com/dfqzmnlga/image/upload/v1771645130/2026-02-21/10970122.jpg,Panang Curry Chicken,"🔥 Spicy, savory, and smoky—Panang Curry Chicken is the ultimate flavor explosion! 🍳"
10970124,18.0,Indian Cube,Færdigretter Frost,Chicken Tikka Masala,1,0,pk.,Netto,https://static.tilbudsugen.dk/1st-retail/2026/9/64663/Netto82026-1_2_65x4862_2325x6795_zoom.jpg,2026-02-21,2026-02-27,https://res.cloudinary.com/dfqzmnlga/image/upload/v1771645131/2026-02-21/10970124.jpg,Chicken Tikka Masala,"Sizzling with flavor, I'm the spice that brings the taste of India to your plate! 🍗"
10970125,18.0,Indian Cube,Færdigretter Frost,Butter Chicken,1,0,pk.,Netto,https://static.tilbudsugen.dk/1st-retail/2026/9/64663/Netto82026-1_2_65x4862_2325x6795_zoom.jpg,2026-02-21,2026-02-27,https://res.cloudinary.com/dfqzmnlga/image/upload/v1771645131/2026-02-21/10970125.jpg,Butter Chicken,"Savoring the perfect blend of creamy richness and savory delight, 🍲"
10970123,18.0,Thai Cube,Færdigretter Frost,Red Curry Chicken,1,0,pk.,Netto,https://static.tilbudsugen.dk/1st-retail/2026/9/64663/Netto82026-1_2_65x4862_2325x6795_zoom.jpg,2026-02-21,2026-02-27,https://res.cloudinary.com/dfqzmnlga/image/upload/v1771645132/2026-02-21/10970123.jpg,Red Curry Chicken,"🔥 Curry conqueror, chicken lover, and flavor fiend! 🌟"
10970637,39.0,,Californiske vine,Californisk Hvidvin,1,0,fl.,Netto,https://static.tilbudsugen.dk/1st-retail/2026/9/64663/Netto82026-1_28_65x2886_2644x4891_zoom.jpg,2026-02-21,2026-02-27,https://res.cloudinary.com/dfqzmnlga/image/upload/v1771645132/2026-02-21/10970637.jpg,California White wine,"Sip, savor, and smile — California White wine is the perfect companion to any good day. 🍷"
10970639,39.0,,Italienske vine,Italiensk Rødvin,1,0,fl.,Netto,https://static.tilbudsugen.dk/1st-retail/2026/9/64663/Netto82026-1_28_65x2886_2644x4891_zoom.jpg,2026-02-21,2026-02-27,https://res.cloudinary.com/dfqzmnlga/image/upload/v1771645132/2026-02-21/10970639.jpg,Italian Red Wine,"Sip, savor, and let the flavors tell your story—🍷✨"
10970623,39.0,,Californiske vine,Californisk Rødvin,1,0,fl.,Netto,https://static.tilbudsugen.dk/1st-retail/2026/9/64663/Netto82026-1_28_65x2886_2644x4891_zoom.jpg,2026-02-21,2026-02-27,https://res.cloudinary.com/dfqzmnlga/image/upload/v1771645133/2026-02-21/10970623.jpg,California Red Wine,"Sip, savor, and let the red wine do the talking—each sip a story, each glass a celebration. 🍷"
10970622,40.0,,Sydafrikanske vine,Sydafrikansk Hvidvin,1,0,fl.,Netto,https://static.tilbudsugen.dk/1st-retail/2026/9/64663/Netto82026-1_28_1671x256_3051x2908_zoom.jpg,2026-02-21,2026-02-27,https://res.cloudinary.com/dfqzmnlga/image/upload/v1771645133/2026-02-21/10970622.jpg,South African White wine,"Sip on South African White wine—where the sun shines, the soil sings, and the taste of adventure waits. 🍷"
10970151,20.0,Steff Houlberg,300 g - 599 g Normalpakke Pølser,Bayerske Pølser,1,0,pk.,Netto,https://static.tilbudsugen.dk/1st-retail/2026/9/64663/Netto82026-1_3_2463x248_4904x3641_zoom.jpg,2026-02-21,2026-02-27,https://res.cloudinary.com/dfqzmnlga/image/upload/v1771645134/2026-02-21/10970151.jpg,Bavarian Sausages,"Sizzling with flavor, I'm the perfect partner for a cozy evening — and a great match for anyone who loves a good, hot sausage. 🍖"
10970149,20.0,Steff Houlberg,300 g - 599 g Normalpakke Pølser,Hotdogpølser,1,0,pk.,Netto,https://static.tilbudsugen.dk/1st-retail/2026/9/64663/Netto82026-1_3_2463x248_4904x3641_zoom.jpg,2026-02-21,2026-02-27,https://res.cloudinary.com/dfqzmnlga/image/upload/v1771645134/2026-02-21/10970149.jpg,Hot dog sausages,🔥 Sizzling hot dog sausages with a side of flavor! 🍔
10970620,40.0,,Sydafrikanske vine,Sydafrikansk Rødvin,1,0,fl.,Netto,https://static.tilbudsugen.dk/1st-retail/2026/9/64663/Netto82026-1_28_1671x256_3051x2908_zoom.jpg,2026-02-21,2026-02-27,https://res.cloudinary.com/dfqzmnlga/image/upload/v1771645135/2026-02-21/10970620.jpg,South African Red Wine,A vintage red that turns every meal into a celebration 🍷
10970558,39.0,Popz,Popcorn,Popcorn Smørsmag,1,0,pk.,Netto,https://static.tilbudsugen.dk/1st-retail/2026/9/64663/Netto82026-1_25_51x4615_2608x6889_zoom.jpg,2026-02-21,2026-02-27,https://res.cloudinary.com/dfqzmnlga/image/upload/v1771645135/2026-02-21/10970558.jpg,Popcorn Butter flavor,"Savory, cheesy, and slightly sweet — Popcorn Butter flavor, ready to melt your heart. 🍿✨"
10970559,39.0,Popz,Popcorn,Popcorn Salted,1,0,pk.,Netto,https://static.tilbudsugen.dk/1st-retail/2026/9/64663/Netto82026-1_25_51x4615_2608x6889_zoom.jpg,2026-02-21,2026-02-27,https://res.cloudinary.com/dfqzmnlga/image/upload/v1771645135/2026-02-21/10970559.jpg,Popcorn Salted,"Salted popcorn, crispy and cheesy, ready to pop your day. 🍿✨"
10970096,16.47,Dinner Kitt,Risretter,Indian Butter Chicken,1,0,pk.,Netto,https://static.tilbudsugen.dk/1st-retail/2026/9/64663/Netto82026-1_11_2424x3910_4959x6902_zoom.jpg,2026-02-21,2026-02-27,https://res.cloudinary.com/dfqzmnlga/image/upload/v1771645136/2026-02-21/10970096.jpg,Indian Butter Chicken,"Savoring a taste of India in every bite, 🍳"
10970183,28.0,Løgismose,Madlavning friskvarer,Piskefløde 38%,1,0,stk.,Netto,https://static.tilbudsugen.dk/1st-retail/2026/9/64663/Netto82026-1_16_3258x2698_4828x4640_zoom.jpg,2026-02-21,2026-02-27,https://res.cloudinary.com/dfqzmnlga/image/upload/v1771645136/2026-02-21/10970183.jpg,Whip cream 38%,Whip cream 38% — the ultimate flavor booster for any dessert moment 🍫
10970251,45.0,Rose,Kylling,Hakket kylling 7-10%,1,0,bk.,Netto,https://static.tilbudsugen.dk/1st-retail/2026/9/64663/Netto82026-1_6_2455x4833_4940x6875_zoom.jpg,2026-02-21,2026-02-27,https://res.cloudinary.com/dfqzmnlga/image/upload/v1771645137/2026-02-21/10970251.jpg,Chicked chicken 7-10%,✨ Chicked chicken 7-10% – the perfect blend of flavor and fun! 🥩
10970121,18.0,Thai Cube,Færdigretter Frost,Creamy Tom Yom Chicken & Noodles ,1,0,pk.,Netto,https://static.tilbudsugen.dk/1st-retail/2026/9/64663/Netto82026-1_2_65x4862_2325x6795_zoom.jpg,2026-02-21,2026-02-27,https://res.cloudinary.com/dfqzmnlga/image/upload/v1771645137/2026-02-21/10970121.jpg,Creamy Tom Yom Chicken & Noodles,"Satisfy your cravings with a creamy, comforting bowl of Tom Yom Chicken & Noodles — perfect for a quick, delicious escape! 🍜"
10970202,8.0,Navito,Konserves,Tun i vand,1,0,ds.,Netto,https://static.tilbudsugen.dk/1st-retail/2026/9/64663/Netto82026-1_4_73x219_2477x3562_zoom.jpg,2026-02-21,2026-02-27,https://res.cloudinary.com/dfqzmnlga/image/upload/v1771645138/2026-02-21/10970202.jpg,Tunas in water,🌊 Snack time with the ocean's favorite friend—Tunas in water! 🐟
10970205,8.0,Navito,Konserves,Tun i olie,1,0,ds.,Netto,https://static.tilbudsugen.dk/1st-retail/2026/9/64663/Netto82026-1_4_73x219_2477x3562_zoom.jpg,2026-02-21,2026-02-27,https://res.cloudinary.com/dfqzmnlga/image/upload/v1771645138/2026-02-21/10970205.jpg,Tunas in oil,"🔥 Sizzling with flavor, ready to conquer any meal!"
10970153,20.0,Steff Houlberg,300 g - 599 g Normalpakke Pølser,Ostegrillpølser,1,0,pk.,Netto,https://static.tilbudsugen.dk/1st-retail/2026/9/64663/Netto82026-1_3_2463x248_4904x3641_zoom.jpg,2026-02-21,2026-02-27,https://res.cloudinary.com/dfqzmnlga/image/upload/v1771645139/2026-02-21/10970153.jpg,Cheese barbecue sausages,"Savoring smoky, cheesy adventures with every bite 🍔🔥"
10970247,20.0,Velsmag,Grisekød,Skinkestrimler,1,0,bk.,Netto,https://static.tilbudsugen.dk/1st-retail/2026/9/64663/Netto82026-1_6_2368x2857_4991x4797_zoom.jpg,2026-02-21,2026-02-27,https://res.cloudinary.com/dfqzmnlga/image/upload/v1771645139/2026-02-21/10970247.jpg,Skimmers (including skimmers),"✨ Skimmers, ready to slice through the chaos and leave nothing but fresh, clean vibes! ✨"
10970186,16.0,Bacon Peber,Postej og Paté,Leverpostej,1,0,pk.,Netto,https://static.tilbudsugen.dk/1st-retail/2026/9/64663/Netto82026-1_4_2492x3627_4998x6867_zoom.jpg,2026-02-21,2026-02-27,https://res.cloudinary.com/dfqzmnlga/image/upload/v1771645139/2026-02-21/10970186.jpg,Liver pie,"Craving a hearty, cheesy bite that satisfies both taste and soul 🍴"
10970453,25.0,Jakobsens,Sødemiddel,Honning,1,0,bg.,Netto,https://static.tilbudsugen.dk/1st-retail/2026/9/64663/Netto82026-1_23_29x561_2484x2886_zoom.jpg,2026-02-21,2026-02-27,https://res.cloudinary.com/dfqzmnlga/image/upload/v1771645140/2026-02-21/10970453.jpg,Honey,"Sweet, sticky, and irresistible — like a hug in a jar. 🍯"
10970351,25.0,ØGO,Pizza Frost,Mini Margherita Pizza,1,0,pk.,Netto,https://static.tilbudsugen.dk/1st-retail/2026/9/64663/Netto82026-1_9_2964x118_4947x2457_zoom.jpg,2026-02-21,2026-02-27,https://res.cloudinary.com/dfqzmnlga/image/upload/v1771645140/2026-02-21/10970351.jpg,Mini Margherita Pizza,"Slice of heaven, wrapped in a crust—perfect for a quick snack or a bold statement. 🍕"
10970556,12.0,Bornholms,Konserves,Torskerogn,1,0,ds.,Netto,https://static.tilbudsugen.dk/1st-retail/2026/9/64663/Netto82026-1_25_2477x2791_4838x4717_zoom.jpg,2026-02-21,2026-02-27,https://res.cloudinary.com/dfqzmnlga/image/upload/v1771645141/2026-02-21/10970556.jpg,Cod eggs,"Crackling with energy, I'm the cod egg that brings a little chaos to your day! 🐟✨"
10970201,12.0,Løgismose,Madlavning friskvarer,Fraiche 9%,1,0,bg.,Netto,https://static.tilbudsugen.dk/1st-retail/2026/9/64663/Netto82026-1_16_124x3017_1622x4673_zoom.jpg,2026-02-21,2026-02-27,https://res.cloudinary.com/dfqzmnlga/image/upload/v1771645141/2026-02-21/10970201.jpg,Fraiche 9%,"Cold, creamy, and refreshing—like a cool breeze on a hot day. 🌬️"
10970081,12.0,Lurpak,Fedtstoffer,Smør,1,0,pk.,Netto,https://static.tilbudsugen.dk/1st-retail/2026/9/64663/Netto82026-1_1_65x1360_2557x3416_zoom.jpg,2026-02-21,2026-02-27,https://res.cloudinary.com/dfqzmnlga/image/upload/v1771645142/2026-02-21/10970081.jpg,Butter,"Soft, creamy, and perfectly smooth—just like your favorite cuddle. 🧁"
10970203,12.0,Løgismose,Madlavning friskvarer,Creme Fraiche 18%,1,0,bg.,Netto,https://static.tilbudsugen.dk/1st-retail/2026/9/64663/Netto82026-1_16_124x3017_1622x4673_zoom.jpg,2026-02-21,2026-02-27,https://res.cloudinary.com/dfqzmnlga/image/upload/v1771645142/2026-02-21/10970203.jpg,Cream Fraiche 18%,"Smooth, creamy, and slightly tangy — like a soft hug on your taste buds. 🌟"
10970082,12.0,Lurpak,Fedtstoffer,Smørbar,1,0,bg.,Netto,https://static.tilbudsugen.dk/1st-retail/2026/9/64663/Netto82026-1_1_65x1360_2557x3416_zoom.jpg,2026-02-21,2026-02-27,https://res.cloudinary.com/dfqzmnlga/image/upload/v1771645143/2026-02-21/10970082.jpg,Butterable,"Savory, creamy, and perfectly edible—transform your meals into a masterpiece with a touch of butter. 🧀"
10970350,25.0,ØGO,Pizza Frost,Grøntsagspizza,1,0,pk.,Netto,https://static.tilbudsugen.dk/1st-retail/2026/9/64663/Netto82026-1_9_2964x118_4947x2457_zoom.jpg,2026-02-21,2026-02-27,https://res.cloudinary.com/dfqzmnlga/image/upload/v1771645143/2026-02-21/10970350.jpg,Vegetable pizza,"Craving flavor? I'm vegetable pizza—fresh, cheesy, and ready to satisfy your cravings! 🍕"
10970557,39.0,Popz,Popcorn,Popcorn Light,1,0,pk.,Netto,https://static.tilbudsugen.dk/1st-retail/2026/9/64663/Netto82026-1_25_51x4615_2608x6889_zoom.jpg,2026-02-21,2026-02-27,https://res.cloudinary.com/dfqzmnlga/image/upload/v1771645144/2026-02-21/10970557.jpg,Popcorn Light,"Popcorn Light: The crispy, creamy escape that makes every movie night feel like a luxury. 🍿✨"
10970095,16.47,Dinner Kitt,Pastaretter,Italian Lasagnette,1,0,pk.,Netto,https://static.tilbudsugen.dk/1st-retail/2026/9/64663/Netto82026-1_11_2424x3910_4959x6902_zoom.jpg,2026-02-21,2026-02-27,https://res.cloudinary.com/dfqzmnlga/image/upload/v1771645144/2026-02-21/10970095.jpg,Italian Lasagnette,"Smothered in cheese, garlic, and love — my Italian Lasagnette is ready to conquer the world! 🍴✨"
10970327,25.0,Næmt,Færdigretter Køl,Kylling i Rød Karry,1,0,pk.,Netto,https://static.tilbudsugen.dk/1st-retail/2026/9/64663/Netto82026-1_20_52x704_2567x4946_zoom.jpg,2026-02-21,2026-02-27,https://res.cloudinary.com/dfqzmnlga/image/upload/v1771645145/2026-02-21/10970327.jpg,Chicken in Red Curry,"🔥 Spice up your day with a dash of flavor—chicken in red curry, ready to ignite your taste buds! 🍳"
10970246,25.0,Danpo,Kylling,Kyllingebrystfilet,1,0,bk.,Netto,https://static.tilbudsugen.dk/1st-retail/2026/9/64663/Netto82026-1_6_65x198_2521x2290_zoom.jpg,2026-02-21,2026-02-27,https://res.cloudinary.com/dfqzmnlga/image/upload/v1771645145/2026-02-21/10970246.jpg,Chicken breast fillet,"Sizzling with flavor, ready to conquer your taste buds! 🍗"
10970324,25.0,Næmt,Færdigretter Køl,Gullasch med Kartoffelmos,1,0,pk.,Netto,https://static.tilbudsugen.dk/1st-retail/2026/9/64663/Netto82026-1_20_52x704_2567x4946_zoom.jpg,2026-02-21,2026-02-27,https://res.cloudinary.com/dfqzmnlga/image/upload/v1771645146/2026-02-21/10970324.jpg,Gullasch with Potato Moss,"✨ A spicy, smoky fusion of German Gullasch with a touch of earthy potato moss—perfect for a bold, flavorful bite! ✨"
10970330,25.0,Næmt,Færdigretter Køl,Chili con Carne,1,0,pk.,Netto,https://static.tilbudsugen.dk/1st-retail/2026/9/64663/Netto82026-1_20_52x704_2567x4946_zoom.jpg,2026-02-21,2026-02-27,https://res.cloudinary.com/dfqzmnlga/image/upload/v1771645146/2026-02-21/10970330.jpg,Chili con Carne,"🔥 Spicy, smoky, and unstoppable – chili con carne is the flavor that never sleeps! 🌮"
10970332,25.0,Næmt,Færdigretter Køl,Spaghetti Bolognese,1,0,pk.,Netto,https://static.tilbudsugen.dk/1st-retail/2026/9/64663/Netto82026-1_20_52x704_2567x4946_zoom.jpg,2026-02-21,2026-02-27,https://res.cloudinary.com/dfqzmnlga/image/upload/v1771645147/2026-02-21/10970332.jpg,Spaghetti Bolognese,Satisfy your cravings with a spoonful of magic and a dash of adventure. 🍝✨
10970335,25.0,Næmt,Færdigretter Køl,Svensk Pølseret,1,0,pk.,Netto,https://static.tilbudsugen.dk/1st-retail/2026/9/64663/Netto82026-1_20_52x704_2567x4946_zoom.jpg,2026-02-21,2026-02-27,https://res.cloudinary.com/dfqzmnlga/image/upload/v1771645147/2026-02-21/10970335.jpg,Swedish Pooled,"✨ Swirl of creamy, sweet, and savory — a flavor that melts in your mouth and leaves you longing for more! 🌟"
10970320,25.0,Næmt,Færdigretter Køl,Boller i Karry,1,0,pk.,Netto,https://static.tilbudsugen.dk/1st-retail/2026/9/64663/Netto82026-1_20_52x704_2567x4946_zoom.jpg,2026-02-21,2026-02-27,https://res.cloudinary.com/dfqzmnlga/image/upload/v1771645148/2026-02-21/10970320.jpg,Buns in Curry,"Curry-baked bliss, served with a side of adventure 🌮✨"
10970325,25.0,Næmt,Færdigretter Køl,Tagliatelle Carbonara,1,0,pk.,Netto,https://static.tilbudsugen.dk/1st-retail/2026/9/64663/Netto82026-1_20_52x704_2567x4946_zoom.jpg,2026-02-21,2026-02-27,https://res.cloudinary.com/dfqzmnlga/image/upload/v1771645148/2026-02-21/10970325.jpg,Tagliatelle Carbonara,"Savory tagliatelle with a creamy sauce and a touch of nostalgia, served with a side of fun. 🍝✨"
10970326,25.0,Næmt,Færdigretter Køl,Pasta al Forno,1,0,pk.,Netto,https://static.tilbudsugen.dk/1st-retail/2026/9/64663/Netto82026-1_20_52x704_2567x4946_zoom.jpg,2026-02-21,2026-02-27,https://res.cloudinary.com/dfqzmnlga/image/upload/v1771645148/2026-02-21/10970326.jpg,Pasta al Forno,Pasta al Forno: The ultimate comfort food that melts in your mouth and makes your day better. 🍝
10970334,25.0,Næmt,Færdigretter Køl,Butter Chicken,1,0,pk.,Netto,https://static.tilbudsugen.dk/1st-retail/2026/9/64663/Netto82026-1_20_52x704_2567x4946_zoom.jpg,2026-02-21,2026-02-27,https://res.cloudinary.com/dfqzmnlga/image/upload/v1771645149/2026-02-21/10970334.jpg,Butter Chicken,"Savoring the perfect blend of creamy richness and bold flavor, 🧑‍🍳"
10970245,25.0,Danpo,Kylling,Kylling inderfilet,1,0,bk.,Netto,https://static.tilbudsugen.dk/1st-retail/2026/9/64663/Netto82026-1_6_65x198_2521x2290_zoom.jpg,2026-02-21,2026-02-27,https://res.cloudinary.com/dfqzmnlga/image/upload/v1771645150/2026-02-21/10970245.jpg,Chicken inner filet,"Sizzling with flavor, I'm the chicken inner filet – ready to conquer your taste buds! 🍗"
10970664,25.0,Respons,Balsam,Balsam,1,0,fl.,Netto,https://static.tilbudsugen.dk/1st-retail/2026/9/64663/Netto82026-1_29_1664x2857_3342x4913_zoom.jpg,2026-02-21,2026-02-27,https://res.cloudinary.com/dfqzmnlga/image/upload/v1771645150/2026-02-21/10970664.jpg,Balsam,"A soothing fragrance that brings warmth and calm to any space, 🌿"
10970329,25.0,Næmt,Færdigretter Køl,Chicken Tikka Masala,1,0,pk.,Netto,https://static.tilbudsugen.dk/1st-retail/2026/9/64663/Netto82026-1_20_52x704_2567x4946_zoom.jpg,2026-02-21,2026-02-27,https://res.cloudinary.com/dfqzmnlga/image/upload/v1771645151/2026-02-21/10970329.jpg,Chicken Tikka Masala,"🔥 Sizzling, spicy, and utterly delicious—just ask me what I'm cooking! 🍗"
10970331,25.0,Næmt,Færdigretter Køl,Mac & Cheese,1,0,pk.,Netto,https://static.tilbudsugen.dk/1st-retail/2026/9/64663/Netto82026-1_20_52x704_2567x4946_zoom.jpg,2026-02-21,2026-02-27,https://res.cloudinary.com/dfqzmnlga/image/upload/v1771645151/2026-02-21/10970331.jpg,Mac & Cheese,"Cheesy delight, ready to melt your day! 🍲"
10970106,15.0,Kohberg,Fastfoodbrød,Fuldkorn Burgerboller,1,0,pk.,Netto,https://static.tilbudsugen.dk/1st-retail/2026/9/64663/Netto82026-1_12_2509x1649_3864x3083_zoom.jpg,2026-02-21,2026-02-27,https://res.cloudinary.com/dfqzmnlga/image/upload/v1771645152/2026-02-21/10970106.jpg,Whole grains Burger balls,Bite-sized bliss that's as satisfying as a sunrise — perfect for any lunch. 🌅
10970091,16.47,Dinner Kitt,Pastaretter,Italian Lasagne,1,0,pk.,Netto,https://static.tilbudsugen.dk/1st-retail/2026/9/64663/Netto82026-1_11_2424x3910_4959x6902_zoom.jpg,2026-02-21,2026-02-27,https://res.cloudinary.com/dfqzmnlga/image/upload/v1771645152/2026-02-21/10970091.jpg,Italian Lasagne,"Savoring layers of flavor, one creamy pasta at a time 🍝✨"
10970515,19.0,Bonduelle,Grønt,Majs,1,0,ds.,Netto,https://static.tilbudsugen.dk/1st-retail/2026/9/64663/Netto82026-1_24_2448x277_4991x2494_zoom.jpg,2026-02-21,2026-02-27,https://res.cloudinary.com/dfqzmnlga/image/upload/v1771645153/2026-02-21/10970515.jpg,Maize,"Maize: The golden spark of summer, bursting with flavor and mischief. 🌾✨"
10970180,8.0,Sæby,Konserves,Makrel Små Stykker,1,0,ds.,Netto,https://static.tilbudsugen.dk/1st-retail/2026/9/64663/Netto82026-1_4_73x219_2477x3562_zoom.jpg,2026-02-21,2026-02-27,https://res.cloudinary.com/dfqzmnlga/image/upload/v1771645153/2026-02-21/10970180.jpg,Mackerel Small Pieces,"Swimming in the ocean of flavor, I'm salty, sharp, and ready for a fight—just ask anyone who's eaten me. 🐟"
10970182,8.0,Sæby,Konserves,Makrelfilet i Tomat,1,0,ds.,Netto,https://static.tilbudsugen.dk/1st-retail/2026/9/64663/Netto82026-1_4_73x219_2477x3562_zoom.jpg,2026-02-21,2026-02-27,https://res.cloudinary.com/dfqzmnlga/image/upload/v1771645154/2026-02-21/10970182.jpg,Mackerel fillets in Tomato,"Sunset-yellow mackerel in tomato, ready to melt into your plate. 🍴✨"
10970466,39.0,Frosties,Cornflakes,Cornflakes,1,0,pk.,Netto,https://static.tilbudsugen.dk/1st-retail/2026/9/64663/Netto82026-1_23_2455x2762_4889x4891_zoom.jpg,2026-02-21,2026-02-27,https://res.cloudinary.com/dfqzmnlga/image/upload/v1771645154/2026-02-21/10970466.jpg,Cornflakes,"✨ Flaky, cheerful, and always ready to sprinkle joy into your day! ✨"
10970467,39.0,Kelloggs,Cornflakes,Cornflakes,1,0,pk.,Netto,https://static.tilbudsugen.dk/1st-retail/2026/9/64663/Netto82026-1_23_2455x2762_4889x4891_zoom.jpg,2026-02-21,2026-02-27,https://res.cloudinary.com/dfqzmnlga/image/upload/v1771645154/2026-02-21/10970467.jpg,Cornflakes,"Cornflakes: The sweet, crunchy confetti of breakfast, ready to spark a morning adventure! 🍞"
10970468,39.0,Special K,Morgenmadsprodukter,Morgenmadsprodukt,1,0,pk.,Netto,https://static.tilbudsugen.dk/1st-retail/2026/9/64663/Netto82026-1_23_2455x2762_4889x4891_zoom.jpg,2026-02-21,2026-02-27,https://res.cloudinary.com/dfqzmnlga/image/upload/v1771645155/2026-02-21/10970468.jpg,Breakfast product,"☕️ Morning fuel, delivered with love and flair."
10970463,39.0,Choco Krispies,Morgenmadsprodukter,Morgenmadsprodukt,1,0,pk.,Netto,https://static.tilbudsugen.dk/1st-retail/2026/9/64663/Netto82026-1_23_2455x2762_4889x4891_zoom.jpg,2026-02-21,2026-02-27,https://res.cloudinary.com/dfqzmnlga/image/upload/v1771645155/2026-02-21/10970463.jpg,Breakfast product,"🍳 Savor the morning with a twist—fresh, vibrant, and ready to conquer the day! 🌟"
10970464,39.0,Smacks,Morgenmadsprodukter,Morgenmadsprodukt,1,0,pk.,Netto,https://static.tilbudsugen.dk/1st-retail/2026/9/64663/Netto82026-1_23_2455x2762_4889x4891_zoom.jpg,2026-02-21,2026-02-27,https://res.cloudinary.com/dfqzmnlga/image/upload/v1771645155/2026-02-21/10970464.jpg,Breakfast product,"Eggs, bacon, and a dash of sunshine — perfect for a morning boost! 🥚🍳"
10970465,39.0,Tresor,Morgenmadsprodukter,Morgenmadsprodukt,1,0,pk.,Netto,https://static.tilbudsugen.dk/1st-retail/2026/9/64663/Netto82026-1_23_2455x2762_4889x4891_zoom.jpg,2026-02-21,2026-02-27,https://res.cloudinary.com/dfqzmnlga/image/upload/v1771645156/2026-02-21/10970465.jpg,Breakfast product,"Sizzle your day with a breakfast twist—flavor, energy, and a dash of flair. 🥞"
10970253,13.0,Buko Smelte,Specialost,Smøreost Champignonost,1,0,bg.,Netto,https://static.tilbudsugen.dk/1st-retail/2026/9/64663/Netto82026-1_18_26x39_2457x2894_zoom.jpg,2026-02-21,2026-02-27,https://res.cloudinary.com/dfqzmnlga/image/upload/v1771645156/2026-02-21/10970253.jpg,Butter cheese Champignon cheese,"A creamy, earthy delight that melts in your mouth and makes every bite feel like a picnic in the countryside 🥨"
10970257,13.0,Buko Smelte,Specialost,Smøreost Skinkeost,1,0,bg.,Netto,https://static.tilbudsugen.dk/1st-retail/2026/9/64663/Netto82026-1_18_26x39_2457x2894_zoom.jpg,2026-02-21,2026-02-27,https://res.cloudinary.com/dfqzmnlga/image/upload/v1771645156/2026-02-21/10970257.jpg,Butter cheese Skin cheese,"Soft, creamy, and slightly rebellious — like a perfect cheese that's just not quite right. 🧀"
10970259,13.0,Buko Smelte,Specialost,Smøreost Krydderost,1,0,bg.,Netto,https://static.tilbudsugen.dk/1st-retail/2026/9/64663/Netto82026-1_18_26x39_2457x2894_zoom.jpg,2026-02-21,2026-02-27,https://res.cloudinary.com/dfqzmnlga/image/upload/v1771645157/2026-02-21/10970259.jpg,Butter cheese Cloth cheese,"Soft, creamy, and slightly rugged — like a perfect partner in a cozy afternoon tea. 🧀"
10970254,13.0,Buko Smelte,Specialost,Smøreost Rejeost,1,0,bg.,Netto,https://static.tilbudsugen.dk/1st-retail/2026/9/64663/Netto82026-1_18_26x39_2457x2894_zoom.jpg,2026-02-21,2026-02-27,https://res.cloudinary.com/dfqzmnlga/image/upload/v1771645157/2026-02-21/10970254.jpg,Butter cheese Shrimp cheese,"Savory shrimp and cheese, creamy and bold—pairing perfectly with a good story. 🧀 shrimp 🍃"
10970252,13.0,Buko Smelte,Specialost,Smøreost Baconost,1,0,bg.,Netto,https://static.tilbudsugen.dk/1st-retail/2026/9/64663/Netto82026-1_18_26x39_2457x2894_zoom.jpg,2026-02-21,2026-02-27,https://res.cloudinary.com/dfqzmnlga/image/upload/v1771645158/2026-02-21/10970252.jpg,Butter cheese Bacon cheese,"Soft, smoky, and slightly cheesy — perfect for a morning spread. 🥦"
10970256,13.0,Buko Smelte,Specialost,Smøreost Rejeost Light,1,0,bg.,Netto,https://static.tilbudsugen.dk/1st-retail/2026/9/64663/Netto82026-1_18_26x39_2457x2894_zoom.jpg,2026-02-21,2026-02-27,https://res.cloudinary.com/dfqzmnlga/image/upload/v1771645159/2026-02-21/10970256.jpg,Butter cheese Shrimp cheese Light,"Savory shrimp and cheese, creamy and bold—perfect for a bold bite! 🧑‍🍳"
10970178,10.0,Salatmesteren,Pålægssalat,Rejesalat,1,0,bg.,Netto,https://static.tilbudsugen.dk/1st-retail/2026/9/64663/Netto82026-1_4_2506x277_4925x3554_zoom.jpg,2026-02-21,2026-02-27,https://res.cloudinary.com/dfqzmnlga/image/upload/v1771645159/2026-02-21/10970178.jpg,Shrimp lettuce,"Squid-like shrimp lettuce, crispy and creamy, ready to conquer your plate! 🍤 lettuce"
10970179,10.0,Salatmesteren,Pålægssalat,Hønsesalat,1,0,bg.,Netto,https://static.tilbudsugen.dk/1st-retail/2026/9/64663/Netto82026-1_4_2506x277_4925x3554_zoom.jpg,2026-02-21,2026-02-27,https://res.cloudinary.com/dfqzmnlga/image/upload/v1771645159/2026-02-21/10970179.jpg,Chicken lettuce,"Sizzling with flavor, I'm the perfect sidekick to any meal—just don't forget to add some spice. 🍗"
10970225,20.0,Philadelphia,Specialost,Flødeost Light,1,0,bg.,Netto,https://static.tilbudsugen.dk/1st-retail/2026/9/64663/Netto82026-1_18_2450x365_4998x2828_zoom.jpg,2026-02-21,2026-02-27,https://res.cloudinary.com/dfqzmnlga/image/upload/v1771645160/2026-02-21/10970225.jpg,Cream cheese Light,Cream cheese Light 🍼✨
10970445,10.0,Karen Volf,Kager,Drømmekage,1,0,pk.,Netto,https://static.tilbudsugen.dk/1st-retail/2026/9/64663/Netto82026-1_22_29x2806_2499x4869_zoom.jpg,2026-02-21,2026-02-27,https://res.cloudinary.com/dfqzmnlga/image/upload/v1771645160/2026-02-21/10970445.jpg,Dreamcake,"✨ Dreamcake: The sweet, dreamy treat that makes every day a little brighter! 🌟"
10970446,10.0,Karen Volf,Kager,Vinderkage,1,0,pk.,Netto,https://static.tilbudsugen.dk/1st-retail/2026/9/64663/Netto82026-1_22_29x2806_2499x4869_zoom.jpg,2026-02-21,2026-02-27,https://res.cloudinary.com/dfqzmnlga/image/upload/v1771645161/2026-02-21/10970446.jpg,Winning cake,🔥 Baking with a twist—because life's too short for ordinary treats! 🍰
10970173,10.0,Salatmesteren,Pålægssalat,Æggesalat,1,0,bg.,Netto,https://static.tilbudsugen.dk/1st-retail/2026/9/64663/Netto82026-1_4_2506x277_4925x3554_zoom.jpg,2026-02-21,2026-02-27,https://res.cloudinary.com/dfqzmnlga/image/upload/v1771645161/2026-02-21/10970173.jpg,Egg salad,"Egg salad: the perfect blend of crunch and creaminess, ready to conquer any meal. 🥚"
10970177,10.0,Salatmesteren,Pålægssalat,Kylling & Baconsalat,1,0,bg.,Netto,https://static.tilbudsugen.dk/1st-retail/2026/9/64663/Netto82026-1_4_2506x277_4925x3554_zoom.jpg,2026-02-21,2026-02-27,https://res.cloudinary.com/dfqzmnlga/image/upload/v1771645162/2026-02-21/10970177.jpg,Chicken & Bacon Salad,Savor the crunch of chicken and the smoky perfection of bacon in every bite! 🍗🥓
10970227,20.0,Philadelphia,Specialost,Flødeost Original,1,0,bg.,Netto,https://static.tilbudsugen.dk/1st-retail/2026/9/64663/Netto82026-1_18_2450x365_4998x2828_zoom.jpg,2026-02-21,2026-02-27,https://res.cloudinary.com/dfqzmnlga/image/upload/v1771645162/2026-02-21/10970227.jpg,Cream cheese Original,"Glistening with buttery charm, I melt perfectly with your smile. 🍯"
10970175,10.0,Salatmesteren,Pålægssalat,Skinkesalat,1,0,bg.,Netto,https://static.tilbudsugen.dk/1st-retail/2026/9/64663/Netto82026-1_4_2506x277_4925x3554_zoom.jpg,2026-02-21,2026-02-27,https://res.cloudinary.com/dfqzmnlga/image/upload/v1771645162/2026-02-21/10970175.jpg,Ham lettuce,"Ham lettuce: The perfect snack for a quick, salty escape with a side of fun. 🥪"
10970176,10.0,Salatmesteren,Pålægssalat,Tunsalat,1,0,bg.,Netto,https://static.tilbudsugen.dk/1st-retail/2026/9/64663/Netto82026-1_4_2506x277_4925x3554_zoom.jpg,2026-02-21,2026-02-27,https://res.cloudinary.com/dfqzmnlga/image/upload/v1771645163/2026-02-21/10970176.jpg,Tuna salad,"Savory, salty, and slightly spicy — the perfect snack for any day! 🍣"
10970226,20.0,Philadelphia,Specialost,Flødeost Hvidløg & Urter,1,0,bg.,Netto,https://static.tilbudsugen.dk/1st-retail/2026/9/64663/Netto82026-1_18_2450x365_4998x2828_zoom.jpg,2026-02-21,2026-02-27,https://res.cloudinary.com/dfqzmnlga/image/upload/v1771645163/2026-02-21/10970226.jpg,Cream Cheese Garlic & Herbs,"Savory, creamy, and herbaceous—perfect for a cozy snack or a bold topping. 🧀🌿"
10970630,50.0,,Italienske vine,Italiensk Rødvin,1,0,fl.,Netto,https://static.tilbudsugen.dk/1st-retail/2026/9/64663/Netto82026-1_28_3305x256_4875x2871_zoom.jpg,2026-02-21,2026-02-27,https://res.cloudinary.com/dfqzmnlga/image/upload/v1771645164/2026-02-21/10970630.jpg,Italian Red Wine,"Sip, savor, and let the taste tell your story — 🍷"
10970641,50.0,,Spanske vine,Spansk Rødvin,1,0,fl.,Netto,https://static.tilbudsugen.dk/1st-retail/2026/9/64663/Netto82026-1_28_3305x256_4875x2871_zoom.jpg,2026-02-21,2026-02-27,https://res.cloudinary.com/dfqzmnlga/image/upload/v1771645164/2026-02-21/10970641.jpg,Spanish Red Wine,"Sip, savor, and let the flavors speak — ¡Sí! 🍷"
10970628,50.0,,Italienske vine,Italiensk Mousserende Vin,1,0,fl.,Netto,https://static.tilbudsugen.dk/1st-retail/2026/9/64663/Netto82026-1_28_3305x256_4875x2871_zoom.jpg,2026-02-21,2026-02-27,https://res.cloudinary.com/dfqzmnlga/image/upload/v1771645165/2026-02-21/10970628.jpg,Italian Sparkling Wine,"A sip of Italian sparkle, where flavor meets flavor—perfect for a night of celebration 🍷✨"
10970398,8.0,Nice n Easy,Pizza Frost,Pizza Snack Ham,1,0,stk.,Netto,https://static.tilbudsugen.dk/1st-retail/2026/9/64663/Netto82026-1_21_116x2835_1729x4833_zoom.jpg,2026-02-21,2026-02-27,https://res.cloudinary.com/dfqzmnlga/image/upload/v1771645165/2026-02-21/10970398.jpg,Pizza Snack Ham,Craving a slice of cheesy joy? I'm the pizza snack ham that brings flavor to any meal—whether it's a quick snack or a hearty meal. 🍕✨
10970395,8.0,Nice n Easy,Pizza Frost,Pizza Snack Cheese & Tomato,1,0,stk.,Netto,https://static.tilbudsugen.dk/1st-retail/2026/9/64663/Netto82026-1_21_116x2835_1729x4833_zoom.jpg,2026-02-21,2026-02-27,https://res.cloudinary.com/dfqzmnlga/image/upload/v1771645166/2026-02-21/10970395.jpg,Pizza Snack Cheese & Tomato," cheesy, tangy, and perfectly paired with a slice of life — 🍕✨"
10970397,8.0,Nice n Easy,Pizza Frost,Pizza Snack Salami,1,0,stk.,Netto,https://static.tilbudsugen.dk/1st-retail/2026/9/64663/Netto82026-1_21_116x2835_1729x4833_zoom.jpg,2026-02-21,2026-02-27,https://res.cloudinary.com/dfqzmnlga/image/upload/v1771645166/2026-02-21/10970397.jpg,Pizza Snack Salami,"🔥 Crispy, cheesy, and perfect for a quick snack—pizza in a salami! 🍕 salami"
10970348,25.0,ØGO,Pizza Frost,Prosciutto Pizza,1,0,pk.,Netto,https://static.tilbudsugen.dk/1st-retail/2026/9/64663/Netto82026-1_9_2964x118_4947x2457_zoom.jpg,2026-02-21,2026-02-27,https://res.cloudinary.com/dfqzmnlga/image/upload/v1771645167/2026-02-21/10970348.jpg,Prosciutto Pizza,"Slice of heaven, wrapped in a pizza – perfect for a midnight snack. 🍕"
10970283,69.0,Svansø,Nødder & Kerner,Mandler,1,1,ps.,Netto,https://static.tilbudsugen.dk/1st-retail/2026/9/64663/Netto82026-1_7_2484x3620_4889x6860_zoom.jpg,2026-02-21,2026-02-27,https://res.cloudinary.com/dfqzmnlga/image/upload/v1771645167/2026-02-21/10970283.jpg,almonds,"Crunchy, nutty, and always in season — just ask me what I'm doing. 🍳"
10970444,10.0,Karen Volf,Kager,Brownie Bites,1,0,pk.,Netto,https://static.tilbudsugen.dk/1st-retail/2026/9/64663/Netto82026-1_22_29x2806_2499x4869_zoom.jpg,2026-02-21,2026-02-27,https://res.cloudinary.com/dfqzmnlga/image/upload/v1771645168/2026-02-21/10970444.jpg,Brownie Bites,"✨ Sweet, chewy bites that satisfy any craving!"
10970443,10.0,Karen Volf,Kager,Honningsnitter,1,0,pk.,Netto,https://static.tilbudsugen.dk/1st-retail/2026/9/64663/Netto82026-1_22_29x2806_2499x4869_zoom.jpg,2026-02-21,2026-02-27,https://res.cloudinary.com/dfqzmnlga/image/upload/v1771645168/2026-02-21/10970443.jpg,Honey chops,"✨ Sweet, sharp, and slightly smoky — my vibe is all about flavor and fun. ✨"
10970441,10.0,Karen Volf,Kager,Citron Bites,1,0,pk.,Netto,https://static.tilbudsugen.dk/1st-retail/2026/9/64663/Netto82026-1_22_29x2806_2499x4869_zoom.jpg,2026-02-21,2026-02-27,https://res.cloudinary.com/dfqzmnlga/image/upload/v1771645168/2026-02-21/10970441.jpg,Lemon Bites,"Sour-sweet, tangy, and perfect for a morning pick-me-up 🍋"
10970317,35.0,Jensens,Færdigretter Køl,Spareribs Mexi,1,0,pk.,Netto,https://static.tilbudsugen.dk/1st-retail/2026/9/64663/Netto82026-1_20_2470x2900_4998x4855_zoom.jpg,2026-02-21,2026-02-27,https://res.cloudinary.com/dfqzmnlga/image/upload/v1771645169/2026-02-21/10970317.jpg,Spareribs Mexi,"Spareribs Mexi: The ultimate flavor fusion, served with a side of spice and a dash of joy. 🍳🔥"
10970315,35.0,Jensens,Færdigretter Køl,Pulled Pork,1,0,pk.,Netto,https://static.tilbudsugen.dk/1st-retail/2026/9/64663/Netto82026-1_20_2470x2900_4998x4855_zoom.jpg,2026-02-21,2026-02-27,https://res.cloudinary.com/dfqzmnlga/image/upload/v1771645169/2026-02-21/10970315.jpg,Pulled Pork,"Sizzling with flavor, I'm the perfect partner for any BBQ night — smoky, spicy, and ready to take the table by storm! 🍛"
10970316,35.0,Jensens,Færdigretter Køl,Spareribs,1,0,pk.,Netto,https://static.tilbudsugen.dk/1st-retail/2026/9/64663/Netto82026-1_20_2470x2900_4998x4855_zoom.jpg,2026-02-21,2026-02-27,https://res.cloudinary.com/dfqzmnlga/image/upload/v1771645169/2026-02-21/10970316.jpg,Sparreibs,"Sparreibs: The snack that makes your day brighter, one bite at a time 🍫"
10970155,49.0,,Kylling,Kyllingeoverlår,1,0,pk.,Netto,https://static.tilbudsugen.dk/1st-retail/2026/9/64663/Netto82026-1_14_1636x2907_3291x4797_zoom.jpg,2026-02-21,2026-02-27,https://res.cloudinary.com/dfqzmnlga/image/upload/v1771645170/2026-02-21/10970155.jpg,Chicken upper thighs,"Sizzling with flavor, ready to conquer any plate! 🍗"
10970406,25.0,Bistronne,Fjerkræ,Kyllingestrimler,1,0,ps.,Netto,https://static.tilbudsugen.dk/1st-retail/2026/9/64663/Netto82026-1_21_3291x2820_4824x5000_zoom.jpg,2026-02-21,2026-02-27,https://res.cloudinary.com/dfqzmnlga/image/upload/v1771645170/2026-02-21/10970406.jpg,Chicken straws,"Savor the crunch of a perfect bite—chicken straws, ready to conquer your cravings. 🍗"
10970347,25.0,ØGO,Pizza Frost,Margherita Fuldkornspizza,1,0,pk.,Netto,https://static.tilbudsugen.dk/1st-retail/2026/9/64663/Netto82026-1_9_2964x118_4947x2457_zoom.jpg,2026-02-21,2026-02-27,https://res.cloudinary.com/dfqzmnlga/image/upload/v1771645171/2026-02-21/10970347.jpg,Margherita whole grain pizza,Craving a slice of Italian heaven? 🍕✨
10970349,25.0,ØGO,Pizza Frost,Salami Pizza,1,0,pk.,Netto,https://static.tilbudsugen.dk/1st-retail/2026/9/64663/Netto82026-1_9_2964x118_4947x2457_zoom.jpg,2026-02-21,2026-02-27,https://res.cloudinary.com/dfqzmnlga/image/upload/v1771645171/2026-02-21/10970349.jpg,Salami Pizza,Savory salami meets cheesy pizza — perfect for a midnight snack! 🍕
10970258,30.0,Velsmag,Oksekød,Hakket oksekød 14-18%,1,0,bk.,Netto,https://static.tilbudsugen.dk/1st-retail/2026/9/64663/Netto82026-1_6_65x4848_2477x6831_zoom.jpg,2026-02-21,2026-02-27,https://res.cloudinary.com/dfqzmnlga/image/upload/v1771645172/2026-02-21/10970258.jpg,Minced beef 14-18%,🔥 Spice up your day with a dash of flavor!
10970250,15.0,Karolines,Madlavningsost,Revet ost Mozzarella,1,0,ps.,Netto,https://static.tilbudsugen.dk/1st-retail/2026/9/64663/Netto82026-1_18_52x2861_1727x4907_zoom.jpg,2026-02-21,2026-02-27,https://res.cloudinary.com/dfqzmnlga/image/upload/v1771645172/2026-02-21/10970250.jpg,Reefed cheese Mozzarella,"✨ Ocean-raw, cheese-enchanted, and always ready to melt into a dream. 🌊"
10970114,30.0,Velsmag,Oksekød,Hakket Okse & Grisekød 8-12%,1,0,ps.,Netto,https://static.tilbudsugen.dk/1st-retail/2026/9/64663/Netto82026-1_12_1264x3467_2509x4992_zoom.jpg,2026-02-21,2026-02-27,https://res.cloudinary.com/dfqzmnlga/image/upload/v1771645172/2026-02-21/10970114.jpg,Minced Beef & Pigmeat 8-12 per cent,"🔥 Flavorful fusion of beef and pigmeat, perfect for bold bites! 🥩"
10970260,30.0,Velsmag,Oksekød,Hakket Okse & Grisekød 8-12%,1,0,ps.,Netto,https://static.tilbudsugen.dk/1st-retail/2026/9/64663/Netto82026-1_6_65x4848_2477x6831_zoom.jpg,2026-02-21,2026-02-27,https://res.cloudinary.com/dfqzmnlga/image/upload/v1771645173/2026-02-21/10970260.jpg,Minced Beef & Pigmeat 8-12 per cent,"🔥 Flavorful blend of minced beef and pigmeat, perfect for hearty meals! 🍽️"
10970156,79.0,Velsmag,Grisekød,Grisemørbrad,1,1,bk.,Netto,https://static.tilbudsugen.dk/1st-retail/2026/9/64663/Netto82026-1_14_65x4797_2027x6849_zoom.jpg,2026-02-21,2026-02-27,https://res.cloudinary.com/dfqzmnlga/image/upload/v1771645173/2026-02-21/10970156.jpg,Pig tenderloin,"Savoring the perfect cut of meat, ready to ignite your taste buds — 🍖"
10970195,10.0,Gul bordpak,"Pålæg, skiveskåret",Kødpølse,1,0,pk.,Netto,https://static.tilbudsugen.dk/1st-retail/2026/9/64663/Netto82026-1_4_80x3627_2550x6860_zoom.jpg,2026-02-21,2026-02-27,https://res.cloudinary.com/dfqzmnlga/image/upload/v1771645174/2026-02-21/10970195.jpg,Meat sausage,"Sizzling with flavor, ready to ignite your taste buds! 🍔"
10970135,40.0,Medjoul,Tørret Frugt,Dadler,1,0,pk.,Netto,https://static.tilbudsugen.dk/1st-retail/2026/9/64663/Netto82026-1_13_2391x4973_4939x6849_zoom.jpg,2026-02-21,2026-02-27,https://res.cloudinary.com/dfqzmnlga/image/upload/v1771645174/2026-02-21/10970135.jpg,Dates,"✨ Sweet, juicy dates that make every bite feel like a tropical escape! 🍒"
10970200,10.0,Gul bordpak,"Pålæg, skiveskåret",Sønderjysk Spegepølse,1,0,pk.,Netto,https://static.tilbudsugen.dk/1st-retail/2026/9/64663/Netto82026-1_4_80x3627_2550x6860_zoom.jpg,2026-02-21,2026-02-27,https://res.cloudinary.com/dfqzmnlga/image/upload/v1771645174/2026-02-21/10970200.jpg,Sønderjysk Salsify,"✨A vibrant, wild garlic that brings a touch of chaos to any dish!✨"
10970188,10.0,Gul bordpak,"Pålæg, skiveskåret",Kartoffelspegepølse,1,0,pk.,Netto,https://static.tilbudsugen.dk/1st-retail/2026/9/64663/Netto82026-1_4_80x3627_2550x6860_zoom.jpg,2026-02-21,2026-02-27,https://res.cloudinary.com/dfqzmnlga/image/upload/v1771645175/2026-02-21/10970188.jpg,Potato sausage,"Spicy, smoky, and ready to take over your kitchen—just like me! 🍲"
10970233,45.0,Klovborg,Skæreost,Skæreost Danbo Mellemlagret,1,0,stk.,Netto,https://static.tilbudsugen.dk/1st-retail/2026/9/64663/Netto82026-1_18_2424x4829_4978x6830_zoom.jpg,2026-02-21,2026-02-27,https://res.cloudinary.com/dfqzmnlga/image/upload/v1771645175/2026-02-21/10970233.jpg,Cutting cheese Danbo Intermediate stock,"Danbo Intermediate stock, slicing cheese with precision and flair 🧀"
10970092,33.0,Extra Specialristet,Kaffe,Kaffe Formalet,1,0,ps.,Netto,https://static.tilbudsugen.dk/1st-retail/2026/9/64663/Netto82026-1_1_2499x4361_4911x6976_zoom.jpg,2026-02-21,2026-02-27,https://res.cloudinary.com/dfqzmnlga/image/upload/v1771645176/2026-02-21/10970092.jpg,Coffee Painted,"☕️ Painted with coffee, I’m a flavor twist that’s never the same—just wait until you try it! 🌟"
10970248,29.0,Mammen,Skæreost,Havarti,1,0,stk.,Netto,https://static.tilbudsugen.dk/1st-retail/2026/9/64663/Netto82026-1_18_1596x2848_3271x4836_zoom.jpg,2026-02-21,2026-02-27,https://res.cloudinary.com/dfqzmnlga/image/upload/v1771645176/2026-02-21/10970248.jpg,Havarti,"Savory, creamy, and slightly cheesy — perfect for a good snack or a bold flavor twist. 🧀"
10970148,50.0,,Grisekød,Nakkekoteletter,1,0,bk.,Netto,https://static.tilbudsugen.dk/1st-retail/2026/9/64663/Netto82026-1_14_2457x645_4946x2828_zoom.jpg,2026-02-21,2026-02-27,https://res.cloudinary.com/dfqzmnlga/image/upload/v1771645176/2026-02-21/10970148.jpg,Neck chops,"Savoring the crunch of life, one chop at a time 🍲"
10970631,129.0,,Californiske vine,Californisk Rødvin,1,1,krt.,Netto,https://static.tilbudsugen.dk/1st-retail/2026/9/64663/Netto82026-1_28_2978x4986_4969x6867_zoom.jpg,2026-02-21,2026-02-27,https://res.cloudinary.com/dfqzmnlga/image/upload/v1771645177/2026-02-21/10970631.jpg,California Red Wine,"Sip, savor, and let the red wine do the talking — 🍷"
10970669,35.0,Nivea,Bodylotion,Bodylotion,1,0,stk.,Netto,https://static.tilbudsugen.dk/1st-retail/2026/9/64663/Netto82026-1_29_3254x2813_4925x4935_zoom.jpg,2026-02-21,2026-02-27,https://res.cloudinary.com/dfqzmnlga/image/upload/v1771645177/2026-02-21/10970669.jpg,Body lotion,✨ Hydrate your skin with a touch of magic — I'm your go-to moisturizer! ✨
10970235,29.0,Lillebror,Specialost,Ostehaps,1,0,pk.,Netto,https://static.tilbudsugen.dk/1st-retail/2026/9/64663/Netto82026-1_18_1596x2848_3271x4836_zoom.jpg,2026-02-21,2026-02-27,https://res.cloudinary.com/dfqzmnlga/image/upload/v1771645178/2026-02-21/10970235.jpg,Ostephaps,Ostephaps? I bring the joy of everyday adventures with a sprinkle of whimsy. 🌟
10970126,18.0,Kitchen Joy,Færdigretter Frost,Gyoza med Teriyaki,1,0,pk.,Netto,https://static.tilbudsugen.dk/1st-retail/2026/9/64663/Netto82026-1_2_65x4862_2325x6795_zoom.jpg,2026-02-21,2026-02-27,https://res.cloudinary.com/dfqzmnlga/image/upload/v1771645178/2026-02-21/10970126.jpg,Gyoza with Teriyaki,Sizzling teriyaki gyoza with a side of flavor and a dash of spice 🍳🔥
10970234,45.0,Cheasy,Skæreost,Skæreost Mild 13%,1,0,stk.,Netto,https://static.tilbudsugen.dk/1st-retail/2026/9/64663/Netto82026-1_18_2424x4829_4978x6830_zoom.jpg,2026-02-21,2026-02-27,https://res.cloudinary.com/dfqzmnlga/image/upload/v1771645179/2026-02-21/10970234.jpg,Cutting cheese Mild 13%,"Slice of cheese, 13% mild — perfect for a quick snack. 🧀"
10970196,10.0,Gul bordpak,"Pålæg, skiveskåret",Jægerpølse - Den lette,1,0,pk.,Netto,https://static.tilbudsugen.dk/1st-retail/2026/9/64663/Netto82026-1_4_80x3627_2550x6860_zoom.jpg,2026-02-21,2026-02-27,https://res.cloudinary.com/dfqzmnlga/image/upload/v1771645179/2026-02-21/10970196.jpg,Hunter Sausage - The Easy,"🔥Sausage that never misses, always ready to hunt the perfect flavor! 🐺"
10970197,10.0,Gul bordpak,"Pålæg, skiveskåret",Kødpølse - Den lette,1,0,pk.,Netto,https://static.tilbudsugen.dk/1st-retail/2026/9/64663/Netto82026-1_4_80x3627_2550x6860_zoom.jpg,2026-02-21,2026-02-27,https://res.cloudinary.com/dfqzmnlga/image/upload/v1771645179/2026-02-21/10970197.jpg,Meat Sausage - The Light,"Sizzle with flavor, always ready to ignite a conversation! 🍲"
10970194,10.0,Gul bordpak,"Pålæg, skiveskåret",Kalkunspegepølse - Den lette,1,0,pk.,Netto,https://static.tilbudsugen.dk/1st-retail/2026/9/64663/Netto82026-1_4_80x3627_2550x6860_zoom.jpg,2026-02-21,2026-02-27,https://res.cloudinary.com/dfqzmnlga/image/upload/v1771645180/2026-02-21/10970194.jpg,Turkey hot dogs - The light,Turkey hot dogs - The light 🍔✨
10970281,69.0,Svansø,Nødder & Kerner,Valnøddekerner,1,0,ps.,Netto,https://static.tilbudsugen.dk/1st-retail/2026/9/64663/Netto82026-1_7_2484x3620_4889x6860_zoom.jpg,2026-02-21,2026-02-27,https://res.cloudinary.com/dfqzmnlga/image/upload/v1771645180/2026-02-21/10970281.jpg,Walnut kernels,✨ Crunchy little treasures that make every bite a little more exciting! 🌟
10970510,69.0,Piccardo,Olier,Olivenolie,1,0,fl.,Netto,https://static.tilbudsugen.dk/1st-retail/2026/9/64663/Netto82026-1_24_3204x2464_4896x6875_zoom.jpg,2026-02-21,2026-02-27,https://res.cloudinary.com/dfqzmnlga/image/upload/v1771645181/2026-02-21/10970510.jpg,Olive oil,"✨ Drizzle your day with flavor, one olive oil drop at a time. ✨"
10970289,16.0,Kims,Chips,Sour Cream & Onion Chips,1,0,ps.,Netto,https://static.tilbudsugen.dk/1st-retail/2026/9/64663/Netto82026-1_7_2492x219_4896x3554_zoom.jpg,2026-02-21,2026-02-27,https://res.cloudinary.com/dfqzmnlga/image/upload/v1771645181/2026-02-21/10970289.jpg,Sour Cream & Onion Chips,"Sour Cream & Onion Chips: Crunchy, creamy, and totally irresistible! 😋"
10970292,16.0,Kims,Chips,Bølgechips,1,0,ps.,Netto,https://static.tilbudsugen.dk/1st-retail/2026/9/64663/Netto82026-1_7_2492x219_4896x3554_zoom.jpg,2026-02-21,2026-02-27,https://res.cloudinary.com/dfqzmnlga/image/upload/v1771645182/2026-02-21/10970292.jpg,Wave chips,"✨ Waves of salty bliss, tossed with joy and spice. 🌊"
10970093,33.0,Guld,Kaffe,Kaffe Formalet,1,0,ps.,Netto,https://static.tilbudsugen.dk/1st-retail/2026/9/64663/Netto82026-1_1_2499x4361_4911x6976_zoom.jpg,2026-02-21,2026-02-27,https://res.cloudinary.com/dfqzmnlga/image/upload/v1771645182/2026-02-21/10970093.jpg,Coffee Painted,"☕️ The ultimate colorist, blending coffee and creativity into every cup."
10970303,49.0,Tulip,Bacon,Bacontern,1,0,pk.,Netto,https://static.tilbudsugen.dk/1st-retail/2026/9/64663/Netto82026-1_20_2470x671_4998x2848_zoom.jpg,2026-02-21,2026-02-27,https://res.cloudinary.com/dfqzmnlga/image/upload/v1771645183/2026-02-21/10970303.jpg,Bacontern,"Bacontern: The crispy, smoky hero of breakfast, with a side of sass and a dash of chaos. 🍬"
10970302,49.0,Tulip,Bacon,Baconskiver,1,0,pk.,Netto,https://static.tilbudsugen.dk/1st-retail/2026/9/64663/Netto82026-1_20_2470x671_4998x2848_zoom.jpg,2026-02-21,2026-02-27,https://res.cloudinary.com/dfqzmnlga/image/upload/v1771645183/2026-02-21/10970302.jpg,Bacon washers,"Bacon washers: Clean your life with a sprinkle of crispy, smoky perfection 🍬✨"
10970159,30.0,Velsmag,Kylling,Kyllingeinderfileter,1,0,bk.,Netto,https://static.tilbudsugen.dk/1st-retail/2026/9/64663/Netto82026-1_14_26x697_2489x2900_zoom.jpg,2026-02-21,2026-02-27,https://res.cloudinary.com/dfqzmnlga/image/upload/v1771645184/2026-02-21/10970159.jpg,Chicken eiderphilets,"Feathers, bones, and a love for all things chicken—because I’m the ultimate eiderphile. 🐔✨"
10970236,20.0,HC Andersen,Skiveost,Skiveost Mellemlagret 45+,1,0,pk.,Netto,https://static.tilbudsugen.dk/1st-retail/2026/9/64663/Netto82026-1_18_13x4849_2450x6843_zoom.jpg,2026-02-21,2026-02-27,https://res.cloudinary.com/dfqzmnlga/image/upload/v1771645184/2026-02-21/10970236.jpg,Sliced cheese Intermediate storage 45+,"✨Slice of adventure, ready to pair with any mood. 🧀"
10970266,20.0,Velsmag,Oksekød,Hakkebøffer,1,0,bk.,Netto,https://static.tilbudsugen.dk/1st-retail/2026/9/64663/Netto82026-1_6_2368x2857_4991x4797_zoom.jpg,2026-02-21,2026-02-27,https://res.cloudinary.com/dfqzmnlga/image/upload/v1771645185/2026-02-21/10970266.jpg,Chick steaks,"🔥 Sizzling with flavor, ready to conquer your taste buds! 🍳"
10970268,20.0,Brunchy,Bacon,Bacontern,1,0,pk.,Netto,https://static.tilbudsugen.dk/1st-retail/2026/9/64663/Netto82026-1_19_65x2835_2535x4875_zoom.jpg,2026-02-21,2026-02-27,https://res.cloudinary.com/dfqzmnlga/image/upload/v1771645185/2026-02-21/10970268.jpg,Bacontern,"Bacontern: The crispy, smoky hero of breakfast and snack time 🥘🔥"
10970305,20.0,Næmt,Toppings,Kyllingebryst,1,0,bk.,Netto,https://static.tilbudsugen.dk/1st-retail/2026/9/64663/Netto82026-1_20_2580x4829_4998x6836_zoom.jpg,2026-02-21,2026-02-27,https://res.cloudinary.com/dfqzmnlga/image/upload/v1771645186/2026-02-21/10970305.jpg,Chicken breast,"Sizzling with flavor, ready to conquer any plate! 🍗"
10970433,20.0,Nutella,Smørepålæg,Smørepålæg,1,0,gl.,Netto,https://static.tilbudsugen.dk/1st-retail/2026/9/64663/Netto82026-1_22_240x1113_2484x2886_zoom.jpg,2026-02-21,2026-02-27,https://res.cloudinary.com/dfqzmnlga/image/upload/v1771645186/2026-02-21/10970433.jpg,Spreads,Spread the joy with a little flavor—because life's too short for boring spreads! 🍫
10970454,25.0,Jakobsens,Sødemiddel,Honning,1,0,fl.,Netto,https://static.tilbudsugen.dk/1st-retail/2026/9/64663/Netto82026-1_23_29x561_2484x2886_zoom.jpg,2026-02-21,2026-02-27,https://res.cloudinary.com/dfqzmnlga/image/upload/v1771645186/2026-02-21/10970454.jpg,Honey,"Sweet, sticky, and sweetly bold — like a kiss on the cheek. 🍯"
10970291,16.0,Kims,Chips,Crunch Cut Chips Læsø Sydesalt,1,0,ps.,Netto,https://static.tilbudsugen.dk/1st-retail/2026/9/64663/Netto82026-1_7_2492x219_4896x3554_zoom.jpg,2026-02-21,2026-02-27,https://res.cloudinary.com/dfqzmnlga/image/upload/v1771645187/2026-02-21/10970291.jpg,Crunch Cut Chips Læsø South Salt,"✨ Crispy, salty, and just right – perfect for a quick snack or a bold statement. 🍬"
10970293,16.0,Kims,Chips,Snack Chips Original,1,0,ps.,Netto,https://static.tilbudsugen.dk/1st-retail/2026/9/64663/Netto82026-1_7_2492x219_4896x3554_zoom.jpg,2026-02-21,2026-02-27,https://res.cloudinary.com/dfqzmnlga/image/upload/v1771645187/2026-02-21/10970293.jpg,Snack Chips Original,"Crunchy, salty, and addictive — your new favorite snack to match any mood! 🍬"
10970285,69.0,Svansø,Nødder & Kerner,Cashewnødder,1,0,ps.,Netto,https://static.tilbudsugen.dk/1st-retail/2026/9/64663/Netto82026-1_7_2484x3620_4889x6860_zoom.jpg,2026-02-21,2026-02-27,https://res.cloudinary.com/dfqzmnlga/image/upload/v1771645187/2026-02-21/10970285.jpg,Cashew nuts,"✨ Cashew nut vibes, anytime, anywhere. 🌟"
10970288,69.0,Svansø,Snacknødder & Nøddeblandinger,Saltristede Mandler,1,0,ps.,Netto,https://static.tilbudsugen.dk/1st-retail/2026/9/64663/Netto82026-1_7_2484x3620_4889x6860_zoom.jpg,2026-02-21,2026-02-27,https://res.cloudinary.com/dfqzmnlga/image/upload/v1771645188/2026-02-21/10970288.jpg,Salt-cooked almonds,"Crunchy, salty, and perfect for a quick snack—salt-cooked almonds 🍬"
10970379,43.08,ØGO,Kaffe,Kaffebønner,1,0,pk.,Netto,https://static.tilbudsugen.dk/1st-retail/2026/9/64663/Netto82026-1_10_160x3838_2564x6809_zoom.jpg,2026-02-21,2026-02-27,https://res.cloudinary.com/dfqzmnlga/image/upload/v1771645188/2026-02-21/10970379.jpg,Coffee beans," ☕ Brewed with passion, every sip is a masterpiece."
10970563,50.0,Kims,Snacknødder & Nøddeblandinger,Favoritter Ristede Saltet,1,0,ps.,Netto,https://static.tilbudsugen.dk/1st-retail/2026/9/64663/Netto82026-1_25_2586x4644_4940x6896_zoom.jpg,2026-02-21,2026-02-27,https://res.cloudinary.com/dfqzmnlga/image/upload/v1771645188/2026-02-21/10970563.jpg,Favorites Roasted Saltet,"✨ Favorite roasted saltet, always."
10970090,33.0,BKI,Kaffe,Kaffe Formalet,1,0,ps.,Netto,https://static.tilbudsugen.dk/1st-retail/2026/9/64663/Netto82026-1_1_2499x4361_4911x6976_zoom.jpg,2026-02-21,2026-02-27,https://res.cloudinary.com/dfqzmnlga/image/upload/v1771645189/2026-02-21/10970090.jpg,Coffee Painted,"☕️ Painted with coffee, I'm ready to swirl and inspire!"
10970199,10.0,Gul bordpak,"Pålæg, skiveskåret",Oksespegepølse,1,0,pk.,Netto,https://static.tilbudsugen.dk/1st-retail/2026/9/64663/Netto82026-1_4_80x3627_2550x6860_zoom.jpg,2026-02-21,2026-02-27,https://res.cloudinary.com/dfqzmnlga/image/upload/v1771645189/2026-02-21/10970199.jpg,Beef-pearled sausage,"Sizzle your day with a bite of bold flavor—beef-pearled sausage, ready to ignite your taste buds! 🍔🔥"
10970229,45.0,Klovborg,Skiveost,Skiveost Mellemlagret,1,0,pk.,Netto,https://static.tilbudsugen.dk/1st-retail/2026/9/64663/Netto82026-1_18_2424x4829_4978x6830_zoom.jpg,2026-02-21,2026-02-27,https://res.cloudinary.com/dfqzmnlga/image/upload/v1771645190/2026-02-21/10970229.jpg,Sliced cheese Intermediate storage,Slice and store with ease—perfect for the intermediate chef! 🧀
10970625,85.0,,Franske vine,Fransk Rødvin,1,0,fl.,Netto,https://static.tilbudsugen.dk/1st-retail/2026/9/64663/Netto82026-1_28_2557x2857_4940x4986_zoom.jpg,2026-02-21,2026-02-27,https://res.cloudinary.com/dfqzmnlga/image/upload/v1771645190/2026-02-21/10970625.jpg,French Red Wine,"Sip, savor, and share—my wine is a flavor adventure. 🍷"
10970627,85.0,,Franske vine,Fransk Hvidvin,1,0,fl.,Netto,https://static.tilbudsugen.dk/1st-retail/2026/9/64663/Netto82026-1_28_2557x2857_4940x4986_zoom.jpg,2026-02-21,2026-02-27,https://res.cloudinary.com/dfqzmnlga/image/upload/v1771645191/2026-02-21/10970627.jpg,French White wine,"Sip, savor, and let the flavors speak — perfect for a night out! 🍷"
10970290,16.0,Kims,Snacks,Ostepops Original,1,0,ps.,Netto,https://static.tilbudsugen.dk/1st-retail/2026/9/64663/Netto82026-1_7_2492x219_4896x3554_zoom.jpg,2026-02-21,2026-02-27,https://res.cloudinary.com/dfqzmnlga/image/upload/v1771645191/2026-02-21/10970290.jpg,Ostepops Original,Ostepops Original: The ultimate snack that makes every day a little more exciting! 🍽️
10970295,16.0,Kims,Snacks,Jørgens Favorit Mix,1,0,ps.,Netto,https://static.tilbudsugen.dk/1st-retail/2026/9/64663/Netto82026-1_7_2492x219_4896x3554_zoom.jpg,2026-02-21,2026-02-27,https://res.cloudinary.com/dfqzmnlga/image/upload/v1771645192/2026-02-21/10970295.jpg,Jørgens Favorit Mix,"✨ Jørgens Favorit Mix: The perfect blend of joy and flavor, wherever you are! 🌟"
10970243,20.0,HC Andersen,Skiveost,Skiveost Lagret,1,0,pk.,Netto,https://static.tilbudsugen.dk/1st-retail/2026/9/64663/Netto82026-1_18_13x4849_2450x6843_zoom.jpg,2026-02-21,2026-02-27,https://res.cloudinary.com/dfqzmnlga/image/upload/v1771645192/2026-02-21/10970243.jpg,Sliced cheese Aged,"Savory, aged, and ready to pair with any snack — perfect for a midnight snack or a bold flavor twist. 🥛"
10970237,20.0,HC Andersen,Skiveost,Skiveost,1,0,pk.,Netto,https://static.tilbudsugen.dk/1st-retail/2026/9/64663/Netto82026-1_18_13x4849_2450x6843_zoom.jpg,2026-02-21,2026-02-27,https://res.cloudinary.com/dfqzmnlga/image/upload/v1771645192/2026-02-21/10970237.jpg,Skiver cheese,"Cheese lover who loves to mix and match—because sometimes, the best flavors come from the unexpected. 🧀"
10970294,16.0,Kims,Snacks,Mega Mix krydret,1,0,ps.,Netto,https://static.tilbudsugen.dk/1st-retail/2026/9/64663/Netto82026-1_7_2492x219_4896x3554_zoom.jpg,2026-02-21,2026-02-27,https://res.cloudinary.com/dfqzmnlga/image/upload/v1771645193/2026-02-21/10970294.jpg,Mega Mix Spicy,"🔥 Spicy, bold, and ready to take over your day! 🍽️"
10970447,25.0,Daily Deli,Kager,Kager,1,0,pk.,Netto,https://static.tilbudsugen.dk/1st-retail/2026/9/64663/Netto82026-1_22_2455x4789_4998x6926_zoom.jpg,2026-02-21,2026-02-27,https://res.cloudinary.com/dfqzmnlga/image/upload/v1771645193/2026-02-21/10970447.jpg,Cakes,"🍰 Sweet, sticky, and sensational — the perfect bite to remember."
10970516,12.0,ØGO,Kiks,Speltkiks,1,0,pk.,Netto,https://static.tilbudsugen.dk/1st-retail/2026/9/64663/Netto82026-1_24_73x4644_3269x6911_zoom.jpg,2026-02-21,2026-02-27,https://res.cloudinary.com/dfqzmnlga/image/upload/v1771645193/2026-02-21/10970516.jpg,Spelt biscuits,"Crunchy, golden, and full of flavor—spelt biscuits are the perfect snack for any mood. 🍞"
10970524,12.0,ØGO,Kiks,Stjernekiks,1,0,pk.,Netto,https://static.tilbudsugen.dk/1st-retail/2026/9/64663/Netto82026-1_24_73x4644_3269x6911_zoom.jpg,2026-02-21,2026-02-27,https://res.cloudinary.com/dfqzmnlga/image/upload/v1771645194/2026-02-21/10970524.jpg,Stellar biscuit,"✨ Cosmic crunch, flavor-packed delight! 🌌"
10970528,12.0,ØGO,Kiks,ABC Kiks med Jordbær,1,0,pk.,Netto,https://static.tilbudsugen.dk/1st-retail/2026/9/64663/Netto82026-1_24_73x4644_3269x6911_zoom.jpg,2026-02-21,2026-02-27,https://res.cloudinary.com/dfqzmnlga/image/upload/v1771645195/2026-02-21/10970528.jpg,ABC Biscuit with Strawberry,"A sweet, tangy treat that brings a smile to any day, 🍬"
10970282,25.0,Premieur,"Pålæg, skiveskåret",Salsiccia,1,0,pk.,Netto,https://static.tilbudsugen.dk/1st-retail/2026/9/64663/Netto82026-1_19_2522x4803_4920x6869_zoom.jpg,2026-02-21,2026-02-27,https://res.cloudinary.com/dfqzmnlga/image/upload/v1771645195/2026-02-21/10970282.jpg,Salsiccia,"🔥 Salsiccia, the fiery meat lover with a twist of flavor and a dash of personality! 🍴"
10970228,50.0,Castello,Skæreost,Havarti,1,0,stk.,Netto,https://static.tilbudsugen.dk/1st-retail/2026/9/64663/Netto82026-1_18_3284x2848_4998x4829_zoom.jpg,2026-02-21,2026-02-27,https://res.cloudinary.com/dfqzmnlga/image/upload/v1771645196/2026-02-21/10970228.jpg,Havarti,"Cheesy, creamy, and utterly delicious — like a hug in a slice of bread. 🧀"
10970198,10.0,Gul bordpak,"Pålæg, skiveskåret",Røget Medister,1,0,pk.,Netto,https://static.tilbudsugen.dk/1st-retail/2026/9/64663/Netto82026-1_4_80x3627_2550x6860_zoom.jpg,2026-02-21,2026-02-27,https://res.cloudinary.com/dfqzmnlga/image/upload/v1771645196/2026-02-21/10970198.jpg,Smoked Medists,🔥 Smoked Medists: The perfect blend of smoky flavor and unexpected surprise! 🍴
10970230,89.0,Absolut,Vodka,Vodka,1,0,fl.,Netto,https://static.tilbudsugen.dk/1st-retail/2026/9/64663/Netto82026-1_5_2470x3532_4998x6846_zoom.jpg,2026-02-21,2026-02-27,https://res.cloudinary.com/dfqzmnlga/image/upload/v1771645196/2026-02-21/10970230.jpg,Vodka,"Sip, savor, and sip some vodka — life's too short for bad drinks. 🍸"
10970231,89.0,Ballantines,Whisky,Whisky,1,0,fl.,Netto,https://static.tilbudsugen.dk/1st-retail/2026/9/64663/Netto82026-1_5_2470x3532_4998x6846_zoom.jpg,2026-02-21,2026-02-27,https://res.cloudinary.com/dfqzmnlga/image/upload/v1771645197/2026-02-21/10970231.jpg,Whiskey,"Whiskey: ""Sip, savor, and never stop drinking."" 🍸"
10970224,89.0,London Dry,Gin,Gin,1,0,fl.,Netto,https://static.tilbudsugen.dk/1st-retail/2026/9/64663/Netto82026-1_5_2470x3532_4998x6846_zoom.jpg,2026-02-21,2026-02-27,https://res.cloudinary.com/dfqzmnlga/image/upload/v1771645197/2026-02-21/10970224.jpg,Gin,"Sip, savor, and spin—my flavor is bold, my vibe is wild. 🍸"
10970241,89.0,Taffel Akvavit,Snaps,Akvavit,1,0,fl.,Netto,https://static.tilbudsugen.dk/1st-retail/2026/9/64663/Netto82026-1_5_2470x3532_4998x6846_zoom.jpg,2026-02-21,2026-02-27,https://res.cloudinary.com/dfqzmnlga/image/upload/v1771645197/2026-02-21/10970241.jpg,Aquavit,"Sour, smoky, and slightly醺—perfect for a bold drink. 🍸"
10970240,89.0,Strawberry-Rhubarb,Shots,Shots,1,0,fl.,Netto,https://static.tilbudsugen.dk/1st-retail/2026/9/64663/Netto82026-1_5_2470x3532_4998x6846_zoom.jpg,2026-02-21,2026-02-27,https://res.cloudinary.com/dfqzmnlga/image/upload/v1771645198/2026-02-21/10970240.jpg,Shots,"🔥 One shot, one hit, one unforgettable moment. 🍷"
10970471,129.0,Blonde,Kaffe,Kaffebønner,1,1,ps.,Netto,https://static.tilbudsugen.dk/1st-retail/2026/9/64663/Netto82026-1_23_2426x4840_4998x6875_zoom.jpg,2026-02-21,2026-02-27,https://res.cloudinary.com/dfqzmnlga/image/upload/v1771645198/2026-02-21/10970471.jpg,Coffee beans,☕️ The world needs more bitter love.
10970478,129.0,Aroma,Kaffe,Kaffebønner,1,1,ps.,Netto,https://static.tilbudsugen.dk/1st-retail/2026/9/64663/Netto82026-1_23_2426x4840_4998x6875_zoom.jpg,2026-02-21,2026-02-27,https://res.cloudinary.com/dfqzmnlga/image/upload/v1771645199/2026-02-21/10970478.jpg,Coffee beans,"☕️ Brewed with passion, every cup is a rebellion against the mundane."
10970479,129.0,Intens,Kaffe,Kaffebønner,1,1,ps.,Netto,https://static.tilbudsugen.dk/1st-retail/2026/9/64663/Netto82026-1_23_2426x4840_4998x6875_zoom.jpg,2026-02-21,2026-02-27,https://res.cloudinary.com/dfqzmnlga/image/upload/v1771645199/2026-02-21/10970479.jpg,Coffee beans,"☕️ Ground truth, brewed with passion."
10970261,39.0,Polar Seafood,Rejer og andre skaldyr,Rejer,1,0,bg.,Netto,https://static.tilbudsugen.dk/1st-retail/2026/9/64663/Netto82026-1_19_0x912_2430x2789_zoom.jpg,2026-02-21,2026-02-27,https://res.cloudinary.com/dfqzmnlga/image/upload/v1771645200/2026-02-21/10970261.jpg,Shrimps and prawns,"Crunchy, juicy, and always in season — I’m the seafood superstar ready to conquer your plate! 🐟🦐"
10970174,39.0,Premieur,Oksekød,Hakkebøffer,1,0,bk.,Netto,https://static.tilbudsugen.dk/1st-retail/2026/9/64663/Netto82026-1_15_2398x3721_4907x6758_zoom.jpg,2026-02-21,2026-02-27,https://res.cloudinary.com/dfqzmnlga/image/upload/v1771645200/2026-02-21/10970174.jpg,Chick steaks,"🔥 Sizzling with flavor, ready to conquer your taste buds! 🍳"
10970286,69.0,Svansø,Nødder & Kerner,Hasselnøddekerner,1,0,ps.,Netto,https://static.tilbudsugen.dk/1st-retail/2026/9/64663/Netto82026-1_7_2484x3620_4889x6860_zoom.jpg,2026-02-21,2026-02-27,https://res.cloudinary.com/dfqzmnlga/image/upload/v1771645201/2026-02-21/10970286.jpg,Beans (without pods),"Bean-bender with a side of fun, 🌱"
10970287,69.0,Svansø,Snacknødder & Nøddeblandinger,Saltristede Cashewnødder,1,0,ps.,Netto,https://static.tilbudsugen.dk/1st-retail/2026/9/64663/Netto82026-1_7_2484x3620_4889x6860_zoom.jpg,2026-02-21,2026-02-27,https://res.cloudinary.com/dfqzmnlga/image/upload/v1771645201/2026-02-21/10970287.jpg,Salt roasted Cashew nuts,"Crunchy, salty, and satisfying — perfect for a quick snack or a mood booster 🍳✨"
10970373,28.25,ØGO,Pålægspølser,Spegepølse Mild,1,0,stk.,Netto,https://static.tilbudsugen.dk/1st-retail/2026/9/64663/Netto82026-1_10_138x684_2375x3503_zoom.jpg,2026-02-21,2026-02-27,https://res.cloudinary.com/dfqzmnlga/image/upload/v1771645201/2026-02-21/10970373.jpg,Sausage Mild,"🔥 Sausage Mild: The perfect blend of smoky flavor and subtle spice, ready to elevate any meal. 🥘"
10970561,50.0,Kims,Snacknødder & Nøddeblandinger,Mandler Havsalt,1,0,ps.,Netto,https://static.tilbudsugen.dk/1st-retail/2026/9/64663/Netto82026-1_25_2586x4644_4940x6896_zoom.jpg,2026-02-21,2026-02-27,https://res.cloudinary.com/dfqzmnlga/image/upload/v1771645202/2026-02-21/10970561.jpg,Almonds Sea salt,"✨ Toast to the crunch and the salt—almonds, made for the perfect snack."
10970274,25.0,Premieur,Pålægspølser,Chorizo,1,0,stk.,Netto,https://static.tilbudsugen.dk/1st-retail/2026/9/64663/Netto82026-1_19_2522x4803_4920x6869_zoom.jpg,2026-02-21,2026-02-27,https://res.cloudinary.com/dfqzmnlga/image/upload/v1771645202/2026-02-21/10970274.jpg,Chorizo,"🔥 Spicy, bold, and ready to spice up your day! 🥢"
10970249,15.0,Zanetti,Specialost,Burrata Italiana,1,0,stk.,Netto,https://static.tilbudsugen.dk/1st-retail/2026/9/64663/Netto82026-1_18_52x2861_1727x4907_zoom.jpg,2026-02-21,2026-02-27,https://res.cloudinary.com/dfqzmnlga/image/upload/v1771645203/2026-02-21/10970249.jpg,Burrata Italiana,"Crisp, creamy, and perfectly soft — like a dream on a plate. 🧁"
10970301,15.0,Ritter Sport,Chokolade,Chokoladeplade Strawberry Yoghurt,1,0,pk.,Netto,https://static.tilbudsugen.dk/1st-retail/2026/9/64663/Netto82026-1_7_29x452_2521x3605_zoom.jpg,2026-02-21,2026-02-27,https://res.cloudinary.com/dfqzmnlga/image/upload/v1771645203/2026-02-21/10970301.jpg,Chocolate plate Strawberry Yogurt,"Choco-strawberry love bites, yogurt and joy in every bite 🍬🍓"
10970279,15.0,Ritter Sport,Chokolade,Chokoladeplade Honey Salted Almonds,1,0,pk.,Netto,https://static.tilbudsugen.dk/1st-retail/2026/9/64663/Netto82026-1_7_29x452_2521x3605_zoom.jpg,2026-02-21,2026-02-27,https://res.cloudinary.com/dfqzmnlga/image/upload/v1771645204/2026-02-21/10970279.jpg,Chocolate plate Honey Salted Almonds,"Sweet, salty, and sticky—like a chocolate plate with honey and almonds, I'm here to satisfy your cravings. 🍫✨"
10970270,15.0,Ritter Sport,Chokolade,Chokoladeplade Dark Whole Hazelnuts,1,0,pk.,Netto,https://static.tilbudsugen.dk/1st-retail/2026/9/64663/Netto82026-1_7_29x452_2521x3605_zoom.jpg,2026-02-21,2026-02-27,https://res.cloudinary.com/dfqzmnlga/image/upload/v1771645204/2026-02-21/10970270.jpg,Chocolate plate Dark Whole Hazelnuts,"Dark chocolate, toasted hazelnuts, and a little bit of sweetness — perfect for a rainy day. 🍫✨"
10970562,50.0,Kims,Snacknødder & Nøddeblandinger,Cashewnødder Saltristede,1,0,ps.,Netto,https://static.tilbudsugen.dk/1st-retail/2026/9/64663/Netto82026-1_25_2586x4644_4940x6896_zoom.jpg,2026-02-21,2026-02-27,https://res.cloudinary.com/dfqzmnlga/image/upload/v1771645204/2026-02-21/10970562.jpg,Cashew nuts Salt roasted,Crunchy cashew salts with a twist — nature's salty delight 🍵
10970568,39.0,Mamone,Kakao,Kakaodrikspulver,1,0,pk.,Netto,https://static.tilbudsugen.dk/1st-retail/2026/9/64663/Netto82026-1_26_131x2377_1685x4615_zoom.jpg,2026-02-21,2026-02-27,https://res.cloudinary.com/dfqzmnlga/image/upload/v1771645205/2026-02-21/10970568.jpg,Cocoa drink powder,☕️ Stir it into hot water and watch the world get sweeter—just like me.
10970509,10.0,Cup Noodles,Færdigretter,Spiced Curry Noodles,1,0,bg.,Netto,https://static.tilbudsugen.dk/1st-retail/2026/9/64663/Netto82026-1_24_80x2348_3269x4666_zoom.jpg,2026-02-21,2026-02-27,https://res.cloudinary.com/dfqzmnlga/image/upload/v1771645205/2026-02-21/10970509.jpg,Spiced Curry Noodles,Spiced Curry Noodles: A flavor-packed escape with every bite! 🍜
10970504,10.0,Cup Noodles,Færdigretter,Ginger Chicken Noodles,1,0,bg.,Netto,https://static.tilbudsugen.dk/1st-retail/2026/9/64663/Netto82026-1_24_80x2348_3269x4666_zoom.jpg,2026-02-21,2026-02-27,https://res.cloudinary.com/dfqzmnlga/image/upload/v1771645206/2026-02-21/10970504.jpg,Ginger Chicken Noodles,"Spicy, sweet, and satisfying—perfect for a quick meal! 🍜"
10970508,10.0,Cup Noodles,Færdigretter,5 Spices Beef Noodles,1,0,bg.,Netto,https://static.tilbudsugen.dk/1st-retail/2026/9/64663/Netto82026-1_24_80x2348_3269x4666_zoom.jpg,2026-02-21,2026-02-27,https://res.cloudinary.com/dfqzmnlga/image/upload/v1771645206/2026-02-21/10970508.jpg,5 Spices Beef Noodles,🔥 Spice up your meal with 5 Spices Beef Noodles! 🍜
10970685,12.0,Vaseline,Håndcreme,Håndcreme,1,0,stk.,Netto,https://static.tilbudsugen.dk/1st-retail/2026/9/64663/Netto82026-1_29_58x2820_1743x4869_zoom.jpg,2026-02-21,2026-02-27,https://res.cloudinary.com/dfqzmnlga/image/upload/v1771645206/2026-02-21/10970685.jpg,Hand cream,"✨ Soft touch, smooth vibes, and a little bit of luxury for your skin. ✨"
10970431,8.0,,Garn,Garn,1,0,stk.,Netto,https://static.tilbudsugen.dk/1st-retail/2026/9/64663/Netto82026-1_38_189x228_2782x3584_zoom.jpg,2026-02-21,2026-03-27,https://res.cloudinary.com/dfqzmnlga/image/upload/v1771645207/2026-02-21/10970431.jpg,Yarn,"Weaving dreams into fabric, one stitch at a time. 🎨✨"
10970284,69.0,Svansø,Snacknødder & Nøddeblandinger,Saltristede Pistacienødder,1,0,ps.,Netto,https://static.tilbudsugen.dk/1st-retail/2026/9/64663/Netto82026-1_7_2484x3620_4889x6860_zoom.jpg,2026-02-21,2026-02-27,https://res.cloudinary.com/dfqzmnlga/image/upload/v1771645207/2026-02-21/10970284.jpg,Salt roasted pistachios,Salt roasted pistachios 🍬✨
10970204,33.0,Løgismose,Kylling,Kyllingesteak,1,0,bk.,Netto,https://static.tilbudsugen.dk/1st-retail/2026/9/64663/Netto82026-1_16_1675x4679_3297x6771_zoom.jpg,2026-02-21,2026-02-27,https://res.cloudinary.com/dfqzmnlga/image/upload/v1771645208/2026-02-21/10970204.jpg,Chicken Steak,"Searched for the perfect cut of meat? I’m the star of the grill—flaky, juicy, and ready to conquer any dish. 🍗"
10970190,25.0,Løgismose,Skiveost,Skiveost Aged Havarti,1,0,pk.,Netto,https://static.tilbudsugen.dk/1st-retail/2026/9/64663/Netto82026-1_16_3284x4673_4822x6784_zoom.jpg,2026-02-21,2026-02-27,https://res.cloudinary.com/dfqzmnlga/image/upload/v1771645208/2026-02-21/10970190.jpg,Skiveost Aged Havarti,"Savory, aged, and slightly lazy — perfect for a slow day with a great snack. 🧀"
10970189,25.0,Løgismose,Skiveost,Skiveost Jysk Hede,1,0,pk.,Netto,https://static.tilbudsugen.dk/1st-retail/2026/9/64663/Netto82026-1_16_3284x4673_4822x6784_zoom.jpg,2026-02-21,2026-02-27,https://res.cloudinary.com/dfqzmnlga/image/upload/v1771645208/2026-02-21/10970189.jpg,Skiveost Jysk Hede,✨Skiveost Jysk Hede: The one who always has the perfect smile and a plan to make everyone laugh. 😄
10970150,39.0,Velsmag,Fersk fisk,Laksefilet,1,0,bk.,Netto,https://static.tilbudsugen.dk/1st-retail/2026/9/64663/Netto82026-1_14_3317x2881_4991x4803_zoom.jpg,2026-02-21,2026-02-27,https://res.cloudinary.com/dfqzmnlga/image/upload/v1771645209/2026-02-21/10970150.jpg,Salmon filet,"✨ Salmon filet: The ocean's delicious secret, served with a side of adventure. 🐟"
10970140,14.0,Næmt,Frugt,Granatæblekerner,1,0,bg.,Netto,https://static.tilbudsugen.dk/1st-retail/2026/9/64663/Netto82026-1_13_65x5109_2411x6836_zoom.jpg,2026-02-21,2026-02-27,https://res.cloudinary.com/dfqzmnlga/image/upload/v1771645209/2026-02-21/10970140.jpg,Pomegranate kernels,"✨ Split open, taste the chaos—life's sweetest surprise. 🍐"
10970452,22.0,Mini Karamel Skildpadder,Chokolade,Chokoladeskildpadder,1,0,pk.,Netto,https://static.tilbudsugen.dk/1st-retail/2026/9/64663/Netto82026-1_22_65x4760_2601x6824_zoom.jpg,2026-02-21,2026-02-27,https://res.cloudinary.com/dfqzmnlga/image/upload/v1771645209/2026-02-21/10970452.jpg,Chocolate turtles,"Sip on chocolate, crawl on dreams—my favorite snack is always a treat. 🐢🍫"
10970450,22.0,Anthon Berg,Chokolade,Marcipanbrød,1,0,æsk.,Netto,https://static.tilbudsugen.dk/1st-retail/2026/9/64663/Netto82026-1_22_65x4760_2601x6824_zoom.jpg,2026-02-21,2026-02-27,https://res.cloudinary.com/dfqzmnlga/image/upload/v1771645210/2026-02-21/10970450.jpg,Marzipan bread,"Sweet, chewy marzipan bread that makes every bite a little sweet and nostalgic 🍫"
10970265,19.0,,Røget og gravad,Laks i skiver,1,0,pk.,Netto,https://static.tilbudsugen.dk/1st-retail/2026/9/64663/Netto82026-1_19_2515x2874_4939x4797_zoom.jpg,2026-02-21,2026-02-27,https://res.cloudinary.com/dfqzmnlga/image/upload/v1771645210/2026-02-21/10970265.jpg,Salmon in slices,"Slice of inspiration, dipped in life and flavor. 🍣"
10970267,19.0,,Røget og gravad,Laks,1,0,bk.,Netto,https://static.tilbudsugen.dk/1st-retail/2026/9/64663/Netto82026-1_19_2515x2874_4939x4797_zoom.jpg,2026-02-21,2026-02-27,https://res.cloudinary.com/dfqzmnlga/image/upload/v1771645211/2026-02-21/10970267.jpg,Salmon,"✨ Savor the ocean, one bite at a time. 🌊"
10970438,15.0,Marabou,Chokolade,Chokoladerulle Mint Choco,1,0,stk.,Netto,https://static.tilbudsugen.dk/1st-retail/2026/9/64663/Netto82026-1_22_2492x2820_4998x4840_zoom.jpg,2026-02-21,2026-02-27,https://res.cloudinary.com/dfqzmnlga/image/upload/v1771645211/2026-02-21/10970438.jpg,Chocolate Roll Mint Choco,"✨ ChocoRollMintChoco: The sweetest escape, wrapped in a chocolate shell and minty surprise! 🍫🌿"
10970157,18.0,Velsmag,Oksekød,Oksetykstegsbøffer,1,0,bk.,Netto,https://static.tilbudsugen.dk/1st-retail/2026/9/64663/Netto82026-1_14_39x2874_1727x4784_zoom.jpg,2026-02-21,2026-02-27,https://res.cloudinary.com/dfqzmnlga/image/upload/v1771645212/2026-02-21/10970157.jpg,Beef roast steaks,"🔥 Savor the flavor of the grill, one steak at a time. 🍳"
10970432,10.0,,Garn,Garn,1,0,stk.,Netto,https://static.tilbudsugen.dk/1st-retail/2026/9/64663/Netto82026-1_39_2600x4490_4939x6628_zoom.jpg,2026-02-21,2026-03-27,https://res.cloudinary.com/dfqzmnlga/image/upload/v1771645212/2026-02-21/10970432.jpg,Yarn,"Weaving dreams into every stitch, one loop at a time. 🌟"
10970647,10.0,Palmolive,Deodorant,Deo Roll-on,1,0,stk.,Netto,https://static.tilbudsugen.dk/1st-retail/2026/9/64663/Netto82026-1_29_65x859_2557x2893_zoom.jpg,2026-02-21,2026-02-27,https://res.cloudinary.com/dfqzmnlga/image/upload/v1771645213/2026-02-21/10970647.jpg,Deo Roll-on,"✨ Spray some freshness, swipe left or right—your skin deserves the best!"
10970648,10.0,Palmolive,Deodorant,Deo Roll-on,1,0,stk.,Netto,https://static.tilbudsugen.dk/1st-retail/2026/9/64663/Netto82026-1_29_65x859_2557x2893_zoom.jpg,2026-02-21,2026-02-27,https://res.cloudinary.com/dfqzmnlga/image/upload/v1771645213/2026-02-21/10970648.jpg,Deo Roll-on,"✨ Spray your day with confidence, one smudge at a time! ✨"
10970187,25.0,Løgismose,Specialost,Skimmelost Blå Ost,1,0,pk.,Netto,https://static.tilbudsugen.dk/1st-retail/2026/9/64663/Netto82026-1_16_3284x4673_4822x6784_zoom.jpg,2026-02-21,2026-02-27,https://res.cloudinary.com/dfqzmnlga/image/upload/v1771645214/2026-02-21/10970187.jpg,Skimmelost Blue Cheese,✨ Cheese lover with a side of sass and a sprinkle of humor.
10970299,16.0,Kims,Snacks,Snack Chips Souer cream & onion,1,0,ps.,Netto,https://static.tilbudsugen.dk/1st-retail/2026/9/64663/Netto82026-1_7_2492x219_4896x3554_zoom.jpg,2026-02-21,2026-02-27,https://res.cloudinary.com/dfqzmnlga/image/upload/v1771645214/2026-02-21/10970299.jpg,Snack Chips Souer cream & onion,"Crunchy, cheesy, and perfect for a quick snack — topped with a dash of flavor and a sprinkle of joy! 🍬"
10970298,16.0,Kims,Snacks,Saltskruer,1,0,ps.,Netto,https://static.tilbudsugen.dk/1st-retail/2026/9/64663/Netto82026-1_7_2492x219_4896x3554_zoom.jpg,2026-02-21,2026-02-27,https://res.cloudinary.com/dfqzmnlga/image/upload/v1771645215/2026-02-21/10970298.jpg,Salt screws,"Hmm, I'm the salt screws, and I'm here to turn your day into a flavor-packed disaster! 😄"
10970300,16.0,Kims,Chips,Havsalt Chips,1,0,ps.,Netto,https://static.tilbudsugen.dk/1st-retail/2026/9/64663/Netto82026-1_7_2492x219_4896x3554_zoom.jpg,2026-02-21,2026-02-27,https://res.cloudinary.com/dfqzmnlga/image/upload/v1771645215/2026-02-21/10970300.jpg,Sea salt Chips,Crunchy salt that brings the ocean to your plate 🍺✨
10970435,15.0,Oreo,Chokolade,Chokoladeruller,1,0,stk.,Netto,https://static.tilbudsugen.dk/1st-retail/2026/9/64663/Netto82026-1_22_2492x2820_4998x4840_zoom.jpg,2026-02-21,2026-02-27,https://res.cloudinary.com/dfqzmnlga/image/upload/v1771645216/2026-02-21/10970435.jpg,Chocolate rolls,"✨ Choco-roll chills, anytime, anywhere! 🍫"
10970439,15.0,Daim,Chokolade,Chokoladeruller,1,0,stk.,Netto,https://static.tilbudsugen.dk/1st-retail/2026/9/64663/Netto82026-1_22_2492x2820_4998x4840_zoom.jpg,2026-02-21,2026-02-27,https://res.cloudinary.com/dfqzmnlga/image/upload/v1771645216/2026-02-21/10970439.jpg,Chocolate rolls,✨ Chocoholic dreams made edible! 🍫
10970437,15.0,Marabou,Chokolade,Chokoladerulle Mjölk Choklad,1,0,stk.,Netto,https://static.tilbudsugen.dk/1st-retail/2026/9/64663/Netto82026-1_22_2492x2820_4998x4840_zoom.jpg,2026-02-21,2026-02-27,https://res.cloudinary.com/dfqzmnlga/image/upload/v1771645216/2026-02-21/10970437.jpg,Chocolate Roller Mjölk Choklad,"✨ Chocoholic masterpiece that rolls, melts, and leaves a trail of bliss! 🍫"
10970440,15.0,Daim,Chokolade,Chokoladeruller,1,0,stk.,Netto,https://static.tilbudsugen.dk/1st-retail/2026/9/64663/Netto82026-1_22_2492x2820_4998x4840_zoom.jpg,2026-02-21,2026-02-27,https://res.cloudinary.com/dfqzmnlga/image/upload/v1771645217/2026-02-21/10970440.jpg,Chocolate rolls,✨ Chocolate rolls that melt in your mouth and leave you wanting more! 🍫
10970271,18.0,Gøl,Pålægspølser,Salami Sticks Spicy,1,0,pk.,Netto,https://static.tilbudsugen.dk/1st-retail/2026/9/64663/Netto82026-1_19_46x4920_2470x6849_zoom.jpg,2026-02-21,2026-02-27,https://res.cloudinary.com/dfqzmnlga/image/upload/v1771645217/2026-02-21/10970271.jpg,Salami Sticks Spicy,🔥 Spicy salami sticks – the ultimate snack that's both bold and delicious! 🍴
10970272,18.0,Gøl,Pålægspølser,Salami Snacks Classic,1,0,pk.,Netto,https://static.tilbudsugen.dk/1st-retail/2026/9/64663/Netto82026-1_19_46x4920_2470x6849_zoom.jpg,2026-02-21,2026-02-27,https://res.cloudinary.com/dfqzmnlga/image/upload/v1771645218/2026-02-21/10970272.jpg,Salami Snacks Classic,"Savor the crunch of classic salami, ready to snack or serve. 🍴"
10970269,18.0,Gøl,Pålægspølser,Salami Sticks Classic,1,0,pk.,Netto,https://static.tilbudsugen.dk/1st-retail/2026/9/64663/Netto82026-1_19_46x4920_2470x6849_zoom.jpg,2026-02-21,2026-02-27,https://res.cloudinary.com/dfqzmnlga/image/upload/v1771645218/2026-02-21/10970269.jpg,Salami Sticks Classic,"🔥 Savor the crunch of classic salami sticks, perfect for any snack moment. 🍴"
10970273,25.0,Premieur,"Pålæg, skiveskåret",Carpaccio,1,0,pk.,Netto,https://static.tilbudsugen.dk/1st-retail/2026/9/64663/Netto82026-1_19_2522x4803_4920x6869_zoom.jpg,2026-02-21,2026-02-27,https://res.cloudinary.com/dfqzmnlga/image/upload/v1771645218/2026-02-21/10970273.jpg,Carpaccio,"Savory, fresh, and perfectly plated—my flavor is pure. 🍽️"
10970449,22.0,Anthon Berg,Chokolade,Marcipantærter Blomme i Madeira,1,0,pk.,Netto,https://static.tilbudsugen.dk/1st-retail/2026/9/64663/Netto82026-1_22_65x4760_2601x6824_zoom.jpg,2026-02-21,2026-02-27,https://res.cloudinary.com/dfqzmnlga/image/upload/v1771645219/2026-02-21/10970449.jpg,Marzip peas Plum in Madeira,"Marzip peas plum in Madeira — sweet, tangy, and perfectly balanced. 🍓✨"
10970451,22.0,Mini Skildpadder,Chokolade,Chokoladeskildpadder,1,0,pk.,Netto,https://static.tilbudsugen.dk/1st-retail/2026/9/64663/Netto82026-1_22_65x4760_2601x6824_zoom.jpg,2026-02-21,2026-02-27,https://res.cloudinary.com/dfqzmnlga/image/upload/v1771645219/2026-02-21/10970451.jpg,Chocolate turtles,✨ Chocolate turtles who love to cuddle and chat! 🐢
10970448,22.0,Anthon Berg,Chokolade,Marcipantærter Nougat,1,0,æsk.,Netto,https://static.tilbudsugen.dk/1st-retail/2026/9/64663/Netto82026-1_22_65x4760_2601x6824_zoom.jpg,2026-02-21,2026-02-27,https://res.cloudinary.com/dfqzmnlga/image/upload/v1771645219/2026-02-21/10970448.jpg,Marzip pea Nougat,"✨ A sweet, creamy treat that melts in your mouth like a dream—perfect for any occasion! ✨"
10970697,35.0,David Beckham,Deodorant,Deospray,1,0,stk.,Netto,https://static.tilbudsugen.dk/1st-retail/2026/9/64663/Netto82026-1_29_3254x2813_4925x4935_zoom.jpg,2026-02-21,2026-02-27,https://res.cloudinary.com/dfqzmnlga/image/upload/v1771645220/2026-02-21/10970697.jpg,Deospray,✨ Spray that smell out of your life! ✨
10970696,35.0,Bruno Banani,Deodorant,Deospray,1,0,stk.,Netto,https://static.tilbudsugen.dk/1st-retail/2026/9/64663/Netto82026-1_29_3254x2813_4925x4935_zoom.jpg,2026-02-21,2026-02-27,https://res.cloudinary.com/dfqzmnlga/image/upload/v1771645220/2026-02-21/10970696.jpg,Deospray,✨ Spray that smell away!
10970428,45.0,,Småkager,Cookies,1,0,pk.,Netto,https://static.tilbudsugen.dk/1st-retail/2026/9/64663/Netto82026-1_22_2434x1069_4998x2886_zoom.jpg,2026-02-21,2026-02-27,https://res.cloudinary.com/dfqzmnlga/image/upload/v1771645221/2026-02-21/10970428.jpg,Cookies,"Savor the sweet, salty, and spicy thrill of a good cookie—because life's too short for boring snacks. 🍪"
10970276,25.0,Premieur,"Pålæg, skiveskåret",Jamon Serrano,1,0,pk.,Netto,https://static.tilbudsugen.dk/1st-retail/2026/9/64663/Netto82026-1_19_2522x4803_4920x6869_zoom.jpg,2026-02-21,2026-02-27,https://res.cloudinary.com/dfqzmnlga/image/upload/v1771645221/2026-02-21/10970276.jpg,Jamon Serrano,"Salty, smoky, and perfectly cooked—Jamon Serrano is the ultimate flavor explosion. 🍞"
10970425,25.0,,Garn,Garn,1,0,stk.,Netto,https://static.tilbudsugen.dk/1st-retail/2026/9/64663/Netto82026-1_37_235x4744_2470x6543_zoom.jpg,2026-02-21,2026-03-27,https://res.cloudinary.com/dfqzmnlga/image/upload/v1771645221/2026-02-21/10970425.jpg,Yarn,Curl up with a cozy blanket and a little bit of yarn — because every stitch is a story waiting to be woven. 🧶
10970319,15.0,Barebells,Snacks/bar,Caramel Choco Proteinbar,1,0,stk.,Netto,https://static.tilbudsugen.dk/1st-retail/2026/9/64663/Netto82026-1_8_2463x3285_4933x6831_zoom.jpg,2026-02-21,2026-02-27,https://res.cloudinary.com/dfqzmnlga/image/upload/v1771645222/2026-02-21/10970319.jpg,Caramel Choco Proteinbar,"✨ Sweet, savory, and spicy – the perfect mix of chocolate, protein, and kick! 🌟"
10970344,15.0,Bodylab,Snacks/bar,Hazelnut Choco Proteinbar,1,0,stk.,Netto,https://static.tilbudsugen.dk/1st-retail/2026/9/64663/Netto82026-1_8_2463x3285_4933x6831_zoom.jpg,2026-02-21,2026-02-27,https://res.cloudinary.com/dfqzmnlga/image/upload/v1771645223/2026-02-21/10970344.jpg,Hazelnut Choco Proteinbar,"✨ Crunchy, creamy, and protein-packed—your energy boost on the go! ✨"
10970336,15.0,Barebells,Snacks/bar,Salty White Proteinbar,1,0,stk.,Netto,https://static.tilbudsugen.dk/1st-retail/2026/9/64663/Netto82026-1_8_2463x3285_4933x6831_zoom.jpg,2026-02-21,2026-02-27,https://res.cloudinary.com/dfqzmnlga/image/upload/v1771645223/2026-02-21/10970336.jpg,Salty White Protein Bar,"Satisfy your cravings with a salty, protein-packed boost — perfect for when you need a little extra energy. 🥤"
10970339,15.0,Bodylab,Snacks/bar,White Choco Cookie Proteinbar,1,0,stk.,Netto,https://static.tilbudsugen.dk/1st-retail/2026/9/64663/Netto82026-1_8_2463x3285_4933x6831_zoom.jpg,2026-02-21,2026-02-27,https://res.cloudinary.com/dfqzmnlga/image/upload/v1771645223/2026-02-21/10970339.jpg,White Choco Cookie Protein Bar,"✨ Sweet, savory, and super satisfying — the perfect snack for any mood! 🍪"
10970321,15.0,Barebells,Snacks/bar,Chocolate Ball Proteinbar,1,0,stk.,Netto,https://static.tilbudsugen.dk/1st-retail/2026/9/64663/Netto82026-1_8_2463x3285_4933x6831_zoom.jpg,2026-02-21,2026-02-27,https://res.cloudinary.com/dfqzmnlga/image/upload/v1771645224/2026-02-21/10970321.jpg,Chocolate Ball Protein Bar,"✨ Chocoholic bliss in every bite, made with protein and joy! 🍫"
10970322,15.0,Barebells,Snacks/bar,Banana Dream Proteinbar,1,0,stk.,Netto,https://static.tilbudsugen.dk/1st-retail/2026/9/64663/Netto82026-1_8_2463x3285_4933x6831_zoom.jpg,2026-02-21,2026-02-27,https://res.cloudinary.com/dfqzmnlga/image/upload/v1771645224/2026-02-21/10970322.jpg,Banana Dream Proteinbar,"Chill, sweet, and super-powered — just like your morning routine. 🍌💪"
10970323,15.0,Bodylab,Snacks/bar,Chocolate Brownie Proteinbar,1,0,stk.,Netto,https://static.tilbudsugen.dk/1st-retail/2026/9/64663/Netto82026-1_8_2463x3285_4933x6831_zoom.jpg,2026-02-21,2026-02-27,https://res.cloudinary.com/dfqzmnlga/image/upload/v1771645225/2026-02-21/10970323.jpg,Chocolate Brownie Proteinbar,"Savor the sweet, savory, and supercharged combo — your energy needs are met with a chocolatey boost. 🍫💪"
10970333,15.0,Bodylab,Snacks/bar,Salted Peanut Caramel Proteinbar,1,0,stk.,Netto,https://static.tilbudsugen.dk/1st-retail/2026/9/64663/Netto82026-1_8_2463x3285_4933x6831_zoom.jpg,2026-02-21,2026-02-27,https://res.cloudinary.com/dfqzmnlga/image/upload/v1771645225/2026-02-21/10970333.jpg,Salted Peanut Caramel Protein Bar,"Satisfy your cravings with a flavor that's salty, sweet, and protein-packed—because life's too short for boring bars. 🍫"
10970345,15.0,Bodylab,Snacks/bar,Chocolate Banana Proteinbar,1,0,stk.,Netto,https://static.tilbudsugen.dk/1st-retail/2026/9/64663/Netto82026-1_8_2463x3285_4933x6831_zoom.jpg,2026-02-21,2026-02-27,https://res.cloudinary.com/dfqzmnlga/image/upload/v1771645225/2026-02-21/10970345.jpg,Chocolate Banana Protein Bar,"Satisfy your cravings with a sweet, savory boost — perfect for any mood. 🍫🍌💪"
10970328,15.0,Barebells,Snacks/bar,Marshmallow Proteinbar,1,0,stk.,Netto,https://static.tilbudsugen.dk/1st-retail/2026/9/64663/Netto82026-1_8_2463x3285_4933x6831_zoom.jpg,2026-02-21,2026-02-27,https://res.cloudinary.com/dfqzmnlga/image/upload/v1771645226/2026-02-21/10970328.jpg,Marshmallow Proteinbar,"Savor the sweet, creamy crunch of joy with every bite! 🍬"
10970337,15.0,Bodylab,Snacks/bar,Salted Caramel Proteinbar,1,0,stk.,Netto,https://static.tilbudsugen.dk/1st-retail/2026/9/64663/Netto82026-1_8_2463x3285_4933x6831_zoom.jpg,2026-02-21,2026-02-27,https://res.cloudinary.com/dfqzmnlga/image/upload/v1771645226/2026-02-21/10970337.jpg,Salted Caramel Protein Bar,"Satisfy your cravings with a salty, sweet, and protein-packed burst of flavor—because life's too short for boring snacks. 🍫"
10970346,15.0,Barebells,Snacks/bar,Key Lime Pie Proteinbar,1,0,stk.,Netto,https://static.tilbudsugen.dk/1st-retail/2026/9/64663/Netto82026-1_8_2463x3285_4933x6831_zoom.jpg,2026-02-21,2026-02-27,https://res.cloudinary.com/dfqzmnlga/image/upload/v1771645227/2026-02-21/10970346.jpg,Key Lime Pie Proteinbar,"Sip, savor, and stack—because your body deserves a sweet, protein-packed treat! 🍨"
10970426,59.0,,Garn,Garn,1,0,stk.,Netto,https://static.tilbudsugen.dk/1st-retail/2026/9/64663/Netto82026-1_37_39x2379_2203x4751_zoom.jpg,2026-02-21,2026-03-27,https://res.cloudinary.com/dfqzmnlga/image/upload/v1771645227/2026-02-21/10970426.jpg,Yarn,"Weaving dreams into every stitch, yarn is the invisible thread that connects the heart to the fabric of life. 🌟"
10970263,59.0,Premieur,Røget og gravad,Laks,1,0,pk.,Netto,https://static.tilbudsugen.dk/1st-retail/2026/9/64663/Netto82026-1_19_2424x723_4894x2894_zoom.jpg,2026-02-21,2026-02-27,https://res.cloudinary.com/dfqzmnlga/image/upload/v1771645227/2026-02-21/10970263.jpg,Salmon,"Sizzling with flavor, I'm the perfect partner for a quick, delicious meal. 🍣"
10970442,30.0,,Garn,Garn,1,0,stk.,Netto,https://static.tilbudsugen.dk/1st-retail/2026/9/64663/Netto82026-1_39_7x20_4359x3578_zoom.jpg,2026-02-21,2026-03-27,https://res.cloudinary.com/dfqzmnlga/image/upload/v1771645228/2026-02-21/10970442.jpg,Yarn,Curl up with a cozy blanket and a yarn ball — the ultimate escape! 🧶
10970662,12.0,Vaseline,Læbepomade,Læbepomade,1,0,stk.,Netto,https://static.tilbudsugen.dk/1st-retail/2026/9/64663/Netto82026-1_29_58x2820_1743x4869_zoom.jpg,2026-02-21,2026-02-27,https://res.cloudinary.com/dfqzmnlga/image/upload/v1771645229/2026-02-21/10970662.jpg,Lip balm,"✨ Stay hydrated, smoothen your lips—because even the most serious shopper needs a little TLC. ✨"
10970427,35.0,,Garn,Garn,1,0,stk.,Netto,https://static.tilbudsugen.dk/1st-retail/2026/9/64663/Netto82026-1_38_2795x98_4998x2959_zoom.jpg,2026-02-21,2026-03-27,https://res.cloudinary.com/dfqzmnlga/image/upload/v1771645229/2026-02-21/10970427.jpg,Yarn,Weave dreams with every stitch — and maybe a little chaos. 🎨✨
10970693,35.0,Technic ,Styling,Hårspray,1,0,stk.,Netto,https://static.tilbudsugen.dk/1st-retail/2026/9/64663/Netto82026-1_29_3254x2813_4925x4935_zoom.jpg,2026-02-21,2026-02-27,https://res.cloudinary.com/dfqzmnlga/image/upload/v1771645229/2026-02-21/10970693.jpg,Hairspray,Spritzing life into your hair with a little sparkle and a dash of fun 🌟
10970618,249.0,Diplomatico Reserva,Rom,Rom,1,0,fl.,Netto,https://static.tilbudsugen.dk/1st-retail/2026/9/64663/Netto82026-1_28_58x546_1598x2929_zoom.jpg,2026-02-21,2026-02-27,https://res.cloudinary.com/dfqzmnlga/image/upload/v1771645230/2026-02-21/10970618.jpg,Rome,"✨ Rome, the city that never sleeps, but I'm just a dreamer with a sweet tooth. 🌟"
10970619,249.0,Gin Mare Mediterranean,Gin,Gin,1,0,fl.,Netto,https://static.tilbudsugen.dk/1st-retail/2026/9/64663/Netto82026-1_28_58x546_1598x2929_zoom.jpg,2026-02-21,2026-02-27,https://res.cloudinary.com/dfqzmnlga/image/upload/v1771645230/2026-02-21/10970619.jpg,Gin,"Gin: The quiet rebellion of a summer night, served with a side of sparkles. 🍸"
10970275,25.0,Premieur,"Pålæg, skiveskåret",Prosciutto Di Parma,1,0,pk.,Netto,https://static.tilbudsugen.dk/1st-retail/2026/9/64663/Netto82026-1_19_2522x4803_4920x6869_zoom.jpg,2026-02-21,2026-02-27,https://res.cloudinary.com/dfqzmnlga/image/upload/v1771645231/2026-02-21/10970275.jpg,Prosciutto Di Parma,"Savory, smoky, and slightly naughty—like a perfect afternoon snack. 🍴"
10970297,16.0,Kims,Dip,Dip Dild,1,0,ps.,Netto,https://static.tilbudsugen.dk/1st-retail/2026/9/64663/Netto82026-1_7_2492x219_4896x3554_zoom.jpg,2026-02-21,2026-02-27,https://res.cloudinary.com/dfqzmnlga/image/upload/v1771645231/2026-02-21/10970297.jpg,Dip Dill,"Sip, dip, and dive into flavor—because life's too short for bland moments. 🍲"
10970296,16.0,Kims,Dip,Dip Holiday,1,0,ps.,Netto,https://static.tilbudsugen.dk/1st-retail/2026/9/64663/Netto82026-1_7_2492x219_4896x3554_zoom.jpg,2026-02-21,2026-02-27,https://res.cloudinary.com/dfqzmnlga/image/upload/v1771645231/2026-02-21/10970296.jpg,Dip Holiday,✨ Spice up your holiday with a dip that's as vibrant as your mood!
10970277,25.0,Premieur,"Pålæg, skiveskåret",Bresaola,1,0,pk.,Netto,https://static.tilbudsugen.dk/1st-retail/2026/9/64663/Netto82026-1_19_2522x4803_4920x6869_zoom.jpg,2026-02-21,2026-02-27,https://res.cloudinary.com/dfqzmnlga/image/upload/v1771645232/2026-02-21/10970277.jpg,Bresaola,"Savor the crunch of a perfect bite, 🍖"
10970456,20.0,,Garn,Garn,1,0,stk.,Netto,https://static.tilbudsugen.dk/1st-retail/2026/9/64663/Netto82026-1_40_0x3415_2502x6602_zoom.jpg,2026-02-21,2026-03-27,https://res.cloudinary.com/dfqzmnlga/image/upload/v1771645232/2026-02-21/10970456.jpg,Yarn,"Sew together moments, stitch dreams into fabric — 🧶"
10970434,25.0,,Garn,Garn,1,0,stk.,Netto,https://static.tilbudsugen.dk/1st-retail/2026/9/64663/Netto82026-1_39_143x4503_2561x6595_zoom.jpg,2026-02-21,2026-03-27,https://res.cloudinary.com/dfqzmnlga/image/upload/v1771645233/2026-02-21/10970434.jpg,Yarn,"Sew through life with a needle and thread, spinning dreams into reality 🧶"
10970458,30.0,,Garn,Garn,1,0,stk.,Netto,https://static.tilbudsugen.dk/1st-retail/2026/9/64663/Netto82026-1_40_2691x137_4887x3421_zoom.jpg,2026-02-21,2026-03-27,https://res.cloudinary.com/dfqzmnlga/image/upload/v1771645233/2026-02-21/10970458.jpg,Yarn,"Spinning colors into stories, one twist at a time 🎨"
10970429,30.0,,Garn,Garn,1,0,stk.,Netto,https://static.tilbudsugen.dk/1st-retail/2026/9/64663/Netto82026-1_38_2333x2991_4803x6530_zoom.jpg,2026-02-21,2026-03-27,https://res.cloudinary.com/dfqzmnlga/image/upload/v1771645233/2026-02-21/10970429.jpg,Yarn,"Weaving dreams into fabric, one stitch at a time. 🌟"
10970457,69.0,,Garn,Garn,1,0,stk.,Netto,https://static.tilbudsugen.dk/1st-retail/2026/9/64663/Netto82026-1_40_215x267_2698x3434_zoom.jpg,2026-02-21,2026-03-27,https://res.cloudinary.com/dfqzmnlga/image/upload/v1771645234/2026-02-21/10970457.jpg,Yarn,Weave your dreams into a tapestry of possibilities 🌟
10970340,30.0,,Boligtekstiler,Lagen,1,0,stk.,Netto,https://static.tilbudsugen.dk/1st-retail/2026/9/64663/Netto82026-1_31_2489x137_4946x2405_zoom.jpg,2026-02-21,2026-02-27,https://res.cloudinary.com/dfqzmnlga/image/upload/v1771645234/2026-02-21/10970340.jpg,Lagen,"Lagen love to dance in the rain, but they're always ready for a good laugh. 🎉"
10970371,25.0,,Partyartikler,Fødselsdags tilbehør,1,0,stk.,Netto,https://static.tilbudsugen.dk/1st-retail/2026/9/64663/Netto82026-1_32_234x169_2489x4581_zoom.jpg,2026-02-21,2026-02-27,https://res.cloudinary.com/dfqzmnlga/image/upload/v1771645235/2026-02-21/10970371.jpg,Birthday Accessories,"🎉 Happy birthday, friend! 🎉 I'm your personal accessory wizard—turning ordinary days into unforgettable celebrations."
10970382,25.0,,Dametøj,Top,1,0,stk.,Netto,https://static.tilbudsugen.dk/1st-retail/2026/9/64663/Netto82026-1_33_248x704_2522x3747_zoom.jpg,2026-02-21,2026-02-27,https://res.cloudinary.com/dfqzmnlga/image/upload/v1771645235/2026-02-21/10970382.jpg,Top,"Top of the line, always on top of things! 🚀"
10970383,40.0,,Accessories,Tørklæde,1,0,stk.,Netto,https://static.tilbudsugen.dk/1st-retail/2026/9/64663/Netto82026-1_34_2548x411_4763x3708_zoom.jpg,2026-02-21,2026-02-27,https://res.cloudinary.com/dfqzmnlga/image/upload/v1771645235/2026-02-21/10970383.jpg,Scarf,"Sunrise to sunset, wrapped in style — 🌅"
10970384,40.0,,Accessories,Tørklæde,1,0,stk.,Netto,https://static.tilbudsugen.dk/1st-retail/2026/9/64663/Netto82026-1_34_248x495_2385x3695_zoom.jpg,2026-02-21,2026-02-27,https://res.cloudinary.com/dfqzmnlga/image/upload/v1771645236/2026-02-21/10970384.jpg,Scarf,"Swoop through the day with a cozy scarf, keeping warmth and style in check. 🌟"
10970342,50.0,,Boligtekstiler,Lagen,1,0,stk.,Netto,https://static.tilbudsugen.dk/1st-retail/2026/9/64663/Netto82026-1_31_2489x137_4946x2405_zoom.jpg,2026-02-21,2026-02-27,https://res.cloudinary.com/dfqzmnlga/image/upload/v1771645236/2026-02-21/10970342.jpg,Lagen,"Lagen: The ultimate flavor booster, bringing joy to every bite! 🍽️"
10970364,20.0,,Boligtekstiler,Hynde,1,0,stk.,Netto,https://static.tilbudsugen.dk/1st-retail/2026/9/64663/Netto82026-1_31_124x3682_2489x6797_zoom.jpg,2026-02-21,2026-02-27,https://res.cloudinary.com/dfqzmnlga/image/upload/v1771645236/2026-02-21/10970364.jpg,Hynde,"Hynde: 🌟 I'm the flavor that makes your day just a little brighter, one cup at a time."
10970436,60.0,,Diverse bøger,Hobbybøger,1,0,stk.,Netto,https://static.tilbudsugen.dk/1st-retail/2026/9/64663/Netto82026-1_39_2880x808_4952x4484_zoom.jpg,2026-02-21,2026-03-27,https://res.cloudinary.com/dfqzmnlga/image/upload/v1771645237/2026-02-21/10970436.jpg,Hobby Books,"📖 Love reading, love life—just don't forget to pick up your next hobby book. 📚✨"
10970459,30.0,,Garn,Strikketilbehør,1,0,stk.,Netto,https://static.tilbudsugen.dk/1st-retail/2026/9/64663/Netto82026-1_40_2470x3441_4750x6530_zoom.jpg,2026-02-21,2026-03-27,https://res.cloudinary.com/dfqzmnlga/image/upload/v1771645237/2026-02-21/10970459.jpg,Knitting accessories,✨ Knitting accessories that turn everyday moments into cozy adventures! ✨
10970387,99.0,,Lingeri,BH,1,0,stk.,Netto,https://static.tilbudsugen.dk/1st-retail/2026/9/64663/Netto82026-1_34_202x3871_2509x6823_zoom.jpg,2026-02-21,2026-02-27,https://res.cloudinary.com/dfqzmnlga/image/upload/v1771645237/2026-02-21/10970387.jpg,bra,Bra: The ultimate fashion statement that makes every outfit feel like a masterpiece. 💃
10970411,49.0,Shimmer and Sparkle,Kreativitetslegetøj & puslespil,Kreativt legetøj,1,0,stk.,Netto,https://static.tilbudsugen.dk/1st-retail/2026/9/64663/Netto82026-1_36_1746x4660_3284x6836_zoom.jpg,2026-02-21,2026-02-27,https://res.cloudinary.com/dfqzmnlga/image/upload/v1771645238/2026-02-21/10970411.jpg,Creative toys,🎨✨ Twist your imagination with creative toys that turn everyday moments into adventures! ✨
10970417,60.0,,Batteridrevet legetøj,Interaktiv Legetøj,1,0,stk.,Netto,https://static.tilbudsugen.dk/1st-retail/2026/9/64663/Netto82026-1_36_1772x2483_3232x4699_zoom.jpg,2026-02-21,2026-02-27,https://res.cloudinary.com/dfqzmnlga/image/upload/v1771645238/2026-02-21/10970417.jpg,Interactive Toys,✨ Playful puzzles that make your day brighter! ✨
10970421,49.0,Marvel,"Biler, tog",Biler,1,0,stk.,Netto,https://static.tilbudsugen.dk/1st-retail/2026/9/64663/Netto82026-1_36_156x762_4640x2346_zoom.jpg,2026-02-21,2026-02-27,https://res.cloudinary.com/dfqzmnlga/image/upload/v1771645238/2026-02-21/10970421.jpg,Cars,"🚗💨 Speedy, fearless, and always moving—just like the best friends you never knew you had! 🚗💨"
10970341,40.0,,Boligtekstiler,Lagen,1,0,stk.,Netto,https://static.tilbudsugen.dk/1st-retail/2026/9/64663/Netto82026-1_31_2489x137_4946x2405_zoom.jpg,2026-02-21,2026-02-27,https://res.cloudinary.com/dfqzmnlga/image/upload/v1771645239/2026-02-21/10970341.jpg,Lagen,"Lagen love to dance in the rain, always keeping the rhythm alive 🌧️"
10970343,30.0,Kodak,Ladere & batterier,Lader,1,0,stk.,Netto,https://static.tilbudsugen.dk/1st-retail/2026/9/64663/Netto82026-1_31_2535x4627_4763x6765_zoom.jpg,2026-02-21,2026-02-27,https://res.cloudinary.com/dfqzmnlga/image/upload/v1771645240/2026-02-21/10970343.jpg,Charger,⚡Charge your day with energy. 📱
10970380,50.0,,Dametøj,Bukser,1,0,stk.,Netto,https://static.tilbudsugen.dk/1st-retail/2026/9/64663/Netto82026-1_33_235x3806_2463x6849_zoom.jpg,2026-02-21,2026-02-27,https://res.cloudinary.com/dfqzmnlga/image/upload/v1771645240/2026-02-21/10970380.jpg,Trousers,"Dress to conquer, one pair at a time. 🥇"
10970430,35.0,,Service,Krus,1,0,stk.,Netto,https://static.tilbudsugen.dk/1st-retail/2026/9/64663/Netto82026-1_38_65x3643_2339x6602_zoom.jpg,2026-02-21,2026-03-27,https://res.cloudinary.com/dfqzmnlga/image/upload/v1771645241/2026-02-21/10970430.jpg,Mush,Mush: The ultimate snack that turns ordinary days into unforgettable adventures 🍽️
10970699,50.0,,Boligtekstiler,Sengesæt,1,0,stk.,Netto,https://static.tilbudsugen.dk/1st-retail/2026/9/64663/Netto82026-1_30_94x74_4954x6809_zoom.jpg,2026-02-21,2026-02-27,https://res.cloudinary.com/dfqzmnlga/image/upload/v1771645241/2026-02-21/10970699.jpg,Bedsets,"🌙 Sleepy sleepers, ready to conquer the day!"
10970416,50.0,,Kreativitetslegetøj & puslespil,Kreativt legetøj,1,0,stk.,Netto,https://static.tilbudsugen.dk/1st-retail/2026/9/64663/Netto82026-1_36_182x2437_1798x4647_zoom.jpg,2026-02-21,2026-02-27,https://res.cloudinary.com/dfqzmnlga/image/upload/v1771645242/2026-02-21/10970416.jpg,Creative toys,🎨✨ Sparkle and twirl with creativity! ✨
10970419,59.0,Playgo,Kreativitetslegetøj & puslespil,Modellervoks,1,0,pk.,Netto,https://static.tilbudsugen.dk/1st-retail/2026/9/64663/Netto82026-1_36_3271x2424_4789x4660_zoom.jpg,2026-02-21,2026-02-27,https://res.cloudinary.com/dfqzmnlga/image/upload/v1771645242/2026-02-21/10970419.jpg,Model wax,Smooth out the edges of your dreams with a little model wax—perfect for those who know how to shine. ✨
10970368,25.0,,Service,Krus,1,0,stk.,Netto,https://static.tilbudsugen.dk/1st-retail/2026/9/64663/Netto82026-1_32_2541x3637_4822x6791_zoom.jpg,2026-02-21,2026-02-27,https://res.cloudinary.com/dfqzmnlga/image/upload/v1771645242/2026-02-21/10970368.jpg,Mush,Mush: The ultimate snack that makes every day a little more delicious! 🍲
10970381,50.0,,Herretøj,Bukser,1,0,stk.,Netto,https://static.tilbudsugen.dk/1st-retail/2026/9/64663/Netto82026-1_33_235x3806_2463x6849_zoom.jpg,2026-02-21,2026-02-27,https://res.cloudinary.com/dfqzmnlga/image/upload/v1771645243/2026-02-21/10970381.jpg,Trousers,"Dress to impress, but don't forget to fold the pants—embrace the chaos! 🧥"
