data_id,price,brand,category,product_name,units,quantity,unit_type,store_name,image_url,start_date,end_date,public_urls,translated_product,tinder_bio
11003388,8.0,Hello Sensitive,Babypleje,Vådservietter,1,100,pk.,Netto,https://static.tilbudsugen.dk/1st-retail/2026/12/64837/Netto112026-1_8_0x727_2369x3157_zoom.jpg,2026-03-14,2026-03-20,https://res.cloudinary.com/dfqzmnlga/image/upload/v1773459980/2026-03-14/11003388.jpg,Wet napkins,Wet napkins: the ultimate refresh for your daily chaos. 🧹✨
11004107,10.0,Kleenex,Lommetørklæder,Lommetørklæder,1,64,pk.,Netto,https://static.tilbudsugen.dk/1st-retail/2026/12/64837/Netto112026-1_24_30x2493_1678x4639_zoom.jpg,2026-03-14,2026-03-20,https://res.cloudinary.com/dfqzmnlga/image/upload/v1773459980/2026-03-14/11004107.jpg,Handkerchiefs,"✨ Always ready to wipe away the tears, whether it's yours or someone else's. ✨"
11003833,15.0,Murph,Kosttilskud,Træningstilskud,1,20,stk.,Netto,https://static.tilbudsugen.dk/1st-retail/2026/12/64837/Netto112026-1_23_1598x148_3160x2510_zoom.jpg,2026-03-14,2026-03-20,https://res.cloudinary.com/dfqzmnlga/image/upload/v1773459980/2026-03-14/11003833.jpg,Training grants,"🚀 Training grants: fuel your growth, not your budget! 💪"
11004919,30.0,,Køkkenredskaber,Sprøjtepose,1,40,pk.,Netto,https://static.tilbudsugen.dk/1st-retail/2026/12/64837/Netto112026-1_32_299x3879_1220x5587_zoom.jpg,2026-03-14,2026-03-20,https://res.cloudinary.com/dfqzmnlga/image/upload/v1773459981/2026-03-14/11004919.jpg,Syringe bag,✨Injecting life into your day with a little dose of creativity and flair. ✨
11003681,25.0,Hello Sensitive,Opvask,Maskinopvask-tabs,1,30,pk.,Netto,https://static.tilbudsugen.dk/1st-retail/2026/12/64837/Netto112026-1_25_39x4612_2099x6809_zoom.jpg,2026-03-14,2026-03-20,https://res.cloudinary.com/dfqzmnlga/image/upload/v1773459981/2026-03-14/11003681.jpg,Machine-washing losses,"Wash your clothes, but don't worry—my machine's got your back. 🧽✨"
11003468,1.75,,Frugt,Lime,1,1,stk.,Netto,https://static.tilbudsugen.dk/1st-retail/2026/12/64837/Netto112026-1_11_236x827_2728x3011_zoom.jpg,2026-03-14,2026-03-20,https://res.cloudinary.com/dfqzmnlga/image/upload/v1773459982/2026-03-14/11003468.jpg,Lime,"Citrusy confidence, fresh and fiery—just the way life should be. 🍋"
11003818,69.0,Touch,Bleer,Bleer str 4 7-12 kg,1,36,pk.,Netto,https://static.tilbudsugen.dk/1st-retail/2026/12/64837/Netto112026-1_24_3195x4624_4998x6851_zoom.jpg,2026-03-14,2026-03-20,https://res.cloudinary.com/dfqzmnlga/image/upload/v1773459982/2026-03-14/11003818.jpg,Diapers size 4 7-12 kg,"✨ Size up your baby's comfort with me, the ultimate shield for little ones!"
11003822,69.0,Touch,Bleer,Bleer str 5 9-14 kg,1,33,pk.,Netto,https://static.tilbudsugen.dk/1st-retail/2026/12/64837/Netto112026-1_24_3195x4624_4998x6851_zoom.jpg,2026-03-14,2026-03-20,https://res.cloudinary.com/dfqzmnlga/image/upload/v1773459983/2026-03-14/11003822.jpg,Diapers size 5 9-14 kg,"✨ Super soft, super strong – ready for any baby's big day! ✨"
11003823,69.0,Touch,Bleer,Bleer str 6 13-20 kg,1,30,pk.,Netto,https://static.tilbudsugen.dk/1st-retail/2026/12/64837/Netto112026-1_24_3195x4624_4998x6851_zoom.jpg,2026-03-14,2026-03-20,https://res.cloudinary.com/dfqzmnlga/image/upload/v1773459983/2026-03-14/11003823.jpg,Diapers size 6 13-20 kg,"✨ Size 6, 13-20 kg: The ultimate diaper superhero 🌟"
11003824,69.0,Touch,Bleer,Bleer str 6 Pants 13-20 kg,1,30,pk.,Netto,https://static.tilbudsugen.dk/1st-retail/2026/12/64837/Netto112026-1_24_3195x4624_4998x6851_zoom.jpg,2026-03-14,2026-03-20,https://res.cloudinary.com/dfqzmnlga/image/upload/v1773459984/2026-03-14/11003824.jpg,Diapers size 6 Pants 13-20 kg,"Size 6 diapers, 13-20 kg pants — ready to keep it all under control 🛒"
11003390,20.0,Comfort,Husholdningspapir,Toiletpapir,1,8,pk.,Netto,https://static.tilbudsugen.dk/1st-retail/2026/12/64837/Netto112026-1_8_2357x660_4847x3229_zoom.jpg,2026-03-14,2026-03-20,https://res.cloudinary.com/dfqzmnlga/image/upload/v1773459984/2026-03-14/11003390.jpg,Toilet paper,Terry the Toilet Paper: Always ready to wipe away the day's chaos. 🛋️
11003335,22.0,DAVA Foods,Skalæg,Frilandsæg S/M/L,1,8,bk.,Netto,https://static.tilbudsugen.dk/1st-retail/2026/12/64837/Netto112026-1_4_14x4320_2488x6844_zoom.jpg,2026-03-14,2026-03-20,https://res.cloudinary.com/dfqzmnlga/image/upload/v1773459985/2026-03-14/11003335.jpg,Open-air eggs S/M/L,"Crackling with life, open-air eggs S/M/L — ready to cook your day! 🍳"
11003927,39.0,A+,Vaskemiddel,Vaskemiddel-tabs,1,14,pk.,Netto,https://static.tilbudsugen.dk/1st-retail/2026/12/64837/Netto112026-1_24_3209x2468_4998x4624_zoom.jpg,2026-03-14,2026-03-20,https://res.cloudinary.com/dfqzmnlga/image/upload/v1773459985/2026-03-14/11003927.jpg,Laundry loss,Wear your laundry loss like a badge of honor 🧼✨
11003673,32.0,Espresso Roast,Kapselkaffe,Kaffekapsler,1,10,pk.,Netto,https://static.tilbudsugen.dk/1st-retail/2026/12/64837/Netto112026-1_20_3238x4864_4927x6865_zoom.jpg,2026-03-14,2026-03-20,https://res.cloudinary.com/dfqzmnlga/image/upload/v1773459986/2026-03-14/11003673.jpg,Coffee capsules, ☕️ Unwrap the world with every cup—caffeinated adventures await!
11003665,32.0,House Blend Lungo,Kapselkaffe,Kaffekapsler,1,10,pk.,Netto,https://static.tilbudsugen.dk/1st-retail/2026/12/64837/Netto112026-1_20_3238x4864_4927x6865_zoom.jpg,2026-03-14,2026-03-20,https://res.cloudinary.com/dfqzmnlga/image/upload/v1773459986/2026-03-14/11003665.jpg,Coffee capsules, ☕️ Brew your own coffee with a twist—every capsule is a new adventure.
11003657,10.0,Cup a Soup,Færdigretter,Tomato suppe,1,3,pk.,Netto,https://static.tilbudsugen.dk/1st-retail/2026/12/64837/Netto112026-1_20_1689x1061_3315x2892_zoom.jpg,2026-03-14,2026-03-20,https://res.cloudinary.com/dfqzmnlga/image/upload/v1773459987/2026-03-14/11003657.jpg,Tomato soup,"Sip, savor, and smile—tomato soup is the ultimate flavor bomb! 🍲"
11004871,30.0,,Stearinlys,Kronelys,1,8,pk.,Netto,https://static.tilbudsugen.dk/1st-retail/2026/12/64837/Netto112026-1_30_2078x3548_3400x5209_zoom.jpg,2026-03-14,2026-03-20,https://res.cloudinary.com/dfqzmnlga/image/upload/v1773459987/2026-03-14/11004871.jpg,Crown candles,"✨ Glow up your space with a touch of magic—Crown candles bring light, love, and a little whimsy to every room. ✨"
11003498,18.0,,Frugt,Nektariner,1,4,bk.,Netto,https://static.tilbudsugen.dk/1st-retail/2026/12/64837/Netto112026-1_13_20x1410_2519x4454_zoom.jpg,2026-03-14,2026-03-20,https://res.cloudinary.com/dfqzmnlga/image/upload/v1773459988/2026-03-14/11003498.jpg,Nectarines,"Juicy, sweet, and ready to burst with flavor — just like me! 🍐"
11003603,29.0,Sandwich,Multipak,Issnacks,1,6,pk.,Netto,https://static.tilbudsugen.dk/1st-retail/2026/12/64837/Netto112026-1_18_113x749_4998x2913_zoom.jpg,2026-03-14,2026-03-20,https://res.cloudinary.com/dfqzmnlga/image/upload/v1773459988/2026-03-14/11003603.jpg,Issnacks,✨ Snackable surprises that make your day just a bit better ✨
10970424,59.0,,Syartikler,Hæklenåle,1,12,pk.,Netto,https://static.tilbudsugen.dk/1st-retail/2026/9/64663/Netto82026-1_37_2528x4751_4998x6595_zoom.jpg,2026-02-21,2026-03-27,https://res.cloudinary.com/dfqzmnlga/image/upload/v1773459989/2026-03-14/10970424.jpg,Crochet needles,"Weave your dreams into fabric, one stitch at a time 🧶"
11002963,5.0,,Grønt,Løg,1,1,ps.,Netto,https://static.tilbudsugen.dk/1st-retail/2026/12/64837/Netto112026-1_3_2460x836_4871x3314_zoom.jpg,2026-03-14,2026-03-20,https://res.cloudinary.com/dfqzmnlga/image/upload/v1773459989/2026-03-14/11002963.jpg,Bulb vegetables,"✨ Glow up with every bite, because I'm the ultimate light in your kitchen!"
10970422,59.0,,Garn,Strikkepinde,1,10,pk.,Netto,https://static.tilbudsugen.dk/1st-retail/2026/9/64663/Netto82026-1_37_2528x4751_4998x6595_zoom.jpg,2026-02-21,2026-03-27,https://res.cloudinary.com/dfqzmnlga/image/upload/v1773459990/2026-03-14/10970422.jpg,Knitting needles,✨ Knitting needles: Weaving dreams into every stitch. 🎨
11003499,12.0,,Grønt,Pak Choy,1,2,pk.,Netto,https://static.tilbudsugen.dk/1st-retail/2026/12/64837/Netto112026-1_13_2453x1443_4913x4343_zoom.jpg,2026-03-14,2026-03-20,https://res.cloudinary.com/dfqzmnlga/image/upload/v1773459990/2026-03-14/11003499.jpg,Pack Choy,"Choy's a flavor-packed surprise in every bag, ready to surprise your taste buds! 🌱"
11004855,19.0,Bodyguide Underwear,Sokker/Strømper,Strømper,1,3,pk.,Netto,https://static.tilbudsugen.dk/1st-retail/2026/12/64837/Netto112026-1_29_220x4658_1889x6792_zoom.jpg,2026-03-14,2026-03-20,https://res.cloudinary.com/dfqzmnlga/image/upload/v1773459991/2026-03-14/11004855.jpg,Stockings,✨ Snakes in a stocking—perfect for a rainy day! ✨
11004854,19.0,Bodyguide Underwear,Sokker/Strømper,Strømper,1,3,pk.,Netto,https://static.tilbudsugen.dk/1st-retail/2026/12/64837/Netto112026-1_29_1920x4658_3266x6792_zoom.jpg,2026-03-14,2026-03-20,https://res.cloudinary.com/dfqzmnlga/image/upload/v1773459991/2026-03-14/11004854.jpg,Stockings,"✨ Wearing socks like a fashion statement, one foot at a time! ✨"
11002914,10.0,Squash,Sodavand,Ferskensodavand,1,1,fl.,Netto,https://static.tilbudsugen.dk/1st-retail/2026/12/64837/Netto112026-1_1_2488x3733_4864x6957_zoom.jpg,2026-03-14,2026-03-20,https://res.cloudinary.com/dfqzmnlga/image/upload/v1773459992/2026-03-14/11002914.jpg,Peach soda,"Sip, smile, and stay fresh—peach soda is the ultimate refresh. 🍑"
11002910,10.0,Coca Cola,Sodavand,Cola,1,1,fl.,Netto,https://static.tilbudsugen.dk/1st-retail/2026/12/64837/Netto112026-1_1_2488x3733_4864x6957_zoom.jpg,2026-03-14,2026-03-20,https://res.cloudinary.com/dfqzmnlga/image/upload/v1773459992/2026-03-14/11002910.jpg,Cola,"Fizzing fun, never-ending joy—just a can of cola to keep things lively. 🎉"
11002912,10.0,Coca Cola Zero,Sodavand,Cola,1,1,fl.,Netto,https://static.tilbudsugen.dk/1st-retail/2026/12/64837/Netto112026-1_1_2488x3733_4864x6957_zoom.jpg,2026-03-14,2026-03-20,https://res.cloudinary.com/dfqzmnlga/image/upload/v1773459993/2026-03-14/11002912.jpg,Cola,"Fizzing with fun, I'm the drink that never stops laughing—just wait until you taste me! 🍹"
11002913,10.0,Zero,Sodavand,Sportssodavand,1,1,fl.,Netto,https://static.tilbudsugen.dk/1st-retail/2026/12/64837/Netto112026-1_1_2488x3733_4864x6957_zoom.jpg,2026-03-14,2026-03-20,https://res.cloudinary.com/dfqzmnlga/image/upload/v1773459993/2026-03-14/11002913.jpg,Sports soda,"Sip, sweat, and shine—sports soda keeps you fueled! 🍹"
11003604,29.0,Minecraft,Multipak,Ispinde,1,4,pk.,Netto,https://static.tilbudsugen.dk/1st-retail/2026/12/64837/Netto112026-1_18_113x749_4998x2913_zoom.jpg,2026-03-14,2026-03-20,https://res.cloudinary.com/dfqzmnlga/image/upload/v1773459994/2026-03-14/11003604.jpg,Popsicles,"Savor the sweet, icy escape—no shopping needed. 🍦"
11003851,4.0,Lemon-Lime,Energi- Sports- & Vitamindrikke,Energidrik,1,0,ds.,Netto,https://static.tilbudsugen.dk/1st-retail/2026/12/64837/Netto112026-1_22_14x799_1647x2892_zoom.jpg,2026-03-14,2026-03-20,https://res.cloudinary.com/dfqzmnlga/image/upload/v1773459994/2026-03-14/11003851.jpg,Energy Drink,"💥 Turbocharged energy, fueled by life — ready to crush any challenge! 🎉"
11003852,4.0,Regular,Energi- Sports- & Vitamindrikke,Energidrik,1,0,ds.,Netto,https://static.tilbudsugen.dk/1st-retail/2026/12/64837/Netto112026-1_22_14x799_1647x2892_zoom.jpg,2026-03-14,2026-03-20,https://res.cloudinary.com/dfqzmnlga/image/upload/v1773459995/2026-03-14/11003852.jpg,Energy Drink,"💥 Stay charged, never tired—energy at your fingertips! 🌟"
11003848,4.0,Cola,Energi- Sports- & Vitamindrikke,Energidrik,1,0,ds.,Netto,https://static.tilbudsugen.dk/1st-retail/2026/12/64837/Netto112026-1_22_14x799_1647x2892_zoom.jpg,2026-03-14,2026-03-20,https://res.cloudinary.com/dfqzmnlga/image/upload/v1773459995/2026-03-14/11003848.jpg,Energy Drink,"💥 Stay charged, stay sharp, stay unstoppable!"
11003598,29.0,Solero Exotic,Multipak,Ispinde,1,3,pk.,Netto,https://static.tilbudsugen.dk/1st-retail/2026/12/64837/Netto112026-1_18_113x749_4998x2913_zoom.jpg,2026-03-14,2026-03-20,https://res.cloudinary.com/dfqzmnlga/image/upload/v1773459996/2026-03-14/11003598.jpg,Popsicles,"Sip, slide, and smile—my life's a popsicle adventure! 🍦"
11004887,40.0,,Boligtekstiler,Stofserviet,1,4,stk.,Netto,https://static.tilbudsugen.dk/1st-retail/2026/12/64837/Netto112026-1_30_1731x1785_3211x3470_zoom.jpg,2026-03-14,2026-03-20,https://res.cloudinary.com/dfqzmnlga/image/upload/v1773459997/2026-03-14/11004887.jpg,Fabric swab,"Sweep away dirt, leave no trace — I'm the ultimate cleaner. 🛁"
11003928,30.0,,Sokker/Strømper,Strømper,1,3,pk.,Netto,https://static.tilbudsugen.dk/1st-retail/2026/12/64837/Netto112026-1_29_3253x4638_4768x6849_zoom.jpg,2026-03-14,2026-03-20,https://res.cloudinary.com/dfqzmnlga/image/upload/v1773459997/2026-03-14/11003928.jpg,Stockings,✨ Wrap 'n' wrap with a twist—my favorite way to keep things neat and stylish! ✨
11003461,10.85,ØGO,Gryn,Grovvalsede Havregryn,1,1,pk.,Netto,https://static.tilbudsugen.dk/1st-retail/2026/12/64837/Netto112026-1_10_72x3365_2591x6908_zoom.jpg,2026-03-14,2026-03-20,https://res.cloudinary.com/dfqzmnlga/image/upload/v1773459998/2026-03-14/11003461.jpg,Gravel-rolled oatmeal,"Rolling in the dirt, but the flavor stays—gravel-rolled oatmeal, ready to crush your day. 🌟"
11003875,89.0,Faxe Kondi,Sodavand,Sportssodavand 24 pk.,24,0,fl.,Netto,https://static.tilbudsugen.dk/1st-retail/2026/12/64837/Netto112026-1_22_3266x141_4927x2863_zoom.jpg,2026-03-01,2026-03-31,https://res.cloudinary.com/dfqzmnlga/image/upload/v1773459998/2026-03-14/11003875.jpg,Sports soda 24 pk.,"Sip, sweat, and shine—sports soda for your energy boost! 🍹💪"
11003874,89.0,Classic,Øl,Øl 24 pk.,24,0,ds.,Netto,https://static.tilbudsugen.dk/1st-retail/2026/12/64837/Netto112026-1_22_3266x141_4927x2863_zoom.jpg,2026-03-01,2026-03-31,https://res.cloudinary.com/dfqzmnlga/image/upload/v1773459998/2026-03-14/11003874.jpg,Beer 24 pc.,"""Drunk on joy, always thirsty for more. 🍻"""
11003868,89.0,Pilsner,Øl,Øl 24 pk.,24,0,ds.,Netto,https://static.tilbudsugen.dk/1st-retail/2026/12/64837/Netto112026-1_22_3266x141_4927x2863_zoom.jpg,2026-03-01,2026-03-31,https://res.cloudinary.com/dfqzmnlga/image/upload/v1773459999/2026-03-14/11003868.jpg,Beer 24 pc.,"Sip, savor, and share—beer is life. 🍻"
11003876,89.0,Pepsi Max,Sodavand,Cola 24 pk.,24,0,fl.,Netto,https://static.tilbudsugen.dk/1st-retail/2026/12/64837/Netto112026-1_22_3266x141_4927x2863_zoom.jpg,2026-03-01,2026-03-31,https://res.cloudinary.com/dfqzmnlga/image/upload/v1773459999/2026-03-14/11003876.jpg,Cola 24 pk.,"Sip, savor, and never forget—Cola 24 pk. 🍹"
11004928,59.0,Feinschmecker,Sokker/Strømper,Strømper,1,5,pk.,Netto,https://static.tilbudsugen.dk/1st-retail/2026/12/64837/Netto112026-1_33_157x4430_2369x6807_zoom.jpg,2026-03-14,2026-03-20,https://res.cloudinary.com/dfqzmnlga/image/upload/v1773460000/2026-03-14/11004928.jpg,Stockings,✨ My favorite thing to wrap around my feet—perfect for keeping things snug and stylish! 🌟
11004858,25.0,Bodyguide Underwear,Sokker/Strømper,Knæstrømper,1,2,pk.,Netto,https://static.tilbudsugen.dk/1st-retail/2026/12/64837/Netto112026-1_29_220x4658_1889x6792_zoom.jpg,2026-03-14,2026-03-20,https://res.cloudinary.com/dfqzmnlga/image/upload/v1773460001/2026-03-14/11004858.jpg,Knee-length stockings,✨ Invisible superhero socks that make you feel unstoppable!
11004115,10.0,Harpic,Rengøringsmidler,WC-rens,1,0,stk.,Netto,https://static.tilbudsugen.dk/1st-retail/2026/12/64837/Netto112026-1_24_1612x246_4806x2565_zoom.jpg,2026-03-14,2026-03-20,https://res.cloudinary.com/dfqzmnlga/image/upload/v1773460002/2026-03-14/11004115.jpg,WC-cleansing,"Washing clean, refreshing, and always ready to reset — 🧼"
11003675,59.0,Hello Sensitive,Vaskemiddel,Vaskepulver,1,4,pk.,Netto,https://static.tilbudsugen.dk/1st-retail/2026/12/64837/Netto112026-1_25_2466x2303_4854x3765_zoom.jpg,2026-03-14,2026-03-20,https://res.cloudinary.com/dfqzmnlga/image/upload/v1773460002/2026-03-14/11003675.jpg,Washing powder,✨ Clean your life with a splash of sparkling power!
11003370,69.0,Classic,Øl,Øl 15 pk.,15,0,ds.,Netto,https://static.tilbudsugen.dk/1st-retail/2026/12/64837/Netto112026-1_7_12x3629_2387x6840_zoom.jpg,2026-03-14,2026-03-20,https://res.cloudinary.com/dfqzmnlga/image/upload/v1773460003/2026-03-14/11003370.jpg,Beer 15 pc.,"""Raise a glass to laughter—beer 15 pc. 🍻"""
11003371,69.0,"Classic 0,0",Alkoholfrie Øl,Øl - Alkoholfri 15 pk.,15,0,ds.,Netto,https://static.tilbudsugen.dk/1st-retail/2026/12/64837/Netto112026-1_7_12x3629_2387x6840_zoom.jpg,2026-03-14,2026-03-20,https://res.cloudinary.com/dfqzmnlga/image/upload/v1773460003/2026-03-14/11003371.jpg,Beer - Alcohol-free 15 pc.,"Sip, savor, and laugh—no alcohol needed. 🍻"
11003678,6.0,Harvest Best,Grønt,Chilibønner,1,0,ds.,Netto,https://static.tilbudsugen.dk/1st-retail/2026/12/64837/Netto112026-1_20_42x1018_1654x2814_zoom.jpg,2026-03-14,2026-03-20,https://res.cloudinary.com/dfqzmnlga/image/upload/v1773460004/2026-03-14/11003678.jpg,Chilli beans,"🔥 Spicy, smoky, and ready to ignite your taste buds—chilli beans are the ultimate flavor booster! 🌶️"
11003680,6.0,Harvest Best,Grønt,Baked Beans,1,0,ds.,Netto,https://static.tilbudsugen.dk/1st-retail/2026/12/64837/Netto112026-1_20_42x1018_1654x2814_zoom.jpg,2026-03-14,2026-03-20,https://res.cloudinary.com/dfqzmnlga/image/upload/v1773460004/2026-03-14/11003680.jpg,Baked Beans,"Savor the flavor, one hearty bean at a time 🍛"
11003633,15.0,Løgismose,Syrnet morgenmad,Appelsin Yoghurt ,1,1,krt.,Netto,https://static.tilbudsugen.dk/1st-retail/2026/12/64837/Netto112026-1_19_1661x764_4871x2863_zoom.jpg,2026-03-14,2026-03-20,https://res.cloudinary.com/dfqzmnlga/image/upload/v1773460005/2026-03-14/11003633.jpg,Orange Yogurt,"✨ Sip on the tangy sweetness of joy, one yogurt at a time. 🍊"
11003634,15.0,Løgismose,Syrnet morgenmad,Pære & Banan Yoghurt ,1,1,krt.,Netto,https://static.tilbudsugen.dk/1st-retail/2026/12/64837/Netto112026-1_19_1661x764_4871x2863_zoom.jpg,2026-03-14,2026-03-20,https://res.cloudinary.com/dfqzmnlga/image/upload/v1773460005/2026-03-14/11003634.jpg,Pear & Banan Yogurt,"Savor the sweet, creamy joy of a pear and banana yogurt — perfect for a smoothie or a snack. 🍐🍌"
11003444,15.0,ØGO,Mel & Melblandinger,Rugmel,1,1,pk.,Netto,https://static.tilbudsugen.dk/1st-retail/2026/12/64837/Netto112026-1_9_2322x1614_4821x4887_zoom.jpg,2026-03-14,2026-03-20,https://res.cloudinary.com/dfqzmnlga/image/upload/v1773460006/2026-03-14/11003444.jpg,Rye flour,Rye flour: The bread that makes the best stories. 🍞
11003442,15.0,ØGO,Mel & Melblandinger,Manitobamel,1,1,pk.,Netto,https://static.tilbudsugen.dk/1st-retail/2026/12/64837/Netto112026-1_9_2322x1614_4821x4887_zoom.jpg,2026-03-14,2026-03-20,https://res.cloudinary.com/dfqzmnlga/image/upload/v1773460007/2026-03-14/11003442.jpg,Manitobamel,"Manitobamel: Where the Manitoba meets the melon, and the fridge is always open for a good time! 🍌💪"
11003445,15.0,ØGO,Mel & Melblandinger,Rugkerner Skårne,1,1,pk.,Netto,https://static.tilbudsugen.dk/1st-retail/2026/12/64837/Netto112026-1_9_2322x1614_4821x4887_zoom.jpg,2026-03-14,2026-03-20,https://res.cloudinary.com/dfqzmnlga/image/upload/v1773460007/2026-03-14/11003445.jpg,Rye seeds Scarrard,✨ Sprinkle some life into your day with Rye seeds Scarrard! 🌾
11003443,15.0,ØGO,Mel & Melblandinger,Ølands Hvedemel,1,1,pk.,Netto,https://static.tilbudsugen.dk/1st-retail/2026/12/64837/Netto112026-1_9_2322x1614_4821x4887_zoom.jpg,2026-03-14,2026-03-20,https://res.cloudinary.com/dfqzmnlga/image/upload/v1773460007/2026-03-14/11003443.jpg,Island Wheat flour,"✨ Flaky, crisp, and full of flavor—perfect for baking anything from bread to breakfast! ✨"
11003635,15.0,Løgismose,Syrnet morgenmad,Naturel Yoghurt ,1,1,krt.,Netto,https://static.tilbudsugen.dk/1st-retail/2026/12/64837/Netto112026-1_19_1661x764_4871x2863_zoom.jpg,2026-03-14,2026-03-20,https://res.cloudinary.com/dfqzmnlga/image/upload/v1773460008/2026-03-14/11003635.jpg,Natural Yogurt,"Sip, swirl, and savour the creamy joy of nature's perfect blend — 🍼"
11003441,15.0,ØGO,Mel & Melblandinger,Tipo 00 Hvedemel,1,1,pk.,Netto,https://static.tilbudsugen.dk/1st-retail/2026/12/64837/Netto112026-1_9_2322x1614_4821x4887_zoom.jpg,2026-03-14,2026-03-20,https://res.cloudinary.com/dfqzmnlga/image/upload/v1773460009/2026-03-14/11003441.jpg,Tipo 00 Wheat flour,"✨ Flaky, buttery, and perfect for anything from bread to a crispy snack — Tipo 00 wheat flour, the ultimate kitchen superstar! 🍞"
11003853,9.0,Mountain Blast,Energi- Sports- & Vitamindrikke,Sportsdrik,1,0,fl.,Netto,https://static.tilbudsugen.dk/1st-retail/2026/12/64837/Netto112026-1_22_1675x707_3216x2871_zoom.jpg,2026-03-14,2026-03-20,https://res.cloudinary.com/dfqzmnlga/image/upload/v1773460009/2026-03-14/11003853.jpg,Sports drink,"Hydrate and hype, anytime, anywhere! 🍾💪"
11003446,9.0,ØGO,Pasta,Fuldkornspenne,1,0,pk.,Netto,https://static.tilbudsugen.dk/1st-retail/2026/12/64837/Netto112026-1_9_105x2506_2289x6803_zoom.jpg,2026-03-14,2026-03-20,https://res.cloudinary.com/dfqzmnlga/image/upload/v1773460010/2026-03-14/11003446.jpg,Whole-grain pens,✨ Write your own story with a twist! ✨
11003455,9.0,ØGO,Pasta,Fusilli,1,0,ps.,Netto,https://static.tilbudsugen.dk/1st-retail/2026/12/64837/Netto112026-1_9_105x2506_2289x6803_zoom.jpg,2026-03-14,2026-03-20,https://res.cloudinary.com/dfqzmnlga/image/upload/v1773460010/2026-03-14/11003455.jpg,Fusilli,Fusilli: The pasta that turns meals into adventures 🍝✨
11002900,9.0,Arla Protein,Mellemmåltider,Proteindrik Vanilla,1,0,fl.,Netto,https://static.tilbudsugen.dk/1st-retail/2026/12/64837/Netto112026-1_1_28x1357_2396x3443_zoom.jpg,2026-03-14,2026-03-20,https://res.cloudinary.com/dfqzmnlga/image/upload/v1773460011/2026-03-14/11002900.jpg,Protein Drink Vanilla,"Sip on pure energy, vanilla-style. 🌟"
11002903,9.0,Arla Protein,Mellemmåltider,Proteindrik Strawberry & Raspberry,1,0,fl.,Netto,https://static.tilbudsugen.dk/1st-retail/2026/12/64837/Netto112026-1_1_28x1357_2396x3443_zoom.jpg,2026-03-14,2026-03-20,https://res.cloudinary.com/dfqzmnlga/image/upload/v1773460011/2026-03-14/11002903.jpg,Protein Drink Strawberry & Raspberry,"Sip on flavor, fuel your day with this sweet, creamy protein drink—strawberry and raspberry, just in time for the gym or the snack bar. 🍓🍓"
11003449,9.0,ØGO,Pasta,Fuldkornsspaghetti,1,0,ps.,Netto,https://static.tilbudsugen.dk/1st-retail/2026/12/64837/Netto112026-1_9_105x2506_2289x6803_zoom.jpg,2026-03-14,2026-03-20,https://res.cloudinary.com/dfqzmnlga/image/upload/v1773460012/2026-03-14/11003449.jpg,Whole grain spaghetti,Spaghetti that turns meals into memories 🍝
11003857,9.0,Blackcurrant,Energi- Sports- & Vitamindrikke,Sportsdrik,1,0,fl.,Netto,https://static.tilbudsugen.dk/1st-retail/2026/12/64837/Netto112026-1_22_1675x707_3216x2871_zoom.jpg,2026-03-14,2026-03-20,https://res.cloudinary.com/dfqzmnlga/image/upload/v1773460013/2026-03-14/11003857.jpg,Sports drink,"Sip, sweat, and shine—because every moment counts! 🍔💪"
11003855,9.0,Mountain Blast Zero,Energi- Sports- & Vitamindrikke,Sportsdrik,1,0,fl.,Netto,https://static.tilbudsugen.dk/1st-retail/2026/12/64837/Netto112026-1_22_1675x707_3216x2871_zoom.jpg,2026-03-14,2026-03-20,https://res.cloudinary.com/dfqzmnlga/image/upload/v1773460013/2026-03-14/11003855.jpg,Sports drink,"Hydrate and hype, wherever you go! 🍦"
11002904,9.0,Arla Protein,Mellemmåltider,Proteindrik Chocolate,1,0,fl.,Netto,https://static.tilbudsugen.dk/1st-retail/2026/12/64837/Netto112026-1_1_28x1357_2396x3443_zoom.jpg,2026-03-14,2026-03-20,https://res.cloudinary.com/dfqzmnlga/image/upload/v1773460014/2026-03-14/11002904.jpg,Protein Drink Chocolate,"✨ Power up your day with protein and chocolate—because sometimes, you need a boost. 🌟"
11003825,39.0,Dun-let,Skyllemiddel,Skyllemiddel,1,2,stk.,Netto,https://static.tilbudsugen.dk/1st-retail/2026/12/64837/Netto112026-1_24_3209x2468_4998x4624_zoom.jpg,2026-03-14,2026-03-20,https://res.cloudinary.com/dfqzmnlga/image/upload/v1773460014/2026-03-14/11003825.jpg,Sliding agent,"✨ Sliding agent, master of smooth transitions! 🛋️"
11002955,10.0,Booster Sort,Energi- Sports- & Vitamindrikke,Energidrik,1,0,ds.,Netto,https://static.tilbudsugen.dk/1st-retail/2026/12/64837/Netto112026-1_2_49x212_2290x2305_zoom.jpg,2026-03-14,2026-03-20,https://res.cloudinary.com/dfqzmnlga/image/upload/v1773460014/2026-03-14/11002955.jpg,Energy Drink,"⚡ Stay charged, never bored — I'm your energy boost! 🌟"
11002956,10.0,Booster Lemon,Energi- Sports- & Vitamindrikke,Energidrik,1,0,ds.,Netto,https://static.tilbudsugen.dk/1st-retail/2026/12/64837/Netto112026-1_2_49x212_2290x2305_zoom.jpg,2026-03-14,2026-03-20,https://res.cloudinary.com/dfqzmnlga/image/upload/v1773460015/2026-03-14/11002956.jpg,Energy Drink,"💥 Supercharged with energy, ready to crush any challenge!"
11003392,15.0,Hello Sensitive,Vaskemiddel,Vaskemiddel-flydende,1,0,fl.,Netto,https://static.tilbudsugen.dk/1st-retail/2026/12/64837/Netto112026-1_8_91x3199_2417x6834_zoom.jpg,2026-03-14,2026-03-20,https://res.cloudinary.com/dfqzmnlga/image/upload/v1773460015/2026-03-14/11003392.jpg,Laundry liquid,"Wash your clothes, but don't worry—my job is done! 🧼"
11002935,10.0,Booster Original,Energi- Sports- & Vitamindrikke,Energidrik,1,0,ds.,Netto,https://static.tilbudsugen.dk/1st-retail/2026/12/64837/Netto112026-1_2_49x212_2290x2305_zoom.jpg,2026-03-14,2026-03-20,https://res.cloudinary.com/dfqzmnlga/image/upload/v1773460016/2026-03-14/11002935.jpg,Energy Drink,"💥 Turbocharged energy, fueled by life — because nothing says ""I'm alive"" like a caffeine high. 🚀"
11003674,15.0,Hello Sensitive,Vaskemiddel,Vaskemiddel-flydende,1,0,fl.,Netto,https://static.tilbudsugen.dk/1st-retail/2026/12/64837/Netto112026-1_25_1882x210_4893x2355_zoom.jpg,2026-03-14,2026-03-20,https://res.cloudinary.com/dfqzmnlga/image/upload/v1773460016/2026-03-14/11003674.jpg,Laundry liquid,"✨ Clean your clothes, but your life's a mess. 🧼"
11002954,10.0,Booster Original Zero,Energi- Sports- & Vitamindrikke,Energidrik,1,0,ds.,Netto,https://static.tilbudsugen.dk/1st-retail/2026/12/64837/Netto112026-1_2_49x212_2290x2305_zoom.jpg,2026-03-14,2026-03-20,https://res.cloudinary.com/dfqzmnlga/image/upload/v1773460017/2026-03-14/11002954.jpg,Energy Drink,"💥 Supercharged with energy, ready to crush any challenge! 🚀"
11004866,40.0,,Boligtekstiler,Viskestykke,1,2,pk.,Netto,https://static.tilbudsugen.dk/1st-retail/2026/12/64837/Netto112026-1_30_142x1832_1731x3485_zoom.jpg,2026-03-14,2026-03-20,https://res.cloudinary.com/dfqzmnlga/image/upload/v1773460017/2026-03-14/11004866.jpg,Teapot,☕️ Whispers of warmth and secrets in every cup.
11004114,10.0,Vel,Opvask,Opvaskemiddel,1,0,fl.,Netto,https://static.tilbudsugen.dk/1st-retail/2026/12/64837/Netto112026-1_24_1612x246_4806x2565_zoom.jpg,2026-03-14,2026-03-20,https://res.cloudinary.com/dfqzmnlga/image/upload/v1773460018/2026-03-14/11004114.jpg,Dishwasher,"Wash your dishes, clean your life, and let me do the work—✨"
11003477,10.0,Peka,Færdigretter Køl,Friske Små Kartofler,1,0,ps.,Netto,https://static.tilbudsugen.dk/1st-retail/2026/12/64837/Netto112026-1_12_2446x1437_3732x3129_zoom.jpg,2026-03-14,2026-03-20,https://res.cloudinary.com/dfqzmnlga/image/upload/v1773460018/2026-03-14/11003477.jpg,Fresh Small Potatoes,"Crispy, creamy, and ready to burst with flavor—perfect for any meal! 🍄"
11003497,30.0,Mutti,Grønt,Tomater,1,1,pk.,Netto,https://static.tilbudsugen.dk/1st-retail/2026/12/64837/Netto112026-1_12_3686x5405_4854x6914_zoom.jpg,2026-03-14,2026-03-20,https://res.cloudinary.com/dfqzmnlga/image/upload/v1773460019/2026-03-14/11003497.jpg,Tomatoes,"Red, ripe, and ready to burst—tomatoes are the flavor of the day! 🍅"
11003637,15.0,Bagernes Bedste,Rugbrød i Skiver,Rugbrødsskiver,1,0,pk.,Netto,https://static.tilbudsugen.dk/1st-retail/2026/12/64837/Netto112026-1_16_3293x2945_4939x4822_zoom.jpg,2026-03-14,2026-03-20,https://res.cloudinary.com/dfqzmnlga/image/upload/v1773460019/2026-03-14/11003637.jpg,Rye bread slices,"Soft, chewy, and slightly tangy — the perfect companion to any meal. 🍞"
11003710,25.0,Hello Sensitive,Balsam,Balsam,1,1,stk.,Netto,https://static.tilbudsugen.dk/1st-retail/2026/12/64837/Netto112026-1_25_118x2447_2538x4585_zoom.jpg,2026-03-14,2026-03-20,https://res.cloudinary.com/dfqzmnlga/image/upload/v1773460020/2026-03-14/11003710.jpg,Balsam,✨ A refreshing burst of fresh scent that lifts the mood and makes every day feel brighter! ✨
11003701,25.0,Hello Sensitive,"Sæbe, bad, dusch",Bodyshampoo,1,1,stk.,Netto,https://static.tilbudsugen.dk/1st-retail/2026/12/64837/Netto112026-1_25_118x2447_2538x4585_zoom.jpg,2026-03-14,2026-03-20,https://res.cloudinary.com/dfqzmnlga/image/upload/v1773460020/2026-03-14/11003701.jpg,Body shampoo,✨Lather up and glow—body shampoo is the ultimate refresh! 💦
11003705,25.0,Hello Sensitive,Shampoo,Shampoo,1,1,stk.,Netto,https://static.tilbudsugen.dk/1st-retail/2026/12/64837/Netto112026-1_25_118x2447_2538x4585_zoom.jpg,2026-03-14,2026-03-20,https://res.cloudinary.com/dfqzmnlga/image/upload/v1773460021/2026-03-14/11003705.jpg,Shampoo,"Glow up, hair lovers! 💦✨ 🧴"
11003677,6.0,Harvest Best,Grønt,Røde Kidneybønner,1,0,ds.,Netto,https://static.tilbudsugen.dk/1st-retail/2026/12/64837/Netto112026-1_20_42x1018_1654x2814_zoom.jpg,2026-03-14,2026-03-20,https://res.cloudinary.com/dfqzmnlga/image/upload/v1773460021/2026-03-14/11003677.jpg,Red Kidney beans,"Red Kidney beans: The vibrant, bold flavor that turns every meal into a celebration! 🌟"
11003653,6.0,Harvest Best,Grønt,Kikærter,1,0,ds.,Netto,https://static.tilbudsugen.dk/1st-retail/2026/12/64837/Netto112026-1_20_42x1018_1654x2814_zoom.jpg,2026-03-14,2026-03-20,https://res.cloudinary.com/dfqzmnlga/image/upload/v1773460022/2026-03-14/11003653.jpg,Chickpeas,"Spicy, nutty, and ready to burst into a salad — just add some love. 🌱"
11003351,20.0,Bistronne,Færdigretter Frost,Kyllingenuggets,1,0,ps.,Netto,https://static.tilbudsugen.dk/1st-retail/2026/12/64837/Netto112026-1_5_55x3708_2417x6840_zoom.jpg,2026-03-14,2026-03-20,https://res.cloudinary.com/dfqzmnlga/image/upload/v1773460023/2026-03-14/11003351.jpg,Chicken uggets,"Sizzling with flavor, ready to take over your plate! 🍗"
11003929,39.0,A+,Vaskemiddel,Vaskemiddel-flydende,1,1,stk.,Netto,https://static.tilbudsugen.dk/1st-retail/2026/12/64837/Netto112026-1_24_3209x2468_4998x4624_zoom.jpg,2026-03-14,2026-03-20,https://res.cloudinary.com/dfqzmnlga/image/upload/v1773460023/2026-03-14/11003929.jpg,Laundry liquid,"Wash your clothes, but don't worry—my formula is just as strong. 💧✨"
11003567,12.0,Hatting,Dybfrost Brød,Græskarkerneboller,1,0,ps.,Netto,https://static.tilbudsugen.dk/1st-retail/2026/12/64837/Netto112026-1_18_64x4857_2460x6858_zoom.jpg,2026-03-14,2026-03-20,https://res.cloudinary.com/dfqzmnlga/image/upload/v1773460023/2026-03-14/11003567.jpg,Pumpkin balls,"✨ Savoring sweet, spicy, and slightly tangy adventures with every bite! 🍂"
11003532,20.0,Peka,Færdigretter Køl,Flødekartofler med peberfrugt,1,0,ps.,Netto,https://static.tilbudsugen.dk/1st-retail/2026/12/64837/Netto112026-1_17_1642x2975_4792x4805_zoom.jpg,2026-03-14,2026-03-20,https://res.cloudinary.com/dfqzmnlga/image/upload/v1773460024/2026-03-14/11003532.jpg,Cream potatoes with peppers,Cream potatoes with peppers 🍳✨
11003533,20.0,Peka,Færdigretter Køl,Flødekartofler,1,0,ps.,Netto,https://static.tilbudsugen.dk/1st-retail/2026/12/64837/Netto112026-1_17_1642x2975_4792x4805_zoom.jpg,2026-03-14,2026-03-20,https://res.cloudinary.com/dfqzmnlga/image/upload/v1773460025/2026-03-14/11003533.jpg,Cream potatoes,"Cream potatoes: The creamy, cheesy, and slightly sweet secret to a perfect snack. 🍲"
11003572,12.0,Hatting,Dybfrost Brød,Surdejsboller,1,0,ps.,Netto,https://static.tilbudsugen.dk/1st-retail/2026/12/64837/Netto112026-1_18_64x4857_2460x6858_zoom.jpg,2026-03-14,2026-03-20,https://res.cloudinary.com/dfqzmnlga/image/upload/v1773460025/2026-03-14/11003572.jpg,Surdies,"✨ One-liner: ""I'm the ultimate kitchen tool—perfect for keeping things (and my sanity) in check."" 🛠️"
11003573,12.0,Hatting,Dybfrost Brød,Møllehjul,1,0,ps.,Netto,https://static.tilbudsugen.dk/1st-retail/2026/12/64837/Netto112026-1_18_64x4857_2460x6858_zoom.jpg,2026-03-14,2026-03-20,https://res.cloudinary.com/dfqzmnlga/image/upload/v1773460026/2026-03-14/11003573.jpg,Mill wheels,"✨ Spin like a wheel, turn the world upside down! 🌀"
11003574,12.0,Hatting,Dybfrost Brød,Manitobaboller,1,0,ps.,Netto,https://static.tilbudsugen.dk/1st-retail/2026/12/64837/Netto112026-1_18_64x4857_2460x6858_zoom.jpg,2026-03-14,2026-03-20,https://res.cloudinary.com/dfqzmnlga/image/upload/v1773460026/2026-03-14/11003574.jpg,Manitoba balls,"Savor the sweet crunch of Manitoba balls, where every bite is a mini adventure! 🍪"
11003382,89.0,,Australske vine,Australsk Rosevin,1,3,krt.,Netto,https://static.tilbudsugen.dk/1st-retail/2026/12/64837/Netto112026-1_7_2418x3634_4920x6816_zoom.jpg,2026-03-14,2026-03-20,https://res.cloudinary.com/dfqzmnlga/image/upload/v1773460027/2026-03-14/11003382.jpg,Australian Rosevin,🌸 Australian Rosevin: The floral delight that blooms in every cup of coffee.
11003383,89.0,,Australske vine,Australsk Hvidvin,1,3,krt.,Netto,https://static.tilbudsugen.dk/1st-retail/2026/12/64837/Netto112026-1_7_2418x3634_4920x6816_zoom.jpg,2026-03-14,2026-03-20,https://res.cloudinary.com/dfqzmnlga/image/upload/v1773460028/2026-03-14/11003383.jpg,Australian White wine,"Sip on the best of the best—Australian White wine, poured with flair. 🍷"
11003380,89.0,,Australske vine,Australsk Rødvin,1,3,krt.,Netto,https://static.tilbudsugen.dk/1st-retail/2026/12/64837/Netto112026-1_7_2418x3634_4920x6816_zoom.jpg,2026-03-14,2026-03-20,https://res.cloudinary.com/dfqzmnlga/image/upload/v1773460029/2026-03-14/11003380.jpg,Australian Red Wine,"Sip, savor, and let the flavors speak — Australian Red Wine. 🍷"
11003521,18.0,Næmt,Færdigretter Køl,Pandekager,1,0,pk.,Netto,https://static.tilbudsugen.dk/1st-retail/2026/12/64837/Netto112026-1_17_0x2951_1611x4829_zoom.jpg,2026-03-14,2026-03-20,https://res.cloudinary.com/dfqzmnlga/image/upload/v1773460029/2026-03-14/11003521.jpg,Pancakes,"Fluffy, golden, and always ready to stack up—just ask me to pancakes! 🥞"
11003548,12.0,Harvest Best,Frugt og bær,Jordbær,1,0,ps.,Netto,https://static.tilbudsugen.dk/1st-retail/2026/12/64837/Netto112026-1_18_67x2860_2435x4853_zoom.jpg,2026-03-14,2026-03-20,https://res.cloudinary.com/dfqzmnlga/image/upload/v1773460030/2026-03-14/11003548.jpg,Strawberries,"Sip, savor, and share—strawberries are the perfect punchline to any day. 🍓"
11003683,15.0,Hello Sensitive,Opvask,Opvaskemiddel,1,0,fl.,Netto,https://static.tilbudsugen.dk/1st-retail/2026/12/64837/Netto112026-1_25_2079x3719_4893x6737_zoom.jpg,2026-03-14,2026-03-20,https://res.cloudinary.com/dfqzmnlga/image/upload/v1773460031/2026-03-14/11003683.jpg,Dishwasher,"Wash the dishes, clean the chaos, and leave the mess behind — I'm the hero of the kitchen! 🧼"
11003640,15.0,Kohberg,Boller & Morgenbrød,Rugbrødsboller,1,0,ps.,Netto,https://static.tilbudsugen.dk/1st-retail/2026/12/64837/Netto112026-1_16_3293x2945_4939x4822_zoom.jpg,2026-03-14,2026-03-20,https://res.cloudinary.com/dfqzmnlga/image/upload/v1773460031/2026-03-14/11003640.jpg,Rye breadballs,"Bite-sized bliss, wrapped in dough and sprinkled with joy. 🍞✨"
11002962,15.0,,Frugt,Vindruer,1,0,bk.,Netto,https://static.tilbudsugen.dk/1st-retail/2026/12/64837/Netto112026-1_3_0x600_2569x3332_zoom.jpg,2026-03-14,2026-03-20,https://res.cloudinary.com/dfqzmnlga/image/upload/v1773460032/2026-03-14/11002962.jpg,Grapes,"Glistening and juicy, I'm the perfect snack for any afternoon snack, 🍇"
11003450,15.0,ØGO,Grønt,Sød Kartoffel,1,0,bk.,Netto,https://static.tilbudsugen.dk/1st-retail/2026/12/64837/Netto112026-1_9_2204x4710_4762x6822_zoom.jpg,2026-03-14,2026-03-20,https://res.cloudinary.com/dfqzmnlga/image/upload/v1773460032/2026-03-14/11003450.jpg,Sweet Potato,"Sweet Potato: ""I'm the root of all sweetness, and I'm always ready to share a cozy, comforting vibe."" 🍄"
11003493,15.0,Garofalo,Pasta,Pasta,1,0,pk.,Netto,https://static.tilbudsugen.dk/1st-retail/2026/12/64837/Netto112026-1_12_2479x5104_3752x6888_zoom.jpg,2026-03-14,2026-03-20,https://res.cloudinary.com/dfqzmnlga/image/upload/v1773460032/2026-03-14/11003493.jpg,Pasta,"Savory, simple, and always ready to elevate any meal—just a pasta to bring the taste of home. 🍝"
11003501,30.0,,Frugt,Vandmelon,1,1,stk.,Netto,https://static.tilbudsugen.dk/1st-retail/2026/12/64837/Netto112026-1_13_52x4362_2564x6888_zoom.jpg,2026-03-14,2026-03-20,https://res.cloudinary.com/dfqzmnlga/image/upload/v1773460033/2026-03-14/11003501.jpg,Watermelon,"Sip, savor, and share — the ultimate refreshment! 🍉"
11003476,45.0,Rose,Kylling,Kylling,1,1,stk.,Netto,https://static.tilbudsugen.dk/1st-retail/2026/12/64837/Netto112026-1_12_1279x1345_2610x3083_zoom.jpg,2026-03-14,2026-03-20,https://res.cloudinary.com/dfqzmnlga/image/upload/v1773460033/2026-03-14/11003476.jpg,Chicken,"Sizzling with flavor, I'm the chicken that never sits still — ready to ignite your taste buds! 🍗"
11003352,45.0,Rose,Kylling,Kylling,1,1,stk.,Netto,https://static.tilbudsugen.dk/1st-retail/2026/12/64837/Netto112026-1_6_42x57_2580x2369_zoom.jpg,2026-03-14,2026-03-20,https://res.cloudinary.com/dfqzmnlga/image/upload/v1773460034/2026-03-14/11003352.jpg,Chicken,"Sizzling with flavor, I'm the chicken that never folds—just ask anyone who's had my grill! 🍗"
11003602,15.0,Kohberg,Boller & Morgenbrød,Yoghurtboller,1,0,ps.,Netto,https://static.tilbudsugen.dk/1st-retail/2026/12/64837/Netto112026-1_16_3293x2945_4939x4822_zoom.jpg,2026-03-14,2026-03-20,https://res.cloudinary.com/dfqzmnlga/image/upload/v1773460034/2026-03-14/11003602.jpg,Yogurt balls,"Savory, creamy, and slightly sweet – perfect for a quick snack or a mood booster! 🍯"
11003844,8.0,Murph,Mellemmåltider,Protein Shake Vanilla,1,0,fl.,Netto,https://static.tilbudsugen.dk/1st-retail/2026/12/64837/Netto112026-1_23_1689x2616_3238x4645_zoom.jpg,2026-03-14,2026-03-20,https://res.cloudinary.com/dfqzmnlga/image/upload/v1773460035/2026-03-14/11003844.jpg,Protein Shake Vanilla,✨ Boost your energy with a flavor-packed protein boost! 🌟
11003339,8.0,Cremefine,Madlavning friskvarer,Flødealternativ 19 %,1,0,fl.,Netto,https://static.tilbudsugen.dk/1st-retail/2026/12/64837/Netto112026-1_4_35x92_2446x3747_zoom.jpg,2026-03-14,2026-03-20,https://res.cloudinary.com/dfqzmnlga/image/upload/v1773460035/2026-03-14/11003339.jpg,Cream Alternative 19 %,"✨ Swap the cream, but keep the flavor — this alternative is a creamy delight!"
11003336,8.0,Cremefine,Madlavning friskvarer,Madlavningsfløde 15 %,1,0,fl.,Netto,https://static.tilbudsugen.dk/1st-retail/2026/12/64837/Netto112026-1_4_35x92_2446x3747_zoom.jpg,2026-03-14,2026-03-20,https://res.cloudinary.com/dfqzmnlga/image/upload/v1773460036/2026-03-14/11003336.jpg,Cooking cream 15 %,✨ Whisking wonders into every dish with a dash of flair!
11003884,8.0,Murph,Mellemmåltider,Protein Shake Cocoa,1,0,fl.,Netto,https://static.tilbudsugen.dk/1st-retail/2026/12/64837/Netto112026-1_23_1689x2616_3238x4645_zoom.jpg,2026-03-14,2026-03-20,https://res.cloudinary.com/dfqzmnlga/image/upload/v1773460036/2026-03-14/11003884.jpg,Protein Shake Cocoa,✨ Nutrient-packed energy booster that satisfies your cravings and fuels your day!
11003338,8.0,Cremefine,Madlavning friskvarer,Madlavningsfløde 7 %,1,0,fl.,Netto,https://static.tilbudsugen.dk/1st-retail/2026/12/64837/Netto112026-1_4_35x92_2446x3747_zoom.jpg,2026-03-14,2026-03-20,https://res.cloudinary.com/dfqzmnlga/image/upload/v1773460037/2026-03-14/11003338.jpg,Cooking cream 7 per cent,"Savory smoothie booster, ready to blend the best flavors into your day. 🌟"
11004106,10.0,Palmolive,"Sæbe, bad, dusch",Flydende sæbe,1,0,stk.,Netto,https://static.tilbudsugen.dk/1st-retail/2026/12/64837/Netto112026-1_24_30x2493_1678x4639_zoom.jpg,2026-03-14,2026-03-20,https://res.cloudinary.com/dfqzmnlga/image/upload/v1773460038/2026-03-14/11004106.jpg,Liquid soap,✨ Clean your life with a splash of sparkle! ✨
11003534,20.0,Peka,Færdigretter Køl,Flødekartofler med Bacon & Ost,1,0,ps.,Netto,https://static.tilbudsugen.dk/1st-retail/2026/12/64837/Netto112026-1_17_1642x2975_4792x4805_zoom.jpg,2026-03-14,2026-03-20,https://res.cloudinary.com/dfqzmnlga/image/upload/v1773460038/2026-03-14/11003534.jpg,Cream potatoes with Bacon & Cheese,Savory cream potatoes with bacon and cheese — the perfect blend of creamy comfort and crispy crunch. 🥦 Bacon 🧀 🧄
11003354,10.0,Velsmag,Grisekød,Hakket grisekød 8-12%,1,0,bk.,Netto,https://static.tilbudsugen.dk/1st-retail/2026/12/64837/Netto112026-1_6_7x2998_2418x4864_zoom.jpg,2026-03-14,2026-03-20,https://res.cloudinary.com/dfqzmnlga/image/upload/v1773460039/2026-03-14/11003354.jpg,Minced pig meat 8-12 per cent,"🔥 Crispy, juicy, and ready to spark a conversation—perfect for any meal! 🥘"
11004927,69.0,Feinschmecker,Herretøj,Boxershorts,1,2,pk.,Netto,https://static.tilbudsugen.dk/1st-retail/2026/12/64837/Netto112026-1_33_181x2462_1999x4509_zoom.jpg,2026-03-14,2026-03-20,https://res.cloudinary.com/dfqzmnlga/image/upload/v1773460039/2026-03-14/11004927.jpg,Boxers shorts,"Slaying the day in boxers shorts, ready to conquer anything. 🥵"
11003608,15.0,Kohberg,Sandwich & Toastbrød,Cafe Sandwich Protein,1,0,ps.,Netto,https://static.tilbudsugen.dk/1st-retail/2026/12/64837/Netto112026-1_16_3293x2945_4939x4822_zoom.jpg,2026-03-14,2026-03-20,https://res.cloudinary.com/dfqzmnlga/image/upload/v1773460040/2026-03-14/11003608.jpg,Cafe Sandwich Protein,Craving a bite that satisfies both your taste buds and your energy levels? 🥗💪
11003490,15.0,Kohberg,Sandwich & Toastbrød,Cafe Sandwich Surdej,1,0,ps.,Netto,https://static.tilbudsugen.dk/1st-retail/2026/12/64837/Netto112026-1_12_2532x3247_3712x5084_zoom.jpg,2026-03-14,2026-03-20,https://res.cloudinary.com/dfqzmnlga/image/upload/v1773460040/2026-03-14/11003490.jpg,Cafe Sandwich Surdej,"✨ Sandwich that makes your day better, one bite at a time!"
11003463,9.49,ØGO,Fersk pasta,Fettuccine Spinat,1,0,pk.,Netto,https://static.tilbudsugen.dk/1st-retail/2026/12/64837/Netto112026-1_10_3345x597_4867x4356_zoom.jpg,2026-03-14,2026-03-20,https://res.cloudinary.com/dfqzmnlga/image/upload/v1773460040/2026-03-14/11003463.jpg,Fettuccine Spinach,"Sleek, creamy, and slightly cheesy — the perfect pasta for a cozy night out 🍝✨"
11002899,10.0,Rahbek,Fisk og skaldyr Frost ,Indbagt Laks med Julienne sauce,1,0,pk.,Netto,https://static.tilbudsugen.dk/1st-retail/2026/12/64837/Netto112026-1_1_42x4375_2502x6895_zoom.jpg,2026-03-14,2026-03-20,https://res.cloudinary.com/dfqzmnlga/image/upload/v1773460041/2026-03-14/11002899.jpg,Baked Salmon with Julienne Sauce,"Sizzling with flavor, my salmon is the star of the show — and the perfect match for a delicious meal. 🍣"
11002898,10.0,Rahbek,Fisk og skaldyr Frost ,Indbagte Rejer med Asparges og Dildsauce,1,0,pk.,Netto,https://static.tilbudsugen.dk/1st-retail/2026/12/64837/Netto112026-1_1_42x4375_2502x6895_zoom.jpg,2026-03-14,2026-03-20,https://res.cloudinary.com/dfqzmnlga/image/upload/v1773460041/2026-03-14/11002898.jpg,Baked Shrimps with Asparagus and Dildsauce,"Sizzling with flavor, my taste buds are ready for a spicy, sweet adventure! 🍤✨"
11002894,10.0,Rahbek,Fisk og skaldyr Frost ,Indbagt Laks med Julienne sauce,1,0,pk.,Netto,https://static.tilbudsugen.dk/1st-retail/2026/12/64837/Netto112026-1_1_42x4375_2502x6895_zoom.jpg,2026-03-14,2026-03-20,https://res.cloudinary.com/dfqzmnlga/image/upload/v1773460042/2026-03-14/11002894.jpg,Baked Salmon with Julienne Sauce,Savor the ocean in a sauce – just like you would with a delicious salmon. 🍣
11002897,10.0,Rahbek,Fisk og skaldyr Frost ,Indbagt Hvid Alaska Sej,1,0,pk.,Netto,https://static.tilbudsugen.dk/1st-retail/2026/12/64837/Netto112026-1_1_42x4375_2502x6895_zoom.jpg,2026-03-14,2026-03-20,https://res.cloudinary.com/dfqzmnlga/image/upload/v1773460043/2026-03-14/11002897.jpg,Baked White Alaska Saithe,"✨ A fluffy, buttery delight that's as cozy as a winter blanket and as delicious as a secret recipe."
11003679,25.0,Hello Sensitive,Opvask,Maskinopvask-gel,1,0,stk.,Netto,https://static.tilbudsugen.dk/1st-retail/2026/12/64837/Netto112026-1_25_39x4612_2099x6809_zoom.jpg,2026-03-14,2026-03-20,https://res.cloudinary.com/dfqzmnlga/image/upload/v1773460044/2026-03-14/11003679.jpg,Machine dishwashing gel,"✨ Clean your plates, not your worries! ✨"
11003360,25.0,,Kylling,Kyllingeunderlår,1,0,pk.,Netto,https://static.tilbudsugen.dk/1st-retail/2026/12/64837/Netto112026-1_6_2467x2842_4941x4737_zoom.jpg,2026-03-14,2026-03-20,https://res.cloudinary.com/dfqzmnlga/image/upload/v1773460045/2026-03-14/11003360.jpg,Chicken's thighs,"Sizzling with flavor, ready to conquer any plate! 🍗"
11003667,25.0,Cocoa Crunchers,Morgenmadsprodukter,Morgenmadsprodukt,1,0,ps.,Netto,https://static.tilbudsugen.dk/1st-retail/2026/12/64837/Netto112026-1_20_1590x2885_3259x4787_zoom.jpg,2026-03-14,2026-03-20,https://res.cloudinary.com/dfqzmnlga/image/upload/v1773460045/2026-03-14/11003667.jpg,Breakfast product,"✨ Wake up, eat well, and never miss a morning vibe! ✨"
11003670,25.0,Cocoaballs,Morgenmadsprodukter,Morgenmadsprodukt,1,0,ps.,Netto,https://static.tilbudsugen.dk/1st-retail/2026/12/64837/Netto112026-1_20_1590x2885_3259x4787_zoom.jpg,2026-03-14,2026-03-20,https://res.cloudinary.com/dfqzmnlga/image/upload/v1773460046/2026-03-14/11003670.jpg,Breakfast product,Sizzle your day with a breakfast boost – just add flavor and energy! 🥣
11003374,33.0,,Italienske vine,Italiensk Hvidvin,1,0,fl.,Netto,https://static.tilbudsugen.dk/1st-retail/2026/12/64837/Netto112026-1_7_14x262_2354x3599_zoom.jpg,2026-03-14,2026-03-20,https://res.cloudinary.com/dfqzmnlga/image/upload/v1773460046/2026-03-14/11003374.jpg,Italian White wine,"Sip, savor, and let the flavors speak—Italian white wine, ready to elevate any moment. 🍷"
11003386,33.0,,Italienske vine,Italiensk Rødvin,1,0,fl.,Netto,https://static.tilbudsugen.dk/1st-retail/2026/12/64837/Netto112026-1_7_14x262_2354x3599_zoom.jpg,2026-03-14,2026-03-20,https://res.cloudinary.com/dfqzmnlga/image/upload/v1773460047/2026-03-14/11003386.jpg,Italian Red Wine,"Ripred wine, bold and bold, with a flavor that's bold and bold. 🍷"
11003385,33.0,,Italienske vine,Italiensk Rødvin,1,0,fl.,Netto,https://static.tilbudsugen.dk/1st-retail/2026/12/64837/Netto112026-1_7_14x262_2354x3599_zoom.jpg,2026-03-14,2026-03-20,https://res.cloudinary.com/dfqzmnlga/image/upload/v1773460047/2026-03-14/11003385.jpg,Italian Red Wine,"A smoky, velvety sip of passion — perfect for a night of storytelling. 🍷"
11003387,33.0,,Italienske vine,Italiensk Hvidvin,1,0,fl.,Netto,https://static.tilbudsugen.dk/1st-retail/2026/12/64837/Netto112026-1_7_14x262_2354x3599_zoom.jpg,2026-03-14,2026-03-20,https://res.cloudinary.com/dfqzmnlga/image/upload/v1773460048/2026-03-14/11003387.jpg,Italian White wine,"Sip the sunset in every glass—Italian white wine, always. 🍷"
11003707,12.0,Popz,Popcorn,Popcorn Salted,1,0,pk.,Netto,https://static.tilbudsugen.dk/1st-retail/2026/12/64837/Netto112026-1_21_1682x170_3372x2878_zoom.jpg,2026-03-14,2026-03-20,https://res.cloudinary.com/dfqzmnlga/image/upload/v1773460049/2026-03-14/11003707.jpg,Popcorn Salted,"Salted popcorn, crispy and cheerful, ready to pop your day. 🍿✨"
11003462,11.21,ØGO,Madlavning friskvarer,Piskefløde 38%,1,0,stk.,Netto,https://static.tilbudsugen.dk/1st-retail/2026/12/64837/Netto112026-1_10_2945x4461_4913x6894_zoom.jpg,2026-03-14,2026-03-20,https://res.cloudinary.com/dfqzmnlga/image/upload/v1773460049/2026-03-14/11003462.jpg,Whip cream 38%,Slaying desserts with a sprinkle of cream and a dash of flair 🍯
11004105,20.0,Domestos,Rengøringsmidler,Rengøringsmiddel,1,0,stk.,Netto,https://static.tilbudsugen.dk/1st-retail/2026/12/64837/Netto112026-1_24_1666x2517_3410x4585_zoom.jpg,2026-03-14,2026-03-20,https://res.cloudinary.com/dfqzmnlga/image/upload/v1773460050/2026-03-14/11004105.jpg,Cleaning agent,"✨ Clean vibes, clean vibes, clean vibes! ✨"
11003549,12.0,Harvest Best,Frugt og bær,Mango i tern,1,0,ps.,Netto,https://static.tilbudsugen.dk/1st-retail/2026/12/64837/Netto112026-1_18_67x2860_2435x4853_zoom.jpg,2026-03-14,2026-03-20,https://res.cloudinary.com/dfqzmnlga/image/upload/v1773460050/2026-03-14/11003549.jpg,Mango in cube,"Sweet, juicy, and perfectly cube-shaped — the mango that's everywhere, but never quite the same. 🍌_CUBE"
11003545,12.0,Harvest Best,Frugt og bær,Bærmix,1,0,ps.,Netto,https://static.tilbudsugen.dk/1st-retail/2026/12/64837/Netto112026-1_18_67x2860_2435x4853_zoom.jpg,2026-03-14,2026-03-20,https://res.cloudinary.com/dfqzmnlga/image/upload/v1773460051/2026-03-14/11003545.jpg,Berry mix,"Cherries, strawberries, and tangy joy — perfect for any snack! 🍓🍓✨"
11003492,12.0,Chestfords,Dressing,Karry Mango Dressing,1,0,stk.,Netto,https://static.tilbudsugen.dk/1st-retail/2026/12/64837/Netto112026-1_12_3719x3195_4972x4999_zoom.jpg,2026-03-14,2026-03-20,https://res.cloudinary.com/dfqzmnlga/image/upload/v1773460051/2026-03-14/11003492.jpg,Curry Mango Dressing,"A burst of flavor and sweetness, perfect for any occasion, 🌴✨"
11003551,12.0,Harvest Best,Frugt og bær,Jordbær i Tern,1,0,ps.,Netto,https://static.tilbudsugen.dk/1st-retail/2026/12/64837/Netto112026-1_18_67x2860_2435x4853_zoom.jpg,2026-03-14,2026-03-20,https://res.cloudinary.com/dfqzmnlga/image/upload/v1773460052/2026-03-14/11003551.jpg,Strawberries in Tern,"Strawberries in Tern: Sweet, juicy, and just perfect for a morning latte. 🍓"
11003550,12.0,Harvest Best,Frugt og bær,Blåbær,1,0,ps.,Netto,https://static.tilbudsugen.dk/1st-retail/2026/12/64837/Netto112026-1_18_67x2860_2435x4853_zoom.jpg,2026-03-14,2026-03-20,https://res.cloudinary.com/dfqzmnlga/image/upload/v1773460052/2026-03-14/11003550.jpg,Blueberries,"✨ Whisked in the morning, I'm the spark that makes breakfast dreams come true. 🍓"
11003486,39.0,Rose,Kylling,Hakket kylling 7-10%,1,0,bk.,Netto,https://static.tilbudsugen.dk/1st-retail/2026/12/64837/Netto112026-1_12_1226x5333_2558x6849_zoom.jpg,2026-03-14,2026-03-20,https://res.cloudinary.com/dfqzmnlga/image/upload/v1773460053/2026-03-14/11003486.jpg,Chicked chicken 7-10%,✨ Chicked chicken 7-10% – the perfect balance of flavor and fun! 🍗
11003472,9.97,La Campagna,Pålægssalat,Hummus,1,0,bg.,Netto,https://static.tilbudsugen.dk/1st-retail/2026/12/64837/Netto112026-1_11_2715x4264_4998x6855_zoom.jpg,2026-03-14,2026-03-20,https://res.cloudinary.com/dfqzmnlga/image/upload/v1773460053/2026-03-14/11003472.jpg,Hummus,"Spicy, creamy, and perfect for any snack — just don't forget to add some love. 🍣"
11003502,24.95,Velsmag,Grisekød,Ribbensteg,1,0,bk.,Netto,https://static.tilbudsugen.dk/1st-retail/2026/12/64837/Netto112026-1_14_79x787_2545x2663_zoom.jpg,2026-03-14,2026-03-20,https://res.cloudinary.com/dfqzmnlga/image/upload/v1773460054/2026-03-14/11003502.jpg,Robin roast,Robin roast 🍲✨
11003614,20.0,Grovhakket,Postej og Paté,Leverpostej,1,0,pk.,Netto,https://static.tilbudsugen.dk/1st-retail/2026/12/64837/Netto112026-1_16_59x2880_1745x4854_zoom.jpg,2026-03-14,2026-03-20,https://res.cloudinary.com/dfqzmnlga/image/upload/v1773460054/2026-03-14/11003614.jpg,Liver pie,"Craving a savory, smoky burst of flavor? I'm liver pie—bold, hearty, and ready to satisfy your taste buds. 🍴"
11003347,10.0,Steff Houlberg,Færdigretter Frost,Parisertoast,1,0,pk.,Netto,https://static.tilbudsugen.dk/1st-retail/2026/12/64837/Netto112026-1_5_2696x709_4816x3738_zoom.jpg,2026-03-14,2026-03-20,https://res.cloudinary.com/dfqzmnlga/image/upload/v1773460055/2026-03-14/11003347.jpg,Parisertoast,"Savoring the perfect blend of Paris and toast, 🍞"
11003615,20.0,Fransk Postej,Postej og Paté,Leverpostej,1,0,pk.,Netto,https://static.tilbudsugen.dk/1st-retail/2026/12/64837/Netto112026-1_16_59x2880_1745x4854_zoom.jpg,2026-03-14,2026-03-20,https://res.cloudinary.com/dfqzmnlga/image/upload/v1773460055/2026-03-14/11003615.jpg,Liver pie,Liver pie: The ultimate flavor that makes every meal a little more exciting — and a little more delicious. 🍽️
11003537,25.0,Pølsemesteren,300 g - 599 g Normalpakke Pølser,Hotdogpølser,1,0,pk.,Netto,https://static.tilbudsugen.dk/1st-retail/2026/12/64837/Netto112026-1_17_0x630_4877x2969_zoom.jpg,2026-03-14,2026-03-20,https://res.cloudinary.com/dfqzmnlga/image/upload/v1773460056/2026-03-14/11003537.jpg,Hot dog sausages,"Sizzling with flavor, I’m the perfect partner for a hot dog sandwich—crisp, juicy, and ready to roll. 🍔"
11003668,25.0,Crunchy Loops,Morgenmadsprodukter,Morgenmadsprodukt,1,0,ps.,Netto,https://static.tilbudsugen.dk/1st-retail/2026/12/64837/Netto112026-1_20_1590x2885_3259x4787_zoom.jpg,2026-03-14,2026-03-20,https://res.cloudinary.com/dfqzmnlga/image/upload/v1773460056/2026-03-14/11003668.jpg,Breakfast product,"Egg-shaped joy, ready to flip and spark your day 🥚"
11003669,25.0,Crispy Puffs,Morgenmadsprodukter,Morgenmadsprodukt,1,0,ps.,Netto,https://static.tilbudsugen.dk/1st-retail/2026/12/64837/Netto112026-1_20_1590x2885_3259x4787_zoom.jpg,2026-03-14,2026-03-20,https://res.cloudinary.com/dfqzmnlga/image/upload/v1773460057/2026-03-14/11003669.jpg,Breakfast product,"✨ Wake up, eat well, and never miss a breakfast moment! ✨"
11003708,12.0,Popz,Popcorn,Popcorn 50% mindre fedt,1,0,pk.,Netto,https://static.tilbudsugen.dk/1st-retail/2026/12/64837/Netto112026-1_21_1682x170_3372x2878_zoom.jpg,2026-03-14,2026-03-20,https://res.cloudinary.com/dfqzmnlga/image/upload/v1773460057/2026-03-14/11003708.jpg,Popcorn 50% less fat,"Popcorn: Lightly crispy, just right for a movie night snack 🍿"
11003709,12.0,Popz,Popcorn,Popcorn Paprika Flavour,1,0,pk.,Netto,https://static.tilbudsugen.dk/1st-retail/2026/12/64837/Netto112026-1_21_1682x170_3372x2878_zoom.jpg,2026-03-14,2026-03-20,https://res.cloudinary.com/dfqzmnlga/image/upload/v1773460058/2026-03-14/11003709.jpg,Popcorn Paprika Flavour,"Popcorn Paprika Flavour: Popcorn, flavor, and a dash of spice—perfect for any snack. 🍿✨"
11003704,12.0,Popz,Popcorn,Popcorn Smørsmag,1,0,pk.,Netto,https://static.tilbudsugen.dk/1st-retail/2026/12/64837/Netto112026-1_21_1682x170_3372x2878_zoom.jpg,2026-03-14,2026-03-20,https://res.cloudinary.com/dfqzmnlga/image/upload/v1773460058/2026-03-14/11003704.jpg,Popcorn Butter flavor,"✨ Popcorn Butter flavor, creamy and crispy, perfect for any snack moment! 🍿"
11004098,35.0,TreSemmé,Balsam,Balsam,1,0,stk.,Netto,https://static.tilbudsugen.dk/1st-retail/2026/12/64837/Netto112026-1_24_1654x4615_3302x6845_zoom.jpg,2026-03-14,2026-03-20,https://res.cloudinary.com/dfqzmnlga/image/upload/v1773460059/2026-03-14/11004098.jpg,Balsam,✨ A soothing balm for your soul and your skin 🌿
11004099,35.0,TreSemmé,Shampoo,Shampoo,1,0,stk.,Netto,https://static.tilbudsugen.dk/1st-retail/2026/12/64837/Netto112026-1_24_1654x4615_3302x6845_zoom.jpg,2026-03-14,2026-03-20,https://res.cloudinary.com/dfqzmnlga/image/upload/v1773460060/2026-03-14/11004099.jpg,Shampoo,"Wash your hair, and let the vibes flow — 🧴✨"
11003377,39.0,,Tyske vine,Tysk Hvidvin,1,0,fl.,Netto,https://static.tilbudsugen.dk/1st-retail/2026/12/64837/Netto112026-1_7_2411x339_4920x3627_zoom.jpg,2026-03-14,2026-03-20,https://res.cloudinary.com/dfqzmnlga/image/upload/v1773460060/2026-03-14/11003377.jpg,German White wine,"A sip of elegance, a toast to flavor—German White wine, where every glass tells a story. 🍷"
11003378,39.0,,Tyske vine,Tysk Rødvin,1,0,fl.,Netto,https://static.tilbudsugen.dk/1st-retail/2026/12/64837/Netto112026-1_7_2411x339_4920x3627_zoom.jpg,2026-03-14,2026-03-20,https://res.cloudinary.com/dfqzmnlga/image/upload/v1773460061/2026-03-14/11003378.jpg,German Red Wine,"A sip of elegance, a toast to taste, 🍷"
11003379,39.0,,Tyske vine,Tysk Mousserende Vin,1,0,fl.,Netto,https://static.tilbudsugen.dk/1st-retail/2026/12/64837/Netto112026-1_7_2411x339_4920x3627_zoom.jpg,2026-03-14,2026-03-20,https://res.cloudinary.com/dfqzmnlga/image/upload/v1773460061/2026-03-14/11003379.jpg,German Sparkling Wine,"A sip of elegance, a toast to the unexpected—German Sparkling Wine. 🍷"
11002916,20.0,Ristorante,Pizza Frost,Pizza Bolognese,1,0,stk.,Netto,https://static.tilbudsugen.dk/1st-retail/2026/12/64837/Netto112026-1_2_2156x2333_4998x4787_zoom.jpg,2026-03-14,2026-03-20,https://res.cloudinary.com/dfqzmnlga/image/upload/v1773460062/2026-03-14/11002916.jpg,Pizza Bolognese,"Savoring the perfect blend of flavors, one bite at a time 🍕🔥"
11003474,12.06,Pågen,Kager,Vanillas,1,0,ps.,Netto,https://static.tilbudsugen.dk/1st-retail/2026/12/64837/Netto112026-1_11_79x3267_2512x6849_zoom.jpg,2026-03-14,2026-03-20,https://res.cloudinary.com/dfqzmnlga/image/upload/v1773460062/2026-03-14/11003474.jpg,Vanillas,"Vanilla: The sweet, creamy heart of every dessert, always perfect with a cup of coffee. 🌟"
11003713,15.0,Wasa,Kiks,Chocolate Chip Biscuits,1,0,pk.,Netto,https://static.tilbudsugen.dk/1st-retail/2026/12/64837/Netto112026-1_21_3344x177_4906x2934_zoom.jpg,2026-03-14,2026-03-20,https://res.cloudinary.com/dfqzmnlga/image/upload/v1773460063/2026-03-14/11003713.jpg,Chocolate Chip Biscuits,"Soft, sweet, and slightly salty — perfect for a rainy day with a good cup of coffee. 🍫"
11003535,25.0,Pølsemesteren,300 g - 599 g Normalpakke Pølser,Grillpølser,1,0,pk.,Netto,https://static.tilbudsugen.dk/1st-retail/2026/12/64837/Netto112026-1_17_0x630_4877x2969_zoom.jpg,2026-03-14,2026-03-20,https://res.cloudinary.com/dfqzmnlga/image/upload/v1773460063/2026-03-14/11003535.jpg,Barbecue sausages,"Smoky, spicy, and ready to ignite your taste buds — perfect for a hot day! 🍛"
11002917,20.0,Ristorante,Pizza Frost,Pizza Hawaii,1,0,stk.,Netto,https://static.tilbudsugen.dk/1st-retail/2026/12/64837/Netto112026-1_2_2156x2333_4998x4787_zoom.jpg,2026-03-14,2026-03-20,https://res.cloudinary.com/dfqzmnlga/image/upload/v1773460064/2026-03-14/11002917.jpg,Pizza Hawaii,🔥 Pizza Hawaii – the ultimate flavor explosion! 🍕
11003350,20.0,Bistronne,Fjerkræ,Kyllingestrimler,1,0,ps.,Netto,https://static.tilbudsugen.dk/1st-retail/2026/12/64837/Netto112026-1_5_55x3708_2417x6840_zoom.jpg,2026-03-14,2026-03-20,https://res.cloudinary.com/dfqzmnlga/image/upload/v1773460064/2026-03-14/11003350.jpg,Chicken straws,"Savor the crunch of a perfect chicken straw—crispy, satisfying, and ready to pair with your favorite snack. 🍗"
11003616,20.0,Stryhns,Pålægspølser,Røget Medister,1,0,pk.,Netto,https://static.tilbudsugen.dk/1st-retail/2026/12/64837/Netto112026-1_16_59x2880_1745x4854_zoom.jpg,2026-03-14,2026-03-20,https://res.cloudinary.com/dfqzmnlga/image/upload/v1773460064/2026-03-14/11003616.jpg,Smoked Medists,"🔥 Smoked Medists: The perfect blend of flavor and fire, ready to ignite your taste buds! 🍴"
11003692,25.0,Jakobsens,Sødemiddel,Honning,1,0,bg.,Netto,https://static.tilbudsugen.dk/1st-retail/2026/12/64837/Netto112026-1_20_55x4926_1769x6792_zoom.jpg,2026-03-14,2026-03-20,https://res.cloudinary.com/dfqzmnlga/image/upload/v1773460065/2026-03-14/11003692.jpg,Honey,"Sweet, sticky, and smothering—like a hug in a jar 🍯"
11002919,20.0,Ristorante,Pizza Frost,Pizza Prosciutto,1,0,stk.,Netto,https://static.tilbudsugen.dk/1st-retail/2026/12/64837/Netto112026-1_2_2156x2333_4998x4787_zoom.jpg,2026-03-14,2026-03-20,https://res.cloudinary.com/dfqzmnlga/image/upload/v1773460065/2026-03-14/11002919.jpg,Pizza Prosciutto,"Slice of heaven, crispy and creamy, with prosciutto and pepperoni—perfect for a quick, delicious bite. 🍕"
11003544,59.0,Chick N Quick,Færdigretter Frost,Kyllingespyd,1,1,ps.,Netto,https://static.tilbudsugen.dk/1st-retail/2026/12/64837/Netto112026-1_18_2466x4835_4859x6810_zoom.jpg,2026-03-14,2026-03-20,https://res.cloudinary.com/dfqzmnlga/image/upload/v1773460066/2026-03-14/11003544.jpg,Chicken sip,"Sip on the flavor of chicken, one bite at a time. 🍗"
11002920,25.0,Gøl,300 g - 599 g Normalpakke Pølser,Frankfurter,1,0,pk.,Netto,https://static.tilbudsugen.dk/1st-retail/2026/12/64837/Netto112026-1_2_2312x4744_4941x6759_zoom.jpg,2026-03-14,2026-03-20,https://res.cloudinary.com/dfqzmnlga/image/upload/v1773460066/2026-03-14/11002920.jpg,Frankfurter,"Sizzle your way through life with a bold, spicy twist — 🍔🔥"
11003488,12.0,Athena,Salater,Tzatziki,1,0,bg.,Netto,https://static.tilbudsugen.dk/1st-retail/2026/12/64837/Netto112026-1_12_3725x1496_4932x3083_zoom.jpg,2026-03-14,2026-03-20,https://res.cloudinary.com/dfqzmnlga/image/upload/v1773460067/2026-03-14/11003488.jpg,Tzatziki,"Sour, creamy, and refreshing—tzatziki knows how to balance the taste of a meal. 🍸"
11003331,12.0,Kærgården,Fedtstoffer,Smørbar,1,0,bg.,Netto,https://static.tilbudsugen.dk/1st-retail/2026/12/64837/Netto112026-1_4_2453x361_4998x3542_zoom.jpg,2026-03-14,2026-03-20,https://res.cloudinary.com/dfqzmnlga/image/upload/v1773460067/2026-03-14/11003331.jpg,Butterable,"✨ Butterable, the creamy delight that melts in your mouth and makes every bite feel like a hug. ✨"
11003561,12.0,Puck,Madlavningsost,Salatost,1,0,stk.,Netto,https://static.tilbudsugen.dk/1st-retail/2026/12/64837/Netto112026-1_15_2748x689_4991x2919_zoom.jpg,2026-03-14,2026-03-20,https://res.cloudinary.com/dfqzmnlga/image/upload/v1773460068/2026-03-14/11003561.jpg,Salad cheese,"Savor the crunch of flavor with every bite—salad cheese, fresh and fiery. 🍅"
11003332,12.0,Kærgården,Fedtstoffer,Smørbar Let,1,0,bg.,Netto,https://static.tilbudsugen.dk/1st-retail/2026/12/64837/Netto112026-1_4_2453x361_4998x3542_zoom.jpg,2026-03-14,2026-03-20,https://res.cloudinary.com/dfqzmnlga/image/upload/v1773460068/2026-03-14/11003332.jpg,Spreadable Light,"✨ Spreadable Light that melts into your heart, perfect for any mood. ✨"
11004128,45.0,,Sydafrikanske vine,Sydafrikansk Rosevin,1,0,fl.,Netto,https://static.tilbudsugen.dk/1st-retail/2026/12/64837/Netto112026-1_22_96x2949_2493x4849_zoom.jpg,2026-03-14,2026-03-20,https://res.cloudinary.com/dfqzmnlga/image/upload/v1773460069/2026-03-14/11004128.jpg,South African Rosevin,"A floral explosion of flavor, born in the heart of the Cape, with a twist of spice and a smile. 🌿✨"
11004129,45.0,,Sydafrikanske vine,Sydafrikansk Hvidvin,1,0,fl.,Netto,https://static.tilbudsugen.dk/1st-retail/2026/12/64837/Netto112026-1_22_96x2949_2493x4849_zoom.jpg,2026-03-14,2026-03-20,https://res.cloudinary.com/dfqzmnlga/image/upload/v1773460070/2026-03-14/11004129.jpg,South African White wine,Sip on the flavor of South Africa—where wine meets adventure 🍷
11004127,45.0,,Sydafrikanske vine,Sydafrikansk Rødvin,1,0,fl.,Netto,https://static.tilbudsugen.dk/1st-retail/2026/12/64837/Netto112026-1_22_96x2949_2493x4849_zoom.jpg,2026-03-14,2026-03-20,https://res.cloudinary.com/dfqzmnlga/image/upload/v1773460070/2026-03-14/11004127.jpg,South African Red Wine,"Rippling with bold flavor, I'm the South African Red Wine that turns every sip into a story. 🍷"
11004130,45.0,,Franske vine,Fransk Rødvin,1,0,fl.,Netto,https://static.tilbudsugen.dk/1st-retail/2026/12/64837/Netto112026-1_22_96x2949_2493x4849_zoom.jpg,2026-03-14,2026-03-20,https://res.cloudinary.com/dfqzmnlga/image/upload/v1773460071/2026-03-14/11004130.jpg,French Red Wine,"Sip, savor, and share—my red wine is ready to elevate any moment. 🍷"
11003714,15.0,Wasa,Kiks,Craneberries & Oat Flakes Biscuits,1,0,pk.,Netto,https://static.tilbudsugen.dk/1st-retail/2026/12/64837/Netto112026-1_21_3344x177_4906x2934_zoom.jpg,2026-03-14,2026-03-20,https://res.cloudinary.com/dfqzmnlga/image/upload/v1773460072/2026-03-14/11003714.jpg,Craneberries & Oat Flakes Biscuits,"✨ Crave a sweet, tangy escape with every bite of Craneberries & Oat Flakes Biscuits! 🍞"
11003503,49.0,Velsmag,Grisekød,Grisekoteletter,1,0,bk.,Netto,https://static.tilbudsugen.dk/1st-retail/2026/12/64837/Netto112026-1_14_79x2604_2427x4854_zoom.jpg,2026-03-14,2026-03-20,https://res.cloudinary.com/dfqzmnlga/image/upload/v1773460072/2026-03-14/11003503.jpg,Pig chops,"🔥 Chop-something fun, but really just a pig. 🥩"
11003366,25.0,,Kylling,Kyllingeoverlår,1,0,bk.,Netto,https://static.tilbudsugen.dk/1st-retail/2026/12/64837/Netto112026-1_6_2467x2842_4941x4737_zoom.jpg,2026-03-14,2026-03-20,https://res.cloudinary.com/dfqzmnlga/image/upload/v1773460073/2026-03-14/11003366.jpg,Chicken upper thighs,"🔥Sizzling with flavor, ready to conquer any meal! 🥘"
11003457,6.25,ØGO,Riskiks,Riskiks,1,0,pk.,Netto,https://static.tilbudsugen.dk/1st-retail/2026/12/64837/Netto112026-1_10_92x827_2624x3162_zoom.jpg,2026-03-14,2026-03-20,https://res.cloudinary.com/dfqzmnlga/image/upload/v1773460073/2026-03-14/11003457.jpg,Risk,Risk? I'm the chaos that makes the world interesting. 🌟
11003536,25.0,Pølsemesteren,Pølser Frost,Frankfurter,1,0,pk.,Netto,https://static.tilbudsugen.dk/1st-retail/2026/12/64837/Netto112026-1_17_0x630_4877x2969_zoom.jpg,2026-03-14,2026-03-20,https://res.cloudinary.com/dfqzmnlga/image/upload/v1773460074/2026-03-14/11003536.jpg,Frankfurter,"Served with a side of spice, I'm the ultimate snack that's both crispy and creamy—just ask the crowd! 🍔"
11003541,25.0,Pølsemesteren,300 g - 599 g Normalpakke Pølser,Kyllingepølser,1,0,pk.,Netto,https://static.tilbudsugen.dk/1st-retail/2026/12/64837/Netto112026-1_17_0x630_4877x2969_zoom.jpg,2026-03-14,2026-03-20,https://res.cloudinary.com/dfqzmnlga/image/upload/v1773460074/2026-03-14/11003541.jpg,Chicken sausages,"Sizzling with flavor, I'm the chicken sausage who never misses a chance to ignite your taste buds! 🍗"
11002918,20.0,Ristorante,Pizza Frost,Pizza Salame,1,0,stk.,Netto,https://static.tilbudsugen.dk/1st-retail/2026/12/64837/Netto112026-1_2_2156x2333_4998x4787_zoom.jpg,2026-03-14,2026-03-20,https://res.cloudinary.com/dfqzmnlga/image/upload/v1773460075/2026-03-14/11002918.jpg,Pizza Salame,Craving a slice of cheesy delight? 🍕✨
11003687,29.0,Extra,Müsli & Granola,Choco & Nuts Granola,1,0,ps.,Netto,https://static.tilbudsugen.dk/1st-retail/2026/12/64837/Netto112026-1_20_1575x4823_3290x6847_zoom.jpg,2026-03-14,2026-03-20,https://res.cloudinary.com/dfqzmnlga/image/upload/v1773460075/2026-03-14/11003687.jpg,Choco & Nuts Granola,"Choco & Nuts Granola: Sweet, crunchy, and ready to satisfy any craving 🍪✨"
11003578,13.0,Buko Smelte,Specialost,Smøreost Rejeost,1,0,bg.,Netto,https://static.tilbudsugen.dk/1st-retail/2026/12/64837/Netto112026-1_15_33x2795_3384x4946_zoom.jpg,2026-03-14,2026-03-20,https://res.cloudinary.com/dfqzmnlga/image/upload/v1773460076/2026-03-14/11003578.jpg,Butter cheese Shrimp cheese,"Surfing the sea with a creamy twist, 🧋"
11003579,13.0,Buko Smelte,Specialost,Smøreost Rejeost Light,1,0,bg.,Netto,https://static.tilbudsugen.dk/1st-retail/2026/12/64837/Netto112026-1_15_33x2795_3384x4946_zoom.jpg,2026-03-14,2026-03-20,https://res.cloudinary.com/dfqzmnlga/image/upload/v1773460076/2026-03-14/11003579.jpg,Butter cheese Shrimp cheese Light,"Cheese lover with a twist—shrimp and butter, light on the cheese. 🧀✨"
11003580,13.0,Buko Smelte,Specialost,Smøreost Skinkeost,1,0,bg.,Netto,https://static.tilbudsugen.dk/1st-retail/2026/12/64837/Netto112026-1_15_33x2795_3384x4946_zoom.jpg,2026-03-14,2026-03-20,https://res.cloudinary.com/dfqzmnlga/image/upload/v1773460077/2026-03-14/11003580.jpg,Butter cheese Skin cheese,"Savory, creamy, and slightly rebellious — the ultimate cheese rebel. 🧀"
11003575,13.0,Buko Smelte,Specialost,Smøreost Baconost,1,0,bg.,Netto,https://static.tilbudsugen.dk/1st-retail/2026/12/64837/Netto112026-1_15_33x2795_3384x4946_zoom.jpg,2026-03-14,2026-03-20,https://res.cloudinary.com/dfqzmnlga/image/upload/v1773460077/2026-03-14/11003575.jpg,Butter cheese Bacon cheese,"Savory and smoky, perfect for any breakfast or snack—cheese, bacon, and a dash of joy. 🥨 🍴"
11003581,13.0,Buko Smelte,Specialost,Smøreost Krydderost,1,0,bg.,Netto,https://static.tilbudsugen.dk/1st-retail/2026/12/64837/Netto112026-1_15_33x2795_3384x4946_zoom.jpg,2026-03-14,2026-03-20,https://res.cloudinary.com/dfqzmnlga/image/upload/v1773460078/2026-03-14/11003581.jpg,Butter cheese Cloth cheese,"Soft, creamy, and slightly wild—like a wildflower in a cheese drawer. 🌸"
11003577,13.0,Buko Smelte,Specialost,Smøreost Champignonost,1,0,bg.,Netto,https://static.tilbudsugen.dk/1st-retail/2026/12/64837/Netto112026-1_15_33x2795_3384x4946_zoom.jpg,2026-03-14,2026-03-20,https://res.cloudinary.com/dfqzmnlga/image/upload/v1773460078/2026-03-14/11003577.jpg,Butter cheese Champignon cheese,"Soft, creamy, and slightly cheesy — perfect for a cozy evening with a good book. 🥨"
11003711,15.0,Wasa,Kiks,Dark Chocolate Wholegrain Biscuits,1,0,pk.,Netto,https://static.tilbudsugen.dk/1st-retail/2026/12/64837/Netto112026-1_21_3344x177_4906x2934_zoom.jpg,2026-03-14,2026-03-20,https://res.cloudinary.com/dfqzmnlga/image/upload/v1773460079/2026-03-14/11003711.jpg,Dark Chocolate Wholegrain Biscuits,"✨ Dark chocolate bliss, wrapped in perfect secrecy. 🍫"
11003712,15.0,Wasa,Kiks,Multigrain Biscuits,1,0,pk.,Netto,https://static.tilbudsugen.dk/1st-retail/2026/12/64837/Netto112026-1_21_3344x177_4906x2934_zoom.jpg,2026-03-14,2026-03-20,https://res.cloudinary.com/dfqzmnlga/image/upload/v1773460079/2026-03-14/11003712.jpg,Multigrain Biscuits,"Crunchy, hearty, and ready to make your day better—just like a good breakfast. 🥣"
11003564,29.0,Magnum,Is,Euphoria Pink Lemonade is,1,0,bg.,Netto,https://static.tilbudsugen.dk/1st-retail/2026/12/64837/Netto112026-1_18_113x749_4998x2913_zoom.jpg,2026-03-14,2026-03-20,https://res.cloudinary.com/dfqzmnlga/image/upload/v1773460080/2026-03-14/11003564.jpg,Euphoria Pink Lemonade is,✨ The sweetest elixir that makes every day feel like a dream — and your heart beat faster than a heartbeat. 🌸
11003594,29.0,Magnum,Is, Classic is,1,0,bg.,Netto,https://static.tilbudsugen.dk/1st-retail/2026/12/64837/Netto112026-1_18_113x749_4998x2913_zoom.jpg,2026-03-14,2026-03-20,https://res.cloudinary.com/dfqzmnlga/image/upload/v1773460080/2026-03-14/11003594.jpg,Classic ice cream,Tropical ice cream lover | 🍦
11003596,29.0,Magnum,Is,Utopia Double Hazelnut,1,0,bg.,Netto,https://static.tilbudsugen.dk/1st-retail/2026/12/64837/Netto112026-1_18_113x749_4998x2913_zoom.jpg,2026-03-14,2026-03-20,https://res.cloudinary.com/dfqzmnlga/image/upload/v1773460081/2026-03-14/11003596.jpg,Utopia Double Hazelnut,"✨ A cozy, creamy delight that makes every day feel like a dream. 🌟"
11003591,29.0,Magnum,Is,Double Sunlover,1,0,bg.,Netto,https://static.tilbudsugen.dk/1st-retail/2026/12/64837/Netto112026-1_18_113x749_4998x2913_zoom.jpg,2026-03-14,2026-03-20,https://res.cloudinary.com/dfqzmnlga/image/upload/v1773460081/2026-03-14/11003591.jpg,Double Sunlover,"🌞 Double Sunlover: Always glowing, always smiling, always in the sunshine!"
11003519,20.0,Velsmag,Grisekød,Flæsk i skiver,1,0,bk.,Netto,https://static.tilbudsugen.dk/1st-retail/2026/12/64837/Netto112026-1_14_26x4671_2479x6881_zoom.jpg,2026-03-14,2026-03-20,https://res.cloudinary.com/dfqzmnlga/image/upload/v1773460082/2026-03-14/11003519.jpg,Pork in slices,"Slices of pork, ready to grill or slice—your flavor preference, your rule. 🍖"
11003593,12.0,Tjia,Pålægssalat,Hytteostsalat Kylling og Karry,1,0,bg.,Netto,https://static.tilbudsugen.dk/1st-retail/2026/12/64837/Netto112026-1_16_52x551_3496x2873_zoom.jpg,2026-03-14,2026-03-20,https://res.cloudinary.com/dfqzmnlga/image/upload/v1773460082/2026-03-14/11003593.jpg,Cabin cheese salad Chicken and Curry,"Savory blend of cheese, chicken, and curry, served with a side of fun—✨"
11003587,12.0,Tjia,Pålægssalat,Hytteostsalat Laks,1,0,bg.,Netto,https://static.tilbudsugen.dk/1st-retail/2026/12/64837/Netto112026-1_16_52x551_3496x2873_zoom.jpg,2026-03-14,2026-03-20,https://res.cloudinary.com/dfqzmnlga/image/upload/v1773460083/2026-03-14/11003587.jpg,Cottage cheese salad Salmon,"Salty, creamy, and slightly smoky — the perfect combo for a lunch that's both satisfying and stylish. 🍽️"
11003345,7.0,Baconkompagniet,Bacon,Baconskiver,1,0,pk.,Netto,https://static.tilbudsugen.dk/1st-retail/2026/12/64837/Netto112026-1_5_0x1048_2641x3684_zoom.jpg,2026-03-14,2026-03-20,https://res.cloudinary.com/dfqzmnlga/image/upload/v1773460083/2026-03-14/11003345.jpg,Bacon washers,"Sweat and grease in one sleek, smoky package 🍖"
11002923,25.0,Gøl,300 g - 599 g Normalpakke Pølser,Grillpølser,1,0,pk.,Netto,https://static.tilbudsugen.dk/1st-retail/2026/12/64837/Netto112026-1_2_2312x4744_4941x6759_zoom.jpg,2026-03-14,2026-03-20,https://res.cloudinary.com/dfqzmnlga/image/upload/v1773460083/2026-03-14/11002923.jpg,Barbecue sausages,"🔥 Sizzling with flavor, ready to spice up your day! 🍴"
11003526,18.0,Super Kræs,Dressing,Klassisk Kebabdressing,1,0,stk.,Netto,https://static.tilbudsugen.dk/1st-retail/2026/12/64837/Netto112026-1_17_0x4823_2429x6859_zoom.jpg,2026-03-14,2026-03-20,https://res.cloudinary.com/dfqzmnlga/image/upload/v1773460084/2026-03-14/11003526.jpg,Classic Kebabdressing,"Savory blend of spices and tangy kick, perfect for any dish — just ask me what I'm doing. 😋"
11003523,18.0,Super Kræs,Dressing,Stærk Kebabdressing,1,0,stk.,Netto,https://static.tilbudsugen.dk/1st-retail/2026/12/64837/Netto112026-1_17_0x4823_2429x6859_zoom.jpg,2026-03-14,2026-03-20,https://res.cloudinary.com/dfqzmnlga/image/upload/v1773460084/2026-03-14/11003523.jpg,Strong Kebabdressing,"Spicy, savory, and unstoppable — the ultimate flavor punch! 🍞"
11003528,18.0,Super Kræs,Dressing,Hvidløgs Kebabdressing,1,0,stk.,Netto,https://static.tilbudsugen.dk/1st-retail/2026/12/64837/Netto112026-1_17_0x4823_2429x6859_zoom.jpg,2026-03-14,2026-03-20,https://res.cloudinary.com/dfqzmnlga/image/upload/v1773460085/2026-03-14/11003528.jpg,Garlic Kebabdressing,"🔥 Spicy, savory, and super spicy – your taste buds will thank you! 🌶️"
11003363,65.0,,Kylling,Kyllingeinderfileter,1,0,bk.,Netto,https://static.tilbudsugen.dk/1st-retail/2026/12/64837/Netto112026-1_6_2425x4751_4899x6844_zoom.jpg,2026-03-14,2026-03-20,https://res.cloudinary.com/dfqzmnlga/image/upload/v1773460085/2026-03-14/11003363.jpg,Chicken eiderphilets,"Egg-shaped chicken lovers who crave crispy, golden bites and never say ""no"" to a recipe. 🍗"
11003358,65.0,,Kylling,Kyllingebryst,1,0,pk.,Netto,https://static.tilbudsugen.dk/1st-retail/2026/12/64837/Netto112026-1_6_2425x4751_4899x6844_zoom.jpg,2026-03-14,2026-03-20,https://res.cloudinary.com/dfqzmnlga/image/upload/v1773460086/2026-03-14/11003358.jpg,Chicken breast,"Sizzling with flavor, ready to conquer any meal! 🍗"
11003484,65.0,,Kylling,Kyllingebryst,1,0,pk.,Netto,https://static.tilbudsugen.dk/1st-retail/2026/12/64837/Netto112026-1_12_1285x3582_2512x5012_zoom.jpg,2026-03-14,2026-03-20,https://res.cloudinary.com/dfqzmnlga/image/upload/v1773460086/2026-03-14/11003484.jpg,Chicken breast,"Sizzling with flavor, ready to conquer any plate! 🍗"
11003485,65.0,,Kylling,Kyllingeinderfileter,1,0,bk.,Netto,https://static.tilbudsugen.dk/1st-retail/2026/12/64837/Netto112026-1_12_1285x3582_2512x5012_zoom.jpg,2026-03-14,2026-03-20,https://res.cloudinary.com/dfqzmnlga/image/upload/v1773460087/2026-03-14/11003485.jpg,Chicken eiderphilets,"Feast on crispy, golden eiderphilets with a side of joy 🍗✨"
11003542,29.0,Næmt,Færdigretter Frost,Gyros,1,0,pk.,Netto,https://static.tilbudsugen.dk/1st-retail/2026/12/64837/Netto112026-1_18_2435x2896_4998x4841_zoom.jpg,2026-03-14,2026-03-20,https://res.cloudinary.com/dfqzmnlga/image/upload/v1773460087/2026-03-14/11003542.jpg,Gyros,"Sizzling with flavor, I'm the perfect match for a spicy afternoon snack! 🍔"
11003682,29.0,Extra,Müsli & Granola,Red Berries Granola,1,0,ps.,Netto,https://static.tilbudsugen.dk/1st-retail/2026/12/64837/Netto112026-1_20_1575x4823_3290x6847_zoom.jpg,2026-03-14,2026-03-20,https://res.cloudinary.com/dfqzmnlga/image/upload/v1773460087/2026-03-14/11003682.jpg,Red Berries Granola,"Red Berries Granola: Sweet, tangy, and perfectly crunchy — the ultimate snack that makes your taste buds dance. 🍓✨"
11003688,29.0,Extra,Müsli & Granola,Fruit & Nut Granola,1,0,ps.,Netto,https://static.tilbudsugen.dk/1st-retail/2026/12/64837/Netto112026-1_20_1575x4823_3290x6847_zoom.jpg,2026-03-14,2026-03-20,https://res.cloudinary.com/dfqzmnlga/image/upload/v1773460088/2026-03-14/11003688.jpg,Fruit & Nut Granola,"Sweet, crunchy, and creamy — your perfect snack to satisfy any craving! 🍎✨"
11002928,12.0,Pringles,Chips,Hot & Spicy Chips,1,0,ds.,Netto,https://static.tilbudsugen.dk/1st-retail/2026/12/64837/Netto112026-1_2_2255x163_4998x2354_zoom.jpg,2026-03-14,2026-03-20,https://res.cloudinary.com/dfqzmnlga/image/upload/v1773460088/2026-03-14/11002928.jpg,Hot & Spicy Chips,"🔥 Spicy, crispy, and ready to spice up your day! 🌟"
11002933,12.0,Pringles,Chips,Original Chips,1,0,ds.,Netto,https://static.tilbudsugen.dk/1st-retail/2026/12/64837/Netto112026-1_2_2255x163_4998x2354_zoom.jpg,2026-03-14,2026-03-20,https://res.cloudinary.com/dfqzmnlga/image/upload/v1773460089/2026-03-14/11002933.jpg,Original Chips,"Crunchy, salty, and always the star—Original Chips! 🍬"
11002932,12.0,Pringles,Chips,Mystery Flavour Super Mario Chips,1,0,ds.,Netto,https://static.tilbudsugen.dk/1st-retail/2026/12/64837/Netto112026-1_2_2255x163_4998x2354_zoom.jpg,2026-03-14,2026-03-20,https://res.cloudinary.com/dfqzmnlga/image/upload/v1773460089/2026-03-14/11002932.jpg,Mystery Flavour Super Mario Chips,"✨ Unwrap the mystery, taste the magic, and never forget the fun! 🌟"
11002930,12.0,Pringles,Chips,Sour Cream & Onion Chips,1,0,ds.,Netto,https://static.tilbudsugen.dk/1st-retail/2026/12/64837/Netto112026-1_2_2255x163_4998x2354_zoom.jpg,2026-03-14,2026-03-20,https://res.cloudinary.com/dfqzmnlga/image/upload/v1773460090/2026-03-14/11002930.jpg,Sour Cream & Onion Chips,"Sour Cream & Onion Chips: Crunchy, creamy, and totally addictive. 🍬"
11002931,12.0,Pringles,Chips,Paprikachips,1,0,ds.,Netto,https://static.tilbudsugen.dk/1st-retail/2026/12/64837/Netto112026-1_2_2255x163_4998x2354_zoom.jpg,2026-03-14,2026-03-20,https://res.cloudinary.com/dfqzmnlga/image/upload/v1773460090/2026-03-14/11002931.jpg,Paprika chips,"🔥 Spice up your day with paprika chips—sharp, smoky, and perfectly crispy! 🌟"
11003617,20.0,Bacon Peber,Postej og Paté,Leverpostej,1,0,pk.,Netto,https://static.tilbudsugen.dk/1st-retail/2026/12/64837/Netto112026-1_16_59x2880_1745x4854_zoom.jpg,2026-03-14,2026-03-20,https://res.cloudinary.com/dfqzmnlga/image/upload/v1773460091/2026-03-14/11003617.jpg,Liver pie,"Craving a sweet, savory treat that's both hearty and hearty—just ask me, I'm liver pie! 🍲"
11004125,55.0,,Californiske vine,Californisk Rødvin,1,0,fl.,Netto,https://static.tilbudsugen.dk/1st-retail/2026/12/64837/Netto112026-1_22_2493x2907_4908x4849_zoom.jpg,2026-03-14,2026-03-20,https://res.cloudinary.com/dfqzmnlga/image/upload/v1773460091/2026-03-14/11004125.jpg,California Red Wine,"Sip, savor, and let the red wine do the talking—perfect for a night out! 🍷"
11004126,55.0,,Italienske vine,Italiensk Rødvin,1,0,fl.,Netto,https://static.tilbudsugen.dk/1st-retail/2026/12/64837/Netto112026-1_22_2493x2907_4908x4849_zoom.jpg,2026-03-14,2026-03-20,https://res.cloudinary.com/dfqzmnlga/image/upload/v1773460092/2026-03-14/11004126.jpg,Italian Red Wine,"Sip on the flavors of Italy, one glass at a time 🍷"
11003505,49.0,,Grisekød,Kamben,1,0,pk.,Netto,https://static.tilbudsugen.dk/1st-retail/2026/12/64837/Netto112026-1_14_2486x781_4913x2650_zoom.jpg,2026-03-14,2026-03-20,https://res.cloudinary.com/dfqzmnlga/image/upload/v1773460093/2026-03-14/11003505.jpg,Carobs/Saint John's breads,"Soft, sweet, and slightly tangy — like a dream on a stick. 🍌✨"
11003629,12.0,Sønderjyske Fristelser,Pålægssalat,Krabbesalat,1,0,bg.,Netto,https://static.tilbudsugen.dk/1st-retail/2026/12/64837/Netto112026-1_16_52x551_3496x2873_zoom.jpg,2026-03-14,2026-03-20,https://res.cloudinary.com/dfqzmnlga/image/upload/v1773460093/2026-03-14/11003629.jpg,Crab salad,"Crab salad: The ultimate beachside confetti, served with a side of salty dreams. 🍤"
11004103,12.0,Rexona,Deodorant,Deospray,1,0,stk.,Netto,https://static.tilbudsugen.dk/1st-retail/2026/12/64837/Netto112026-1_24_72x4723_1708x6839_zoom.jpg,2026-03-14,2026-03-20,https://res.cloudinary.com/dfqzmnlga/image/upload/v1773460094/2026-03-14/11004103.jpg,Deospray,✨ Deospray: The scent that makes your day just a little bit more sparkly and unforgettable! ✨
11004104,12.0,Rexona Men,Deodorant,Deospray,1,0,stk.,Netto,https://static.tilbudsugen.dk/1st-retail/2026/12/64837/Netto112026-1_24_72x4723_1708x6839_zoom.jpg,2026-03-14,2026-03-20,https://res.cloudinary.com/dfqzmnlga/image/upload/v1773460094/2026-03-14/11004104.jpg,Deospray,"✨ Spray that stinks, but it's all in good fun! ✨"
11002908,10.0,Sandwich Skiver,"Pålæg, skiveskåret",Kyllingebryst,1,0,pk.,Netto,https://static.tilbudsugen.dk/1st-retail/2026/12/64837/Netto112026-1_1_2439x1315_4878x3648_zoom.jpg,2026-03-14,2026-03-20,https://res.cloudinary.com/dfqzmnlga/image/upload/v1773460094/2026-03-14/11002908.jpg,Chicken breast,"Sizzling with flavor, ready to conquer any plate! 🍗"
11002909,10.0,Sandwich Skiver,"Pålæg, skiveskåret",Kyllingebryst Paprika,1,0,pk.,Netto,https://static.tilbudsugen.dk/1st-retail/2026/12/64837/Netto112026-1_1_2439x1315_4878x3648_zoom.jpg,2026-03-14,2026-03-20,https://res.cloudinary.com/dfqzmnlga/image/upload/v1773460095/2026-03-14/11002909.jpg,Chicken breast Paprika,"Sizzling with flavor, I'm the spice that brings warmth to your meal! 🍗"
11003803,14.0,Kims,Chips,Bølgechips,1,0,ps.,Netto,https://static.tilbudsugen.dk/1st-retail/2026/12/64837/Netto112026-1_21_28x2892_1619x4893_zoom.jpg,2026-03-14,2026-03-20,https://res.cloudinary.com/dfqzmnlga/image/upload/v1773460095/2026-03-14/11003803.jpg,Wave chips,"✨Wave chips — the ultimate flavor burst, delivered in a salty, crispy, and satisfying package!"
11003368,25.0,,Kylling,Kyllingeinderfileter,1,0,bk.,Netto,https://static.tilbudsugen.dk/1st-retail/2026/12/64837/Netto112026-1_6_2467x2842_4941x4737_zoom.jpg,2026-03-14,2026-03-20,https://res.cloudinary.com/dfqzmnlga/image/upload/v1773460096/2026-03-14/11003368.jpg,Chicken eiderphilets,✨ Chicken eiderphilets: the ultimate flavor bomb that makes every meal feel like a celebration! 🍗
11003333,25.0,Cheasy,Skæreost,Havarti 30+ ,1,0,stk.,Netto,https://static.tilbudsugen.dk/1st-retail/2026/12/64837/Netto112026-1_4_2467x3634_4948x6830_zoom.jpg,2026-03-14,2026-03-20,https://res.cloudinary.com/dfqzmnlga/image/upload/v1773460096/2026-03-14/11003333.jpg,Havarti 30+,"Soft, creamy, and slightly bold — like a hug in a cheese slice. 🧊"
11003632,12.0,Sønderjyske Fristelser,Pålægssalat,Hønsesalat,1,0,bg.,Netto,https://static.tilbudsugen.dk/1st-retail/2026/12/64837/Netto112026-1_16_52x551_3496x2873_zoom.jpg,2026-03-14,2026-03-20,https://res.cloudinary.com/dfqzmnlga/image/upload/v1773460097/2026-03-14/11003632.jpg,Chicken lettuce,"Savoring the crunch of a fresh salad, one bite at a time. 🍴"
11003628,12.0,Sønderjyske Fristelser,Pålægssalat,Kylling & Baconsalat,1,0,bg.,Netto,https://static.tilbudsugen.dk/1st-retail/2026/12/64837/Netto112026-1_16_52x551_3496x2873_zoom.jpg,2026-03-14,2026-03-20,https://res.cloudinary.com/dfqzmnlga/image/upload/v1773460097/2026-03-14/11003628.jpg,Chicken & Bacon Salad,"Savor the crunch of bacon, paired with the savory taste of chicken—perfect for a bold, delicious bite! 🍗🥓"
11004100,35.0,Nivea Derma,Renseprodukter,Renseprodukter,1,0,fl.,Netto,https://static.tilbudsugen.dk/1st-retail/2026/12/64837/Netto112026-1_24_1654x4615_3302x6845_zoom.jpg,2026-03-14,2026-03-20,https://res.cloudinary.com/dfqzmnlga/image/upload/v1773460098/2026-03-14/11004100.jpg,Cleaning products,"Cleaner of minds, purifier of mess, and master of the disinfectant dance. 🧼"
11003647,35.0,Løgismose,Færdigretter Køl,Hummerbisque,1,0,bg.,Netto,https://static.tilbudsugen.dk/1st-retail/2026/12/64837/Netto112026-1_19_1647x4921_3231x6752_zoom.jpg,2026-03-14,2026-03-20,https://res.cloudinary.com/dfqzmnlga/image/upload/v1773460099/2026-03-14/11003647.jpg,Lobster bisque,"Sip on the ocean in a bowl: my creamy, umami-rich bisque is the perfect companion to any evening. 🐞"
11003797,14.0,Kims,Snacks,Snack Chips Souer cream & onion,1,0,ps.,Netto,https://static.tilbudsugen.dk/1st-retail/2026/12/64837/Netto112026-1_21_28x2892_1619x4893_zoom.jpg,2026-03-14,2026-03-20,https://res.cloudinary.com/dfqzmnlga/image/upload/v1773460099/2026-03-14/11003797.jpg,Snack Chips Souer cream & onion,"Savor the crunch of snack chips, topped with creamy sour cream and a sprinkle of onion—perfect for a quick, delicious snack. 🍬"
11003648,15.0,Løgismose,Specialost,Rygeost,1,0,pk.,Netto,https://static.tilbudsugen.dk/1st-retail/2026/12/64837/Netto112026-1_19_71x2941_1590x4836_zoom.jpg,2026-03-14,2026-03-20,https://res.cloudinary.com/dfqzmnlga/image/upload/v1773460100/2026-03-14/11003648.jpg,Smoking cheese,"🔥 Smoker's delight, cheese that's never been still—burning with bold flavor and a fiery grin. 🧊"
11003641,18.0,Løgismose,Saucer,Mornaysauce,1,0,bg.,Netto,https://static.tilbudsugen.dk/1st-retail/2026/12/64837/Netto112026-1_19_1576x2948_3287x4886_zoom.jpg,2026-03-14,2026-03-20,https://res.cloudinary.com/dfqzmnlga/image/upload/v1773460100/2026-03-14/11003641.jpg,Mornay sauce,"✨ A creamy delight that brings joy to every plate, just like I do to your day! 🍽️"
11003639,18.0,Løgismose,Saucer,Bearnaisesauce,1,0,bg.,Netto,https://static.tilbudsugen.dk/1st-retail/2026/12/64837/Netto112026-1_19_1576x2948_3287x4886_zoom.jpg,2026-03-14,2026-03-20,https://res.cloudinary.com/dfqzmnlga/image/upload/v1773460100/2026-03-14/11003639.jpg,Bearnaise sauce,🔥 A fiery blend of flavors that turns any meal into a culinary masterpiece! 🍽️
11003570,69.0,Klovborg,Skæreost,Skæreost Danbo Mellemlagret,1,0,stk.,Netto,https://static.tilbudsugen.dk/1st-retail/2026/12/64837/Netto112026-1_15_3115x2945_4991x6914_zoom.jpg,2026-03-14,2026-03-20,https://res.cloudinary.com/dfqzmnlga/image/upload/v1773460101/2026-03-14/11003570.jpg,Cutting cheese Danbo Intermediate stock,Cheese lover with a knack for cutting through the middle—Danbo Intermediate stock. 🧁
11003506,59.0,Velsmag,Kalve- og grisekød,Hakket kalv og grisekød 8-12%,1,0,bk.,Netto,https://static.tilbudsugen.dk/1st-retail/2026/12/64837/Netto112026-1_14_2505x2532_4985x4835_zoom.jpg,2026-03-14,2026-03-20,https://res.cloudinary.com/dfqzmnlga/image/upload/v1773460101/2026-03-14/11003506.jpg,Minced calf and pig meat 8-12 per cent,"🔥 Flavor-packed meat blend for bold, juicy bites!"
11003531,25.0,Super Kræs,Færdigretter Køl,Kyllinge Kebab,1,0,pk.,Netto,https://static.tilbudsugen.dk/1st-retail/2026/12/64837/Netto112026-1_17_2441x4738_4877x6853_zoom.jpg,2026-03-14,2026-03-20,https://res.cloudinary.com/dfqzmnlga/image/upload/v1773460102/2026-03-14/11003531.jpg,Chicken Kebab,"Searched for the perfect flavor, I'm the star of the grill—chicken kebab, ready to ignite your taste buds! 🍗"
11003530,25.0,Super Kræs,Færdigretter Køl,Klassisk Kebab,1,0,pk.,Netto,https://static.tilbudsugen.dk/1st-retail/2026/12/64837/Netto112026-1_17_2441x4738_4877x6853_zoom.jpg,2026-03-14,2026-03-20,https://res.cloudinary.com/dfqzmnlga/image/upload/v1773460102/2026-03-14/11003530.jpg,Classic Kebab,"🔥 Sizzling, smoky, and unforgettable—Classic Kebab is the star of the grill! 🍔"
11003722,14.0,Kims,Chips,Snack Chips Original,1,0,ps.,Netto,https://static.tilbudsugen.dk/1st-retail/2026/12/64837/Netto112026-1_21_28x2892_1619x4893_zoom.jpg,2026-03-14,2026-03-20,https://res.cloudinary.com/dfqzmnlga/image/upload/v1773460103/2026-03-14/11003722.jpg,Snack Chips Original,"Crunchy joy, served with a side of sass — and a sprinkle of fun. 🍩✨"
11003806,14.0,Kims,Chips,Sour Cream & Onion Chips,1,0,ps.,Netto,https://static.tilbudsugen.dk/1st-retail/2026/12/64837/Netto112026-1_21_28x2892_1619x4893_zoom.jpg,2026-03-14,2026-03-20,https://res.cloudinary.com/dfqzmnlga/image/upload/v1773460103/2026-03-14/11003806.jpg,Sour Cream & Onion Chips,"Sour Cream & Onion Chips: Crispy, creamy, and utterly addictive. 🍩"
11003801,14.0,Kims,Chips,Havsalt Chips,1,0,ps.,Netto,https://static.tilbudsugen.dk/1st-retail/2026/12/64837/Netto112026-1_21_28x2892_1619x4893_zoom.jpg,2026-03-14,2026-03-20,https://res.cloudinary.com/dfqzmnlga/image/upload/v1773460104/2026-03-14/11003801.jpg,Sea salt Chips,"Salted sunshine, crispy and bright, perfect for a quick snack or a sprinkle of joy. 🍬"
11003469,10.42,Skolekridt,Slik,Slikposer,1,0,ps.,Netto,https://static.tilbudsugen.dk/1st-retail/2026/12/64837/Netto112026-1_11_3050x735_4919x4185_zoom.jpg,2026-03-14,2026-03-20,https://res.cloudinary.com/dfqzmnlga/image/upload/v1773460104/2026-03-14/11003469.jpg,Candy bags,Treat your taste buds to a candy-filled adventure 🍬✨
11002964,39.0,Blanding 66,Kaffe,Kaffe Formalet,1,0,ps.,Netto,https://static.tilbudsugen.dk/1st-retail/2026/12/64837/Netto112026-1_3_0x3338_2357x6822_zoom.jpg,2026-03-14,2026-03-20,https://res.cloudinary.com/dfqzmnlga/image/upload/v1773460104/2026-03-14/11002964.jpg,Coffee Painted,"☕️ Painted with coffee, I'm ready to swirl and shimmer in your life."
10995287,49.0,Velsmag,Grisekød,Ribsteaks,1,0,bk.,Netto,https://static.tilbudsugen.dk/1st-retail/2026/11/64774/Netto102026-1_15_1528x5220_4998x6863_zoom.jpg,2026-03-07,2026-03-31,https://res.cloudinary.com/dfqzmnlga/image/upload/v1773460105/2026-03-14/10995287.jpg,Ribsteaks,"🔥Ribsteaks that scream ""I'm on a roll!"" 🍔"
11003500,20.0,,Grønt,Aspargesbroccoli,1,0,ps.,Netto,https://static.tilbudsugen.dk/1st-retail/2026/12/64837/Netto112026-1_13_2420x4559_4893x6908_zoom.jpg,2026-03-14,2026-03-20,https://res.cloudinary.com/dfqzmnlga/image/upload/v1773460105/2026-03-14/11003500.jpg,Asparagus broccoli,"A speckled superhero with a twist—fresh, crisp, and full of life, ready to conquer any salad. 🥦💪"
11002905,10.0,Steff Houlberg,"Pålæg, skiveskåret",Hamburgerryg,1,0,pk.,Netto,https://static.tilbudsugen.dk/1st-retail/2026/12/64837/Netto112026-1_1_2439x1315_4878x3648_zoom.jpg,2026-03-14,2026-03-20,https://res.cloudinary.com/dfqzmnlga/image/upload/v1773460106/2026-03-14/11002905.jpg,Hamburger back,🍔 Taco lover with a twist—tacos that never miss! 🌮
11003504,20.0,Velsmag,Grisekød,Nakkekoteletter,1,0,bk.,Netto,https://static.tilbudsugen.dk/1st-retail/2026/12/64837/Netto112026-1_14_26x4671_2479x6881_zoom.jpg,2026-03-14,2026-03-20,https://res.cloudinary.com/dfqzmnlga/image/upload/v1773460106/2026-03-14/11003504.jpg,Neck chops,"Savor the crunch of life, one chewed bite at a time 🍲"
11003800,14.0,Kims,Snacks,Cheeeese Ostepops,1,0,ps.,Netto,https://static.tilbudsugen.dk/1st-retail/2026/12/64837/Netto112026-1_21_28x2892_1619x4893_zoom.jpg,2026-03-14,2026-03-20,https://res.cloudinary.com/dfqzmnlga/image/upload/v1773460107/2026-03-14/11003800.jpg,Cheeseese Ostepops,"Cheeseese Ostepops: The creamy, cheesy, and oddly delicious fusion of cheese and steaks, perfect for any snack or meal. 🧀🥩"
11003796,14.0,Kims,Snacks,Jørgens Favorit Mix,1,0,ps.,Netto,https://static.tilbudsugen.dk/1st-retail/2026/12/64837/Netto112026-1_21_28x2892_1619x4893_zoom.jpg,2026-03-14,2026-03-20,https://res.cloudinary.com/dfqzmnlga/image/upload/v1773460107/2026-03-14/11003796.jpg,Jørgens Favorit Mix,"✨ Jørgens Favorit Mix: The perfect blend of flavor and fun, ready to spice up your day! 🍽️"
11003691,25.0,Jakobsens,Sødemiddel,Honning,1,0,fl.,Netto,https://static.tilbudsugen.dk/1st-retail/2026/12/64837/Netto112026-1_20_55x4926_1769x6792_zoom.jpg,2026-03-14,2026-03-20,https://res.cloudinary.com/dfqzmnlga/image/upload/v1773460108/2026-03-14/11003691.jpg,Honey,"Sweet, sticky, and irresistible — I'm the honey that makes every day a little sweeter. 🍯"
11003736,12.0,Good Food,Riskiks,Corn Cakes Sour Cream & Onion,1,0,pk.,Netto,https://static.tilbudsugen.dk/1st-retail/2026/12/64837/Netto112026-1_21_170x4956_2912x6766_zoom.jpg,2026-03-14,2026-03-20,https://res.cloudinary.com/dfqzmnlga/image/upload/v1773460109/2026-03-14/11003736.jpg,Corn Cakes Sour Cream & Onion,"Sour cream and onion, perfectly crispy—just the way life is. 🍞"
11003733,12.0,Good Food,Riskiks,Corn Cakes Pizza,1,0,pk.,Netto,https://static.tilbudsugen.dk/1st-retail/2026/12/64837/Netto112026-1_21_170x4956_2912x6766_zoom.jpg,2026-03-14,2026-03-20,https://res.cloudinary.com/dfqzmnlga/image/upload/v1773460109/2026-03-14/11003733.jpg,Corn Cakes Pizza,"Corn Cakes Pizza: Sizzle, scream, and sprinkle – your taste buds are my best friend. 🍕✨"
11003737,12.0,Good Food,Riskiks,Corn Cakes Paprika,1,0,pk.,Netto,https://static.tilbudsugen.dk/1st-retail/2026/12/64837/Netto112026-1_21_170x4956_2912x6766_zoom.jpg,2026-03-14,2026-03-20,https://res.cloudinary.com/dfqzmnlga/image/upload/v1773460109/2026-03-14/11003737.jpg,Corn Cakes Paprika,"Golden crunch, fiery kick—perfect for a spicy afternoon snack! 🍞✨"
11003663,29.0,Zelected,Oliven,Oliven,1,0,gl.,Netto,https://static.tilbudsugen.dk/1st-retail/2026/12/64837/Netto112026-1_20_3259x2871_4934x4822_zoom.jpg,2026-03-14,2026-03-20,https://res.cloudinary.com/dfqzmnlga/image/upload/v1773460110/2026-03-14/11003663.jpg,Olives,"A salty, tangy rebellion that never tires — perfect for a good conversation. 🍵"
11003794,14.0,Kims,Snacks,Mega Mix krydret,1,0,ps.,Netto,https://static.tilbudsugen.dk/1st-retail/2026/12/64837/Netto112026-1_21_28x2892_1619x4893_zoom.jpg,2026-03-14,2026-03-20,https://res.cloudinary.com/dfqzmnlga/image/upload/v1773460110/2026-03-14/11003794.jpg,Mega Mix Spicy,"🔥 Spicy, bold, and ready to take over your day! 🍽️"
11003799,14.0,Kims,Snacks,Saltskruer,1,0,ps.,Netto,https://static.tilbudsugen.dk/1st-retail/2026/12/64837/Netto112026-1_21_28x2892_1619x4893_zoom.jpg,2026-03-14,2026-03-20,https://res.cloudinary.com/dfqzmnlga/image/upload/v1773460111/2026-03-14/11003799.jpg,Salt screws,"Salt screws: Master the flavor, conquer the chaos. 😄"
11003721,22.0,Dan Cake,Kager,Trøffelkugler Romkaramel,1,0,pk.,Netto,https://static.tilbudsugen.dk/1st-retail/2026/12/64837/Netto112026-1_21_1612x2871_3252x4871_zoom.jpg,2026-03-14,2026-03-20,https://res.cloudinary.com/dfqzmnlga/image/upload/v1773460111/2026-03-14/11003721.jpg,Truffle balls Romcharamel,✨ Truffle balls Romcharamel – the ultimate flavor explosion in every bite! ✨
11003718,22.0,Dan Cake,Kager,Trøffelkugler Hindbær & Lakrids,1,0,pk.,Netto,https://static.tilbudsugen.dk/1st-retail/2026/12/64837/Netto112026-1_21_1612x2871_3252x4871_zoom.jpg,2026-03-14,2026-03-20,https://res.cloudinary.com/dfqzmnlga/image/upload/v1773460112/2026-03-14/11003718.jpg,Truffle balls Raspberry & Liquorice,"✨ Truffle balls, raspberry, and liquorice — a sweet rebellion that tastes like a dream. 🍓✨"
11003720,22.0,Dan Cake,Kager,Trøffelkugle Saltkaramel,1,0,pk.,Netto,https://static.tilbudsugen.dk/1st-retail/2026/12/64837/Netto112026-1_21_1612x2871_3252x4871_zoom.jpg,2026-03-14,2026-03-20,https://res.cloudinary.com/dfqzmnlga/image/upload/v1773460112/2026-03-14/11003720.jpg,Truffle ball Salt caramel,"✨ A salty, sweet dream wrapped in a truffle mystery 🍴"
11003562,15.0,Mammen,Skiveost,Skiveost Guld Mellemlagret,1,0,pk.,Netto,https://static.tilbudsugen.dk/1st-retail/2026/12/64837/Netto112026-1_15_66x617_2906x2991_zoom.jpg,2026-03-14,2026-03-20,https://res.cloudinary.com/dfqzmnlga/image/upload/v1773460113/2026-03-14/11003562.jpg,Skiveost Gold Intermediate stock,✨ Skiveost Gold Intermediate stock: The ultimate boost for your brain and energy! 🌟
11003569,15.0,Mammen,Skiveost,Skiveost Havarti,1,0,pk.,Netto,https://static.tilbudsugen.dk/1st-retail/2026/12/64837/Netto112026-1_15_66x617_2906x2991_zoom.jpg,2026-03-14,2026-03-20,https://res.cloudinary.com/dfqzmnlga/image/upload/v1773460114/2026-03-14/11003569.jpg,Skiveost Havarti,"Savory, creamy, and slightly lazy — the perfect companion for a slow day. 🧁"
11003723,25.0,Hookies,Kiks,Kiks,1,0,pk.,Netto,https://static.tilbudsugen.dk/1st-retail/2026/12/64837/Netto112026-1_21_2920x4921_4920x6759_zoom.jpg,2026-03-14,2026-03-20,https://res.cloudinary.com/dfqzmnlga/image/upload/v1773460114/2026-03-14/11003723.jpg,Biscuits,"Crunchy, cheerful, and always ready to share a laugh—just wait for me to pop up! 🍞"
11003511,49.0,Velsmag,Grisekød,Grisemørbrad,1,0,bk.,Netto,https://static.tilbudsugen.dk/1st-retail/2026/12/64837/Netto112026-1_14_79x2604_2427x4854_zoom.jpg,2026-03-14,2026-03-20,https://res.cloudinary.com/dfqzmnlga/image/upload/v1773460114/2026-03-14/11003511.jpg,Pig tenderloin,"Savoring the perfect cut of meat, ready to melt in your mouth—*❤️*"
11002907,10.0,Steff Houlberg,"Pålæg, skiveskåret",Rullepølse,1,0,bk.,Netto,https://static.tilbudsugen.dk/1st-retail/2026/12/64837/Netto112026-1_1_2439x1315_4878x3648_zoom.jpg,2026-03-14,2026-03-20,https://res.cloudinary.com/dfqzmnlga/image/upload/v1773460115/2026-03-14/11002907.jpg,Roller sausage,"Sausage-shaped chaos in a bag – ready to roll, roll, roll! 🥩"
11003730,25.0,Gullon,Kiks,Sandwich Chocolate Kiks,1,0,pk.,Netto,https://static.tilbudsugen.dk/1st-retail/2026/12/64837/Netto112026-1_21_2920x4921_4920x6759_zoom.jpg,2026-03-14,2026-03-20,https://res.cloudinary.com/dfqzmnlga/image/upload/v1773460115/2026-03-14/11003730.jpg,Sandwich Chocolate Biscuits,"Crave a sweet escape? I'm the sandwich chocolate biscuits—flaky, fudgy, and always ready to pair with a latte. 🍫"
11003355,39.0,Velsmag,Oksekød,Hakket oksekød 4-7%,1,0,ps.,Netto,https://static.tilbudsugen.dk/1st-retail/2026/12/64837/Netto112026-1_6_0x4864_2382x6802_zoom.jpg,2026-03-14,2026-03-20,https://res.cloudinary.com/dfqzmnlga/image/upload/v1773460116/2026-03-14/11003355.jpg,Minced beef 4-7%,"🔥 Sizzling with flavor, ready to ignite your taste buds! 🍳"
11003646,39.0,Løgismose,Færdigretter Køl,Spinatlasagne,1,0,bk.,Netto,https://static.tilbudsugen.dk/1st-retail/2026/12/64837/Netto112026-1_19_3231x4864_4800x6738_zoom.jpg,2026-03-14,2026-03-20,https://res.cloudinary.com/dfqzmnlga/image/upload/v1773460116/2026-03-14/11003646.jpg,Spinach lasagna,"Leafy, layered, and delicious—spinach lasagna is the ultimate flavor explosion. 🍝✨"
11003642,39.0,Løgismose,Færdigretter Køl,Lasagne,1,0,bk.,Netto,https://static.tilbudsugen.dk/1st-retail/2026/12/64837/Netto112026-1_19_3231x4864_4800x6738_zoom.jpg,2026-03-14,2026-03-20,https://res.cloudinary.com/dfqzmnlga/image/upload/v1773460117/2026-03-14/11003642.jpg,Lasagna,"Layered with love, secrets, and a sprinkle of pasta. 🍝"
11003645,39.0,Løgismose,Færdigretter Køl,Butter Chicken,1,0,bk.,Netto,https://static.tilbudsugen.dk/1st-retail/2026/12/64837/Netto112026-1_19_3231x4864_4800x6738_zoom.jpg,2026-03-14,2026-03-20,https://res.cloudinary.com/dfqzmnlga/image/upload/v1773460117/2026-03-14/11003645.jpg,Butter Chicken,"Savoring the perfect blend of flavors, 🍲"
11003809,14.0,Kims,Snacks,Snack Crunch Nacho Cheese,1,0,ps.,Netto,https://static.tilbudsugen.dk/1st-retail/2026/12/64837/Netto112026-1_21_28x2892_1619x4893_zoom.jpg,2026-03-14,2026-03-20,https://res.cloudinary.com/dfqzmnlga/image/upload/v1773460118/2026-03-14/11003809.jpg,Snack Crunch Nacho Cheese,"Crunchy, cheesy, and ready to satisfy any craving 🍦✨"
11003812,14.0,Kims,Snacks,Snack Crunch Cheese,1,0,ps.,Netto,https://static.tilbudsugen.dk/1st-retail/2026/12/64837/Netto112026-1_21_28x2892_1619x4893_zoom.jpg,2026-03-14,2026-03-20,https://res.cloudinary.com/dfqzmnlga/image/upload/v1773460118/2026-03-14/11003812.jpg,Snack Crunch Cheese,"Crunchy, salty, and ready to snack—your favorite companion in any mood! 🍬"
11003613,35.0,Slagter Lampe,Pålægspølser,Sønderjysk Spegepølse,1,0,stk.,Netto,https://static.tilbudsugen.dk/1st-retail/2026/12/64837/Netto112026-1_16_1627x2945_3293x4854_zoom.jpg,2026-03-14,2026-03-20,https://res.cloudinary.com/dfqzmnlga/image/upload/v1773460119/2026-03-14/11003613.jpg,Sønderjysk Salsify,"✨A bold, briny flavor that brings the sea to your plate!✨"
11003610,35.0,Slagter Lampe,Pålægspølser,Kartoffelspegepølse,1,0,stk.,Netto,https://static.tilbudsugen.dk/1st-retail/2026/12/64837/Netto112026-1_16_1627x2945_3293x4854_zoom.jpg,2026-03-14,2026-03-20,https://res.cloudinary.com/dfqzmnlga/image/upload/v1773460119/2026-03-14/11003610.jpg,Potato sausage,"Salty, smoky, and spicy — the perfect side to any meal! 🍴"
11003697,20.0,Kulørte Fisk,Slik,Slikposer,1,0,ps.,Netto,https://static.tilbudsugen.dk/1st-retail/2026/12/64837/Netto112026-1_20_28x2828_1619x4871_zoom.jpg,2026-03-14,2026-03-20,https://res.cloudinary.com/dfqzmnlga/image/upload/v1773460120/2026-03-14/11003697.jpg,Candy bags,✨ Candy bag enthusiast with a sweet tooth and a knack for spreading joy! ✨
11003700,20.0,Jordbær,Slik,Slikposer,1,0,ps.,Netto,https://static.tilbudsugen.dk/1st-retail/2026/12/64837/Netto112026-1_20_28x2828_1619x4871_zoom.jpg,2026-03-14,2026-03-20,https://res.cloudinary.com/dfqzmnlga/image/upload/v1773460120/2026-03-14/11003700.jpg,Candy bags,✨ Candy bag enthusiast with a sweet tooth and a knack for spreading joy! 🍬
11003698,20.0,Menthol Toppe,Slik,Slikposer,1,0,ps.,Netto,https://static.tilbudsugen.dk/1st-retail/2026/12/64837/Netto112026-1_20_28x2828_1619x4871_zoom.jpg,2026-03-14,2026-03-20,https://res.cloudinary.com/dfqzmnlga/image/upload/v1773460121/2026-03-14/11003698.jpg,Candy bags,"Candy bags, always ready to sweeten the moment 🍬"
11003699,20.0,Hindbærbomber,Slik,Slikposer,1,0,ps.,Netto,https://static.tilbudsugen.dk/1st-retail/2026/12/64837/Netto112026-1_20_28x2828_1619x4871_zoom.jpg,2026-03-14,2026-03-20,https://res.cloudinary.com/dfqzmnlga/image/upload/v1773460121/2026-03-14/11003699.jpg,Candy bags,✨ Treat yourself to a bag of sweet surprises! ✨
11002980,59.0,Blanding 72,Kaffe,Kaffe Formalet,1,0,ps.,Netto,https://static.tilbudsugen.dk/1st-retail/2026/12/64837/Netto112026-1_3_2411x3302_4927x6830_zoom.jpg,2026-03-14,2026-03-20,https://res.cloudinary.com/dfqzmnlga/image/upload/v1773460122/2026-03-14/11002980.jpg,Coffee Painted,"☕️ Painted with coffee, I'm everywhere you look—just don't ask me how. 🌟"
11003622,25.0,Bådsmand,Fisk og skaldyr Køl,Fiskefrikadeller,1,0,bk.,Netto,https://static.tilbudsugen.dk/1st-retail/2026/12/64837/Netto112026-1_16_1666x4861_3312x6868_zoom.jpg,2026-03-14,2026-03-20,https://res.cloudinary.com/dfqzmnlga/image/upload/v1773460122/2026-03-14/11003622.jpg,Fish meatballs,Sizzle up some flavor with my deliciously tasty meatballs! 🍣
11003340,25.0,Cheasy,Skiveost,Skiveost Mellemlagret 13%,1,0,pk.,Netto,https://static.tilbudsugen.dk/1st-retail/2026/12/64837/Netto112026-1_4_2467x3634_4948x6830_zoom.jpg,2026-03-14,2026-03-20,https://res.cloudinary.com/dfqzmnlga/image/upload/v1773460123/2026-03-14/11003340.jpg,Skiver cheese Intermediate stock 13%,✨ Skiver cheese Intermediate stock 13% – the perfect balance of cream and curiosity. 🥨
11003341,25.0,Cheasy,Skiveost,Skiveost 13% mild,1,0,pk.,Netto,https://static.tilbudsugen.dk/1st-retail/2026/12/64837/Netto112026-1_4_2467x3634_4948x6830_zoom.jpg,2026-03-14,2026-03-20,https://res.cloudinary.com/dfqzmnlga/image/upload/v1773460123/2026-03-14/11003341.jpg,Skive cheese 13% mild,"Smelly, mild, and slightly sleepy — perfect for a lazy afternoon. 🥨"
11003342,25.0,Riberhus,Skiveost,Skiveost Danbo Mellemlagret,1,0,pk.,Netto,https://static.tilbudsugen.dk/1st-retail/2026/12/64837/Netto112026-1_4_2467x3634_4948x6830_zoom.jpg,2026-03-14,2026-03-20,https://res.cloudinary.com/dfqzmnlga/image/upload/v1773460124/2026-03-14/11003342.jpg,Skiveost Danbo Intermediate stock,Skiveost Danbo Intermediate stock: The ultimate multitasker who never stops chatting and cooking at the same time. 🍽️
11002925,10.0,Samba,Flødeboller,Flødeboller Kokos,1,0,bk.,Netto,https://static.tilbudsugen.dk/1st-retail/2026/12/64837/Netto112026-1_2_21x4737_2297x6745_zoom.jpg,2026-03-14,2026-03-20,https://res.cloudinary.com/dfqzmnlga/image/upload/v1773460124/2026-03-14/11002925.jpg,Creamballs Coconut,"Savor the sweet, creamy, and tropical flavor of Creamballs Coconut with a twist—like a tropical surprise in every bite! 🍫"
11002927,10.0,Samba,Flødeboller,Flødeboller Klassisk,1,0,bk.,Netto,https://static.tilbudsugen.dk/1st-retail/2026/12/64837/Netto112026-1_2_21x4737_2297x6745_zoom.jpg,2026-03-14,2026-03-20,https://res.cloudinary.com/dfqzmnlga/image/upload/v1773460125/2026-03-14/11002927.jpg,Creamballs Classic,✨ Creamball Lover & Savorer ✨
11003838,5.0,Murph,Kosttilskud,Træningstilskud,1,0,ps.,Netto,https://static.tilbudsugen.dk/1st-retail/2026/12/64837/Netto112026-1_23_127x2729_1697x4624_zoom.jpg,2026-03-14,2026-03-20,https://res.cloudinary.com/dfqzmnlga/image/upload/v1773460125/2026-03-14/11003838.jpg,Training grants,"🚀 Train your mind, upgrade your skills, and never stop growing! 🌟"
11003636,19.0,Løgismose,Madlavningsost,Salatost,1,0,stk.,Netto,https://static.tilbudsugen.dk/1st-retail/2026/12/64837/Netto112026-1_19_3231x2998_4842x4843_zoom.jpg,2026-03-14,2026-03-20,https://res.cloudinary.com/dfqzmnlga/image/upload/v1773460125/2026-03-14/11003636.jpg,Salad cheese,"Crunchy, creamy, and perfectly balanced—salad cheese is the ultimate flavor bomb. 🍅"
11002965,59.0,Java Colombia,Kaffe,Kaffebønner,1,0,ps.,Netto,https://static.tilbudsugen.dk/1st-retail/2026/12/64837/Netto112026-1_3_2411x3302_4927x6830_zoom.jpg,2026-03-14,2026-03-20,https://res.cloudinary.com/dfqzmnlga/image/upload/v1773460126/2026-03-14/11002965.jpg,Coffee beans,"☕️ Brewed with passion, every sip is a rebellion."
11002968,59.0,Santos Colombia,Kaffe,Kaffebønner,1,0,ps.,Netto,https://static.tilbudsugen.dk/1st-retail/2026/12/64837/Netto112026-1_3_2411x3302_4927x6830_zoom.jpg,2026-03-14,2026-03-20,https://res.cloudinary.com/dfqzmnlga/image/upload/v1773460126/2026-03-14/11002968.jpg,Coffee beans,"☕️ The world needs more coffee, and I'm here to make it happen."
11004121,99.0,,Californiske vine,Californisk Hvidvin,1,0,fl.,Netto,https://static.tilbudsugen.dk/1st-retail/2026/12/64837/Netto112026-1_22_138x4981_1696x6785_zoom.jpg,2026-03-14,2026-03-20,https://res.cloudinary.com/dfqzmnlga/image/upload/v1773460127/2026-03-14/11004121.jpg,California White wine,"Sip, savor, and sway—California White wine, perfect for any occasion. 🍷"
11004122,99.0,,Italienske vine,Italiensk Rødvin,1,0,fl.,Netto,https://static.tilbudsugen.dk/1st-retail/2026/12/64837/Netto112026-1_22_138x4981_1696x6785_zoom.jpg,2026-03-14,2026-03-20,https://res.cloudinary.com/dfqzmnlga/image/upload/v1773460127/2026-03-14/11004122.jpg,Italian Red Wine,"Sip, savor, and let the flavors speak—🍷"
11003343,25.0,Riberhus,Skiveost,Skiveost Danbo Mellemlagret,1,0,pk.,Netto,https://static.tilbudsugen.dk/1st-retail/2026/12/64837/Netto112026-1_4_2467x3634_4948x6830_zoom.jpg,2026-03-14,2026-03-20,https://res.cloudinary.com/dfqzmnlga/image/upload/v1773460128/2026-03-14/11003343.jpg,Skiveost Danbo Intermediate stock,"✨ Skiveost Danbo Intermediate stock: The perfect blend of chaos and calm, ready to make your day a little more interesting. 🌟"
11003926,5.0,Murph,Snacks/bar,Proteinbar Mælkechokolade,1,0,stk.,Netto,https://static.tilbudsugen.dk/1st-retail/2026/12/64837/Netto112026-1_23_127x2729_1697x4624_zoom.jpg,2026-03-14,2026-03-20,https://res.cloudinary.com/dfqzmnlga/image/upload/v1773460128/2026-03-14/11003926.jpg,Proteinable Milk chocolate,✨ Satisfy your cravings with a sprinkle of protein and a dash of chocolate! 🍫
11003924,5.0,Murph,Snacks/bar,Proteinbar Mælkechokolade,1,0,stk.,Netto,https://static.tilbudsugen.dk/1st-retail/2026/12/64837/Netto112026-1_23_127x2729_1697x4624_zoom.jpg,2026-03-14,2026-03-20,https://res.cloudinary.com/dfqzmnlga/image/upload/v1773460129/2026-03-14/11003924.jpg,Proteinable Milk chocolate,"✨ Satisfy your cravings with a creamy, protein-packed treat that's as sweet as it is savory. ✨"
11003746,25.0,Marabou,Kager,Choco Muffin Cake,1,0,ps.,Netto,https://static.tilbudsugen.dk/1st-retail/2026/12/64837/Netto112026-1_21_3252x2878_4920x4886_zoom.jpg,2026-03-14,2026-03-20,https://res.cloudinary.com/dfqzmnlga/image/upload/v1773460129/2026-03-14/11003746.jpg,Choco Muffin Cake,"Deliciously sweet, with a twist of whimsy—just the way you feel after a perfect day. 🍰"
11002984,59.0,Blanding 95,Kaffe,Kaffe Formalet,1,0,ps.,Netto,https://static.tilbudsugen.dk/1st-retail/2026/12/64837/Netto112026-1_3_2411x3302_4927x6830_zoom.jpg,2026-03-14,2026-03-20,https://res.cloudinary.com/dfqzmnlga/image/upload/v1773460130/2026-03-14/11002984.jpg,Coffee Painted,"☕️ Painted with coffee, I'm a flavor that's never the same."
11002967,59.0,Peter Larsen,Kaffe,Kaffebønner,1,0,ps.,Netto,https://static.tilbudsugen.dk/1st-retail/2026/12/64837/Netto112026-1_3_2411x3302_4927x6830_zoom.jpg,2026-03-14,2026-03-20,https://res.cloudinary.com/dfqzmnlga/image/upload/v1773460130/2026-03-14/11002967.jpg,Coffee beans,"☕️ The world needs more caffeine, and I'm here to supply it."
11003348,89.0,Velsmag,Fersk fisk,Lakseside,1,0,pk.,Netto,https://static.tilbudsugen.dk/1st-retail/2026/12/64837/Netto112026-1_5_2435x3714_4937x6828_zoom.jpg,2026-03-14,2026-03-20,https://res.cloudinary.com/dfqzmnlga/image/upload/v1773460131/2026-03-14/11003348.jpg,Salmonside,"✨ Salmonside: The ocean's favorite sidekick, always fresh and full of flavor! 🐟"
11003652,12.0,Polar Seafood,Rejer og andre skaldyr,Rejer,1,0,bg.,Netto,https://static.tilbudsugen.dk/1st-retail/2026/12/64837/Netto112026-1_16_33x4874_1699x6855_zoom.jpg,2026-03-14,2026-03-20,https://res.cloudinary.com/dfqzmnlga/image/upload/v1773460131/2026-03-14/11003652.jpg,Shrimps and prawns,"Craving a feast? I’m the star of the seafood scene—shrimps and prawns, ready to shine! 🐞"
11004118,109.0,London Dry,Gin,Gin,1,0,fl.,Netto,https://static.tilbudsugen.dk/1st-retail/2026/12/64837/Netto112026-1_22_1714x4867_3266x6827_zoom.jpg,2026-03-14,2026-03-20,https://res.cloudinary.com/dfqzmnlga/image/upload/v1773460132/2026-03-14/11004118.jpg,Gin,"Sip, savor, and sway—just like a good gin. 🍸"
11004119,109.0,Aperol,Aperitif,Aperitif,1,0,fl.,Netto,https://static.tilbudsugen.dk/1st-retail/2026/12/64837/Netto112026-1_22_1714x4867_3266x6827_zoom.jpg,2026-03-14,2026-03-20,https://res.cloudinary.com/dfqzmnlga/image/upload/v1773460132/2026-03-14/11004119.jpg,Aperitif,"Sip, savor, and spark—perfect for a night of delight 🍸"
11004120,109.0,Original,Snaps,Akvavit,1,0,fl.,Netto,https://static.tilbudsugen.dk/1st-retail/2026/12/64837/Netto112026-1_22_1714x4867_3266x6827_zoom.jpg,2026-03-14,2026-03-20,https://res.cloudinary.com/dfqzmnlga/image/upload/v1773460133/2026-03-14/11004120.jpg,Aquavit,"A sour, smoky spirit that dances on the edge of sweet and bitter — 🍸"
11004117,109.0,Absolut,Vodka,Vodka,1,0,fl.,Netto,https://static.tilbudsugen.dk/1st-retail/2026/12/64837/Netto112026-1_22_1714x4867_3266x6827_zoom.jpg,2026-03-14,2026-03-20,https://res.cloudinary.com/dfqzmnlga/image/upload/v1773460133/2026-03-14/11004117.jpg,Vodka,"Vodka: ""Sip, savor, and let the world fade away—just like the last sip of my drink."" 🍸"
10970431,8.0,,Garn,Garn,1,0,stk.,Netto,https://static.tilbudsugen.dk/1st-retail/2026/9/64663/Netto82026-1_38_189x228_2782x3584_zoom.jpg,2026-02-21,2026-03-27,https://res.cloudinary.com/dfqzmnlga/image/upload/v1773460134/2026-03-14/10970431.jpg,Yarn,"Weaving dreams into every stitch, yarn and imagination. 🎨"
11003650,33.0,Løgismose,Kylling,Kyllingesteak,1,0,bk.,Netto,https://static.tilbudsugen.dk/1st-retail/2026/12/64837/Netto112026-1_19_134x4893_1640x6780_zoom.jpg,2026-03-14,2026-03-20,https://res.cloudinary.com/dfqzmnlga/image/upload/v1773460134/2026-03-14/11003650.jpg,Chicken Steak,"Sizzling with flavor, I’m the ultimate meaty delight—chicken steak, ready to ignite your taste buds! 🍗"
11003745,25.0,Marabou,Kager,Choco Brownie,1,0,ps.,Netto,https://static.tilbudsugen.dk/1st-retail/2026/12/64837/Netto112026-1_21_3252x2878_4920x4886_zoom.jpg,2026-03-14,2026-03-20,https://res.cloudinary.com/dfqzmnlga/image/upload/v1773460135/2026-03-14/11003745.jpg,Choco Brownie,"✨ Chocolatey delight, baked to perfection! 🍪"
10995346,35.0,Launis,Rejer og andre skaldyr,Rejer,1,0,bg.,Netto,https://static.tilbudsugen.dk/1st-retail/2026/11/64774/Netto102026-1_18_30x4879_2511x6857_zoom.jpg,2026-03-07,2026-03-31,https://res.cloudinary.com/dfqzmnlga/image/upload/v1773460136/2026-03-14/10995346.jpg,Shrimps and prawns,Craving a feast? I'm here to bring the ocean to your table 🌊✨
11003846,179.0,Murph,Kosttilskud,Træningstilskud,1,1,stk.,Netto,https://static.tilbudsugen.dk/1st-retail/2026/12/64837/Netto112026-1_23_3202x163_4828x2588_zoom.jpg,2026-03-14,2026-03-20,https://res.cloudinary.com/dfqzmnlga/image/upload/v1773460136/2026-03-14/11003846.jpg,Training grants,"🚀 Training grants: fuel your growth, not your budget! 💪"
11003702,9.0,Tommy Tigerrr,Babymad,Majs Snacks,1,0,ps.,Netto,https://static.tilbudsugen.dk/1st-retail/2026/12/64837/Netto112026-1_21_21x749_1640x2856_zoom.jpg,2026-03-14,2026-03-20,https://res.cloudinary.com/dfqzmnlga/image/upload/v1773460137/2026-03-14/11003702.jpg,Maize Snacks,"Golden nuggets of joy, ready to burst your taste buds—✨"
11003716,25.0,Marabou,Kager,Choco Brookie,1,0,ps.,Netto,https://static.tilbudsugen.dk/1st-retail/2026/12/64837/Netto112026-1_21_3252x2878_4920x4886_zoom.jpg,2026-03-14,2026-03-20,https://res.cloudinary.com/dfqzmnlga/image/upload/v1773460138/2026-03-14/11003716.jpg,Choco Brookie,"✨ Choco Brookie: The sweet, sassy, and slightly messy delight that makes every day a little sweeter. 🍫"
10995339,35.0,,Røget og gravad,Laks i skiver,1,0,pk.,Netto,https://static.tilbudsugen.dk/1st-retail/2026/11/64774/Netto102026-1_18_30x4879_2511x6857_zoom.jpg,2026-03-07,2026-03-31,https://res.cloudinary.com/dfqzmnlga/image/upload/v1773460138/2026-03-14/10995339.jpg,Salmon in slices,"Slicing up the sea for a tasty, slice-of-life adventure 🍣"
10995344,35.0,,Røget og gravad,Laks,1,0,bk.,Netto,https://static.tilbudsugen.dk/1st-retail/2026/11/64774/Netto102026-1_18_30x4879_2511x6857_zoom.jpg,2026-03-07,2026-03-31,https://res.cloudinary.com/dfqzmnlga/image/upload/v1773460139/2026-03-14/10995344.jpg,Salmon,"✨ Flaky, fresh, and full of flavor—salmon is the ultimate oceanic delight! 🐟"
11003391,39.0,Zendium,Tandpleje,Tandpasta,1,0,pk.,Netto,https://static.tilbudsugen.dk/1st-retail/2026/12/64837/Netto112026-1_8_2411x3211_4943x6810_zoom.jpg,2026-03-14,2026-03-20,https://res.cloudinary.com/dfqzmnlga/image/upload/v1773460139/2026-03-14/11003391.jpg,Toothpaste,"Brushing away worries, one smile at a time 🍼"
11003918,10.0,Murph,Snacks/bar,Cookies & Caramel Crisp Proteinbar,1,0,stk.,Netto,https://static.tilbudsugen.dk/1st-retail/2026/12/64837/Netto112026-1_23_3245x2588_4779x4631_zoom.jpg,2026-03-14,2026-03-20,https://res.cloudinary.com/dfqzmnlga/image/upload/v1773460140/2026-03-14/11003918.jpg,Cookies & Caramel Crisp Protein Bar,"✨ Sweet, savory, and super satisfying – perfect for any snack time! ✨"
10970432,10.0,,Garn,Garn,1,0,stk.,Netto,https://static.tilbudsugen.dk/1st-retail/2026/9/64663/Netto82026-1_39_2600x4490_4939x6628_zoom.jpg,2026-02-21,2026-03-27,https://res.cloudinary.com/dfqzmnlga/image/upload/v1773460140/2026-03-14/10970432.jpg,Yarn,"Weaving dreams into every stitch, one knot at a time ✨"
11003920,10.0,Murph,Snacks/bar,Peanut & Caramel Crisp Proteinbar,1,0,stk.,Netto,https://static.tilbudsugen.dk/1st-retail/2026/12/64837/Netto112026-1_23_3245x2588_4779x4631_zoom.jpg,2026-03-14,2026-03-20,https://res.cloudinary.com/dfqzmnlga/image/upload/v1773460141/2026-03-14/11003920.jpg,Peanut & Caramel Crisp Protein Bar,"✨ Crunchy, creamy, and super satisfying—perfect for any snack moment! ✨"
11003845,10.0,Murph,Snacks/bar,Pistachio & Cookies Crisp Proteinbar,1,0,stk.,Netto,https://static.tilbudsugen.dk/1st-retail/2026/12/64837/Netto112026-1_23_3245x2588_4779x4631_zoom.jpg,2026-03-14,2026-03-20,https://res.cloudinary.com/dfqzmnlga/image/upload/v1773460141/2026-03-14/11003845.jpg,Pistachio & Cookies Crisp Protein Bar,"✨ Sweet, salty, and super satisfying—just the way you want your snack! ✨"
11003662,8.0,Anthon Berg,Chokolade,Marcipanbrød Nougat,1,0,stk.,Netto,https://static.tilbudsugen.dk/1st-retail/2026/12/64837/Netto112026-1_20_3330x255_4955x2885_zoom.jpg,2026-03-14,2026-03-20,https://res.cloudinary.com/dfqzmnlga/image/upload/v1773460142/2026-03-14/11003662.jpg,Marzipan bread Nougat,"A sweet confection that dances between nostalgia and whimsy, with a hint of spice and a smile. 🍫"
11003660,8.0,Anthon Berg,Chokolade,Marcipanbrød Hazelnut,1,0,stk.,Netto,https://static.tilbudsugen.dk/1st-retail/2026/12/64837/Netto112026-1_20_3330x255_4955x2885_zoom.jpg,2026-03-14,2026-03-20,https://res.cloudinary.com/dfqzmnlga/image/upload/v1773460142/2026-03-14/11003660.jpg,Marzipan bread Hazelnut,"A sweet, nutty treat that brings joy and whispers of adventure with every bite 🍫✨"
11003661,8.0,Anthon Berg,Chokolade,Marcipanbrød Mocca,1,0,stk.,Netto,https://static.tilbudsugen.dk/1st-retail/2026/12/64837/Netto112026-1_20_3330x255_4955x2885_zoom.jpg,2026-03-14,2026-03-20,https://res.cloudinary.com/dfqzmnlga/image/upload/v1773460143/2026-03-14/11003661.jpg,Marzipan bread Mocca,"Sweet, creamy marzipan bread with a hint of mocha—satisfying, indulgent, and perfect for a cozy afternoon. 🍫"
11003659,8.0,Anthon Berg,Chokolade,Marcipanbrød Cognac,1,0,stk.,Netto,https://static.tilbudsugen.dk/1st-retail/2026/12/64837/Netto112026-1_20_3330x255_4955x2885_zoom.jpg,2026-03-14,2026-03-20,https://res.cloudinary.com/dfqzmnlga/image/upload/v1773460144/2026-03-14/11003659.jpg,Marzipan bread Cognac,"A sweet, smoky love letter to the autumn season, wrapped in a cinnamon spice — 🍁"
11002948,10.0,Santa Maria,Krydderier,Hvidløgspulver,1,0,gl.,Netto,https://static.tilbudsugen.dk/1st-retail/2026/12/64837/Netto112026-1_2_35x2390_2283x4680_zoom.jpg,2026-03-14,2026-03-20,https://res.cloudinary.com/dfqzmnlga/image/upload/v1773460144/2026-03-14/11002948.jpg,Garlic powder,"Spicy, sharp, and ready to elevate any dish—just add the flavor! 🌶️"
11003585,18.0,Toblerone,Dybfrost Kager & Tærter,Cheesecake,1,0,pk.,Netto,https://static.tilbudsugen.dk/1st-retail/2026/12/64837/Netto112026-1_15_72x4789_3332x6842_zoom.jpg,2026-03-14,2026-03-20,https://res.cloudinary.com/dfqzmnlga/image/upload/v1773460145/2026-03-14/11003585.jpg,Cheesecake,"Slice of joy, sweet and creamy, with a little bit of mischief. 🍮"
11003583,18.0,Daim,Dybfrost Kager & Tærter,Cheesecake,1,0,pk.,Netto,https://static.tilbudsugen.dk/1st-retail/2026/12/64837/Netto112026-1_15_72x4789_3332x6842_zoom.jpg,2026-03-14,2026-03-20,https://res.cloudinary.com/dfqzmnlga/image/upload/v1773460145/2026-03-14/11003583.jpg,Cheesecake,Craving a slice of joy? I'm the cheesecake that never misses a chance to melt your heart. 🍪
11003595,15.0,Smagen af Århus,"Pålæg, skiveskåret",Roastbeef,1,0,pk.,Netto,https://static.tilbudsugen.dk/1st-retail/2026/12/64837/Netto112026-1_16_3253x630_4847x2932_zoom.jpg,2026-03-14,2026-03-20,https://res.cloudinary.com/dfqzmnlga/image/upload/v1773460147/2026-03-14/11003595.jpg,Roast beef,Savoring the perfect slice of hearty joy 🍗
11003600,15.0,Smagen af Århus,"Pålæg, skiveskåret",Oksebryst,1,0,pk.,Netto,https://static.tilbudsugen.dk/1st-retail/2026/12/64837/Netto112026-1_16_3253x630_4847x2932_zoom.jpg,2026-03-14,2026-03-20,https://res.cloudinary.com/dfqzmnlga/image/upload/v1773460147/2026-03-14/11003600.jpg,Beef breast,"🔥Sizzling with flavor, ready to conquer your taste buds! 🍗"
11003601,15.0,Smagen af Århus,"Pålæg, skiveskåret",Bach Skinke,1,0,pk.,Netto,https://static.tilbudsugen.dk/1st-retail/2026/12/64837/Netto112026-1_16_3253x630_4847x2932_zoom.jpg,2026-03-14,2026-03-20,https://res.cloudinary.com/dfqzmnlga/image/upload/v1773460148/2026-03-14/11003601.jpg,Bach Skins,✨ The only thing you need to feel confident about—without a doubt. ✨
11003599,15.0,Smagen af Århus,"Pålæg, skiveskåret",Rullepølse,1,0,pk.,Netto,https://static.tilbudsugen.dk/1st-retail/2026/12/64837/Netto112026-1_16_3253x630_4847x2932_zoom.jpg,2026-03-14,2026-03-20,https://res.cloudinary.com/dfqzmnlga/image/upload/v1773460148/2026-03-14/11003599.jpg,Roller sausage,"Sizzling with flavor, ready to roll! 🍲"
11003584,18.0,Oreo,Dybfrost Kager & Tærter,Cheesecake,1,0,pk.,Netto,https://static.tilbudsugen.dk/1st-retail/2026/12/64837/Netto112026-1_15_72x4789_3332x6842_zoom.jpg,2026-03-14,2026-03-20,https://res.cloudinary.com/dfqzmnlga/image/upload/v1773460149/2026-03-14/11003584.jpg,Cheesecake,"Slice of joy, slice of whimsy — my favorite dessert, always ready to melt in your mouth. 🍮"
11003586,18.0,Philadelphia,Dybfrost Kager & Tærter,Cheesecake,1,0,pk.,Netto,https://static.tilbudsugen.dk/1st-retail/2026/12/64837/Netto112026-1_15_72x4789_3332x6842_zoom.jpg,2026-03-14,2026-03-20,https://res.cloudinary.com/dfqzmnlga/image/upload/v1773460149/2026-03-14/11003586.jpg,Cheesecake,"Slice of joy, crumbly delight, and a little bit of sweetness—because cheesecake is the perfect dessert. 🍪"
11004123,159.0,12 YO,Whisky,Whisky,1,0,fl.,Netto,https://static.tilbudsugen.dk/1st-retail/2026/12/64837/Netto112026-1_22_3404x4999_4968x6964_zoom.jpg,2026-03-14,2026-03-20,https://res.cloudinary.com/dfqzmnlga/image/upload/v1773460150/2026-03-14/11004123.jpg,Whiskey,"Sip, savor, and let the whiskey do the talking — because life's too short for bad drinks. 🍸"
11004124,159.0,Black Label,Whisky,Whisky,1,0,fl.,Netto,https://static.tilbudsugen.dk/1st-retail/2026/12/64837/Netto112026-1_22_3404x4999_4968x6964_zoom.jpg,2026-03-14,2026-03-20,https://res.cloudinary.com/dfqzmnlga/image/upload/v1773460150/2026-03-14/11004124.jpg,Whiskey,"Whiskey: ""Sip, savor, and let the night talk."" 🍸"
11003625,12.0,,Røget og gravad,Laks i skiver,1,0,pk.,Netto,https://static.tilbudsugen.dk/1st-retail/2026/12/64837/Netto112026-1_16_33x4874_1699x6855_zoom.jpg,2026-03-14,2026-03-20,https://res.cloudinary.com/dfqzmnlga/image/upload/v1773460151/2026-03-14/11003625.jpg,Salmon in slices,"Sashimi lover, slicing paradise, and the ocean's favorite snack. 🐟"
11004101,12.0,Rexona,Deodorant,Deo Roll-on,1,0,stk.,Netto,https://static.tilbudsugen.dk/1st-retail/2026/12/64837/Netto112026-1_24_72x4723_1708x6839_zoom.jpg,2026-03-14,2026-03-20,https://res.cloudinary.com/dfqzmnlga/image/upload/v1773460151/2026-03-14/11004101.jpg,Deo Roll-on,"✨ Spray some freshness, swipe right on vibes!"
11004102,12.0,Rexona Men,Deodorant,Deo Roll-on,1,0,stk.,Netto,https://static.tilbudsugen.dk/1st-retail/2026/12/64837/Netto112026-1_24_72x4723_1708x6839_zoom.jpg,2026-03-14,2026-03-20,https://res.cloudinary.com/dfqzmnlga/image/upload/v1773460152/2026-03-14/11004102.jpg,Deo Roll-on,"✨ Spray your day with confidence, one smudge at a time! ✨"
11003658,8.0,Anthon Berg,Chokolade,Marcipanbrød Bailey,1,0,stk.,Netto,https://static.tilbudsugen.dk/1st-retail/2026/12/64837/Netto112026-1_20_3330x255_4955x2885_zoom.jpg,2026-03-14,2026-03-20,https://res.cloudinary.com/dfqzmnlga/image/upload/v1773460152/2026-03-14/11003658.jpg,Marzipan bread Bailey,"Sweet, sticky, and slightly sweet-tempered—Marzipan bread Bailey, ready to melt your heart with every bite 🍫"
11002947,10.0,Santa Maria,Krydderier,Løgpulver,1,0,gl.,Netto,https://static.tilbudsugen.dk/1st-retail/2026/12/64837/Netto112026-1_2_35x2390_2283x4680_zoom.jpg,2026-03-14,2026-03-20,https://res.cloudinary.com/dfqzmnlga/image/upload/v1773460153/2026-03-14/11002947.jpg,Onion powder,Smell the heat—onion powder is the spice that turns any meal into a story. 🍲
11002969,59.0,Gold,Instant Kaffe,Instant Kaffe,1,0,ps.,Netto,https://static.tilbudsugen.dk/1st-retail/2026/12/64837/Netto112026-1_3_2411x3302_4927x6830_zoom.jpg,2026-03-14,2026-03-20,https://res.cloudinary.com/dfqzmnlga/image/upload/v1773460154/2026-03-14/11002969.jpg,Instant Coffee,"☕ Brewed anytime, anywhere—sip, savor, repeat."
11002970,59.0,Cafe Noir,Instant Kaffe,Instant Kaffe,1,0,ps.,Netto,https://static.tilbudsugen.dk/1st-retail/2026/12/64837/Netto112026-1_3_2411x3302_4927x6830_zoom.jpg,2026-03-14,2026-03-20,https://res.cloudinary.com/dfqzmnlga/image/upload/v1773460154/2026-03-14/11002970.jpg,Instant Coffee,"☕ Stir it up, taste it, and let the world know you're ready to brew a new adventure."
11002979,59.0,Crema,Instant Kaffe,Instant Kaffe,1,0,ps.,Netto,https://static.tilbudsugen.dk/1st-retail/2026/12/64837/Netto112026-1_3_2411x3302_4927x6830_zoom.jpg,2026-03-14,2026-03-20,https://res.cloudinary.com/dfqzmnlga/image/upload/v1773460155/2026-03-14/11002979.jpg,Instant Coffee,"☕ Brew your day with me—quick, strong, and always ready."
10970425,25.0,,Garn,Garn,1,0,stk.,Netto,https://static.tilbudsugen.dk/1st-retail/2026/9/64663/Netto82026-1_37_235x4744_2470x6543_zoom.jpg,2026-02-21,2026-03-27,https://res.cloudinary.com/dfqzmnlga/image/upload/v1773460155/2026-03-14/10970425.jpg,Yarn,Sew through life with a vibrant tapestry of emotions and adventures 🧶
11003676,25.0,Hello Sensitive,Styling,Hårvoks,1,0,stk.,Netto,https://static.tilbudsugen.dk/1st-retail/2026/12/64837/Netto112026-1_25_118x2447_2538x4585_zoom.jpg,2026-03-14,2026-03-20,https://res.cloudinary.com/dfqzmnlga/image/upload/v1773460156/2026-03-14/11003676.jpg,Hairwax,"✨ Hairwax: The glue that keeps your style in place, even when the world is spinning. 🌟"
11003842,14.0,Murph,Snacks/bar,Proteinbar Creatine Milky Road,1,0,stk.,Netto,https://static.tilbudsugen.dk/1st-retail/2026/12/64837/Netto112026-1_23_155x4638_3139x6674_zoom.jpg,2026-03-14,2026-03-20,https://res.cloudinary.com/dfqzmnlga/image/upload/v1773460156/2026-03-14/11003842.jpg,Proteinbar Creatine Milky Road,💪⚡ Milkshake that fuels your workouts and keeps you going strong! 🍦
11003908,14.0,Murph,Snacks/bar,Proteinbar Creatine Toffee & Caramel,1,0,stk.,Netto,https://static.tilbudsugen.dk/1st-retail/2026/12/64837/Netto112026-1_23_155x4638_3139x6674_zoom.jpg,2026-03-14,2026-03-20,https://res.cloudinary.com/dfqzmnlga/image/upload/v1773460157/2026-03-14/11003908.jpg,Proteinbar Creatine Toffee & Caramel,"Crunchy, sweet, and powerful—perfect for those who want to crush their goals! 🍫💪"
11003909,14.0,Murph,Snacks/bar,Proteinbar Creatine Cookies & Cream,1,0,stk.,Netto,https://static.tilbudsugen.dk/1st-retail/2026/12/64837/Netto112026-1_23_155x4638_3139x6674_zoom.jpg,2026-03-14,2026-03-20,https://res.cloudinary.com/dfqzmnlga/image/upload/v1773460157/2026-03-14/11003909.jpg,Proteinable Creatine Cookies & Cream,"✨ Crunchy, creamy, and super energizing—perfect for your next adventure! ✨"
11002945,10.0,Santa Maria,Krydderier,Paprika Smoked,1,0,gl.,Netto,https://static.tilbudsugen.dk/1st-retail/2026/12/64837/Netto112026-1_2_35x2390_2283x4680_zoom.jpg,2026-03-14,2026-03-20,https://res.cloudinary.com/dfqzmnlga/image/upload/v1773460158/2026-03-14/11002945.jpg,Paprika Smoked,"Smoky, spicy, and perfectly balanced—like the perfect love bite. 🌱✨"
11002952,10.0,Santa Maria,Krydderier,Paprika,1,0,gl.,Netto,https://static.tilbudsugen.dk/1st-retail/2026/12/64837/Netto112026-1_2_35x2390_2283x4680_zoom.jpg,2026-03-14,2026-03-20,https://res.cloudinary.com/dfqzmnlga/image/upload/v1773460158/2026-03-14/11002952.jpg,Paprika,🔥 Spice up your day with paprika! 🌟
11004108,15.0,Barebells,Snacks/bar,Chocolate Ball Proteinbar,1,0,stk.,Netto,https://static.tilbudsugen.dk/1st-retail/2026/12/64837/Netto112026-1_24_71x658_1619x2425_zoom.jpg,2026-03-14,2026-03-20,https://res.cloudinary.com/dfqzmnlga/image/upload/v1773460159/2026-03-14/11004108.jpg,Chocolate Ball Protein Bar,"✨ Chocolate Ball Protein Bar: Satisfy your cravings and fuel your day with a sweet, savory boost! 🌟"
11004109,15.0,Barebells,Snacks/bar,Caramel Choco Proteinbar,1,0,stk.,Netto,https://static.tilbudsugen.dk/1st-retail/2026/12/64837/Netto112026-1_24_71x658_1619x2425_zoom.jpg,2026-03-14,2026-03-20,https://res.cloudinary.com/dfqzmnlga/image/upload/v1773460159/2026-03-14/11004109.jpg,Caramel Choco Proteinbar,"✨ Crunchy, creamy, and supercharged with flavor — your energy boost, delivered in a bar. ✨"
11004112,15.0,Barebells,Snacks/bar,Marshmallow Proteinbar,1,0,stk.,Netto,https://static.tilbudsugen.dk/1st-retail/2026/12/64837/Netto112026-1_24_71x658_1619x2425_zoom.jpg,2026-03-14,2026-03-20,https://res.cloudinary.com/dfqzmnlga/image/upload/v1773460160/2026-03-14/11004112.jpg,Marshmallow Proteinbar,✨ Satisfy your sweet tooth with protein that's as fluffy as a marshmallow — and just as delicious! ✨
11003828,15.0,Barebells,Snacks/bar,Key Lime Pie Proteinbar,1,0,stk.,Netto,https://static.tilbudsugen.dk/1st-retail/2026/12/64837/Netto112026-1_24_71x658_1619x2425_zoom.jpg,2026-03-14,2026-03-20,https://res.cloudinary.com/dfqzmnlga/image/upload/v1773460160/2026-03-14/11003828.jpg,Key Lime Pie Proteinbar,"Sip, savor, and satisfy—your energy needs are met with a key lime pie twist! 🍨💪"
11004113,15.0,Barebells,Snacks/bar,Caramel Crunch Proteinbar,1,0,stk.,Netto,https://static.tilbudsugen.dk/1st-retail/2026/12/64837/Netto112026-1_24_71x658_1619x2425_zoom.jpg,2026-03-14,2026-03-20,https://res.cloudinary.com/dfqzmnlga/image/upload/v1773460161/2026-03-14/11004113.jpg,Caramel Crunch Proteinbar,"✨ Crunchy, creamy, and super satisfying — your energy boost, delivered in a bar. ✨"
11004110,15.0,Barebells,Snacks/bar,Banana Dream Proteinbar,1,0,stk.,Netto,https://static.tilbudsugen.dk/1st-retail/2026/12/64837/Netto112026-1_24_71x658_1619x2425_zoom.jpg,2026-03-14,2026-03-20,https://res.cloudinary.com/dfqzmnlga/image/upload/v1773460161/2026-03-14/11004110.jpg,Banana Dream Proteinbar,"Sip, snack, and dream—because every bite is a boost of energy and flavor. 🍌💪"
11004111,15.0,Barebells,Snacks/bar,Salty White Proteinbar,1,0,stk.,Netto,https://static.tilbudsugen.dk/1st-retail/2026/12/64837/Netto112026-1_24_71x658_1619x2425_zoom.jpg,2026-03-14,2026-03-20,https://res.cloudinary.com/dfqzmnlga/image/upload/v1773460161/2026-03-14/11004111.jpg,Salty White Protein Bar,"Crunchy, salty, and super satisfying — your energy boost on the go! 🍿💪"
11002950,10.0,Santa Maria,Krydderier,Gurkemeje,1,0,gl.,Netto,https://static.tilbudsugen.dk/1st-retail/2026/12/64837/Netto112026-1_2_35x2390_2283x4680_zoom.jpg,2026-03-14,2026-03-20,https://res.cloudinary.com/dfqzmnlga/image/upload/v1773460162/2026-03-14/11002950.jpg,Turmeric (curcuma),"Golden spice that turns mundane into magical, with a twist of warmth and spice—✨"
11002938,10.0,Santa Maria,Krydderier,Karry,1,0,gl.,Netto,https://static.tilbudsugen.dk/1st-retail/2026/12/64837/Netto112026-1_2_35x2390_2283x4680_zoom.jpg,2026-03-14,2026-03-20,https://res.cloudinary.com/dfqzmnlga/image/upload/v1773460163/2026-03-14/11002938.jpg,Curry,"Spicy, smoky, and soulful – curry makes every meal feel like a celebration! 🌶️"
11003843,59.0,Murph,Kosttilskud,Træningstilskud,1,0,stk.,Netto,https://static.tilbudsugen.dk/1st-retail/2026/12/64837/Netto112026-1_23_3195x4610_4793x6724_zoom.jpg,2026-03-14,2026-03-20,https://res.cloudinary.com/dfqzmnlga/image/upload/v1773460163/2026-03-14/11003843.jpg,Training grants,🚀 Boost your hustle with training grants — because every little bit counts! 🧠✨
10970426,59.0,,Garn,Garn,1,0,stk.,Netto,https://static.tilbudsugen.dk/1st-retail/2026/9/64663/Netto82026-1_37_39x2379_2203x4751_zoom.jpg,2026-02-21,2026-03-27,https://res.cloudinary.com/dfqzmnlga/image/upload/v1773460163/2026-03-14/10970426.jpg,Yarn,"✨ Weaving dreams into every stitch, one twist at a time. ✨"
10970442,30.0,,Garn,Garn,1,0,stk.,Netto,https://static.tilbudsugen.dk/1st-retail/2026/9/64663/Netto82026-1_39_7x20_4359x3578_zoom.jpg,2026-02-21,2026-03-27,https://res.cloudinary.com/dfqzmnlga/image/upload/v1773460164/2026-03-14/10970442.jpg,Yarn,"Weaving dreams into every stitch, 🧶"
11002943,10.0,Santa Maria,Krydderier,Spidskommen,1,0,gl.,Netto,https://static.tilbudsugen.dk/1st-retail/2026/12/64837/Netto112026-1_2_35x2390_2283x4680_zoom.jpg,2026-03-14,2026-03-20,https://res.cloudinary.com/dfqzmnlga/image/upload/v1773460164/2026-03-14/11002943.jpg,Chinese cabbages/pe-tsai/pe-tsai/pe-tsai/pe-tsai/pe-tsai/pe-tsai/pe-tsai,"Salty, sweet, and super versatile—pe-tsai is the star of the kitchen! 🌱"
11003618,65.0,Premieur,Røget og gravad,Laks,1,0,pk.,Netto,https://static.tilbudsugen.dk/1st-retail/2026/12/64837/Netto112026-1_16_3273x4776_4972x6908_zoom.jpg,2026-03-14,2026-03-20,https://res.cloudinary.com/dfqzmnlga/image/upload/v1773460165/2026-03-14/11003618.jpg,Salmon,"Sizzling with flavor, I'm the perfect partner for a quick, delicious meal. 🍣"
11002946,10.0,Santa Maria,Krydderier,Cayennepepper,1,0,gl.,Netto,https://static.tilbudsugen.dk/1st-retail/2026/12/64837/Netto112026-1_2_35x2390_2283x4680_zoom.jpg,2026-03-14,2026-03-20,https://res.cloudinary.com/dfqzmnlga/image/upload/v1773460166/2026-03-14/11002946.jpg,Cayenne pepper,"🔥 Spicy, sharp, and always ready to add a twist to your day!"
11004903,35.0,Yarn & Friends,Garn,Garn,1,0,stk.,Netto,https://static.tilbudsugen.dk/1st-retail/2026/12/64837/Netto112026-1_31_2456x4635_4770x6776_zoom.jpg,2026-03-14,2026-03-20,https://res.cloudinary.com/dfqzmnlga/image/upload/v1773460166/2026-03-14/11004903.jpg,Yarn,"✨ Weaving dreams into every stitch, one loop at a time. ✨"
10970427,35.0,,Garn,Garn,1,0,stk.,Netto,https://static.tilbudsugen.dk/1st-retail/2026/9/64663/Netto82026-1_38_2795x98_4998x2959_zoom.jpg,2026-02-21,2026-03-27,https://res.cloudinary.com/dfqzmnlga/image/upload/v1773460167/2026-03-14/10970427.jpg,Yarn,"Weave stories with every stitch—knit, crochet, or just talk. 🎨✨"
11002942,10.0,Santa Maria,Krydderier,Koriander stødt,1,0,gl.,Netto,https://static.tilbudsugen.dk/1st-retail/2026/12/64837/Netto112026-1_2_35x2390_2283x4680_zoom.jpg,2026-03-14,2026-03-20,https://res.cloudinary.com/dfqzmnlga/image/upload/v1773460167/2026-03-14/11002942.jpg,Coriander Bumped,"A spicy, zesty twist on tradition, with a dash of surprise — 🌿"
11002951,10.0,Santa Maria,Krydderier,Chili Red Hot Flakes,1,0,gl.,Netto,https://static.tilbudsugen.dk/1st-retail/2026/12/64837/Netto112026-1_2_35x2390_2283x4680_zoom.jpg,2026-03-14,2026-03-20,https://res.cloudinary.com/dfqzmnlga/image/upload/v1773460167/2026-03-14/11002951.jpg,Chili Red Hot Flakes,"🔥 Flaky, fiery, and ready to spice up your day!"
10970456,20.0,,Garn,Garn,1,0,stk.,Netto,https://static.tilbudsugen.dk/1st-retail/2026/9/64663/Netto82026-1_40_0x3415_2502x6602_zoom.jpg,2026-02-21,2026-03-27,https://res.cloudinary.com/dfqzmnlga/image/upload/v1773460168/2026-03-14/10970456.jpg,Yarn,"Yarn: Weaving dreams into fabric, one stitch at a time. 🌟"
11002949,10.0,Santa Maria,Krydderier,Rosmarin,1,0,gl.,Netto,https://static.tilbudsugen.dk/1st-retail/2026/12/64837/Netto112026-1_2_35x2390_2283x4680_zoom.jpg,2026-03-14,2026-03-20,https://res.cloudinary.com/dfqzmnlga/image/upload/v1773460168/2026-03-14/11002949.jpg,Rosemary,"✨ Smells like sunshine and summer, but I'm actually a tiny herb that makes your kitchen sing. 🌿"
10970434,25.0,,Garn,Garn,1,0,stk.,Netto,https://static.tilbudsugen.dk/1st-retail/2026/9/64663/Netto82026-1_39_143x4503_2561x6595_zoom.jpg,2026-02-21,2026-03-27,https://res.cloudinary.com/dfqzmnlga/image/upload/v1773460169/2026-03-14/10970434.jpg,Yarn,"Weaving dreams into fabric, one stitch at a time. 🎨✨"
11003656,10.0,Cup a Soup,Færdigretter,Italian Minestrone suppe,1,0,pk.,Netto,https://static.tilbudsugen.dk/1st-retail/2026/12/64837/Netto112026-1_20_1689x1061_3315x2892_zoom.jpg,2026-03-14,2026-03-20,https://res.cloudinary.com/dfqzmnlga/image/upload/v1773460169/2026-03-14/11003656.jpg,Italian Minestrone Soup,"A hearty bowl of comfort that brings the family together, 🌟"
11002977,59.0,Classic,Instant Kaffe,Instant Kaffe,1,0,gl.,Netto,https://static.tilbudsugen.dk/1st-retail/2026/12/64837/Netto112026-1_3_2411x3302_4927x6830_zoom.jpg,2026-03-14,2026-03-20,https://res.cloudinary.com/dfqzmnlga/image/upload/v1773460170/2026-03-14/11002977.jpg,Instant Coffee,☕️ Brew your day with a twist—every sip is a new adventure.
11002974,59.0,Koffeinfri,Instant Kaffe,Instant Kaffe,1,0,gl.,Netto,https://static.tilbudsugen.dk/1st-retail/2026/12/64837/Netto112026-1_3_2411x3302_4927x6830_zoom.jpg,2026-03-14,2026-03-20,https://res.cloudinary.com/dfqzmnlga/image/upload/v1773460171/2026-03-14/11002974.jpg,Instant Coffee,"☕ Brew the moment, taste the instant."
10970458,30.0,,Garn,Garn,1,0,stk.,Netto,https://static.tilbudsugen.dk/1st-retail/2026/9/64663/Netto82026-1_40_2691x137_4887x3421_zoom.jpg,2026-02-21,2026-03-27,https://res.cloudinary.com/dfqzmnlga/image/upload/v1773460171/2026-03-14/10970458.jpg,Yarn,"Yarn: Weave dreams into reality, one stitch at a time. 🌟"
10970429,30.0,,Garn,Garn,1,0,stk.,Netto,https://static.tilbudsugen.dk/1st-retail/2026/9/64663/Netto82026-1_38_2333x2991_4803x6530_zoom.jpg,2026-02-21,2026-03-27,https://res.cloudinary.com/dfqzmnlga/image/upload/v1773460172/2026-03-14/10970429.jpg,Yarn,Sew together your dreams with every stitch — and never stop knitting! 🎨✨
11002944,10.0,Santa Maria,Krydderier,Timian,1,0,gl.,Netto,https://static.tilbudsugen.dk/1st-retail/2026/12/64837/Netto112026-1_2_35x2390_2283x4680_zoom.jpg,2026-03-14,2026-03-20,https://res.cloudinary.com/dfqzmnlga/image/upload/v1773460172/2026-03-14/11002944.jpg,Thyme,"✨ Whispers of warmth, perfect for cozy nights and quiet moments. ✨"
10970457,69.0,,Garn,Garn,1,0,stk.,Netto,https://static.tilbudsugen.dk/1st-retail/2026/9/64663/Netto82026-1_40_215x267_2698x3434_zoom.jpg,2026-02-21,2026-03-27,https://res.cloudinary.com/dfqzmnlga/image/upload/v1773460173/2026-03-14/10970457.jpg,Yarn,"✨ Weaving dreams into every stitch, one loop at a time. 🧶"
11003655,10.0,Cup a Soup,Færdigretter,Hungarian Goulash suppe,1,0,pk.,Netto,https://static.tilbudsugen.dk/1st-retail/2026/12/64837/Netto112026-1_20_1689x1061_3315x2892_zoom.jpg,2026-03-14,2026-03-20,https://res.cloudinary.com/dfqzmnlga/image/upload/v1773460173/2026-03-14/11003655.jpg,Hungarian Goulash Soup,"Sizzling with flavor, my soup is a taste adventure that'll make your taste buds dance! 🍲"
11003654,10.0,Cup a Soup,Færdigretter,Aspargessuppe,1,0,pk.,Netto,https://static.tilbudsugen.dk/1st-retail/2026/12/64837/Netto112026-1_20_1689x1061_3315x2892_zoom.jpg,2026-03-14,2026-03-20,https://res.cloudinary.com/dfqzmnlga/image/upload/v1773460173/2026-03-14/11003654.jpg,Asparagus soup,"Sip on the freshest flavor with a side of surprise—Asparagus soup, ready to surprise. 🥦✨"
11003717,79.0,,Belysning udendørs,Solcellelampe,1,0,stk.,Netto,https://static.tilbudsugen.dk/1st-retail/2026/12/64837/Netto112026-1_26_177x3877_1771x6816_zoom.jpg,2026-03-14,2026-03-20,https://res.cloudinary.com/dfqzmnlga/image/upload/v1773460174/2026-03-14/11003717.jpg,Solar lamp,"✨ Solar lamp that lights up the night with a touch, without the hassle of wires! ✨"
11003740,139.0,,"Potter, skjulere m.m.",Havekrukker,1,0,stk.,Netto,https://static.tilbudsugen.dk/1st-retail/2026/12/64837/Netto112026-1_26_151x505_2630x3752_zoom.jpg,2026-03-14,2026-03-20,https://res.cloudinary.com/dfqzmnlga/image/upload/v1773460174/2026-03-14/11003740.jpg,Garden pots,"🌼 Grow your garden with me—roots deep, blooms bright! 🌱"
11003914,99.0,,Boligtekstiler,Puder,1,0,stk.,Netto,https://static.tilbudsugen.dk/1st-retail/2026/12/64837/Netto112026-1_27_308x4605_4801x6822_zoom.jpg,2026-03-14,2026-03-20,https://res.cloudinary.com/dfqzmnlga/image/upload/v1773460175/2026-03-14/11003914.jpg,Pillows,"Soft and cozy, I keep the room feeling like a dream — 🛌"
11004849,25.0,,Håraccessories,Hårelastikker,1,0,pk.,Netto,https://static.tilbudsugen.dk/1st-retail/2026/12/64837/Netto112026-1_29_2542x2525_4770x4587_zoom.jpg,2026-03-14,2026-03-20,https://res.cloudinary.com/dfqzmnlga/image/upload/v1773460175/2026-03-14/11004849.jpg,Hair Straighteners,"✨ Straighten your hair, smooth your days, and let your style shine! ✨"
11004886,149.0,,Påske,Påskepynt,1,0,stk.,Netto,https://static.tilbudsugen.dk/1st-retail/2026/12/64837/Netto112026-1_30_3188x45_4856x1927_zoom.jpg,2026-03-14,2026-03-20,https://res.cloudinary.com/dfqzmnlga/image/upload/v1773460176/2026-03-14/11004886.jpg,Easter ornaments,✨ Sparkle and cheer with a twist—Easter ornaments light up your season! 🎄
11004901,20.0,,Hobbyartikler,Hobbyartikler,1,0,stk.,Netto,https://static.tilbudsugen.dk/1st-retail/2026/12/64837/Netto112026-1_31_181x4674_2448x6776_zoom.jpg,2026-03-14,2026-03-20,https://res.cloudinary.com/dfqzmnlga/image/upload/v1773460176/2026-03-14/11004901.jpg,Hobby articles,"✨ Curator of curious, creative, and occasionally chaotic ideas. 🌟"
11004912,25.0,,"Skåle, fade og forme",Chokoladeform,1,0,stk.,Netto,https://static.tilbudsugen.dk/1st-retail/2026/12/64837/Netto112026-1_32_3156x2045_4856x3942_zoom.jpg,2026-03-14,2026-03-20,https://res.cloudinary.com/dfqzmnlga/image/upload/v1773460177/2026-03-14/11004912.jpg,Chocolate form,"✨ ChocoForm: Where sweet meets shape, and every bite tells a story. 🍫"
11003919,99.0,,Dametøj,Nederdel,1,0,stk.,Netto,https://static.tilbudsugen.dk/1st-retail/2026/12/64837/Netto112026-1_28_282x190_4775x6803_zoom.jpg,2026-03-14,2026-03-20,https://res.cloudinary.com/dfqzmnlga/image/upload/v1773460177/2026-03-14/11003919.jpg,Skirt,"A graceful, flexible companion that never folds, always stands tall—✨"
11003922,99.0,,Tasker,Taske,1,0,stk.,Netto,https://static.tilbudsugen.dk/1st-retail/2026/12/64837/Netto112026-1_29_2466x269_4775x2407_zoom.jpg,2026-03-14,2026-03-20,https://res.cloudinary.com/dfqzmnlga/image/upload/v1773460178/2026-03-14/11003922.jpg,Bag,✨ Carry your world in one goody bag! ✨
11004851,25.0,,Håraccessories,Hårbøjle,1,0,stk.,Netto,https://static.tilbudsugen.dk/1st-retail/2026/12/64837/Netto112026-1_29_2542x2525_4770x4587_zoom.jpg,2026-03-14,2026-03-20,https://res.cloudinary.com/dfqzmnlga/image/upload/v1773460178/2026-03-14/11004851.jpg,Hair clasps,"Twist my hair into a masterpiece, then hide it behind my ears—because I’m the ultimate hair clasp enthusiast! 🎒✨"
11004852,25.0,,Håraccessories,Hårpynt,1,0,stk.,Netto,https://static.tilbudsugen.dk/1st-retail/2026/12/64837/Netto112026-1_29_2542x2525_4770x4587_zoom.jpg,2026-03-14,2026-03-20,https://res.cloudinary.com/dfqzmnlga/image/upload/v1773460179/2026-03-14/11004852.jpg,Hair ornamentation,"✨ Hair glam, never forget your style! ✨"
11004862,59.0,,"Skåle, fade og forme",Skål,1,0,stk.,Netto,https://static.tilbudsugen.dk/1st-retail/2026/12/64837/Netto112026-1_30_173x541_1755x1935_zoom.jpg,2026-03-14,2026-03-20,https://res.cloudinary.com/dfqzmnlga/image/upload/v1773460179/2026-03-14/11004862.jpg,Cheers.,"""Cheers to life, love, and endless moments—because sometimes the best drinks are the ones that make you smile."" 🍻"
11004874,30.0,,Påske,Påskeæg,1,0,stk.,Netto,https://static.tilbudsugen.dk/1st-retail/2026/12/64837/Netto112026-1_30_3384x3548_4754x5233_zoom.jpg,2026-03-14,2026-03-20,https://res.cloudinary.com/dfqzmnlga/image/upload/v1773460180/2026-03-14/11004874.jpg,Easter eggs,✨ Secret hideaways where surprises wait to be found!
11004876,25.0,,Påske,Påskekurv,1,0,stk.,Netto,https://static.tilbudsugen.dk/1st-retail/2026/12/64837/Netto112026-1_30_267x4359_2023x6807_zoom.jpg,2026-03-14,2026-03-20,https://res.cloudinary.com/dfqzmnlga/image/upload/v1773460181/2026-03-14/11004876.jpg,Easter Basket,"🌸 Easter Basket: The perfect place to hide treats, secrets, and surprises! 🌟"
11004878,20.0,,Påske,Papæg,1,0,stk.,Netto,https://static.tilbudsugen.dk/1st-retail/2026/12/64837/Netto112026-1_30_267x4359_2023x6807_zoom.jpg,2026-03-14,2026-03-20,https://res.cloudinary.com/dfqzmnlga/image/upload/v1773460181/2026-03-14/11004878.jpg,Pape eggs,✨ Egg-shaped treats that burst with flavor and whimsy! 🥚
11004881,25.0,,Boligartikler,Lysestage,1,0,stk.,Netto,https://static.tilbudsugen.dk/1st-retail/2026/12/64837/Netto112026-1_30_1700x431_3164x1958_zoom.jpg,2026-03-14,2026-03-20,https://res.cloudinary.com/dfqzmnlga/image/upload/v1773460181/2026-03-14/11004881.jpg,Candlesticks,"✨ Sparkle with light, cast shadows, and keep the mood right. ✨"
11004896,40.0,,Syartikler,Hæklekit,1,0,pk.,Netto,https://static.tilbudsugen.dk/1st-retail/2026/12/64837/Netto112026-1_31_2495x321_4888x2509_zoom.jpg,2026-03-14,2026-03-20,https://res.cloudinary.com/dfqzmnlga/image/upload/v1773460182/2026-03-14/11004896.jpg,Crochet kit,"Crochet kit: Weave your dreams into wonder, one stitch at a time. 🌟"
11004899,20.0,,Hobbyartikler,Hobbyartikler,1,0,stk.,Netto,https://static.tilbudsugen.dk/1st-retail/2026/12/64837/Netto112026-1_31_244x2509_2479x4540_zoom.jpg,2026-03-14,2026-03-20,https://res.cloudinary.com/dfqzmnlga/image/upload/v1773460182/2026-03-14/11004899.jpg,Hobby articles,"✨ Curator of curious, creative, and chaotic ideas 🌟"
11004910,25.0,,"Skåle, fade og forme",Chokoladeform,1,0,stk.,Netto,https://static.tilbudsugen.dk/1st-retail/2026/12/64837/Netto112026-1_32_2692x3989_4730x6792_zoom.jpg,2026-03-14,2026-03-20,https://res.cloudinary.com/dfqzmnlga/image/upload/v1773460183/2026-03-14/11004910.jpg,Chocolate form,"✨ Chocolate form, sweet and soft, always in motion! 🍫"
11004913,25.0,,Køkkenredskaber,Chokoladeværktøj,1,0,stk.,Netto,https://static.tilbudsugen.dk/1st-retail/2026/12/64837/Netto112026-1_32_3117x101_4919x2068_zoom.jpg,2026-03-14,2026-03-20,https://res.cloudinary.com/dfqzmnlga/image/upload/v1773460183/2026-03-14/11004913.jpg,Chocolate Tool,✨ My favorite tool for making chocolate dreams come true! 🍫
11004920,59.0,,"Skåle, fade og forme",Bageform,1,0,stk.,Netto,https://static.tilbudsugen.dk/1st-retail/2026/12/64837/Netto112026-1_32_1220x3800_2605x5382_zoom.jpg,2026-03-14,2026-03-20,https://res.cloudinary.com/dfqzmnlga/image/upload/v1773460184/2026-03-14/11004920.jpg,Baking Shape,"Baking Shape, ready to melt into perfect desserts! 🍰"
11003910,199.0,,Belysning udendørs,Solcellelampe,1,0,stk.,Netto,https://static.tilbudsugen.dk/1st-retail/2026/12/64837/Netto112026-1_27_216x203_4840x2106_zoom.jpg,2026-03-14,2026-03-20,https://res.cloudinary.com/dfqzmnlga/image/upload/v1773460184/2026-03-14/11003910.jpg,Solar lamp,✨ Glow up your day with a solar lamp that lights the way without a plug! 🌞
11003912,149.0,,Boligartikler,Kurv,1,0,stk.,Netto,https://static.tilbudsugen.dk/1st-retail/2026/12/64837/Netto112026-1_27_216x2060_2486x4618_zoom.jpg,2026-03-14,2026-03-20,https://res.cloudinary.com/dfqzmnlga/image/upload/v1773460185/2026-03-14/11003912.jpg,Basket,"✨ Carry everything you need, one item at a time! ✨"
11003913,189.0,,Boligartikler,Kurv,1,0,stk.,Netto,https://static.tilbudsugen.dk/1st-retail/2026/12/64837/Netto112026-1_27_216x2060_2486x4618_zoom.jpg,2026-03-14,2026-03-20,https://res.cloudinary.com/dfqzmnlga/image/upload/v1773460185/2026-03-14/11003913.jpg,Basket,"✨ Carry the world in my hands, one item at a time. ✨"
11003915,129.0,,Boligtekstiler,Vattæppe,1,0,stk.,Netto,https://static.tilbudsugen.dk/1st-retail/2026/12/64837/Netto112026-1_27_308x4605_4801x6822_zoom.jpg,2026-03-14,2026-03-20,https://res.cloudinary.com/dfqzmnlga/image/upload/v1773460186/2026-03-14/11003915.jpg,"Flat-rolled products of iron or non-alloy steel, not clad, plated or coated, of a width of >= 600 mm, not clad, plated or coated","Iron roller, ready to roll out the good stuff! 🌟"
11003917,99.0,,Dametøj,Bukser,1,0,stk.,Netto,https://static.tilbudsugen.dk/1st-retail/2026/12/64837/Netto112026-1_28_282x190_4775x6803_zoom.jpg,2026-03-14,2026-03-20,https://res.cloudinary.com/dfqzmnlga/image/upload/v1773460186/2026-03-14/11003917.jpg,Trousers,"Dress to conquer, one pair at a time. 🌟"
11004116,10.0,Swiffer,Rengøringsartikler,Dusterkit,1,0,pk.,Netto,https://static.tilbudsugen.dk/1st-retail/2026/12/64837/Netto112026-1_24_1612x246_4806x2565_zoom.jpg,2026-03-14,2026-03-20,https://res.cloudinary.com/dfqzmnlga/image/upload/v1773460187/2026-03-14/11004116.jpg,Duster kit,"✨ Wipe away the mess, one spot at a time! ✨"
11004879,30.0,,Påske,Papæg,1,0,stk.,Netto,https://static.tilbudsugen.dk/1st-retail/2026/12/64837/Netto112026-1_30_267x4359_2023x6807_zoom.jpg,2026-03-14,2026-03-20,https://res.cloudinary.com/dfqzmnlga/image/upload/v1773460187/2026-03-14/11004879.jpg,Pape eggs,"✨ Crispy, golden, and full of life—Pape eggs are the ultimate snack that makes every day brighter! 🌟"
11004888,69.0,,Påske,Påskepynt,1,0,stk.,Netto,https://static.tilbudsugen.dk/1st-retail/2026/12/64837/Netto112026-1_30_2046x5146_4770x6855_zoom.jpg,2026-03-14,2026-03-20,https://res.cloudinary.com/dfqzmnlga/image/upload/v1773460188/2026-03-14/11004888.jpg,Easter ornaments,"✨ Sparkle with holiday cheer, one ornament at a time! ✨"
11004915,25.0,,"Skåle, fade og forme",Bageform,1,0,stk.,Netto,https://static.tilbudsugen.dk/1st-retail/2026/12/64837/Netto112026-1_32_212x644_3125x3895_zoom.jpg,2026-03-14,2026-03-20,https://res.cloudinary.com/dfqzmnlga/image/upload/v1773460188/2026-03-14/11004915.jpg,Baking Shape,"Baking Shape, ready to melt into delicious adventures! 🍰"
11004923,99.0,,Diverse elartikler,Neglefil,1,0,stk.,Netto,https://static.tilbudsugen.dk/1st-retail/2026/12/64837/Netto112026-1_33_2031x2525_4730x4430_zoom.jpg,2026-03-14,2026-03-20,https://res.cloudinary.com/dfqzmnlga/image/upload/v1773460189/2026-03-14/11004923.jpg,Nail File,"✨ Nail care expert | File, file, file your way to perfection! ✨"
11004924,99.0,,Pedicure/manicure,Neglestøvsuger,1,0,stk.,Netto,https://static.tilbudsugen.dk/1st-retail/2026/12/64837/Netto112026-1_33_2031x2525_4730x4430_zoom.jpg,2026-03-14,2026-03-20,https://res.cloudinary.com/dfqzmnlga/image/upload/v1773460189/2026-03-14/11004924.jpg,Nail vacuum cleaner,✨ Swipe left if you're not ready to be vacuumed by my nails!
11004925,99.0,,Pedicure/manicure,Neglelampe,1,0,stk.,Netto,https://static.tilbudsugen.dk/1st-retail/2026/12/64837/Netto112026-1_33_2031x2525_4730x4430_zoom.jpg,2026-03-14,2026-03-20,https://res.cloudinary.com/dfqzmnlga/image/upload/v1773460189/2026-03-14/11004925.jpg,Nail lamp,✨ Nail lamp that turns your hands into art! ✨
11003724,25.0,,Boligtekstiler,Hynde,1,0,stk.,Netto,https://static.tilbudsugen.dk/1st-retail/2026/12/64837/Netto112026-1_26_1850x3693_4886x5694_zoom.jpg,2026-03-14,2026-03-20,https://res.cloudinary.com/dfqzmnlga/image/upload/v1773460190/2026-03-14/11003724.jpg,Hynde,Hynde: 🌟 The flavor that turns everyday moments into unforgettable memories.
11003729,399.0,,Havemøbler,Cafébord,1,0,stk.,Netto,https://static.tilbudsugen.dk/1st-retail/2026/12/64837/Netto112026-1_26_2263x472_4768x3667_zoom.jpg,2026-03-14,2026-03-20,https://res.cloudinary.com/dfqzmnlga/image/upload/v1773460190/2026-03-14/11003729.jpg,Café table,☕️ A place where coffee meets chaos and conversations happen.
11003743,1491.0,,Diverse haveartikler,Havefigurer,1,0,stk.,Netto,https://static.tilbudsugen.dk/1st-retail/2026/12/64837/Netto112026-1_26_151x505_2630x3752_zoom.jpg,2026-03-14,2026-03-20,https://res.cloudinary.com/dfqzmnlga/image/upload/v1773460191/2026-03-14/11003743.jpg,Garden figures,"🌼 Botanical storyteller, bringing nature to life with every tiny detail."
10970430,35.0,,Service,Krus,1,0,stk.,Netto,https://static.tilbudsugen.dk/1st-retail/2026/9/64663/Netto82026-1_38_65x3643_2339x6602_zoom.jpg,2026-02-21,2026-03-27,https://res.cloudinary.com/dfqzmnlga/image/upload/v1773460191/2026-03-14/10970430.jpg,Mush,"Mush: the ultimate flavor booster, turning mundane into magical. 🍅"
11003719,79.0,,Belysning udendørs,Solcellelyskæde,1,0,stk.,Netto,https://static.tilbudsugen.dk/1st-retail/2026/12/64837/Netto112026-1_26_1830x5202_4729x6763_zoom.jpg,2026-03-14,2026-03-20,https://res.cloudinary.com/dfqzmnlga/image/upload/v1773460192/2026-03-14/11003719.jpg,Solar Light Chain,✨ Glow up your day with a little sunshine in your pocket! ✨
11003734,99.0,,"Potter, skjulere m.m.",Havekrukker,1,0,stk.,Netto,https://static.tilbudsugen.dk/1st-retail/2026/12/64837/Netto112026-1_26_151x505_2630x3752_zoom.jpg,2026-03-14,2026-03-20,https://res.cloudinary.com/dfqzmnlga/image/upload/v1773460192/2026-03-14/11003734.jpg,Garden pots,"🌼 Grow your garden with me — roots, blooms, and endless possibilities! 🌱"
11003921,40.0,,Dametøj,Top,1,0,stk.,Netto,https://static.tilbudsugen.dk/1st-retail/2026/12/64837/Netto112026-1_28_282x190_4775x6803_zoom.jpg,2026-03-14,2026-03-20,https://res.cloudinary.com/dfqzmnlga/image/upload/v1773460193/2026-03-14/11003921.jpg,Top,"Top of the line, always in the spotlight! 🌟"
11004894,40.0,,Hobbyartikler,Hobbyartikler,1,0,stk.,Netto,https://static.tilbudsugen.dk/1st-retail/2026/12/64837/Netto112026-1_31_236x187_2408x2494_zoom.jpg,2026-03-14,2026-03-20,https://res.cloudinary.com/dfqzmnlga/image/upload/v1773460193/2026-03-14/11004894.jpg,Hobby articles,"✨ Curator of curious, creative, and occasionally chaotic ideas. 🌟"
11004921,69.0,,"Skåle, fade og forme",Fad,1,0,stk.,Netto,https://static.tilbudsugen.dk/1st-retail/2026/12/64837/Netto112026-1_32_173x5304_2660x6847_zoom.jpg,2026-03-14,2026-03-20,https://res.cloudinary.com/dfqzmnlga/image/upload/v1773460194/2026-03-14/11004921.jpg,Fodder,Fed up with empty plates? I'm here to fill them up with fun and flavor! 🐄
11004922,99.0,,Service,Matcha te-sæt,1,0,pk.,Netto,https://static.tilbudsugen.dk/1st-retail/2026/12/64837/Netto112026-1_33_275x211_4825x2509_zoom.jpg,2026-03-14,2026-03-20,https://res.cloudinary.com/dfqzmnlga/image/upload/v1773460194/2026-03-14/11004922.jpg,Matcha tea set,"✨ Brew your day with a twist—matcha tea set, ready to elevate your vibe. ✨"
11004884,99.0,,Påske,Påskepynt,1,0,stk.,Netto,https://static.tilbudsugen.dk/1st-retail/2026/12/64837/Netto112026-1_30_3243x1998_4911x3501_zoom.jpg,2026-03-14,2026-03-20,https://res.cloudinary.com/dfqzmnlga/image/upload/v1773460194/2026-03-14/11004884.jpg,Easter ornaments,"✨ Sparkle with joy, light up the season with a touch of magic! ✨"
11004898,20.0,,Påske,Påskepynt,1,0,stk.,Netto,https://static.tilbudsugen.dk/1st-retail/2026/12/64837/Netto112026-1_31_2495x2564_4911x4524_zoom.jpg,2026-03-14,2026-03-20,https://res.cloudinary.com/dfqzmnlga/image/upload/v1773460195/2026-03-14/11004898.jpg,Easter ornaments,"✨ Sparkle with joy, light up the season with my glittery flair! ✨"
11004926,119.0,,"Skåle, fade og forme",Bakke,1,0,stk.,Netto,https://static.tilbudsugen.dk/1st-retail/2026/12/64837/Netto112026-1_33_2440x4430_4683x6799_zoom.jpg,2026-03-14,2026-03-20,https://res.cloudinary.com/dfqzmnlga/image/upload/v1773460195/2026-03-14/11004926.jpg,Tray,"Tray of wonder, serving up surprises with every scoop. 🍽️"
11003741,179.0,,"Potter, skjulere m.m.",Havekrukker,1,0,stk.,Netto,https://static.tilbudsugen.dk/1st-retail/2026/12/64837/Netto112026-1_26_151x505_2630x3752_zoom.jpg,2026-03-14,2026-03-20,https://res.cloudinary.com/dfqzmnlga/image/upload/v1773460196/2026-03-14/11003741.jpg,Garden pots,"🌸 Grow your garden with me—roots deep, blooms bright! 🌿"
11003911,149.0,,Pyntegenstande,Pyntegenstande,1,0,stk.,Netto,https://static.tilbudsugen.dk/1st-retail/2026/12/64837/Netto112026-1_27_2505x1837_4814x4585_zoom.jpg,2026-03-14,2026-03-20,https://res.cloudinary.com/dfqzmnlga/image/upload/v1773460197/2026-03-14/11003911.jpg,Articles of apparel and clothing accessories,Fashionista with a flair for the dramatic — because every stitch tells a story. 🎨
11003916,99.0,,Dametøj,T-shirt,1,0,stk.,Netto,https://static.tilbudsugen.dk/1st-retail/2026/12/64837/Netto112026-1_28_282x190_4775x6803_zoom.jpg,2026-03-14,2026-03-20,https://res.cloudinary.com/dfqzmnlga/image/upload/v1773460197/2026-03-14/11003916.jpg,T-shirt,✨ Style your day with a little flair—just like a T-shirt! ✨
10970436,60.0,,Diverse bøger,Hobbybøger,1,0,stk.,Netto,https://static.tilbudsugen.dk/1st-retail/2026/9/64663/Netto82026-1_39_2880x808_4952x4484_zoom.jpg,2026-02-21,2026-03-27,https://res.cloudinary.com/dfqzmnlga/image/upload/v1773460198/2026-03-14/10970436.jpg,Hobby Books,"📖 Love stories, adventure, and endless pages—just don't forget to read. 📚✨"
10970459,30.0,,Garn,Strikketilbehør,1,0,stk.,Netto,https://static.tilbudsugen.dk/1st-retail/2026/9/64663/Netto82026-1_40_2470x3441_4750x6530_zoom.jpg,2026-02-21,2026-03-27,https://res.cloudinary.com/dfqzmnlga/image/upload/v1773460198/2026-03-14/10970459.jpg,Knitting accessories,"Crafting cozy moments with every stitch, 🎨✨"
